iter,program_id,quota_id,not_filled,lower_cutoff,upper_cutoff
1,1,1,FALSE,1,19.5948
1,3,1,FALSE,1,26036.60312
1,4,1,FALSE,1,26038.25036
1,5,1,FALSE,1,10.42458
1,6,1,FALSE,1,1.3971
1,7,1,FALSE,1,26036.05659
1,8,1,FALSE,1,26027.3676
1,9,1,FALSE,1,10.24089
1,11,1,FALSE,1,19.47669
1,12,1,FALSE,1,27653.15833
1,13,1,FALSE,1,10.3688
1,14,1,FALSE,1,26018.29823
1,15,1,FALSE,1,28.258
1,17,1,FALSE,1,10.58824
1,18,1,FALSE,1,27737.50412
1,19,1,FALSE,1,26027.21594
1,20,1,FALSE,1,29255.47887
1,21,1,FALSE,1,26027.5361
1,22,1,FALSE,1,19.07887
1,23,1,FALSE,1,26045.64939
1,24,1,FALSE,1,29357.54093
1,25,1,FALSE,1,21.54099
1,26,1,FALSE,1,27735.62723
1,27,1,FALSE,1,41.24107
1,28,1,FALSE,1,26045.08433
1,29,1,FALSE,1,10.15716
1,30,1,FALSE,1,26045.42339
1,32,1,FALSE,1,1.55731
1,33,1,FALSE,1,26045.38128
1,34,1,FALSE,1,26027.58085
1,35,1,FALSE,1,26144.28645
1,36,1,FALSE,1,26036.49761
1,37,1,FALSE,1,26025.11491
1,39,1,FALSE,1,10.60861
1,40,1,FALSE,1,14.48721
1,42,1,FALSE,1,10.67186
1,43,1,FALSE,1,26054.19423
1,44,1,FALSE,1,19.2031
1,45,1,FALSE,1,26018.27168
1,46,1,FALSE,1,1.67687
1,47,1,FALSE,1,26038.16529
1,48,1,FALSE,1,28.53942
1,49,1,FALSE,1,40.36431
1,50,1,FALSE,1,19.12326
1,51,1,FALSE,1,10.48849
1,52,1,FALSE,1,26020.55254
1,53,1,FALSE,1,26045.26192
1,54,1,FALSE,1,10.07349
1,56,1,FALSE,1,40.37498
1,59,1,FALSE,1,48.25762
1,61,1,FALSE,1,26036.03781
1,62,1,FALSE,1,26045.42236
1,63,1,FALSE,1,26036.54113
1,64,1,FALSE,1,29359.52253
1,65,1,FALSE,1,26027.15263
1,67,1,FALSE,1,10.32805
1,68,1,FALSE,1,10.08497
1,69,1,FALSE,1,26054.41205
1,70,1,FALSE,1,26011.12639
1,71,1,FALSE,1,26011.50074
1,72,1,FALSE,1,26036.23526
1,73,1,FALSE,1,26036.27207
1,74,1,FALSE,1,26045.5876
1,75,1,FALSE,1,10.03182
1,76,1,FALSE,1,29483.1824
1,77,1,FALSE,1,26036.48097
1,79,1,FALSE,1,10.5128
1,80,1,FALSE,1,10.15241
1,81,1,FALSE,1,10.06891
1,82,1,FALSE,1,12.14477
1,83,1,FALSE,1,26011.38778
1,84,1,FALSE,1,6488.10062
1,85,1,FALSE,1,19.36843
1,86,1,FALSE,1,26011.49349
1,88,1,FALSE,1,26027.3479
1,89,1,FALSE,1,10.50442
1,90,1,FALSE,1,26054.63364
1,91,1,FALSE,1,26011.47229
1,92,1,FALSE,1,26025.0174
1,93,1,FALSE,1,10.08653
1,94,1,FALSE,1,26036.0753
1,95,1,FALSE,1,26045.60171
1,96,1,FALSE,1,26038.55672
1,97,1,FALSE,1,19.14816
1,98,1,FALSE,1,26027.58264
1,99,1,FALSE,1,26045.08789
1,100,1,FALSE,1,26018.25962
1,101,1,FALSE,1,19.14475
1,102,1,FALSE,1,26017.33184
1,103,1,FALSE,1,6488.57726
1,104,1,FALSE,1,26027.07051
1,105,1,FALSE,1,14.39431
1,106,1,FALSE,1,10.41092
1,107,1,FALSE,1,26018.0235
1,109,1,FALSE,1,19.58215
1,110,1,FALSE,1,26045.52432
1,112,1,FALSE,1,28.1663
1,113,1,FALSE,1,1.62981
1,114,1,FALSE,1,26045.58205
1,117,1,FALSE,1,10.33217
1,118,1,FALSE,1,26047.05103
1,119,1,FALSE,1,26038.58042
1,120,1,FALSE,1,26036.6032
1,121,1,FALSE,1,10.18247
1,122,1,FALSE,1,14.00687
1,123,1,FALSE,1,26054.56559
1,124,1,FALSE,1,26054.30868
1,125,1,FALSE,1,28.61555
1,126,1,FALSE,1,11.2058
1,128,1,FALSE,1,26036.47096
1,129,1,FALSE,1,10.2564
1,130,1,FALSE,1,26036.66986
1,131,1,FALSE,1,26027.47092
1,132,1,FALSE,1,26027.32839
1,133,1,FALSE,1,10.0577
1,134,1,FALSE,1,10.14219
1,135,1,FALSE,1,1.2134
1,136,1,FALSE,1,26045.38948
1,137,1,FALSE,1,40.17185
1,138,1,FALSE,1,19.25255
1,139,1,FALSE,1,26029.18418
1,140,1,FALSE,1,26108.3927
1,141,1,FALSE,1,26117.2613
1,143,1,TRUE,1,1
1,144,1,FALSE,1,22.34689
1,145,1,FALSE,1,26044.54638
1,148,1,FALSE,1,1.4212
1,149,1,FALSE,1,14.59114
1,150,1,FALSE,1,26036.19726
1,152,1,FALSE,1,28.01195
1,153,1,TRUE,1,1
1,154,1,FALSE,1,26054.57901
1,155,1,TRUE,1,1
1,156,1,TRUE,1,1
1,157,1,FALSE,1,26025.30946
1,158,1,TRUE,1,1
1,159,1,TRUE,1,1
1,160,1,TRUE,1,1
1,161,1,FALSE,1,26027.12744
1,162,1,FALSE,1,26020.49608
1,163,1,FALSE,1,26056.07722
1,164,1,FALSE,1,26027.19598
1,165,1,TRUE,1,1
1,166,1,FALSE,1,19484.1162
1,167,1,FALSE,1,22.3647
1,168,1,FALSE,1,19.23831
1,169,1,FALSE,1,1.5455
1,170,1,FALSE,1,26036.42523
1,172,1,FALSE,1,26029.19817
1,173,1,FALSE,1,1.31169
1,174,1,FALSE,1,10.08671
1,175,1,FALSE,1,26038.03158
1,176,1,FALSE,1,10.12227
1,177,1,FALSE,1,29375.63931
1,178,1,FALSE,1,29438.36045
1,179,1,FALSE,1,26038.43116
1,180,1,FALSE,1,10.6761
1,181,1,FALSE,1,26036.16474
1,183,1,FALSE,1,19.62551
1,184,1,FALSE,1,19.02313
1,185,1,FALSE,1,10.03415
1,186,1,FALSE,1,29368.37598
1,187,1,FALSE,1,26036.53774
1,188,1,FALSE,1,26126.23157
1,189,1,FALSE,1,10.44541
1,190,1,FALSE,1,10.05246
1,191,1,FALSE,1,26045.5324
1,192,1,FALSE,1,14.07924
1,193,1,FALSE,1,26027.55668
1,194,1,FALSE,1,26027.49319
1,195,1,FALSE,1,26027.16558
1,197,1,FALSE,1,26011.56614
1,198,1,FALSE,1,27737.45923
1,199,1,FALSE,1,26020.35224
1,200,1,FALSE,1,26018.02763
1,201,1,FALSE,1,26034.16459
1,202,1,FALSE,1,26036.41494
1,203,1,FALSE,1,5.12882
1,204,1,FALSE,1,10.06989
1,205,1,FALSE,1,10.27416
1,206,1,FALSE,1,26038.12578
1,207,1,FALSE,1,10.26557
1,208,1,FALSE,1,26011.46133
1,210,1,FALSE,1,26036.10949
1,211,1,FALSE,1,26027.35346
1,212,1,FALSE,1,1.23852
1,213,1,FALSE,1,1.49524
1,214,1,FALSE,1,10.02904
1,215,1,FALSE,1,26038.30878
1,216,1,FALSE,1,10.17501
1,217,1,FALSE,1,10.50525
1,218,1,FALSE,1,1.52478
1,219,1,FALSE,1,26054.48237
1,220,1,FALSE,1,26020.65814
1,221,1,FALSE,1,26027.56426
1,222,1,FALSE,1,26027.39537
1,223,1,FALSE,1,1.46013
1,224,1,FALSE,1,10.14541
1,225,1,FALSE,1,26027.40381
1,226,1,FALSE,1,6488.38623
1,227,1,FALSE,1,26036.47586
1,228,1,FALSE,1,1.11894
1,229,1,FALSE,1,10.42662
1,231,1,FALSE,1,26018.21604
1,232,1,FALSE,1,26027.60718
1,233,1,FALSE,1,19.13053
1,234,1,FALSE,1,10.00087
1,235,1,FALSE,1,26036.65228
1,236,1,FALSE,1,31177.01139
1,237,1,FALSE,1,26117.16353
1,238,1,FALSE,1,10.01794
1,240,1,FALSE,1,26034.64712
1,241,1,FALSE,1,1.46152
1,243,1,FALSE,1,26018.54266
1,244,1,FALSE,1,29260.2174
1,245,1,FALSE,1,10.51149
1,246,1,FALSE,1,26036.5895
1,247,1,FALSE,1,10.52495
1,248,1,FALSE,1,26036.17629
1,249,1,FALSE,1,26036.38684
1,250,1,FALSE,1,26126.48324
1,251,1,FALSE,1,10.2495
1,252,1,FALSE,1,26027.19088
1,253,1,FALSE,1,26036.1472
1,254,1,FALSE,1,26045.63588
1,255,1,FALSE,1,5.21294
1,256,1,FALSE,1,10.0233
1,258,1,FALSE,1,10.00678
1,259,1,FALSE,1,26027.06882
1,260,1,FALSE,1,26016.18981
1,261,1,FALSE,1,10.54915
1,263,1,FALSE,1,10.66369
1,264,1,FALSE,1,1.46785
1,267,1,FALSE,1,26054.07649
1,268,1,FALSE,1,26027.3037
1,270,1,FALSE,1,26045.37712
1,271,1,FALSE,1,26047.10878
1,272,1,FALSE,1,26036.38578
1,273,1,FALSE,1,1.18581
1,274,1,FALSE,1,46.54664
1,275,1,FALSE,1,27737.26496
1,276,1,FALSE,1,6488.13758
1,277,1,FALSE,1,26036.11997
1,279,1,FALSE,1,26020.66183
1,280,1,FALSE,1,23.66998
1,281,1,FALSE,1,26053.15694
1,283,1,FALSE,1,30.11343
1,284,1,FALSE,1,46.05507
1,285,1,FALSE,1,1.01225
1,287,1,FALSE,1,26027.0852
1,296,1,FALSE,1,10.17683
1,298,1,FALSE,1,26036.54108
1,300,1,FALSE,1,1.38977
1,321,1,FALSE,1,26027.44417
1,322,1,FALSE,1,26036.24819
1,323,1,FALSE,1,10.44611
1,324,1,FALSE,1,1.23846
1,325,1,FALSE,1,26020.18217
1,326,1,FALSE,1,26038.48228
1,327,1,FALSE,1,26026.61233
1,328,1,FALSE,1,14.61064
1,329,1,FALSE,1,19.49278
1,330,1,FALSE,1,19.14718
1,331,1,FALSE,1,26029.61385
1,332,1,FALSE,1,26038.30095
1,333,1,FALSE,1,26036.63342
1,335,1,TRUE,1,1
1,336,1,FALSE,1,10.01345
1,337,1,FALSE,1,10.36404
1,338,1,FALSE,1,26027.49649
1,339,1,FALSE,1,1.10537
1,340,1,FALSE,1,26011.44
1,341,1,FALSE,1,30.35271
1,342,1,FALSE,1,10.0675
1,343,1,FALSE,1,26018.19811
1,344,1,FALSE,1,31.20869
1,345,1,FALSE,1,13.20606
1,346,1,FALSE,1,10.64573
1,347,1,FALSE,1,10.54831
1,348,1,FALSE,1,19475.02659
1,349,1,TRUE,1,1
1,350,1,FALSE,1,26029.223
1,351,1,FALSE,1,6488.16952
1,352,1,FALSE,1,26018.01257
1,353,1,FALSE,1,26027.24551
1,354,1,FALSE,1,1.56451
1,355,1,FALSE,1,26054.64813
1,356,1,TRUE,1,1
1,357,1,TRUE,1,1
1,358,1,FALSE,1,10.23787
1,361,1,FALSE,1,1.64126
1,362,1,FALSE,1,12.2019
1,364,1,FALSE,1,26054.33675
1,365,1,FALSE,1,19.5819
1,366,1,FALSE,1,26018.05541
1,367,1,FALSE,1,10.41813
1,368,1,FALSE,1,26054.63037
1,370,1,FALSE,1,19.52501
1,371,1,FALSE,1,19.21204
1,372,1,FALSE,1,26036.61851
1,375,1,FALSE,1,13.04126
1,376,1,FALSE,1,40.25253
1,377,1,FALSE,1,19.60463
1,378,1,FALSE,1,26035.22243
1,379,1,FALSE,1,26054.34107
1,380,1,FALSE,1,26018.43583
1,381,1,FALSE,1,10.14127
1,382,1,FALSE,1,26020.58566
1,383,1,FALSE,1,26027.24046
1,384,1,FALSE,1,26027.08257
1,385,1,FALSE,1,26027.60713
1,386,1,FALSE,1,19.01378
1,387,1,FALSE,1,26017.57695
1,388,1,FALSE,1,19.21559
1,389,1,FALSE,1,19466.28659
1,390,1,FALSE,1,26027.12729
1,391,1,FALSE,1,22.65731
1,392,1,FALSE,1,26035.12174
1,393,1,FALSE,1,19.14431
1,394,1,FALSE,1,1.15601
1,395,1,FALSE,1,26036.55925
1,396,1,FALSE,1,19.61527
1,397,1,FALSE,1,22.0261
1,398,1,FALSE,1,13.41594
1,399,1,FALSE,1,19.49284
1,400,1,FALSE,1,26018.04261
1,401,1,FALSE,1,26025.02272
1,402,1,FALSE,1,10.44407
1,403,1,FALSE,1,26027.39472
1,404,1,FALSE,1,13.50564
1,405,1,FALSE,1,26034.37166
1,406,1,FALSE,1,26045.16968
1,407,1,FALSE,1,6488.24682
1,408,1,FALSE,1,26036.34429
1,409,1,FALSE,1,26027.40802
1,410,1,FALSE,1,26018.19857
1,411,1,FALSE,1,26063.64314
1,412,1,FALSE,1,10.22076
1,413,1,FALSE,1,21.2824
1,414,1,TRUE,1,1
1,415,1,FALSE,1,28.45607
1,416,1,FALSE,1,26117.02295
1,417,1,FALSE,1,26045.08164
1,419,1,FALSE,1,26025.21336
1,421,1,FALSE,1,26027.00129
1,422,1,FALSE,1,26045.46553
1,423,1,FALSE,1,10.62179
1,424,1,FALSE,1,19484.34395
1,425,1,FALSE,1,26036.15529
1,426,1,FALSE,1,14.60816
1,427,1,FALSE,1,10.43671
1,430,1,FALSE,1,19.42498
1,431,1,FALSE,1,26044.08529
1,432,1,FALSE,1,19457.50079
1,433,1,TRUE,1,1
1,434,1,FALSE,1,26020.17347
1,435,1,FALSE,1,10.44011
1,436,1,FALSE,1,26036.56389
1,437,1,FALSE,1,32.37437
1,438,1,FALSE,1,14.56817
1,439,1,FALSE,1,26036.27392
1,440,1,FALSE,1,26027.08019
1,441,1,FALSE,1,26018.01702
1,442,1,FALSE,1,26027.06069
1,443,1,TRUE,1,1
1,444,1,FALSE,1,10.04991
1,445,1,TRUE,1,1
1,446,1,TRUE,1,1
1,447,1,FALSE,1,1.24528
1,448,1,TRUE,1,1
1,449,1,FALSE,1,21.27816
1,450,1,TRUE,1,1
1,451,1,TRUE,1,1
1,452,1,FALSE,1,26018.355
1,453,1,FALSE,1,26038.47703
1,454,1,FALSE,1,10.27348
1,455,1,FALSE,1,19.58569
1,456,1,FALSE,1,26036.43911
1,457,1,FALSE,1,3.02827
1,458,1,TRUE,1,1
1,459,1,TRUE,1,1
1,460,1,FALSE,1,26045.24379
1,461,1,FALSE,1,26117.57985
1,462,1,FALSE,1,21.07396
1,463,1,FALSE,1,26020.56449
1,464,1,TRUE,1,1
1,465,1,FALSE,1,19.03108
1,466,1,TRUE,1,1
1,467,1,FALSE,1,37.10369
1,468,1,FALSE,1,26027.153
1,469,1,TRUE,1,1
1,470,1,TRUE,1,1
1,471,1,TRUE,1,1
1,472,1,FALSE,1,26036.23075
1,473,1,TRUE,1,1
1,474,1,TRUE,1,1
1,475,1,TRUE,1,1
1,476,1,TRUE,1,1
1,477,1,FALSE,1,28.39456
1,478,1,FALSE,1,26017.37085
1,480,1,FALSE,1,26026.65405
1,481,1,FALSE,1,13.22825
1,482,1,FALSE,1,26027.62035
1,483,1,FALSE,1,26018.12498
1,484,1,FALSE,1,26036.24353
1,485,1,FALSE,1,26018.58169
1,486,1,FALSE,1,10.1463
1,487,1,FALSE,1,13.49176
1,488,1,FALSE,1,28.13333
1,489,1,FALSE,1,1.20894
1,490,1,FALSE,1,13.67176
1,491,1,FALSE,1,22.09908
1,492,1,FALSE,1,1.65909
1,493,1,FALSE,1,1.05512
1,494,1,FALSE,1,1.63793
1,495,1,FALSE,1,26036.11618
1,496,1,FALSE,1,26036.50581
1,497,1,FALSE,1,26029.47962
1,498,1,FALSE,1,26045.19483
1,499,1,FALSE,1,27652.64493
1,500,1,FALSE,1,26018.51555
1,501,1,FALSE,1,26027.53102
1,502,1,FALSE,1,26018.43878
1,503,1,TRUE,1,1
1,504,1,FALSE,1,23.16971
1,505,1,FALSE,1,26036.28723
1,506,1,TRUE,1,1
1,507,1,FALSE,1,1.21011
1,508,1,FALSE,1,12.11082
1,509,1,FALSE,1,10.45232
1,510,1,FALSE,1,26011.05129
1,511,1,FALSE,1,26018.27363
1,512,1,FALSE,1,12.64395
1,513,1,TRUE,1,1
1,514,1,FALSE,1,31.64511
1,515,1,FALSE,1,31.58729
1,516,1,FALSE,1,30.08406
1,517,1,TRUE,1,1
1,518,1,TRUE,1,1
1,519,1,TRUE,1,1
1,520,1,FALSE,1,10.25319
1,521,1,TRUE,1,1
1,522,1,FALSE,1,26018.24939
1,523,1,FALSE,1,10.18937
1,524,1,FALSE,1,10.47454
1,525,1,TRUE,1,1
1,526,1,FALSE,1,13.53788
1,527,1,TRUE,1,1
1,528,1,TRUE,1,1
1,529,1,FALSE,1,26018.55248
1,530,1,TRUE,1,1
1,531,1,FALSE,1,26027.0674
1,532,1,FALSE,1,1.01124
1,533,1,FALSE,1,26027.15868
1,534,1,FALSE,1,19457.02289
1,535,1,TRUE,1,1
1,536,1,FALSE,1,22.52096
1,537,1,TRUE,1,1
1,538,1,TRUE,1,1
1,539,1,FALSE,1,26018.55054
1,540,1,TRUE,1,1
1,541,1,TRUE,1,1
1,542,1,FALSE,1,10.15054
1,543,1,FALSE,1,1.35044
1,544,1,FALSE,1,19.59193
1,546,1,FALSE,1,26020.55503
1,547,1,FALSE,1,4.45991
1,548,1,FALSE,1,6488.44971
1,549,1,FALSE,1,26018.59996
1,550,1,FALSE,1,10.40774
1,551,1,FALSE,1,22.63281
1,552,1,FALSE,1,1.14327
1,553,1,FALSE,1,26053.05685
1,554,1,FALSE,1,27660.4305
1,555,1,FALSE,1,26027.30555
1,556,1,FALSE,1,12.23249
1,557,1,FALSE,1,10.21716
1,558,1,FALSE,1,1.37436
1,559,1,FALSE,1,26036.07555
1,560,1,TRUE,1,1
1,561,1,FALSE,1,19.15278
1,562,1,FALSE,1,26018.21482
1,563,1,FALSE,1,10.45903
1,564,1,FALSE,1,19.3968
1,565,1,FALSE,1,10.15261
1,566,1,FALSE,1,14.43415
1,567,1,FALSE,1,26018.41111
1,568,1,FALSE,1,10.58083
1,569,1,FALSE,1,19.54236
1,570,1,FALSE,1,26027.19446
1,571,1,FALSE,1,26018.38442
1,572,1,TRUE,1,1
1,573,1,TRUE,1,1
1,574,1,FALSE,1,19.01129
1,575,1,FALSE,1,26020.40076
1,576,1,FALSE,1,1.11107
1,577,1,FALSE,1,26018.12043
1,578,1,FALSE,1,10.00482
1,579,1,TRUE,1,1
1,580,1,FALSE,1,26018.32191
1,581,1,FALSE,1,1.07232
1,582,1,FALSE,1,27827.12632
1,583,1,FALSE,1,3.28531
1,584,1,FALSE,1,27755.54045
1,585,1,FALSE,1,14.19334
1,587,1,TRUE,1,1
1,588,1,TRUE,1,1
1,589,1,TRUE,1,1
1,590,1,FALSE,1,1.1695
1,591,1,TRUE,1,1
1,592,1,FALSE,1,23.29064
1,593,1,FALSE,1,26018.08808
1,594,1,TRUE,1,1
1,595,1,FALSE,1,10.55225
1,596,1,TRUE,1,1
1,597,1,FALSE,1,26018.11371
1,598,1,FALSE,1,26027.02764
1,599,1,FALSE,1,26045.37402
1,600,1,FALSE,1,13.60353
1,601,1,FALSE,1,26045.46825
1,602,1,FALSE,1,26027.20414
1,603,1,FALSE,1,26027.09054
1,604,1,FALSE,1,26027.04785
1,605,1,FALSE,1,26020.13126
1,606,1,FALSE,1,4.34315
1,607,1,FALSE,1,1.32183
1,608,1,FALSE,1,10.64704
1,609,1,FALSE,1,26016.03368
1,610,1,FALSE,1,10.13251
1,611,1,FALSE,1,26036.36145
1,612,1,FALSE,1,26027.30686
1,613,1,FALSE,1,26036.52935
1,614,1,FALSE,1,3.64896
1,615,1,FALSE,1,26011.17329
1,616,1,FALSE,1,10.21722
1,617,1,FALSE,1,14.11341
1,618,1,FALSE,1,26016.31622
1,619,1,FALSE,1,1.02114
1,620,1,FALSE,1,26045.53667
1,621,1,FALSE,1,12.2854
1,622,1,FALSE,1,6488.26862
1,623,1,FALSE,1,10.5491
1,624,1,FALSE,1,26017.30738
1,626,1,FALSE,1,26038.2945
1,627,1,FALSE,1,12.46362
1,629,1,FALSE,1,14.31063
1,630,1,FALSE,1,26018.50447
1,631,1,FALSE,1,26018.23462
1,632,1,FALSE,1,10.09134
1,633,1,FALSE,1,26025.15784
1,634,1,FALSE,1,26044.4903
1,636,1,FALSE,1,10.58019
1,637,1,FALSE,1,1.42179
1,638,1,FALSE,1,26027.30958
1,640,1,FALSE,1,3.59961
1,641,1,FALSE,1,10.30628
1,643,1,FALSE,1,22.12886
1,644,1,FALSE,1,3.09162
1,645,1,FALSE,1,26027.27865
1,646,1,FALSE,1,26018.11724
1,647,1,FALSE,1,27658.41479
1,648,1,FALSE,1,1.52649
1,649,1,FALSE,1,26045.46932
1,651,1,FALSE,1,22.60162
1,652,1,FALSE,1,10.00919
1,653,1,FALSE,1,19.37902
1,654,1,FALSE,1,26036.60876
1,655,1,FALSE,1,26133.43119
1,656,1,FALSE,1,26043.63443
1,657,1,TRUE,1,1
1,658,1,FALSE,1,26026.51015
1,659,1,FALSE,1,12.22841
1,660,1,FALSE,1,26027.43771
1,661,1,FALSE,1,10.07592
1,662,1,FALSE,1,26027.30658
1,663,1,FALSE,1,1.10788
1,664,1,FALSE,1,29438.13276
1,665,1,FALSE,1,26036.60185
1,666,1,FALSE,1,26045.12181
1,667,1,FALSE,1,21.12212
1,668,1,FALSE,1,1.50751
1,669,1,FALSE,1,10.49454
1,670,1,FALSE,1,26036.32436
1,671,1,FALSE,1,19.51105
1,672,1,FALSE,1,19484.03154
1,673,1,FALSE,1,10.21318
1,674,1,FALSE,1,26027.12725
1,675,1,TRUE,1,1
1,676,1,FALSE,1,26027.07016
1,677,1,FALSE,1,10.61571
1,678,1,FALSE,1,26027.21834
1,679,1,FALSE,1,13.46436
1,680,1,FALSE,1,10.30535
1,681,1,FALSE,1,26043.43677
1,682,1,FALSE,1,19.65962
1,683,1,FALSE,1,26044.50509
1,684,1,FALSE,1,10.49081
1,685,1,FALSE,1,10.59457
1,686,1,FALSE,1,41.60075
1,687,1,FALSE,1,19.61174
1,688,1,FALSE,1,6488.07015
1,689,1,TRUE,1,1
1,690,1,FALSE,1,19.12871
1,691,1,FALSE,1,26045.2576
1,692,1,FALSE,1,30.08412
1,693,1,FALSE,1,26011.46091
1,694,1,FALSE,1,1.54668
1,695,1,FALSE,1,4.39024
1,696,1,FALSE,1,26927.60572
1,697,1,FALSE,1,10.31421
1,698,1,FALSE,1,10.32202
1,699,1,FALSE,1,28.36154
1,700,1,FALSE,1,1.55631
1,701,1,FALSE,1,27746.6661
1,702,1,FALSE,1,1.08357
1,703,1,FALSE,1,27676.63496
1,704,1,TRUE,1,1
1,705,1,FALSE,1,26029.51697
1,706,1,FALSE,1,26036.43484
1,707,1,FALSE,1,26018.28832
1,708,1,TRUE,1,1
1,709,1,FALSE,1,26018.47449
1,710,1,FALSE,1,10.37845
1,711,1,FALSE,1,19.09695
1,712,1,FALSE,1,26018.07832
1,713,1,FALSE,1,26018.24735
1,714,1,FALSE,1,14.35166
1,715,1,TRUE,1,1
1,716,1,FALSE,1,1.38072
1,717,1,TRUE,1,1
1,718,1,FALSE,1,28.37251
1,719,1,FALSE,1,26020.11303
1,720,1,FALSE,1,10.3136
1,721,1,FALSE,1,26027.44415
1,722,1,FALSE,1,26027.28245
1,723,1,FALSE,1,26036.03895
1,724,1,FALSE,1,26045.52919
1,725,1,FALSE,1,10.1639
1,726,1,FALSE,1,26018.02752
1,728,1,FALSE,1,26027.15229
1,729,1,FALSE,1,10.50019
1,730,1,FALSE,1,22.38309
1,731,1,FALSE,1,26027.27468
1,732,1,FALSE,1,10.26442
1,733,1,FALSE,1,10.21449
1,734,1,FALSE,1,23.64371
1,737,1,FALSE,1,10.27547
1,738,1,FALSE,1,10.02541
1,739,1,FALSE,1,26036.3368
1,740,1,FALSE,1,26052.28963
1,742,1,FALSE,1,26045.31599
1,743,1,FALSE,1,10.41326
1,744,1,FALSE,1,26027.26996
1,745,1,FALSE,1,10.52384
1,747,1,FALSE,1,26027.39358
1,748,1,FALSE,1,26044.23563
1,749,1,FALSE,1,10.05724
1,750,1,FALSE,1,26054.56875
1,751,1,FALSE,1,26043.58273
1,752,1,FALSE,1,19466.54759
1,753,1,TRUE,1,1
1,754,1,FALSE,1,26018.61529
1,755,1,FALSE,1,10.58924
1,756,1,FALSE,1,26027.22338
1,757,1,FALSE,1,10.4306
1,758,1,FALSE,1,19.56272
1,759,1,FALSE,1,26018.12571
1,760,1,TRUE,1,1
1,761,1,TRUE,1,1
1,762,1,FALSE,1,19.40485
1,763,1,FALSE,1,19.01901
1,764,1,FALSE,1,26018.24815
1,765,1,FALSE,1,27737.60195
1,766,1,FALSE,1,6488.06025
1,767,1,TRUE,1,1
1,768,1,FALSE,1,26027.12577
1,769,1,FALSE,1,26036.16054
1,770,1,FALSE,1,26018.50316
1,771,1,FALSE,1,1.52194
1,772,1,TRUE,1,1
1,773,1,FALSE,1,26027.21515
1,774,1,TRUE,1,1
1,775,1,FALSE,1,26027.1559
1,776,1,FALSE,1,26027.43474
1,777,1,TRUE,1,1
1,778,1,FALSE,1,26017.08064
1,779,1,TRUE,1,1
1,780,1,FALSE,1,26027.31445
1,781,1,FALSE,1,26027.3594
1,782,1,FALSE,1,26027.1843
1,783,1,TRUE,1,1
1,784,1,FALSE,1,26018.25939
1,785,1,FALSE,1,14.36672
1,786,1,TRUE,1,1
1,787,1,FALSE,1,26036.27754
1,788,1,TRUE,1,1
1,789,1,FALSE,1,26018.29645
1,790,1,FALSE,1,27737.37151
1,791,1,FALSE,1,5.05254
1,792,1,FALSE,1,26036.34623
1,793,1,FALSE,1,26035.46991
1,794,1,FALSE,1,26117.15481
1,795,1,FALSE,1,26027.38651
1,796,1,TRUE,1,1
1,797,1,TRUE,1,1
1,798,1,FALSE,1,10.35834
1,799,1,FALSE,1,10.03534
1,800,1,FALSE,1,26110.64094
1,801,1,FALSE,1,26011.53758
1,802,1,FALSE,1,26018.0457
1,803,1,FALSE,1,1.24736
1,804,1,FALSE,1,26027.07315
1,805,1,FALSE,1,26018.44422
1,806,1,FALSE,1,26018.06911
1,807,1,FALSE,1,26016.10265
1,808,1,FALSE,1,22.54154
1,810,1,FALSE,1,4.64549
1,811,1,FALSE,1,13.0226
1,812,1,FALSE,1,3.48089
1,813,1,TRUE,1,1
1,814,1,FALSE,1,10.07346
1,815,1,FALSE,1,10.45221
1,816,1,FALSE,1,27638.26279
1,817,1,FALSE,1,26027.47466
1,818,1,TRUE,1,1
1,819,1,FALSE,1,26036.33621
1,820,1,FALSE,1,26018.5822
1,821,1,FALSE,1,26018.03107
1,822,1,FALSE,1,14.4478
1,823,1,TRUE,1,1
1,824,1,FALSE,1,12.15587
1,825,1,TRUE,1,1
1,826,1,TRUE,1,1
1,827,1,FALSE,1,26018.1705
1,828,1,FALSE,1,26017.01611
1,829,1,FALSE,1,19.42159
1,830,1,FALSE,1,26035.25322
1,831,1,TRUE,1,1
1,832,1,FALSE,1,14.65373
1,833,1,FALSE,1,10.22861
1,834,1,FALSE,1,26018.36303
1,835,1,TRUE,1,1
1,836,1,FALSE,1,13.31842
1,837,1,FALSE,1,21.4784
1,838,1,FALSE,1,26018.31271
1,839,1,TRUE,1,1
1,840,1,TRUE,1,1
1,842,1,FALSE,1,26027.31226
1,843,1,TRUE,1,1
1,844,1,FALSE,1,12.16946
1,845,1,FALSE,1,26036.24966
1,846,1,FALSE,1,26045.52175
1,848,1,FALSE,1,26027.3384
1,849,1,TRUE,1,1
1,850,1,FALSE,1,26027.19381
1,851,1,TRUE,1,1
1,852,1,FALSE,1,14.02584
1,853,1,FALSE,1,10.18401
1,854,1,TRUE,1,1
1,855,1,FALSE,1,26108.0216
1,856,1,FALSE,1,19.41175
1,857,1,FALSE,1,26018.5906
1,858,1,FALSE,1,26036.31656
1,859,1,FALSE,1,26026.03048
1,860,1,FALSE,1,10.51263
1,862,1,FALSE,1,26027.1853
1,863,1,FALSE,1,28.40099
1,865,1,FALSE,1,26027.27474
1,866,1,TRUE,1,1
1,867,1,FALSE,1,26045.19989
1,868,1,FALSE,1,1.18525
1,869,1,FALSE,1,10.55327
1,870,1,FALSE,1,22.53692
1,871,1,TRUE,1,1
1,872,1,FALSE,1,26027.00867
1,873,1,FALSE,1,1.16807
1,875,1,FALSE,1,22.06574
1,876,1,FALSE,1,26018.03139
1,877,1,FALSE,1,26018.00818
1,878,1,FALSE,1,12.41399
1,879,1,FALSE,1,26027.30743
1,880,1,TRUE,1,1
1,881,1,FALSE,1,1.01537
1,882,1,TRUE,1,1
1,883,1,FALSE,1,26027.28565
1,884,1,TRUE,1,1
1,885,1,FALSE,1,26018.07657
1,886,1,FALSE,1,19.21091
1,887,1,TRUE,1,1
1,888,1,FALSE,1,26027.51918
1,889,1,TRUE,1,1
1,890,1,FALSE,1,26018.21107
1,891,1,FALSE,1,10.19445
1,892,1,TRUE,1,1
1,893,1,FALSE,1,6488.48164
1,894,1,FALSE,1,10.19085
1,895,1,FALSE,1,12.41138
1,896,1,FALSE,1,10.41497
1,897,1,FALSE,1,26036.55978
1,898,1,FALSE,1,19.53042
1,899,1,FALSE,1,26027.07071
1,900,1,FALSE,1,19.14513
1,901,1,FALSE,1,26027.16061
1,902,1,FALSE,1,26027.03573
1,903,1,TRUE,1,1
1,904,1,FALSE,1,26018.62055
1,905,1,FALSE,1,26018.17386
1,907,1,FALSE,1,10.30399
1,908,1,FALSE,1,26027.61589
1,909,1,FALSE,1,26036.19709
1,910,1,FALSE,1,26018.03515
1,911,1,TRUE,1,1
1,912,1,FALSE,1,28.59685
1,913,1,TRUE,1,1
1,914,1,FALSE,1,12.50414
1,915,1,FALSE,1,6488.06087
1,916,1,FALSE,1,26018.3554
1,917,1,FALSE,1,26018.29357
1,918,1,FALSE,1,26018.18139
1,919,1,TRUE,1,1
1,920,1,TRUE,1,1
1,921,1,TRUE,1,1
1,922,1,FALSE,1,26018.17546
1,923,1,FALSE,1,14.60884
1,924,1,TRUE,1,1
1,925,1,FALSE,1,26018.14158
1,926,1,TRUE,1,1
1,927,1,FALSE,1,26026.31835
1,928,1,FALSE,1,26018.33701
1,929,1,TRUE,1,1
1,930,1,TRUE,1,1
1,931,1,TRUE,1,1
1,932,1,FALSE,1,26017.59904
1,933,1,TRUE,1,1
1,934,1,FALSE,1,10.36879
1,935,1,FALSE,1,26044.4918
1,936,1,FALSE,1,32.37855
1,937,1,FALSE,1,1.01976
1,938,1,FALSE,1,26027.32268
1,939,1,FALSE,1,26027.49165
1,940,1,FALSE,1,10.35711
1,941,1,FALSE,1,19.22744
1,942,1,FALSE,1,26027.40018
1,943,1,FALSE,1,26027.07458
1,944,1,FALSE,1,26011.23073
1,945,1,FALSE,1,1.44561
1,946,1,TRUE,1,1
1,947,1,TRUE,1,1
1,948,1,TRUE,1,1
1,949,1,FALSE,1,19.45969
1,950,1,FALSE,1,10.55774
1,952,1,FALSE,1,1.06433
1,953,1,FALSE,1,1.17967
1,954,1,FALSE,1,19.21324
1,955,1,FALSE,1,26018.25329
1,956,1,FALSE,1,1.16361
1,957,1,FALSE,1,26045.25614
1,958,1,FALSE,1,10.1113
1,959,1,TRUE,1,1
1,960,1,TRUE,1,1
1,961,1,FALSE,1,13.67215
1,962,1,FALSE,1,26018.10054
1,963,1,FALSE,1,26018.31937
1,964,1,FALSE,1,1.02694
1,965,1,FALSE,1,10.00839
1,966,1,FALSE,1,22.1458
1,967,1,FALSE,1,26014.35061
1,968,1,TRUE,1,1
1,969,1,TRUE,1,1
1,970,1,FALSE,1,26018.52482
1,971,1,FALSE,1,26036.36974
1,972,1,FALSE,1,10.21333
1,973,1,TRUE,1,1
1,974,1,TRUE,1,1
1,975,1,FALSE,1,26035.21187
1,976,1,FALSE,1,26025.10196
1,977,1,FALSE,1,6488.15495
1,978,1,FALSE,1,10.03424
1,979,1,FALSE,1,10.26447
1,980,1,TRUE,1,1
1,981,1,FALSE,1,10.62519
1,982,1,FALSE,1,26036.28443
1,983,1,TRUE,1,1
1,984,1,TRUE,1,1
1,985,1,TRUE,1,1
1,986,1,FALSE,1,10.09479
1,987,1,FALSE,1,26036.306
1,988,1,FALSE,1,26035.67008
1,989,1,FALSE,1,26027.21111
1,990,1,TRUE,1,1
1,991,1,TRUE,1,1
1,992,1,FALSE,1,1.08968
1,993,1,FALSE,1,10.62794
1,994,1,FALSE,1,10.38044
1,995,1,TRUE,1,1
1,996,1,FALSE,1,13.07068
1,997,1,TRUE,1,1
1,998,1,TRUE,1,1
1,999,1,FALSE,1,26027.04502
1,1000,1,FALSE,1,26027.49853
1,1001,1,FALSE,1,26018.11059
1,1002,1,FALSE,1,26027.19852
1,1003,1,FALSE,1,1.07124
1,1004,1,TRUE,1,1
1,1005,1,TRUE,1,1
1,1006,1,TRUE,1,1
1,1007,1,TRUE,1,1
1,1008,1,TRUE,1,1
1,1009,1,FALSE,1,26027.4364
1,1010,1,FALSE,1,10.65912
1,1011,1,FALSE,1,26045.45735
1,1012,1,FALSE,1,13.61165
1,1014,1,FALSE,1,26018.5592
1,1015,1,TRUE,1,1
1,1016,1,FALSE,1,10.58166
1,1017,1,FALSE,1,21.27593
1,1018,1,FALSE,1,26018.09775
1,1019,1,TRUE,1,1
1,1020,1,TRUE,1,1
1,1021,1,FALSE,1,26018.66967
1,1022,1,FALSE,1,10.00495
1,1023,1,FALSE,1,26036.27408
1,1024,1,FALSE,1,26036.24477
1,1026,1,FALSE,1,10.31196
1,1027,1,FALSE,1,10.27937
1,1029,1,FALSE,1,26026.65258
1,1030,1,FALSE,1,26027.59309
1,1031,1,FALSE,1,28.43467
1,1032,1,FALSE,1,26018.04581
1,1033,1,FALSE,1,26054.49086
1,1035,1,FALSE,1,1.35233
1,1036,1,FALSE,1,19466.62011
1,1037,1,FALSE,1,10.26357
1,1038,1,FALSE,1,6488.31789
1,1039,1,FALSE,1,6488.23142
1,1040,1,FALSE,1,1.44509
1,1041,1,FALSE,1,4.28476
1,1042,1,FALSE,1,10.02905
1,1043,1,FALSE,1,10.59051
1,1044,1,FALSE,1,26036.39855
1,1046,1,FALSE,1,26020.40273
1,1047,1,FALSE,1,6488.14066
1,1048,1,FALSE,1,10.67081
1,1049,1,FALSE,1,26027.32081
1,1050,1,FALSE,1,26045.25065
1,1052,1,FALSE,1,26036.04014
1,1053,1,FALSE,1,26027.41122
1,1054,1,FALSE,1,26027.24359
1,1055,1,FALSE,1,19457.29366
1,1057,1,FALSE,1,10.07538
1,1058,1,FALSE,1,10.04835
1,1059,1,FALSE,1,26036.01736
1,1060,1,FALSE,1,26036.08515
1,1061,1,FALSE,1,28.26977
1,1062,1,FALSE,1,10.51086
1,1063,1,FALSE,1,3.62485
1,1064,1,FALSE,1,22.11304
1,1065,1,FALSE,1,26027.34908
1,1066,1,FALSE,1,19.33711
1,1067,1,FALSE,1,12977.14864
1,1068,1,FALSE,1,26027.2106
1,1069,1,FALSE,1,27737.00145
1,1070,1,FALSE,1,21.01127
1,1071,1,FALSE,1,32.54166
1,1072,1,FALSE,1,1.1573
1,1073,1,FALSE,1,26018.6229
1,1074,1,TRUE,1,1
1,1075,1,FALSE,1,26018.48533
1,1076,1,FALSE,1,26044.17507
1,1077,1,FALSE,1,10.26607
1,1078,1,FALSE,1,26027.06615
1,1079,1,FALSE,1,12977.03091
1,1080,1,FALSE,1,26018.56797
1,1081,1,FALSE,1,28.16902
1,1082,1,FALSE,1,19.11734
1,1083,1,FALSE,1,10.35342
1,1084,1,FALSE,1,26018.56491
1,1085,1,TRUE,1,1
1,1086,1,FALSE,1,6488.59462
1,1087,1,FALSE,1,1.13786
1,1088,1,FALSE,1,3.18835
1,1089,1,FALSE,1,26036.09482
1,1090,1,FALSE,1,26045.37459
1,1091,1,FALSE,1,26036.02682
1,1093,1,FALSE,1,10.22158
1,1094,1,FALSE,1,26045.53854
1,1095,1,FALSE,1,26018.44949
1,1096,1,FALSE,1,29438.64638
1,1097,1,FALSE,1,26018.28684
1,1098,1,FALSE,1,28.48349
1,1099,1,FALSE,1,14.32288
1,1100,1,FALSE,1,26126.67589
1,1103,1,FALSE,1,26027.13773
1,1104,1,FALSE,1,26036.65768
1,1105,1,FALSE,1,26045.61419
1,1106,1,FALSE,1,26018.14232
1,1107,1,FALSE,1,10.67428
1,1108,1,FALSE,1,26018.19113
1,1109,1,FALSE,1,26034.54359
1,1110,1,FALSE,1,10.33449
1,1111,1,FALSE,1,10.46244
1,1112,1,FALSE,1,26027.00535
1,1113,1,FALSE,1,26045.64835
1,1114,1,FALSE,1,10.53408
1,1115,1,FALSE,1,26045.08636
1,1116,1,FALSE,1,1.51148
1,1117,1,FALSE,1,26044.65824
1,1118,1,FALSE,1,10.6135
1,1119,1,FALSE,1,29366.36531
1,1120,1,FALSE,1,26036.18839
1,1121,1,FALSE,1,26036.52567
1,1122,1,FALSE,1,12.12663
1,1124,1,FALSE,1,26018.43941
1,1125,1,TRUE,1,1
1,1126,1,TRUE,1,1
1,1127,1,TRUE,1,1
1,1128,1,FALSE,1,19.65791
1,1129,1,FALSE,1,26027.55053
1,1130,1,FALSE,1,26027.38774
1,1131,1,FALSE,1,26027.11168
1,1132,1,FALSE,1,26027.42548
1,1133,1,FALSE,1,26036.32445
1,1134,1,FALSE,1,26018.31073
1,1135,1,FALSE,1,10.23849
1,1136,1,FALSE,1,19.42038
1,1137,1,FALSE,1,1.53857
1,1138,1,FALSE,1,12.65542
1,1139,1,FALSE,1,26108.38444
1,1140,1,FALSE,1,26018.59485
1,1141,1,FALSE,1,1.0672
1,1142,1,FALSE,1,26054.21909
1,1143,1,FALSE,1,10.17052
1,1144,1,FALSE,1,1.43585
1,1145,1,FALSE,1,10.48433
1,1146,1,FALSE,1,10.64685
1,1147,1,FALSE,1,14.26729
1,1148,1,TRUE,1,1
1,1149,1,FALSE,1,19466.09302
1,1150,1,FALSE,1,26027.3173
1,1151,1,FALSE,1,26018.10647
1,1152,1,FALSE,1,10.31982
1,1153,1,FALSE,1,27746.52718
1,1154,1,FALSE,1,26036.37759
1,1155,1,FALSE,1,26036.26857
1,1156,1,TRUE,1,1
1,1157,1,FALSE,1,26027.38772
1,1158,1,FALSE,1,26018.56106
1,1159,1,TRUE,1,1
1,1160,1,FALSE,1,26036.60097
1,1161,1,FALSE,1,6488.30074
1,1162,1,FALSE,1,26045.50609
1,1163,1,FALSE,1,26020.65677
1,1164,1,FALSE,1,26027.52189
1,1165,1,FALSE,1,26027.10387
1,1166,1,FALSE,1,26018.07477
1,1167,1,FALSE,1,4.1593
1,1168,1,FALSE,1,10.2373
1,1169,1,FALSE,1,26045.27502
1,1170,1,FALSE,1,26018.12308
1,1171,1,FALSE,1,26027.02934
1,1172,1,FALSE,1,4.08033
1,1173,1,FALSE,1,26036.28464
1,1174,1,FALSE,1,26036.01138
1,1175,1,FALSE,1,28.56556
1,1176,1,FALSE,1,26027.15659
1,1179,1,FALSE,1,10.01884
1,1180,1,FALSE,1,5.59739
1,1181,1,FALSE,1,29573.44816
1,1182,1,FALSE,1,26035.30165
1,1189,1,FALSE,1,19.4104
1,1190,1,FALSE,1,30.62302
1,1191,1,FALSE,1,10.26439
1,1192,1,FALSE,1,26027.1578
1,1193,1,FALSE,1,26027.39033
1,1194,1,FALSE,1,26045.63893
1,1195,1,FALSE,1,26054.21553
1,1196,1,FALSE,1,26045.06405
1,1197,1,FALSE,1,26036.37451
1,1198,1,FALSE,1,26011.01722
1,1199,1,FALSE,1,26027.16416
1,1200,1,FALSE,1,10.54281
1,1201,1,FALSE,1,26045.10337
1,1202,1,FALSE,1,26135.02816
1,1203,1,FALSE,1,26018.61042
1,1204,1,FALSE,1,26044.35884
1,1205,1,FALSE,1,26036.56956
1,1206,1,FALSE,1,10.12347
1,1207,1,FALSE,1,26027.06943
1,1209,1,FALSE,1,26038.1632
1,1211,1,FALSE,1,10.00738
1,1212,1,FALSE,1,26018.39357
1,1213,1,FALSE,1,26027.5195
1,1214,1,FALSE,1,1.23468
1,1215,1,FALSE,1,26026.29496
1,1216,1,FALSE,1,10.42061
1,1217,1,FALSE,1,1.1746
1,1218,1,FALSE,1,19475.42293
1,1219,1,FALSE,1,26045.3876
1,1221,1,FALSE,1,1.55239
1,1222,1,FALSE,1,26027.06949
1,1223,1,FALSE,1,26036.039
1,1224,1,FALSE,1,26027.15408
1,1225,1,FALSE,1,28.47445
1,1226,1,FALSE,1,21.54987
1,1227,1,FALSE,1,26018.0507
1,1228,1,FALSE,1,28.60746
1,1229,1,FALSE,1,26018.56319
1,1230,1,FALSE,1,13.11679
1,1231,1,FALSE,1,13.42944
1,1232,1,FALSE,1,10.54729
1,1233,1,FALSE,1,26018.24056
1,1234,1,FALSE,1,22.61487
1,1235,1,FALSE,1,28.01222
1,1236,1,TRUE,1,1
1,1237,1,FALSE,1,1.19212
1,1238,1,FALSE,1,10.61812
1,1239,1,FALSE,1,26036.10331
1,1240,1,FALSE,1,26045.09428
1,1241,1,FALSE,1,26036.27719
1,1242,1,FALSE,1,26020.27256
1,1243,1,FALSE,1,10.65152
1,1244,1,FALSE,1,28.57065
1,1245,1,FALSE,1,10.00745
1,1246,1,TRUE,1,1
1,1247,1,FALSE,1,26027.08443
1,1248,1,TRUE,1,1
1,1249,1,FALSE,1,26018.49505
1,1250,1,TRUE,1,1
1,1251,1,TRUE,1,1
1,1252,1,FALSE,1,26027.3654
1,1254,1,FALSE,1,10.51376
1,1255,1,FALSE,1,10.6623
1,1256,1,FALSE,1,19475.47866
1,1257,1,FALSE,1,13.40133
1,1258,1,FALSE,1,13.52527
1,1259,1,FALSE,1,26045.04541
1,1260,1,FALSE,1,26036.44558
1,1261,1,FALSE,1,22.07129
1,1262,1,FALSE,1,10.49632
1,1263,1,FALSE,1,26027.26705
1,1264,1,FALSE,1,26018.32364
1,1265,1,FALSE,1,1.10877
1,1266,1,FALSE,1,26018.02735
1,1267,1,FALSE,1,19.54588
1,1268,1,FALSE,1,26018.15643
1,1269,1,FALSE,1,19.38238
1,1270,1,FALSE,1,26036.66839
1,1271,1,FALSE,1,19.55647
1,1272,1,FALSE,1,26036.32848
1,1273,1,FALSE,1,26018.06715
1,1274,1,FALSE,1,1.24993
1,1275,1,FALSE,1,26018.40173
1,1276,1,FALSE,1,26036.13084
1,1278,1,TRUE,1,1
1,1279,1,FALSE,1,26027.37422
1,1280,1,FALSE,1,26011.45691
1,1281,1,FALSE,1,10.10454
1,1282,1,FALSE,1,26027.03332
1,1283,1,FALSE,1,19466.62827
1,1284,1,FALSE,1,26018.06655
1,1285,1,TRUE,1,1
1,1286,1,FALSE,1,10.29693
1,1288,1,TRUE,1,1
1,1290,1,FALSE,1,26027.20553
1,1291,1,FALSE,1,1.0562
1,1292,1,FALSE,1,1.21313
1,1294,1,FALSE,1,26018.11709
1,1295,1,FALSE,1,10.50887
1,1296,1,FALSE,1,27755.46819
1,1297,1,FALSE,1,26027.20495
1,1298,1,FALSE,1,26026.4314
1,1299,1,FALSE,1,14.23774
1,1300,1,FALSE,1,10.43693
1,1301,1,FALSE,1,3.18308
1,1302,1,FALSE,1,26018.27932
1,1303,1,FALSE,1,26018.11235
1,1304,1,FALSE,1,26018.51368
1,1305,1,TRUE,1,1
1,1306,1,FALSE,1,4.64991
1,1307,1,FALSE,1,26027.02305
1,1308,1,FALSE,1,26027.22541
1,1309,1,FALSE,1,10.54719
1,1310,1,FALSE,1,12.4125
1,1311,1,FALSE,1,10.09515
1,1312,1,FALSE,1,26036.4293
1,1313,1,FALSE,1,26027.0169
1,1314,1,FALSE,1,10.35784
1,1315,1,FALSE,1,26027.42586
1,1316,1,FALSE,1,10.0986
1,1317,1,FALSE,1,12.45655
1,1318,1,FALSE,1,26026.5987
1,1319,1,FALSE,1,28.00072
1,1320,1,FALSE,1,26027.26172
1,1321,1,TRUE,1,1
1,1322,1,FALSE,1,26018.23554
1,1323,1,FALSE,1,10.01486
1,1324,1,FALSE,1,29465.60745
1,1326,1,FALSE,1,19.0089
1,1328,1,FALSE,1,10.49283
1,1329,1,FALSE,1,26036.04456
1,1330,1,FALSE,1,1.3044
1,1331,1,FALSE,1,26027.06688
1,1332,1,FALSE,1,4.122
1,1333,1,FALSE,1,22.46045
1,1334,1,FALSE,1,26020.48826
1,1335,1,FALSE,1,26018.10931
1,1336,1,FALSE,1,26047.35827
1,1337,1,FALSE,1,40.33888
1,1338,1,FALSE,1,26023.65386
1,1339,1,TRUE,1,1
1,1340,1,FALSE,1,10.49356
1,1341,1,TRUE,1,1
1,1342,1,FALSE,1,12.2126
1,1343,1,FALSE,1,1.56403
1,1344,1,FALSE,1,26045.10967
1,1346,1,FALSE,1,31.26586
1,1347,1,FALSE,1,10.47599
1,1349,1,FALSE,1,6488.14777
1,1350,1,FALSE,1,6488.46291
1,1351,1,FALSE,1,26018.52713
1,1352,1,FALSE,1,10.17777
1,1354,1,FALSE,1,19.05418
1,1355,1,FALSE,1,26027.13728
1,1356,1,FALSE,1,10.04555
1,1358,1,FALSE,1,10.23363
1,1359,1,FALSE,1,10.02245
1,1360,1,FALSE,1,26027.39736
1,1361,1,FALSE,1,10.35642
1,1362,1,FALSE,1,26034.65379
1,1363,1,FALSE,1,26036.21889
1,1364,1,FALSE,1,26018.33372
1,1365,1,FALSE,1,1.61014
1,1366,1,FALSE,1,10.50616
1,1367,1,FALSE,1,28.11895
1,1369,1,FALSE,1,28.37022
1,1370,1,FALSE,1,1.44292
1,1371,1,FALSE,1,26045.11057
1,1373,1,FALSE,1,1.24584
1,1374,1,FALSE,1,19.20903
1,1375,1,FALSE,1,26026.11651
1,1376,1,FALSE,1,10.41869
1,1377,1,TRUE,1,1
1,1378,1,FALSE,1,26018.45461
1,1379,1,FALSE,1,26018.58311
1,1380,1,FALSE,1,26027.12974
1,1381,1,FALSE,1,26054.51492
1,1382,1,FALSE,1,26018.12438
1,1383,1,FALSE,1,26027.6671
1,1384,1,TRUE,1,1
1,1385,1,FALSE,1,19466.36391
1,1386,1,FALSE,1,26027.08681
1,1387,1,FALSE,1,26027.31455
1,1388,1,TRUE,1,1
1,1389,1,FALSE,1,19.46565
1,1391,1,FALSE,1,37.04217
1,1392,1,FALSE,1,26027.23102
1,1393,1,FALSE,1,19475.5362
1,1394,1,TRUE,1,1
1,1395,1,FALSE,1,4.39209
1,1396,1,FALSE,1,1.66402
1,1397,1,FALSE,1,26027.06203
1,1398,1,FALSE,1,26018.55934
1,1399,1,FALSE,1,10.37312
1,1400,1,FALSE,1,26027.44687
1,1401,1,FALSE,1,26036.50556
1,1402,1,FALSE,1,26027.28773
1,1403,1,FALSE,1,10.1308
1,1404,1,FALSE,1,31.39563
1,1405,1,FALSE,1,26011.18563
1,1406,1,FALSE,1,26036.3535
1,1407,1,FALSE,1,26018.66653
1,1408,1,FALSE,1,26018.44898
1,1409,1,FALSE,1,26036.42843
1,1410,1,FALSE,1,1.25931
1,1411,1,FALSE,1,10.13504
1,1412,1,FALSE,1,26027.5036
1,1413,1,FALSE,1,12.05399
1,1414,1,FALSE,1,26036.02532
1,1415,1,FALSE,1,26035.53245
1,1416,1,FALSE,1,10.45929
1,1417,1,FALSE,1,26018.24841
1,1418,1,FALSE,1,19.42289
1,1419,1,TRUE,1,1
1,1420,1,FALSE,1,10.53243
1,1421,1,FALSE,1,19.12775
1,1422,1,FALSE,1,12.06018
1,1423,1,FALSE,1,10.40698
1,1424,1,FALSE,1,3.0699
1,1425,1,FALSE,1,29438.13664
1,1426,1,TRUE,1,1
1,1427,1,FALSE,1,1.64553
1,1429,1,FALSE,1,1.4122
1,1430,1,FALSE,1,26018.0364
1,1431,1,FALSE,1,22.31068
1,1432,1,FALSE,1,23.5553
1,1433,1,FALSE,1,21.35148
1,1434,1,FALSE,1,26027.39621
1,1435,1,FALSE,1,13.53079
1,1436,1,FALSE,1,19.00065
1,1437,1,FALSE,1,26036.43551
1,1438,1,FALSE,1,10.47692
1,1439,1,FALSE,1,26036.54018
1,1440,1,FALSE,1,10.66903
1,1441,1,FALSE,1,30.33636
1,1442,1,FALSE,1,26027.58147
1,1443,1,FALSE,1,26020.11725
1,1444,1,FALSE,1,10.4377
1,1445,1,FALSE,1,22.61167
1,1446,1,FALSE,1,10.12689
1,1447,1,FALSE,1,19457.31429
1,1448,1,FALSE,1,26045.40575
1,1449,1,FALSE,1,26036.03574
1,1450,1,FALSE,1,26011.08666
1,1451,1,FALSE,1,10.37904
1,1452,1,FALSE,1,26018.0316
1,1453,1,FALSE,1,3.51797
1,1454,1,FALSE,1,26027.53616
1,1455,1,FALSE,1,26018.29355
1,1456,1,FALSE,1,26036.1566
1,1457,1,FALSE,1,26020.57164
1,1459,1,FALSE,1,37.18082
1,1460,1,FALSE,1,19.4048
1,1461,1,FALSE,1,10.129
1,1462,1,FALSE,1,26018.66947
1,1467,1,FALSE,1,26027.31102
1,1468,1,FALSE,1,12.18753
1,1469,1,FALSE,1,26018.03087
1,1470,1,FALSE,1,26018.17167
1,1472,1,FALSE,1,10.10936
1,1474,1,TRUE,1,1
1,1475,1,FALSE,1,26036.03524
1,1476,1,FALSE,1,23.60841
1,1477,1,FALSE,1,23.49125
1,1478,1,FALSE,1,13.3521
1,1479,1,FALSE,1,26036.65708
1,1480,1,FALSE,1,19475.21131
1,1481,1,FALSE,1,26045.65868
1,1482,1,FALSE,1,26018.43189
1,1485,1,FALSE,1,26036.58009
1,1486,1,FALSE,1,26018.53831
1,1488,1,FALSE,1,26017.45595
1,1490,1,FALSE,1,32.0932
1,1491,1,FALSE,1,26045.38575
1,1492,1,FALSE,1,19.65028
1,1493,1,FALSE,1,26036.48316
1,1494,1,FALSE,1,28.07826
1,1495,1,FALSE,1,26027.46123
1,1496,1,FALSE,1,10.48731
1,1498,1,FALSE,1,31.30617
1,1499,1,FALSE,1,26027.34901
1,1501,1,FALSE,1,10.44184
1,1502,1,FALSE,1,26054.36527
1,1503,1,FALSE,1,10.22187
1,1504,1,FALSE,1,26036.28284
1,1505,1,FALSE,1,26027.41017
1,1507,1,FALSE,1,1.07733
1,1508,1,FALSE,1,26036.20763
1,1509,1,FALSE,1,10.39549
1,1510,1,FALSE,1,19466.01789
1,1511,1,FALSE,1,10.21034
1,1512,1,FALSE,1,10.27188
1,1513,1,FALSE,1,23.22316
1,1514,1,FALSE,1,26027.48422
1,1515,1,FALSE,1,13.38226
1,1516,1,FALSE,1,26011.28035
1,1517,1,FALSE,1,26011.16983
1,1518,1,TRUE,1,1
1,1519,1,FALSE,1,26018.30571
1,1520,1,TRUE,1,1
1,1521,1,TRUE,1,1
1,1522,1,FALSE,1,26027.62047
1,1523,1,FALSE,1,27836.55467
1,1524,1,FALSE,1,26036.55012
1,1525,1,FALSE,1,26027.29628
1,1526,1,FALSE,1,26011.66525
1,1527,1,FALSE,1,19.1666
1,1528,1,FALSE,1,19466.47835
1,1529,1,FALSE,1,26027.07667
1,1530,1,FALSE,1,10.2925
1,1531,1,FALSE,1,26027.34854
1,1532,1,FALSE,1,28.55707
1,1533,1,FALSE,1,26026.03403
1,1534,1,FALSE,1,26026.17785
1,1535,1,FALSE,1,32.23644
1,1536,1,FALSE,1,10.01965
1,1537,1,FALSE,1,26036.37594
1,1538,1,FALSE,1,31.43732
1,1539,1,FALSE,1,32.23365
1,1540,1,FALSE,1,1.63476
1,1541,1,TRUE,1,1
1,1542,1,TRUE,1,1
1,1543,1,FALSE,1,32.59261
1,1544,1,FALSE,1,10.18595
1,1545,1,FALSE,1,26018.44465
1,1546,1,FALSE,1,26027.37319
1,1547,1,FALSE,1,26020.66784
1,1548,1,TRUE,1,1
1,1549,1,TRUE,1,1
1,1550,1,TRUE,1,1
1,1551,1,FALSE,1,26027.23632
1,1552,1,FALSE,1,26027.15335
1,1553,1,TRUE,1,1
1,1554,1,TRUE,1,1
1,1555,1,TRUE,1,1
1,1556,1,TRUE,1,1
1,1557,1,TRUE,1,1
1,1558,1,FALSE,1,10.25257
1,1559,1,FALSE,1,28.24022
1,1560,1,FALSE,1,26018.41372
1,1561,1,FALSE,1,26018.16299
1,1562,1,FALSE,1,1.57533
1,1563,1,FALSE,1,26027.05168
1,1564,1,FALSE,1,26036.08583
1,1565,1,FALSE,1,26011.27841
1,1566,1,TRUE,1,1
1,1567,1,FALSE,1,26027.04929
1,1568,1,FALSE,1,26036.56307
1,1569,1,FALSE,1,10.18119
1,1570,1,FALSE,1,1.32723
1,1571,1,FALSE,1,26045.39212
1,1572,1,FALSE,1,26027.22079
1,1573,1,FALSE,1,26018.06458
1,1574,1,FALSE,1,22.59519
1,1575,1,FALSE,1,26020.66962
1,1576,1,FALSE,1,26027.17355
1,1577,1,FALSE,1,26036.41812
1,1578,1,FALSE,1,26027.37664
1,1579,1,FALSE,1,26027.61913
1,1580,1,FALSE,1,26011.17591
1,1581,1,FALSE,1,3.46532
1,1582,1,FALSE,1,26038.11278
1,1583,1,FALSE,1,4.57838
1,1584,1,FALSE,1,19.28859
1,1585,1,FALSE,1,27737.38549
1,1586,1,FALSE,1,10.66627
1,1587,1,FALSE,1,13.35453
1,1588,1,FALSE,1,10.66297
1,1589,1,FALSE,1,26011.65305
1,1590,1,TRUE,1,1
1,1591,1,FALSE,1,12.65985
1,1592,1,FALSE,1,10.11062
1,1593,1,TRUE,1,1
1,1594,1,TRUE,1,1
1,1595,1,FALSE,1,10.27359
1,1596,1,FALSE,1,10.10466
1,1597,1,FALSE,1,10.24163
1,1598,1,FALSE,1,22.05131
1,1599,1,FALSE,1,28.36536
1,1600,1,FALSE,1,26027.34525
1,1601,1,TRUE,1,1
1,1602,1,FALSE,1,19.15367
1,1603,1,FALSE,1,13.198
1,1604,1,FALSE,1,1.1281
1,1605,1,FALSE,1,26018.52288
1,1606,1,FALSE,1,26018.04606
1,1607,1,TRUE,1,1
1,1608,1,FALSE,1,26045.11654
1,1609,1,FALSE,1,10.14943
1,1610,1,TRUE,1,1
1,1611,1,FALSE,1,10.24378
1,1612,1,FALSE,1,26036.22278
1,1613,1,FALSE,1,26027.02625
1,1614,1,TRUE,1,1
1,1615,1,FALSE,1,14.66477
1,1616,1,FALSE,1,26036.42983
1,1617,1,FALSE,1,26027.63752
1,1618,1,TRUE,1,1
1,1619,1,FALSE,1,1.1736
1,1620,1,TRUE,1,1
1,1621,1,FALSE,1,1.54982
1,1622,1,FALSE,1,27649.52764
1,1623,1,FALSE,1,10.27018
1,1624,1,FALSE,1,26027.2604
1,1625,1,TRUE,1,1
1,1626,1,TRUE,1,1
1,1627,1,FALSE,1,26108.37899
1,1628,1,FALSE,1,10.21507
1,1629,1,TRUE,1,1
1,1630,1,FALSE,1,1.13267
1,1631,1,FALSE,1,23.58722
1,1632,1,FALSE,1,28.52341
1,1633,1,FALSE,1,26027.23794
1,1634,1,FALSE,1,19457.0628
1,1636,1,FALSE,1,10.1888
1,1638,1,FALSE,1,19457.405
1,1639,1,FALSE,1,26036.6286
1,1640,1,FALSE,1,10.21354
1,1641,1,FALSE,1,19.5308
1,1642,1,FALSE,1,21.57554
1,1643,1,FALSE,1,26018.62513
1,1644,1,FALSE,1,10.34956
1,1645,1,FALSE,1,1.36997
1,1646,1,FALSE,1,1.10429
1,1647,1,FALSE,1,19.28182
1,1648,1,FALSE,1,26045.5968
1,1649,1,FALSE,1,26018.18729
1,1650,1,FALSE,1,19474.10483
1,1651,1,FALSE,1,26036.47218
1,1652,1,FALSE,1,13.5164
1,1654,1,FALSE,1,10.35822
1,1655,1,FALSE,1,26036.61085
1,1656,1,FALSE,1,28.10632
1,1657,1,FALSE,1,26054.58016
1,1658,1,FALSE,1,10.32434
1,1659,1,FALSE,1,28.14619
1,1661,1,FALSE,1,26027.17334
1,1662,1,FALSE,1,3.67469
1,1663,1,FALSE,1,26045.14851
1,1664,1,FALSE,1,14.5697
1,1665,1,FALSE,1,10.01874
1,1666,1,FALSE,1,26018.45286
1,1667,1,FALSE,1,23.34546
1,1668,1,FALSE,1,12.05808
1,1669,1,FALSE,1,26026.49334
1,1670,1,FALSE,1,1.09518
1,1671,1,FALSE,1,26036.52746
1,1672,1,FALSE,1,13.09785
1,1673,1,FALSE,1,10.03354
1,1674,1,FALSE,1,10.35394
1,1675,1,FALSE,1,10.46182
1,1676,1,FALSE,1,26027.63225
1,1677,1,FALSE,1,10.03031
1,1678,1,FALSE,1,26036.57909
1,1679,1,FALSE,1,10.31451
1,1680,1,FALSE,1,5.06431
1,1681,1,FALSE,1,12.60613
1,1683,1,FALSE,1,26027.00244
1,1685,1,FALSE,1,1.2192
1,1686,1,FALSE,1,26027.4395
1,1687,1,FALSE,1,13.27734
1,1688,1,FALSE,1,10.65543
1,1689,1,FALSE,1,19457.57692
1,1690,1,TRUE,1,1
1,1691,1,FALSE,1,10.38118
1,1692,1,FALSE,1,10.1726
1,1693,1,FALSE,1,26036.20135
1,1694,1,FALSE,1,26020.4601
1,1695,1,FALSE,1,26035.28917
1,1696,1,FALSE,1,26018.12454
1,1697,1,FALSE,1,13.10111
1,1698,1,FALSE,1,10.56196
1,1699,1,FALSE,1,10.51865
1,1700,1,FALSE,1,19.46036
1,1701,1,TRUE,1,1
1,1702,1,FALSE,1,10.41143
1,1704,1,FALSE,1,13.47849
1,1705,1,FALSE,1,26025.61231
1,1706,1,FALSE,1,10.45705
1,1707,1,FALSE,1,26027.42054
1,1708,1,FALSE,1,26018.62786
1,1709,1,FALSE,1,26018.24479
1,1710,1,FALSE,1,26027.07387
1,1711,1,FALSE,1,10.02577
1,1712,1,FALSE,1,14.3572
1,1713,1,FALSE,1,26036.29878
1,1714,1,FALSE,1,26036.2722
1,1715,1,FALSE,1,10.66596
1,1716,1,FALSE,1,5.51412
1,1717,1,FALSE,1,13.28988
1,1718,1,FALSE,1,26036.03088
1,1719,1,FALSE,1,26025.65398
1,1720,1,FALSE,1,29438.27277
1,1721,1,FALSE,1,32.09459
1,1722,1,FALSE,1,26045.42243
1,1723,1,FALSE,1,1.2039
1,1724,1,FALSE,1,21.47566
1,1725,1,FALSE,1,26045.2864
1,1726,1,FALSE,1,5.18859
1,1727,1,FALSE,1,21.10924
1,1728,1,FALSE,1,26027.28559
1,1729,1,FALSE,1,4.4018
1,1730,1,FALSE,1,10.12942
1,1731,1,FALSE,1,26026.08036
1,1732,1,FALSE,1,26034.66148
1,1735,1,FALSE,1,29251.66793
1,1736,1,FALSE,1,26026.32007
1,1737,1,FALSE,1,19.36921
1,1738,1,FALSE,1,26020.44441
1,1739,1,FALSE,1,26027.22898
1,1740,1,FALSE,1,26018.04003
1,1741,1,FALSE,1,26026.18097
1,1742,1,FALSE,1,3.09568
1,1743,1,FALSE,1,26020.41468
1,1744,1,FALSE,1,26045.4323
1,1745,1,FALSE,1,26027.32198
1,1746,1,FALSE,1,26011.01472
1,1747,1,FALSE,1,1.4033
1,1748,1,FALSE,1,26036.11217
1,1749,1,FALSE,1,26027.12515
1,1750,1,FALSE,1,26018.62566
1,1752,1,FALSE,1,26020.52681
1,1754,1,FALSE,1,1.29394
1,1755,1,FALSE,1,26011.20052
1,1756,1,FALSE,1,26018.02521
1,1758,1,FALSE,1,26045.03029
1,1759,1,FALSE,1,19.09749
1,1761,1,FALSE,1,26027.21563
1,1762,1,FALSE,1,10.38138
1,1763,1,FALSE,1,26027.65859
1,1765,1,FALSE,1,10.07397
1,1766,1,FALSE,1,26011.61782
1,1768,1,FALSE,1,26027.05023
1,1769,1,FALSE,1,28.58036
1,1770,1,FALSE,1,26027.33963
1,1771,1,FALSE,1,26043.34334
1,1772,1,FALSE,1,26011.48402
1,1773,1,FALSE,1,26018.22874
1,1774,1,FALSE,1,26011.09388
1,1775,1,FALSE,1,26036.51661
1,1776,1,FALSE,1,26027.04029
1,1777,1,TRUE,1,1
1,1778,1,FALSE,1,1.10204
1,1779,1,FALSE,1,26018.33264
1,1780,1,FALSE,1,26018.10366
1,1781,1,FALSE,1,26011.11703
1,1782,1,FALSE,1,1.14633
1,1783,1,FALSE,1,26011.18801
1,1784,1,FALSE,1,26011.67187
1,1785,1,FALSE,1,26029.0167
1,1787,1,FALSE,1,10.3324
1,1788,1,FALSE,1,26027.09595
1,1789,1,FALSE,1,19.26263
1,1790,1,FALSE,1,13.06587
1,1791,1,FALSE,1,26038.41098
1,1792,1,FALSE,1,1.43604
1,1793,1,FALSE,1,26011.67117
1,1794,1,FALSE,1,26044.19529
1,1795,1,FALSE,1,10.11127
1,1796,1,FALSE,1,26027.42302
1,1797,1,FALSE,1,10.22525
1,1798,1,FALSE,1,1.04633
1,1799,1,FALSE,1,26027.31849
1,1800,1,TRUE,1,1
1,1801,1,TRUE,1,1
1,1802,1,FALSE,1,26018.21012
1,1803,1,FALSE,1,26027.50913
1,1804,1,FALSE,1,26018.15898
1,1806,1,FALSE,1,19.28547
1,1807,1,FALSE,1,26018.04714
1,1808,1,FALSE,1,19.20702
1,1809,1,FALSE,1,14.49919
1,1810,1,FALSE,1,1.24372
1,1811,1,FALSE,1,14.49692
1,1812,1,FALSE,1,5.31914
1,1813,1,FALSE,1,32.05435
1,1814,1,FALSE,1,26043.52135
1,1815,1,FALSE,1,26034.15682
1,1816,1,FALSE,1,1.667
1,1817,1,FALSE,1,22.65427
1,1818,1,FALSE,1,5.58841
1,1819,1,FALSE,1,26025.59548
1,1820,1,FALSE,1,26045.60396
1,1821,1,FALSE,1,10.51854
1,1822,1,FALSE,1,10.16992
1,1823,1,FALSE,1,26018.22321
1,1824,1,FALSE,1,10.01249
1,1825,1,FALSE,1,12977.56905
1,1826,1,FALSE,1,4.00397
1,1827,1,FALSE,1,6488.15199
1,1828,1,FALSE,1,13.35814
1,1830,1,FALSE,1,26018.40717
1,1831,1,FALSE,1,26027.50055
1,1832,1,FALSE,1,26018.40422
1,1833,1,FALSE,1,1.22953
1,1834,1,FALSE,1,19457.30901
1,1836,1,FALSE,1,26011.50268
1,1838,1,FALSE,1,26018.3128
1,1839,1,FALSE,1,26025.4955
1,1840,1,FALSE,1,10.05081
1,1841,1,FALSE,1,26018.02554
1,1843,1,FALSE,1,26036.24035
1,1844,1,FALSE,1,22.51931
1,1845,1,FALSE,1,26020.3574
1,1846,1,FALSE,1,26011.18463
1,1847,1,FALSE,1,26011.63182
1,1848,1,FALSE,1,10.3262
1,1849,1,FALSE,1,10.16881
1,1850,1,FALSE,1,10.12626
1,1851,1,FALSE,1,26027.05513
1,1852,1,FALSE,1,29447.45377
1,1853,1,FALSE,1,26027.48275
1,1854,1,TRUE,1,1
1,1855,1,FALSE,1,26027.07679
1,1856,1,FALSE,1,10.57118
1,1857,1,FALSE,1,26025.1164
1,1859,1,FALSE,1,28.64653
1,1860,1,FALSE,1,26036.51213
1,1861,1,FALSE,1,26026.53293
1,1862,1,FALSE,1,26017.06817
1,1863,1,FALSE,1,26020.01259
1,1864,1,FALSE,1,19475.47464
1,1865,1,FALSE,1,26036.53583
1,1866,1,FALSE,1,5.02843
1,1867,1,FALSE,1,1.23969
1,1868,1,FALSE,1,10.41119
1,1870,1,FALSE,1,26020.40235
1,1871,1,FALSE,1,26018.53364
1,1872,1,FALSE,1,26027.08909
1,1873,1,FALSE,1,26036.63468
1,1874,1,FALSE,1,26027.51772
1,1875,1,FALSE,1,1.66537
1,1877,1,FALSE,1,10.48926
1,1878,1,FALSE,1,3.6024
1,1879,1,FALSE,1,26018.40097
1,1880,1,FALSE,1,1.67566
1,1882,1,FALSE,1,26011.21054
1,1883,1,FALSE,1,26045.42303
1,1884,1,FALSE,1,10.02879
1,1886,1,FALSE,1,19.05834
1,1887,1,FALSE,1,10.07655
1,1888,1,FALSE,1,10.09654
1,1889,1,TRUE,1,1
1,1890,1,FALSE,1,1.39704
1,1891,1,FALSE,1,26018.00915
1,1892,1,FALSE,1,26027.30175
1,1893,1,FALSE,1,10.20219
1,1894,1,FALSE,1,26027.44267
1,1895,1,FALSE,1,26011.06881
1,1896,1,FALSE,1,13.47664
1,1897,1,TRUE,1,1
1,1898,1,FALSE,1,1.35913
1,1900,1,FALSE,1,26018.41966
1,1901,1,FALSE,1,13.15474
1,1902,1,FALSE,1,1.42121
1,1903,1,FALSE,1,1.15789
1,1904,1,FALSE,1,19.36429
1,1905,1,FALSE,1,3.61116
1,1906,1,FALSE,1,14.33587
1,1907,1,FALSE,1,1.43593
1,1908,1,FALSE,1,26018.66609
1,1909,1,FALSE,1,4.15595
1,1910,1,FALSE,1,26027.50446
1,1911,1,FALSE,1,28.34502
1,1912,1,FALSE,1,26027.0018
1,1913,1,FALSE,1,1.6244
1,1914,1,FALSE,1,26016.06388
1,1915,1,FALSE,1,12.50394
1,1916,1,TRUE,1,1
1,1917,1,FALSE,1,19.09272
1,1918,1,FALSE,1,10.40036
1,1919,1,FALSE,1,26018.56232
1,1920,1,FALSE,1,13.29282
1,1921,1,FALSE,1,26018.38316
1,1922,1,TRUE,1,1
1,1923,1,FALSE,1,26018.04715
1,1924,1,FALSE,1,1.31075
1,1925,1,FALSE,1,12.17301
1,1926,1,FALSE,1,26017.2664
1,1927,1,FALSE,1,26018.57127
1,1928,1,FALSE,1,22.37832
1,1929,1,FALSE,1,6488.53278
1,1930,1,FALSE,1,26018.62169
1,1931,1,FALSE,1,1.46215
1,1932,1,FALSE,1,26018.21693
1,1933,1,FALSE,1,26018.05368
1,1934,1,FALSE,1,26045.25879
1,1935,1,FALSE,1,26018.55422
1,1936,1,FALSE,1,26027.29145
1,1937,1,FALSE,1,10.17861
1,1938,1,FALSE,1,26027.65749
1,1939,1,FALSE,1,26027.56115
1,1940,1,FALSE,1,26036.53261
1,1941,1,FALSE,1,10.52965
1,1942,1,FALSE,1,21.38367
1,1943,1,FALSE,1,28.01381
1,1944,1,FALSE,1,26018.60455
1,1945,1,FALSE,1,12.44725
1,1946,1,FALSE,1,10.45524
1,1947,1,FALSE,1,26026.29873
1,1948,1,FALSE,1,26045.24332
1,1949,1,FALSE,1,26018.01085
1,1950,1,FALSE,1,26036.48518
1,1951,1,FALSE,1,12.41278
1,1952,1,FALSE,1,1.2888
1,1953,1,FALSE,1,14.16843
1,1954,1,FALSE,1,13.13671
1,1955,1,TRUE,1,1
1,1956,1,FALSE,1,19.62153
1,1957,1,FALSE,1,26034.37118
1,1958,1,FALSE,1,13.51184
1,1959,1,FALSE,1,26035.07603
1,1960,1,FALSE,1,19.64098
1,1961,1,FALSE,1,26034.32304
1,1962,1,FALSE,1,10.13137
1,1963,1,FALSE,1,13.05975
1,1964,1,FALSE,1,26036.12268
1,1965,1,FALSE,1,10.33404
1,1967,1,FALSE,1,26020.08801
1,1968,1,TRUE,1,1
1,1969,1,FALSE,1,26045.59407
1,1970,1,FALSE,1,23.06321
1,1971,1,FALSE,1,26027.26289
1,1972,1,FALSE,1,10.53852
1,1973,1,FALSE,1,1.50208
1,1974,1,FALSE,1,1.01942
1,1975,1,FALSE,1,26018.18899
1,1976,1,FALSE,1,10.44899
1,1977,1,FALSE,1,10.24286
1,1978,1,FALSE,1,31.19143
1,1980,1,FALSE,1,10.135
1,1981,1,FALSE,1,26036.41828
1,1982,1,FALSE,1,10.18676
1,1983,1,FALSE,1,10.22386
1,1984,1,FALSE,1,28.12425
1,1985,1,FALSE,1,26018.03204
1,1986,1,FALSE,1,26020.55361
1,1987,1,FALSE,1,26018.17289
1,1988,1,FALSE,1,26018.12537
1,1989,1,FALSE,1,26018.25522
1,1990,1,FALSE,1,1.19991
1,1991,1,FALSE,1,26025.67467
1,1992,1,FALSE,1,19.64719
1,1993,1,FALSE,1,10.0754
1,1994,1,FALSE,1,26036.20265
1,1995,1,FALSE,1,14.10003
1,1996,1,FALSE,1,26027.04724
1,1997,1,FALSE,1,19.31363
1,1998,1,FALSE,1,26026.05496
1,1999,1,FALSE,1,26020.19393
1,2001,1,FALSE,1,1.33886
1,2002,1,FALSE,1,26018.17994
1,2003,1,FALSE,1,22.52784
1,2004,1,FALSE,1,22.58587
1,2006,1,FALSE,1,26027.12542
1,2007,1,FALSE,1,26018.0588
1,2008,1,FALSE,1,10.32053
1,2009,1,FALSE,1,26018.47668
1,2010,1,FALSE,1,10.23605
1,2011,1,FALSE,1,13.12894
1,2012,1,FALSE,1,6488.2663
1,2013,1,FALSE,1,26027.56274
1,2014,1,FALSE,1,26018.57897
1,2015,1,FALSE,1,21.35383
1,2016,1,FALSE,1,26018.34593
1,2017,1,FALSE,1,26027.14764
1,2018,1,TRUE,1,1
1,2019,1,FALSE,1,10.36674
1,2020,1,FALSE,1,1.48741
1,2022,1,FALSE,1,26027.65584
1,2023,1,FALSE,1,19475.3274
1,2024,1,FALSE,1,1.09704
1,2025,1,FALSE,1,10.17459
1,2026,1,FALSE,1,1.27241
1,2027,1,FALSE,1,26018.29996
1,2028,1,FALSE,1,10.41714
1,2029,1,TRUE,1,1
1,2030,1,FALSE,1,26016.60896
1,2031,1,FALSE,1,19.6532
1,2032,1,FALSE,1,13.21807
1,2033,1,FALSE,1,10.59131
1,2034,1,FALSE,1,26018.25183
1,2035,1,FALSE,1,26025.58182
1,2036,1,FALSE,1,10.53121
1,2038,1,FALSE,1,19457.21617
1,2039,1,FALSE,1,26025.44562
1,2040,1,TRUE,1,1
1,2041,1,FALSE,1,26027.53378
1,2042,1,FALSE,1,10.63133
1,2043,1,FALSE,1,26027.50895
1,2044,1,FALSE,1,26027.15554
1,2045,1,FALSE,1,10.12391
1,2046,1,FALSE,1,26018.37681
1,2047,1,FALSE,1,26027.51491
1,2048,1,FALSE,1,26018.64228
1,2049,1,TRUE,1,1
1,2050,1,FALSE,1,26027.14037
1,2051,1,FALSE,1,26018.34305
1,2052,1,FALSE,1,28.43972
1,2053,1,TRUE,1,1
1,2055,1,TRUE,1,1
1,2056,1,FALSE,1,26036.03648
1,2057,1,FALSE,1,19.00168
1,2058,1,FALSE,1,32.55559
1,2059,1,FALSE,1,26027.64779
1,2060,1,FALSE,1,28.4145
1,2062,1,FALSE,1,26026.08041
1,2063,1,FALSE,1,1.62924
1,2064,1,FALSE,1,26017.24892
1,2065,1,TRUE,1,1
1,2066,1,FALSE,1,31.65487
1,2068,1,FALSE,1,26027.12482
1,2069,1,FALSE,1,26135.43682
1,2070,1,FALSE,1,10.27631
1,2071,1,FALSE,1,29456.18609
1,2072,1,FALSE,1,32.29815
1,2074,1,FALSE,1,10.58798
1,2075,1,TRUE,1,1
1,2076,1,FALSE,1,26018.28945
1,2077,1,FALSE,1,26018.00063
1,2078,1,FALSE,1,10.32165
1,2079,1,FALSE,1,1.48096
1,2080,1,FALSE,1,11.32391
1,2081,1,TRUE,1,1
1,2082,1,FALSE,1,26018.15076
1,2083,1,FALSE,1,28.55833
1,2084,1,FALSE,1,26036.17331
1,2085,1,FALSE,1,14.15923
1,2086,1,FALSE,1,10.48151
1,2087,1,FALSE,1,26027.34655
1,2088,1,FALSE,1,26036.52099
1,2089,1,FALSE,1,13.21412
1,2091,1,FALSE,1,28.10155
1,2092,1,FALSE,1,26018.2681
1,2093,1,FALSE,1,26011.0583
1,2094,1,FALSE,1,13.06969
1,2095,1,TRUE,1,1
1,2096,1,FALSE,1,13.17758
1,2097,1,FALSE,1,26036.15585
1,2098,1,FALSE,1,26018.22436
1,2099,1,FALSE,1,1.58751
1,2100,1,FALSE,1,26018.03411
1,2101,1,FALSE,1,26027.55613
1,2102,1,FALSE,1,10.00202
1,2103,1,FALSE,1,26044.28091
1,2104,1,FALSE,1,19.15953
1,2105,1,FALSE,1,14.60937
1,2106,1,FALSE,1,21.47233
1,2107,1,FALSE,1,12.04522
1,2108,1,FALSE,1,26018.06119
1,2109,1,FALSE,1,26018.59489
1,2110,1,FALSE,1,26018.47978
1,2111,1,FALSE,1,26011.63418
1,2112,1,FALSE,1,28.3245
1,2113,1,FALSE,1,26027.4612
1,2114,1,TRUE,1,1
1,2115,1,FALSE,1,26045.1841
1,2116,1,TRUE,1,1
1,2117,1,TRUE,1,1
1,2118,1,TRUE,1,1
1,2119,1,FALSE,1,10.12511
1,2120,1,FALSE,1,26025.12655
1,2121,1,FALSE,1,10.3273
1,2122,1,FALSE,1,26027.67515
1,2123,1,FALSE,1,26018.01403
1,2124,1,FALSE,1,26025.59964
1,2125,1,FALSE,1,26044.29453
1,2126,1,FALSE,1,6488.6469
1,2127,1,FALSE,1,26036.29898
1,2128,1,FALSE,1,19.1808
1,2129,1,FALSE,1,26027.39627
1,2130,1,FALSE,1,10.2675
1,2132,1,FALSE,1,26018.34999
1,2133,1,FALSE,1,26018.31784
1,2134,1,TRUE,1,1
1,2135,1,FALSE,1,3.50084
1,2136,1,FALSE,1,10.29565
1,2138,1,FALSE,1,26020.16501
1,2139,1,FALSE,1,19.32186
1,2140,1,FALSE,1,30.5567
1,2141,1,FALSE,1,26027.53283
1,2143,1,FALSE,1,26027.65285
1,2144,1,FALSE,1,10.40905
1,2145,1,FALSE,1,26027.34511
1,2147,1,FALSE,1,26029.03931
1,2148,1,FALSE,1,14.14419
1,2149,1,FALSE,1,26018.52768
1,2150,1,FALSE,1,26027.2579
1,2151,1,FALSE,1,26027.05495
1,2152,1,FALSE,1,26026.39408
1,2153,1,FALSE,1,31.11161
1,2154,1,FALSE,1,10.45599
1,2155,1,FALSE,1,26027.35924
1,2156,1,FALSE,1,10.53933
1,2157,1,FALSE,1,10.09434
1,2158,1,FALSE,1,12.6625
1,2159,1,FALSE,1,26027.67042
1,2160,1,FALSE,1,27728.26492
1,2161,1,FALSE,1,10.48799
1,2162,1,TRUE,1,1
1,2163,1,FALSE,1,26036.34413
1,2164,1,TRUE,1,1
1,2165,1,FALSE,1,26026.23939
1,2166,1,FALSE,1,28.08001
1,2167,1,FALSE,1,10.50064
1,2170,1,FALSE,1,26011.00754
1,2171,1,FALSE,1,26018.08091
1,2172,1,FALSE,1,23.12039
1,2173,1,FALSE,1,26026.35788
1,2174,1,FALSE,1,26018.17886
1,2175,1,FALSE,1,10.22272
1,2176,1,FALSE,1,26018.11318
1,2177,1,FALSE,1,26018.00155
1,2178,1,FALSE,1,19457.17645
1,2179,1,FALSE,1,1.29442
1,2180,1,FALSE,1,19.01173
1,2181,1,FALSE,1,26036.1324
1,2182,1,FALSE,1,26036.4021
1,2183,1,FALSE,1,21.50948
1,2184,1,FALSE,1,10.05026
1,2185,1,FALSE,1,26018.3781
1,2186,1,FALSE,1,26036.5604
1,2187,1,FALSE,1,26027.06152
1,2188,1,FALSE,1,10.6289
1,2189,1,FALSE,1,26027.02069
1,2190,1,FALSE,1,10.33631
1,2191,1,FALSE,1,26020.38762
1,2192,1,FALSE,1,26018.65706
1,2193,1,FALSE,1,26035.14893
1,2194,1,FALSE,1,1.45786
1,2195,1,FALSE,1,26027.34621
1,2196,1,FALSE,1,26027.19624
1,2197,1,FALSE,1,27728.50562
1,2198,1,FALSE,1,19.6401
1,2199,1,FALSE,1,10.39541
1,2200,1,FALSE,1,26036.59014
1,2201,1,FALSE,1,19.23608
1,2202,1,FALSE,1,26036.13375
1,2203,1,FALSE,1,27728.62702
1,2204,1,FALSE,1,19.35449
1,2205,1,FALSE,1,26043.5088
1,2206,1,FALSE,1,26027.1781
1,2207,1,FALSE,1,30.23039
1,2208,1,FALSE,1,10.02965
1,2209,1,FALSE,1,10.05106
1,2210,1,FALSE,1,31.49254
1,2211,1,FALSE,1,10.00822
1,2212,1,FALSE,1,26036.39924
1,2213,1,FALSE,1,26054.1161
1,2216,1,FALSE,1,19.43837
1,2217,1,FALSE,1,37.41633
1,2218,1,FALSE,1,26054.67625
1,2220,1,FALSE,1,10.35437
1,2221,1,FALSE,1,12.37168
1,2222,1,FALSE,1,5.20129
1,2223,1,FALSE,1,26027.51805
1,2224,1,FALSE,1,26020.36736
1,2225,1,FALSE,1,13.53044
1,2226,1,FALSE,1,26018.2719
1,2228,1,FALSE,1,10.63459
1,2229,1,FALSE,1,26027.49989
1,2230,1,FALSE,1,26027.48618
1,2231,1,FALSE,1,19.07789
1,2232,1,FALSE,1,21.40504
1,2233,1,FALSE,1,26016.56111
1,2234,1,FALSE,1,31.65951
1,2236,1,FALSE,1,26035.15723
1,2237,1,TRUE,1,1
1,2238,1,FALSE,1,26026.20072
1,2239,1,TRUE,1,1
1,2240,1,FALSE,1,26027.47663
1,2241,1,FALSE,1,26027.67453
1,2242,1,FALSE,1,19.67657
1,2243,1,FALSE,1,26027.65248
1,2244,1,TRUE,1,1
1,2245,1,FALSE,1,26018.01927
1,2246,1,FALSE,1,28.06833
1,2247,1,TRUE,1,1
1,2248,1,FALSE,1,12.03046
1,2249,1,FALSE,1,26036.63092
1,2250,1,FALSE,1,19457.64479
1,2251,1,FALSE,1,21.66709
1,2252,1,FALSE,1,10.19627
1,2253,1,FALSE,1,19466.21936
1,2254,1,TRUE,1,1
1,2255,1,FALSE,1,19457.56238
1,2256,1,FALSE,1,13.21137
1,2257,1,FALSE,1,1.0134
1,2259,1,FALSE,1,26018.42942
1,2260,1,FALSE,1,26036.61554
1,2262,1,FALSE,1,19.40653
1,2263,1,FALSE,1,26045.23485
1,2265,1,FALSE,1,10.44777
1,2266,1,FALSE,1,26027.0333
1,2268,1,FALSE,1,26029.53248
1,2269,1,FALSE,1,10.09824
1,2270,1,FALSE,1,26045.01631
1,2271,1,FALSE,1,26026.05918
1,2272,1,FALSE,1,32.40125
1,2273,1,FALSE,1,26018.49932
1,2274,1,FALSE,1,26020.09538
1,2275,1,FALSE,1,10.4441
1,2277,1,FALSE,1,26018.32413
1,2278,1,TRUE,1,1
1,2279,1,FALSE,1,26027.66497
1,2280,1,FALSE,1,1.60966
1,2281,1,FALSE,1,26017.62946
1,2282,1,FALSE,1,26027.48167
1,2283,1,FALSE,1,26026.40464
1,2285,1,FALSE,1,28.38551
1,2286,1,FALSE,1,26018.2656
1,2287,1,FALSE,1,5.21992
1,2288,1,FALSE,1,26027.09875
1,2289,1,FALSE,1,23.06033
1,2290,1,FALSE,1,6488.05183
1,2291,1,FALSE,1,21.19283
1,2292,1,FALSE,1,1.33487
1,2293,1,FALSE,1,26018.29641
1,2294,1,FALSE,1,32.02443
1,2295,1,FALSE,1,26045.5251
1,2296,1,FALSE,1,26036.52507
1,2297,1,FALSE,1,26027.18396
1,2299,1,FALSE,1,26045.40127
1,2300,1,FALSE,1,6488.16875
1,2301,1,FALSE,1,26018.618
1,2302,1,FALSE,1,10.0328
1,2303,1,FALSE,1,4.45066
1,2304,1,FALSE,1,10.30289
1,2305,1,FALSE,1,26054.4832
1,2307,1,FALSE,1,27737.33333
1,2309,1,FALSE,1,19.28396
1,2310,1,FALSE,1,26018.06352
1,2311,1,FALSE,1,19.08169
1,2312,1,FALSE,1,26017.1588
1,2313,1,FALSE,1,1.65667
1,2315,1,FALSE,1,26018.03109
1,2316,1,FALSE,1,23.07011
1,2317,1,FALSE,1,26018.21957
1,2318,1,FALSE,1,28.35037
1,2319,1,FALSE,1,26027.06386
1,2321,1,FALSE,1,26036.40403
1,2322,1,TRUE,1,1
1,2323,1,FALSE,1,1.09313
1,2324,1,FALSE,1,19457.57584
1,2325,1,FALSE,1,26018.24037
1,2326,1,FALSE,1,26027.0156
1,2327,1,FALSE,1,26027.14378
1,2328,1,FALSE,1,26027.09363
1,2329,1,FALSE,1,26016.28006
1,2330,1,FALSE,1,26045.59787
1,2331,1,FALSE,1,10.37049
1,2332,1,FALSE,1,19.29738
1,2333,1,TRUE,1,1
1,2334,1,FALSE,1,4.48686
1,2335,1,FALSE,1,10.20298
1,2337,1,TRUE,1,1
1,2338,1,TRUE,1,1
1,2339,1,FALSE,1,26027.42299
1,2340,1,FALSE,1,26018.09368
1,2341,1,TRUE,1,1
1,2342,1,TRUE,1,1
1,2343,1,TRUE,1,1
1,2344,1,TRUE,1,1
1,2345,1,TRUE,1,1
1,2346,1,TRUE,1,1
1,2347,1,TRUE,1,1
1,2348,1,TRUE,1,1
1,2349,1,TRUE,1,1
1,2350,1,TRUE,1,1
1,2351,1,TRUE,1,1
1,2352,1,TRUE,1,1
1,2353,1,TRUE,1,1
1,2354,1,TRUE,1,1
1,2355,1,TRUE,1,1
1,2356,1,FALSE,1,26027.07049
1,2357,1,FALSE,1,26027.63765
1,2358,1,FALSE,1,23.00124
1,2359,1,FALSE,1,21.55712
1,2360,1,FALSE,1,32.52577
1,2361,1,FALSE,1,12.43648
1,2362,1,FALSE,1,26027.50524
1,2363,1,FALSE,1,26018.13248
1,2364,1,FALSE,1,26027.67079
1,2365,1,FALSE,1,13.37322
1,2366,1,FALSE,1,12.43243
1,2367,1,FALSE,1,10.54536
1,2368,1,FALSE,1,14.34495
1,2369,1,FALSE,1,26036.43142
1,2370,1,FALSE,1,26027.6037
1,2371,1,FALSE,1,26027.47733
1,2372,1,FALSE,1,26027.032
1,2373,1,FALSE,1,26027.55562
1,2374,1,FALSE,1,1.38686
1,2375,1,FALSE,1,26026.38283
1,2376,1,FALSE,1,14.11914
1,2377,1,FALSE,1,10.55827
1,2378,1,FALSE,1,26036.67389
1,2379,1,FALSE,1,26018.07183
1,2380,1,FALSE,1,26027.64631
1,2381,1,FALSE,1,10.35712
1,2382,1,FALSE,1,10.26622
1,2384,1,FALSE,1,26036.56249
1,2385,1,FALSE,1,26020.045
1,2386,1,FALSE,1,26027.07771
1,2388,1,FALSE,1,26025.5735
1,2389,1,FALSE,1,26018.29428
1,2390,1,FALSE,1,19.48398
1,2391,1,FALSE,1,26036.31677
1,2392,1,FALSE,1,10.22145
1,2393,1,FALSE,1,26027.51147
1,2394,1,FALSE,1,19.07845
1,2395,1,FALSE,1,26135.4049
1,2396,1,FALSE,1,26045.35311
1,2397,1,FALSE,1,10.09211
1,2398,1,FALSE,1,26036.48752
1,2399,1,FALSE,1,26036.10734
1,2400,1,FALSE,1,19.28658
1,2401,1,FALSE,1,26045.48184
1,2402,1,FALSE,1,10.26058
1,2403,1,FALSE,1,26044.13149
1,2405,1,FALSE,1,10.67201
1,2406,1,FALSE,1,14.3804
1,2407,1,FALSE,1,26018.45138
1,2408,1,FALSE,1,26036.3937
1,2409,1,FALSE,1,28.52322
1,2410,1,FALSE,1,10.3282
1,2411,1,FALSE,1,27737.14761
1,2412,1,FALSE,1,26045.16986
1,2413,1,FALSE,1,4.65291
1,2414,1,FALSE,1,1.10697
1,2415,1,FALSE,1,26036.12123
1,2416,1,FALSE,1,26036.30852
1,2417,1,FALSE,1,4.66639
1,2418,1,FALSE,1,10.39182
1,2421,1,FALSE,1,26018.59246
1,2422,1,FALSE,1,4.39002
1,2423,1,FALSE,1,10.24984
1,2424,1,FALSE,1,14.0455
1,2425,1,FALSE,1,27746.137
1,2426,1,FALSE,1,26036.48539
1,2427,1,FALSE,1,1.39845
1,2428,1,FALSE,1,26018.31551
1,2429,1,FALSE,1,26036.2232
1,2430,1,FALSE,1,26018.58745
1,2431,1,FALSE,1,10.32838
1,2432,1,FALSE,1,26045.30174
1,2433,1,FALSE,1,31.35485
1,2435,1,FALSE,1,26027.03238
1,2436,1,FALSE,1,28.06379
1,2437,1,FALSE,1,10.62701
1,2438,1,FALSE,1,26036.06331
1,2439,1,FALSE,1,26036.13145
1,2440,1,FALSE,1,26017.13191
1,2441,1,FALSE,1,26027.08807
1,2442,1,FALSE,1,26027.17884
1,2443,1,TRUE,1,1
1,2444,1,FALSE,1,26034.10742
1,2445,1,TRUE,1,1
1,2446,1,FALSE,1,26018.02389
1,2447,1,FALSE,1,6488.53065
1,2448,1,FALSE,1,26034.28914
1,2449,1,FALSE,1,26054.57095
1,2450,1,FALSE,1,13.45419
1,2451,1,FALSE,1,26018.35483
1,2452,1,FALSE,1,1.47868
1,2453,1,FALSE,1,26020.18385
1,2454,1,FALSE,1,26018.15476
1,2455,1,FALSE,1,26018.20525
1,2456,1,FALSE,1,10.22538
1,2457,1,FALSE,1,26027.39576
1,2458,1,FALSE,1,26044.49598
1,2459,1,TRUE,1,1
1,2460,1,TRUE,1,1
1,2461,1,FALSE,1,26020.54584
1,2462,1,FALSE,1,26027.36302
1,2463,1,TRUE,1,1
1,2464,1,FALSE,1,1.10495
1,2465,1,FALSE,1,26036.39893
1,2466,1,FALSE,1,10.5231
1,2467,1,FALSE,1,26011.01761
1,2468,1,FALSE,1,26027.00812
1,2469,1,FALSE,1,41.1004
1,2470,1,FALSE,1,10.36726
1,2471,1,TRUE,1,1
1,2472,1,FALSE,1,26044.19988
1,2473,1,FALSE,1,10.38519
1,2474,1,FALSE,1,26045.1389
1,2475,1,FALSE,1,26018.65552
1,2476,1,FALSE,1,26018.67119
1,2478,1,FALSE,1,22.54681
1,2480,1,FALSE,1,27640.60504
1,2481,1,FALSE,1,26027.41973
1,2482,1,FALSE,1,26036.23373
1,2483,1,FALSE,1,14.4849
1,2484,1,FALSE,1,26035.67166
1,2485,1,FALSE,1,26036.2256
1,2486,1,TRUE,1,1
1,2487,1,TRUE,1,1
1,2488,1,TRUE,1,1
1,2489,1,FALSE,1,26018.64277
1,2490,1,FALSE,1,26018.55797
1,2491,1,FALSE,1,6488.35575
1,2492,1,FALSE,1,28.05989
1,2493,1,FALSE,1,26011.36964
1,2494,1,FALSE,1,10.49203
1,2495,1,FALSE,1,26018.34313
1,2496,1,TRUE,1,1
1,2497,1,FALSE,1,10.30704
1,2498,1,FALSE,1,26026.49071
1,2500,1,TRUE,1,1
1,2501,1,FALSE,1,26027.36375
1,2502,1,TRUE,1,1
1,2503,1,FALSE,1,22.11932
1,2504,1,FALSE,1,26018.17628
1,2505,1,FALSE,1,10.29367
1,2506,1,FALSE,1,28.54791
1,2507,1,FALSE,1,14.2143
1,2509,1,FALSE,1,26027.1125
1,2510,1,FALSE,1,26036.66579
1,2511,1,FALSE,1,21.44495
1,2512,1,FALSE,1,12977.17466
1,2513,1,FALSE,1,26018.29027
1,2514,1,FALSE,1,10.65341
1,2515,1,FALSE,1,26018.31689
1,2516,1,FALSE,1,26027.56041
1,2519,1,FALSE,1,12.5183
1,2520,1,FALSE,1,10.57551
1,2521,1,FALSE,1,26018.3471
1,2523,1,FALSE,1,10.11862
1,2524,1,FALSE,1,40.64805
1,2525,1,FALSE,1,1.44216
1,2526,1,FALSE,1,26036.65415
1,2527,1,FALSE,1,26018.24526
1,2528,1,TRUE,1,1
1,2529,1,FALSE,1,26018.07907
1,2530,1,FALSE,1,26018.27609
1,2531,1,FALSE,1,23.57799
1,2532,1,FALSE,1,19.46439
1,2533,1,FALSE,1,26036.0168
1,2534,1,FALSE,1,3.35054
1,2535,1,TRUE,1,1
1,2536,1,TRUE,1,1
1,2537,1,FALSE,1,26027.57452
1,2538,1,FALSE,1,26018.63462
1,2539,1,FALSE,1,12.01554
1,2540,1,FALSE,1,26026.54138
1,2541,1,FALSE,1,1.11077
1,2542,1,FALSE,1,26045.17615
1,2543,1,FALSE,1,26027.52904
1,2544,1,FALSE,1,26027.56548
1,2545,1,FALSE,1,26036.3392
1,2546,1,FALSE,1,10.5422
1,2547,1,FALSE,1,26017.22473
1,2548,1,FALSE,1,14.36103
1,2549,1,TRUE,1,1
1,2550,1,FALSE,1,26027.12621
1,2551,1,FALSE,1,26018.4936
1,2552,1,FALSE,1,19475.05387
1,2554,1,FALSE,1,12977.43092
1,2555,1,FALSE,1,10.18165
1,2556,1,FALSE,1,26018.33153
1,2557,1,FALSE,1,26018.03837
1,2558,1,FALSE,1,19.33885
1,2559,1,FALSE,1,26036.31053
1,2560,1,FALSE,1,28.61208
1,2561,1,FALSE,1,26018.18719
1,2562,1,FALSE,1,26027.12121
1,2563,1,FALSE,1,26018.11086
1,2564,1,FALSE,1,10.35823
1,2566,1,FALSE,1,22.42611
1,2567,1,FALSE,1,27727.23833
1,2568,1,FALSE,1,10.26398
1,2569,1,FALSE,1,1.12962
1,2570,1,FALSE,1,26018.22567
1,2571,1,FALSE,1,1.52088
1,2572,1,FALSE,1,26045.11198
1,2573,1,FALSE,1,14.61021
1,2574,1,FALSE,1,26027.30014
1,2575,1,FALSE,1,27735.5662
1,2576,1,FALSE,1,26027.60636
1,2577,1,TRUE,1,1
1,2578,1,TRUE,1,1
1,2579,1,FALSE,1,26027.18531
1,2580,1,FALSE,1,26018.02132
1,2581,1,FALSE,1,26018.06454
1,2582,1,FALSE,1,26011.3266
1,2583,1,TRUE,1,1
1,2584,1,FALSE,1,1.58698
1,2585,1,FALSE,1,26011.01899
1,2587,1,FALSE,1,26018.06176
1,2588,1,FALSE,1,26016.56786
1,2589,1,TRUE,1,1
1,2590,1,FALSE,1,26018.35654
1,2591,1,FALSE,1,26018.63748
1,2592,1,FALSE,1,26018.11517
1,2593,1,FALSE,1,26117.04001
1,2594,1,FALSE,1,21.07481
1,2595,1,FALSE,1,10.0343
1,2596,1,FALSE,1,26011.42123
1,2598,1,FALSE,1,26036.58014
1,2599,1,FALSE,1,14.25588
1,2600,1,FALSE,1,26036.1029
1,2602,1,FALSE,1,50.49867
1,2603,1,FALSE,1,12.5853
1,2604,1,FALSE,1,19.44383
1,2605,1,FALSE,1,26036.18243
1,2607,1,FALSE,1,12.46256
1,2608,1,TRUE,1,1
1,2609,1,FALSE,1,26027.23331
1,2610,1,FALSE,1,26018.57055
1,2611,1,FALSE,1,10.46561
1,2612,1,TRUE,1,1
1,2613,1,FALSE,1,26027.45675
1,2614,1,FALSE,1,26018.18115
1,2615,1,FALSE,1,19.35088
1,2616,1,FALSE,1,10.10244
1,2617,1,FALSE,1,26027.43434
1,2618,1,FALSE,1,26018.13235
1,2619,1,FALSE,1,26045.02621
1,2620,1,FALSE,1,10.61407
1,2621,1,FALSE,1,13.0001
1,2623,1,FALSE,1,1.19081
1,2624,1,FALSE,1,26029.12006
1,2625,1,TRUE,1,1
1,2626,1,FALSE,1,26027.62077
1,2627,1,FALSE,1,26018.34924
1,2628,1,FALSE,1,5.06333
1,2629,1,FALSE,1,26018.54502
1,2630,1,FALSE,1,14.21857
1,2631,1,FALSE,1,28.56434
1,2632,1,FALSE,1,27640.57175
1,2633,1,FALSE,1,26018.2349
1,2635,1,FALSE,1,10.67534
1,2636,1,FALSE,1,29272.63918
1,2637,1,FALSE,1,10.42509
1,2638,1,FALSE,1,26027.4444
1,2639,1,FALSE,1,26017.41007
1,2640,1,TRUE,1,1
1,2641,1,TRUE,1,1
1,2642,1,FALSE,1,26027.60101
1,2643,1,TRUE,1,1
1,2644,1,FALSE,1,10.41434
1,2645,1,TRUE,1,1
1,2646,1,FALSE,1,30.57885
1,2647,1,FALSE,1,3.45646
1,2648,1,FALSE,1,1.52605
1,2649,1,FALSE,1,26018.16264
1,2650,1,FALSE,1,26027.56512
1,2651,1,FALSE,1,26018.38006
1,2652,1,FALSE,1,26027.16183
1,2653,1,FALSE,1,1.6014
1,2654,1,FALSE,1,26027.18664
1,2655,1,FALSE,1,10.22508
1,2656,1,FALSE,1,26043.31335
1,2657,1,FALSE,1,26018.10969
1,2658,1,FALSE,1,26036.26583
1,2659,1,FALSE,1,26045.64495
1,2660,1,FALSE,1,26011.19207
1,2661,1,FALSE,1,26018.04394
1,2662,1,FALSE,1,26011.66293
1,2663,1,FALSE,1,26027.26254
1,2664,1,FALSE,1,26018.0902
1,2666,1,TRUE,1,1
1,2667,1,TRUE,1,1
1,2668,1,FALSE,1,12.39018
1,2670,1,FALSE,1,26018.47127
1,2671,1,FALSE,1,26027.41964
1,2672,1,FALSE,1,26018.00761
1,2673,1,FALSE,1,26018.429
1,2674,1,FALSE,1,6488.63688
1,2675,1,FALSE,1,26036.55617
1,2676,1,FALSE,1,10.04499
1,2678,1,TRUE,1,1
1,2679,1,TRUE,1,1
1,2680,1,FALSE,1,26027.21901
1,2681,1,FALSE,1,19475.44431
1,2682,1,FALSE,1,31.24426
1,2683,1,FALSE,1,26018.01276
1,2684,1,FALSE,1,26018.19289
1,2685,1,TRUE,1,1
1,2686,1,FALSE,1,5.51241
1,2687,1,FALSE,1,28.2315
1,2688,1,FALSE,1,26045.5448
1,2689,1,FALSE,1,26018.18173
1,2690,1,FALSE,1,26036.13467
1,2691,1,FALSE,1,26025.42987
1,2692,1,FALSE,1,26011.33526
1,2693,1,FALSE,1,26018.63421
1,2694,1,TRUE,1,1
1,2695,1,FALSE,1,23.35722
1,2696,1,FALSE,1,26018.39434
1,2697,1,FALSE,1,1.00278
1,2698,1,FALSE,1,26027.463
1,2700,1,TRUE,1,1
1,2701,1,FALSE,1,26027.444
1,2702,1,FALSE,1,19.45518
1,2703,1,FALSE,1,26027.5223
1,2705,1,FALSE,1,26027.4466
1,2706,1,TRUE,1,1
1,2707,1,TRUE,1,1
1,2708,1,FALSE,1,26018.07438
1,2709,1,FALSE,1,19.50362
1,2710,1,FALSE,1,26018.28694
1,2711,1,FALSE,1,26036.53473
1,2712,1,FALSE,1,26045.29691
1,2713,1,FALSE,1,26036.03777
1,2714,1,FALSE,1,26026.22374
1,2715,1,FALSE,1,26018.64236
1,2716,1,FALSE,1,26011.65643
1,2717,1,FALSE,1,13.0497
1,2718,1,FALSE,1,6488.41528
1,2719,1,TRUE,1,1
1,2720,1,TRUE,1,1
1,2721,1,FALSE,1,26018.09298
1,2722,1,TRUE,1,1
1,2723,1,TRUE,1,1
1,2724,1,FALSE,1,26018.54448
1,2725,1,FALSE,1,13.45809
1,2727,1,FALSE,1,23.35893
1,2728,1,FALSE,1,26025.46394
1,2729,1,FALSE,1,23.18796
1,2730,1,FALSE,1,26018.06308
1,2731,1,FALSE,1,2.66203
1,2732,1,FALSE,1,26045.31998
1,2733,1,FALSE,1,12977.447
1,2735,1,FALSE,1,26026.5284
1,2736,1,FALSE,1,5.06578
1,2737,1,TRUE,1,1
1,2738,1,FALSE,1,1.00246
1,2740,1,FALSE,1,1.3048
1,2741,1,TRUE,1,1
1,2742,1,FALSE,1,20.54269
1,2743,1,FALSE,1,40.2411
1,2744,1,FALSE,1,26018.09393
1,2745,1,FALSE,1,26036.46
1,2746,1,FALSE,1,26027.40396
1,2747,1,FALSE,1,26018.08431
1,2748,1,FALSE,1,26018.17257
1,2749,1,FALSE,1,10.44218
1,2750,1,FALSE,1,23.01681
1,2751,1,FALSE,1,26027.35355
1,2752,1,FALSE,1,26025.18046
1,2753,1,TRUE,1,1
1,2754,1,FALSE,1,26027.31357
1,2755,1,FALSE,1,10.02638
1,2756,1,FALSE,1,26027.1182
1,2757,1,FALSE,1,1.29069
1,2758,1,FALSE,1,26027.13628
1,2759,1,FALSE,1,26036.39308
1,2760,1,FALSE,1,26018.36845
1,2761,1,FALSE,1,23.33616
1,2762,1,FALSE,1,14.47109
1,2763,1,FALSE,1,12.03536
1,2764,1,FALSE,1,21.01168
1,2765,1,FALSE,1,26018.25499
1,2766,1,FALSE,1,26018.20423
1,2767,1,FALSE,1,26018.16693
1,2768,1,FALSE,1,26045.60999
1,2769,1,FALSE,1,10.23519
1,2770,1,FALSE,1,26018.31772
1,2771,1,FALSE,1,26018.20376
1,2772,1,FALSE,1,26018.18416
1,2773,1,FALSE,1,26036.35562
1,2774,1,FALSE,1,26018.52211
1,2775,1,FALSE,1,14.41954
1,2776,1,FALSE,1,19457.10589
1,2778,1,FALSE,1,19.40561
1,2779,1,FALSE,1,13.43687
1,2780,1,FALSE,1,10.27664
1,2781,1,FALSE,1,19482.60798
1,2782,1,FALSE,1,26036.35553
1,2783,1,FALSE,1,26036.42375
1,2784,1,FALSE,1,19.26616
1,2785,1,FALSE,1,26017.45751
1,2786,1,FALSE,1,26018.16765
1,2787,1,TRUE,1,1
1,2788,1,FALSE,1,26036.59743
1,2789,1,FALSE,1,22.51092
1,2790,1,FALSE,1,26027.06961
1,2791,1,FALSE,1,26045.63216
1,2793,1,FALSE,1,26027.63598
1,2794,1,FALSE,1,4.17912
1,2795,1,FALSE,1,29437.29488
1,2796,1,FALSE,1,1.07748
1,2797,1,FALSE,1,12.32263
1,2798,1,FALSE,1,13.42546
1,2799,1,TRUE,1,1
1,2800,1,FALSE,1,10.04814
1,2801,1,FALSE,1,14.63838
1,2802,1,FALSE,1,10.12398
1,2803,1,FALSE,1,19.31258
1,2804,1,FALSE,1,26036.05082
1,2805,1,FALSE,1,26045.13021
1,2806,1,FALSE,1,12.27569
1,2807,1,FALSE,1,10.09255
1,2808,1,FALSE,1,26043.16732
1,2809,1,FALSE,1,19.30677
1,2810,1,FALSE,1,26034.44152
1,2811,1,FALSE,1,5.62457
1,2812,1,FALSE,1,4.34866
1,2813,1,FALSE,1,1.48679
1,2814,1,FALSE,1,26036.38838
1,2815,1,FALSE,1,29456.53638
1,2816,1,FALSE,1,26034.37247
1,2817,1,FALSE,1,10.66931
1,2818,1,FALSE,1,26036.20778
1,2821,1,FALSE,1,21.43701
1,2823,1,FALSE,1,10.13125
1,2825,1,FALSE,1,19.16587
1,2826,1,FALSE,1,10.06807
1,2827,1,FALSE,1,26036.41899
1,2828,1,FALSE,1,10.5357
1,2829,1,FALSE,1,12.32987
1,2830,1,FALSE,1,1.53979
1,2831,1,FALSE,1,1.23648
1,2832,1,FALSE,1,26027.32676
1,2833,1,FALSE,1,26045.47885
1,2834,1,FALSE,1,28.14305
1,2835,1,FALSE,1,19.41361
1,2837,1,FALSE,1,26027.40002
1,2838,1,FALSE,1,13.07747
1,2839,1,FALSE,1,10.53913
1,2840,1,FALSE,1,26018.15491
1,2841,1,FALSE,1,1.01746
1,2842,1,FALSE,1,1.61361
1,2843,1,FALSE,1,1.27191
1,2844,1,FALSE,1,26027.6582
1,2845,1,FALSE,1,19.65411
1,2846,1,TRUE,1,1
1,2847,1,FALSE,1,22.37161
1,2848,1,TRUE,1,1
1,2849,1,FALSE,1,1.17001
1,2850,1,FALSE,1,26018.16809
1,2851,1,FALSE,1,26027.52881
1,2852,1,TRUE,1,1
1,2853,1,FALSE,1,12.13258
1,2854,1,TRUE,1,1
1,2855,1,FALSE,1,10.1993
1,2856,1,FALSE,1,26016.645
1,2857,1,FALSE,1,30.3817
1,2858,1,TRUE,1,1
1,2859,1,FALSE,1,26018.21511
1,2860,1,FALSE,1,26018.29473
1,2861,1,FALSE,1,19.42155
1,2862,1,FALSE,1,27746.34632
1,2863,1,FALSE,1,10.01433
1,2864,1,FALSE,1,10.11329
1,2865,1,FALSE,1,26036.5461
1,2866,1,FALSE,1,26036.11677
1,2867,1,FALSE,1,26045.29706
1,2868,1,FALSE,1,1.13898
1,2869,1,FALSE,1,29375.03798
1,2870,1,FALSE,1,26027.40319
1,2871,1,FALSE,1,19.29074
1,2872,1,FALSE,1,26027.33901
1,2873,1,FALSE,1,19475.07619
1,2874,1,FALSE,1,10.02806
1,2875,1,FALSE,1,26036.41183
1,2876,1,FALSE,1,26011.2829
1,2877,1,FALSE,1,26027.00544
1,2878,1,FALSE,1,19466.1687
1,2879,1,FALSE,1,22.03303
1,2880,1,TRUE,1,1
1,2881,1,FALSE,1,26018.20462
1,2882,1,TRUE,1,1
1,2883,1,FALSE,1,26027.5059
1,2884,1,FALSE,1,10.34336
1,2885,1,FALSE,1,26044.4898
1,2886,1,FALSE,1,26035.43694
1,2887,1,FALSE,1,26018.29398
1,2888,1,FALSE,1,26018.60103
1,2889,1,FALSE,1,26017.65509
1,2890,1,FALSE,1,10.58487
1,2891,1,FALSE,1,26063.09241
1,2892,1,FALSE,1,1.17431
1,2893,1,FALSE,1,26036.54277
1,2894,1,FALSE,1,26027.56537
1,2895,1,FALSE,1,1.41891
1,2896,1,TRUE,1,1
1,2897,1,FALSE,1,26027.28198
1,2898,1,FALSE,1,26020.2203
1,2900,1,FALSE,1,10.06415
1,2901,1,FALSE,1,26025.64208
1,2902,1,FALSE,1,26072.24645
1,2904,1,TRUE,1,1
1,2905,1,TRUE,1,1
1,2906,1,FALSE,1,26020.24144
1,2907,1,FALSE,1,14.59453
1,2908,1,FALSE,1,1.64941
1,2909,1,FALSE,1,19.47339
1,2910,1,FALSE,1,28.56907
1,2911,1,FALSE,1,10.23153
1,2912,1,FALSE,1,26035.58439
1,2913,1,FALSE,1,14.0796
1,2914,1,FALSE,1,10.40393
1,2915,1,FALSE,1,22.00928
1,2916,1,FALSE,1,31.02351
1,2917,1,TRUE,1,1
1,2918,1,FALSE,1,19.30613
1,2919,1,FALSE,1,26108.54265
1,2920,1,FALSE,1,10.1929
1,2922,1,FALSE,1,1.05487
1,2923,1,FALSE,1,26036.51604
1,2924,1,TRUE,1,1
1,2925,1,FALSE,1,22.33952
1,2926,1,FALSE,1,26027.48706
1,2927,1,FALSE,1,26018.59594
1,2928,1,FALSE,1,26018.67229
1,2929,1,FALSE,1,26018.25313
1,2930,1,FALSE,1,5.01174
1,2931,1,FALSE,1,26026.05291
1,2932,1,FALSE,1,5.66327
1,2933,1,FALSE,1,10.55419
1,2934,1,FALSE,1,4.61724
1,2935,1,TRUE,1,1
1,2936,1,FALSE,1,3.04045
1,2937,1,FALSE,1,10.44386
1,2938,1,FALSE,1,26045.65977
1,2939,1,FALSE,1,14.35136
1,2940,1,FALSE,1,26027.52477
1,2941,1,FALSE,1,26027.27373
1,2942,1,FALSE,1,26018.36301
1,2943,1,TRUE,1,1
1,2944,1,TRUE,1,1
1,2945,1,TRUE,1,1
1,2946,1,FALSE,1,26018.24278
1,2947,1,FALSE,1,1.19942
1,2948,1,FALSE,1,21.02374
1,2949,1,FALSE,1,26018.08772
1,2950,1,FALSE,1,26027.16897
1,2951,1,FALSE,1,26036.25412
1,2952,1,FALSE,1,10.5325
1,2953,1,FALSE,1,26027.07754
1,2954,1,FALSE,1,6488.37204
1,2955,1,FALSE,1,12977.05058
1,2956,1,TRUE,1,1
1,2957,1,FALSE,1,26027.21459
1,2958,1,FALSE,1,26027.31738
1,2959,1,FALSE,1,1.22451
1,2960,1,FALSE,1,6488.36067
1,2961,1,FALSE,1,26017.03989
1,2962,1,FALSE,1,10.17759
1,2964,1,FALSE,1,1.40382
1,2965,1,FALSE,1,26018.23141
1,2966,1,TRUE,1,1
1,2967,1,FALSE,1,12.20667
1,2968,1,FALSE,1,26027.51183
1,2969,1,FALSE,1,26018.67026
1,2970,1,FALSE,1,26027.51818
1,2971,1,FALSE,1,10.10159
1,2972,1,FALSE,1,13.67507
1,2973,1,FALSE,1,26027.03214
1,2974,1,FALSE,1,19.45215
1,2975,1,FALSE,1,26018.07453
1,2976,1,FALSE,1,26027.48475
1,2977,1,FALSE,1,10.17213
1,2978,1,FALSE,1,10.49747
1,2979,1,FALSE,1,26036.36947
1,2980,1,FALSE,1,11.66302
1,2981,1,FALSE,1,4.00452
1,2983,1,FALSE,1,28.09825
1,2985,1,FALSE,1,13.19153
1,2986,1,FALSE,1,26036.65278
1,2987,1,FALSE,1,4.35171
1,2988,1,FALSE,1,12.43761
1,2989,1,FALSE,1,26018.16639
1,2990,1,FALSE,1,26027.29553
1,2991,1,TRUE,1,1
1,2992,1,FALSE,1,26026.36916
1,2993,1,FALSE,1,26036.31384
1,2994,1,FALSE,1,10.54903
1,2995,1,FALSE,1,26018.55308
1,2996,1,FALSE,1,26018.4841
1,2997,1,FALSE,1,21.55238
1,2998,1,FALSE,1,26036.09063
1,2999,1,TRUE,1,1
1,3000,1,FALSE,1,19.08728
1,3001,1,FALSE,1,26020.20649
1,3002,1,FALSE,1,26027.20983
1,3003,1,FALSE,1,26054.62182
1,3004,1,FALSE,1,26018.26932
1,3005,1,FALSE,1,26027.17354
1,3006,1,FALSE,1,1.35906
1,3007,1,FALSE,1,26018.17488
1,3008,1,FALSE,1,28.43068
1,3009,1,FALSE,1,19457.16287
1,3010,1,FALSE,1,28.31644
1,3011,1,FALSE,1,26045.44692
1,3012,1,FALSE,1,3.52969
1,3013,1,FALSE,1,10.46238
1,3014,1,FALSE,1,26036.16762
1,3015,1,FALSE,1,26027.15417
1,3016,1,FALSE,1,10.54527
1,3017,1,FALSE,1,10.21025
1,3018,1,FALSE,1,22.66638
1,3019,1,FALSE,1,4.49629
1,3020,1,FALSE,1,10.37321
1,3021,1,FALSE,1,13.44372
1,3022,1,FALSE,1,10.21398
1,3023,1,FALSE,1,26018.51638
1,3024,1,FALSE,1,12.14345
1,3026,1,FALSE,1,1.21188
1,3027,1,FALSE,1,26045.25179
1,3029,1,FALSE,1,26027.41849
1,3030,1,FALSE,1,26027.25894
1,3031,1,FALSE,1,10.25963
1,3034,1,TRUE,1,1
1,3035,1,TRUE,1,1
1,3036,1,TRUE,1,1
1,3037,1,TRUE,1,1
1,3038,1,FALSE,1,13.25893
1,3039,1,FALSE,1,19.53769
1,3040,1,FALSE,1,26027.4679
1,3041,1,FALSE,1,26018.43692
1,3042,1,FALSE,1,21.05652
1,3043,1,FALSE,1,26018.6253
1,3044,1,FALSE,1,19.35458
1,3045,1,FALSE,1,26018.59737
1,3046,1,FALSE,1,26018.3687
1,3047,1,FALSE,1,26018.49916
1,3048,1,FALSE,1,26020.5901
1,3049,1,FALSE,1,26027.02171
1,3050,1,FALSE,1,10.21821
1,3051,1,FALSE,1,26018.49297
1,3054,1,FALSE,1,10.48458
1,3055,1,FALSE,1,26011.28388
1,3056,1,FALSE,1,28.37283
1,3057,1,FALSE,1,26035.60169
1,3058,1,FALSE,1,27649.157
1,3059,1,FALSE,1,26027.23294
1,3060,1,FALSE,1,26026.09648
1,3061,1,FALSE,1,27755.11244
1,3062,1,FALSE,1,10.25943
1,3063,1,FALSE,1,14.0059
1,3064,1,FALSE,1,10.66927
1,3067,1,FALSE,1,26135.28687
1,3068,1,FALSE,1,26027.03268
1,3070,1,FALSE,1,10.50259
1,3071,1,FALSE,1,26026.34008
1,3072,1,FALSE,1,13.60364
1,3073,1,FALSE,1,26045.27321
1,3074,1,FALSE,1,5.0486
1,3075,1,FALSE,1,26027.23587
1,3076,1,FALSE,1,26018.01034
1,3077,1,FALSE,1,19.08875
1,3078,1,FALSE,1,26045.32028
1,3079,1,FALSE,1,28.10279
1,3080,1,FALSE,1,10.29476
1,3082,1,FALSE,1,26036.58845
1,3084,1,FALSE,1,26011.41248
1,3085,1,FALSE,1,26027.30841
1,3086,1,FALSE,1,10.61655
1,3087,1,TRUE,1,1
1,3088,1,FALSE,1,19.1833
1,3089,1,FALSE,1,26020.0436
1,3090,1,FALSE,1,26036.47133
1,3091,1,FALSE,1,26045.56814
1,3092,1,FALSE,1,26020.52441
1,3093,1,FALSE,1,26126.29119
1,3094,1,FALSE,1,22.26758
1,3095,1,FALSE,1,26036.31858
1,3096,1,FALSE,1,14.61199
1,3097,1,FALSE,1,26027.24956
1,3098,1,FALSE,1,1.51101
1,3099,1,TRUE,1,1
1,3100,1,FALSE,1,26018.59853
1,3101,1,TRUE,1,1
1,3102,1,FALSE,1,27640.01358
1,3103,1,FALSE,1,32.17894
1,3104,1,FALSE,1,26027.46535
1,3105,1,FALSE,1,14.41897
1,3106,1,FALSE,1,26018.23024
1,3107,1,FALSE,1,26027.29635
1,3108,1,FALSE,1,26027.29087
1,3109,1,FALSE,1,19473.01025
1,3110,1,TRUE,1,1
1,3111,1,TRUE,1,1
1,3112,1,TRUE,1,1
1,3113,1,TRUE,1,1
1,3114,1,FALSE,1,10.62276
1,3115,1,FALSE,1,1.02926
1,3116,1,FALSE,1,26036.0151
1,3117,1,FALSE,1,26045.20043
1,3120,1,FALSE,1,26036.3032
1,3121,1,FALSE,1,10.34709
1,3122,1,FALSE,1,27737.03678
1,3123,1,FALSE,1,19455.6716
1,3124,1,FALSE,1,19466.33517
1,3126,1,FALSE,1,26043.22882
1,3127,1,FALSE,1,30.10259
1,3128,1,FALSE,1,26027.36018
1,3129,1,FALSE,1,26034.61054
1,3130,1,FALSE,1,10.11416
1,3131,1,FALSE,1,19.35462
1,3132,1,FALSE,1,26036.46646
1,3133,1,FALSE,1,26027.09419
1,3134,1,TRUE,1,1
1,3135,1,FALSE,1,26036.02053
1,3136,1,TRUE,1,1
1,3139,1,FALSE,1,26035.49171
1,3141,1,FALSE,1,26045.07236
1,3142,1,FALSE,1,10.10125
1,3143,1,FALSE,1,12.32155
1,3144,1,FALSE,1,26045.67561
1,3145,1,FALSE,1,10.52803
1,3146,1,FALSE,1,10.66069
1,3147,1,FALSE,1,26036.4637
1,3148,1,FALSE,1,13.31944
1,3149,1,FALSE,1,10.64659
1,3150,1,FALSE,1,26018.26025
1,3152,1,FALSE,1,19.04015
1,3153,1,FALSE,1,26035.23269
1,3154,1,FALSE,1,28.01306
1,3156,1,FALSE,1,37.39653
1,3157,1,FALSE,1,10.07981
1,3158,1,FALSE,1,26043.02907
1,3159,1,FALSE,1,14.02337
1,3160,1,FALSE,1,1.49973
1,3161,1,FALSE,1,19.03784
1,3162,1,FALSE,1,6488.05236
1,3163,1,FALSE,1,26036.48621
1,3164,1,TRUE,1,1
1,3166,1,FALSE,1,26036.41682
1,3167,1,FALSE,1,26018.28166
1,3168,1,TRUE,1,1
1,3169,1,TRUE,1,1
1,3170,1,FALSE,1,26045.34
1,3174,1,TRUE,1,1
1,3175,1,TRUE,1,1
1,3176,1,FALSE,1,26045.13827
1,3177,1,FALSE,1,1.40823
1,3178,1,FALSE,1,26018.5981
1,3179,1,TRUE,1,1
1,3180,1,FALSE,1,26018.44429
1,3181,1,FALSE,1,26018.51528
1,3182,1,FALSE,1,26018.13461
1,3183,1,FALSE,1,26027.66165
1,3184,1,TRUE,1,1
1,3185,1,FALSE,1,26018.03795
1,3186,1,FALSE,1,10.20689
1,3187,1,FALSE,1,26018.28994
1,3188,1,FALSE,1,26018.30433
1,3189,1,FALSE,1,26017.2032
1,3190,1,FALSE,1,4.49007
1,3191,1,FALSE,1,26036.06533
1,3192,1,FALSE,1,26027.06865
1,3193,1,FALSE,1,11.17146
1,3194,1,FALSE,1,1.3903
1,3196,1,FALSE,1,1.13386
1,3197,1,FALSE,1,1.35554
1,3198,1,FALSE,1,1.48568
1,3200,1,FALSE,1,19.45555
1,3201,1,FALSE,1,26036.33227
1,3202,1,FALSE,1,10.05985
1,3203,1,FALSE,1,27662.27503
1,3204,1,FALSE,1,5.42403
1,3206,1,FALSE,1,26036.25785
1,3208,1,FALSE,1,22.00846
1,3209,1,FALSE,1,13.29203
1,3210,1,FALSE,1,13.15475
1,3211,1,FALSE,1,12977.11746
1,3212,1,FALSE,1,26027.19884
1,3213,1,FALSE,1,3.42664
1,3214,1,TRUE,1,1
1,3215,1,FALSE,1,26045.23861
1,3216,1,FALSE,1,26036.48046
1,3217,1,FALSE,1,30.18847
1,3218,1,FALSE,1,14.16036
1,3219,1,FALSE,1,10.13124
1,3220,1,FALSE,1,19.17598
1,3221,1,FALSE,1,21.43919
1,3222,1,FALSE,1,29375.0731
1,3223,1,FALSE,1,23.64066
1,3224,1,FALSE,1,26018.22765
1,3225,1,FALSE,1,10.58077
1,3226,1,FALSE,1,26018.20774
1,3227,1,FALSE,1,26018.56945
1,3229,1,TRUE,1,1
1,3230,1,TRUE,1,1
1,3231,1,FALSE,1,26045.09214
1,3232,1,FALSE,1,19.10213
1,3233,1,FALSE,1,19.49223
1,3234,1,FALSE,1,14.04528
1,3235,1,FALSE,1,26027.10584
1,3236,1,FALSE,1,10.62527
1,3237,1,TRUE,1,1
1,3238,1,TRUE,1,1
1,3239,1,FALSE,1,4.25004
1,3240,1,FALSE,1,26036.60913
1,3241,1,FALSE,1,26027.63004
1,3242,1,FALSE,1,1.13801
1,3243,1,FALSE,1,26026.15834
1,3244,1,FALSE,1,10.1988
1,3245,1,FALSE,1,26011.56128
1,3246,1,FALSE,1,13.47167
1,3248,1,FALSE,1,26018.44554
1,3249,1,FALSE,1,4.29701
1,3250,1,FALSE,1,19475.63605
1,3251,1,FALSE,1,10.24126
1,3252,1,FALSE,1,13.23347
1,3253,1,FALSE,1,26018.17492
1,3254,1,FALSE,1,26018.39819
1,3255,1,FALSE,1,26027.26834
1,3256,1,FALSE,1,26027.49175
1,3257,1,FALSE,1,26036.44161
1,3258,1,FALSE,1,26026.00143
1,3259,1,FALSE,1,26026.63577
1,3260,1,FALSE,1,26027.65811
1,3261,1,FALSE,1,27845.58997
1,3262,1,FALSE,1,28.42369
1,3264,1,FALSE,1,19.31606
1,3265,1,FALSE,1,26036.19783
1,3266,1,FALSE,1,26018.31659
1,3267,1,FALSE,1,19.56066
1,3268,1,TRUE,1,1
1,3269,1,FALSE,1,26027.49563
1,3270,1,FALSE,1,22.64482
1,3271,1,FALSE,1,26027.00661
1,3272,1,FALSE,1,14.48286
1,3273,1,FALSE,1,26035.51591
1,3274,1,FALSE,1,13.19239
1,3275,1,FALSE,1,26025.45072
1,3276,1,FALSE,1,26045.54652
1,3277,1,FALSE,1,26034.31613
1,3278,1,TRUE,1,1
1,3279,1,FALSE,1,1.32331
1,3281,1,TRUE,1,1
1,3282,1,FALSE,1,28.38103
1,3284,1,FALSE,1,27746.15867
1,3285,1,TRUE,1,1
1,3286,1,FALSE,1,26027.13488
1,3287,1,FALSE,1,19.42004
1,3288,1,FALSE,1,26018.08699
1,3289,1,FALSE,1,26027.16579
1,3290,1,TRUE,1,1
1,3291,1,FALSE,1,26016.46891
1,3292,1,TRUE,1,1
1,3293,1,FALSE,1,22.39633
1,3294,1,FALSE,1,1.56498
1,3300,1,FALSE,1,26018.56663
1,3301,1,FALSE,1,1.43877
1,3302,1,FALSE,1,26018.16544
1,3303,1,FALSE,1,26017.05388
1,3304,1,FALSE,1,26036.10246
1,3305,1,FALSE,1,19.10881
1,3306,1,FALSE,1,6488.10898
1,3307,1,FALSE,1,10.24484
1,3308,1,FALSE,1,19464.19156
1,3309,1,FALSE,1,26043.36014
1,3310,1,FALSE,1,26020.24453
1,3311,1,FALSE,1,26018.2895
1,3312,1,FALSE,1,1.00198
1,3313,1,FALSE,1,3.6193
1,3314,1,FALSE,1,28.17658
1,3315,1,FALSE,1,10.66411
1,3316,1,FALSE,1,12.63359
1,3321,1,FALSE,1,21.66198
1,3322,1,FALSE,1,26018.02263
1,3324,1,FALSE,1,26027.12128
1,3325,1,FALSE,1,11.51119
1,3326,1,FALSE,1,22.06451
1,3327,1,FALSE,1,19457.48269
1,3328,1,FALSE,1,1.136
1,3329,1,FALSE,1,26027.11282
1,3330,1,FALSE,1,26026.44972
1,3331,1,FALSE,1,10.34396
1,3332,1,FALSE,1,23.47989
1,3334,1,FALSE,1,26027.19915
1,3335,1,FALSE,1,26027.57898
1,3337,1,FALSE,1,26036.20542
1,3339,1,TRUE,1,1
1,3340,1,TRUE,1,1
1,3341,1,TRUE,1,1
1,3342,1,TRUE,1,1
1,3343,1,FALSE,1,26045.24172
1,3344,1,FALSE,1,26027.35878
1,3345,1,FALSE,1,13.59661
1,3346,1,FALSE,1,26045.21297
1,3347,1,FALSE,1,26018.08941
1,3348,1,FALSE,1,26018.30536
1,3349,1,FALSE,1,26018.01667
1,3350,1,FALSE,1,10.13679
1,3351,1,FALSE,1,26036.40252
1,3352,1,FALSE,1,4.02162
1,3353,1,FALSE,1,26027.38425
1,3354,1,FALSE,1,28.45522
1,3357,1,FALSE,1,22.4859
1,3358,1,FALSE,1,26018.39312
1,3360,1,FALSE,1,12.58353
1,3361,1,FALSE,1,26027.22716
1,3362,1,FALSE,1,13.27543
1,3363,1,FALSE,1,26045.30488
1,3364,1,TRUE,1,1
1,3365,1,TRUE,1,1
1,3366,1,FALSE,1,26027.13598
1,3367,1,FALSE,1,1.58591
1,3368,1,FALSE,1,26027.4766
1,3369,1,FALSE,1,26027.22789
1,3370,1,FALSE,1,10.27327
1,3371,1,FALSE,1,29357.27037
1,3372,1,FALSE,1,10.65728
1,3373,1,FALSE,1,12.32908
1,3374,1,FALSE,1,26027.16766
1,3375,1,FALSE,1,10.5146
1,3376,1,FALSE,1,10.67194
1,3377,1,FALSE,1,26026.48634
1,3378,1,FALSE,1,10.02046
1,3379,1,FALSE,1,26036.58792
1,3380,1,FALSE,1,28.43263
1,3381,1,FALSE,1,13.52921
1,3383,1,FALSE,1,26036.38395
1,3384,1,FALSE,1,26027.04972
1,3385,1,FALSE,1,1.13759
1,3386,1,FALSE,1,1.08891
1,3387,1,FALSE,1,23.04083
1,3388,1,FALSE,1,26045.32588
1,3389,1,FALSE,1,1.15715
1,3390,1,FALSE,1,26018.09066
1,3391,1,TRUE,1,1
1,3392,1,FALSE,1,26027.01671
1,3393,1,FALSE,1,6488.23334
1,3394,1,FALSE,1,26036.65852
1,3395,1,FALSE,1,26018.04534
1,3396,1,FALSE,1,26018.01087
1,3397,1,FALSE,1,26025.51578
1,3398,1,TRUE,1,1
1,3399,1,TRUE,1,1
1,3400,1,FALSE,1,26035.66773
1,3401,1,TRUE,1,1
1,3402,1,FALSE,1,1.29923
1,3403,1,FALSE,1,26027.53538
1,3404,1,TRUE,1,1
1,3405,1,TRUE,1,1
1,3406,1,FALSE,1,26027.37026
1,3407,1,FALSE,1,26045.41962
1,3408,1,FALSE,1,26108.37697
1,3409,1,TRUE,1,1
1,3410,1,FALSE,1,10.07265
1,3411,1,FALSE,1,26036.16044
1,3412,1,TRUE,1,1
1,3413,1,TRUE,1,1
1,3414,1,FALSE,1,4.39873
1,3415,1,FALSE,1,26027.27713
1,3416,1,FALSE,1,26027.08799
1,3417,1,FALSE,1,10.17604
1,3418,1,FALSE,1,26045.4191
1,3419,1,FALSE,1,26036.2206
1,3420,1,FALSE,1,13.01502
1,3421,1,FALSE,1,26018.31098
1,3422,1,FALSE,1,10.5966
1,3423,1,FALSE,1,26027.59194
1,3424,1,FALSE,1,1.462
1,3425,1,FALSE,1,3.32276
1,3426,1,FALSE,1,10.00071
1,3427,1,FALSE,1,26018.13147
1,3428,1,FALSE,1,4.47633
1,3429,1,TRUE,1,1
1,3430,1,TRUE,1,1
1,3431,1,FALSE,1,12.59354
1,3433,1,FALSE,1,19.22741
1,3436,1,FALSE,1,10.09504
1,3437,1,FALSE,1,19.0854
1,3438,1,FALSE,1,1.51949
1,3439,1,FALSE,1,26027.28037
1,3440,1,FALSE,1,26018.11362
1,3441,1,FALSE,1,26027.43112
1,3442,1,FALSE,1,26018.13302
1,3443,1,FALSE,1,19.23204
1,3444,1,FALSE,1,26054.35064
1,3445,1,FALSE,1,26018.62248
1,3446,1,FALSE,1,29438.65164
1,3447,1,FALSE,1,10.09862
1,3448,1,FALSE,1,5.50164
1,3449,1,FALSE,1,10.60653
1,3450,1,FALSE,1,1.24642
1,3451,1,FALSE,1,26018.23621
1,3452,1,FALSE,1,19.21931
1,3453,1,TRUE,1,1
1,3454,1,FALSE,1,26018.5832
1,3455,1,FALSE,1,22.11562
1,3456,1,FALSE,1,4.45514
1,3461,1,FALSE,1,10.58611
1,3462,1,FALSE,1,31.04388
1,3463,1,TRUE,1,1
1,3464,1,FALSE,1,12986.59191
1,3465,1,FALSE,1,26027.05792
1,3467,1,TRUE,1,1
1,3468,1,TRUE,1,1
1,3469,1,TRUE,1,1
1,3470,1,FALSE,1,26027.06612
1,3471,1,TRUE,1,1
1,3472,1,TRUE,1,1
1,3473,1,TRUE,1,1
1,3474,1,TRUE,1,1
1,3475,1,TRUE,1,1
1,3476,1,TRUE,1,1
1,3477,1,TRUE,1,1
1,3478,1,TRUE,1,1
1,3479,1,TRUE,1,1
1,3480,1,TRUE,1,1
1,3481,1,TRUE,1,1
1,3482,1,TRUE,1,1
1,3483,1,FALSE,1,26020.29692
1,3484,1,FALSE,1,10.13781
1,3485,1,FALSE,1,26027.39638
1,3486,1,FALSE,1,26027.36689
1,3487,1,FALSE,1,10.36291
1,3489,1,FALSE,1,26027.55204
1,3490,1,FALSE,1,26035.52461
1,3491,1,FALSE,1,13.63248
1,3492,1,FALSE,1,10.67323
1,3493,1,FALSE,1,19.43485
1,3494,1,FALSE,1,26018.31739
1,3495,1,FALSE,1,26027.05624
1,3496,1,FALSE,1,13.44498
1,3497,1,FALSE,1,26036.6312
1,3498,1,FALSE,1,10.13866
1,3499,1,FALSE,1,19.127
1,3500,1,TRUE,1,1
1,3501,1,TRUE,1,1
1,3502,1,FALSE,1,14.10381
1,3503,1,FALSE,1,19457.30866
1,3504,1,FALSE,1,22.6622
1,3507,1,FALSE,1,13.16333
1,3508,1,FALSE,1,10.15088
1,3510,1,FALSE,1,10.56046
1,3511,1,FALSE,1,26036.29921
1,3512,1,FALSE,1,19.30069
1,3513,1,FALSE,1,28.1526
1,3514,1,FALSE,1,26027.56356
1,3515,1,FALSE,1,26027.57252
1,3516,1,FALSE,1,10.51867
1,3517,1,FALSE,1,26026.00203
1,3518,1,FALSE,1,10.28729
1,3519,1,FALSE,1,12.4373
1,3520,1,FALSE,1,19474.08126
1,3521,1,FALSE,1,26052.03168
1,3522,1,FALSE,1,26045.34605
1,3523,1,FALSE,1,19.33804
1,3525,1,FALSE,1,3.15999
1,3526,1,FALSE,1,26018.16322
1,3527,1,FALSE,1,21.16706
1,3528,1,FALSE,1,26025.61005
1,3529,1,FALSE,1,31.62664
1,3530,1,FALSE,1,26045.37107
1,3531,1,FALSE,1,12.16274
1,3533,1,FALSE,1,26018.14904
1,3534,1,FALSE,1,26045.66158
1,3535,1,FALSE,1,5.39752
1,3536,1,FALSE,1,22.24877
1,3537,1,FALSE,1,10.06798
1,3539,1,FALSE,1,31.02877
1,3540,1,FALSE,1,26054.31577
1,3541,1,TRUE,1,1
1,3542,1,FALSE,1,26027.29497
1,3543,1,FALSE,1,26018.07786
1,3544,1,TRUE,1,1
1,3545,1,FALSE,1,26036.37225
1,3546,1,FALSE,1,26027.21179
1,3547,1,FALSE,1,26045.52399
1,3548,1,FALSE,1,26027.02243
1,3549,1,FALSE,1,27746.0082
1,3550,1,FALSE,1,12.43401
1,3551,1,FALSE,1,26045.03613
1,3552,1,FALSE,1,26027.12749
1,3553,1,FALSE,1,26036.25868
1,3554,1,FALSE,1,26027.02028
1,3555,1,FALSE,1,26045.46631
1,3556,1,FALSE,1,10.22433
1,3558,1,FALSE,1,19.22413
1,3559,1,FALSE,1,26035.01461
1,3560,1,FALSE,1,1.24685
1,3561,1,FALSE,1,26027.36969
1,3562,1,FALSE,1,19.62246
1,3563,1,FALSE,1,10.62504
1,3564,1,FALSE,1,41.48001
1,3565,1,FALSE,1,26027.02613
1,3566,1,FALSE,1,1.1606
1,3567,1,FALSE,1,10.43958
1,3568,1,FALSE,1,26045.00221
1,3569,1,FALSE,1,10.19498
1,3570,1,FALSE,1,26044.45778
1,3571,1,TRUE,1,1
1,3572,1,FALSE,1,5.47168
1,3573,1,FALSE,1,26036.30131
1,3574,1,FALSE,1,13.39077
1,3575,1,FALSE,1,26026.30024
1,3576,1,FALSE,1,26018.01688
1,3577,1,FALSE,1,26018.66686
1,3578,1,FALSE,1,10.48535
1,3579,1,FALSE,1,14.50293
1,3580,1,FALSE,1,26018.46521
1,3581,1,FALSE,1,28.27965
1,3583,1,FALSE,1,26045.1393
1,3584,1,FALSE,1,26054.28484
1,3586,1,FALSE,1,10.1009
1,3587,1,FALSE,1,14.51477
1,3588,1,FALSE,1,37.64672
1,3589,1,FALSE,1,26025.29265
1,3590,1,FALSE,1,32.27934
1,3591,1,FALSE,1,26027.6338
1,3592,1,TRUE,1,1
1,3593,1,FALSE,1,10.25757
1,3594,1,FALSE,1,26027.55485
1,3595,1,FALSE,1,26036.34307
1,3596,1,FALSE,1,26036.08834
1,3597,1,FALSE,1,10.01733
1,3598,1,FALSE,1,28.0292
1,3601,1,FALSE,1,26036.32532
1,3603,1,FALSE,1,1.60083
1,3604,1,FALSE,1,26034.40084
1,3605,1,FALSE,1,26027.65779
1,3607,1,FALSE,1,19.53147
1,3608,1,FALSE,1,26053.18483
1,3609,1,FALSE,1,26027.1213
1,3611,1,FALSE,1,10.27611
1,3612,1,FALSE,1,26027.00578
1,3613,1,FALSE,1,26053.34356
1,3614,1,FALSE,1,26027.30685
1,3615,1,FALSE,1,26018.58289
1,3617,1,FALSE,1,26027.35405
1,3618,1,FALSE,1,10.54383
1,3619,1,FALSE,1,37.51817
1,3620,1,FALSE,1,26036.03104
1,3621,1,FALSE,1,26027.41068
1,3622,1,FALSE,1,26018.13319
1,3623,1,TRUE,1,1
1,3624,1,FALSE,1,1.15401
1,3625,1,FALSE,1,26027.04177
1,3626,1,TRUE,1,1
1,3627,1,FALSE,1,26027.03984
1,3628,1,FALSE,1,26036.31332
1,3629,1,TRUE,1,1
1,3630,1,TRUE,1,1
1,3631,1,FALSE,1,26027.47523
1,3632,1,TRUE,1,1
1,3633,1,FALSE,1,1.08958
1,3634,1,TRUE,1,1
1,3635,1,TRUE,1,1
1,3636,1,TRUE,1,1
1,3637,1,FALSE,1,26018.50375
1,3639,1,FALSE,1,22.12178
1,3640,1,FALSE,1,14.17689
1,3641,1,FALSE,1,10.61979
1,3642,1,FALSE,1,26027.28088
1,3643,1,FALSE,1,26027.0083
1,3644,1,FALSE,1,26052.16446
1,3645,1,FALSE,1,13.45309
1,3646,1,FALSE,1,26027.12093
1,3647,1,FALSE,1,10.67617
1,3648,1,FALSE,1,26054.17568
1,3649,1,FALSE,1,26025.57999
1,3650,1,FALSE,1,26017.07921
1,3651,1,FALSE,1,22.23043
1,3652,1,TRUE,1,1
1,3653,1,TRUE,1,1
1,3655,1,FALSE,1,26036.1658
1,3656,1,FALSE,1,27773.21509
1,3657,1,FALSE,1,26036.19505
1,3658,1,FALSE,1,27746.14831
1,3659,1,FALSE,1,26027.13669
1,3660,1,TRUE,1,1
1,3661,1,FALSE,1,28.50931
1,3663,1,FALSE,1,26027.15954
1,3664,1,FALSE,1,26027.67208
1,3665,1,FALSE,1,26027.63107
1,3666,1,FALSE,1,19475.05909
1,3667,1,TRUE,1,1
1,3668,1,FALSE,1,26018.08275
1,3669,1,FALSE,1,10.20854
1,3670,1,FALSE,1,26018.00098
1,3671,1,FALSE,1,26027.34128
1,3672,1,FALSE,1,26027.03889
1,3673,1,TRUE,1,1
1,3674,1,FALSE,1,26027.48696
1,3675,1,FALSE,1,26027.27905
1,3676,1,FALSE,1,26016.37929
1,3677,1,FALSE,1,26027.38627
1,3678,1,FALSE,1,26034.23904
1,3679,1,FALSE,1,26027.10683
1,3680,1,FALSE,1,26027.05684
1,3681,1,FALSE,1,22.19626
1,3682,1,FALSE,1,27737.07778
1,3683,1,FALSE,1,22.67504
1,3684,1,FALSE,1,26034.38879
1,3685,1,FALSE,1,26018.01449
1,3686,1,FALSE,1,26018.44259
1,3687,1,FALSE,1,12977.57153
1,3688,1,FALSE,1,10.16759
1,3689,1,FALSE,1,26025.27377
1,3690,1,FALSE,1,26027.31467
1,3691,1,TRUE,1,1
1,3692,1,FALSE,1,26027.32849
1,3693,1,FALSE,1,26027.05064
1,3694,1,TRUE,1,1
1,3695,1,FALSE,1,26018.37465
1,3696,1,FALSE,1,12977.09814
1,3697,1,FALSE,1,26027.27084
1,3698,1,FALSE,1,26027.0071
1,3699,1,FALSE,1,26027.23171
1,3700,1,FALSE,1,13.05942
1,3701,1,FALSE,1,21.11439
1,3702,1,TRUE,1,1
1,3703,1,TRUE,1,1
1,3704,1,FALSE,1,26018.49016
1,3705,1,TRUE,1,1
1,3706,1,TRUE,1,1
1,3707,1,FALSE,1,12.01098
1,3708,1,FALSE,1,5.33252
1,3709,1,TRUE,1,1
1,3710,1,FALSE,1,26027.6272
1,3711,1,FALSE,1,26027.12857
1,3713,1,FALSE,1,26027.07804
1,3714,1,FALSE,1,26027.05676
1,3715,1,FALSE,1,21.09075
1,3716,1,FALSE,1,26036.51131
1,3717,1,FALSE,1,26018.49808
1,3719,1,FALSE,1,13.31222
1,3720,1,FALSE,1,12.52144
1,3721,1,FALSE,1,29456.57631
1,3722,1,TRUE,1,1
1,3723,1,FALSE,1,26108.02598
1,3724,1,FALSE,1,1.29412
1,3725,1,FALSE,1,28.22794
1,3726,1,FALSE,1,19.57536
1,3727,1,FALSE,1,10.39675
1,3728,1,FALSE,1,13.07701
1,3729,1,FALSE,1,23.1052
1,3730,1,FALSE,1,26054.60061
1,3731,1,FALSE,1,26027.26912
1,3732,1,FALSE,1,26018.11775
1,3733,1,FALSE,1,10.57456
1,3734,1,TRUE,1,1
1,3735,1,FALSE,1,26036.40784
1,3736,1,FALSE,1,26036.33592
1,3737,1,FALSE,1,26018.29429
1,3738,1,FALSE,1,26027.12557
1,3739,1,FALSE,1,26054.13167
1,3740,1,FALSE,1,26027.53516
1,3741,1,FALSE,1,10.09333
1,3742,1,FALSE,1,26027.23843
1,3743,1,TRUE,1,1
1,3744,1,TRUE,1,1
1,3745,1,TRUE,1,1
1,3746,1,FALSE,1,29474.56443
1,3747,1,TRUE,1,1
1,3748,1,FALSE,1,23.17362
1,3749,1,FALSE,1,26026.02579
1,3750,1,FALSE,1,19466.53402
1,3751,1,TRUE,1,1
1,3752,1,FALSE,1,26045.1014
1,3753,1,FALSE,1,4.25809
1,3754,1,FALSE,1,10.67547
1,3755,1,FALSE,1,10.00416
1,3756,1,TRUE,1,1
1,3757,1,FALSE,1,26027.19357
1,3758,1,FALSE,1,26045.21039
1,3759,1,FALSE,1,19.63966
1,3760,1,FALSE,1,19466.65438
1,3761,1,FALSE,1,26018.38922
1,3762,1,FALSE,1,6486.2142
1,3763,1,FALSE,1,26045.59801
1,3764,1,FALSE,1,26027.53357
1,3765,1,TRUE,1,1
1,3766,1,TRUE,1,1
1,3767,1,FALSE,1,19475.12138
1,3768,1,FALSE,1,26027.32583
1,3770,1,FALSE,1,26027.10835
1,3771,1,FALSE,1,26027.39074
1,3772,1,FALSE,1,10.64673
1,3773,1,TRUE,1,1
1,3774,1,FALSE,1,19.40008
1,3775,1,FALSE,1,26036.43769
1,3777,1,FALSE,1,10.06738
1,3778,1,FALSE,1,14.42689
1,3779,1,FALSE,1,13.60705
1,3780,1,FALSE,1,26036.11568
1,3781,1,FALSE,1,26045.2899
1,3782,1,FALSE,1,26027.24082
1,3783,1,FALSE,1,26027.11873
1,3784,1,FALSE,1,26027.16045
1,3785,1,TRUE,1,1
1,3786,1,FALSE,1,26036.34138
1,3787,1,FALSE,1,19.45248
1,3788,1,FALSE,1,12.51067
1,3789,1,FALSE,1,19.07935
1,3790,1,FALSE,1,26045.03741
1,3791,1,FALSE,1,26036.03359
1,3792,1,FALSE,1,26018.37938
1,3793,1,TRUE,1,1
1,3794,1,FALSE,1,26027.15453
1,3796,1,FALSE,1,26036.01106
1,3797,1,FALSE,1,26054.39584
1,3798,1,FALSE,1,26027.39807
1,3799,1,FALSE,1,26045.56959
1,3800,1,FALSE,1,10.66554
1,3801,1,FALSE,1,26036.46235
1,3802,1,FALSE,1,26027.15922
1,3803,1,FALSE,1,26027.25781
1,3804,1,FALSE,1,26026.18022
1,3805,1,FALSE,1,26027.65326
1,3806,1,FALSE,1,22.61734
1,3807,1,FALSE,1,26018.46316
1,3808,1,FALSE,1,26027.38285
1,3810,1,FALSE,1,26036.02184
1,3811,1,FALSE,1,19475.6763
1,3812,1,FALSE,1,26036.4496
1,3813,1,FALSE,1,26045.65501
1,3814,1,FALSE,1,26027.14286
1,3815,1,FALSE,1,26018.10802
1,3816,1,FALSE,1,26027.10243
1,3817,1,FALSE,1,26017.21373
1,3818,1,FALSE,1,26018.04157
1,3819,1,FALSE,1,10.02452
1,3820,1,FALSE,1,10.40103
1,3821,1,TRUE,1,1
1,3823,1,FALSE,1,26027.60124
1,3824,1,FALSE,1,26044.64281
1,3826,1,FALSE,1,26025.40229
1,3827,1,FALSE,1,26018.63542
1,3828,1,FALSE,1,26036.34627
1,3830,1,FALSE,1,10.48102
1,3831,1,FALSE,1,28.3524
1,3832,1,FALSE,1,26045.587
1,3833,1,FALSE,1,28.13078
1,3834,1,FALSE,1,30.58817
1,3835,1,FALSE,1,26027.13356
1,3836,1,FALSE,1,14.00477
1,3837,1,FALSE,1,23.39703
1,3838,1,FALSE,1,12.40639
1,3840,1,FALSE,1,21.06791
1,3841,1,TRUE,1,1
1,3842,1,TRUE,1,1
1,3843,1,FALSE,1,26027.67395
1,3844,1,FALSE,1,26045.591
1,3845,1,FALSE,1,23.23528
1,3846,1,FALSE,1,14.57886
1,3847,1,TRUE,1,1
1,3848,1,TRUE,1,1
1,3849,1,FALSE,1,26027.23884
1,3850,1,FALSE,1,26018.11443
1,3851,1,FALSE,1,19.49535
1,3852,1,FALSE,1,13.0629
1,3853,1,FALSE,1,26018.47551
1,3854,1,FALSE,1,26027.66631
1,3855,1,FALSE,1,19.34603
1,3856,1,FALSE,1,5.47547
1,3857,1,FALSE,1,19.66441
1,3858,1,FALSE,1,1.14641
1,3859,1,FALSE,1,26018.21417
1,3860,1,FALSE,1,26018.18746
1,3861,1,FALSE,1,26018.21745
1,3862,1,FALSE,1,26027.25383
1,3864,1,FALSE,1,26018.1436
1,3865,1,FALSE,1,26018.24738
1,3866,1,FALSE,1,10.45978
1,3867,1,FALSE,1,10.00319
1,3868,1,FALSE,1,26011.04867
1,3869,1,FALSE,1,26045.19563
1,3870,1,FALSE,1,1.33585
1,3871,1,FALSE,1,19.16945
1,3873,1,FALSE,1,14.35782
1,3874,1,TRUE,1,1
1,3875,1,FALSE,1,26018.20027
1,3876,1,FALSE,1,26027.37887
1,3877,1,FALSE,1,10.32136
1,3878,1,FALSE,1,26126.0726
1,3879,1,FALSE,1,10.26494
1,3880,1,FALSE,1,26054.15235
1,3881,1,FALSE,1,26036.21718
1,3882,1,FALSE,1,10.38517
1,3883,1,FALSE,1,26054.10976
1,3884,1,FALSE,1,14.66799
1,3886,1,FALSE,1,26026.45942
1,3887,1,TRUE,1,1
1,3888,1,TRUE,1,1
1,3889,1,FALSE,1,26027.09027
1,3890,1,FALSE,1,10.62466
1,3891,1,FALSE,1,26044.29037
1,3892,1,FALSE,1,26027.16058
1,3893,1,FALSE,1,26036.03239
1,3895,1,FALSE,1,26027.33817
1,3896,1,FALSE,1,22.58489
1,3897,1,FALSE,1,26117.44459
1,3898,1,TRUE,1,1
1,3899,1,FALSE,1,26036.14829
1,3900,1,FALSE,1,28.09906
1,3901,1,TRUE,1,1
1,3902,1,FALSE,1,26027.21217
1,3903,1,FALSE,1,21.4647
1,3904,1,TRUE,1,1
1,3905,1,FALSE,1,26018.20427
1,3906,1,FALSE,1,10.57264
1,3907,1,FALSE,1,26036.67135
1,3908,1,TRUE,1,1
1,3909,1,FALSE,1,19.241
1,3910,1,FALSE,1,26027.42347
1,3911,1,FALSE,1,26018.26486
1,3912,1,TRUE,1,1
1,3913,1,FALSE,1,26027.09962
1,3914,1,TRUE,1,1
1,3915,1,FALSE,1,26027.23061
1,3916,1,TRUE,1,1
1,3917,1,FALSE,1,10.17305
1,3918,1,FALSE,1,26036.36675
1,3919,1,FALSE,1,21.56194
1,3920,1,FALSE,1,26036.40731
1,3921,1,FALSE,1,19.67239
1,3922,1,FALSE,1,26036.01749
1,3923,1,FALSE,1,26018.04497
1,3924,1,TRUE,1,1
1,3925,1,FALSE,1,19.43163
1,3926,1,FALSE,1,26045.38034
1,3927,1,FALSE,1,10.51594
1,3928,1,FALSE,1,10.54421
1,3929,1,FALSE,1,26036.56277
1,3930,1,TRUE,1,1
1,3931,1,FALSE,1,26027.06357
1,3932,1,TRUE,1,1
1,3933,1,FALSE,1,10.34281
1,3934,1,FALSE,1,26027.48789
1,3936,1,FALSE,1,26036.10164
1,3937,1,FALSE,1,13.52546
1,3938,1,TRUE,1,1
1,3939,1,FALSE,1,26027.04647
1,3940,1,FALSE,1,26036.00002
1,3941,1,FALSE,1,26027.37228
1,3943,1,FALSE,1,26025.27339
1,3944,1,FALSE,1,26027.20353
1,3945,1,FALSE,1,19.04887
1,3946,1,FALSE,1,1.51272
1,3947,1,FALSE,1,26027.08568
1,3948,1,FALSE,1,26027.64348
1,3949,1,FALSE,1,26036.38544
1,3950,1,FALSE,1,1.20768
1,3951,1,FALSE,1,26018.613
1,3952,1,FALSE,1,3.04885
1,3953,1,FALSE,1,37.09539
1,3954,1,FALSE,1,26027.0883
1,3956,1,FALSE,1,19475.39203
1,3957,1,FALSE,1,26117.28222
1,3958,1,FALSE,1,26018.03936
1,3960,1,FALSE,1,26027.02644
1,3962,1,FALSE,1,26027.22315
1,3963,1,FALSE,1,26036.07472
1,3964,1,FALSE,1,26018.375
1,3965,1,FALSE,1,3.27847
1,3966,1,TRUE,1,1
1,3967,1,FALSE,1,1.41385
1,3968,1,FALSE,1,26027.01737
1,3969,1,FALSE,1,10.07843
1,3970,1,FALSE,1,26027.03305
1,3973,1,FALSE,1,13.18956
1,3974,1,TRUE,1,1
1,3975,1,FALSE,1,10.07098
1,3976,1,FALSE,1,26036.66474
1,3977,1,FALSE,1,26036.57475
1,3978,1,FALSE,1,26018.49745
1,3979,1,FALSE,1,10.43658
1,3980,1,FALSE,1,26027.63061
1,3981,1,FALSE,1,19.2997
1,3983,1,FALSE,1,10.52317
1,3984,1,FALSE,1,10.4269
1,3988,1,TRUE,1,1
1,3989,1,FALSE,1,26018.32624
1,3990,1,FALSE,1,26026.42176
1,3991,1,FALSE,1,19.51279
1,3993,1,FALSE,1,19.3249
1,3994,1,FALSE,1,10.44193
1,3998,1,FALSE,1,1.04997
1,4000,1,FALSE,1,26018.07594
1,4001,1,FALSE,1,26027.14462
1,4002,1,FALSE,1,3.00455
1,4003,1,FALSE,1,26034.1972
1,4004,1,TRUE,1,1
1,4005,1,FALSE,1,29384.58666
1,4006,1,FALSE,1,26036.21653
1,4007,1,FALSE,1,19457.48496
1,4008,1,FALSE,1,10.04682
1,4009,1,FALSE,1,26027.38432
1,4010,1,FALSE,1,10.05155
1,4011,1,FALSE,1,10.30869
1,4012,1,FALSE,1,10.17203
1,4014,1,FALSE,1,10.40093
1,4015,1,FALSE,1,26036.00538
1,4016,1,FALSE,1,19465.01156
1,4017,1,FALSE,1,26027.65426
1,4018,1,FALSE,1,26018.5699
1,4019,1,FALSE,1,26027.63305
1,4020,1,TRUE,1,1
1,4021,1,FALSE,1,10.40104
1,4022,1,FALSE,1,26027.05196
1,4023,1,FALSE,1,1.4341
1,4025,1,FALSE,1,10.30452
1,4026,1,TRUE,1,1
1,4027,1,FALSE,1,14.31572
1,4028,1,FALSE,1,26027.20122
1,4029,1,FALSE,1,26027.1038
1,4030,1,FALSE,1,10.32169
1,4031,1,FALSE,1,26045.03658
1,4032,1,FALSE,1,28.63975
1,4033,1,FALSE,1,27728.47696
1,4034,1,FALSE,1,26027.15756
1,4035,1,FALSE,1,27755.64308
1,4036,1,FALSE,1,26018.43222
1,4037,1,FALSE,1,26036.5423
1,4038,1,TRUE,1,1
1,4039,1,FALSE,1,26034.1511
1,4040,1,FALSE,1,26027.23484
1,4041,1,FALSE,1,26020.58141
1,4042,1,FALSE,1,14.52706
1,4043,1,FALSE,1,19484.40128
1,4044,1,FALSE,1,26016.61104
1,4045,1,FALSE,1,22.00948
1,4046,1,FALSE,1,26018.09321
1,4047,1,FALSE,1,26018.21627
1,4048,1,TRUE,1,1
1,4049,1,TRUE,1,1
1,4050,1,FALSE,1,26018.06053
1,4051,1,TRUE,1,1
1,4052,1,TRUE,1,1
1,4053,1,FALSE,1,21.05732
1,4054,1,FALSE,1,26018.08106
1,4055,1,FALSE,1,26018.10914
1,4056,1,FALSE,1,27737.09228
1,4058,1,FALSE,1,10.41558
1,4059,1,FALSE,1,10.058
1,4063,1,FALSE,1,26027.44142
1,4064,1,TRUE,1,1
1,4065,1,FALSE,1,26052.25885
1,4067,1,FALSE,1,27737.66833
1,4068,1,FALSE,1,26027.0546
1,4069,1,TRUE,1,1
1,4070,1,TRUE,1,1
1,4071,1,FALSE,1,26027.48244
1,4072,1,FALSE,1,26126.56288
1,4073,1,TRUE,1,1
1,4074,1,TRUE,1,1
1,4075,1,FALSE,1,26036.34018
1,4076,1,TRUE,1,1
1,4077,1,FALSE,1,26027.57851
1,4078,1,FALSE,1,10.44598
1,4079,1,FALSE,1,22.59437
1,4080,1,FALSE,1,10.51726
1,4081,1,FALSE,1,13.54651
1,4082,1,FALSE,1,26027.39025
1,4083,1,FALSE,1,19.61332
1,4084,1,FALSE,1,26018.25212
1,4085,1,FALSE,1,26018.12473
1,4086,1,TRUE,1,1
1,4087,1,FALSE,1,26026.49293
1,4088,1,TRUE,1,1
1,4089,1,TRUE,1,1
1,4090,1,TRUE,1,1
1,4091,1,TRUE,1,1
1,4092,1,TRUE,1,1
1,4093,1,FALSE,1,26027.52802
1,4094,1,TRUE,1,1
1,4095,1,FALSE,1,26027.23874
1,4096,1,TRUE,1,1
1,4097,1,FALSE,1,26027.12461
1,4098,1,FALSE,1,26027.14033
1,4099,1,FALSE,1,26035.40579
1,4100,1,TRUE,1,1
1,4101,1,FALSE,1,26036.43863
1,4102,1,TRUE,1,1
1,4103,1,TRUE,1,1
1,4104,1,TRUE,1,1
1,4105,1,FALSE,1,26018.5173
1,4106,1,TRUE,1,1
1,4107,1,FALSE,1,13.44801
1,4108,1,TRUE,1,1
1,4109,1,TRUE,1,1
1,4110,1,FALSE,1,10.06174
1,4111,1,FALSE,1,26036.19049
1,4112,1,FALSE,1,10.10413
1,4113,1,TRUE,1,1
1,4114,1,TRUE,1,1
1,4115,1,FALSE,1,12.17187
1,4117,1,FALSE,1,26018.35298
1,4118,1,FALSE,1,26018.33953
1,4119,1,FALSE,1,13.47583
1,4120,1,FALSE,1,23.42044
1,4121,1,TRUE,1,1
1,4122,1,TRUE,1,1
1,4123,1,FALSE,1,26027.26426
1,4125,1,FALSE,1,27746.49032
1,4126,1,TRUE,1,1
1,4127,1,FALSE,1,26018.49012
1,4128,1,TRUE,1,1
1,4129,1,FALSE,1,28.55477
1,4130,1,FALSE,1,26018.15774
1,4131,1,TRUE,1,1
1,4132,1,TRUE,1,1
1,4133,1,FALSE,1,10.25667
1,4135,1,FALSE,1,26027.1908
1,4136,1,FALSE,1,26027.28077
1,4137,1,FALSE,1,26027.67294
1,4138,1,TRUE,1,1
1,4139,1,FALSE,1,19.17801
1,4140,1,FALSE,1,26036.07805
1,4141,1,FALSE,1,10.52525
1,4144,1,FALSE,1,19.12096
1,4145,1,FALSE,1,26018.10295
1,4146,1,TRUE,1,1
1,4147,1,FALSE,1,26036.20883
1,4148,1,TRUE,1,1
1,4149,1,TRUE,1,1
1,4150,1,FALSE,1,14.62014
1,4151,1,FALSE,1,26027.46528
1,4152,1,TRUE,1,1
1,4153,1,TRUE,1,1
1,4154,1,TRUE,1,1
1,4155,1,FALSE,1,10.11966
1,4156,1,FALSE,1,10.4795
1,4157,1,FALSE,1,26027.42085
1,4158,1,TRUE,1,1
1,4159,1,TRUE,1,1
1,4160,1,FALSE,1,26027.61251
1,4161,1,FALSE,1,23.01481
1,4162,1,FALSE,1,1.57744
1,4163,1,FALSE,1,26036.65932
1,4164,1,FALSE,1,10.36945
1,4165,1,FALSE,1,12.56412
1,4166,1,FALSE,1,26018.46229
1,4168,1,FALSE,1,26035.59218
1,4169,1,FALSE,1,26020.42812
1,4170,1,FALSE,1,1.41267
1,4171,1,FALSE,1,10.45888
1,4172,1,FALSE,1,26017.41253
1,4173,1,FALSE,1,10.65348
1,4174,1,FALSE,1,19.35376
1,4175,1,FALSE,1,19.50596
1,4176,1,FALSE,1,21.11536
1,4177,1,FALSE,1,26018.49947
1,4178,1,FALSE,1,26027.45856
1,4179,1,FALSE,1,1.23465
1,4180,1,FALSE,1,1.24462
1,4181,1,FALSE,1,10.47534
1,4182,1,FALSE,1,26020.61082
1,4183,1,FALSE,1,5.5938
1,4184,1,FALSE,1,10.23436
1,4185,1,FALSE,1,37.10129
1,4186,1,FALSE,1,26018.41172
1,4187,1,TRUE,1,1
1,4188,1,FALSE,1,19.14538
1,4189,1,FALSE,1,6488.56749
1,4190,1,TRUE,1,1
1,4191,1,FALSE,1,22.23059
1,4192,1,FALSE,1,26018.61739
1,4193,1,FALSE,1,26027.24127
1,4194,1,FALSE,1,10.64037
1,4195,1,FALSE,1,26027.36017
1,4196,1,FALSE,1,26027.02353
1,4197,1,FALSE,1,26026.08217
1,4198,1,FALSE,1,26018.4822
1,4199,1,FALSE,1,12.57229
1,4200,1,FALSE,1,26025.00966
1,4201,1,FALSE,1,14.28587
1,4202,1,FALSE,1,10.089
1,4203,1,FALSE,1,26036.27008
1,4204,1,FALSE,1,26020.2227
1,4205,1,FALSE,1,1.2971
1,4206,1,FALSE,1,26027.28358
1,4207,1,TRUE,1,1
1,4208,1,FALSE,1,10.62453
1,4209,1,FALSE,1,23.36906
1,4211,1,FALSE,1,10.26147
1,4212,1,FALSE,1,26018.08154
1,4213,1,FALSE,1,26036.06211
1,4214,1,FALSE,1,28.23428
1,4215,1,FALSE,1,26018.09033
1,4216,1,FALSE,1,23.55823
1,4217,1,TRUE,1,1
1,4218,1,FALSE,1,26026.27577
1,4219,1,FALSE,1,26027.02967
1,4220,1,FALSE,1,26027.17853
1,4221,1,FALSE,1,5.36632
1,4222,1,FALSE,1,10.05689
1,4223,1,FALSE,1,19475.58034
1,4224,1,FALSE,1,22.19531
1,4225,1,FALSE,1,10.36854
1,4226,1,FALSE,1,22.06785
1,4227,1,FALSE,1,27643.20514
1,4228,1,FALSE,1,12.18947
1,4229,1,FALSE,1,26027.22456
1,4230,1,FALSE,1,26027.21141
1,4231,1,FALSE,1,26027.66578
1,4232,1,FALSE,1,22.30722
1,4233,1,FALSE,1,22.48192
1,4234,1,FALSE,1,26018.32161
1,4235,1,FALSE,1,26018.16121
1,4236,1,FALSE,1,1.10145
1,4237,1,TRUE,1,1
1,4238,1,FALSE,1,26026.20832
1,4239,1,FALSE,1,26027.56279
1,4240,1,FALSE,1,26027.59711
1,4241,1,TRUE,1,1
1,4242,1,FALSE,1,26018.51676
1,4243,1,TRUE,1,1
1,4244,1,FALSE,1,10.20334
1,4245,1,FALSE,1,1.09426
1,4247,1,FALSE,1,10.28386
1,4248,1,FALSE,1,23.57129
1,4249,1,FALSE,1,26036.00587
1,4250,1,FALSE,1,26018.22303
1,4251,1,FALSE,1,26045.33584
1,4252,1,FALSE,1,10.12297
1,4253,1,FALSE,1,26036.46957
1,4254,1,FALSE,1,22.48359
1,4255,1,FALSE,1,30.4646
1,4256,1,FALSE,1,26018.53086
1,4257,1,FALSE,1,10.11822
1,4258,1,FALSE,1,26018.27817
1,4259,1,FALSE,1,26045.00957
1,4260,1,FALSE,1,26018.52239
1,4261,1,FALSE,1,26020.44823
1,4262,1,FALSE,1,10.64787
1,4263,1,FALSE,1,26034.34692
1,4264,1,FALSE,1,26036.18394
1,4265,1,FALSE,1,26036.24292
1,4266,1,FALSE,1,29366.47946
1,4267,1,FALSE,1,26036.28118
1,4268,1,TRUE,1,1
1,4269,1,FALSE,1,26036.31323
1,4270,1,FALSE,1,11.01437
1,4271,1,FALSE,1,19.11177
1,4273,1,FALSE,1,13.48373
1,4274,1,FALSE,1,26027.53777
1,4275,1,FALSE,1,26045.00204
1,4276,1,FALSE,1,27746.27813
1,4283,1,FALSE,1,10.11403
1,4284,1,FALSE,1,10.67411
1,4285,1,FALSE,1,19.30805
1,4286,1,FALSE,1,26027.51942
1,4287,1,FALSE,1,26027.34173
1,4288,1,FALSE,1,28.28015
1,4291,1,FALSE,1,19.20953
1,4292,1,FALSE,1,26027.48832
1,4293,1,FALSE,1,10.59107
1,4294,1,FALSE,1,26018.23274
1,4295,1,FALSE,1,26026.09566
1,4296,1,FALSE,1,1.13377
1,4297,1,FALSE,1,10.48897
1,4298,1,FALSE,1,22.16308
1,4299,1,FALSE,1,26027.45354
1,4300,1,FALSE,1,26025.45202
1,4301,1,FALSE,1,26036.01762
1,4305,1,FALSE,1,26045.35523
1,4306,1,FALSE,1,26063.37767
1,4307,1,FALSE,1,26027.17641
1,4308,1,FALSE,1,5.062
1,4309,1,FALSE,1,26036.64688
1,4310,1,FALSE,1,12.31165
1,4311,1,FALSE,1,26036.51886
1,4312,1,FALSE,1,26018.1956
1,4313,1,FALSE,1,26027.0026
1,4314,1,FALSE,1,10.1204
1,4315,1,FALSE,1,26054.23619
1,4316,1,FALSE,1,26027.34301
1,4317,1,FALSE,1,26025.37684
1,4318,1,FALSE,1,27649.66326
1,4319,1,FALSE,1,10.49949
1,4320,1,TRUE,1,1
1,4321,1,FALSE,1,26027.32238
1,4322,1,FALSE,1,10.02646
1,4323,1,FALSE,1,10.01826
1,4324,1,FALSE,1,26018.5593
1,4325,1,FALSE,1,23.48853
1,4326,1,FALSE,1,27640.45696
1,4327,1,FALSE,1,10.29705
1,4328,1,FALSE,1,10.62626
1,4329,1,FALSE,1,26018.19847
1,4330,1,FALSE,1,26018.56723
1,4331,1,FALSE,1,26020.3185
1,4332,1,FALSE,1,27745.22892
1,4333,1,TRUE,1,1
1,4334,1,FALSE,1,6488.18882
1,4335,1,FALSE,1,26027.17714
1,4337,1,TRUE,1,1
1,4338,1,FALSE,1,6488.12641
1,4339,1,FALSE,1,1.21489
1,4340,1,FALSE,1,26027.27341
1,4341,1,TRUE,1,1
1,4342,1,FALSE,1,26036.50869
1,4343,1,FALSE,1,26018.07298
1,4344,1,FALSE,1,10.0922
1,4345,1,FALSE,1,10.39765
1,4346,1,FALSE,1,19.67422
1,4347,1,FALSE,1,26036.67426
1,4348,1,FALSE,1,1.48671
1,4349,1,FALSE,1,10.09562
1,4350,1,FALSE,1,32.16514
1,4351,1,FALSE,1,10.27608
1,4352,1,FALSE,1,26018.49222
1,4353,1,FALSE,1,1.42076
1,4356,1,FALSE,1,26018.53375
1,4357,1,FALSE,1,26036.40362
1,4358,1,FALSE,1,26018.63153
1,4359,1,FALSE,1,26036.33354
1,4360,1,FALSE,1,26045.31495
1,4361,1,FALSE,1,10.39886
1,4362,1,FALSE,1,19.19527
1,4363,1,FALSE,1,28.39826
1,4364,1,FALSE,1,12.46805
1,4365,1,FALSE,1,21.33511
1,4366,1,FALSE,1,2.27508
1,4367,1,FALSE,1,26027.22121
1,4368,1,FALSE,1,26018.08103
1,4369,1,FALSE,1,19.14501
1,4371,1,FALSE,1,26027.1023
1,4372,1,FALSE,1,1.38865
1,4373,1,FALSE,1,26036.07274
1,4374,1,FALSE,1,26018.06547
1,4375,1,FALSE,1,10.45005
1,4376,1,FALSE,1,26036.59933
1,4377,1,FALSE,1,5.46011
1,4378,1,FALSE,1,26020.62298
1,4379,1,FALSE,1,10.08867
1,4381,1,FALSE,1,19.58442
1,4382,1,FALSE,1,5.0669
1,4383,1,FALSE,1,10.38837
1,4384,1,FALSE,1,26027.5904
1,4385,1,FALSE,1,10.2103
1,4386,1,FALSE,1,26027.3019
1,4387,1,FALSE,1,10.64459
1,4388,1,FALSE,1,23.03247
1,4389,1,FALSE,1,10.13471
1,4391,1,FALSE,1,12.63292
1,4392,1,TRUE,1,1
1,4393,1,FALSE,1,26027.22288
1,4394,1,FALSE,1,1.45993
1,4395,1,FALSE,1,14.32904
1,4397,1,FALSE,1,26025.43886
1,4398,1,FALSE,1,26027.63992
1,4399,1,TRUE,1,1
1,4400,1,TRUE,1,1
1,4401,1,TRUE,1,1
1,4402,1,FALSE,1,21.23435
1,4403,1,FALSE,1,4.39668
1,4404,1,FALSE,1,19.13359
1,4405,1,FALSE,1,26027.55228
1,4406,1,FALSE,1,26027.46067
1,4407,1,FALSE,1,26045.0309
1,4408,1,FALSE,1,26036.15537
1,4409,1,FALSE,1,27728.28461
1,4410,1,FALSE,1,26018.1919
1,4411,1,FALSE,1,26036.63834
1,4412,1,FALSE,1,26036.43033
1,4413,1,FALSE,1,1.65867
1,4414,1,FALSE,1,26018.2862
1,4415,1,FALSE,1,26035.37874
1,4416,1,FALSE,1,10.38124
1,4417,1,FALSE,1,21.09795
1,4418,1,FALSE,1,26035.08933
1,4419,1,FALSE,1,26036.59716
1,4420,1,FALSE,1,14.27753
1,4421,1,TRUE,1,1
1,4422,1,FALSE,1,26036.28769
1,4423,1,FALSE,1,26018.31501
1,4424,1,TRUE,1,1
1,4425,1,FALSE,1,10.52438
1,4426,1,FALSE,1,19466.1564
1,4427,1,FALSE,1,26036.37477
1,4428,1,FALSE,1,26036.0121
1,4429,1,FALSE,1,28.12531
1,4430,1,FALSE,1,26018.3174
1,4431,1,FALSE,1,26036.21953
1,4432,1,FALSE,1,26054.66718
1,4433,1,FALSE,1,12.58158
1,4434,1,FALSE,1,26045.43427
1,4435,1,FALSE,1,23.2813
1,4436,1,FALSE,1,26027.48044
1,4437,1,FALSE,1,28.26541
1,4438,1,FALSE,1,4.30142
1,4439,1,FALSE,1,28.06346
1,4441,1,FALSE,1,26126.12853
1,4442,1,FALSE,1,26027.25021
1,4443,1,FALSE,1,26135.07429
1,4444,1,FALSE,1,19.07815
1,4445,1,FALSE,1,12.63669
1,4446,1,FALSE,1,19.32066
1,4447,1,FALSE,1,22.00017
1,4448,1,FALSE,1,32.31499
1,4449,1,FALSE,1,26027.14266
1,4450,1,TRUE,1,1
1,4451,1,FALSE,1,19.29452
1,4452,1,TRUE,1,1
1,4453,1,FALSE,1,1.42466
1,4454,1,FALSE,1,29447.3182
1,4455,1,FALSE,1,13.09381
1,4456,1,FALSE,1,10.40885
1,4457,1,TRUE,1,1
1,4458,1,FALSE,1,26018.35883
1,4459,1,TRUE,1,1
1,4460,1,TRUE,1,1
1,4461,1,TRUE,1,1
1,4462,1,TRUE,1,1
1,4463,1,FALSE,1,26027.37603
1,4464,1,TRUE,1,1
1,4465,1,TRUE,1,1
1,4466,1,FALSE,1,26045.16041
1,4467,1,FALSE,1,26027.15016
1,4468,1,FALSE,1,13.30133
1,4469,1,FALSE,1,21.16481
1,4470,1,FALSE,1,26036.32522
1,4471,1,FALSE,1,26027.06522
1,4472,1,FALSE,1,26054.63066
1,4473,1,FALSE,1,26063.28665
1,4474,1,FALSE,1,12.05135
1,4475,1,FALSE,1,19.02065
1,4476,1,FALSE,1,22.06962
1,4477,1,FALSE,1,3.35175
1,4478,1,FALSE,1,10.32645
1,4479,1,FALSE,1,13.08124
1,4480,1,FALSE,1,30.5008
1,4481,1,FALSE,1,26018.23479
1,4482,1,FALSE,1,1.54914
1,4483,1,FALSE,1,26044.27004
1,4484,1,FALSE,1,1.2325
1,4485,1,FALSE,1,1.49026
1,4486,1,FALSE,1,14.43895
1,4487,1,FALSE,1,13.66759
1,4488,1,FALSE,1,28.44634
1,4490,1,FALSE,1,10.6079
1,4491,1,FALSE,1,26034.45644
1,4492,1,FALSE,1,6488.58596
1,4493,1,FALSE,1,26018.61856
1,4494,1,FALSE,1,26018.09102
1,4495,1,FALSE,1,26018.09808
1,4496,1,FALSE,1,10.42988
1,4497,1,FALSE,1,26036.02602
1,4498,1,FALSE,1,30.1874
1,4499,1,FALSE,1,10.64807
1,4500,1,FALSE,1,26018.29073
1,4501,1,FALSE,1,1.07792
1,4502,1,FALSE,1,26036.27469
1,4503,1,FALSE,1,26017.49114
1,4504,1,FALSE,1,26020.05166
1,4505,1,FALSE,1,26027.29726
1,4506,1,FALSE,1,10.23953
1,4508,1,FALSE,1,26034.29636
1,4510,1,TRUE,1,1
1,4511,1,FALSE,1,26026.16699
1,4512,1,FALSE,1,19.36046
1,4513,1,FALSE,1,26027.37925
1,4515,1,FALSE,1,26018.51118
1,4516,1,FALSE,1,1.41709
1,4517,1,FALSE,1,26018.47228
1,4518,1,FALSE,1,26026.28503
1,4519,1,FALSE,1,10.12785
1,4520,1,TRUE,1,1
1,4521,1,FALSE,1,10.40415
1,4522,1,FALSE,1,22.4416
1,4523,1,FALSE,1,10.0393
1,4524,1,FALSE,1,26036.59992
1,4526,1,FALSE,1,26027.34749
1,4527,1,FALSE,1,26036.15071
1,4528,1,FALSE,1,10.48155
1,4529,1,FALSE,1,23.23016
1,4530,1,FALSE,1,26027.24003
1,4531,1,FALSE,1,1.43869
1,4532,1,FALSE,1,26018.18441
1,4533,1,FALSE,1,26027.43594
1,4534,1,TRUE,1,1
1,4535,1,TRUE,1,1
1,4536,1,FALSE,1,1.07574
1,4537,1,TRUE,1,1
1,4538,1,FALSE,1,10.35112
1,4539,1,FALSE,1,11.26983
1,4540,1,FALSE,1,4.5804
1,4541,1,TRUE,1,1
1,4542,1,FALSE,1,26018.48357
1,4544,1,FALSE,1,10.58152
1,4545,1,FALSE,1,26027.65266
1,4546,1,FALSE,1,26018.56993
1,4547,1,FALSE,1,26018.16999
1,4548,1,FALSE,1,26018.48054
1,4549,1,TRUE,1,1
1,4550,1,TRUE,1,1
1,4551,1,TRUE,1,1
1,4552,1,FALSE,1,13.25076
1,4553,1,FALSE,1,26027.15952
1,4554,1,FALSE,1,26018.32857
1,4555,1,FALSE,1,26027.28857
1,4556,1,FALSE,1,26027.1487
1,4558,1,FALSE,1,28.64824
1,4559,1,FALSE,1,26018.28714
1,4560,1,TRUE,1,1
1,4561,1,TRUE,1,1
1,4562,1,TRUE,1,1
1,4563,1,FALSE,1,26117.18725
1,4564,1,FALSE,1,10.16858
1,4565,1,FALSE,1,12.03393
1,4566,1,FALSE,1,26036.63304
1,4567,1,FALSE,1,26045.21214
1,4568,1,FALSE,1,28.57564
1,4569,1,FALSE,1,26044.61318
1,4570,1,FALSE,1,13.36541
1,4571,1,FALSE,1,26045.08452
1,4572,1,TRUE,1,1
1,4573,1,FALSE,1,28.57497
1,4574,1,FALSE,1,26027.60787
1,4575,1,FALSE,1,26018.63278
1,4576,1,FALSE,1,26018.33535
1,4577,1,FALSE,1,26027.5268
1,4578,1,FALSE,1,26027.46266
1,4579,1,TRUE,1,1
1,4580,1,TRUE,1,1
1,4581,1,TRUE,1,1
1,4582,1,FALSE,1,10.20063
1,4583,1,FALSE,1,26027.44743
1,4584,1,FALSE,1,14.05509
1,4585,1,FALSE,1,10.06343
1,4586,1,FALSE,1,13.53281
1,4587,1,FALSE,1,19.45779
1,4588,1,FALSE,1,4.38206
1,4589,1,FALSE,1,10.21447
1,4593,1,FALSE,1,26153.29689
1,4594,1,FALSE,1,26045.52231
1,4595,1,FALSE,1,21.24459
1,4596,1,TRUE,1,1
1,4597,1,FALSE,1,26054.55638
1,4598,1,FALSE,1,28.20674
1,4599,1,FALSE,1,10.08976
1,4600,1,FALSE,1,26018.07659
1,4601,1,FALSE,1,1.21988
1,4603,1,FALSE,1,19.25956
1,4604,1,FALSE,1,26027.57056
1,4605,1,FALSE,1,12.20833
1,4606,1,FALSE,1,21.03728
1,4607,1,FALSE,1,37.59651
1,4608,1,FALSE,1,12977.05001
1,4609,1,TRUE,1,1
1,4610,1,FALSE,1,19.32389
1,4611,1,FALSE,1,10.66729
1,4612,1,FALSE,1,26018.406
1,4613,1,FALSE,1,26011.05927
1,4614,1,TRUE,1,1
1,4615,1,FALSE,1,1.2597
1,4616,1,FALSE,1,1.05618
1,4617,1,TRUE,1,1
1,4618,1,FALSE,1,12.45291
1,4619,1,FALSE,1,10.08006
1,4620,1,TRUE,1,1
1,4621,1,TRUE,1,1
1,4622,1,TRUE,1,1
1,4623,1,TRUE,1,1
1,4624,1,TRUE,1,1
1,4625,1,TRUE,1,1
1,4626,1,TRUE,1,1
1,4627,1,FALSE,1,19457.30035
1,4628,1,FALSE,1,1.61177
1,4629,1,TRUE,1,1
1,4630,1,FALSE,1,1.6652
1,4631,1,FALSE,1,26027.11912
1,4632,1,TRUE,1,1
1,4633,1,TRUE,1,1
1,4634,1,FALSE,1,1.11906
1,4636,1,FALSE,1,19.48014
1,4637,1,FALSE,1,28.34096
1,4638,1,TRUE,1,1
1,4639,1,TRUE,1,1
1,4640,1,FALSE,1,10.45094
1,4641,1,FALSE,1,26027.17647
1,4642,1,FALSE,1,1.22769
1,4643,1,FALSE,1,12.2963
1,4644,1,FALSE,1,26026.18085
1,4645,1,TRUE,1,1
1,4646,1,FALSE,1,26027.54864
1,4647,1,FALSE,1,26018.37289
1,4648,1,TRUE,1,1
1,4649,1,FALSE,1,26027.1562
1,4650,1,TRUE,1,1
1,4651,1,TRUE,1,1
1,4652,1,FALSE,1,26018.42087
1,4653,1,FALSE,1,28.08724
1,4654,1,TRUE,1,1
1,4655,1,TRUE,1,1
1,4656,1,TRUE,1,1
1,4657,1,TRUE,1,1
1,4658,1,FALSE,1,1.13091
1,4659,1,FALSE,1,26018.46042
1,4660,1,TRUE,1,1
1,4661,1,TRUE,1,1
1,4662,1,TRUE,1,1
1,4663,1,TRUE,1,1
1,4664,1,FALSE,1,26027.56637
1,4665,1,FALSE,1,10.20451
1,4666,1,FALSE,1,1.47038
1,4667,1,TRUE,1,1
1,4668,1,TRUE,1,1
1,4669,1,TRUE,1,1
1,4670,1,TRUE,1,1
1,4671,1,TRUE,1,1
1,4672,1,TRUE,1,1
1,4673,1,FALSE,1,10.01815
1,4674,1,FALSE,1,26036.53219
1,4675,1,FALSE,1,5.14642
1,4676,1,TRUE,1,1
1,4677,1,TRUE,1,1
1,4678,1,TRUE,1,1
1,4679,1,TRUE,1,1
1,4680,1,FALSE,1,26027.05314
1,4681,1,TRUE,1,1
1,4682,1,TRUE,1,1
1,4684,1,FALSE,1,26018.24133
1,4685,1,TRUE,1,1
1,4686,1,TRUE,1,1
1,4687,1,TRUE,1,1
1,4688,1,FALSE,1,10.06974
1,4689,1,FALSE,1,10.03129
1,4690,1,FALSE,1,1.02818
1,4691,1,FALSE,1,26018.63108
1,4692,1,TRUE,1,1
1,4693,1,FALSE,1,1.00242
1,4694,1,FALSE,1,10.01111
1,4695,1,FALSE,1,22.12042
1,4696,1,TRUE,1,1
1,4697,1,FALSE,1,10.49355
1,4698,1,FALSE,1,10.3506
1,4699,1,FALSE,1,19.21595
1,4700,1,FALSE,1,26018.16879
1,4701,1,TRUE,1,1
1,4702,1,FALSE,1,10.08906
1,4703,1,FALSE,1,10.55077
1,4704,1,FALSE,1,10.55665
1,4705,1,FALSE,1,10.18996
1,4706,1,FALSE,1,12.31206
1,4707,1,FALSE,1,3.40502
1,4709,1,FALSE,1,26027.41371
1,4710,1,FALSE,1,26018.4492
1,4711,1,FALSE,1,27665.66828
1,4712,1,FALSE,1,10.09997
1,4713,1,FALSE,1,26018.54809
1,4714,1,FALSE,1,26027.19394
1,4715,1,FALSE,1,10.07682
1,4716,1,FALSE,1,1.2634
1,4717,1,FALSE,1,19457.43022
1,4718,1,FALSE,1,28.65557
1,4719,1,FALSE,1,14.00969
1,4720,1,TRUE,1,1
1,4721,1,TRUE,1,1
1,4722,1,FALSE,1,31.27829
1,4723,1,FALSE,1,26018.18075
1,4724,1,FALSE,1,13.52755
1,4725,1,FALSE,1,26027.46208
1,4726,1,FALSE,1,14.05474
1,4727,1,TRUE,1,1
1,4728,1,FALSE,1,26025.66031
1,4729,1,FALSE,1,22.0288
1,4730,1,FALSE,1,32.58396
1,4731,1,FALSE,1,1.53429
1,4732,1,FALSE,1,1.16926
1,4733,1,FALSE,1,26026.16119
1,4734,1,FALSE,1,12.38734
1,4735,1,FALSE,1,1.0097
1,4736,1,FALSE,1,26027.28404
1,4737,1,FALSE,1,10.28375
1,4738,1,TRUE,1,1
1,4739,1,FALSE,1,1.37495
1,4740,1,FALSE,1,22.47366
1,4741,1,FALSE,1,4.20614
1,4742,1,FALSE,1,26025.00935
1,4743,1,FALSE,1,22.04472
1,4744,1,FALSE,1,1.10465
1,4746,1,FALSE,1,26025.09206
1,4747,1,FALSE,1,21.61949
1,4748,1,FALSE,1,40.36282
1,4749,1,FALSE,1,26018.50418
1,4750,1,TRUE,1,1
1,4751,1,FALSE,1,26027.1
1,4752,1,FALSE,1,10.38488
1,4754,1,FALSE,1,19.58972
1,4755,1,FALSE,1,12.5375
1,4756,1,FALSE,1,31.65583
1,4758,1,TRUE,1,1
1,4759,1,TRUE,1,1
1,4760,1,TRUE,1,1
1,4761,1,TRUE,1,1
1,4762,1,TRUE,1,1
1,4763,1,FALSE,1,10.50573
1,4764,1,FALSE,1,10.58237
1,4765,1,FALSE,1,12.06012
1,4766,1,FALSE,1,1.28239
1,4767,1,TRUE,1,1
1,4768,1,FALSE,1,23.52057
1,4769,1,FALSE,1,26045.04957
1,4770,1,FALSE,1,12.48861
1,4771,1,FALSE,1,26036.42736
1,4772,1,FALSE,1,5.19935
1,4773,1,TRUE,1,1
1,4774,1,TRUE,1,1
1,4775,1,FALSE,1,10.2487
1,4776,1,FALSE,1,26025.47062
1,4777,1,FALSE,1,10.54175
1,4778,1,FALSE,1,12.30059
1,4779,1,FALSE,1,1.46953
1,4780,1,TRUE,1,1
1,4781,1,FALSE,1,27640.51639
1,4782,1,TRUE,1,1
1,4783,1,FALSE,1,10.52143
1,4784,1,FALSE,1,26025.323
1,4785,1,FALSE,1,10.35979
1,4786,1,FALSE,1,19.61303
1,4787,1,FALSE,1,26027.2279
1,4788,1,FALSE,1,19457.13779
1,4789,1,TRUE,1,1
1,4790,1,FALSE,1,26027.62879
1,4791,1,TRUE,1,1
1,4792,1,FALSE,1,26018.6594
1,4793,1,TRUE,1,1
1,4794,1,TRUE,1,1
1,4795,1,TRUE,1,1
1,4796,1,FALSE,1,27653.58393
1,4797,1,FALSE,1,30.5074
1,4798,1,FALSE,1,26045.209
1,4799,1,FALSE,1,26027.63759
1,4800,1,FALSE,1,28.51288
1,4801,1,FALSE,1,26036.56848
1,4802,1,FALSE,1,19.34102
1,4803,1,FALSE,1,26018.18942
1,4804,1,FALSE,1,1.34669
1,4805,1,FALSE,1,10.56979
1,4806,1,FALSE,1,26027.47886
1,4807,1,TRUE,1,1
1,4808,1,FALSE,1,3.47193
1,4809,1,FALSE,1,3.47873
1,4811,1,FALSE,1,1.57679
1,4812,1,FALSE,1,26036.18716
1,4813,1,FALSE,1,26034.1583
1,4814,1,FALSE,1,26045.55789
1,4815,1,TRUE,1,1
1,4816,1,TRUE,1,1
1,4817,1,TRUE,1,1
1,4818,1,TRUE,1,1
1,4819,1,FALSE,1,26044.08043
1,4821,1,FALSE,1,26036.62261
1,4822,1,FALSE,1,26018.34625
1,4823,1,FALSE,1,26025.19776
1,4824,1,FALSE,1,26045.17678
1,4825,1,FALSE,1,10.34152
1,4826,1,FALSE,1,26027.4292
1,4827,1,FALSE,1,26045.51132
1,4828,1,FALSE,1,26035.24875
1,4829,1,FALSE,1,26029.25469
1,4830,1,FALSE,1,26045.456
1,4831,1,FALSE,1,26044.41909
1,4832,1,FALSE,1,26011.39552
1,4833,1,FALSE,1,26036.04188
1,4834,1,FALSE,1,26036.29474
1,4835,1,FALSE,1,26045.51465
1,4836,1,FALSE,1,26020.23117
1,4837,1,FALSE,1,26027.39683
1,4838,1,FALSE,1,1.13935
1,4839,1,FALSE,1,26043.22016
1,4840,1,FALSE,1,26135.6619
1,4841,1,FALSE,1,26027.42899
1,4842,1,FALSE,1,27640.13987
1,4843,1,FALSE,1,12.18779
1,4844,1,FALSE,1,21.55636
1,4845,1,FALSE,1,26029.55232
1,4846,1,FALSE,1,26027.54521
1,4847,1,FALSE,1,26036.05442
1,4848,1,FALSE,1,26036.40069
1,4849,1,FALSE,1,19.06719
1,4850,1,FALSE,1,10.49217
1,4851,1,FALSE,1,19.29606
1,4852,1,FALSE,1,26011.23302
1,4853,1,FALSE,1,26020.67275
1,4854,1,FALSE,1,26126.54988
1,4855,1,FALSE,1,26036.65716
1,4856,1,FALSE,1,26011.49625
1,4857,1,FALSE,1,6488.20271
1,4858,1,FALSE,1,10.49252
1,4859,1,FALSE,1,5.66279
1,4860,1,FALSE,1,26027.51032
1,4861,1,FALSE,1,26044.15976
1,4862,1,FALSE,1,26045.55353
1,4863,1,FALSE,1,26038.27576
1,4864,1,FALSE,1,26027.3975
1,4865,1,FALSE,1,26027.37851
1,4867,1,FALSE,1,14.12985
1,4868,1,FALSE,1,26044.47459
1,4869,1,FALSE,1,10.1813
1,4870,1,FALSE,1,26036.27227
1,4871,1,FALSE,1,26036.61439
1,4872,1,FALSE,1,26045.43956
1,4873,1,FALSE,1,19466.54506
1,4874,1,FALSE,1,19.41226
1,4875,1,FALSE,1,26027.46499
1,4876,1,FALSE,1,26038.21597
1,4877,1,FALSE,1,26018.08982
1,4878,1,FALSE,1,10.23559
1,4879,1,FALSE,1,26036.46455
1,4880,1,FALSE,1,26018.27997
1,4881,1,FALSE,1,26018.24932
1,4882,1,FALSE,1,1.50859
1,4883,1,FALSE,1,27631.61153
1,4884,1,FALSE,1,1.60684
1,4885,1,FALSE,1,32.37562
1,4886,1,FALSE,1,1.06923
1,4887,1,FALSE,1,26018.50612
1,4888,1,FALSE,1,26027.07176
1,4889,1,FALSE,1,26036.19791
1,4890,1,FALSE,1,10.24714
1,4891,1,FALSE,1,32.50976
1,4892,1,FALSE,1,1.26286
1,4893,1,FALSE,1,26018.41193
1,4894,1,FALSE,1,26025.39292
1,4895,1,FALSE,1,41.27852
1,4896,1,FALSE,1,46.21738
1,4897,1,FALSE,1,26027.2086
1,4898,1,FALSE,1,13.04457
1,4899,1,FALSE,1,10.51843
1,4900,1,FALSE,1,32.21486
1,4901,1,FALSE,1,10.44131
1,4902,1,FALSE,1,10.13732
1,4903,1,FALSE,1,10.32545
1,4904,1,FALSE,1,10.09432
1,4905,1,FALSE,1,26027.42065
1,4906,1,FALSE,1,1.26884
1,4908,1,FALSE,1,26018.32846
1,4910,1,FALSE,1,26027.08714
1,4911,1,FALSE,1,26027.03067
1,4912,1,FALSE,1,10.28913
1,4913,1,FALSE,1,1.02547
1,4914,1,FALSE,1,19.20139
1,4915,1,FALSE,1,1.09696
1,4916,1,FALSE,1,28.32756
1,4920,1,FALSE,1,26027.19718
1,4921,1,FALSE,1,26044.12602
1,4922,1,FALSE,1,10.13992
1,4924,1,FALSE,1,19.04057
1,4926,1,FALSE,1,28.06207
1,4927,1,FALSE,1,10.42716
1,4928,1,FALSE,1,26027.38208
1,4929,1,FALSE,1,12.04181
1,4930,1,FALSE,1,10.09953
1,4931,1,FALSE,1,26035.18372
1,4932,1,FALSE,1,26018.00437
1,4933,1,FALSE,1,19.21846
1,4934,1,FALSE,1,10.22972
1,4935,1,FALSE,1,26020.56418
1,4936,1,FALSE,1,26045.11735
1,4938,1,FALSE,1,10.16238
1,4939,1,FALSE,1,1.65996
1,4940,1,FALSE,1,10.07903
1,4941,1,FALSE,1,26045.66141
1,4942,1,FALSE,1,10.14293
1,4943,1,FALSE,1,1.53393
1,4944,1,FALSE,1,26018.13088
1,4947,1,FALSE,1,10.63728
1,4948,1,FALSE,1,10.56453
1,4949,1,FALSE,1,10.51777
1,4950,1,FALSE,1,26020.52381
1,4951,1,TRUE,1,1
1,4952,1,FALSE,1,28.60389
1,4953,1,FALSE,1,26027.01672
1,4954,1,FALSE,1,26017.22856
1,4955,1,FALSE,1,26027.30392
1,4956,1,TRUE,1,1
1,4957,1,FALSE,1,26018.18236
1,4958,1,FALSE,1,1.0006
1,4959,1,FALSE,1,19457.03528
1,4960,1,FALSE,1,10.36946
1,4961,1,FALSE,1,26036.62158
1,4962,1,FALSE,1,26018.67452
1,4963,1,FALSE,1,26027.20289
1,4964,1,FALSE,1,26018.05144
1,4965,1,FALSE,1,10.16343
1,4966,1,FALSE,1,14.06172
1,4967,1,FALSE,1,10.02414
1,4968,1,FALSE,1,1.24946
1,4969,1,FALSE,1,26027.27056
1,4970,1,FALSE,1,26027.67599
1,4971,1,FALSE,1,6488.65674
1,4972,1,FALSE,1,26011.21147
1,4973,1,FALSE,1,26027.62871
1,4974,1,FALSE,1,26018.23502
1,4975,1,FALSE,1,26018.62151
1,4976,1,FALSE,1,26018.00194
1,4977,1,FALSE,1,19.45783
1,4978,1,FALSE,1,26036.46062
1,4979,1,FALSE,1,26029.63654
1,4980,1,FALSE,1,26036.22705
1,4981,1,FALSE,1,19.60362
1,4982,1,FALSE,1,26036.23817
1,4983,1,FALSE,1,19.16755
1,4984,1,FALSE,1,12.06309
1,4987,1,FALSE,1,10.60878
1,4988,1,FALSE,1,1.1832
1,4989,1,FALSE,1,26020.56129
1,4990,1,FALSE,1,26054.39952
1,4991,1,FALSE,1,10.36132
1,4992,1,FALSE,1,10.03344
1,4993,1,FALSE,1,26036.57619
1,4994,1,FALSE,1,32.58823
1,4995,1,FALSE,1,26011.37936
1,4996,1,FALSE,1,11.01732
1,4997,1,FALSE,1,10.08481
1,4998,1,FALSE,1,10.11132
1,5000,1,FALSE,1,26026.18399
1,5001,1,FALSE,1,1.30491
1,5002,1,FALSE,1,31.32699
1,5003,1,FALSE,1,22.32945
1,5004,1,FALSE,1,26054.65617
1,5006,1,FALSE,1,1.32037
1,5007,1,FALSE,1,26027.12698
1,5008,1,FALSE,1,26036.54016
1,5009,1,FALSE,1,26045.54755
1,5010,1,FALSE,1,31.031
1,5011,1,FALSE,1,26027.14151
1,5012,1,FALSE,1,4.08794
1,5013,1,FALSE,1,26027.36402
1,5014,1,FALSE,1,26027.13352
1,5015,1,FALSE,1,26038.24933
1,5016,1,FALSE,1,10.51684
1,5017,1,FALSE,1,26011.53745
1,5018,1,FALSE,1,12.33772
1,5019,1,FALSE,1,26032.05588
1,5020,1,FALSE,1,26027.08016
1,5022,1,FALSE,1,10.21308
1,5023,1,FALSE,1,26027.63835
1,5024,1,FALSE,1,26018.03802
1,5025,1,FALSE,1,31.54375
1,5026,1,FALSE,1,28.05526
1,5027,1,FALSE,1,26035.2328
1,5028,1,FALSE,1,1.03356
1,5029,1,FALSE,1,26018.16453
1,5031,1,FALSE,1,26036.35982
1,5032,1,FALSE,1,1.49084
1,5033,1,FALSE,1,26018.48183
1,5034,1,FALSE,1,19.39352
1,5035,1,FALSE,1,26027.26847
1,5036,1,FALSE,1,21.00182
1,5037,1,FALSE,1,1.54711
1,5038,1,FALSE,1,19.51167
1,5039,1,FALSE,1,26018.03903
1,5040,1,TRUE,1,1
1,5041,1,TRUE,1,1
1,5042,1,FALSE,1,1.30495
1,5043,1,FALSE,1,1.33714
1,5044,1,FALSE,1,26018.22546
1,5045,1,FALSE,1,26036.30185
1,5046,1,FALSE,1,19.04085
1,5047,1,FALSE,1,26018.33609
1,5048,1,FALSE,1,26036.06229
1,5050,1,FALSE,1,26036.32477
1,5051,1,FALSE,1,1.28366
1,5052,1,TRUE,1,1
1,5053,1,FALSE,1,26027.31029
1,5054,1,FALSE,1,10.39608
1,5055,1,TRUE,1,1
1,5056,1,TRUE,1,1
1,5057,1,FALSE,1,26018.2599
1,5058,1,FALSE,1,26011.16784
1,5059,1,FALSE,1,49.51128
1,5060,1,FALSE,1,26027.27528
1,5061,1,FALSE,1,19475.01563
1,5062,1,FALSE,1,26018.24412
1,5064,1,FALSE,1,26011.34343
1,5065,1,FALSE,1,26018.66359
1,5066,1,FALSE,1,26018.28367
1,5068,1,FALSE,1,10.29828
1,5069,1,FALSE,1,26045.0849
1,5070,1,FALSE,1,26027.1964
1,5071,1,FALSE,1,26027.24433
1,5072,1,FALSE,1,28.39305
1,5073,1,FALSE,1,26018.04081
1,5074,1,FALSE,1,26036.46671
1,5075,1,FALSE,1,10.32247
1,5076,1,FALSE,1,26018.07282
1,5077,1,FALSE,1,19.32495
1,5078,1,FALSE,1,26020.04504
1,5079,1,TRUE,1,1
1,5080,1,FALSE,1,26036.66213
1,5081,1,FALSE,1,1.35239
1,5082,1,FALSE,1,10.31461
1,5083,1,FALSE,1,21.16065
1,5085,1,FALSE,1,26027.22658
1,5086,1,FALSE,1,1.66843
1,5087,1,FALSE,1,26134.25088
1,5088,1,FALSE,1,19.18987
1,5089,1,FALSE,1,10.1185
1,5090,1,FALSE,1,26027.6705
1,5091,1,FALSE,1,26018.02861
1,5092,1,FALSE,1,10.48914
1,5093,1,FALSE,1,19.02248
1,5094,1,FALSE,1,10.23299
1,5095,1,FALSE,1,10.39715
1,5096,1,FALSE,1,19475.0766
1,5097,1,FALSE,1,26020.15148
1,5098,1,FALSE,1,26045.5492
1,5100,1,FALSE,1,26044.67514
1,5101,1,FALSE,1,6488.09456
1,5102,1,FALSE,1,26027.32355
1,5103,1,FALSE,1,26036.53238
1,5104,1,FALSE,1,1.45321
1,5105,1,FALSE,1,19.12606
1,5106,1,FALSE,1,12977.36513
1,5107,1,FALSE,1,26018.13112
1,5108,1,FALSE,1,10.24029
1,5109,1,FALSE,1,1.179
1,5110,1,FALSE,1,26020.51506
1,5111,1,FALSE,1,26036.24802
1,5112,1,FALSE,1,26025.25067
1,5113,1,FALSE,1,26018.36807
1,5114,1,FALSE,1,26054.20078
1,5115,1,FALSE,1,26045.10215
1,5116,1,FALSE,1,29359.56806
1,5117,1,FALSE,1,27649.61672
1,5118,1,FALSE,1,26036.29358
1,5119,1,FALSE,1,19.32496
1,5121,1,FALSE,1,28.57699
1,5122,1,FALSE,1,26018.56251
1,5123,1,FALSE,1,26018.3487
1,5124,1,FALSE,1,26018.06449
1,5125,1,FALSE,1,10.03142
1,5126,1,FALSE,1,26020.23441
1,5127,1,FALSE,1,10.10276
1,5128,1,FALSE,1,26045.4893
1,5129,1,FALSE,1,26020.50003
1,5130,1,FALSE,1,26036.4063
1,5131,1,FALSE,1,26027.29787
1,5132,1,FALSE,1,26035.26193
1,5133,1,FALSE,1,26054.15654
1,5134,1,FALSE,1,26018.04104
1,5135,1,FALSE,1,26036.07178
1,5136,1,FALSE,1,26045.01784
1,5137,1,FALSE,1,19.19388
1,5138,1,FALSE,1,26027.15815
1,5139,1,FALSE,1,26035.06141
1,5141,1,FALSE,1,5.22083
1,5142,1,FALSE,1,27658.15477
1,5143,1,FALSE,1,26018.43031
1,5145,1,FALSE,1,26018.40233
1,5149,1,FALSE,1,10.65981
1,5150,1,FALSE,1,26036.39035
1,5151,1,FALSE,1,26027.432
1,5153,1,FALSE,1,19.09009
1,5154,1,FALSE,1,26011.39911
1,5155,1,FALSE,1,4.07132
1,5156,1,FALSE,1,26027.26835
1,5157,1,FALSE,1,3.03496
1,5158,1,FALSE,1,1.5246
1,5159,1,FALSE,1,26027.46526
1,5160,1,FALSE,1,1.35189
1,5161,1,FALSE,1,26011.58412
1,5162,1,FALSE,1,19.1971
1,5163,1,FALSE,1,13.33533
1,5164,1,FALSE,1,26018.42972
1,5165,1,FALSE,1,26027.48572
1,5166,1,FALSE,1,19.10597
1,5167,1,FALSE,1,10.19904
1,5168,1,FALSE,1,26017.30264
1,5169,1,FALSE,1,10.11682
1,5170,1,TRUE,1,1
1,5171,1,FALSE,1,19.06209
1,5172,1,FALSE,1,1.67253
1,5173,1,FALSE,1,12.67709
1,5174,1,FALSE,1,12.02151
1,5175,1,FALSE,1,1.184
1,5176,1,FALSE,1,10.39566
1,5177,1,FALSE,1,26045.05858
1,5178,1,FALSE,1,27721.26177
1,5179,1,FALSE,1,26044.56155
1,5180,1,FALSE,1,5.30293
1,5181,1,FALSE,1,12.34218
1,5182,1,FALSE,1,10.11762
1,5183,1,FALSE,1,19.14731
1,5184,1,FALSE,1,26044.13627
1,5187,1,FALSE,1,10.11534
1,5188,1,FALSE,1,26036.14081
1,5189,1,FALSE,1,26018.16395
1,5190,1,FALSE,1,23.31237
1,5191,1,FALSE,1,19.39887
1,5192,1,FALSE,1,26054.26317
1,5193,1,FALSE,1,1.29345
1,5194,1,FALSE,1,26036.64974
1,5195,1,FALSE,1,26036.4111
1,5196,1,FALSE,1,26045.05114
1,5197,1,FALSE,1,6488.22331
1,5199,1,FALSE,1,27737.6042
1,5201,1,FALSE,1,26036.17023
1,5202,1,FALSE,1,30977.66702
1,5203,1,FALSE,1,26036.56775
1,5205,1,FALSE,1,26029.44686
1,5207,1,FALSE,1,19457.01536
1,5208,1,FALSE,1,26027.15532
1,5209,1,FALSE,1,10.06501
1,5211,1,FALSE,1,26036.29484
1,5213,1,FALSE,1,26011.57928
1,5214,1,FALSE,1,26036.40983
1,5215,1,FALSE,1,10.4662
1,5216,1,FALSE,1,26027.27275
1,5217,1,FALSE,1,10.5512
1,5218,1,FALSE,1,10.14008
1,5219,1,FALSE,1,10.42391
1,5220,1,FALSE,1,26026.27915
1,5221,1,FALSE,1,26036.48434
1,5222,1,FALSE,1,26027.56769
1,5223,1,FALSE,1,10.10171
1,5225,1,FALSE,1,22.08858
1,5227,1,FALSE,1,26054.56757
1,5228,1,FALSE,1,10.07821
1,5229,1,FALSE,1,1.42096
1,5230,1,FALSE,1,10.35619
1,5231,1,FALSE,1,26018.25665
1,5232,1,FALSE,1,26036.04605
1,5233,1,FALSE,1,6488.57352
1,5234,1,FALSE,1,10.5154
1,5235,1,FALSE,1,26020.0591
1,5236,1,FALSE,1,26020.62344
1,5237,1,FALSE,1,26018.40323
1,5238,1,FALSE,1,1.47832
1,5239,1,FALSE,1,26027.56957
1,5240,1,FALSE,1,26045.52886
1,5241,1,FALSE,1,1.57987
1,5242,1,FALSE,1,26011.21508
1,5243,1,FALSE,1,26045.45187
1,5245,1,FALSE,1,10.4823
1,5246,1,FALSE,1,26011.48663
1,5247,1,FALSE,1,26026.55097
1,5248,1,FALSE,1,19466.61396
1,5249,1,FALSE,1,26038.63775
1,5250,1,FALSE,1,12.07978
1,5251,1,FALSE,1,26027.05147
1,5252,1,FALSE,1,23.46755
1,5253,1,FALSE,1,19.39743
1,5254,1,FALSE,1,10.38085
1,5255,1,FALSE,1,26027.46856
1,5256,1,TRUE,1,1
1,5257,1,FALSE,1,19.4526
1,5258,1,FALSE,1,10.27819
1,5259,1,FALSE,1,12.46847
1,5260,1,FALSE,1,26016.42426
1,5261,1,FALSE,1,12.23376
1,5262,1,FALSE,1,10.5882
1,5263,1,FALSE,1,1.64386
1,5264,1,FALSE,1,19.62772
1,5265,1,FALSE,1,10.40942
1,5266,1,FALSE,1,26018.38545
1,5267,1,FALSE,1,1.379
1,5268,1,FALSE,1,26018.36523
1,5270,1,FALSE,1,26027.31561
1,5271,1,FALSE,1,26018.15225
1,5272,1,FALSE,1,31.2162
1,5273,1,FALSE,1,26018.66723
1,5274,1,FALSE,1,26027.6497
1,5275,1,FALSE,1,10.6588
1,5276,1,FALSE,1,26011.45584
1,5277,1,FALSE,1,14.14576
1,5278,1,FALSE,1,10.45997
1,5279,1,FALSE,1,26036.05172
1,5280,1,FALSE,1,19.34324
1,5281,1,FALSE,1,28.57232
1,5282,1,FALSE,1,26011.51192
1,5283,1,FALSE,1,10.08352
1,5284,1,FALSE,1,10.55825
1,5285,1,FALSE,1,26020.15958
1,5286,1,FALSE,1,19.59549
1,5287,1,FALSE,1,1.50132
1,5288,1,FALSE,1,26027.20046
1,5290,1,FALSE,1,26018.51551
1,5291,1,FALSE,1,10.33906
1,5292,1,FALSE,1,26018.25504
1,5294,1,FALSE,1,26011.59669
1,5295,1,FALSE,1,1.04252
1,5296,1,FALSE,1,26018.09427
1,5297,1,FALSE,1,26038.33551
1,5298,1,FALSE,1,26017.08337
1,5299,1,FALSE,1,26036.48162
1,5300,1,FALSE,1,26020.65651
1,5301,1,FALSE,1,1.06888
1,5303,1,FALSE,1,26034.0263
1,5304,1,FALSE,1,26045.02728
1,5305,1,FALSE,1,26045.30985
1,5306,1,FALSE,1,10.10733
1,5308,1,FALSE,1,19.41043
1,5309,1,FALSE,1,1.59478
1,5310,1,FALSE,1,22.09725
1,5311,1,FALSE,1,26011.0375
1,5312,1,FALSE,1,6488.58447
1,5313,1,FALSE,1,26045.23637
1,5314,1,FALSE,1,10.51095
1,5315,1,FALSE,1,26026.54585
1,5316,1,FALSE,1,10.09477
1,5317,1,FALSE,1,26027.60622
1,5318,1,FALSE,1,26027.02846
1,5319,1,FALSE,1,26044.3983
1,5320,1,FALSE,1,1.62851
1,5321,1,FALSE,1,26045.66161
1,5322,1,FALSE,1,26027.36191
1,5323,1,FALSE,1,26036.34388
1,5324,1,FALSE,1,26029.04549
1,5325,1,FALSE,1,26045.09625
1,5326,1,FALSE,1,26027.54459
1,5327,1,FALSE,1,26034.07251
1,5328,1,FALSE,1,26036.50481
1,5330,1,TRUE,1,1
1,5331,1,FALSE,1,14.2114
1,5332,1,FALSE,1,1.31055
1,5334,1,TRUE,1,1
1,5336,1,FALSE,1,6488.33107
1,5337,1,FALSE,1,26025.46217
1,5338,1,FALSE,1,26027.52951
1,5339,1,FALSE,1,26027.04837
1,5340,1,FALSE,1,10.25506
1,5341,1,FALSE,1,4.29086
1,5342,1,FALSE,1,19466.61546
1,5343,1,FALSE,1,26036.44894
1,5344,1,FALSE,1,26027.47227
1,5345,1,FALSE,1,26018.66319
1,5346,1,FALSE,1,26036.02428
1,5347,1,FALSE,1,26018.614
1,5348,1,FALSE,1,10.00741
1,5349,1,FALSE,1,1.61494
1,5350,1,FALSE,1,26018.33654
1,5351,1,FALSE,1,26038.39539
1,5352,1,FALSE,1,26027.52146
1,5353,1,FALSE,1,10.06111
1,5354,1,FALSE,1,10.03152
1,5355,1,FALSE,1,26027.06675
1,5356,1,FALSE,1,10.36915
1,5358,1,FALSE,1,10.01298
1,5359,1,FALSE,1,10.5419
1,5360,1,FALSE,1,26020.30709
1,5361,1,FALSE,1,26027.44536
1,5362,1,FALSE,1,26036.38969
1,5363,1,FALSE,1,1.00411
1,5364,1,FALSE,1,26027.44723
1,5365,1,FALSE,1,26018.19891
1,5366,1,FALSE,1,10.41198
1,5367,1,FALSE,1,26027.2421
1,5368,1,FALSE,1,22.21987
1,5371,1,FALSE,1,26020.5595
1,5372,1,FALSE,1,26045.01333
1,5373,1,FALSE,1,32.33814
1,5374,1,TRUE,1,1
1,5375,1,FALSE,1,32.30725
1,5376,1,FALSE,1,27649.17367
1,5377,1,FALSE,1,26018.03325
1,5378,1,FALSE,1,26036.20634
1,5379,1,FALSE,1,26036.44291
1,5380,1,FALSE,1,10.67271
1,5381,1,FALSE,1,10.22437
1,5382,1,FALSE,1,26027.06576
1,5383,1,FALSE,1,37.1788
1,5384,1,FALSE,1,26016.29648
1,5385,1,FALSE,1,26027.21109
1,5387,1,FALSE,1,13.10225
1,5388,1,FALSE,1,26027.3043
1,5389,1,FALSE,1,26018.22634
1,5390,1,FALSE,1,26017.01807
1,5391,1,FALSE,1,12.67375
1,5392,1,FALSE,1,26027.11683
1,5393,1,FALSE,1,26027.63783
1,5394,1,FALSE,1,26018.47762
1,5395,1,FALSE,1,26027.40821
1,5396,1,FALSE,1,26027.1086
1,5397,1,FALSE,1,1.57383
1,5398,1,FALSE,1,26018.17344
1,5399,1,FALSE,1,26011.61968
1,5400,1,TRUE,1,1
1,5401,1,TRUE,1,1
1,5402,1,FALSE,1,14.40145
1,5403,1,FALSE,1,12.23336
1,5404,1,FALSE,1,26027.44835
1,5405,1,FALSE,1,26027.15884
1,5406,1,FALSE,1,26036.47992
1,5407,1,FALSE,1,10.05409
1,5408,1,FALSE,1,6488.61473
1,5409,1,FALSE,1,26034.23976
1,5410,1,TRUE,1,1
1,5411,1,FALSE,1,10.18168
1,5412,1,FALSE,1,26018.44865
1,5413,1,FALSE,1,26207.29935
1,5415,1,TRUE,1,1
1,5416,1,FALSE,1,26018.08663
1,5417,1,FALSE,1,4.17293
1,5418,1,FALSE,1,26018.05031
1,5419,1,FALSE,1,26029.49827
1,5420,1,TRUE,1,1
1,5421,1,TRUE,1,1
1,5422,1,TRUE,1,1
1,5423,1,TRUE,1,1
1,5424,1,FALSE,1,10.57315
1,5425,1,FALSE,1,1.28056
1,5426,1,FALSE,1,26027.38789
1,5427,1,FALSE,1,26011.36419
1,5428,1,FALSE,1,26027.44258
1,5429,1,FALSE,1,26018.46998
1,5430,1,FALSE,1,26018.11239
1,5431,1,FALSE,1,22.50388
1,5432,1,FALSE,1,26027.00409
1,5433,1,FALSE,1,6488.48431
1,5434,1,FALSE,1,1.49775
1,5435,1,FALSE,1,10.6007
1,5436,1,FALSE,1,1.00099
1,5437,1,FALSE,1,26018.14912
1,5438,1,FALSE,1,19456.1548
1,5439,1,FALSE,1,26045.16394
1,5440,1,FALSE,1,26027.5371
1,5441,1,FALSE,1,26026.65372
1,5442,1,FALSE,1,26126.4472
1,5443,1,FALSE,1,10.55478
1,5444,1,FALSE,1,28.55293
1,5445,1,FALSE,1,19466.48288
1,5447,1,FALSE,1,19457.50071
1,5449,1,FALSE,1,26036.48341
1,5450,1,FALSE,1,26020.45277
1,5451,1,FALSE,1,19.52234
1,5452,1,FALSE,1,26036.31519
1,5453,1,FALSE,1,10.38198
1,5454,1,FALSE,1,1.65137
1,5455,1,FALSE,1,26016.63384
1,5457,1,FALSE,1,10.56284
1,5458,1,FALSE,1,26026.07965
1,5459,1,FALSE,1,41.67019
1,5460,1,FALSE,1,10.61577
1,5461,1,FALSE,1,3.36261
1,5462,1,TRUE,1,1
1,5463,1,FALSE,1,26011.12506
1,5464,1,TRUE,1,1
1,5465,1,FALSE,1,10.01839
1,5466,1,FALSE,1,11.5079
1,5467,1,FALSE,1,26018.45324
1,5468,1,FALSE,1,10.47601
1,5469,1,FALSE,1,19.27581
1,5470,1,FALSE,1,28.24706
1,5471,1,FALSE,1,31.51658
1,5472,1,FALSE,1,30.65023
1,5473,1,FALSE,1,10.32828
1,5474,1,FALSE,1,26045.36912
1,5475,1,FALSE,1,26036.15836
1,5476,1,FALSE,1,26045.57523
1,5477,1,FALSE,1,1.24021
1,5479,1,FALSE,1,26036.3884
1,5480,1,FALSE,1,26044.61105
1,5481,1,FALSE,1,10.54823
1,5482,1,FALSE,1,31.55792
1,5483,1,FALSE,1,28.04257
1,5484,1,FALSE,1,26018.5166
1,5485,1,FALSE,1,10.07885
1,5486,1,FALSE,1,31.43173
1,5487,1,FALSE,1,21.03369
1,5488,1,FALSE,1,10.43879
1,5489,1,FALSE,1,19.57567
1,5490,1,FALSE,1,26027.61701
1,5491,1,FALSE,1,27662.6021
1,5492,1,FALSE,1,26011.00424
1,5493,1,FALSE,1,26025.3397
1,5494,1,FALSE,1,19.24571
1,5495,1,FALSE,1,26011.55783
1,5496,1,FALSE,1,26036.12736
1,5497,1,FALSE,1,26011.19879
1,5498,1,FALSE,1,26045.17543
1,5499,1,FALSE,1,26027.39833
1,5501,1,FALSE,1,12.63953
1,5503,1,FALSE,1,19.40206
1,5504,1,FALSE,1,1.63115
1,5505,1,FALSE,1,1.43482
1,5506,1,FALSE,1,26027.41673
1,5507,1,FALSE,1,10.04149
1,5508,1,FALSE,1,26045.32343
1,5509,1,FALSE,1,10.20171
1,5510,1,FALSE,1,3.47929
1,5511,1,FALSE,1,26018.10786
1,5512,1,FALSE,1,1.49299
1,5513,1,FALSE,1,13.63818
1,5515,1,FALSE,1,26027.18032
1,5516,1,FALSE,1,26018.65259
1,5517,1,FALSE,1,26018.17004
1,5518,1,FALSE,1,1.53414
1,5519,1,FALSE,1,26011.51756
1,5521,1,FALSE,1,28.67256
1,5522,1,FALSE,1,26011.48724
1,5523,1,FALSE,1,10.36779
1,5524,1,FALSE,1,5.41422
1,5525,1,FALSE,1,5.28274
1,5526,1,FALSE,1,1.29434
1,5527,1,FALSE,1,26026.31142
1,5528,1,FALSE,1,1.0405
1,5529,1,FALSE,1,26011.00577
1,5530,1,FALSE,1,26018.48219
1,5531,1,FALSE,1,19.09209
1,5532,1,FALSE,1,26018.04665
1,5533,1,FALSE,1,26018.08282
1,5534,1,FALSE,1,28.50949
1,5535,1,FALSE,1,10.08284
1,5536,1,FALSE,1,19457.3015
1,5537,1,FALSE,1,26018.40658
1,5538,1,FALSE,1,26011.1289
1,5539,1,FALSE,1,26016.66394
1,5540,1,FALSE,1,26026.41509
1,5541,1,FALSE,1,10.04954
1,5542,1,FALSE,1,26045.32405
1,5543,1,FALSE,1,14.17816
1,5544,1,TRUE,1,1
1,5545,1,FALSE,1,10.20534
1,5546,1,FALSE,1,26027.61382
1,5547,1,FALSE,1,26027.07858
1,5548,1,FALSE,1,26036.12024
1,5549,1,FALSE,1,10.01412
1,5550,1,FALSE,1,26020.15909
1,5551,1,FALSE,1,26036.12286
1,5552,1,FALSE,1,1.25349
1,5553,1,FALSE,1,26027.32333
1,5554,1,FALSE,1,19473.09909
1,5555,1,TRUE,1,1
1,5556,1,TRUE,1,1
1,5557,1,FALSE,1,19.55801
1,5558,1,FALSE,1,10.44274
1,5559,1,FALSE,1,26045.20351
1,5562,1,FALSE,1,26025.06774
1,5563,1,FALSE,1,11.39935
1,5564,1,FALSE,1,1.52842
1,5565,1,FALSE,1,26026.4495
1,5566,1,FALSE,1,19.04962
1,5567,1,FALSE,1,41.65757
1,5568,1,FALSE,1,10.29841
1,5569,1,FALSE,1,26027.47845
1,5570,1,FALSE,1,26011.16901
1,5571,1,FALSE,1,13.6199
1,5572,1,FALSE,1,1.4132
1,5573,1,FALSE,1,26045.06298
1,5574,1,FALSE,1,26045.22535
1,5575,1,FALSE,1,4.12678
1,5576,1,FALSE,1,26018.08077
1,5577,1,FALSE,1,26011.42693
1,5578,1,FALSE,1,26036.00548
1,5579,1,FALSE,1,28.13369
1,5580,1,FALSE,1,1.34886
1,5581,1,FALSE,1,1.50482
1,5582,1,FALSE,1,26027.62819
1,5583,1,FALSE,1,26045.62695
1,5584,1,FALSE,1,10.15879
1,5585,1,FALSE,1,28.14017
1,5586,1,TRUE,1,1
1,5587,1,FALSE,1,26027.04919
1,5588,1,FALSE,1,1.19755
1,5589,1,FALSE,1,26020.24112
1,5591,1,FALSE,1,19.59422
1,5592,1,FALSE,1,26027.00524
1,5595,1,FALSE,1,28.08579
1,5596,1,FALSE,1,10.38853
1,5597,1,FALSE,1,13.47203
1,5598,1,FALSE,1,12.26377
1,5599,1,FALSE,1,19.5424
1,5600,1,FALSE,1,23.50947
1,5601,1,FALSE,1,26036.09047
1,5604,1,FALSE,1,1.2658
1,5605,1,FALSE,1,10.10838
1,5606,1,FALSE,1,26027.42446
1,5607,1,FALSE,1,10.55201
1,5608,1,FALSE,1,10.08744
1,5609,1,FALSE,1,19466.37135
1,5610,1,FALSE,1,10.63312
1,5612,1,FALSE,1,26027.15641
1,5613,1,FALSE,1,28.1945
1,5614,1,FALSE,1,10.29968
1,5615,1,FALSE,1,1.59196
1,5616,1,FALSE,1,26027.02549
1,5617,1,FALSE,1,1.5087
1,5618,1,FALSE,1,14.31452
1,5619,1,FALSE,1,1.20222
1,5620,1,FALSE,1,1.19753
1,5621,1,FALSE,1,28.66745
1,5622,1,FALSE,1,10.25229
1,5623,1,FALSE,1,10.2268
1,5624,1,FALSE,1,14.14863
1,5625,1,FALSE,1,26026.07926
1,5626,1,FALSE,1,1.24628
1,5627,1,FALSE,1,28.51439
1,5628,1,FALSE,1,26027.3992
1,5629,1,FALSE,1,12.08093
1,5630,1,FALSE,1,10.09829
1,5631,1,FALSE,1,10.45403
1,5632,1,FALSE,1,19475.24326
1,5633,1,FALSE,1,26018.67296
1,5634,1,FALSE,1,1.03373
1,5635,1,FALSE,1,26043.4597
1,5636,1,FALSE,1,22.45483
1,5637,1,FALSE,1,26020.64385
1,5638,1,FALSE,1,26018.3446
1,5639,1,FALSE,1,10.1493
1,5640,1,FALSE,1,26018.20362
1,5641,1,FALSE,1,10.22294
1,5642,1,FALSE,1,19.43659
1,5643,1,FALSE,1,26027.6718
1,5644,1,FALSE,1,26027.65091
1,5645,1,FALSE,1,26045.42653
1,5646,1,FALSE,1,26018.50133
1,5647,1,FALSE,1,23.35623
1,5648,1,FALSE,1,10.56934
1,5649,1,FALSE,1,5.19464
1,5650,1,FALSE,1,1.18159
1,5651,1,FALSE,1,26027.38722
1,5652,1,FALSE,1,26026.07535
1,5653,1,FALSE,1,26016.49871
1,5654,1,FALSE,1,1.57286
1,5655,1,FALSE,1,13.65765
1,5656,1,FALSE,1,23.15826
1,5657,1,FALSE,1,22.57805
1,5658,1,FALSE,1,1.10238
1,5659,1,FALSE,1,28.12642
1,5660,1,FALSE,1,19.12083
1,5661,1,FALSE,1,26018.47924
1,5662,1,FALSE,1,10.58126
1,5663,1,FALSE,1,19.12743
1,5664,1,FALSE,1,10.17416
1,5665,1,FALSE,1,13.06426
1,5666,1,FALSE,1,26018.31756
1,5667,1,FALSE,1,3.61075
1,5668,1,TRUE,1,1
1,5669,1,FALSE,1,19466.07441
1,5670,1,FALSE,1,26036.09839
1,5671,1,FALSE,1,1.32947
1,5672,1,FALSE,1,26016.34845
1,5673,1,FALSE,1,26018.07309
1,5674,1,FALSE,1,14.62361
1,5675,1,FALSE,1,26025.22168
1,5676,1,FALSE,1,26026.21569
1,5677,1,FALSE,1,12.47494
1,5678,1,FALSE,1,12.44006
1,5679,1,FALSE,1,26027.38823
1,5680,1,FALSE,1,27737.03951
1,5681,1,FALSE,1,26025.28154
1,5682,1,FALSE,1,19.61829
1,5683,1,FALSE,1,26018.16589
1,5684,1,FALSE,1,26018.05755
1,5685,1,TRUE,1,1
1,5686,1,FALSE,1,41.6548
1,5687,1,FALSE,1,1.54693
1,5688,1,FALSE,1,26018.4442
1,5689,1,FALSE,1,28.55165
1,5690,1,FALSE,1,26045.5575
1,5691,1,FALSE,1,26027.59866
1,5692,1,FALSE,1,3.39805
1,5693,1,FALSE,1,10.52463
1,5694,1,FALSE,1,29348.46159
1,5695,1,FALSE,1,14.58577
1,5696,1,FALSE,1,26117.06034
1,5697,1,FALSE,1,26029.67027
1,5698,1,FALSE,1,26027.12967
1,5699,1,FALSE,1,10.38402
1,5700,1,FALSE,1,26027.10461
1,5701,1,FALSE,1,26054.54002
1,5702,1,FALSE,1,31.40692
1,5703,1,FALSE,1,32.6461
1,5705,1,FALSE,1,26045.39362
1,5707,1,FALSE,1,1.17717
1,5708,1,FALSE,1,26044.64842
1,5709,1,FALSE,1,10.23689
1,5710,1,FALSE,1,1.11586
1,5712,1,FALSE,1,41.32431
1,5713,1,FALSE,1,1.35465
1,5714,1,FALSE,1,1.60892
1,5715,1,FALSE,1,21.13466
1,5716,1,FALSE,1,13.25517
1,5717,1,FALSE,1,1.27733
1,5718,1,FALSE,1,26017.30195
1,5719,1,FALSE,1,26035.26454
1,5720,1,FALSE,1,26036.46466
1,5721,1,FALSE,1,13.05193
1,5722,1,FALSE,1,26027.51741
1,5723,1,FALSE,1,26027.35073
1,5724,1,FALSE,1,10.03544
1,5725,1,FALSE,1,10.47859
1,5726,1,FALSE,1,26043.25121
1,5727,1,FALSE,1,26027.23087
1,5728,1,FALSE,1,4.18279
1,5729,1,FALSE,1,26027.59757
1,5730,1,FALSE,1,10.4276
1,5731,1,FALSE,1,26036.32212
1,5732,1,FALSE,1,26027.61903
1,5733,1,FALSE,1,26027.08442
1,5734,1,FALSE,1,19.56888
1,5735,1,FALSE,1,26017.23718
1,5736,1,FALSE,1,26036.36221
1,5737,1,FALSE,1,26027.59545
1,5738,1,FALSE,1,1.13865
1,5739,1,FALSE,1,26027.24943
1,5740,1,FALSE,1,19457.30726
1,5741,1,FALSE,1,21.55275
1,5742,1,FALSE,1,19.23848
1,5743,1,FALSE,1,32.13624
1,5744,1,FALSE,1,26026.2934
1,5745,1,FALSE,1,30.6669
1,5746,1,FALSE,1,19457.51354
1,5747,1,FALSE,1,26026.59066
1,5748,1,FALSE,1,26045.49902
1,5749,1,FALSE,1,26018.08204
1,5750,1,FALSE,1,10.22774
1,5751,1,FALSE,1,32.24348
1,5752,1,FALSE,1,26027.16781
1,5753,1,FALSE,1,10.64247
1,5754,1,FALSE,1,26017.09573
1,5755,1,FALSE,1,26018.06613
1,5756,1,FALSE,1,12977.39987
1,5757,1,FALSE,1,28.09915
1,5759,1,FALSE,1,26026.31707
1,5761,1,FALSE,1,26045.22302
1,5762,1,FALSE,1,26054.19673
1,5763,1,FALSE,1,10.17879
1,5764,1,FALSE,1,26036.24673
1,5765,1,FALSE,1,10.31582
1,5766,1,FALSE,1,10.59298
1,5767,1,FALSE,1,31.59751
1,5768,1,FALSE,1,26045.57258
1,5769,1,FALSE,1,26027.64633
1,5770,1,FALSE,1,26018.15305
1,5771,1,FALSE,1,26026.45173
1,5772,1,FALSE,1,1.07718
1,5773,1,FALSE,1,26018.59948
1,5776,1,FALSE,1,26018.53474
1,5777,1,FALSE,1,28.26327
1,5778,1,FALSE,1,14.28772
1,5779,1,FALSE,1,10.01739
1,5780,1,FALSE,1,12.37898
1,5781,1,FALSE,1,10.14944
1,5782,1,FALSE,1,12.63731
1,5783,1,FALSE,1,10.18405
1,5784,1,FALSE,1,19.55476
1,5786,1,FALSE,1,23.59346
1,5789,1,FALSE,1,1.05097
1,5790,1,FALSE,1,12.20505
1,5791,1,FALSE,1,26034.16341
1,5793,1,FALSE,1,13.57368
1,5794,1,FALSE,1,10.53684
1,5795,1,FALSE,1,10.32585
1,5796,1,FALSE,1,26036.50075
1,5797,1,FALSE,1,19.32949
1,5798,1,FALSE,1,3.41339
1,5799,1,FALSE,1,3.27823
1,5800,1,FALSE,1,10.14336
1,5801,1,FALSE,1,19.60686
1,5802,1,FALSE,1,26036.61973
1,5803,1,FALSE,1,10.35348
1,5804,1,FALSE,1,14.04493
1,5805,1,FALSE,1,10.16479
1,5806,1,FALSE,1,19.42204
1,5807,1,FALSE,1,26036.415
1,5808,1,FALSE,1,26026.18683
1,5809,1,FALSE,1,30.5969
1,5810,1,FALSE,1,22.42279
1,5811,1,FALSE,1,26036.65193
1,5812,1,FALSE,1,1.09103
1,5813,1,FALSE,1,10.31475
1,5815,1,FALSE,1,10.49924
1,5816,1,FALSE,1,26027.08729
1,5817,1,FALSE,1,10.14014
1,5818,1,FALSE,1,12.35849
1,5819,1,FALSE,1,10.54246
1,5820,1,FALSE,1,27755.0508
1,5821,1,FALSE,1,26027.14871
1,5826,1,FALSE,1,19484.62081
1,5827,1,FALSE,1,26036.0718
1,5828,1,FALSE,1,26025.07121
1,5829,1,FALSE,1,10.12208
1,5830,1,FALSE,1,26027.46576
1,5831,1,FALSE,1,10.12343
1,5832,1,FALSE,1,10.10937
1,5833,1,FALSE,1,26018.29335
1,5834,1,FALSE,1,6488.57956
1,5835,1,FALSE,1,26027.30693
1,5836,1,FALSE,1,19.14003
1,5837,1,FALSE,1,26018.17375
1,5838,1,FALSE,1,26018.05332
1,5839,1,FALSE,1,10.09257
1,5840,1,FALSE,1,1.51472
1,5843,1,FALSE,1,26018.24963
1,5844,1,FALSE,1,26018.16172
1,5845,1,FALSE,1,22.42932
1,5846,1,FALSE,1,26025.01845
1,5847,1,FALSE,1,26018.35598
1,5848,1,FALSE,1,26027.05489
1,5849,1,FALSE,1,19.42249
1,5850,1,FALSE,1,1.20527
1,5852,1,FALSE,1,26036.50677
1,5853,1,FALSE,1,19466.61416
1,5854,1,FALSE,1,26045.00218
1,5855,1,FALSE,1,26027.27511
1,5857,1,FALSE,1,26027.5913
1,5858,1,FALSE,1,1.11084
1,5859,1,FALSE,1,12.28544
1,5861,1,TRUE,1,1
1,5862,1,FALSE,1,26027.32179
1,5863,1,FALSE,1,26018.35039
1,5864,1,TRUE,1,1
1,5865,1,FALSE,1,1.33078
1,5866,1,FALSE,1,26011.13056
1,5867,1,FALSE,1,1.09306
1,5868,1,FALSE,1,26018.10186
1,5869,1,FALSE,1,26011.19306
1,5871,1,FALSE,1,10.62996
1,5872,1,FALSE,1,26018.45272
1,5873,1,FALSE,1,26027.15021
1,5874,1,FALSE,1,26020.13141
1,5875,1,FALSE,1,26018.65012
1,5876,1,FALSE,1,26016.04297
1,5877,1,FALSE,1,10.63043
1,5878,1,FALSE,1,26027.20099
1,5879,1,FALSE,1,26018.62693
1,5880,1,FALSE,1,26018.02063
1,5881,1,FALSE,1,10.07595
1,5882,1,FALSE,1,19.37004
1,5883,1,FALSE,1,26027.00621
1,5884,1,FALSE,1,26027.08835
1,5885,1,FALSE,1,19492.1876
1,5886,1,FALSE,1,19.57317
1,5887,1,FALSE,1,26027.4117
1,5888,1,FALSE,1,26011.63273
1,5889,1,FALSE,1,31.2966
1,5890,1,FALSE,1,27728.39969
1,5891,1,FALSE,1,4.2267
1,5892,1,FALSE,1,26018.12676
1,5893,1,FALSE,1,26018.53229
1,5895,1,FALSE,1,26018.63271
1,5896,1,FALSE,1,10.06496
1,5897,1,FALSE,1,26026.25733
1,5898,1,FALSE,1,26018.16552
1,5899,1,FALSE,1,26011.33116
1,5900,1,FALSE,1,32.53885
1,5901,1,FALSE,1,14.61324
1,5903,1,FALSE,1,26027.21089
1,5904,1,FALSE,1,26026.22551
1,5905,1,FALSE,1,26018.00055
1,5906,1,FALSE,1,10.02714
1,5907,1,FALSE,1,26027.14626
1,5908,1,FALSE,1,26036.28872
1,5909,1,FALSE,1,1.19419
1,5910,1,FALSE,1,26011.34651
1,5911,1,FALSE,1,13.04013
1,5912,1,FALSE,1,26018.33243
1,5913,1,FALSE,1,1.10973
1,5914,1,FALSE,1,1.06889
1,5915,1,FALSE,1,26011.08484
1,5916,1,FALSE,1,4.60355
1,5917,1,FALSE,1,10.07524
1,5918,1,FALSE,1,14.14388
1,5919,1,FALSE,1,26027.40722
1,5920,1,FALSE,1,23.67605
1,5921,1,FALSE,1,26011.34974
1,5922,1,FALSE,1,10.30937
1,5923,1,FALSE,1,26027.56237
1,5924,1,FALSE,1,1.48193
1,5925,1,FALSE,1,26026.041
1,5926,1,FALSE,1,26018.6036
1,5927,1,FALSE,1,10.0214
1,5928,1,FALSE,1,10.29153
1,5929,1,FALSE,1,26018.40335
1,5930,1,TRUE,1,1
1,5931,1,FALSE,1,26027.34611
1,5932,1,FALSE,1,28.60979
1,5933,1,FALSE,1,10.20816
1,5935,1,FALSE,1,26025.07644
1,5936,1,FALSE,1,26027.20428
1,5938,1,TRUE,1,1
1,5939,1,FALSE,1,26035.47399
1,5940,1,FALSE,1,1.26715
1,5941,1,FALSE,1,28.15785
1,5942,1,FALSE,1,26027.66188
1,5945,1,TRUE,1,1
1,5946,1,TRUE,1,1
1,5947,1,FALSE,1,10.39464
1,5948,1,FALSE,1,27728.10056
1,5949,1,FALSE,1,10.53535
1,5950,1,FALSE,1,26020.27054
1,5951,1,FALSE,1,26011.07549
1,5952,1,FALSE,1,37.09136
1,5953,1,FALSE,1,19.65976
1,5954,1,FALSE,1,26027.10138
1,5955,1,FALSE,1,19.41364
1,5956,1,FALSE,1,19457.28933
1,5957,1,FALSE,1,10.12923
1,5958,1,FALSE,1,26027.43103
1,5959,1,FALSE,1,26011.29812
1,5960,1,FALSE,1,19.54285
1,5961,1,FALSE,1,26036.62862
1,5962,1,FALSE,1,26018.0222
1,5963,1,FALSE,1,28.01398
1,5964,1,FALSE,1,26011.6172
1,5965,1,FALSE,1,1.19413
1,5966,1,FALSE,1,4.44394
1,5967,1,TRUE,1,1
1,5968,1,FALSE,1,26045.04237
1,5969,1,FALSE,1,10.042
1,5970,1,FALSE,1,10.54896
1,5971,1,FALSE,1,26027.15176
1,5972,1,TRUE,1,1
1,5973,1,FALSE,1,19466.27106
1,5974,1,FALSE,1,26027.60827
1,5975,1,FALSE,1,26045.18335
1,5977,1,FALSE,1,26018.0942
1,5978,1,FALSE,1,26011.21209
1,5979,1,FALSE,1,26018.58029
1,5980,1,FALSE,1,26027.59869
1,5981,1,TRUE,1,1
1,5982,1,FALSE,1,10.46662
1,5984,1,FALSE,1,26044.57461
1,5986,1,FALSE,1,28.12527
1,5988,1,FALSE,1,10.22894
1,5989,1,FALSE,1,26017.52145
1,5990,1,FALSE,1,3.10023
1,5991,1,FALSE,1,22.41187
1,5992,1,FALSE,1,19466.66643
1,5993,1,FALSE,1,26044.03669
1,5994,1,FALSE,1,26025.52116
1,5995,1,FALSE,1,26027.5169
1,5996,1,FALSE,1,26018.0857
1,5997,1,FALSE,1,26020.62915
1,5998,1,FALSE,1,22.57501
1,5999,1,FALSE,1,1.09876
1,6000,1,FALSE,1,26117.53929
1,6001,1,FALSE,1,13.52871
1,6002,1,FALSE,1,37.48769
1,6003,1,FALSE,1,19.22944
1,6004,1,FALSE,1,13.40409
1,6006,1,FALSE,1,12.67288
1,6007,1,FALSE,1,1.39115
1,6009,1,FALSE,1,26027.37588
1,6010,1,FALSE,1,26045.60289
1,6011,1,FALSE,1,10.22507
1,6012,1,FALSE,1,10.23842
1,6013,1,FALSE,1,10.07219
1,6014,1,FALSE,1,13.10719
1,6015,1,FALSE,1,26020.49751
1,6016,1,FALSE,1,1.33279
1,6017,1,FALSE,1,26036.42925
1,6018,1,FALSE,1,26018.4164
1,6019,1,FALSE,1,26011.47884
1,6020,1,FALSE,1,19.19983
1,6021,1,FALSE,1,26036.25969
1,6022,1,FALSE,1,26018.12099
1,6023,1,FALSE,1,26054.46433
1,6024,1,FALSE,1,19.26326
1,6025,1,FALSE,1,13.11745
1,6026,1,FALSE,1,26026.58894
1,6027,1,FALSE,1,10.51276
1,6028,1,TRUE,1,1
1,6029,1,FALSE,1,10.02144
1,6030,1,FALSE,1,26027.60525
1,6031,1,FALSE,1,26027.10268
1,6032,1,FALSE,1,28.19449
1,6033,1,FALSE,1,28.23806
1,6034,1,FALSE,1,26045.3887
1,6035,1,FALSE,1,26035.20251
1,6036,1,FALSE,1,26027.14241
1,6037,1,FALSE,1,10.23449
1,6038,1,FALSE,1,26018.05803
1,6039,1,FALSE,1,26018.04355
1,6040,1,FALSE,1,1.14655
1,6041,1,FALSE,1,1.28819
1,6042,1,FALSE,1,26018.24239
1,6043,1,FALSE,1,26018.47552
1,6044,1,FALSE,1,28.0084
1,6045,1,FALSE,1,26027.24548
1,6046,1,FALSE,1,12977.3576
1,6047,1,FALSE,1,10.21138
1,6048,1,FALSE,1,28.06964
1,6049,1,FALSE,1,26035.29326
1,6050,1,FALSE,1,28.11181
1,6051,1,FALSE,1,19.03876
1,6052,1,FALSE,1,26036.63377
1,6054,1,FALSE,1,26045.62998
1,6055,1,FALSE,1,26018.34178
1,6056,1,FALSE,1,26036.31866
1,6057,1,FALSE,1,26035.12667
1,6058,1,FALSE,1,26134.38365
1,6059,1,FALSE,1,26027.16735
1,6061,1,FALSE,1,19466.38043
1,6062,1,FALSE,1,29357.34819
1,6063,1,FALSE,1,19.0252
1,6064,1,FALSE,1,29350.11429
1,6065,1,FALSE,1,29456.47187
1,6066,1,FALSE,1,26063.45939
1,6067,1,FALSE,1,10.14445
1,6068,1,FALSE,1,27748.54695
1,6069,1,FALSE,1,1.28235
1,6070,1,FALSE,1,1.21094
1,6071,1,FALSE,1,10.03968
1,6073,1,FALSE,1,1.23444
1,6074,1,FALSE,1,14.46465
1,6075,1,FALSE,1,26018.0402
1,6076,1,FALSE,1,19.25075
1,6079,1,FALSE,1,1.50371
1,6080,1,FALSE,1,27755.04062
1,6081,1,FALSE,1,26020.33422
1,6082,1,FALSE,1,26063.09653
1,6083,1,FALSE,1,14.15944
1,6084,1,FALSE,1,1.18472
1,6085,1,FALSE,1,1.50396
1,6086,1,FALSE,1,26020.26362
1,6087,1,FALSE,1,26027.10669
1,6088,1,FALSE,1,1.10645
1,6089,1,FALSE,1,19.32031
1,6090,1,FALSE,1,13.14665
1,6092,1,FALSE,1,26054.28759
1,6093,1,FALSE,1,5.19476
1,6095,1,FALSE,1,1.08516
1,6096,1,FALSE,1,26036.01076
1,6098,1,FALSE,1,26020.31044
1,6099,1,FALSE,1,1.04506
1,6100,1,FALSE,1,10.09691
1,6101,1,FALSE,1,26054.17089
1,6102,1,FALSE,1,26045.4034
1,6103,1,FALSE,1,1.48181
1,6104,1,FALSE,1,10.26734
1,6105,1,FALSE,1,21.06527
1,6106,1,FALSE,1,26045.23886
1,6107,1,FALSE,1,26026.45118
1,6109,1,FALSE,1,26054.36892
1,6110,1,FALSE,1,26036.6307
1,6111,1,FALSE,1,1.14834
1,6113,1,FALSE,1,26027.01208
1,6115,1,FALSE,1,26036.13218
1,6117,1,FALSE,1,26027.01096
1,6118,1,FALSE,1,26054.64534
1,6119,1,FALSE,1,22.54091
1,6121,1,FALSE,1,10.05394
1,6123,1,FALSE,1,29438.52074
1,6125,1,FALSE,1,26027.35667
1,6126,1,FALSE,1,29251.21941
1,6127,1,FALSE,1,10.46213
1,6128,1,FALSE,1,26045.532
1,6129,1,FALSE,1,26027.11331
1,6130,1,FALSE,1,26038.27704
1,6131,1,FALSE,1,10.20798
1,6132,1,FALSE,1,10.31037
1,6133,1,FALSE,1,26018.22503
1,6134,1,FALSE,1,26027.23483
1,6135,1,FALSE,1,26038.36146
1,6136,1,FALSE,1,26025.6361
1,6137,1,FALSE,1,26036.6731
1,6138,1,FALSE,1,26027.56476
1,6139,1,FALSE,1,26036.52815
1,6140,1,FALSE,1,26027.35065
1,6141,1,FALSE,1,26018.01292
1,6142,1,FALSE,1,26027.24518
1,6143,1,FALSE,1,26027.11284
1,6144,1,FALSE,1,10.03162
1,6145,1,FALSE,1,29366.45489
1,6146,1,FALSE,1,37.26364
1,6148,1,FALSE,1,26036.50449
1,6149,1,FALSE,1,26027.6278
1,6150,1,FALSE,1,26020.50435
1,6151,1,FALSE,1,27746.57189
1,6152,1,FALSE,1,26027.67611
1,6153,1,FALSE,1,26026.61642
1,6154,1,FALSE,1,28.09887
1,6155,1,FALSE,1,27652.65122
1,6156,1,FALSE,1,26029.34236
1,6157,1,FALSE,1,26027.26623
1,6158,1,FALSE,1,26035.01352
1,6159,1,FALSE,1,4.28533
1,6160,1,FALSE,1,26018.6635
1,6162,1,FALSE,1,26020.21991
1,6164,1,FALSE,1,26036.35478
1,6165,1,FALSE,1,26045.13
1,6166,1,FALSE,1,26036.28825
1,6167,1,FALSE,1,26036.08453
1,6168,1,FALSE,1,26018.63934
1,6169,1,FALSE,1,1.59134
1,6170,1,FALSE,1,10.29932
1,6171,1,FALSE,1,26011.07128
1,6172,1,FALSE,1,10.51207
1,6173,1,FALSE,1,10.10918
1,6174,1,FALSE,1,26020.44397
1,6175,1,FALSE,1,26020.44896
1,6176,1,FALSE,1,28.30489
1,6177,1,FALSE,1,26034.43164
1,6178,1,FALSE,1,19466.03562
1,6180,1,FALSE,1,19.23196
1,6181,1,FALSE,1,10.11779
1,6182,1,FALSE,1,26027.0721
1,6183,1,FALSE,1,26045.62143
1,6185,1,FALSE,1,10.50615
1,6186,1,FALSE,1,10.01181
1,6187,1,FALSE,1,26045.01112
1,6188,1,FALSE,1,26018.23486
1,6189,1,FALSE,1,12.50406
1,6190,1,FALSE,1,6488.36265
1,6191,1,FALSE,1,6488.38766
1,6192,1,FALSE,1,10.48992
1,6193,1,FALSE,1,12977.28813
1,6194,1,FALSE,1,10.11781
1,6195,1,FALSE,1,26020.20912
1,6196,1,FALSE,1,26018.10214
1,6197,1,FALSE,1,19.04446
1,6198,1,FALSE,1,26027.58879
1,6199,1,FALSE,1,19.41877
1,6200,1,FALSE,1,10.49813
1,6201,1,FALSE,1,10.29276
1,6202,1,FALSE,1,26027.10611
1,6203,1,FALSE,1,26034.3443
1,6204,1,FALSE,1,1.34799
1,6205,1,FALSE,1,31.19462
1,6206,1,FALSE,1,19.48831
1,6207,1,FALSE,1,26011.54261
1,6208,1,FALSE,1,26027.21046
1,6209,1,FALSE,1,26027.67057
1,6210,1,FALSE,1,26036.13207
1,6211,1,FALSE,1,26018.08265
1,6212,1,FALSE,1,12.60874
1,6213,1,FALSE,1,1.19629
1,6214,1,FALSE,1,14.50779
1,6215,1,FALSE,1,14.14555
1,6216,1,FALSE,1,26018.62497
1,6217,1,FALSE,1,26018.67667
1,6218,1,FALSE,1,19457.04706
1,6219,1,FALSE,1,26020.45246
1,6220,1,FALSE,1,1.30729
1,6221,1,FALSE,1,27745.24542
1,6225,1,FALSE,1,1.13584
1,6227,1,FALSE,1,26017.06145
1,6228,1,FALSE,1,26040.32478
1,6229,1,FALSE,1,26026.09884
1,6231,1,FALSE,1,19.6095
1,6232,1,FALSE,1,26018.27766
1,6233,1,FALSE,1,10.3439
1,6234,1,FALSE,1,3.48987
1,6235,1,FALSE,1,29555.55277
1,6236,1,FALSE,1,26153.02061
1,6238,1,FALSE,1,26026.02468
1,6239,1,FALSE,1,13.31549
1,6240,1,FALSE,1,26027.00451
1,6241,1,FALSE,1,26018.04082
1,6243,1,FALSE,1,26018.06894
1,6244,1,FALSE,1,26011.55413
1,6245,1,TRUE,1,1
1,6246,1,FALSE,1,1.18816
1,6247,1,FALSE,1,26018.32694
1,6248,1,FALSE,1,10.49247
1,6249,1,FALSE,1,27631.65579
1,6250,1,FALSE,1,26018.48908
1,6251,1,TRUE,1,1
1,6252,1,FALSE,1,26027.04558
1,6253,1,FALSE,1,13.38212
1,6254,1,FALSE,1,26027.0346
1,6255,1,FALSE,1,10.38934
1,6256,1,FALSE,1,22.65166
1,6257,1,FALSE,1,1.50572
1,6258,1,FALSE,1,1.39639
1,6259,1,FALSE,1,26018.04378
1,6260,1,FALSE,1,26018.06776
1,6261,1,FALSE,1,19.01238
1,6262,1,FALSE,1,26036.05851
1,6263,1,FALSE,1,1.02973
1,6264,1,FALSE,1,26018.08223
1,6265,1,FALSE,1,10.32476
1,6266,1,FALSE,1,10.41259
1,6267,1,FALSE,1,12.61434
1,6268,1,FALSE,1,32.4464
1,6269,1,FALSE,1,26020.27654
1,6270,1,FALSE,1,26036.616
1,6271,1,FALSE,1,1.15725
1,6272,1,FALSE,1,1.26129
1,6273,1,FALSE,1,10.31536
1,6274,1,FALSE,1,26020.15117
1,6275,1,FALSE,1,1.26191
1,6276,1,FALSE,1,10.50725
1,6277,1,FALSE,1,26036.16105
1,6278,1,FALSE,1,26018.62793
1,6279,1,FALSE,1,1.18549
1,6280,1,FALSE,1,26018.29278
1,6281,1,FALSE,1,19.65812
1,6282,1,FALSE,1,1.07497
1,6283,1,FALSE,1,10.07943
1,6284,1,FALSE,1,1.15332
1,6285,1,FALSE,1,19457.05053
1,6286,1,FALSE,1,12.4905
1,6287,1,FALSE,1,10.52197
1,6288,1,FALSE,1,26011.06427
1,6289,1,FALSE,1,1.12332
1,6290,1,FALSE,1,26027.1829
1,6291,1,FALSE,1,13.41384
1,6292,1,FALSE,1,1.49782
1,6293,1,FALSE,1,10.22814
1,6294,1,FALSE,1,10.60385
1,6295,1,FALSE,1,26027.30811
1,6296,1,FALSE,1,26054.60744
1,6297,1,FALSE,1,26056.46843
1,6298,1,FALSE,1,1.32142
1,6299,1,FALSE,1,26027.52483
1,6300,1,FALSE,1,26054.54495
1,6301,1,FALSE,1,19.59202
1,6304,1,FALSE,1,26027.18961
1,6305,1,FALSE,1,26045.38162
1,6306,1,FALSE,1,26027.56078
1,6307,1,FALSE,1,26011.50434
1,6308,1,TRUE,1,1
1,6309,1,FALSE,1,19457.31086
1,6310,1,FALSE,1,26036.18938
1,6311,1,FALSE,1,26027.47363
1,6312,1,FALSE,1,13.63243
1,6313,1,FALSE,1,10.22052
1,6314,1,FALSE,1,26026.04899
1,6315,1,FALSE,1,26054.3229
1,6316,1,FALSE,1,26036.02482
1,6318,1,FALSE,1,29260.55078
1,6319,1,FALSE,1,19.59409
1,6320,1,FALSE,1,23.64992
1,6321,1,FALSE,1,26018.6713
1,6322,1,FALSE,1,19457.27641
1,6323,1,FALSE,1,12.06679
1,6326,1,FALSE,1,26020.5083
1,6327,1,FALSE,1,19.44115
1,6328,1,FALSE,1,26027.25472
1,6329,1,FALSE,1,41.65903
1,6331,1,FALSE,1,26029.46069
1,6332,1,FALSE,1,1.35812
1,6333,1,FALSE,1,10.6727
1,6334,1,FALSE,1,22.53035
1,6335,1,FALSE,1,26027.10315
1,6336,1,FALSE,1,14.03284
1,6337,1,FALSE,1,23.29796
1,6338,1,FALSE,1,10.3661
1,6339,1,FALSE,1,10.62204
1,6340,1,FALSE,1,26045.64818
1,6341,1,FALSE,1,19.31899
1,6342,1,FALSE,1,10.09181
1,6343,1,FALSE,1,26036.54208
1,6344,1,FALSE,1,19457.34351
1,6345,1,FALSE,1,1.38683
1,6346,1,FALSE,1,26018.15303
1,6347,1,FALSE,1,26045.03189
1,6348,1,FALSE,1,26036.55711
1,6349,1,FALSE,1,10.54431
1,6350,1,FALSE,1,14.56598
1,6351,1,FALSE,1,26054.1629
1,6352,1,FALSE,1,26045.50279
1,6354,1,FALSE,1,26018.19798
1,6355,1,FALSE,1,26020.38457
1,6357,1,FALSE,1,10.05966
1,6358,1,FALSE,1,26020.48844
1,6359,1,FALSE,1,26029.42967
1,6360,1,FALSE,1,26027.61285
1,6361,1,FALSE,1,10.40473
1,6362,1,FALSE,1,26038.14423
1,6363,1,FALSE,1,26036.03535
1,6364,1,FALSE,1,26011.22519
1,6365,1,FALSE,1,10.39359
1,6366,1,FALSE,1,26036.38304
1,6367,1,FALSE,1,26043.54161
1,6369,1,FALSE,1,19.5006
1,6370,1,FALSE,1,26036.64628
1,6371,1,FALSE,1,26045.53809
1,6373,1,FALSE,1,6488.13336
1,6374,1,FALSE,1,27737.16595
1,6375,1,FALSE,1,26027.49295
1,6376,1,FALSE,1,10.34861
1,6378,1,FALSE,1,26034.59826
1,6379,1,FALSE,1,26045.602
1,6380,1,FALSE,1,26036.54921
1,6382,1,FALSE,1,1.1403
1,6383,1,FALSE,1,14.44574
1,6384,1,FALSE,1,10.271
1,6386,1,FALSE,1,26027.48517
1,6387,1,FALSE,1,10.55956
1,6388,1,FALSE,1,30.53191
1,6389,1,FALSE,1,26054.09667
1,6392,1,FALSE,1,23.26278
1,6393,1,FALSE,1,1.49824
1,6394,1,TRUE,1,1
1,6395,1,TRUE,1,1
1,6396,1,FALSE,1,23.33384
1,6397,1,FALSE,1,26027.12472
1,6398,1,FALSE,1,14.20555
1,6399,1,FALSE,1,26036.6745
1,6400,1,FALSE,1,26036.59858
1,6402,1,FALSE,1,12.61695
1,6403,1,FALSE,1,26018.03316
1,6404,1,TRUE,1,1
1,6405,1,FALSE,1,26026.51554
1,6406,1,FALSE,1,26036.01996
1,6407,1,FALSE,1,26020.22684
1,6408,1,FALSE,1,26011.02066
1,6409,1,FALSE,1,19.24804
1,6410,1,FALSE,1,19.09284
1,6411,1,FALSE,1,26018.04876
1,6412,1,FALSE,1,28.55908
1,6413,1,FALSE,1,10.14985
1,6414,1,FALSE,1,12.64164
1,6415,1,FALSE,1,19.56665
1,6416,1,FALSE,1,26027.60665
1,6417,1,FALSE,1,26036.45405
1,6418,1,FALSE,1,26045.22736
1,6419,1,FALSE,1,12.23474
1,6420,1,FALSE,1,27737.33702
1,6421,1,FALSE,1,19.3619
1,6422,1,FALSE,1,26027.56304
1,6423,1,FALSE,1,10.08541
1,6424,1,FALSE,1,26054.339
1,6425,1,FALSE,1,26034.31686
1,6426,1,FALSE,1,27660.49988
1,6427,1,FALSE,1,26045.4333
1,6428,1,FALSE,1,10.38126
1,6429,1,FALSE,1,30.39474
1,6430,1,FALSE,1,1.05665
1,6431,1,FALSE,1,10.32146
1,6432,1,FALSE,1,10.6681
1,6433,1,FALSE,1,26036.05392
1,6434,1,FALSE,1,12.47621
1,6436,1,FALSE,1,26054.35611
1,6438,1,FALSE,1,28.67338
1,6439,1,FALSE,1,19.26302
1,6440,1,FALSE,1,22.58538
1,6441,1,FALSE,1,19475.6054
1,6442,1,FALSE,1,26018.14561
1,6443,1,FALSE,1,4.09342
1,6447,1,FALSE,1,19.60144
1,6448,1,FALSE,1,26027.67332
1,6449,1,FALSE,1,10.11634
1,6450,1,FALSE,1,26027.39951
1,6451,1,FALSE,1,19.02596
1,6452,1,FALSE,1,1.23977
1,6453,1,FALSE,1,4.1475
1,6454,1,FALSE,1,4.09729
1,6455,1,FALSE,1,28.51126
1,6456,1,FALSE,1,1.54905
1,6457,1,FALSE,1,4.14001
1,6458,1,FALSE,1,12.54115
1,6459,1,FALSE,1,1.52608
1,6460,1,FALSE,1,26011.47489
1,6461,1,FALSE,1,26018.34347
1,6462,1,FALSE,1,6488.24967
1,6464,1,FALSE,1,26027.59391
1,6465,1,FALSE,1,26027.62863
1,6466,1,FALSE,1,26018.00775
1,6467,1,FALSE,1,1.31349
1,6468,1,FALSE,1,1.35685
1,6469,1,FALSE,1,26018.45597
1,6470,1,TRUE,1,1
1,6471,1,TRUE,1,1
1,6472,1,FALSE,1,26027.33085
1,6473,1,FALSE,1,26018.46518
1,6474,1,FALSE,1,26027.23639
1,6475,1,FALSE,1,26018.0771
1,6476,1,FALSE,1,26011.14835
1,6477,1,FALSE,1,26018.00264
1,6478,1,FALSE,1,26018.55623
1,6479,1,FALSE,1,26018.11833
1,6480,1,FALSE,1,26027.06329
1,6481,1,FALSE,1,10.05475
1,6482,1,FALSE,1,1.40328
1,6483,1,FALSE,1,26027.56742
1,6484,1,FALSE,1,10.07255
1,6485,1,FALSE,1,19.19351
1,6486,1,FALSE,1,6488.26505
1,6487,1,FALSE,1,6488.44409
1,6488,1,FALSE,1,26045.04185
1,6489,1,FALSE,1,26036.09924
1,6490,1,FALSE,1,26036.61512
1,6492,1,FALSE,1,1.17022
1,6493,1,FALSE,1,26027.17021
1,6494,1,FALSE,1,26036.19324
1,6496,1,FALSE,1,10.43704
1,6497,1,FALSE,1,12.18802
1,6498,1,FALSE,1,14.61269
1,6499,1,FALSE,1,14.33397
1,6500,1,FALSE,1,31.47876
1,6501,1,FALSE,1,14.49729
1,6502,1,FALSE,1,1.21296
1,6503,1,FALSE,1,10.4838
1,6504,1,FALSE,1,26011.29771
1,6505,1,FALSE,1,26036.65547
1,6507,1,FALSE,1,26027.45813
1,6508,1,FALSE,1,26018.23438
1,6509,1,FALSE,1,26018.5021
1,6510,1,FALSE,1,26027.39422
1,6511,1,TRUE,1,1
1,6512,1,TRUE,1,1
1,6513,1,FALSE,1,1.67092
1,6514,1,FALSE,1,21.66465
1,6515,1,TRUE,1,1
1,6516,1,FALSE,1,26018.19439
1,6517,1,FALSE,1,26018.60912
1,6519,1,FALSE,1,26036.56583
1,6520,1,FALSE,1,26027.20965
1,6521,1,FALSE,1,19.16584
1,6522,1,FALSE,1,19455.12156
1,6523,1,FALSE,1,28.21934
1,6524,1,FALSE,1,26027.06744
1,6525,1,FALSE,1,10.01797
1,6526,1,FALSE,1,26025.48126
1,6527,1,FALSE,1,1.26269
1,6528,1,FALSE,1,1.13863
1,6529,1,FALSE,1,26035.64846
1,6530,1,TRUE,1,1
1,6531,1,TRUE,1,1
1,6532,1,FALSE,1,26018.22475
1,6533,1,FALSE,1,26018.59593
1,6534,1,FALSE,1,26018.30437
1,6535,1,FALSE,1,26018.6739
1,6536,1,FALSE,1,19.16259
1,6537,1,FALSE,1,26135.65003
1,6538,1,FALSE,1,10.54765
1,6539,1,FALSE,1,26036.22656
1,6540,1,FALSE,1,27737.13314
1,6541,1,FALSE,1,26036.07447
1,6542,1,FALSE,1,26027.22644
1,6544,1,FALSE,1,10.21171
1,6545,1,FALSE,1,26045.52006
1,6546,1,FALSE,1,26035.25909
1,6547,1,FALSE,1,26036.32953
1,6548,1,FALSE,1,14.21234
1,6549,1,TRUE,1,1
1,6550,1,FALSE,1,26027.0756
1,6551,1,FALSE,1,26027.12804
1,6552,1,FALSE,1,10.47572
1,6553,1,FALSE,1,19.28073
1,6554,1,FALSE,1,28.05877
1,6555,1,FALSE,1,26020.05536
1,6556,1,FALSE,1,26045.34595
1,6557,1,FALSE,1,10.5337
1,6558,1,FALSE,1,26027.52773
1,6559,1,FALSE,1,26135.27795
1,6561,1,FALSE,1,1.02177
1,6562,1,FALSE,1,10.12358
1,6563,1,FALSE,1,26018.58584
1,6564,1,FALSE,1,13.05637
1,6565,1,FALSE,1,19.36356
1,6566,1,FALSE,1,26018.55683
1,6567,1,FALSE,1,10.51875
1,6568,1,FALSE,1,29341.04198
1,6569,1,TRUE,1,1
1,6570,1,FALSE,1,26043.25173
1,6571,1,FALSE,1,28.61308
1,6572,1,FALSE,1,26020.42499
1,6573,1,FALSE,1,1.59271
1,6574,1,FALSE,1,19.5782
1,6575,1,FALSE,1,26027.54021
1,6576,1,FALSE,1,26036.02284
1,6577,1,FALSE,1,26018.44338
1,6578,1,FALSE,1,26011.05043
1,6579,1,FALSE,1,26018.30739
1,6580,1,FALSE,1,26036.41816
1,6581,1,FALSE,1,26027.21921
1,6582,1,FALSE,1,1.08964
1,6583,1,FALSE,1,21.2042
1,6584,1,FALSE,1,10.45608
1,6585,1,FALSE,1,26018.08109
1,6586,1,FALSE,1,10.08047
1,6587,1,FALSE,1,26027.37804
1,6588,1,FALSE,1,26018.28325
1,6589,1,FALSE,1,26027.09687
1,6590,1,FALSE,1,26036.08876
1,6591,1,FALSE,1,26036.35267
1,6592,1,FALSE,1,5.13089
1,6593,1,FALSE,1,4.58632
1,6594,1,FALSE,1,26018.04413
1,6595,1,FALSE,1,26018.43389
1,6596,1,FALSE,1,26117.65256
1,6597,1,FALSE,1,1.20213
1,6598,1,FALSE,1,26018.42063
1,6599,1,FALSE,1,1.20155
1,6600,1,FALSE,1,10.53507
1,6601,1,FALSE,1,10.25335
1,6602,1,FALSE,1,26027.12982
1,6603,1,FALSE,1,10.47425
1,6604,1,FALSE,1,31.28415
1,6605,1,FALSE,1,4.4992
1,6606,1,FALSE,1,26018.5486
1,6607,1,FALSE,1,28.25515
1,6608,1,FALSE,1,26035.06842
1,6610,1,FALSE,1,19.15418
1,6611,1,FALSE,1,26045.35264
1,6612,1,FALSE,1,26045.56465
1,6613,1,FALSE,1,26027.60837
1,6614,1,FALSE,1,26036.52202
1,6615,1,FALSE,1,6488.0791
1,6616,1,FALSE,1,26018.23296
1,6617,1,FALSE,1,1.65162
1,6618,1,FALSE,1,26018.63991
1,6619,1,FALSE,1,19.62952
1,6620,1,FALSE,1,26054.51259
1,6621,1,FALSE,1,19.60443
1,6622,1,TRUE,1,1
1,6623,1,FALSE,1,21.40223
1,6624,1,FALSE,1,10.13814
1,6625,1,FALSE,1,10.34428
1,6627,1,FALSE,1,26026.38319
1,6628,1,FALSE,1,23.23262
1,6629,1,FALSE,1,12.05941
1,6630,1,FALSE,1,1.27881
1,6631,1,FALSE,1,1.22971
1,6632,1,FALSE,1,10.63008
1,6633,1,FALSE,1,12.60286
1,6634,1,FALSE,1,1.45142
1,6635,1,FALSE,1,19.59694
1,6636,1,FALSE,1,10.20579
1,6638,1,FALSE,1,26027.50653
1,6639,1,FALSE,1,12.00279
1,6640,1,FALSE,1,22.45496
1,6642,1,FALSE,1,1.44613
1,6643,1,FALSE,1,19457.0033
1,6644,1,FALSE,1,37.61615
1,6645,1,FALSE,1,19.36205
1,6646,1,FALSE,1,10.65678
1,6647,1,FALSE,1,26126.07961
1,6648,1,FALSE,1,26018.20905
1,6649,1,FALSE,1,32.14649
1,6650,1,FALSE,1,26036.43884
1,6651,1,FALSE,1,26027.36821
1,6653,1,FALSE,1,26036.18596
1,6655,1,FALSE,1,10.56133
1,6656,1,FALSE,1,26018.14138
1,6657,1,FALSE,1,14.38027
1,6658,1,FALSE,1,26036.43664
1,6660,1,FALSE,1,26054.52783
1,6661,1,FALSE,1,19.50716
1,6662,1,FALSE,1,26027.62982
1,6663,1,FALSE,1,26036.10777
1,6665,1,FALSE,1,19.52465
1,6666,1,FALSE,1,26018.12484
1,6667,1,FALSE,1,3.47329
1,6669,1,FALSE,1,26053.3171
1,6670,1,FALSE,1,26027.36645
1,6671,1,FALSE,1,10.12695
1,6673,1,FALSE,1,26045.30892
1,6674,1,FALSE,1,1.55307
1,6675,1,FALSE,1,26036.20721
1,6676,1,FALSE,1,19.53043
1,6677,1,FALSE,1,26027.00658
1,6678,1,FALSE,1,28.32046
1,6679,1,FALSE,1,26027.20097
1,6680,1,FALSE,1,26018.288
1,6681,1,FALSE,1,26020.00228
1,6682,1,FALSE,1,10.34757
1,6683,1,FALSE,1,26018.52294
1,6684,1,FALSE,1,10.36682
1,6685,1,FALSE,1,26036.0707
1,6686,1,FALSE,1,26036.48369
1,6687,1,FALSE,1,26045.34143
1,6688,1,FALSE,1,1.09028
1,6689,1,FALSE,1,26011.63103
1,6690,1,FALSE,1,26011.62429
1,6691,1,FALSE,1,26018.3074
1,6692,1,FALSE,1,10.27124
1,6693,1,FALSE,1,37.63112
1,6694,1,FALSE,1,26027.40265
1,6695,1,FALSE,1,1.13644
1,6696,1,FALSE,1,1.16185
1,6697,1,FALSE,1,1.27605
1,6698,1,FALSE,1,22.42974
1,6699,1,FALSE,1,19.15143
1,6700,1,FALSE,1,26054.51351
1,6701,1,FALSE,1,26054.28875
1,6702,1,FALSE,1,10.1119
1,6703,1,FALSE,1,1.24519
1,6704,1,FALSE,1,1.07175
1,6705,1,FALSE,1,26036.22308
1,6706,1,FALSE,1,37.37079
1,6707,1,FALSE,1,26027.48109
1,6708,1,FALSE,1,26027.31626
1,6709,1,FALSE,1,26045.51363
1,6710,1,FALSE,1,26027.15456
1,6711,1,FALSE,1,26027.44851
1,6713,1,FALSE,1,13.2913
1,6714,1,FALSE,1,26036.38742
1,6715,1,FALSE,1,32.65624
1,6716,1,FALSE,1,27764.47365
1,6717,1,FALSE,1,26053.16357
1,6719,1,FALSE,1,10.19541
1,6720,1,FALSE,1,26036.26917
1,6721,1,FALSE,1,10.36711
1,6722,1,FALSE,1,27644.65521
1,6723,1,FALSE,1,26036.29311
1,6725,1,FALSE,1,19.5234
1,6726,1,FALSE,1,26018.41477
1,6727,1,FALSE,1,26036.50355
1,6728,1,FALSE,1,26054.12949
1,6729,1,FALSE,1,1.21276
1,6730,1,TRUE,1,1
1,6731,1,FALSE,1,26036.13404
1,6732,1,FALSE,1,10.50249
1,6733,1,FALSE,1,19.55433
1,6734,1,FALSE,1,26036.57016
1,6735,1,FALSE,1,26027.57215
1,6736,1,FALSE,1,19457.30988
1,6737,1,FALSE,1,26018.58617
1,6738,1,FALSE,1,26027.13007
1,6739,1,FALSE,1,1.06991
1,6740,1,FALSE,1,14.11246
1,6741,1,FALSE,1,26018.44363
1,6742,1,TRUE,1,1
1,6743,1,FALSE,1,10.11142
1,6744,1,FALSE,1,19.46161
1,6745,1,FALSE,1,10.27966
1,6746,1,FALSE,1,10.17155
1,6747,1,FALSE,1,10.37852
1,6748,1,FALSE,1,10.34101
1,6749,1,FALSE,1,14.47416
1,6750,1,FALSE,1,26027.18134
1,6751,1,FALSE,1,26027.63504
1,6752,1,FALSE,1,1.62277
1,6753,1,FALSE,1,1.55486
1,6754,1,FALSE,1,26044.52125
1,6755,1,FALSE,1,10.44748
1,6756,1,FALSE,1,26018.42093
1,6757,1,FALSE,1,10.34465
1,6758,1,FALSE,1,10.13259
1,6759,1,FALSE,1,26018.36539
1,6760,1,FALSE,1,26018.06484
1,6761,1,FALSE,1,10.22485
1,6762,1,FALSE,1,1.59282
1,6764,1,FALSE,1,10.44761
1,6765,1,FALSE,1,19.15485
1,6766,1,FALSE,1,19.4754
1,6767,1,FALSE,1,26027.1924
1,6768,1,FALSE,1,26044.08323
1,6770,1,FALSE,1,19.27803
1,6771,1,FALSE,1,26018.03328
1,6772,1,FALSE,1,26018.36625
1,6773,1,FALSE,1,26018.16141
1,6774,1,FALSE,1,26027.51375
1,6775,1,FALSE,1,19457.56455
1,6776,1,FALSE,1,26027.44025
1,6778,1,FALSE,1,19.66185
1,6779,1,FALSE,1,26043.03004
1,6780,1,FALSE,1,26027.57519
1,6781,1,FALSE,1,19466.36935
1,6782,1,FALSE,1,26027.37621
1,6783,1,FALSE,1,26045.66226
1,6784,1,FALSE,1,26036.40528
1,6785,1,FALSE,1,26027.41255
1,6786,1,FALSE,1,26035.56263
1,6787,1,FALSE,1,10.55411
1,6788,1,FALSE,1,26018.18234
1,6789,1,FALSE,1,10.42177
1,6790,1,FALSE,1,26018.50657
1,6791,1,FALSE,1,27631.25954
1,6792,1,FALSE,1,10.52544
1,6793,1,FALSE,1,10.18845
1,6794,1,FALSE,1,26044.52469
1,6795,1,FALSE,1,28.12254
1,6796,1,FALSE,1,26027.00267
1,6797,1,FALSE,1,26018.5105
1,6798,1,FALSE,1,26018.43718
1,6799,1,FALSE,1,10.05713
1,6800,1,FALSE,1,26016.259
1,6801,1,FALSE,1,26017.64012
1,6802,1,FALSE,1,26026.42578
1,6803,1,FALSE,1,26035.42738
1,6804,1,FALSE,1,13.40178
1,6805,1,FALSE,1,26027.43573
1,6806,1,FALSE,1,26053.05849
1,6807,1,FALSE,1,1.65195
1,6808,1,TRUE,1,1
1,6809,1,FALSE,1,26018.63916
1,6810,1,TRUE,1,1
1,6811,1,FALSE,1,13.10631
1,6812,1,FALSE,1,1.05621
1,6813,1,FALSE,1,26027.43199
1,6814,1,FALSE,1,10.25142
1,6816,1,FALSE,1,26027.01434
1,6817,1,FALSE,1,26036.59786
1,6818,1,FALSE,1,19.48544
1,6819,1,FALSE,1,26045.2236
1,6820,1,FALSE,1,26018.63331
1,6822,1,TRUE,1,1
1,6823,1,FALSE,1,10.30531
1,6824,1,FALSE,1,10.63578
1,6825,1,FALSE,1,31148.45111
1,6826,1,FALSE,1,1.25467
1,6827,1,FALSE,1,26018.10035
1,6828,1,FALSE,1,10.18064
1,6829,1,FALSE,1,26027.22329
1,6830,1,FALSE,1,1.66952
1,6831,1,FALSE,1,26027.57103
1,6832,1,FALSE,1,26027.6204
1,6833,1,FALSE,1,10.55892
1,6834,1,FALSE,1,10.25384
1,6835,1,FALSE,1,26027.64651
1,6836,1,FALSE,1,26036.26821
1,6837,1,FALSE,1,10.54468
1,6838,1,FALSE,1,26045.48312
1,6839,1,FALSE,1,14.3021
1,6840,1,FALSE,1,12.38069
1,6841,1,FALSE,1,1.09455
1,6842,1,FALSE,1,26016.24263
1,6843,1,FALSE,1,26027.00772
1,6844,1,FALSE,1,26027.26464
1,6845,1,FALSE,1,26018.27083
1,6846,1,FALSE,1,26020.34725
1,6847,1,FALSE,1,1.33292
1,6848,1,FALSE,1,26027.61133
1,6849,1,FALSE,1,26016.64658
1,6850,1,FALSE,1,10.07862
1,6852,1,FALSE,1,26126.41063
1,6853,1,FALSE,1,26044.01983
1,6854,1,FALSE,1,10.24416
1,6856,1,FALSE,1,26027.388
1,6857,1,FALSE,1,1.17679
1,6858,1,FALSE,1,26011.19053
1,6859,1,FALSE,1,10.19028
1,6860,1,FALSE,1,26026.61963
1,6861,1,FALSE,1,26027.19954
1,6862,1,FALSE,1,5.50846
1,6863,1,FALSE,1,26027.44154
1,6864,1,FALSE,1,10.14723
1,6865,1,FALSE,1,26045.48201
1,6866,1,FALSE,1,26045.06508
1,6867,1,FALSE,1,26027.07107
1,6869,1,FALSE,1,26020.65064
1,6871,1,FALSE,1,10.47877
1,6873,1,FALSE,1,10.00981
1,6874,1,FALSE,1,27640.62942
1,6875,1,FALSE,1,26045.57848
1,6877,1,FALSE,1,26027.17363
1,6879,1,FALSE,1,10.08775
1,6881,1,FALSE,1,13.2834
1,6882,1,FALSE,1,23.41998
1,6883,1,FALSE,1,10.06149
1,6884,1,FALSE,1,26045.52157
1,6885,1,FALSE,1,26036.12288
1,6886,1,FALSE,1,26038.19644
1,6887,1,FALSE,1,10.15344
1,6889,1,FALSE,1,19.13005
1,6890,1,FALSE,1,26027.55899
1,6891,1,FALSE,1,19.03017
1,6892,1,FALSE,1,10.00054
1,6893,1,FALSE,1,26027.57298
1,6894,1,FALSE,1,26045.00795
1,6895,1,FALSE,1,10.05578
1,6896,1,FALSE,1,10.63943
1,6897,1,FALSE,1,26018.65454
1,6898,1,FALSE,1,26011.1912
1,6899,1,FALSE,1,26018.05566
1,6900,1,FALSE,1,12.10853
1,6901,1,FALSE,1,30.43274
1,6902,1,FALSE,1,26035.26407
1,6903,1,FALSE,1,26035.27951
1,6904,1,FALSE,1,26054.1355
1,6905,1,FALSE,1,21.65431
1,6906,1,FALSE,1,10.40868
1,6907,1,FALSE,1,1.19213
1,6908,1,FALSE,1,4.16009
1,6909,1,FALSE,1,10.04644
1,6910,1,FALSE,1,26018.17813
1,6911,1,FALSE,1,10.19368
1,6912,1,FALSE,1,19.56408
1,6913,1,FALSE,1,10.33366
1,6914,1,FALSE,1,10.02636
1,6915,1,FALSE,1,26027.13511
1,6916,1,FALSE,1,10.60034
1,6917,1,FALSE,1,26011.55121
1,6918,1,FALSE,1,26018.28008
1,6919,1,FALSE,1,26018.26677
1,6920,1,FALSE,1,1.09278
1,6921,1,FALSE,1,13.51429
1,6922,1,FALSE,1,14.57138
1,6923,1,FALSE,1,26011.42468
1,6924,1,FALSE,1,10.1507
1,6926,1,FALSE,1,26117.27913
1,6927,1,FALSE,1,30.50826
1,6928,1,FALSE,1,10.04474
1,6929,1,FALSE,1,26027.0481
1,6930,1,FALSE,1,26036.0511
1,6931,1,FALSE,1,26027.66415
1,6932,1,FALSE,1,26018.51947
1,6933,1,FALSE,1,26016.64427
1,6934,1,FALSE,1,26011.4807
1,6935,1,FALSE,1,26011.39396
1,6936,1,FALSE,1,1.26923
1,6937,1,FALSE,1,10.40603
1,6938,1,FALSE,1,26035.13927
1,6939,1,FALSE,1,26027.51234
1,6940,1,FALSE,1,26038.63237
1,6941,1,FALSE,1,26011.58787
1,6942,1,FALSE,1,1.61815
1,6943,1,FALSE,1,26036.5129
1,6944,1,FALSE,1,26018.29537
1,6945,1,FALSE,1,26027.09145
1,6946,1,FALSE,1,26027.12193
1,6947,1,FALSE,1,13.28557
1,6948,1,FALSE,1,10.28255
1,6949,1,FALSE,1,26027.24806
1,6950,1,FALSE,1,26027.6637
1,6951,1,FALSE,1,10.31562
1,6953,1,FALSE,1,26045.18457
1,6955,1,FALSE,1,26027.40114
1,6956,1,FALSE,1,14.05148
1,6957,1,FALSE,1,26027.38104
1,6958,1,FALSE,1,10.1259
1,6959,1,FALSE,1,26026.06563
1,6960,1,FALSE,1,27631.59185
1,6961,1,FALSE,1,26018.11557
1,6962,1,FALSE,1,10.22343
1,6964,1,FALSE,1,26018.07085
1,6965,1,FALSE,1,26045.33503
1,6966,1,FALSE,1,32.40209
1,6967,1,FALSE,1,26025.43624
1,6968,1,FALSE,1,26025.44669
1,6969,1,FALSE,1,5.38644
1,6971,1,FALSE,1,26018.3633
1,6972,1,FALSE,1,26045.21721
1,6973,1,FALSE,1,19.38799
1,6974,1,FALSE,1,23.41879
1,6976,1,FALSE,1,21.40644
1,6977,1,FALSE,1,26027.06934
1,6979,1,FALSE,1,10.3064
1,6980,1,FALSE,1,26020.2466
1,6981,1,FALSE,1,26027.55811
1,6982,1,FALSE,1,1.6651
1,6983,1,FALSE,1,4.46965
1,6984,1,FALSE,1,27737.00488
1,6985,1,TRUE,1,1
1,6986,1,FALSE,1,26027.01278
1,6987,1,FALSE,1,27647.20012
1,6988,1,FALSE,1,13.23845
1,6989,1,FALSE,1,26054.57181
1,6990,1,FALSE,1,26025.63047
1,6991,1,FALSE,1,26011.43352
1,6992,1,FALSE,1,26045.64301
1,6993,1,FALSE,1,26036.66137
1,6994,1,FALSE,1,26036.4748
1,6995,1,FALSE,1,26045.49151
1,6996,1,FALSE,1,26045.33657
1,6998,1,FALSE,1,26018.27078
1,6999,1,FALSE,1,29456.18578
1,7000,1,FALSE,1,5.37738
1,7001,1,FALSE,1,22.20526
1,7002,1,FALSE,1,26035.43109
1,7003,1,FALSE,1,26018.67162
1,7004,1,FALSE,1,26036.27287
1,7006,1,FALSE,1,10.32123
1,7007,1,FALSE,1,10.40934
1,7008,1,FALSE,1,28.40655
1,7009,1,FALSE,1,21.41049
1,7010,1,FALSE,1,26020.56103
1,7011,1,FALSE,1,10.26247
1,7012,1,FALSE,1,26036.33618
1,7013,1,FALSE,1,26045.37876
1,7015,1,FALSE,1,26036.03079
1,7016,1,FALSE,1,26027.57425
1,7017,1,FALSE,1,10.61514
1,7019,1,FALSE,1,26011.0441
1,7021,1,FALSE,1,10.55408
1,7022,1,FALSE,1,26027.24198
1,7023,1,FALSE,1,19466.49392
1,7024,1,FALSE,1,10.29062
1,7025,1,FALSE,1,1.28992
1,7026,1,FALSE,1,4.52095
1,7027,1,FALSE,1,26027.52869
1,7028,1,FALSE,1,26027.54251
1,7029,1,FALSE,1,26036.03826
1,7030,1,FALSE,1,26018.45706
1,7031,1,FALSE,1,23.19364
1,7032,1,FALSE,1,19.49926
1,7033,1,FALSE,1,26018.05691
1,7034,1,FALSE,1,26020.30565
1,7035,1,FALSE,1,26027.30598
1,7036,1,FALSE,1,6488.12742
1,7037,1,FALSE,1,29465.66023
1,7038,1,FALSE,1,6488.18245
1,7039,1,FALSE,1,26018.35732
1,7040,1,FALSE,1,19.17248
1,7042,1,FALSE,1,26043.65287
1,7043,1,FALSE,1,26036.49453
1,7044,1,FALSE,1,10.40953
1,7045,1,FALSE,1,13.60159
1,7046,1,FALSE,1,28.35633
1,7048,1,FALSE,1,10.11396
1,7049,1,FALSE,1,10.08562
1,7050,1,FALSE,1,26036.19554
1,7051,1,FALSE,1,19.13597
1,7052,1,FALSE,1,10.27529
1,7053,1,FALSE,1,1.21549
1,7054,1,FALSE,1,27746.34528
1,7055,1,FALSE,1,1.47194
1,7056,1,FALSE,1,26018.04129
1,7057,1,TRUE,1,1
1,7058,1,FALSE,1,31.43169
1,7059,1,FALSE,1,26011.50011
1,7060,1,FALSE,1,26018.15966
1,7061,1,FALSE,1,1.59732
1,7062,1,FALSE,1,26026.61785
1,7063,1,FALSE,1,1.56431
1,7064,1,FALSE,1,26027.07448
1,7065,1,FALSE,1,26026.63522
1,7066,1,FALSE,1,26027.0317
1,7067,1,FALSE,1,26027.09661
1,7068,1,FALSE,1,26027.05389
1,7070,1,FALSE,1,26018.36996
1,7071,1,FALSE,1,26027.01299
1,7072,1,FALSE,1,10.39142
1,7073,1,FALSE,1,26036.20757
1,7074,1,FALSE,1,26034.52285
1,7075,1,FALSE,1,26027.54679
1,7076,1,FALSE,1,26018.23767
1,7078,1,FALSE,1,10.6653
1,7080,1,FALSE,1,26036.40341
1,7081,1,FALSE,1,26027.54466
1,7082,1,FALSE,1,23.1504
1,7083,1,FALSE,1,10.48909
1,7084,1,FALSE,1,26038.59423
1,7085,1,FALSE,1,26027.25161
1,7086,1,FALSE,1,26018.59766
1,7087,1,FALSE,1,10.25763
1,7088,1,FALSE,1,1.51233
1,7089,1,FALSE,1,26025.14249
1,7090,1,FALSE,1,10.28908
1,7091,1,FALSE,1,26036.03498
1,7092,1,FALSE,1,21.58285
1,7093,1,FALSE,1,26027.41608
1,7094,1,FALSE,1,14.34257
1,7095,1,FALSE,1,10.20125
1,7096,1,FALSE,1,29258.67237
1,7097,1,FALSE,1,26027.41882
1,7098,1,FALSE,1,23.1765
1,7100,1,FALSE,1,26027.37982
1,7101,1,FALSE,1,26036.50515
1,7102,1,FALSE,1,29279.3497
1,7103,1,FALSE,1,19.66332
1,7105,1,FALSE,1,26045.0307
1,7106,1,FALSE,1,26045.28119
1,7107,1,FALSE,1,10.19012
1,7108,1,FALSE,1,26045.10561
1,7109,1,FALSE,1,26027.58711
1,7110,1,FALSE,1,26045.14471
1,7111,1,FALSE,1,26045.45662
1,7112,1,FALSE,1,10.0098
1,7113,1,FALSE,1,19.12685
1,7114,1,FALSE,1,26027.51232
1,7115,1,FALSE,1,26045.25023
1,7116,1,FALSE,1,19.10598
1,7117,1,FALSE,1,1.08543
1,7118,1,FALSE,1,26027.23473
1,7119,1,FALSE,1,26018.6177
1,7120,1,FALSE,1,1.45898
1,7121,1,FALSE,1,10.05298
1,7122,1,FALSE,1,26027.56609
1,7123,1,FALSE,1,19.09602
1,7124,1,FALSE,1,26036.67435
1,7125,1,FALSE,1,26036.27337
1,7126,1,FALSE,1,26053.33605
1,7127,1,FALSE,1,1.52413
1,7128,1,FALSE,1,29366.39761
1,7129,1,FALSE,1,26027.57651
1,7130,1,FALSE,1,26027.07036
1,7131,1,FALSE,1,10.09237
1,7133,1,FALSE,1,10.10463
1,7134,1,FALSE,1,10.09319
1,7135,1,FALSE,1,26034.19934
1,7136,1,FALSE,1,23.20458
1,7137,1,FALSE,1,26018.26553
1,7138,1,FALSE,1,26020.59956
1,7139,1,FALSE,1,19.50433
1,7141,1,TRUE,1,1
1,7142,1,FALSE,1,23.00465
1,7143,1,FALSE,1,1.62301
1,7144,1,FALSE,1,12.17193
1,7145,1,FALSE,1,13.50426
1,7146,1,FALSE,1,26036.30383
1,7147,1,FALSE,1,26018.18306
1,7148,1,FALSE,1,26026.11411
1,7149,1,FALSE,1,1.08897
1,7150,1,FALSE,1,26025.60158
1,7151,1,TRUE,1,1
1,7152,1,FALSE,1,26027.18761
1,7153,1,TRUE,1,1
1,7154,1,FALSE,1,32.57895
1,7155,1,FALSE,1,19475.44294
1,7156,1,FALSE,1,10.10856
1,7157,1,FALSE,1,26044.32926
1,7158,1,FALSE,1,28.1804
1,7159,1,FALSE,1,26035.21355
1,7160,1,FALSE,1,26036.2857
1,7161,1,FALSE,1,26018.34168
1,7162,1,FALSE,1,19.34973
1,7164,1,FALSE,1,10.41113
1,7165,1,FALSE,1,26026.60376
1,7167,1,FALSE,1,26027.64274
1,7168,1,FALSE,1,26025.46637
1,7169,1,FALSE,1,30.62118
1,7170,1,FALSE,1,10.12407
1,7171,1,FALSE,1,23.28264
1,7172,1,FALSE,1,10.22005
1,7173,1,FALSE,1,26036.36637
1,7174,1,FALSE,1,26045.53635
1,7175,1,FALSE,1,10.07093
1,7176,1,FALSE,1,26036.41789
1,7177,1,FALSE,1,26036.23868
1,7178,1,FALSE,1,26026.32716
1,7179,1,FALSE,1,26027.0384
1,7180,1,FALSE,1,26027.35604
1,7181,1,FALSE,1,26036.04041
1,7182,1,TRUE,1,1
1,7183,1,FALSE,1,1.67152
1,7184,1,FALSE,1,19.09638
1,7185,1,FALSE,1,3.43268
1,7186,1,FALSE,1,1.54573
1,7187,1,TRUE,1,1
1,7188,1,FALSE,1,19.44875
1,7189,1,FALSE,1,26045.4235
1,7190,1,FALSE,1,10.45744
1,7191,1,FALSE,1,26027.24217
1,7192,1,FALSE,1,10.45288
1,7193,1,FALSE,1,26034.37017
1,7194,1,FALSE,1,26027.07969
1,7195,1,FALSE,1,26036.36359
1,7196,1,FALSE,1,27746.56234
1,7197,1,FALSE,1,1.05823
1,7198,1,FALSE,1,10.17045
1,7199,1,FALSE,1,10.45765
1,7200,1,FALSE,1,13.08168
1,7201,1,FALSE,1,26135.12895
1,7202,1,FALSE,1,26027.61265
1,7205,1,FALSE,1,10.2441
1,7206,1,FALSE,1,27773.02216
1,7207,1,FALSE,1,13.1884
1,7208,1,FALSE,1,26018.31683
1,7209,1,FALSE,1,19457.58762
1,7210,1,TRUE,1,1
1,7211,1,TRUE,1,1
1,7212,1,TRUE,1,1
1,7213,1,FALSE,1,26027.20232
1,7214,1,FALSE,1,10.14013
1,7215,1,FALSE,1,26018.08053
1,7216,1,FALSE,1,26011.47145
1,7217,1,FALSE,1,26027.55552
1,7218,1,FALSE,1,26018.25127
1,7219,1,FALSE,1,26017.59833
1,7220,1,FALSE,1,26026.42219
1,7221,1,FALSE,1,26027.34642
1,7222,1,FALSE,1,26027.051
1,7223,1,FALSE,1,26035.4325
1,7224,1,TRUE,1,1
1,7225,1,TRUE,1,1
1,7226,1,FALSE,1,19.22419
1,7227,1,FALSE,1,10.51748
1,7228,1,TRUE,1,1
1,7229,1,FALSE,1,26018.22235
1,7230,1,FALSE,1,26018.23071
1,7231,1,FALSE,1,26018.04292
1,7232,1,FALSE,1,10.01544
1,7233,1,TRUE,1,1
1,7234,1,FALSE,1,13.40512
1,7235,1,FALSE,1,26027.15307
1,7236,1,FALSE,1,26027.53789
1,7237,1,TRUE,1,1
1,7238,1,TRUE,1,1
1,7239,1,FALSE,1,26027.48768
1,7240,1,TRUE,1,1
1,7241,1,FALSE,1,10.40156
1,7242,1,TRUE,1,1
1,7243,1,FALSE,1,26018.03649
1,7244,1,FALSE,1,26018.47829
1,7245,1,FALSE,1,26018.10525
1,7246,1,FALSE,1,4.14365
1,7247,1,FALSE,1,26027.59172
1,7248,1,TRUE,1,1
1,7249,1,FALSE,1,14.57515
1,7250,1,FALSE,1,26045.52064
1,7251,1,FALSE,1,19.55727
1,7253,1,FALSE,1,26063.29854
1,7254,1,FALSE,1,26018.42363
1,7255,1,TRUE,1,1
1,7256,1,TRUE,1,1
1,7257,1,TRUE,1,1
1,7258,1,FALSE,1,27631.31566
1,7259,1,FALSE,1,26045.02938
1,7260,1,TRUE,1,1
1,7261,1,TRUE,1,1
1,7262,1,FALSE,1,26027.28946
1,7263,1,FALSE,1,27737.23959
1,7264,1,TRUE,1,1
1,7265,1,FALSE,1,19.42018
1,7266,1,FALSE,1,26018.39814
1,7267,1,TRUE,1,1
1,7269,1,FALSE,1,23.60151
1,7270,1,FALSE,1,26018.56332
1,7271,1,TRUE,1,1
1,7272,1,TRUE,1,1
1,7273,1,FALSE,1,26018.44361
1,7274,1,FALSE,1,26018.0521
1,7275,1,FALSE,1,26034.4636
1,7276,1,TRUE,1,1
1,7277,1,FALSE,1,27643.64058
1,7278,1,TRUE,1,1
1,7279,1,FALSE,1,26018.43506
1,7280,1,FALSE,1,3.204
1,7281,1,TRUE,1,1
1,7282,1,FALSE,1,26025.12541
1,7283,1,TRUE,1,1
1,7284,1,FALSE,1,13.34258
1,7285,1,TRUE,1,1
1,7286,1,FALSE,1,13.09503
1,7287,1,TRUE,1,1
1,7288,1,TRUE,1,1
1,7289,1,TRUE,1,1
1,7290,1,FALSE,1,26027.5205
1,7291,1,FALSE,1,26036.32711
1,7292,1,FALSE,1,26018.17517
1,7293,1,TRUE,1,1
1,7294,1,FALSE,1,31.54371
1,7295,1,FALSE,1,10.35943
1,7296,1,FALSE,1,29366.60235
1,7297,1,FALSE,1,26126.35861
1,7298,1,FALSE,1,28.58041
1,7299,1,FALSE,1,26027.0459
1,7300,1,FALSE,1,26027.58468
1,7301,1,FALSE,1,26027.14379
1,7303,1,FALSE,1,19466.35963
1,7304,1,FALSE,1,26018.64966
1,7305,1,FALSE,1,26036.19329
1,7306,1,FALSE,1,26018.08336
1,7307,1,FALSE,1,1.47813
1,7308,1,FALSE,1,26044.61081
1,7309,1,FALSE,1,26018.01728
1,7310,1,FALSE,1,29456.3575
1,7311,1,FALSE,1,10.45397
1,7312,1,FALSE,1,26036.21244
1,7313,1,FALSE,1,26018.42772
1,7314,1,TRUE,1,1
1,7315,1,FALSE,1,10.115
1,7316,1,FALSE,1,10.22742
1,7317,1,FALSE,1,26026.04431
1,7318,1,FALSE,1,21.07949
1,7319,1,FALSE,1,26027.30568
1,7320,1,FALSE,1,26027.18275
1,7321,1,FALSE,1,26018.28067
1,7322,1,FALSE,1,26036.12579
1,7323,1,FALSE,1,26027.62452
1,7324,1,FALSE,1,14.2136
1,7325,1,FALSE,1,26018.13224
1,7326,1,FALSE,1,10.54738
1,7327,1,FALSE,1,26027.0863
1,7328,1,FALSE,1,19.65549
1,7329,1,FALSE,1,10.27347
1,7330,1,FALSE,1,5.23328
1,7331,1,FALSE,1,23.66221
1,7332,1,TRUE,1,1
1,7333,1,FALSE,1,26018.56712
1,7334,1,FALSE,1,26054.25592
1,7335,1,FALSE,1,26045.25163
1,7336,1,FALSE,1,26018.22678
1,7337,1,FALSE,1,10.08349
1,7338,1,TRUE,1,1
1,7339,1,FALSE,1,27737.57516
1,7340,1,FALSE,1,26027.22011
1,7341,1,FALSE,1,1.54562
1,7342,1,FALSE,1,12977.50488
1,7343,1,FALSE,1,26036.01703
1,7344,1,TRUE,1,1
1,7345,1,FALSE,1,26018.25019
1,7346,1,FALSE,1,10.65155
1,7347,1,FALSE,1,26036.46464
1,7348,1,FALSE,1,26036.50217
1,7349,1,FALSE,1,26018.28247
1,7350,1,FALSE,1,10.42813
1,7351,1,TRUE,1,1
1,7352,1,FALSE,1,26036.40813
1,7353,1,FALSE,1,26017.01696
1,7354,1,FALSE,1,4.57774
1,7355,1,FALSE,1,26045.24345
1,7356,1,FALSE,1,26027.10242
1,7357,1,FALSE,1,26027.05032
1,7358,1,FALSE,1,1.11646
1,7359,1,FALSE,1,10.54908
1,7360,1,FALSE,1,26026.63823
1,7361,1,FALSE,1,26036.05978
1,7362,1,TRUE,1,1
1,7363,1,FALSE,1,26018.35559
1,7364,1,FALSE,1,28.2931
1,7365,1,FALSE,1,23.66641
1,7366,1,FALSE,1,23.14612
1,7367,1,FALSE,1,4.61226
1,7368,1,FALSE,1,26027.31266
1,7369,1,TRUE,1,1
1,7370,1,TRUE,1,1
1,7371,1,TRUE,1,1
1,7372,1,FALSE,1,26036.38351
1,7373,1,TRUE,1,1
1,7374,1,TRUE,1,1
1,7375,1,FALSE,1,26036.25518
1,7376,1,FALSE,1,13.44464
1,7377,1,FALSE,1,26018.53851
1,7378,1,FALSE,1,26043.33874
1,7379,1,FALSE,1,26036.15393
1,7380,1,TRUE,1,1
1,7381,1,FALSE,1,3.15369
1,7382,1,TRUE,1,1
1,7383,1,TRUE,1,1
1,7384,1,FALSE,1,26017.36549
1,7385,1,FALSE,1,10.45773
1,7386,1,TRUE,1,1
1,7387,1,TRUE,1,1
1,7388,1,FALSE,1,26027.13969
1,7389,1,FALSE,1,19.50034
1,7390,1,FALSE,1,10.33931
1,7391,1,FALSE,1,19.56096
1,7392,1,FALSE,1,26034.66373
1,7393,1,FALSE,1,26034.08426
1,7394,1,FALSE,1,10.44059
1,7395,1,FALSE,1,23.14269
1,7396,1,FALSE,1,26018.38753
1,7397,1,FALSE,1,26108.56149
1,7399,1,FALSE,1,4.50372
1,7401,1,FALSE,1,26038.05931
1,7402,1,FALSE,1,10.08929
1,7403,1,FALSE,1,26020.37604
1,7405,1,FALSE,1,1.05917
1,7406,1,FALSE,1,1.31379
1,7410,1,FALSE,1,28.66613
1,7411,1,FALSE,1,1.66518
1,7412,1,FALSE,1,26027.54949
1,7413,1,FALSE,1,26117.09853
1,7414,1,FALSE,1,27746.31556
1,7415,1,FALSE,1,28.25479
1,7416,1,FALSE,1,10.23827
1,7417,1,FALSE,1,26036.48408
1,7419,1,FALSE,1,27658.60196
1,7420,1,FALSE,1,1.27653
1,7421,1,FALSE,1,19475.26922
1,7422,1,FALSE,1,26027.47054
1,7423,1,TRUE,1,1
1,7424,1,TRUE,1,1
1,7425,1,FALSE,1,10.29798
1,7426,1,FALSE,1,19.59113
1,7427,1,FALSE,1,19457.34333
1,7428,1,FALSE,1,14.28244
1,7429,1,FALSE,1,10.18029
1,7430,1,FALSE,1,1.3447
1,7431,1,FALSE,1,26045.08525
1,7432,1,FALSE,1,10.52313
1,7433,1,FALSE,1,10.09582
1,7435,1,FALSE,1,26036.20861
1,7437,1,FALSE,1,19.48921
1,7438,1,FALSE,1,1.59981
1,7439,1,FALSE,1,26018.26512
1,7440,1,FALSE,1,10.2908
1,7441,1,FALSE,1,1.47749
1,7442,1,FALSE,1,26027.45791
1,7443,1,FALSE,1,26027.01359
1,7444,1,FALSE,1,26036.57198
1,7445,1,FALSE,1,19466.54197
1,7446,1,FALSE,1,26045.37823
1,7447,1,FALSE,1,10.09584
1,7448,1,FALSE,1,26027.37452
1,7449,1,FALSE,1,10.34592
1,7450,1,FALSE,1,1.48603
1,7452,1,FALSE,1,1.45084
1,7455,1,FALSE,1,26018.37743
1,7456,1,FALSE,1,27634.06224
1,7457,1,FALSE,1,26045.5281
1,7458,1,FALSE,1,10.65622
1,7459,1,FALSE,1,26045.13932
1,7461,1,FALSE,1,19.15524
1,7462,1,FALSE,1,27762.08145
1,7463,1,FALSE,1,26112.32154
1,7464,1,FALSE,1,26027.59452
1,7465,1,FALSE,1,26027.1617
1,7466,1,FALSE,1,19475.45893
1,7469,1,FALSE,1,10.62473
1,7470,1,FALSE,1,26035.42167
1,7472,1,FALSE,1,19.47304
1,7473,1,FALSE,1,26029.22988
1,7475,1,FALSE,1,26035.40584
1,7476,1,TRUE,1,1
1,7478,1,FALSE,1,19.19692
1,7479,1,FALSE,1,29384.41907
1,7480,1,FALSE,1,28.07066
1,7482,1,TRUE,1,1
1,7483,1,TRUE,1,1
1,7485,1,FALSE,1,19.5638
1,7486,1,FALSE,1,19.4791
1,7487,1,FALSE,1,31.07545
1,7488,1,TRUE,1,1
1,7489,1,TRUE,1,1
1,7490,1,FALSE,1,10.17916
1,7491,1,FALSE,1,19.52426
1,7492,1,FALSE,1,26036.10332
1,7494,1,FALSE,1,19466.24849
1,7496,1,TRUE,1,1
1,7497,1,TRUE,1,1
1,7498,1,FALSE,1,10.24329
1,7499,1,FALSE,1,10.28801
1,7501,1,FALSE,1,26045.4985
1,7503,1,FALSE,1,1.26908
1,7504,1,FALSE,1,10.38167
1,7505,1,FALSE,1,1.58094
1,7506,1,FALSE,1,19.61996
1,7507,1,FALSE,1,26029.61643
1,7508,1,TRUE,1,1
1,7510,1,FALSE,1,1.58378
1,7511,1,FALSE,1,28.02983
1,7512,1,FALSE,1,1.54389
1,7513,1,FALSE,1,26036.22054
1,7515,1,FALSE,1,19.19229
1,7516,1,FALSE,1,28.59614
1,7517,1,FALSE,1,26045.3049
1,7518,1,FALSE,1,1.53491
1,7519,1,FALSE,1,10.10262
1,7522,1,FALSE,1,10.19467
1,7524,1,FALSE,1,26020.3026
1,7525,1,FALSE,1,26054.19778
1,7526,1,TRUE,1,1
1,7527,1,FALSE,1,26054.13079
1,7528,1,TRUE,1,1
1,7529,1,TRUE,1,1
1,7530,1,FALSE,1,28.51845
1,7532,1,FALSE,1,10.12182
1,7533,1,FALSE,1,26027.00711
1,7534,1,FALSE,1,14.23838
1,7536,1,FALSE,1,10.21153
1,7537,1,FALSE,1,26027.152
1,7538,1,FALSE,1,26018.28495
1,7540,1,FALSE,1,13.30916
1,7541,1,FALSE,1,26027.0091
1,7542,1,FALSE,1,26026.08669
1,7543,1,TRUE,1,1
1,7544,1,FALSE,1,19457.20177
1,7545,1,FALSE,1,4.15791
1,7546,1,TRUE,1,1
1,7547,1,TRUE,1,1
1,7548,1,FALSE,1,26025.17039
1,7549,1,FALSE,1,26027.11791
1,7550,1,FALSE,1,22.6194
1,7551,1,FALSE,1,10.65154
1,7552,1,FALSE,1,26027.38428
1,7553,1,FALSE,1,23.44591
1,7554,1,FALSE,1,10.29443
1,7555,1,FALSE,1,26018.15119
1,7556,1,FALSE,1,26036.62365
1,7557,1,FALSE,1,26027.3326
1,7558,1,FALSE,1,26027.23429
1,7559,1,FALSE,1,26018.37799
1,7560,1,FALSE,1,26027.08553
1,7561,1,FALSE,1,26018.51357
1,7562,1,FALSE,1,26018.00447
1,7563,1,FALSE,1,26027.38106
1,7564,1,FALSE,1,26036.63303
1,7566,1,FALSE,1,1.4686
1,7567,1,FALSE,1,22.57014
1,7568,1,FALSE,1,10.09549
1,7569,1,FALSE,1,26045.37492
1,7570,1,FALSE,1,19.59921
1,7571,1,FALSE,1,20.22211
1,7572,1,FALSE,1,26018.49491
1,7574,1,FALSE,1,1.1943
1,7575,1,FALSE,1,10.11131
1,7576,1,FALSE,1,1.31132
1,7577,1,FALSE,1,1.45593
1,7578,1,FALSE,1,26018.17549
1,7579,1,FALSE,1,26027.0651
1,7580,1,FALSE,1,10.31448
1,7581,1,FALSE,1,26045.43083
1,7582,1,FALSE,1,13.58364
1,7583,1,FALSE,1,22.19728
1,7584,1,FALSE,1,26027.01495
1,7585,1,FALSE,1,26018.3812
1,7586,1,FALSE,1,28.44993
1,7587,1,FALSE,1,22.52855
1,7588,1,FALSE,1,26025.1306
1,7589,1,FALSE,1,19474.41208
1,7590,1,FALSE,1,26018.51651
1,7591,1,FALSE,1,26045.14136
1,7592,1,FALSE,1,22.0394
1,7593,1,FALSE,1,19.0764
1,7595,1,FALSE,1,26018.60401
1,7596,1,FALSE,1,10.63464
1,7597,1,FALSE,1,32.47883
1,7598,1,FALSE,1,26018.48466
1,7599,1,FALSE,1,14.12388
1,7600,1,FALSE,1,26018.05016
1,7601,1,FALSE,1,19466.55637
1,7602,1,FALSE,1,26027.19342
1,7603,1,FALSE,1,26027.37494
1,7604,1,FALSE,1,26027.48963
1,7605,1,FALSE,1,10.1805
1,7606,1,FALSE,1,26018.18505
1,7607,1,FALSE,1,31.0956
1,7609,1,FALSE,1,10.33185
1,7610,1,FALSE,1,12.33612
1,7611,1,FALSE,1,26036.11083
1,7613,1,FALSE,1,26018.38372
1,7614,1,FALSE,1,26036.43851
1,7615,1,FALSE,1,23.34212
1,7616,1,FALSE,1,14.56661
1,7618,1,FALSE,1,26045.56967
1,7619,1,FALSE,1,10.34289
1,7620,1,FALSE,1,26027.4362
1,7621,1,FALSE,1,28.15865
1,7623,1,TRUE,1,1
1,7624,1,FALSE,1,30.23726
1,7625,1,FALSE,1,26018.09893
1,7626,1,FALSE,1,10.5069
1,7627,1,FALSE,1,12.15321
1,7628,1,FALSE,1,5.31966
1,7629,1,FALSE,1,26018.58173
1,7630,1,FALSE,1,26027.59008
1,7631,1,FALSE,1,40.43448
1,7632,1,TRUE,1,1
1,7633,1,TRUE,1,1
1,7634,1,TRUE,1,1
1,7635,1,TRUE,1,1
1,7636,1,FALSE,1,1.12058
1,7637,1,FALSE,1,26036.40679
1,7638,1,FALSE,1,4.34484
1,7639,1,FALSE,1,13.61006
1,7640,1,FALSE,1,19.02477
1,7641,1,FALSE,1,26027.59919
1,7642,1,FALSE,1,26036.01304
1,7644,1,FALSE,1,26018.02921
1,7645,1,FALSE,1,1.43978
1,7646,1,FALSE,1,5.27071
1,7647,1,FALSE,1,26025.39037
1,7648,1,FALSE,1,12977.26761
1,7649,1,FALSE,1,26045.47448
1,7650,1,FALSE,1,26045.64345
1,7651,1,FALSE,1,21.13448
1,7652,1,FALSE,1,26027.22033
1,7653,1,FALSE,1,26027.08676
1,7655,1,FALSE,1,26027.40815
1,7656,1,FALSE,1,26018.51729
1,7657,1,FALSE,1,26036.07589
1,7658,1,TRUE,1,1
1,7659,1,FALSE,1,26011.43026
1,7660,1,FALSE,1,3.50353
1,7661,1,FALSE,1,26018.26519
1,7662,1,FALSE,1,26017.37414
1,7663,1,TRUE,1,1
1,7664,1,FALSE,1,19457.58906
1,7665,1,FALSE,1,19.45673
1,7666,1,FALSE,1,26027.66088
1,7667,1,FALSE,1,19.25406
1,7668,1,FALSE,1,1.53373
1,7669,1,FALSE,1,4.40876
1,7671,1,FALSE,1,5.55881
1,7672,1,FALSE,1,1.38383
1,7673,1,FALSE,1,10.04913
1,7675,1,TRUE,1,1
1,7676,1,TRUE,1,1
1,7677,1,FALSE,1,12.08628
1,7678,1,FALSE,1,26018.39755
1,7679,1,FALSE,1,1.14307
1,7680,1,TRUE,1,1
1,7681,1,FALSE,1,12.44641
1,7682,1,FALSE,1,19.26107
1,7683,1,FALSE,1,26036.61523
1,7684,1,FALSE,1,10.20822
1,7685,1,FALSE,1,26041.02668
1,7687,1,FALSE,1,1.01192
1,7689,1,FALSE,1,3.0671
1,7690,1,TRUE,1,1
1,7691,1,FALSE,1,26018.14389
1,7692,1,FALSE,1,26020.49935
1,7693,1,FALSE,1,4.1756
1,7694,1,FALSE,1,26108.14375
1,7695,1,FALSE,1,26027.55449
1,7696,1,FALSE,1,26035.49683
1,7697,1,FALSE,1,26027.37526
1,7698,1,FALSE,1,10.52219
1,7699,1,FALSE,1,1.63187
1,7700,1,FALSE,1,26018.43111
1,7701,1,FALSE,1,26026.16272
1,7702,1,FALSE,1,10.65199
1,7703,1,FALSE,1,13.32523
1,7704,1,FALSE,1,26027.31067
1,7705,1,FALSE,1,1.06861
1,7706,1,FALSE,1,26018.67095
1,7707,1,FALSE,1,26026.13409
1,7711,1,FALSE,1,26018.43728
1,7712,1,FALSE,1,32.20489
1,7713,1,FALSE,1,10.64484
1,7714,1,FALSE,1,26027.30573
1,7715,1,FALSE,1,32.13906
1,7716,1,FALSE,1,14.2407
1,7717,1,FALSE,1,32.64759
1,7718,1,TRUE,1,1
1,7720,1,FALSE,1,26018.18646
1,7721,1,FALSE,1,26027.10858
1,7722,1,TRUE,1,1
1,7723,1,FALSE,1,26017.54961
1,7724,1,FALSE,1,26027.63265
1,7725,1,FALSE,1,26036.65574
1,7726,1,FALSE,1,13.16853
1,7727,1,FALSE,1,10.22583
1,7728,1,TRUE,1,1
1,7729,1,FALSE,1,10.49963
1,7730,1,FALSE,1,1.42999
1,7731,1,FALSE,1,26027.14963
1,7732,1,FALSE,1,10.64209
1,7733,1,FALSE,1,1.28925
1,7734,1,FALSE,1,19457.00029
1,7735,1,FALSE,1,10.07512
1,7736,1,FALSE,1,1.62718
1,7737,1,FALSE,1,26108.46677
1,7738,1,FALSE,1,26027.11933
1,7739,1,FALSE,1,4.37336
1,7740,1,TRUE,1,1
1,7741,1,FALSE,1,10.02141
1,7742,1,TRUE,1,1
1,7743,1,TRUE,1,1
1,7744,1,TRUE,1,1
1,7745,1,TRUE,1,1
1,7746,1,FALSE,1,26018.30143
1,7747,1,FALSE,1,26045.43297
1,7748,1,FALSE,1,23.61383
1,7749,1,FALSE,1,26036.40715
1,7750,1,TRUE,1,1
1,7751,1,FALSE,1,10.39557
1,7752,1,FALSE,1,14.48101
1,7753,1,FALSE,1,10.38723
1,7754,1,FALSE,1,26045.20254
1,7755,1,FALSE,1,19.31567
1,7756,1,FALSE,1,1.3276
1,7757,1,FALSE,1,26027.04106
1,7759,1,FALSE,1,19.24225
1,7760,1,TRUE,1,1
1,7761,1,FALSE,1,27728.26334
1,7762,1,TRUE,1,1
1,7763,1,FALSE,1,26018.40807
1,7764,1,TRUE,1,1
1,7765,1,FALSE,1,26027.05693
1,7766,1,FALSE,1,26018.21886
1,7767,1,FALSE,1,13.5601
1,7768,1,FALSE,1,22.35218
1,7769,1,FALSE,1,26011.15233
1,7770,1,TRUE,1,1
1,7771,1,FALSE,1,19.41693
1,7773,1,FALSE,1,26036.03582
1,7774,1,FALSE,1,26063.55271
1,7775,1,TRUE,1,1
1,7776,1,TRUE,1,1
1,7777,1,TRUE,1,1
1,7778,1,TRUE,1,1
