program_id,upper_cutoff,lower_cutoff,not_filled,iter
1,1.07023,3.04528,False,1
3,1.09848,1.09603,False,1
5,1.07577,7.01784,False,1
6,1.0551,3.02089,False,1
7,1.00649,1.0,False,1
9,1.00243,1.09318,False,1
10,1.05398,1.13413,False,1
11,1.10501,1.0,False,1
13,1.11623,1.10688,False,1
17,1.0274,4.02802,False,1
18,1.06205,1.05951,False,1
19,1.0,3.06253,True,1
21,1.1019700000000001,3.04945,False,1
22,1.13927,1.1344,False,1
25,1.04793,4.12744,False,1
29,1.02248,1.13473,False,1
30,1.13757,1.13963,False,1
69,1.00176,4.13023,False,1
70,3.00621,3.03258,False,1
71,1.11171,1.08535,False,1
72,3.07328,3.10772,False,1
73,3.00891,3.1166,False,1
74,3.03539,3.01245,False,1
75,4.04192,3.12446,False,1
76,1.14033,1.13657,False,1
77,3.00147,1.1419,False,1
78,1.09185,3.11953,False,1
79,1.12311,3.06995,False,1
82,1.09584,4.02735,False,1
83,1.0864,3.02175,False,1
84,3.1432,1.0,False,1
85,1.0,1.01445,True,1
86,1.0,4.05358,True,1
91,1.03848,1.12568,False,1
92,1.10043,3.01649,False,1
93,1.12596,3.07591,False,1
95,1.03997,1.1296599999999999,False,1
98,1.11214,5.13448,False,1
99,2.00238,5.14556,False,1
100,1.1271,6.06321,False,1
101,1.0427,3.11523,False,1
103,1.13316,5.10546,False,1
104,1.0728,5.07133,False,1
106,1.07684,5.14685,False,1
107,1.03851,6.08796,False,1
109,1.1365,4.1059,False,1
110,1.11056,3.09439,False,1
111,1.03002,3.12805,False,1
112,1.01336,2.03523,False,1
113,1.0594999999999999,3.05124,False,1
114,1.02037,1.11942,False,1
115,1.05972,1.13961,False,1
116,1.01454,3.06965,False,1
117,1.06276,1.11444,False,1
118,1.00644,3.12644,False,1
120,1.00191,4.13791,False,1
121,1.0025,1.1172,False,1
122,1.00404,1.14675,False,1
123,1.01564,1.13842,False,1
124,1.0101,7.12948,False,1
125,5.03701,4.13379,False,1
126,5.08515,5.07917,False,1
127,1.0687,4.08318,False,1
128,1.03096,5.01161,False,1
129,1.08023,5.01662,False,1
130,5.1248,5.11981,False,1
131,1.13582,1.11342,False,1
133,1.00086,1.14638,False,1
134,1.00046,1.1145100000000001,False,1
135,1.12998,1.10307,False,1
136,1.0658,1.13612,False,1
137,1.0,1.11015,True,1
139,1.0046,1.10855,False,1
140,1.09263,1.14432,False,1
141,1.02149,1.04607,False,1
142,1.12595,1.13781,False,1
143,1.02398,1.11118,False,1
144,1.01743,1.1353900000000001,False,1
145,5.07622,1.0,False,1
146,1.0,1.0,True,1
147,1.04663,1.0,False,1
148,1.0,1.0,True,1
149,1.0,3.04996,True,1
150,5.08358,1.0,False,1
151,1.0,1.13595,True,1
153,1.14018,1.13937,False,1
154,1.12762,5.06158,False,1
155,1.0141,7.09007,False,1
156,1.04889,1.14278,False,1
157,1.0205,1.14253,False,1
158,1.04298,3.04006,False,1
159,1.02203,3.11375,False,1
160,1.03021,3.11798,False,1
161,1.01978,3.03463,False,1
162,4.10585,4.02765,False,1
164,1.04749,7.1382200000000005,False,1
165,5.00047,1.11991,False,1
166,5.11248,5.06428,False,1
167,1.10778,1.0647,False,1
168,5.12724,1.0,False,1
169,5.12178,5.0852,False,1
173,1.08376,4.01425,False,1
175,1.07177,1.06189,False,1
176,1.0612,1.02532,False,1
177,1.09154,5.10775,False,1
178,4.02234,5.12632,False,1
179,1.14585,5.12769,False,1
180,2.01382,5.08812,False,1
181,3.03526,5.08811,False,1
182,1.1461999999999999,5.01942,False,1
183,1.11305,5.11954,False,1
184,1.13798,7.05705,False,1
185,1.12915,5.11464,False,1
186,1.10047,7.07473,False,1
188,1.00183,5.13536,False,1
189,4.12935,6.12655,False,1
190,3.03201,3.08777,False,1
191,1.06433,5.12256,False,1
192,1.12979,5.09895,False,1
193,6.03966,5.10878,False,1
194,1.13775,5.07627,False,1
195,1.12822,3.07715,False,1
197,1.01673,5.12493,False,1
198,1.10923,5.05308,False,1
199,3.02292,4.1102,False,1
200,1.14697,1.13971,False,1
201,1.11477,1.06091,False,1
202,7.06874,7.06387,False,1
203,4.10679,5.11828,False,1
204,1.1256,5.12799,False,1
206,1.00126,5.1225,False,1
207,1.09323,3.04937,False,1
208,1.04907,1.14209,False,1
209,3.02074,3.11771,False,1
210,3.04816,3.14469,False,1
211,3.03262,3.02505,False,1
212,1.12519,1.13133,False,1
213,1.08322,3.06474,False,1
216,1.11418,6.03679,False,1
217,1.13997,4.0489,False,1
218,1.12788,5.1303,False,1
219,1.12887,5.04042,False,1
222,1.11772,3.04833,False,1
225,4.01449,3.06775,False,1
226,1.09002,5.07788,False,1
227,4.13586,7.09487,False,1
229,3.10201,4.12583,False,1
230,3.07635,3.10419,False,1
233,1.00393,5.13716,False,1
234,3.0633,5.12545,False,1
235,3.06735,3.02028,False,1
236,1.05424,1.13276,False,1
237,1.07293,1.11889,False,1
242,1.02249,4.14053,False,1
243,1.07811,1.14679,False,1
251,4.05215,4.08808,False,1
252,1.13311,3.12196,False,1
253,1.02007,5.08495,False,1
254,1.01167,1.13839,False,1
255,1.02494,3.02961,False,1
256,1.02569,5.03794,False,1
257,1.01322,5.08889,False,1
258,1.09969,3.11731,False,1
259,3.09123,1.14401,False,1
260,1.03122,1.13606,False,1
262,1.00158,6.12984,False,1
263,1.05167,1.13525,False,1
264,1.08968,4.0431,False,1
265,1.1157,1.14522,False,1
270,3.01786,1.14286,False,1
271,1.08203,3.13351,False,1
272,1.07061,1.10905,False,1
273,1.08193,1.13292,False,1
274,1.09192,1.14248,False,1
275,3.01544,1.1345399999999999,False,1
280,1.01638,1.10446,False,1
289,1.04885,4.13478,False,1
290,1.09621,1.1355,False,1
291,1.14458,1.14407,False,1
292,1.02262,1.13166,False,1
293,5.0146,6.0971,False,1
294,5.00251,5.13026,False,1
295,5.0116,6.07435,False,1
296,5.00667,5.05532,False,1
297,1.12977,5.1218,False,1
298,1.00593,5.09203,False,1
299,1.09196,4.04659,False,1
300,1.08845,5.02387,False,1
301,1.01479,3.09835,False,1
302,1.06126,5.04709,False,1
303,1.03703,3.08752,False,1
308,1.02242,6.10126,False,1
317,1.02925,5.11417,False,1
318,1.11602,6.1424900000000004,False,1
319,1.07274,5.11257,False,1
320,1.00026,5.09657,False,1
321,1.0334699999999999,4.09038,False,1
322,1.05256,3.10442,False,1
323,1.01406,3.13476,False,1
324,1.06279,3.09084,False,1
325,1.04114,5.09611,False,1
326,1.01547,3.10784,False,1
328,1.07196,5.12064,False,1
329,1.14199,6.02755,False,1
330,1.08341,5.11959,False,1
331,1.03451,5.0437,False,1
332,1.11979,5.1316,False,1
333,3.0905,5.11689,False,1
334,1.10738,1.1383,False,1
335,1.11924,5.10422,False,1
336,1.06455,5.14074,False,1
337,1.12803,5.08087,False,1
339,1.07556,5.06056,False,1
340,1.0,1.04802,True,1
341,1.0,5.09448,True,1
342,6.02564,1.10689,False,1
343,1.0,1.0,True,1
346,1.08475,5.05087,False,1
347,1.10418,6.03309,False,1
348,1.09927,5.06398,False,1
349,1.00382,5.06748,False,1
350,1.13594,4.02517,False,1
351,1.14385,5.06499,False,1
352,1.0962,4.0002,False,1
353,4.09648,7.09145,False,1
354,4.08754,5.10118,False,1
355,1.03149,3.1202199999999998,False,1
357,1.05593,4.13624,False,1
358,1.08956,3.10758,False,1
359,1.10956,3.06842,False,1
361,1.11401,5.05733,False,1
363,5.07959,5.06897,False,1
364,5.06372,5.05813,False,1
365,1.12356,3.0369,False,1
366,1.1283400000000001,1.13824,False,1
367,5.06467,5.11728,False,1
370,1.10495,3.14079,False,1
371,1.14152,3.09121,False,1
372,1.14204,6.05413,False,1
373,1.1292,1.14405,False,1
374,1.00736,7.09844,False,1
375,1.0098799999999999,3.03134,False,1
376,1.11567,1.14482,False,1
377,1.05356,1.01907,False,1
378,3.05759,3.12083,False,1
379,3.10834,1.0691,False,1
380,4.09585,3.10583,False,1
381,1.06799,1.08047,False,1
383,1.0575,5.13869,False,1
384,1.14539,5.13424,False,1
385,1.00157,5.08027,False,1
386,1.0657,5.08511,False,1
387,1.01867,4.07158,False,1
388,1.0113,1.12602,False,1
389,1.01886,2.07204,False,1
390,1.00466,2.05594,False,1
391,1.0168,3.02939,False,1
394,1.00141,5.09642,False,1
395,5.05102,1.03116,False,1
396,5.13786,1.10476,False,1
397,5.00409,1.1275,False,1
398,5.08737,3.05839,False,1
403,1.03589,4.10234,False,1
404,5.01403,4.08154,False,1
405,5.08787,1.11362,False,1
406,1.07701,1.0,False,1
407,4.01561,3.04393,False,1
408,1.0,1.02361,True,1
412,5.00154,6.12594,False,1
413,5.00076,5.02959,False,1
414,5.0464,6.08054,False,1
415,5.00482,3.06065,False,1
416,3.09168,3.06114,False,1
417,1.12475,3.04552,False,1
418,5.07115,5.03225,False,1
419,3.12439,5.1428,False,1
420,3.0814,3.06575,False,1
421,3.13139,5.13737,False,1
422,1.14698,5.07179,False,1
423,1.07965,3.08778,False,1
425,1.10048,1.13029,False,1
426,1.08776,4.12218,False,1
427,1.06395,1.14331,False,1
428,3.10632,3.07521,False,1
429,3.1012,3.04545,False,1
1,1.0950199999999999,3.04987,False,2
3,1.05619,1.00575,False,2
5,1.07,7.09541,False,2
6,1.12668,3.04143,False,2
7,1.02469,1.0,False,2
9,1.00397,1.10206,False,2
10,1.04884,1.10401,False,2
11,1.05275,1.0,False,2
13,1.13396,1.12835,False,2
17,1.02742,4.10424,False,2
18,1.04582,1.07891,False,2
19,1.0,3.09065,True,2
21,1.07368,3.14173,False,2
22,1.1350500000000001,1.1435,False,2
25,1.03395,4.00253,False,2
29,1.01944,1.14447,False,2
30,1.03871,1.14343,False,2
69,1.00036,4.11815,False,2
70,3.0116,3.13587,False,2
71,1.10504,1.09565,False,2
72,3.05381,3.10469,False,2
73,3.011,3.04199,False,2
74,3.01884,7.04128,False,2
75,4.02926,3.1364900000000002,False,2
76,1.14474,1.1454900000000001,False,2
77,3.03866,1.14493,False,2
78,1.09039,4.1387,False,2
79,1.1155,3.14707,False,2
82,1.06748,4.10216,False,2
83,1.07821,1.09711,False,2
84,3.01749,1.0,False,2
85,1.13646,1.0,False,2
86,1.0,4.03414,True,2
91,1.07096,1.14619,False,2
92,1.12766,1.1448,False,2
93,1.12974,3.07492,False,2
95,1.04035,1.13368,False,2
98,1.09617,5.06405,False,2
99,2.06486,5.03527,False,2
100,1.11853,6.12819,False,2
101,1.03831,3.09251,False,2
103,1.12501,5.09423,False,2
104,1.1255600000000001,5.09194,False,2
106,1.14152,5.01162,False,2
107,1.00466,6.09706,False,2
109,1.1015,4.06109,False,2
110,1.11551,3.11779,False,2
111,1.01484,3.11174,False,2
112,1.03503,2.14393,False,2
113,1.0504,3.09799,False,2
114,1.03722,1.13175,False,2
115,1.11917,1.13609,False,2
116,1.04331,3.1030699999999998,False,2
117,1.09122,1.12725,False,2
118,1.02799,3.08652,False,2
120,1.00495,4.1167,False,2
121,1.00376,1.13005,False,2
122,1.00395,1.14463,False,2
123,1.0005,1.07286,False,2
124,1.03182,7.08805,False,2
125,5.04306,4.13714,False,2
126,5.1339,5.09869,False,2
127,1.05551,4.12542,False,2
128,1.02251,5.11308,False,2
129,1.13178,5.10803,False,2
130,5.14201,5.08413,False,2
131,1.14199,1.1032,False,2
133,1.01043,1.14573,False,2
134,1.00867,1.14259,False,2
135,1.03073,1.11595,False,2
136,1.02368,1.12833,False,2
137,1.0,1.12072,True,2
139,1.01804,1.09802,False,2
140,1.03629,1.07024,False,2
141,1.11854,1.00147,False,2
142,1.0859,1.1379,False,2
143,1.03322,1.12849,False,2
144,1.14172,1.0874,False,2
145,5.08212,1.0,False,2
146,1.0,1.0,True,2
147,1.05189,1.0,False,2
148,1.0,1.0,True,2
149,1.0,3.00703,True,2
150,5.03999,1.0,False,2
151,1.00377,1.0,False,2
153,1.12911,1.12884,False,2
154,1.09233,5.07595,False,2
155,1.00767,7.09021,False,2
156,1.05809,1.14246,False,2
157,1.00232,1.14614,False,2
158,1.02662,3.12365,False,2
159,1.09369,3.0686,False,2
160,1.06587,3.09459,False,2
161,1.05975,3.10006,False,2
162,4.1387599999999996,4.14094,False,2
164,1.01174,7.10906,False,2
165,5.0561,1.12931,False,2
166,5.03951,5.02243,False,2
167,1.04713,1.03149,False,2
168,5.0522,1.0,False,2
169,5.0671,5.01237,False,2
173,1.09612,4.05137,False,2
175,1.0711,1.07592,False,2
176,1.10103,1.0991,False,2
177,1.10239,5.13765,False,2
178,4.00519,6.14563,False,2
179,1.14391,5.14151,False,2
180,2.02728,5.05161,False,2
181,3.08489,5.07892,False,2
182,1.1236,5.04059,False,2
183,1.08023,5.12795,False,2
184,1.13409,7.06888,False,2
185,1.1216,5.09547,False,2
186,1.11083,7.02996,False,2
188,1.01107,7.0239,False,2
189,4.11468,6.08965,False,2
190,1.09659,3.09882,False,2
191,1.10955,5.12607,False,2
192,1.12907,5.03709,False,2
193,6.11784,5.09892,False,2
194,1.11947,5.02409,False,2
195,1.08666,3.11042,False,2
197,1.01586,5.11803,False,2
198,1.13826,5.00507,False,2
199,1.13315,4.13773,False,2
200,1.10571,1.13756,False,2
201,1.09974,1.14019,False,2
202,7.07155,7.10613,False,2
203,4.04714,5.13082,False,2
204,1.09095,5.10072,False,2
206,1.00272,5.00434,False,2
207,1.0891,3.10315,False,2
208,1.04063,1.10079,False,2
209,3.02572,3.05585,False,2
210,3.08907,3.12121,False,2
211,3.04588,3.01363,False,2
212,1.08624,1.14126,False,2
213,1.11897,3.10728,False,2
216,1.10666,6.04118,False,2
217,1.13136,4.00925,False,2
218,1.10636,5.1419,False,2
219,1.14714,5.14202,False,2
222,1.07342,3.09874,False,2
225,4.04437,3.12282,False,2
226,1.09538,5.10156,False,2
227,4.14014,7.09259,False,2
229,3.10286,4.09685,False,2
230,3.06282,3.09011,False,2
233,1.009,5.13526,False,2
234,3.10916,3.00934,False,2
235,3.07868,5.07642,False,2
236,1.05385,1.10398,False,2
237,1.04866,1.0882,False,2
242,1.01203,4.08113,False,2
243,1.07348,1.12404,False,2
251,4.04625,4.08824,False,2
252,1.10751,3.1458,False,2
253,1.00101,5.05252,False,2
254,1.01934,1.14629,False,2
255,1.04766,3.00208,False,2
256,1.02134,5.1371,False,2
257,1.0366,5.05138,False,2
258,1.02753,3.1185,False,2
259,1.05195,1.13728,False,2
260,1.08365,1.07596,False,2
262,1.01235,6.13383,False,2
263,1.01918,1.14243,False,2
264,1.11152,4.07449,False,2
265,1.12639,1.13106,False,2
270,3.02446,1.14378,False,2
271,1.11256,3.14217,False,2
272,1.09761,1.13528,False,2
273,1.12243,1.12679,False,2
274,1.08728,1.12023,False,2
275,3.03742,1.13474,False,2
280,1.02596,1.14532,False,2
289,1.09216,4.02072,False,2
290,1.09475,1.13907,False,2
291,1.1474,1.14484,False,2
292,1.06326,1.13098,False,2
293,5.00295,5.14165,False,2
294,5.00032,5.06116,False,2
295,5.0122,6.05412,False,2
296,5.04805,1.08653,False,2
297,1.11764,5.10685,False,2
298,1.02541,5.13764,False,2
299,1.0887,4.0833,False,2
300,1.05328,5.10815,False,2
301,1.07035,3.13109,False,2
302,1.04949,5.1113,False,2
303,3.09643,3.14345,False,2
308,1.00212,6.14428,False,2
317,1.00359,5.06359,False,2
318,1.10718,6.05221,False,2
319,1.07252,5.14088,False,2
320,1.0735,5.01913,False,2
321,1.02865,4.06905,False,2
322,1.01933,3.03138,False,2
323,1.04027,3.03023,False,2
324,1.03424,3.02592,False,2
325,1.05011,5.00521,False,2
326,1.04068,3.02765,False,2
328,1.08259,5.11196,False,2
329,1.12897,6.09747,False,2
330,1.09174,5.13285,False,2
331,1.06438,5.09309,False,2
332,1.12577,5.12733,False,2
333,3.14553,5.12872,False,2
334,1.10288,1.10314,False,2
335,1.07426,5.04983,False,2
336,1.04054,5.14075,False,2
337,1.13091,5.1382200000000005,False,2
339,1.07304,5.08514,False,2
340,1.0,1.02213,True,2
341,1.0,5.10117,True,2
342,6.03054,1.08077,False,2
343,1.0,1.0,True,2
346,1.07159,5.08091,False,2
347,1.12984,6.1363900000000005,False,2
348,1.11118,5.04518,False,2
349,1.00847,5.05968,False,2
350,1.13243,4.05158,False,2
351,1.13303,5.00837,False,2
352,1.05823,4.01654,False,2
353,4.00665,7.078,False,2
354,4.12647,5.02463,False,2
355,1.07355,3.13761,False,2
357,1.05718,4.13476,False,2
358,1.0648900000000001,3.0095,False,2
359,1.11686,3.06455,False,2
361,1.09067,5.11008,False,2
363,5.0812,5.07907,False,2
364,5.11178,5.08484,False,2
365,1.04456,3.02396,False,2
366,1.1440299999999999,1.1261,False,2
367,5.0687,5.14515,False,2
370,1.10656,3.12925,False,2
371,1.11816,3.05778,False,2
372,1.14696,6.06068,False,2
373,1.10287,1.14394,False,2
374,1.00163,7.13567,False,2
375,1.03409,1.14423,False,2
376,1.1323400000000001,1.05054,False,2
377,1.03552,1.07293,False,2
378,3.10604,3.12228,False,2
379,3.01771,1.06125,False,2
380,4.08616,3.05431,False,2
381,1.05419,1.08792,False,2
383,1.08502,5.13681,False,2
384,1.14455,5.11757,False,2
385,1.00857,5.10277,False,2
386,1.02093,5.0422,False,2
387,1.00719,4.01197,False,2
388,1.00105,1.1433200000000001,False,2
389,1.09048,2.13359,False,2
390,1.05117,2.14147,False,2
391,1.00936,3.06453,False,2
394,1.02698,5.10119,False,2
395,5.05196,1.07764,False,2
396,5.07998,1.14294,False,2
397,5.10291,1.12069,False,2
398,5.02618,3.06025,False,2
403,1.07609,4.0719899999999996,False,2
404,5.13117,4.1409,False,2
405,5.07303,1.12485,False,2
406,1.0386,1.00491,False,2
407,4.05885,3.0169,False,2
408,1.0,1.14482,True,2
412,5.00123,6.04706,False,2
413,5.01736,5.04981,False,2
414,5.00201,6.0962,False,2
415,5.00763,3.05725,False,2
416,3.12029,3.11125,False,2
417,1.11725,3.10621,False,2
418,5.05979,5.04953,False,2
419,3.08583,5.02007,False,2
420,3.09097,3.04157,False,2
421,3.03587,5.03957,False,2
422,3.12135,5.08691,False,2
423,1.10673,3.00063,False,2
425,1.04928,1.14508,False,2
426,1.08179,4.1405899999999995,False,2
427,1.09677,1.13991,False,2
428,3.1147299999999998,3.10121,False,2
429,3.14025,3.13836,False,2
1,1.0902,3.14432,False,3
3,1.04373,1.01313,False,3
5,1.04298,7.00601,False,3
6,1.13918,3.10587,False,3
7,1.03901,1.0,False,3
9,1.00198,1.10835,False,3
10,1.11067,1.10701,False,3
11,1.05319,1.0,False,3
13,1.04603,1.12103,False,3
17,1.06268,3.02346,False,3
18,1.04107,1.13474,False,3
19,1.0,3.10014,True,3
21,1.10588,4.00824,False,3
22,1.14032,1.1363699999999999,False,3
25,1.0109,4.12655,False,3
29,1.02909,1.12487,False,3
30,1.06241,1.11184,False,3
69,1.00441,4.10047,False,3
70,3.00827,3.04683,False,3
71,1.06423,3.03288,False,3
72,3.06858,3.13203,False,3
73,3.00155,3.05424,False,3
74,3.09606,7.04828,False,3
75,4.03976,3.13795,False,3
76,1.12735,3.00295,False,3
77,3.00185,1.13228,False,3
78,1.09829,3.13381,False,3
79,1.13161,1.1293199999999999,False,3
82,1.00606,4.13384,False,3
83,1.02444,3.06498,False,3
84,3.01825,1.0,False,3
85,1.0,1.09613,True,3
86,1.0,4.00376,True,3
91,1.04766,1.14529,False,3
92,1.09093,1.14627,False,3
93,1.12955,3.03301,False,3
95,1.05077,1.14493,False,3
98,1.04315,5.08654,False,3
99,2.002,5.14173,False,3
100,1.11773,6.14604,False,3
101,1.06076,3.11707,False,3
103,1.12821,5.11037,False,3
104,1.07731,5.02379,False,3
106,1.11836,5.0859,False,3
107,1.05428,6.08303,False,3
109,1.12555,4.05581,False,3
110,1.09145,3.10612,False,3
111,1.00326,3.08138,False,3
112,1.03089,2.01792,False,3
113,1.11348,3.07498,False,3
114,1.00516,1.13707,False,3
115,1.11613,1.14556,False,3
116,1.00437,3.07207,False,3
117,1.07203,1.12986,False,3
118,1.06141,3.13757,False,3
120,1.01588,4.01764,False,3
121,1.00116,1.14577,False,3
122,1.00268,1.13448,False,3
123,1.00497,1.09889,False,3
124,1.01675,7.10189,False,3
125,5.07347,4.08901,False,3
126,5.03677,5.0347,False,3
127,1.09231,4.11763,False,3
128,1.03069,5.02127,False,3
129,1.13801,5.13345,False,3
130,5.13735,5.04459,False,3
131,1.12197,1.11079,False,3
133,1.00291,1.14268,False,3
134,1.00491,1.09459,False,3
135,1.00743,1.14613,False,3
136,1.05358,1.12199,False,3
137,1.1216,1.07334,False,3
139,1.05825,1.0967,False,3
140,1.0423499999999999,1.12654,False,3
141,1.00069,1.05642,False,3
142,1.10039,1.00156,False,3
143,1.04914,1.11477,False,3
144,4.05181,1.1465,False,3
145,1.0,5.07328,True,3
146,1.0,1.0,True,3
147,1.0067,1.0,False,3
148,1.0,1.0,True,3
149,1.0,3.07232,True,3
150,5.02579,1.0,False,3
151,1.03226,1.0,False,3
153,1.12846,1.13385,False,3
154,1.07806,5.08196,False,3
155,1.0081,3.08497,False,3
156,1.09077,1.14601,False,3
157,1.05369,1.1258,False,3
158,1.13276,3.06881,False,3
159,1.07962,3.07115,False,3
160,1.06427,3.06937,False,3
161,1.03183,3.08883,False,3
162,4.11861,4.11414,False,3
164,1.02463,7.02595,False,3
165,5.04236,1.1362700000000001,False,3
166,5.11794,5.08027,False,3
167,1.09749,1.04741,False,3
168,5.09114,1.0,False,3
169,5.12422,5.05614,False,3
173,1.08398,3.06129,False,3
175,1.04073,1.03783,False,3
176,1.09515,1.06386,False,3
177,1.1009,5.11715,False,3
178,4.00209,6.08963,False,3
179,1.1404,5.12561,False,3
180,2.03751,5.08973,False,3
181,3.03517,5.09168,False,3
182,1.14174,5.02847,False,3
183,1.11695,5.06624,False,3
184,1.11632,7.12252,False,3
185,1.13878,5.11827,False,3
186,1.11802,7.00513,False,3
188,1.00725,5.10493,False,3
189,4.1436399999999995,6.02271,False,3
190,1.13399,3.05836,False,3
191,1.05835,5.07997,False,3
192,1.1056,5.06777,False,3
193,6.11644,5.07041,False,3
194,1.08957,5.05896,False,3
195,1.11692,3.09907,False,3
197,1.00321,5.13173,False,3
198,1.10575,5.10718,False,3
199,1.09923,5.04932,False,3
200,1.14538,1.14073,False,3
201,1.13164,1.13649,False,3
202,7.02425,7.07255,False,3
203,4.08716,5.06381,False,3
204,1.09476,5.02233,False,3
206,1.01312,5.007,False,3
207,1.1393,3.11129,False,3
208,1.08019,1.13372,False,3
209,3.04568,3.14133,False,3
210,3.03772,3.05962,False,3
211,3.0643,3.0452,False,3
212,1.0805,1.09356,False,3
213,1.07079,3.0382,False,3
216,1.10913,6.10523,False,3
217,1.14349,4.13607,False,3
218,1.09854,5.02212,False,3
219,3.02448,5.01223,False,3
222,1.09322,3.08925,False,3
225,4.0375,3.13156,False,3
226,1.09875,5.09878,False,3
227,4.05568,7.08835,False,3
229,3.1283,4.01667,False,3
230,3.09117,3.11208,False,3
233,1.032,5.14286,False,3
234,3.03707,5.11605,False,3
235,3.07416,3.02618,False,3
236,1.06912,1.11258,False,3
237,1.08053,1.10145,False,3
242,1.03794,4.12379,False,3
243,1.08661,1.10488,False,3
251,4.06556,4.08422,False,3
252,1.13423,3.09172,False,3
253,1.01095,5.02806,False,3
254,1.01997,1.08289,False,3
255,1.01988,3.01782,False,3
256,1.04201,5.08527,False,3
257,1.09596,5.06567,False,3
258,1.01519,3.04282,False,3
259,1.06252,1.1255600000000001,False,3
260,1.05419,1.0936,False,3
262,1.00461,6.0989,False,3
263,1.01011,1.14324,False,3
264,1.13839,4.09711,False,3
265,1.10031,1.12374,False,3
270,3.01306,1.1348799999999999,False,3
271,1.13457,3.08593,False,3
272,1.11227,1.13668,False,3
273,1.13534,1.14293,False,3
274,1.08952,1.12328,False,3
275,3.02102,1.14691,False,3
280,1.02415,1.07148,False,3
289,1.07134,4.12627,False,3
290,1.08469,1.13147,False,3
291,1.14402,1.14621,False,3
292,1.11319,1.13119,False,3
293,5.00892,5.1261,False,3
294,5.02955,1.13379,False,3
295,5.02528,6.09184,False,3
296,5.02573,1.01844,False,3
297,1.08199,5.07691,False,3
298,1.03951,5.07703,False,3
299,1.10177,4.02723,False,3
300,1.03399,5.02311,False,3
301,1.05308,3.10703,False,3
302,1.05281,5.03703,False,3
303,1.12475,3.13655,False,3
308,1.00289,6.118,False,3
317,1.00805,5.06495,False,3
318,1.09795,6.02757,False,3
319,1.0586,5.1344899999999996,False,3
320,1.09839,2.13022,False,3
321,1.02482,4.03724,False,3
322,1.03415,3.11691,False,3
323,1.00851,3.1328300000000002,False,3
324,1.04925,3.01415,False,3
325,1.05339,5.07923,False,3
326,1.01943,3.12053,False,3
328,1.0755,5.12718,False,3
329,1.14631,6.1329,False,3
330,1.07904,5.14197,False,3
331,1.05137,5.11003,False,3
332,1.14643,5.13875,False,3
333,3.10981,5.03361,False,3
334,1.10606,1.14477,False,3
335,1.09683,5.08676,False,3
336,1.02097,5.10897,False,3
337,1.07229,5.06329,False,3
339,1.02403,5.03118,False,3
340,1.0,1.12178,True,3
341,1.0,5.09777,True,3
342,6.04174,1.01332,False,3
343,1.0,1.0,True,3
346,1.1227,5.05943,False,3
347,1.13074,6.0377,False,3
348,1.1013600000000001,5.12768,False,3
349,1.00406,5.05463,False,3
350,1.14722,4.11327,False,3
351,1.14694,5.06478,False,3
352,1.12449,4.09518,False,3
353,4.13426,7.0685,False,3
354,4.134,5.01555,False,3
355,1.04638,3.12855,False,3
357,1.04993,4.09261,False,3
358,1.08796,3.05207,False,3
359,1.13348,3.03581,False,3
361,1.07446,5.13398,False,3
363,5.064,5.05956,False,3
364,5.09457,5.07994,False,3
365,1.02252,3.04122,False,3
366,1.09724,1.13636,False,3
367,5.03039,5.12098,False,3
370,1.1031,3.14396,False,3
371,1.14074,3.06982,False,3
372,1.12913,6.11541,False,3
373,1.1314899999999999,1.13117,False,3
374,1.00092,7.11956,False,3
375,1.08896,1.00186,False,3
376,1.08982,1.09528,False,3
377,1.11494,1.00065,False,3
378,3.06197,3.08405,False,3
379,3.10187,1.1449799999999999,False,3
380,4.08967,3.0439,False,3
381,1.07644,1.12936,False,3
383,1.03773,5.07038,False,3
384,1.13186,5.01381,False,3
385,1.0087,5.12009,False,3
386,1.01105,5.12364,False,3
387,1.03076,4.09894,False,3
388,1.0142,1.12516,False,3
389,1.02014,2.08401,False,3
390,1.04094,5.14227,False,3
391,1.05701,3.08628,False,3
394,1.00004,5.05724,False,3
395,5.04608,1.14069,False,3
396,5.04867,1.02541,False,3
397,5.08372,1.03806,False,3
398,5.02828,3.09178,False,3
403,1.08783,4.00739,False,3
404,5.11995,4.06496,False,3
405,5.13898,1.05772,False,3
406,1.00476,1.0,False,3
407,4.14409,3.05449,False,3
408,1.0,1.00982,True,3
412,5.00316,5.14726,False,3
413,5.00184,5.09075,False,3
414,5.00348,6.11146,False,3
415,5.001,3.1262,False,3
416,3.10685,3.06671,False,3
417,1.14155,3.1159499999999998,False,3
418,5.07778,5.05529,False,3
419,3.1346,5.07186,False,3
420,3.07392,3.04714,False,3
421,3.13914,5.0893,False,3
422,3.1471999999999998,3.04949,False,3
423,1.11159,3.12726,False,3
425,1.01594,7.09331,False,3
426,1.09004,4.11961,False,3
427,1.07992,1.13886,False,3
428,3.09725,3.0751,False,3
429,3.0449,3.01895,False,3
1,1.0802100000000001,3.03346,False,4
3,1.00052,1.07506,False,4
5,1.05677,7.11749,False,4
6,1.08826,3.00816,False,4
7,1.00482,1.0,False,4
9,1.02198,1.12968,False,4
10,1.00956,1.12943,False,4
11,1.05566,1.0,False,4
13,1.10863,1.1447,False,4
17,1.03894,3.09387,False,4
18,1.07744,1.07339,False,4
19,1.0,3.00457,True,4
21,1.07447,3.0227,False,4
22,1.13489,1.14025,False,4
25,1.04281,4.06976,False,4
29,1.01146,1.12498,False,4
30,1.0495,1.14388,False,4
69,1.00211,4.10229,False,4
70,3.0176,3.14236,False,4
71,1.10558,1.13492,False,4
72,3.02768,3.08244,False,4
73,3.02249,3.14194,False,4
74,3.02106,7.03529,False,4
75,4.08416,3.14267,False,4
76,1.14348,3.08701,False,4
77,3.02508,1.1425,False,4
78,1.09753,3.01983,False,4
79,1.1314899999999999,3.14095,False,4
82,1.05281,4.07763,False,4
83,1.13135,3.13253,False,4
84,3.02866,1.0,False,4
85,1.0,1.10255,True,4
86,1.0,4.04397,True,4
91,1.03854,1.13256,False,4
92,1.10828,3.07818,False,4
93,1.1272,3.14169,False,4
95,1.06104,1.1448800000000001,False,4
98,1.06112,5.01417,False,4
99,2.02592,5.06255,False,4
100,1.12622,6.03754,False,4
101,1.05121,3.14451,False,4
103,1.14395,5.10245,False,4
104,1.09697,5.0968,False,4
106,1.13622,5.06009,False,4
107,1.0021,6.09879,False,4
109,1.11582,4.05378,False,4
110,1.11883,3.13682,False,4
111,1.00277,3.12252,False,4
112,1.00179,2.03814,False,4
113,1.10882,3.13046,False,4
114,1.00507,1.14133,False,4
115,1.01446,1.14702,False,4
116,1.07026,3.03755,False,4
117,1.0725500000000001,1.14599,False,4
118,1.01177,3.03629,False,4
120,1.00505,4.07562,False,4
121,1.00103,1.13247,False,4
122,1.00173,1.13797,False,4
123,1.0004,1.1418300000000001,False,4
124,1.04687,7.05285,False,4
125,5.01217,4.14445,False,4
126,5.09081,5.03824,False,4
127,1.08212,4.03263,False,4
128,1.06938,5.14521,False,4
129,1.1405,5.12134,False,4
130,5.14534,5.0816,False,4
131,1.02143,1.09188,False,4
133,1.00337,1.13701,False,4
134,1.00292,1.12812,False,4
135,1.10004,1.12494,False,4
136,1.0206,1.09383,False,4
137,1.0202,1.1411,False,4
139,1.10813,1.08362,False,4
140,1.03023,1.11873,False,4
141,1.12219,1.10797,False,4
142,1.11039,1.11871,False,4
143,1.01764,1.08828,False,4
144,1.03211,1.12352,False,4
145,5.12092,1.0,False,4
146,1.0,1.0,True,4
147,1.13391,1.0,False,4
148,1.0,1.0,True,4
149,1.0,3.05943,True,4
150,5.10156,1.0,False,4
151,1.0,1.0426,True,4
153,1.12223,1.14235,False,4
154,1.08162,5.07567,False,4
155,1.06595,1.14036,False,4
156,1.10568,1.13214,False,4
157,1.01377,1.13971,False,4
158,1.09246,3.00731,False,4
159,1.00187,3.00752,False,4
160,1.05812,3.02298,False,4
161,1.12262,3.02758,False,4
162,4.08061,4.09498,False,4
164,1.01236,7.01946,False,4
165,5.01348,1.14392,False,4
166,5.08727,5.04663,False,4
167,1.06651,1.05021,False,4
168,5.07043,1.0,False,4
169,5.10405,5.07903,False,4
173,1.09559,4.03055,False,4
175,1.07046,1.05437,False,4
176,1.05114,1.13775,False,4
177,1.11149,5.12634,False,4
178,4.00295,5.14404,False,4
179,1.14179,5.12003,False,4
180,2.03162,5.13853,False,4
181,3.08932,5.10563,False,4
182,1.14611,5.01618,False,4
183,1.13828,5.09059,False,4
184,1.12041,7.12672,False,4
185,1.1378300000000001,5.13488,False,4
186,1.12324,7.05647,False,4
188,1.01688,5.11586,False,4
189,4.12566,6.11463,False,4
190,3.04512,3.02435,False,4
191,1.12646,5.11074,False,4
192,1.0409,5.06584,False,4
193,6.01249,5.05474,False,4
194,1.12955,5.03432,False,4
195,1.13225,3.06146,False,4
197,1.00287,5.01709,False,4
198,1.11504,5.04236,False,4
199,1.13207,5.07159,False,4
200,1.13128,1.13118,False,4
201,1.07551,1.12192,False,4
202,7.05596,7.12099,False,4
203,4.04772,5.08352,False,4
204,1.13699,5.09961,False,4
206,1.01088,5.03359,False,4
207,1.12048,3.04267,False,4
208,1.06431,1.12876,False,4
209,3.01401,3.02574,False,4
210,3.05199,3.00786,False,4
211,3.12532,3.11975,False,4
212,1.08731,1.1238299999999999,False,4
213,1.04504,3.02802,False,4
216,1.12275,6.08358,False,4
217,1.13663,4.03316,False,4
218,1.12535,5.11365,False,4
219,1.13218,5.11492,False,4
222,1.11442,3.12241,False,4
225,4.04727,3.14688,False,4
226,1.08321,5.02778,False,4
227,4.10737,7.01238,False,4
229,3.11498,4.14351,False,4
230,3.09021,3.08938,False,4
233,1.04879,5.12731,False,4
234,3.01179,5.10242,False,4
235,3.01246,5.12462,False,4
236,1.05662,1.12408,False,4
237,1.08715,1.14146,False,4
242,1.00657,4.14601,False,4
243,1.10543,1.11278,False,4
251,4.06579,4.11778,False,4
252,1.14242,3.1094,False,4
253,1.0212,5.0903,False,4
254,1.01997,1.0,False,4
255,1.1126,3.08736,False,4
256,1.00743,5.10796,False,4
257,1.01248,5.05636,False,4
258,1.05431,3.0777,False,4
259,3.04209,1.11082,False,4
260,1.00855,1.12303,False,4
262,1.01148,6.1013,False,4
263,1.0113,1.14357,False,4
264,1.14176,4.03295,False,4
265,1.13541,1.14636,False,4
270,3.02274,1.14284,False,4
271,1.06734,3.07521,False,4
272,1.13795,1.14579,False,4
273,1.12763,1.13464,False,4
274,1.06866,1.13103,False,4
275,3.06247,1.10439,False,4
280,1.0463,1.12833,False,4
289,1.08376,4.04269,False,4
290,1.12236,1.14229,False,4
291,1.13284,1.13262,False,4
292,1.10942,1.14002,False,4
293,5.01609,5.11366,False,4
294,5.00216,5.14093,False,4
295,5.01981,6.12695,False,4
296,5.00997,5.03931,False,4
297,1.14246,5.1314,False,4
298,1.01987,5.06432,False,4
299,1.11501,4.0096,False,4
300,1.06419,5.06554,False,4
301,1.05103,3.1143,False,4
302,1.02667,5.05076,False,4
303,1.12447,3.11237,False,4
308,1.00366,6.00898,False,4
317,1.00172,5.02324,False,4
318,1.09521,6.11183,False,4
319,1.04014,5.13628,False,4
320,1.00579,5.13208,False,4
321,1.02617,4.08689,False,4
322,1.01607,3.14226,False,4
323,1.00312,3.12941,False,4
324,1.00691,3.00803,False,4
325,1.05271,5.01403,False,4
326,1.00294,3.1174,False,4
328,1.07454,5.07642,False,4
329,1.11672,6.01867,False,4
330,1.1117,5.11809,False,4
331,1.05701,3.14596,False,4
332,1.06796,5.12166,False,4
333,3.13171,5.07501,False,4
334,1.11814,1.14325,False,4
335,1.10361,5.13283,False,4
336,1.06469,5.05663,False,4
337,1.12198,5.04045,False,4
339,1.01239,5.06333,False,4
340,1.0,1.04811,True,4
341,1.0,5.06609,True,4
342,6.06482,1.13737,False,4
343,1.0,1.0,True,4
346,1.09631,5.10205,False,4
347,1.09749,6.03276,False,4
348,1.0344,5.07471,False,4
349,1.05805,5.12651,False,4
350,3.0735,4.14731,False,4
351,1.14418,5.02025,False,4
352,1.11151,4.03422,False,4
353,4.11247,7.03711,False,4
354,4.13537,5.13776,False,4
355,1.04381,3.14107,False,4
357,1.05491,4.12357,False,4
358,1.051,3.03996,False,4
359,1.12131,3.00683,False,4
361,1.09216,5.05129,False,4
363,5.13134,5.10948,False,4
364,5.08241,5.06188,False,4
365,1.08166,3.03551,False,4
366,1.10025,1.13961,False,4
367,5.04535,5.03966,False,4
370,1.09894,3.1421,False,4
371,1.1464,4.08035,False,4
372,1.14727,6.04116,False,4
373,1.07649,1.1294,False,4
374,1.00759,7.0069,False,4
375,1.07828,3.12838,False,4
376,1.12071,1.04895,False,4
377,1.00638,1.08978,False,4
378,3.03498,3.14694,False,4
379,3.13341,1.07762,False,4
380,4.04581,3.01663,False,4
381,1.11439,1.13801,False,4
383,1.01203,5.12791,False,4
384,1.141,5.09604,False,4
385,1.00446,5.1394400000000005,False,4
386,1.0208,5.12877,False,4
387,1.00404,4.0744,False,4
388,1.0433,1.14712,False,4
389,1.0418,2.07446,False,4
390,1.02966,2.03546,False,4
391,1.02572,3.11155,False,4
394,1.01285,5.11337,False,4
395,5.0975,1.04248,False,4
396,5.1316,1.1459,False,4
397,5.0799900000000004,1.10721,False,4
398,5.06373,3.08946,False,4
403,1.04919,4.07639,False,4
404,5.0254,4.07365,False,4
405,5.10855,1.05168,False,4
406,1.0395,1.07992,False,4
407,4.04661,3.0151,False,4
408,1.0,1.11099,True,4
412,5.00038,6.13343,False,4
413,5.0044,5.13059,False,4
414,5.02235,6.05429,False,4
415,5.00598,3.07253,False,4
416,3.04367,3.03707,False,4
417,1.12641,3.07789,False,4
418,5.07833,5.05402,False,4
419,4.08886,3.08937,False,4
420,3.02682,3.00779,False,4
421,3.1205600000000002,5.07872,False,4
422,3.01189,5.08842,False,4
423,1.11712,3.13864,False,4
425,1.0377,1.146,False,4
426,1.07585,4.06961,False,4
427,1.06004,1.13948,False,4
428,3.09348,3.05373,False,4
429,3.08975,3.09612,False,4
1,1.1156,3.07075,False,5
3,1.02507,1.0101,False,5
5,1.05284,7.04917,False,5
6,1.01511,3.00175,False,5
7,1.01456,1.0,False,5
9,1.03517,1.10304,False,5
10,1.01469,1.08764,False,5
11,1.00772,1.0,False,5
13,1.13259,1.13421,False,5
17,1.04859,3.09797,False,5
18,1.06184,1.14192,False,5
19,1.0,3.05768,True,5
21,1.10539,4.02821,False,5
22,1.13945,1.14458,False,5
25,1.02057,4.12204,False,5
29,1.00253,1.1448,False,5
30,1.05019,1.1108,False,5
69,1.01011,4.06146,False,5
70,3.02455,3.14138,False,5
71,1.05259,3.08091,False,5
72,3.01675,3.02467,False,5
73,3.01145,3.14389,False,5
74,3.03058,3.0257,False,5
75,4.05567,3.13109,False,5
76,1.12575,3.00821,False,5
77,3.01471,1.1454900000000001,False,5
78,1.0895299999999999,3.02967,False,5
79,1.13014,3.10789,False,5
82,1.02147,4.11041,False,5
83,1.05208,3.0311,False,5
84,3.14434,1.0,False,5
85,1.10875,1.0,False,5
86,1.0,4.01114,True,5
91,1.04979,1.13226,False,5
92,1.10824,3.03406,False,5
93,1.12815,3.05947,False,5
95,1.02673,1.12859,False,5
98,1.0695999999999999,5.01904,False,5
99,2.00955,5.14597,False,5
100,1.12022,6.08504,False,5
101,1.06431,3.13765,False,5
103,1.12453,5.06141,False,5
104,1.13473,5.14307,False,5
106,1.02783,5.08932,False,5
107,1.01133,6.13001,False,5
109,1.10177,4.02761,False,5
110,1.09096,3.1184,False,5
111,1.01381,3.05261,False,5
112,1.00345,2.10031,False,5
113,1.10856,3.09957,False,5
114,1.02439,1.14425,False,5
115,1.1277,1.10082,False,5
116,1.00793,3.1021900000000002,False,5
117,1.07369,1.14533,False,5
118,1.04484,3.00426,False,5
120,1.0007,4.10068,False,5
121,1.00658,1.12099,False,5
122,1.00289,1.14433,False,5
123,1.01932,1.13341,False,5
124,1.02179,7.01408,False,5
125,5.01987,4.12835,False,5
126,5.10983,5.14352,False,5
127,1.08505,4.00814,False,5
128,1.10586,5.01393,False,5
129,1.11873,5.04197,False,5
130,5.13746,5.05856,False,5
131,1.1162,1.1203,False,5
133,1.01999,1.14483,False,5
134,1.00291,1.11569,False,5
135,1.03271,1.13934,False,5
136,1.00538,1.09577,False,5
137,1.00006,1.00871,False,5
139,1.00684,1.12228,False,5
140,1.0293,1.13626,False,5
141,1.05138,1.14489,False,5
142,1.10175,1.13403,False,5
143,1.0166,1.14172,False,5
144,1.04617,1.14414,False,5
145,5.12568,1.0,False,5
146,1.0,1.0,True,5
147,1.1414,1.0,False,5
148,1.0,1.0,True,5
149,1.0,3.01924,True,5
150,5.09698,1.0,False,5
151,1.00533,1.0,False,5
153,1.11011,1.13224,False,5
154,1.08656,5.12196,False,5
155,1.0165,7.10598,False,5
156,1.09939,1.09962,False,5
157,1.00405,1.13834,False,5
158,1.02843,3.03191,False,5
159,1.00382,3.06359,False,5
160,1.05927,3.02169,False,5
161,1.05597,3.01741,False,5
162,4.09287,4.08755,False,5
164,1.05622,7.03596,False,5
165,5.11334,1.08734,False,5
166,5.10463,5.07901,False,5
167,1.12326,1.01111,False,5
168,5.10514,1.0,False,5
169,5.08782,5.06829,False,5
173,1.08052,3.06839,False,5
175,1.04731,1.02945,False,5
176,1.10054,1.10655,False,5
177,1.12591,5.14466,False,5
178,4.00595,6.04808,False,5
179,1.13708,5.11532,False,5
180,2.01098,5.04747,False,5
181,3.09075,5.05206,False,5
182,1.1401,5.02543,False,5
183,1.1083,5.13199,False,5
184,1.13475,7.00711,False,5
185,1.12357,5.13162,False,5
186,1.09713,7.13766,False,5
188,1.0033,5.14068,False,5
189,4.07732,6.04529,False,5
190,3.0416,3.01148,False,5
191,1.11309,5.10032,False,5
192,1.11163,5.13999,False,5
193,6.01288,5.08282,False,5
194,1.13023,5.03742,False,5
195,1.13445,3.13637,False,5
197,1.00178,5.1301,False,5
198,1.12481,5.07053,False,5
199,3.05891,3.13053,False,5
200,1.1366,1.14161,False,5
201,1.04291,1.14388,False,5
202,7.08314,7.0753,False,5
203,1.14628,5.1468,False,5
204,1.06084,5.10965,False,5
206,1.00461,5.09088,False,5
207,1.1283,3.05991,False,5
208,1.03589,1.14381,False,5
209,3.00051,3.13104,False,5
210,3.00146,3.14057,False,5
211,3.0817,3.03166,False,5
212,1.09133,1.13851,False,5
213,1.09356,3.02073,False,5
216,1.10359,6.11017,False,5
217,1.13651,4.06586,False,5
218,1.11471,5.13393,False,5
219,3.01783,5.12401,False,5
222,1.0999,3.04996,False,5
225,4.06294,3.12302,False,5
226,1.08684,5.00765,False,5
227,4.09932,7.04952,False,5
229,3.10669,4.13669,False,5
230,3.08756,3.08983,False,5
233,1.02445,5.14502,False,5
234,3.0055,5.06773,False,5
235,3.00251,3.00162,False,5
236,1.1423,1.05159,False,5
237,1.02538,1.02299,False,5
242,1.00387,4.04093,False,5
243,1.13786,1.06694,False,5
251,4.14153,4.11397,False,5
252,1.1289500000000001,3.11343,False,5
253,1.03301,5.05014,False,5
254,1.00517,1.09012,False,5
255,1.06626,3.02065,False,5
256,1.02109,5.13554,False,5
257,1.01343,5.13468,False,5
258,1.00576,3.09731,False,5
259,3.1116,1.1175,False,5
260,1.00831,1.11768,False,5
262,1.00279,6.05595,False,5
263,1.02718,1.14087,False,5
264,1.11975,4.08301,False,5
265,1.14577,1.12817,False,5
270,3.01688,1.143,False,5
271,1.13744,3.12883,False,5
272,1.13926,1.14372,False,5
273,1.10935,1.12893,False,5
274,1.09643,1.14165,False,5
275,3.00598,1.11431,False,5
280,1.01551,1.1145,False,5
289,1.05544,4.12175,False,5
290,1.11382,1.12884,False,5
291,1.14689,1.144,False,5
292,1.11541,1.1363,False,5
293,5.0003,6.06893,False,5
294,5.00622,5.1105,False,5
295,5.04081,6.04414,False,5
296,5.04724,1.0790899999999999,False,5
297,1.0808,5.04677,False,5
298,1.03927,5.12797,False,5
299,1.05342,4.01502,False,5
300,1.03283,5.00455,False,5
301,1.09517,3.08031,False,5
302,1.05481,5.10728,False,5
303,3.08291,3.09999,False,5
308,1.00403,6.12114,False,5
317,1.0126,5.09028,False,5
318,1.0873599999999999,6.04545,False,5
319,1.06674,5.08705,False,5
320,1.07614,2.07373,False,5
321,1.04606,4.13619,False,5
322,1.07432,3.00532,False,5
323,1.01883,3.05059,False,5
324,1.01003,3.14035,False,5
325,1.02888,5.01154,False,5
326,1.00319,3.11036,False,5
328,1.10422,3.12042,False,5
329,2.13702,6.07487,False,5
330,1.09971,5.11761,False,5
331,1.03637,5.00012,False,5
332,1.13225,5.11048,False,5
333,3.1245,5.08391,False,5
334,1.11076,1.13622,False,5
335,1.09593,5.10919,False,5
336,1.11694,5.14558,False,5
337,1.11701,5.12924,False,5
339,1.04875,5.0399,False,5
340,1.0,1.11954,True,5
341,1.0,5.09445,True,5
342,6.10266,1.08727,False,5
343,1.0,1.0,True,5
346,1.12104,3.0098,False,5
347,1.13132,6.06879,False,5
348,1.08613,5.05611,False,5
349,1.01375,5.13034,False,5
350,1.13164,4.02785,False,5
351,1.1406100000000001,5.11031,False,5
352,1.13242,4.01528,False,5
353,4.08561,7.12464,False,5
354,4.0936,5.05177,False,5
355,1.07293,3.1241,False,5
357,1.06673,4.07641,False,5
358,1.08745,3.03049,False,5
359,1.12754,3.06833,False,5
361,1.09277,5.12828,False,5
363,5.09657,5.08372,False,5
364,5.10226,5.03167,False,5
365,1.0158,3.14506,False,5
366,1.07285,1.14252,False,5
367,5.04103,5.1114,False,5
370,1.11315,3.13964,False,5
371,1.1446399999999999,4.07342,False,5
372,1.14424,6.0488,False,5
373,1.12719,1.13775,False,5
374,1.01272,7.11667,False,5
375,1.10636,3.07089,False,5
376,1.08353,1.0662,False,5
377,1.13656,1.05728,False,5
378,3.06666,3.13073,False,5
379,3.02992,1.14163,False,5
380,4.0174,3.08891,False,5
381,1.07708,1.14422,False,5
383,1.04919,5.10388,False,5
384,1.14645,5.09523,False,5
385,1.01803,5.13906,False,5
386,1.00249,5.09101,False,5
387,1.02062,4.051,False,5
388,1.01572,1.1421999999999999,False,5
389,1.01635,2.03505,False,5
390,1.03069,2.00063,False,5
391,1.01127,3.1414400000000002,False,5
394,1.00378,5.14688,False,5
395,5.03165,1.10977,False,5
396,5.06048,1.00523,False,5
397,5.03792,1.14435,False,5
398,5.10373,3.089,False,5
403,1.09609,4.0216,False,5
404,5.13514,4.11832,False,5
405,5.01247,1.14358,False,5
406,1.07782,1.0,False,5
407,4.08077,3.09066,False,5
408,1.0,1.01072,True,5
412,5.00165,6.11072,False,5
413,5.00493,5.06572,False,5
414,5.00843,6.13044,False,5
415,5.01346,3.12845,False,5
416,3.1346,3.0914,False,5
417,1.11283,3.12866,False,5
418,5.05091,5.04723,False,5
419,3.08608,5.03096,False,5
420,3.09516,3.09189,False,5
421,3.12589,5.03446,False,5
422,3.01425,5.14542,False,5
423,1.12399,3.1042,False,5
425,1.04748,7.07931,False,5
426,1.08271,4.11437,False,5
427,1.09143,4.06529,False,5
428,3.1197,3.14355,False,5
429,3.01167,3.00264,False,5
1,1.06517,3.0678,False,6
3,1.09307,1.03746,False,6
5,1.03071,7.00697,False,6
6,1.07945,3.02088,False,6
7,1.03497,1.0,False,6
9,1.00683,1.13554,False,6
10,1.06207,1.12325,False,6
11,1.00908,1.0,False,6
13,1.13158,1.1437599999999999,False,6
17,1.04722,3.08126,False,6
18,1.10113,1.09722,False,6
19,1.0,3.12622,True,6
21,1.1018,3.03742,False,6
22,1.13822,1.14425,False,6
25,1.053,4.00508,False,6
29,1.0092,1.14428,False,6
30,1.06952,1.146,False,6
69,1.00003,4.1268,False,6
70,3.02597,3.02852,False,6
71,1.10715,1.13195,False,6
72,3.08243,3.1381,False,6
73,3.02877,3.03078,False,6
74,3.07706,3.07205,False,6
75,4.14531,3.13768,False,6
76,1.13252,3.04558,False,6
77,3.00159,1.14326,False,6
78,1.10352,3.12073,False,6
79,1.1286100000000001,3.09633,False,6
82,1.03857,4.08497,False,6
83,1.05408,3.14289,False,6
84,3.13224,1.0,False,6
85,1.0,1.08527,True,6
86,1.0,4.07001,True,6
91,1.06116,1.13862,False,6
92,1.1149499999999999,1.1442700000000001,False,6
93,1.12177,3.08933,False,6
95,1.0204,1.14399,False,6
98,1.11252,5.10905,False,6
99,2.02385,5.05451,False,6
100,1.11864,6.05075,False,6
101,1.08538,3.12753,False,6
103,1.14412,5.0881,False,6
104,1.10679,5.03502,False,6
106,1.03615,5.01204,False,6
107,1.03402,6.11109,False,6
109,1.11665,4.02937,False,6
110,1.12377,3.06912,False,6
111,1.02576,3.06529,False,6
112,1.02496,2.13159,False,6
113,1.08859,3.03754,False,6
114,1.00079,1.1385399999999999,False,6
115,1.0299,1.13579,False,6
116,1.03623,3.07394,False,6
117,1.03677,1.10301,False,6
118,1.05508,3.09724,False,6
120,1.00137,4.09383,False,6
121,1.00009,1.12364,False,6
122,1.00167,1.14616,False,6
123,1.00941,1.12436,False,6
124,1.02084,7.12485,False,6
125,5.01521,4.10417,False,6
126,5.05936,5.05356,False,6
127,1.07099,4.04287,False,6
128,1.02303,5.09545,False,6
129,1.14287,5.06881,False,6
130,5.14037,5.116,False,6
131,1.03599,1.13893,False,6
133,1.01646,1.14477,False,6
134,1.00393,1.08269,False,6
135,1.0205,1.12412,False,6
136,1.08034,1.08373,False,6
137,1.1388,1.12852,False,6
139,1.01536,1.09039,False,6
140,1.05861,1.12116,False,6
141,1.08133,1.08176,False,6
142,1.00518,1.05476,False,6
143,1.04633,1.13402,False,6
144,1.12854,1.12216,False,6
145,5.11777,1.0,False,6
146,1.0,1.0,True,6
147,1.09754,1.0,False,6
148,1.0,1.0,True,6
149,1.0,3.05236,True,6
150,5.00254,1.0,False,6
151,1.0,1.09167,True,6
153,1.1398,1.13922,False,6
154,1.096,5.08228,False,6
155,1.02265,3.11056,False,6
156,1.06038,3.13274,False,6
157,1.01229,1.12785,False,6
158,1.09989,3.02715,False,6
159,1.11646,3.03297,False,6
160,1.02785,3.10324,False,6
161,1.06272,3.0666,False,6
162,4.10296,4.10633,False,6
164,1.02012,7.10405,False,6
165,5.11814,1.06612,False,6
166,5.13676,5.12589,False,6
167,1.1102,1.02952,False,6
168,5.13743,1.0,False,6
169,5.13704,5.09038,False,6
173,1.09481,3.11975,False,6
175,1.08857,1.13121,False,6
176,1.112,1.03036,False,6
177,1.13311,5.12235,False,6
178,4.0103,6.0622,False,6
179,1.13925,5.12586,False,6
180,2.12429,5.10395,False,6
181,3.07679,5.14595,False,6
182,1.14719,5.13506,False,6
183,1.09901,5.11473,False,6
184,1.12001,7.03389,False,6
185,1.14263,5.05899,False,6
186,1.10785,7.06339,False,6
188,1.00595,5.09302,False,6
189,4.10544,6.05622,False,6
190,1.14014,3.05746,False,6
191,1.03729,5.10124,False,6
192,1.10354,5.09401,False,6
193,6.12376,5.06698,False,6
194,1.1391499999999999,5.10182,False,6
195,1.1333,3.03681,False,6
197,1.01257,5.13472,False,6
198,1.12898,5.03903,False,6
199,1.12801,4.00499,False,6
200,1.12853,1.12569,False,6
201,1.12262,1.0984099999999999,False,6
202,7.05431,7.03882,False,6
203,4.07157,5.09933,False,6
204,1.11834,5.06987,False,6
206,1.00044,5.07929,False,6
207,1.11559,3.05419,False,6
208,1.04923,1.14737,False,6
209,3.04432,3.03751,False,6
210,3.00097,3.13183,False,6
211,3.08137,3.00907,False,6
212,1.06932,1.14693,False,6
213,1.09867,3.05863,False,6
216,1.11206,6.064,False,6
217,1.13984,4.06104,False,6
218,1.12715,5.13375,False,6
219,1.14643,5.07625,False,6
222,1.11891,3.14312,False,6
225,4.08776,3.14127,False,6
226,1.09528,5.14205,False,6
227,4.05184,7.03734,False,6
229,3.10459,4.04043,False,6
230,3.06828,3.0969,False,6
233,1.07637,5.14626,False,6
234,3.04289,5.05907,False,6
235,3.00231,5.1459,False,6
236,1.10984,1.07118,False,6
237,1.07248,1.1272199999999999,False,6
242,1.03105,4.14613,False,6
243,1.0901399999999999,1.07868,False,6
251,4.10977,4.14711,False,6
252,1.14276,3.04057,False,6
253,1.00937,5.0709,False,6
254,1.02768,1.12945,False,6
255,1.0245,3.08142,False,6
256,1.0161,5.10893,False,6
257,1.04783,5.04279,False,6
258,1.06172,3.06039,False,6
259,3.03115,1.14121,False,6
260,1.11892,1.07167,False,6
262,1.00294,6.09435,False,6
263,1.01996,1.13392,False,6
264,1.11394,4.13277,False,6
265,1.12642,1.11014,False,6
270,3.01558,1.12713,False,6
271,1.14129,3.09551,False,6
272,1.10038,1.0988,False,6
273,1.1405,1.1307,False,6
274,1.09699,1.12901,False,6
275,3.05333,1.13828,False,6
280,1.00933,1.10368,False,6
289,1.09131,4.13798,False,6
290,1.11287,1.14032,False,6
291,1.14492,1.14105,False,6
292,1.10907,1.14534,False,6
293,5.00232,6.13653,False,6
294,5.01596,5.09498,False,6
295,5.07076,6.1349,False,6
296,5.01832,1.13094,False,6
297,1.08868,5.10551,False,6
298,1.0003,5.11505,False,6
299,1.07442,4.10135,False,6
300,1.06538,5.02178,False,6
301,1.072,3.04773,False,6
302,1.04598,5.13928,False,6
303,1.03861,3.12031,False,6
308,1.00314,6.11711,False,6
317,1.00011,5.03954,False,6
318,1.12647,6.05752,False,6
319,1.07449,5.1254,False,6
320,1.04449,5.11406,False,6
321,1.09788,4.00181,False,6
322,1.05477,3.02517,False,6
323,1.01171,3.01182,False,6
324,1.04136,3.04197,False,6
325,1.07278,5.03991,False,6
326,1.00716,3.05391,False,6
328,1.08997,5.05081,False,6
329,1.13536,6.0931,False,6
330,1.10926,5.14258,False,6
331,1.07025,3.10067,False,6
332,1.13936,5.14213,False,6
333,3.11276,5.11089,False,6
334,1.08203,1.14648,False,6
335,1.1259299999999999,5.14232,False,6
336,1.09232,5.14698,False,6
337,1.10802,5.14743,False,6
339,1.07056,5.14372,False,6
340,1.0,1.09813,True,6
341,1.0,5.08031,True,6
342,6.11023,1.09058,False,6
343,1.0,1.0,True,6
346,1.09694,5.0081,False,6
347,1.11786,6.07263,False,6
348,1.07402,5.04771,False,6
349,1.00631,5.14714,False,6
350,1.12475,4.04601,False,6
351,1.14545,5.01783,False,6
352,1.09977,4.05522,False,6
353,4.05665,7.09794,False,6
354,4.09749,5.0594,False,6
355,1.06045,3.12883,False,6
357,1.05253,4.14172,False,6
358,1.10287,3.00864,False,6
359,1.13369,3.02657,False,6
361,1.09533,5.12343,False,6
363,5.11724,5.10973,False,6
364,5.10304,5.07053,False,6
365,1.00496,3.12596,False,6
366,1.11191,1.10364,False,6
367,5.04486,5.07692,False,6
370,1.08841,3.13045,False,6
371,1.14336,4.03895,False,6
372,1.14738,6.01153,False,6
373,1.11771,1.12823,False,6
374,1.00248,7.06567,False,6
375,1.03127,3.02692,False,6
376,1.10475,1.13726,False,6
377,1.14573,1.04126,False,6
378,3.13068,3.12424,False,6
379,3.09104,1.14262,False,6
380,4.06162,3.05453,False,6
381,1.12658,1.13071,False,6
383,1.04242,5.1204,False,6
384,1.11722,5.11736,False,6
385,1.01093,5.14403,False,6
386,1.04021,5.08808,False,6
387,1.10303,4.08768,False,6
388,1.00145,1.1412499999999999,False,6
389,1.03102,2.0999,False,6
390,1.01267,5.09664,False,6
391,1.01124,3.04075,False,6
394,1.00612,5.12957,False,6
395,5.01841,1.1464699999999999,False,6
396,5.0357,1.06473,False,6
397,5.08572,1.05468,False,6
398,5.09047,3.10616,False,6
403,1.07038,4.1164,False,6
404,5.13521,4.14539,False,6
405,5.00007,1.12735,False,6
406,1.02428,1.0,False,6
407,4.1222,3.14054,False,6
408,1.0,1.09721,True,6
412,5.00035,6.09862,False,6
413,5.00807,5.0281,False,6
414,5.00082,6.10685,False,6
415,5.00494,3.0923,False,6
416,3.12488,3.04226,False,6
417,1.14126,3.03671,False,6
418,5.09311,5.08758,False,6
419,3.11967,5.09618,False,6
420,3.09676,3.04896,False,6
421,3.12827,5.04989,False,6
422,3.10052,3.07467,False,6
423,1.1066799999999999,3.11425,False,6
425,1.01713,7.06977,False,6
426,1.08455,4.13093,False,6
427,1.08308,1.14691,False,6
428,3.07224,3.13725,False,6
429,3.02006,3.08405,False,6
1,1.06802,3.07402,False,7
3,1.06069,1.05316,False,7
5,1.0534,7.09541,False,7
6,1.05274,3.04955,False,7
7,1.00012,1.0,False,7
9,1.00006,1.14702,False,7
10,1.10923,1.1219999999999999,False,7
11,1.08612,1.0,False,7
13,1.13042,1.12089,False,7
17,1.05526,3.12197,False,7
18,1.06651,1.08722,False,7
19,1.0,3.09007,True,7
21,1.07536,3.03953,False,7
22,1.13316,1.14211,False,7
25,1.02771,4.02531,False,7
29,1.0042,1.13146,False,7
30,1.05852,1.14351,False,7
69,1.00105,4.10331,False,7
70,3.02416,3.03208,False,7
71,1.08247,3.07575,False,7
72,3.07816,3.12226,False,7
73,3.00974,3.09903,False,7
74,3.07282,3.05289,False,7
75,4.01111,3.13545,False,7
76,1.12318,3.12441,False,7
77,3.01413,1.14478,False,7
78,1.09723,4.05624,False,7
79,1.12609,3.07938,False,7
82,1.05219,4.10893,False,7
83,1.0051,3.03554,False,7
84,3.10423,1.0,False,7
85,1.00474,1.0,False,7
86,1.0,4.01595,True,7
91,1.03473,1.13752,False,7
92,1.10361,1.14347,False,7
93,1.12192,3.10842,False,7
95,1.04108,1.14614,False,7
98,1.0931899999999999,5.13279,False,7
99,2.00632,5.0687,False,7
100,1.11367,6.0174,False,7
101,1.00124,3.10789,False,7
103,1.13943,5.04153,False,7
104,1.12972,5.0466,False,7
106,1.11035,5.0814,False,7
107,1.02004,6.09834,False,7
109,1.10654,4.09447,False,7
110,1.10746,3.05031,False,7
111,1.0243,3.12966,False,7
112,1.04183,2.08064,False,7
113,1.10716,3.1431,False,7
114,1.00906,1.13434,False,7
115,1.12168,1.13621,False,7
116,1.04086,3.05243,False,7
117,1.06894,1.13729,False,7
118,1.06476,3.06692,False,7
120,1.01447,4.05419,False,7
121,1.01004,1.14561,False,7
122,1.00191,1.14531,False,7
123,1.00168,1.11323,False,7
124,1.04855,7.10347,False,7
125,5.01679,4.1007,False,7
126,5.11376,5.0402,False,7
127,1.06957,4.01583,False,7
128,1.01074,5.03174,False,7
129,1.13933,5.06594,False,7
130,5.1264,5.07917,False,7
131,1.02053,1.1196,False,7
133,1.01254,1.14729,False,7
134,1.02841,1.12313,False,7
135,1.05254,1.13508,False,7
136,1.10761,1.09751,False,7
137,1.00857,1.02636,False,7
139,1.0315,1.08962,False,7
140,1.04599,1.14453,False,7
141,1.12333,1.04739,False,7
142,1.08113,1.06308,False,7
143,1.00818,1.1337,False,7
144,4.04747,6.06418,False,7
145,1.0,5.02543,True,7
146,1.0,1.0,True,7
147,1.1299,1.0,False,7
148,1.0,1.0,True,7
149,1.0,3.04367,True,7
150,5.14254,1.0,False,7
151,1.0,1.02399,True,7
153,1.14222,1.14117,False,7
154,1.10983,5.14604,False,7
155,1.01085,7.06228,False,7
156,1.09738,1.11667,False,7
157,1.01237,1.1345,False,7
158,1.00003,3.03489,False,7
159,1.02567,3.10631,False,7
160,1.02421,3.10543,False,7
161,1.13928,3.03042,False,7
162,4.08138,4.10168,False,7
164,1.02425,7.0138,False,7
165,5.11427,1.09487,False,7
166,5.11698,5.08148,False,7
167,1.13228,1.03381,False,7
168,5.0397,1.0,False,7
169,5.07743,5.06339,False,7
173,1.0812599999999999,4.12494,False,7
175,1.06281,1.05737,False,7
176,1.10026,1.00152,False,7
177,1.09681,5.06168,False,7
178,4.00593,6.10739,False,7
179,1.13697,5.13013,False,7
180,2.05331,5.07943,False,7
181,3.12656,5.10888,False,7
182,1.1376,5.11535,False,7
183,1.10749,5.11132,False,7
184,1.07406,7.04553,False,7
185,1.14084,5.11191,False,7
186,1.12154,7.00849,False,7
188,1.00156,5.14447,False,7
189,4.13375,6.09826,False,7
190,1.14696,3.05081,False,7
191,1.07032,5.14111,False,7
192,1.10539,5.05792,False,7
193,6.1167300000000004,5.13916,False,7
194,1.07193,5.08299,False,7
195,1.1274899999999999,3.03057,False,7
197,1.00171,5.14234,False,7
198,1.12045,5.10418,False,7
199,1.06362,5.03319,False,7
200,1.13559,1.13994,False,7
201,1.14608,1.14545,False,7
202,7.03089,7.02654,False,7
203,4.1424199999999995,5.08595,False,7
204,1.03772,5.12195,False,7
206,1.00994,5.06104,False,7
207,1.13431,3.01764,False,7
208,1.02665,1.1432,False,7
209,3.00201,3.11432,False,7
210,3.03236,3.05742,False,7
211,3.03684,3.03329,False,7
212,1.03134,1.09548,False,7
213,1.0990199999999999,3.08577,False,7
216,1.11082,6.14105,False,7
217,1.14436,4.00441,False,7
218,1.10573,5.08944,False,7
219,3.10271,5.05631,False,7
222,1.10869,3.02203,False,7
225,4.11595,3.13385,False,7
226,1.09964,5.14513,False,7
227,4.07567,7.11365,False,7
229,3.07169,4.13149,False,7
230,3.09798,4.07223,False,7
233,1.02741,5.14207,False,7
234,3.04068,5.06332,False,7
235,3.0079,5.02856,False,7
236,1.1243400000000001,1.07489,False,7
237,1.0812,1.12748,False,7
242,1.00063,4.05008,False,7
243,1.09475,1.12643,False,7
251,4.1081199999999995,4.09729,False,7
252,1.14405,3.12447,False,7
253,1.01145,5.06722,False,7
254,1.00729,1.00742,False,7
255,1.09359,3.13487,False,7
256,1.00749,5.04438,False,7
257,1.0821,5.07907,False,7
258,1.00922,3.01794,False,7
259,3.08392,1.13734,False,7
260,1.00685,1.08763,False,7
262,1.0039,6.09761,False,7
263,1.01525,1.1455899999999999,False,7
264,1.11771,4.115,False,7
265,1.1172900000000001,1.13028,False,7
270,3.04912,1.14468,False,7
271,1.14652,3.0144,False,7
272,1.09949,1.13788,False,7
273,1.06572,1.1385,False,7
274,1.09585,1.13959,False,7
275,3.0072,1.14443,False,7
280,1.00678,1.1116,False,7
289,1.08578,3.03086,False,7
290,1.09846,1.14656,False,7
291,1.14694,1.14674,False,7
292,1.07444,1.10324,False,7
293,5.0164,6.01362,False,7
294,5.01767,1.14529,False,7
295,5.00019,6.11139,False,7
296,5.0788,1.08283,False,7
297,1.11958,5.11437,False,7
298,1.07598,5.10078,False,7
299,1.06584,4.0418,False,7
300,1.05045,5.01529,False,7
301,1.06454,3.11911,False,7
302,1.07484,5.14229,False,7
303,3.0195,3.14224,False,7
308,1.01015,6.07272,False,7
317,1.04613,5.08994,False,7
318,1.103,6.00396,False,7
319,1.04505,5.09696,False,7
320,1.02327,5.11912,False,7
321,1.09648,4.03361,False,7
322,1.03978,3.04545,False,7
323,1.00047,3.00498,False,7
324,1.03569,3.14454,False,7
325,1.05196,5.08336,False,7
326,1.04736,3.0012,False,7
328,1.08592,5.12205,False,7
329,1.14485,6.14326,False,7
330,1.06186,5.13343,False,7
331,1.04991,3.02289,False,7
332,1.12572,5.09103,False,7
333,3.0878,5.14407,False,7
334,1.12311,1.14119,False,7
335,1.09911,5.13616,False,7
336,1.07991,5.08383,False,7
337,1.12684,5.09178,False,7
339,1.14214,5.06617,False,7
340,1.0,1.05222,True,7
341,1.0,5.04664,True,7
342,6.10302,1.07136,False,7
343,1.0,1.0,True,7
346,1.09791,5.08708,False,7
347,1.12666,6.04822,False,7
348,1.09717,5.03182,False,7
349,1.02016,5.04803,False,7
350,1.1090200000000001,4.07913,False,7
351,1.14226,5.08677,False,7
352,1.1239,4.01877,False,7
353,4.06389,7.11131,False,7
354,4.07758,5.0847,False,7
355,1.05736,3.07713,False,7
357,1.0698,4.0249,False,7
358,1.08581,3.13661,False,7
359,1.13902,3.07562,False,7
361,1.08357,5.1226,False,7
363,5.07164,5.03286,False,7
364,5.10518,5.10405,False,7
365,1.11688,3.08219,False,7
366,1.12041,1.10808,False,7
367,5.0348,5.03369,False,7
370,1.10062,3.1423,False,7
371,1.1468,3.03388,False,7
372,1.14739,6.03519,False,7
373,1.13334,1.14341,False,7
374,1.04359,7.11312,False,7
375,1.04886,1.04442,False,7
376,1.03304,1.0949,False,7
377,1.09773,1.05734,False,7
378,3.10953,3.13193,False,7
379,3.0054,1.12625,False,7
380,4.04375,3.04055,False,7
381,1.07989,1.12842,False,7
383,1.05134,5.00029,False,7
384,1.1371,5.12502,False,7
385,1.00637,5.14397,False,7
386,1.00993,5.1469,False,7
387,1.03817,4.0407,False,7
388,1.01382,1.10758,False,7
389,1.00636,2.11572,False,7
390,1.0064,5.12642,False,7
391,1.01407,3.02631,False,7
394,1.00362,5.04352,False,7
395,5.09061,1.11725,False,7
396,5.03336,1.13532,False,7
397,5.09688,1.04005,False,7
398,5.05931,3.01467,False,7
403,1.06276,4.10626,False,7
404,5.01718,4.04452,False,7
405,5.11813,1.07588,False,7
406,1.1057,1.08927,False,7
407,4.031,3.00443,False,7
408,1.0,1.02827,True,7
412,5.00024,6.10159,False,7
413,5.02101,5.14548,False,7
414,5.01265,6.11677,False,7
415,5.01776,3.07525,False,7
416,3.04052,3.00732,False,7
417,1.12331,3.07783,False,7
418,5.09957,5.04734,False,7
419,3.07244,5.11085,False,7
420,3.0737,3.00847,False,7
421,3.09633,5.00032,False,7
422,1.12653,5.04929,False,7
423,1.11277,3.02912,False,7
425,1.08721,7.03921,False,7
426,1.07085,4.13177,False,7
427,1.0855,1.13716,False,7
428,3.0968,3.12488,False,7
429,3.00781,3.07476,False,7
1,1.09436,3.12502,False,8
3,1.10947,1.04204,False,8
5,1.0602800000000001,7.14301,False,8
6,1.06014,3.00175,False,8
7,1.03739,1.0,False,8
9,1.00038,1.13717,False,8
10,1.02766,1.1237300000000001,False,8
11,1.00527,1.0,False,8
13,1.12168,1.12071,False,8
17,1.05282,3.12417,False,8
18,1.01516,1.10248,False,8
19,1.0,3.10855,True,8
21,1.09224,4.05238,False,8
22,1.14457,1.13989,False,8
25,1.00978,4.00945,False,8
29,1.00618,1.1467100000000001,False,8
30,1.09649,1.13262,False,8
69,1.00251,4.1464,False,8
70,3.02739,3.06987,False,8
71,1.10824,1.13607,False,8
72,3.00379,3.10964,False,8
73,3.00368,3.09777,False,8
74,3.07709,3.02139,False,8
75,4.0043,3.12456,False,8
76,1.13713,3.00536,False,8
77,3.08363,1.14623,False,8
78,1.10251,3.07781,False,8
79,1.12459,3.13201,False,8
82,1.10126,4.0813,False,8
83,1.06226,1.03467,False,8
84,3.0086,1.0,False,8
85,1.0,1.00006,True,8
86,1.0,4.13009,True,8
91,1.05357,1.13808,False,8
92,1.1178,1.1452499999999999,False,8
93,1.12363,3.03656,False,8
95,1.03202,1.14357,False,8
98,1.04696,5.06879,False,8
99,2.0364,5.11035,False,8
100,1.07079,6.14374,False,8
101,1.04766,3.10112,False,8
103,1.12789,5.09126,False,8
104,1.10219,5.07178,False,8
106,1.00485,5.01259,False,8
107,1.05296,6.07964,False,8
109,1.11725,4.02583,False,8
110,1.11823,3.12525,False,8
111,1.02228,3.13269,False,8
112,1.02188,2.00912,False,8
113,1.06217,3.08702,False,8
114,1.03613,1.14113,False,8
115,1.07605,1.13495,False,8
116,1.01832,3.07918,False,8
117,1.03357,1.14194,False,8
118,1.01529,3.1036,False,8
120,1.0013,4.13758,False,8
121,1.00195,1.1384,False,8
122,1.00125,1.1400299999999999,False,8
123,1.02112,1.13408,False,8
124,1.00981,7.07385,False,8
125,5.06805,4.13324,False,8
126,5.08659,5.0292,False,8
127,1.04848,4.03769,False,8
128,1.01943,5.07208,False,8
129,1.11567,5.0612,False,8
130,5.09684,5.09189,False,8
131,1.0687,1.12027,False,8
133,1.00173,1.14595,False,8
134,1.00567,1.14373,False,8
135,1.0508,1.11671,False,8
136,1.05041,1.14383,False,8
137,1.13567,1.13061,False,8
139,1.07266,1.07472,False,8
140,1.05884,1.12695,False,8
141,1.04573,1.09895,False,8
142,1.02529,1.0794,False,8
143,1.01279,1.0950199999999999,False,8
144,1.05968,1.13554,False,8
145,5.09765,1.0,False,8
146,1.0,1.0,True,8
147,1.04529,1.0,False,8
148,1.0,1.0,True,8
149,1.0,3.04554,True,8
150,5.06618,1.0,False,8
151,1.02542,1.0,False,8
153,1.12702,1.13951,False,8
154,1.09685,5.00585,False,8
155,1.03766,7.07005,False,8
156,1.07321,3.00969,False,8
157,1.00571,1.14084,False,8
158,1.08676,3.08173,False,8
159,1.08322,3.10648,False,8
160,1.06791,3.03782,False,8
161,1.03497,3.06386,False,8
162,4.13104,4.09576,False,8
164,1.01001,7.00041,False,8
165,5.03794,1.11202,False,8
166,5.09365,5.07838,False,8
167,1.13375,1.00704,False,8
168,5.03982,1.0,False,8
169,5.12711,5.10625,False,8
173,1.08692,4.03289,False,8
175,1.09085,1.09873,False,8
176,1.10623,1.01896,False,8
177,1.12306,5.1044,False,8
178,4.00895,5.1421,False,8
179,1.1458599999999999,5.14256,False,8
180,2.00589,5.05721,False,8
181,3.13892,5.05969,False,8
182,1.13396,5.03614,False,8
183,1.13223,5.08599,False,8
184,1.11447,7.11666,False,8
185,1.14602,5.07352,False,8
186,1.09002,7.06468,False,8
188,1.0065,5.13738,False,8
189,4.14244,6.0333,False,8
190,3.03321,3.11871,False,8
191,1.09214,5.07426,False,8
192,1.12696,5.11918,False,8
193,6.13662,5.01808,False,8
194,1.14209,5.11312,False,8
195,1.13673,3.0251,False,8
197,1.00563,5.03693,False,8
198,1.12727,5.08719,False,8
199,1.08964,4.0859,False,8
200,1.10897,1.10614,False,8
201,1.11761,1.11535,False,8
202,7.06767,7.06672,False,8
203,1.13821,5.14501,False,8
204,1.12731,5.02775,False,8
206,1.00388,5.01825,False,8
207,1.07869,3.12943,False,8
208,1.01314,1.14297,False,8
209,3.00968,3.11119,False,8
210,3.03328,3.03954,False,8
211,3.10434,3.07729,False,8
212,1.0665499999999999,1.12484,False,8
213,1.09335,3.07381,False,8
216,1.09907,6.10567,False,8
217,1.13443,4.12566,False,8
218,1.13908,5.07882,False,8
219,1.13425,5.1363900000000005,False,8
222,1.11243,3.09152,False,8
225,4.00758,3.14279,False,8
226,1.08394,5.11669,False,8
227,4.01354,7.08233,False,8
229,3.07173,4.00005,False,8
230,3.05315,3.06888,False,8
233,1.00855,5.14567,False,8
234,3.01809,5.05115,False,8
235,3.01409,3.01034,False,8
236,1.04323,1.11281,False,8
237,1.13574,1.12506,False,8
242,1.02194,4.14252,False,8
243,1.13257,1.1095,False,8
251,4.10662,4.08341,False,8
252,1.12563,3.1236,False,8
253,1.03217,5.03233,False,8
254,1.01853,1.13132,False,8
255,1.10778,3.1417,False,8
256,1.09875,5.06416,False,8
257,1.00322,5.04897,False,8
258,1.07409,3.07594,False,8
259,3.06212,1.11298,False,8
260,1.05945,1.11023,False,8
262,1.0003,6.08961,False,8
263,1.09917,1.14193,False,8
264,1.13699,4.06981,False,8
265,1.14105,1.08983,False,8
270,3.07856,1.14022,False,8
271,1.13986,3.12356,False,8
272,1.12386,1.13343,False,8
273,1.08449,1.11834,False,8
274,1.0801,1.12761,False,8
275,3.01227,1.14026,False,8
280,1.01773,1.13716,False,8
289,1.07076,4.03274,False,8
290,1.12429,1.1389,False,8
291,1.12668,1.13681,False,8
292,1.07914,1.13455,False,8
293,5.01419,6.13899,False,8
294,5.0279,5.10364,False,8
295,5.00089,6.11599,False,8
296,5.01144,1.04832,False,8
297,1.08857,5.09141,False,8
298,1.02072,5.09526,False,8
299,1.09199,4.04947,False,8
300,1.03998,5.09111,False,8
301,1.03523,3.12107,False,8
302,1.10568,5.13299,False,8
303,1.12896,3.11904,False,8
308,1.011,6.09807,False,8
317,1.00843,5.04038,False,8
318,1.09582,6.1415,False,8
319,1.04228,5.1255,False,8
320,1.02044,5.12241,False,8
321,1.08701,4.01652,False,8
322,1.03238,3.0173,False,8
323,1.00262,3.00203,False,8
324,1.01185,3.06944,False,8
325,1.04634,5.0252,False,8
326,1.04052,3.13414,False,8
328,1.08348,5.13188,False,8
329,2.05274,6.05841,False,8
330,1.09624,5.13354,False,8
331,1.07973,3.05353,False,8
332,1.1238,5.12239,False,8
333,3.12933,5.13745,False,8
334,1.11009,1.13798,False,8
335,1.11561,5.01895,False,8
336,1.01793,5.05579,False,8
337,1.09207,5.14712,False,8
339,1.09257,5.0633,False,8
340,1.0,1.00495,True,8
341,1.0,5.02255,True,8
342,6.05218,1.10124,False,8
343,1.0,1.0,True,8
346,1.08816,5.12466,False,8
347,1.1181,6.1472,False,8
348,1.10017,5.00555,False,8
349,1.01892,5.10565,False,8
350,3.03668,4.14549,False,8
351,1.13913,5.08256,False,8
352,1.14068,4.05796,False,8
353,4.10766,7.05629,False,8
354,4.12172,5.13035,False,8
355,1.05742,3.0987999999999998,False,8
357,1.05263,4.1354,False,8
358,1.06996,3.05685,False,8
359,1.12575,3.12847,False,8
361,1.10505,5.04417,False,8
363,5.10034,5.09496,False,8
364,5.07722,5.06533,False,8
365,1.13714,3.11022,False,8
366,1.07649,1.12624,False,8
367,5.09147,5.08264,False,8
370,1.10861,3.13535,False,8
371,1.14325,4.08193,False,8
372,1.14429,6.00696,False,8
373,1.0777,1.11106,False,8
374,1.00992,7.09332,False,8
375,1.01123,3.13163,False,8
376,1.02909,1.12146,False,8
377,1.10391,1.1265,False,8
378,3.04798,3.10786,False,8
379,3.02029,1.13767,False,8
380,4.03894,3.00364,False,8
381,1.11442,1.1,False,8
383,1.02743,5.12081,False,8
384,1.12918,5.08378,False,8
385,1.01408,5.10192,False,8
386,1.03345,5.09014,False,8
387,1.01998,4.09371,False,8
388,1.01814,1.12953,False,8
389,1.03879,2.06185,False,8
390,1.00744,2.02388,False,8
391,1.00244,3.03156,False,8
394,1.01436,5.14392,False,8
395,5.06685,1.0886,False,8
396,5.05671,1.10358,False,8
397,5.08614,1.04045,False,8
398,5.02837,3.13679,False,8
403,1.05668,4.08468,False,8
404,5.0727,4.06405,False,8
405,5.06769,1.08006,False,8
406,1.09055,1.0,False,8
407,4.02663,3.08568,False,8
408,1.0,1.14578,True,8
412,5.00065,6.07979,False,8
413,5.00024,5.05941,False,8
414,5.01904,6.08476,False,8
415,5.01017,3.146,False,8
416,3.06499,3.04811,False,8
417,1.13319,3.1081,False,8
418,5.07548,5.06434,False,8
419,3.10108,5.14606,False,8
420,3.1213,3.11811,False,8
421,3.06181,5.05603,False,8
422,3.12379,5.1448,False,8
423,1.13736,3.02371,False,8
425,1.00795,7.00566,False,8
426,1.08299,4.10058,False,8
427,1.12219,1.13466,False,8
428,3.10703,3.10525,False,8
429,3.12733,3.08046,False,8
1,1.05681,3.04344,False,9
3,1.04756,1.01783,False,9
5,1.0752,7.08728,False,9
6,1.01423,3.07646,False,9
7,1.02173,1.0,False,9
9,1.00202,1.12622,False,9
10,1.00004,1.1318,False,9
11,1.14307,1.0,False,9
13,1.11436,1.13385,False,9
17,1.04292,3.13968,False,9
18,1.07038,1.09288,False,9
19,1.0,3.08898,True,9
21,1.07451,3.08968,False,9
22,1.13226,1.13398,False,9
25,1.06181,4.07532,False,9
29,1.00933,1.14716,False,9
30,1.08307,1.14264,False,9
69,1.00014,4.1081,False,9
70,3.00665,3.08221,False,9
71,1.0784,1.14021,False,9
72,3.04377,3.06635,False,9
73,3.0288,3.11939,False,9
74,3.10695,3.05993,False,9
75,4.02801,3.1410299999999998,False,9
76,1.1468099999999999,1.1440299999999999,False,9
77,3.01015,1.12974,False,9
78,1.08393,4.07963,False,9
79,1.11965,3.1282,False,9
82,1.01951,4.11549,False,9
83,1.05817,1.07941,False,9
84,3.13475,1.0,False,9
85,1.0,1.00508,True,9
86,1.0,4.08107,True,9
91,1.04749,1.14379,False,9
92,1.10549,1.1431,False,9
93,1.1255600000000001,3.09473,False,9
95,1.01151,1.13705,False,9
98,1.04634,5.06929,False,9
99,2.00638,5.13192,False,9
100,1.0976,6.08995,False,9
101,1.06762,3.13831,False,9
103,1.04278,5.14569,False,9
104,1.09527,5.11174,False,9
106,1.08162,5.10099,False,9
107,1.04101,6.07276,False,9
109,1.10333,4.07568,False,9
110,1.10611,3.12986,False,9
111,1.0021,3.10437,False,9
112,1.00229,2.0433,False,9
113,1.06636,3.05912,False,9
114,1.00137,1.14573,False,9
115,1.08379,1.13981,False,9
116,1.00185,3.04844,False,9
117,1.00234,1.14387,False,9
118,1.11914,3.14094,False,9
120,1.0077,4.04947,False,9
121,1.00181,1.14293,False,9
122,1.0003,1.14422,False,9
123,1.01252,1.13267,False,9
124,1.06266,7.07319,False,9
125,5.0417,4.12861,False,9
126,5.12479,5.0954,False,9
127,1.05875,4.1363,False,9
128,1.03496,5.10246,False,9
129,1.09362,5.00297,False,9
130,5.14687,5.14473,False,9
131,1.06173,1.10676,False,9
133,1.01228,1.14377,False,9
134,1.01764,1.08625,False,9
135,1.02887,1.10348,False,9
136,1.07696,1.06971,False,9
137,1.0,1.14652,True,9
139,1.03788,1.14132,False,9
140,1.04555,1.1298300000000001,False,9
141,1.01262,1.07251,False,9
142,1.04401,1.10395,False,9
143,1.05022,1.08263,False,9
144,1.04335,6.01608,False,9
145,1.0,5.05618,True,9
146,1.0,1.0,True,9
147,1.03537,1.0,False,9
148,1.0,1.0,True,9
149,1.0,3.04226,True,9
150,5.0656,1.0,False,9
151,1.0,1.12452,True,9
153,1.12548,1.12789,False,9
154,1.10743,5.01091,False,9
155,1.01287,3.10204,False,9
156,1.05654,3.12939,False,9
157,1.0103,1.1366100000000001,False,9
158,1.01034,3.09993,False,9
159,1.0263,3.06947,False,9
160,1.06346,3.10399,False,9
161,1.00097,3.0388,False,9
162,4.09074,4.14668,False,9
164,1.00637,7.01148,False,9
165,5.00974,1.1421999999999999,False,9
166,5.11461,5.07566,False,9
167,1.13136,1.10062,False,9
168,5.10412,1.0,False,9
169,5.13465,5.06001,False,9
173,1.08711,4.04154,False,9
175,1.05048,1.13358,False,9
176,1.04187,1.01356,False,9
177,1.13138,5.08943,False,9
178,4.03481,5.134,False,9
179,1.14558,5.1464,False,9
180,2.07644,5.05249,False,9
181,3.03785,5.05127,False,9
182,1.14113,5.02571,False,9
183,1.11601,5.07113,False,9
184,1.12713,7.08189,False,9
185,1.14012,5.00744,False,9
186,1.10663,7.07544,False,9
188,1.00316,5.12627,False,9
189,4.11804,6.03483,False,9
190,3.03009,3.02268,False,9
191,1.09537,5.0638,False,9
192,1.12252,5.13195,False,9
193,6.0549,5.08932,False,9
194,1.12744,5.08907,False,9
195,1.11432,3.13277,False,9
197,1.00141,5.14684,False,9
198,1.11788,5.00921,False,9
199,1.11127,5.0211,False,9
200,1.12964,1.13691,False,9
201,1.11822,1.13557,False,9
202,7.08661,7.05858,False,9
203,1.11853,5.07881,False,9
204,1.02972,5.00867,False,9
206,1.00208,5.13123,False,9
207,1.12785,3.07619,False,9
208,1.02905,1.1371,False,9
209,3.05374,3.12608,False,9
210,3.11699,3.14534,False,9
211,3.02185,3.01634,False,9
212,1.06924,1.11944,False,9
213,1.10321,3.12593,False,9
216,1.11422,6.10878,False,9
217,1.12947,4.10273,False,9
218,1.1159,5.05621,False,9
219,3.06333,5.05196,False,9
222,1.07873,3.08,False,9
225,4.00587,3.14279,False,9
226,1.07683,5.11025,False,9
227,4.06841,7.01872,False,9
229,3.05528,4.01572,False,9
230,3.09803,3.11562,False,9
233,1.02554,5.12642,False,9
234,3.06518,5.12565,False,9
235,3.03391,3.03262,False,9
236,1.13451,1.13108,False,9
237,1.12099,1.1384,False,9
242,1.00617,4.14263,False,9
243,1.1169,1.1326100000000001,False,9
251,4.0965,4.08469,False,9
252,1.13369,3.10737,False,9
253,1.00362,5.05668,False,9
254,1.03216,1.13519,False,9
255,1.05308,3.14193,False,9
256,1.00497,5.1338799999999996,False,9
257,1.01463,5.14365,False,9
258,1.02123,3.08776,False,9
259,1.02733,1.09137,False,9
260,1.08421,1.02983,False,9
262,1.00331,6.0803,False,9
263,1.00663,1.13533,False,9
264,1.12648,4.07545,False,9
265,1.1408800000000001,1.13046,False,9
270,3.02775,1.10519,False,9
271,1.04168,3.10401,False,9
272,1.11388,1.12598,False,9
273,1.13866,1.1436600000000001,False,9
274,1.079,1.10573,False,9
275,3.08416,1.14731,False,9
280,1.0005,1.11975,False,9
289,1.07993,4.1057,False,9
290,1.11794,1.14544,False,9
291,1.13814,1.14503,False,9
292,1.02286,1.14459,False,9
293,5.01257,6.06084,False,9
294,5.00459,5.14718,False,9
295,5.0016,6.1328,False,9
296,5.07438,1.04207,False,9
297,1.10858,5.10992,False,9
298,1.0006,5.11602,False,9
299,1.05506,4.02952,False,9
300,1.09125,5.10508,False,9
301,1.10233,3.11864,False,9
302,1.07637,5.14498,False,9
303,1.05688,3.14398,False,9
308,1.0008,6.0604,False,9
317,1.03746,5.10748,False,9
318,1.12127,6.01846,False,9
319,1.0831,5.10357,False,9
320,1.03932,5.06406,False,9
321,1.0318,4.04812,False,9
322,1.04574,3.07479,False,9
323,1.00232,3.12065,False,9
324,1.01032,3.08494,False,9
325,1.04677,5.05682,False,9
326,1.02954,3.00035,False,9
328,1.05522,5.10782,False,9
329,1.129,6.07928,False,9
330,1.07102,5.13746,False,9
331,1.09351,5.07674,False,9
332,1.09208,5.14424,False,9
333,3.00877,5.10492,False,9
334,1.12213,1.12581,False,9
335,1.09408,5.03143,False,9
336,1.01209,5.07803,False,9
337,1.1284,5.0818,False,9
339,1.01313,5.01663,False,9
340,1.0,1.13798,True,9
341,1.0,5.0787700000000005,True,9
342,6.1449,1.10271,False,9
343,1.0,1.0,True,9
346,1.11523,5.0802,False,9
347,1.13692,6.07105,False,9
348,1.1145100000000001,5.12088,False,9
349,1.05156,5.07408,False,9
350,1.14508,4.09678,False,9
351,1.14401,5.03761,False,9
352,1.12644,4.0227,False,9
353,4.05097,7.12616,False,9
354,4.13415,5.10572,False,9
355,1.0905,3.12435,False,9
357,1.06341,4.10006,False,9
358,1.07868,3.04898,False,9
359,1.13807,3.09089,False,9
361,1.07903,5.12496,False,9
363,5.11833,5.03681,False,9
364,5.10096,5.10078,False,9
365,1.11394,3.09672,False,9
366,1.11333,1.10974,False,9
367,5.03583,5.06366,False,9
370,1.09419,3.14408,False,9
371,1.14071,3.04706,False,9
372,1.14638,6.02506,False,9
373,1.12886,1.14531,False,9
374,1.00807,7.14555,False,9
375,1.03362,1.01582,False,9
376,1.0282,1.03642,False,9
377,1.07277,1.003,False,9
378,3.04716,3.14523,False,9
379,3.03025,1.13542,False,9
380,4.05561,3.04987,False,9
381,1.14436,1.10911,False,9
383,1.00991,5.06316,False,9
384,1.12955,5.03094,False,9
385,1.00288,5.10467,False,9
386,1.01415,5.0863,False,9
387,1.02278,4.13979,False,9
388,1.00219,1.14349,False,9
389,1.05955,2.14072,False,9
390,1.06618,5.10955,False,9
391,1.01324,3.11693,False,9
394,1.02795,5.12637,False,9
395,5.09996,1.02383,False,9
396,5.00184,1.1271200000000001,False,9
397,5.11366,1.14246,False,9
398,5.10511,3.01462,False,9
403,1.07711,4.12834,False,9
404,5.04258,4.01318,False,9
405,5.08889,1.11651,False,9
406,1.03703,1.0,False,9
407,4.12359,3.06114,False,9
408,1.0,1.07763,True,9
412,5.00078,6.12583,False,9
413,5.00839,1.13037,False,9
414,5.02757,6.12449,False,9
415,5.00039,3.05138,False,9
416,3.10677,3.0092,False,9
417,1.13693,3.12236,False,9
418,5.10449,5.06649,False,9
419,3.08143,5.10205,False,9
420,3.04492,3.02911,False,9
421,3.13809,5.02747,False,9
422,3.1047,5.04018,False,9
423,1.09804,3.13918,False,9
425,1.01912,7.11017,False,9
426,1.07446,4.07432,False,9
427,1.10159,1.13311,False,9
428,3.12613,3.10566,False,9
429,3.0117,3.13635,False,9
1,1.10885,3.01566,False,10
3,1.04954,1.04275,False,10
5,1.0596,7.06596,False,10
6,1.08386,3.02758,False,10
7,1.00172,1.0,False,10
9,1.03771,1.12991,False,10
10,1.00125,1.04809,False,10
11,1.06499,1.0,False,10
13,1.12664,1.1375,False,10
17,1.05241,3.08678,False,10
18,1.05985,1.13618,False,10
19,1.0,3.01304,True,10
21,1.08038,4.12741,False,10
22,1.13014,1.13223,False,10
25,1.00162,4.14229,False,10
29,1.02055,1.14511,False,10
30,1.10852,1.1259299999999999,False,10
69,1.0009,4.13729,False,10
70,3.0202,3.09828,False,10
71,1.07795,1.12859,False,10
72,3.04557,3.07569,False,10
73,3.01392,3.08056,False,10
74,3.04046,7.08068,False,10
75,4.03356,3.12922,False,10
76,1.1381999999999999,1.13037,False,10
77,3.00569,1.1465,False,10
78,1.0991900000000001,4.059,False,10
79,1.1371,3.02516,False,10
82,1.02279,4.1218,False,10
83,1.03689,3.06603,False,10
84,3.08243,1.0,False,10
85,1.0,1.01546,True,10
86,1.0,4.06872,True,10
91,1.05453,1.14573,False,10
92,1.10865,3.09659,False,10
93,1.117,3.04418,False,10
95,1.03829,1.1282,False,10
98,1.06612,5.10288,False,10
99,2.10348,5.07557,False,10
100,1.11676,6.1001,False,10
101,1.03024,3.13872,False,10
103,1.14054,5.12606,False,10
104,1.07491,5.14257,False,10
106,1.06587,5.08117,False,10
107,1.01568,6.02845,False,10
109,1.13084,4.06672,False,10
110,1.11117,3.10091,False,10
111,1.00978,3.12048,False,10
112,1.09795,2.01328,False,10
113,1.09302,3.0862,False,10
114,1.05508,1.13969,False,10
115,1.09081,1.12955,False,10
116,1.00623,3.07706,False,10
117,1.03775,1.1374900000000001,False,10
118,1.0557,3.1451000000000002,False,10
120,1.00298,4.12534,False,10
121,1.00101,1.13843,False,10
122,1.00248,1.14127,False,10
123,1.00287,1.11323,False,10
124,1.03291,7.12624,False,10
125,5.04516,4.13772,False,10
126,5.02517,5.11887,False,10
127,1.03066,4.11051,False,10
128,1.02261,5.03282,False,10
129,1.14029,5.00799,False,10
130,5.11593,5.0777,False,10
131,1.03774,1.06144,False,10
133,1.02866,1.14058,False,10
134,1.00547,1.14008,False,10
135,1.03646,1.14361,False,10
136,1.02956,1.12481,False,10
137,1.07672,1.09046,False,10
139,1.05229,1.13299,False,10
140,1.05562,1.11597,False,10
141,1.01636,1.037,False,10
142,1.01415,1.07971,False,10
143,1.00527,1.11561,False,10
144,1.11988,1.08483,False,10
145,1.0,5.01269,True,10
146,1.0,1.0,True,10
147,1.14672,1.0,False,10
148,1.0,1.0,True,10
149,1.0,3.01387,True,10
150,5.12392,1.0,False,10
151,1.12669,1.0,False,10
153,1.1265100000000001,1.14051,False,10
154,1.0917,5.03117,False,10
155,1.01578,3.12129,False,10
156,1.03816,3.04664,False,10
157,1.06038,1.1467,False,10
158,1.0096,3.14246,False,10
159,1.01015,3.06006,False,10
160,1.08625,3.14089,False,10
161,1.013,3.13193,False,10
162,4.1407,4.12729,False,10
164,1.03353,7.09439,False,10
165,5.11651,1.0873599999999999,False,10
166,5.13383,5.10949,False,10
167,1.12363,1.0627,False,10
168,5.04282,1.0,False,10
169,5.13651,5.10719,False,10
173,1.08247,3.01943,False,10
175,1.0645,1.03412,False,10
176,1.04641,1.03784,False,10
177,1.11964,5.14488,False,10
178,4.01201,5.14638,False,10
179,1.14344,5.14644,False,10
180,2.13237,5.09433,False,10
181,3.06061,5.10082,False,10
182,1.13696,5.01041,False,10
183,1.11533,5.11557,False,10
184,1.1246,7.06951,False,10
185,1.12929,5.13785,False,10
186,1.10824,7.00266,False,10
188,1.01338,7.10787,False,10
189,4.03891,6.10981,False,10
190,3.01145,3.08286,False,10
191,1.10479,5.05795,False,10
192,1.1252,5.06226,False,10
193,6.06098,5.01575,False,10
194,1.1262699999999999,5.10304,False,10
195,1.13361,3.07642,False,10
197,1.00134,5.08961,False,10
198,1.13578,5.01067,False,10
199,3.02627,4.06718,False,10
200,1.14277,1.12813,False,10
201,1.12171,1.08572,False,10
202,7.01955,7.06694,False,10
203,4.06293,5.11716,False,10
204,1.09878,5.04635,False,10
206,1.0004,5.14247,False,10
207,1.09681,3.12443,False,10
208,1.02214,1.09783,False,10
209,3.00652,3.06903,False,10
210,3.01631,3.13259,False,10
211,3.06537,3.04934,False,10
212,1.04464,1.14405,False,10
213,1.07039,3.0148,False,10
216,1.11428,6.01456,False,10
217,1.127,4.03457,False,10
218,1.10747,5.02544,False,10
219,1.13988,5.10523,False,10
222,1.05793,3.03749,False,10
225,4.01106,3.12968,False,10
226,1.1179000000000001,5.06359,False,10
227,4.12103,7.00717,False,10
229,3.07924,4.01426,False,10
230,3.05853,3.09423,False,10
233,1.00499,5.11635,False,10
234,3.09138,3.01477,False,10
235,3.04219,3.03871,False,10
236,1.01395,1.1318,False,10
237,1.06778,1.09351,False,10
242,1.00689,4.11481,False,10
243,1.09865,1.06843,False,10
251,4.12799,4.10399,False,10
252,1.13878,3.14635,False,10
253,1.01935,5.14381,False,10
254,1.00183,1.1145100000000001,False,10
255,1.07074,3.04231,False,10
256,1.0181,5.00634,False,10
257,1.03862,5.0166,False,10
258,1.04274,3.03655,False,10
259,1.02663,1.1474199999999999,False,10
260,1.02713,1.12695,False,10
262,1.00226,6.1403,False,10
263,1.06937,1.14266,False,10
264,1.14434,4.09861,False,10
265,1.11368,1.1206,False,10
270,3.01381,1.13546,False,10
271,1.13155,3.08952,False,10
272,1.1302,1.12465,False,10
273,1.11687,1.10552,False,10
274,1.09938,1.12995,False,10
275,3.04199,1.12687,False,10
280,1.01008,1.13708,False,10
289,1.07081,4.09674,False,10
290,1.10965,1.1414900000000001,False,10
291,1.14132,1.14118,False,10
292,1.03411,1.12036,False,10
293,5.01398,5.12292,False,10
294,5.00019,5.1118500000000004,False,10
295,5.01746,6.03377,False,10
296,5.02083,5.13038,False,10
297,1.10664,5.1194,False,10
298,1.02857,5.09303,False,10
299,1.03394,4.03403,False,10
300,1.03928,5.06925,False,10
301,1.11092,3.11153,False,10
302,1.09511,5.08052,False,10
303,3.02804,3.12225,False,10
308,1.00332,6.04776,False,10
317,1.00064,5.11086,False,10
318,1.07944,6.01352,False,10
319,1.03762,5.13536,False,10
320,1.01969,5.04376,False,10
321,1.00755,4.07537,False,10
322,1.02927,3.07079,False,10
323,1.03404,3.08362,False,10
324,1.01854,3.1148,False,10
325,1.07879,5.0754,False,10
326,1.04561,3.01372,False,10
328,1.06625,5.09531,False,10
329,2.08637,6.00768,False,10
330,1.12599,5.14369,False,10
331,1.01105,3.14471,False,10
332,1.14645,5.10229,False,10
333,3.11074,5.10849,False,10
334,1.12172,1.1429,False,10
335,1.11267,5.11367,False,10
336,1.05005,5.08366,False,10
337,1.10587,5.07666,False,10
339,1.05527,5.04831,False,10
340,1.0,1.0587,True,10
341,1.0,5.05618,True,10
342,6.08123,1.14341,False,10
343,1.0,1.0,True,10
346,1.1002,5.04778,False,10
347,1.12632,6.05996,False,10
348,1.10491,5.05914,False,10
349,1.01909,5.04174,False,10
350,1.147,4.0849,False,10
351,1.13043,5.09336,False,10
352,1.14045,4.01484,False,10
353,4.08308,7.03931,False,10
354,4.0834,5.06021,False,10
355,1.08454,3.06931,False,10
357,1.04994,4.06714,False,10
358,1.07498,3.11188,False,10
359,1.11178,3.04112,False,10
361,1.0698,5.08844,False,10
363,5.10877,5.10153,False,10
364,5.08141,5.08086,False,10
365,1.04589,3.00243,False,10
366,1.0838,1.14215,False,10
367,5.09394,5.07985,False,10
370,1.09952,3.13364,False,10
371,1.14317,3.12376,False,10
372,1.1473200000000001,6.02068,False,10
373,1.1386,1.1464699999999999,False,10
374,1.02228,7.11581,False,10
375,1.00343,1.09459,False,10
376,1.14628,1.05384,False,10
377,1.01169,1.0794,False,10
378,3.12233,3.10222,False,10
379,3.10256,1.14294,False,10
380,4.11409,3.01033,False,10
381,1.12963,1.14248,False,10
383,1.10411,5.13208,False,10
384,1.14534,5.04956,False,10
385,1.00558,5.13685,False,10
386,1.00073,5.1259,False,10
387,1.0126,4.14279,False,10
388,1.00296,1.09329,False,10
389,1.09025,2.07762,False,10
390,1.02242,5.07872,False,10
391,1.05883,3.07131,False,10
394,1.03416,5.10742,False,10
395,5.02923,1.14418,False,10
396,5.12911,1.13302,False,10
397,5.0831,1.01947,False,10
398,5.09256,3.08722,False,10
403,1.0779,4.03359,False,10
404,5.12706,4.10459,False,10
405,5.06554,1.05541,False,10
406,1.00339,1.0,False,10
407,4.06787,3.09023,False,10
408,1.0,1.07465,True,10
412,5.00637,6.093,False,10
413,5.00074,1.14517,False,10
414,5.00572,6.06981,False,10
415,5.04456,3.01591,False,10
416,3.14462,3.02091,False,10
417,1.14359,3.09003,False,10
418,5.10504,5.0991,False,10
419,3.10298,5.00425,False,10
420,3.1195,3.09722,False,10
421,3.06009,5.00559,False,10
422,3.10657,3.00449,False,10
423,1.13811,3.0736,False,10
425,1.04718,7.13167,False,10
426,1.08791,4.09842,False,10
427,1.11519,1.14349,False,10
428,3.07104,3.06199,False,10
429,3.04187,3.06307,False,10
1,1.06396,3.04653,False,11
3,1.03057,1.05739,False,11
5,1.03275,7.03264,False,11
6,1.08487,3.02696,False,11
7,1.01967,1.0,False,11
9,1.00926,1.13529,False,11
10,1.02426,1.10325,False,11
11,1.04289,1.0,False,11
13,1.11602,1.14411,False,11
17,1.05382,4.02579,False,11
18,1.06787,1.07921,False,11
19,1.0,3.11344,True,11
21,1.10218,4.05427,False,11
22,1.12991,1.1259299999999999,False,11
25,1.0329,4.0839,False,11
29,1.00305,1.14685,False,11
30,1.12019,1.1433200000000001,False,11
69,1.00255,4.1338,False,11
70,3.01949,3.02874,False,11
71,1.09829,3.11865,False,11
72,3.12295,3.12294,False,11
73,3.00923,3.01703,False,11
74,3.04588,3.03931,False,11
75,4.00016,3.12915,False,11
76,1.12269,3.03722,False,11
77,3.02106,1.13939,False,11
78,1.09303,3.1327,False,11
79,1.127,1.14562,False,11
82,1.00577,4.12186,False,11
83,1.09851,3.08872,False,11
84,3.01235,1.0,False,11
85,1.09147,1.0,False,11
86,1.0,4.11179,True,11
91,1.03161,1.13594,False,11
92,1.1207799999999999,1.14476,False,11
93,1.12576,3.0672,False,11
95,1.06122,1.12999,False,11
98,1.07496,5.07291,False,11
99,2.03064,5.06715,False,11
100,1.10272,6.12777,False,11
101,1.05251,3.03954,False,11
103,1.14595,5.05878,False,11
104,1.10854,5.02194,False,11
106,1.08083,5.08102,False,11
107,1.0149,6.14496,False,11
109,1.13824,4.07464,False,11
110,1.1077,3.01535,False,11
111,1.00817,3.04997,False,11
112,1.04356,2.04638,False,11
113,1.07984,3.12878,False,11
114,1.00654,1.12325,False,11
115,1.07527,1.10496,False,11
116,1.01123,3.0615,False,11
117,1.04415,1.14344,False,11
118,1.04283,3.10295,False,11
120,1.0052,4.12692,False,11
121,1.01554,1.14213,False,11
122,1.00299,1.14623,False,11
123,1.00325,1.12309,False,11
124,1.00475,7.04335,False,11
125,5.00214,4.11846,False,11
126,5.04993,5.13279,False,11
127,1.0788,4.0168,False,11
128,1.02396,5.08608,False,11
129,1.14627,5.14538,False,11
130,5.1266,5.1142900000000004,False,11
131,1.11526,1.0738,False,11
133,1.00782,1.14674,False,11
134,1.00058,1.09159,False,11
135,1.02446,1.13487,False,11
136,1.02929,1.14119,False,11
137,1.05785,1.0516,False,11
139,1.02638,1.0562,False,11
140,1.01891,1.1116,False,11
141,1.08409,1.07722,False,11
142,1.0032,1.10292,False,11
143,1.01022,1.12241,False,11
144,1.00496,6.02089,False,11
145,1.0,5.06997,True,11
146,1.0,1.0,True,11
147,1.02837,1.0,False,11
148,1.0,1.0,True,11
149,1.0,3.0994099999999998,True,11
150,5.10388,1.0,False,11
151,1.0,1.11765,True,11
153,1.1221700000000001,1.14634,False,11
154,1.0830899999999999,5.07712,False,11
155,1.00774,7.01952,False,11
156,1.07898,1.14245,False,11
157,1.00767,1.14544,False,11
158,1.08605,3.12852,False,11
159,1.00347,3.09077,False,11
160,1.04061,3.03128,False,11
161,1.01279,3.10729,False,11
162,4.11117,4.08702,False,11
164,1.00242,7.11756,False,11
165,5.13059,1.09678,False,11
166,5.1359,5.10863,False,11
167,1.06015,1.00189,False,11
168,5.10858,1.0,False,11
169,5.13994,5.13717,False,11
173,1.08881,4.10154,False,11
175,1.0578,1.05815,False,11
176,1.09689,1.11798,False,11
177,1.10274,5.14701,False,11
178,4.00229,6.00085,False,11
179,1.11516,5.12948,False,11
180,2.01977,5.08769,False,11
181,3.06123,5.09243,False,11
182,1.14669,5.01865,False,11
183,1.12738,5.12364,False,11
184,1.10576,7.08489,False,11
185,1.1461999999999999,5.04452,False,11
186,1.08685,7.04165,False,11
188,1.00266,5.09402,False,11
189,4.09473,6.13418,False,11
190,3.00854,3.09687,False,11
191,1.08381,5.05933,False,11
192,1.11727,5.1204,False,11
193,6.11115,5.10727,False,11
194,1.11309,5.06781,False,11
195,1.14185,3.10745,False,11
197,1.00195,5.14687,False,11
198,1.12936,5.1105,False,11
199,1.14739,5.09238,False,11
200,1.13719,1.13481,False,11
201,1.09805,1.13673,False,11
202,7.05894,7.02764,False,11
203,1.14614,5.12802,False,11
204,1.12671,5.08164,False,11
206,1.00307,5.0298,False,11
207,1.1298,3.02644,False,11
208,1.026,1.14023,False,11
209,3.01148,3.0714,False,11
210,3.02527,3.07987,False,11
211,3.06273,3.02924,False,11
212,1.10817,1.13107,False,11
213,1.05341,3.10119,False,11
216,1.11944,6.04612,False,11
217,1.1311499999999999,4.07485,False,11
218,1.10478,5.08282,False,11
219,1.14575,5.09833,False,11
222,1.12098,3.13062,False,11
225,4.07548,3.07542,False,11
226,1.09522,5.05859,False,11
227,4.13194,7.0741,False,11
229,3.11569,4.11225,False,11
230,3.05467,3.11231,False,11
233,1.01872,5.14282,False,11
234,3.10452,5.0938,False,11
235,3.01867,5.09545,False,11
236,1.04176,1.13853,False,11
237,1.0888,1.14113,False,11
242,1.00638,4.06726,False,11
243,1.11116,1.05225,False,11
251,4.10139,4.09787,False,11
252,1.11455,3.10444,False,11
253,1.00012,5.08004,False,11
254,1.00359,1.09583,False,11
255,1.05537,3.12737,False,11
256,1.06877,5.06424,False,11
257,1.00518,5.02461,False,11
258,1.13408,3.06417,False,11
259,3.02457,1.13446,False,11
260,1.0071,1.11279,False,11
262,1.00631,6.11348,False,11
263,1.00505,1.14714,False,11
264,1.09158,4.05638,False,11
265,1.14097,1.13763,False,11
270,3.00079,1.13282,False,11
271,1.10277,3.05798,False,11
272,1.09752,1.14616,False,11
273,1.06394,1.13427,False,11
274,1.09478,1.12334,False,11
275,3.04724,1.14076,False,11
280,1.02475,1.1473,False,11
289,1.05861,4.14652,False,11
290,1.11008,1.14117,False,11
291,1.14566,1.14286,False,11
292,1.1329799999999999,1.1062400000000001,False,11
293,5.0005,6.00903,False,11
294,5.00929,1.14104,False,11
295,5.01903,6.12951,False,11
296,5.02236,1.02682,False,11
297,1.10433,5.12786,False,11
298,1.01913,5.11585,False,11
299,1.06929,4.06943,False,11
300,1.10603,5.06684,False,11
301,1.03043,3.06495,False,11
302,1.03104,5.14712,False,11
303,1.08064,3.1184,False,11
308,1.00264,6.04601,False,11
317,1.03034,5.12202,False,11
318,1.07901,6.00662,False,11
319,1.0284,5.13272,False,11
320,1.05591,2.06637,False,11
321,1.05182,4.04471,False,11
322,1.04379,3.09816,False,11
323,1.06114,3.01725,False,11
324,1.01206,3.12047,False,11
325,1.03741,5.12034,False,11
326,1.02719,3.03953,False,11
328,1.06077,5.10002,False,11
329,1.14568,6.03502,False,11
330,1.11363,5.12859,False,11
331,1.06682,5.14003,False,11
332,1.11893,5.10423,False,11
333,3.01516,5.10549,False,11
334,1.12229,1.13944,False,11
335,1.10957,5.14203,False,11
336,1.04375,5.1151,False,11
337,1.12862,5.13321,False,11
339,1.05287,5.03692,False,11
340,1.0,1.05648,True,11
341,1.0,5.0983,True,11
342,6.00672,1.08701,False,11
343,1.0,1.0,True,11
346,1.10128,5.14523,False,11
347,1.12388,6.1381499999999996,False,11
348,1.07781,5.00758,False,11
349,1.03326,5.11535,False,11
350,1.14355,4.02072,False,11
351,1.12919,5.02179,False,11
352,1.1081,4.0296,False,11
353,4.01041,7.06007,False,11
354,4.0833,5.14577,False,11
355,1.07646,3.14039,False,11
357,1.0493,4.07281,False,11
358,1.08858,3.10723,False,11
359,1.12416,3.01567,False,11
361,1.10237,5.14281,False,11
363,5.08354,5.0495,False,11
364,5.1366,5.13467,False,11
365,1.11264,3.06546,False,11
366,1.11737,1.11643,False,11
367,5.02027,5.1271,False,11
370,1.10394,3.10714,False,11
371,1.14428,3.05959,False,11
372,1.13712,6.00777,False,11
373,1.11917,1.1376,False,11
374,1.01212,7.13312,False,11
375,1.0861399999999999,1.04187,False,11
376,1.06465,1.1066,False,11
377,1.04953,1.08834,False,11
378,3.07258,3.09428,False,11
379,3.14319,1.14415,False,11
380,4.06164,3.05573,False,11
381,1.09766,1.12591,False,11
383,1.08714,5.04624,False,11
384,1.13996,5.1377,False,11
385,1.0054400000000001,5.14546,False,11
386,1.04334,5.01088,False,11
387,1.07605,4.11503,False,11
388,1.03188,1.12102,False,11
389,1.06179,2.06341,False,11
390,1.03622,2.07138,False,11
391,1.03068,3.05137,False,11
394,1.0072,5.14212,False,11
395,5.00713,1.11166,False,11
396,5.11161,1.0236,False,11
397,5.10989,1.14641,False,11
398,5.09302,3.06514,False,11
403,1.0602800000000001,4.03718,False,11
404,5.1085,4.04708,False,11
405,5.05164,1.00954,False,11
406,1.01498,1.0,False,11
407,4.04631,3.00573,False,11
408,1.0,1.08537,True,11
412,5.00038,6.06734,False,11
413,5.0034,1.1473200000000001,False,11
414,5.0142,6.1452,False,11
415,5.00034,3.14493,False,11
416,3.10763,3.08207,False,11
417,1.12598,3.04339,False,11
418,5.0774,5.06289,False,11
419,3.13968,5.14228,False,11
420,3.12965,3.05489,False,11
421,3.10107,5.10562,False,11
422,1.12894,5.13746,False,11
423,1.1121,3.09782,False,11
425,1.08188,7.02386,False,11
426,1.08273,4.11738,False,11
427,1.11169,1.14273,False,11
428,3.13243,3.12005,False,11
429,3.0292,3.06016,False,11
1,1.08334,3.07208,False,12
3,1.05571,1.01154,False,12
5,1.06171,7.07173,False,12
6,1.06602,3.06166,False,12
7,1.01104,1.0,False,12
9,1.01938,1.12198,False,12
10,1.0098799999999999,1.10481,False,12
11,1.06357,1.0,False,12
13,1.13664,1.13368,False,12
17,1.08084,3.04906,False,12
18,1.04167,1.10236,False,12
19,1.0,3.0057,True,12
21,1.08534,3.06117,False,12
22,1.11604,1.13438,False,12
25,1.0586,4.06115,False,12
29,1.01724,1.1419,False,12
30,1.10593,1.11816,False,12
69,1.00176,4.13423,False,12
70,3.02848,3.0691100000000002,False,12
71,1.08536,3.05613,False,12
72,3.08034,3.07771,False,12
73,3.04505,3.03518,False,12
74,3.04997,3.04499,False,12
75,4.04578,3.13892,False,12
76,1.12798,3.03345,False,12
77,3.01178,1.14661,False,12
78,1.11194,4.05289,False,12
79,1.1313,3.0119,False,12
82,1.02603,4.05541,False,12
83,1.06382,3.10222,False,12
84,3.06061,1.0,False,12
85,1.0,1.14594,True,12
86,1.0,4.06416,True,12
91,1.03459,1.14471,False,12
92,1.09667,3.00043,False,12
93,1.13264,3.10946,False,12
95,1.08978,1.14148,False,12
98,1.08313,5.08401,False,12
99,2.0494,5.10864,False,12
100,1.12683,6.12006,False,12
101,1.07428,3.11287,False,12
103,1.13354,5.10776,False,12
104,1.10469,5.06699,False,12
106,1.03904,5.05758,False,12
107,1.01204,6.06628,False,12
109,1.1356600000000001,4.04535,False,12
110,1.11167,3.14554,False,12
111,1.00678,3.1355,False,12
112,1.03262,2.10851,False,12
113,1.01852,3.07187,False,12
114,1.01421,1.14439,False,12
115,1.02694,1.13498,False,12
116,1.00307,3.0489,False,12
117,1.07088,1.12977,False,12
118,1.04363,3.14619,False,12
120,1.00637,4.02498,False,12
121,1.00221,1.14412,False,12
122,1.00071,1.1439,False,12
123,1.00143,1.14181,False,12
124,1.00047,7.14255,False,12
125,5.02956,4.08839,False,12
126,5.06301,5.11597,False,12
127,1.0814300000000001,4.05528,False,12
128,1.00511,5.04631,False,12
129,1.13835,5.03125,False,12
130,5.05839,5.0449,False,12
131,1.08085,1.03032,False,12
133,1.01569,1.14304,False,12
134,1.01716,1.10265,False,12
135,1.10101,1.13869,False,12
136,1.06262,1.10696,False,12
137,1.0,1.10928,True,12
139,1.03294,1.06501,False,12
140,1.02692,1.06212,False,12
141,1.08358,1.11691,False,12
142,1.08845,1.04503,False,12
143,1.00817,1.12133,False,12
144,1.05769,1.12877,False,12
145,1.0,5.12774,True,12
146,1.0,1.0,True,12
147,1.05517,1.0,False,12
148,1.0,1.0,True,12
149,1.0,3.00056,True,12
150,5.03487,1.0,False,12
151,1.0,1.04291,True,12
153,1.13753,1.14545,False,12
154,1.11037,5.14218,False,12
155,1.01889,7.11586,False,12
156,1.09123,3.08036,False,12
157,1.01885,1.12737,False,12
158,1.00584,3.12389,False,12
159,1.03203,3.02119,False,12
160,1.0611,3.01857,False,12
161,1.07097,3.11967,False,12
162,4.02341,4.11415,False,12
164,1.01314,7.06109,False,12
165,5.02029,1.08366,False,12
166,5.12778,5.12265,False,12
167,1.05273,1.01417,False,12
168,5.00517,1.0,False,12
169,5.10658,5.08065,False,12
173,1.10272,3.11928,False,12
175,1.0541,1.0802,False,12
176,1.03328,1.11618,False,12
177,1.11345,5.13573,False,12
178,4.0015,5.1087,False,12
179,1.11503,5.14421,False,12
180,2.00872,5.12273,False,12
181,3.03429,5.07061,False,12
182,1.12968,5.01534,False,12
183,1.1166,5.07082,False,12
184,1.1052,7.06216,False,12
185,1.13839,5.12905,False,12
186,1.11789,7.1276,False,12
188,1.0072,5.13145,False,12
189,4.04628,6.01545,False,12
190,1.14573,3.14527,False,12
191,1.07606,5.13853,False,12
192,1.13321,5.14589,False,12
193,6.05355,5.01644,False,12
194,1.11728,5.02718,False,12
195,1.13638,3.01021,False,12
197,1.0207,5.10314,False,12
198,1.12077,5.0679,False,12
199,1.11926,4.08529,False,12
200,1.14309,1.12891,False,12
201,1.1301,1.14059,False,12
202,7.05871,7.02871,False,12
203,4.05529,5.13439,False,12
204,1.03545,5.0842,False,12
206,1.01074,5.09672,False,12
207,1.13582,3.05493,False,12
208,1.06048,1.1424400000000001,False,12
209,3.01637,3.06506,False,12
210,3.00813,3.08557,False,12
211,3.05812,3.00064,False,12
212,1.06673,1.12361,False,12
213,1.08744,3.05667,False,12
216,1.09399,6.02088,False,12
217,1.13601,4.02324,False,12
218,1.09696,5.08793,False,12
219,1.14033,5.05132,False,12
222,1.10882,3.06763,False,12
225,4.01634,3.1181200000000002,False,12
226,1.09074,5.14632,False,12
227,4.00473,7.10323,False,12
229,3.10728,4.00903,False,12
230,3.03756,3.07924,False,12
233,1.03232,5.1282,False,12
234,3.04662,5.06134,False,12
235,3.04083,3.00981,False,12
236,1.00023,1.10192,False,12
237,1.13433,1.1373199999999999,False,12
242,1.0005,4.1402,False,12
243,1.11632,1.09783,False,12
251,4.09838,4.09042,False,12
252,1.1162,3.09229,False,12
253,1.00664,5.10885,False,12
254,1.04903,1.0905,False,12
255,1.01523,3.08503,False,12
256,1.05203,5.10431,False,12
257,1.01612,5.00936,False,12
258,1.05105,3.04978,False,12
259,3.03853,1.14131,False,12
260,1.10577,1.05119,False,12
262,1.00525,6.09191,False,12
263,1.01505,1.14336,False,12
264,1.09454,4.12237,False,12
265,1.07291,1.14109,False,12
270,3.03483,1.13823,False,12
271,1.09093,3.10918,False,12
272,1.12179,1.13711,False,12
273,1.07179,1.14503,False,12
274,1.09917,1.13206,False,12
275,3.03047,1.13611,False,12
280,1.01406,1.14618,False,12
289,1.06552,4.13411,False,12
290,1.0963,1.1362,False,12
291,1.13677,1.14283,False,12
292,1.07897,1.11347,False,12
293,5.00528,6.06818,False,12
294,5.01029,5.05263,False,12
295,5.01564,6.07984,False,12
296,5.05291,1.07457,False,12
297,1.14166,5.06922,False,12
298,1.02537,5.07265,False,12
299,1.08041,4.05963,False,12
300,1.0597,5.12201,False,12
301,1.01826,3.11889,False,12
302,1.09757,5.14483,False,12
303,1.12491,3.12498,False,12
308,1.01706,6.10861,False,12
317,1.04001,5.05801,False,12
318,1.07512,6.0822,False,12
319,1.07745,5.1466899999999995,False,12
320,1.0453,5.12359,False,12
321,1.03838,4.0815,False,12
322,1.038,3.1163,False,12
323,1.03096,3.10739,False,12
324,1.02865,3.13399,False,12
325,1.06286,5.02315,False,12
326,1.04273,3.13669,False,12
328,1.09116,5.05861,False,12
329,1.13285,6.10169,False,12
330,1.12296,5.14617,False,12
331,1.07092,5.08298,False,12
332,1.14563,5.10138,False,12
333,3.11195,5.09444,False,12
334,1.1018,1.1031900000000001,False,12
335,1.11601,5.06116,False,12
336,1.07245,5.11302,False,12
337,1.07804,5.1146,False,12
339,1.06422,5.04054,False,12
340,1.0,1.04212,True,12
341,1.0,5.07203,True,12
342,6.05765,1.14524,False,12
343,1.0,1.0,True,12
346,1.09926,3.11672,False,12
347,1.12551,6.11899,False,12
348,1.09526,5.03615,False,12
349,1.0142,5.11702,False,12
350,1.12386,4.13375,False,12
351,1.13243,5.11916,False,12
352,1.13755,4.03609,False,12
353,4.12739,7.08506,False,12
354,4.12309,5.13563,False,12
355,1.08095,3.14186,False,12
357,1.05899,4.14072,False,12
358,1.06687,3.09282,False,12
359,1.1257,3.00343,False,12
361,1.09165,5.07164,False,12
363,5.12468,5.11868,False,12
364,5.12318,5.07423,False,12
365,1.0222,3.09964,False,12
366,1.106,1.10824,False,12
367,5.07163,5.06533,False,12
370,1.09786,3.13787,False,12
371,1.14542,4.00344,False,12
372,1.14306,6.02846,False,12
373,1.08023,1.142,False,12
374,1.0008,7.10327,False,12
375,1.13132,1.02067,False,12
376,1.02505,1.07201,False,12
377,1.01091,1.02447,False,12
378,3.08016,3.07258,False,12
379,3.04102,1.12461,False,12
380,4.03898,3.05789,False,12
381,1.13578,1.13857,False,12
383,1.04442,5.07583,False,12
384,1.13972,5.14015,False,12
385,1.00348,5.13103,False,12
386,1.03325,5.07602,False,12
387,1.00908,4.09222,False,12
388,1.01586,1.14031,False,12
389,1.08745,2.0146,False,12
390,1.01443,5.09041,False,12
391,1.02365,3.11874,False,12
394,1.01045,5.07189,False,12
395,5.02205,1.07157,False,12
396,5.13114,1.12056,False,12
397,5.0295,1.13268,False,12
398,5.01129,3.10212,False,12
403,1.04209,4.12638,False,12
404,5.08145,4.05689,False,12
405,5.0472,1.09512,False,12
406,1.00794,1.1091,False,12
407,4.02085,3.10702,False,12
408,1.0,1.06208,True,12
412,5.00265,6.11828,False,12
413,5.00123,5.13778,False,12
414,5.01767,6.09947,False,12
415,5.02305,3.00179,False,12
416,3.10451,3.01863,False,12
417,1.14416,3.06682,False,12
418,5.09476,5.08945,False,12
419,3.08248,5.07218,False,12
420,3.08057,3.03204,False,12
421,3.05354,5.03401,False,12
422,1.13,5.14648,False,12
423,1.12992,3.0862600000000002,False,12
425,1.10376,7.02265,False,12
426,1.06976,4.06956,False,12
427,1.11221,1.13745,False,12
428,3.12207,3.03529,False,12
429,3.12996,3.13269,False,12
1,1.07757,3.14213,False,13
3,1.03353,1.01477,False,13
5,1.05769,7.14678,False,13
6,1.06873,3.05436,False,13
7,1.00594,1.0,False,13
9,1.02863,1.13613,False,13
10,1.02445,1.13525,False,13
11,1.09829,1.0,False,13
13,1.12443,1.11805,False,13
17,1.03786,4.05903,False,13
18,1.0731,1.07784,False,13
19,1.0,3.02446,True,13
21,1.08367,4.13991,False,13
22,1.13166,1.13552,False,13
25,1.03508,4.10496,False,13
29,1.02204,1.14441,False,13
30,1.10638,1.1305,False,13
69,1.00199,4.10884,False,13
70,3.00962,3.0761,False,13
71,1.08734,3.10431,False,13
72,3.10128,3.07381,False,13
73,3.00027,3.10209,False,13
74,3.06434,3.04206,False,13
75,4.03367,3.14625,False,13
76,1.1457,3.14502,False,13
77,3.02761,1.13542,False,13
78,1.10547,4.12043,False,13
79,1.13032,3.04119,False,13
82,1.06658,4.04879,False,13
83,1.02817,3.09473,False,13
84,3.05017,1.0,False,13
85,1.0,1.01639,True,13
86,1.0,4.02044,True,13
91,1.03141,1.14469,False,13
92,1.11557,3.10735,False,13
93,1.10603,3.09053,False,13
95,1.04362,1.14715,False,13
98,1.07525,5.01156,False,13
99,2.05013,5.14501,False,13
100,1.10894,6.07178,False,13
101,1.03062,3.10283,False,13
103,1.10062,5.11859,False,13
104,1.0512299999999999,5.03605,False,13
106,1.06479,5.03659,False,13
107,1.0178,6.07745,False,13
109,1.12282,4.00999,False,13
110,1.1131199999999999,3.08733,False,13
111,1.04637,3.08722,False,13
112,1.03215,2.10275,False,13
113,1.07834,3.14589,False,13
114,1.01085,1.13603,False,13
115,1.03149,1.14097,False,13
116,1.00894,3.06262,False,13
117,1.04843,1.14444,False,13
118,1.02429,3.10905,False,13
120,1.00055,4.09326,False,13
121,1.0076,1.14616,False,13
122,1.00174,1.14215,False,13
123,1.00338,1.09042,False,13
124,1.00227,7.06319,False,13
125,5.00895,4.10304,False,13
126,5.01339,5.07273,False,13
127,1.12118,4.06708,False,13
128,1.08502,5.03779,False,13
129,1.1391499999999999,5.047,False,13
130,5.09641,5.07284,False,13
131,1.0414,1.10495,False,13
133,1.01426,1.1401,False,13
134,1.05284,1.08876,False,13
135,1.00079,1.1384400000000001,False,13
136,1.05292,1.10971,False,13
137,1.0,1.13219,True,13
139,1.06687,1.10376,False,13
140,1.13389,1.14581,False,13
141,1.02448,1.04271,False,13
142,1.00396,1.13669,False,13
143,1.04688,1.14725,False,13
144,1.13652,1.08855,False,13
145,1.0,5.13095,True,13
146,1.0,1.0,True,13
147,1.05207,1.0,False,13
148,1.0,1.0,True,13
149,1.0,3.07838,True,13
150,5.0867,1.0,False,13
151,1.0,1.02401,True,13
153,1.11841,1.12793,False,13
154,1.12142,5.07108,False,13
155,1.03138,7.02637,False,13
156,1.13829,1.13745,False,13
157,1.02277,1.14257,False,13
158,1.01766,3.06898,False,13
159,1.02905,3.1174,False,13
160,1.06163,3.02528,False,13
161,1.07044,3.0978,False,13
162,4.07915,4.03871,False,13
164,1.01172,7.03518,False,13
165,5.05654,1.10444,False,13
166,5.06284,5.02639,False,13
167,1.11082,1.03336,False,13
168,5.09299,1.0,False,13
169,5.10383,5.07799,False,13
173,1.09881,4.03959,False,13
175,1.09677,1.09041,False,13
176,1.10377,1.09723,False,13
177,1.1163,5.1283,False,13
178,4.03459,6.13771,False,13
179,1.14449,5.12723,False,13
180,2.00242,5.02993,False,13
181,3.08372,5.12408,False,13
182,1.14399,5.01319,False,13
183,1.08506,5.13444,False,13
184,1.09106,7.00714,False,13
185,1.10708,5.03124,False,13
186,1.11545,7.00219,False,13
188,1.00047,5.14514,False,13
189,4.132,6.0304,False,13
190,1.12906,3.14243,False,13
191,1.07417,5.08325,False,13
192,1.12574,5.1266,False,13
193,6.03467,5.01351,False,13
194,1.10393,5.06409,False,13
195,1.0822,3.14461,False,13
197,1.00641,5.14377,False,13
198,1.14156,5.04359,False,13
199,1.1315,4.07048,False,13
200,1.13474,1.1451,False,13
201,1.10621,1.11416,False,13
202,7.08269,7.11695,False,13
203,4.04621,5.13792,False,13
204,1.09424,5.05973,False,13
206,1.00111,5.05754,False,13
207,1.12939,3.05136,False,13
208,1.08255,1.13419,False,13
209,3.00789,3.08085,False,13
210,3.08603,3.07055,False,13
211,3.12735,3.08992,False,13
212,1.07846,1.11371,False,13
213,1.08653,3.0321,False,13
216,1.1134,6.00944,False,13
217,1.1375899999999999,4.13601,False,13
218,1.12753,5.03422,False,13
219,1.1280000000000001,5.02847,False,13
222,1.1151200000000001,3.00012,False,13
225,4.01916,3.14311,False,13
226,1.05702,5.04127,False,13
227,4.02868,7.04603,False,13
229,3.12374,4.06234,False,13
230,3.09055,3.1149,False,13
233,1.00331,5.12094,False,13
234,3.03808,5.01151,False,13
235,3.10536,5.01076,False,13
236,1.0693,1.12561,False,13
237,1.14278,1.13578,False,13
242,1.00485,4.13594,False,13
243,1.11815,1.07497,False,13
251,4.04949,4.12976,False,13
252,1.11666,3.13121,False,13
253,1.0395,5.00735,False,13
254,1.04733,1.0898,False,13
255,1.02558,3.14248,False,13
256,1.04683,5.12924,False,13
257,1.00921,5.14008,False,13
258,1.0778,3.05931,False,13
259,3.06293,1.07467,False,13
260,1.06707,1.12246,False,13
262,1.00521,6.11285,False,13
263,1.03965,1.14326,False,13
264,1.13182,4.05971,False,13
265,1.14518,1.1091,False,13
270,3.05647,1.14092,False,13
271,1.13158,3.05003,False,13
272,1.1379299999999999,1.13066,False,13
273,1.1123,1.11933,False,13
274,1.10423,1.09636,False,13
275,3.03481,1.1347800000000001,False,13
280,1.00104,1.13368,False,13
289,1.08042,4.11731,False,13
290,1.10766,1.14463,False,13
291,1.14665,1.14396,False,13
292,1.05779,1.14683,False,13
293,5.00317,6.1242,False,13
294,5.01178,5.12513,False,13
295,5.0036,6.04344,False,13
296,5.04077,5.04293,False,13
297,1.11832,5.13338,False,13
298,1.01919,5.09375,False,13
299,1.03433,4.03631,False,13
300,1.09034,5.12414,False,13
301,1.03771,3.12601,False,13
302,1.0628,5.10695,False,13
303,1.08672,3.11671,False,13
308,1.01827,6.02567,False,13
317,1.0012,5.00373,False,13
318,1.10521,6.09221,False,13
319,1.09171,5.13485,False,13
320,1.01932,2.14387,False,13
321,1.04259,4.13958,False,13
322,1.01485,3.03861,False,13
323,1.04887,3.12739,False,13
324,1.01798,3.14171,False,13
325,1.03314,5.11411,False,13
326,1.00835,3.1085,False,13
328,1.0651,5.07702,False,13
329,1.14155,6.12397,False,13
330,1.10181,5.14091,False,13
331,1.03634,3.09425,False,13
332,1.10948,5.14718,False,13
333,3.14231,5.1314,False,13
334,1.12222,1.13715,False,13
335,1.09417,5.01966,False,13
336,1.03024,5.04322,False,13
337,1.09201,5.0994,False,13
339,1.0979,5.00524,False,13
340,1.0,1.11517,True,13
341,1.0,5.10098,True,13
342,6.10155,1.05439,False,13
343,1.0,1.0,True,13
346,1.1161,5.05448,False,13
347,1.13407,6.113,False,13
348,1.08131,5.08861,False,13
349,1.00507,5.05884,False,13
350,1.13775,4.14087,False,13
351,1.13327,5.11164,False,13
352,1.03906,4.10016,False,13
353,4.04889,7.08074,False,13
354,4.07391,5.09503,False,13
355,1.04618,3.13173,False,13
357,1.07719,4.11742,False,13
358,1.0766499999999999,3.07598,False,13
359,1.12564,3.12112,False,13
361,1.09035,5.02196,False,13
363,5.05247,5.04726,False,13
364,5.13816,5.13811,False,13
365,1.09774,3.08631,False,13
366,1.08493,1.09104,False,13
367,5.03798,5.1151,False,13
370,1.08016,3.14381,False,13
371,1.13945,3.09392,False,13
372,1.14208,6.01768,False,13
373,1.08673,1.14426,False,13
374,1.05055,7.09699,False,13
375,1.04624,1.1454900000000001,False,13
376,1.0443500000000001,1.12026,False,13
377,1.11527,1.13155,False,13
378,3.1332,3.11831,False,13
379,3.0503,1.14685,False,13
380,4.02594,3.14495,False,13
381,1.12756,1.1076,False,13
383,1.08535,5.13633,False,13
384,1.1411,5.14657,False,13
385,1.00776,5.14499,False,13
386,1.00155,5.05954,False,13
387,1.00401,4.04354,False,13
388,1.00018,1.12909,False,13
389,1.03902,2.10135,False,13
390,1.00297,2.0436,False,13
391,1.01195,3.00063,False,13
394,1.00076,5.05206,False,13
395,5.06549,1.1049,False,13
396,5.02227,1.1064,False,13
397,5.01633,1.08607,False,13
398,5.10077,3.02265,False,13
403,1.03164,4.05369,False,13
404,5.08003,4.13796,False,13
405,5.02527,1.04082,False,13
406,1.04047,1.02098,False,13
407,4.14423,3.14401,False,13
408,1.0,1.06003,True,13
412,5.00026,6.12736,False,13
413,5.00106,5.13999,False,13
414,5.01877,6.05069,False,13
415,5.01194,3.11452,False,13
416,3.09391,3.03195,False,13
417,1.13213,3.12703,False,13
418,5.06464,5.04409,False,13
419,3.1197,5.08179,False,13
420,3.12378,3.02727,False,13
421,3.0903,5.12632,False,13
422,3.0606,3.03806,False,13
423,1.1261700000000001,3.11813,False,13
425,1.00983,1.0942,False,13
426,1.06181,4.10529,False,13
427,1.1203,1.1402,False,13
428,3.07739,3.13042,False,13
429,3.03351,3.0557,False,13
1,1.06315,3.13411,False,14
3,1.09806,1.01804,False,14
5,1.06898,7.08219,False,14
6,1.09865,3.00963,False,14
7,1.00224,1.0,False,14
9,1.00417,1.13354,False,14
10,1.0593,1.06212,False,14
11,1.07738,1.0,False,14
13,1.11769,1.11465,False,14
17,1.03185,3.04518,False,14
18,1.0541,1.05186,False,14
19,1.0,3.09979,True,14
21,1.07592,3.04701,False,14
22,1.12969,1.13683,False,14
25,1.04818,4.12802,False,14
29,1.02078,1.14505,False,14
30,1.07051,1.14207,False,14
69,1.00629,4.12506,False,14
70,3.04355,3.13149,False,14
71,1.10367,3.10104,False,14
72,3.05322,3.07396,False,14
73,3.02278,3.01983,False,14
74,3.06025,3.04689,False,14
75,4.00061,3.14652,False,14
76,1.13375,3.1182,False,14
77,3.01637,1.14416,False,14
78,1.09981,3.00894,False,14
79,1.12252,3.11669,False,14
82,1.03154,4.13755,False,14
83,1.1274899999999999,1.09779,False,14
84,3.08693,1.0,False,14
85,1.0,1.03481,True,14
86,1.0,4.0376,True,14
91,1.03076,1.14157,False,14
92,1.10631,3.11476,False,14
93,1.1252900000000001,3.1193400000000002,False,14
95,1.05327,1.13798,False,14
98,1.0807,5.11597,False,14
99,2.03785,5.12594,False,14
100,1.1108500000000001,6.09603,False,14
101,1.05409,3.06691,False,14
103,1.12433,5.0198,False,14
104,1.11567,5.07598,False,14
106,1.0649,5.03926,False,14
107,1.00419,6.04488,False,14
109,1.11837,4.13344,False,14
110,1.11491,3.11477,False,14
111,1.01921,3.13625,False,14
112,1.02813,2.11758,False,14
113,1.08137,3.05722,False,14
114,1.00553,1.12098,False,14
115,1.09861,1.14543,False,14
116,1.0334699999999999,3.08392,False,14
117,1.08795,1.12165,False,14
118,1.00844,3.13296,False,14
120,1.00326,4.14466,False,14
121,1.0093,1.14474,False,14
122,1.01741,1.14081,False,14
123,1.00181,1.09966,False,14
124,1.02983,7.11761,False,14
125,5.00011,4.06698,False,14
126,5.10625,5.1413,False,14
127,1.09864,4.01643,False,14
128,1.02485,5.14053,False,14
129,1.14485,5.09569,False,14
130,5.11846,5.11763,False,14
131,1.03491,1.07822,False,14
133,1.01912,1.14562,False,14
134,1.00691,1.11392,False,14
135,1.10983,1.14247,False,14
136,1.0333,1.12946,False,14
137,1.07692,1.1085,False,14
139,1.07978,1.1159,False,14
140,1.00083,1.10116,False,14
141,1.12826,1.0722,False,14
142,1.02224,1.12621,False,14
143,1.00747,1.14044,False,14
144,1.12909,1.11376,False,14
145,5.04796,1.0,False,14
146,1.0,1.0,True,14
147,1.05968,1.0,False,14
148,1.0,1.0,True,14
149,1.0,3.03712,True,14
150,5.07365,1.0,False,14
151,1.0,1.07248,True,14
153,1.12451,1.14491,False,14
154,1.0865,5.11707,False,14
155,1.00425,3.11404,False,14
156,1.09805,1.14382,False,14
157,1.00424,1.14523,False,14
158,1.03219,3.02838,False,14
159,1.06508,3.02213,False,14
160,1.04645,3.04258,False,14
161,1.07557,3.10793,False,14
162,4.14627,4.08167,False,14
164,1.00216,7.11804,False,14
165,5.0824300000000004,1.13864,False,14
166,5.1429,5.13874,False,14
167,1.07537,1.06198,False,14
168,5.07158,1.0,False,14
169,5.13631,5.09919,False,14
173,1.08498,4.12391,False,14
175,1.07326,1.06865,False,14
176,1.07064,1.07982,False,14
177,1.12938,5.1368,False,14
178,4.00398,6.0983,False,14
179,1.14574,5.11869,False,14
180,2.06919,5.09193,False,14
181,3.04186,5.10822,False,14
182,1.14678,5.00805,False,14
183,1.13233,5.05926,False,14
184,1.10654,7.03489,False,14
185,1.14104,5.00393,False,14
186,1.09071,7.0403,False,14
188,1.00781,7.10111,False,14
189,4.10526,6.1234,False,14
190,1.11054,3.01713,False,14
191,1.06286,5.12393,False,14
192,1.144,5.09339,False,14
193,6.12224,5.06947,False,14
194,1.1055,5.06274,False,14
195,1.12616,3.04693,False,14
197,1.00135,5.1430299999999995,False,14
198,1.11108,5.08265,False,14
199,3.02018,4.06575,False,14
200,1.12806,1.08913,False,14
201,1.11831,1.12527,False,14
202,7.02036,7.01688,False,14
203,4.12374,5.14193,False,14
204,1.06902,5.08473,False,14
206,1.00281,5.10543,False,14
207,1.1265,3.09676,False,14
208,1.03983,1.13514,False,14
209,3.04324,3.08375,False,14
210,3.01275,3.14014,False,14
211,3.10363,3.09693,False,14
212,1.08878,1.11428,False,14
213,1.04015,3.13099,False,14
216,1.0994,6.01656,False,14
217,1.14084,4.12642,False,14
218,1.07204,5.06867,False,14
219,3.00945,5.12193,False,14
222,1.09393,3.11126,False,14
225,4.05026,3.12509,False,14
226,1.11519,5.12644,False,14
227,4.01142,7.02004,False,14
229,3.07882,4.05886,False,14
230,3.07656,4.03877,False,14
233,1.03951,5.1216,False,14
234,3.0164,5.02883,False,14
235,3.03646,3.03099,False,14
236,1.04785,1.12001,False,14
237,1.12397,1.09189,False,14
242,1.01571,4.07244,False,14
243,1.12428,1.11471,False,14
251,4.0749,4.12861,False,14
252,1.14155,3.14445,False,14
253,1.00395,5.09523,False,14
254,1.00682,1.11371,False,14
255,1.06103,3.01361,False,14
256,1.00003,5.00518,False,14
257,1.05796,5.1089,False,14
258,1.07275,3.05367,False,14
259,3.04311,1.10834,False,14
260,1.01558,1.12674,False,14
262,1.01577,6.04259,False,14
263,1.02725,1.1465,False,14
264,1.1256599999999999,4.10941,False,14
265,1.12822,1.11713,False,14
270,3.05518,1.13651,False,14
271,1.14321,3.12004,False,14
272,1.12755,1.12914,False,14
273,1.14257,1.14707,False,14
274,1.03589,1.11105,False,14
275,3.0535,1.13943,False,14
280,1.01662,1.07368,False,14
289,1.09346,4.11048,False,14
290,1.11582,1.14453,False,14
291,1.13522,1.14131,False,14
292,1.11188,1.13278,False,14
293,5.02,6.1054,False,14
294,5.01356,5.10918,False,14
295,5.04195,6.0519,False,14
296,5.00287,1.12058,False,14
297,1.11151,5.12655,False,14
298,1.0245,5.09619,False,14
299,1.12628,4.06404,False,14
300,1.07612,5.03214,False,14
301,1.07029,3.05168,False,14
302,1.02185,5.1153,False,14
303,1.13531,3.0964,False,14
308,1.00092,6.08449,False,14
317,1.0219,3.02263,False,14
318,1.07676,6.02159,False,14
319,1.06152,5.1081,False,14
320,1.05511,5.05579,False,14
321,1.05486,4.00162,False,14
322,1.06451,3.02818,False,14
323,1.003,3.03426,False,14
324,1.03122,3.04384,False,14
325,1.05541,5.11708,False,14
326,1.04939,3.07523,False,14
328,1.05831,5.13077,False,14
329,2.11762,6.00582,False,14
330,1.0973600000000001,5.14383,False,14
331,1.06737,3.03602,False,14
332,1.13526,5.13121,False,14
333,3.02859,5.13123,False,14
334,1.10244,1.14386,False,14
335,1.12903,5.09608,False,14
336,1.05358,5.13054,False,14
337,1.093,5.13633,False,14
339,1.11124,5.10693,False,14
340,1.0,1.09019,True,14
341,1.0,5.1345600000000005,True,14
342,6.11433,1.13607,False,14
343,1.0,1.0,True,14
346,1.08067,5.01031,False,14
347,1.13578,6.02756,False,14
348,1.06879,5.01279,False,14
349,1.02503,5.04289,False,14
350,1.12781,4.06577,False,14
351,1.12836,5.11874,False,14
352,1.06773,4.00117,False,14
353,4.06421,7.09191,False,14
354,4.07125,5.13644,False,14
355,1.09593,3.08469,False,14
357,1.06808,4.09463,False,14
358,1.107,3.00776,False,14
359,1.10402,3.09081,False,14
361,1.07711,5.1183,False,14
363,5.11321,5.08328,False,14
364,5.036,5.03242,False,14
365,1.08865,3.025,False,14
366,1.09711,1.1384400000000001,False,14
367,5.0355,5.03675,False,14
370,1.09915,3.13174,False,14
371,1.14725,3.12118,False,14
372,1.14232,6.00889,False,14
373,1.12634,1.12544,False,14
374,1.02283,7.11904,False,14
375,1.02321,3.01748,False,14
376,1.11175,1.05795,False,14
377,1.04719,1.13302,False,14
378,3.08487,3.10325,False,14
379,3.04043,1.11808,False,14
380,4.03241,3.09848,False,14
381,1.13304,1.1304400000000001,False,14
383,1.07713,5.12181,False,14
384,1.14012,5.13349,False,14
385,1.00435,5.13963,False,14
386,1.0071,5.11545,False,14
387,1.00486,4.07663,False,14
388,1.00813,1.14598,False,14
389,1.05762,2.00427,False,14
390,1.02745,5.07102,False,14
391,1.013,3.06004,False,14
394,1.01292,5.07336,False,14
395,5.0011,1.13686,False,14
396,5.05772,1.03977,False,14
397,5.00047,1.14337,False,14
398,5.08524,3.06159,False,14
403,1.07689,4.03511,False,14
404,5.07572,4.12013,False,14
405,5.0319,1.06941,False,14
406,1.01513,1.08969,False,14
407,4.08272,3.11463,False,14
408,1.0,1.02052,True,14
412,5.00288,6.06447,False,14
413,5.00496,5.10662,False,14
414,5.02768,6.06346,False,14
415,5.02517,3.05333,False,14
416,3.13444,3.0466,False,14
417,1.1334,3.11439,False,14
418,5.10682,5.07851,False,14
419,4.02784,3.09305,False,14
420,3.11654,3.05228,False,14
421,3.14211,5.0644,False,14
422,3.12139,3.10328,False,14
423,1.09994,3.12213,False,14
425,1.01759,7.08013,False,14
426,1.0767,4.09524,False,14
427,1.0737,1.1424400000000001,False,14
428,3.08773,3.1186,False,14
429,3.00218,3.14339,False,14
1,1.0406,3.12348,False,15
3,1.04902,1.04892,False,15
5,1.03907,7.13498,False,15
6,1.08755,3.02214,False,15
7,1.02315,1.0,False,15
9,1.00455,1.12868,False,15
10,1.0182,1.03952,False,15
11,1.13193,1.0,False,15
13,1.10588,1.10083,False,15
17,1.04673,3.09121,False,15
18,1.05715,1.08689,False,15
19,1.0,3.00884,True,15
21,1.07691,3.08613,False,15
22,1.11686,1.12973,False,15
25,1.0166,1.14188,False,15
29,1.03954,1.1391,False,15
30,1.08256,1.14674,False,15
69,1.00301,4.05126,False,15
70,3.01737,3.0752,False,15
71,1.09713,1.13024,False,15
72,3.09603,3.09694,False,15
73,3.02959,3.13375,False,15
74,3.04007,7.07856,False,15
75,4.01745,3.13322,False,15
76,1.13848,1.1348,False,15
77,3.03613,1.12683,False,15
78,1.10196,3.11297,False,15
79,1.13033,3.04278,False,15
82,1.00798,4.14472,False,15
83,1.09077,3.00169,False,15
84,3.11272,1.0,False,15
85,1.0,1.04444,True,15
86,1.0,4.0397,True,15
91,1.06572,1.1425,False,15
92,1.10061,3.00382,False,15
93,1.11115,3.13149,False,15
95,1.05403,1.14235,False,15
98,1.05425,5.12411,False,15
99,2.05486,5.0958,False,15
100,1.12546,6.02649,False,15
101,1.05542,3.13896,False,15
103,1.11016,5.12634,False,15
104,1.0806499999999999,5.12105,False,15
106,1.09811,5.05698,False,15
107,1.00059,6.04669,False,15
109,1.14082,4.01596,False,15
110,1.11681,3.00462,False,15
111,1.00084,3.10713,False,15
112,1.00761,2.14117,False,15
113,1.09196,3.12084,False,15
114,1.01946,1.14404,False,15
115,1.04416,1.14563,False,15
116,1.02265,3.04769,False,15
117,1.07328,1.12301,False,15
118,1.0672,3.1036799999999998,False,15
120,1.00193,4.1224,False,15
121,1.00839,1.14688,False,15
122,1.01529,1.13973,False,15
123,1.00308,1.14285,False,15
124,1.00236,7.13875,False,15
125,5.0016,4.08616,False,15
126,5.02487,5.07518,False,15
127,1.10595,4.12391,False,15
128,1.03092,5.1163,False,15
129,1.09404,5.13119,False,15
130,5.11863,5.09866,False,15
131,1.00681,1.1402700000000001,False,15
133,1.00077,1.1461000000000001,False,15
134,1.00471,1.14124,False,15
135,1.0477,1.13071,False,15
136,1.00609,1.12918,False,15
137,1.04843,1.1364,False,15
139,1.03097,1.10691,False,15
140,1.0507900000000001,1.14664,False,15
141,1.05516,1.13687,False,15
142,1.06178,1.07115,False,15
143,1.03199,1.13557,False,15
144,1.14442,1.07552,False,15
145,1.0,5.08692,True,15
146,1.0,1.0,True,15
147,1.0,1.01237,True,15
148,1.0,1.0,True,15
149,1.0,3.01788,True,15
150,5.1222,1.0,False,15
151,1.0,1.09533,True,15
153,1.1437599999999999,1.14241,False,15
154,1.11006,5.09306,False,15
155,1.01591,7.11775,False,15
156,1.08105,1.12239,False,15
157,1.01885,1.11368,False,15
158,1.07818,3.14529,False,15
159,1.01007,3.04981,False,15
160,1.04903,3.03298,False,15
161,1.12086,3.07528,False,15
162,4.12669,4.04244,False,15
164,1.01513,7.13013,False,15
165,5.05309,1.0468,False,15
166,5.07171,5.03997,False,15
167,1.11463,1.00363,False,15
168,5.12597,1.0,False,15
169,5.10866,5.08056,False,15
173,1.09334,4.10714,False,15
175,1.0487,1.05553,False,15
176,1.11749,1.07479,False,15
177,1.12238,5.10586,False,15
178,4.00655,5.09655,False,15
179,1.14323,5.11233,False,15
180,2.12211,5.03627,False,15
181,3.05119,5.04875,False,15
182,1.14058,5.02334,False,15
183,1.12487,5.142,False,15
184,1.12431,7.00836,False,15
185,1.13773,5.10203,False,15
186,1.06368,7.0698,False,15
188,1.00422,5.10177,False,15
189,4.14223,6.04393,False,15
190,3.02424,3.1112,False,15
191,1.07997,5.02932,False,15
192,1.13956,5.13969,False,15
193,6.09926,5.0081,False,15
194,1.12718,5.09368,False,15
195,1.1448,3.04434,False,15
197,1.01459,5.07645,False,15
198,1.12145,5.09644,False,15
199,1.10969,5.03389,False,15
200,1.1263,1.14096,False,15
201,1.08757,1.14639,False,15
202,7.07281,7.05222,False,15
203,4.00673,5.09079,False,15
204,1.07843,5.12774,False,15
206,1.02794,5.00398,False,15
207,1.09425,3.13463,False,15
208,1.06987,1.11068,False,15
209,3.01721,3.08547,False,15
210,3.01919,3.13899,False,15
211,3.11485,3.09755,False,15
212,1.08928,1.08982,False,15
213,1.08821,3.09385,False,15
216,1.11921,6.01597,False,15
217,1.13953,4.00092,False,15
218,1.14227,5.02099,False,15
219,1.13122,5.05561,False,15
222,1.1362,3.12414,False,15
225,4.04578,3.13163,False,15
226,1.07203,5.08196,False,15
227,4.01755,7.01239,False,15
229,3.11457,4.10577,False,15
230,3.08425,3.10729,False,15
233,1.0659399999999999,5.12821,False,15
234,3.01907,5.07162,False,15
235,3.05527,3.03995,False,15
236,1.01402,1.08118,False,15
237,1.08358,1.07345,False,15
242,1.04072,4.13766,False,15
243,1.10538,1.12507,False,15
251,4.11335,4.12997,False,15
252,1.14214,3.08173,False,15
253,1.00329,5.12912,False,15
254,1.01374,1.14012,False,15
255,1.10704,3.14121,False,15
256,1.10331,5.04456,False,15
257,1.02141,5.00736,False,15
258,1.13866,3.035,False,15
259,3.02787,1.10135,False,15
260,1.1034,1.13441,False,15
262,1.01095,6.04284,False,15
263,1.00989,1.14011,False,15
264,1.14294,4.13109,False,15
265,1.13479,1.13724,False,15
270,3.07201,1.13509,False,15
271,1.14425,3.07586,False,15
272,1.07189,1.14603,False,15
273,1.08496,1.14171,False,15
274,1.07157,1.12266,False,15
275,3.01491,1.13857,False,15
280,1.00844,1.12501,False,15
289,1.06549,4.08485,False,15
290,1.10914,1.14542,False,15
291,1.14703,1.13609,False,15
292,1.12036,1.12541,False,15
293,5.00149,6.11067,False,15
294,5.00557,5.01646,False,15
295,5.01468,6.12653,False,15
296,5.08919,5.02094,False,15
297,1.1053,5.09373,False,15
298,1.00711,5.11642,False,15
299,1.07037,4.04078,False,15
300,1.07289,5.10463,False,15
301,1.10186,3.09772,False,15
302,1.05871,5.05721,False,15
303,1.00613,3.1404199999999998,False,15
308,1.00999,6.1035,False,15
317,1.03593,3.10845,False,15
318,1.07812,6.05937,False,15
319,1.06544,5.11925,False,15
320,1.00666,2.02766,False,15
321,1.05583,4.00729,False,15
322,1.07337,3.12246,False,15
323,1.02171,3.1009700000000002,False,15
324,1.00168,3.04506,False,15
325,1.0562,5.12397,False,15
326,1.03314,3.09699,False,15
328,1.10054,5.10164,False,15
329,1.14743,6.05594,False,15
330,1.11514,5.14224,False,15
331,1.04759,5.09123,False,15
332,1.14669,5.07558,False,15
333,3.13821,5.14288,False,15
334,1.12274,1.12827,False,15
335,1.0455,5.13131,False,15
336,1.09704,5.14103,False,15
337,1.06809,5.13407,False,15
339,1.09023,5.00921,False,15
340,1.0,1.09703,True,15
341,1.0,5.13666,True,15
342,6.06924,1.0216,False,15
343,1.0,1.0,True,15
346,1.08005,5.1355,False,15
347,1.12719,6.10674,False,15
348,1.0948,5.02392,False,15
349,1.01213,5.12649,False,15
350,1.1412200000000001,4.02354,False,15
351,1.14701,5.1155,False,15
352,1.08961,4.06463,False,15
353,4.0619,7.05864,False,15
354,4.07193,5.05927,False,15
355,1.06035,3.10109,False,15
357,1.07405,4.09454,False,15
358,1.07376,3.1159499999999998,False,15
359,1.12384,3.13098,False,15
361,1.05782,5.12093,False,15
363,5.11624,5.11156,False,15
364,5.09246,5.08895,False,15
365,1.05531,3.0395,False,15
366,1.11663,1.1323400000000001,False,15
367,5.06174,5.12291,False,15
370,1.11003,3.12092,False,15
371,1.14533,3.05716,False,15
372,1.13466,6.13367,False,15
373,1.11737,1.14228,False,15
374,1.00436,7.14164,False,15
375,1.04371,1.11707,False,15
376,1.08481,1.08751,False,15
377,1.14191,1.0965799999999999,False,15
378,3.08233,3.10892,False,15
379,3.07624,1.11951,False,15
380,4.01278,3.10765,False,15
381,1.14362,1.1008499999999999,False,15
383,1.09928,5.07229,False,15
384,1.14712,5.09453,False,15
385,1.00606,5.09898,False,15
386,1.02685,5.1375399999999996,False,15
387,1.01342,4.14723,False,15
388,1.00788,1.13377,False,15
389,1.06009,2.05731,False,15
390,1.06457,2.11248,False,15
391,1.01557,3.01471,False,15
394,1.01675,5.13477,False,15
395,5.13026,1.1428099999999999,False,15
396,5.11404,1.08418,False,15
397,5.07324,1.12702,False,15
398,5.13379,3.09978,False,15
403,1.01561,4.01911,False,15
404,5.06153,4.11107,False,15
405,5.14501,1.0631,False,15
406,1.02343,1.0,False,15
407,4.11438,3.14518,False,15
408,1.0,1.10628,True,15
412,5.0013,6.14026,False,15
413,5.00708,5.14634,False,15
414,5.00118,6.04729,False,15
415,5.00161,3.09845,False,15
416,3.05488,3.02816,False,15
417,1.12555,3.14345,False,15
418,5.01224,5.00413,False,15
419,4.05489,3.11374,False,15
420,3.09238,3.0273,False,15
421,3.14325,5.02572,False,15
422,3.01247,3.12055,False,15
423,1.12001,3.12663,False,15
425,1.01661,1.12201,False,15
426,1.07273,4.13961,False,15
427,1.11101,1.13497,False,15
428,3.04537,3.12251,False,15
429,3.08729,3.07128,False,15
1,1.06818,3.13606,False,16
3,1.04516,1.02576,False,16
5,1.04074,7.04478,False,16
6,1.12689,3.01114,False,16
7,1.03051,1.0,False,16
9,1.02462,1.1412499999999999,False,16
10,1.02421,1.03405,False,16
11,1.13929,1.0,False,16
13,1.11795,1.12934,False,16
17,1.07235,3.03858,False,16
18,1.07034,1.1452499999999999,False,16
19,1.0,3.12094,True,16
21,1.08197,4.04713,False,16
22,1.13839,1.14543,False,16
25,1.0719,4.11921,False,16
29,1.00861,1.1445400000000001,False,16
30,1.06555,1.14308,False,16
69,1.00011,4.11309,False,16
70,3.02123,3.07392,False,16
71,1.07504,1.12791,False,16
72,3.04096,3.11709,False,16
73,3.01241,3.05389,False,16
74,3.04553,7.0266,False,16
75,4.0262,3.1154,False,16
76,1.13545,3.04803,False,16
77,3.05725,1.13586,False,16
78,1.10248,4.04242,False,16
79,1.12771,3.05301,False,16
82,1.03318,4.08248,False,16
83,1.08266,3.0474,False,16
84,3.0716,1.0,False,16
85,1.0,1.0118,True,16
86,1.0,4.07089,True,16
91,1.05761,1.13631,False,16
92,1.10012,1.14635,False,16
93,1.13172,3.02856,False,16
95,1.02304,1.13864,False,16
98,1.1171,5.12114,False,16
99,2.01128,5.11097,False,16
100,1.13226,6.02049,False,16
101,1.03765,3.10313,False,16
103,1.14409,5.10348,False,16
104,1.13306,5.14726,False,16
106,1.10575,5.00868,False,16
107,1.0629,6.14593,False,16
109,1.10587,4.091,False,16
110,1.12346,3.09452,False,16
111,1.00234,3.07345,False,16
112,1.02625,2.00696,False,16
113,1.0674,3.0919,False,16
114,1.0286,1.12921,False,16
115,1.05707,1.13211,False,16
116,1.02892,3.04921,False,16
117,1.00804,1.1343,False,16
118,1.00108,3.13977,False,16
120,1.0059,4.1081199999999995,False,16
121,1.0073,1.14318,False,16
122,1.00304,1.14588,False,16
123,1.01578,1.14047,False,16
124,1.04838,7.13419,False,16
125,5.04766,4.08713,False,16
126,5.12685,5.07097,False,16
127,1.02816,4.06607,False,16
128,1.04709,5.05238,False,16
129,1.14396,5.04645,False,16
130,5.11822,5.10499,False,16
131,1.0759,1.14685,False,16
133,1.01549,1.14387,False,16
134,1.00294,1.12356,False,16
135,1.04496,1.1447,False,16
136,1.03129,1.08497,False,16
137,1.04122,1.11532,False,16
139,1.01053,1.00506,False,16
140,1.01233,1.1455,False,16
141,1.06642,1.14354,False,16
142,1.02247,1.02057,False,16
143,1.0247,1.13198,False,16
144,1.00029,1.12501,False,16
145,5.03812,1.0,False,16
146,1.0,1.0,True,16
147,1.02733,1.0,False,16
148,1.0,1.0,True,16
149,1.0,3.04076,True,16
150,5.12829,1.0,False,16
151,1.02956,1.0,False,16
153,1.14323,1.1415899999999999,False,16
154,1.08538,5.03657,False,16
155,1.0463,7.03357,False,16
156,1.08762,3.04823,False,16
157,1.01081,1.10495,False,16
158,1.0443500000000001,3.13969,False,16
159,1.00581,3.04283,False,16
160,1.06654,3.09103,False,16
161,1.0933,3.0571,False,16
162,4.12338,4.01377,False,16
164,1.06437,7.13418,False,16
165,5.09392,1.13194,False,16
166,5.08459,5.06095,False,16
167,1.05977,1.05738,False,16
168,5.14711,1.0,False,16
169,5.09146,5.06224,False,16
173,1.08958,3.1321,False,16
175,1.07958,1.07506,False,16
176,1.05629,1.07882,False,16
177,1.11515,5.14718,False,16
178,4.00335,5.12451,False,16
179,1.14453,5.12581,False,16
180,2.0591,5.04336,False,16
181,3.10942,5.08612,False,16
182,1.14167,5.10044,False,16
183,1.09046,5.14451,False,16
184,1.13868,7.0184,False,16
185,1.13801,5.04938,False,16
186,1.10634,7.06156,False,16
188,1.00123,5.14223,False,16
189,4.14478,6.09049,False,16
190,3.03558,3.00315,False,16
191,1.08715,5.06503,False,16
192,1.10938,5.07174,False,16
193,6.07864,5.05413,False,16
194,1.13761,5.08522,False,16
195,1.1111,3.02916,False,16
197,1.02526,5.13149,False,16
198,1.13796,5.07644,False,16
199,1.13244,5.08222,False,16
200,1.12721,1.13341,False,16
201,1.11087,5.00877,False,16
202,7.00578,7.07464,False,16
203,4.10863,5.11283,False,16
204,3.03144,5.09405,False,16
206,1.0018,5.12806,False,16
207,1.12883,3.0589,False,16
208,1.03514,1.13421,False,16
209,3.00054,3.14413,False,16
210,3.01054,3.1422499999999998,False,16
211,3.02874,3.01173,False,16
212,1.08642,1.11447,False,16
213,1.08031,3.09195,False,16
216,1.1235,6.07822,False,16
217,1.13657,4.06576,False,16
218,1.13721,5.10005,False,16
219,3.03702,5.1451,False,16
222,1.11907,3.07036,False,16
225,4.00065,3.12965,False,16
226,1.08772,5.03664,False,16
227,4.06918,7.02653,False,16
229,3.08846,4.10424,False,16
230,3.06976,3.10777,False,16
233,1.01026,5.12565,False,16
234,3.05814,5.05875,False,16
235,3.07963,5.03614,False,16
236,1.13877,1.10653,False,16
237,1.0412,1.08941,False,16
242,1.02089,4.09083,False,16
243,1.08677,1.09769,False,16
251,4.11218,4.10837,False,16
252,1.14222,3.13846,False,16
253,1.00694,5.08204,False,16
254,1.00796,1.13675,False,16
255,1.03819,3.01918,False,16
256,1.01137,5.03408,False,16
257,1.00264,5.05695,False,16
258,1.00641,3.08385,False,16
259,3.03946,1.11841,False,16
260,1.10792,1.14709,False,16
262,1.0038,6.11489,False,16
263,1.05297,1.14465,False,16
264,1.11684,4.04774,False,16
265,1.14528,1.14518,False,16
270,3.03279,1.1445,False,16
271,1.09163,3.04793,False,16
272,1.12087,1.14119,False,16
273,1.12862,1.09694,False,16
274,1.09303,1.09756,False,16
275,3.03076,1.13658,False,16
280,1.00802,1.1406,False,16
289,1.08148,4.06485,False,16
290,1.0994,1.14526,False,16
291,1.14304,1.13219,False,16
292,1.04514,1.13604,False,16
293,5.00164,5.13535,False,16
294,5.02009,5.07562,False,16
295,5.03166,6.03806,False,16
296,5.00466,1.12171,False,16
297,1.07286,5.12566,False,16
298,1.00005,5.13584,False,16
299,1.06499,4.02677,False,16
300,1.00469,5.00545,False,16
301,1.05484,3.04868,False,16
302,1.06006,5.03741,False,16
303,1.12988,3.12277,False,16
308,1.001,6.07712,False,16
317,1.03263,5.09783,False,16
318,1.09348,6.06254,False,16
319,1.06206,5.13665,False,16
320,1.07473,5.06643,False,16
321,1.02177,4.1121,False,16
322,1.02181,3.06491,False,16
323,1.00541,3.02338,False,16
324,1.03289,3.13159,False,16
325,1.05231,5.02283,False,16
326,1.03973,3.13918,False,16
328,1.09494,5.11655,False,16
329,2.00634,6.03162,False,16
330,1.11765,5.1370000000000005,False,16
331,1.02444,5.05779,False,16
332,1.12959,5.06742,False,16
333,3.12506,5.09491,False,16
334,1.09507,1.10023,False,16
335,1.08803,5.14513,False,16
336,1.07549,5.08754,False,16
337,1.11943,5.1119,False,16
339,1.07919,5.08118,False,16
340,1.0,1.1181,True,16
341,1.0,5.06093,True,16
342,6.11465,1.12494,False,16
343,1.0,1.0,True,16
346,1.07708,5.08611,False,16
347,1.13063,6.12706,False,16
348,1.06456,5.09258,False,16
349,1.0191,5.07129,False,16
350,1.13777,4.12787,False,16
351,1.14306,5.08615,False,16
352,1.145,4.0843,False,16
353,4.0138,7.07319,False,16
354,4.08839,5.0598,False,16
355,1.07481,3.12063,False,16
357,1.06072,4.12995,False,16
358,1.044,3.1006,False,16
359,1.12448,3.05196,False,16
361,1.04517,5.12505,False,16
363,5.11392,5.09498,False,16
364,5.08373,5.04238,False,16
365,1.02971,3.13686,False,16
366,1.1407,1.12483,False,16
367,5.0942,5.08507,False,16
370,1.10725,3.13305,False,16
371,1.13253,3.11102,False,16
372,1.14178,6.14367,False,16
373,1.11814,1.12686,False,16
374,1.01217,7.11342,False,16
375,1.06514,1.03923,False,16
376,1.07903,1.03511,False,16
377,1.03285,1.06635,False,16
378,3.0963,3.10825,False,16
379,3.00567,1.13389,False,16
380,4.02075,3.07046,False,16
381,1.1280000000000001,1.12938,False,16
383,1.08449,5.07883,False,16
384,1.14113,5.1025,False,16
385,1.00876,5.12136,False,16
386,1.00907,5.10889,False,16
387,1.00484,4.00406,False,16
388,1.0232,1.14034,False,16
389,1.00154,2.06873,False,16
390,1.04157,2.04968,False,16
391,1.01015,3.14031,False,16
394,1.00097,5.1449300000000004,False,16
395,5.04349,1.1432,False,16
396,5.00103,1.11018,False,16
397,5.02459,1.14592,False,16
398,5.12958,3.053,False,16
403,1.0464,4.04527,False,16
404,5.12885,4.14229,False,16
405,5.10081,1.07723,False,16
406,1.00502,1.0,False,16
407,4.00544,3.00841,False,16
408,1.0,1.14039,True,16
412,5.00593,6.09748,False,16
413,5.00795,5.14191,False,16
414,5.00115,6.074,False,16
415,5.0013,3.01585,False,16
416,3.14708,3.01809,False,16
417,1.12656,3.08177,False,16
418,5.05374,5.04707,False,16
419,3.12282,5.04841,False,16
420,3.05582,3.01958,False,16
421,3.05665,5.05402,False,16
422,3.04725,5.04037,False,16
423,1.05912,3.07266,False,16
425,1.006,7.12987,False,16
426,1.08335,4.10969,False,16
427,1.11623,1.14231,False,16
428,3.05722,3.04819,False,16
429,3.02545,3.1250999999999998,False,16
1,1.08413,3.0226,False,17
3,1.09424,1.02861,False,17
5,1.04483,7.04298,False,17
6,1.01819,3.0283,False,17
7,1.00658,1.0,False,17
9,1.01446,1.14402,False,17
10,1.02838,1.12715,False,17
11,1.11858,1.0,False,17
13,1.09668,1.11876,False,17
17,1.03551,3.12036,False,17
18,1.08913,1.11647,False,17
19,1.0,3.11869,True,17
21,1.08538,3.12112,False,17
22,1.1389,1.14108,False,17
25,1.04969,4.0341,False,17
29,1.00977,1.13599,False,17
30,1.06212,1.13908,False,17
69,1.00099,4.12814,False,17
70,3.01196,3.01746,False,17
71,1.07956,3.12452,False,17
72,3.0858,3.1292,False,17
73,3.00899,3.1037,False,17
74,3.03843,7.08672,False,17
75,4.02978,3.13339,False,17
76,1.13977,1.13469,False,17
77,3.01613,1.14741,False,17
78,1.10253,4.04913,False,17
79,1.12108,3.08315,False,17
82,1.03849,4.1211,False,17
83,1.06016,3.04875,False,17
84,3.08166,1.0,False,17
85,1.0,1.0849,True,17
86,1.0,4.05618,True,17
91,1.04102,1.13528,False,17
92,1.1245,3.13546,False,17
93,1.11982,3.1356,False,17
95,1.02526,1.13708,False,17
98,1.0648,5.1366,False,17
99,2.03407,5.14706,False,17
100,1.12245,6.049,False,17
101,1.07083,3.10166,False,17
103,1.12676,5.05725,False,17
104,1.09243,5.00079,False,17
106,1.12568,5.05763,False,17
107,1.03325,6.09283,False,17
109,1.14078,4.03898,False,17
110,1.10945,3.12796,False,17
111,1.02458,3.12237,False,17
112,1.05398,2.0568,False,17
113,1.07945,3.09018,False,17
114,1.0091,1.11256,False,17
115,1.02819,1.14408,False,17
116,1.07695,3.118,False,17
117,1.01571,1.13689,False,17
118,1.00001,3.12381,False,17
120,1.00447,4.00008,False,17
121,1.00249,1.13464,False,17
122,1.00356,1.13457,False,17
123,1.00017,1.13692,False,17
124,1.00463,7.07933,False,17
125,5.10559,4.14705,False,17
126,5.07821,5.11677,False,17
127,1.03733,4.05916,False,17
128,1.01998,5.0412,False,17
129,1.13929,5.14405,False,17
130,5.10442,5.08724,False,17
131,1.00306,1.04912,False,17
133,1.00619,1.14493,False,17
134,1.00426,1.13786,False,17
135,1.06258,1.14112,False,17
136,1.05362,1.11176,False,17
137,1.04286,1.11787,False,17
139,1.09449,1.06602,False,17
140,1.00513,1.09683,False,17
141,1.08097,1.10264,False,17
142,1.09525,1.03705,False,17
143,1.00644,1.1202,False,17
144,1.08084,1.10915,False,17
145,1.0,5.0612,True,17
146,1.0,1.0,True,17
147,1.0,1.02113,True,17
148,1.0,1.0,True,17
149,1.0,3.02765,True,17
150,5.01869,1.0,False,17
151,1.08328,1.0,False,17
153,1.11466,1.1405,False,17
154,1.09187,5.11027,False,17
155,1.00309,7.12792,False,17
156,1.0598,1.14659,False,17
157,1.00585,1.1377,False,17
158,1.02985,3.063,False,17
159,1.08216,3.09114,False,17
160,1.05905,3.1115,False,17
161,1.10879,3.00693,False,17
162,4.08875,4.07315,False,17
164,1.01784,7.08353,False,17
165,5.06243,1.08237,False,17
166,5.11955,5.09564,False,17
167,1.13564,1.10887,False,17
168,5.06275,1.0,False,17
169,5.0676,5.06668,False,17
173,1.08799,4.10997,False,17
175,1.05944,1.11749,False,17
176,1.03742,1.05888,False,17
177,1.12721,5.14489,False,17
178,4.01741,6.00598,False,17
179,1.14519,5.1216,False,17
180,2.0826000000000002,5.13015,False,17
181,3.05107,5.07921,False,17
182,1.14228,5.1422,False,17
183,1.13053,5.10621,False,17
184,1.1398,7.09468,False,17
185,1.12326,5.04358,False,17
186,1.08228,7.14201,False,17
188,1.02704,5.10093,False,17
189,4.12658,6.06909,False,17
190,3.06445,3.1212,False,17
191,1.12491,5.08188,False,17
192,1.14121,5.03664,False,17
193,6.06916,5.0241,False,17
194,1.14001,5.10851,False,17
195,1.12038,3.04437,False,17
197,1.0015,5.1082,False,17
198,1.09511,5.01111,False,17
199,1.13634,4.07456,False,17
200,1.13919,1.13648,False,17
201,1.08242,1.10807,False,17
202,7.04307,7.03865,False,17
203,4.12015,5.08803,False,17
204,1.11626,5.14048,False,17
206,1.00034,5.07125,False,17
207,1.12127,3.12191,False,17
208,1.09514,1.14689,False,17
209,3.04622,3.10775,False,17
210,3.00213,3.1246,False,17
211,3.0617,3.00242,False,17
212,1.05718,1.10866,False,17
213,1.11456,3.05021,False,17
216,1.11962,6.06787,False,17
217,1.13972,4.00826,False,17
218,1.12549,5.11959,False,17
219,1.14172,5.0703,False,17
222,1.13024,3.13841,False,17
225,4.11503,3.08911,False,17
226,1.11337,5.13459,False,17
227,4.11068,7.02509,False,17
229,3.05118,4.02759,False,17
230,3.05102,4.01395,False,17
233,1.01703,5.14484,False,17
234,3.02709,3.00225,False,17
235,3.13049,3.12637,False,17
236,1.08419,1.06958,False,17
237,1.07759,1.10297,False,17
242,1.0014,4.09962,False,17
243,1.0213700000000001,1.07972,False,17
251,4.07245,4.13403,False,17
252,1.1333199999999999,3.14612,False,17
253,1.00104,5.02385,False,17
254,1.03582,1.03014,False,17
255,1.00396,3.08768,False,17
256,1.00298,5.146,False,17
257,1.01564,5.02239,False,17
258,1.06121,3.12331,False,17
259,3.11474,1.12638,False,17
260,1.01888,1.0487,False,17
262,1.00134,6.02249,False,17
263,1.03368,1.13448,False,17
264,1.14685,4.10744,False,17
265,1.14256,1.12339,False,17
270,3.02944,1.13409,False,17
271,1.14663,3.11319,False,17
272,1.13093,1.12464,False,17
273,1.05445,1.14615,False,17
274,1.12097,1.1305399999999999,False,17
275,3.04732,1.13676,False,17
280,1.02983,1.13914,False,17
289,1.06946,4.14185,False,17
290,1.0731600000000001,1.14084,False,17
291,1.13628,1.13655,False,17
292,1.09194,1.14591,False,17
293,5.00815,6.08605,False,17
294,5.00907,5.1337,False,17
295,5.00465,6.09149,False,17
296,5.01937,1.03171,False,17
297,1.0983,5.09012,False,17
298,1.003,5.11744,False,17
299,1.09893,4.06073,False,17
300,1.09317,5.0027,False,17
301,1.08719,3.08388,False,17
302,1.07902,5.02534,False,17
303,1.01442,3.12322,False,17
308,1.00491,6.04137,False,17
317,1.00062,5.14357,False,17
318,1.07398,6.06904,False,17
319,1.02812,5.14585,False,17
320,1.02761,5.10519,False,17
321,1.03307,4.05405,False,17
322,1.02058,3.06165,False,17
323,1.04098,3.06201,False,17
324,1.01807,3.12634,False,17
325,1.06051,5.06879,False,17
326,1.05774,3.09418,False,17
328,1.06272,5.14649,False,17
329,2.02002,6.0575,False,17
330,1.02927,5.14734,False,17
331,1.04416,5.13067,False,17
332,1.13029,5.13959,False,17
333,3.02904,5.14625,False,17
334,1.10802,1.13838,False,17
335,1.05703,5.10347,False,17
336,1.1019,5.10892,False,17
337,1.07328,5.009,False,17
339,1.1013600000000001,5.05819,False,17
340,1.0,1.03587,True,17
341,1.0,5.11584,True,17
342,6.03228,1.11718,False,17
343,1.0,1.0,True,17
346,1.11616,5.09346,False,17
347,1.1348,6.04917,False,17
348,1.09726,5.13734,False,17
349,1.01498,5.04105,False,17
350,3.07272,4.01401,False,17
351,1.13953,5.07215,False,17
352,1.06439,4.01562,False,17
353,4.09437,7.0882,False,17
354,4.05058,5.12738,False,17
355,1.02463,3.13177,False,17
357,1.06883,4.14324,False,17
358,1.07265,3.09864,False,17
359,1.12045,3.05871,False,17
361,1.0911,5.10074,False,17
363,5.06527,5.0609,False,17
364,5.13174,5.10492,False,17
365,1.05471,3.1187300000000002,False,17
366,1.11148,1.0994,False,17
367,5.10457,5.13642,False,17
370,1.09663,3.13604,False,17
371,1.1445,3.11095,False,17
372,1.14407,6.05443,False,17
373,1.13479,1.1467100000000001,False,17
374,1.00716,7.13618,False,17
375,1.13889,3.10055,False,17
376,1.14155,1.09602,False,17
377,1.06055,1.02304,False,17
378,3.07539,3.111,False,17
379,3.12525,1.10748,False,17
380,4.09036,3.02501,False,17
381,1.1051,1.14483,False,17
383,1.07507,5.13055,False,17
384,1.13187,5.14448,False,17
385,1.01694,5.13033,False,17
386,1.00369,5.14403,False,17
387,1.01022,4.13854,False,17
388,1.08618,1.14579,False,17
389,1.02792,2.01298,False,17
390,1.00442,2.09412,False,17
391,1.00932,3.10787,False,17
394,1.04334,5.07703,False,17
395,5.0046,1.10944,False,17
396,5.14476,1.08495,False,17
397,5.01834,1.13658,False,17
398,5.04162,3.07469,False,17
403,1.05508,4.07324,False,17
404,5.06334,4.1435,False,17
405,5.07964,1.14087,False,17
406,1.01072,1.06311,False,17
407,4.01612,3.08167,False,17
408,1.0,1.02908,True,17
412,5.00053,6.12125,False,17
413,5.00424,5.1355,False,17
414,5.01901,6.04021,False,17
415,5.0119,3.05522,False,17
416,3.09809,3.01141,False,17
417,1.126,3.13352,False,17
418,5.12208,5.09133,False,17
419,3.11241,5.05282,False,17
420,3.10239,3.02479,False,17
421,3.02569,5.05799,False,17
422,3.09838,5.08421,False,17
423,1.12925,3.06781,False,17
425,1.03597,7.13645,False,17
426,1.06915,4.11218,False,17
427,1.09686,1.13666,False,17
428,3.10265,3.0924,False,17
429,3.02321,3.0624,False,17
1,1.08377,3.00504,False,18
3,1.02384,1.10013,False,18
5,1.06386,7.06812,False,18
6,1.04905,3.01945,False,18
7,1.0166,1.0,False,18
9,1.00484,1.12533,False,18
10,1.00642,1.04773,False,18
11,1.093,1.0,False,18
13,1.11587,1.12366,False,18
17,1.07424,3.00086,False,18
18,1.05484,1.12612,False,18
19,1.0,3.09667,True,18
21,1.0949200000000001,4.12944,False,18
22,1.14272,1.13289,False,18
25,1.00716,4.07964,False,18
29,1.0134,1.14666,False,18
30,1.07728,1.13404,False,18
69,1.00108,4.06571,False,18
70,3.03055,3.13889,False,18
71,1.12625,3.01148,False,18
72,3.0328,3.12079,False,18
73,3.02092,3.12312,False,18
74,3.06719,7.02072,False,18
75,4.04543,3.14262,False,18
76,1.14474,1.14552,False,18
77,3.00224,1.14606,False,18
78,1.09158,4.00049,False,18
79,1.13801,3.12797,False,18
82,1.00003,4.04965,False,18
83,1.09878,1.11374,False,18
84,3.14495,1.0,False,18
85,1.0,1.05322,True,18
86,1.0,4.04093,True,18
91,1.0518,1.12745,False,18
92,1.1319,1.13907,False,18
93,1.11616,3.00925,False,18
95,1.06272,1.08202,False,18
98,1.04511,5.00267,False,18
99,2.12441,5.11349,False,18
100,1.12714,6.11015,False,18
101,1.01775,3.06064,False,18
103,1.12689,5.0894,False,18
104,1.11982,5.13119,False,18
106,1.12008,5.04411,False,18
107,1.04667,6.14327,False,18
109,1.12636,4.1206,False,18
110,1.11338,3.05832,False,18
111,1.0284200000000001,3.14524,False,18
112,1.0359099999999999,2.13307,False,18
113,1.09794,3.06525,False,18
114,1.01089,1.14196,False,18
115,1.08151,1.13521,False,18
116,1.02331,3.03424,False,18
117,1.06416,1.09758,False,18
118,1.0137,3.12954,False,18
120,1.00137,4.01803,False,18
121,1.00382,1.14587,False,18
122,1.00222,1.14241,False,18
123,1.00245,1.09472,False,18
124,1.00635,7.1411,False,18
125,5.07771,4.14323,False,18
126,5.13439,5.13364,False,18
127,1.03665,4.12089,False,18
128,1.0219,5.08071,False,18
129,1.13453,5.09473,False,18
130,5.10438,5.10125,False,18
131,1.08871,1.10738,False,18
133,1.00562,1.14696,False,18
134,1.02116,1.12356,False,18
135,1.08554,1.14283,False,18
136,1.0653299999999999,1.08028,False,18
137,1.11963,1.12402,False,18
139,1.04994,1.13463,False,18
140,1.008,1.10067,False,18
141,1.14106,1.02457,False,18
142,1.03569,1.10635,False,18
143,1.01643,1.13904,False,18
144,1.11454,1.10597,False,18
145,5.05941,1.0,False,18
146,1.0,1.0,True,18
147,1.14058,1.0,False,18
148,1.0,1.0,True,18
149,1.0,3.08811,True,18
150,5.0916,1.0,False,18
151,1.0,1.06313,True,18
153,1.12489,1.14399,False,18
154,1.1143399999999999,5.04228,False,18
155,1.0261,7.11318,False,18
156,1.13248,1.13366,False,18
157,1.02197,1.14674,False,18
158,1.06209,3.03308,False,18
159,1.02413,3.13144,False,18
160,1.0791,3.09122,False,18
161,1.0491,3.0063,False,18
162,4.13991,4.13192,False,18
164,1.04277,7.054,False,18
165,5.01953,1.09718,False,18
166,5.10827,5.07039,False,18
167,1.09496,1.00067,False,18
168,5.11757,1.0,False,18
169,5.08887,5.06053,False,18
173,1.08877,4.05324,False,18
175,1.07029,1.06768,False,18
176,1.08535,1.05875,False,18
177,1.08644,5.14728,False,18
178,4.00012,5.13708,False,18
179,1.14203,5.09184,False,18
180,2.01307,5.03585,False,18
181,3.0086,5.08775,False,18
182,1.14465,5.00681,False,18
183,1.12379,5.01828,False,18
184,1.12259,7.04978,False,18
185,1.13903,5.13464,False,18
186,1.09423,7.09173,False,18
188,1.01465,5.14482,False,18
189,4.08444,6.07408,False,18
190,1.14236,3.04009,False,18
191,1.02708,5.12776,False,18
192,1.11758,5.02147,False,18
193,6.06931,5.07044,False,18
194,1.09617,5.07106,False,18
195,1.13879,3.09567,False,18
197,1.00276,5.0863,False,18
198,1.12594,5.10356,False,18
199,3.00366,4.14294,False,18
200,1.14736,1.13449,False,18
201,1.075,1.13979,False,18
202,7.06544,7.05313,False,18
203,4.13515,5.07291,False,18
204,1.09371,5.06065,False,18
206,1.0044,5.03076,False,18
207,1.11057,3.1174,False,18
208,1.09844,1.14522,False,18
209,3.01521,3.10533,False,18
210,3.0125,3.07336,False,18
211,3.1074,3.04849,False,18
212,1.08198,1.13883,False,18
213,1.0631,3.0315,False,18
216,1.12015,6.00031,False,18
217,1.14243,4.00505,False,18
218,1.13643,5.09719,False,18
219,3.0511,5.10225,False,18
222,1.10368,3.11438,False,18
225,4.04955,3.12984,False,18
226,1.11421,5.02344,False,18
227,4.00145,7.06995,False,18
229,3.0921,4.11743,False,18
230,3.07747,3.09924,False,18
233,1.00864,5.09754,False,18
234,3.10954,5.12148,False,18
235,3.06809,5.07551,False,18
236,1.13719,1.08079,False,18
237,1.02929,1.07939,False,18
242,1.00167,4.11461,False,18
243,1.0586,1.13594,False,18
251,4.11977,4.1098,False,18
252,1.13639,3.09162,False,18
253,1.00184,5.11964,False,18
254,1.00735,1.06964,False,18
255,1.00882,3.08234,False,18
256,1.04517,5.00208,False,18
257,1.00025,5.09363,False,18
258,1.10785,3.1314,False,18
259,1.01386,1.0902,False,18
260,1.04203,1.07358,False,18
262,1.00255,6.04015,False,18
263,1.04471,1.14599,False,18
264,1.13725,4.04283,False,18
265,1.12859,1.13266,False,18
270,3.05201,1.13538,False,18
271,1.08567,3.13721,False,18
272,1.06687,1.14692,False,18
273,1.10734,1.14506,False,18
274,1.08702,1.14249,False,18
275,3.02369,1.14317,False,18
280,1.0247,1.13664,False,18
289,1.08385,4.1188,False,18
290,1.1342,1.13568,False,18
291,1.14092,1.13739,False,18
292,1.08541,1.12452,False,18
293,5.00217,6.06135,False,18
294,5.01527,5.10157,False,18
295,5.00638,6.00378,False,18
296,5.00082,5.11087,False,18
297,1.06992,5.12896,False,18
298,1.03889,5.14514,False,18
299,1.12386,4.05345,False,18
300,1.05543,5.05382,False,18
301,1.05684,3.03398,False,18
302,1.10002,5.03459,False,18
303,3.03349,3.13603,False,18
308,1.0128,6.06372,False,18
317,1.01834,3.06316,False,18
318,1.07649,6.14503,False,18
319,1.05148,5.09175,False,18
320,1.08041,2.12422,False,18
321,1.03891,4.12423,False,18
322,1.02795,3.02966,False,18
323,1.01194,3.1079,False,18
324,1.0131000000000001,3.02889,False,18
325,1.01384,5.11851,False,18
326,1.03354,3.00673,False,18
328,1.07648,5.08096,False,18
329,1.1430500000000001,6.1454,False,18
330,1.07919,5.12963,False,18
331,1.02517,5.06926,False,18
332,1.11853,5.12093,False,18
333,3.14451,5.07667,False,18
334,1.14409,1.14273,False,18
335,1.08936,5.08101,False,18
336,1.07197,5.13408,False,18
337,1.12289,5.04202,False,18
339,1.10694,5.08619,False,18
340,1.0,1.02717,True,18
341,1.0,5.08419,True,18
342,6.01292,1.07019,False,18
343,1.0,1.0,True,18
346,1.08743,5.03175,False,18
347,1.13337,6.00394,False,18
348,1.10852,5.13556,False,18
349,1.08322,5.05587,False,18
350,1.13571,4.13468,False,18
351,1.1338,5.04273,False,18
352,1.02887,4.01831,False,18
353,4.09259,7.06851,False,18
354,4.14139,5.00972,False,18
355,1.10569,3.0632,False,18
357,1.07885,4.13911,False,18
358,1.10234,3.03846,False,18
359,1.12,3.04028,False,18
361,1.08827,5.10918,False,18
363,5.07338,5.06426,False,18
364,5.04542,5.01248,False,18
365,1.05532,3.07432,False,18
366,1.1155,1.14137,False,18
367,5.08412,5.08051,False,18
370,1.08721,3.14128,False,18
371,1.14148,3.04992,False,18
372,1.14646,6.13902,False,18
373,1.13916,1.14307,False,18
374,1.0605,7.10698,False,18
375,1.1042399999999999,1.05716,False,18
376,1.10555,1.10004,False,18
377,1.11423,1.03449,False,18
378,3.09186,3.11564,False,18
379,3.05169,1.14516,False,18
380,4.05287,3.09708,False,18
381,1.1278299999999999,1.07458,False,18
383,1.05602,5.10248,False,18
384,1.11458,5.13697,False,18
385,1.00048,5.08511,False,18
386,1.02847,5.08657,False,18
387,1.02302,4.14672,False,18
388,1.01047,1.13848,False,18
389,1.06405,2.03471,False,18
390,1.02494,5.1116,False,18
391,1.0211,3.04686,False,18
394,1.01481,5.10024,False,18
395,5.12979,1.12912,False,18
396,5.05851,1.01824,False,18
397,5.02009,1.05831,False,18
398,5.03226,3.01204,False,18
403,1.06236,4.04158,False,18
404,5.13291,4.13412,False,18
405,5.05271,1.10213,False,18
406,1.05194,1.0,False,18
407,4.14086,3.02832,False,18
408,1.0,1.1468099999999999,True,18
412,5.00004,6.1229,False,18
413,5.00892,5.10329,False,18
414,5.00971,6.06529,False,18
415,5.00618,3.13436,False,18
416,3.07482,3.01409,False,18
417,1.13764,3.07544,False,18
418,5.038,5.01009,False,18
419,3.13674,5.1037,False,18
420,3.11658,3.03714,False,18
421,3.04685,5.11125,False,18
422,3.07446,3.0475,False,18
423,1.1266,3.05108,False,18
425,1.00906,7.13558,False,18
426,1.07942,4.09894,False,18
427,1.10296,1.13784,False,18
428,3.05383,3.04394,False,18
429,3.09481,3.00188,False,18
1,1.0943100000000001,3.10213,False,19
3,1.08456,1.05423,False,19
5,1.04816,7.11436,False,19
6,1.06459,3.05694,False,19
7,1.01123,1.0,False,19
9,1.00141,1.14298,False,19
10,1.00923,1.11106,False,19
11,1.08377,1.0,False,19
13,1.08748,1.11895,False,19
17,1.03541,3.01588,False,19
18,1.07054,1.08351,False,19
19,1.0,3.02189,True,19
21,1.09655,3.02624,False,19
22,1.11981,1.14385,False,19
25,1.03077,4.01435,False,19
29,1.01724,1.13784,False,19
30,1.07818,1.13761,False,19
69,1.00518,4.12134,False,19
70,3.01806,3.10384,False,19
71,1.0613,3.02786,False,19
72,3.06368,3.1006,False,19
73,3.00516,3.04244,False,19
74,3.05957,3.05447,False,19
75,4.13594,3.08035,False,19
76,1.13246,3.0301,False,19
77,3.03687,1.12127,False,19
78,1.10329,3.04446,False,19
79,1.12879,3.09032,False,19
82,1.00767,4.08767,False,19
83,1.0604,3.06271,False,19
84,3.11266,1.0,False,19
85,1.0,1.0759,True,19
86,1.0,4.07889,True,19
91,1.04992,1.13523,False,19
92,1.11316,3.09323,False,19
93,1.13257,3.10168,False,19
95,1.00429,1.13415,False,19
98,1.05445,5.12308,False,19
99,2.01406,5.1314,False,19
100,1.08774,6.06481,False,19
101,1.06774,3.1171699999999998,False,19
103,1.12841,5.09236,False,19
104,1.08206,5.00364,False,19
106,1.11649,5.02785,False,19
107,1.00342,6.08327,False,19
109,1.11471,4.01827,False,19
110,1.1149,3.0859,False,19
111,1.03481,3.08842,False,19
112,1.02953,2.05174,False,19
113,1.06107,3.10775,False,19
114,1.05084,1.14627,False,19
115,1.0642,1.13709,False,19
116,1.01178,3.06399,False,19
117,1.04354,1.12675,False,19
118,1.06902,3.10551,False,19
120,1.01356,4.14096,False,19
121,1.00878,1.12768,False,19
122,1.00193,1.1400000000000001,False,19
123,1.00591,1.10191,False,19
124,1.02319,7.12743,False,19
125,5.01873,4.03272,False,19
126,5.08339,5.14346,False,19
127,1.05458,4.03833,False,19
128,1.02665,5.09779,False,19
129,1.10008,5.13582,False,19
130,5.09747,5.08871,False,19
131,1.12076,1.14039,False,19
133,1.02937,1.14537,False,19
134,1.01098,1.14563,False,19
135,1.01971,1.12545,False,19
136,1.03223,1.06993,False,19
137,1.0,1.11452,True,19
139,1.02304,1.09608,False,19
140,1.04019,1.0665,False,19
141,1.14518,1.07278,False,19
142,1.02655,1.09128,False,19
143,1.04024,1.07559,False,19
144,4.09976,6.02564,False,19
145,1.0,5.08887,True,19
146,1.0,1.0,True,19
147,1.06358,1.0,False,19
148,1.0,1.0,True,19
149,1.0,3.01282,True,19
150,5.07299,1.0,False,19
151,1.0,1.13419,True,19
153,1.13132,1.14604,False,19
154,1.1033,5.06656,False,19
155,1.01307,7.07897,False,19
156,1.0865,3.02276,False,19
157,1.01294,1.13248,False,19
158,1.0858,3.04641,False,19
159,1.09168,3.01904,False,19
160,1.06111,3.14107,False,19
161,1.08554,3.12975,False,19
162,4.11992,4.12371,False,19
164,1.01203,7.071,False,19
165,5.06594,1.14302,False,19
166,5.13958,5.08511,False,19
167,1.0984,1.02517,False,19
168,5.10688,1.0,False,19
169,5.14114,5.08551,False,19
173,1.09511,3.14031,False,19
175,1.05115,1.06067,False,19
176,1.10544,1.05263,False,19
177,1.12259,5.1288,False,19
178,4.0021,6.05777,False,19
179,1.12721,5.11813,False,19
180,2.11267,5.12709,False,19
181,3.06843,5.13178,False,19
182,1.12572,5.01394,False,19
183,1.11309,5.02686,False,19
184,1.10153,7.11841,False,19
185,1.14735,5.01886,False,19
186,1.12263,7.10665,False,19
188,1.00401,7.08008,False,19
189,4.12078,6.08912,False,19
190,1.13705,3.07838,False,19
191,1.05328,5.11186,False,19
192,1.13342,5.04139,False,19
193,6.09178,5.10054,False,19
194,1.12045,5.06928,False,19
195,1.1385399999999999,3.0362,False,19
197,1.00277,5.12672,False,19
198,1.07394,5.00761,False,19
199,3.01609,4.05036,False,19
200,1.12257,1.11986,False,19
201,1.05642,5.07454,False,19
202,7.06681,7.04838,False,19
203,4.10791,5.12165,False,19
204,1.12626,5.0625,False,19
206,1.00117,5.11511,False,19
207,1.10581,3.11704,False,19
208,1.0495,1.13169,False,19
209,3.06337,3.07084,False,19
210,3.00662,3.07089,False,19
211,3.09086,3.08705,False,19
212,1.07098,1.13414,False,19
213,1.09263,3.03879,False,19
216,1.10663,6.09926,False,19
217,1.14291,4.10661,False,19
218,1.12321,5.03961,False,19
219,1.1364,5.09062,False,19
222,1.12079,3.0126,False,19
225,4.03783,3.13426,False,19
226,1.08937,5.04444,False,19
227,4.0684,7.00348,False,19
229,3.09201,4.01476,False,19
230,3.09041,3.14562,False,19
233,1.02817,5.12168,False,19
234,3.00205,5.05304,False,19
235,3.05906,5.07417,False,19
236,1.02874,1.09141,False,19
237,1.01151,1.13316,False,19
242,1.01961,4.12039,False,19
243,1.1412499999999999,1.11735,False,19
251,4.07569,4.0952,False,19
252,1.13293,3.09341,False,19
253,1.01412,5.02277,False,19
254,1.01395,1.13529,False,19
255,1.03949,3.06832,False,19
256,1.01441,5.01815,False,19
257,1.05995,5.12153,False,19
258,1.05941,3.00712,False,19
259,3.09844,1.14252,False,19
260,1.00849,1.07274,False,19
262,1.00757,6.07486,False,19
263,1.02464,1.14192,False,19
264,1.11601,4.0036,False,19
265,1.09001,1.14644,False,19
270,3.03539,1.1293199999999999,False,19
271,1.11411,3.13289,False,19
272,1.1333,1.1463700000000001,False,19
273,1.12945,1.11826,False,19
274,1.09039,1.13803,False,19
275,3.02701,1.13279,False,19
280,1.00766,1.11831,False,19
289,1.06721,4.10782,False,19
290,1.10478,1.13744,False,19
291,1.14621,1.14512,False,19
292,1.08574,1.14689,False,19
293,5.00529,5.11103,False,19
294,5.00216,1.13937,False,19
295,5.01624,6.14098,False,19
296,5.02311,1.01234,False,19
297,1.10438,5.08435,False,19
298,1.04771,5.11412,False,19
299,1.0607,4.04092,False,19
300,1.10267,5.00715,False,19
301,1.03294,3.07751,False,19
302,1.09937,5.04454,False,19
303,1.06804,3.1408300000000002,False,19
308,1.01279,6.03628,False,19
317,1.01957,3.01275,False,19
318,1.10007,6.09525,False,19
319,1.04888,5.10987,False,19
320,1.08121,5.06197,False,19
321,1.03158,4.09206,False,19
322,1.04039,3.12774,False,19
323,1.01836,3.04899,False,19
324,1.0009,3.05868,False,19
325,1.05508,5.09752,False,19
326,1.02008,3.06838,False,19
328,1.0854300000000001,5.07594,False,19
329,1.1415899999999999,6.08853,False,19
330,1.08673,5.12806,False,19
331,1.08843,3.09538,False,19
332,1.13766,5.14199,False,19
333,3.03686,5.12036,False,19
334,1.1262699999999999,1.12726,False,19
335,1.10375,5.04411,False,19
336,1.0679400000000001,5.04592,False,19
337,1.05548,5.09255,False,19
339,1.02191,5.08671,False,19
340,1.0,1.10969,True,19
341,1.0,5.07501,True,19
342,6.08472,1.11363,False,19
343,1.0,1.0,True,19
346,1.10808,5.03812,False,19
347,1.13497,6.10124,False,19
348,1.10157,5.13168,False,19
349,1.04185,5.13139,False,19
350,3.03718,4.14342,False,19
351,1.14686,5.13933,False,19
352,1.05937,4.03004,False,19
353,4.0893,7.05274,False,19
354,4.1363900000000005,5.12598,False,19
355,1.07387,3.0664,False,19
357,1.05945,4.12883,False,19
358,1.04052,3.06602,False,19
359,1.11857,3.09029,False,19
361,1.0851,5.08857,False,19
363,5.1046,5.08572,False,19
364,5.12546,5.09811,False,19
365,1.07719,3.02038,False,19
366,1.11564,1.11076,False,19
367,5.0711,5.11017,False,19
370,1.09415,3.14044,False,19
371,1.14256,4.07328,False,19
372,1.1437,6.08745,False,19
373,1.11677,1.1315,False,19
374,1.04143,7.12983,False,19
375,1.1463,1.14716,False,19
376,1.08642,1.12967,False,19
377,1.01573,1.11325,False,19
378,3.09968,3.06966,False,19
379,3.14048,1.13802,False,19
380,4.04054,3.00043,False,19
381,1.05309,1.12659,False,19
383,1.07982,5.10563,False,19
384,1.13599,5.13684,False,19
385,1.00463,5.11506,False,19
386,1.03076,5.00293,False,19
387,1.00946,4.08289,False,19
388,1.01471,1.14311,False,19
389,1.03306,2.01897,False,19
390,1.01455,5.08191,False,19
391,1.00392,3.09233,False,19
394,1.00024,5.11709,False,19
395,5.12825,1.1404,False,19
396,5.14727,1.0518399999999999,False,19
397,5.05273,1.13378,False,19
398,5.03156,3.0487,False,19
403,1.05861,4.05485,False,19
404,5.03071,4.12858,False,19
405,5.13966,1.13317,False,19
406,1.07224,1.0,False,19
407,4.08226,3.09644,False,19
408,1.0,1.02627,True,19
412,5.00047,6.14556,False,19
413,5.01928,5.12863,False,19
414,5.00124,6.13281,False,19
415,5.02825,3.07317,False,19
416,3.09491,3.06234,False,19
417,1.14489,3.01878,False,19
418,5.0897,5.05916,False,19
419,3.08325,5.09437,False,19
420,3.14579,3.07965,False,19
421,3.11906,5.03946,False,19
422,3.13614,3.10535,False,19
423,1.13012,3.13088,False,19
425,1.05267,7.08414,False,19
426,1.09124,4.04249,False,19
427,1.09546,1.1363,False,19
428,3.14017,3.10951,False,19
429,3.0335,3.12631,False,19
1,1.10494,3.14207,False,20
3,1.04825,1.05921,False,20
5,1.07419,7.05965,False,20
6,1.04999,3.02386,False,20
7,1.00969,1.0,False,20
9,1.01351,1.1218,False,20
10,1.13072,1.05317,False,20
11,1.06971,1.0,False,20
13,1.0879,1.11986,False,20
17,1.04467,3.09208,False,20
18,1.04539,1.1353,False,20
19,1.0,3.10977,True,20
21,1.10968,4.13403,False,20
22,1.12207,1.14567,False,20
25,1.00279,4.11717,False,20
29,1.0022,1.14533,False,20
30,1.07041,1.11743,False,20
69,1.00075,4.01821,False,20
70,3.00596,3.03794,False,20
71,1.10934,3.09433,False,20
72,3.00868,3.07301,False,20
73,3.01177,3.12627,False,20
74,3.04845,3.0438,False,20
75,4.03745,3.13838,False,20
76,1.14644,1.1458,False,20
77,3.00096,1.13535,False,20
78,1.09731,4.02513,False,20
79,1.13673,3.03395,False,20
82,1.03302,4.11051,False,20
83,1.01249,3.11404,False,20
84,3.11994,1.0,False,20
85,1.12445,1.0,False,20
86,1.0,4.03154,True,20
91,1.05673,1.14044,False,20
92,1.10699,3.00193,False,20
93,1.1346,3.04291,False,20
95,1.05367,1.14068,False,20
98,1.10518,5.10425,False,20
99,2.01649,5.11651,False,20
100,1.13313,6.05165,False,20
101,1.03928,3.07299,False,20
103,1.12551,5.07023,False,20
104,1.1179000000000001,5.12348,False,20
106,1.03105,5.00107,False,20
107,1.00125,6.03914,False,20
109,1.10639,4.06886,False,20
110,1.10226,3.07384,False,20
111,1.01494,3.13608,False,20
112,1.06174,2.02984,False,20
113,1.06471,3.13726,False,20
114,1.03979,1.14733,False,20
115,1.0683,1.11677,False,20
116,1.01882,3.07989,False,20
117,1.091,1.13646,False,20
118,1.08445,3.13571,False,20
120,1.00158,4.11448,False,20
121,1.00192,1.13831,False,20
122,1.00139,1.13441,False,20
123,1.00521,1.13147,False,20
124,1.01731,7.14542,False,20
125,5.0541,4.10228,False,20
126,5.05257,5.07414,False,20
127,1.14168,4.0517,False,20
128,1.02773,5.0734,False,20
129,1.14631,5.04822,False,20
130,5.12453,5.08853,False,20
131,1.06648,1.05287,False,20
133,1.01377,1.14395,False,20
134,1.01372,1.1209,False,20
135,1.0487,1.11545,False,20
136,1.04202,1.11909,False,20
137,1.1405,1.02171,False,20
139,1.03353,1.12894,False,20
140,1.01319,1.12673,False,20
141,1.01812,1.14699,False,20
142,1.05229,1.08497,False,20
143,1.01898,1.14104,False,20
144,1.10459,1.1167799999999999,False,20
145,5.05232,1.0,False,20
146,1.0,1.0,True,20
147,1.0,1.04706,True,20
148,1.0,1.0,True,20
149,1.0,3.11124,True,20
150,5.10956,1.0,False,20
151,1.0,1.04011,True,20
153,1.13957,1.14629,False,20
154,1.12112,5.14591,False,20
155,1.01261,3.01485,False,20
156,1.10388,1.14195,False,20
157,1.00587,1.08997,False,20
158,1.01622,3.0562300000000002,False,20
159,1.01774,3.10121,False,20
160,1.03599,3.03783,False,20
161,1.05168,3.13284,False,20
162,4.13372,4.05522,False,20
164,1.04924,7.08684,False,20
165,5.05779,1.11727,False,20
166,5.10481,5.06074,False,20
167,1.05283,1.0303,False,20
168,5.08974,1.0,False,20
169,5.13812,5.13683,False,20
173,1.09555,4.03976,False,20
175,1.07436,1.14459,False,20
176,1.03532,1.12361,False,20
177,1.12364,5.10353,False,20
178,4.01234,5.09532,False,20
179,1.14185,5.14443,False,20
180,2.05537,5.05641,False,20
181,3.04383,5.0605,False,20
182,1.12882,5.01063,False,20
183,1.08286,5.12821,False,20
184,1.10487,7.05801,False,20
185,1.13811,5.14171,False,20
186,1.05319,7.09038,False,20
188,1.00758,5.07465,False,20
189,4.13566,6.14186,False,20
190,1.12677,3.07316,False,20
191,1.13106,5.14295,False,20
192,1.10988,5.01697,False,20
193,6.07044,5.01184,False,20
194,1.09612,5.03022,False,20
195,1.08702,3.13842,False,20
197,1.00884,5.14664,False,20
198,1.13779,5.09201,False,20
199,3.0165,4.07509,False,20
200,1.13634,1.14654,False,20
201,1.13047,1.10811,False,20
202,7.03025,7.03895,False,20
203,1.14351,5.14543,False,20
204,1.08376,5.02889,False,20
206,1.00024,5.05531,False,20
207,1.11354,3.03139,False,20
208,1.06042,1.1445400000000001,False,20
209,3.02419,3.02034,False,20
210,3.06007,3.10679,False,20
211,3.07082,3.03971,False,20
212,1.07511,1.12857,False,20
213,1.08093,3.02459,False,20
216,1.09836,6.144,False,20
217,1.13138,4.03254,False,20
218,1.12478,5.13928,False,20
219,3.03421,5.02905,False,20
222,1.08934,3.01533,False,20
225,4.12614,3.02986,False,20
226,1.08444,5.07582,False,20
227,4.03148,7.02103,False,20
229,3.07868,4.09921,False,20
230,3.08966,3.11323,False,20
233,1.02345,5.13293,False,20
234,3.08425,5.04339,False,20
235,3.12224,3.00628,False,20
236,1.11626,1.09868,False,20
237,1.09493,1.12908,False,20
242,1.00677,4.12012,False,20
243,1.1146,1.13992,False,20
251,4.12135,4.08043,False,20
252,1.12879,3.12513,False,20
253,1.00257,5.05063,False,20
254,1.03668,1.11032,False,20
255,1.00765,3.04234,False,20
256,1.01551,5.12984,False,20
257,1.04739,5.07833,False,20
258,1.11162,3.0161,False,20
259,3.09339,1.14323,False,20
260,1.07904,1.07623,False,20
262,1.00561,6.06793,False,20
263,1.04865,1.1363699999999999,False,20
264,1.11685,4.13155,False,20
265,1.12509,1.1463,False,20
270,3.02723,1.14229,False,20
271,1.14706,3.13865,False,20
272,1.06586,1.14127,False,20
273,1.05058,1.13398,False,20
274,1.08267,1.1442700000000001,False,20
275,3.02212,1.10465,False,20
280,1.00479,1.08806,False,20
289,1.06514,4.09883,False,20
290,1.11202,1.13736,False,20
291,1.1328,1.13009,False,20
292,1.09318,1.13908,False,20
293,5.00721,6.03997,False,20
294,5.01122,5.12434,False,20
295,5.01343,6.035,False,20
296,5.0197,5.11385,False,20
297,1.13532,5.13474,False,20
298,1.03065,5.10969,False,20
299,1.07992,4.06657,False,20
300,1.05041,5.06671,False,20
301,1.04247,3.13607,False,20
302,1.10399,5.08983,False,20
303,1.10019,3.06378,False,20
308,1.01218,6.05261,False,20
317,1.00313,5.10294,False,20
318,1.09606,6.03853,False,20
319,1.07132,5.06453,False,20
320,1.07243,5.02567,False,20
321,1.01459,4.13687,False,20
322,1.01733,3.12904,False,20
323,1.02318,3.14585,False,20
324,1.00671,3.06726,False,20
325,1.0127,5.03304,False,20
326,1.01415,3.1444,False,20
328,1.09267,5.12567,False,20
329,1.14334,6.00463,False,20
330,1.10301,5.1430299999999995,False,20
331,1.03336,5.07949,False,20
332,1.1406399999999999,5.12807,False,20
333,3.02533,5.12013,False,20
334,1.11846,1.11928,False,20
335,1.10188,5.08317,False,20
336,1.09209,5.0467,False,20
337,1.13889,5.12986,False,20
339,1.10781,5.09397,False,20
340,1.0,1.07875,True,20
341,1.0,5.13519,True,20
342,6.03359,1.13785,False,20
343,1.0,1.0,True,20
346,1.10621,5.11941,False,20
347,1.1338300000000001,6.08875,False,20
348,1.08905,5.05449,False,20
349,1.04159,5.056,False,20
350,1.13835,4.08258,False,20
351,1.13929,5.04831,False,20
352,1.13266,4.00918,False,20
353,4.03461,7.07816,False,20
354,4.14628,5.07871,False,20
355,1.11327,3.13328,False,20
357,1.07508,4.03839,False,20
358,1.06911,3.06835,False,20
359,1.1329,3.10517,False,20
361,1.0576,5.14624,False,20
363,5.1202,5.10561,False,20
364,5.0674,5.06535,False,20
365,1.02435,3.0005,False,20
366,1.07677,1.14652,False,20
367,5.06318,5.06524,False,20
370,1.10365,3.11785,False,20
371,1.14157,4.03074,False,20
372,1.14121,6.10474,False,20
373,1.12381,1.12604,False,20
374,1.01313,7.00692,False,20
375,1.1378,3.05528,False,20
376,1.02775,1.11436,False,20
377,1.10238,1.04266,False,20
378,3.1287,3.04927,False,20
379,3.07587,1.11675,False,20
380,4.00299,3.05946,False,20
381,1.06525,1.13333,False,20
383,1.07761,5.10912,False,20
384,1.1416,5.11881,False,20
385,1.00923,5.11528,False,20
386,1.01838,5.07526,False,20
387,1.02326,4.10918,False,20
388,1.00747,1.13061,False,20
389,1.04343,2.06879,False,20
390,1.01711,2.11745,False,20
391,1.02867,3.11586,False,20
394,1.03071,5.09031,False,20
395,5.00938,1.1358,False,20
396,5.05173,1.04368,False,20
397,5.07709,1.14382,False,20
398,5.07249,3.00712,False,20
403,1.03011,4.0578,False,20
404,5.11439,4.02556,False,20
405,5.02625,1.1259299999999999,False,20
406,1.04484,1.0,False,20
407,4.02819,3.07174,False,20
408,1.0,1.09667,True,20
412,5.00069,6.14225,False,20
413,5.00742,5.04748,False,20
414,5.03457,6.04564,False,20
415,5.00097,3.06204,False,20
416,3.10117,3.0086,False,20
417,1.13623,3.06172,False,20
418,5.06652,5.04095,False,20
419,4.0927,3.10233,False,20
420,3.12334,3.12063,False,20
421,3.13481,5.01944,False,20
422,3.01696,5.10967,False,20
423,1.10065,3.08089,False,20
425,1.07757,7.08237,False,20
426,1.09353,4.07635,False,20
427,1.07785,1.14433,False,20
428,3.07258,3.11091,False,20
429,3.09294,3.00502,False,20
1,1.09972,3.10111,False,21
3,1.09155,1.04127,False,21
5,1.05273,7.11735,False,21
6,1.09905,3.09152,False,21
7,1.02541,1.0,False,21
9,1.00028,1.12696,False,21
10,1.03657,1.06318,False,21
11,1.00119,1.0,False,21
13,1.13692,1.1353900000000001,False,21
17,1.0921,3.05934,False,21
18,1.0502,1.14188,False,21
19,1.0,3.02971,True,21
21,1.06913,3.03959,False,21
22,1.13672,1.14105,False,21
25,1.04738,4.09541,False,21
29,1.00949,1.14002,False,21
30,1.11328,1.14436,False,21
69,1.00553,4.06632,False,21
70,3.03469,3.09128,False,21
71,1.10615,3.13031,False,21
72,3.04057,3.09369,False,21
73,3.03821,3.06403,False,21
74,3.02796,3.01781,False,21
75,4.02038,3.10439,False,21
76,1.14055,3.09327,False,21
77,3.01192,1.14453,False,21
78,1.09493,4.02482,False,21
79,1.12888,3.07471,False,21
82,1.13768,4.10283,False,21
83,1.02737,3.05497,False,21
84,3.12549,1.0,False,21
85,1.0,1.12499,True,21
86,1.0,4.12938,True,21
91,1.06581,1.12906,False,21
92,1.10316,1.14567,False,21
93,1.12526,3.14549,False,21
95,1.05656,1.09914,False,21
98,1.0916,5.06925,False,21
99,2.09472,5.10084,False,21
100,1.12607,6.09411,False,21
101,1.03001,3.14716,False,21
103,1.12576,5.09836,False,21
104,1.12795,5.06434,False,21
106,1.07207,5.12648,False,21
107,1.0584,6.09757,False,21
109,1.13992,4.03863,False,21
110,1.10735,3.09668,False,21
111,1.01649,3.14402,False,21
112,1.0287,2.1167,False,21
113,1.05029,3.13002,False,21
114,1.00871,1.1245,False,21
115,1.08535,1.14425,False,21
116,1.05721,3.08091,False,21
117,1.09314,1.14522,False,21
118,1.00581,3.10377,False,21
120,1.01009,4.00801,False,21
121,1.00012,1.14264,False,21
122,1.0037,1.14005,False,21
123,1.02306,1.11719,False,21
124,1.05165,7.11766,False,21
125,5.01269,4.13055,False,21
126,5.07621,5.07092,False,21
127,1.07606,4.05847,False,21
128,1.02133,5.0794,False,21
129,1.06358,5.11298,False,21
130,5.12237,5.07753,False,21
131,1.14656,1.03247,False,21
133,1.00852,1.1472,False,21
134,1.02273,1.12508,False,21
135,1.00185,1.11446,False,21
136,1.03919,1.0703,False,21
137,1.0,1.1418300000000001,True,21
139,1.12697,1.08567,False,21
140,1.02396,1.13618,False,21
141,1.04547,1.0495700000000001,False,21
142,1.09353,1.00541,False,21
143,1.0412,1.13949,False,21
144,1.05781,1.08282,False,21
145,5.01612,1.0,False,21
146,1.0,1.0,True,21
147,1.13465,1.0,False,21
148,1.0,1.0,True,21
149,1.0,3.10743,True,21
150,5.09793,1.0,False,21
151,1.0,1.0429599999999999,True,21
153,1.13116,1.14025,False,21
154,1.11679,5.02759,False,21
155,1.01426,7.08705,False,21
156,1.07663,1.11315,False,21
157,1.00749,1.11414,False,21
158,1.05104,3.11323,False,21
159,1.0038,3.13418,False,21
160,1.07959,3.02108,False,21
161,1.00131,3.11956,False,21
162,4.13904,4.01701,False,21
164,1.04001,7.07479,False,21
165,5.09065,1.14369,False,21
166,5.03487,5.01032,False,21
167,1.11682,1.09706,False,21
168,5.05672,1.0,False,21
169,5.04316,5.0396,False,21
173,1.08488,4.13401,False,21
175,1.07918,1.07285,False,21
176,1.05491,1.08563,False,21
177,1.12546,5.12348,False,21
178,4.00733,6.10666,False,21
179,1.14128,5.14126,False,21
180,2.13196,5.05841,False,21
181,3.13901,5.04965,False,21
182,1.14176,5.0062,False,21
183,1.11946,5.05015,False,21
184,1.07567,7.09892,False,21
185,1.1409799999999999,5.09834,False,21
186,1.11399,7.14576,False,21
188,1.01578,5.13867,False,21
189,4.13759,6.00784,False,21
190,1.13626,3.14129,False,21
191,1.0796999999999999,5.03287,False,21
192,1.1337,5.01994,False,21
193,6.11942,5.03743,False,21
194,1.13448,5.12693,False,21
195,1.11199,3.1291700000000002,False,21
197,1.00103,5.09501,False,21
198,1.12084,5.04018,False,21
199,1.11769,4.07424,False,21
200,1.1439300000000001,1.13829,False,21
201,1.125,1.13693,False,21
202,7.06951,7.06458,False,21
203,1.1428099999999999,5.13746,False,21
204,3.06303,5.10795,False,21
206,1.00471,5.06839,False,21
207,1.12675,3.14527,False,21
208,1.03337,1.13043,False,21
209,3.01788,3.03,False,21
210,3.04183,3.13935,False,21
211,3.06651,3.02221,False,21
212,1.03775,1.12933,False,21
213,1.08555,3.10471,False,21
216,1.10481,6.00743,False,21
217,1.13917,4.12699,False,21
218,1.14363,5.09256,False,21
219,1.1346,5.02601,False,21
222,1.11989,3.0447,False,21
225,4.02829,3.12611,False,21
226,1.08912,5.1104,False,21
227,4.05059,7.05008,False,21
229,3.10394,4.08833,False,21
230,3.107,3.13258,False,21
233,1.03517,5.13985,False,21
234,3.03867,3.03371,False,21
235,3.07265,5.09154,False,21
236,1.14684,1.14499,False,21
237,1.14007,1.12268,False,21
242,1.0322,4.03223,False,21
243,1.06327,1.05398,False,21
251,4.07882,4.09811,False,21
252,1.13716,3.11538,False,21
253,1.00207,5.06457,False,21
254,1.00139,1.0,False,21
255,1.03257,3.09981,False,21
256,1.01631,5.05387,False,21
257,1.0808,5.0444,False,21
258,1.0729,3.04909,False,21
259,3.07516,1.13908,False,21
260,1.08664,1.10768,False,21
262,1.00155,6.04108,False,21
263,1.03441,1.13529,False,21
264,1.13545,4.02519,False,21
265,1.14457,1.11175,False,21
270,3.03854,1.14606,False,21
271,1.14146,3.14039,False,21
272,1.07952,1.1267,False,21
273,1.11599,1.12328,False,21
274,1.07288,1.096,False,21
275,3.0632,1.13046,False,21
280,1.00261,1.13277,False,21
289,1.0579,4.08203,False,21
290,1.11462,1.13458,False,21
291,1.14248,1.138,False,21
292,1.09287,1.13387,False,21
293,5.01209,6.10046,False,21
294,5.00703,5.1444,False,21
295,5.00586,6.08364,False,21
296,5.00721,1.07341,False,21
297,1.13239,5.11392,False,21
298,1.03932,5.14481,False,21
299,1.03212,4.02958,False,21
300,1.04244,5.14492,False,21
301,1.112,3.10271,False,21
302,1.075,5.1109,False,21
303,1.13025,3.13015,False,21
308,1.00256,6.06323,False,21
317,1.00603,5.09006,False,21
318,1.09223,6.07907,False,21
319,1.02309,5.12389,False,21
320,1.03519,5.08244,False,21
321,1.00193,4.10742,False,21
322,1.03941,3.02604,False,21
323,1.01104,3.12629,False,21
324,1.00477,3.01285,False,21
325,1.0466,5.09148,False,21
326,1.0331,3.09769,False,21
328,1.10098,5.08645,False,21
329,1.14273,6.14209,False,21
330,1.08379,5.13474,False,21
331,1.09275,5.01512,False,21
332,1.1454,5.10948,False,21
333,3.00106,5.09653,False,21
334,1.11106,1.11751,False,21
335,1.07305,5.12136,False,21
336,1.01746,5.13446,False,21
337,1.09465,5.0234,False,21
339,1.00571,5.12094,False,21
340,1.0,1.08318,True,21
341,1.0,5.13394,True,21
342,6.0066,1.06463,False,21
343,1.0,1.0,True,21
346,1.08723,5.08799,False,21
347,1.1254,6.06725,False,21
348,1.08477,5.12026,False,21
349,1.01288,5.02782,False,21
350,1.13946,4.12154,False,21
351,1.13898,5.06257,False,21
352,1.03762,4.00982,False,21
353,4.07619,7.03401,False,21
354,4.14628,5.14016,False,21
355,1.11549,3.04844,False,21
357,1.06067,4.08987,False,21
358,1.02538,3.12157,False,21
359,1.11855,3.02589,False,21
361,1.10298,5.0143,False,21
363,5.11067,5.08429,False,21
364,5.00989,5.00804,False,21
365,1.13348,3.06628,False,21
366,1.11352,1.12432,False,21
367,5.02993,5.08888,False,21
370,1.10613,3.13147,False,21
371,1.13338,3.07719,False,21
372,1.14539,6.07499,False,21
373,1.12655,1.11962,False,21
374,1.02753,7.13254,False,21
375,1.12462,3.08026,False,21
376,1.038,1.12596,False,21
377,1.0779,1.10463,False,21
378,3.03249,3.11337,False,21
379,3.09378,1.14157,False,21
380,4.06855,3.12439,False,21
381,1.11463,1.12266,False,21
383,1.01607,5.06351,False,21
384,1.13016,5.02226,False,21
385,1.00055,5.0982,False,21
386,1.00882,5.02418,False,21
387,1.06245,4.05857,False,21
388,1.01095,1.12501,False,21
389,1.10643,2.09658,False,21
390,1.00512,5.02412,False,21
391,1.0017,3.04999,False,21
394,1.0251,5.14679,False,21
395,5.07896,1.11984,False,21
396,5.01273,1.06229,False,21
397,5.04322,1.08093,False,21
398,5.08834,3.12777,False,21
403,1.08256,4.03418,False,21
404,5.10504,4.1199,False,21
405,5.04794,1.05348,False,21
406,1.06027,1.0,False,21
407,4.11936,3.08178,False,21
408,1.0,1.06722,True,21
412,5.00085,6.06869,False,21
413,5.01615,5.05046,False,21
414,5.00298,6.04053,False,21
415,5.00832,3.14401,False,21
416,3.11387,3.10146,False,21
417,1.1256,3.14728,False,21
418,5.08194,5.08112,False,21
419,3.10166,5.03967,False,21
420,3.13988,3.09961,False,21
421,3.05984,5.07762,False,21
422,3.04555,5.07764,False,21
423,1.09636,3.09713,False,21
425,1.04237,7.12036,False,21
426,1.07463,4.13805,False,21
427,1.11652,1.13514,False,21
428,3.09413,3.08924,False,21
429,3.1361499999999998,3.06169,False,21
1,1.05585,3.04114,False,22
3,1.063,1.01119,False,22
5,1.03296,7.10275,False,22
6,1.08592,3.12738,False,22
7,1.0211,1.0,False,22
9,1.00058,1.13263,False,22
10,1.03035,1.14713,False,22
11,1.07602,1.0,False,22
13,1.07755,1.13593,False,22
17,1.06714,3.04218,False,22
18,1.03641,1.06025,False,22
19,1.0,3.14219,True,22
21,1.07928,4.10312,False,22
22,1.1378300000000001,1.14292,False,22
25,1.05853,1.07266,False,22
29,1.00065,1.14631,False,22
30,1.03397,1.13646,False,22
69,1.00116,4.13336,False,22
70,3.00488,3.00982,False,22
71,1.09771,3.11626,False,22
72,3.06919,3.14621,False,22
73,3.0121,3.09463,False,22
74,3.03508,3.02065,False,22
75,4.08603,3.10533,False,22
76,1.1430500000000001,3.10901,False,22
77,3.01424,1.14379,False,22
78,1.09555,4.03785,False,22
79,1.12772,3.09285,False,22
82,1.05406,4.10564,False,22
83,1.11663,1.09983,False,22
84,3.08712,1.0,False,22
85,1.0,1.11631,True,22
86,1.0,4.08998,True,22
91,1.03489,1.1423,False,22
92,1.11106,1.13476,False,22
93,1.10255,3.10977,False,22
95,1.02798,1.13936,False,22
98,1.10222,5.12885,False,22
99,2.01491,5.09614,False,22
100,1.1412200000000001,6.04256,False,22
101,1.04856,3.07893,False,22
103,1.11584,5.06239,False,22
104,1.10112,5.11015,False,22
106,1.07311,5.06251,False,22
107,1.02618,6.13037,False,22
109,1.11191,4.02476,False,22
110,1.08789,3.14062,False,22
111,1.0021,3.12256,False,22
112,1.02154,2.08578,False,22
113,1.07396,3.12607,False,22
114,1.01969,1.14017,False,22
115,1.07612,1.11415,False,22
116,1.00196,3.06432,False,22
117,1.00228,1.1463700000000001,False,22
118,1.02301,3.13208,False,22
120,1.00149,4.04936,False,22
121,1.00506,1.14679,False,22
122,1.00871,1.12493,False,22
123,1.00825,1.06301,False,22
124,1.00112,7.07692,False,22
125,5.03371,4.1363900000000005,False,22
126,5.09922,5.0341,False,22
127,1.03137,4.07703,False,22
128,1.06258,5.11564,False,22
129,1.14178,5.0094,False,22
130,5.12118,5.10497,False,22
131,1.04572,1.12198,False,22
133,1.0043,1.14628,False,22
134,1.01714,1.12962,False,22
135,1.03613,1.14743,False,22
136,1.0024,1.14648,False,22
137,1.0,1.11003,True,22
139,1.05802,1.09325,False,22
140,1.02202,1.1386,False,22
141,1.0226,1.02834,False,22
142,1.01101,1.0,False,22
143,1.00386,1.13875,False,22
144,1.11758,1.11352,False,22
145,1.0,5.05115,True,22
146,1.0,1.0,True,22
147,1.0,1.00009,True,22
148,1.0,1.0,True,22
149,1.0,3.1147299999999998,True,22
150,5.13996,1.0,False,22
151,1.06668,1.0,False,22
153,1.11526,1.13536,False,22
154,1.10239,5.10704,False,22
155,1.00784,7.14552,False,22
156,1.09909,1.14686,False,22
157,1.01205,1.14444,False,22
158,1.02619,3.07117,False,22
159,1.13558,3.09388,False,22
160,1.0854300000000001,3.12338,False,22
161,1.1149499999999999,3.10486,False,22
162,4.05076,4.10826,False,22
164,1.00608,7.05777,False,22
165,5.06434,1.13845,False,22
166,5.09984,5.07079,False,22
167,1.04878,1.04483,False,22
168,5.0486,1.0,False,22
169,5.13916,5.1006,False,22
173,1.09648,3.10169,False,22
175,1.1019700000000001,1.07179,False,22
176,1.11155,1.01599,False,22
177,1.11429,5.08285,False,22
178,4.0102,6.02019,False,22
179,1.14166,5.13493,False,22
180,2.07057,5.07315,False,22
181,3.09301,5.07191,False,22
182,1.1408,5.01513,False,22
183,1.09063,5.06295,False,22
184,1.12254,7.0929,False,22
185,1.10409,5.08788,False,22
186,1.09911,7.02071,False,22
188,1.00005,5.13083,False,22
189,4.12223,6.11543,False,22
190,1.12745,3.09005,False,22
191,1.06392,5.05765,False,22
192,1.12422,5.0262,False,22
193,6.04702,5.03056,False,22
194,1.1161,5.13026,False,22
195,1.14672,3.10117,False,22
197,1.01199,5.10613,False,22
198,1.12296,5.08069,False,22
199,1.10659,4.10122,False,22
200,1.13882,1.13275,False,22
201,1.13188,1.10425,False,22
202,7.05712,7.05146,False,22
203,4.10462,5.11062,False,22
204,1.04839,5.06646,False,22
206,1.00481,5.06177,False,22
207,1.13752,3.02819,False,22
208,1.0281,1.1443699999999999,False,22
209,3.02988,3.11399,False,22
210,3.02989,3.08355,False,22
211,3.07045,3.03737,False,22
212,1.09316,1.12948,False,22
213,1.08642,3.12323,False,22
216,1.12522,6.06689,False,22
217,1.13401,4.03042,False,22
218,1.12498,5.06605,False,22
219,3.04087,5.01184,False,22
222,1.12432,3.05093,False,22
225,4.09315,3.14138,False,22
226,1.08184,5.02551,False,22
227,4.0289,7.10253,False,22
229,3.10874,4.13031,False,22
230,3.0345,3.14151,False,22
233,1.0586,5.12985,False,22
234,3.0509,5.0206,False,22
235,3.03202,3.00824,False,22
236,1.13937,1.06408,False,22
237,1.14165,1.13443,False,22
242,1.03887,4.07676,False,22
243,1.13449,1.05261,False,22
251,4.13367,4.13745,False,22
252,1.13586,3.12789,False,22
253,1.00599,5.1106300000000005,False,22
254,1.02009,1.13378,False,22
255,1.00759,3.0783,False,22
256,1.09713,5.09077,False,22
257,1.11058,5.05605,False,22
258,1.02799,3.08209,False,22
259,3.04823,1.13365,False,22
260,1.07885,1.0415,False,22
262,1.00857,6.12365,False,22
263,1.06707,1.14507,False,22
264,1.12136,4.0146,False,22
265,1.13615,1.13877,False,22
270,3.01708,1.14438,False,22
271,1.06275,3.11476,False,22
272,1.13815,1.12488,False,22
273,1.11306,1.1296599999999999,False,22
274,1.10142,1.09253,False,22
275,3.11247,1.1345399999999999,False,22
280,1.01233,1.12437,False,22
289,1.10535,3.08117,False,22
290,1.13138,1.14146,False,22
291,1.14738,1.14615,False,22
292,1.07935,1.12679,False,22
293,5.00285,6.06941,False,22
294,5.01217,5.10765,False,22
295,5.03065,6.08306,False,22
296,5.01028,5.10303,False,22
297,1.10252,5.0609,False,22
298,1.01605,5.07309,False,22
299,1.09592,4.00592,False,22
300,1.00214,5.08705,False,22
301,1.10583,3.10477,False,22
302,1.06522,5.03531,False,22
303,1.13846,3.13061,False,22
308,1.00224,6.12076,False,22
317,1.00273,3.06229,False,22
318,1.08612,6.07753,False,22
319,1.06993,5.11405,False,22
320,1.01773,5.07307,False,22
321,1.01159,4.07471,False,22
322,1.04597,3.01835,False,22
323,1.02974,3.05407,False,22
324,1.00418,3.0095,False,22
325,1.04464,5.00002,False,22
326,1.04268,3.10171,False,22
328,1.08639,5.07609,False,22
329,1.14695,6.02228,False,22
330,1.11627,5.14096,False,22
331,1.02518,3.13447,False,22
332,1.11016,5.12815,False,22
333,3.14136,5.09562,False,22
334,1.12686,1.14249,False,22
335,1.06825,5.12064,False,22
336,1.07488,5.11536,False,22
337,1.09067,5.08633,False,22
339,1.05873,5.02736,False,22
340,1.0,1.12872,True,22
341,1.0,5.01974,True,22
342,6.10996,1.06546,False,22
343,1.0,1.0,True,22
346,1.09546,5.04632,False,22
347,1.1301,6.00822,False,22
348,1.1060699999999999,5.13075,False,22
349,1.04129,5.02334,False,22
350,3.04859,4.00795,False,22
351,1.11812,5.10158,False,22
352,1.14527,4.06231,False,22
353,4.04487,7.06695,False,22
354,4.12097,5.10225,False,22
355,1.09011,3.13992,False,22
357,1.05118,4.0895,False,22
358,1.0809,3.07174,False,22
359,1.1253199999999999,3.12101,False,22
361,1.10266,5.09668,False,22
363,5.10566,5.10382,False,22
364,5.12929,5.12896,False,22
365,1.0344,3.1371,False,22
366,1.09776,1.1153,False,22
367,5.07053,5.05166,False,22
370,1.10327,3.14704,False,22
371,1.14008,3.07372,False,22
372,1.14386,6.07615,False,22
373,1.12845,1.13262,False,22
374,1.0025,7.06246,False,22
375,1.00757,3.02028,False,22
376,1.02897,1.07895,False,22
377,1.12873,1.0,False,22
378,3.09438,3.13773,False,22
379,3.00016,1.13177,False,22
380,4.06611,3.07845,False,22
381,1.09115,1.12387,False,22
383,1.06443,5.14031,False,22
384,1.13605,5.08482,False,22
385,1.0192,5.13253,False,22
386,1.01672,5.03922,False,22
387,1.01931,4.09251,False,22
388,1.00905,1.1372,False,22
389,1.03679,2.06762,False,22
390,1.02427,2.07246,False,22
391,1.02953,3.03411,False,22
394,1.01116,5.10262,False,22
395,5.07493,1.01273,False,22
396,5.0889,1.04025,False,22
397,5.02761,1.10017,False,22
398,5.13122,3.09274,False,22
403,1.07832,4.09202,False,22
404,5.05693,4.08625,False,22
405,5.08131,1.14501,False,22
406,1.06271,1.0,False,22
407,4.03767,3.11607,False,22
408,1.0,1.05358,True,22
412,5.00014,6.13859,False,22
413,5.00236,5.0031,False,22
414,5.01235,6.03164,False,22
415,5.04516,3.13573,False,22
416,3.13701,3.11858,False,22
417,1.12215,3.11235,False,22
418,5.07487,5.0427,False,22
419,4.06538,3.09833,False,22
420,3.07185,3.01875,False,22
421,3.13706,5.00306,False,22
422,3.12813,3.02925,False,22
423,1.13629,3.09664,False,22
425,1.01281,1.14276,False,22
426,1.08935,4.11513,False,22
427,1.12054,1.14352,False,22
428,3.1285600000000002,3.14057,False,22
429,3.05426,3.114,False,22
1,1.08625,3.02833,False,23
3,1.01822,1.13177,False,23
5,1.07456,7.06617,False,23
6,1.04029,3.0739,False,23
7,1.00935,1.0,False,23
9,1.02929,1.13098,False,23
10,1.05591,1.04404,False,23
11,1.0288,1.0,False,23
13,1.1005,1.1165,False,23
17,1.05759,3.0275,False,23
18,1.02114,1.09111,False,23
19,1.0,3.05999,True,23
21,1.08092,4.12176,False,23
22,1.13872,1.14349,False,23
25,1.0468,4.11527,False,23
29,1.01874,1.12869,False,23
30,1.13826,1.14203,False,23
69,1.00176,4.09963,False,23
70,3.03464,3.03188,False,23
71,1.08496,1.14211,False,23
72,3.11665,3.11573,False,23
73,3.01154,3.04512,False,23
74,3.09625,3.07341,False,23
75,4.06048,3.12535,False,23
76,1.13562,3.08541,False,23
77,3.04006,1.14572,False,23
78,1.10208,3.13682,False,23
79,1.13452,3.12226,False,23
82,1.08463,4.04368,False,23
83,1.11029,1.14246,False,23
84,3.11092,1.0,False,23
85,1.0,1.00248,True,23
86,1.0,4.05171,True,23
91,1.0523,1.13925,False,23
92,1.11028,1.14614,False,23
93,1.12463,3.10823,False,23
95,1.03306,1.1431499999999999,False,23
98,1.08837,5.07907,False,23
99,2.03424,5.13224,False,23
100,1.08234,6.0376,False,23
101,1.07504,3.07574,False,23
103,1.02879,5.04057,False,23
104,1.08864,5.13221,False,23
106,1.00146,5.0364,False,23
107,1.03359,6.06012,False,23
109,1.13188,4.08169,False,23
110,1.12572,3.13755,False,23
111,1.00035,3.14204,False,23
112,1.05091,2.11609,False,23
113,1.12301,3.11417,False,23
114,1.01054,1.14565,False,23
115,1.05708,1.13748,False,23
116,1.00076,3.0733,False,23
117,1.01574,1.14642,False,23
118,1.04161,3.11978,False,23
120,1.00085,4.07216,False,23
121,1.00012,1.14019,False,23
122,1.0069,1.14644,False,23
123,1.00955,1.0796000000000001,False,23
124,1.03583,7.13434,False,23
125,5.10936,4.12961,False,23
126,5.09912,5.08332,False,23
127,1.00227,4.08241,False,23
128,1.05264,5.00736,False,23
129,1.11688,5.07791,False,23
130,5.14224,5.11245,False,23
131,1.03206,1.13545,False,23
133,1.01103,1.14213,False,23
134,1.00583,1.13158,False,23
135,1.00338,1.11614,False,23
136,1.06665,1.11411,False,23
137,1.09032,1.05798,False,23
139,1.03232,1.14526,False,23
140,1.03422,1.13629,False,23
141,1.11105,1.11647,False,23
142,1.01002,1.0,False,23
143,1.01015,1.12759,False,23
144,1.00532,1.10967,False,23
145,1.0,5.09761,True,23
146,1.0,1.0,True,23
147,1.0,1.0017,True,23
148,1.0,1.0,True,23
149,1.0,3.06821,True,23
150,5.11713,1.0,False,23
151,1.13233,1.0,False,23
153,1.13635,1.1292,False,23
154,1.0942,5.02363,False,23
155,1.011,7.00918,False,23
156,1.11938,3.07432,False,23
157,1.00981,1.14016,False,23
158,1.06781,3.04092,False,23
159,1.05904,3.02924,False,23
160,1.02268,3.04361,False,23
161,1.00817,3.01441,False,23
162,4.11918,4.04583,False,23
164,1.00993,7.14446,False,23
165,5.07772,1.11467,False,23
166,5.14287,5.04632,False,23
167,1.07786,1.01941,False,23
168,5.14693,1.0,False,23
169,5.08078,5.05474,False,23
173,1.08591,4.10969,False,23
175,1.0551,1.14034,False,23
176,1.02825,1.00457,False,23
177,1.1158,5.13963,False,23
178,4.00992,5.14002,False,23
179,1.14667,5.14122,False,23
180,2.03047,5.01191,False,23
181,3.04173,5.08062,False,23
182,1.11701,5.00909,False,23
183,1.10312,5.10297,False,23
184,1.12764,7.00007,False,23
185,1.12359,5.12062,False,23
186,1.12347,7.11838,False,23
188,1.00615,5.14159,False,23
189,4.14108,6.00639,False,23
190,1.1334,3.11536,False,23
191,1.08125,5.04261,False,23
192,1.10457,5.00103,False,23
193,6.10005,5.11764,False,23
194,1.11745,5.11432,False,23
195,1.13822,3.04651,False,23
197,1.00833,5.08401,False,23
198,1.1262,5.02468,False,23
199,1.08776,5.13182,False,23
200,1.12753,1.12555,False,23
201,1.05289,5.0347,False,23
202,7.03357,7.02588,False,23
203,4.01513,5.08488,False,23
204,1.10794,5.06622,False,23
206,1.00027,5.00136,False,23
207,1.12859,3.10437,False,23
208,1.08732,1.11002,False,23
209,3.02415,3.07206,False,23
210,3.02815,3.1367,False,23
211,3.04301,3.03402,False,23
212,1.06025,1.10658,False,23
213,1.08507,3.03153,False,23
216,1.1105,6.08429,False,23
217,1.1257,4.13222,False,23
218,1.13019,5.0395199999999996,False,23
219,3.00991,5.03659,False,23
222,1.11408,3.14448,False,23
225,4.12004,3.13787,False,23
226,1.11256,5.11087,False,23
227,4.00017,7.03369,False,23
229,3.07313,4.00224,False,23
230,3.05479,3.09523,False,23
233,1.0193,5.09733,False,23
234,3.02957,3.00508,False,23
235,3.0602,3.02474,False,23
236,1.03038,1.1132900000000001,False,23
237,1.12425,1.05386,False,23
242,1.00658,4.13383,False,23
243,1.14276,1.13618,False,23
251,4.12496,4.09713,False,23
252,1.14502,3.04725,False,23
253,1.01716,5.04298,False,23
254,1.00592,1.11456,False,23
255,1.04848,3.09091,False,23
256,1.04514,5.06869,False,23
257,1.05816,5.08056,False,23
258,1.06355,3.02671,False,23
259,3.02168,1.13728,False,23
260,1.06084,1.14184,False,23
262,1.00359,6.11766,False,23
263,1.0149,1.13548,False,23
264,1.14481,4.13746,False,23
265,1.13045,1.12866,False,23
270,3.01838,1.14567,False,23
271,1.14031,3.12794,False,23
272,1.05987,1.1381000000000001,False,23
273,1.12887,1.14453,False,23
274,1.08095,1.13055,False,23
275,3.01661,1.13093,False,23
280,1.0039,1.13888,False,23
289,1.07212,3.03087,False,23
290,1.12518,1.14174,False,23
291,1.14729,1.14386,False,23
292,1.08549,1.13904,False,23
293,5.00755,6.00181,False,23
294,5.00714,5.06824,False,23
295,5.01852,6.13338,False,23
296,5.03928,1.12071,False,23
297,1.07388,5.10389,False,23
298,1.0045,5.145,False,23
299,1.09166,4.04096,False,23
300,1.05461,5.10435,False,23
301,1.06894,3.13716,False,23
302,1.08814,5.0285,False,23
303,1.0973,3.11991,False,23
308,1.01195,6.06262,False,23
317,1.01643,5.01818,False,23
318,1.09995,6.06375,False,23
319,1.07384,5.1402,False,23
320,1.03225,5.03203,False,23
321,1.03227,4.10191,False,23
322,1.02633,3.0634,False,23
323,1.11324,3.0619,False,23
324,1.0276,3.05079,False,23
325,1.05451,5.05303,False,23
326,1.01051,3.11697,False,23
328,1.11283,5.13475,False,23
329,1.14422,6.1421,False,23
330,1.07928,5.14106,False,23
331,1.08464,5.09708,False,23
332,1.14643,5.13262,False,23
333,3.11808,5.03532,False,23
334,1.12121,1.13692,False,23
335,1.07701,5.06745,False,23
336,1.02638,5.147,False,23
337,1.0819,5.13138,False,23
339,1.06521,5.14084,False,23
340,1.0,1.06315,True,23
341,1.0,5.06757,True,23
342,6.14354,1.0946,False,23
343,1.0,1.0,True,23
346,1.11913,5.07583,False,23
347,1.12974,6.1147,False,23
348,1.08737,5.03021,False,23
349,1.05223,5.01213,False,23
350,3.00995,4.12973,False,23
351,1.1345399999999999,5.01145,False,23
352,1.10716,4.02426,False,23
353,4.0995,7.04596,False,23
354,4.11959,5.12076,False,23
355,1.10533,3.14259,False,23
357,1.04815,4.01478,False,23
358,1.09252,3.02573,False,23
359,1.12249,3.05272,False,23
361,1.11613,5.09627,False,23
363,5.11379,5.11356,False,23
364,5.11843,5.07843,False,23
365,1.03322,3.01708,False,23
366,1.06808,1.0881,False,23
367,5.04038,5.11549,False,23
370,1.1091,3.13817,False,23
371,1.14428,4.1152,False,23
372,1.1406399999999999,6.09356,False,23
373,1.11891,1.1007500000000001,False,23
374,1.02098,7.02659,False,23
375,1.03143,1.12934,False,23
376,1.12672,1.13127,False,23
377,1.09346,1.01959,False,23
378,3.00265,3.04532,False,23
379,3.12855,1.10272,False,23
380,4.02616,3.03354,False,23
381,1.14436,1.14298,False,23
383,1.06382,5.11302,False,23
384,1.13823,4.098,False,23
385,1.00247,5.144,False,23
386,1.01281,5.10677,False,23
387,1.02223,4.02687,False,23
388,1.00129,1.14196,False,23
389,1.00999,2.09994,False,23
390,1.01805,5.01185,False,23
391,1.06848,3.11165,False,23
394,1.01883,5.01017,False,23
395,5.09977,1.12551,False,23
396,5.13273,1.12307,False,23
397,5.10251,1.07625,False,23
398,5.02965,3.1458,False,23
403,1.01562,4.14594,False,23
404,5.05175,4.10584,False,23
405,5.05583,1.11569,False,23
406,1.04773,1.0,False,23
407,4.02893,3.12606,False,23
408,1.0,1.08673,True,23
412,5.00019,6.06978,False,23
413,5.00741,5.13741,False,23
414,5.01943,6.1366,False,23
415,5.00199,3.12466,False,23
416,3.14095,3.04045,False,23
417,1.14622,3.14356,False,23
418,5.13803,5.05396,False,23
419,4.08386,3.1102,False,23
420,3.13595,3.13021,False,23
421,3.11489,5.01677,False,23
422,1.13152,5.01547,False,23
423,1.10593,3.00074,False,23
425,1.03159,7.04494,False,23
426,1.07934,4.0993,False,23
427,1.10916,1.13815,False,23
428,3.06973,3.03679,False,23
429,3.06216,3.08936,False,23
1,1.08135,3.07324,False,24
3,1.06206,1.02183,False,24
5,1.03597,7.09558,False,24
6,1.0701100000000001,3.07914,False,24
7,1.00165,1.0,False,24
9,1.00281,1.13099,False,24
10,1.01526,1.02211,False,24
11,1.00674,1.0,False,24
13,1.10518,1.13482,False,24
17,1.05155,3.12175,False,24
18,1.0451,1.09088,False,24
19,1.0,3.00332,True,24
21,1.09889,3.03459,False,24
22,1.12376,1.13021,False,24
25,1.02514,4.03934,False,24
29,1.00848,1.14458,False,24
30,1.0201,1.13143,False,24
69,1.00229,4.11872,False,24
70,3.04559,3.07314,False,24
71,1.06123,3.0641,False,24
72,3.10542,3.06415,False,24
73,3.02507,3.12657,False,24
74,3.06921,3.05122,False,24
75,4.003,3.11986,False,24
76,1.13531,3.00093,False,24
77,3.07485,1.1446399999999999,False,24
78,1.09725,4.13672,False,24
79,1.13291,3.13354,False,24
82,1.08987,4.08474,False,24
83,1.08503,3.05203,False,24
84,3.14131,1.0,False,24
85,1.0,1.09753,True,24
86,1.0,4.12456,True,24
91,1.03744,1.1435,False,24
92,1.1011,3.136,False,24
93,1.09475,3.00508,False,24
95,1.05239,1.13804,False,24
98,1.02838,5.09684,False,24
99,2.03125,5.11517,False,24
100,1.10999,6.00703,False,24
101,1.00434,3.12105,False,24
103,1.11364,5.09545,False,24
104,1.0549,5.12392,False,24
106,1.00757,5.03737,False,24
107,1.02756,6.02862,False,24
109,1.12409,4.0808,False,24
110,1.09582,3.09333,False,24
111,1.00166,3.1368,False,24
112,1.00676,2.04865,False,24
113,1.0935,3.10857,False,24
114,1.0399,1.14151,False,24
115,1.09462,1.13379,False,24
116,1.04513,3.10471,False,24
117,1.03964,1.13822,False,24
118,1.08,3.06391,False,24
120,1.00334,4.12725,False,24
121,1.0022,1.12325,False,24
122,1.0048,1.13034,False,24
123,1.01442,1.14242,False,24
124,1.00023,7.06107,False,24
125,5.00283,4.14508,False,24
126,5.10331,5.13037,False,24
127,1.01395,4.07691,False,24
128,1.02965,5.12639,False,24
129,1.07759,5.08125,False,24
130,5.09223,5.08214,False,24
131,1.1302699999999999,1.12836,False,24
133,1.01012,1.14245,False,24
134,1.00552,1.13856,False,24
135,1.01575,1.14641,False,24
136,1.01519,1.14192,False,24
137,1.01045,1.04652,False,24
139,1.02381,1.14207,False,24
140,1.00043,1.14153,False,24
141,1.10746,1.12846,False,24
142,1.01673,1.10107,False,24
143,1.04371,1.1089,False,24
144,1.09868,1.10093,False,24
145,5.04308,1.0,False,24
146,1.0,1.0,True,24
147,1.0734,1.0,False,24
148,1.0,1.0,True,24
149,1.0,3.014,True,24
150,5.10239,1.0,False,24
151,1.0,1.13423,True,24
153,1.11067,1.1454,False,24
154,1.09414,5.0662,False,24
155,1.01341,7.06831,False,24
156,1.0831,3.09307,False,24
157,1.03081,1.14096,False,24
158,1.06514,3.08447,False,24
159,1.00372,3.02111,False,24
160,1.0405,3.05444,False,24
161,1.0366900000000001,3.07623,False,24
162,4.09932,4.02788,False,24
164,1.00457,7.07707,False,24
165,5.07187,1.02168,False,24
166,5.10867,5.08308,False,24
167,1.14156,1.05171,False,24
168,5.11754,1.0,False,24
169,5.09112,5.08162,False,24
173,1.08565,4.13605,False,24
175,1.0865,1.07328,False,24
176,1.01986,1.07708,False,24
177,1.10737,5.13154,False,24
178,4.00062,6.11858,False,24
179,1.14449,5.09891,False,24
180,2.09842,5.01201,False,24
181,3.13603,5.08251,False,24
182,1.13374,5.00961,False,24
183,1.10939,5.08397,False,24
184,1.08883,7.03723,False,24
185,1.13807,5.0327,False,24
186,1.10501,7.02184,False,24
188,1.0035,5.13408,False,24
189,4.11294,6.10423,False,24
190,1.14307,3.10627,False,24
191,1.04601,5.125,False,24
192,1.11561,5.02107,False,24
193,6.00456,5.11648,False,24
194,1.12698,5.05271,False,24
195,1.07816,3.0229,False,24
197,1.00546,5.11654,False,24
198,1.11156,5.02367,False,24
199,3.02865,4.04715,False,24
200,1.13292,1.14095,False,24
201,1.13518,1.13486,False,24
202,7.05969,7.03438,False,24
203,4.08022,5.13349,False,24
204,1.12065,5.1402,False,24
206,1.00046,5.08967,False,24
207,1.1203,3.00502,False,24
208,1.04821,1.14182,False,24
209,3.03775,3.08934,False,24
210,3.03119,3.12796,False,24
211,3.08109,3.00774,False,24
212,1.07479,1.08296,False,24
213,1.05685,3.08172,False,24
216,1.11811,6.12171,False,24
217,1.13526,4.1084,False,24
218,1.11031,5.07641,False,24
219,3.02406,5.1032399999999996,False,24
222,1.07271,3.12189,False,24
225,4.03244,3.09601,False,24
226,1.0854,5.10875,False,24
227,4.13074,7.13259,False,24
229,3.11838,4.13973,False,24
230,3.05353,3.10101,False,24
233,1.03034,5.1404,False,24
234,3.00158,5.09074,False,24
235,3.01828,5.14009,False,24
236,1.06735,1.10444,False,24
237,1.10329,1.14066,False,24
242,1.00003,4.13203,False,24
243,1.11865,1.13994,False,24
251,4.11457,4.11851,False,24
252,1.13975,3.14377,False,24
253,1.01883,5.08117,False,24
254,1.03694,1.14607,False,24
255,1.04269,3.06934,False,24
256,1.05327,5.1037,False,24
257,1.00975,5.06202,False,24
258,1.14639,3.12643,False,24
259,3.01114,1.14733,False,24
260,1.02414,1.06802,False,24
262,1.02891,6.1338,False,24
263,1.05192,1.14618,False,24
264,1.07492,4.14398,False,24
265,1.1108,1.13651,False,24
270,3.04711,1.1427,False,24
271,1.1356,3.08607,False,24
272,1.14585,1.13395,False,24
273,1.13093,1.11585,False,24
274,1.08823,1.12752,False,24
275,3.12706,1.12859,False,24
280,1.0001,1.13041,False,24
289,1.05273,4.1185,False,24
290,1.13028,1.13686,False,24
291,1.1418,1.13676,False,24
292,1.08108,1.13999,False,24
293,5.0157,6.06918,False,24
294,5.00154,1.14463,False,24
295,5.05651,6.07035,False,24
296,5.04659,1.08903,False,24
297,1.08698,5.10825,False,24
298,1.00155,5.07643,False,24
299,1.08174,4.03875,False,24
300,1.10237,5.0799900000000004,False,24
301,1.02799,3.09527,False,24
302,1.00661,5.03564,False,24
303,1.00041,3.13211,False,24
308,1.02762,6.14705,False,24
317,1.00056,5.06237,False,24
318,1.09776,6.09571,False,24
319,1.05701,5.11253,False,24
320,1.0242,5.11005,False,24
321,1.05888,4.10669,False,24
322,1.07353,3.04964,False,24
323,1.02467,3.13501,False,24
324,1.00136,3.07681,False,24
325,1.07242,5.01983,False,24
326,1.02549,3.03098,False,24
328,1.10534,5.08143,False,24
329,2.03866,6.01783,False,24
330,1.1038000000000001,5.13624,False,24
331,1.03498,5.09766,False,24
332,1.11895,5.14519,False,24
333,3.08126,5.0383,False,24
334,1.0929,1.13127,False,24
335,1.1015,5.12998,False,24
336,1.03248,5.1439,False,24
337,1.07785,5.12845,False,24
339,1.01316,5.098,False,24
340,1.0,1.0152,True,24
341,1.0,5.03067,True,24
342,6.07318,1.10427,False,24
343,1.0,1.0,True,24
346,1.10785,3.03623,False,24
347,1.13446,6.12984,False,24
348,1.07393,5.14138,False,24
349,1.00214,5.02826,False,24
350,3.02401,4.02648,False,24
351,1.14115,5.00402,False,24
352,1.11416,4.00606,False,24
353,4.11934,7.06658,False,24
354,4.12932,5.13451,False,24
355,1.02589,3.1048999999999998,False,24
357,1.05035,4.11845,False,24
358,1.06956,3.12233,False,24
359,1.12903,3.01607,False,24
361,1.06201,5.04847,False,24
363,5.09694,5.08791,False,24
364,5.10276,5.09041,False,24
365,1.14251,3.02301,False,24
366,1.11873,1.09051,False,24
367,5.04413,5.10704,False,24
370,1.10233,3.10347,False,24
371,1.14648,3.09518,False,24
372,1.13996,6.01578,False,24
373,1.10905,1.12313,False,24
374,1.01086,7.07144,False,24
375,1.06944,3.00251,False,24
376,1.01589,1.10327,False,24
377,1.09556,1.00145,False,24
378,3.0347,3.09619,False,24
379,3.1021,1.13146,False,24
380,4.00973,3.04205,False,24
381,1.13205,1.14375,False,24
383,1.06155,5.08752,False,24
384,1.12654,5.06525,False,24
385,1.01487,5.08665,False,24
386,1.0069,5.13695,False,24
387,1.01094,4.12176,False,24
388,1.01955,1.14157,False,24
389,1.03785,2.12136,False,24
390,1.07677,2.10974,False,24
391,1.01911,3.13126,False,24
394,1.04808,5.07516,False,24
395,5.03543,1.14049,False,24
396,5.14426,1.04647,False,24
397,5.07179,1.07509,False,24
398,5.14008,3.04514,False,24
403,1.02985,4.04688,False,24
404,5.14148,4.03563,False,24
405,5.03497,1.11089,False,24
406,1.06681,1.08959,False,24
407,4.11381,3.04418,False,24
408,1.0,1.06439,True,24
412,5.00054,6.13163,False,24
413,5.00874,5.06891,False,24
414,5.01319,6.13237,False,24
415,5.00545,3.1259,False,24
416,3.04539,3.0271,False,24
417,1.12185,3.1367,False,24
418,5.10064,5.06728,False,24
419,3.132,5.03679,False,24
420,3.02822,3.02204,False,24
421,3.13294,5.06327,False,24
422,3.11357,5.09528,False,24
423,1.13751,3.07232,False,24
425,1.0532,7.05619,False,24
426,1.08613,4.07903,False,24
427,1.10787,1.14529,False,24
428,3.08255,3.13223,False,24
429,3.14322,3.13157,False,24
1,1.06062,3.10058,False,25
3,1.12785,1.08036,False,25
5,1.06083,7.04108,False,25
6,1.11191,3.0253,False,25
7,1.02477,1.0,False,25
9,1.02435,1.1400299999999999,False,25
10,1.07875,1.10236,False,25
11,1.00046,1.0,False,25
13,1.09737,1.13651,False,25
17,1.02293,3.06035,False,25
18,1.0458,1.11025,False,25
19,1.0,3.00615,True,25
21,1.08159,4.01322,False,25
22,1.1107,1.13654,False,25
25,1.02859,4.05456,False,25
29,1.01121,1.14593,False,25
30,1.0648900000000001,1.14379,False,25
69,1.00088,4.09908,False,25
70,3.03071,3.10512,False,25
71,1.04937,3.1383,False,25
72,3.09364,3.12079,False,25
73,3.02536,3.14604,False,25
74,3.0456,3.03349,False,25
75,4.0751,3.13828,False,25
76,1.1132,3.11708,False,25
77,3.04055,1.12926,False,25
78,1.08794,3.10384,False,25
79,1.13141,3.0734,False,25
82,1.03179,4.13711,False,25
83,1.01371,3.10777,False,25
84,3.04319,1.0,False,25
85,1.0,1.14449,True,25
86,1.0,4.13719,True,25
91,1.0615,1.1455899999999999,False,25
92,1.09769,3.01651,False,25
93,1.13288,3.0513,False,25
95,1.02184,1.13902,False,25
98,1.03119,5.0536,False,25
99,2.01494,5.10972,False,25
100,1.12902,6.09037,False,25
101,1.01919,3.07004,False,25
103,1.14676,5.12076,False,25
104,1.09238,5.0403,False,25
106,1.1292,5.00063,False,25
107,1.00236,6.03296,False,25
109,1.12224,4.0469,False,25
110,1.11297,3.12886,False,25
111,1.00645,3.07589,False,25
112,1.01938,2.01344,False,25
113,1.10655,3.09195,False,25
114,1.00843,1.13219,False,25
115,1.07256,1.13803,False,25
116,1.02492,3.09991,False,25
117,1.10514,1.1474,False,25
118,1.09823,3.12604,False,25
120,1.00001,4.11768,False,25
121,1.00148,1.13608,False,25
122,1.00443,1.14214,False,25
123,1.0055,1.14055,False,25
124,1.02133,7.13868,False,25
125,5.03878,4.14068,False,25
126,5.12596,5.12277,False,25
127,1.01996,4.01051,False,25
128,1.01882,5.04853,False,25
129,1.1351,5.14664,False,25
130,5.14272,5.14205,False,25
131,1.08975,1.13842,False,25
133,1.00267,1.14052,False,25
134,1.00312,1.12086,False,25
135,1.01973,1.14597,False,25
136,1.02676,1.09703,False,25
137,1.01695,1.03412,False,25
139,1.02175,1.11264,False,25
140,1.02372,1.14335,False,25
141,1.14462,1.07908,False,25
142,1.03862,1.07497,False,25
143,1.00866,1.14423,False,25
144,1.11673,1.11828,False,25
145,1.0,5.04365,True,25
146,1.0,1.0,True,25
147,1.11614,1.0,False,25
148,1.0,1.0,True,25
149,1.0,3.01526,True,25
150,5.12428,1.0,False,25
151,1.0,1.09453,True,25
153,1.13846,1.14189,False,25
154,1.10499,5.00328,False,25
155,1.01099,3.12714,False,25
156,1.10215,1.14714,False,25
157,1.0061,1.11794,False,25
158,1.03831,3.04567,False,25
159,1.03799,3.08513,False,25
160,1.02759,3.11719,False,25
161,1.01364,3.00373,False,25
162,4.13899,4.09961,False,25
164,1.0498,7.04597,False,25
165,5.14576,1.08966,False,25
166,5.10593,5.08011,False,25
167,1.1031900000000001,1.08497,False,25
168,5.14192,1.0,False,25
169,5.12149,5.06571,False,25
173,1.09625,4.10146,False,25
175,1.05183,1.0492,False,25
176,1.11807,1.1047,False,25
177,1.10413,5.11487,False,25
178,4.00438,5.1038,False,25
179,1.14248,5.13667,False,25
180,2.05668,5.08735,False,25
181,3.05542,5.05143,False,25
182,1.1262699999999999,5.00273,False,25
183,1.11747,5.12192,False,25
184,1.1323400000000001,7.0223700000000004,False,25
185,1.13568,5.14731,False,25
186,1.10754,7.04107,False,25
188,1.00756,5.11184,False,25
189,4.14099,6.00114,False,25
190,1.12397,3.14149,False,25
191,1.04511,5.13263,False,25
192,1.13131,5.07546,False,25
193,6.03285,5.05806,False,25
194,1.09935,5.13823,False,25
195,1.1461999999999999,3.12019,False,25
197,1.00973,5.10375,False,25
198,1.07162,5.07044,False,25
199,3.04532,3.05693,False,25
200,1.13235,1.11558,False,25
201,1.12172,1.10212,False,25
202,7.01995,7.01639,False,25
203,4.06248,5.14472,False,25
204,1.06092,5.07747,False,25
206,1.00014,5.01831,False,25
207,1.10988,3.13455,False,25
208,1.03049,1.09333,False,25
209,3.02204,3.03572,False,25
210,3.0072,3.08542,False,25
211,3.11533,3.01453,False,25
212,1.05431,1.10389,False,25
213,1.06229,3.06605,False,25
216,1.11117,6.00209,False,25
217,1.14198,4.07031,False,25
218,1.07915,5.12991,False,25
219,1.1362700000000001,5.08268,False,25
222,1.13193,3.11176,False,25
225,4.03882,3.0601,False,25
226,1.1007500000000001,5.13938,False,25
227,4.03673,7.05061,False,25
229,3.1108,4.14578,False,25
230,3.06001,3.13295,False,25
233,1.0052,5.13566,False,25
234,3.00128,5.10749,False,25
235,3.02646,3.02342,False,25
236,1.02119,1.11831,False,25
237,1.06536,1.13729,False,25
242,1.00369,4.14152,False,25
243,1.0979700000000001,1.1341700000000001,False,25
251,4.06382,4.09904,False,25
252,1.1366100000000001,3.13775,False,25
253,1.02579,5.05701,False,25
254,1.01203,1.0,False,25
255,1.07043,3.08982,False,25
256,1.01515,5.06808,False,25
257,1.02319,5.03521,False,25
258,1.14212,3.06868,False,25
259,1.07696,1.14321,False,25
260,1.01795,1.10621,False,25
262,1.00481,6.14414,False,25
263,1.07315,1.13675,False,25
264,1.13934,4.06149,False,25
265,1.10993,1.14316,False,25
270,3.03636,1.14318,False,25
271,1.13424,3.11089,False,25
272,1.12669,1.12867,False,25
273,1.12925,1.13984,False,25
274,1.01888,1.14633,False,25
275,3.1037,1.1398,False,25
280,1.02116,1.13712,False,25
289,1.05945,4.0675,False,25
290,1.09379,1.1464699999999999,False,25
291,1.14636,1.13344,False,25
292,1.09845,1.13652,False,25
293,5.00053,5.11111,False,25
294,5.00092,5.00026,False,25
295,5.00329,6.09581,False,25
296,5.00578,1.04523,False,25
297,1.11572,5.05334,False,25
298,1.03313,5.09193,False,25
299,1.06337,4.03915,False,25
300,1.04353,5.01384,False,25
301,1.01567,3.10417,False,25
302,1.04838,5.1454,False,25
303,3.09626,3.1316,False,25
308,1.02234,6.07024,False,25
317,1.02494,5.13525,False,25
318,1.0965,6.0892,False,25
319,1.06467,5.14612,False,25
320,1.04295,5.1097,False,25
321,1.02894,4.09782,False,25
322,1.04565,3.00516,False,25
323,1.00233,3.14007,False,25
324,1.01671,3.06166,False,25
325,1.07062,5.11285,False,25
326,1.02117,3.0904,False,25
328,1.10633,5.1393699999999995,False,25
329,1.13772,6.03734,False,25
330,1.10047,5.12929,False,25
331,1.00907,3.05903,False,25
332,1.14359,5.13582,False,25
333,3.07955,5.09652,False,25
334,1.13003,1.1467100000000001,False,25
335,1.09079,5.12966,False,25
336,1.11135,5.06699,False,25
337,1.04051,5.11665,False,25
339,1.00815,5.01649,False,25
340,1.0,1.09345,True,25
341,1.0,5.06855,True,25
342,6.01328,1.00931,False,25
343,1.0,1.0,True,25
346,1.05562,5.03747,False,25
347,1.1249500000000001,6.00688,False,25
348,1.11741,5.06752,False,25
349,1.05094,5.00791,False,25
350,3.08909,4.14571,False,25
351,1.1126800000000001,5.068,False,25
352,1.06689,4.09854,False,25
353,4.06591,7.06074,False,25
354,4.14438,5.11497,False,25
355,1.08951,3.11681,False,25
357,1.06172,4.05228,False,25
358,1.04947,3.10691,False,25
359,1.12115,3.00655,False,25
361,1.06385,5.1251,False,25
363,5.09906,5.09474,False,25
364,5.10599,5.06261,False,25
365,1.01247,3.01333,False,25
366,1.1096,1.11203,False,25
367,5.08012,5.05877,False,25
370,1.09042,3.11234,False,25
371,1.13913,3.0957,False,25
372,1.14148,6.04232,False,25
373,1.13339,1.14419,False,25
374,1.00651,7.09495,False,25
375,1.11676,1.06731,False,25
376,1.05943,1.1299299999999999,False,25
377,1.06845,1.10531,False,25
378,3.08402,3.13001,False,25
379,3.0893,1.10218,False,25
380,4.03824,3.1043,False,25
381,1.09938,1.1445400000000001,False,25
383,1.07858,5.11779,False,25
384,1.1463700000000001,5.06833,False,25
385,1.00054,5.14164,False,25
386,1.02021,5.05991,False,25
387,1.0005,4.02255,False,25
388,1.00379,1.14496,False,25
389,1.00334,2.07518,False,25
390,1.0129,5.0736,False,25
391,1.02433,3.05268,False,25
394,1.00208,5.14529,False,25
395,5.07042,1.09865,False,25
396,5.06067,1.02751,False,25
397,5.10366,1.12568,False,25
398,5.08242,3.01865,False,25
403,1.06657,4.08384,False,25
404,5.03549,4.10063,False,25
405,5.06135,1.08929,False,25
406,1.04688,1.0,False,25
407,4.032,3.12258,False,25
408,1.0,1.08853,True,25
412,5.00045,6.05707,False,25
413,5.00458,5.0296,False,25
414,5.02017,6.06239,False,25
415,5.01086,3.05429,False,25
416,3.03386,5.1432,False,25
417,1.14185,3.09061,False,25
418,5.02623,5.02619,False,25
419,3.11241,5.059,False,25
420,3.06089,3.04502,False,25
421,3.14546,5.13195,False,25
422,3.04456,5.10622,False,25
423,1.13065,3.13334,False,25
425,1.06457,7.03761,False,25
426,1.0802,4.10074,False,25
427,1.12262,1.14285,False,25
428,3.08314,3.12075,False,25
429,3.07414,3.0302,False,25
1,1.08838,3.06717,False,26
3,1.01501,1.00949,False,26
5,1.04825,7.11541,False,26
6,1.03056,3.01812,False,26
7,1.03572,1.0,False,26
9,1.00239,1.14351,False,26
10,1.07958,1.13689,False,26
11,1.09679,1.0,False,26
13,1.11186,1.14264,False,26
17,1.05128,3.0603,False,26
18,1.06329,1.08306,False,26
19,1.0,3.04601,True,26
21,1.09641,4.09824,False,26
22,1.13385,1.13441,False,26
25,1.03616,4.13062,False,26
29,1.00586,1.12673,False,26
30,1.06481,1.13825,False,26
69,1.00559,4.04995,False,26
70,3.03693,3.02418,False,26
71,1.09515,1.14521,False,26
72,3.1097,3.07323,False,26
73,3.00745,3.1027,False,26
74,3.0718199999999998,3.03084,False,26
75,4.02247,3.11757,False,26
76,1.13211,3.01369,False,26
77,3.00021,1.1423,False,26
78,1.09544,3.07681,False,26
79,1.12792,1.1454,False,26
82,1.00097,4.12411,False,26
83,1.04066,3.11526,False,26
84,3.02495,1.0,False,26
85,1.0,1.01541,True,26
86,1.0,4.07933,True,26
91,1.05154,1.11797,False,26
92,1.11614,1.14644,False,26
93,1.13278,3.04793,False,26
95,1.04144,1.12697,False,26
98,1.0668,5.12831,False,26
99,2.04463,5.11696,False,26
100,1.12357,6.07736,False,26
101,1.02099,3.06991,False,26
103,1.10525,5.0574,False,26
104,1.08172,5.07763,False,26
106,1.09162,5.04525,False,26
107,1.01829,6.06763,False,26
109,1.1369,4.03412,False,26
110,1.11009,3.11407,False,26
111,1.01344,3.14562,False,26
112,1.03173,2.12712,False,26
113,1.07857,3.12585,False,26
114,1.00267,1.13351,False,26
115,1.06138,1.14347,False,26
116,1.05494,3.04096,False,26
117,1.00096,1.12546,False,26
118,1.03382,3.13324,False,26
120,1.00245,4.13879,False,26
121,1.00881,1.14248,False,26
122,1.00113,1.12176,False,26
123,1.00173,1.07405,False,26
124,1.00002,7.06029,False,26
125,5.00391,4.03368,False,26
126,5.07962,5.1405,False,26
127,1.05462,4.1155100000000004,False,26
128,1.00226,5.0755,False,26
129,1.13185,5.06478,False,26
130,5.10388,5.02914,False,26
131,1.06431,1.14703,False,26
133,1.00331,1.14455,False,26
134,1.02725,1.13653,False,26
135,1.02522,1.1439300000000001,False,26
136,1.10718,1.1018,False,26
137,1.11121,1.09126,False,26
139,1.05547,1.09298,False,26
140,1.00214,1.13735,False,26
141,1.03685,1.03558,False,26
142,1.02975,1.0762,False,26
143,1.08085,1.13123,False,26
144,1.09921,1.09533,False,26
145,5.07878,1.0,False,26
146,1.0,1.0,True,26
147,1.02201,1.0,False,26
148,1.0,1.0,True,26
149,1.0,3.09132,True,26
150,5.01506,1.0,False,26
151,1.0,1.00312,True,26
153,1.14032,1.14713,False,26
154,1.09887,5.12949,False,26
155,1.00749,3.0947,False,26
156,1.05725,1.13707,False,26
157,1.03621,1.1442700000000001,False,26
158,1.05511,3.08055,False,26
159,1.00347,3.03549,False,26
160,1.03136,3.0831,False,26
161,1.02357,3.05003,False,26
162,4.03051,4.09833,False,26
164,1.00628,7.05598,False,26
165,5.06241,1.13203,False,26
166,5.11765,5.08073,False,26
167,1.11279,1.08459,False,26
168,5.10516,1.0,False,26
169,5.06999,5.06896,False,26
173,1.09291,4.09481,False,26
175,1.05081,1.06193,False,26
176,1.07686,1.07688,False,26
177,1.12002,5.13003,False,26
178,4.00025,5.10602,False,26
179,1.14323,5.14709,False,26
180,2.02429,5.101,False,26
181,3.06058,5.07932,False,26
182,1.1424,5.0462,False,26
183,1.08146,5.04686,False,26
184,1.10265,7.12413,False,26
185,1.11981,5.13405,False,26
186,1.09876,7.11373,False,26
188,1.02616,5.11197,False,26
189,4.12824,6.14114,False,26
190,1.12108,3.03709,False,26
191,1.1186,5.11769,False,26
192,1.13459,5.01849,False,26
193,6.04827,5.04678,False,26
194,1.13331,5.06216,False,26
195,1.14592,3.03585,False,26
197,1.00411,5.1393699999999995,False,26
198,1.11064,5.12209,False,26
199,1.09476,5.09907,False,26
200,1.14482,1.14056,False,26
201,1.07506,1.14478,False,26
202,7.07611,7.07535,False,26
203,4.05533,5.14429,False,26
204,1.11785,5.021,False,26
206,1.00164,5.07969,False,26
207,1.10505,3.11459,False,26
208,1.08354,1.13326,False,26
209,3.00136,3.12013,False,26
210,3.03288,3.11138,False,26
211,3.01445,3.00972,False,26
212,1.08986,1.13867,False,26
213,1.1326,3.06883,False,26
216,1.11521,6.08017,False,26
217,1.1366,4.09514,False,26
218,1.11906,5.10906,False,26
219,1.13728,5.06589,False,26
222,1.12548,3.11406,False,26
225,4.03205,3.12478,False,26
226,1.09026,5.04315,False,26
227,4.02216,7.03806,False,26
229,3.07119,4.02199,False,26
230,3.06746,3.1274,False,26
233,1.02521,5.07839,False,26
234,3.02106,5.04962,False,26
235,3.1007,3.09079,False,26
236,1.0328,1.1317300000000001,False,26
237,1.13754,1.10784,False,26
242,1.00325,4.09945,False,26
243,1.09851,1.08807,False,26
251,4.10376,4.10569,False,26
252,1.13843,3.029,False,26
253,1.02094,5.07941,False,26
254,1.03253,1.14607,False,26
255,1.00351,3.03374,False,26
256,1.03946,5.0283,False,26
257,1.01246,5.13702,False,26
258,1.11066,3.01997,False,26
259,3.1345,1.13996,False,26
260,1.00015,1.14718,False,26
262,1.00522,6.1436399999999995,False,26
263,1.03727,1.1459,False,26
264,1.14051,4.01573,False,26
265,1.1433,1.13492,False,26
270,3.02005,1.12642,False,26
271,1.13467,3.05982,False,26
272,1.11182,1.13995,False,26
273,1.07545,1.1458,False,26
274,1.08391,1.14667,False,26
275,3.03455,1.13955,False,26
280,1.00678,1.13163,False,26
289,1.08441,4.10652,False,26
290,1.13206,1.14198,False,26
291,1.14634,1.14274,False,26
292,1.12537,1.13914,False,26
293,5.00485,6.02469,False,26
294,5.00571,1.13835,False,26
295,5.00146,6.13555,False,26
296,5.01961,1.07684,False,26
297,1.09605,5.08526,False,26
298,1.01832,5.13435,False,26
299,1.12998,4.09918,False,26
300,1.01032,5.11971,False,26
301,1.02492,3.08958,False,26
302,1.05459,5.09952,False,26
303,1.00209,3.14722,False,26
308,1.0036,6.06976,False,26
317,1.00197,3.05374,False,26
318,1.0909200000000001,6.09097,False,26
319,1.0516,5.13905,False,26
320,1.04613,2.07199,False,26
321,1.05096,4.06926,False,26
322,1.06759,3.12001,False,26
323,1.03283,3.05247,False,26
324,1.01097,3.03654,False,26
325,1.07372,5.04675,False,26
326,1.00785,3.06526,False,26
328,1.05634,5.13799,False,26
329,2.10709,6.00616,False,26
330,1.07426,5.0969,False,26
331,1.06243,5.13514,False,26
332,1.1452,5.1059,False,26
333,3.04001,5.09666,False,26
334,1.13974,1.14283,False,26
335,1.13477,5.14628,False,26
336,1.04864,5.03045,False,26
337,1.11458,5.13917,False,26
339,1.0817,5.10065,False,26
340,1.0,1.12318,True,26
341,1.0,5.13562,True,26
342,6.0937,1.09993,False,26
343,1.0,1.0,True,26
346,1.08531,5.05944,False,26
347,1.13904,6.0165,False,26
348,1.10064,5.07561,False,26
349,1.05568,5.09243,False,26
350,1.14058,4.07472,False,26
351,1.14204,5.09212,False,26
352,1.05762,4.02987,False,26
353,4.03285,7.08619,False,26
354,4.13481,5.04641,False,26
355,1.02798,3.04212,False,26
357,1.06262,4.14585,False,26
358,1.09768,3.01294,False,26
359,1.13157,3.01302,False,26
361,1.08257,5.0498,False,26
363,5.11787,5.07192,False,26
364,5.12767,5.09111,False,26
365,1.14532,3.04418,False,26
366,1.12706,1.11604,False,26
367,5.10145,5.09171,False,26
370,1.11441,3.08851,False,26
371,1.13401,3.09708,False,26
372,1.14522,6.1128,False,26
373,1.08048,1.14184,False,26
374,1.00119,7.12364,False,26
375,1.12856,1.03076,False,26
376,1.03189,1.1387,False,26
377,1.09008,1.05501,False,26
378,3.13187,3.04381,False,26
379,3.0452,1.10681,False,26
380,4.096,3.12694,False,26
381,1.1287,1.1266,False,26
383,1.08823,5.1430299999999995,False,26
384,1.14451,3.10026,False,26
385,1.00842,5.12213,False,26
386,1.02571,5.02065,False,26
387,1.00056,4.05984,False,26
388,1.00219,1.1138,False,26
389,1.04056,2.00205,False,26
390,1.03855,2.11309,False,26
391,1.05576,3.09657,False,26
394,1.00251,5.14728,False,26
395,5.13626,1.03302,False,26
396,5.05794,1.06984,False,26
397,5.01241,1.06105,False,26
398,5.10961,3.13898,False,26
403,1.08191,4.02114,False,26
404,5.10742,4.08671,False,26
405,5.09602,1.11814,False,26
406,1.00799,1.06502,False,26
407,4.08302,3.08465,False,26
408,1.0,1.01638,True,26
412,5.00202,6.08768,False,26
413,5.00874,5.00359,False,26
414,5.00651,6.13445,False,26
415,5.01488,3.07068,False,26
416,3.1009700000000002,5.07947,False,26
417,1.14156,3.10356,False,26
418,5.05042,5.03781,False,26
419,3.09531,5.06669,False,26
420,3.08802,3.01924,False,26
421,3.13828,5.10693,False,26
422,3.10262,5.11226,False,26
423,1.12084,3.1141199999999998,False,26
425,1.02602,7.05504,False,26
426,1.07846,4.07572,False,26
427,1.0971,1.12545,False,26
428,3.04963,3.14311,False,26
429,3.05507,3.05903,False,26
1,1.07199,3.11786,False,27
3,1.0508,1.0333,False,27
5,1.05141,7.06051,False,27
6,1.04326,3.03659,False,27
7,1.00723,1.0,False,27
9,1.00349,1.12411,False,27
10,1.0309,1.04421,False,27
11,1.14648,1.0,False,27
13,1.12996,1.13181,False,27
17,1.04942,3.09712,False,27
18,1.07533,1.14503,False,27
19,1.0,3.02946,True,27
21,1.08605,4.00131,False,27
22,1.12705,1.11829,False,27
25,1.00561,1.12968,False,27
29,1.00547,1.13452,False,27
30,1.10079,1.14706,False,27
69,1.00058,4.0728,False,27
70,3.03277,3.01782,False,27
71,1.08459,3.03082,False,27
72,3.11675,3.10896,False,27
73,3.02363,3.02244,False,27
74,3.05627,3.05416,False,27
75,4.01089,3.14522,False,27
76,1.13266,3.0686,False,27
77,3.03535,1.14215,False,27
78,1.10133,4.09042,False,27
79,1.11091,3.09296,False,27
82,1.0674,4.14348,False,27
83,1.06667,3.08309,False,27
84,3.01199,1.0,False,27
85,1.0,1.11969,True,27
86,1.0,4.10564,True,27
91,1.04927,1.14405,False,27
92,1.10069,3.04,False,27
93,1.14148,3.01871,False,27
95,1.00894,1.12119,False,27
98,1.07263,5.12909,False,27
99,2.00537,5.14638,False,27
100,1.10539,6.08419,False,27
101,1.00536,3.10355,False,27
103,1.14651,5.14422,False,27
104,1.12698,5.07745,False,27
106,1.07809,5.05539,False,27
107,1.03052,6.06089,False,27
109,1.12206,4.02559,False,27
110,1.09861,3.10348,False,27
111,1.00185,3.07426,False,27
112,1.00162,2.06386,False,27
113,1.11774,3.08861,False,27
114,1.01393,1.13696,False,27
115,1.04202,1.12883,False,27
116,1.08209,3.10239,False,27
117,1.0707200000000001,1.13,False,27
118,1.06338,3.13564,False,27
120,1.00016,4.03955,False,27
121,1.00169,1.13213,False,27
122,1.00441,1.13003,False,27
123,1.00146,1.13766,False,27
124,1.01305,7.06551,False,27
125,5.01213,4.12475,False,27
126,5.08512,5.05352,False,27
127,1.06422,4.13929,False,27
128,1.02772,5.00766,False,27
129,1.13547,5.04561,False,27
130,5.1377,5.12989,False,27
131,1.09865,1.13658,False,27
133,1.00965,1.1470799999999999,False,27
134,1.0229,1.10212,False,27
135,1.02063,1.09867,False,27
136,1.04952,1.12658,False,27
137,1.0811,1.1118,False,27
139,1.04464,1.12865,False,27
140,1.0165,1.11894,False,27
141,1.0588,1.00174,False,27
142,1.02576,1.12132,False,27
143,1.01436,1.1411,False,27
144,1.06604,1.14066,False,27
145,5.07817,1.0,False,27
146,1.0,1.0,True,27
147,1.0,1.09682,True,27
148,1.0,1.0,True,27
149,1.0,3.11398,True,27
150,5.11298,1.0,False,27
151,1.0,1.05609,True,27
153,1.13018,1.13762,False,27
154,1.10021,5.0818,False,27
155,1.01778,7.11645,False,27
156,1.06966,3.14258,False,27
157,1.024,1.13856,False,27
158,1.04698,3.09479,False,27
159,1.11219,3.10305,False,27
160,1.0567,3.03702,False,27
161,1.06364,3.14209,False,27
162,4.14548,4.12382,False,27
164,1.03526,7.04393,False,27
165,5.05134,1.0826,False,27
166,5.14583,5.07511,False,27
167,1.12141,1.01692,False,27
168,5.07657,1.0,False,27
169,5.13827,5.0723,False,27
173,1.0919,4.03835,False,27
175,1.05483,1.06504,False,27
176,1.11577,1.13802,False,27
177,1.12754,5.07209,False,27
178,4.00706,5.12934,False,27
179,1.1357,5.14589,False,27
180,2.14339,5.07797,False,27
181,3.1001,5.08076,False,27
182,1.12244,5.04947,False,27
183,1.10956,5.11684,False,27
184,1.11863,7.06001,False,27
185,1.11954,5.02133,False,27
186,1.1145,7.12389,False,27
188,1.00752,5.14082,False,27
189,4.11847,6.10545,False,27
190,1.13686,3.11787,False,27
191,1.05867,5.06049,False,27
192,1.09911,5.0389,False,27
193,6.01679,5.05894,False,27
194,1.08729,5.12807,False,27
195,1.08111,3.07103,False,27
197,1.00254,5.14317,False,27
198,1.12059,5.13582,False,27
199,1.10162,5.13387,False,27
200,1.13163,1.14201,False,27
201,1.13146,1.12953,False,27
202,7.10918,7.03392,False,27
203,4.02296,5.11579,False,27
204,1.11548,5.09047,False,27
206,1.00345,5.02078,False,27
207,1.11115,3.12167,False,27
208,1.07467,1.11022,False,27
209,3.00224,3.02011,False,27
210,3.04351,3.12228,False,27
211,3.08141,3.02941,False,27
212,1.04815,1.12477,False,27
213,1.10439,3.08282,False,27
216,1.10876,6.13538,False,27
217,1.14329,4.09091,False,27
218,1.12588,5.12129,False,27
219,3.0085,5.01344,False,27
222,1.1342,3.09448,False,27
225,4.0196,3.10306,False,27
226,1.10606,5.01234,False,27
227,4.1306,7.03674,False,27
229,3.11116,4.0125,False,27
230,3.05381,3.13194,False,27
233,1.00707,5.1252,False,27
234,3.02384,5.01394,False,27
235,3.05572,5.11475,False,27
236,1.02867,1.07906,False,27
237,1.11294,1.0983,False,27
242,1.00983,4.1399799999999995,False,27
243,1.14086,1.1338300000000001,False,27
251,4.08274,4.11181,False,27
252,1.13754,3.1422,False,27
253,1.00629,5.06682,False,27
254,1.0582,1.13534,False,27
255,1.08071,3.1451000000000002,False,27
256,1.02529,5.04521,False,27
257,1.05804,5.08156,False,27
258,1.04905,3.03722,False,27
259,3.12476,1.1117,False,27
260,1.12887,1.0906,False,27
262,1.00628,6.10404,False,27
263,1.09272,1.13096,False,27
264,1.12553,4.08424,False,27
265,1.13148,1.13812,False,27
270,3.09596,1.1455,False,27
271,1.08737,3.03636,False,27
272,1.13618,1.14047,False,27
273,1.11449,1.13989,False,27
274,1.11357,1.11792,False,27
275,3.01326,1.14743,False,27
280,1.01219,1.10007,False,27
289,1.05664,4.11866,False,27
290,1.12319,1.1418300000000001,False,27
291,1.13721,1.13624,False,27
292,1.0793,1.14582,False,27
293,5.02452,6.00626,False,27
294,5.00026,5.14026,False,27
295,5.00323,6.08445,False,27
296,5.00795,1.1363699999999999,False,27
297,1.08549,5.12834,False,27
298,1.02595,5.03221,False,27
299,1.08355,4.02844,False,27
300,1.0514000000000001,5.13903,False,27
301,1.09659,3.10558,False,27
302,1.02951,5.09578,False,27
303,1.1311,3.13621,False,27
308,1.01256,6.02432,False,27
317,1.00421,3.13453,False,27
318,1.0907499999999999,6.02947,False,27
319,1.07039,5.08437,False,27
320,1.00059,5.10284,False,27
321,1.018,4.11571,False,27
322,1.03691,3.00492,False,27
323,1.02304,3.04525,False,27
324,1.00368,3.07055,False,27
325,1.12242,5.14635,False,27
326,1.03303,3.07887,False,27
328,1.09125,5.11352,False,27
329,2.08233,6.00704,False,27
330,1.09602,5.11528,False,27
331,1.081,3.03368,False,27
332,1.13866,5.11129,False,27
333,3.11773,5.08272,False,27
334,1.1250499999999999,1.14563,False,27
335,1.12401,5.07864,False,27
336,1.05781,5.0282,False,27
337,1.08441,5.12165,False,27
339,1.03149,5.07705,False,27
340,1.0,1.10042,True,27
341,1.0,5.0048,True,27
342,6.07514,1.12668,False,27
343,1.0,1.0,True,27
346,1.08996,5.14474,False,27
347,1.12157,6.07856,False,27
348,1.09664,5.12647,False,27
349,1.01836,5.02648,False,27
350,3.03655,4.06317,False,27
351,1.14625,5.03264,False,27
352,1.08753,4.06773,False,27
353,4.02751,7.10572,False,27
354,4.0993,5.13442,False,27
355,1.10577,3.14177,False,27
357,1.05903,4.1364,False,27
358,1.07607,3.10268,False,27
359,1.12065,3.14456,False,27
361,1.08174,5.14212,False,27
363,5.12041,5.11463,False,27
364,5.05401,5.04396,False,27
365,1.00866,3.04795,False,27
366,1.1378300000000001,1.11213,False,27
367,5.00857,5.09292,False,27
370,1.1073,3.10078,False,27
371,1.13786,3.09287,False,27
372,1.14682,6.00845,False,27
373,1.11879,1.12625,False,27
374,1.00873,7.08022,False,27
375,1.05373,3.06616,False,27
376,1.10282,1.14063,False,27
377,1.10647,1.10762,False,27
378,3.03731,3.1309,False,27
379,3.13421,1.10849,False,27
380,4.02831,3.01033,False,27
381,1.03765,1.12569,False,27
383,1.06083,5.03409,False,27
384,1.12884,5.05752,False,27
385,1.00324,5.1458,False,27
386,1.04458,5.06892,False,27
387,1.0147,4.0549,False,27
388,1.01486,1.12397,False,27
389,1.07131,2.05834,False,27
390,1.02757,2.02248,False,27
391,1.04203,3.01183,False,27
394,1.04608,5.12558,False,27
395,5.05972,1.08616,False,27
396,5.01286,1.11079,False,27
397,5.09889,1.13554,False,27
398,5.01963,3.05426,False,27
403,1.01893,4.13743,False,27
404,5.07406,4.13363,False,27
405,5.10248,1.12089,False,27
406,1.02813,1.0,False,27
407,4.02531,3.06941,False,27
408,1.0,1.07487,True,27
412,5.00275,6.0637,False,27
413,5.00065,5.13289,False,27
414,5.00348,6.05375,False,27
415,5.00597,3.10521,False,27
416,3.14424,3.07951,False,27
417,1.14295,3.1281499999999998,False,27
418,5.08611,5.08326,False,27
419,4.00147,3.05074,False,27
420,3.13652,3.08269,False,27
421,3.08585,5.11573,False,27
422,3.07368,5.05434,False,27
423,1.12231,3.11264,False,27
425,1.04377,7.03053,False,27
426,1.07646,4.06772,False,27
427,1.13097,1.13257,False,27
428,3.1284,3.11338,False,27
429,3.1371,3.09255,False,27
1,1.081,3.02223,False,28
3,1.023,1.0207,False,28
5,1.07374,7.14089,False,28
6,1.09375,3.05701,False,28
7,1.00025,1.0,False,28
9,1.01078,1.14117,False,28
10,1.11,1.05747,False,28
11,1.10639,1.0,False,28
13,1.11934,1.1231,False,28
17,1.03799,3.09874,False,28
18,1.07958,1.08735,False,28
19,1.0,3.004,True,28
21,1.09058,4.04105,False,28
22,1.12711,1.13711,False,28
25,1.04122,4.03412,False,28
29,1.01169,1.12454,False,28
30,1.12286,1.14645,False,28
69,1.00001,4.0445,False,28
70,3.03144,3.14472,False,28
71,1.12057,1.1459,False,28
72,3.03738,3.08895,False,28
73,3.02827,3.04801,False,28
74,3.07896,3.06448,False,28
75,4.00986,3.12958,False,28
76,1.14528,1.14616,False,28
77,3.01443,1.14336,False,28
78,1.10757,4.04671,False,28
79,1.12562,1.12512,False,28
82,1.02626,4.03987,False,28
83,1.0902,3.11021,False,28
84,3.11662,1.0,False,28
85,1.0,1.12464,True,28
86,1.0,4.10713,True,28
91,1.04079,1.13491,False,28
92,1.09735,1.14504,False,28
93,1.13815,3.10052,False,28
95,1.05136,1.13407,False,28
98,1.10175,5.13714,False,28
99,2.00615,5.09858,False,28
100,1.12152,6.00027,False,28
101,1.04646,3.01734,False,28
103,1.11218,5.04892,False,28
104,1.13269,5.12937,False,28
106,1.1145,5.13245,False,28
107,1.00146,6.053,False,28
109,1.0706,4.07753,False,28
110,1.11276,3.13216,False,28
111,1.01452,3.11709,False,28
112,1.00783,2.08246,False,28
113,1.05525,3.1338,False,28
114,1.00773,1.14318,False,28
115,1.0455,1.13537,False,28
116,1.01002,3.05721,False,28
117,1.0109,1.14035,False,28
118,1.00812,3.14338,False,28
120,1.0018,4.12151,False,28
121,1.00186,1.14588,False,28
122,1.00239,1.1406100000000001,False,28
123,1.01534,1.10934,False,28
124,1.01028,7.12905,False,28
125,5.11621,4.10752,False,28
126,5.12054,5.05161,False,28
127,1.00804,4.01686,False,28
128,1.01801,5.10467,False,28
129,1.1035,5.07926,False,28
130,5.1143,5.09248,False,28
131,1.11925,1.1161699999999999,False,28
133,1.01824,1.14169,False,28
134,1.00577,1.13152,False,28
135,1.0499,1.09315,False,28
136,1.00933,1.04288,False,28
137,1.0078,1.08801,False,28
139,1.03172,1.08262,False,28
140,1.02609,1.10046,False,28
141,1.09495,1.12676,False,28
142,1.0927,1.13767,False,28
143,1.06056,1.14453,False,28
144,1.11679,6.03294,False,28
145,5.00478,1.0,False,28
146,1.0,1.0,True,28
147,1.10358,1.0,False,28
148,1.0,1.0,True,28
149,1.0,3.09224,True,28
150,5.05344,1.0,False,28
151,1.0,1.05511,True,28
153,1.11614,1.13775,False,28
154,1.08568,5.10738,False,28
155,1.04793,1.14709,False,28
156,1.07275,3.01784,False,28
157,1.00939,1.14036,False,28
158,1.03612,3.14296,False,28
159,1.01091,3.04396,False,28
160,1.03521,3.12859,False,28
161,1.00687,3.03103,False,28
162,4.1128,4.10593,False,28
164,1.00613,7.03471,False,28
165,5.0222,1.08723,False,28
166,5.11596,5.09196,False,28
167,1.06538,1.0148,False,28
168,5.11458,1.0,False,28
169,5.08435,5.03153,False,28
173,1.10402,4.02634,False,28
175,1.07474,1.07117,False,28
176,1.05923,1.01195,False,28
177,1.09568,5.1167,False,28
178,4.00597,5.14017,False,28
179,1.13898,5.14462,False,28
180,2.01832,5.01348,False,28
181,3.11528,5.07248,False,28
182,1.127,5.01708,False,28
183,1.12128,5.12287,False,28
184,1.13917,7.08053,False,28
185,1.11899,5.00409,False,28
186,1.10976,7.06706,False,28
188,1.00472,7.10526,False,28
189,4.138,6.09,False,28
190,1.13953,3.13667,False,28
191,1.1327099999999999,5.07521,False,28
192,1.1262699999999999,5.10837,False,28
193,6.04064,5.08982,False,28
194,1.12457,5.14132,False,28
195,1.14501,3.02453,False,28
197,1.00404,5.13109,False,28
198,1.11892,5.03859,False,28
199,1.1472,5.04226,False,28
200,1.13461,1.13426,False,28
201,1.0889199999999999,1.10956,False,28
202,7.06299,7.03817,False,28
203,4.1022,5.00805,False,28
204,1.09385,5.00803,False,28
206,1.01236,5.14045,False,28
207,1.12243,3.12554,False,28
208,1.05755,1.13194,False,28
209,3.00082,3.09288,False,28
210,3.00469,3.14368,False,28
211,3.07768,3.05181,False,28
212,1.09275,1.12236,False,28
213,1.08434,3.02104,False,28
216,1.11398,6.12975,False,28
217,1.1358,4.10798,False,28
218,1.12064,5.14413,False,28
219,1.14273,5.02438,False,28
222,1.10448,3.05197,False,28
225,4.06772,3.14195,False,28
226,1.09794,5.08709,False,28
227,4.08744,7.00619,False,28
229,3.06688,4.10273,False,28
230,3.03719,4.03649,False,28
233,1.04871,5.11453,False,28
234,3.0636,3.04764,False,28
235,3.07833,5.01697,False,28
236,1.06042,1.08823,False,28
237,1.10663,1.04494,False,28
242,1.01339,4.02345,False,28
243,1.13569,1.11123,False,28
251,4.12876,4.12614,False,28
252,1.13534,3.10576,False,28
253,1.02441,5.01272,False,28
254,1.0145,1.01584,False,28
255,1.02744,3.0881,False,28
256,1.09202,5.12919,False,28
257,1.0136,5.11584,False,28
258,1.11426,3.10414,False,28
259,3.0935,1.1320999999999999,False,28
260,1.04537,1.13138,False,28
262,1.00387,6.10793,False,28
263,1.01793,1.14215,False,28
264,1.05864,4.02687,False,28
265,1.13124,1.14266,False,28
270,3.00647,1.1390500000000001,False,28
271,1.13733,3.14654,False,28
272,1.12337,1.11714,False,28
273,1.11001,1.14131,False,28
274,1.10568,1.1425,False,28
275,3.09753,1.13739,False,28
280,1.01893,1.12063,False,28
289,1.06773,3.082,False,28
290,1.12858,1.1469,False,28
291,1.1439300000000001,1.14711,False,28
292,1.13716,1.1421000000000001,False,28
293,5.00605,6.13664,False,28
294,5.00345,5.14107,False,28
295,5.03096,6.09209,False,28
296,5.01445,5.12084,False,28
297,1.11979,5.03704,False,28
298,1.00716,5.13643,False,28
299,1.05068,4.06659,False,28
300,1.07611,5.1068999999999996,False,28
301,1.02782,3.04979,False,28
302,1.02033,5.09662,False,28
303,1.05064,3.09969,False,28
308,1.00053,6.11322,False,28
317,1.01426,5.03517,False,28
318,1.07388,6.03418,False,28
319,1.04862,5.08547,False,28
320,1.04574,5.09803,False,28
321,1.08938,4.13827,False,28
322,1.05615,3.07423,False,28
323,1.01844,3.09501,False,28
324,1.01566,3.00154,False,28
325,1.03937,5.0463,False,28
326,1.03007,3.11712,False,28
328,1.06379,5.12018,False,28
329,2.0275,6.01826,False,28
330,1.12427,5.14292,False,28
331,1.09289,3.0298,False,28
332,1.11845,5.05316,False,28
333,3.10239,5.07625,False,28
334,1.08396,1.1344400000000001,False,28
335,1.1301,5.10078,False,28
336,1.1054599999999999,5.14237,False,28
337,1.11219,5.10561,False,28
339,1.01411,5.14167,False,28
340,1.0,1.01263,True,28
341,1.0,5.08014,True,28
342,6.02476,1.00997,False,28
343,1.0,1.0,True,28
346,1.09195,5.05636,False,28
347,1.1308,6.11773,False,28
348,1.08505,5.12697,False,28
349,1.02997,5.04948,False,28
350,1.14743,4.05129,False,28
351,1.12689,5.01431,False,28
352,1.07037,4.04362,False,28
353,4.08039,7.09821,False,28
354,4.10753,5.04853,False,28
355,1.09098,3.05174,False,28
357,1.05991,4.11566,False,28
358,1.09895,3.13012,False,28
359,1.1252,3.0787,False,28
361,1.09262,5.10032,False,28
363,5.09273,5.07963,False,28
364,5.09862,5.0971,False,28
365,1.01203,3.12545,False,28
366,1.10845,1.13689,False,28
367,5.06563,5.13599,False,28
370,1.11307,3.09439,False,28
371,1.1355,4.09036,False,28
372,1.14634,6.09171,False,28
373,1.11537,1.1196,False,28
374,1.02057,7.14546,False,28
375,1.05186,1.02917,False,28
376,1.0717,1.11797,False,28
377,1.14154,1.10693,False,28
378,3.08398,3.09624,False,28
379,3.06813,1.13593,False,28
380,4.00381,3.02611,False,28
381,1.1397599999999999,1.13395,False,28
383,1.0631,5.02127,False,28
384,1.13615,5.05936,False,28
385,1.00717,5.14584,False,28
386,1.00201,5.01871,False,28
387,1.08483,4.12587,False,28
388,1.00196,1.1317,False,28
389,1.00634,2.08174,False,28
390,1.02683,2.13025,False,28
391,1.00157,3.10132,False,28
394,1.00542,5.11166,False,28
395,5.08791,1.0755,False,28
396,5.12857,1.09233,False,28
397,5.12117,1.10579,False,28
398,5.01269,3.06043,False,28
403,1.02432,4.03943,False,28
404,5.02108,4.06512,False,28
405,5.0092,1.12002,False,28
406,1.03496,1.056,False,28
407,4.00052,3.10829,False,28
408,1.0,1.02629,True,28
412,5.00043,6.05859,False,28
413,5.00962,5.13627,False,28
414,5.0195,6.12177,False,28
415,5.00169,3.10426,False,28
416,3.03432,5.09231,False,28
417,1.14577,3.01763,False,28
418,5.05972,5.05416,False,28
419,3.06744,5.03888,False,28
420,3.01147,3.01101,False,28
421,3.03413,5.13856,False,28
422,3.07409,5.01475,False,28
423,1.13316,3.14567,False,28
425,1.03636,1.04117,False,28
426,1.07417,4.13159,False,28
427,1.06974,1.14139,False,28
428,3.09815,3.0696,False,28
429,3.02067,3.08401,False,28
1,1.06188,3.02016,False,29
3,1.09561,1.01493,False,29
5,1.05386,7.12028,False,29
6,1.05992,3.10287,False,29
7,1.03366,1.0,False,29
9,1.00839,1.11446,False,29
10,1.09479,1.02455,False,29
11,1.10097,1.0,False,29
13,1.05321,1.14664,False,29
17,1.07108,4.06127,False,29
18,1.04451,1.05408,False,29
19,1.0,3.04491,True,29
21,1.07193,4.03819,False,29
22,1.13264,1.11909,False,29
25,1.02662,4.10321,False,29
29,1.026,1.13358,False,29
30,1.08564,1.14688,False,29
69,1.00053,4.11873,False,29
70,3.0308,3.11693,False,29
71,1.06619,3.03751,False,29
72,3.11837,3.13055,False,29
73,3.03159,3.06532,False,29
74,3.05352,3.04534,False,29
75,4.06156,3.06892,False,29
76,1.14623,1.1455,False,29
77,3.00863,1.14422,False,29
78,1.09884,3.11957,False,29
79,1.1372200000000001,3.08919,False,29
82,1.01877,4.0781,False,29
83,1.04428,3.05333,False,29
84,3.0568,1.0,False,29
85,1.0,1.03326,True,29
86,1.0,4.09995,True,29
91,1.03061,1.14049,False,29
92,1.111,1.14581,False,29
93,1.12807,3.04624,False,29
95,1.04068,1.14189,False,29
98,1.04538,5.07889,False,29
99,2.01751,5.13186,False,29
100,1.127,6.04107,False,29
101,1.03194,3.1193400000000002,False,29
103,1.13898,5.10243,False,29
104,1.13155,5.05394,False,29
106,1.12816,5.14586,False,29
107,1.05322,6.06627,False,29
109,1.11367,4.06164,False,29
110,1.11955,3.14577,False,29
111,1.03481,3.10962,False,29
112,1.05281,2.11527,False,29
113,1.06422,3.08646,False,29
114,1.01076,1.14625,False,29
115,1.02667,1.14394,False,29
116,1.002,3.03241,False,29
117,1.02179,1.13685,False,29
118,1.04417,3.06651,False,29
120,1.00067,4.11761,False,29
121,1.00552,1.14661,False,29
122,1.00799,1.13896,False,29
123,1.00478,1.0852,False,29
124,1.04737,7.08317,False,29
125,5.07219,4.065,False,29
126,5.12611,5.10801,False,29
127,1.02587,4.06336,False,29
128,1.02268,5.04574,False,29
129,1.14519,5.11114,False,29
130,5.09358,5.04826,False,29
131,1.07422,1.11591,False,29
133,1.01113,1.14602,False,29
134,1.00197,1.11572,False,29
135,1.08984,1.08081,False,29
136,1.10832,1.13813,False,29
137,1.08147,1.0133,False,29
139,1.00957,1.12204,False,29
140,1.02291,1.11672,False,29
141,1.0056,1.06854,False,29
142,1.02001,1.11341,False,29
143,1.00169,1.11265,False,29
144,1.01685,1.14701,False,29
145,1.0,5.08541,True,29
146,1.0,1.0,True,29
147,1.0681,1.0,False,29
148,1.0,1.0,True,29
149,1.0,3.03286,True,29
150,5.01514,1.0,False,29
151,1.0,1.12326,True,29
153,1.1308,1.13725,False,29
154,1.0914,5.01071,False,29
155,1.02206,7.11339,False,29
156,1.04878,1.1026799999999999,False,29
157,1.00268,1.1403699999999999,False,29
158,1.1315,3.0756,False,29
159,1.01731,3.0658,False,29
160,1.0607,3.01773,False,29
161,1.04723,3.07854,False,29
162,4.09197,4.10972,False,29
164,1.03118,7.13604,False,29
165,5.10363,1.08935,False,29
166,5.13921,5.0854800000000004,False,29
167,1.04967,1.03343,False,29
168,5.12809,1.0,False,29
169,5.07088,5.05536,False,29
173,1.07779,4.14385,False,29
175,1.06492,1.06363,False,29
176,1.11002,1.11544,False,29
177,1.09815,5.1446,False,29
178,4.01385,5.11006,False,29
179,1.14492,5.12181,False,29
180,2.09546,5.1457,False,29
181,3.0792,5.07348,False,29
182,1.13852,5.01243,False,29
183,1.1086,5.05513,False,29
184,1.12358,7.10404,False,29
185,1.1094,5.11516,False,29
186,1.08442,7.13413,False,29
188,1.00366,7.02387,False,29
189,4.14105,6.04301,False,29
190,1.13873,3.08006,False,29
191,1.11745,5.11705,False,29
192,1.10996,5.06379,False,29
193,6.03349,5.08831,False,29
194,1.13754,5.00126,False,29
195,1.14255,3.09757,False,29
197,1.00091,5.0405,False,29
198,1.11361,5.11995,False,29
199,3.01903,4.03653,False,29
200,1.12266,1.11769,False,29
201,1.1223,1.12825,False,29
202,7.08307,7.07895,False,29
203,4.13735,5.12904,False,29
204,1.04915,5.13549,False,29
206,1.00691,5.0589,False,29
207,1.11236,3.13429,False,29
208,1.07415,1.14399,False,29
209,3.0158,3.08505,False,29
210,3.02176,3.14198,False,29
211,3.05559,3.01553,False,29
212,1.09177,1.1074,False,29
213,1.09758,3.10084,False,29
216,1.11402,6.14418,False,29
217,1.14094,4.12657,False,29
218,1.12039,5.07425,False,29
219,1.13842,5.01189,False,29
222,1.1008499999999999,3.09839,False,29
225,4.04244,3.14416,False,29
226,1.09969,5.02802,False,29
227,4.10448,7.05116,False,29
229,3.07046,4.06688,False,29
230,3.04069,3.07992,False,29
233,1.01127,5.14646,False,29
234,3.00247,5.04898,False,29
235,3.05851,5.04241,False,29
236,1.01418,1.1132900000000001,False,29
237,1.11555,1.12496,False,29
242,1.00299,4.053,False,29
243,1.06305,1.0979700000000001,False,29
251,4.0844,4.11783,False,29
252,1.14339,3.11789,False,29
253,1.01077,5.00978,False,29
254,1.00719,1.0,False,29
255,1.09157,3.04606,False,29
256,1.00639,5.0609,False,29
257,1.008,5.10223,False,29
258,1.09289,3.00254,False,29
259,1.01935,1.14474,False,29
260,1.10056,1.06538,False,29
262,1.00348,6.14481,False,29
263,1.05898,1.14699,False,29
264,1.1219999999999999,4.09791,False,29
265,1.14163,1.14536,False,29
270,3.06037,1.1433200000000001,False,29
271,1.13111,3.1022,False,29
272,1.14242,1.14205,False,29
273,1.1336,1.11921,False,29
274,1.06766,1.14511,False,29
275,3.0491,1.13983,False,29
280,1.02628,1.07689,False,29
289,1.05956,4.08374,False,29
290,1.12574,1.13002,False,29
291,1.14479,1.1433,False,29
292,1.05509,1.14482,False,29
293,5.00864,5.14719,False,29
294,5.01595,1.13828,False,29
295,5.01527,6.12917,False,29
296,5.10745,5.01055,False,29
297,1.10852,5.14084,False,29
298,1.00124,5.12786,False,29
299,1.09404,4.08237,False,29
300,1.03323,5.0531,False,29
301,1.06632,3.12791,False,29
302,1.07332,5.04205,False,29
303,1.08983,3.14283,False,29
308,1.00516,6.0657,False,29
317,1.00082,5.02592,False,29
318,1.11704,6.09107,False,29
319,1.04461,5.14718,False,29
320,1.09667,5.08879,False,29
321,1.0641,4.00883,False,29
322,1.06974,3.12237,False,29
323,1.07248,3.019,False,29
324,1.03582,3.03595,False,29
325,1.02365,5.09794,False,29
326,1.00264,3.09063,False,29
328,1.0743800000000001,5.09363,False,29
329,1.1402700000000001,6.03282,False,29
330,1.07666,5.13847,False,29
331,1.02765,3.10276,False,29
332,1.12173,5.09997,False,29
333,3.08617,5.10584,False,29
334,1.11713,1.14391,False,29
335,1.07419,5.0944,False,29
336,1.03803,5.14513,False,29
337,1.08997,5.09463,False,29
339,1.00386,5.10415,False,29
340,1.0,1.06919,True,29
341,1.0,5.0159,True,29
342,6.07383,1.13425,False,29
343,1.0,1.0,True,29
346,1.0884,5.06017,False,29
347,1.1294,6.13597,False,29
348,1.08915,5.14485,False,29
349,1.00481,5.05009,False,29
350,3.02612,4.12067,False,29
351,1.14645,5.05588,False,29
352,1.13395,4.02035,False,29
353,4.11371,7.08116,False,29
354,4.11991,5.06392,False,29
355,1.05403,3.13347,False,29
357,1.06405,4.12856,False,29
358,1.11775,3.14146,False,29
359,1.133,3.13162,False,29
361,1.08849,5.10291,False,29
363,5.11203,5.0519,False,29
364,5.08526,5.07721,False,29
365,1.13656,3.14001,False,29
366,1.12681,1.12406,False,29
367,5.02809,5.08718,False,29
370,1.1124,3.14564,False,29
371,1.13767,3.04047,False,29
372,1.14622,6.1405899999999995,False,29
373,1.11759,1.14648,False,29
374,1.01144,7.02048,False,29
375,1.00342,3.07937,False,29
376,1.09043,1.12012,False,29
377,1.08978,1.0,False,29
378,3.01596,3.1068,False,29
379,3.05672,1.11201,False,29
380,4.00432,3.03387,False,29
381,1.13117,1.10947,False,29
383,1.10233,5.13891,False,29
384,1.12899,5.05413,False,29
385,1.00237,5.14649,False,29
386,1.01686,5.12604,False,29
387,1.00747,4.12851,False,29
388,1.00705,1.11238,False,29
389,1.02951,2.10733,False,29
390,1.04972,5.10439,False,29
391,1.00109,3.02124,False,29
394,1.02935,5.1027,False,29
395,5.03049,1.06218,False,29
396,5.10556,1.12214,False,29
397,5.12121,1.12391,False,29
398,5.11517,3.02104,False,29
403,1.01799,4.05648,False,29
404,5.06084,4.13306,False,29
405,5.0959,1.14731,False,29
406,1.07272,1.0152,False,29
407,4.11588,3.07111,False,29
408,1.0,1.10405,True,29
412,5.00108,6.05976,False,29
413,5.00824,1.14588,False,29
414,5.01176,6.06135,False,29
415,5.00101,3.04855,False,29
416,3.11924,3.06334,False,29
417,1.14225,3.14248,False,29
418,5.08896,5.03671,False,29
419,4.00788,3.13393,False,29
420,3.08649,3.07097,False,29
421,3.0979,5.0892,False,29
422,1.14652,5.05622,False,29
423,1.10518,3.01283,False,29
425,1.01623,1.07911,False,29
426,1.07507,4.0535,False,29
427,1.07059,1.14685,False,29
428,3.11119,3.1264,False,29
429,3.14405,3.03092,False,29
1,1.06926,3.0749,False,30
3,1.04182,1.00089,False,30
5,1.05741,7.03597,False,30
6,1.06326,3.00189,False,30
7,1.02193,1.0,False,30
9,1.00457,1.12484,False,30
10,1.04917,1.10571,False,30
11,1.13492,1.0,False,30
13,1.10782,1.10673,False,30
17,1.05712,3.11353,False,30
18,1.07522,1.0773,False,30
19,1.0,3.1062,True,30
21,1.09349,3.11576,False,30
22,1.12634,1.14656,False,30
25,1.007,4.0603,False,30
29,1.00284,1.11614,False,30
30,1.08645,1.1328,False,30
69,1.00187,4.07716,False,30
70,3.03403,3.13635,False,30
71,1.09594,1.14507,False,30
72,3.0226,3.14086,False,30
73,3.02393,3.14396,False,30
74,3.06684,3.05411,False,30
75,4.04032,3.13757,False,30
76,1.13691,3.08075,False,30
77,3.02131,1.1448800000000001,False,30
78,1.09804,4.08983,False,30
79,1.12097,3.05241,False,30
82,1.08311,4.14327,False,30
83,1.08241,3.12126,False,30
84,3.08704,1.0,False,30
85,1.07718,1.0,False,30
86,1.0,4.06308,True,30
91,1.06283,1.14213,False,30
92,1.0825,1.13878,False,30
93,1.12815,3.1227,False,30
95,1.0772599999999999,1.13676,False,30
98,1.10133,5.10297,False,30
99,2.02838,5.09996,False,30
100,1.10492,6.01806,False,30
101,1.03693,3.02022,False,30
103,1.13827,5.12288,False,30
104,1.09557,5.03995,False,30
106,1.07486,5.0149,False,30
107,1.00303,6.0197,False,30
109,1.12184,4.08035,False,30
110,1.1115,3.12191,False,30
111,1.03016,3.04215,False,30
112,1.08996,2.13081,False,30
113,1.1021,3.07264,False,30
114,1.01335,1.13788,False,30
115,1.10461,1.13544,False,30
116,1.0865,3.09759,False,30
117,1.03311,1.14452,False,30
118,1.07349,3.12261,False,30
120,1.00109,4.13284,False,30
121,1.00072,1.14009,False,30
122,1.00027,1.13911,False,30
123,1.016,1.04147,False,30
124,1.02446,7.09737,False,30
125,5.0294,4.1442,False,30
126,5.06787,5.07834,False,30
127,1.06506,4.02898,False,30
128,1.01464,5.14051,False,30
129,1.14451,5.02019,False,30
130,5.1376100000000005,5.12835,False,30
131,1.05066,1.1025,False,30
133,1.00025,1.14734,False,30
134,1.00493,1.14556,False,30
135,1.00751,1.11415,False,30
136,1.01681,1.14278,False,30
137,1.03088,1.04228,False,30
139,1.05672,1.09173,False,30
140,1.00795,1.1298,False,30
141,1.03735,1.02859,False,30
142,1.04099,1.08823,False,30
143,1.11256,1.14522,False,30
144,1.05493,6.02635,False,30
145,1.0,5.07991,True,30
146,1.0,1.0,True,30
147,1.1400000000000001,1.0,False,30
148,1.0,1.0,True,30
149,1.0,3.08341,True,30
150,5.01355,1.0,False,30
151,1.0,1.02529,True,30
153,1.12197,1.14171,False,30
154,1.10693,5.13787,False,30
155,1.005,7.12754,False,30
156,1.12786,1.14555,False,30
157,1.00769,1.1256,False,30
158,1.08793,3.03235,False,30
159,1.02161,3.05206,False,30
160,1.04747,3.09656,False,30
161,1.00702,3.14078,False,30
162,4.05479,4.13033,False,30
164,1.0328,7.12056,False,30
165,5.08762,1.12026,False,30
166,5.12884,5.12511,False,30
167,1.13191,1.04302,False,30
168,5.03141,1.0,False,30
169,5.08609,5.06638,False,30
173,1.09327,4.08785,False,30
175,1.06222,1.0385,False,30
176,1.11765,1.10523,False,30
177,1.11558,5.1342,False,30
178,4.00286,5.14313,False,30
179,1.1394,5.12838,False,30
180,2.11184,5.03247,False,30
181,3.10262,5.14487,False,30
182,1.14398,5.00192,False,30
183,1.13922,5.10867,False,30
184,1.12523,7.00162,False,30
185,1.13582,5.03181,False,30
186,1.11599,7.07202,False,30
188,1.00504,5.10936,False,30
189,4.09572,6.08962,False,30
190,1.14399,3.13526,False,30
191,1.10544,5.13281,False,30
192,1.12227,5.07525,False,30
193,6.00054,5.01004,False,30
194,1.13479,5.04559,False,30
195,1.12534,3.07907,False,30
197,1.00063,5.13579,False,30
198,1.07942,5.11675,False,30
199,3.05504,4.07251,False,30
200,1.14169,1.13981,False,30
201,1.09521,1.13072,False,30
202,7.03585,7.02879,False,30
203,4.14582,5.08626,False,30
204,1.03777,5.07479,False,30
206,1.01362,5.05116,False,30
207,1.12007,3.00964,False,30
208,1.04279,1.13459,False,30
209,3.01185,3.02144,False,30
210,3.05678,3.0871399999999998,False,30
211,3.04558,3.04175,False,30
212,1.09674,1.09636,False,30
213,1.08709,3.08438,False,30
216,1.11937,6.0827,False,30
217,1.1434199999999999,4.09697,False,30
218,1.14063,5.12419,False,30
219,1.14252,5.12631,False,30
222,1.12342,3.10095,False,30
225,4.09339,3.12665,False,30
226,1.11502,5.12656,False,30
227,4.08542,7.03244,False,30
229,3.08948,4.06602,False,30
230,3.04336,3.09166,False,30
233,1.00478,5.14652,False,30
234,3.10738,3.03508,False,30
235,3.11553,3.10751,False,30
236,1.13457,1.13475,False,30
237,1.07067,1.05368,False,30
242,1.00486,4.12134,False,30
243,1.14032,1.10077,False,30
251,4.08649,4.12615,False,30
252,1.10542,3.07287,False,30
253,1.02884,5.02849,False,30
254,1.0360800000000001,1.09338,False,30
255,1.03918,3.14026,False,30
256,1.03049,5.10711,False,30
257,1.10286,5.07519,False,30
258,1.13995,3.0673,False,30
259,1.10794,1.11172,False,30
260,1.11345,1.1406100000000001,False,30
262,1.00516,6.13704,False,30
263,1.03057,1.14042,False,30
264,1.10155,4.04286,False,30
265,1.1316,1.14611,False,30
270,3.02404,1.12309,False,30
271,1.10276,3.12889,False,30
272,1.04984,1.14471,False,30
273,1.07895,1.1320999999999999,False,30
274,1.07652,1.13242,False,30
275,3.10382,1.11453,False,30
280,1.00762,1.12084,False,30
289,1.07321,4.1016,False,30
290,1.10271,1.1392,False,30
291,1.14247,1.13762,False,30
292,1.06587,1.13996,False,30
293,5.01433,6.01033,False,30
294,5.00205,5.02611,False,30
295,5.02604,6.02552,False,30
296,5.04959,1.03616,False,30
297,1.10336,5.12898,False,30
298,1.03713,5.10841,False,30
299,1.10145,4.05708,False,30
300,1.01884,5.11997,False,30
301,1.09294,3.14655,False,30
302,1.09657,5.10801,False,30
303,1.00425,3.11149,False,30
308,1.00641,6.09596,False,30
317,1.01235,5.12725,False,30
318,1.09752,6.03992,False,30
319,1.06664,5.13031,False,30
320,1.03529,5.10371,False,30
321,1.04347,4.04687,False,30
322,1.03399,3.04449,False,30
323,1.01745,3.04047,False,30
324,1.00373,3.09438,False,30
325,1.02697,5.05985,False,30
326,1.0352999999999999,3.0574,False,30
328,1.08871,5.08193,False,30
329,2.0938,6.06636,False,30
330,1.08494,5.1283,False,30
331,1.06175,3.00566,False,30
332,1.10643,5.09838,False,30
333,3.01165,5.13393,False,30
334,1.12502,1.13941,False,30
335,1.11925,5.08386,False,30
336,1.02598,5.05666,False,30
337,1.09669,5.09314,False,30
339,1.0432,5.01506,False,30
340,1.0,1.0802,True,30
341,1.0,5.11465,True,30
342,6.04226,1.07527,False,30
343,1.0,1.0,True,30
346,1.07841,3.06157,False,30
347,1.13303,6.06012,False,30
348,1.10776,5.05887,False,30
349,1.00414,5.0364,False,30
350,1.14363,4.06164,False,30
351,1.13781,5.06852,False,30
352,1.10504,4.03614,False,30
353,4.02967,7.03107,False,30
354,4.14226,5.0719899999999996,False,30
355,1.04867,3.02504,False,30
357,1.05857,4.13709,False,30
358,1.0655000000000001,3.06239,False,30
359,1.11998,3.04222,False,30
361,1.07817,5.12176,False,30
363,5.06245,5.05415,False,30
364,5.10862,5.05619,False,30
365,1.05074,3.12412,False,30
366,1.07228,1.11494,False,30
367,5.07671,5.03454,False,30
370,1.10192,3.11826,False,30
371,1.13605,3.11214,False,30
372,1.14521,6.1035,False,30
373,1.12465,1.11079,False,30
374,1.03037,7.06205,False,30
375,1.04371,3.14107,False,30
376,1.00484,1.04198,False,30
377,1.08274,1.07824,False,30
378,3.07181,3.12709,False,30
379,3.03808,1.13374,False,30
380,4.02703,3.02725,False,30
381,1.07662,1.13111,False,30
383,1.05697,5.1375399999999996,False,30
384,1.14612,5.14215,False,30
385,1.00693,5.13997,False,30
386,1.02347,5.1104,False,30
387,1.05345,4.14699,False,30
388,1.04266,1.14456,False,30
389,1.00259,2.09602,False,30
390,1.00531,5.09654,False,30
391,1.00601,3.07614,False,30
394,1.01174,5.12139,False,30
395,5.01178,1.13767,False,30
396,5.09826,1.09944,False,30
397,5.05147,1.12263,False,30
398,5.09045,3.07036,False,30
403,1.06535,4.05959,False,30
404,5.0222,4.12075,False,30
405,5.05398,1.04202,False,30
406,1.04088,1.0,False,30
407,4.04668,3.06417,False,30
408,1.0,1.14402,True,30
412,5.00261,6.11746,False,30
413,5.01243,5.11438,False,30
414,5.01573,6.04492,False,30
415,5.02961,3.07997,False,30
416,3.05914,3.03211,False,30
417,1.12319,3.10146,False,30
418,5.10821,5.10047,False,30
419,3.11947,5.12865,False,30
420,3.0628,3.04392,False,30
421,3.06814,5.11659,False,30
422,3.07861,5.09509,False,30
423,1.12413,3.02881,False,30
425,1.0057,7.05395,False,30
426,1.0572,4.11702,False,30
427,1.07784,1.14102,False,30
428,3.09722,3.05738,False,30
429,3.00396,3.07911,False,30
1,1.12163,3.02524,False,31
3,1.03119,1.02662,False,31
5,1.06534,7.09026,False,31
6,1.05951,3.09542,False,31
7,1.03598,1.0,False,31
9,1.00959,1.0949,False,31
10,1.04053,1.08662,False,31
11,1.05999,1.0,False,31
13,1.12086,1.14607,False,31
17,1.04023,3.08882,False,31
18,1.05207,1.11083,False,31
19,1.0,3.13997,True,31
21,1.0749,4.01603,False,31
22,1.11613,1.14583,False,31
25,1.00875,4.03467,False,31
29,1.03194,1.14632,False,31
30,1.0665499999999999,1.14444,False,31
69,1.00066,4.14266,False,31
70,3.01094,3.12951,False,31
71,1.07475,3.04665,False,31
72,3.11811,3.0705,False,31
73,3.01235,3.08817,False,31
74,3.07678,7.07322,False,31
75,4.03924,3.123,False,31
76,1.10894,3.07995,False,31
77,3.0066,1.13747,False,31
78,1.104,3.08217,False,31
79,1.12968,1.12925,False,31
82,1.04536,4.11949,False,31
83,1.04541,3.13753,False,31
84,3.05512,1.0,False,31
85,1.0,1.10781,True,31
86,1.0,4.06916,True,31
91,1.03682,1.14034,False,31
92,1.10925,3.14189,False,31
93,1.11807,3.0648,False,31
95,1.02824,1.14484,False,31
98,1.06427,5.14512,False,31
99,2.02282,5.12464,False,31
100,1.12504,6.03518,False,31
101,1.0036,3.09705,False,31
103,1.10914,5.01865,False,31
104,1.12393,5.1019,False,31
106,1.11077,5.03632,False,31
107,1.02167,6.0522,False,31
109,1.13273,4.08633,False,31
110,1.09438,3.1166,False,31
111,1.02511,3.13487,False,31
112,1.04934,2.04897,False,31
113,1.07445,3.07765,False,31
114,1.01427,1.13456,False,31
115,1.04509,1.13531,False,31
116,1.01272,3.06109,False,31
117,1.0604,1.11326,False,31
118,1.05322,3.0938,False,31
120,1.00312,4.11704,False,31
121,1.00085,1.13047,False,31
122,1.01197,1.1356,False,31
123,1.00441,1.14621,False,31
124,1.01836,7.11705,False,31
125,5.05185,4.12962,False,31
126,5.06636,5.11204,False,31
127,1.1016,4.01613,False,31
128,1.02818,5.07129,False,31
129,1.10901,5.07594,False,31
130,5.11999,5.11238,False,31
131,1.09861,1.10525,False,31
133,1.01495,1.14224,False,31
134,1.00114,1.14598,False,31
135,1.03594,1.11249,False,31
136,1.01291,1.0679400000000001,False,31
137,1.0,1.142,True,31
139,1.03343,1.11662,False,31
140,1.06639,1.11879,False,31
141,1.01072,1.07615,False,31
142,1.00646,1.0,False,31
143,1.03004,1.11904,False,31
144,1.14358,1.07732,False,31
145,1.0,5.11011,True,31
146,1.0,1.0,True,31
147,1.00829,1.0,False,31
148,1.0,1.0,True,31
149,1.0,3.06374,True,31
150,5.14424,1.0,False,31
151,1.0,1.1465,True,31
153,1.1375899999999999,1.14291,False,31
154,1.1008499999999999,5.07561,False,31
155,1.03422,7.12361,False,31
156,1.07878,1.13623,False,31
157,1.02266,1.0927,False,31
158,1.00942,3.10975,False,31
159,1.00271,3.01991,False,31
160,1.01794,3.10288,False,31
161,1.12167,3.05127,False,31
162,4.14115,4.11775,False,31
164,1.03804,7.12131,False,31
165,5.13334,1.03712,False,31
166,5.12672,5.02752,False,31
167,1.14307,1.00094,False,31
168,5.06888,1.0,False,31
169,5.12557,5.10111,False,31
173,1.09771,4.00952,False,31
175,1.056,1.05567,False,31
176,1.01897,1.08862,False,31
177,1.1114,5.1374,False,31
178,4.02419,5.127,False,31
179,1.1355,5.14361,False,31
180,2.11794,5.07612,False,31
181,3.10245,5.05945,False,31
182,1.12564,5.00557,False,31
183,1.13179,5.10979,False,31
184,1.13855,7.03862,False,31
185,1.1386,5.1227,False,31
186,1.11857,7.1414,False,31
188,1.01113,7.11269,False,31
189,4.11099,6.11777,False,31
190,3.10493,3.10479,False,31
191,1.14129,5.07414,False,31
192,1.09721,5.12984,False,31
193,6.01225,5.06911,False,31
194,1.12582,5.03532,False,31
195,1.13378,3.02461,False,31
197,1.00277,5.11178,False,31
198,1.08433,5.10877,False,31
199,1.13981,4.04072,False,31
200,1.1306,1.13833,False,31
201,1.04018,5.11518,False,31
202,7.03031,7.07512,False,31
203,4.06393,5.06957,False,31
204,1.05694,5.11969,False,31
206,1.00419,5.05356,False,31
207,1.12188,3.086,False,31
208,1.03172,1.1452499999999999,False,31
209,3.00965,3.09267,False,31
210,3.01336,3.05151,False,31
211,3.05987,3.03071,False,31
212,1.07219,1.1459,False,31
213,1.0436,3.11475,False,31
216,1.11143,6.14506,False,31
217,1.1341700000000001,4.02414,False,31
218,1.10972,5.13918,False,31
219,3.02768,5.05814,False,31
222,1.11919,3.12027,False,31
225,4.05136,3.14016,False,31
226,1.10055,5.1399,False,31
227,4.11272,7.01457,False,31
229,3.08551,4.02833,False,31
230,3.09964,3.10045,False,31
233,1.0213700000000001,5.12959,False,31
234,3.00481,3.00477,False,31
235,3.09406,3.08296,False,31
236,1.10545,1.12378,False,31
237,1.05355,1.0542,False,31
242,1.00383,4.13136,False,31
243,1.12964,1.08936,False,31
251,4.11424,4.0859,False,31
252,1.14134,3.13934,False,31
253,1.00242,5.04285,False,31
254,1.01171,1.04942,False,31
255,1.08297,3.02701,False,31
256,1.04965,5.12096,False,31
257,1.03437,5.0977,False,31
258,1.03601,3.13868,False,31
259,3.00637,1.1336,False,31
260,1.13109,1.1406100000000001,False,31
262,1.00579,6.01608,False,31
263,1.0128,1.13335,False,31
264,1.13029,4.0305,False,31
265,1.12026,1.14102,False,31
270,3.10662,1.14602,False,31
271,1.1062,3.11647,False,31
272,1.11384,1.1341,False,31
273,1.1059,1.11569,False,31
274,1.10862,1.14471,False,31
275,3.06026,1.14314,False,31
280,1.00491,1.08954,False,31
289,1.06551,4.13907,False,31
290,1.1297,1.12897,False,31
291,1.13872,1.13798,False,31
292,1.08239,1.14477,False,31
293,5.00508,6.03573,False,31
294,5.00908,5.05169,False,31
295,5.04435,6.03692,False,31
296,5.01864,5.05894,False,31
297,1.13962,5.10731,False,31
298,1.04265,5.03928,False,31
299,1.11527,4.02656,False,31
300,1.05884,5.06838,False,31
301,1.03972,3.05475,False,31
302,1.06494,5.06995,False,31
303,1.08195,3.05753,False,31
308,1.01408,6.06113,False,31
317,1.0221,5.00172,False,31
318,1.10962,6.04155,False,31
319,1.02173,5.1232,False,31
320,1.01939,2.05714,False,31
321,1.0688900000000001,4.07726,False,31
322,1.01389,3.01649,False,31
323,1.00678,3.05935,False,31
324,1.00237,3.1072,False,31
325,1.08294,5.05111,False,31
326,1.03942,3.07449,False,31
328,1.06634,5.07161,False,31
329,1.13903,6.04987,False,31
330,1.08347,5.10282,False,31
331,1.0948,5.07818,False,31
332,1.09029,5.13387,False,31
333,3.09259,5.05069,False,31
334,1.12994,1.1376,False,31
335,1.1202,5.08338,False,31
336,1.023,5.01774,False,31
337,1.11575,5.11377,False,31
339,1.05654,5.04048,False,31
340,1.0,1.07372,True,31
341,1.0,5.13808,True,31
342,6.0105,1.13128,False,31
343,1.0,1.0,True,31
346,1.07206,5.02216,False,31
347,1.12379,6.01812,False,31
348,1.09467,5.01976,False,31
349,1.00873,5.0583,False,31
350,1.13057,4.06085,False,31
351,1.14222,5.07385,False,31
352,1.09368,4.03129,False,31
353,4.02797,7.04776,False,31
354,4.14616,5.07011,False,31
355,1.06583,3.143,False,31
357,1.05298,4.06054,False,31
358,1.05251,3.10172,False,31
359,1.12759,3.03371,False,31
361,1.06231,5.1201,False,31
363,5.03234,5.0292,False,31
364,5.05306,5.05137,False,31
365,1.00822,3.08828,False,31
366,1.13495,1.13177,False,31
367,5.0644,5.10624,False,31
370,1.11627,3.14043,False,31
371,1.14622,3.03159,False,31
372,1.14736,6.08908,False,31
373,1.11124,1.14226,False,31
374,1.00373,7.0957,False,31
375,1.01359,1.02096,False,31
376,1.12064,1.08652,False,31
377,1.12112,1.00712,False,31
378,3.03464,3.05668,False,31
379,3.1454,1.08421,False,31
380,4.00325,3.07167,False,31
381,1.03661,1.06994,False,31
383,1.07043,5.11715,False,31
384,1.14063,5.11656,False,31
385,1.01715,5.14054,False,31
386,1.0251,5.06258,False,31
387,1.005,4.0023,False,31
388,1.06906,1.13504,False,31
389,1.01849,2.14032,False,31
390,1.00353,5.13084,False,31
391,1.01464,3.02384,False,31
394,1.01388,5.13032,False,31
395,5.13012,1.09938,False,31
396,5.00789,1.03658,False,31
397,5.10529,1.14623,False,31
398,5.12311,3.11008,False,31
403,1.0625,4.06188,False,31
404,5.01438,4.05781,False,31
405,5.13802,1.13543,False,31
406,1.01085,1.09269,False,31
407,4.09282,3.13156,False,31
408,1.0,1.10452,True,31
412,5.00193,6.13458,False,31
413,5.00575,5.13897,False,31
414,5.00561,6.09825,False,31
415,5.00485,3.04744,False,31
416,3.13016,3.122,False,31
417,1.12108,3.1011,False,31
418,5.1039,5.07799,False,31
419,3.14393,5.14085,False,31
420,3.11001,3.01781,False,31
421,3.09868,5.04944,False,31
422,3.03321,5.01792,False,31
423,1.12424,3.10642,False,31
425,1.00203,7.08561,False,31
426,1.06869,4.13676,False,31
427,1.10488,1.14247,False,31
428,3.12549,3.11738,False,31
429,3.00893,3.0589,False,31
1,1.10565,3.03942,False,32
3,1.09093,1.07977,False,32
5,1.03557,7.1197,False,32
6,1.02931,3.01967,False,32
7,1.01729,1.0,False,32
9,1.01882,1.13181,False,32
10,1.02523,1.12299,False,32
11,1.00568,1.0,False,32
13,1.10515,1.12583,False,32
17,1.06704,3.00932,False,32
18,1.10372,1.09368,False,32
19,1.0,3.11753,True,32
21,1.08405,4.08967,False,32
22,1.13484,1.14583,False,32
25,1.01616,4.03883,False,32
29,1.02184,1.14051,False,32
30,1.08809,1.13877,False,32
69,1.00322,4.06707,False,32
70,3.05132,3.1275,False,32
71,1.08079,3.04141,False,32
72,3.01834,3.04558,False,32
73,3.00334,3.01782,False,32
74,3.08872,3.0524,False,32
75,4.08115,3.12862,False,32
76,1.14536,3.09404,False,32
77,3.0158,1.14619,False,32
78,1.1016,4.02802,False,32
79,1.12222,3.1055,False,32
82,1.06987,4.1433,False,32
83,1.06272,3.12459,False,32
84,3.0257,1.0,False,32
85,1.0446,1.0,False,32
86,1.0,4.09016,True,32
91,1.05971,1.11569,False,32
92,1.09568,1.14521,False,32
93,1.13554,3.13614,False,32
95,1.02985,1.13352,False,32
98,1.07347,5.033,False,32
99,2.0043,5.14466,False,32
100,1.1284,6.01408,False,32
101,1.06773,3.11194,False,32
103,1.1151200000000001,5.00077,False,32
104,1.10426,5.02368,False,32
106,1.11942,5.02327,False,32
107,1.01065,6.10781,False,32
109,1.11927,4.01756,False,32
110,1.11992,3.10022,False,32
111,1.01255,3.14572,False,32
112,1.01051,2.1147,False,32
113,1.10602,3.05541,False,32
114,1.00829,1.12338,False,32
115,1.02804,1.12228,False,32
116,1.02899,3.09431,False,32
117,1.00894,1.14032,False,32
118,1.04543,3.12266,False,32
120,1.00088,4.00446,False,32
121,1.00349,1.13639,False,32
122,1.00225,1.1454,False,32
123,1.01201,1.07511,False,32
124,1.11794,7.09729,False,32
125,5.05691,4.10399,False,32
126,5.02906,5.07082,False,32
127,1.02146,4.0678,False,32
128,1.07203,5.02219,False,32
129,1.13526,5.06237,False,32
130,5.12796,5.10823,False,32
131,1.11635,1.14688,False,32
133,1.0044,1.13988,False,32
134,1.00504,1.12216,False,32
135,1.01676,1.0859,False,32
136,1.01557,1.04345,False,32
137,1.04198,1.05204,False,32
139,1.02702,1.07884,False,32
140,1.01841,1.13408,False,32
141,1.07642,1.02408,False,32
142,1.10934,1.14161,False,32
143,1.04177,1.1345,False,32
144,1.06315,1.08254,False,32
145,5.09666,1.0,False,32
146,1.0,1.0,True,32
147,1.0647,1.0,False,32
148,1.0,1.0,True,32
149,1.0,3.05036,True,32
150,5.00586,1.0,False,32
151,1.0,1.00575,True,32
153,1.13999,1.13719,False,32
154,1.08728,5.0909,False,32
155,1.02732,3.07886,False,32
156,1.0636,1.1397599999999999,False,32
157,1.00377,1.14212,False,32
158,1.00182,3.0447,False,32
159,1.03584,3.02489,False,32
160,1.05171,3.02888,False,32
161,1.06037,3.09551,False,32
162,4.1292,4.03273,False,32
164,1.06463,7.01231,False,32
165,5.13351,1.10564,False,32
166,5.14503,5.05827,False,32
167,1.09913,1.07035,False,32
168,5.08755,1.0,False,32
169,5.13229,5.05226,False,32
173,1.07896,4.07037,False,32
175,1.08127,1.06682,False,32
176,1.14617,1.1313900000000001,False,32
177,1.08148,5.14359,False,32
178,4.0046,6.00064,False,32
179,1.146,5.08797,False,32
180,2.08301,5.09498,False,32
181,3.0816,5.10209,False,32
182,1.14171,5.02,False,32
183,1.1279,5.11561,False,32
184,1.12952,7.07663,False,32
185,1.1396,5.13634,False,32
186,1.07289,7.01678,False,32
188,1.00018,5.14672,False,32
189,4.07785,6.02798,False,32
190,1.14722,3.04738,False,32
191,1.08744,5.14481,False,32
192,1.0944,5.07629,False,32
193,6.06385,5.02321,False,32
194,1.11032,5.02621,False,32
195,1.13924,3.08045,False,32
197,1.00854,5.12615,False,32
198,1.14455,5.03566,False,32
199,1.13703,5.01374,False,32
200,1.13462,1.13193,False,32
201,1.09304,1.14492,False,32
202,7.03514,7.0674,False,32
203,4.01442,5.10368,False,32
204,1.08721,5.09009,False,32
206,1.00522,5.12557,False,32
207,1.12755,3.04717,False,32
208,1.04405,1.12938,False,32
209,3.0287,3.00799,False,32
210,3.02873,3.1389,False,32
211,3.05653,3.02006,False,32
212,1.09032,1.11051,False,32
213,1.08201,3.09569,False,32
216,1.10544,6.09705,False,32
217,1.13658,4.13536,False,32
218,1.11818,5.01638,False,32
219,1.14606,5.11792,False,32
222,1.09211,3.13122,False,32
225,4.0113,3.13513,False,32
226,1.09807,5.13228,False,32
227,4.05539,7.03437,False,32
229,3.09181,4.00363,False,32
230,3.06689,3.11195,False,32
233,1.00701,5.12382,False,32
234,3.00756,5.07081,False,32
235,3.07553,3.06824,False,32
236,1.0858,1.12227,False,32
237,1.02973,1.12457,False,32
242,1.00149,4.11227,False,32
243,1.14295,1.11093,False,32
251,4.08139,4.10432,False,32
252,1.11954,3.14215,False,32
253,1.00444,5.11305,False,32
254,1.0753,1.04001,False,32
255,1.02299,3.05028,False,32
256,1.01053,5.02747,False,32
257,1.00914,5.02156,False,32
258,1.05644,3.11261,False,32
259,3.07731,1.05631,False,32
260,1.00599,1.06886,False,32
262,1.00189,6.10995,False,32
263,1.05102,1.12781,False,32
264,1.09671,4.01001,False,32
265,1.1443,1.14076,False,32
270,3.01345,1.13525,False,32
271,1.1369,3.11557,False,32
272,1.10962,1.12908,False,32
273,1.11683,1.10466,False,32
274,1.11641,1.12852,False,32
275,3.1162900000000002,1.14262,False,32
280,1.01316,1.1339299999999999,False,32
289,1.07589,4.09342,False,32
290,1.1161699999999999,1.1435,False,32
291,1.14261,1.14165,False,32
292,1.09787,1.1455899999999999,False,32
293,5.0104,6.03438,False,32
294,5.02767,5.09479,False,32
295,5.02196,6.01695,False,32
296,5.00224,1.00254,False,32
297,1.09555,5.10715,False,32
298,1.01465,5.1048,False,32
299,1.0841,4.01483,False,32
300,1.03074,5.01318,False,32
301,1.06351,3.09439,False,32
302,1.04924,5.12804,False,32
303,1.05347,3.14473,False,32
308,1.00194,6.13898,False,32
317,1.02088,5.01095,False,32
318,1.07579,6.11421,False,32
319,1.05935,5.12556,False,32
320,1.08014,2.02001,False,32
321,1.06602,4.08664,False,32
322,1.07275,3.00234,False,32
323,1.03426,3.11547,False,32
324,1.02561,3.14252,False,32
325,1.0755,5.12341,False,32
326,1.07205,3.14336,False,32
328,1.09565,5.10044,False,32
329,1.13099,6.0148,False,32
330,1.11185,5.11386,False,32
331,1.0133,5.09288,False,32
332,1.13908,5.13996,False,32
333,3.09908,5.05952,False,32
334,1.0857,1.1272199999999999,False,32
335,1.12939,5.14092,False,32
336,1.03924,5.12664,False,32
337,1.10148,5.09169,False,32
339,1.12389,5.05305,False,32
340,1.0,1.00588,True,32
341,1.0,5.12084,True,32
342,6.04276,1.12531,False,32
343,1.0,1.0,True,32
346,1.07459,5.10093,False,32
347,1.11624,6.1167,False,32
348,1.09413,5.10113,False,32
349,1.00201,5.1112,False,32
350,1.13514,4.13196,False,32
351,1.12347,5.05401,False,32
352,1.13506,4.05111,False,32
353,4.02632,7.08538,False,32
354,4.12119,5.07873,False,32
355,1.01896,3.10594,False,32
357,1.05879,4.07969,False,32
358,1.08147,3.08654,False,32
359,1.13253,3.13637,False,32
361,1.07947,5.09101,False,32
363,5.08511,5.06887,False,32
364,5.08948,5.04476,False,32
365,1.0473,3.09401,False,32
366,1.11347,1.11128,False,32
367,5.01567,5.02723,False,32
370,1.09294,3.11817,False,32
371,1.14721,4.12899,False,32
372,1.13426,6.08816,False,32
373,1.08895,1.14174,False,32
374,1.00727,7.07359,False,32
375,1.07384,1.09307,False,32
376,1.08333,1.03787,False,32
377,1.107,1.10378,False,32
378,3.10043,3.14276,False,32
379,3.08475,1.11371,False,32
380,4.07919,3.08916,False,32
381,1.14246,1.1291,False,32
383,1.0256,5.13384,False,32
384,1.13911,5.14436,False,32
385,1.01354,5.07912,False,32
386,1.00309,5.13688,False,32
387,1.02212,4.00653,False,32
388,1.00678,1.13138,False,32
389,1.04223,2.09693,False,32
390,1.0785,5.00049,False,32
391,1.01665,3.00193,False,32
394,1.00608,5.04808,False,32
395,5.13968,1.10142,False,32
396,5.05229,1.05071,False,32
397,5.13663,1.11255,False,32
398,5.11689,3.13174,False,32
403,1.12412,4.04634,False,32
404,5.13292,4.06444,False,32
405,5.10477,1.1149,False,32
406,1.08963,1.0,False,32
407,4.13334,3.143,False,32
408,1.0,1.0701100000000001,True,32
412,5.00321,6.11806,False,32
413,5.00819,5.00964,False,32
414,5.0013,6.11095,False,32
415,5.00472,3.02409,False,32
416,3.0317,3.00659,False,32
417,1.12194,3.11916,False,32
418,5.08757,5.01971,False,32
419,3.10746,5.10496,False,32
420,3.0175,3.00576,False,32
421,3.13912,5.09178,False,32
422,1.13651,5.07067,False,32
423,1.12102,3.11583,False,32
425,1.00386,7.13661,False,32
426,1.0744,4.13184,False,32
427,1.10448,1.1457600000000001,False,32
428,3.13629,3.10409,False,32
429,3.01295,3.11738,False,32
1,1.0739,3.10079,False,33
3,1.0569,1.0281,False,33
5,1.04124,7.01348,False,33
6,1.09943,3.06061,False,33
7,1.02361,1.0,False,33
9,1.01562,1.08704,False,33
10,1.01955,1.11081,False,33
11,1.12004,1.0,False,33
13,1.12643,1.13401,False,33
17,1.069,4.04364,False,33
18,1.06422,1.0565,False,33
19,1.0,3.08507,True,33
21,1.08983,3.00346,False,33
22,1.14359,1.14728,False,33
25,1.04051,4.12522,False,33
29,1.02449,1.14157,False,33
30,1.10705,1.14614,False,33
69,1.00126,4.07123,False,33
70,3.02821,3.13593,False,33
71,1.07101,3.11609,False,33
72,3.11341,3.10907,False,33
73,3.00426,3.13362,False,33
74,3.06778,3.05457,False,33
75,4.13702,3.14047,False,33
76,1.14639,1.13433,False,33
77,3.01322,1.10426,False,33
78,1.09252,3.11066,False,33
79,1.12924,3.06143,False,33
82,1.0889,4.07571,False,33
83,1.08829,3.06461,False,33
84,3.10684,1.0,False,33
85,1.0,1.13427,True,33
86,1.0,4.115,True,33
91,1.04038,1.14643,False,33
92,1.09313,3.00411,False,33
93,1.13512,3.1231,False,33
95,1.03322,1.12441,False,33
98,1.10369,5.01913,False,33
99,2.01349,5.11558,False,33
100,1.09868,6.12556,False,33
101,1.00708,3.13584,False,33
103,1.12613,5.10946,False,33
104,1.11572,5.0507,False,33
106,1.12351,5.01192,False,33
107,1.05748,6.11329,False,33
109,1.10554,4.02951,False,33
110,1.10687,3.1267,False,33
111,1.00454,3.09902,False,33
112,1.00691,2.06534,False,33
113,1.0258,3.1134,False,33
114,1.01067,1.14336,False,33
115,1.10832,1.11633,False,33
116,1.00157,3.05454,False,33
117,1.06888,1.14107,False,33
118,1.03198,3.03075,False,33
120,1.01151,4.08209,False,33
121,1.00458,1.11356,False,33
122,1.00555,1.14651,False,33
123,1.00593,1.08014,False,33
124,1.00184,7.13217,False,33
125,5.02528,4.13947,False,33
126,5.09517,5.06841,False,33
127,1.04474,4.00468,False,33
128,1.0665,5.06257,False,33
129,1.14038,5.04806,False,33
130,5.06799,5.06224,False,33
131,1.09694,1.10551,False,33
133,1.00537,1.1400299999999999,False,33
134,1.02234,1.14679,False,33
135,1.02326,1.09298,False,33
136,1.01712,1.12769,False,33
137,1.12112,1.0749,False,33
139,1.06135,1.05645,False,33
140,1.00832,1.14307,False,33
141,1.0709,1.04127,False,33
142,1.07957,1.0608,False,33
143,1.00823,1.13821,False,33
144,1.02247,1.11217,False,33
145,1.0,5.14327,True,33
146,1.0,1.0,True,33
147,1.0893,1.0,False,33
148,1.0,1.0,True,33
149,1.0,3.03604,True,33
150,5.07861,1.0,False,33
151,1.0,1.04134,True,33
153,1.12706,1.1348,False,33
154,1.1136,5.05375,False,33
155,1.02688,7.0075,False,33
156,1.03746,1.13182,False,33
157,1.00977,1.12508,False,33
158,1.12223,3.04407,False,33
159,1.06773,3.13719,False,33
160,1.05326,3.01538,False,33
161,1.0355,3.09986,False,33
162,4.14703,4.04948,False,33
164,1.03712,7.11941,False,33
165,5.06751,1.14566,False,33
166,5.13094,5.05316,False,33
167,1.09141,1.08222,False,33
168,5.05011,1.0,False,33
169,5.13246,5.1217,False,33
173,1.0855,4.04866,False,33
175,1.09165,1.13579,False,33
176,1.08045,1.04727,False,33
177,1.10826,5.12124,False,33
178,4.01376,5.1388,False,33
179,1.14152,5.10616,False,33
180,2.13744,5.06436,False,33
181,3.04967,5.06955,False,33
182,1.14224,5.07053,False,33
183,1.11518,5.12882,False,33
184,1.12628,7.07984,False,33
185,1.14418,5.10412,False,33
186,1.11138,7.12499,False,33
188,1.00143,5.14169,False,33
189,4.14001,6.04695,False,33
190,1.10632,3.07245,False,33
191,1.09039,5.00277,False,33
192,1.09233,5.11381,False,33
193,6.1312,5.09968,False,33
194,1.10244,5.0524000000000004,False,33
195,1.13497,3.0689,False,33
197,1.01382,5.04843,False,33
198,1.11774,5.0443,False,33
199,3.07393,3.1434,False,33
200,1.12899,1.11835,False,33
201,1.07041,1.14217,False,33
202,7.07643,7.01501,False,33
203,4.07732,5.09544,False,33
204,1.12604,5.06589,False,33
206,1.00079,5.05629,False,33
207,1.12319,3.00527,False,33
208,1.04121,1.12558,False,33
209,3.00967,3.13606,False,33
210,3.0356,3.04645,False,33
211,3.06057,3.04215,False,33
212,1.08765,1.13001,False,33
213,1.10332,3.0334,False,33
216,1.1085,6.10161,False,33
217,1.139,4.06049,False,33
218,1.10906,5.06648,False,33
219,1.12557,5.11752,False,33
222,1.0999,3.07619,False,33
225,4.10458,3.11199,False,33
226,1.09537,5.063,False,33
227,4.07505,7.10275,False,33
229,3.10521,4.01597,False,33
230,3.08082,3.06432,False,33
233,1.00775,5.11259,False,33
234,3.08905,5.10235,False,33
235,3.11375,3.08664,False,33
236,1.1209,1.111,False,33
237,1.11837,1.14015,False,33
242,1.04223,4.13999,False,33
243,1.07691,1.09347,False,33
251,4.09789,4.14199,False,33
252,1.1358,3.12642,False,33
253,1.0498,5.00833,False,33
254,1.03379,1.0931,False,33
255,1.04995,3.09,False,33
256,1.03368,5.13533,False,33
257,1.02817,5.10858,False,33
258,1.08425,3.02343,False,33
259,1.1179999999999999,1.1338300000000001,False,33
260,1.07941,1.04034,False,33
262,1.00412,6.1357800000000005,False,33
263,1.00154,1.12804,False,33
264,1.13485,4.0163,False,33
265,1.14544,1.12205,False,33
270,3.05832,1.1396,False,33
271,1.14193,3.12472,False,33
272,1.11673,1.14428,False,33
273,1.1186,1.11651,False,33
274,1.09575,1.14412,False,33
275,3.01674,1.11796,False,33
280,1.00378,1.11619,False,33
289,1.09137,4.14244,False,33
290,1.11342,1.14165,False,33
291,1.14435,1.14367,False,33
292,1.11884,1.1223,False,33
293,5.00028,6.04832,False,33
294,5.00422,5.08241,False,33
295,5.00245,6.07125,False,33
296,5.01207,1.08835,False,33
297,1.10048,5.10251,False,33
298,1.02976,5.14035,False,33
299,1.04343,4.02337,False,33
300,1.039,5.04672,False,33
301,1.01139,3.03725,False,33
302,1.07988,5.12265,False,33
303,1.04276,3.14079,False,33
308,1.03412,6.12973,False,33
317,1.00269,5.12621,False,33
318,1.12306,6.06039,False,33
319,1.05007,5.1402,False,33
320,1.00044,5.01746,False,33
321,1.00531,4.14048,False,33
322,1.07144,3.04056,False,33
323,1.01898,3.04181,False,33
324,1.02848,3.12746,False,33
325,1.01073,5.0801,False,33
326,1.00463,3.13197,False,33
328,1.10821,5.07415,False,33
329,2.09068,6.02877,False,33
330,1.08392,5.11327,False,33
331,1.03434,3.13619,False,33
332,1.11886,5.11731,False,33
333,3.06227,5.07448,False,33
334,1.12913,1.1245,False,33
335,1.12639,5.09079,False,33
336,1.11593,5.13993,False,33
337,1.08195,5.11207,False,33
339,1.05236,5.0488,False,33
340,1.0,1.07451,True,33
341,1.0,5.12426,True,33
342,6.13092,1.04799,False,33
343,1.0,1.0,True,33
346,1.11462,3.01966,False,33
347,1.13797,6.04098,False,33
348,1.07992,5.07196,False,33
349,1.00387,5.06299,False,33
350,3.00056,4.06706,False,33
351,1.1274,5.13798,False,33
352,1.11939,4.04539,False,33
353,4.04917,7.02439,False,33
354,4.13016,5.07502,False,33
355,1.08778,3.07832,False,33
357,1.07437,4.02769,False,33
358,1.05614,3.05547,False,33
359,1.13086,3.12116,False,33
361,1.07015,5.09203,False,33
363,5.10163,5.0907,False,33
364,5.04817,5.04482,False,33
365,1.0505,3.0294,False,33
366,1.11611,1.14593,False,33
367,5.08956,5.11162,False,33
370,1.10194,3.13295,False,33
371,1.14615,3.09637,False,33
372,1.1468099999999999,6.14273,False,33
373,1.12025,1.11618,False,33
374,1.02959,7.08724,False,33
375,1.01474,1.0451,False,33
376,1.06641,1.07077,False,33
377,1.08251,1.1213,False,33
378,3.1469,3.07258,False,33
379,3.12262,1.13211,False,33
380,4.07581,3.12667,False,33
381,1.07098,1.12657,False,33
383,1.02232,5.10489,False,33
384,1.1412200000000001,5.00032,False,33
385,1.01406,5.14002,False,33
386,1.02364,5.13099,False,33
387,1.02243,4.11175,False,33
388,1.01213,1.1464,False,33
389,1.11864,2.05378,False,33
390,1.00115,5.08734,False,33
391,1.05046,3.01284,False,33
394,1.01242,5.14322,False,33
395,5.12033,1.11279,False,33
396,5.06466,1.1004,False,33
397,5.06638,1.13834,False,33
398,5.06855,3.10417,False,33
403,1.01297,4.0751,False,33
404,5.02921,4.11338,False,33
405,5.13091,1.06995,False,33
406,1.02271,1.0,False,33
407,4.07344,3.11459,False,33
408,1.0,1.00299,True,33
412,5.00061,6.09279,False,33
413,5.00009,5.08868,False,33
414,5.00762,6.09113,False,33
415,5.00173,3.02354,False,33
416,3.1116,3.05526,False,33
417,1.12422,3.03091,False,33
418,5.04346,5.0342,False,33
419,4.07236,3.13297,False,33
420,3.13844,3.04694,False,33
421,3.10576,5.06958,False,33
422,3.00462,5.04266,False,33
423,1.12384,3.00743,False,33
425,1.00524,1.07071,False,33
426,1.09379,4.04752,False,33
427,1.10796,1.14264,False,33
428,3.04804,3.03164,False,33
429,3.00471,3.13351,False,33
1,1.0866500000000001,3.14707,False,34
3,1.00704,1.00199,False,34
5,1.04417,7.08166,False,34
6,1.01392,3.1001,False,34
7,1.02065,1.0,False,34
9,1.0062,1.14337,False,34
10,1.07149,1.07424,False,34
11,1.12424,1.0,False,34
13,1.10768,1.11976,False,34
17,1.05398,4.01257,False,34
18,1.01467,1.03097,False,34
19,1.0,3.04265,True,34
21,1.06325,4.10714,False,34
22,1.13095,1.1336,False,34
25,1.04933,4.02535,False,34
29,1.00447,1.14734,False,34
30,1.05595,1.12336,False,34
69,1.00453,4.14123,False,34
70,3.0628,3.10735,False,34
71,1.10682,3.06331,False,34
72,3.02283,3.06086,False,34
73,3.02646,3.10305,False,34
74,3.06675,7.10691,False,34
75,4.0429,3.11,False,34
76,1.14162,3.10957,False,34
77,3.02974,1.14245,False,34
78,1.089,3.08588,False,34
79,1.11832,3.00189,False,34
82,1.04704,4.13137,False,34
83,1.06513,1.04207,False,34
84,3.11103,1.0,False,34
85,1.0,1.11372,True,34
86,1.0,4.07528,True,34
91,1.05901,1.14561,False,34
92,1.1012,3.01219,False,34
93,1.10968,3.08231,False,34
95,1.03466,1.14406,False,34
98,1.05772,5.13033,False,34
99,2.0797,5.07808,False,34
100,1.10966,6.0739,False,34
101,1.03635,3.13594,False,34
103,1.11369,5.09904,False,34
104,1.14395,5.07823,False,34
106,1.12624,5.07452,False,34
107,1.01405,6.02339,False,34
109,1.12767,4.02728,False,34
110,1.11625,3.08153,False,34
111,1.01975,3.09912,False,34
112,1.04473,2.09705,False,34
113,1.07108,3.0762,False,34
114,1.00367,1.1369799999999999,False,34
115,1.06518,1.14189,False,34
116,1.00428,3.11025,False,34
117,1.06947,1.14076,False,34
118,1.01761,3.09774,False,34
120,1.0108,4.0645,False,34
121,1.00102,1.13939,False,34
122,1.00167,1.14182,False,34
123,1.01252,1.13171,False,34
124,1.06155,7.12903,False,34
125,5.02739,4.06743,False,34
126,5.06891,5.13023,False,34
127,1.04574,4.06328,False,34
128,1.02182,5.02809,False,34
129,1.03231,5.0845,False,34
130,5.14078,5.07361,False,34
131,1.03948,1.11935,False,34
133,1.00089,1.14504,False,34
134,1.00065,1.11727,False,34
135,1.11718,1.09899,False,34
136,1.00303,1.13791,False,34
137,1.06104,1.06619,False,34
139,1.04444,1.14148,False,34
140,1.07695,1.14324,False,34
141,1.01332,1.07131,False,34
142,1.05246,1.10855,False,34
143,1.00557,1.13898,False,34
144,1.12828,1.1412,False,34
145,5.01758,1.0,False,34
146,1.0,1.0,True,34
147,1.0489,1.0,False,34
148,1.0,1.0,True,34
149,1.0,3.04397,True,34
150,5.10294,1.0,False,34
151,1.0,1.07035,True,34
153,1.13079,1.14248,False,34
154,1.10264,5.01227,False,34
155,1.00784,7.05867,False,34
156,1.08679,1.13893,False,34
157,1.01207,1.13184,False,34
158,1.06475,3.03077,False,34
159,1.00633,3.01904,False,34
160,1.01653,3.09431,False,34
161,1.03032,3.02904,False,34
162,4.09294,4.08821,False,34
164,1.02067,7.10383,False,34
165,5.1395,1.13214,False,34
166,5.14402,5.12262,False,34
167,1.02495,1.01805,False,34
168,5.0099,1.0,False,34
169,5.14117,5.12681,False,34
173,1.09223,4.14051,False,34
175,1.04552,1.0429599999999999,False,34
176,1.00107,1.14139,False,34
177,1.11661,5.09255,False,34
178,4.02314,5.09315,False,34
179,1.13494,5.12791,False,34
180,2.11463,5.12724,False,34
181,3.01878,5.11389,False,34
182,1.14672,5.02464,False,34
183,1.09916,5.10059,False,34
184,1.13744,7.07349,False,34
185,1.1455899999999999,5.12788,False,34
186,1.13217,7.03027,False,34
188,1.00134,5.12367,False,34
189,4.10196,6.06154,False,34
190,3.13189,3.1199500000000002,False,34
191,1.06397,5.12537,False,34
192,1.11886,5.01729,False,34
193,6.11431,5.11333,False,34
194,1.13133,5.11633,False,34
195,1.13897,3.09122,False,34
197,1.00009,5.10015,False,34
198,1.08208,5.06977,False,34
199,1.09035,5.11685,False,34
200,1.11878,1.11022,False,34
201,1.10998,1.13931,False,34
202,7.04928,7.06087,False,34
203,4.01426,5.0615,False,34
204,1.05989,5.03222,False,34
206,1.00413,5.02046,False,34
207,1.1065,3.04293,False,34
208,1.01808,1.12138,False,34
209,3.02507,3.04868,False,34
210,3.0113,3.10585,False,34
211,3.0906,3.06601,False,34
212,1.05832,1.08176,False,34
213,1.09895,3.005,False,34
216,1.10263,6.00877,False,34
217,1.14333,4.14681,False,34
218,1.13067,5.07092,False,34
219,3.07434,5.00912,False,34
222,1.11211,3.08399,False,34
225,4.0074,3.07513,False,34
226,1.09443,5.11845,False,34
227,4.0296,7.0862,False,34
229,3.1192,4.00321,False,34
230,3.08608,3.08419,False,34
233,1.02913,5.14202,False,34
234,3.02019,5.08768,False,34
235,3.13286,3.00386,False,34
236,1.09059,1.04651,False,34
237,1.0702,1.09748,False,34
242,1.00951,4.10531,False,34
243,1.1283,1.11562,False,34
251,4.09462,4.13467,False,34
252,1.13162,3.11644,False,34
253,1.04055,5.00547,False,34
254,1.00058,1.07585,False,34
255,1.1103,3.03098,False,34
256,1.00076,5.02368,False,34
257,1.03654,5.07638,False,34
258,1.04331,3.02421,False,34
259,3.04393,1.13776,False,34
260,1.0973,1.1237,False,34
262,1.00545,6.05702,False,34
263,1.029,1.1467,False,34
264,1.1209,4.13329,False,34
265,1.12366,1.14184,False,34
270,3.08032,1.13367,False,34
271,1.14721,3.07564,False,34
272,1.10344,1.11894,False,34
273,1.02447,1.1151200000000001,False,34
274,1.06982,1.09905,False,34
275,3.05205,1.14562,False,34
280,1.01649,1.1443699999999999,False,34
289,1.0849,4.07981,False,34
290,1.12774,1.13919,False,34
291,1.14539,1.14177,False,34
292,1.09976,1.13925,False,34
293,5.00579,5.14175,False,34
294,5.00396,1.14578,False,34
295,5.00082,6.08421,False,34
296,5.06579,1.03004,False,34
297,1.1351499999999999,5.12819,False,34
298,1.01819,5.08186,False,34
299,1.06587,4.01842,False,34
300,1.01169,5.0724,False,34
301,1.0336,3.07146,False,34
302,1.09372,5.0365,False,34
303,3.05211,3.0844300000000002,False,34
308,1.00454,6.12513,False,34
317,1.01993,5.00534,False,34
318,1.08445,6.09088,False,34
319,1.07327,5.0824,False,34
320,1.01411,5.02901,False,34
321,1.00024,4.07381,False,34
322,1.03827,3.07994,False,34
323,1.00031,3.09782,False,34
324,1.02427,3.13281,False,34
325,1.03917,5.12332,False,34
326,1.03601,3.05126,False,34
328,1.1009,5.0989,False,34
329,2.06324,6.05389,False,34
330,1.09978,5.14449,False,34
331,1.05577,3.01247,False,34
332,1.14646,5.08327,False,34
333,3.07797,5.09719,False,34
334,1.0875,1.14335,False,34
335,1.09598,5.06379,False,34
336,1.08536,5.07219,False,34
337,1.08279,5.06877,False,34
339,1.06006,5.04058,False,34
340,1.0,1.05836,True,34
341,1.0,5.04182,True,34
342,6.02543,1.09442,False,34
343,1.0,1.0,True,34
346,1.09017,5.05598,False,34
347,1.13858,6.08979,False,34
348,1.09266,5.02171,False,34
349,1.02774,5.00603,False,34
350,3.00006,4.00078,False,34
351,1.13918,5.01817,False,34
352,1.06211,4.12084,False,34
353,4.10277,7.09532,False,34
354,4.13249,5.13227,False,34
355,1.06187,3.10491,False,34
357,1.05722,4.14084,False,34
358,1.04608,3.03858,False,34
359,1.11331,3.04108,False,34
361,1.09894,5.07111,False,34
363,5.11614,5.08894,False,34
364,5.09608,5.06358,False,34
365,1.00668,3.07812,False,34
366,1.1052,1.07315,False,34
367,5.04921,5.04216,False,34
370,1.08742,3.14171,False,34
371,1.14481,3.09446,False,34
372,1.1472,6.10329,False,34
373,1.12378,1.13762,False,34
374,1.0144,7.10482,False,34
375,1.01234,1.09029,False,34
376,1.02574,1.1299,False,34
377,1.05888,1.10115,False,34
378,3.03176,3.1077,False,34
379,3.1373,1.14619,False,34
380,4.01767,3.09193,False,34
381,1.13252,1.11488,False,34
383,1.06584,5.14523,False,34
384,1.1435,5.14009,False,34
385,1.00269,5.11374,False,34
386,1.00011,5.11041,False,34
387,1.02249,4.09473,False,34
388,1.00146,1.12185,False,34
389,1.01584,2.04964,False,34
390,1.01874,5.04655,False,34
391,1.01069,3.14305,False,34
394,1.01568,5.09766,False,34
395,5.06663,1.13617,False,34
396,5.0707,1.09166,False,34
397,5.11697,1.08154,False,34
398,5.13352,3.0942,False,34
403,1.01997,4.12622,False,34
404,5.14698,4.07106,False,34
405,5.08104,1.11368,False,34
406,1.02898,1.0,False,34
407,4.12699,3.14073,False,34
408,1.0,1.098,True,34
412,5.00003,6.06338,False,34
413,5.00627,1.14179,False,34
414,5.04606,6.13985,False,34
415,5.00756,3.08747,False,34
416,3.11294,3.07143,False,34
417,1.1421999999999999,3.14563,False,34
418,5.0608,5.04143,False,34
419,3.13178,5.02307,False,34
420,3.1193,3.0415,False,34
421,3.13906,5.00764,False,34
422,3.07345,5.05634,False,34
423,1.12953,3.09449,False,34
425,1.1007,7.05532,False,34
426,1.0679,4.08437,False,34
427,1.06896,1.13587,False,34
428,3.11339,3.1177,False,34
429,3.11181,3.08779,False,34
1,1.10312,3.04011,False,35
3,1.05942,1.0137,False,35
5,1.02997,7.02256,False,35
6,1.01873,3.00645,False,35
7,1.04181,1.0,False,35
9,1.01013,1.07572,False,35
10,1.02741,1.02115,False,35
11,1.0743800000000001,1.0,False,35
13,1.12833,1.12879,False,35
17,1.06527,3.03083,False,35
18,1.05876,1.09488,False,35
19,1.0,3.0437,True,35
21,1.09561,3.0151,False,35
22,1.13174,1.13691,False,35
25,1.04503,4.00732,False,35
29,1.00764,1.13855,False,35
30,1.06459,1.14481,False,35
69,1.00008,4.11423,False,35
70,3.06642,3.00662,False,35
71,1.08199,3.08821,False,35
72,3.02726,3.1441,False,35
73,3.00112,3.01526,False,35
74,3.057,3.02848,False,35
75,4.0208,3.11714,False,35
76,1.14209,3.09534,False,35
77,3.00461,1.14524,False,35
78,1.09082,4.11951,False,35
79,1.12,3.02152,False,35
82,1.10568,4.13074,False,35
83,1.07978,3.06958,False,35
84,3.00965,1.0,False,35
85,1.0,1.0665499999999999,True,35
86,1.0,4.07428,True,35
91,1.0535,1.14532,False,35
92,1.0925,1.1440299999999999,False,35
93,1.1233,3.11495,False,35
95,1.02535,1.14539,False,35
98,1.06539,5.11721,False,35
99,2.04112,5.11998,False,35
100,1.10255,6.0893,False,35
101,1.0848,3.10446,False,35
103,1.13435,5.12349,False,35
104,1.09391,5.14714,False,35
106,1.1087,5.0954,False,35
107,1.00608,6.03232,False,35
109,1.1369,4.01921,False,35
110,1.12663,3.11885,False,35
111,1.00092,3.1398,False,35
112,1.04707,2.05798,False,35
113,1.04943,3.10994,False,35
114,1.01217,1.13615,False,35
115,1.12416,1.13728,False,35
116,1.00491,3.05972,False,35
117,1.04278,1.13067,False,35
118,1.04059,3.14224,False,35
120,1.00091,4.03135,False,35
121,1.01373,1.14365,False,35
122,1.0075,1.14674,False,35
123,1.00693,1.10995,False,35
124,1.02055,7.0528,False,35
125,5.07154,4.03539,False,35
126,5.0216,5.10425,False,35
127,1.03201,4.08558,False,35
128,1.00773,5.056,False,35
129,1.12763,5.13819,False,35
130,5.12507,5.0364,False,35
131,1.13425,1.11839,False,35
133,1.01686,1.14291,False,35
134,1.00117,1.1185100000000001,False,35
135,1.0239,1.14399,False,35
136,1.10825,1.12778,False,35
137,1.02747,1.12458,False,35
139,1.07569,1.12824,False,35
140,1.01918,1.08459,False,35
141,1.09562,1.14659,False,35
142,1.08664,1.04995,False,35
143,1.01302,1.09785,False,35
144,1.01097,1.10455,False,35
145,5.05192,1.0,False,35
146,1.0,1.0,True,35
147,1.12472,1.0,False,35
148,1.0,1.0,True,35
149,1.0,3.0143,True,35
150,5.00596,1.0,False,35
151,1.0,1.09362,True,35
153,1.12957,1.1372,False,35
154,1.09213,5.08098,False,35
155,1.01753,3.13558,False,35
156,1.04195,3.01482,False,35
157,1.01428,1.13363,False,35
158,1.12534,3.01533,False,35
159,1.05629,3.02869,False,35
160,1.026,3.14669,False,35
161,1.00738,3.06476,False,35
162,4.14264,4.06633,False,35
164,1.02246,7.11737,False,35
165,5.07716,1.07625,False,35
166,5.10329,5.05119,False,35
167,1.13497,1.11944,False,35
168,5.02299,1.0,False,35
169,5.13398,5.06931,False,35
173,1.06982,4.09789,False,35
175,1.05388,1.12985,False,35
176,1.08405,1.06775,False,35
177,1.11504,5.09849,False,35
178,4.03307,6.13983,False,35
179,1.13934,5.14738,False,35
180,2.03794,5.10572,False,35
181,3.09405,5.05329,False,35
182,1.13822,5.02782,False,35
183,1.13313,5.09446,False,35
184,1.11561,7.06191,False,35
185,1.13287,5.13726,False,35
186,1.1315,7.04025,False,35
188,1.0003,5.09302,False,35
189,4.13791,6.10734,False,35
190,1.14297,3.13919,False,35
191,1.09225,5.03869,False,35
192,1.10731,5.00014,False,35
193,6.14004,5.01278,False,35
194,1.14059,5.11086,False,35
195,1.12887,3.11882,False,35
197,1.01642,5.10618,False,35
198,1.13546,5.0191,False,35
199,3.02182,3.13165,False,35
200,1.14523,1.13807,False,35
201,1.13102,1.13265,False,35
202,7.03075,7.12513,False,35
203,4.14319,5.0935,False,35
204,1.11332,5.06181,False,35
206,1.00642,5.13379,False,35
207,1.115,3.08797,False,35
208,1.09158,1.14585,False,35
209,3.01771,3.13883,False,35
210,3.00267,3.11374,False,35
211,3.07541,3.06941,False,35
212,1.07703,1.07264,False,35
213,1.10048,3.11041,False,35
216,1.10293,6.12701,False,35
217,1.13392,4.04894,False,35
218,1.12281,5.13795,False,35
219,3.0524,5.00692,False,35
222,1.12237,3.05752,False,35
225,4.0128,3.07435,False,35
226,1.10976,5.10387,False,35
227,4.08007,7.11796,False,35
229,3.10695,4.11426,False,35
230,3.08464,3.0999,False,35
233,1.00227,5.12409,False,35
234,3.0046,5.11559,False,35
235,3.14643,3.14616,False,35
236,1.08939,1.09972,False,35
237,1.03533,1.10426,False,35
242,1.01793,4.14022,False,35
243,1.12171,1.10622,False,35
251,4.09911,4.07992,False,35
252,1.13764,3.10785,False,35
253,1.00126,5.10094,False,35
254,1.0083,1.11067,False,35
255,1.07091,3.14255,False,35
256,1.05452,5.02596,False,35
257,1.01451,5.01707,False,35
258,1.00628,3.05824,False,35
259,3.04915,1.13581,False,35
260,1.02613,1.10236,False,35
262,1.00024,6.13304,False,35
263,1.09465,1.1446399999999999,False,35
264,1.12667,4.09754,False,35
265,1.12376,1.14148,False,35
270,3.03447,1.12522,False,35
271,1.07856,3.03323,False,35
272,1.10795,1.14458,False,35
273,1.11006,1.14001,False,35
274,1.09322,1.14161,False,35
275,3.06082,1.13183,False,35
280,1.00046,1.1333,False,35
289,1.06607,3.09142,False,35
290,1.1293199999999999,1.14729,False,35
291,1.14328,1.14164,False,35
292,1.05006,1.13219,False,35
293,5.01554,5.14482,False,35
294,5.03013,5.12511,False,35
295,5.00189,6.01202,False,35
296,5.01068,5.01716,False,35
297,1.07207,5.10982,False,35
298,1.04893,5.05881,False,35
299,1.09463,4.02536,False,35
300,1.077,5.02695,False,35
301,1.06433,3.13227,False,35
302,1.02325,5.09958,False,35
303,3.00345,3.10509,False,35
308,1.01717,6.03208,False,35
317,1.01246,5.09749,False,35
318,1.10697,6.08089,False,35
319,1.04547,5.12635,False,35
320,1.03784,5.00635,False,35
321,1.04264,4.13702,False,35
322,1.03037,3.14677,False,35
323,1.01267,3.10725,False,35
324,1.03041,3.07516,False,35
325,1.06164,5.1262,False,35
326,1.00116,3.1273400000000002,False,35
328,1.06557,5.1385,False,35
329,1.14689,6.04311,False,35
330,1.09012,5.10821,False,35
331,1.02836,5.10842,False,35
332,1.06753,5.08288,False,35
333,3.06397,5.12248,False,35
334,1.11833,1.14432,False,35
335,1.10782,5.06334,False,35
336,1.08642,5.01549,False,35
337,1.09612,5.08985,False,35
339,1.04211,5.01276,False,35
340,1.0,1.11797,True,35
341,1.0,5.13908,True,35
342,6.05027,1.09462,False,35
343,1.0,1.0,True,35
346,1.11457,3.00206,False,35
347,1.11618,6.08606,False,35
348,1.12841,5.08167,False,35
349,1.01263,5.02469,False,35
350,1.14722,4.11184,False,35
351,1.13186,5.07841,False,35
352,1.12316,4.07404,False,35
353,4.10019,7.08623,False,35
354,4.13187,5.11068,False,35
355,1.06739,3.14314,False,35
357,1.05087,4.13813,False,35
358,1.10372,3.05793,False,35
359,1.12661,3.00829,False,35
361,1.09708,5.13147,False,35
363,5.10569,5.07127,False,35
364,5.05203,5.01812,False,35
365,1.09409,3.01314,False,35
366,1.0923,1.05571,False,35
367,5.10084,5.07544,False,35
370,1.11239,3.10941,False,35
371,1.14485,3.07008,False,35
372,1.14521,6.11021,False,35
373,1.12865,1.12022,False,35
374,1.04452,7.04679,False,35
375,1.10706,3.05254,False,35
376,1.13585,1.06152,False,35
377,1.05103,1.10364,False,35
378,3.02181,3.08284,False,35
379,3.00479,1.14511,False,35
380,4.01909,3.02363,False,35
381,1.10049,1.09103,False,35
383,1.0673,5.05965,False,35
384,1.14405,5.11545,False,35
385,1.01016,5.13397,False,35
386,1.04566,5.02966,False,35
387,1.00149,4.07142,False,35
388,1.00621,1.12309,False,35
389,1.01669,2.08888,False,35
390,1.00237,5.08038,False,35
391,1.00194,3.05201,False,35
394,1.00755,5.13125,False,35
395,5.08994,1.11518,False,35
396,5.14484,1.05847,False,35
397,5.11336,1.06747,False,35
398,5.14583,3.07683,False,35
403,1.04138,4.08612,False,35
404,5.01121,4.13979,False,35
405,5.11286,1.10466,False,35
406,1.01903,1.06013,False,35
407,4.04978,3.04692,False,35
408,1.0,1.09018,True,35
412,5.00048,6.05046,False,35
413,5.0102,5.01851,False,35
414,5.02834,6.12527,False,35
415,5.00963,3.01728,False,35
416,3.08355,3.01754,False,35
417,1.1431499999999999,3.13201,False,35
418,5.01122,5.0062,False,35
419,3.11058,5.1027,False,35
420,3.09939,3.01773,False,35
421,3.13347,5.07996,False,35
422,3.07334,5.03092,False,35
423,1.12719,3.1021,False,35
425,1.01001,7.08506,False,35
426,1.07419,4.12821,False,35
427,1.09187,1.14254,False,35
428,3.13453,3.1337,False,35
429,3.12768,3.05132,False,35
1,1.09897,3.02109,False,36
3,1.05683,1.04576,False,36
5,1.04087,7.13003,False,36
6,1.04239,3.04816,False,36
7,1.00271,1.0,False,36
9,1.00942,1.0677,False,36
10,1.05247,1.06158,False,36
11,1.01474,1.0,False,36
13,1.08068,1.14595,False,36
17,1.06775,3.04531,False,36
18,1.05506,1.06112,False,36
19,1.0,3.11324,True,36
21,1.08031,3.00112,False,36
22,1.12218,1.14275,False,36
25,1.02839,4.08587,False,36
29,1.01187,1.13531,False,36
30,1.07853,1.14434,False,36
69,1.00037,4.13701,False,36
70,3.016,3.13278,False,36
71,1.08233,1.12295,False,36
72,3.04545,3.11931,False,36
73,3.01435,3.10686,False,36
74,3.05674,3.05493,False,36
75,4.05823,3.09454,False,36
76,1.1231,3.12538,False,36
77,3.01654,1.13021,False,36
78,1.10001,4.05463,False,36
79,1.1311,1.12778,False,36
82,1.01835,4.08628,False,36
83,1.1357,3.03005,False,36
84,3.02191,1.0,False,36
85,1.0,1.01807,True,36
86,1.0,4.09998,True,36
91,1.044,1.1452,False,36
92,1.1006,3.10221,False,36
93,1.12579,3.12437,False,36
95,1.02044,1.11954,False,36
98,1.08921,5.12623,False,36
99,2.00378,5.13223,False,36
100,1.09883,6.11945,False,36
101,1.0599,3.07056,False,36
103,1.08582,5.06662,False,36
104,1.11476,5.12677,False,36
106,1.02124,5.06035,False,36
107,1.00344,6.0177,False,36
109,1.12874,4.03241,False,36
110,1.11072,3.12417,False,36
111,1.00082,3.08359,False,36
112,1.02941,2.03206,False,36
113,1.0793,3.11632,False,36
114,1.00848,1.13725,False,36
115,1.06612,1.13579,False,36
116,1.01424,3.10735,False,36
117,1.04899,1.14089,False,36
118,1.01604,3.057,False,36
120,1.01151,4.13982,False,36
121,1.00628,1.14106,False,36
122,1.01024,1.14697,False,36
123,1.01554,1.10552,False,36
124,1.05426,7.05138,False,36
125,5.06007,4.09143,False,36
126,5.10434,5.1093,False,36
127,1.02121,4.06645,False,36
128,1.05909,5.06983,False,36
129,1.10978,5.01577,False,36
130,5.09741,5.0762,False,36
131,1.03357,1.13061,False,36
133,1.02094,1.1421999999999999,False,36
134,1.00767,1.11746,False,36
135,1.06539,1.13486,False,36
136,1.01601,1.13307,False,36
137,1.14513,1.00829,False,36
139,1.03072,1.10322,False,36
140,1.03325,1.13583,False,36
141,1.11276,1.11048,False,36
142,1.04206,1.07692,False,36
143,1.00671,1.13147,False,36
144,1.03515,1.07413,False,36
145,5.088,1.0,False,36
146,1.0,1.0,True,36
147,1.0,1.07452,True,36
148,1.0,1.0,True,36
149,1.0,3.03384,True,36
150,5.03213,1.0,False,36
151,1.0,1.02836,True,36
153,1.10519,1.14074,False,36
154,1.07742,5.03849,False,36
155,1.00296,7.08207,False,36
156,1.07224,1.14457,False,36
157,1.00235,1.13734,False,36
158,1.11567,3.04694,False,36
159,1.04829,3.03833,False,36
160,1.06617,3.02804,False,36
161,1.04026,3.0023,False,36
162,4.06222,4.09025,False,36
164,1.02728,7.01236,False,36
165,5.00126,1.13419,False,36
166,5.08129,5.06872,False,36
167,1.07274,1.03123,False,36
168,5.13539,1.0,False,36
169,5.12445,5.11412,False,36
173,1.08252,4.05614,False,36
175,1.06747,1.0841,False,36
176,1.02483,1.01805,False,36
177,1.12172,5.09694,False,36
178,4.00709,5.14435,False,36
179,1.14369,5.13939,False,36
180,2.04794,5.01581,False,36
181,3.02383,5.0804,False,36
182,1.14411,5.01443,False,36
183,1.12372,5.09824,False,36
184,1.13609,7.04994,False,36
185,1.11051,5.04388,False,36
186,1.08699,7.13792,False,36
188,1.00211,7.13482,False,36
189,4.1342,6.01978,False,36
190,1.14648,3.13573,False,36
191,1.05381,5.12539,False,36
192,1.08633,5.00365,False,36
193,6.13563,5.08774,False,36
194,1.10854,5.02822,False,36
195,1.13711,3.04193,False,36
197,1.00408,5.1402,False,36
198,1.1131199999999999,5.04132,False,36
199,1.12458,5.05654,False,36
200,1.12694,1.13777,False,36
201,1.09135,1.1124,False,36
202,7.0525,7.05027,False,36
203,4.11355,5.0616,False,36
204,1.10618,5.04734,False,36
206,1.00604,5.03977,False,36
207,1.11628,3.08193,False,36
208,1.04369,1.13414,False,36
209,3.02842,3.1291700000000002,False,36
210,3.00687,3.06899,False,36
211,3.12598,3.01526,False,36
212,1.07736,1.1233,False,36
213,1.06186,3.03385,False,36
216,1.10748,6.14649,False,36
217,1.1359,4.12422,False,36
218,1.11153,5.13589,False,36
219,1.13522,5.07123,False,36
222,1.13447,3.02146,False,36
225,4.0782,3.05198,False,36
226,1.10394,5.06319,False,36
227,4.08382,7.0198,False,36
229,3.06653,4.10993,False,36
230,3.04074,3.11199,False,36
233,1.02255,5.14443,False,36
234,3.01013,5.00777,False,36
235,3.05778,3.00277,False,36
236,1.00581,1.05311,False,36
237,1.1391,1.14662,False,36
242,1.00755,4.0992,False,36
243,1.09451,1.12764,False,36
251,4.0721,4.05419,False,36
252,1.11571,3.13469,False,36
253,1.00154,5.06254,False,36
254,1.03635,1.13229,False,36
255,1.06649,3.0784,False,36
256,1.02721,5.07677,False,36
257,1.03929,5.09997,False,36
258,1.04481,3.04219,False,36
259,3.12087,1.12703,False,36
260,1.05292,1.13347,False,36
262,1.00659,6.11118,False,36
263,1.08934,1.14567,False,36
264,1.13455,4.11617,False,36
265,1.11623,1.11319,False,36
270,3.12654,1.14181,False,36
271,1.11009,3.06453,False,36
272,1.11123,1.14446,False,36
273,1.09939,1.12992,False,36
274,1.0601099999999999,1.09835,False,36
275,3.02931,1.14433,False,36
280,1.02466,1.14397,False,36
289,1.07211,4.13296,False,36
290,1.1292200000000001,1.14733,False,36
291,1.1395,1.14111,False,36
292,1.10884,1.1295,False,36
293,5.00078,6.10264,False,36
294,5.00071,5.11411,False,36
295,5.00548,6.11825,False,36
296,5.01351,1.03693,False,36
297,1.12105,5.12331,False,36
298,1.03895,5.11291,False,36
299,1.0526200000000001,4.00792,False,36
300,1.01944,5.01331,False,36
301,1.01155,3.13084,False,36
302,1.08771,5.11961,False,36
303,3.07285,3.07598,False,36
308,1.01219,6.10389,False,36
317,1.01521,3.0622,False,36
318,1.09488,6.08831,False,36
319,1.05087,5.0887,False,36
320,1.04448,5.10245,False,36
321,1.04624,4.00321,False,36
322,1.0355,3.1175100000000002,False,36
323,1.02613,3.08873,False,36
324,1.00615,3.09845,False,36
325,1.03215,5.07276,False,36
326,1.00332,3.00931,False,36
328,1.0768,5.13942,False,36
329,2.08285,6.01125,False,36
330,1.10216,5.12257,False,36
331,1.02241,5.08286,False,36
332,1.1302,5.12722,False,36
333,3.12552,5.03634,False,36
334,1.098,1.1141,False,36
335,1.13491,5.01555,False,36
336,1.0636700000000001,5.07147,False,36
337,1.07509,5.12941,False,36
339,1.01239,5.06665,False,36
340,1.0,1.10639,True,36
341,1.0,5.0978,True,36
342,6.1227,1.14222,False,36
343,1.0,1.0,True,36
346,1.09563,5.01615,False,36
347,1.12305,6.00147,False,36
348,1.11546,5.11005,False,36
349,1.02569,5.07332,False,36
350,1.14614,4.05387,False,36
351,1.13434,5.14272,False,36
352,1.05582,4.06962,False,36
353,4.12585,7.03491,False,36
354,4.11491,5.11187,False,36
355,1.04907,3.08117,False,36
357,1.05109,3.08745,False,36
358,1.1156,3.07917,False,36
359,1.13009,3.10011,False,36
361,1.0771600000000001,5.10542,False,36
363,5.08953,5.08785,False,36
364,5.08652,5.08127,False,36
365,1.05749,3.04649,False,36
366,1.10665,1.13001,False,36
367,5.02647,5.03542,False,36
370,1.09116,3.12821,False,36
371,1.1419,3.12592,False,36
372,1.14482,6.05234,False,36
373,1.11704,1.14265,False,36
374,1.00936,7.1152,False,36
375,1.13273,1.0393,False,36
376,1.13345,1.13628,False,36
377,1.01645,1.07818,False,36
378,3.11457,3.06547,False,36
379,3.06969,1.09682,False,36
380,4.03571,3.02079,False,36
381,1.09803,1.1408,False,36
383,1.03682,5.13917,False,36
384,1.13602,5.13052,False,36
385,1.00966,5.1385,False,36
386,1.00897,5.06861,False,36
387,1.00471,4.07875,False,36
388,1.00472,1.09281,False,36
389,1.03261,2.13082,False,36
390,1.01323,2.05336,False,36
391,1.02199,3.00852,False,36
394,1.02981,5.10402,False,36
395,5.11669,1.05682,False,36
396,5.13873,1.11401,False,36
397,5.10898,1.09568,False,36
398,5.03546,3.0474,False,36
403,1.08982,4.0919,False,36
404,5.14573,4.10849,False,36
405,5.02193,1.14136,False,36
406,1.06674,1.07783,False,36
407,4.03343,3.13662,False,36
408,1.0,1.07672,True,36
412,5.0007,6.10731,False,36
413,5.01417,5.09691,False,36
414,5.0028,6.03576,False,36
415,5.00607,3.11087,False,36
416,3.13505,3.06632,False,36
417,1.13652,3.07008,False,36
418,5.07606,5.04328,False,36
419,4.0104,3.07382,False,36
420,3.06822,3.03771,False,36
421,3.13653,5.04357,False,36
422,3.01391,5.13838,False,36
423,1.1261,3.08731,False,36
425,1.08915,7.09962,False,36
426,1.08157,4.13111,False,36
427,1.11754,1.14667,False,36
428,3.05821,3.07841,False,36
429,3.04218,3.14041,False,36
1,1.08762,3.00392,False,37
3,1.10951,1.04239,False,37
5,1.03514,7.09796,False,37
6,1.03942,3.02258,False,37
7,1.00696,1.0,False,37
9,1.05066,1.12658,False,37
10,1.02902,1.01283,False,37
11,1.06262,1.0,False,37
13,1.12085,1.14148,False,37
17,1.04585,3.0365,False,37
18,1.021,1.05661,False,37
19,1.0,3.08083,True,37
21,1.0999,3.01969,False,37
22,1.13203,1.14535,False,37
25,1.03243,4.08715,False,37
29,1.00149,1.14063,False,37
30,1.04546,1.1451,False,37
69,1.0011,4.10291,False,37
70,3.0272,3.12323,False,37
71,1.08861,1.1448,False,37
72,3.07941,3.12537,False,37
73,3.01225,3.06414,False,37
74,3.09184,3.06263,False,37
75,4.00854,3.1428599999999998,False,37
76,1.12016,1.13687,False,37
77,3.01017,1.14015,False,37
78,1.09731,4.07377,False,37
79,1.12819,3.10601,False,37
82,1.0121,4.14479,False,37
83,1.10568,3.0998,False,37
84,3.08081,1.0,False,37
85,1.0,1.1113,True,37
86,1.0,4.01716,True,37
91,1.0319,1.1367099999999999,False,37
92,1.09966,1.14447,False,37
93,1.12848,3.01219,False,37
95,1.05663,1.13556,False,37
98,1.10098,5.11859,False,37
99,2.05662,5.03155,False,37
100,1.10305,6.01566,False,37
101,1.01107,3.14361,False,37
103,1.1250499999999999,5.1014,False,37
104,1.09531,5.10927,False,37
106,1.13074,5.14074,False,37
107,1.05448,6.08318,False,37
109,1.11212,4.09283,False,37
110,1.10861,3.06079,False,37
111,1.01877,3.09764,False,37
112,1.04527,2.09515,False,37
113,1.09393,3.13442,False,37
114,1.02731,1.14617,False,37
115,1.04243,1.11832,False,37
116,1.00703,3.08258,False,37
117,1.03384,1.14345,False,37
118,1.02242,3.0889699999999998,False,37
120,1.00393,4.00452,False,37
121,1.0022,1.13492,False,37
122,1.00326,1.14028,False,37
123,1.0001,1.12736,False,37
124,1.05773,7.03251,False,37
125,5.01119,4.14437,False,37
126,5.04428,5.0957,False,37
127,1.13721,4.09137,False,37
128,1.07384,5.10447,False,37
129,1.14265,5.08858,False,37
130,5.10198,5.07622,False,37
131,1.03892,1.09166,False,37
133,1.00616,1.14123,False,37
134,1.0072,1.14142,False,37
135,1.00879,1.12128,False,37
136,1.10687,1.13822,False,37
137,1.13526,1.14475,False,37
139,1.02241,1.11226,False,37
140,1.01391,1.1346,False,37
141,1.0101,1.08202,False,37
142,1.02424,1.13882,False,37
143,1.05843,1.13395,False,37
144,1.14452,1.1237300000000001,False,37
145,1.0,5.11712,True,37
146,1.0,1.0,True,37
147,1.11117,1.0,False,37
148,1.0,1.0,True,37
149,1.0,3.10475,True,37
150,5.01606,1.0,False,37
151,1.0,1.01844,True,37
153,1.13421,1.1335899999999999,False,37
154,1.11599,5.11402,False,37
155,1.05666,7.11383,False,37
156,1.07654,1.12912,False,37
157,1.02659,1.13704,False,37
158,1.00124,3.0352,False,37
159,1.02531,3.11168,False,37
160,1.03745,3.03486,False,37
161,1.0574,3.08419,False,37
162,4.12625,4.06452,False,37
164,1.02083,7.05331,False,37
165,5.12969,1.06758,False,37
166,5.09043,5.08441,False,37
167,1.14659,1.02228,False,37
168,5.04495,1.0,False,37
169,5.12393,5.08712,False,37
173,1.0865,4.05824,False,37
175,1.03085,1.09073,False,37
176,1.09362,1.10296,False,37
177,1.10006,5.14708,False,37
178,4.06496,5.14238,False,37
179,1.14715,5.13599,False,37
180,2.05896,5.00163,False,37
181,3.05547,5.10741,False,37
182,1.13778,5.00107,False,37
183,1.1344,5.0465,False,37
184,1.1266,7.04535,False,37
185,1.13051,5.146,False,37
186,1.10081,7.12908,False,37
188,1.01116,5.13539,False,37
189,4.1377,6.11543,False,37
190,1.14455,3.01197,False,37
191,1.13153,5.06205,False,37
192,1.12326,5.09804,False,37
193,6.0905,5.14683,False,37
194,1.07704,5.13004,False,37
195,1.11825,3.01059,False,37
197,1.00178,5.12372,False,37
198,1.06142,5.04826,False,37
199,1.12878,5.01144,False,37
200,1.11227,1.14094,False,37
201,1.1185,1.12636,False,37
202,7.0354,7.03526,False,37
203,4.10616,5.08485,False,37
204,1.1054599999999999,5.03515,False,37
206,1.00415,5.04925,False,37
207,1.11164,3.1375,False,37
208,1.10513,1.13233,False,37
209,3.02272,3.06599,False,37
210,3.00206,3.11414,False,37
211,3.02536,3.01676,False,37
212,1.07399,1.11922,False,37
213,1.08131,3.02587,False,37
216,1.11847,6.01162,False,37
217,1.14121,4.08566,False,37
218,1.11952,5.10862,False,37
219,1.1363,5.00424,False,37
222,1.10312,3.08651,False,37
225,4.03593,3.11484,False,37
226,1.07465,5.02585,False,37
227,4.0567,7.09378,False,37
229,3.10476,4.02465,False,37
230,3.04385,3.11103,False,37
233,1.00315,5.12458,False,37
234,3.08329,5.10779,False,37
235,3.04229,5.04731,False,37
236,1.00712,1.12208,False,37
237,1.07555,1.12384,False,37
242,1.00878,4.13736,False,37
243,1.07087,1.12509,False,37
251,4.11739,4.07628,False,37
252,1.14257,3.11388,False,37
253,1.00527,5.02863,False,37
254,1.01285,1.02256,False,37
255,1.0801,3.14353,False,37
256,1.0253,5.13255,False,37
257,1.00709,5.14569,False,37
258,1.03138,3.10105,False,37
259,3.00629,1.13137,False,37
260,1.08951,1.09818,False,37
262,1.00458,6.12298,False,37
263,1.01364,1.13308,False,37
264,1.12949,4.00562,False,37
265,1.14594,1.14394,False,37
270,3.00511,1.1426,False,37
271,1.11704,3.11116,False,37
272,1.141,1.13833,False,37
273,1.11559,1.14602,False,37
274,1.05611,1.14106,False,37
275,3.06389,1.09877,False,37
280,1.00114,1.09415,False,37
289,1.07067,4.0409,False,37
290,1.11502,1.1418300000000001,False,37
291,1.14704,1.14547,False,37
292,1.06622,1.14344,False,37
293,5.00556,6.03072,False,37
294,5.00052,5.0353,False,37
295,5.008,6.11545,False,37
296,5.00762,1.02162,False,37
297,1.13145,5.10004,False,37
298,1.06866,5.12344,False,37
299,1.09575,4.10107,False,37
300,1.05393,5.01244,False,37
301,1.08076,3.08986,False,37
302,1.02841,5.12876,False,37
303,1.04037,3.07967,False,37
308,1.0218,6.07699,False,37
317,1.00092,5.07569,False,37
318,1.10594,6.02968,False,37
319,1.06589,5.08115,False,37
320,1.0216,5.01718,False,37
321,1.02378,4.06566,False,37
322,1.00306,3.09987,False,37
323,1.02157,3.14012,False,37
324,1.05028,3.01083,False,37
325,1.01259,5.10646,False,37
326,1.00992,3.00772,False,37
328,1.07086,5.05102,False,37
329,1.13391,6.13956,False,37
330,1.09781,5.14689,False,37
331,1.0587,3.02227,False,37
332,1.11727,5.14545,False,37
333,3.11664,5.13708,False,37
334,1.12992,1.14034,False,37
335,1.0816,5.09819,False,37
336,1.00887,5.11974,False,37
337,1.09127,5.06422,False,37
339,1.06572,5.06328,False,37
340,1.0,1.02752,True,37
341,1.0,5.14598,True,37
342,6.1381499999999996,1.11331,False,37
343,1.0,1.0,True,37
346,1.09001,5.13473,False,37
347,1.13858,6.00266,False,37
348,1.10498,5.01964,False,37
349,1.02403,5.07765,False,37
350,1.10034,4.03211,False,37
351,1.13893,5.00435,False,37
352,1.0035,4.11018,False,37
353,4.08674,7.08983,False,37
354,4.07784,5.06082,False,37
355,1.07278,3.14428,False,37
357,1.07009,4.08557,False,37
358,1.09946,3.07854,False,37
359,1.12619,3.03134,False,37
361,1.08734,5.06715,False,37
363,5.10685,5.10357,False,37
364,5.10192,5.08769,False,37
365,1.00886,3.09027,False,37
366,1.11096,1.12963,False,37
367,5.06862,5.04876,False,37
370,1.09651,3.12086,False,37
371,1.1454,3.12226,False,37
372,1.14466,6.10411,False,37
373,1.12989,1.14733,False,37
374,1.01179,7.03975,False,37
375,1.07738,3.03507,False,37
376,1.1255,1.06103,False,37
377,1.12864,1.02427,False,37
378,3.10718,3.13968,False,37
379,3.09119,1.12448,False,37
380,4.08645,3.04216,False,37
381,1.11004,1.12394,False,37
383,1.06677,4.11868,False,37
384,2.00459,5.12102,False,37
385,1.00364,5.09957,False,37
386,1.03828,5.14124,False,37
387,1.00964,4.10083,False,37
388,1.01375,1.1396600000000001,False,37
389,1.12453,2.11911,False,37
390,1.0167,5.01295,False,37
391,1.03632,3.08581,False,37
394,1.00507,5.09567,False,37
395,5.11701,1.12522,False,37
396,5.04319,1.12189,False,37
397,5.05868,1.10891,False,37
398,5.0231,3.05962,False,37
403,1.10077,4.06886,False,37
404,5.00979,4.13635,False,37
405,5.04043,1.12528,False,37
406,1.0931,1.0,False,37
407,4.04572,3.07727,False,37
408,1.0,1.02385,True,37
412,5.00186,6.12909,False,37
413,5.00382,5.14096,False,37
414,5.01042,6.10341,False,37
415,5.00202,3.13525,False,37
416,3.04447,3.03377,False,37
417,1.14495,3.13796,False,37
418,5.07414,5.01423,False,37
419,4.04642,3.14107,False,37
420,3.12842,3.01336,False,37
421,3.10154,5.02374,False,37
422,3.0117,5.12932,False,37
423,1.13106,3.04352,False,37
425,1.01358,1.13343,False,37
426,1.07948,4.05624,False,37
427,1.0952,1.13714,False,37
428,3.09898,3.10028,False,37
429,3.13113,3.11263,False,37
1,1.0909,3.02067,False,38
3,1.04628,1.02289,False,38
5,1.06359,7.04926,False,38
6,1.13832,3.00716,False,38
7,1.0254,1.0,False,38
9,1.05973,1.1342,False,38
10,1.05964,1.0388,False,38
11,1.08606,1.0,False,38
13,1.10399,1.14055,False,38
17,1.03657,3.01493,False,38
18,1.08209,1.077,False,38
19,1.0,3.01418,True,38
21,1.0854300000000001,4.0521,False,38
22,1.14321,1.14582,False,38
25,1.00999,4.07705,False,38
29,1.03321,1.14198,False,38
30,1.09866,1.116,False,38
69,1.00637,4.11902,False,38
70,3.00738,3.01929,False,38
71,1.07999,3.04858,False,38
72,3.04086,3.0897,False,38
73,3.02941,3.1212,False,38
74,3.10008,3.04366,False,38
75,4.01968,3.11549,False,38
76,1.14715,1.13041,False,38
77,3.04218,1.14185,False,38
78,1.10221,3.0985300000000002,False,38
79,1.1262699999999999,3.07266,False,38
82,1.12085,4.03075,False,38
83,1.02049,3.11527,False,38
84,3.07519,1.0,False,38
85,1.04663,1.0,False,38
86,1.0,4.09839,True,38
91,1.07201,1.1473200000000001,False,38
92,1.10641,3.13385,False,38
93,1.11664,3.14639,False,38
95,1.05994,1.14201,False,38
98,1.04811,5.09709,False,38
99,2.03142,5.09759,False,38
100,1.13304,6.06204,False,38
101,1.02868,3.06166,False,38
103,1.14419,5.03519,False,38
104,1.0841,5.0233,False,38
106,1.13148,5.05811,False,38
107,1.04887,6.00531,False,38
109,1.13398,4.04534,False,38
110,1.12009,3.09675,False,38
111,1.01831,3.08655,False,38
112,1.01453,2.06571,False,38
113,1.05132,3.0724299999999998,False,38
114,1.0435,1.13168,False,38
115,1.02902,1.13812,False,38
116,1.0325,3.02629,False,38
117,1.06436,1.14726,False,38
118,1.0021,3.1383,False,38
120,1.00037,4.0848700000000004,False,38
121,1.00163,1.14588,False,38
122,1.01577,1.14034,False,38
123,1.00575,1.1409,False,38
124,1.0324,7.13096,False,38
125,5.00369,4.09726,False,38
126,5.07196,5.11411,False,38
127,1.0637,4.10996,False,38
128,1.07487,5.11138,False,38
129,1.11446,5.1438,False,38
130,5.13898,5.12446,False,38
131,1.11873,1.10574,False,38
133,1.00798,1.14548,False,38
134,1.02002,1.12015,False,38
135,1.06062,1.11894,False,38
136,1.00292,1.13826,False,38
137,1.0,1.14067,True,38
139,1.06084,1.1353900000000001,False,38
140,1.01889,1.14216,False,38
141,1.12426,1.07267,False,38
142,1.1221,1.1052,False,38
143,1.01567,1.11686,False,38
144,1.06577,6.09648,False,38
145,1.0,5.08066,True,38
146,1.0,1.0,True,38
147,1.07073,1.0,False,38
148,1.0,1.0,True,38
149,1.0,3.04046,True,38
150,5.10557,1.0,False,38
151,1.0,1.12076,True,38
153,1.13181,1.13964,False,38
154,1.08522,5.05386,False,38
155,1.0122,7.03761,False,38
156,1.10032,1.1454900000000001,False,38
157,1.00558,1.13814,False,38
158,1.04777,3.10983,False,38
159,1.00616,3.03118,False,38
160,1.00877,3.12698,False,38
161,1.02009,3.09217,False,38
162,4.10715,4.11402,False,38
164,1.00158,7.04301,False,38
165,5.08747,1.14253,False,38
166,5.109,5.08259,False,38
167,1.0862,1.02149,False,38
168,5.13997,1.0,False,38
169,5.14542,5.05617,False,38
173,1.07248,3.06322,False,38
175,1.08467,1.08355,False,38
176,1.10731,1.07077,False,38
177,1.10374,5.14255,False,38
178,4.00173,6.13396,False,38
179,1.14151,5.14713,False,38
180,2.11916,5.11628,False,38
181,3.1040200000000002,5.09956,False,38
182,1.14174,5.07239,False,38
183,1.13411,5.11528,False,38
184,1.12552,7.06974,False,38
185,1.12914,5.09017,False,38
186,1.07663,7.1392,False,38
188,1.00053,7.07288,False,38
189,4.13224,6.10483,False,38
190,3.04838,3.05389,False,38
191,1.08494,5.03706,False,38
192,1.07025,5.11694,False,38
193,6.14172,5.02409,False,38
194,1.12818,5.12719,False,38
195,1.1409799999999999,3.06676,False,38
197,1.0003,5.13282,False,38
198,1.13728,5.00087,False,38
199,3.00512,4.03597,False,38
200,1.13077,1.13929,False,38
201,1.06502,1.09302,False,38
202,7.02419,7.02041,False,38
203,4.07646,5.12658,False,38
204,1.13131,5.05436,False,38
206,1.00162,5.05729,False,38
207,1.11593,3.01076,False,38
208,1.01547,1.10808,False,38
209,3.01601,3.07392,False,38
210,3.04026,3.04388,False,38
211,3.09066,3.03448,False,38
212,1.07439,1.12612,False,38
213,1.11082,3.03975,False,38
216,1.11552,6.00196,False,38
217,1.1308799999999999,4.10868,False,38
218,1.12514,5.02951,False,38
219,1.14504,5.06085,False,38
222,1.13996,3.07454,False,38
225,4.08327,3.13897,False,38
226,1.10296,5.07343,False,38
227,4.13301,7.01659,False,38
229,3.12293,4.0057,False,38
230,3.07214,3.07114,False,38
233,1.00978,5.14591,False,38
234,3.04612,5.06126,False,38
235,3.07779,3.06595,False,38
236,1.06431,1.13391,False,38
237,1.08574,1.08567,False,38
242,1.01314,4.0528,False,38
243,1.12637,1.06012,False,38
251,4.09985,4.127,False,38
252,1.12431,3.11662,False,38
253,1.01369,5.03104,False,38
254,1.02168,1.11345,False,38
255,1.02455,3.10787,False,38
256,1.00202,5.13572,False,38
257,1.00533,5.02939,False,38
258,1.03465,3.06174,False,38
259,3.12568,1.14051,False,38
260,1.06273,1.03296,False,38
262,1.00267,6.02231,False,38
263,1.00236,1.14727,False,38
264,1.12673,4.0716,False,38
265,1.1149499999999999,1.12569,False,38
270,3.08947,1.1205,False,38
271,1.07837,3.14626,False,38
272,1.12474,1.11877,False,38
273,1.13074,1.13402,False,38
274,1.08856,1.13846,False,38
275,3.10003,1.1418300000000001,False,38
280,1.02155,1.11979,False,38
289,1.04949,4.08886,False,38
290,1.08005,1.13709,False,38
291,1.13288,1.14179,False,38
292,1.10114,1.14293,False,38
293,5.01702,6.00803,False,38
294,5.04259,5.10176,False,38
295,5.00776,6.08625,False,38
296,5.00565,1.05325,False,38
297,1.08795,5.08733,False,38
298,1.05708,5.11516,False,38
299,1.11123,4.03475,False,38
300,1.02046,5.07195,False,38
301,1.09239,3.05896,False,38
302,1.06715,5.14647,False,38
303,1.1367099999999999,3.10707,False,38
308,1.00034,6.1451,False,38
317,1.05159,3.06569,False,38
318,1.11016,6.12154,False,38
319,1.07303,5.13833,False,38
320,1.04212,5.05009,False,38
321,1.01939,4.13338,False,38
322,1.09929,3.13083,False,38
323,1.01236,3.13777,False,38
324,1.00107,3.11946,False,38
325,1.05111,5.09283,False,38
326,1.02024,3.11807,False,38
328,1.09766,5.1046,False,38
329,2.09982,6.03502,False,38
330,1.12091,5.10817,False,38
331,1.06867,5.0728,False,38
332,1.14722,5.10712,False,38
333,3.11776,5.13314,False,38
334,1.09923,1.12413,False,38
335,1.11564,5.01251,False,38
336,1.06313,5.1471,False,38
337,1.13553,5.13104,False,38
339,1.08131,5.14491,False,38
340,1.0,1.04846,True,38
341,1.0,5.11469,True,38
342,6.02942,1.06111,False,38
343,1.0,1.0,True,38
346,1.06573,5.13748,False,38
347,1.13029,6.06537,False,38
348,1.10938,5.00904,False,38
349,1.02416,5.00537,False,38
350,3.06814,4.06065,False,38
351,1.13382,5.11589,False,38
352,1.07212,4.03424,False,38
353,4.06775,7.05715,False,38
354,4.098,5.09915,False,38
355,1.08263,3.11904,False,38
357,1.05571,4.11472,False,38
358,1.11336,3.12035,False,38
359,1.12691,3.08519,False,38
361,1.07375,5.03807,False,38
363,5.0995,5.09279,False,38
364,5.08379,5.06148,False,38
365,1.04274,3.11683,False,38
366,1.09427,1.09228,False,38
367,5.02443,5.13954,False,38
370,1.09927,3.13173,False,38
371,1.13743,3.143,False,38
372,1.14338,6.13071,False,38
373,1.10901,1.1417,False,38
374,1.00416,7.12246,False,38
375,1.11419,1.0023,False,38
376,1.03721,1.12921,False,38
377,1.07052,1.12906,False,38
378,3.02555,3.09548,False,38
379,3.13982,1.05215,False,38
380,4.07752,3.00449,False,38
381,1.06658,1.1206,False,38
383,1.03756,5.10549,False,38
384,1.14455,5.06949,False,38
385,1.00336,5.10589,False,38
386,1.0077,5.0895,False,38
387,1.01853,4.12808,False,38
388,1.01594,1.14356,False,38
389,1.00989,2.03378,False,38
390,1.01368,5.10753,False,38
391,1.05531,3.12847,False,38
394,1.0059,5.08672,False,38
395,5.01274,1.08578,False,38
396,5.0007,1.10365,False,38
397,5.0421,1.03602,False,38
398,5.07229,3.13792,False,38
403,1.00421,4.13604,False,38
404,5.02971,4.08481,False,38
405,5.00628,1.139,False,38
406,1.03567,1.07537,False,38
407,4.14458,3.14027,False,38
408,1.0,1.1054,True,38
412,5.00386,5.14517,False,38
413,5.00484,5.08031,False,38
414,5.01476,6.11606,False,38
415,5.01112,3.03313,False,38
416,3.05117,3.03423,False,38
417,1.14578,3.04818,False,38
418,5.04278,5.04231,False,38
419,4.13134,3.08332,False,38
420,3.10666,3.00392,False,38
421,3.12544,5.01424,False,38
422,1.14616,5.00035,False,38
423,1.1354,3.07952,False,38
425,1.07136,7.07728,False,38
426,1.07616,4.14261,False,38
427,1.08335,1.13849,False,38
428,3.12487,3.0793,False,38
429,3.00946,3.02082,False,38
1,1.11317,3.03639,False,39
3,1.0512,1.00529,False,39
5,1.06659,7.10312,False,39
6,1.06634,3.08206,False,39
7,1.03061,1.0,False,39
9,1.00044,1.08535,False,39
10,1.06954,1.08714,False,39
11,1.05776,1.0,False,39
13,1.12012,1.10896,False,39
17,1.05856,3.0686,False,39
18,1.04831,1.06596,False,39
19,1.0,3.08679,True,39
21,1.0702,4.00191,False,39
22,1.11946,1.13855,False,39
25,1.0270299999999999,1.1377,False,39
29,1.00391,1.14141,False,39
30,1.04373,1.1195,False,39
69,1.00541,4.11631,False,39
70,3.01406,3.13534,False,39
71,1.08189,3.02524,False,39
72,3.04926,3.13349,False,39
73,3.03914,3.07803,False,39
74,3.0736499999999998,3.04588,False,39
75,4.10651,3.14573,False,39
76,1.13046,3.05497,False,39
77,3.01046,1.14267,False,39
78,1.09599,3.14094,False,39
79,1.13323,3.02598,False,39
82,1.05696,4.1197,False,39
83,1.05424,3.10763,False,39
84,3.0854,1.0,False,39
85,1.01699,1.0,False,39
86,1.0,4.10747,True,39
91,1.04894,1.12146,False,39
92,1.12445,1.13675,False,39
93,1.10805,3.14675,False,39
95,1.02629,1.11012,False,39
98,1.10317,5.10918,False,39
99,2.0356,5.12111,False,39
100,1.10686,6.07414,False,39
101,1.02091,3.06201,False,39
103,1.13178,5.13079,False,39
104,1.08643,5.05979,False,39
106,1.03836,5.07033,False,39
107,1.0082,6.05662,False,39
109,1.14018,4.06546,False,39
110,1.1192,3.13918,False,39
111,1.03783,3.13537,False,39
112,1.00351,2.01838,False,39
113,1.05523,3.13366,False,39
114,1.05259,1.13954,False,39
115,1.06834,1.1327,False,39
116,1.01867,3.07569,False,39
117,1.04353,1.13734,False,39
118,1.01082,3.08805,False,39
120,1.00474,4.07427,False,39
121,1.00143,1.12207,False,39
122,1.00614,1.14649,False,39
123,1.00561,1.07558,False,39
124,1.05829,7.08656,False,39
125,5.01404,4.05032,False,39
126,5.02553,5.0815,False,39
127,1.0282,4.05171,False,39
128,1.0375,5.08799,False,39
129,1.09908,5.0047,False,39
130,5.10603,5.0843,False,39
131,1.13148,1.13507,False,39
133,1.01551,1.1472,False,39
134,1.00641,1.14054,False,39
135,1.07,1.1257,False,39
136,1.04796,1.12937,False,39
137,1.053,1.11513,False,39
139,1.00526,1.12804,False,39
140,1.00117,1.05996,False,39
141,1.07942,1.03297,False,39
142,1.00894,1.10919,False,39
143,1.00977,1.14536,False,39
144,1.00114,1.11896,False,39
145,5.04023,1.0,False,39
146,1.0,1.0,True,39
147,1.03301,1.0,False,39
148,1.0,1.0,True,39
149,1.0,3.01825,True,39
150,5.10964,1.0,False,39
151,1.0,1.11321,True,39
153,1.1385399999999999,1.1448,False,39
154,1.0882,5.08489,False,39
155,1.01848,7.0872,False,39
156,1.05674,1.13607,False,39
157,1.00456,1.14124,False,39
158,1.0363,3.08111,False,39
159,1.00033,3.01595,False,39
160,1.0602800000000001,3.06255,False,39
161,1.07844,3.09033,False,39
162,4.05748,4.09447,False,39
164,1.01,7.03602,False,39
165,5.03881,1.13087,False,39
166,5.14083,5.10351,False,39
167,1.08585,1.07501,False,39
168,5.02119,1.0,False,39
169,5.12859,5.10506,False,39
173,1.0908,4.08315,False,39
175,1.04218,1.03778,False,39
176,1.02334,1.10196,False,39
177,1.11791,5.07842,False,39
178,4.00719,5.11358,False,39
179,1.14574,5.14597,False,39
180,2.08915,5.09794,False,39
181,3.07874,5.05869,False,39
182,1.13563,5.10372,False,39
183,1.13105,5.1321,False,39
184,1.1232,7.1162,False,39
185,1.11099,5.07691,False,39
186,1.11982,7.13697,False,39
188,1.0077,5.09089,False,39
189,4.13139,6.00198,False,39
190,1.1412,3.04209,False,39
191,1.03238,5.1284,False,39
192,1.1025,5.00161,False,39
193,6.07004,5.02251,False,39
194,1.10068,5.05069,False,39
195,1.10698,3.04558,False,39
197,1.00254,5.13779,False,39
198,1.13715,5.13961,False,39
199,1.13849,4.09983,False,39
200,1.14476,1.13708,False,39
201,1.11618,1.10965,False,39
202,7.01582,7.13684,False,39
203,4.08079,5.06854,False,39
204,1.0867,5.13871,False,39
206,1.01807,5.04813,False,39
207,1.11091,3.03546,False,39
208,1.04147,1.1454900000000001,False,39
209,3.02158,3.09607,False,39
210,3.02248,3.10329,False,39
211,3.07593,3.05046,False,39
212,1.12198,1.11988,False,39
213,1.09066,3.11377,False,39
216,1.10615,6.0624,False,39
217,1.13512,4.10183,False,39
218,1.09783,5.09246,False,39
219,3.04753,5.0286,False,39
222,1.09986,3.10374,False,39
225,4.04678,3.13861,False,39
226,1.08786,5.07889,False,39
227,4.10739,7.13038,False,39
229,3.08597,4.02017,False,39
230,3.05054,3.04399,False,39
233,1.0036,5.12966,False,39
234,3.0467,5.07594,False,39
235,3.01981,5.14214,False,39
236,1.06056,1.11397,False,39
237,1.00478,1.13453,False,39
242,1.02924,4.10505,False,39
243,1.13981,1.11746,False,39
251,4.0707,4.07142,False,39
252,1.14394,3.14245,False,39
253,1.00327,5.02426,False,39
254,1.00384,1.003,False,39
255,1.00849,3.13077,False,39
256,1.00824,5.14197,False,39
257,1.00471,5.0979,False,39
258,1.09231,3.00011,False,39
259,3.03912,1.0984099999999999,False,39
260,1.02752,1.1384,False,39
262,1.00511,6.05294,False,39
263,1.02993,1.14497,False,39
264,1.11281,4.05661,False,39
265,1.14121,1.12906,False,39
270,3.00159,1.14143,False,39
271,1.13555,3.10565,False,39
272,1.04778,1.0616,False,39
273,1.13301,1.13033,False,39
274,1.05744,1.14542,False,39
275,3.02493,1.1473200000000001,False,39
280,1.00436,1.11708,False,39
289,1.06214,4.02095,False,39
290,1.12287,1.13626,False,39
291,1.1428,1.14415,False,39
292,1.05297,1.14316,False,39
293,5.01885,6.14084,False,39
294,5.01028,1.14131,False,39
295,5.00046,6.08523,False,39
296,5.01181,1.10199,False,39
297,1.09638,5.13974,False,39
298,1.05172,5.09932,False,39
299,1.08723,4.0762599999999996,False,39
300,1.02981,5.09953,False,39
301,1.06751,3.14406,False,39
302,1.00022,5.12357,False,39
303,1.0930900000000001,3.0758,False,39
308,1.00297,6.10676,False,39
317,1.00816,5.09191,False,39
318,1.10767,6.10293,False,39
319,1.06461,5.14421,False,39
320,1.03305,2.11948,False,39
321,1.02249,4.13911,False,39
322,1.06148,3.09504,False,39
323,1.0145,3.14471,False,39
324,1.03296,3.02605,False,39
325,1.03585,5.09186,False,39
326,1.00828,3.13968,False,39
328,1.05203,5.1396,False,39
329,2.10467,6.01541,False,39
330,1.11592,5.1369,False,39
331,1.06237,5.03416,False,39
332,1.13782,5.12522,False,39
333,3.13901,5.128,False,39
334,1.12913,1.11582,False,39
335,1.11224,5.09288,False,39
336,1.05636,5.14462,False,39
337,1.07634,5.14642,False,39
339,1.07993,5.05812,False,39
340,1.0,1.02367,True,39
341,1.0,5.03906,True,39
342,6.03219,1.1207,False,39
343,1.0,1.0,True,39
346,1.10522,3.0733800000000002,False,39
347,1.13246,6.07907,False,39
348,1.12116,5.10936,False,39
349,1.01077,5.07577,False,39
350,1.13893,4.02226,False,39
351,1.12719,5.1394400000000005,False,39
352,1.14737,4.03622,False,39
353,4.07074,7.02036,False,39
354,4.1442,5.05952,False,39
355,1.04394,3.11154,False,39
357,1.06044,4.1407,False,39
358,1.08106,3.0868700000000002,False,39
359,1.11225,3.09386,False,39
361,1.08256,5.05457,False,39
363,5.06068,5.0405,False,39
364,5.08678,5.06868,False,39
365,1.09656,3.01245,False,39
366,1.12949,1.14726,False,39
367,5.06978,5.09139,False,39
370,1.11359,3.13182,False,39
371,1.13777,3.11227,False,39
372,1.14544,6.14104,False,39
373,1.11469,1.14616,False,39
374,1.00317,7.03249,False,39
375,1.04234,1.00624,False,39
376,1.14468,1.11529,False,39
377,1.11935,1.049,False,39
378,3.07029,3.12951,False,39
379,3.09822,1.13598,False,39
380,4.01793,3.13585,False,39
381,1.09393,1.13422,False,39
383,1.06926,5.12821,False,39
384,2.01668,5.0803,False,39
385,1.00427,5.09262,False,39
386,1.00116,5.05255,False,39
387,1.06365,4.01625,False,39
388,1.01228,1.12938,False,39
389,1.02271,2.01553,False,39
390,1.02196,2.09395,False,39
391,1.01061,3.10229,False,39
394,1.00186,5.10977,False,39
395,5.11392,1.13692,False,39
396,5.06766,1.00092,False,39
397,5.0830400000000004,1.0901,False,39
398,5.06402,3.01692,False,39
403,1.05023,4.04593,False,39
404,5.11291,4.14202,False,39
405,5.1271,1.09787,False,39
406,1.07378,1.0,False,39
407,4.06159,3.09625,False,39
408,1.0,1.11282,True,39
412,5.00582,6.11962,False,39
413,5.0079,5.12544,False,39
414,5.02213,6.05043,False,39
415,5.02717,3.13093,False,39
416,3.03754,3.00884,False,39
417,1.1085,3.10541,False,39
418,5.04052,5.03083,False,39
419,3.14341,5.07616,False,39
420,3.12397,3.08433,False,39
421,3.1253,5.13894,False,39
422,3.05048,5.02323,False,39
423,1.11081,3.06653,False,39
425,1.03828,7.0965,False,39
426,1.08849,4.14705,False,39
427,1.10333,1.13348,False,39
428,3.08144,3.08933,False,39
429,3.09368,3.10956,False,39
1,1.07481,3.0138,False,40
3,1.12474,1.01563,False,40
5,1.07006,7.10647,False,40
6,1.13253,3.03342,False,40
7,1.00277,1.0,False,40
9,1.03455,1.12733,False,40
10,1.08043,1.02341,False,40
11,1.05537,1.0,False,40
13,1.1334,1.13894,False,40
17,1.02914,3.03359,False,40
18,1.05666,1.05835,False,40
19,1.0,3.04916,True,40
21,1.1054599999999999,4.08733,False,40
22,1.12699,1.13886,False,40
25,1.03868,4.01733,False,40
29,1.02606,1.13867,False,40
30,1.0967500000000001,1.1433,False,40
69,1.0016,4.14039,False,40
70,3.01471,3.0878,False,40
71,1.11023,3.0514,False,40
72,3.06618,3.13905,False,40
73,3.0375,3.07818,False,40
74,3.05051,3.03236,False,40
75,4.00201,3.08887,False,40
76,1.13194,3.01863,False,40
77,3.048,1.14357,False,40
78,1.09767,4.09735,False,40
79,1.11377,3.12138,False,40
82,1.00427,4.13019,False,40
83,1.00459,3.12313,False,40
84,3.03786,1.0,False,40
85,1.02571,1.0,False,40
86,1.0,4.12935,True,40
91,1.03754,1.12578,False,40
92,1.09922,1.1409,False,40
93,1.13821,3.05714,False,40
95,1.02472,1.13501,False,40
98,1.04948,5.06076,False,40
99,2.03927,5.1361,False,40
100,1.12259,6.07782,False,40
101,1.00029,3.12437,False,40
103,1.14739,5.06868,False,40
104,1.10007,5.07324,False,40
106,1.12407,5.05067,False,40
107,1.00132,6.10437,False,40
109,1.11422,4.06075,False,40
110,1.09474,3.12195,False,40
111,1.03149,3.13484,False,40
112,1.02136,2.03036,False,40
113,1.07639,3.12606,False,40
114,1.03291,1.11336,False,40
115,1.0518,1.14053,False,40
116,1.0123,3.05505,False,40
117,1.05296,1.13843,False,40
118,1.01602,3.12468,False,40
120,1.0012,4.0935,False,40
121,1.00346,1.1409799999999999,False,40
122,1.00531,1.1448,False,40
123,1.01294,1.13559,False,40
124,1.02574,7.0236,False,40
125,5.0445,4.02911,False,40
126,5.05829,5.086,False,40
127,1.0924800000000001,4.0717,False,40
128,1.07567,5.05906,False,40
129,1.13535,5.13444,False,40
130,5.13349,5.13155,False,40
131,1.0588,1.13718,False,40
133,1.00086,1.1461000000000001,False,40
134,1.00838,1.13213,False,40
135,1.00076,1.14361,False,40
136,1.03814,1.07203,False,40
137,1.0,1.09386,True,40
139,1.05647,1.13696,False,40
140,1.03901,1.11779,False,40
141,1.01803,1.04879,False,40
142,1.00223,1.09085,False,40
143,1.06632,1.1424,False,40
144,1.01134,1.13645,False,40
145,1.0,5.05526,True,40
146,1.0,1.0,True,40
147,1.1360000000000001,1.0,False,40
148,1.0,1.0,True,40
149,1.0,3.05613,True,40
150,5.02526,1.0,False,40
151,1.0,1.06441,True,40
153,1.14195,1.14338,False,40
154,1.11694,5.00543,False,40
155,1.01729,7.04106,False,40
156,1.08871,1.12316,False,40
157,1.00175,1.14743,False,40
158,1.03672,3.04925,False,40
159,1.03401,3.08446,False,40
160,1.0253,3.00107,False,40
161,1.0444,3.00334,False,40
162,4.12741,4.01491,False,40
164,1.05111,7.03111,False,40
165,5.04579,1.14643,False,40
166,5.09893,5.04777,False,40
167,1.07053,1.0293,False,40
168,5.0774,1.0,False,40
169,5.09794,5.05622,False,40
173,1.0847,3.13937,False,40
175,1.0845,1.07774,False,40
176,1.07214,1.07654,False,40
177,1.11244,5.10773,False,40
178,4.01422,5.13866,False,40
179,1.14666,5.14272,False,40
180,2.0916,5.0084,False,40
181,3.01046,5.08344,False,40
182,1.12808,5.02209,False,40
183,1.12992,5.14463,False,40
184,1.1191200000000001,7.10734,False,40
185,1.07741,5.13366,False,40
186,1.11385,7.0242,False,40
188,1.00435,5.11174,False,40
189,4.14429,6.05743,False,40
190,1.13813,3.0758,False,40
191,1.10198,5.06456,False,40
192,1.12985,5.12094,False,40
193,6.08817,5.08341,False,40
194,1.13623,5.00235,False,40
195,1.14043,3.06017,False,40
197,1.00379,5.12021,False,40
198,1.14138,5.01016,False,40
199,1.08695,5.04287,False,40
200,1.13951,1.13321,False,40
201,1.12026,1.13172,False,40
202,7.09519,7.09226,False,40
203,4.07124,5.13135,False,40
204,1.10431,5.09787,False,40
206,1.00251,5.03852,False,40
207,1.1292200000000001,3.10959,False,40
208,1.02864,1.13504,False,40
209,3.00694,3.09253,False,40
210,3.00337,3.10513,False,40
211,3.03014,3.00526,False,40
212,1.09741,1.09807,False,40
213,1.10616,3.0493,False,40
216,1.10323,6.0757,False,40
217,1.14424,4.07438,False,40
218,1.11526,5.14594,False,40
219,1.14646,5.13244,False,40
222,1.12806,3.10947,False,40
225,4.0517,3.09845,False,40
226,1.08874,5.12557,False,40
227,4.07597,7.03587,False,40
229,3.11012,4.14241,False,40
230,3.08573,3.08466,False,40
233,1.01883,5.14307,False,40
234,3.05946,5.03072,False,40
235,3.06791,3.04917,False,40
236,1.09057,1.14282,False,40
237,1.1096,1.1221,False,40
242,1.01076,4.12975,False,40
243,1.08869,1.08741,False,40
251,4.09999,4.09442,False,40
252,1.13516,3.10869,False,40
253,1.00422,5.1144,False,40
254,1.00985,1.13962,False,40
255,1.03893,3.10238,False,40
256,1.03228,5.13044,False,40
257,1.07501,5.0889,False,40
258,1.06039,3.03305,False,40
259,1.04939,1.1431499999999999,False,40
260,1.00605,1.08828,False,40
262,1.00247,6.12361,False,40
263,1.0318,1.13486,False,40
264,1.12551,4.094,False,40
265,1.08501,1.13422,False,40
270,3.02266,1.13024,False,40
271,1.11087,3.12895,False,40
272,1.12698,1.13246,False,40
273,1.07544,1.12767,False,40
274,1.07553,1.10713,False,40
275,3.03203,1.14484,False,40
280,1.01975,1.14263,False,40
289,1.07452,4.02094,False,40
290,1.08952,1.14456,False,40
291,1.1403,1.1472,False,40
292,1.06576,1.11994,False,40
293,5.00555,6.13055,False,40
294,5.00207,1.13993,False,40
295,5.03026,6.09884,False,40
296,5.02827,1.13181,False,40
297,1.1088,5.07302,False,40
298,1.00136,5.10849,False,40
299,1.08662,4.05443,False,40
300,1.05762,5.10712,False,40
301,1.02284,3.09404,False,40
302,1.06061,5.12973,False,40
303,1.09511,3.13589,False,40
308,1.00734,6.09206,False,40
317,1.01005,3.01166,False,40
318,1.10406,6.02645,False,40
319,1.09051,5.13331,False,40
320,1.03078,5.06941,False,40
321,1.0063,4.01534,False,40
322,1.06852,3.10873,False,40
323,1.02026,3.09491,False,40
324,1.04757,3.00712,False,40
325,1.03543,5.12473,False,40
326,1.01846,3.06979,False,40
328,1.10654,5.09583,False,40
329,1.14556,6.07096,False,40
330,1.11569,5.14115,False,40
331,1.0862,3.03646,False,40
332,1.14344,5.10979,False,40
333,3.00471,5.10084,False,40
334,1.1304,1.12621,False,40
335,1.08442,5.13938,False,40
336,1.01523,5.14457,False,40
337,1.12167,5.09714,False,40
339,1.04872,5.07819,False,40
340,1.0,1.03116,True,40
341,1.0,5.09952,True,40
342,6.0107,1.14522,False,40
343,1.0,1.0,True,40
346,1.0950199999999999,5.09497,False,40
347,1.12478,6.14721,False,40
348,1.07834,5.01386,False,40
349,1.04577,5.09663,False,40
350,3.03032,4.11701,False,40
351,1.10402,5.13837,False,40
352,1.13059,4.02165,False,40
353,4.0786,7.06451,False,40
354,4.12255,5.08005,False,40
355,1.03397,3.12403,False,40
357,1.05681,4.01595,False,40
358,1.05468,3.01057,False,40
359,1.11581,3.10025,False,40
361,1.08832,5.04041,False,40
363,5.10374,5.08684,False,40
364,5.07499,5.04572,False,40
365,1.05029,3.12913,False,40
366,1.10534,1.12301,False,40
367,5.05573,5.04926,False,40
370,1.10497,3.14493,False,40
371,1.12916,4.00722,False,40
372,1.14299,6.00565,False,40
373,1.09472,1.14345,False,40
374,1.00447,7.09707,False,40
375,1.12583,3.12581,False,40
376,1.05178,1.0181499999999999,False,40
377,1.03911,1.00622,False,40
378,3.13464,3.05108,False,40
379,3.03346,1.11637,False,40
380,4.01694,3.00385,False,40
381,1.0608,1.14063,False,40
383,1.053,5.04109,False,40
384,1.14395,5.06069,False,40
385,1.01824,5.13216,False,40
386,1.00436,5.14726,False,40
387,1.01122,4.06829,False,40
388,1.00338,1.14516,False,40
389,1.02654,2.04037,False,40
390,1.05827,5.02615,False,40
391,1.02066,3.03926,False,40
394,1.02433,5.11635,False,40
395,5.09878,1.06804,False,40
396,5.1135,1.04298,False,40
397,5.02726,1.1449,False,40
398,5.06423,3.03169,False,40
403,1.11255,4.13591,False,40
404,5.12043,4.07527,False,40
405,5.04875,1.09931,False,40
406,1.02592,1.04604,False,40
407,4.03201,3.06262,False,40
408,1.0,1.0168,True,40
412,5.00046,6.07982,False,40
413,5.02344,5.12022,False,40
414,5.00665,6.13819,False,40
415,5.00017,3.04738,False,40
416,3.02548,3.00414,False,40
417,1.14459,3.11154,False,40
418,5.08322,5.02086,False,40
419,3.0827,5.07992,False,40
420,3.08681,3.02646,False,40
421,3.13278,5.03108,False,40
422,3.05441,5.04163,False,40
423,1.11103,3.08883,False,40
425,1.01495,7.10241,False,40
426,1.07645,4.12384,False,40
427,1.11148,1.13982,False,40
428,3.02778,3.05409,False,40
429,3.04338,3.10535,False,40
1,1.07801,3.02834,False,41
3,1.05209,1.03011,False,41
5,1.02964,7.06035,False,41
6,1.02254,3.00813,False,41
7,1.0152,1.0,False,41
9,1.00404,1.1025800000000001,False,41
10,1.1097299999999999,1.07512,False,41
11,1.06874,1.0,False,41
13,1.13175,1.12127,False,41
17,1.06045,3.13379,False,41
18,1.04799,1.12004,False,41
19,1.0,3.12318,True,41
21,1.0991900000000001,3.0078,False,41
22,1.13401,1.14086,False,41
25,1.05125,4.02273,False,41
29,1.0054,1.12872,False,41
30,1.01939,1.1443,False,41
69,1.00406,4.12017,False,41
70,3.00353,3.05774,False,41
71,1.11213,3.14536,False,41
72,3.04229,3.02956,False,41
73,3.01404,3.03422,False,41
74,3.06193,7.09736,False,41
75,4.02963,3.13196,False,41
76,1.13547,3.12175,False,41
77,3.04834,1.14737,False,41
78,1.09955,4.11557,False,41
79,1.12632,1.13744,False,41
82,1.02144,4.01578,False,41
83,1.07188,3.12618,False,41
84,3.0446,1.0,False,41
85,1.0,1.09742,True,41
86,1.0,4.06244,True,41
91,1.04651,1.1011,False,41
92,1.09641,1.14508,False,41
93,1.12388,3.05903,False,41
95,1.01373,1.13049,False,41
98,1.04535,5.00702,False,41
99,2.053,5.07611,False,41
100,1.11664,6.00993,False,41
101,1.00649,3.05538,False,41
103,1.14471,5.03058,False,41
104,1.1155,5.13173,False,41
106,1.10161,5.06507,False,41
107,1.07015,6.05172,False,41
109,1.1252,4.08673,False,41
110,1.11831,3.11163,False,41
111,1.00117,3.0964,False,41
112,1.01334,2.14364,False,41
113,1.07856,3.04338,False,41
114,1.01862,1.1388,False,41
115,1.1076,1.12547,False,41
116,1.01832,3.10114,False,41
117,1.02145,1.1294,False,41
118,1.04529,3.06995,False,41
120,1.00279,4.12051,False,41
121,1.00293,1.1338300000000001,False,41
122,1.00118,1.13996,False,41
123,1.00521,1.09196,False,41
124,1.06496,7.07762,False,41
125,5.08476,4.12115,False,41
126,5.02513,5.10957,False,41
127,1.0021,4.10813,False,41
128,1.06842,5.00108,False,41
129,1.14107,5.13846,False,41
130,5.14422,5.14134,False,41
131,1.13405,1.09804,False,41
133,1.02943,1.14245,False,41
134,1.00153,1.13697,False,41
135,1.08605,1.13244,False,41
136,1.00475,1.12092,False,41
137,1.1402,1.01972,False,41
139,1.07632,1.14544,False,41
140,1.06452,1.09943,False,41
141,1.07544,1.01107,False,41
142,1.08074,1.11539,False,41
143,1.00757,1.11944,False,41
144,1.12943,1.04925,False,41
145,1.0,5.05683,True,41
146,1.0,1.0,True,41
147,1.01596,1.0,False,41
148,1.0,1.0,True,41
149,1.0,3.09867,True,41
150,5.00466,1.0,False,41
151,1.09622,1.0,False,41
153,1.12377,1.14711,False,41
154,1.10643,5.11702,False,41
155,1.03952,3.01879,False,41
156,1.04605,1.13765,False,41
157,1.00411,1.1356600000000001,False,41
158,1.05507,3.09385,False,41
159,1.01974,3.12845,False,41
160,1.06782,3.10689,False,41
161,1.07563,3.02341,False,41
162,4.08671,4.11249,False,41
164,1.01804,7.09453,False,41
165,5.02859,1.03095,False,41
166,5.09954,5.07228,False,41
167,1.02987,1.00525,False,41
168,5.03954,1.0,False,41
169,5.1311,5.05626,False,41
173,1.07971,3.0915,False,41
175,1.08161,1.0813,False,41
176,1.04398,1.10748,False,41
177,1.11047,5.14023,False,41
178,4.00888,6.12762,False,41
179,1.13719,5.1409,False,41
180,2.07445,5.12958,False,41
181,3.0326,5.10127,False,41
182,1.14639,5.05427,False,41
183,1.09763,5.10772,False,41
184,1.12908,7.11925,False,41
185,1.1383,5.05212,False,41
186,1.12818,7.05509,False,41
188,1.0128,7.0838,False,41
189,4.11194,6.13372,False,41
190,1.12094,3.09011,False,41
191,1.11152,5.13382,False,41
192,1.14133,5.09308,False,41
193,6.08089,5.01554,False,41
194,1.11393,5.08639,False,41
195,1.13573,3.02579,False,41
197,1.00407,5.11971,False,41
198,1.1183,5.06726,False,41
199,3.0519,4.08405,False,41
200,1.12362,1.12355,False,41
201,1.02109,1.14132,False,41
202,7.07832,7.03524,False,41
203,4.11038,5.09487,False,41
204,1.08277,5.13452,False,41
206,1.00742,5.06906,False,41
207,1.13557,3.06319,False,41
208,1.07529,1.1333199999999999,False,41
209,3.01661,3.11286,False,41
210,3.03932,3.05524,False,41
211,3.09189,3.05182,False,41
212,1.0768,1.13944,False,41
213,1.09236,3.01548,False,41
216,1.09076,6.0243,False,41
217,1.13386,4.07112,False,41
218,1.12567,5.01636,False,41
219,3.05059,5.11267,False,41
222,1.11813,3.0701,False,41
225,4.07833,3.0528,False,41
226,1.09471,5.03756,False,41
227,4.01585,7.12444,False,41
229,3.06986,4.04277,False,41
230,3.08415,3.07905,False,41
233,1.03575,5.14196,False,41
234,3.03452,3.01892,False,41
235,3.0145,5.047,False,41
236,1.01281,1.14375,False,41
237,1.12118,1.07526,False,41
242,1.01079,4.09834,False,41
243,1.05697,1.07304,False,41
251,4.11313,4.14719,False,41
252,1.1343,3.1079,False,41
253,1.00512,5.08987,False,41
254,1.00109,1.142,False,41
255,1.01364,3.12859,False,41
256,1.0403,5.02779,False,41
257,1.0447,5.03296,False,41
258,1.12106,3.03071,False,41
259,3.03066,1.08791,False,41
260,1.002,1.08461,False,41
262,1.01209,6.06813,False,41
263,1.00883,1.14017,False,41
264,1.14146,4.07214,False,41
265,1.11777,1.11519,False,41
270,3.03612,1.1464699999999999,False,41
271,1.13284,3.09845,False,41
272,1.11907,1.1301700000000001,False,41
273,1.07633,1.14739,False,41
274,1.08737,1.14721,False,41
275,3.01406,1.14532,False,41
280,1.02464,1.09967,False,41
289,1.06268,4.14722,False,41
290,1.06072,1.14059,False,41
291,1.1471,1.14481,False,41
292,1.06715,1.12342,False,41
293,5.01697,5.11451,False,41
294,5.00367,5.12947,False,41
295,5.01745,6.02345,False,41
296,5.04103,1.06551,False,41
297,1.1166,5.09921,False,41
298,1.00356,5.13751,False,41
299,1.09645,4.10064,False,41
300,1.04335,5.0999,False,41
301,1.02114,3.09126,False,41
302,1.01506,5.13825,False,41
303,1.08575,3.14472,False,41
308,1.00483,6.1218,False,41
317,1.03048,3.04019,False,41
318,1.09893,6.05816,False,41
319,1.02084,5.08384,False,41
320,1.00507,2.13399,False,41
321,1.02878,4.07703,False,41
322,1.02071,3.00369,False,41
323,1.00608,3.08471,False,41
324,1.07934,3.13634,False,41
325,1.03893,5.02356,False,41
326,1.00321,3.08617,False,41
328,1.08705,5.11357,False,41
329,1.13501,6.05248,False,41
330,1.10887,5.11356,False,41
331,1.04087,5.0968,False,41
332,1.14407,5.13924,False,41
333,3.10634,5.13702,False,41
334,1.11613,1.12189,False,41
335,1.12555,5.13397,False,41
336,1.03596,5.1138,False,41
337,1.09654,5.09281,False,41
339,1.01471,5.07469,False,41
340,1.0,1.12522,True,41
341,1.0,5.09524,True,41
342,6.07663,1.08269,False,41
343,1.0,1.0,True,41
346,1.09186,5.01559,False,41
347,1.13754,6.1347,False,41
348,1.10181,5.02168,False,41
349,1.02823,5.07842,False,41
350,1.14435,4.06062,False,41
351,1.14333,5.12953,False,41
352,1.11317,4.05561,False,41
353,4.11774,7.05278,False,41
354,4.0782,5.04163,False,41
355,1.07721,3.12359,False,41
357,1.06453,4.13024,False,41
358,1.07477,3.13258,False,41
359,1.13801,3.02282,False,41
361,1.0786,5.08881,False,41
363,5.05223,5.05122,False,41
364,5.07657,5.06588,False,41
365,1.06616,3.09864,False,41
366,1.10499,1.12814,False,41
367,5.1039,5.10719,False,41
370,1.11269,3.11007,False,41
371,1.14109,3.12213,False,41
372,1.14582,6.04169,False,41
373,1.09274,1.1366,False,41
374,1.01106,7.0056,False,41
375,1.07695,3.05967,False,41
376,1.08031,1.10021,False,41
377,1.04783,1.07177,False,41
378,3.12418,3.11034,False,41
379,3.07313,1.1319,False,41
380,4.07478,3.00563,False,41
381,1.10509,1.1353900000000001,False,41
383,1.08677,5.13301,False,41
384,1.12724,5.1431000000000004,False,41
385,1.00281,5.10108,False,41
386,1.02051,5.13628,False,41
387,1.01843,4.08825,False,41
388,1.0287,1.1368,False,41
389,1.07586,2.0433,False,41
390,1.00725,5.06558,False,41
391,1.0977999999999999,3.13102,False,41
394,1.01552,5.13777,False,41
395,5.05646,1.11547,False,41
396,5.04808,1.03718,False,41
397,5.13055,1.08725,False,41
398,5.02855,3.09112,False,41
403,1.004,4.03986,False,41
404,5.07988,4.08395,False,41
405,5.00879,1.13625,False,41
406,1.1131,1.13789,False,41
407,4.01492,3.01995,False,41
408,1.0,1.09839,True,41
412,5.00059,6.0209,False,41
413,5.00517,5.11196,False,41
414,5.01558,6.06825,False,41
415,5.00547,3.08228,False,41
416,3.01897,3.00736,False,41
417,1.11778,3.07651,False,41
418,5.06042,5.05599,False,41
419,3.03801,5.08329,False,41
420,3.12994,3.06691,False,41
421,3.09665,5.03334,False,41
422,3.09488,5.14679,False,41
423,1.12967,3.01859,False,41
425,1.07374,7.02408,False,41
426,1.07915,4.07244,False,41
427,1.08744,1.14073,False,41
428,3.06199,3.0504,False,41
429,3.05127,3.00414,False,41
1,1.07826,3.13872,False,42
3,1.11352,1.10047,False,42
5,1.0546,7.08336,False,42
6,1.00365,3.01945,False,42
7,1.01556,1.0,False,42
9,1.01526,1.14237,False,42
10,1.02431,1.1379299999999999,False,42
11,1.10342,1.0,False,42
13,1.13617,1.1445400000000001,False,42
17,1.05235,3.06792,False,42
18,1.05561,1.11481,False,42
19,1.0,3.03083,True,42
21,1.0671599999999999,4.04553,False,42
22,1.13636,1.12999,False,42
25,1.0701100000000001,4.09194,False,42
29,1.01111,1.1176,False,42
30,1.12447,1.14675,False,42
69,1.0032,4.12233,False,42
70,3.0418,3.10435,False,42
71,1.09154,3.03163,False,42
72,3.06882,3.04978,False,42
73,3.00741,3.03616,False,42
74,3.06081,7.10176,False,42
75,4.06672,3.14647,False,42
76,1.1411,3.09623,False,42
77,3.00897,1.12266,False,42
78,1.10027,4.13016,False,42
79,1.1216,3.14283,False,42
82,1.00138,4.13234,False,42
83,1.05061,3.05771,False,42
84,3.08166,1.0,False,42
85,1.0,1.14119,True,42
86,1.0,4.08338,True,42
91,1.05183,1.14411,False,42
92,1.07837,1.14737,False,42
93,1.12671,3.09981,False,42
95,1.03188,1.14355,False,42
98,1.04305,5.10425,False,42
99,2.04875,5.12935,False,42
100,1.1267,6.04521,False,42
101,1.02317,3.13481,False,42
103,1.14348,5.04944,False,42
104,1.12171,5.05499,False,42
106,1.093,5.01249,False,42
107,1.00805,6.08881,False,42
109,1.1193,4.09397,False,42
110,1.10115,3.13525,False,42
111,1.00947,3.1157,False,42
112,1.03066,2.09716,False,42
113,1.08538,3.0639,False,42
114,1.01682,1.1191,False,42
115,1.02868,1.12459,False,42
116,1.00113,3.08767,False,42
117,1.07026,1.13906,False,42
118,1.00746,3.11734,False,42
120,1.00357,4.02326,False,42
121,1.0084,1.14461,False,42
122,1.00463,1.13658,False,42
123,1.00826,1.1394199999999999,False,42
124,1.01788,7.12036,False,42
125,5.02667,4.11783,False,42
126,5.08901,5.04516,False,42
127,1.07763,4.05095,False,42
128,1.07764,5.06712,False,42
129,1.10754,5.14004,False,42
130,5.06692,5.06225,False,42
131,1.12152,1.14621,False,42
133,1.02041,1.1400000000000001,False,42
134,1.00428,1.12796,False,42
135,1.02158,1.13696,False,42
136,1.00459,1.12144,False,42
137,1.0512,1.11454,False,42
139,1.06663,1.11002,False,42
140,1.04594,1.12286,False,42
141,1.01902,1.10185,False,42
142,1.02382,1.02495,False,42
143,1.02049,1.14556,False,42
144,4.12492,1.09587,False,42
145,1.0,5.06842,True,42
146,1.0,1.0,True,42
147,1.10698,1.0,False,42
148,1.0,1.0,True,42
149,1.0,3.08541,True,42
150,5.03793,1.0,False,42
151,1.13752,1.0,False,42
153,1.13413,1.14548,False,42
154,1.11023,5.07042,False,42
155,1.0103,3.08693,False,42
156,1.06705,3.1236,False,42
157,1.0211,1.1149,False,42
158,1.07385,3.14197,False,42
159,1.09412,3.01683,False,42
160,1.03453,3.12556,False,42
161,1.08613,3.12039,False,42
162,4.06329,4.11785,False,42
164,1.01399,7.01061,False,42
165,5.13429,1.07547,False,42
166,5.12701,5.01807,False,42
167,1.12481,1.05309,False,42
168,5.09357,1.0,False,42
169,5.08906,5.06708,False,42
173,1.09179,4.13682,False,42
175,1.0436,1.06149,False,42
176,1.11014,1.08804,False,42
177,1.11841,5.13257,False,42
178,4.00342,5.1259,False,42
179,1.14504,5.07611,False,42
180,2.03784,5.08877,False,42
181,3.0119,5.13899,False,42
182,1.1247,5.12172,False,42
183,1.11265,5.09245,False,42
184,1.13319,7.14193,False,42
185,1.14208,5.07061,False,42
186,1.11985,7.07964,False,42
188,1.01116,7.00478,False,42
189,4.13823,6.01748,False,42
190,1.1351,3.11904,False,42
191,1.07524,5.08168,False,42
192,1.13542,5.08438,False,42
193,6.08475,5.07839,False,42
194,1.13712,5.14501,False,42
195,1.09026,3.00489,False,42
197,1.00779,5.13653,False,42
198,1.13956,5.0351,False,42
199,3.02678,4.09238,False,42
200,1.13803,1.14473,False,42
201,1.12321,1.14144,False,42
202,7.0462,7.01742,False,42
203,4.05047,5.14681,False,42
204,1.09053,5.05575,False,42
206,1.00021,5.09474,False,42
207,1.1318,3.06362,False,42
208,1.0789,1.12449,False,42
209,3.03981,3.1211,False,42
210,3.0353,3.0454,False,42
211,3.12427,3.09675,False,42
212,1.04202,1.10243,False,42
213,1.06941,3.09763,False,42
216,1.11288,6.03282,False,42
217,1.12865,4.1447,False,42
218,1.10082,5.04674,False,42
219,3.06949,5.04456,False,42
222,1.10612,3.13763,False,42
225,4.00817,3.1248,False,42
226,1.11114,5.12316,False,42
227,4.06023,7.10067,False,42
229,3.10266,4.06695,False,42
230,3.08252,3.09341,False,42
233,1.0066,5.13154,False,42
234,3.00074,5.1051,False,42
235,3.0733,3.00961,False,42
236,1.01221,1.0969,False,42
237,1.08411,1.00929,False,42
242,1.0207600000000001,4.14224,False,42
243,1.13506,1.12456,False,42
251,4.10578,4.1284,False,42
252,1.13473,3.10235,False,42
253,1.03036,5.02306,False,42
254,1.00765,1.13739,False,42
255,1.01487,3.04728,False,42
256,1.00696,5.03235,False,42
257,1.01313,5.04482,False,42
258,1.02886,3.14306,False,42
259,3.12049,1.12208,False,42
260,1.00931,1.09568,False,42
262,1.01159,6.09718,False,42
263,1.00192,1.14175,False,42
264,1.11166,4.04694,False,42
265,1.13848,1.14324,False,42
270,3.06513,1.1440299999999999,False,42
271,1.11552,3.10181,False,42
272,1.10592,1.11913,False,42
273,1.1424400000000001,1.14331,False,42
274,1.02482,1.13631,False,42
275,3.02384,1.1437599999999999,False,42
280,1.01136,1.13186,False,42
289,1.06503,4.08848,False,42
290,1.11733,1.14129,False,42
291,1.11527,1.1403,False,42
292,1.10572,1.14168,False,42
293,5.00102,6.12951,False,42
294,5.00419,5.07685,False,42
295,5.00434,6.00889,False,42
296,5.01097,5.07693,False,42
297,1.11129,5.1212,False,42
298,1.05021,5.14494,False,42
299,1.1026,4.08342,False,42
300,1.01675,5.09503,False,42
301,1.02241,3.14708,False,42
302,1.12564,5.1368,False,42
303,1.08436,3.06491,False,42
308,1.01397,6.01713,False,42
317,1.02129,5.0908,False,42
318,1.10794,6.07627,False,42
319,1.07201,5.1467,False,42
320,1.0319,5.09546,False,42
321,1.03264,4.01389,False,42
322,1.04354,3.11794,False,42
323,1.0377,3.12611,False,42
324,1.05574,3.04661,False,42
325,1.00563,5.03371,False,42
326,1.05412,3.08876,False,42
328,1.07861,5.05989,False,42
329,2.09227,6.00146,False,42
330,1.08396,5.14712,False,42
331,1.05645,5.02454,False,42
332,1.13467,5.14415,False,42
333,3.05932,5.12743,False,42
334,1.12974,1.1398,False,42
335,1.10757,5.09489,False,42
336,1.0566,5.14351,False,42
337,1.13143,5.10011,False,42
339,1.03214,5.12678,False,42
340,1.0,1.05298,True,42
341,1.0,5.00364,True,42
342,6.01996,1.06709,False,42
343,1.0,1.0,True,42
346,1.09326,5.14222,False,42
347,1.1289,6.08479,False,42
348,1.09594,5.05585,False,42
349,1.02092,5.13364,False,42
350,3.09576,4.08822,False,42
351,1.13974,5.09684,False,42
352,1.10722,4.01948,False,42
353,4.07835,7.10919,False,42
354,4.1096,5.06591,False,42
355,1.07253,3.14701,False,42
357,1.05506,4.10212,False,42
358,1.06714,3.07315,False,42
359,1.11225,3.08763,False,42
361,1.06568,5.13296,False,42
363,5.11054,5.1033,False,42
364,5.09037,5.06794,False,42
365,1.00723,3.02742,False,42
366,1.11949,1.1141,False,42
367,5.03531,5.1371,False,42
370,1.10112,3.13516,False,42
371,1.1468,4.06367,False,42
372,1.14648,6.13095,False,42
373,1.13647,1.13633,False,42
374,1.00442,7.11326,False,42
375,1.09184,1.02305,False,42
376,1.11478,1.09416,False,42
377,1.08171,1.00639,False,42
378,3.13761,3.12726,False,42
379,3.10153,1.11982,False,42
380,4.02976,3.07132,False,42
381,1.06548,1.07033,False,42
383,1.07915,5.13027,False,42
384,1.13421,5.1385,False,42
385,1.02001,5.14139,False,42
386,1.01357,5.10365,False,42
387,1.0145,4.10648,False,42
388,1.01883,1.14363,False,42
389,1.09149,2.1061,False,42
390,1.02858,5.06627,False,42
391,1.01578,3.02097,False,42
394,1.02484,5.13928,False,42
395,5.07515,1.03109,False,42
396,5.07402,1.03969,False,42
397,5.05912,1.09022,False,42
398,5.14689,3.09847,False,42
403,1.08771,4.01796,False,42
404,5.07651,4.08417,False,42
405,5.01844,1.02785,False,42
406,1.09104,1.12636,False,42
407,4.05526,3.10673,False,42
408,1.0,1.11803,True,42
412,5.00042,6.13351,False,42
413,5.00092,1.13461,False,42
414,5.01753,6.09815,False,42
415,5.00955,3.12306,False,42
416,3.09616,3.05673,False,42
417,1.13419,3.12334,False,42
418,5.10354,5.03026,False,42
419,3.03996,5.10645,False,42
420,3.09516,3.07431,False,42
421,3.13808,5.01147,False,42
422,3.12909,5.05618,False,42
423,1.10292,3.00786,False,42
425,1.09939,7.00466,False,42
426,1.08403,4.06614,False,42
427,1.06521,1.13885,False,42
428,3.10444,3.05757,False,42
429,3.03859,3.14132,False,42
1,1.0439,3.10428,False,43
3,1.01872,1.00215,False,43
5,1.04178,7.14573,False,43
6,1.05522,3.10657,False,43
7,1.05362,1.0,False,43
9,1.02405,1.14255,False,43
10,1.01139,1.13821,False,43
11,1.09698,1.0,False,43
13,1.0867499999999999,1.09455,False,43
17,1.06197,3.13338,False,43
18,1.0678,1.09639,False,43
19,1.0,3.04279,True,43
21,1.08097,4.04035,False,43
22,1.13352,1.14714,False,43
25,1.03821,1.11775,False,43
29,1.01996,1.1253,False,43
30,1.10856,1.13814,False,43
69,1.00046,4.09008,False,43
70,3.0289,3.04056,False,43
71,1.10434,3.06009,False,43
72,3.02208,3.1127,False,43
73,3.01854,3.06279,False,43
74,3.05715,3.05338,False,43
75,4.01994,3.12985,False,43
76,1.1406399999999999,1.14174,False,43
77,3.0064,1.11475,False,43
78,1.09325,4.03372,False,43
79,1.12166,3.1039,False,43
82,1.0832600000000001,4.01814,False,43
83,1.01722,3.00278,False,43
84,3.07632,1.0,False,43
85,1.08058,1.0,False,43
86,1.0,4.1258,True,43
91,1.05866,1.12122,False,43
92,1.11315,3.08082,False,43
93,1.12809,3.07777,False,43
95,1.03523,1.13243,False,43
98,1.07713,5.12069,False,43
99,2.02733,5.14602,False,43
100,1.11869,6.09277,False,43
101,1.05253,3.11559,False,43
103,1.14026,5.05871,False,43
104,1.10663,5.14407,False,43
106,1.12508,5.05154,False,43
107,1.00271,6.04856,False,43
109,1.14051,4.10626,False,43
110,1.11383,3.07325,False,43
111,1.01269,3.13623,False,43
112,1.0257,2.03417,False,43
113,1.06783,3.11922,False,43
114,1.05329,1.13663,False,43
115,1.06903,1.13492,False,43
116,1.02949,3.10951,False,43
117,1.04633,1.14048,False,43
118,1.05624,3.10243,False,43
120,1.01133,4.14353,False,43
121,1.00266,1.14599,False,43
122,1.00023,1.13629,False,43
123,1.006,1.1129,False,43
124,1.00184,7.08832,False,43
125,5.04952,4.14662,False,43
126,5.10341,5.14083,False,43
127,1.0027,4.01755,False,43
128,1.04336,5.10913,False,43
129,1.1467100000000001,5.11497,False,43
130,5.13206,5.07893,False,43
131,1.06724,1.09819,False,43
133,1.00699,1.14686,False,43
134,1.00439,1.1351,False,43
135,1.08117,1.12161,False,43
136,1.01999,1.13415,False,43
137,1.09102,1.0503,False,43
139,1.04718,1.13547,False,43
140,1.07803,1.14605,False,43
141,1.12277,1.00645,False,43
142,1.04383,1.03285,False,43
143,1.0296,1.10661,False,43
144,1.12355,1.11521,False,43
145,1.0,5.0206,True,43
146,1.0,1.0,True,43
147,1.03288,1.0,False,43
148,1.0,1.0,True,43
149,1.0,3.0364,True,43
150,5.00496,1.0,False,43
151,1.0,1.0688,True,43
153,1.14196,1.14361,False,43
154,1.12297,5.14309,False,43
155,1.0117,1.14195,False,43
156,1.07889,1.10196,False,43
157,1.00234,1.12816,False,43
158,1.08886,3.06461,False,43
159,1.08417,3.10143,False,43
160,1.0538,3.04747,False,43
161,1.04246,3.01944,False,43
162,4.11887,4.13915,False,43
164,1.0256,7.0654,False,43
165,5.14,1.09873,False,43
166,5.07123,5.06322,False,43
167,1.09157,1.06366,False,43
168,5.09306,1.0,False,43
169,5.05444,5.03135,False,43
173,1.0864,4.00326,False,43
175,1.04308,1.03603,False,43
176,1.01357,1.12865,False,43
177,1.11339,5.14018,False,43
178,4.00604,6.01815,False,43
179,1.14108,5.14333,False,43
180,2.05372,5.01972,False,43
181,3.05747,5.04528,False,43
182,1.14219,5.03928,False,43
183,1.11579,5.11069,False,43
184,1.14241,7.05539,False,43
185,1.14204,5.09091,False,43
186,1.11636,7.00841,False,43
188,1.00256,5.11258,False,43
189,4.14114,6.13482,False,43
190,1.14282,3.01838,False,43
191,1.10194,5.09043,False,43
192,1.11874,5.06836,False,43
193,6.07076,5.05134,False,43
194,1.1254,5.13303,False,43
195,1.1215600000000001,3.08261,False,43
197,1.00317,5.11776,False,43
198,1.14335,5.12622,False,43
199,3.00187,4.08961,False,43
200,1.14199,1.13819,False,43
201,1.12683,1.13916,False,43
202,7.08698,7.07349,False,43
203,4.08061,5.11127,False,43
204,1.08331,5.0042,False,43
206,1.0013,5.10791,False,43
207,1.12759,3.02636,False,43
208,1.07511,1.14459,False,43
209,3.02793,3.03445,False,43
210,3.04157,3.09119,False,43
211,3.13782,3.00827,False,43
212,1.03473,1.14644,False,43
213,1.08718,3.09518,False,43
216,1.10185,6.08475,False,43
217,1.12817,4.0062,False,43
218,1.11009,5.03095,False,43
219,1.14551,5.07834,False,43
222,1.08912,3.14234,False,43
225,4.02138,3.13533,False,43
226,1.09477,5.11608,False,43
227,4.02862,7.04094,False,43
229,3.07259,4.10919,False,43
230,3.06578,4.05297,False,43
233,1.01812,5.11605,False,43
234,3.02379,5.05208,False,43
235,3.02877,3.01471,False,43
236,1.01654,1.13085,False,43
237,1.07971,1.0735999999999999,False,43
242,1.00345,4.11051,False,43
243,1.06348,1.11063,False,43
251,4.11385,4.13387,False,43
252,1.14431,3.12205,False,43
253,1.01735,5.09865,False,43
254,1.00098,1.01041,False,43
255,1.09074,3.11149,False,43
256,1.06603,5.00264,False,43
257,1.02229,5.14067,False,43
258,1.06173,3.12863,False,43
259,3.09836,1.11092,False,43
260,1.00376,1.11936,False,43
262,1.00259,6.02663,False,43
263,1.04399,1.13887,False,43
264,1.13135,4.04355,False,43
265,1.14316,1.14021,False,43
270,3.04711,1.13364,False,43
271,1.11999,3.14116,False,43
272,1.09338,1.13294,False,43
273,1.12653,1.14313,False,43
274,1.10917,1.10056,False,43
275,3.00367,1.13049,False,43
280,1.00415,1.12179,False,43
289,1.07606,4.13572,False,43
290,1.13348,1.14713,False,43
291,1.13807,1.14284,False,43
292,1.0555,1.1446,False,43
293,5.00015,5.13516,False,43
294,5.03336,5.12352,False,43
295,5.01892,6.09276,False,43
296,5.04001,1.1153,False,43
297,1.1213899999999999,5.06063,False,43
298,1.01614,5.14229,False,43
299,1.03471,4.00178,False,43
300,1.11452,5.07575,False,43
301,1.06074,3.12474,False,43
302,1.06967,5.09989,False,43
303,1.09411,3.11528,False,43
308,1.00932,6.14273,False,43
317,1.00488,5.01119,False,43
318,1.09548,6.09756,False,43
319,1.04959,5.03869,False,43
320,1.04899,2.021,False,43
321,1.04641,4.04858,False,43
322,1.01688,3.11832,False,43
323,1.00248,3.05739,False,43
324,1.00232,3.08582,False,43
325,1.08605,5.08672,False,43
326,1.02627,3.09382,False,43
328,1.05644,5.11859,False,43
329,1.12694,6.10239,False,43
330,1.0830899999999999,5.11233,False,43
331,1.07235,3.14302,False,43
332,1.14438,5.02737,False,43
333,3.11174,5.13645,False,43
334,1.09607,1.12957,False,43
335,1.11857,5.06593,False,43
336,1.09905,5.08947,False,43
337,1.083,5.08132,False,43
339,1.00582,5.00566,False,43
340,1.0,1.04773,True,43
341,1.0,5.00831,True,43
342,6.09269,1.08577,False,43
343,1.0,1.0,True,43
346,1.10779,3.1246,False,43
347,1.12797,6.01404,False,43
348,1.09229,5.00454,False,43
349,1.00293,5.09203,False,43
350,1.13493,4.07555,False,43
351,1.14389,5.11715,False,43
352,1.09527,4.00136,False,43
353,4.1105,7.10886,False,43
354,4.07514,5.0633,False,43
355,1.04812,3.10092,False,43
357,1.0476,4.10537,False,43
358,1.07854,3.13686,False,43
359,1.12307,3.03782,False,43
361,1.06857,5.05184,False,43
363,5.0737,5.01856,False,43
364,5.13486,5.12714,False,43
365,1.02083,3.1219,False,43
366,1.13187,1.12924,False,43
367,5.06964,5.11012,False,43
370,1.1182,3.13735,False,43
371,1.14578,3.12356,False,43
372,1.14729,6.02781,False,43
373,1.1277300000000001,1.13792,False,43
374,1.01236,7.12347,False,43
375,1.02305,1.06977,False,43
376,1.10032,1.13918,False,43
377,1.10785,1.11056,False,43
378,3.08165,3.08636,False,43
379,3.0255,1.13199,False,43
380,4.11064,3.10449,False,43
381,1.13132,1.14651,False,43
383,1.05648,5.14501,False,43
384,1.1302699999999999,5.12843,False,43
385,1.00487,5.11415,False,43
386,1.07724,5.05415,False,43
387,1.0229,4.14512,False,43
388,1.00254,1.04206,False,43
389,1.00806,2.06427,False,43
390,1.0387,5.08799,False,43
391,1.04085,3.00085,False,43
394,1.01253,5.12385,False,43
395,5.13091,1.0481,False,43
396,5.09884,1.08828,False,43
397,5.11032,1.13104,False,43
398,5.11822,3.01035,False,43
403,1.04694,4.12369,False,43
404,5.02846,4.09028,False,43
405,5.11732,1.12486,False,43
406,1.00959,1.0,False,43
407,4.11639,3.02255,False,43
408,1.0,1.10124,True,43
412,5.00067,6.09532,False,43
413,5.00229,5.1444,False,43
414,5.01124,6.13261,False,43
415,5.00161,3.13026,False,43
416,3.10148,3.03721,False,43
417,1.13801,3.12709,False,43
418,5.08091,5.06837,False,43
419,3.14377,5.10954,False,43
420,3.14118,3.0384,False,43
421,3.1361,5.03416,False,43
422,1.13893,5.09323,False,43
423,1.1163,3.12877,False,43
425,1.07347,7.10338,False,43
426,1.09494,4.09764,False,43
427,1.06474,1.14103,False,43
428,3.06259,3.06076,False,43
429,3.06994,3.1459,False,43
1,1.08837,3.13402,False,44
3,1.12353,1.01513,False,44
5,1.03169,7.01184,False,44
6,1.07508,3.08917,False,44
7,1.01867,1.0,False,44
9,1.0105,1.1437,False,44
10,1.0362,1.02643,False,44
11,1.08443,1.0,False,44
13,1.1272199999999999,1.1156,False,44
17,1.06757,3.13921,False,44
18,1.06805,1.0729,False,44
19,1.0,3.10359,True,44
21,1.08501,3.09406,False,44
22,1.1319,1.14407,False,44
25,1.00418,4.05221,False,44
29,1.00468,1.11906,False,44
30,1.0684,1.09916,False,44
69,1.0023,4.09049,False,44
70,3.02638,3.11721,False,44
71,1.09227,3.09283,False,44
72,3.05834,3.04878,False,44
73,3.02475,3.02663,False,44
74,3.04027,7.097,False,44
75,4.09502,3.07929,False,44
76,1.09004,3.02153,False,44
77,3.00435,1.14227,False,44
78,1.09968,4.14491,False,44
79,1.13546,3.10715,False,44
82,1.03726,4.06989,False,44
83,1.13924,3.0886,False,44
84,3.01805,1.0,False,44
85,1.0,1.03115,True,44
86,1.0,4.02105,True,44
91,1.04755,1.11781,False,44
92,1.10315,3.11413,False,44
93,1.13029,3.10457,False,44
95,1.05128,1.13374,False,44
98,1.0796999999999999,5.14241,False,44
99,2.02729,5.12642,False,44
100,1.13574,6.07372,False,44
101,1.06284,3.06545,False,44
103,1.11857,5.13617,False,44
104,1.09182,5.08399,False,44
106,1.08225,5.10259,False,44
107,1.00085,6.01911,False,44
109,1.10533,4.07566,False,44
110,1.09485,3.04666,False,44
111,1.01487,3.14562,False,44
112,1.01862,2.12379,False,44
113,1.075,3.02829,False,44
114,1.01893,1.14389,False,44
115,1.03436,1.14722,False,44
116,1.04192,3.04205,False,44
117,1.03153,1.14251,False,44
118,1.00661,3.08581,False,44
120,1.00645,4.1275,False,44
121,1.00316,1.1102400000000001,False,44
122,1.00033,1.14067,False,44
123,1.0058,1.1178,False,44
124,1.00381,7.08781,False,44
125,5.07301,4.10659,False,44
126,5.09162,5.03168,False,44
127,1.11269,4.14494,False,44
128,1.03254,5.03733,False,44
129,1.09609,5.07645,False,44
130,5.08756,5.06486,False,44
131,1.13828,1.12548,False,44
133,1.00534,1.14436,False,44
134,1.00022,1.11939,False,44
135,1.05453,1.12788,False,44
136,1.02431,1.14595,False,44
137,1.06763,1.09792,False,44
139,1.03958,1.10744,False,44
140,1.00659,1.12538,False,44
141,1.00497,1.05677,False,44
142,1.05543,1.1278,False,44
143,1.14451,1.12696,False,44
144,1.08918,1.03605,False,44
145,5.02376,1.0,False,44
146,1.0,1.0,True,44
147,1.10529,1.0,False,44
148,1.0,1.0,True,44
149,1.0,3.10217,True,44
150,5.07592,1.0,False,44
151,1.07938,1.0,False,44
153,1.12745,1.13529,False,44
154,1.094,5.05202,False,44
155,1.00107,7.07435,False,44
156,1.03943,3.0055,False,44
157,1.00376,1.06615,False,44
158,1.02158,3.07183,False,44
159,1.05541,3.10993,False,44
160,1.03059,3.08342,False,44
161,1.01025,3.0550100000000002,False,44
162,4.13246,4.12337,False,44
164,1.02294,7.10687,False,44
165,5.01875,1.1141,False,44
166,5.12,5.07287,False,44
167,1.08124,1.02357,False,44
168,5.04626,1.0,False,44
169,5.10552,5.07101,False,44
173,1.08547,4.04779,False,44
175,1.09666,1.09477,False,44
176,1.04087,1.07179,False,44
177,1.10954,5.13248,False,44
178,4.01326,6.01542,False,44
179,1.13719,5.07822,False,44
180,2.03531,5.02453,False,44
181,3.00476,5.067,False,44
182,1.13388,5.00718,False,44
183,1.10475,5.14694,False,44
184,1.1191200000000001,7.05115,False,44
185,1.14667,5.00918,False,44
186,1.0792,7.07973,False,44
188,1.02721,5.09835,False,44
189,4.07603,6.08515,False,44
190,3.04851,3.12638,False,44
191,1.08081,5.14621,False,44
192,1.12512,5.00163,False,44
193,6.10219,5.12099,False,44
194,1.11854,5.0255,False,44
195,1.14583,3.01716,False,44
197,1.00506,5.14438,False,44
198,1.1166800000000001,5.09607,False,44
199,1.13321,5.04984,False,44
200,1.13144,1.14388,False,44
201,1.14539,1.1470799999999999,False,44
202,7.07921,7.05742,False,44
203,4.02156,5.08639,False,44
204,1.04368,5.14652,False,44
206,1.00369,5.11247,False,44
207,1.11868,3.09848,False,44
208,1.02352,1.1362,False,44
209,3.07447,3.05441,False,44
210,3.01511,3.14725,False,44
211,3.04888,3.00495,False,44
212,1.09862,1.11727,False,44
213,1.06334,3.05861,False,44
216,1.1203,6.13087,False,44
217,1.13184,4.023,False,44
218,1.13746,5.04483,False,44
219,3.04183,5.04258,False,44
222,1.09804,3.14427,False,44
225,4.04108,3.12281,False,44
226,1.10989,5.03618,False,44
227,4.09754,7.04106,False,44
229,3.09655,4.00992,False,44
230,3.02215,4.07531,False,44
233,1.01966,5.14506,False,44
234,3.00469,5.0859,False,44
235,3.12377,3.05373,False,44
236,1.09948,1.13717,False,44
237,1.03978,1.09532,False,44
242,1.00819,4.12133,False,44
243,1.12347,1.1183,False,44
251,4.14337,4.13164,False,44
252,1.14346,3.12344,False,44
253,1.00072,5.12378,False,44
254,1.00717,1.13962,False,44
255,1.02598,3.04781,False,44
256,1.08272,5.10607,False,44
257,1.00195,5.04757,False,44
258,1.10745,3.05471,False,44
259,1.04736,1.12483,False,44
260,1.01658,1.1163,False,44
262,1.01094,6.12797,False,44
263,1.0334,1.13978,False,44
264,1.12559,4.12814,False,44
265,1.14115,1.14044,False,44
270,3.03362,1.14343,False,44
271,1.1343,3.08915,False,44
272,1.11476,1.13507,False,44
273,1.09822,1.14526,False,44
274,1.12274,1.13827,False,44
275,3.01935,1.14613,False,44
280,1.00091,1.13912,False,44
289,1.07424,4.14484,False,44
290,1.1069,1.14442,False,44
291,1.13993,1.13953,False,44
292,1.05595,1.12747,False,44
293,5.02934,6.02012,False,44
294,5.02525,5.0972,False,44
295,5.00113,6.1430299999999995,False,44
296,5.04835,5.09058,False,44
297,1.13334,5.08589,False,44
298,1.00768,5.08139,False,44
299,1.0731600000000001,4.04916,False,44
300,1.06067,5.11569,False,44
301,1.04576,3.13957,False,44
302,1.06995,5.09009,False,44
303,1.1451,3.07561,False,44
308,1.02238,6.1061,False,44
317,1.00629,5.07067,False,44
318,1.11751,6.04821,False,44
319,1.02253,5.11674,False,44
320,1.03189,5.0845,False,44
321,1.05744,4.08516,False,44
322,1.06552,3.05489,False,44
323,1.03516,3.03116,False,44
324,1.03139,3.10962,False,44
325,1.09484,5.07833,False,44
326,1.01132,3.08835,False,44
328,1.05908,5.1378,False,44
329,1.14707,6.14147,False,44
330,1.11396,5.14142,False,44
331,1.11828,5.12605,False,44
332,1.14134,5.14382,False,44
333,3.1156800000000002,5.12658,False,44
334,1.12648,1.13427,False,44
335,1.10534,5.05497,False,44
336,1.06286,5.09567,False,44
337,1.11731,5.05147,False,44
339,1.07224,5.05955,False,44
340,1.0,1.01392,True,44
341,1.0,5.02407,True,44
342,6.01823,1.08036,False,44
343,1.0,1.0,True,44
346,1.09988,5.1461500000000004,False,44
347,1.14461,6.0957,False,44
348,1.10209,5.00836,False,44
349,1.07237,5.10296,False,44
350,1.12885,4.02776,False,44
351,1.1295,5.04961,False,44
352,1.09289,4.13161,False,44
353,4.02791,7.03838,False,44
354,4.1306,5.12279,False,44
355,1.0405,3.14592,False,44
357,1.05903,4.13747,False,44
358,1.04942,3.06485,False,44
359,1.12433,3.03379,False,44
361,1.08691,5.09274,False,44
363,5.08939,5.0861,False,44
364,5.09361,5.03421,False,44
365,1.00814,3.05931,False,44
366,1.12225,1.14087,False,44
367,5.07575,5.0579,False,44
370,1.10376,3.12606,False,44
371,1.14031,3.09337,False,44
372,1.14616,6.00332,False,44
373,1.09931,1.1445400000000001,False,44
374,1.00773,7.04194,False,44
375,1.05392,3.11046,False,44
376,1.13361,1.05758,False,44
377,1.13282,1.03625,False,44
378,3.0613,3.11467,False,44
379,3.08523,1.1189,False,44
380,4.09061,3.01757,False,44
381,1.07865,1.13585,False,44
383,1.03134,5.11501,False,44
384,1.14018,5.11157,False,44
385,1.00522,5.12624,False,44
386,1.01572,5.04075,False,44
387,1.0059,4.1075099999999996,False,44
388,1.00817,1.11294,False,44
389,1.00445,2.11936,False,44
390,1.01121,5.03484,False,44
391,1.00115,3.05687,False,44
394,1.00375,5.01361,False,44
395,5.14397,1.1383,False,44
396,5.07283,1.09358,False,44
397,5.06366,1.13868,False,44
398,5.06281,3.10891,False,44
403,1.00529,4.13947,False,44
404,5.07577,4.0728,False,44
405,5.07939,1.09765,False,44
406,1.02973,1.0,False,44
407,4.09773,3.09492,False,44
408,1.0,1.0534,True,44
412,5.00037,6.13406,False,44
413,5.00216,5.02321,False,44
414,5.00668,6.04293,False,44
415,5.00872,3.00341,False,44
416,3.01281,5.09113,False,44
417,1.13385,3.13089,False,44
418,5.08356,5.05763,False,44
419,3.05178,5.01937,False,44
420,3.14345,3.04525,False,44
421,3.13033,5.12656,False,44
422,1.14013,5.14153,False,44
423,1.12254,3.11346,False,44
425,1.02724,1.02535,False,44
426,1.093,4.11645,False,44
427,1.07825,1.14611,False,44
428,3.07595,3.14023,False,44
429,3.00255,3.02276,False,44
1,1.06719,3.07403,False,45
3,1.0147,1.0467,False,45
5,1.03757,7.10833,False,45
6,1.00966,3.01748,False,45
7,1.02152,1.0,False,45
9,1.05764,1.1289500000000001,False,45
10,1.08078,1.10609,False,45
11,1.04515,1.0,False,45
13,1.13577,1.13263,False,45
17,1.04179,3.00611,False,45
18,1.04444,1.08398,False,45
19,1.0,3.02109,True,45
21,1.09144,3.1428599999999998,False,45
22,1.11839,1.12987,False,45
25,1.03257,4.13516,False,45
29,1.02067,1.1384,False,45
30,1.07391,1.14106,False,45
69,1.00213,4.07682,False,45
70,3.0059,3.11194,False,45
71,1.07648,3.12306,False,45
72,3.05451,3.06225,False,45
73,3.01886,3.0736,False,45
74,3.03454,7.05046,False,45
75,4.02496,3.14068,False,45
76,1.13466,1.13988,False,45
77,3.02022,1.14345,False,45
78,1.09628,4.04702,False,45
79,1.13148,1.12878,False,45
82,1.12173,4.13422,False,45
83,1.00371,3.07623,False,45
84,3.10193,1.0,False,45
85,1.0,1.06012,True,45
86,1.0,4.05865,True,45
91,1.03324,1.14639,False,45
92,1.11067,1.14702,False,45
93,1.12558,3.09633,False,45
95,1.02678,1.14128,False,45
98,1.11455,5.12979,False,45
99,2.00916,5.1113,False,45
100,1.11025,6.08112,False,45
101,1.02407,3.1258,False,45
103,1.129,5.0956,False,45
104,1.11443,5.09301,False,45
106,1.1014,5.07484,False,45
107,1.01984,6.07895,False,45
109,1.14002,4.06656,False,45
110,1.10935,3.07781,False,45
111,1.01112,3.07519,False,45
112,1.05541,2.09059,False,45
113,1.0536,3.14605,False,45
114,1.01761,1.14277,False,45
115,1.06502,1.13737,False,45
116,1.07254,3.0842,False,45
117,1.01808,1.14725,False,45
118,1.07103,3.14319,False,45
120,1.00585,4.1033,False,45
121,1.00225,1.1459,False,45
122,1.00948,1.14507,False,45
123,1.002,1.07561,False,45
124,1.01802,7.07361,False,45
125,5.11867,4.02962,False,45
126,5.10428,5.1031,False,45
127,1.12789,4.01015,False,45
128,1.00051,5.03884,False,45
129,1.12534,5.02939,False,45
130,5.11778,5.10937,False,45
131,1.09413,1.09494,False,45
133,1.00791,1.14199,False,45
134,1.01387,1.08388,False,45
135,1.02207,1.14325,False,45
136,1.0291,1.11585,False,45
137,1.01416,1.03765,False,45
139,1.02372,1.10401,False,45
140,1.01577,1.12463,False,45
141,1.09208,1.02916,False,45
142,1.09872,1.14322,False,45
143,1.03378,1.1094,False,45
144,4.00489,1.13613,False,45
145,5.04511,1.0,False,45
146,1.0,1.0,True,45
147,1.04098,1.0,False,45
148,1.0,1.0,True,45
149,1.0,3.08694,True,45
150,5.13579,1.0,False,45
151,1.0,1.06804,True,45
153,1.13165,1.14087,False,45
154,1.0924800000000001,5.0413499999999996,False,45
155,1.0378,3.03477,False,45
156,1.0570599999999999,1.11754,False,45
157,1.01465,1.14522,False,45
158,1.06214,3.04463,False,45
159,1.04762,3.04545,False,45
160,1.05939,3.01021,False,45
161,1.05893,3.07515,False,45
162,4.0651,4.04689,False,45
164,1.01957,7.06571,False,45
165,5.01718,1.0662,False,45
166,5.1041,5.09286,False,45
167,1.07862,1.01708,False,45
168,5.00221,1.0,False,45
169,5.13656,5.05089,False,45
173,1.0864,3.14642,False,45
175,1.0379,1.02948,False,45
176,1.0790899999999999,1.09737,False,45
177,1.12701,5.0787,False,45
178,4.01373,5.135,False,45
179,1.13887,5.13659,False,45
180,2.00382,5.09672,False,45
181,3.03092,5.09497,False,45
182,1.1231,5.03001,False,45
183,1.09315,5.06046,False,45
184,1.12753,7.02239,False,45
185,1.14116,5.10026,False,45
186,1.07775,7.12652,False,45
188,1.02728,5.14658,False,45
189,4.14449,6.0857,False,45
190,3.08188,3.05397,False,45
191,1.12055,5.08038,False,45
192,1.09462,5.02977,False,45
193,6.08059,5.01338,False,45
194,1.1214,5.03731,False,45
195,1.13387,3.04978,False,45
197,1.01236,5.0752,False,45
198,1.13011,5.12406,False,45
199,1.14516,4.0093,False,45
200,1.14274,1.13111,False,45
201,1.08853,1.12104,False,45
202,7.05353,7.04954,False,45
203,4.04337,5.11068,False,45
204,1.13065,5.02517,False,45
206,1.00209,5.09995,False,45
207,1.12059,3.0444,False,45
208,1.03377,1.1276,False,45
209,3.07854,3.13976,False,45
210,3.06391,3.11114,False,45
211,3.06676,3.04513,False,45
212,1.11262,1.1455899999999999,False,45
213,1.101,3.09813,False,45
216,1.11277,6.07163,False,45
217,1.13448,4.02775,False,45
218,1.09994,5.07734,False,45
219,3.07788,5.11371,False,45
222,1.13835,3.10484,False,45
225,4.00217,3.11434,False,45
226,1.09405,5.13867,False,45
227,4.02319,7.02684,False,45
229,3.06966,4.0082699999999996,False,45
230,3.07274,3.13254,False,45
233,1.00158,5.12153,False,45
234,3.06016,5.01541,False,45
235,3.03972,3.03387,False,45
236,1.02752,1.11161,False,45
237,1.09001,1.14148,False,45
242,1.01395,4.09927,False,45
243,1.09383,1.07513,False,45
251,4.08812,4.09936,False,45
252,1.1287099999999999,3.08058,False,45
253,1.0073,5.09083,False,45
254,1.00623,1.11611,False,45
255,1.11294,3.05964,False,45
256,1.0169,5.01788,False,45
257,1.00011,5.0053,False,45
258,1.06666,3.09024,False,45
259,3.08093,1.10316,False,45
260,1.07081,1.13408,False,45
262,1.00599,6.09227,False,45
263,1.01724,1.12561,False,45
264,1.12024,4.03169,False,45
265,1.14738,1.13492,False,45
270,3.07932,1.12192,False,45
271,1.05012,3.10729,False,45
272,1.10821,1.14224,False,45
273,1.10993,1.1224,False,45
274,1.10013,1.11026,False,45
275,3.07263,1.12682,False,45
280,1.00779,1.14644,False,45
289,1.07002,4.14533,False,45
290,1.13144,1.14588,False,45
291,1.14451,1.14421,False,45
292,1.10066,1.14221,False,45
293,5.00722,6.12158,False,45
294,5.00008,1.1447,False,45
295,5.00013,6.11957,False,45
296,5.00044,1.11748,False,45
297,1.0963,5.10456,False,45
298,1.01787,5.10101,False,45
299,1.06087,4.06255,False,45
300,1.07257,5.00901,False,45
301,1.05554,3.08513,False,45
302,1.10084,5.03866,False,45
303,1.08915,3.14509,False,45
308,1.01661,6.12261,False,45
317,1.00669,3.07106,False,45
318,1.09201,6.01922,False,45
319,1.04694,5.14043,False,45
320,1.08212,5.08279,False,45
321,1.03856,4.04805,False,45
322,1.05895,3.01986,False,45
323,1.12502,3.02032,False,45
324,1.03232,3.05068,False,45
325,1.0475,5.0906,False,45
326,1.07709,3.14282,False,45
328,1.10291,5.02648,False,45
329,1.14442,6.09561,False,45
330,1.09754,5.08867,False,45
331,1.06988,5.1198,False,45
332,1.12089,5.11193,False,45
333,3.05743,5.11715,False,45
334,1.06766,1.12736,False,45
335,1.08478,5.09677,False,45
336,1.02767,5.09191,False,45
337,1.1155599999999999,5.08827,False,45
339,1.01043,5.13071,False,45
340,1.0,1.13135,True,45
341,1.0,5.05779,True,45
342,6.05648,1.13595,False,45
343,1.0,1.0,True,45
346,1.09353,5.07022,False,45
347,1.11241,6.09192,False,45
348,1.09034,5.11046,False,45
349,1.03801,5.02866,False,45
350,1.14147,4.10766,False,45
351,1.14155,5.00028,False,45
352,1.07703,4.00839,False,45
353,4.09655,7.06712,False,45
354,4.08493,5.13355,False,45
355,1.06974,3.07749,False,45
357,1.05816,4.12522,False,45
358,1.06013,3.12901,False,45
359,1.13315,3.06174,False,45
361,1.06886,5.0530100000000004,False,45
363,5.08196,5.06204,False,45
364,5.11343,5.09724,False,45
365,1.08705,3.09903,False,45
366,1.09397,1.09257,False,45
367,5.02373,5.14233,False,45
370,1.10306,3.11405,False,45
371,1.1369799999999999,3.13035,False,45
372,1.13899,6.07006,False,45
373,1.13943,1.13882,False,45
374,1.02174,7.0733,False,45
375,1.09878,3.09937,False,45
376,1.11554,1.10933,False,45
377,1.02933,1.0684,False,45
378,3.11154,3.10663,False,45
379,3.02611,1.13262,False,45
380,4.01475,3.1388,False,45
381,1.12223,1.14166,False,45
383,1.06643,5.09143,False,45
384,1.13701,5.1119,False,45
385,1.00323,5.13201,False,45
386,1.00116,5.01781,False,45
387,1.02429,4.04803,False,45
388,1.0008,1.12884,False,45
389,1.05167,2.04784,False,45
390,1.06071,2.02362,False,45
391,1.01458,3.07837,False,45
394,1.03925,5.0659,False,45
395,5.07926,1.11523,False,45
396,5.02343,1.02293,False,45
397,5.01902,1.13106,False,45
398,5.08627,3.14118,False,45
403,1.01324,4.06541,False,45
404,5.03042,4.14477,False,45
405,5.11741,1.13453,False,45
406,1.03582,1.0,False,45
407,4.12922,3.1147,False,45
408,1.0,1.09472,True,45
412,5.00006,6.13236,False,45
413,5.00034,5.13304,False,45
414,5.01275,6.04412,False,45
415,5.0076,3.06662,False,45
416,3.11253,3.00952,False,45
417,1.1195,3.10601,False,45
418,5.08336,5.06028,False,45
419,3.093,5.09429,False,45
420,3.01456,3.01019,False,45
421,3.09646,5.08875,False,45
422,3.11544,3.08213,False,45
423,1.1102400000000001,3.12191,False,45
425,1.06186,7.1081,False,45
426,1.0818,4.14552,False,45
427,1.12535,1.14474,False,45
428,3.06969,3.05583,False,45
429,3.105,3.00697,False,45
1,1.07552,3.00798,False,46
3,1.10646,1.04618,False,46
5,1.05377,7.04077,False,46
6,1.08686,3.12448,False,46
7,1.03126,1.0,False,46
9,1.00259,1.14228,False,46
10,1.01371,1.10139,False,46
11,1.06474,1.0,False,46
13,1.13689,1.14147,False,46
17,1.05165,3.10085,False,46
18,1.05554,1.11571,False,46
19,1.0,3.00826,True,46
21,1.09717,3.00479,False,46
22,1.14624,1.14287,False,46
25,1.02648,4.06058,False,46
29,1.03343,1.14294,False,46
30,1.02487,1.11245,False,46
69,1.00212,4.13663,False,46
70,3.06144,3.13607,False,46
71,1.05985,1.1443699999999999,False,46
72,3.04357,3.09561,False,46
73,3.02948,3.00995,False,46
74,3.0434,3.02551,False,46
75,4.05112,3.12606,False,46
76,1.11565,3.09824,False,46
77,3.00398,1.13685,False,46
78,1.09055,3.12608,False,46
79,1.11804,3.00588,False,46
82,1.03583,4.10323,False,46
83,1.12173,3.00689,False,46
84,3.00256,1.0,False,46
85,1.0,1.01743,True,46
86,1.0,4.07295,True,46
91,1.03694,1.12812,False,46
92,1.1078000000000001,3.00774,False,46
93,1.12052,3.11211,False,46
95,1.04478,1.14107,False,46
98,1.05579,5.04111,False,46
99,2.05428,5.12878,False,46
100,1.12633,6.13842,False,46
101,1.0311,3.1171,False,46
103,1.11907,5.11427,False,46
104,1.12614,5.06875,False,46
106,1.05322,5.0926,False,46
107,1.07199,6.13426,False,46
109,1.12427,4.04845,False,46
110,1.09671,3.08578,False,46
111,1.00178,3.06803,False,46
112,1.02882,2.10705,False,46
113,1.06783,3.09787,False,46
114,1.01513,1.13037,False,46
115,1.06637,1.1421000000000001,False,46
116,1.02357,3.05929,False,46
117,1.03136,1.14101,False,46
118,1.03937,3.13629,False,46
120,1.001,4.11705,False,46
121,1.00686,1.12963,False,46
122,1.00172,1.14176,False,46
123,1.01093,1.14086,False,46
124,1.01439,7.08883,False,46
125,5.09673,4.0943,False,46
126,5.10156,5.08519,False,46
127,1.13174,4.02591,False,46
128,1.01292,5.08742,False,46
129,1.12757,5.13079,False,46
130,5.13534,5.08926,False,46
131,1.08081,1.11385,False,46
133,1.00302,1.14733,False,46
134,1.00099,1.0603,False,46
135,1.01064,1.09205,False,46
136,1.02399,1.11928,False,46
137,1.04043,1.00216,False,46
139,1.05136,1.11798,False,46
140,1.09299,1.11972,False,46
141,1.07981,1.06458,False,46
142,1.01894,1.09093,False,46
143,1.01146,1.1166800000000001,False,46
144,1.06944,1.01465,False,46
145,5.13081,1.0,False,46
146,1.0,1.0,True,46
147,1.0,1.13884,True,46
148,1.0,1.0,True,46
149,1.0,3.13496,True,46
150,5.043,1.0,False,46
151,1.0,1.04283,True,46
153,1.13498,1.12821,False,46
154,1.11644,5.07956,False,46
155,1.03998,1.14629,False,46
156,1.04924,3.05226,False,46
157,1.02506,1.12857,False,46
158,1.00441,3.05531,False,46
159,1.02105,3.0981899999999998,False,46
160,1.02917,3.05364,False,46
161,1.0397,3.1074,False,46
162,4.14715,4.11067,False,46
164,1.01592,7.07913,False,46
165,5.04376,1.00802,False,46
166,5.10469,5.05045,False,46
167,1.12681,1.05025,False,46
168,5.08463,1.0,False,46
169,5.11755,5.10296,False,46
173,1.08211,4.10838,False,46
175,1.05777,1.08958,False,46
176,1.04582,1.13977,False,46
177,1.12356,5.1197,False,46
178,4.00962,5.12461,False,46
179,1.14219,5.14389,False,46
180,2.00045,5.06325,False,46
181,3.04641,5.08938,False,46
182,1.14518,5.048,False,46
183,1.1232,5.1267,False,46
184,1.12397,7.01876,False,46
185,1.14658,5.1219,False,46
186,1.0972,7.00013,False,46
188,1.00221,5.12868,False,46
189,4.10274,6.09891,False,46
190,1.13812,3.02491,False,46
191,1.04304,5.11634,False,46
192,1.10262,5.13772,False,46
193,6.01029,5.00869,False,46
194,1.1384400000000001,5.02706,False,46
195,1.14213,3.12212,False,46
197,1.0111,5.12925,False,46
198,1.10464,5.06143,False,46
199,1.10638,5.11345,False,46
200,1.14416,1.14513,False,46
201,1.13437,1.1262699999999999,False,46
202,7.04508,7.04386,False,46
203,4.0236,5.14699,False,46
204,1.14589,5.07569,False,46
206,1.00727,5.04766,False,46
207,1.127,3.04984,False,46
208,1.09061,1.12204,False,46
209,3.00927,3.05044,False,46
210,3.00673,3.1202,False,46
211,3.05873,3.00088,False,46
212,1.07533,1.0988,False,46
213,1.08116,3.11823,False,46
216,1.12016,6.08645,False,46
217,1.1428,4.07831,False,46
218,1.13348,5.14288,False,46
219,1.12206,5.13256,False,46
222,1.0924,3.14341,False,46
225,4.04247,3.10414,False,46
226,1.09843,5.0294,False,46
227,4.10907,7.12985,False,46
229,3.09796,4.09272,False,46
230,3.0681599999999998,3.0653,False,46
233,1.00923,5.14606,False,46
234,3.01519,5.01948,False,46
235,3.0393,3.03127,False,46
236,1.13979,1.14659,False,46
237,1.07224,1.10564,False,46
242,1.00342,4.09475,False,46
243,1.10338,1.14069,False,46
251,4.09567,4.13789,False,46
252,1.13291,3.12275,False,46
253,1.03154,5.0189,False,46
254,1.01063,1.1303,False,46
255,1.03606,3.06334,False,46
256,1.11726,5.03556,False,46
257,1.10033,5.09831,False,46
258,1.02743,3.12731,False,46
259,3.11719,1.11655,False,46
260,1.0706,1.13469,False,46
262,1.0014,6.12617,False,46
263,1.02641,1.14222,False,46
264,1.07068,4.09486,False,46
265,1.1418300000000001,1.13953,False,46
270,3.07032,1.14046,False,46
271,1.13106,3.0829,False,46
272,1.1109,1.14326,False,46
273,1.1205,1.12574,False,46
274,1.10478,1.14696,False,46
275,3.11306,1.12831,False,46
280,1.03713,1.12227,False,46
289,1.0993,4.07503,False,46
290,1.097,1.14537,False,46
291,1.14489,1.14243,False,46
292,1.05994,1.14739,False,46
293,5.00131,5.10399,False,46
294,5.01218,5.01148,False,46
295,5.00006,6.1011,False,46
296,5.00908,5.12255,False,46
297,1.05303,5.05321,False,46
298,1.02975,5.13251,False,46
299,1.0688,4.11022,False,46
300,1.00409,5.00555,False,46
301,1.03728,3.11536,False,46
302,1.05375,5.11759,False,46
303,3.01032,3.11111,False,46
308,1.016,6.14284,False,46
317,1.01434,5.1383,False,46
318,1.07318,6.08795,False,46
319,1.03532,5.09718,False,46
320,1.0021,2.10409,False,46
321,1.0645,4.12965,False,46
322,1.06397,3.12172,False,46
323,1.02676,3.12891,False,46
324,1.02467,3.1147299999999998,False,46
325,1.01935,5.11333,False,46
326,1.02711,3.09106,False,46
328,1.04822,5.14355,False,46
329,2.0068,6.1024,False,46
330,1.10147,5.12523,False,46
331,1.05908,5.09014,False,46
332,1.11461,5.11028,False,46
333,3.11229,5.04952,False,46
334,1.14044,1.13747,False,46
335,1.0936,5.14491,False,46
336,1.07682,5.09157,False,46
337,1.09645,5.07995,False,46
339,1.04899,5.14436,False,46
340,1.0,1.01238,True,46
341,1.0,5.00807,True,46
342,6.11421,1.09748,False,46
343,1.0,1.0,True,46
346,1.08907,5.07947,False,46
347,1.12748,6.05656,False,46
348,1.09402,5.10721,False,46
349,1.01515,5.06445,False,46
350,3.03685,4.06618,False,46
351,1.11865,5.00244,False,46
352,1.10859,4.09327,False,46
353,4.04592,7.08105,False,46
354,4.11379,5.10621,False,46
355,1.05458,3.12272,False,46
357,1.05455,4.14721,False,46
358,1.07413,3.1276,False,46
359,1.10376,3.03368,False,46
361,1.08131,5.01131,False,46
363,5.09081,5.07365,False,46
364,5.09513,5.05944,False,46
365,1.00709,3.07914,False,46
366,1.10526,1.14504,False,46
367,5.0733,5.14412,False,46
370,1.11369,3.13756,False,46
371,1.14435,3.09201,False,46
372,1.14536,6.05234,False,46
373,1.09425,1.1473,False,46
374,1.06302,7.11549,False,46
375,1.10415,3.09371,False,46
376,1.09325,1.01517,False,46
377,1.04568,1.10702,False,46
378,3.08244,3.08263,False,46
379,3.00895,1.13201,False,46
380,4.13432,3.07707,False,46
381,1.09094,1.11679,False,46
383,1.0773,5.04137,False,46
384,1.13874,3.1064,False,46
385,1.02204,5.14253,False,46
386,1.0162,5.1419,False,46
387,1.02615,4.08634,False,46
388,1.01661,1.12099,False,46
389,1.0185,2.02111,False,46
390,1.00645,2.02155,False,46
391,1.0401,3.00715,False,46
394,1.00254,5.03648,False,46
395,5.05253,1.10918,False,46
396,5.10981,1.04931,False,46
397,5.13735,1.03458,False,46
398,5.11506,3.1119,False,46
403,1.0091,4.14507,False,46
404,5.05933,4.05516,False,46
405,5.06741,1.11358,False,46
406,1.04804,1.0,False,46
407,4.1098,3.01394,False,46
408,1.0,1.00675,True,46
412,5.00039,6.07474,False,46
413,5.00449,1.14055,False,46
414,5.04211,6.11172,False,46
415,5.00685,3.01933,False,46
416,3.11545,3.07977,False,46
417,1.14693,3.11621,False,46
418,5.05218,5.0488,False,46
419,3.1386,5.05152,False,46
420,3.08354,3.04356,False,46
421,3.12675,5.02387,False,46
422,3.08024,5.02601,False,46
423,1.13944,3.07456,False,46
425,1.02438,7.11995,False,46
426,1.08078,4.04441,False,46
427,1.14007,1.14361,False,46
428,3.11874,3.09919,False,46
429,3.00955,3.12046,False,46
1,1.09068,3.10203,False,47
3,1.11927,1.01416,False,47
5,1.06999,7.01406,False,47
6,1.09234,3.00204,False,47
7,1.04001,1.0,False,47
9,1.02006,1.12523,False,47
10,1.04569,1.00064,False,47
11,1.00606,1.0,False,47
13,1.07287,1.13465,False,47
17,1.03218,3.01919,False,47
18,1.08669,1.08926,False,47
19,1.0,3.12068,True,47
21,1.08304,3.08427,False,47
22,1.13076,1.12746,False,47
25,1.03813,4.04402,False,47
29,1.02324,1.12817,False,47
30,1.09605,1.13697,False,47
69,1.00327,4.03612,False,47
70,3.00363,3.1143,False,47
71,1.09121,3.00208,False,47
72,3.00379,3.08296,False,47
73,3.03619,3.06503,False,47
74,3.10996,3.10725,False,47
75,4.03675,3.14584,False,47
76,1.14298,3.00795,False,47
77,3.02492,1.14018,False,47
78,1.0996,3.04836,False,47
79,1.12339,3.13578,False,47
82,1.11072,4.08109,False,47
83,1.03356,3.03209,False,47
84,3.13397,1.0,False,47
85,1.08837,1.0,False,47
86,1.0,4.02815,True,47
91,1.04221,1.14117,False,47
92,1.09385,1.14566,False,47
93,1.12742,3.06424,False,47
95,1.05971,1.13377,False,47
98,1.09843,5.13781,False,47
99,2.02484,5.08533,False,47
100,1.09903,6.07841,False,47
101,1.00676,3.10574,False,47
103,1.10322,5.06714,False,47
104,1.05707,5.01735,False,47
106,1.06609,5.05746,False,47
107,1.02789,6.1466899999999995,False,47
109,1.1195599999999999,4.11469,False,47
110,1.10839,3.1437,False,47
111,1.00296,3.12872,False,47
112,1.06806,2.09186,False,47
113,1.06686,3.13328,False,47
114,1.03061,1.11792,False,47
115,1.06401,1.1289500000000001,False,47
116,1.0207600000000001,3.09411,False,47
117,1.00733,1.13804,False,47
118,1.03767,3.13852,False,47
120,1.00117,4.07968,False,47
121,1.0028,1.14691,False,47
122,1.00473,1.14428,False,47
123,1.00776,1.05798,False,47
124,1.05744,7.12385,False,47
125,5.00181,4.10937,False,47
126,5.03004,5.00725,False,47
127,1.04883,4.02964,False,47
128,1.04181,5.03318,False,47
129,1.12511,5.06633,False,47
130,5.09465,5.0918,False,47
131,1.01834,1.11835,False,47
133,1.01278,1.14497,False,47
134,1.02003,1.14258,False,47
135,1.12798,1.13407,False,47
136,1.1007,1.14357,False,47
137,1.09848,1.01757,False,47
139,1.04961,1.13622,False,47
140,1.04063,1.1454,False,47
141,1.13988,1.01475,False,47
142,1.04125,1.10548,False,47
143,1.00462,1.13463,False,47
144,1.11782,1.14626,False,47
145,5.06945,1.0,False,47
146,1.0,1.0,True,47
147,1.0055,1.0,False,47
148,1.0,1.0,True,47
149,1.0,3.11254,True,47
150,5.09127,1.0,False,47
151,1.0,1.00975,True,47
153,1.12655,1.13172,False,47
154,1.09044,5.0269,False,47
155,1.01114,7.119,False,47
156,1.11635,3.11588,False,47
157,1.04301,1.14185,False,47
158,1.05179,3.10961,False,47
159,1.00299,3.05343,False,47
160,1.04286,3.12094,False,47
161,1.10343,3.13932,False,47
162,4.13508,4.13422,False,47
164,1.02271,7.14621,False,47
165,5.08695,1.13755,False,47
166,5.11421,5.01728,False,47
167,1.08924,1.00945,False,47
168,5.00809,1.0,False,47
169,5.14079,5.1381499999999996,False,47
173,1.09161,3.11151,False,47
175,1.05698,1.03188,False,47
176,1.09693,1.06098,False,47
177,1.11198,5.12283,False,47
178,4.00868,6.08881,False,47
179,1.14578,5.13031,False,47
180,2.0282,5.05797,False,47
181,3.0472,5.09575,False,47
182,1.14093,5.06563,False,47
183,1.09571,5.04126,False,47
184,1.1286,7.03723,False,47
185,1.13367,5.02302,False,47
186,1.1177,7.04722,False,47
188,1.00546,5.13933,False,47
189,4.13846,6.07583,False,47
190,1.12889,3.10477,False,47
191,1.09413,5.11041,False,47
192,1.09488,5.01876,False,47
193,6.11892,5.08563,False,47
194,1.09326,5.019,False,47
195,1.03778,3.1208,False,47
197,1.00518,5.12587,False,47
198,1.13401,5.08827,False,47
199,1.10917,5.09996,False,47
200,1.10905,1.12176,False,47
201,1.03403,1.13769,False,47
202,7.06244,7.04362,False,47
203,4.10037,5.14239,False,47
204,1.02512,5.10148,False,47
206,1.00006,5.04586,False,47
207,1.13588,3.13543,False,47
208,1.0948,1.13517,False,47
209,3.01348,3.03727,False,47
210,3.0076,3.0682,False,47
211,3.06382,3.01054,False,47
212,1.10053,1.13922,False,47
213,1.03514,3.05178,False,47
216,1.1149499999999999,6.10734,False,47
217,1.14381,4.08136,False,47
218,1.11458,5.08403,False,47
219,1.1302699999999999,5.07881,False,47
222,1.13918,3.08275,False,47
225,4.01586,3.0718,False,47
226,1.08698,5.12687,False,47
227,4.06594,7.05473,False,47
229,3.11464,4.14562,False,47
230,3.08249,4.04715,False,47
233,1.04833,5.1307,False,47
234,3.02795,5.0141,False,47
235,3.06009,3.05811,False,47
236,1.01697,1.14386,False,47
237,1.09643,1.11173,False,47
242,1.00386,4.14191,False,47
243,1.14535,1.08352,False,47
251,4.08321,4.14677,False,47
252,1.12891,3.11609,False,47
253,1.03165,5.0818200000000004,False,47
254,1.06041,1.09617,False,47
255,1.12152,3.1147,False,47
256,1.00952,5.01265,False,47
257,1.00002,5.0401,False,47
258,1.02442,3.11291,False,47
259,3.0797,1.13123,False,47
260,1.10073,1.14406,False,47
262,1.00083,6.13213,False,47
263,1.04477,1.14716,False,47
264,1.13792,4.02734,False,47
265,1.13379,1.11709,False,47
270,3.0998,1.13034,False,47
271,1.12288,3.1389,False,47
272,1.12525,1.13082,False,47
273,1.05093,1.1440299999999999,False,47
274,1.0615,1.14102,False,47
275,3.03331,1.14536,False,47
280,1.02042,1.14057,False,47
289,1.08077,4.12309,False,47
290,1.10181,1.14711,False,47
291,1.14217,1.13741,False,47
292,1.0771,1.06097,False,47
293,5.00116,6.12464,False,47
294,5.00278,5.09355,False,47
295,5.04645,6.01415,False,47
296,5.03088,1.13285,False,47
297,1.11256,5.09949,False,47
298,1.02604,5.08948,False,47
299,1.08534,4.06243,False,47
300,1.02164,5.0025,False,47
301,1.00479,3.1351,False,47
302,1.10934,5.07244,False,47
303,1.01782,3.13712,False,47
308,1.00059,6.12275,False,47
317,1.01339,5.08792,False,47
318,1.09013,6.14518,False,47
319,1.06453,5.14048,False,47
320,1.01004,2.06264,False,47
321,1.00218,4.0628,False,47
322,1.00744,3.05084,False,47
323,1.02675,3.0874,False,47
324,1.00476,3.02188,False,47
325,1.03852,5.08173,False,47
326,1.01497,3.06641,False,47
328,1.07265,5.09653,False,47
329,1.13532,6.00722,False,47
330,1.0991900000000001,5.14526,False,47
331,1.04368,5.09278,False,47
332,1.13531,5.09076,False,47
333,3.01038,5.10474,False,47
334,1.1363699999999999,1.1465,False,47
335,1.0986,5.11963,False,47
336,1.05643,5.09276,False,47
337,1.10405,5.11126,False,47
339,1.11924,5.1198,False,47
340,1.0,1.0195,True,47
341,1.0,5.10828,True,47
342,6.08769,1.10908,False,47
343,1.0,1.0,True,47
346,1.11953,5.05943,False,47
347,1.13144,6.03097,False,47
348,1.10646,5.01007,False,47
349,1.02327,5.00153,False,47
350,1.14046,4.08963,False,47
351,1.14583,5.03147,False,47
352,1.12349,4.01081,False,47
353,4.04691,7.03065,False,47
354,4.09133,5.10997,False,47
355,1.10999,3.06643,False,47
357,1.06102,4.03754,False,47
358,1.05857,3.04507,False,47
359,1.12765,3.06808,False,47
361,1.07673,5.1438,False,47
363,5.09825,5.08229,False,47
364,5.06517,5.05448,False,47
365,1.10603,3.02224,False,47
366,1.0954,1.07709,False,47
367,5.09819,5.06647,False,47
370,1.09873,3.12434,False,47
371,1.14226,3.05518,False,47
372,1.13654,6.07816,False,47
373,1.11392,1.14216,False,47
374,1.00631,7.01495,False,47
375,1.02575,1.04642,False,47
376,1.09087,1.05435,False,47
377,1.00893,1.07458,False,47
378,3.03862,3.13217,False,47
379,3.10468,1.11942,False,47
380,4.06263,3.0722,False,47
381,1.14265,1.14278,False,47
383,1.03706,5.09225,False,47
384,1.14158,5.13246,False,47
385,1.00084,5.14729,False,47
386,1.00118,5.13882,False,47
387,1.02368,4.0063,False,47
388,1.00894,1.07974,False,47
389,1.02856,2.08421,False,47
390,1.01734,2.05805,False,47
391,1.02004,3.02839,False,47
394,1.03368,5.09923,False,47
395,5.07864,1.13796,False,47
396,5.07634,1.06603,False,47
397,5.06361,1.1048499999999999,False,47
398,5.04863,3.13293,False,47
403,1.12757,4.09939,False,47
404,5.01645,4.13608,False,47
405,5.04637,1.11124,False,47
406,1.02162,1.0,False,47
407,4.07092,3.11113,False,47
408,1.0,1.00037,True,47
412,5.0019,6.12643,False,47
413,5.00131,5.04461,False,47
414,5.01207,6.06912,False,47
415,5.01281,3.01937,False,47
416,3.13915,3.09766,False,47
417,1.14492,3.08778,False,47
418,5.11457,5.02671,False,47
419,3.08243,5.00981,False,47
420,3.11939,3.02289,False,47
421,3.13453,5.04913,False,47
422,3.04112,5.08444,False,47
423,1.10986,3.0738,False,47
425,1.06475,7.11668,False,47
426,1.08054,4.06919,False,47
427,1.11695,1.1402,False,47
428,3.1305,3.12712,False,47
429,3.14412,3.05365,False,47
1,1.10464,3.02018,False,48
3,1.04055,1.01003,False,48
5,1.09876,7.04847,False,48
6,1.03304,3.13099,False,48
7,1.00756,1.0,False,48
9,1.00102,1.03857,False,48
10,1.08383,1.0479,False,48
11,1.00895,1.0,False,48
13,1.11904,1.12316,False,48
17,1.05443,3.01006,False,48
18,1.06534,1.07969,False,48
19,1.0,3.02244,True,48
21,1.0812599999999999,3.02127,False,48
22,1.1448800000000001,1.14697,False,48
25,1.0548,4.1237,False,48
29,1.00995,1.14008,False,48
30,1.07803,1.13221,False,48
69,1.00273,4.13556,False,48
70,3.03195,3.09785,False,48
71,1.09863,3.11083,False,48
72,3.0319,3.14407,False,48
73,3.03334,3.06541,False,48
74,3.05535,7.01397,False,48
75,4.06863,3.14358,False,48
76,1.13522,3.08434,False,48
77,3.01011,1.12449,False,48
78,1.0988,3.04261,False,48
79,1.12005,3.11664,False,48
82,1.02707,4.13053,False,48
83,1.01156,3.13746,False,48
84,3.13658,1.0,False,48
85,1.06423,1.0,False,48
86,1.0,4.10904,True,48
91,1.06298,1.13416,False,48
92,1.11759,3.01332,False,48
93,1.13021,3.14035,False,48
95,1.0516,1.13391,False,48
98,1.05979,5.12,False,48
99,2.03657,5.12999,False,48
100,1.11765,6.06385,False,48
101,1.02647,3.14637,False,48
103,1.14565,5.0098,False,48
104,1.11535,5.0701,False,48
106,1.14181,5.05603,False,48
107,1.08648,6.11488,False,48
109,1.13758,4.0329,False,48
110,1.12167,3.04349,False,48
111,1.03521,3.14638,False,48
112,1.0113,2.12616,False,48
113,1.10244,3.07563,False,48
114,1.02879,1.14278,False,48
115,1.06774,1.14445,False,48
116,1.02579,3.03609,False,48
117,1.0729,1.13326,False,48
118,1.02448,3.13412,False,48
120,1.00114,4.07823,False,48
121,1.01116,1.14571,False,48
122,1.01447,1.14451,False,48
123,1.00244,1.06084,False,48
124,1.01948,7.10406,False,48
125,5.00137,4.13218,False,48
126,5.03699,5.11799,False,48
127,1.13654,4.06265,False,48
128,1.06142,5.08694,False,48
129,1.11708,5.00318,False,48
130,5.14441,5.12656,False,48
131,1.00842,1.07285,False,48
133,1.00054,1.14512,False,48
134,1.01072,1.11643,False,48
135,1.00864,1.12364,False,48
136,1.04455,1.1360000000000001,False,48
137,1.10145,1.13076,False,48
139,1.02508,1.11119,False,48
140,1.00884,1.13929,False,48
141,1.04467,1.13923,False,48
142,1.04792,1.13421,False,48
143,1.00695,1.14731,False,48
144,1.0564,1.09129,False,48
145,5.00042,1.0,False,48
146,1.0,1.0,True,48
147,1.07587,1.0,False,48
148,1.0,1.0,True,48
149,1.0,3.14113,True,48
150,5.07097,1.0,False,48
151,1.0,1.11914,True,48
153,1.12068,1.13543,False,48
154,1.10114,5.11428,False,48
155,1.01193,7.09915,False,48
156,1.04908,3.03788,False,48
157,1.01885,1.11968,False,48
158,1.02212,3.137,False,48
159,1.10781,3.03352,False,48
160,1.05965,3.06696,False,48
161,1.02405,3.05879,False,48
162,4.08414,4.07734,False,48
164,1.03427,7.06208,False,48
165,5.10282,1.1057,False,48
166,5.10661,5.10442,False,48
167,1.13192,1.03295,False,48
168,5.13873,1.0,False,48
169,5.08917,5.08845,False,48
173,1.08847,4.10164,False,48
175,1.0816,1.07146,False,48
176,1.07425,1.04696,False,48
177,1.10595,5.13267,False,48
178,4.02665,6.02489,False,48
179,1.11967,5.14353,False,48
180,2.06767,5.04699,False,48
181,3.11743,5.04975,False,48
182,1.13425,5.02392,False,48
183,1.12685,5.09769,False,48
184,1.12076,7.07377,False,48
185,1.14713,5.04866,False,48
186,1.13222,7.06829,False,48
188,1.00427,5.10534,False,48
189,4.13302,6.03539,False,48
190,3.01372,3.106,False,48
191,1.12018,5.055,False,48
192,1.11839,5.09308,False,48
193,6.07038,5.07088,False,48
194,1.12598,5.08437,False,48
195,1.12262,3.11612,False,48
197,1.0095,5.08878,False,48
198,1.06439,5.01303,False,48
199,3.05831,5.10101,False,48
200,1.13811,1.10181,False,48
201,1.13063,1.0862,False,48
202,7.04778,7.04181,False,48
203,4.10304,5.01313,False,48
204,1.14567,5.14048,False,48
206,1.00393,5.09368,False,48
207,1.12508,3.14244,False,48
208,1.10451,1.14683,False,48
209,3.0074,3.03943,False,48
210,3.02372,3.13535,False,48
211,3.01774,3.01151,False,48
212,1.11345,1.11168,False,48
213,1.06211,3.13002,False,48
216,1.1156,6.10015,False,48
217,1.13702,4.01136,False,48
218,1.09353,5.10537,False,48
219,3.02711,5.05704,False,48
222,1.10847,3.01432,False,48
225,4.03754,3.13081,False,48
226,1.08629,5.07737,False,48
227,4.03241,7.00151,False,48
229,3.09072,4.01863,False,48
230,3.04231,3.11809,False,48
233,1.0019,5.10528,False,48
234,3.00235,5.00469,False,48
235,3.03661,3.01988,False,48
236,1.1137,1.10196,False,48
237,1.12603,1.09209,False,48
242,1.02684,4.05168,False,48
243,1.13096,1.12245,False,48
251,4.11585,4.10753,False,48
252,1.13678,3.11096,False,48
253,1.00326,5.07065,False,48
254,1.019,1.09194,False,48
255,1.11118,3.02163,False,48
256,1.04216,5.03716,False,48
257,1.01984,5.03847,False,48
258,1.05161,3.04468,False,48
259,3.06372,1.13457,False,48
260,1.1279,1.07228,False,48
262,1.0078,6.10443,False,48
263,1.01399,1.14599,False,48
264,1.07144,4.03807,False,48
265,1.10462,1.13982,False,48
270,3.07546,1.14659,False,48
271,1.11456,3.1308,False,48
272,1.10584,1.13647,False,48
273,1.08061,1.14141,False,48
274,1.09621,1.1467,False,48
275,3.00762,1.14285,False,48
280,1.00022,1.14214,False,48
289,1.05692,4.11955,False,48
290,1.12923,1.13155,False,48
291,1.14277,1.14351,False,48
292,1.08172,1.13199,False,48
293,5.00981,6.12734,False,48
294,5.01969,5.14222,False,48
295,5.00811,6.11762,False,48
296,5.04528,5.08496,False,48
297,1.06576,5.0703,False,48
298,1.02766,5.12341,False,48
299,1.04753,4.03368,False,48
300,1.06974,5.12549,False,48
301,1.10054,3.09783,False,48
302,1.01066,5.06302,False,48
303,1.0033,3.14216,False,48
308,1.0015,6.0975,False,48
317,1.00529,5.07148,False,48
318,1.09251,6.06466,False,48
319,1.04859,5.13591,False,48
320,1.01934,5.04441,False,48
321,1.03884,4.11341,False,48
322,1.03086,3.12228,False,48
323,1.00051,3.11692,False,48
324,1.00198,3.1473,False,48
325,1.04576,5.07996,False,48
326,1.06091,3.06215,False,48
328,1.08127,5.14271,False,48
329,1.13666,6.06835,False,48
330,1.12952,5.11544,False,48
331,1.02974,3.12224,False,48
332,1.11771,5.12506,False,48
333,3.11608,5.13464,False,48
334,1.13896,1.14238,False,48
335,1.0949,5.11737,False,48
336,1.07608,5.13597,False,48
337,1.08285,5.111,False,48
339,1.11764,5.1393,False,48
340,1.0,1.08373,True,48
341,1.0,5.10673,True,48
342,6.04069,1.13672,False,48
343,1.0,1.0,True,48
346,1.08689,5.01048,False,48
347,1.12415,6.04245,False,48
348,1.09406,5.0135,False,48
349,1.04459,5.11802,False,48
350,3.01644,4.04223,False,48
351,1.12756,5.00141,False,48
352,1.1414,4.00485,False,48
353,4.06519,7.08165,False,48
354,4.13994,5.09831,False,48
355,1.02638,3.13026,False,48
357,1.07864,4.0657,False,48
358,1.04998,3.00812,False,48
359,1.107,3.11087,False,48
361,1.07431,5.10106,False,48
363,5.0761,5.07256,False,48
364,5.10905,5.07735,False,48
365,1.09024,3.10707,False,48
366,1.0808,1.06106,False,48
367,5.06052,5.0624,False,48
370,1.09226,3.14311,False,48
371,1.14173,3.12973,False,48
372,1.1454,6.0631,False,48
373,1.09261,1.09624,False,48
374,1.00189,7.01836,False,48
375,1.09347,1.12136,False,48
376,1.04891,1.11165,False,48
377,1.00096,1.1117,False,48
378,3.14033,3.09565,False,48
379,3.09307,1.12493,False,48
380,4.00335,3.03501,False,48
381,1.1194,1.12788,False,48
383,1.05024,5.07515,False,48
384,1.14296,5.02484,False,48
385,1.00378,5.13902,False,48
386,1.0046,5.1113,False,48
387,1.00538,4.13563,False,48
388,1.00269,1.1262,False,48
389,1.01067,2.03296,False,48
390,1.04358,2.07442,False,48
391,1.00817,3.1292,False,48
394,1.00345,5.14102,False,48
395,5.06055,1.11388,False,48
396,5.01001,1.10671,False,48
397,5.10932,1.13686,False,48
398,5.09086,3.1172,False,48
403,1.06327,4.13303,False,48
404,5.03414,4.12409,False,48
405,5.0996,1.09338,False,48
406,1.04414,1.0,False,48
407,4.12639,3.09264,False,48
408,1.0,1.13112,True,48
412,5.00005,6.12926,False,48
413,5.01585,5.08326,False,48
414,5.00656,6.10035,False,48
415,5.01017,3.10038,False,48
416,3.01065,3.00804,False,48
417,1.12767,3.12204,False,48
418,5.03398,5.02618,False,48
419,4.0583,3.07385,False,48
420,3.1395,3.03181,False,48
421,3.04821,5.03861,False,48
422,3.01099,5.06255,False,48
423,1.1149499999999999,3.12225,False,48
425,1.02653,7.0575,False,48
426,1.08195,4.11527,False,48
427,1.09904,1.14361,False,48
428,3.12645,3.06687,False,48
429,3.09794,3.02566,False,48
1,1.0885,3.05492,False,49
3,1.10612,1.01683,False,49
5,1.04648,7.06005,False,49
6,1.04702,3.04262,False,49
7,1.02465,1.0,False,49
9,1.0076,1.0959699999999999,False,49
10,1.11681,1.01664,False,49
11,1.11455,1.0,False,49
13,1.10388,1.1409,False,49
17,1.06256,3.03596,False,49
18,1.03091,1.11905,False,49
19,1.0,3.02621,True,49
21,1.09733,4.09629,False,49
22,1.13978,1.12887,False,49
25,1.01909,4.0432,False,49
29,1.00285,1.12961,False,49
30,1.10964,1.11864,False,49
69,1.00297,4.0709,False,49
70,3.0178,3.09546,False,49
71,1.07436,3.14374,False,49
72,3.05881,3.04885,False,49
73,3.01021,3.13962,False,49
74,3.07587,3.0337,False,49
75,4.07451,3.07601,False,49
76,1.13286,3.02206,False,49
77,3.02782,1.13447,False,49
78,1.10572,3.12792,False,49
79,1.12995,3.01078,False,49
82,1.00033,4.1329,False,49
83,1.07858,3.12527,False,49
84,3.03953,1.0,False,49
85,1.0,1.11552,True,49
86,1.0,4.1443,True,49
91,1.04935,1.14077,False,49
92,1.10997,3.02383,False,49
93,1.117,3.03922,False,49
95,1.03277,1.13899,False,49
98,1.00594,5.11806,False,49
99,2.03504,5.10522,False,49
100,1.12475,6.11371,False,49
101,1.00677,3.13507,False,49
103,1.13489,5.09012,False,49
104,1.11764,5.07022,False,49
106,1.01838,5.04337,False,49
107,1.03569,6.05912,False,49
109,1.14166,4.06215,False,49
110,1.11692,3.01609,False,49
111,1.00606,3.10975,False,49
112,1.01545,2.03954,False,49
113,1.04949,3.06079,False,49
114,1.03937,1.13873,False,49
115,1.07051,1.1426,False,49
116,1.04378,3.10989,False,49
117,1.02813,1.14303,False,49
118,1.02749,3.13106,False,49
120,1.00394,4.06037,False,49
121,1.00079,1.13211,False,49
122,1.00102,1.1467,False,49
123,1.00097,1.13148,False,49
124,1.00593,7.09317,False,49
125,5.115,4.10912,False,49
126,5.09697,5.0631,False,49
127,1.04022,4.00226,False,49
128,1.00822,5.12068,False,49
129,1.09801,5.05862,False,49
130,5.11569,5.08225,False,49
131,1.12006,1.02481,False,49
133,1.00927,1.1433,False,49
134,1.00381,1.13858,False,49
135,1.0032,1.12838,False,49
136,1.01476,1.14304,False,49
137,1.0,1.12986,True,49
139,1.09024,1.13509,False,49
140,1.05355,1.14705,False,49
141,1.08108,1.10254,False,49
142,1.02144,1.0,False,49
143,1.04237,1.08783,False,49
144,1.10141,1.1126800000000001,False,49
145,5.08384,1.0,False,49
146,1.0,1.0,True,49
147,1.04749,1.0,False,49
148,1.0,1.0,True,49
149,1.0,3.03669,True,49
150,5.01129,1.0,False,49
151,1.0,1.06163,True,49
153,1.13071,1.14086,False,49
154,1.10787,5.12913,False,49
155,1.01333,7.09808,False,49
156,1.07837,3.0268,False,49
157,1.01433,1.1390500000000001,False,49
158,1.00637,3.1214,False,49
159,1.0586,3.04671,False,49
160,1.06478,3.07143,False,49
161,1.11151,3.03871,False,49
162,4.01958,4.08126,False,49
164,1.01121,7.07009,False,49
165,5.01052,1.10497,False,49
166,5.12909,5.05606,False,49
167,1.07617,1.05551,False,49
168,5.11531,1.0,False,49
169,5.07893,5.07372,False,49
173,1.09351,4.0487,False,49
175,1.07135,1.06776,False,49
176,1.07454,1.063,False,49
177,1.09667,5.13496,False,49
178,4.01262,6.02732,False,49
179,1.13922,5.13178,False,49
180,2.00255,5.00967,False,49
181,3.05242,5.09937,False,49
182,1.14635,5.00547,False,49
183,1.08888,5.08159,False,49
184,1.10354,7.0153,False,49
185,1.12985,5.14032,False,49
186,1.11307,7.00259,False,49
188,1.02866,5.13793,False,49
189,4.14599,6.10805,False,49
190,1.12282,3.13061,False,49
191,1.02063,5.12819,False,49
192,1.1353900000000001,5.02592,False,49
193,6.03356,5.0585,False,49
194,1.12207,5.14673,False,49
195,1.08444,3.12991,False,49
197,1.00265,5.14471,False,49
198,1.09857,5.0922,False,49
199,1.09065,5.03901,False,49
200,1.14714,1.1457,False,49
201,1.13249,1.13523,False,49
202,7.01613,7.14294,False,49
203,1.13867,5.10509,False,49
204,1.1283400000000001,5.07541,False,49
206,1.00238,5.01697,False,49
207,1.14266,3.11176,False,49
208,1.05359,1.13909,False,49
209,3.00242,3.07902,False,49
210,3.03075,3.09849,False,49
211,3.02124,3.01669,False,49
212,1.07375,1.10145,False,49
213,1.065,3.04628,False,49
216,1.12643,6.07783,False,49
217,1.13487,4.04372,False,49
218,1.13561,5.09964,False,49
219,3.02135,5.0186,False,49
222,1.12424,3.0742,False,49
225,4.08046,3.1025,False,49
226,1.07536,5.09015,False,49
227,4.03124,7.02597,False,49
229,3.09399,4.0454,False,49
230,3.01949,3.08231,False,49
233,1.03214,5.13947,False,49
234,3.01456,5.0234,False,49
235,3.12817,3.0896,False,49
236,1.08792,1.09104,False,49
237,1.07144,1.04822,False,49
242,1.05265,4.1018,False,49
243,1.09984,1.07674,False,49
251,4.07058,4.06712,False,49
252,1.13019,3.12623,False,49
253,1.01685,5.00125,False,49
254,1.01044,1.09489,False,49
255,1.08574,3.07087,False,49
256,1.03065,5.10673,False,49
257,1.0085,5.12818,False,49
258,1.01971,3.03044,False,49
259,3.1194,1.13255,False,49
260,1.02044,1.12954,False,49
262,1.01047,6.05752,False,49
263,1.01759,1.14368,False,49
264,1.13205,4.07432,False,49
265,1.1428099999999999,1.13741,False,49
270,3.07199,1.14717,False,49
271,1.07478,3.13549,False,49
272,1.09985,1.13003,False,49
273,1.07348,1.13836,False,49
274,1.10051,1.10888,False,49
275,3.02885,1.13709,False,49
280,1.00448,1.12145,False,49
289,1.06435,4.06884,False,49
290,1.11847,1.14568,False,49
291,1.14607,1.14501,False,49
292,1.01141,1.1368,False,49
293,5.0013,5.14592,False,49
294,5.02922,5.03908,False,49
295,5.00699,6.0787,False,49
296,5.02091,5.0366,False,49
297,1.09095,5.13362,False,49
298,1.02227,5.14095,False,49
299,1.08798,4.02601,False,49
300,1.0290300000000001,5.04167,False,49
301,1.08329,3.05837,False,49
302,1.06404,5.06541,False,49
303,3.07697,3.06227,False,49
308,1.0117,6.14365,False,49
317,1.00027,5.1055,False,49
318,1.0907,6.0719,False,49
319,1.0529,5.10043,False,49
320,1.00508,5.13891,False,49
321,1.03787,4.10434,False,49
322,1.05986,3.11852,False,49
323,1.0017,3.09306,False,49
324,1.01039,3.13787,False,49
325,1.0950199999999999,5.07361,False,49
326,1.05585,3.02684,False,49
328,1.05444,5.14209,False,49
329,2.07429,6.14672,False,49
330,1.06397,5.14196,False,49
331,1.0823,3.08195,False,49
332,1.11909,5.12816,False,49
333,3.02554,5.0921,False,49
334,1.09332,1.10179,False,49
335,1.07221,5.10825,False,49
336,1.07644,5.13624,False,49
337,1.09022,5.0982,False,49
339,1.05676,5.04068,False,49
340,1.0,1.00706,True,49
341,1.0,5.14645,True,49
342,6.08354,1.12246,False,49
343,1.0,1.0,True,49
346,1.11006,5.0192,False,49
347,1.1317599999999999,6.05487,False,49
348,1.09216,5.08413,False,49
349,1.00725,5.00384,False,49
350,1.13814,4.0604,False,49
351,1.126,5.13358,False,49
352,1.10761,4.04552,False,49
353,4.06487,7.09006,False,49
354,4.09119,5.11089,False,49
355,1.10465,3.06895,False,49
357,1.05776,4.06669,False,49
358,1.0981,3.11084,False,49
359,1.11823,3.00051,False,49
361,1.07423,5.08642,False,49
363,5.07658,5.05796,False,49
364,5.10988,5.10613,False,49
365,1.10603,3.01583,False,49
366,1.05548,1.11721,False,49
367,5.08814,5.12824,False,49
370,1.10271,3.12492,False,49
371,1.1408800000000001,3.13584,False,49
372,1.1451,6.07232,False,49
373,1.10619,1.13663,False,49
374,1.03079,7.07462,False,49
375,1.05329,1.12719,False,49
376,1.08679,1.13837,False,49
377,1.06941,1.11519,False,49
378,3.08199,3.12195,False,49
379,3.12617,1.14282,False,49
380,4.11534,3.1162900000000002,False,49
381,1.1449,1.14731,False,49
383,1.09735,5.12998,False,49
384,1.09769,4.03227,False,49
385,1.00755,5.10519,False,49
386,1.01591,5.03823,False,49
387,1.0536,4.06727,False,49
388,1.02985,1.14452,False,49
389,1.01345,2.07572,False,49
390,1.0011,5.10902,False,49
391,1.02765,3.03616,False,49
394,1.00571,5.09783,False,49
395,5.09259,1.12268,False,49
396,5.11492,1.09115,False,49
397,5.053,1.05482,False,49
398,5.12714,3.09578,False,49
403,1.02662,4.13885,False,49
404,5.05822,4.0995,False,49
405,5.12104,1.13626,False,49
406,1.07912,1.03551,False,49
407,4.04747,3.09447,False,49
408,1.0,1.10266,True,49
412,5.00728,6.09956,False,49
413,5.01153,5.01969,False,49
414,5.00424,6.0962,False,49
415,5.00721,3.0435,False,49
416,3.07299,3.04298,False,49
417,1.14428,3.04381,False,49
418,5.07411,5.04079,False,49
419,3.14447,5.1108,False,49
420,3.13431,3.12583,False,49
421,3.02316,5.10599,False,49
422,1.13896,5.06831,False,49
423,1.12073,3.05237,False,49
425,1.01783,1.09608,False,49
426,1.08056,4.10783,False,49
427,1.09595,1.14654,False,49
428,3.12422,3.09258,False,49
429,3.01572,3.05157,False,49
1,1.11438,3.09513,False,50
3,1.1280000000000001,1.11232,False,50
5,1.05648,7.14508,False,50
6,1.08542,3.01592,False,50
7,1.03611,1.0,False,50
9,1.00289,1.12732,False,50
10,1.08586,1.08519,False,50
11,1.11174,1.0,False,50
13,1.10212,1.14014,False,50
17,1.05836,4.06568,False,50
18,1.06074,1.07408,False,50
19,1.0,3.08973,True,50
21,1.07399,3.07387,False,50
22,1.1346,1.13241,False,50
25,1.03663,4.11189,False,50
29,1.00903,1.14517,False,50
30,1.08135,1.14516,False,50
69,1.00071,4.10254,False,50
70,3.00852,3.11668,False,50
71,1.10048,3.11283,False,50
72,3.09918,3.07805,False,50
73,3.03829,3.06898,False,50
74,3.02881,3.02208,False,50
75,4.01282,3.14689,False,50
76,1.14562,1.14053,False,50
77,3.02573,1.12719,False,50
78,1.09932,3.03402,False,50
79,1.13387,1.12924,False,50
82,1.04003,4.09414,False,50
83,1.04154,3.08491,False,50
84,3.09383,1.0,False,50
85,1.05612,1.0,False,50
86,1.0,4.02414,True,50
91,1.04509,1.12957,False,50
92,1.126,1.13466,False,50
93,1.12153,3.14307,False,50
95,1.04897,1.13262,False,50
98,1.08541,5.13858,False,50
99,2.01384,5.13482,False,50
100,1.12508,6.03851,False,50
101,1.02949,3.1364,False,50
103,1.12494,5.09305,False,50
104,1.12792,5.06905,False,50
106,1.02044,5.11325,False,50
107,1.00605,6.10158,False,50
109,1.13524,4.05664,False,50
110,1.11578,3.13685,False,50
111,1.00874,3.12505,False,50
112,1.01052,2.1345,False,50
113,1.08307,3.06458,False,50
114,1.03627,1.1461000000000001,False,50
115,1.04701,1.11884,False,50
116,1.04885,3.05779,False,50
117,1.01807,1.13456,False,50
118,1.0116,3.13541,False,50
120,1.00422,4.08381,False,50
121,1.00753,1.1068,False,50
122,1.00382,1.13649,False,50
123,1.01942,1.06257,False,50
124,1.01263,7.0093,False,50
125,5.05683,4.14102,False,50
126,5.12003,5.08033,False,50
127,1.00795,4.00887,False,50
128,1.06959,5.04261,False,50
129,1.10395,5.09585,False,50
130,5.13328,5.08903,False,50
131,1.11706,1.10194,False,50
133,1.02353,1.14154,False,50
134,1.01631,1.13008,False,50
135,1.01944,1.12455,False,50
136,1.11028,1.13849,False,50
137,1.0,1.0890900000000001,True,50
139,1.06181,1.13151,False,50
140,1.00044,1.07722,False,50
141,1.06217,1.06846,False,50
142,1.07441,1.13991,False,50
143,1.01291,1.13931,False,50
144,1.13467,1.13514,False,50
145,5.14235,1.0,False,50
146,1.0,1.0,True,50
147,1.13895,1.0,False,50
148,1.0,1.0,True,50
149,1.0,3.0767,True,50
150,5.06398,1.0,False,50
151,1.0429599999999999,1.0,False,50
153,1.1406100000000001,1.14225,False,50
154,1.08895,5.029,False,50
155,1.03163,7.00202,False,50
156,1.10605,3.09384,False,50
157,1.01417,1.1158,False,50
158,1.0507900000000001,3.13804,False,50
159,1.00174,3.12638,False,50
160,1.0111,3.04388,False,50
161,1.06964,3.11184,False,50
162,4.12604,4.11312,False,50
164,1.02746,7.0184,False,50
165,5.00559,1.14196,False,50
166,5.13489,5.05778,False,50
167,1.08212,1.04075,False,50
168,5.07403,1.0,False,50
169,5.14339,5.12631,False,50
173,1.10829,4.00492,False,50
175,1.09404,1.11721,False,50
176,1.07183,1.12125,False,50
177,1.12338,5.11115,False,50
178,4.00597,5.08737,False,50
179,1.1447,5.10592,False,50
180,2.08954,5.03783,False,50
181,3.08633,5.10874,False,50
182,1.14147,5.09936,False,50
183,1.11906,5.04586,False,50
184,1.13462,7.11212,False,50
185,1.12246,5.05167,False,50
186,1.10429,7.06575,False,50
188,1.01923,5.14566,False,50
189,4.08436,6.06866,False,50
190,1.09437,3.13438,False,50
191,1.07266,5.0196,False,50
192,1.11332,5.07861,False,50
193,6.01478,5.00819,False,50
194,1.12259,5.09133,False,50
195,1.12134,3.11862,False,50
197,1.00912,5.10532,False,50
198,1.11019,5.06397,False,50
199,1.14534,5.00627,False,50
200,1.13995,1.13747,False,50
201,1.03853,5.06124,False,50
202,7.09523,7.06926,False,50
203,4.05672,5.08862,False,50
204,1.06327,5.04417,False,50
206,1.00357,5.0138,False,50
207,1.09201,3.11895,False,50
208,1.03945,1.14336,False,50
209,3.04575,3.11379,False,50
210,3.04217,3.09893,False,50
211,3.11356,3.10625,False,50
212,1.07854,1.1215600000000001,False,50
213,1.05142,3.0818,False,50
216,1.11548,6.12391,False,50
217,1.1386,4.13589,False,50
218,1.12633,5.12091,False,50
219,1.1472,5.12819,False,50
222,1.11353,3.07969,False,50
225,4.10591,3.12174,False,50
226,1.0933,5.02625,False,50
227,4.04425,7.09579,False,50
229,3.10288,4.05152,False,50
230,3.09582,3.0958,False,50
233,1.0114,5.12533,False,50
234,3.00093,5.06975,False,50
235,3.07587,3.00444,False,50
236,1.14136,1.08611,False,50
237,1.08405,1.13288,False,50
242,1.00464,4.13477,False,50
243,1.06942,1.10883,False,50
251,4.12955,4.12641,False,50
252,1.12671,3.07232,False,50
253,1.02227,5.02628,False,50
254,1.01232,1.11818,False,50
255,1.04573,3.06102,False,50
256,1.01509,5.11956,False,50
257,1.02097,5.00496,False,50
258,1.00556,3.08725,False,50
259,3.05111,1.10339,False,50
260,1.00829,1.12951,False,50
262,1.00144,6.05979,False,50
263,1.0508,1.14044,False,50
264,1.14297,4.03979,False,50
265,1.13863,1.14736,False,50
270,3.03208,1.12601,False,50
271,1.13594,3.10534,False,50
272,1.09983,1.13565,False,50
273,1.0812599999999999,1.13192,False,50
274,1.09862,1.12636,False,50
275,3.04426,1.13207,False,50
280,1.02125,1.11465,False,50
289,1.05972,4.12475,False,50
290,1.1151200000000001,1.14493,False,50
291,1.13097,1.13154,False,50
292,1.11088,1.14173,False,50
293,5.00136,6.06036,False,50
294,5.01188,1.14364,False,50
295,5.00588,6.04206,False,50
296,5.02942,5.01685,False,50
297,1.11515,5.09294,False,50
298,1.05023,5.13584,False,50
299,1.10263,4.05176,False,50
300,1.00595,5.04233,False,50
301,1.09175,3.07642,False,50
302,1.07573,5.1056799999999996,False,50
303,3.00016,3.05448,False,50
308,1.00643,6.14695,False,50
317,1.00161,5.07534,False,50
318,1.10054,6.07816,False,50
319,1.02986,5.1472999999999995,False,50
320,1.0419,5.1125,False,50
321,1.01227,4.12947,False,50
322,1.0421,3.00544,False,50
323,1.07825,3.05478,False,50
324,1.00295,3.0828,False,50
325,1.0969,5.12726,False,50
326,1.0621,3.09801,False,50
328,1.09496,5.13374,False,50
329,1.14162,6.14248,False,50
330,1.07683,5.13511,False,50
331,1.06184,5.13682,False,50
332,1.13323,5.11192,False,50
333,3.14199,5.09204,False,50
334,1.1243400000000001,1.12817,False,50
335,1.12328,5.05384,False,50
336,1.1177,5.12911,False,50
337,1.07626,5.09029,False,50
339,1.04751,5.12216,False,50
340,1.0,1.06691,True,50
341,1.0,5.01143,True,50
342,6.14281,1.10186,False,50
343,1.0,1.0,True,50
346,1.0964,5.11851,False,50
347,1.13361,6.04962,False,50
348,1.10987,5.01736,False,50
349,1.02862,5.08004,False,50
350,1.14688,4.14535,False,50
351,1.1418,5.08346,False,50
352,1.03237,4.01857,False,50
353,4.04982,7.09511,False,50
354,4.13709,5.12076,False,50
355,1.07512,3.1439,False,50
357,1.05025,4.12353,False,50
358,1.11563,3.13932,False,50
359,1.12458,3.04859,False,50
361,1.09549,5.06584,False,50
363,5.10442,5.07166,False,50
364,5.1179,5.10237,False,50
365,1.14429,3.05428,False,50
366,1.09842,1.1001,False,50
367,5.04939,5.03565,False,50
370,1.10132,3.13723,False,50
371,1.1031900000000001,3.01043,False,50
372,1.14661,6.14094,False,50
373,1.10617,1.12977,False,50
374,1.02676,7.12986,False,50
375,1.01543,1.10716,False,50
376,1.13339,1.08627,False,50
377,1.09869,1.10342,False,50
378,3.03067,3.11964,False,50
379,3.01195,1.11063,False,50
380,4.08131,3.11769,False,50
381,1.03223,1.12245,False,50
383,1.07693,5.12161,False,50
384,1.14069,5.08434,False,50
385,1.00148,5.1388300000000005,False,50
386,1.05313,5.00402,False,50
387,1.05095,4.10622,False,50
388,1.01698,1.1401,False,50
389,1.04072,2.00701,False,50
390,1.00168,5.03519,False,50
391,1.0259,3.0295,False,50
394,1.01057,5.13417,False,50
395,5.001,1.07774,False,50
396,5.06109,1.05232,False,50
397,5.10357,1.10076,False,50
398,5.12968,3.08495,False,50
403,1.00717,4.11749,False,50
404,5.13641,4.04385,False,50
405,5.01152,1.1157,False,50
406,1.05435,1.01467,False,50
407,4.01302,3.14195,False,50
408,1.0,1.02482,True,50
412,5.0052,6.13255,False,50
413,5.00015,5.13061,False,50
414,5.00239,6.13766,False,50
415,5.02512,3.07589,False,50
416,3.12463,3.09187,False,50
417,1.13898,3.12312,False,50
418,5.09825,5.01191,False,50
419,3.02893,5.00713,False,50
420,3.12906,3.02612,False,50
421,3.14526,5.09682,False,50
422,3.03717,5.08475,False,50
423,1.13624,3.12226,False,50
425,1.0051,7.01998,False,50
426,1.08246,4.14287,False,50
427,1.10784,1.14145,False,50
428,3.03758,3.07376,False,50
429,3.01348,3.06316,False,50
1,1.0796999999999999,3.0251,False,51
3,1.0169,1.01634,False,51
5,1.10644,7.00619,False,51
6,1.07175,3.09359,False,51
7,1.01599,1.0,False,51
9,1.03042,1.12055,False,51
10,1.11761,1.12437,False,51
11,1.13887,1.0,False,51
13,1.06086,1.1290499999999999,False,51
17,1.04744,3.08097,False,51
18,1.04593,1.07994,False,51
19,1.0,3.08586,True,51
21,1.08587,4.1075099999999996,False,51
22,1.1452,1.14412,False,51
25,1.01286,4.14306,False,51
29,1.00139,1.13305,False,51
30,1.0749900000000001,1.14052,False,51
69,1.00237,4.1188,False,51
70,3.05147,3.07812,False,51
71,1.11596,1.1123,False,51
72,3.10178,3.01848,False,51
73,3.0489,3.09973,False,51
74,3.02766,7.08516,False,51
75,4.06864,3.14331,False,51
76,1.14011,1.13954,False,51
77,3.04035,1.14402,False,51
78,1.09818,4.06407,False,51
79,1.13486,1.13366,False,51
82,1.10813,4.12693,False,51
83,1.07208,1.00907,False,51
84,3.00185,1.0,False,51
85,1.0,1.01379,True,51
86,1.0,4.11868,True,51
91,1.05116,1.12514,False,51
92,1.12386,1.14606,False,51
93,1.12987,3.07021,False,51
95,1.0584,1.14623,False,51
98,1.0843099999999999,5.13056,False,51
99,2.03022,5.1363900000000005,False,51
100,1.12033,6.00963,False,51
101,1.00089,3.06414,False,51
103,1.13814,5.12714,False,51
104,1.1026,5.04243,False,51
106,1.1066799999999999,5.06647,False,51
107,1.03439,6.09736,False,51
109,1.10277,4.02187,False,51
110,1.11716,3.08632,False,51
111,1.00979,3.11144,False,51
112,1.02573,2.1453699999999998,False,51
113,1.0804,3.1423,False,51
114,1.00625,1.13475,False,51
115,1.0772599999999999,1.14677,False,51
116,1.05444,3.08697,False,51
117,1.01374,1.1452499999999999,False,51
118,1.06555,3.14177,False,51
120,1.0031,4.09126,False,51
121,1.0003,1.14336,False,51
122,1.00332,1.12829,False,51
123,1.00479,1.0885,False,51
124,1.00401,7.06699,False,51
125,5.11354,4.07255,False,51
126,5.0448,5.05401,False,51
127,1.0082,4.1219,False,51
128,1.04342,5.05124,False,51
129,1.10856,5.03308,False,51
130,5.13377,5.09305,False,51
131,1.06696,1.11353,False,51
133,1.00266,1.14688,False,51
134,1.00367,1.10143,False,51
135,1.01008,1.14703,False,51
136,1.04703,1.13389,False,51
137,1.06872,1.1403,False,51
139,1.01967,1.0611,False,51
140,1.04317,1.12952,False,51
141,1.10831,1.07912,False,51
142,1.04856,1.02912,False,51
143,1.02727,1.12029,False,51
144,1.13276,1.12133,False,51
145,5.13157,1.0,False,51
146,1.0,1.0,True,51
147,1.03165,1.0,False,51
148,1.0,1.0,True,51
149,1.0,3.13543,True,51
150,5.14416,1.0,False,51
151,1.0,1.04127,True,51
153,1.12999,1.13935,False,51
154,1.12477,5.03492,False,51
155,1.03018,3.04117,False,51
156,1.0583,1.14672,False,51
157,1.00349,1.1352,False,51
158,1.01268,3.12864,False,51
159,1.006,3.10663,False,51
160,1.0207,3.13942,False,51
161,1.09643,3.09185,False,51
162,4.10181,4.07641,False,51
164,1.01652,7.05735,False,51
165,5.01689,1.04495,False,51
166,5.13494,5.0459,False,51
167,1.13978,1.00388,False,51
168,5.1442499999999995,1.0,False,51
169,5.12922,5.03634,False,51
173,1.07952,4.10044,False,51
175,1.04128,1.03251,False,51
176,1.13465,1.06682,False,51
177,1.12299,5.07869,False,51
178,4.00509,5.09499,False,51
179,1.13582,5.13967,False,51
180,2.13306,5.11302,False,51
181,3.14481,5.07599,False,51
182,1.13963,5.01517,False,51
183,1.09981,5.1061,False,51
184,1.12988,7.05331,False,51
185,1.14541,5.12175,False,51
186,1.11777,7.05537,False,51
188,1.0056,5.14593,False,51
189,4.14295,6.01023,False,51
190,1.14458,3.08352,False,51
191,1.11159,5.08621,False,51
192,1.10442,5.08201,False,51
193,6.04512,5.10512,False,51
194,1.12363,5.05376,False,51
195,1.11511,3.14373,False,51
197,1.00289,5.0461,False,51
198,1.07728,5.06627,False,51
199,1.14595,5.12992,False,51
200,1.14553,1.12975,False,51
201,1.13709,1.1345399999999999,False,51
202,7.04331,7.0393,False,51
203,4.14375,5.14489,False,51
204,1.04074,5.09484,False,51
206,1.00688,5.00703,False,51
207,1.10817,3.0259,False,51
208,1.07241,1.12257,False,51
209,3.00871,3.06426,False,51
210,3.03767,3.14261,False,51
211,3.11099,3.05017,False,51
212,1.04784,1.12126,False,51
213,1.0575,3.08825,False,51
216,1.1161699999999999,6.0841,False,51
217,1.14209,4.00404,False,51
218,1.12624,5.02116,False,51
219,1.14467,5.02902,False,51
222,1.12209,3.03778,False,51
225,4.02325,3.09294,False,51
226,1.08289,5.11573,False,51
227,4.08936,7.1306,False,51
229,3.07372,4.1375399999999996,False,51
230,3.04224,3.11852,False,51
233,1.01137,5.13139,False,51
234,3.01756,5.14079,False,51
235,3.1051,3.04845,False,51
236,1.04111,1.12899,False,51
237,1.08637,1.03722,False,51
242,1.00971,4.12119,False,51
243,1.1182,1.07335,False,51
251,4.12343,4.09855,False,51
252,1.11581,3.1109,False,51
253,1.00472,5.14231,False,51
254,1.06282,1.1372,False,51
255,1.00493,3.09043,False,51
256,1.06373,5.02755,False,51
257,1.00948,5.02775,False,51
258,1.01165,3.10538,False,51
259,1.08782,1.1468,False,51
260,1.00782,1.0829,False,51
262,1.00116,6.13735,False,51
263,1.04415,1.1333199999999999,False,51
264,1.09275,4.00236,False,51
265,1.1360000000000001,1.14346,False,51
270,3.01855,1.14584,False,51
271,1.1159,3.06274,False,51
272,1.12137,1.14486,False,51
273,1.12381,1.14009,False,51
274,1.05111,1.14428,False,51
275,3.07818,1.14657,False,51
280,1.00484,1.13037,False,51
289,1.06052,4.13514,False,51
290,1.07931,1.14372,False,51
291,1.14053,1.14609,False,51
292,1.10118,1.13222,False,51
293,5.01006,6.08176,False,51
294,5.0492,5.11013,False,51
295,5.01111,6.14504,False,51
296,5.00606,1.0341,False,51
297,1.06879,5.11345,False,51
298,1.04338,5.09986,False,51
299,1.06548,4.0353,False,51
300,1.02473,5.02792,False,51
301,1.05718,3.13149,False,51
302,1.09403,5.04846,False,51
303,1.01754,3.08052,False,51
308,1.01605,6.03815,False,51
317,1.03792,3.01627,False,51
318,1.10156,6.127,False,51
319,1.04788,5.14339,False,51
320,1.057,5.06926,False,51
321,1.0438,4.01564,False,51
322,1.0331,3.05304,False,51
323,1.01397,3.08604,False,51
324,1.00075,3.03734,False,51
325,1.10244,5.0301,False,51
326,1.06237,3.0768,False,51
328,1.08976,5.13035,False,51
329,1.1467,6.14581,False,51
330,1.1039,5.1342,False,51
331,1.09127,5.0046,False,51
332,1.12135,5.10148,False,51
333,3.05842,5.02737,False,51
334,1.11545,1.14356,False,51
335,1.11348,5.10937,False,51
336,1.1002,5.12202,False,51
337,1.12302,5.06508,False,51
339,1.0087,5.12764,False,51
340,1.0,1.04193,True,51
341,1.0,5.04315,True,51
342,6.03468,1.03784,False,51
343,1.0,1.0,True,51
346,1.0991900000000001,3.0608,False,51
347,1.11201,6.0362,False,51
348,1.11287,5.10326,False,51
349,1.00976,5.07093,False,51
350,1.1412200000000001,4.13353,False,51
351,1.14675,5.00527,False,51
352,1.13119,4.05873,False,51
353,4.076,7.0524000000000004,False,51
354,4.10834,5.07865,False,51
355,1.06448,3.14357,False,51
357,1.07345,4.11457,False,51
358,1.05368,3.11419,False,51
359,1.12136,3.1444,False,51
361,1.07222,5.09186,False,51
363,5.09975,5.07336,False,51
364,5.09899,5.07964,False,51
365,1.05615,3.11982,False,51
366,1.10235,1.14505,False,51
367,5.06897,5.06248,False,51
370,1.0963,3.12657,False,51
371,1.13375,3.03079,False,51
372,1.14735,6.08321,False,51
373,1.13098,1.14309,False,51
374,1.01459,7.00184,False,51
375,1.07432,3.08839,False,51
376,1.04005,1.09548,False,51
377,1.03464,1.0,False,51
378,3.1397,3.12048,False,51
379,3.02988,1.12816,False,51
380,4.00357,3.07325,False,51
381,1.14014,1.13693,False,51
383,1.06421,5.08428,False,51
384,1.13036,4.04758,False,51
385,1.00091,5.13588,False,51
386,1.00842,5.01727,False,51
387,1.01071,4.05927,False,51
388,1.00249,1.08551,False,51
389,1.07098,2.04737,False,51
390,1.02242,5.01935,False,51
391,1.10748,3.12779,False,51
394,1.01657,5.09644,False,51
395,5.07534,1.07327,False,51
396,5.0582,1.0125,False,51
397,5.09478,1.14557,False,51
398,5.03303,3.00172,False,51
403,1.00857,4.06776,False,51
404,5.06246,4.10636,False,51
405,5.10147,1.14105,False,51
406,1.00751,1.06103,False,51
407,4.02076,3.02788,False,51
408,1.0,1.02199,True,51
412,5.008,6.12683,False,51
413,5.00329,5.07294,False,51
414,5.013,6.1302,False,51
415,5.03301,3.10194,False,51
416,3.13955,3.05367,False,51
417,1.13964,3.11189,False,51
418,5.04598,5.03917,False,51
419,3.12857,5.04155,False,51
420,3.06669,3.025,False,51
421,3.09618,5.13807,False,51
422,3.12638,5.1139,False,51
423,1.1232,3.03581,False,51
425,1.106,7.02764,False,51
426,1.07541,4.13004,False,51
427,1.07571,1.13617,False,51
428,3.11862,3.13169,False,51
429,3.05104,3.00227,False,51
1,1.06101,3.11408,False,52
3,1.06787,1.0275,False,52
5,1.06835,7.02479,False,52
6,1.04337,3.11094,False,52
7,1.01709,1.0,False,52
9,1.0473,1.13386,False,52
10,1.10243,1.10535,False,52
11,1.00954,1.0,False,52
13,1.11372,1.13787,False,52
17,1.05351,3.05368,False,52
18,1.10555,1.10099,False,52
19,1.0,3.12912,True,52
21,1.10206,3.02275,False,52
22,1.13213,1.1471,False,52
25,1.05008,4.064,False,52
29,1.01839,1.1468,False,52
30,1.10529,1.14258,False,52
69,1.00313,4.09252,False,52
70,3.02647,3.06725,False,52
71,1.08532,3.01003,False,52
72,3.08431,3.12705,False,52
73,3.01531,3.13505,False,52
74,3.05864,3.03708,False,52
75,4.09035,3.14471,False,52
76,1.14542,3.00326,False,52
77,3.00832,1.14687,False,52
78,1.09093,4.04547,False,52
79,1.12491,3.03101,False,52
82,1.01082,4.03955,False,52
83,1.03512,3.09028,False,52
84,3.0883599999999998,1.0,False,52
85,1.0112,1.0,False,52
86,1.0,4.08081,True,52
91,1.04576,1.14363,False,52
92,1.11891,1.14402,False,52
93,1.13002,3.1298,False,52
95,1.04934,1.12518,False,52
98,1.09668,5.04494,False,52
99,2.00688,5.14624,False,52
100,1.10969,6.12446,False,52
101,1.04529,3.08494,False,52
103,1.13085,5.01707,False,52
104,1.11705,5.14417,False,52
106,1.12792,5.01125,False,52
107,1.08879,6.00038,False,52
109,1.12917,4.06738,False,52
110,1.12962,3.11312,False,52
111,1.03163,3.14013,False,52
112,1.05068,2.04633,False,52
113,1.12175,3.09319,False,52
114,1.00137,1.09552,False,52
115,1.06379,1.14224,False,52
116,1.0213,3.1009700000000002,False,52
117,1.00651,1.13833,False,52
118,1.02474,3.12966,False,52
120,1.001,4.05647,False,52
121,1.01012,1.14399,False,52
122,1.00719,1.14683,False,52
123,1.00584,1.11157,False,52
124,1.01542,7.06822,False,52
125,5.05022,4.10598,False,52
126,5.13148,5.07261,False,52
127,1.04873,4.03705,False,52
128,1.01607,5.13825,False,52
129,1.08484,5.08178,False,52
130,5.13853,5.06191,False,52
131,1.05625,1.11099,False,52
133,1.0333,1.13906,False,52
134,1.01088,1.14261,False,52
135,1.08554,1.123,False,52
136,1.00388,1.13786,False,52
137,1.10587,1.04832,False,52
139,1.00188,1.12751,False,52
140,1.02745,1.09257,False,52
141,1.05163,1.01021,False,52
142,1.05645,1.11072,False,52
143,1.02031,1.12501,False,52
144,1.05396,1.08008,False,52
145,5.10904,1.0,False,52
146,1.0,1.0,True,52
147,1.0902,1.0,False,52
148,1.0,1.0,True,52
149,1.0,3.03687,True,52
150,5.14114,1.0,False,52
151,1.0,1.02619,True,52
153,1.13778,1.14597,False,52
154,1.10923,5.02685,False,52
155,1.00764,7.08034,False,52
156,1.07517,3.05726,False,52
157,1.02653,1.14588,False,52
158,1.09825,3.03203,False,52
159,1.03799,3.06118,False,52
160,1.02946,3.0008,False,52
161,1.00468,3.1107,False,52
162,4.10711,4.09714,False,52
164,1.05126,7.08936,False,52
165,5.07759,1.0495,False,52
166,5.10595,5.09626,False,52
167,1.13842,1.11733,False,52
168,5.13355,1.0,False,52
169,5.1044599999999996,5.09715,False,52
173,1.10224,4.10946,False,52
175,1.05379,1.04112,False,52
176,1.06051,1.06317,False,52
177,1.11743,5.14255,False,52
178,4.00259,6.14,False,52
179,1.14631,5.12251,False,52
180,2.07803,5.10357,False,52
181,3.08136,5.05282,False,52
182,1.12599,5.0477,False,52
183,1.037,5.1121,False,52
184,1.12343,7.14116,False,52
185,1.13297,5.13419,False,52
186,1.1194,7.07586,False,52
188,1.01731,5.13666,False,52
189,4.1051,6.0047,False,52
190,1.10157,3.03244,False,52
191,1.06748,5.13089,False,52
192,1.13592,5.12197,False,52
193,6.00417,5.12868,False,52
194,1.0942,5.13622,False,52
195,1.12998,3.10756,False,52
197,1.03529,5.14268,False,52
198,1.12703,5.0823,False,52
199,3.00699,4.02988,False,52
200,1.14407,1.13907,False,52
201,1.10344,1.12117,False,52
202,7.03718,7.0618,False,52
203,4.1119,5.11393,False,52
204,1.06416,5.07793,False,52
206,1.00021,5.11539,False,52
207,1.12902,3.12953,False,52
208,1.11236,1.13866,False,52
209,3.033,3.07805,False,52
210,3.00069,3.04496,False,52
211,3.10687,3.07153,False,52
212,1.08799,1.11673,False,52
213,1.06757,3.07037,False,52
216,1.11979,6.10967,False,52
217,1.14053,4.08822,False,52
218,1.12058,5.0668,False,52
219,3.04051,5.13485,False,52
222,1.11681,3.05431,False,52
225,4.05341,3.14045,False,52
226,1.11594,5.11315,False,52
227,4.04003,7.14056,False,52
229,3.09921,4.08206,False,52
230,3.09347,3.11596,False,52
233,1.0411299999999999,5.13313,False,52
234,3.03793,5.10786,False,52
235,3.00785,5.0993,False,52
236,1.08664,1.11837,False,52
237,1.10747,1.13721,False,52
242,1.00586,4.10623,False,52
243,1.13142,1.14673,False,52
251,4.12144,4.11128,False,52
252,1.12781,3.12984,False,52
253,1.03263,5.08778,False,52
254,1.02565,1.10211,False,52
255,1.05583,3.1176,False,52
256,1.08162,5.13024,False,52
257,1.00111,5.13819,False,52
258,1.07828,3.04977,False,52
259,3.10094,1.1142,False,52
260,1.0624,1.1001400000000001,False,52
262,1.00931,6.08797,False,52
263,1.03257,1.1448800000000001,False,52
264,1.08791,4.11994,False,52
265,1.12674,1.14694,False,52
270,3.0218,1.13996,False,52
271,1.12404,3.14339,False,52
272,1.11644,1.11936,False,52
273,1.14264,1.13604,False,52
274,1.07953,1.13536,False,52
275,3.0776,1.0976,False,52
280,1.00951,1.14095,False,52
289,1.05371,4.0564,False,52
290,1.11651,1.1449799999999999,False,52
291,1.13408,1.14223,False,52
292,1.03984,1.14327,False,52
293,5.00145,5.14391,False,52
294,5.00503,1.13489,False,52
295,5.0052,6.07779,False,52
296,5.09815,5.11755,False,52
297,1.1292200000000001,5.10793,False,52
298,1.01623,5.05637,False,52
299,1.05063,4.02725,False,52
300,1.04379,5.00161,False,52
301,1.08346,3.08674,False,52
302,1.03833,5.06418,False,52
303,1.10307,3.13827,False,52
308,1.00882,6.08032,False,52
317,1.00172,5.11538,False,52
318,1.11824,6.08143,False,52
319,1.05827,5.09029,False,52
320,1.01449,5.04273,False,52
321,1.04635,4.06092,False,52
322,1.07565,3.00355,False,52
323,1.0429,3.05613,False,52
324,1.06091,3.06243,False,52
325,1.08017,5.13483,False,52
326,1.00444,3.06224,False,52
328,1.09446,5.05451,False,52
329,1.14602,6.12557,False,52
330,1.09121,5.14032,False,52
331,1.05263,3.08151,False,52
332,1.11104,5.1101,False,52
333,3.04058,5.11258,False,52
334,1.10144,1.13247,False,52
335,1.12794,5.01673,False,52
336,1.09635,5.0814,False,52
337,1.07602,5.11797,False,52
339,1.10203,5.02771,False,52
340,1.0,1.14555,True,52
341,1.0,5.07681,True,52
342,6.02277,1.05715,False,52
343,1.0,1.0,True,52
346,1.05478,5.03182,False,52
347,1.12565,6.00746,False,52
348,1.11878,5.0501,False,52
349,1.01345,5.04117,False,52
350,1.14483,4.07447,False,52
351,1.14153,5.10143,False,52
352,1.10999,4.02493,False,52
353,4.08444,7.11411,False,52
354,4.0332,5.08765,False,52
355,1.0989,3.09744,False,52
357,1.07361,4.05649,False,52
358,1.097,3.12646,False,52
359,1.08753,3.03549,False,52
361,1.07677,5.08349,False,52
363,5.05773,5.04706,False,52
364,5.06348,5.04708,False,52
365,1.05776,3.1456,False,52
366,1.12424,1.12354,False,52
367,5.08062,5.07449,False,52
370,1.10797,3.1252,False,52
371,1.13531,3.11671,False,52
372,1.14692,6.07977,False,52
373,1.12102,1.1421000000000001,False,52
374,1.00667,7.08607,False,52
375,1.1085,3.00654,False,52
376,1.0986,1.1427,False,52
377,1.0489,1.1259000000000001,False,52
378,3.1451000000000002,3.10342,False,52
379,3.11655,1.11221,False,52
380,4.11819,3.11861,False,52
381,1.12629,1.14029,False,52
383,1.05238,5.12589,False,52
384,1.14212,5.13063,False,52
385,1.00458,5.14365,False,52
386,1.06087,5.10824,False,52
387,1.01056,4.03706,False,52
388,1.02511,1.1353900000000001,False,52
389,1.04754,2.07515,False,52
390,1.0054400000000001,5.05775,False,52
391,1.00105,3.03291,False,52
394,1.02315,5.12441,False,52
395,5.13038,1.14109,False,52
396,5.14741,1.07058,False,52
397,5.0556,1.12671,False,52
398,5.09405,3.0016,False,52
403,1.02265,4.00771,False,52
404,5.08263,4.09799,False,52
405,5.07008,1.07938,False,52
406,1.03424,1.0,False,52
407,4.0768699999999995,3.12094,False,52
408,1.0,1.03018,True,52
412,5.00064,6.09276,False,52
413,5.0058,5.06903,False,52
414,5.02818,6.10654,False,52
415,5.01757,3.07782,False,52
416,3.13047,3.07285,False,52
417,1.10301,3.06563,False,52
418,5.08358,5.05446,False,52
419,3.09279,5.00925,False,52
420,3.07077,3.02269,False,52
421,3.07139,5.12371,False,52
422,3.09872,3.09444,False,52
423,1.10109,3.03609,False,52
425,1.03863,1.07731,False,52
426,1.08516,4.13909,False,52
427,1.11911,1.14503,False,52
428,3.09592,3.14245,False,52
429,3.10225,3.12392,False,52
1,1.08102,3.09866,False,53
3,1.07196,1.06084,False,53
5,1.05026,7.07702,False,53
6,1.04434,3.02802,False,53
7,1.06291,1.0,False,53
9,1.00336,1.03344,False,53
10,1.04863,1.02891,False,53
11,1.141,1.0,False,53
13,1.09427,1.1424400000000001,False,53
17,1.05538,3.00521,False,53
18,1.05589,1.13664,False,53
19,1.0,3.04583,True,53
21,1.08854,3.02897,False,53
22,1.11572,1.12853,False,53
25,1.02014,4.12517,False,53
29,1.01809,1.1434,False,53
30,1.05306,1.12965,False,53
69,1.00595,4.09422,False,53
70,3.0281,3.13368,False,53
71,1.08461,3.04611,False,53
72,3.12435,3.09344,False,53
73,3.00604,3.09073,False,53
74,3.02952,7.11042,False,53
75,4.07436,3.13677,False,53
76,1.14357,3.00727,False,53
77,3.02662,1.14025,False,53
78,1.09315,4.12216,False,53
79,1.13165,3.13478,False,53
82,1.0298,4.13435,False,53
83,1.11701,1.13831,False,53
84,3.01784,1.0,False,53
85,1.05222,1.0,False,53
86,1.0,4.07907,True,53
91,1.04438,1.14452,False,53
92,1.09115,3.06912,False,53
93,1.12164,3.12842,False,53
95,1.03676,1.14527,False,53
98,1.08052,5.08575,False,53
99,2.01182,5.0357,False,53
100,1.1050200000000001,6.04639,False,53
101,1.03694,3.06626,False,53
103,1.13711,5.08999,False,53
104,1.10917,5.06319,False,53
106,1.09256,5.03596,False,53
107,1.04077,6.06002,False,53
109,1.13396,4.03797,False,53
110,1.11309,3.06039,False,53
111,1.0734,3.08056,False,53
112,1.08765,2.10979,False,53
113,1.09743,3.13832,False,53
114,1.00714,1.13604,False,53
115,1.05979,1.13969,False,53
116,1.06165,3.1123,False,53
117,1.08142,1.14349,False,53
118,1.0379,3.09539,False,53
120,1.00064,4.07384,False,53
121,1.00745,1.13278,False,53
122,1.00382,1.1405,False,53
123,1.00405,1.11452,False,53
124,1.05826,7.09334,False,53
125,5.0199,4.1117,False,53
126,5.0775,5.04839,False,53
127,1.08451,4.11136,False,53
128,1.02847,5.03731,False,53
129,1.11137,5.09615,False,53
130,5.12562,5.10428,False,53
131,1.07192,1.0883099999999999,False,53
133,1.01372,1.14312,False,53
134,1.00084,1.13777,False,53
135,1.0905,1.10347,False,53
136,1.01497,1.14506,False,53
137,1.10865,1.13578,False,53
139,1.05562,1.12511,False,53
140,1.0258099999999999,1.11144,False,53
141,1.10465,1.1296599999999999,False,53
142,1.045,1.0563,False,53
143,1.01556,1.12959,False,53
144,1.00008,1.11628,False,53
145,5.13045,1.0,False,53
146,1.0,1.0,True,53
147,1.0,1.04024,True,53
148,1.0,1.0,True,53
149,1.0,3.03993,True,53
150,5.06085,1.0,False,53
151,1.0218,1.0,False,53
153,1.13144,1.14407,False,53
154,1.0948,5.1378,False,53
155,1.00174,7.03453,False,53
156,1.06339,3.03231,False,53
157,1.00342,1.14101,False,53
158,1.09323,3.00522,False,53
159,1.05894,3.00601,False,53
160,1.07345,3.13497,False,53
161,1.01516,3.01603,False,53
162,4.14683,4.09642,False,53
164,1.03963,7.13058,False,53
165,5.02854,1.09635,False,53
166,5.07043,5.06372,False,53
167,1.13556,1.07852,False,53
168,5.02433,1.0,False,53
169,5.0749,5.04726,False,53
173,1.09832,4.11045,False,53
175,1.08399,1.07901,False,53
176,1.05111,1.1164,False,53
177,1.12659,5.06036,False,53
178,4.00769,5.1219,False,53
179,1.14441,5.1451,False,53
180,2.06271,5.02637,False,53
181,3.05814,5.09606,False,53
182,1.1432,5.04843,False,53
183,1.1298300000000001,5.12403,False,53
184,1.13047,7.07519,False,53
185,1.12397,5.1031,False,53
186,1.1101,7.02409,False,53
188,1.01007,7.08008,False,53
189,4.0829,6.12945,False,53
190,1.131,3.12246,False,53
191,1.10671,5.1071,False,53
192,1.11275,5.10522,False,53
193,6.07909,5.07836,False,53
194,1.13367,5.00281,False,53
195,1.13378,3.14137,False,53
197,1.00729,5.07009,False,53
198,1.09033,5.02352,False,53
199,3.04476,3.02531,False,53
200,1.14649,1.14614,False,53
201,1.14253,1.14633,False,53
202,7.02703,7.02065,False,53
203,4.08755,5.11479,False,53
204,1.0521,5.05271,False,53
206,1.00235,5.02576,False,53
207,1.11147,3.08045,False,53
208,1.03807,1.14084,False,53
209,3.02292,3.13105,False,53
210,3.00154,3.05529,False,53
211,3.05089,3.00003,False,53
212,1.10083,1.13849,False,53
213,1.09861,3.07021,False,53
216,1.10808,6.12652,False,53
217,1.14094,4.09455,False,53
218,1.11105,5.05042,False,53
219,1.12349,5.02502,False,53
222,1.11155,3.04505,False,53
225,4.12888,3.14093,False,53
226,1.10236,5.043,False,53
227,4.06308,7.0745,False,53
229,3.10811,4.02464,False,53
230,3.10101,3.10252,False,53
233,1.02681,5.14054,False,53
234,3.00502,5.03625,False,53
235,3.126,5.12016,False,53
236,1.11833,1.09664,False,53
237,1.10903,1.0666,False,53
242,1.004,4.04469,False,53
243,1.1139000000000001,1.1293199999999999,False,53
251,4.13192,4.09839,False,53
252,1.14028,3.12893,False,53
253,1.00505,5.00436,False,53
254,1.01325,1.11274,False,53
255,1.02467,3.05028,False,53
256,1.09098,5.10516,False,53
257,1.0336400000000001,5.04814,False,53
258,1.12243,3.05596,False,53
259,1.04548,1.03054,False,53
260,1.01886,1.05022,False,53
262,1.01202,6.12803,False,53
263,1.02309,1.13799,False,53
264,1.12955,4.05601,False,53
265,1.1133,1.14291,False,53
270,3.00836,1.14502,False,53
271,1.08906,3.10828,False,53
272,1.07098,1.11446,False,53
273,1.11424,1.1121,False,53
274,1.09876,1.09922,False,53
275,3.00723,1.13414,False,53
280,1.00268,1.13616,False,53
289,1.08173,4.02382,False,53
290,1.13358,1.13185,False,53
291,1.14705,1.14123,False,53
292,1.09354,1.08674,False,53
293,5.00591,5.12933,False,53
294,5.01275,1.13306,False,53
295,5.05599,6.13559,False,53
296,5.05283,1.0067,False,53
297,1.12421,5.10594,False,53
298,1.00599,5.06898,False,53
299,1.04918,4.0499,False,53
300,1.01916,5.13553,False,53
301,1.03018,3.10734,False,53
302,1.09608,5.12234,False,53
303,1.13,3.10445,False,53
308,1.00985,6.04928,False,53
317,1.02574,5.02026,False,53
318,1.0944,6.081,False,53
319,1.12229,5.10939,False,53
320,1.02837,5.03903,False,53
321,1.03427,4.11528,False,53
322,1.06191,3.11366,False,53
323,1.00588,3.09439,False,53
324,1.04675,3.08033,False,53
325,1.00702,5.12909,False,53
326,1.03136,3.14568,False,53
328,1.09374,5.13829,False,53
329,1.13421,6.0395199999999996,False,53
330,1.08405,5.14655,False,53
331,1.05401,5.05507,False,53
332,1.12544,5.11548,False,53
333,3.05019,5.11239,False,53
334,1.12084,1.13442,False,53
335,1.09933,5.11626,False,53
336,1.0638,5.07897,False,53
337,1.14077,5.10234,False,53
339,1.08176,5.14688,False,53
340,1.0,1.05083,True,53
341,1.0,5.02074,True,53
342,6.09027,1.10534,False,53
343,1.0,1.0,True,53
346,1.09028,5.07712,False,53
347,1.11153,6.1452,False,53
348,1.08485,5.11317,False,53
349,1.00525,5.03659,False,53
350,3.00045,4.11326,False,53
351,1.13781,5.13872,False,53
352,1.12488,4.07758,False,53
353,4.02668,7.09566,False,53
354,4.06676,5.14069,False,53
355,1.04144,3.14192,False,53
357,1.06839,4.06881,False,53
358,1.09221,3.07003,False,53
359,1.12649,3.03327,False,53
361,1.08778,5.14335,False,53
363,5.10085,5.09099,False,53
364,5.1299,5.06332,False,53
365,1.05091,3.06502,False,53
366,1.09264,1.1166800000000001,False,53
367,5.07216,5.05447,False,53
370,1.09617,3.13943,False,53
371,1.1467100000000001,3.05436,False,53
372,1.14622,6.07886,False,53
373,1.07799,1.1208,False,53
374,1.05099,7.09816,False,53
375,1.14733,1.0373,False,53
376,1.1167,1.11094,False,53
377,1.03606,1.09624,False,53
378,3.00843,3.06229,False,53
379,3.08671,1.14714,False,53
380,4.00031,3.05734,False,53
381,1.08657,1.09958,False,53
383,1.0274,5.14194,False,53
384,1.1318,4.12635,False,53
385,1.0026,5.11921,False,53
386,1.05249,5.13357,False,53
387,1.00354,4.04688,False,53
388,1.01152,1.11914,False,53
389,1.01155,2.03092,False,53
390,1.06571,5.13824,False,53
391,1.0349,3.04936,False,53
394,1.01008,5.08509,False,53
395,5.03129,1.13599,False,53
396,5.1034,1.10133,False,53
397,5.05343,1.08995,False,53
398,5.0552,3.11539,False,53
403,1.1009,4.1007,False,53
404,5.13147,4.10658,False,53
405,5.07035,1.0927,False,53
406,1.00942,1.0,False,53
407,4.05872,3.0527,False,53
408,1.0,1.0963,True,53
412,5.00079,6.11377,False,53
413,5.00246,5.07102,False,53
414,5.00067,6.11644,False,53
415,5.01703,3.03788,False,53
416,3.11509,3.032,False,53
417,1.14163,3.11341,False,53
418,5.05762,5.03808,False,53
419,4.11768,3.07828,False,53
420,3.13878,3.1124,False,53
421,3.0904,5.12177,False,53
422,3.10672,5.04651,False,53
423,1.12264,3.03876,False,53
425,1.00285,7.09291,False,53
426,1.08351,4.08069,False,53
427,1.05848,1.14178,False,53
428,3.05323,3.08979,False,53
429,3.1377,3.09548,False,53
1,1.11466,3.02212,False,54
3,1.0184,1.00668,False,54
5,1.06454,7.13814,False,54
6,1.04366,3.02992,False,54
7,1.01563,1.0,False,54
9,1.01611,1.12729,False,54
10,1.00694,1.0726,False,54
11,1.10358,1.0,False,54
13,1.13507,1.13374,False,54
17,1.02679,3.08492,False,54
18,1.03694,1.07336,False,54
19,1.0,3.01108,True,54
21,1.09006,4.07442,False,54
22,1.13538,1.1339299999999999,False,54
25,1.03379,4.12192,False,54
29,1.00793,1.14684,False,54
30,1.0518399999999999,1.1451500000000001,False,54
69,1.00313,4.06441,False,54
70,3.03562,3.06422,False,54
71,1.06808,3.07657,False,54
72,3.05979,3.12045,False,54
73,3.01274,3.05111,False,54
74,3.02842,7.00764,False,54
75,4.0504,3.13683,False,54
76,1.1442700000000001,1.14465,False,54
77,3.00229,1.14176,False,54
78,1.09957,4.01182,False,54
79,1.12461,3.10588,False,54
82,1.01678,4.07569,False,54
83,1.00998,3.12685,False,54
84,3.00938,1.0,False,54
85,1.00857,1.0,False,54
86,1.0,4.03682,True,54
91,1.06165,1.13592,False,54
92,1.10905,3.13275,False,54
93,1.14007,3.02922,False,54
95,1.03348,1.14531,False,54
98,1.0661100000000001,5.02838,False,54
99,2.06582,5.08878,False,54
100,1.09332,6.13978,False,54
101,1.00416,3.00344,False,54
103,1.13544,5.09804,False,54
104,1.13402,5.08529,False,54
106,1.03368,5.08193,False,54
107,1.00253,6.09139,False,54
109,1.11789,4.01392,False,54
110,1.11718,3.06583,False,54
111,1.02134,3.12324,False,54
112,1.01567,2.12584,False,54
113,1.05649,3.10703,False,54
114,1.00373,1.14459,False,54
115,1.07182,1.14351,False,54
116,1.01628,3.05809,False,54
117,1.01233,1.14435,False,54
118,1.02189,3.1403,False,54
120,1.00435,4.13153,False,54
121,1.00705,1.14734,False,54
122,1.00224,1.14407,False,54
123,1.00015,1.07725,False,54
124,1.00976,7.1233,False,54
125,5.04312,4.12995,False,54
126,5.0976,5.08854,False,54
127,1.13258,4.08342,False,54
128,1.06824,5.1265,False,54
129,1.1286100000000001,5.02873,False,54
130,5.06047,5.05997,False,54
131,1.13728,1.08898,False,54
133,1.0091,1.13924,False,54
134,1.05085,1.12715,False,54
135,1.07982,1.13144,False,54
136,1.00083,1.12662,False,54
137,1.06463,1.00139,False,54
139,1.01338,1.14446,False,54
140,1.05876,1.12939,False,54
141,1.10877,1.03888,False,54
142,1.12708,1.11438,False,54
143,1.00142,1.09225,False,54
144,1.03505,1.10412,False,54
145,1.0,5.14114,True,54
146,1.0,1.0,True,54
147,1.08105,1.0,False,54
148,1.0,1.0,True,54
149,1.0,3.10192,True,54
150,5.04322,1.0,False,54
151,1.0,1.07123,True,54
153,1.1378,1.1465,False,54
154,1.10063,5.01802,False,54
155,1.01782,3.08135,False,54
156,1.0843099999999999,1.13504,False,54
157,1.01742,1.12125,False,54
158,1.01356,3.11888,False,54
159,1.00534,3.0767,False,54
160,1.02677,3.14574,False,54
161,1.09043,3.00315,False,54
162,4.14422,4.03746,False,54
164,1.07515,7.09108,False,54
165,5.02217,1.07778,False,54
166,5.11461,5.02417,False,54
167,1.1323,1.04207,False,54
168,5.0537,1.0,False,54
169,5.09879,5.05394,False,54
173,1.08686,4.09749,False,54
175,1.02317,1.12517,False,54
176,1.10732,1.04536,False,54
177,1.12927,5.12523,False,54
178,4.00417,5.09526,False,54
179,1.14564,5.12022,False,54
180,2.01625,5.07756,False,54
181,3.08952,5.13565,False,54
182,1.14402,5.11392,False,54
183,1.10176,5.05675,False,54
184,1.10823,7.06257,False,54
185,1.1332,5.11381,False,54
186,1.11542,7.07729,False,54
188,1.00009,7.13336,False,54
189,4.14733,6.07263,False,54
190,1.11999,3.0992,False,54
191,1.06804,5.13499,False,54
192,1.10037,5.05139,False,54
193,6.11242,5.0848700000000004,False,54
194,1.10722,5.07751,False,54
195,1.11758,3.05006,False,54
197,1.01199,5.12934,False,54
198,1.12961,5.07764,False,54
199,3.02916,4.07116,False,54
200,1.13714,1.10829,False,54
201,1.13626,1.13303,False,54
202,7.05166,7.04705,False,54
203,4.06924,5.12376,False,54
204,1.04709,5.08094,False,54
206,1.01102,5.12399,False,54
207,1.14475,3.05398,False,54
208,1.0862,1.14203,False,54
209,3.00912,3.07098,False,54
210,3.02895,3.11299,False,54
211,3.11328,3.03217,False,54
212,1.07061,1.0950199999999999,False,54
213,1.08412,3.01226,False,54
216,1.1173,6.13397,False,54
217,1.12797,4.08563,False,54
218,1.14132,5.12205,False,54
219,1.10726,5.12191,False,54
222,1.07765,3.08269,False,54
225,4.03171,3.0812,False,54
226,1.07772,5.02664,False,54
227,4.02833,7.00337,False,54
229,3.10117,4.05771,False,54
230,3.06287,3.06512,False,54
233,1.00661,5.12649,False,54
234,3.004,5.03309,False,54
235,3.09922,3.04808,False,54
236,1.12074,1.13278,False,54
237,1.06303,1.13072,False,54
242,1.01009,4.02715,False,54
243,1.09816,1.0418,False,54
251,4.09666,4.13574,False,54
252,1.13241,3.13268,False,54
253,1.0372,5.1111,False,54
254,1.0231,1.10115,False,54
255,1.0302,3.1183899999999998,False,54
256,1.0901,5.01415,False,54
257,1.00314,5.07226,False,54
258,1.02859,3.02855,False,54
259,1.13502,1.14399,False,54
260,1.0031,1.14495,False,54
262,1.00097,6.05824,False,54
263,1.01637,1.14698,False,54
264,1.13198,4.1033,False,54
265,1.13247,1.13585,False,54
270,3.0473,1.13777,False,54
271,1.14618,3.10298,False,54
272,1.11961,1.11836,False,54
273,1.11296,1.12624,False,54
274,1.04637,1.129,False,54
275,3.01806,1.12984,False,54
280,1.02228,1.10932,False,54
289,1.0748,4.098,False,54
290,1.09705,1.13456,False,54
291,1.14322,1.13074,False,54
292,1.06401,1.1183,False,54
293,5.01054,6.1037,False,54
294,5.04405,5.01403,False,54
295,5.0227,6.07885,False,54
296,5.03079,5.06272,False,54
297,1.12243,5.13548,False,54
298,1.03103,5.14657,False,54
299,1.08261,4.06198,False,54
300,1.00738,5.08284,False,54
301,1.04546,3.03377,False,54
302,1.03623,5.11854,False,54
303,1.03404,3.14262,False,54
308,1.01043,6.12719,False,54
317,1.01918,5.00412,False,54
318,1.09712,6.0172,False,54
319,1.07147,5.12269,False,54
320,1.00367,5.0104,False,54
321,1.01649,4.03645,False,54
322,1.00375,3.13573,False,54
323,1.04807,3.08173,False,54
324,1.00189,3.02345,False,54
325,1.06318,5.09825,False,54
326,1.01597,3.06362,False,54
328,1.0438,5.10098,False,54
329,1.13035,6.03399,False,54
330,1.08363,5.13506,False,54
331,1.07354,3.09638,False,54
332,1.13526,5.10131,False,54
333,3.13582,5.02076,False,54
334,1.10743,1.11277,False,54
335,1.10137,5.11626,False,54
336,1.08706,5.13314,False,54
337,1.08566,5.09281,False,54
339,1.06077,5.10563,False,54
340,1.0,1.111,True,54
341,1.0,5.0127,True,54
342,6.03223,1.05697,False,54
343,1.0,1.0,True,54
346,1.10777,5.06747,False,54
347,1.1308799999999999,6.12123,False,54
348,1.0811,5.02094,False,54
349,1.01718,5.13607,False,54
350,1.14258,4.12693,False,54
351,1.11979,5.00219,False,54
352,1.09639,4.03327,False,54
353,4.06112,7.07214,False,54
354,4.12767,5.11424,False,54
355,1.05598,3.0981899999999998,False,54
357,1.06219,4.11532,False,54
358,1.06231,3.04838,False,54
359,1.12203,3.07144,False,54
361,1.10956,5.09323,False,54
363,5.1099,5.08691,False,54
364,5.1225,5.12018,False,54
365,1.11817,3.12473,False,54
366,1.09041,1.1215600000000001,False,54
367,5.10929,5.0932,False,54
370,1.11811,3.1436,False,54
371,1.14214,4.14288,False,54
372,1.14201,6.10798,False,54
373,1.1181,1.12631,False,54
374,1.0019,7.0507,False,54
375,1.00277,1.0301,False,54
376,1.11262,1.06071,False,54
377,1.02957,1.03492,False,54
378,3.12378,3.0962,False,54
379,3.06044,1.13204,False,54
380,4.00447,3.11523,False,54
381,1.10591,1.13484,False,54
383,1.03853,5.09213,False,54
384,1.144,4.10573,False,54
385,1.00263,5.13389,False,54
386,1.03535,5.11241,False,54
387,1.01041,4.02238,False,54
388,1.02056,1.13447,False,54
389,1.00352,2.08012,False,54
390,1.02483,2.14414,False,54
391,1.06653,3.01761,False,54
394,1.01437,5.03647,False,54
395,5.06564,1.13369,False,54
396,5.05908,1.0931,False,54
397,5.04667,1.04483,False,54
398,5.02911,3.14505,False,54
403,1.02358,4.06379,False,54
404,5.11832,4.09855,False,54
405,5.04168,1.06221,False,54
406,1.08389,1.01305,False,54
407,4.02486,3.1115,False,54
408,1.0,1.11515,True,54
412,5.00047,6.13347,False,54
413,5.00816,5.12929,False,54
414,5.02597,6.0181,False,54
415,5.00118,3.11133,False,54
416,3.11033,3.07647,False,54
417,1.13068,3.11846,False,54
418,5.12601,5.10858,False,54
419,3.12588,5.12623,False,54
420,3.13807,3.11397,False,54
421,3.11458,5.14173,False,54
422,3.09876,5.11403,False,54
423,1.11562,3.11407,False,54
425,1.08948,7.0308,False,54
426,1.07774,4.07282,False,54
427,1.10513,1.14235,False,54
428,3.06613,3.10433,False,54
429,3.0007,3.13243,False,54
1,1.0781,3.06533,False,55
3,1.08549,1.02297,False,55
5,1.07068,7.04066,False,55
6,1.06644,3.12242,False,55
7,1.00677,1.0,False,55
9,1.00828,1.14554,False,55
10,1.0918,1.04088,False,55
11,1.13165,1.0,False,55
13,1.11743,1.11807,False,55
17,1.02493,3.12358,False,55
18,1.04928,1.11465,False,55
19,1.0,3.02538,True,55
21,1.08257,3.14736,False,55
22,1.14356,1.14313,False,55
25,1.08846,4.13661,False,55
29,1.00627,1.14453,False,55
30,1.05162,1.14001,False,55
69,1.00174,4.112,False,55
70,3.03246,3.14396,False,55
71,1.1007500000000001,1.14506,False,55
72,3.02684,3.14299,False,55
73,3.00688,3.06666,False,55
74,3.03143,7.09985,False,55
75,4.02324,3.05415,False,55
76,1.1297,3.05126,False,55
77,3.05379,1.12814,False,55
78,1.11174,4.12908,False,55
79,1.1306,3.05955,False,55
82,1.01901,4.14586,False,55
83,1.04193,3.06364,False,55
84,3.00118,1.0,False,55
85,1.0,1.03991,True,55
86,1.0,4.09277,True,55
91,1.03987,1.14278,False,55
92,1.10086,1.14705,False,55
93,1.13603,3.03267,False,55
95,1.04025,1.1454,False,55
98,1.10367,5.06637,False,55
99,2.03905,5.12904,False,55
100,1.12337,6.02283,False,55
101,1.01198,3.06093,False,55
103,1.12241,5.03598,False,55
104,1.13407,5.13064,False,55
106,1.00103,5.08703,False,55
107,1.04423,6.12118,False,55
109,1.11124,4.03697,False,55
110,1.09616,3.14576,False,55
111,1.01951,3.09275,False,55
112,1.00543,2.13117,False,55
113,1.072,3.03516,False,55
114,1.03499,1.11698,False,55
115,1.116,1.13079,False,55
116,1.02528,3.06696,False,55
117,1.00295,1.13203,False,55
118,1.0482,3.0646,False,55
120,1.00072,4.05757,False,55
121,1.00288,1.14599,False,55
122,1.0131000000000001,1.14605,False,55
123,1.01127,1.07009,False,55
124,1.00084,7.12786,False,55
125,5.06639,4.09513,False,55
126,5.07264,5.13391,False,55
127,1.10039,4.07914,False,55
128,1.04161,5.04201,False,55
129,1.14111,5.05387,False,55
130,5.12129,5.10887,False,55
131,1.0529,1.03319,False,55
133,1.04202,1.14487,False,55
134,1.01148,1.09712,False,55
135,1.01411,1.13552,False,55
136,1.09436,1.12655,False,55
137,1.01089,1.09544,False,55
139,1.04777,1.03707,False,55
140,1.0957,1.13821,False,55
141,1.00844,1.07195,False,55
142,1.02729,1.09173,False,55
143,1.00696,1.1193,False,55
144,1.09641,1.13835,False,55
145,5.14434,1.0,False,55
146,1.0,1.0,True,55
147,1.01201,1.0,False,55
148,1.0,1.0,True,55
149,1.0,3.11672,True,55
150,5.14677,1.0,False,55
151,1.0,1.07476,True,55
153,1.13694,1.13665,False,55
154,1.10198,5.03275,False,55
155,1.02679,7.04866,False,55
156,1.10662,3.11189,False,55
157,1.01418,1.14717,False,55
158,1.06027,3.07892,False,55
159,1.04536,3.06882,False,55
160,1.07405,3.08116,False,55
161,1.11547,3.08045,False,55
162,4.09445,4.14533,False,55
164,1.07221,7.06459,False,55
165,5.08376,1.09076,False,55
166,5.09394,5.05376,False,55
167,1.13527,1.0382,False,55
168,5.02751,1.0,False,55
169,5.08097,5.05957,False,55
173,1.09588,3.09479,False,55
175,1.07809,1.06431,False,55
176,1.0894,1.04213,False,55
177,1.10479,5.14532,False,55
178,4.02786,5.14619,False,55
179,1.14735,5.10632,False,55
180,2.10919,5.03079,False,55
181,3.06775,5.11178,False,55
182,1.14481,5.00993,False,55
183,1.1166,5.11827,False,55
184,1.10977,7.09304,False,55
185,1.08508,5.06876,False,55
186,1.11162,7.10431,False,55
188,1.00256,7.07556,False,55
189,4.09687,6.00524,False,55
190,1.13774,3.12058,False,55
191,1.1090200000000001,5.12123,False,55
192,1.13487,5.12773,False,55
193,6.1381499999999996,5.13336,False,55
194,1.1017,5.02193,False,55
195,1.14045,3.07738,False,55
197,1.01404,5.07444,False,55
198,1.1384,5.13688,False,55
199,3.03396,4.13476,False,55
200,1.13464,1.11972,False,55
201,1.10122,1.10392,False,55
202,7.0268,7.12332,False,55
203,4.13528,5.06904,False,55
204,1.09206,5.11678,False,55
206,1.00011,5.14208,False,55
207,1.12835,3.04601,False,55
208,1.12037,1.12889,False,55
209,3.06259,3.06545,False,55
210,3.02723,3.07767,False,55
211,3.04942,3.04101,False,55
212,1.1041,1.11541,False,55
213,1.0693,3.10621,False,55
216,1.11387,6.12405,False,55
217,1.14379,4.03749,False,55
218,1.11192,5.12937,False,55
219,1.13989,5.12804,False,55
222,1.09215,3.09136,False,55
225,4.00494,3.14512,False,55
226,1.09643,5.12856,False,55
227,4.1418,7.04144,False,55
229,3.10017,4.00446,False,55
230,3.0695,3.12486,False,55
233,1.03168,5.13719,False,55
234,3.01192,5.0531,False,55
235,3.03411,3.01376,False,55
236,1.12198,1.10678,False,55
237,1.09505,1.10725,False,55
242,1.0005,4.09459,False,55
243,1.12846,1.12558,False,55
251,4.06494,4.12506,False,55
252,1.12778,3.09035,False,55
253,1.00264,5.09195,False,55
254,1.02482,1.06684,False,55
255,1.13608,3.02999,False,55
256,1.03571,5.09592,False,55
257,1.00522,5.10869,False,55
258,1.1219,3.03926,False,55
259,3.01047,1.10951,False,55
260,1.084,1.08573,False,55
262,1.00116,6.12763,False,55
263,1.00316,1.1323400000000001,False,55
264,1.10305,4.12516,False,55
265,1.09326,1.13509,False,55
270,3.0693799999999998,1.13264,False,55
271,1.13715,3.0872,False,55
272,1.09349,1.14135,False,55
273,1.09036,1.1109,False,55
274,1.12152,1.13397,False,55
275,3.04499,1.11525,False,55
280,1.01184,1.14595,False,55
289,1.06974,4.06482,False,55
290,1.08503,1.1405,False,55
291,1.14252,1.1452499999999999,False,55
292,1.10416,1.13076,False,55
293,5.00857,5.14206,False,55
294,5.02878,5.14345,False,55
295,5.01013,6.09174,False,55
296,5.0257,5.03441,False,55
297,1.13259,5.11141,False,55
298,1.01195,5.12117,False,55
299,1.11484,4.00898,False,55
300,1.10608,5.07522,False,55
301,1.07352,3.1015,False,55
302,1.03736,5.08234,False,55
303,3.03586,3.06212,False,55
308,1.0048,6.10539,False,55
317,1.00838,5.12413,False,55
318,1.10847,6.05354,False,55
319,1.03724,5.12648,False,55
320,1.02699,5.09812,False,55
321,1.05961,4.14456,False,55
322,1.02535,3.1468,False,55
323,1.05606,3.10547,False,55
324,1.00336,3.04414,False,55
325,1.08853,5.08305,False,55
326,1.02132,3.06073,False,55
328,1.04889,5.06581,False,55
329,1.14577,6.04759,False,55
330,1.10637,5.14723,False,55
331,1.06673,3.04541,False,55
332,1.12293,5.10496,False,55
333,3.12971,5.11194,False,55
334,1.13716,1.10738,False,55
335,1.08588,5.14392,False,55
336,1.06659,5.07397,False,55
337,1.13374,5.11969,False,55
339,1.02695,5.14522,False,55
340,1.0,1.06084,True,55
341,1.0,5.1255,True,55
342,6.08159,1.0979,False,55
343,1.0,1.0,True,55
346,1.13507,3.09727,False,55
347,1.1277,6.09779,False,55
348,1.11554,5.08766,False,55
349,1.03637,5.10316,False,55
350,3.01058,4.11918,False,55
351,1.1358,5.08254,False,55
352,1.13641,4.01382,False,55
353,4.09176,7.03801,False,55
354,4.09701,5.05469,False,55
355,1.0961400000000001,3.08398,False,55
357,1.07046,4.10108,False,55
358,1.05427,3.09055,False,55
359,1.10714,3.1012,False,55
361,1.08033,5.12014,False,55
363,5.08993,5.07853,False,55
364,5.10135,5.05601,False,55
365,1.00262,3.02178,False,55
366,1.09903,1.13669,False,55
367,5.05843,5.03154,False,55
370,1.09644,3.13444,False,55
371,1.1301700000000001,3.13439,False,55
372,1.146,6.13073,False,55
373,1.09466,1.1243,False,55
374,1.03061,7.07376,False,55
375,1.06168,1.1145100000000001,False,55
376,1.05637,1.10763,False,55
377,1.10282,1.03959,False,55
378,3.11495,3.07822,False,55
379,3.0759,1.12289,False,55
380,4.08178,3.0132,False,55
381,1.10992,1.14202,False,55
383,1.08782,5.133,False,55
384,1.14114,5.06313,False,55
385,1.00003,5.12273,False,55
386,1.02398,5.13463,False,55
387,1.01507,4.07243,False,55
388,1.00193,1.13666,False,55
389,1.00433,2.03557,False,55
390,1.0084,2.1473,False,55
391,1.01265,3.0824,False,55
394,1.01253,5.14194,False,55
395,5.06327,1.13129,False,55
396,5.04796,1.03851,False,55
397,5.02907,1.13442,False,55
398,5.07528,3.00254,False,55
403,1.05567,4.08089,False,55
404,5.00079,4.06362,False,55
405,5.08408,1.07778,False,55
406,1.02646,1.01137,False,55
407,4.02025,3.01035,False,55
408,1.0,1.1324,True,55
412,5.00188,6.11337,False,55
413,5.00746,5.0753,False,55
414,5.00317,6.01142,False,55
415,5.00185,3.09172,False,55
416,3.02889,3.02816,False,55
417,1.13093,3.13418,False,55
418,5.03001,5.01831,False,55
419,3.13257,5.09606,False,55
420,3.11907,3.07627,False,55
421,3.03464,5.05916,False,55
422,3.02312,5.09857,False,55
423,1.14325,3.08323,False,55
425,1.09512,1.12052,False,55
426,1.07694,4.07167,False,55
427,1.06086,1.13896,False,55
428,3.1143,3.14029,False,55
429,3.05913,3.12295,False,55
1,1.10805,3.00481,False,56
3,1.06982,1.01345,False,56
5,1.04832,7.11861,False,56
6,1.08336,3.05641,False,56
7,1.01335,1.0,False,56
9,1.01461,1.14652,False,56
10,1.02994,1.07633,False,56
11,1.06394,1.0,False,56
13,1.12086,1.14597,False,56
17,1.05289,3.10994,False,56
18,1.05409,1.1371,False,56
19,1.0,3.11391,True,56
21,1.09671,4.02937,False,56
22,1.1277,1.12606,False,56
25,1.05318,4.06079,False,56
29,1.00636,1.14011,False,56
30,1.06211,1.14709,False,56
69,1.00204,4.094,False,56
70,3.00347,3.13772,False,56
71,1.07429,1.13754,False,56
72,3.0811,3.10851,False,56
73,3.00039,3.11728,False,56
74,3.07206,3.06719,False,56
75,4.02981,3.11992,False,56
76,1.13678,3.03912,False,56
77,3.0199,1.11751,False,56
78,1.09581,3.10455,False,56
79,1.13021,3.09319,False,56
82,1.09584,4.10718,False,56
83,1.08395,3.0803,False,56
84,3.05969,1.0,False,56
85,1.0,1.0865,True,56
86,1.0,4.09869,True,56
91,1.05497,1.1315,False,56
92,1.09782,1.144,False,56
93,1.12642,3.04703,False,56
95,1.04902,1.14275,False,56
98,1.11801,5.13586,False,56
99,2.01271,5.13349,False,56
100,1.11772,6.08287,False,56
101,1.00853,3.1181,False,56
103,1.13445,5.11352,False,56
104,1.13174,5.06679,False,56
106,1.10688,5.03892,False,56
107,1.02644,6.00181,False,56
109,1.12183,4.04352,False,56
110,1.09464,3.13006,False,56
111,1.03189,3.13915,False,56
112,1.0102,2.0467,False,56
113,1.07769,3.10557,False,56
114,1.00454,1.14624,False,56
115,1.02787,1.13501,False,56
116,1.00943,3.0730399999999998,False,56
117,1.02035,1.14085,False,56
118,1.07467,3.09146,False,56
120,1.00653,4.13884,False,56
121,1.00067,1.14497,False,56
122,1.01178,1.14461,False,56
123,1.03904,1.09843,False,56
124,1.01273,7.03538,False,56
125,5.01893,4.05508,False,56
126,5.11393,5.0614,False,56
127,1.08494,4.06564,False,56
128,1.01309,5.14365,False,56
129,1.14578,5.10096,False,56
130,5.11646,5.08808,False,56
131,1.11671,1.1406399999999999,False,56
133,1.00507,1.1463700000000001,False,56
134,1.01352,1.13008,False,56
135,1.0986,1.07504,False,56
136,1.02423,1.10037,False,56
137,1.09737,1.018,False,56
139,1.00122,1.13001,False,56
140,1.04914,1.13646,False,56
141,1.07722,1.04568,False,56
142,1.00651,1.03877,False,56
143,1.01594,1.08134,False,56
144,1.10064,1.13485,False,56
145,5.06722,1.0,False,56
146,1.0,1.0,True,56
147,1.0,1.0421,True,56
148,1.0,1.0,True,56
149,1.0,3.08663,True,56
150,5.13928,1.0,False,56
151,1.00509,1.0,False,56
153,1.13941,1.14398,False,56
154,1.10762,5.05951,False,56
155,1.00607,7.09317,False,56
156,1.10926,1.14189,False,56
157,1.03025,1.12893,False,56
158,1.02913,3.05887,False,56
159,1.06159,3.04176,False,56
160,1.0008,3.10685,False,56
161,1.05134,3.02248,False,56
162,4.14687,4.02519,False,56
164,1.00523,7.03451,False,56
165,5.06318,1.03225,False,56
166,5.13154,5.02239,False,56
167,1.00707,1.00402,False,56
168,5.03016,1.0,False,56
169,5.10163,5.054,False,56
173,1.08729,4.03986,False,56
175,1.06371,1.10045,False,56
176,1.1406,1.01698,False,56
177,1.1138,5.11249,False,56
178,4.01338,5.08848,False,56
179,1.13565,5.11509,False,56
180,2.03047,5.08923,False,56
181,3.00989,5.04773,False,56
182,1.1446399999999999,5.00888,False,56
183,1.0995,5.14286,False,56
184,1.12299,7.03427,False,56
185,1.12571,5.02541,False,56
186,1.11583,7.08879,False,56
188,1.0091,5.14016,False,56
189,4.09451,6.08939,False,56
190,1.13482,3.08884,False,56
191,1.07196,5.09499,False,56
192,1.12128,5.05519,False,56
193,6.12632,5.1388300000000005,False,56
194,1.09909,5.08054,False,56
195,1.14266,3.08818,False,56
197,1.00343,5.10255,False,56
198,1.11695,5.0737,False,56
199,1.11826,4.08756,False,56
200,1.1436,1.14609,False,56
201,1.06943,1.12282,False,56
202,7.02398,7.10729,False,56
203,4.09379,5.08769,False,56
204,1.0902,5.01007,False,56
206,1.00434,5.02212,False,56
207,1.09648,3.12217,False,56
208,1.06002,1.07068,False,56
209,3.04056,3.13538,False,56
210,3.0367,3.14052,False,56
211,3.07581,3.0125,False,56
212,1.06482,1.13189,False,56
213,1.08385,3.07945,False,56
216,1.10176,6.11348,False,56
217,1.14418,4.14716,False,56
218,1.11245,5.13155,False,56
219,1.14207,5.02537,False,56
222,1.10854,3.10396,False,56
225,4.04639,3.08702,False,56
226,1.0985800000000001,5.13234,False,56
227,4.14732,7.08367,False,56
229,3.09632,4.05654,False,56
230,3.0877,3.12859,False,56
233,1.0052,5.09921,False,56
234,3.0071,5.05499,False,56
235,3.07292,3.01956,False,56
236,1.05918,1.13818,False,56
237,1.13327,1.07582,False,56
242,1.00487,4.06148,False,56
243,1.12135,1.10451,False,56
251,4.06859,4.11144,False,56
252,1.1347800000000001,3.11571,False,56
253,1.00777,5.07982,False,56
254,1.00398,1.11894,False,56
255,1.03679,3.00248,False,56
256,1.00678,5.14416,False,56
257,1.02361,5.00671,False,56
258,1.0574,3.07341,False,56
259,3.03027,1.13128,False,56
260,1.10469,1.1037,False,56
262,1.00294,6.05431,False,56
263,1.02691,1.1457,False,56
264,1.14485,4.10717,False,56
265,1.10033,1.11833,False,56
270,3.02617,1.14116,False,56
271,1.13889,3.13184,False,56
272,1.13288,1.1185100000000001,False,56
273,1.03124,1.13998,False,56
274,1.0883099999999999,1.12125,False,56
275,3.01751,1.14679,False,56
280,1.03478,1.1247,False,56
289,1.07529,4.10911,False,56
290,1.09727,1.1303,False,56
291,1.13865,1.13765,False,56
292,1.09505,1.11616,False,56
293,5.00021,5.13147,False,56
294,5.01326,1.14532,False,56
295,5.04656,6.08425,False,56
296,5.02371,5.02161,False,56
297,1.08701,5.0886,False,56
298,1.0025,5.13464,False,56
299,1.04427,4.04219,False,56
300,1.02346,5.06095,False,56
301,1.00861,3.02378,False,56
302,1.04038,5.07944,False,56
303,3.07717,3.09696,False,56
308,1.00579,6.11753,False,56
317,1.02922,3.08969,False,56
318,1.12443,6.11237,False,56
319,1.05717,5.07293,False,56
320,1.01542,5.08668,False,56
321,1.04119,4.03282,False,56
322,1.02503,3.08641,False,56
323,1.01679,3.04928,False,56
324,1.01217,3.13985,False,56
325,1.05892,5.08822,False,56
326,1.01687,3.06278,False,56
328,1.06798,5.11915,False,56
329,1.13262,6.04986,False,56
330,1.05158,5.13481,False,56
331,1.07216,3.13191,False,56
332,1.14736,5.1146,False,56
333,3.04584,5.12962,False,56
334,1.11541,1.11465,False,56
335,1.07832,5.081,False,56
336,1.06801,5.03492,False,56
337,1.07113,5.06275,False,56
339,1.01159,5.10128,False,56
340,1.0,1.02077,True,56
341,1.0,5.02015,True,56
342,6.13127,1.14256,False,56
343,1.0,1.0,True,56
346,1.08458,5.14403,False,56
347,1.12826,6.00937,False,56
348,1.09313,5.07375,False,56
349,1.02389,5.08393,False,56
350,3.01798,4.00037,False,56
351,1.12061,5.0934,False,56
352,1.12972,4.02679,False,56
353,4.0742,7.07793,False,56
354,4.14634,5.09133,False,56
355,1.07115,3.06873,False,56
357,1.06821,4.1239,False,56
358,1.05422,3.03291,False,56
359,1.1275,3.11216,False,56
361,1.0849,5.13975,False,56
363,5.11044,5.08984,False,56
364,5.10082,5.08285,False,56
365,1.07555,3.06518,False,56
366,1.1050200000000001,1.13513,False,56
367,5.06153,5.05478,False,56
370,1.10617,3.13921,False,56
371,1.139,3.14272,False,56
372,1.14038,6.05743,False,56
373,1.11905,1.12145,False,56
374,1.0328,7.00485,False,56
375,1.1175,1.14581,False,56
376,1.14018,1.11593,False,56
377,1.12235,1.06225,False,56
378,3.13293,3.089,False,56
379,3.13939,1.11416,False,56
380,4.07218,3.14046,False,56
381,1.12608,1.13253,False,56
383,1.08206,5.13199,False,56
384,1.14606,5.04935,False,56
385,1.02126,5.14292,False,56
386,1.01499,5.09001,False,56
387,1.0057,4.07518,False,56
388,1.00619,1.1399,False,56
389,1.01324,2.10987,False,56
390,1.01024,2.09845,False,56
391,1.03749,3.03257,False,56
394,1.00424,5.11782,False,56
395,5.07737,1.12273,False,56
396,5.00954,1.04582,False,56
397,5.00097,1.1103399999999999,False,56
398,5.05781,3.09951,False,56
403,1.01808,4.1344,False,56
404,5.06012,4.10902,False,56
405,5.00088,1.035,False,56
406,1.00077,1.0,False,56
407,4.03463,3.12719,False,56
408,1.0,1.00003,True,56
412,5.00251,6.10931,False,56
413,5.00149,1.13438,False,56
414,5.00157,6.12867,False,56
415,5.00301,3.10236,False,56
416,3.02995,3.00812,False,56
417,1.1366100000000001,3.11511,False,56
418,5.00831,5.00518,False,56
419,3.1003600000000002,5.00461,False,56
420,3.02534,3.00517,False,56
421,3.10365,5.0078,False,56
422,3.01722,5.02916,False,56
423,1.1323,3.13652,False,56
425,1.01135,7.13462,False,56
426,1.06666,4.14472,False,56
427,1.0799,1.13543,False,56
428,3.0708,3.09286,False,56
429,3.05566,3.07014,False,56
1,1.09775,3.07149,False,57
3,1.10465,1.08967,False,57
5,1.02846,7.06702,False,57
6,1.01012,3.06383,False,57
7,1.01574,1.0,False,57
9,1.0179,1.13552,False,57
10,1.05533,1.07672,False,57
11,1.13404,1.0,False,57
13,1.10933,1.14199,False,57
17,1.06004,4.13336,False,57
18,1.04364,1.14451,False,57
19,1.0,3.07585,True,57
21,1.05228,3.02709,False,57
22,1.13862,1.13658,False,57
25,1.00638,4.06621,False,57
29,1.02594,1.1453,False,57
30,1.06559,1.13873,False,57
69,1.00288,4.0361,False,57
70,3.00804,3.12031,False,57
71,1.10856,3.13282,False,57
72,3.05844,3.06019,False,57
73,3.00518,3.09943,False,57
74,3.02104,7.04161,False,57
75,4.01512,3.14046,False,57
76,1.13038,3.12566,False,57
77,3.00485,1.12866,False,57
78,1.09015,4.03113,False,57
79,1.12858,3.09947,False,57
82,1.08186,4.01826,False,57
83,1.10111,3.087,False,57
84,3.09363,1.0,False,57
85,1.0,1.1407,True,57
86,1.0,4.09227,True,57
91,1.0760399999999999,1.13559,False,57
92,1.11595,1.14438,False,57
93,1.13215,3.07156,False,57
95,1.02148,1.14339,False,57
98,1.04747,5.10028,False,57
99,2.00294,5.08647,False,57
100,1.13216,6.01209,False,57
101,1.09995,3.13477,False,57
103,1.06869,5.14183,False,57
104,1.10219,5.0057,False,57
106,1.11606,5.11843,False,57
107,1.01863,6.05004,False,57
109,1.13358,4.05855,False,57
110,1.11954,3.07038,False,57
111,1.01898,3.04,False,57
112,1.05569,2.10422,False,57
113,1.09394,3.10695,False,57
114,1.00636,1.14445,False,57
115,1.05439,1.1412200000000001,False,57
116,1.02535,3.01841,False,57
117,1.08636,1.13503,False,57
118,1.04274,3.1074,False,57
120,1.0012,4.07175,False,57
121,1.00655,1.14528,False,57
122,1.00755,1.14605,False,57
123,1.00759,1.11785,False,57
124,1.00133,7.14708,False,57
125,5.089,4.12032,False,57
126,5.06153,5.06516,False,57
127,1.07281,4.05607,False,57
128,1.00457,5.0244,False,57
129,1.1414900000000001,5.0968,False,57
130,5.13878,5.12574,False,57
131,1.06574,1.14333,False,57
133,1.02818,1.14269,False,57
134,1.00713,1.12208,False,57
135,1.09977,1.11858,False,57
136,1.00253,1.14285,False,57
137,1.01941,1.03,False,57
139,1.00148,1.14724,False,57
140,1.03297,1.07075,False,57
141,1.0073,1.03589,False,57
142,1.10844,1.11623,False,57
143,1.02579,1.12772,False,57
144,1.12502,1.10843,False,57
145,5.07589,1.0,False,57
146,1.0,1.0,True,57
147,1.0758,1.0,False,57
148,1.0,1.0,True,57
149,1.0,3.00517,True,57
150,5.02939,1.0,False,57
151,1.0,1.00351,True,57
153,1.12427,1.14501,False,57
154,1.085,5.12519,False,57
155,1.03711,1.1431499999999999,False,57
156,1.07758,3.06277,False,57
157,1.03527,1.11812,False,57
158,1.06207,3.0506,False,57
159,1.07274,3.02088,False,57
160,1.0374,3.07693,False,57
161,1.08432,3.10001,False,57
162,4.14393,4.11086,False,57
164,1.04753,7.05093,False,57
165,5.02143,1.10479,False,57
166,5.11085,5.08145,False,57
167,1.07113,1.04533,False,57
168,5.12997,1.0,False,57
169,5.06226,5.03948,False,57
173,1.08861,3.08383,False,57
175,1.05057,1.04083,False,57
176,1.0367,1.02795,False,57
177,1.1169,5.12888,False,57
178,4.03866,6.02335,False,57
179,1.143,5.13921,False,57
180,2.04147,5.06321,False,57
181,3.03983,5.06045,False,57
182,1.14574,5.02441,False,57
183,1.09483,5.12735,False,57
184,1.13464,7.14497,False,57
185,1.14103,5.11668,False,57
186,1.10514,7.01622,False,57
188,1.00465,5.12855,False,57
189,4.07544,6.1196,False,57
190,1.14126,3.05629,False,57
191,1.08819,5.06858,False,57
192,1.13639,5.12788,False,57
193,6.02167,5.06742,False,57
194,1.12344,5.07933,False,57
195,1.13972,3.13414,False,57
197,1.00022,5.14564,False,57
198,1.10113,5.05244,False,57
199,1.12757,4.10244,False,57
200,1.13229,1.13968,False,57
201,1.08684,1.11476,False,57
202,7.04734,7.04352,False,57
203,4.01887,5.10539,False,57
204,1.10229,5.03023,False,57
206,1.00673,5.02839,False,57
207,1.13351,3.03567,False,57
208,1.01897,1.1336,False,57
209,3.00357,3.1337,False,57
210,3.04006,3.08086,False,57
211,3.01589,3.00414,False,57
212,1.08041,1.12004,False,57
213,1.13285,3.05403,False,57
216,1.10522,6.08406,False,57
217,1.12782,4.1006,False,57
218,1.1313,5.05808,False,57
219,1.14603,5.08522,False,57
222,1.1253199999999999,3.04519,False,57
225,4.02307,3.0872,False,57
226,1.09479,5.04761,False,57
227,4.08424,7.00341,False,57
229,3.06687,4.01706,False,57
230,3.10576,3.12671,False,57
233,1.00079,5.12393,False,57
234,3.05269,5.04037,False,57
235,3.08299,3.05365,False,57
236,1.0766499999999999,1.08062,False,57
237,1.07107,1.09789,False,57
242,1.01084,4.1393699999999995,False,57
243,1.13717,1.07028,False,57
251,4.09526,4.09136,False,57
252,1.14001,3.09261,False,57
253,1.04063,5.05908,False,57
254,1.00806,1.09733,False,57
255,1.06509,3.06173,False,57
256,1.08493,5.12335,False,57
257,1.03401,5.1091,False,57
258,1.01414,3.03693,False,57
259,1.06096,1.12848,False,57
260,1.02805,1.07074,False,57
262,1.00613,6.06676,False,57
263,1.02895,1.12507,False,57
264,1.11149,4.03608,False,57
265,1.11699,1.13568,False,57
270,3.02636,1.14613,False,57
271,1.10582,3.0993,False,57
272,1.12947,1.14294,False,57
273,1.09208,1.10589,False,57
274,1.05832,1.14718,False,57
275,3.00991,1.14546,False,57
280,1.02204,1.13607,False,57
289,1.06197,4.07832,False,57
290,1.11258,1.1353,False,57
291,1.14725,1.14458,False,57
292,1.04988,1.12514,False,57
293,5.00332,6.05994,False,57
294,5.00334,5.12881,False,57
295,5.02668,6.09954,False,57
296,5.00798,1.02013,False,57
297,1.11803,5.09267,False,57
298,1.0601099999999999,5.14196,False,57
299,1.09158,4.04924,False,57
300,1.06083,5.14675,False,57
301,1.08605,3.06988,False,57
302,1.018,5.1273,False,57
303,1.06694,3.09855,False,57
308,1.02293,6.01157,False,57
317,1.00908,3.05098,False,57
318,1.09112,6.00077,False,57
319,1.06459,5.09906,False,57
320,1.00074,5.1430299999999995,False,57
321,1.0338,4.04559,False,57
322,1.06118,3.11921,False,57
323,1.05728,3.00835,False,57
324,1.01646,3.03584,False,57
325,1.00792,5.12239,False,57
326,1.06176,3.04669,False,57
328,1.05666,5.10445,False,57
329,1.14512,6.06959,False,57
330,1.09914,5.10299,False,57
331,1.03706,5.11977,False,57
332,1.12699,5.04554,False,57
333,3.06507,5.11402,False,57
334,1.08806,1.13228,False,57
335,1.10603,5.14464,False,57
336,1.08801,5.08179,False,57
337,1.04833,5.09549,False,57
339,1.04249,5.10196,False,57
340,1.0,1.08731,True,57
341,1.0,5.09232,True,57
342,6.03455,1.09219,False,57
343,1.0,1.0,True,57
346,1.1024,3.11981,False,57
347,1.13193,6.0741,False,57
348,1.08802,5.07659,False,57
349,1.02817,5.08843,False,57
350,1.14432,4.06736,False,57
351,1.13591,5.07518,False,57
352,1.09257,4.02543,False,57
353,4.08788,7.02242,False,57
354,4.14335,5.10572,False,57
355,1.0751,3.10134,False,57
357,1.0462,4.04258,False,57
358,1.05899,3.04703,False,57
359,1.12463,3.08725,False,57
361,1.09159,5.03647,False,57
363,5.10304,5.04973,False,57
364,5.12796,5.09816,False,57
365,1.11475,3.0574500000000002,False,57
366,1.12656,1.12978,False,57
367,5.04787,5.08612,False,57
370,1.09939,3.14271,False,57
371,1.1461999999999999,3.14586,False,57
372,1.14245,6.08848,False,57
373,1.11087,1.12862,False,57
374,1.02993,7.04117,False,57
375,1.03569,3.12641,False,57
376,1.04321,1.09417,False,57
377,1.03991,1.0408,False,57
378,3.07607,3.13298,False,57
379,3.11704,1.06444,False,57
380,4.06184,3.06213,False,57
381,1.10015,1.14013,False,57
383,1.08777,5.11379,False,57
384,1.13046,5.04486,False,57
385,1.00972,5.14325,False,57
386,1.0657,5.10452,False,57
387,1.0114,4.05619,False,57
388,1.039,1.1054,False,57
389,1.01637,2.08702,False,57
390,1.01332,5.10053,False,57
391,1.01424,3.02287,False,57
394,1.0098,5.09413,False,57
395,5.09566,1.10345,False,57
396,5.06513,1.05208,False,57
397,5.1174,1.10052,False,57
398,5.07538,3.07619,False,57
403,1.07262,4.09727,False,57
404,5.14374,4.13249,False,57
405,5.03714,1.08293,False,57
406,1.02227,1.0,False,57
407,4.01882,3.05591,False,57
408,1.0,1.08303,True,57
412,5.00227,6.08271,False,57
413,5.00826,1.13784,False,57
414,5.05945,6.12794,False,57
415,5.00522,3.13645,False,57
416,3.09275,3.01891,False,57
417,1.13665,3.07174,False,57
418,5.03754,5.00168,False,57
419,3.12306,5.0247,False,57
420,3.01321,3.01018,False,57
421,3.14372,5.04463,False,57
422,1.14252,5.12144,False,57
423,1.12771,3.01059,False,57
425,1.04216,7.13513,False,57
426,1.07537,4.13237,False,57
427,1.0879,1.14253,False,57
428,3.05088,3.13258,False,57
429,3.06377,3.03759,False,57
1,1.10913,3.08354,False,58
3,1.04877,1.00294,False,58
5,1.07186,7.14672,False,58
6,1.13274,3.06857,False,58
7,1.00148,1.0,False,58
9,1.02612,1.14506,False,58
10,1.01818,1.04118,False,58
11,1.11402,1.0,False,58
13,1.12689,1.14203,False,58
17,1.04767,3.13045,False,58
18,1.06561,1.06171,False,58
19,1.0,3.01415,True,58
21,1.06529,3.06564,False,58
22,1.13072,1.12845,False,58
25,1.04048,4.0764,False,58
29,1.01805,1.13279,False,58
30,1.07149,1.12227,False,58
69,1.00136,4.13613,False,58
70,3.06448,3.09037,False,58
71,1.11774,3.06425,False,58
72,3.08093,3.12166,False,58
73,3.00752,3.06641,False,58
74,3.05242,3.04631,False,58
75,4.06046,3.14082,False,58
76,1.13682,3.04743,False,58
77,3.02511,1.14337,False,58
78,1.10734,3.1401,False,58
79,1.11783,1.1434,False,58
82,1.00691,4.12386,False,58
83,1.05205,3.02811,False,58
84,3.11664,1.0,False,58
85,1.0,1.03105,True,58
86,1.0,4.07332,True,58
91,1.05616,1.141,False,58
92,1.11875,1.14374,False,58
93,1.11258,3.09557,False,58
95,1.02844,1.13026,False,58
98,1.04041,5.1363199999999996,False,58
99,2.04101,5.10597,False,58
100,1.13608,6.13589,False,58
101,1.01572,3.1469,False,58
103,1.13987,5.03032,False,58
104,1.1191,5.12532,False,58
106,1.02547,5.02271,False,58
107,1.03092,6.08466,False,58
109,1.12454,4.0508,False,58
110,1.10178,3.11176,False,58
111,1.0067,3.03692,False,58
112,1.0630600000000001,2.04981,False,58
113,1.07511,3.09263,False,58
114,1.00358,1.13828,False,58
115,1.13545,1.13001,False,58
116,1.00063,3.04315,False,58
117,1.01898,1.14333,False,58
118,1.0203,3.07267,False,58
120,1.00023,4.01875,False,58
121,1.01391,1.14051,False,58
122,1.0018,1.13366,False,58
123,1.00205,1.1452499999999999,False,58
124,1.03215,7.01039,False,58
125,5.10804,4.14213,False,58
126,5.11239,5.08268,False,58
127,1.1368800000000001,4.01866,False,58
128,1.00771,5.11333,False,58
129,1.11376,5.12644,False,58
130,5.12744,5.07651,False,58
131,1.1318,1.10706,False,58
133,1.03795,1.14711,False,58
134,1.00399,1.12527,False,58
135,1.03444,1.13982,False,58
136,1.01945,1.05208,False,58
137,1.0,1.09469,True,58
139,1.02085,1.09811,False,58
140,1.00256,1.12611,False,58
141,1.08491,1.09207,False,58
142,1.09824,1.06423,False,58
143,1.00892,1.14314,False,58
144,1.0337,1.13955,False,58
145,5.14027,1.0,False,58
146,1.0,1.0,True,58
147,1.0147,1.0,False,58
148,1.0,1.0,True,58
149,1.0,3.11034,True,58
150,5.02266,1.0,False,58
151,1.0,1.10937,True,58
153,1.12268,1.13168,False,58
154,1.11021,5.08645,False,58
155,1.03832,3.05965,False,58
156,1.11827,1.11408,False,58
157,1.00014,1.12884,False,58
158,1.08778,3.14262,False,58
159,1.0212,3.12074,False,58
160,1.02444,3.00314,False,58
161,1.08392,3.07786,False,58
162,4.04845,4.07822,False,58
164,1.01773,7.04155,False,58
165,5.02933,1.14567,False,58
166,5.12543,5.02854,False,58
167,1.08596,1.05526,False,58
168,5.04852,1.0,False,58
169,5.07914,5.06468,False,58
173,1.08405,4.08063,False,58
175,1.06552,1.06487,False,58
176,1.05624,1.058,False,58
177,1.07614,5.0572,False,58
178,4.00705,6.01044,False,58
179,1.1455899999999999,5.12918,False,58
180,2.10111,5.06691,False,58
181,3.08415,5.04566,False,58
182,1.14426,5.01765,False,58
183,1.09583,5.12219,False,58
184,1.10074,7.1394400000000005,False,58
185,1.13403,5.1456,False,58
186,1.11214,7.07336,False,58
188,1.0054400000000001,5.13846,False,58
189,4.13994,6.02558,False,58
190,1.14435,3.11337,False,58
191,1.08552,5.14274,False,58
192,1.13553,5.03385,False,58
193,6.13561,5.01022,False,58
194,1.123,5.06951,False,58
195,1.13242,3.07143,False,58
197,1.00763,5.13835,False,58
198,1.07075,5.08609,False,58
199,1.1213899999999999,5.06909,False,58
200,1.11647,1.1246,False,58
201,1.04742,1.1381999999999999,False,58
202,7.03435,7.02766,False,58
203,4.1152,5.08957,False,58
204,1.08792,5.12182,False,58
206,1.0005,5.06329,False,58
207,1.1374900000000001,3.01001,False,58
208,1.04447,1.14626,False,58
209,3.00803,3.1131,False,58
210,3.03416,3.0613,False,58
211,3.12134,3.05226,False,58
212,1.0601099999999999,1.1437,False,58
213,1.10679,3.07945,False,58
216,1.1137299999999999,6.1130700000000004,False,58
217,1.13315,4.13437,False,58
218,1.12357,5.12423,False,58
219,1.13348,5.04564,False,58
222,1.14087,3.08798,False,58
225,4.01427,3.14131,False,58
226,1.07577,5.07838,False,58
227,4.08447,7.1285,False,58
229,3.11857,4.02329,False,58
230,3.08145,3.11326,False,58
233,1.00157,5.10935,False,58
234,3.0479,5.01324,False,58
235,3.11184,3.09994,False,58
236,1.11409,1.12596,False,58
237,1.12102,1.13354,False,58
242,1.00102,4.11199,False,58
243,1.08981,1.12928,False,58
251,4.12934,4.08211,False,58
252,1.13565,3.10851,False,58
253,1.01437,5.06354,False,58
254,1.02224,1.124,False,58
255,1.01119,3.04813,False,58
256,1.07412,5.00387,False,58
257,1.02021,5.14507,False,58
258,1.07257,3.05057,False,58
259,1.09056,1.12125,False,58
260,1.10315,1.1427,False,58
262,1.00043,6.08436,False,58
263,1.03755,1.14341,False,58
264,1.13097,4.12103,False,58
265,1.14334,1.14531,False,58
270,3.10196,1.1468,False,58
271,1.14113,3.1291,False,58
272,1.12099,1.11841,False,58
273,1.10318,1.09562,False,58
274,1.06678,1.12069,False,58
275,3.027,1.13786,False,58
280,1.0154,1.10955,False,58
289,1.04561,4.11745,False,58
290,1.12668,1.13484,False,58
291,1.1449,1.13079,False,58
292,1.06039,1.13342,False,58
293,5.00234,6.14725,False,58
294,5.00411,5.00518,False,58
295,5.03581,6.07714,False,58
296,5.06266,1.00643,False,58
297,1.12816,5.07436,False,58
298,1.0017,5.03794,False,58
299,1.078,4.01958,False,58
300,1.00887,5.0249,False,58
301,1.00057,3.14237,False,58
302,1.0166,5.1165,False,58
303,1.09852,3.11085,False,58
308,1.00216,6.05336,False,58
317,1.00497,5.05331,False,58
318,1.0856,6.09806,False,58
319,1.04977,5.13349,False,58
320,1.01335,5.01684,False,58
321,1.03268,4.10428,False,58
322,1.03404,3.0822599999999998,False,58
323,1.01379,3.05619,False,58
324,1.00727,3.02728,False,58
325,1.04268,5.08075,False,58
326,1.02673,3.14733,False,58
328,1.04002,5.08429,False,58
329,2.06498,6.06025,False,58
330,1.11586,5.10529,False,58
331,1.03067,3.13677,False,58
332,1.13711,5.11529,False,58
333,3.10668,5.08633,False,58
334,1.12109,1.13068,False,58
335,1.09881,5.04672,False,58
336,1.0518,5.09075,False,58
337,1.12864,5.08225,False,58
339,1.00801,5.09394,False,58
340,1.0,1.12878,True,58
341,1.0,5.09743,True,58
342,6.00331,1.10262,False,58
343,1.0,1.0,True,58
346,1.12448,5.12236,False,58
347,1.13562,6.00547,False,58
348,1.1045,5.02054,False,58
349,1.03317,5.06055,False,58
350,1.13981,4.01277,False,58
351,1.1384400000000001,5.0371,False,58
352,1.10162,4.09965,False,58
353,4.11546,7.06323,False,58
354,4.09451,5.105,False,58
355,1.0875,3.12372,False,58
357,1.05758,4.10295,False,58
358,1.07589,3.05695,False,58
359,1.11938,3.05574,False,58
361,1.07231,5.12475,False,58
363,5.11088,5.08994,False,58
364,5.06682,5.06461,False,58
365,1.0955,3.07047,False,58
366,1.12535,1.11636,False,58
367,5.05223,5.09172,False,58
370,1.10019,3.1365,False,58
371,1.1427100000000001,3.10511,False,58
372,1.14709,6.1164,False,58
373,1.08958,1.12388,False,58
374,1.06357,7.00912,False,58
375,1.14144,1.03504,False,58
376,1.00371,1.10987,False,58
377,1.13125,1.06748,False,58
378,3.07463,3.08189,False,58
379,3.02699,1.14401,False,58
380,4.02726,3.11124,False,58
381,1.12167,1.12521,False,58
383,1.09269,5.0982,False,58
384,1.12392,5.10282,False,58
385,1.012,5.06713,False,58
386,1.03856,5.13112,False,58
387,1.05885,4.10778,False,58
388,1.03414,1.13806,False,58
389,1.05831,2.03218,False,58
390,1.02552,5.11174,False,58
391,1.00003,3.12047,False,58
394,1.00602,5.12473,False,58
395,5.08249,1.10541,False,58
396,5.10158,1.07411,False,58
397,5.11268,1.0572300000000001,False,58
398,5.03313,3.04531,False,58
403,1.09733,4.10369,False,58
404,5.09146,4.0196,False,58
405,5.01946,1.14279,False,58
406,1.00943,1.1068,False,58
407,4.07952,3.10452,False,58
408,1.0,1.01016,True,58
412,5.00221,6.07874,False,58
413,5.00464,5.13402,False,58
414,5.01858,6.0824,False,58
415,5.0198,3.00383,False,58
416,3.06597,3.02068,False,58
417,1.13931,3.06606,False,58
418,5.07034,5.04952,False,58
419,3.12389,5.08931,False,58
420,3.04625,3.03664,False,58
421,3.07426,5.13396,False,58
422,1.1454,5.06465,False,58
423,1.0972,3.10378,False,58
425,1.02248,7.12839,False,58
426,1.07921,4.05926,False,58
427,1.08201,1.13675,False,58
428,3.0510099999999998,3.04061,False,58
429,3.11796,3.11695,False,58
1,1.10095,3.01246,False,59
3,1.01555,1.05126,False,59
5,1.06932,7.10443,False,59
6,1.06675,3.01567,False,59
7,1.00461,1.0,False,59
9,1.01237,1.14143,False,59
10,1.01482,1.00705,False,59
11,1.13168,1.0,False,59
13,1.11872,1.12483,False,59
17,1.04989,3.1266,False,59
18,1.05945,1.05225,False,59
19,1.0,3.04414,True,59
21,1.08854,3.06519,False,59
22,1.14208,1.14164,False,59
25,1.01822,1.14507,False,59
29,1.03855,1.14612,False,59
30,1.01534,1.14203,False,59
69,1.00474,4.06518,False,59
70,3.03406,3.01424,False,59
71,1.09557,3.1456,False,59
72,3.0446,3.0455,False,59
73,3.00097,3.13143,False,59
74,3.04767,7.10127,False,59
75,4.02474,3.14635,False,59
76,1.14721,1.13715,False,59
77,3.01105,1.13984,False,59
78,1.08991,3.00197,False,59
79,1.12699,3.04131,False,59
82,1.04776,4.11746,False,59
83,1.06491,3.0104,False,59
84,3.09064,1.0,False,59
85,1.08636,1.0,False,59
86,1.0,4.00665,True,59
91,1.04464,1.12396,False,59
92,1.09365,3.11027,False,59
93,1.12939,3.05403,False,59
95,1.083,1.14145,False,59
98,1.07976,5.09509,False,59
99,2.05297,5.07503,False,59
100,1.1229,6.02776,False,59
101,1.04489,3.07906,False,59
103,1.08609,5.09546,False,59
104,1.13506,5.11601,False,59
106,1.02762,5.13423,False,59
107,1.01959,6.08667,False,59
109,1.1317599999999999,4.05156,False,59
110,1.09896,3.06622,False,59
111,1.00339,3.14642,False,59
112,1.00582,2.07145,False,59
113,1.01826,3.102,False,59
114,1.00732,1.14153,False,59
115,1.0922,1.14685,False,59
116,1.00888,3.08139,False,59
117,1.0429,1.14245,False,59
118,1.06536,3.14332,False,59
120,1.00039,4.12989,False,59
121,1.00114,1.12123,False,59
122,1.00717,1.1401,False,59
123,1.00092,1.0872600000000001,False,59
124,1.0444,7.10532,False,59
125,5.02207,4.09512,False,59
126,5.04758,5.09192,False,59
127,1.09283,4.03071,False,59
128,1.09923,5.14252,False,59
129,1.1366,5.12302,False,59
130,5.08224,5.0614,False,59
131,1.12667,1.12404,False,59
133,1.00421,1.144,False,59
134,1.0049,1.13717,False,59
135,1.02531,1.1194,False,59
136,1.0081,1.1406100000000001,False,59
137,1.06843,1.01155,False,59
139,1.01728,1.10564,False,59
140,1.06787,1.12729,False,59
141,1.08377,1.05464,False,59
142,1.0,1.11368,True,59
143,1.09587,1.13495,False,59
144,1.07182,1.05257,False,59
145,1.0,5.00302,True,59
146,1.0,1.0,True,59
147,1.07055,1.0,False,59
148,1.0,1.0,True,59
149,1.0,3.00691,True,59
150,5.09376,1.0,False,59
151,1.10762,1.0,False,59
153,1.13926,1.14101,False,59
154,1.08301,5.00754,False,59
155,1.01503,3.03272,False,59
156,1.1011,3.01457,False,59
157,1.04314,1.13353,False,59
158,1.0911,3.11384,False,59
159,1.1393,3.02575,False,59
160,1.04039,3.09403,False,59
161,1.04783,3.13442,False,59
162,4.07212,4.13513,False,59
164,1.01965,7.1174,False,59
165,5.09867,1.04883,False,59
166,5.14067,5.11252,False,59
167,1.13316,1.05438,False,59
168,5.08048,1.0,False,59
169,5.13704,5.07643,False,59
173,1.09354,3.12847,False,59
175,1.04277,1.03946,False,59
176,1.06566,1.13486,False,59
177,1.12389,5.1178,False,59
178,4.00547,6.05689,False,59
179,1.13512,5.12862,False,59
180,2.0602,5.13382,False,59
181,3.04826,5.07946,False,59
182,1.11187,5.01882,False,59
183,1.11412,5.07235,False,59
184,1.10306,7.03323,False,59
185,1.13109,5.1449,False,59
186,1.1283,7.06228,False,59
188,1.00105,5.11156,False,59
189,4.1339,6.08809,False,59
190,1.1374,3.03427,False,59
191,1.10212,5.08147,False,59
192,1.12301,5.06364,False,59
193,6.06647,5.09685,False,59
194,1.1338,5.05862,False,59
195,1.14001,3.02384,False,59
197,1.0057,5.14374,False,59
198,1.11339,5.05631,False,59
199,1.11796,5.05094,False,59
200,1.14561,1.14465,False,59
201,1.11235,1.0878,False,59
202,7.02257,7.0084,False,59
203,4.02468,5.11536,False,59
204,1.06142,5.11511,False,59
206,1.00471,5.09747,False,59
207,1.14012,3.11116,False,59
208,1.05649,1.12935,False,59
209,3.01319,3.1332,False,59
210,3.02469,3.14104,False,59
211,3.09465,3.04977,False,59
212,1.08803,1.09226,False,59
213,1.0489,3.09677,False,59
216,1.11526,6.04099,False,59
217,1.1356600000000001,4.06367,False,59
218,1.12097,5.12651,False,59
219,1.14323,5.10208,False,59
222,1.10677,3.13816,False,59
225,4.01262,3.10917,False,59
226,1.10588,5.12251,False,59
227,4.08032,7.06937,False,59
229,3.11497,4.02848,False,59
230,3.07766,3.07812,False,59
233,1.00291,5.14037,False,59
234,3.04982,5.0894,False,59
235,3.0068,5.13113,False,59
236,1.03131,1.14372,False,59
237,1.11674,1.08022,False,59
242,1.03239,4.13065,False,59
243,1.05379,1.05584,False,59
251,4.0753,4.08323,False,59
252,1.14161,3.07735,False,59
253,1.00344,5.09929,False,59
254,1.07408,1.11709,False,59
255,1.02509,3.01255,False,59
256,1.05525,5.11354,False,59
257,1.00981,5.13089,False,59
258,1.05023,3.11484,False,59
259,3.03022,1.13658,False,59
260,1.02837,1.10935,False,59
262,1.00721,6.06981,False,59
263,1.04966,1.12874,False,59
264,1.1173,4.03422,False,59
265,1.13127,1.12644,False,59
270,3.01514,1.14123,False,59
271,1.08214,3.10052,False,59
272,1.12417,1.11303,False,59
273,1.07452,1.11715,False,59
274,1.11286,1.11377,False,59
275,3.00126,1.14263,False,59
280,1.00282,1.11399,False,59
289,1.05534,4.07295,False,59
290,1.13799,1.1469,False,59
291,1.13554,1.14233,False,59
292,1.0409,1.13329,False,59
293,5.00388,5.13331,False,59
294,5.00812,5.07273,False,59
295,5.01813,6.08744,False,59
296,5.00054,1.01699,False,59
297,1.1195,5.10316,False,59
298,1.01328,5.12548,False,59
299,1.03842,4.03662,False,59
300,1.08615,5.01985,False,59
301,1.08629,3.1346600000000002,False,59
302,1.09666,5.11689,False,59
303,1.00971,3.10496,False,59
308,1.00275,6.09136,False,59
317,1.02271,5.07724,False,59
318,1.11264,6.05436,False,59
319,1.0704,5.13453,False,59
320,1.08606,5.06012,False,59
321,1.02623,4.12552,False,59
322,1.03762,3.14498,False,59
323,1.00155,3.12948,False,59
324,1.00248,3.10838,False,59
325,1.00738,5.04487,False,59
326,1.04854,3.11427,False,59
328,1.06684,5.11257,False,59
329,1.12698,6.10338,False,59
330,1.11666,5.1442,False,59
331,1.07638,5.01673,False,59
332,1.11682,5.13072,False,59
333,3.10147,5.06983,False,59
334,1.10826,1.12649,False,59
335,1.12103,5.11944,False,59
336,1.09928,5.07912,False,59
337,1.06484,5.09426,False,59
339,1.03995,5.10363,False,59
340,1.0,1.03636,True,59
341,1.0,5.10839,True,59
342,6.00398,1.05781,False,59
343,1.0,1.0,True,59
346,1.10234,5.08639,False,59
347,1.13763,6.02551,False,59
348,1.099,5.06053,False,59
349,1.01077,5.08297,False,59
350,3.05949,4.11209,False,59
351,1.13985,5.13473,False,59
352,1.14492,4.03614,False,59
353,4.08249,7.03617,False,59
354,4.14533,5.12791,False,59
355,1.08659,3.08695,False,59
357,1.05864,4.10383,False,59
358,1.05056,3.00796,False,59
359,1.12487,3.10578,False,59
361,1.06581,5.05755,False,59
363,5.06348,5.05863,False,59
364,5.08968,5.03908,False,59
365,1.10119,3.11735,False,59
366,1.13765,1.14474,False,59
367,5.09421,5.12403,False,59
370,1.10679,3.14422,False,59
371,1.12784,3.1111,False,59
372,1.14687,6.01232,False,59
373,1.12585,1.14394,False,59
374,1.02782,7.1169,False,59
375,1.085,3.01838,False,59
376,1.0795,1.09964,False,59
377,1.07251,1.11965,False,59
378,3.04514,3.10213,False,59
379,3.09968,1.14231,False,59
380,4.04483,3.0994,False,59
381,1.14335,1.13784,False,59
383,1.01795,5.03882,False,59
384,1.12842,5.08053,False,59
385,1.0052,5.12473,False,59
386,1.03757,5.05169,False,59
387,1.00415,4.00488,False,59
388,1.02646,1.09997,False,59
389,1.00288,2.04541,False,59
390,1.04777,2.0301,False,59
391,1.0315,3.01234,False,59
394,1.06632,5.1179,False,59
395,5.14184,1.0307,False,59
396,5.05868,1.03877,False,59
397,5.13,1.07097,False,59
398,5.13128,3.14504,False,59
403,1.00094,4.13955,False,59
404,5.0391,4.11756,False,59
405,5.11606,1.1348,False,59
406,1.04068,1.0,False,59
407,4.01171,3.07234,False,59
408,1.0,1.02921,True,59
412,5.0102,6.12831,False,59
413,5.01104,5.14655,False,59
414,5.00873,6.13703,False,59
415,5.00138,3.00278,False,59
416,3.14246,3.077,False,59
417,1.13064,3.09596,False,59
418,5.01556,5.00263,False,59
419,3.04169,5.05654,False,59
420,3.10409,3.09659,False,59
421,3.13454,5.07673,False,59
422,3.0421,5.00389,False,59
423,1.13174,3.11579,False,59
425,1.08719,7.01761,False,59
426,1.08188,4.05766,False,59
427,1.09716,1.14552,False,59
428,3.08669,3.08532,False,59
429,3.01173,3.14171,False,59
1,1.10719,3.05415,False,60
3,1.11313,1.1345399999999999,False,60
5,1.04966,7.10288,False,60
6,1.04528,3.05648,False,60
7,1.02144,1.0,False,60
9,1.03261,1.141,False,60
10,1.03891,1.12401,False,60
11,1.00028,1.0,False,60
13,1.1291,1.12396,False,60
17,1.04865,3.04423,False,60
18,1.08346,1.06565,False,60
19,1.0,3.04585,True,60
21,1.05793,4.02235,False,60
22,1.13461,1.138,False,60
25,1.04793,4.10745,False,60
29,1.00481,1.14526,False,60
30,1.0582799999999999,1.13405,False,60
69,1.00508,4.08745,False,60
70,3.04305,3.11186,False,60
71,1.12151,3.08206,False,60
72,3.08713,3.13168,False,60
73,3.0067,3.09452,False,60
74,3.05183,7.06153,False,60
75,4.05594,3.14429,False,60
76,1.13625,1.14139,False,60
77,3.04454,1.14121,False,60
78,1.09844,3.03917,False,60
79,1.11038,3.07633,False,60
82,1.02478,4.13981,False,60
83,1.03525,1.11019,False,60
84,3.1323,1.0,False,60
85,1.0,1.08089,True,60
86,1.0,4.13383,True,60
91,1.06227,1.13882,False,60
92,1.09444,1.14662,False,60
93,1.11714,3.06282,False,60
95,1.03071,1.10939,False,60
98,1.0931,5.13,False,60
99,2.03706,5.05009,False,60
100,1.12365,6.10951,False,60
101,1.00176,3.12232,False,60
103,1.14477,5.14453,False,60
104,1.1398,5.12315,False,60
106,1.10717,5.11296,False,60
107,1.00081,6.0142,False,60
109,1.11488,4.03421,False,60
110,1.08593,3.1453,False,60
111,1.01651,3.09429,False,60
112,1.04073,2.01151,False,60
113,1.08806,3.12343,False,60
114,1.01878,1.14666,False,60
115,1.06972,1.13628,False,60
116,1.00858,3.00968,False,60
117,1.0602,1.14503,False,60
118,1.06451,3.14243,False,60
120,1.00236,4.05007,False,60
121,1.00011,1.13315,False,60
122,1.00103,1.14735,False,60
123,1.00596,1.11766,False,60
124,1.03715,7.13802,False,60
125,5.04889,4.03736,False,60
126,5.09777,5.03309,False,60
127,1.10756,4.07949,False,60
128,1.03265,5.11158,False,60
129,1.14704,5.1176,False,60
130,5.1273,5.10903,False,60
131,1.14648,1.08425,False,60
133,1.0162,1.14541,False,60
134,1.00957,1.10472,False,60
135,1.10327,1.13313,False,60
136,1.00218,1.14255,False,60
137,1.13846,1.0645,False,60
139,1.03206,1.09647,False,60
140,1.08505,1.06253,False,60
141,1.10649,1.0262,False,60
142,1.02568,1.02769,False,60
143,1.03029,1.13934,False,60
144,1.06102,1.08716,False,60
145,1.0,5.12717,True,60
146,1.0,1.0,True,60
147,1.11105,1.0,False,60
148,1.0,1.0,True,60
149,1.0,3.00198,True,60
150,5.12399,1.0,False,60
151,1.05137,1.0,False,60
153,1.1457600000000001,1.14361,False,60
154,1.11169,5.07191,False,60
155,1.02832,7.04406,False,60
156,1.05744,3.04752,False,60
157,1.00794,1.14551,False,60
158,1.10169,3.12688,False,60
159,1.03618,3.09059,False,60
160,1.07245,3.06518,False,60
161,1.04053,3.09608,False,60
162,4.10557,4.10181,False,60
164,1.02443,7.01506,False,60
165,5.07639,1.11862,False,60
166,5.10513,5.08209,False,60
167,1.05034,1.03412,False,60
168,5.01563,1.0,False,60
169,5.08588,5.05931,False,60
173,1.08871,4.11262,False,60
175,1.10137,1.09203,False,60
176,1.06666,1.04136,False,60
177,1.12857,5.11838,False,60
178,4.00128,6.12827,False,60
179,1.14692,5.10322,False,60
180,2.03132,5.03988,False,60
181,3.10478,5.0258,False,60
182,1.1438,5.06374,False,60
183,1.13296,5.1452,False,60
184,1.13064,7.13716,False,60
185,1.1243400000000001,5.08289,False,60
186,1.07818,7.14456,False,60
188,1.019,7.13426,False,60
189,4.11727,6.00007,False,60
190,1.12492,3.08507,False,60
191,1.13387,5.144,False,60
192,1.11939,5.06116,False,60
193,6.06916,5.05617,False,60
194,1.12656,5.0842,False,60
195,1.13034,3.05953,False,60
197,1.00412,5.1153,False,60
198,1.10334,5.02809,False,60
199,3.08018,4.10064,False,60
200,1.1217,1.1043,False,60
201,1.12174,5.1457,False,60
202,7.04253,7.11264,False,60
203,4.0517,5.09594,False,60
204,1.0596700000000001,5.11001,False,60
206,1.01657,5.05949,False,60
207,1.0973,3.11872,False,60
208,1.0546,1.14224,False,60
209,3.01143,3.13231,False,60
210,3.04836,3.13661,False,60
211,3.08141,3.05983,False,60
212,1.05202,1.08633,False,60
213,1.01901,3.0267,False,60
216,1.11983,6.10486,False,60
217,1.12112,4.03931,False,60
218,1.12175,5.0089,False,60
219,3.00219,5.09271,False,60
222,1.10786,3.09674,False,60
225,4.10853,3.11452,False,60
226,1.09677,5.00427,False,60
227,4.08786,7.10416,False,60
229,3.08055,4.01552,False,60
230,3.07747,3.06273,False,60
233,1.01503,5.10411,False,60
234,3.07592,5.14685,False,60
235,3.01175,3.00568,False,60
236,1.12652,1.06401,False,60
237,1.11994,1.07443,False,60
242,1.00155,4.10687,False,60
243,1.14286,1.12456,False,60
251,4.09717,4.12091,False,60
252,1.14573,3.11807,False,60
253,1.02508,5.02656,False,60
254,1.03424,1.00933,False,60
255,1.05576,3.14418,False,60
256,1.10574,5.04697,False,60
257,1.01038,5.09531,False,60
258,1.01025,3.09641,False,60
259,3.05987,1.10524,False,60
260,1.06808,1.10344,False,60
262,1.00223,6.09556,False,60
263,1.03597,1.14529,False,60
264,1.12864,4.08873,False,60
265,1.10663,1.13477,False,60
270,3.05213,1.14533,False,60
271,1.14051,3.10422,False,60
272,1.0547,1.10497,False,60
273,1.11923,1.11218,False,60
274,1.0913599999999999,1.14222,False,60
275,3.03882,1.13872,False,60
280,1.06629,1.07834,False,60
289,1.06648,4.01354,False,60
290,1.10657,1.14221,False,60
291,1.14318,1.13771,False,60
292,1.10388,1.13572,False,60
293,5.00284,5.10612,False,60
294,5.00934,5.14065,False,60
295,5.02548,6.1357,False,60
296,5.00637,5.06094,False,60
297,1.0956,5.11799,False,60
298,1.03828,5.09735,False,60
299,1.08133,4.0823,False,60
300,1.09712,5.14179,False,60
301,1.10118,3.06334,False,60
302,1.00782,5.11054,False,60
303,1.02465,3.14155,False,60
308,1.00317,6.05492,False,60
317,1.00778,5.00768,False,60
318,1.10256,6.11678,False,60
319,1.0275,5.13941,False,60
320,1.0752,5.11056,False,60
321,1.04659,4.05977,False,60
322,1.03446,3.12257,False,60
323,1.00059,3.1365,False,60
324,1.02836,3.06954,False,60
325,1.00309,5.01508,False,60
326,1.00181,3.02604,False,60
328,1.07697,5.11077,False,60
329,1.11927,6.01189,False,60
330,1.09098,5.10981,False,60
331,1.02145,3.13437,False,60
332,1.13194,5.11284,False,60
333,3.12667,5.10059,False,60
334,1.11934,1.12766,False,60
335,1.09667,5.11903,False,60
336,1.05182,5.08282,False,60
337,1.11654,5.05665,False,60
339,1.0235,5.05939,False,60
340,1.0,1.09881,True,60
341,1.0,5.11897,True,60
342,6.1214,1.11212,False,60
343,1.0,1.0,True,60
346,1.09786,5.01576,False,60
347,1.12924,6.06732,False,60
348,1.09962,5.12615,False,60
349,1.06087,5.00429,False,60
350,1.14682,4.11587,False,60
351,1.14511,5.09406,False,60
352,1.09464,4.01098,False,60
353,4.10409,7.10714,False,60
354,4.13709,5.05563,False,60
355,1.08308,3.1095,False,60
357,1.0653,4.02279,False,60
358,1.0723,3.10325,False,60
359,1.12588,3.05621,False,60
361,1.07819,5.09519,False,60
363,5.08014,5.07177,False,60
364,5.09403,5.0698,False,60
365,1.01489,3.10523,False,60
366,1.09045,1.07914,False,60
367,5.07896,5.06703,False,60
370,1.09592,3.12219,False,60
371,1.13327,3.14289,False,60
372,1.14349,6.05799,False,60
373,1.12063,1.13012,False,60
374,1.00234,7.06452,False,60
375,1.14564,3.12475,False,60
376,1.03177,1.1215,False,60
377,1.0672,1.13902,False,60
378,3.029,3.1203,False,60
379,3.02404,1.13138,False,60
380,4.01202,3.13413,False,60
381,1.09263,1.14142,False,60
383,1.04972,5.12059,False,60
384,1.12788,5.03398,False,60
385,1.00759,5.14373,False,60
386,1.02522,5.0314,False,60
387,1.02352,4.11343,False,60
388,1.03556,1.12636,False,60
389,1.04817,2.09178,False,60
390,1.02595,2.0574500000000002,False,60
391,1.00707,3.03348,False,60
394,1.02501,5.1081199999999995,False,60
395,5.06794,1.06522,False,60
396,5.09416,1.01487,False,60
397,5.07846,1.11279,False,60
398,5.01911,3.06221,False,60
403,1.00413,4.0761,False,60
404,5.00776,4.02727,False,60
405,5.01815,1.10245,False,60
406,1.03859,1.0,False,60
407,4.08695,3.02123,False,60
408,1.0,1.09243,True,60
412,5.00259,6.07601,False,60
413,5.00395,1.14233,False,60
414,5.04338,6.07727,False,60
415,5.01844,3.11647,False,60
416,3.12362,3.11405,False,60
417,1.14502,3.03388,False,60
418,5.09966,5.02107,False,60
419,3.14216,5.1188,False,60
420,3.08274,3.07389,False,60
421,3.01047,5.01766,False,60
422,3.08291,5.05273,False,60
423,1.12082,3.10606,False,60
425,1.0247,7.00084,False,60
426,1.07722,4.14424,False,60
427,1.10482,1.13675,False,60
428,3.06609,3.04567,False,60
429,3.00547,3.10823,False,60
1,1.10543,3.12631,False,61
3,1.10423,1.0367,False,61
5,1.01736,7.07829,False,61
6,1.06938,3.05128,False,61
7,1.017,1.0,False,61
9,1.00611,1.1354899999999999,False,61
10,1.03488,1.04277,False,61
11,1.11822,1.0,False,61
13,1.10432,1.13775,False,61
17,1.04323,3.03234,False,61
18,1.102,1.09612,False,61
19,1.0,3.10642,True,61
21,1.10057,3.09174,False,61
22,1.13744,1.14479,False,61
25,1.04949,4.1073,False,61
29,1.00339,1.14522,False,61
30,1.1253,1.11551,False,61
69,1.00529,4.11324,False,61
70,3.0032,3.12387,False,61
71,1.06285,3.11379,False,61
72,3.01689,3.0974,False,61
73,3.00317,3.07073,False,61
74,3.10166,3.07046,False,61
75,4.05251,3.12461,False,61
76,1.1269,3.03396,False,61
77,3.03246,1.12989,False,61
78,1.10058,3.03281,False,61
79,1.11644,3.04531,False,61
82,1.06222,4.0486,False,61
83,1.0931899999999999,3.09208,False,61
84,3.12644,1.0,False,61
85,1.0,1.06962,True,61
86,1.0,4.0576,True,61
91,1.05011,1.13681,False,61
92,1.06977,3.07398,False,61
93,1.12399,3.14085,False,61
95,1.01699,1.1251,False,61
98,1.08494,5.09672,False,61
99,2.06649,5.05021,False,61
100,1.09731,6.03658,False,61
101,1.03188,3.07035,False,61
103,1.14573,5.07208,False,61
104,1.12841,5.00442,False,61
106,1.06535,5.05163,False,61
107,1.05633,6.00736,False,61
109,1.11909,4.08717,False,61
110,1.11641,3.08542,False,61
111,1.00386,3.13906,False,61
112,1.0178,2.09273,False,61
113,1.11953,3.03092,False,61
114,1.01549,1.14721,False,61
115,1.11203,1.13822,False,61
116,1.03752,3.12528,False,61
117,1.03861,1.13939,False,61
118,1.01448,3.14249,False,61
120,1.00163,4.08678,False,61
121,1.0007,1.14419,False,61
122,1.00299,1.13546,False,61
123,1.01155,1.10929,False,61
124,1.02639,7.08969,False,61
125,5.05693,4.09428,False,61
126,5.03171,5.12863,False,61
127,1.04085,4.0302,False,61
128,1.01836,5.11976,False,61
129,1.14276,5.00485,False,61
130,5.08509,5.08344,False,61
131,1.01164,1.07355,False,61
133,1.00101,1.14512,False,61
134,1.0299,1.1474199999999999,False,61
135,1.00036,1.14158,False,61
136,1.01904,1.14322,False,61
137,1.0,1.03747,True,61
139,1.0154,1.1292,False,61
140,1.00271,1.0806499999999999,False,61
141,1.04338,1.03896,False,61
142,1.09766,1.12611,False,61
143,1.00182,1.14644,False,61
144,1.06369,1.11172,False,61
145,5.00726,1.0,False,61
146,1.0,1.0,True,61
147,1.09015,1.0,False,61
148,1.0,1.0,True,61
149,1.0,3.0556200000000002,True,61
150,5.01282,1.0,False,61
151,1.08118,1.0,False,61
153,1.12121,1.14238,False,61
154,1.08335,5.07532,False,61
155,1.03259,3.09202,False,61
156,1.0836,3.0512,False,61
157,1.01141,1.13292,False,61
158,1.01929,3.13903,False,61
159,1.06169,3.14624,False,61
160,1.05115,3.02499,False,61
161,1.13278,3.0823,False,61
162,4.1295,4.1142,False,61
164,1.01446,7.13185,False,61
165,5.05624,1.02602,False,61
166,5.13653,5.10571,False,61
167,1.05572,1.04298,False,61
168,5.05803,1.0,False,61
169,5.13086,5.06692,False,61
173,1.09536,4.09563,False,61
175,1.06147,1.11542,False,61
176,1.04644,1.13855,False,61
177,1.09384,5.14657,False,61
178,4.00412,6.02873,False,61
179,1.14469,5.11474,False,61
180,2.13417,5.10709,False,61
181,3.04281,5.10117,False,61
182,1.1455899999999999,5.0186,False,61
183,1.12427,5.05517,False,61
184,1.13526,7.05472,False,61
185,1.13313,5.14446,False,61
186,1.12025,7.088,False,61
188,1.004,5.14305,False,61
189,4.1363199999999996,6.09773,False,61
190,1.10941,3.06995,False,61
191,1.09222,5.11022,False,61
192,1.0914,5.02942,False,61
193,6.01523,5.03,False,61
194,1.13111,5.11933,False,61
195,1.10446,3.11676,False,61
197,1.03801,5.14418,False,61
198,1.12411,5.08252,False,61
199,3.02885,4.03065,False,61
200,1.14508,1.1256599999999999,False,61
201,1.12821,1.12747,False,61
202,7.06208,7.05383,False,61
203,4.04015,5.11709,False,61
204,1.10155,5.09166,False,61
206,1.00511,5.11395,False,61
207,1.11748,3.0728,False,61
208,1.10655,1.14341,False,61
209,3.01887,3.11978,False,61
210,3.01139,3.12864,False,61
211,3.12735,3.02928,False,61
212,1.08687,1.14481,False,61
213,1.08177,3.01763,False,61
216,1.10974,6.13333,False,61
217,1.14002,4.01217,False,61
218,1.13838,5.13382,False,61
219,3.03303,5.00215,False,61
222,1.0897000000000001,3.02836,False,61
225,4.08987,3.11099,False,61
226,1.10263,5.10364,False,61
227,4.03012,7.04348,False,61
229,3.11322,4.09207,False,61
230,3.06381,3.12801,False,61
233,1.00971,5.14001,False,61
234,3.03887,3.00901,False,61
235,3.05465,3.04705,False,61
236,1.05148,1.08059,False,61
237,1.04382,1.05595,False,61
242,1.00106,4.12684,False,61
243,1.12697,1.12112,False,61
251,4.1074,4.12494,False,61
252,1.13474,3.11958,False,61
253,1.00193,5.00954,False,61
254,1.01921,1.08563,False,61
255,1.0731,3.09611,False,61
256,1.08171,5.09308,False,61
257,1.00294,5.02791,False,61
258,1.07009,3.01329,False,61
259,3.04253,1.13581,False,61
260,1.06355,1.0789,False,61
262,1.00724,6.13518,False,61
263,1.1118,1.1360000000000001,False,61
264,1.10082,4.02017,False,61
265,1.12119,1.14426,False,61
270,3.06146,1.13475,False,61
271,1.08679,3.14038,False,61
272,1.08932,1.14668,False,61
273,1.12167,1.14492,False,61
274,1.07553,1.1343,False,61
275,3.00548,1.13147,False,61
280,1.01095,1.12574,False,61
289,1.05762,4.06779,False,61
290,1.13157,1.13067,False,61
291,1.13683,1.1377,False,61
292,1.06771,1.10412,False,61
293,5.00909,5.13444,False,61
294,5.02045,5.0204,False,61
295,5.02541,6.04812,False,61
296,5.04679,5.13827,False,61
297,1.09926,5.14684,False,61
298,1.02475,5.10962,False,61
299,1.09501,4.08148,False,61
300,1.05327,5.0696,False,61
301,1.01669,3.14353,False,61
302,1.00322,5.04569,False,61
303,1.00308,3.11201,False,61
308,1.00743,6.00878,False,61
317,1.03291,5.02744,False,61
318,1.12464,6.0273,False,61
319,1.0716,5.13434,False,61
320,1.00601,5.06185,False,61
321,1.03163,4.0321,False,61
322,1.00727,3.07133,False,61
323,1.0419100000000001,3.09588,False,61
324,1.00169,3.00383,False,61
325,1.03446,5.04112,False,61
326,1.06721,3.10812,False,61
328,1.07558,5.13148,False,61
329,1.14412,6.06601,False,61
330,1.07456,5.1321,False,61
331,1.0218,3.14046,False,61
332,1.11875,5.09012,False,61
333,3.0404,5.10647,False,61
334,1.06303,1.14528,False,61
335,1.07664,5.14288,False,61
336,1.0663,5.13928,False,61
337,1.01304,5.05585,False,61
339,1.13126,5.04721,False,61
340,1.0,1.0278100000000001,True,61
341,1.0,5.0401299999999996,True,61
342,6.05389,1.14604,False,61
343,1.0,1.0,True,61
346,1.03531,5.01028,False,61
347,1.13451,6.04727,False,61
348,1.09358,5.00667,False,61
349,1.03613,5.09693,False,61
350,1.11121,4.01047,False,61
351,1.1221700000000001,5.1259,False,61
352,1.12262,4.13579,False,61
353,4.11406,7.07611,False,61
354,4.06461,5.11287,False,61
355,1.08001,3.12961,False,61
357,1.05915,4.12958,False,61
358,1.08286,3.10487,False,61
359,1.12717,3.08205,False,61
361,1.07867,5.11832,False,61
363,5.09213,5.08208,False,61
364,5.07566,5.06268,False,61
365,1.08623,3.06276,False,61
366,1.09853,1.14607,False,61
367,5.04173,5.0601,False,61
370,1.10748,3.12394,False,61
371,1.12275,3.07337,False,61
372,1.14462,6.01792,False,61
373,1.1014599999999999,1.14054,False,61
374,1.01234,7.04415,False,61
375,1.12044,1.036,False,61
376,1.11439,1.1042,False,61
377,1.0323,1.00839,False,61
378,3.06757,3.10761,False,61
379,3.10742,1.13705,False,61
380,4.02368,3.09838,False,61
381,1.05278,1.13361,False,61
383,1.05143,5.1004,False,61
384,1.12295,5.13801,False,61
385,1.00257,5.13503,False,61
386,1.01871,5.00537,False,61
387,1.0466,4.02493,False,61
388,1.0005,1.11534,False,61
389,1.00121,2.04703,False,61
390,1.02585,5.08149,False,61
391,1.03145,3.07955,False,61
394,1.00392,5.09474,False,61
395,5.05719,1.1445400000000001,False,61
396,5.0579,1.02674,False,61
397,5.12787,1.13667,False,61
398,5.08545,3.03058,False,61
403,1.001,4.08039,False,61
404,5.029,4.09923,False,61
405,5.0487,1.12395,False,61
406,1.01364,1.0,False,61
407,4.04509,3.1346,False,61
408,1.0,1.06321,True,61
412,5.00312,6.0761,False,61
413,5.00108,5.14444,False,61
414,5.01303,6.04835,False,61
415,5.00201,3.01732,False,61
416,3.14651,3.02467,False,61
417,1.13555,3.12531,False,61
418,5.09412,5.05365,False,61
419,3.08155,5.06748,False,61
420,3.12248,3.06023,False,61
421,3.06997,5.0363,False,61
422,3.09299,5.14141,False,61
423,1.13178,3.05849,False,61
425,1.00704,7.0836500000000004,False,61
426,1.07587,4.14011,False,61
427,1.10277,1.13981,False,61
428,3.01912,3.06895,False,61
429,3.05064,3.13045,False,61
1,1.09953,3.09356,False,62
3,1.09477,1.05519,False,62
5,1.04036,7.02271,False,62
6,1.05435,3.02302,False,62
7,1.0301,1.0,False,62
9,1.0078,1.14656,False,62
10,1.00379,1.03042,False,62
11,1.13896,1.0,False,62
13,1.09292,1.1269,False,62
17,1.05816,3.00028,False,62
18,1.062,1.08003,False,62
19,1.0,3.02856,True,62
21,1.06929,3.06561,False,62
22,1.14158,1.14318,False,62
25,1.06148,1.11433,False,62
29,1.00275,1.13807,False,62
30,1.12801,1.14139,False,62
69,1.00011,4.11855,False,62
70,3.02124,3.08331,False,62
71,1.06495,3.02123,False,62
72,3.02138,3.1169000000000002,False,62
73,3.01571,3.02249,False,62
74,3.06848,3.06641,False,62
75,4.02805,3.12946,False,62
76,1.13571,3.1367,False,62
77,3.04857,1.14579,False,62
78,1.09072,3.12509,False,62
79,1.12404,3.11924,False,62
82,1.00905,4.07135,False,62
83,1.02891,3.13029,False,62
84,3.03778,1.0,False,62
85,1.0,1.13564,True,62
86,1.0,4.01992,True,62
91,1.03785,1.1464699999999999,False,62
92,1.11831,1.13235,False,62
93,1.1368800000000001,3.08343,False,62
95,1.03868,1.12797,False,62
98,1.08297,5.13123,False,62
99,2.06539,5.10892,False,62
100,1.12853,6.02786,False,62
101,1.02396,3.14136,False,62
103,1.09754,5.06827,False,62
104,1.06526,5.06656,False,62
106,1.06413,5.07315,False,62
107,1.04849,6.01251,False,62
109,1.13538,4.03158,False,62
110,1.1059,3.14258,False,62
111,1.00146,3.13173,False,62
112,1.05383,2.11173,False,62
113,1.08161,3.07685,False,62
114,1.04315,1.14002,False,62
115,1.07298,1.13474,False,62
116,1.0325,3.08869,False,62
117,1.02545,1.14445,False,62
118,1.09207,3.12105,False,62
120,1.0024,4.00301,False,62
121,1.00352,1.14728,False,62
122,1.00783,1.13983,False,62
123,1.00499,1.11762,False,62
124,1.01014,7.08876,False,62
125,5.03126,4.1435,False,62
126,5.07884,5.08685,False,62
127,1.13407,4.05392,False,62
128,1.043,5.11991,False,62
129,1.1212,5.06605,False,62
130,5.13193,5.12619,False,62
131,1.08245,1.1197,False,62
133,1.02022,1.14608,False,62
134,1.0179,1.13093,False,62
135,1.00159,1.14111,False,62
136,1.04876,1.1400000000000001,False,62
137,1.0,1.02502,True,62
139,1.06091,1.12372,False,62
140,1.0537,1.13337,False,62
141,1.01892,1.0453,False,62
142,1.00552,1.11793,False,62
143,1.05073,1.1402700000000001,False,62
144,1.03616,1.06088,False,62
145,5.06196,1.0,False,62
146,1.0,1.0,True,62
147,1.1161699999999999,1.0,False,62
148,1.0,1.0,True,62
149,1.0,3.03764,True,62
150,5.00767,1.0,False,62
151,1.0,1.03174,True,62
153,1.1434199999999999,1.14038,False,62
154,1.0914,5.13572,False,62
155,1.00786,7.00407,False,62
156,1.09589,1.14704,False,62
157,1.00089,1.13631,False,62
158,1.02895,3.05372,False,62
159,1.02004,3.0197599999999998,False,62
160,1.05164,3.06622,False,62
161,1.00014,3.02073,False,62
162,4.13059,4.13653,False,62
164,1.04249,7.00259,False,62
165,5.04869,1.11627,False,62
166,5.12047,5.09823,False,62
167,1.12673,1.0832,False,62
168,5.03153,1.0,False,62
169,5.11574,5.03914,False,62
173,1.06833,4.10855,False,62
175,1.04247,1.04083,False,62
176,1.13523,1.06834,False,62
177,1.12846,5.10911,False,62
178,4.01613,5.11087,False,62
179,1.14599,5.14124,False,62
180,2.12424,5.07067,False,62
181,3.08992,5.06647,False,62
182,1.12986,5.0127,False,62
183,1.12764,5.1244,False,62
184,1.12188,7.10176,False,62
185,1.14314,5.08091,False,62
186,1.11259,7.12456,False,62
188,1.00429,5.14601,False,62
189,4.1078,6.13936,False,62
190,3.03024,3.13937,False,62
191,1.06967,5.10513,False,62
192,1.0988,5.14208,False,62
193,6.00402,5.08131,False,62
194,1.14072,5.01362,False,62
195,1.04822,3.12,False,62
197,1.00495,5.13351,False,62
198,1.14481,5.00243,False,62
199,3.02128,4.11578,False,62
200,1.14569,1.13747,False,62
201,1.13842,1.13651,False,62
202,7.02426,7.13462,False,62
203,4.04954,5.14368,False,62
204,1.07934,5.06571,False,62
206,1.00897,5.12697,False,62
207,1.13037,3.03032,False,62
208,1.05883,1.14714,False,62
209,3.08286,3.09291,False,62
210,3.01115,3.11593,False,62
211,3.12321,3.02886,False,62
212,1.08412,1.12995,False,62
213,1.05203,3.11484,False,62
216,1.10514,6.11322,False,62
217,1.14043,4.11866,False,62
218,1.10271,5.12961,False,62
219,1.1326,5.05954,False,62
222,1.12154,3.05941,False,62
225,4.0091,3.14054,False,62
226,1.10403,5.04235,False,62
227,4.04261,7.06494,False,62
229,3.07078,4.04115,False,62
230,3.05578,3.12341,False,62
233,1.02775,5.12153,False,62
234,3.05422,5.07978,False,62
235,3.10234,3.03401,False,62
236,1.07758,1.08319,False,62
237,1.07535,1.13105,False,62
242,1.01347,4.13164,False,62
243,1.14657,1.10029,False,62
251,4.03424,4.11544,False,62
252,1.13949,3.07437,False,62
253,1.01907,5.035,False,62
254,1.06437,1.13919,False,62
255,1.01867,3.13942,False,62
256,1.0336,5.07156,False,62
257,1.05485,5.14033,False,62
258,1.00255,3.07016,False,62
259,1.06952,1.1335600000000001,False,62
260,1.06276,1.09877,False,62
262,1.00681,6.1328,False,62
263,1.01265,1.13068,False,62
264,1.05772,4.07754,False,62
265,1.13809,1.1446399999999999,False,62
270,3.04278,1.13574,False,62
271,1.10709,3.03953,False,62
272,1.13663,1.12469,False,62
273,1.10378,1.13641,False,62
274,1.1054599999999999,1.11406,False,62
275,3.10425,1.13449,False,62
280,1.01152,1.09869,False,62
289,1.07509,4.07218,False,62
290,1.10373,1.14132,False,62
291,1.14668,1.14736,False,62
292,1.08946,1.13117,False,62
293,5.00066,6.00113,False,62
294,5.00163,5.09691,False,62
295,5.00262,6.11139,False,62
296,5.00404,5.07017,False,62
297,1.08702,5.09819,False,62
298,1.07407,5.08061,False,62
299,1.0814300000000001,4.04299,False,62
300,1.08759,5.09946,False,62
301,1.06268,3.12092,False,62
302,1.12977,5.12698,False,62
303,1.07271,3.11949,False,62
308,1.00016,6.08643,False,62
317,1.00505,3.00381,False,62
318,1.11546,6.08882,False,62
319,1.02695,5.10179,False,62
320,1.02997,5.10001,False,62
321,1.00697,4.13956,False,62
322,1.04732,3.04215,False,62
323,1.02196,3.12542,False,62
324,1.01343,3.0205,False,62
325,1.09314,5.10749,False,62
326,1.02009,3.13618,False,62
328,1.06741,5.12493,False,62
329,2.04363,6.03535,False,62
330,1.0685,5.09708,False,62
331,1.04236,5.01831,False,62
332,1.11929,5.13127,False,62
333,3.13035,5.06563,False,62
334,1.11472,1.1384400000000001,False,62
335,1.10035,5.10973,False,62
336,1.11745,5.06904,False,62
337,1.09063,5.07715,False,62
339,1.05309,5.12512,False,62
340,1.0,1.03835,True,62
341,1.0,5.10533,True,62
342,6.14459,1.13101,False,62
343,1.0,1.0,True,62
346,1.1131199999999999,5.02893,False,62
347,1.13062,6.0146,False,62
348,1.08624,5.1295,False,62
349,1.03058,5.06977,False,62
350,3.03825,4.11291,False,62
351,1.14463,5.02645,False,62
352,1.13457,4.00426,False,62
353,4.08814,7.03103,False,62
354,4.13445,5.1036,False,62
355,1.06757,3.14004,False,62
357,1.05381,4.14377,False,62
358,1.07593,3.08842,False,62
359,1.13689,3.06586,False,62
361,1.0566,5.14093,False,62
363,5.05649,5.04898,False,62
364,5.06523,5.05369,False,62
365,1.0313,3.07618,False,62
366,1.11839,1.11071,False,62
367,5.0866,5.09045,False,62
370,1.11126,3.11486,False,62
371,1.13032,3.13205,False,62
372,1.14212,6.08884,False,62
373,1.10761,1.14404,False,62
374,1.00246,7.02523,False,62
375,1.0079,3.0976,False,62
376,1.01372,1.07931,False,62
377,1.07236,1.10629,False,62
378,3.10984,3.14436,False,62
379,3.12596,1.14634,False,62
380,4.11628,3.04381,False,62
381,1.11264,1.1296599999999999,False,62
383,1.05831,5.13208,False,62
384,1.14519,5.14037,False,62
385,1.00464,5.14261,False,62
386,1.07337,5.07304,False,62
387,1.00813,4.02941,False,62
388,1.02623,1.14339,False,62
389,1.01274,2.0598,False,62
390,1.01324,2.14507,False,62
391,1.075,3.09333,False,62
394,1.04646,5.05636,False,62
395,5.00298,1.08513,False,62
396,5.06449,1.08622,False,62
397,5.1399799999999995,1.0665499999999999,False,62
398,5.05006,3.11306,False,62
403,1.1117,4.13282,False,62
404,5.096,4.10193,False,62
405,5.04365,1.14028,False,62
406,1.06631,1.07235,False,62
407,4.07507,3.02067,False,62
408,1.0,1.05306,True,62
412,5.00338,6.06969,False,62
413,5.01183,5.06362,False,62
414,5.02349,6.07604,False,62
415,5.00745,3.06851,False,62
416,3.08359,3.04248,False,62
417,1.13906,3.11557,False,62
418,5.11538,5.10052,False,62
419,4.10304,3.07426,False,62
420,3.09616,3.08259,False,62
421,3.08223,5.11769,False,62
422,3.00371,5.1029,False,62
423,1.13136,3.04649,False,62
425,1.07179,7.01725,False,62
426,1.06474,4.12439,False,62
427,1.10801,1.14379,False,62
428,3.13752,3.08007,False,62
429,3.1276,3.13256,False,62
1,1.09628,3.1061,False,63
3,1.11992,1.03568,False,63
5,1.03534,7.04395,False,63
6,1.09482,3.0572,False,63
7,1.00954,1.0,False,63
9,1.0058,1.13006,False,63
10,1.08173,1.0041,False,63
11,1.14716,1.0,False,63
13,1.10807,1.11728,False,63
17,1.05725,3.12691,False,63
18,1.07582,1.1261700000000001,False,63
19,1.0,3.11317,True,63
21,1.08171,4.0883,False,63
22,1.12772,1.12557,False,63
25,1.02112,4.12392,False,63
29,1.00501,1.14707,False,63
30,1.12542,1.14224,False,63
69,1.00005,4.04025,False,63
70,3.03265,3.13452,False,63
71,1.07891,3.02764,False,63
72,3.07057,3.11242,False,63
73,3.00581,3.11559,False,63
74,3.0585,3.05214,False,63
75,4.08258,3.13247,False,63
76,1.14543,1.13774,False,63
77,3.08576,1.14304,False,63
78,1.1020699999999999,3.12285,False,63
79,1.13145,3.11043,False,63
82,1.12101,4.10338,False,63
83,1.12137,3.01869,False,63
84,3.08751,1.0,False,63
85,1.0,1.14679,True,63
86,1.0,4.1020199999999996,True,63
91,1.04681,1.14418,False,63
92,1.10304,3.11339,False,63
93,1.1406,3.02795,False,63
95,1.01057,1.11797,False,63
98,1.06995,5.13342,False,63
99,2.02863,5.09388,False,63
100,1.10871,6.04683,False,63
101,1.01699,3.11732,False,63
103,1.13547,5.02191,False,63
104,1.12699,5.07277,False,63
106,1.11867,5.06771,False,63
107,1.04145,6.01805,False,63
109,1.11815,4.04152,False,63
110,1.11025,3.14615,False,63
111,1.00344,3.12936,False,63
112,1.03365,2.02815,False,63
113,1.04789,3.04983,False,63
114,1.00033,1.13103,False,63
115,1.08167,1.13744,False,63
116,1.09384,3.10384,False,63
117,1.01425,1.14299,False,63
118,1.09174,3.11646,False,63
120,1.00254,4.10656,False,63
121,1.0017,1.14148,False,63
122,1.00844,1.13899,False,63
123,1.00894,1.14185,False,63
124,1.0392,7.10305,False,63
125,5.02653,4.14651,False,63
126,5.06991,5.08797,False,63
127,1.02343,4.11329,False,63
128,1.03886,5.08566,False,63
129,1.11585,5.12365,False,63
130,5.12314,5.08419,False,63
131,1.13498,1.06686,False,63
133,1.00003,1.14578,False,63
134,1.00649,1.13382,False,63
135,1.09315,1.1371,False,63
136,1.06366,1.12399,False,63
137,1.02183,1.00517,False,63
139,1.0262,1.04641,False,63
140,1.03372,1.13427,False,63
141,1.09281,1.03222,False,63
142,1.04337,1.02602,False,63
143,1.07723,1.12995,False,63
144,1.0496,1.12777,False,63
145,5.02874,1.0,False,63
146,1.0,1.0,True,63
147,1.05025,1.0,False,63
148,1.0,1.0,True,63
149,1.0,3.07276,True,63
150,5.06377,1.0,False,63
151,1.0,1.09193,True,63
153,1.13987,1.13829,False,63
154,1.10221,5.12092,False,63
155,1.02114,7.13948,False,63
156,1.09866,3.02348,False,63
157,1.00186,1.14558,False,63
158,1.03435,3.03045,False,63
159,1.03694,3.05859,False,63
160,1.02705,3.00738,False,63
161,1.01864,3.10179,False,63
162,4.12312,4.12453,False,63
164,1.01898,7.05432,False,63
165,5.14739,1.09816,False,63
166,5.11424,5.08523,False,63
167,1.03758,1.01987,False,63
168,5.04979,1.0,False,63
169,5.14368,5.10838,False,63
173,1.09996,3.11011,False,63
175,1.06872,1.06708,False,63
176,1.01792,1.08152,False,63
177,1.10005,5.14294,False,63
178,4.00499,5.11647,False,63
179,1.14279,5.11806,False,63
180,2.00722,5.10219,False,63
181,3.03465,5.09242,False,63
182,1.13681,5.00368,False,63
183,1.12971,5.06294,False,63
184,1.12669,7.12222,False,63
185,1.13482,5.00811,False,63
186,1.13894,7.08336,False,63
188,1.00194,7.00993,False,63
189,4.11006,6.02223,False,63
190,1.1409,3.11634,False,63
191,1.10655,5.10624,False,63
192,1.12152,5.10882,False,63
193,6.08018,5.02603,False,63
194,1.11886,5.10966,False,63
195,1.1176,3.12198,False,63
197,1.01691,5.1389,False,63
198,1.13929,5.00092,False,63
199,1.12633,5.07668,False,63
200,1.14239,1.12441,False,63
201,1.1365,1.12872,False,63
202,7.0351,7.02999,False,63
203,4.07156,5.07361,False,63
204,1.1047,5.03298,False,63
206,1.00222,5.0239,False,63
207,1.1253199999999999,3.08096,False,63
208,1.08262,1.1048499999999999,False,63
209,3.00349,3.09236,False,63
210,3.04909,3.13194,False,63
211,3.10383,3.08869,False,63
212,1.0944,1.13447,False,63
213,1.10183,3.12705,False,63
216,1.11775,6.08508,False,63
217,1.13201,4.11365,False,63
218,1.13668,5.05096,False,63
219,1.1406399999999999,5.06507,False,63
222,1.12035,3.09658,False,63
225,4.06349,3.0550100000000002,False,63
226,1.08602,5.13856,False,63
227,4.09536,7.01337,False,63
229,3.05512,4.00813,False,63
230,3.048,4.0774,False,63
233,1.01778,5.13347,False,63
234,3.07451,5.11114,False,63
235,3.04321,3.0224,False,63
236,1.01761,1.11327,False,63
237,1.08295,1.0724,False,63
242,1.00692,4.04008,False,63
243,1.14717,1.10795,False,63
251,4.10726,4.12621,False,63
252,1.11053,3.14644,False,63
253,1.00925,5.0061,False,63
254,1.01975,1.07089,False,63
255,1.01963,3.03524,False,63
256,1.05277,5.12892,False,63
257,1.01737,5.12013,False,63
258,1.05655,3.07436,False,63
259,3.13566,1.14296,False,63
260,1.084,1.13564,False,63
262,1.00019,6.02124,False,63
263,1.0008,1.14528,False,63
264,1.12832,4.01539,False,63
265,1.13294,1.14135,False,63
270,3.0339,1.14645,False,63
271,1.13425,3.13483,False,63
272,1.11671,1.13939,False,63
273,1.089,1.11804,False,63
274,1.12482,1.12402,False,63
275,3.00542,1.14409,False,63
280,1.04274,1.13769,False,63
289,1.03753,4.0894,False,63
290,1.09299,1.13755,False,63
291,1.14503,1.14196,False,63
292,1.07916,1.13809,False,63
293,5.00125,6.1421,False,63
294,5.01592,5.03379,False,63
295,5.04147,6.04733,False,63
296,5.03095,1.08406,False,63
297,1.08135,5.10548,False,63
298,1.04312,5.04662,False,63
299,1.09742,4.04663,False,63
300,1.08912,5.023,False,63
301,1.00656,3.08339,False,63
302,1.03739,5.09926,False,63
303,1.12502,3.11832,False,63
308,1.00301,6.0844,False,63
317,1.01156,3.07697,False,63
318,1.09428,6.02592,False,63
319,1.05012,5.12794,False,63
320,1.01965,5.1039,False,63
321,1.03578,4.07885,False,63
322,1.04556,3.02276,False,63
323,1.01079,3.076,False,63
324,1.07844,3.09323,False,63
325,1.09096,5.04136,False,63
326,1.01488,3.04046,False,63
328,1.07064,5.09644,False,63
329,1.14245,6.09576,False,63
330,1.11399,5.14207,False,63
331,1.1134,5.03054,False,63
332,1.13429,5.14103,False,63
333,3.06373,5.04235,False,63
334,1.07923,1.14577,False,63
335,1.09896,5.10182,False,63
336,1.08272,5.13719,False,63
337,1.11799,5.05653,False,63
339,1.05288,5.06613,False,63
340,1.0,1.10839,True,63
341,1.0,5.0157,True,63
342,6.08221,1.01883,False,63
343,1.0,1.0,True,63
346,1.12055,5.09346,False,63
347,1.1344400000000001,6.11739,False,63
348,1.11863,5.03455,False,63
349,1.07477,5.10189,False,63
350,1.1366,4.01084,False,63
351,1.14011,5.0736,False,63
352,1.04784,4.04869,False,63
353,4.00413,7.09368,False,63
354,4.13684,5.07749,False,63
355,1.05057,3.13315,False,63
357,1.04467,4.10909,False,63
358,1.06642,3.03973,False,63
359,1.12623,3.06476,False,63
361,1.08184,5.10491,False,63
363,5.06712,5.05674,False,63
364,5.11805,5.05698,False,63
365,1.05235,3.08991,False,63
366,1.12234,1.1152,False,63
367,5.07412,5.08757,False,63
370,1.09051,3.14603,False,63
371,1.14566,3.13303,False,63
372,1.14634,6.10653,False,63
373,1.07259,1.12594,False,63
374,1.00397,7.11268,False,63
375,1.021,1.13202,False,63
376,1.00961,1.11395,False,63
377,1.12445,1.04126,False,63
378,3.06714,3.12239,False,63
379,3.11587,1.12121,False,63
380,4.03496,3.01158,False,63
381,1.10159,1.13344,False,63
383,1.03966,5.14718,False,63
384,1.14009,5.13102,False,63
385,1.00719,5.14492,False,63
386,1.03586,5.13717,False,63
387,1.00685,4.10759,False,63
388,1.04411,1.13669,False,63
389,1.01189,2.10692,False,63
390,1.04143,5.1259,False,63
391,1.0077,3.06869,False,63
394,1.00467,5.08542,False,63
395,5.03118,1.12308,False,63
396,5.02273,1.0163,False,63
397,5.01211,1.11791,False,63
398,5.14295,3.0527,False,63
403,1.00865,4.12228,False,63
404,5.09915,4.05687,False,63
405,5.09643,1.0708199999999999,False,63
406,1.05535,1.0,False,63
407,4.05374,3.02707,False,63
408,1.0,1.08766,True,63
412,5.00461,6.12271,False,63
413,5.00567,5.1052,False,63
414,5.01918,6.07371,False,63
415,5.01637,3.02014,False,63
416,3.10288,3.02482,False,63
417,1.13791,3.03488,False,63
418,5.09376,5.06795,False,63
419,4.02242,3.13399,False,63
420,3.133,3.12495,False,63
421,3.09366,5.03551,False,63
422,3.07634,5.03123,False,63
423,1.1303,3.07714,False,63
425,1.00144,7.10431,False,63
426,1.06856,4.11781,False,63
427,1.09913,1.14629,False,63
428,3.1304,3.10589,False,63
429,3.00929,3.08465,False,63
1,1.10619,3.10476,False,64
3,1.07464,1.04109,False,64
5,1.04148,7.01625,False,64
6,1.11402,3.03717,False,64
7,1.00516,1.0,False,64
9,1.0152,1.09564,False,64
10,1.04667,1.14187,False,64
11,1.0638,1.0,False,64
13,1.07408,1.13853,False,64
17,1.04244,3.11024,False,64
18,1.05089,1.08867,False,64
19,1.0,3.06276,True,64
21,1.10659,4.06829,False,64
22,1.14276,1.14619,False,64
25,1.01016,4.11328,False,64
29,1.00496,1.14443,False,64
30,1.127,1.14558,False,64
69,1.00247,4.0489,False,64
70,3.02939,3.0243,False,64
71,1.09338,3.03526,False,64
72,3.07968,3.11633,False,64
73,3.04066,3.09687,False,64
74,3.03588,7.13489,False,64
75,4.07071,3.08304,False,64
76,1.1262,3.043,False,64
77,3.00293,1.13415,False,64
78,1.10383,4.10189,False,64
79,1.12958,3.05968,False,64
82,1.08173,4.12797,False,64
83,1.01035,3.03812,False,64
84,3.01131,1.0,False,64
85,1.0,1.04375,True,64
86,1.0,4.09246,True,64
91,1.04458,1.14295,False,64
92,1.12021,1.1386,False,64
93,1.13744,3.11834,False,64
95,1.01582,1.11008,False,64
98,1.05389,5.06476,False,64
99,2.0178,5.12122,False,64
100,1.1248,6.10396,False,64
101,1.0290300000000001,3.11171,False,64
103,1.13503,5.01942,False,64
104,1.11812,5.10287,False,64
106,1.09152,5.09823,False,64
107,1.01092,6.00976,False,64
109,1.13172,4.0632,False,64
110,1.12731,3.14714,False,64
111,1.00254,3.13846,False,64
112,1.01294,2.1272,False,64
113,1.10532,3.06768,False,64
114,1.00391,1.13508,False,64
115,1.06021,1.14677,False,64
116,1.01901,3.13347,False,64
117,1.03377,1.12584,False,64
118,1.05008,3.12765,False,64
120,1.00291,4.03576,False,64
121,1.00562,1.13301,False,64
122,1.00451,1.14644,False,64
123,1.03428,1.08958,False,64
124,1.02032,7.13323,False,64
125,5.03877,4.11335,False,64
126,5.11882,5.14489,False,64
127,1.04701,4.14267,False,64
128,1.04809,5.13379,False,64
129,1.14382,5.06468,False,64
130,5.14158,5.12119,False,64
131,1.0867499999999999,1.12866,False,64
133,1.0013,1.14497,False,64
134,1.00434,1.13798,False,64
135,1.02559,1.14152,False,64
136,1.04837,1.067,False,64
137,1.0,1.06718,True,64
139,1.0245,1.05477,False,64
140,1.01309,1.12965,False,64
141,1.1402,1.11102,False,64
142,1.04414,1.09796,False,64
143,1.01982,1.14182,False,64
144,1.11271,1.1125099999999999,False,64
145,1.0,5.02453,True,64
146,1.0,1.0,True,64
147,1.07187,1.0,False,64
148,1.0,1.0,True,64
149,1.0,3.10644,True,64
150,5.11863,1.0,False,64
151,1.0,1.01406,True,64
153,1.13494,1.13746,False,64
154,1.1078000000000001,5.01466,False,64
155,1.00959,7.02327,False,64
156,1.10026,1.14046,False,64
157,1.02267,1.14358,False,64
158,1.02477,3.04611,False,64
159,1.07318,3.06316,False,64
160,1.03149,3.0324,False,64
161,1.04068,3.00071,False,64
162,4.0877,4.09268,False,64
164,1.01683,7.06331,False,64
165,5.1435,1.13878,False,64
166,5.1159,5.10172,False,64
167,1.11241,1.03291,False,64
168,5.13363,1.0,False,64
169,5.14032,5.12413,False,64
173,1.08261,4.05473,False,64
175,1.03809,1.07536,False,64
176,1.11709,1.11554,False,64
177,1.12047,5.13662,False,64
178,4.02248,6.14191,False,64
179,1.14466,5.14274,False,64
180,2.00845,5.05107,False,64
181,3.03272,5.12292,False,64
182,1.14353,5.10381,False,64
183,1.07979,5.13118,False,64
184,1.13309,7.05329,False,64
185,1.13929,5.06362,False,64
186,1.11142,7.06518,False,64
188,1.00072,5.14467,False,64
189,4.12691,6.07537,False,64
190,1.12953,3.13716,False,64
191,1.07211,5.1357099999999996,False,64
192,1.1274899999999999,5.04593,False,64
193,6.11504,5.02116,False,64
194,1.13816,5.09558,False,64
195,1.14228,3.13516,False,64
197,1.01354,5.05899,False,64
198,1.13803,5.07052,False,64
199,3.09111,3.07224,False,64
200,1.14546,1.12328,False,64
201,1.14196,1.12507,False,64
202,7.04668,7.04564,False,64
203,4.02409,5.12233,False,64
204,1.11873,5.13119,False,64
206,1.00094,5.11035,False,64
207,1.10708,3.01394,False,64
208,1.0773,1.14699,False,64
209,3.04052,3.13245,False,64
210,3.06739,3.05521,False,64
211,3.09073,3.02007,False,64
212,1.08271,1.13919,False,64
213,1.07334,3.05372,False,64
216,1.12246,6.14093,False,64
217,1.13902,4.01875,False,64
218,1.13195,5.09539,False,64
219,1.14457,5.11158,False,64
222,1.12223,3.05051,False,64
225,4.07739,3.10354,False,64
226,1.09296,5.03484,False,64
227,4.14243,7.14627,False,64
229,3.08091,4.04591,False,64
230,3.09304,3.11896,False,64
233,1.01849,5.10815,False,64
234,3.05118,5.05443,False,64
235,3.11233,3.10552,False,64
236,1.0657,1.14374,False,64
237,1.02089,1.03972,False,64
242,1.00686,4.14111,False,64
243,1.07485,1.11775,False,64
251,4.1186,4.134,False,64
252,1.12695,3.07057,False,64
253,1.01183,5.06707,False,64
254,1.04755,1.12798,False,64
255,1.0194,3.0548,False,64
256,1.03988,5.02794,False,64
257,1.02639,5.01216,False,64
258,1.02587,3.01836,False,64
259,3.06944,1.13601,False,64
260,1.02565,1.12291,False,64
262,1.00016,6.07753,False,64
263,1.00585,1.1432,False,64
264,1.13538,4.03625,False,64
265,1.13651,1.1431,False,64
270,3.04726,1.12667,False,64
271,1.09887,3.13978,False,64
272,1.12645,1.1193,False,64
273,1.09652,1.14005,False,64
274,1.07078,1.13917,False,64
275,3.01988,1.13557,False,64
280,1.00622,1.14715,False,64
289,1.08219,4.0671,False,64
290,1.13432,1.14649,False,64
291,1.13965,1.13628,False,64
292,1.04766,1.13113,False,64
293,5.03837,6.08112,False,64
294,5.00146,5.05455,False,64
295,5.01021,6.02345,False,64
296,5.0278,1.0889,False,64
297,1.09063,5.13649,False,64
298,1.02068,5.11832,False,64
299,1.0625499999999999,4.04494,False,64
300,1.0648900000000001,5.14686,False,64
301,1.0659399999999999,3.04335,False,64
302,1.05162,5.10871,False,64
303,3.00499,3.08574,False,64
308,1.00502,6.12674,False,64
317,1.03975,5.06668,False,64
318,1.09938,6.11985,False,64
319,1.04913,5.14322,False,64
320,1.06501,2.00588,False,64
321,1.06852,4.03393,False,64
322,1.01554,3.01668,False,64
323,1.03305,3.05626,False,64
324,1.02529,3.09871,False,64
325,1.11384,5.11346,False,64
326,1.01402,3.10818,False,64
328,1.07413,5.14132,False,64
329,1.1283,6.03199,False,64
330,1.1046,5.14529,False,64
331,1.04812,5.10157,False,64
332,1.14081,5.0761,False,64
333,3.05497,5.14148,False,64
334,1.12231,1.13711,False,64
335,1.12206,5.05339,False,64
336,1.06236,5.1365,False,64
337,1.09287,5.05002,False,64
339,1.09183,5.03513,False,64
340,1.0,1.11448,True,64
341,1.0,5.06154,True,64
342,6.08663,1.08005,False,64
343,1.0,1.0,True,64
346,1.10153,3.03922,False,64
347,1.12819,6.00421,False,64
348,1.08905,5.04792,False,64
349,1.00778,5.14666,False,64
350,1.14199,4.14328,False,64
351,1.14265,5.08225,False,64
352,1.13555,4.08436,False,64
353,4.06901,7.11579,False,64
354,4.14223,5.11923,False,64
355,1.03905,3.12365,False,64
357,1.06644,4.13411,False,64
358,1.02319,3.13598,False,64
359,1.12827,3.1424,False,64
361,1.05462,5.07208,False,64
363,5.08653,5.05487,False,64
364,5.10838,5.10511,False,64
365,1.0123,3.07065,False,64
366,1.06896,1.12979,False,64
367,5.05582,5.10394,False,64
370,1.08926,3.1003600000000002,False,64
371,1.14528,3.07335,False,64
372,1.14564,6.03196,False,64
373,1.14174,1.14115,False,64
374,1.01811,7.08437,False,64
375,1.1053,3.10582,False,64
376,1.03319,1.10829,False,64
377,1.13667,1.07323,False,64
378,3.06806,3.08418,False,64
379,3.04899,1.11998,False,64
380,4.0102,3.09649,False,64
381,1.09935,1.07935,False,64
383,1.10457,5.13896,False,64
384,1.14511,5.10899,False,64
385,1.00863,5.12321,False,64
386,1.01422,5.10148,False,64
387,1.0497,4.00685,False,64
388,1.00346,1.11656,False,64
389,1.01618,2.14723,False,64
390,1.01821,2.01217,False,64
391,1.01169,3.13885,False,64
394,1.02058,5.0802,False,64
395,5.12072,1.09638,False,64
396,5.07872,1.14095,False,64
397,5.08509,1.10531,False,64
398,5.0333,3.0539,False,64
403,1.0969,4.06821,False,64
404,5.05183,4.04806,False,64
405,5.09117,1.13952,False,64
406,1.04614,1.02535,False,64
407,4.13374,3.08713,False,64
408,1.0,1.11463,True,64
412,5.00273,6.12323,False,64
413,5.00999,5.11034,False,64
414,5.01348,6.13675,False,64
415,5.05546,3.05476,False,64
416,3.11581,3.11358,False,64
417,1.13491,3.04146,False,64
418,5.03025,5.02536,False,64
419,4.07776,3.0611,False,64
420,3.05555,3.05548,False,64
421,3.10814,5.02201,False,64
422,3.09423,3.02014,False,64
423,1.10663,3.08802,False,64
425,1.03118,1.0956,False,64
426,1.09323,4.13562,False,64
427,1.10002,1.13761,False,64
428,3.09506,3.07878,False,64
429,3.07262,3.07775,False,64
1,1.08022,3.06702,False,65
3,1.01863,1.01719,False,65
5,1.03063,7.01708,False,65
6,1.0931899999999999,3.00324,False,65
7,1.04565,1.0,False,65
9,1.019,1.13103,False,65
10,1.10598,1.05129,False,65
11,1.07349,1.0,False,65
13,1.08422,1.11387,False,65
17,1.04849,4.09267,False,65
18,1.05233,1.09888,False,65
19,1.0,3.03099,True,65
21,1.07085,4.04032,False,65
22,1.14519,1.1308799999999999,False,65
25,1.03449,4.09239,False,65
29,1.00211,1.13869,False,65
30,1.10898,1.12038,False,65
69,1.00785,4.13232,False,65
70,3.02189,3.08628,False,65
71,1.08818,3.12601,False,65
72,3.04999,3.112,False,65
73,3.02542,3.03563,False,65
74,3.04457,3.03725,False,65
75,4.03742,3.1428599999999998,False,65
76,1.14046,3.14096,False,65
77,3.00669,1.1256599999999999,False,65
78,1.09123,4.09361,False,65
79,1.12206,3.07866,False,65
82,1.00961,4.10725,False,65
83,1.03335,3.00707,False,65
84,3.13997,1.0,False,65
85,1.03047,1.0,False,65
86,1.0,4.10835,True,65
91,1.0607,1.14377,False,65
92,1.11225,3.07694,False,65
93,1.11579,3.00247,False,65
95,1.04237,1.11132,False,65
98,1.05939,5.13537,False,65
99,2.03357,5.05847,False,65
100,1.12433,6.09282,False,65
101,1.03568,3.0768,False,65
103,1.14597,5.08803,False,65
104,1.08415,5.07718,False,65
106,1.13461,5.14372,False,65
107,1.06345,6.00251,False,65
109,1.08857,4.008,False,65
110,1.12183,3.10695,False,65
111,1.01913,3.13282,False,65
112,1.00019,2.06736,False,65
113,1.10167,3.1171699999999998,False,65
114,1.01528,1.14682,False,65
115,1.07351,1.11898,False,65
116,1.0057,3.106,False,65
117,1.01277,1.14056,False,65
118,1.04507,3.11905,False,65
120,1.00048,4.09621,False,65
121,1.00104,1.13042,False,65
122,1.00066,1.13734,False,65
123,1.00366,1.12305,False,65
124,1.00718,7.12636,False,65
125,5.09905,4.11289,False,65
126,5.04659,5.04319,False,65
127,1.14168,4.07019,False,65
128,1.01323,5.00219,False,65
129,1.1139000000000001,5.13374,False,65
130,5.14035,5.10298,False,65
131,1.08059,1.11012,False,65
133,1.03286,1.1463700000000001,False,65
134,1.01309,1.13601,False,65
135,1.00726,1.1434,False,65
136,1.00154,1.13836,False,65
137,1.0,1.04151,True,65
139,1.07302,1.04954,False,65
140,1.00834,1.13334,False,65
141,1.05475,1.11554,False,65
142,1.0185,1.14424,False,65
143,1.00337,1.1362700000000001,False,65
144,1.01465,1.104,False,65
145,5.08183,1.0,False,65
146,1.0,1.0,True,65
147,1.05738,1.0,False,65
148,1.0,1.0,True,65
149,1.0,3.0647,True,65
150,5.11915,1.0,False,65
151,1.12632,1.0,False,65
153,1.11156,1.12767,False,65
154,1.09485,5.03321,False,65
155,1.0114,7.08104,False,65
156,1.08725,3.09843,False,65
157,1.00224,1.14664,False,65
158,1.04173,3.11087,False,65
159,1.01201,3.03084,False,65
160,1.0253,3.09694,False,65
161,1.13309,3.00486,False,65
162,4.11258,4.10294,False,65
164,1.01025,7.12662,False,65
165,5.06405,1.09878,False,65
166,5.08223,5.05418,False,65
167,1.1363699999999999,1.01792,False,65
168,5.0315,1.0,False,65
169,5.1384,5.11455,False,65
173,1.0854300000000001,4.02028,False,65
175,1.07226,1.06869,False,65
176,1.08037,1.12073,False,65
177,1.1155599999999999,5.11749,False,65
178,4.00625,5.14016,False,65
179,1.14626,5.13341,False,65
180,2.08546,5.006,False,65
181,3.11818,5.13067,False,65
182,1.1454900000000001,5.02327,False,65
183,1.10213,5.04603,False,65
184,1.13622,7.06341,False,65
185,1.13956,5.03291,False,65
186,1.1109499999999999,7.06173,False,65
188,1.00168,5.14091,False,65
189,4.08724,6.12992,False,65
190,3.09096,3.12182,False,65
191,1.11469,5.12203,False,65
192,1.08393,5.04593,False,65
193,6.01779,5.05119,False,65
194,1.13635,5.12887,False,65
195,1.13669,3.04997,False,65
197,1.00664,5.10975,False,65
198,1.09821,5.04252,False,65
199,1.14174,5.04475,False,65
200,1.14567,1.13654,False,65
201,1.11875,1.11787,False,65
202,7.04432,7.11519,False,65
203,1.13306,5.07583,False,65
204,1.07147,5.12084,False,65
206,1.00216,5.10336,False,65
207,1.10724,3.02527,False,65
208,1.05493,1.13477,False,65
209,3.01403,3.13824,False,65
210,3.09999,3.12582,False,65
211,3.03237,3.02277,False,65
212,1.11366,1.12211,False,65
213,1.0588,3.03135,False,65
216,1.11874,6.03517,False,65
217,1.12939,4.00974,False,65
218,1.10966,5.12179,False,65
219,3.01721,5.07982,False,65
222,1.09691,3.049,False,65
225,4.00558,3.12596,False,65
226,1.09916,5.07217,False,65
227,4.04267,7.10367,False,65
229,3.10052,4.1339500000000005,False,65
230,3.10617,3.12686,False,65
233,1.0061,5.13023,False,65
234,3.00682,5.09147,False,65
235,3.06488,3.048,False,65
236,1.1238,1.04,False,65
237,1.09379,1.06867,False,65
242,1.00317,4.00804,False,65
243,1.14058,1.12467,False,65
251,4.08386,4.08352,False,65
252,1.12154,3.1181200000000002,False,65
253,1.00127,5.12871,False,65
254,1.00829,1.03938,False,65
255,1.00668,3.02233,False,65
256,1.06651,5.08107,False,65
257,1.0021,5.08943,False,65
258,1.02113,3.13026,False,65
259,3.01402,1.14326,False,65
260,1.07965,1.05616,False,65
262,1.00275,6.13705,False,65
263,1.01267,1.12393,False,65
264,1.13992,4.12704,False,65
265,1.13379,1.14583,False,65
270,3.04542,1.14084,False,65
271,1.1243400000000001,3.13842,False,65
272,1.10601,1.14456,False,65
273,1.1332200000000001,1.12361,False,65
274,1.09413,1.12449,False,65
275,3.02011,1.13129,False,65
280,1.00822,1.13342,False,65
289,1.07472,4.10814,False,65
290,1.10334,1.14522,False,65
291,1.14562,1.14735,False,65
292,1.05873,1.13455,False,65
293,5.01718,6.08787,False,65
294,5.02252,5.08805,False,65
295,5.04449,6.00994,False,65
296,5.03649,1.02786,False,65
297,1.08737,5.12984,False,65
298,1.0576,5.14381,False,65
299,1.09199,4.04468,False,65
300,1.00756,5.05084,False,65
301,1.05818,3.10593,False,65
302,1.05171,5.08858,False,65
303,3.103,3.13495,False,65
308,1.03085,6.13748,False,65
317,1.00868,5.09546,False,65
318,1.0973,6.03461,False,65
319,1.07315,5.14447,False,65
320,1.05143,5.03826,False,65
321,1.02466,4.13037,False,65
322,1.03686,3.09115,False,65
323,1.00978,3.05725,False,65
324,1.03317,3.04225,False,65
325,1.03362,5.14718,False,65
326,1.02574,3.06569,False,65
328,1.09287,5.08842,False,65
329,1.13871,6.06102,False,65
330,1.12176,5.1274,False,65
331,1.0615,5.01932,False,65
332,1.12937,5.07651,False,65
333,3.14676,5.14142,False,65
334,1.13765,1.14379,False,65
335,1.12676,5.12719,False,65
336,1.0219,5.11383,False,65
337,1.12846,5.14536,False,65
339,1.02533,5.14729,False,65
340,1.0,1.04624,True,65
341,1.0,5.09765,True,65
342,6.04552,1.02395,False,65
343,1.0,1.0,True,65
346,1.06952,5.01043,False,65
347,1.13472,6.02157,False,65
348,1.11278,5.00894,False,65
349,1.01448,5.05496,False,65
350,3.06958,4.12567,False,65
351,1.13546,5.02761,False,65
352,1.09826,4.01658,False,65
353,4.06804,7.08994,False,65
354,4.12412,5.13164,False,65
355,1.07343,3.13519,False,65
357,1.05494,4.08214,False,65
358,1.06327,3.14578,False,65
359,1.12808,3.06591,False,65
361,1.07252,5.01541,False,65
363,5.11578,5.07805,False,65
364,5.12462,5.1107,False,65
365,1.05801,3.07129,False,65
366,1.09231,1.11123,False,65
367,5.01328,5.06164,False,65
370,1.1068500000000001,3.14671,False,65
371,1.13097,3.11331,False,65
372,1.1423,6.14073,False,65
373,1.10065,1.1157,False,65
374,1.01299,7.05278,False,65
375,1.064,1.14398,False,65
376,1.00205,1.1075,False,65
377,1.10782,1.07558,False,65
378,3.09525,3.1405,False,65
379,3.10893,1.12341,False,65
380,4.04204,3.0913,False,65
381,1.05776,1.08549,False,65
383,1.0384,5.10796,False,65
384,2.00871,5.11395,False,65
385,1.02224,5.12599,False,65
386,1.00616,5.05899,False,65
387,1.00982,4.02877,False,65
388,1.01174,1.14352,False,65
389,1.03259,2.04785,False,65
390,1.01609,5.02981,False,65
391,1.04913,3.14542,False,65
394,1.01556,5.13775,False,65
395,5.10836,1.0949200000000001,False,65
396,5.10973,1.0096,False,65
397,5.08633,1.09195,False,65
398,5.0888,3.08079,False,65
403,1.04423,4.01056,False,65
404,5.08525,4.14448,False,65
405,5.00818,1.03617,False,65
406,1.00825,1.0,False,65
407,4.02124,3.09773,False,65
408,1.0,1.05427,True,65
412,5.00628,6.11386,False,65
413,5.01138,5.12922,False,65
414,5.00333,6.05406,False,65
415,5.01492,3.11763,False,65
416,3.1368,3.0646,False,65
417,1.14571,3.01705,False,65
418,5.02167,5.01757,False,65
419,4.02468,3.02211,False,65
420,3.08072,3.04372,False,65
421,3.14406,5.01192,False,65
422,3.00071,5.01143,False,65
423,1.09949,3.11173,False,65
425,1.00191,7.11048,False,65
426,1.0814,4.13778,False,65
427,1.09263,1.13831,False,65
428,3.06809,3.04201,False,65
429,3.06347,3.13336,False,65
1,1.0926,3.0647,False,66
3,1.0360800000000001,1.00724,False,66
5,1.04975,7.05786,False,66
6,1.07168,3.08276,False,66
7,1.02786,1.0,False,66
9,1.01486,1.14017,False,66
10,1.00849,1.14494,False,66
11,1.01751,1.0,False,66
13,1.12785,1.14477,False,66
17,1.04672,3.13423,False,66
18,1.03926,1.08067,False,66
19,1.0,3.01982,True,66
21,1.08221,3.09939,False,66
22,1.14512,1.14032,False,66
25,1.0419100000000001,1.12961,False,66
29,1.0204,1.141,False,66
30,1.0731600000000001,1.13804,False,66
69,1.00066,4.1063,False,66
70,3.03585,3.13179,False,66
71,1.0669,1.14487,False,66
72,3.0744,3.08945,False,66
73,3.01295,3.08668,False,66
74,3.099,3.09134,False,66
75,4.04828,3.06281,False,66
76,1.1446399999999999,3.04282,False,66
77,3.01137,1.14623,False,66
78,1.10011,4.12744,False,66
79,1.13069,3.14079,False,66
82,1.03433,4.09342,False,66
83,1.10552,3.04169,False,66
84,3.06586,1.0,False,66
85,1.09447,1.0,False,66
86,1.0,4.14728,True,66
91,1.03777,1.12528,False,66
92,1.10801,1.14339,False,66
93,1.12435,3.09851,False,66
95,1.08186,1.11654,False,66
98,1.0998,5.0245,False,66
99,2.02992,5.08551,False,66
100,1.11932,6.06138,False,66
101,1.09537,3.14184,False,66
103,1.12757,5.12347,False,66
104,1.12037,5.06121,False,66
106,1.13384,5.08616,False,66
107,1.03908,6.09586,False,66
109,1.13543,4.04127,False,66
110,1.10966,3.14662,False,66
111,1.03304,3.14162,False,66
112,1.01993,2.07074,False,66
113,1.05863,3.13626,False,66
114,1.00568,1.13041,False,66
115,1.0626,1.1467,False,66
116,1.0149,3.1054,False,66
117,1.06746,1.13013,False,66
118,1.04844,3.11474,False,66
120,1.0016,4.14598,False,66
121,1.01549,1.14328,False,66
122,1.00687,1.14415,False,66
123,1.01788,1.101,False,66
124,1.02798,7.13062,False,66
125,5.02832,4.13201,False,66
126,5.06115,5.12105,False,66
127,1.14155,4.03851,False,66
128,1.03129,5.08549,False,66
129,1.10916,5.02909,False,66
130,5.09754,5.09581,False,66
131,1.09925,1.08962,False,66
133,1.00174,1.14238,False,66
134,1.00039,1.14634,False,66
135,1.014,1.14031,False,66
136,1.0056,1.14161,False,66
137,1.0,1.13172,True,66
139,1.05034,1.14278,False,66
140,1.05803,1.10852,False,66
141,1.02934,1.0317,False,66
142,1.0,1.12689,True,66
143,1.05765,1.13473,False,66
144,1.1302,1.0173,False,66
145,1.0,5.13426,True,66
146,1.0,1.0,True,66
147,1.13999,1.0,False,66
148,1.0,1.0,True,66
149,1.0,3.06995,True,66
150,5.14146,1.0,False,66
151,1.0,1.04535,True,66
153,1.1307,1.14288,False,66
154,1.11863,5.10405,False,66
155,1.02539,3.03567,False,66
156,1.09027,1.13222,False,66
157,1.01254,1.13835,False,66
158,1.01634,3.10071,False,66
159,1.00073,3.0311,False,66
160,1.03101,3.00131,False,66
161,1.03617,3.05294,False,66
162,4.08557,4.14536,False,66
164,1.00747,7.06486,False,66
165,5.01279,1.06881,False,66
166,5.09556,5.01692,False,66
167,1.12479,1.10162,False,66
168,5.07948,1.0,False,66
169,5.11538,5.0686,False,66
173,1.08508,4.06806,False,66
175,1.05866,1.05381,False,66
176,1.1299299999999999,1.12498,False,66
177,1.11007,5.10329,False,66
178,4.02158,6.06407,False,66
179,1.1463,5.1434,False,66
180,2.00456,5.10822,False,66
181,3.04264,5.1439,False,66
182,1.14743,5.021,False,66
183,1.1102400000000001,5.13583,False,66
184,1.14443,7.03504,False,66
185,1.11773,5.12183,False,66
186,1.1185100000000001,7.01563,False,66
188,1.00043,7.04963,False,66
189,4.08723,6.03414,False,66
190,3.09594,3.13103,False,66
191,1.0488,5.12313,False,66
192,1.09278,5.09158,False,66
193,6.11078,5.01186,False,66
194,1.10758,5.10942,False,66
195,1.13182,3.03519,False,66
197,1.00238,5.09585,False,66
198,1.11427,5.08094,False,66
199,1.11943,5.02581,False,66
200,1.1444,1.11772,False,66
201,1.13597,1.12301,False,66
202,7.04545,7.04161,False,66
203,4.08823,5.09552,False,66
204,1.05467,5.06056,False,66
206,1.00195,5.00107,False,66
207,1.11939,3.09987,False,66
208,1.05229,1.11714,False,66
209,3.0587,3.1262,False,66
210,3.00468,3.09519,False,66
211,3.06921,3.05197,False,66
212,1.06402,1.12608,False,66
213,1.09321,3.00081,False,66
216,1.11087,6.09465,False,66
217,1.14151,4.03884,False,66
218,1.119,5.0624,False,66
219,1.1144,5.05153,False,66
222,1.09388,3.14738,False,66
225,4.07186,3.14656,False,66
226,1.10977,5.0829,False,66
227,4.01668,7.09224,False,66
229,3.10569,4.06491,False,66
230,3.0736,4.08176,False,66
233,1.0416,5.109,False,66
234,3.02203,5.14593,False,66
235,3.05558,5.02152,False,66
236,1.06203,1.14287,False,66
237,1.0964,1.13649,False,66
242,1.02318,4.07747,False,66
243,1.12833,1.12601,False,66
251,4.10233,4.09738,False,66
252,1.14135,3.13763,False,66
253,1.00609,5.07673,False,66
254,1.01919,1.13116,False,66
255,1.06041,3.04304,False,66
256,1.02129,5.01336,False,66
257,1.06543,5.0675,False,66
258,1.04859,3.005,False,66
259,3.02691,1.10514,False,66
260,1.0366,1.14212,False,66
262,1.00641,6.14121,False,66
263,1.01034,1.1406100000000001,False,66
264,1.12218,4.11279,False,66
265,1.09792,1.13599,False,66
270,3.03535,1.13967,False,66
271,1.12338,3.14714,False,66
272,1.11364,1.1246,False,66
273,1.07278,1.13893,False,66
274,1.05775,1.12141,False,66
275,3.00374,1.1440299999999999,False,66
280,1.00699,1.1172,False,66
289,1.05844,4.1447,False,66
290,1.10374,1.14015,False,66
291,1.14628,1.14169,False,66
292,1.05662,1.13595,False,66
293,5.01076,6.05654,False,66
294,5.03927,5.1345600000000005,False,66
295,5.00738,6.13539,False,66
296,5.05442,1.13039,False,66
297,1.10114,5.08524,False,66
298,1.01397,5.10209,False,66
299,1.11992,4.04573,False,66
300,1.02893,5.13027,False,66
301,1.09194,3.12342,False,66
302,1.0599,5.08488,False,66
303,1.08674,3.14359,False,66
308,1.0012,6.06454,False,66
317,1.00844,5.04601,False,66
318,1.10663,6.02199,False,66
319,1.08118,5.13739,False,66
320,1.02386,5.10536,False,66
321,1.02997,4.05187,False,66
322,1.00813,3.11146,False,66
323,1.00671,3.13135,False,66
324,1.00158,3.1193,False,66
325,1.04092,5.00163,False,66
326,1.05209,3.05289,False,66
328,1.08128,5.13847,False,66
329,1.14011,6.08294,False,66
330,1.09975,5.146,False,66
331,1.07933,5.01039,False,66
332,1.13501,5.03597,False,66
333,3.12306,5.14141,False,66
334,1.13008,1.14523,False,66
335,1.08772,5.1284,False,66
336,1.06139,5.12333,False,66
337,1.10671,5.11912,False,66
339,1.0067,5.11043,False,66
340,1.0,1.07703,True,66
341,1.0,5.10034,True,66
342,6.11525,1.14073,False,66
343,1.0,1.0,True,66
346,1.10869,5.0625,False,66
347,1.1391,6.09025,False,66
348,1.04448,5.07723,False,66
349,1.05655,5.12027,False,66
350,3.10406,4.12826,False,66
351,1.14684,5.08358,False,66
352,1.05661,4.00974,False,66
353,4.13221,7.1165,False,66
354,4.08947,5.13878,False,66
355,1.0631,3.09414,False,66
357,1.05058,4.07027,False,66
358,1.11657,3.071,False,66
359,1.12023,3.10632,False,66
361,1.06788,5.09766,False,66
363,5.08606,5.06308,False,66
364,5.08471,5.03789,False,66
365,1.03287,3.0478,False,66
366,1.10976,1.14731,False,66
367,5.05727,5.09074,False,66
370,1.10225,3.1427,False,66
371,1.12165,3.14316,False,66
372,1.14421,6.06234,False,66
373,1.12285,1.14171,False,66
374,1.02731,7.08872,False,66
375,1.08698,3.13909,False,66
376,1.02656,1.02688,False,66
377,1.01127,1.14483,False,66
378,3.07049,3.13592,False,66
379,3.00052,1.13418,False,66
380,4.01213,3.11887,False,66
381,1.06047,1.0995,False,66
383,1.07798,5.09409,False,66
384,1.13693,5.10455,False,66
385,1.00383,5.14417,False,66
386,1.00364,5.11532,False,66
387,1.00892,4.1343,False,66
388,1.00539,1.13614,False,66
389,1.00816,2.03331,False,66
390,1.02959,5.13631,False,66
391,1.02024,3.08685,False,66
394,1.00478,5.1278,False,66
395,5.02166,1.10975,False,66
396,5.10564,1.09761,False,66
397,5.1206,1.07809,False,66
398,5.13731,3.11122,False,66
403,1.01484,4.10099,False,66
404,5.08127,4.14394,False,66
405,5.09178,1.07693,False,66
406,1.01603,1.0,False,66
407,4.0891,3.00664,False,66
408,1.0,1.07795,True,66
412,5.00032,6.13803,False,66
413,5.02489,5.06652,False,66
414,5.01628,6.08491,False,66
415,5.00579,3.05471,False,66
416,3.1294399999999998,3.12679,False,66
417,1.1296,3.12005,False,66
418,5.0859,5.07989,False,66
419,4.09031,3.04176,False,66
420,3.1267,3.0959,False,66
421,3.09538,5.01172,False,66
422,3.08708,5.14712,False,66
423,1.12008,3.11192,False,66
425,1.09567,1.04303,False,66
426,1.07961,4.13455,False,66
427,1.04647,1.1423,False,66
428,3.05805,3.05795,False,66
429,3.07852,3.05996,False,66
1,1.0748199999999999,3.01931,False,67
3,1.03842,1.0922,False,67
5,1.05344,7.13455,False,67
6,1.02993,3.0382,False,67
7,1.074,1.0,False,67
9,1.02475,1.12117,False,67
10,1.02673,1.03441,False,67
11,1.09868,1.0,False,67
13,1.09019,1.11792,False,67
17,1.05727,3.02539,False,67
18,1.03191,1.11534,False,67
19,1.0,3.11138,True,67
21,1.09535,4.07258,False,67
22,1.14673,1.13172,False,67
25,1.01105,4.09621,False,67
29,1.03298,1.1454900000000001,False,67
30,1.06855,1.13345,False,67
69,1.00099,4.0486,False,67
70,3.01219,3.12087,False,67
71,1.10505,3.07416,False,67
72,3.07717,3.01611,False,67
73,3.02106,3.07524,False,67
74,3.06514,7.10159,False,67
75,4.00253,3.12038,False,67
76,1.14044,3.11896,False,67
77,3.03412,1.147,False,67
78,1.09305,4.0102,False,67
79,1.12511,3.09877,False,67
82,1.03316,4.07862,False,67
83,1.12031,3.00901,False,67
84,3.07894,1.0,False,67
85,1.0,1.02434,True,67
86,1.0,4.09335,True,67
91,1.02914,1.14699,False,67
92,1.10672,3.10592,False,67
93,1.12547,3.06353,False,67
95,1.07108,1.13211,False,67
98,1.09527,5.06852,False,67
99,2.00839,5.14126,False,67
100,1.1092,6.13014,False,67
101,1.06214,3.14302,False,67
103,1.14474,5.08143,False,67
104,1.08991,5.10644,False,67
106,1.12195,5.09279,False,67
107,1.01487,6.01836,False,67
109,1.13605,4.08124,False,67
110,1.12422,3.12903,False,67
111,1.003,3.08767,False,67
112,1.00367,2.07139,False,67
113,1.06094,3.1218,False,67
114,1.01663,1.1305,False,67
115,1.05721,1.1393,False,67
116,1.02975,3.06534,False,67
117,1.03819,1.12328,False,67
118,1.02377,3.1046300000000002,False,67
120,1.00567,4.09947,False,67
121,1.0005,1.1308,False,67
122,1.00318,1.14316,False,67
123,1.00094,1.14357,False,67
124,1.05549,7.05053,False,67
125,5.06417,4.139,False,67
126,5.0814,5.135,False,67
127,1.01583,4.02815,False,67
128,1.03899,5.11533,False,67
129,1.11297,5.11344,False,67
130,5.13371,5.11587,False,67
131,1.10399,1.10822,False,67
133,1.01196,1.14578,False,67
134,1.00745,1.07933,False,67
135,1.10423,1.13262,False,67
136,1.03244,1.11778,False,67
137,1.09206,1.06022,False,67
139,1.01021,1.11876,False,67
140,1.04094,1.13556,False,67
141,1.07918,1.05229,False,67
142,1.01498,1.01234,False,67
143,1.0081,1.14327,False,67
144,1.03528,1.11511,False,67
145,5.076,1.0,False,67
146,1.0,1.0,True,67
147,1.12089,1.0,False,67
148,1.0,1.0,True,67
149,1.0,3.11651,True,67
150,5.05162,1.0,False,67
151,1.06556,1.0,False,67
153,1.12962,1.12633,False,67
154,1.09934,5.03311,False,67
155,1.00953,7.04599,False,67
156,1.03952,3.03016,False,67
157,1.00737,1.1439300000000001,False,67
158,1.00925,3.05362,False,67
159,1.01899,3.12771,False,67
160,1.08881,3.02911,False,67
161,1.03063,3.09337,False,67
162,4.14563,4.06766,False,67
164,1.06358,7.02584,False,67
165,5.14319,1.14521,False,67
166,5.0957,5.08898,False,67
167,1.11461,1.0174,False,67
168,5.10464,1.0,False,67
169,5.09724,5.08488,False,67
173,1.09096,4.00717,False,67
175,1.05775,1.05036,False,67
176,1.05157,1.07783,False,67
177,1.11687,5.1059,False,67
178,4.00462,5.104,False,67
179,1.14714,5.08207,False,67
180,2.04154,5.08549,False,67
181,3.03307,5.05699,False,67
182,1.13058,5.03674,False,67
183,1.11309,5.09131,False,67
184,1.13057,7.08159,False,67
185,1.1432,5.09874,False,67
186,1.07195,7.02269,False,67
188,1.00183,5.1391,False,67
189,4.1413,6.04444,False,67
190,1.14674,3.04484,False,67
191,1.09962,5.14634,False,67
192,1.14138,5.14009,False,67
193,6.02117,5.09091,False,67
194,1.11642,5.13891,False,67
195,1.1335,3.009,False,67
197,1.00274,5.14179,False,67
198,1.13025,5.00074,False,67
199,1.14325,5.07099,False,67
200,1.14702,1.14211,False,67
201,1.10315,1.13091,False,67
202,7.06748,7.04797,False,67
203,4.03354,5.13603,False,67
204,1.03231,5.07883,False,67
206,1.00097,5.00186,False,67
207,1.11939,3.14359,False,67
208,1.04501,1.14713,False,67
209,3.03444,3.05752,False,67
210,3.01684,3.13656,False,67
211,3.05253,3.01316,False,67
212,1.06536,1.12765,False,67
213,1.07906,3.06651,False,67
216,1.12147,6.00317,False,67
217,1.13778,4.01453,False,67
218,1.1067,5.11222,False,67
219,3.00192,5.12157,False,67
222,1.1253,3.14235,False,67
225,4.08518,3.10577,False,67
226,1.10301,5.06654,False,67
227,4.03436,7.00278,False,67
229,3.11139,4.01559,False,67
230,3.11964,3.1113,False,67
233,1.05661,5.08758,False,67
234,3.0002,5.04445,False,67
235,3.0976,3.06576,False,67
236,1.08025,1.06355,False,67
237,1.11161,1.11318,False,67
242,1.01557,4.11112,False,67
243,1.13135,1.14476,False,67
251,4.07197,4.1016,False,67
252,1.13929,3.08117,False,67
253,1.04752,5.12957,False,67
254,1.01083,1.05571,False,67
255,1.04701,3.04838,False,67
256,1.00624,5.05898,False,67
257,1.00444,5.0228,False,67
258,1.12894,3.13786,False,67
259,1.02053,1.14189,False,67
260,1.0036,1.068,False,67
262,1.01075,6.04343,False,67
263,1.00247,1.14623,False,67
264,1.14511,4.11365,False,67
265,1.13362,1.14215,False,67
270,3.09277,1.13148,False,67
271,1.1275,3.06714,False,67
272,1.12925,1.14028,False,67
273,1.10883,1.13243,False,67
274,1.10921,1.10347,False,67
275,3.10247,1.12376,False,67
280,1.01715,1.13835,False,67
289,1.06359,4.14704,False,67
290,1.06415,1.13367,False,67
291,1.14675,1.14032,False,67
292,1.10731,1.14602,False,67
293,5.00111,6.09168,False,67
294,5.00001,5.11369,False,67
295,5.021,6.0053,False,67
296,5.02921,1.1231,False,67
297,1.10238,5.12329,False,67
298,1.01089,5.11292,False,67
299,1.07755,4.05854,False,67
300,1.03796,5.09716,False,67
301,1.03795,3.09805,False,67
302,1.07448,5.09312,False,67
303,3.07014,3.14493,False,67
308,1.0347,6.13491,False,67
317,1.00414,5.1053,False,67
318,1.08227,6.10239,False,67
319,1.04605,5.14628,False,67
320,1.02999,5.042,False,67
321,1.00968,4.04994,False,67
322,1.01634,3.08129,False,67
323,1.03055,3.09518,False,67
324,1.04617,3.03939,False,67
325,1.08051,5.02505,False,67
326,1.01243,3.12886,False,67
328,1.08576,5.0489,False,67
329,1.1203,6.0675,False,67
330,1.08346,5.14603,False,67
331,1.07373,3.06182,False,67
332,1.12442,5.14582,False,67
333,3.08464,5.11756,False,67
334,1.1273900000000001,1.11108,False,67
335,1.04523,5.13687,False,67
336,1.05196,5.10872,False,67
337,1.072,5.13209,False,67
339,1.04405,5.01527,False,67
340,1.0,1.00016,True,67
341,1.0,5.00313,True,67
342,6.09702,1.13552,False,67
343,1.0,1.0,True,67
346,1.0818699999999999,5.03514,False,67
347,1.13064,6.13107,False,67
348,1.09134,5.01677,False,67
349,1.00736,5.03276,False,67
350,3.06343,4.08183,False,67
351,1.1372200000000001,5.12778,False,67
352,1.13228,4.01474,False,67
353,4.13942,7.05899,False,67
354,4.08551,5.06902,False,67
355,1.04049,3.04534,False,67
357,1.04442,4.13443,False,67
358,1.06945,3.00965,False,67
359,1.11913,3.10547,False,67
361,1.08591,5.13641,False,67
363,5.08934,5.07254,False,67
364,5.12159,5.09668,False,67
365,1.0733,3.06785,False,67
366,1.11382,1.1125,False,67
367,5.03975,5.03323,False,67
370,1.10478,3.13501,False,67
371,1.1433200000000001,4.01257,False,67
372,1.1467100000000001,6.05128,False,67
373,1.1088,1.12138,False,67
374,1.0041,7.09783,False,67
375,1.01697,1.03666,False,67
376,1.13623,1.13254,False,67
377,1.09073,1.02791,False,67
378,3.00393,3.11045,False,67
379,3.14154,1.12189,False,67
380,4.0163,3.13022,False,67
381,1.08692,1.13923,False,67
383,1.07437,5.14158,False,67
384,1.11702,5.11129,False,67
385,1.00618,5.08479,False,67
386,1.00621,5.08525,False,67
387,1.00457,4.01525,False,67
388,1.0022,1.1346,False,67
389,1.03261,2.05407,False,67
390,1.00041,2.1412,False,67
391,1.00635,3.01701,False,67
394,1.01059,5.11026,False,67
395,5.00831,1.02972,False,67
396,5.03199,1.02292,False,67
397,5.13882,1.13692,False,67
398,5.03035,3.05691,False,67
403,1.09041,4.07988,False,67
404,5.06864,4.12257,False,67
405,5.12032,1.10739,False,67
406,1.0115,1.09184,False,67
407,4.07356,3.11714,False,67
408,1.0,1.02633,True,67
412,5.00052,6.06464,False,67
413,5.00768,5.08529,False,67
414,5.00574,6.11888,False,67
415,5.00781,3.08335,False,67
416,3.07469,3.04657,False,67
417,1.12874,3.13448,False,67
418,5.0381,5.03692,False,67
419,3.03538,5.12717,False,67
420,3.05762,3.01511,False,67
421,3.14681,5.11235,False,67
422,3.07453,5.07638,False,67
423,1.12672,3.0692,False,67
425,1.01702,7.04004,False,67
426,1.08772,4.10782,False,67
427,1.08923,1.13958,False,67
428,3.1091,3.10723,False,67
429,3.10564,3.01406,False,67
1,1.1053,3.08012,False,68
3,1.03391,1.01038,False,68
5,1.01677,7.06237,False,68
6,1.02439,3.04785,False,68
7,1.0207600000000001,1.0,False,68
9,1.02889,1.14128,False,68
10,1.00436,1.11138,False,68
11,1.13695,1.0,False,68
13,1.06242,1.11422,False,68
17,1.06388,3.04083,False,68
18,1.07026,1.07587,False,68
19,1.0,3.14135,True,68
21,1.08635,3.05471,False,68
22,1.13589,1.13408,False,68
25,1.0317,4.01602,False,68
29,1.01656,1.12974,False,68
30,1.07523,1.14627,False,68
69,1.00255,4.11889,False,68
70,3.0148,3.03683,False,68
71,1.12478,3.04296,False,68
72,3.04156,3.05402,False,68
73,3.02595,3.09022,False,68
74,3.06595,3.06437,False,68
75,4.05671,3.10071,False,68
76,1.14404,1.12939,False,68
77,3.02552,1.13777,False,68
78,1.10029,4.12432,False,68
79,1.12173,1.11927,False,68
82,1.08257,4.1302,False,68
83,1.05172,3.07898,False,68
84,3.14356,1.0,False,68
85,1.0,1.02269,True,68
86,1.0,4.08405,True,68
91,1.05366,1.13988,False,68
92,1.12923,1.14653,False,68
93,1.1343,3.08881,False,68
95,1.03759,1.1318,False,68
98,1.0982,5.02438,False,68
99,2.00609,5.06713,False,68
100,1.12049,6.03348,False,68
101,1.02819,3.10209,False,68
103,1.12654,5.02117,False,68
104,1.12032,5.03284,False,68
106,1.00257,5.06354,False,68
107,1.02155,6.03909,False,68
109,1.09943,4.08123,False,68
110,1.10343,3.11326,False,68
111,1.00094,3.08029,False,68
112,1.0057,2.11025,False,68
113,1.10112,3.1379,False,68
114,1.00969,1.13642,False,68
115,1.08661,1.13422,False,68
116,1.0207,3.04434,False,68
117,1.07159,1.14563,False,68
118,1.04446,3.11244,False,68
120,1.00452,4.05865,False,68
121,1.00127,1.13274,False,68
122,1.00025,1.11742,False,68
123,1.01634,1.1085,False,68
124,1.02548,7.10818,False,68
125,5.0822,4.00851,False,68
126,5.05589,5.03125,False,68
127,1.01598,4.13284,False,68
128,1.00474,5.06126,False,68
129,1.11016,5.03621,False,68
130,5.11493,5.10802,False,68
131,1.12256,1.04168,False,68
133,1.00055,1.14519,False,68
134,1.00648,1.10125,False,68
135,1.03835,1.1202,False,68
136,1.01714,1.10277,False,68
137,1.0,1.0803,True,68
139,1.02273,1.06061,False,68
140,1.07863,1.1409,False,68
141,1.05173,1.08406,False,68
142,1.13587,1.08556,False,68
143,1.08364,1.14705,False,68
144,1.04247,1.08493,False,68
145,5.08859,1.0,False,68
146,1.0,1.0,True,68
147,1.05962,1.0,False,68
148,1.0,1.0,True,68
149,1.0,3.05964,True,68
150,5.07637,1.0,False,68
151,1.0,1.07431,True,68
153,1.12633,1.12734,False,68
154,1.08293,5.04457,False,68
155,1.01829,7.10533,False,68
156,1.0609,3.12896,False,68
157,1.00464,1.14053,False,68
158,1.04976,3.04396,False,68
159,1.00033,3.00953,False,68
160,1.04046,3.01901,False,68
161,1.05051,3.06001,False,68
162,4.13471,4.12071,False,68
164,1.04114,7.00492,False,68
165,5.04744,1.10673,False,68
166,5.10335,5.08822,False,68
167,1.07268,1.04508,False,68
168,5.09577,1.0,False,68
169,5.0869,5.06825,False,68
173,1.08914,4.01389,False,68
175,1.03723,1.03212,False,68
176,1.11619,1.00721,False,68
177,1.13216,5.13148,False,68
178,4.00097,5.1281,False,68
179,1.14726,5.11602,False,68
180,2.00171,5.13102,False,68
181,3.01812,5.10241,False,68
182,1.1445,5.1332699999999996,False,68
183,1.08747,5.07368,False,68
184,1.12579,7.02377,False,68
185,1.1373,5.00959,False,68
186,1.13113,7.02785,False,68
188,1.00406,5.13269,False,68
189,4.13335,6.05609,False,68
190,3.07484,3.068,False,68
191,1.09793,5.08282,False,68
192,1.12128,5.13252,False,68
193,6.13812,5.13277,False,68
194,1.11213,5.06416,False,68
195,1.1221700000000001,3.12237,False,68
197,1.01512,5.08368,False,68
198,1.14092,5.12571,False,68
199,3.09805,5.05696,False,68
200,1.12019,1.11665,False,68
201,1.13299,1.14093,False,68
202,7.03293,7.05532,False,68
203,4.00385,5.0535,False,68
204,1.02268,5.13564,False,68
206,1.00172,5.1382,False,68
207,1.13941,3.12526,False,68
208,1.07433,1.14451,False,68
209,3.02867,3.10196,False,68
210,3.08006,3.07408,False,68
211,3.03528,3.00134,False,68
212,1.09263,1.10686,False,68
213,1.07063,3.11265,False,68
216,1.10726,6.13482,False,68
217,1.14672,4.13116,False,68
218,1.11882,5.11288,False,68
219,3.01028,5.1293,False,68
222,1.11275,3.14006,False,68
225,4.00391,3.09755,False,68
226,1.09381,5.07691,False,68
227,4.01257,7.07826,False,68
229,3.09636,4.00841,False,68
230,3.06147,3.11353,False,68
233,1.05459,5.11669,False,68
234,3.03538,5.04722,False,68
235,3.0381299999999998,5.07022,False,68
236,1.1016,1.08893,False,68
237,1.09571,1.07428,False,68
242,1.02018,4.09246,False,68
243,1.06766,1.14469,False,68
251,4.08559,4.11733,False,68
252,1.14058,3.05672,False,68
253,1.01423,5.1217,False,68
254,1.00042,1.11258,False,68
255,1.00163,3.02486,False,68
256,1.00375,5.01678,False,68
257,1.06233,5.02243,False,68
258,1.05602,3.01294,False,68
259,3.04615,1.14339,False,68
260,1.03796,1.09652,False,68
262,1.00343,6.11408,False,68
263,1.03314,1.14713,False,68
264,1.12968,4.03108,False,68
265,1.14298,1.14103,False,68
270,3.02582,1.13805,False,68
271,1.13653,3.05981,False,68
272,1.12143,1.14365,False,68
273,1.06698,1.14613,False,68
274,1.11339,1.12191,False,68
275,3.05659,1.12509,False,68
280,1.00135,1.13329,False,68
289,1.06851,4.14648,False,68
290,1.12287,1.1472,False,68
291,1.14656,1.14186,False,68
292,1.11799,1.13037,False,68
293,5.0074,6.00898,False,68
294,5.02561,5.1043,False,68
295,5.00054,6.1321,False,68
296,5.0018,5.13593,False,68
297,1.02207,5.0742,False,68
298,1.0054400000000001,5.12401,False,68
299,1.06805,4.0365,False,68
300,1.02926,5.00011,False,68
301,1.11209,3.11045,False,68
302,1.02904,5.08394,False,68
303,3.00978,3.08699,False,68
308,1.01791,6.13087,False,68
317,1.03582,5.11285,False,68
318,1.11123,6.0859,False,68
319,1.01909,5.10875,False,68
320,1.0452,5.04436,False,68
321,1.06715,4.03366,False,68
322,1.07603,3.02283,False,68
323,1.07318,3.07903,False,68
324,1.01531,3.03154,False,68
325,1.05979,5.12441,False,68
326,1.00338,3.04772,False,68
328,1.09856,5.14574,False,68
329,2.09632,6.13215,False,68
330,1.11661,5.14264,False,68
331,1.04178,5.02939,False,68
332,1.14691,5.07713,False,68
333,3.12694,5.10388,False,68
334,1.10759,1.1459,False,68
335,1.11428,5.1146,False,68
336,1.01553,5.13723,False,68
337,1.09076,5.11964,False,68
339,1.09121,5.11827,False,68
340,1.0,1.14308,True,68
341,1.0,5.14673,True,68
342,6.06818,1.04049,False,68
343,1.0,1.0,True,68
346,1.08654,5.07897,False,68
347,1.12158,6.07416,False,68
348,1.11019,5.00884,False,68
349,1.01264,5.10031,False,68
350,1.14158,4.06059,False,68
351,1.14353,5.02159,False,68
352,1.13182,4.00445,False,68
353,4.04606,7.04177,False,68
354,4.11374,5.12746,False,68
355,1.09019,3.08884,False,68
357,1.07087,4.10025,False,68
358,1.10385,3.07545,False,68
359,1.13701,3.03103,False,68
361,1.09552,5.06989,False,68
363,5.06234,5.03492,False,68
364,5.12134,5.06685,False,68
365,1.01843,3.11168,False,68
366,1.1236,1.12927,False,68
367,5.11139,5.14625,False,68
370,1.1114,3.1347,False,68
371,1.13969,3.14436,False,68
372,1.14662,6.0544,False,68
373,1.09416,1.1151200000000001,False,68
374,1.04316,7.00677,False,68
375,1.0932,1.01825,False,68
376,1.13171,1.11173,False,68
377,1.13416,1.0652,False,68
378,3.00217,3.09071,False,68
379,3.04202,1.11658,False,68
380,4.02847,3.09849,False,68
381,1.04964,1.11053,False,68
383,1.05604,5.06547,False,68
384,1.12537,5.12668,False,68
385,1.00731,5.13267,False,68
386,1.00793,5.0393,False,68
387,1.01508,4.1064,False,68
388,1.01903,1.12473,False,68
389,1.01436,2.01096,False,68
390,1.04936,5.12508,False,68
391,1.01152,3.06443,False,68
394,1.00159,5.14033,False,68
395,5.13945,1.13572,False,68
396,5.13857,1.02858,False,68
397,5.03315,1.13929,False,68
398,5.13279,3.013,False,68
403,1.05616,4.02697,False,68
404,5.11165,4.06485,False,68
405,5.11589,1.12684,False,68
406,1.08372,1.05561,False,68
407,4.04521,3.12602,False,68
408,1.0,1.1395,True,68
412,5.00002,6.12045,False,68
413,5.00449,5.00101,False,68
414,5.01847,6.06634,False,68
415,5.0037,3.07158,False,68
416,3.07901,3.05882,False,68
417,1.12946,3.13228,False,68
418,5.03929,5.01328,False,68
419,3.09719,5.11157,False,68
420,3.14696,3.09597,False,68
421,3.03935,5.04443,False,68
422,3.11236,3.02641,False,68
423,1.11806,3.0145,False,68
425,1.00999,1.0576,False,68
426,1.08085,4.11328,False,68
427,1.11401,1.13141,False,68
428,3.13459,3.12445,False,68
429,3.01794,3.00837,False,68
1,1.08015,3.03875,False,69
3,1.05181,1.02847,False,69
5,1.04946,7.11129,False,69
6,1.02025,3.02231,False,69
7,1.00573,1.0,False,69
9,1.00524,1.1391499999999999,False,69
10,1.0226,1.10848,False,69
11,1.11776,1.0,False,69
13,1.08833,1.134,False,69
17,1.06518,4.00255,False,69
18,1.08971,1.11454,False,69
19,1.0,3.02147,True,69
21,1.09026,3.07269,False,69
22,1.11425,1.14483,False,69
25,1.02013,4.00179,False,69
29,1.00927,1.14177,False,69
30,1.11242,1.13829,False,69
69,1.00108,4.12713,False,69
70,3.03213,3.07314,False,69
71,1.09608,3.05128,False,69
72,3.0546,3.14422,False,69
73,3.00712,3.11834,False,69
74,3.07393,3.0229,False,69
75,4.06274,3.12791,False,69
76,1.13042,3.06674,False,69
77,3.00735,1.12986,False,69
78,1.10175,4.07046,False,69
79,1.12943,3.13823,False,69
82,1.07615,4.02942,False,69
83,1.0258,3.01927,False,69
84,3.00939,1.0,False,69
85,1.0,1.11737,True,69
86,1.0,4.06456,True,69
91,1.05759,1.13674,False,69
92,1.11114,1.14718,False,69
93,1.13545,3.09044,False,69
95,1.03512,1.14296,False,69
98,1.05727,5.13544,False,69
99,2.03872,5.11446,False,69
100,1.13068,6.08227,False,69
101,1.00109,3.14232,False,69
103,1.10626,5.13814,False,69
104,1.12968,5.11255,False,69
106,1.05547,5.07675,False,69
107,1.04347,6.09512,False,69
109,1.11048,4.08204,False,69
110,1.12367,3.08544,False,69
111,1.002,3.10551,False,69
112,1.05047,2.10844,False,69
113,1.04884,3.05283,False,69
114,1.06167,1.13892,False,69
115,1.09565,1.1451,False,69
116,1.01153,3.03744,False,69
117,1.04854,1.14023,False,69
118,1.0312,3.13117,False,69
120,1.00228,4.01163,False,69
121,1.00112,1.1454,False,69
122,1.00533,1.14344,False,69
123,1.01383,1.08561,False,69
124,1.0272,7.1266,False,69
125,5.07398,4.10467,False,69
126,5.03763,5.08963,False,69
127,1.07496,4.05776,False,69
128,1.08558,5.09199,False,69
129,1.13896,5.14726,False,69
130,5.14171,5.08649,False,69
131,1.01719,1.06913,False,69
133,1.0067,1.14154,False,69
134,1.00738,1.1052,False,69
135,1.07519,1.13429,False,69
136,1.0068,1.13516,False,69
137,1.0,1.07654,True,69
139,1.0016,1.14162,False,69
140,1.04809,1.12896,False,69
141,1.03576,1.0864,False,69
142,1.00173,1.03353,False,69
143,1.04678,1.11453,False,69
144,1.07033,1.10581,False,69
145,1.0,5.00999,True,69
146,1.0,1.0,True,69
147,1.14655,1.0,False,69
148,1.0,1.0,True,69
149,1.0,3.10932,True,69
150,5.0117,1.0,False,69
151,1.09438,1.0,False,69
153,1.13697,1.13565,False,69
154,1.09648,5.11471,False,69
155,1.01964,1.14216,False,69
156,1.0760399999999999,3.08121,False,69
157,1.00389,1.14117,False,69
158,1.02383,3.1121,False,69
159,1.07833,3.01268,False,69
160,1.06789,3.01546,False,69
161,1.072,3.10136,False,69
162,4.13502,4.11615,False,69
164,1.00267,7.04193,False,69
165,5.03703,1.03137,False,69
166,5.12867,5.12158,False,69
167,1.13895,1.00277,False,69
168,5.0816,1.0,False,69
169,5.09848,5.08675,False,69
173,1.09462,4.10406,False,69
175,1.05451,1.08851,False,69
176,1.01201,1.07395,False,69
177,1.09589,5.08951,False,69
178,4.02235,6.1327,False,69
179,1.14545,5.13853,False,69
180,2.08534,5.09901,False,69
181,3.05579,5.0703,False,69
182,1.1364,5.04271,False,69
183,1.04955,5.12741,False,69
184,1.10172,7.11223,False,69
185,1.14168,5.0171,False,69
186,1.12709,7.07264,False,69
188,1.00035,5.11306,False,69
189,4.11655,6.1405,False,69
190,1.1418300000000001,3.09786,False,69
191,1.0735,5.11626,False,69
192,1.11803,5.11232,False,69
193,6.03393,5.02001,False,69
194,1.10772,5.04215,False,69
195,1.14284,3.07734,False,69
197,1.00677,5.13835,False,69
198,1.13182,5.06388,False,69
199,3.03338,4.06091,False,69
200,1.14701,1.14326,False,69
201,1.06825,1.13807,False,69
202,7.04909,7.01794,False,69
203,1.14476,5.06383,False,69
204,1.07464,5.03972,False,69
206,1.00804,5.12997,False,69
207,1.1328,3.03519,False,69
208,1.07633,1.10816,False,69
209,3.03518,3.03383,False,69
210,3.05737,3.07839,False,69
211,3.06803,3.04834,False,69
212,1.0903,1.08849,False,69
213,1.10259,3.10931,False,69
216,1.09382,6.05256,False,69
217,1.12807,4.14075,False,69
218,1.08282,5.12633,False,69
219,1.13223,5.08358,False,69
222,1.14652,3.12531,False,69
225,4.01326,3.12637,False,69
226,1.09349,5.02385,False,69
227,4.00949,7.05173,False,69
229,3.10568,4.13736,False,69
230,3.05984,3.1194,False,69
233,1.02164,5.14522,False,69
234,3.06601,5.09985,False,69
235,3.06118,5.0422,False,69
236,1.09927,1.07113,False,69
237,1.14077,1.10504,False,69
242,1.01679,4.05231,False,69
243,1.12096,1.11355,False,69
251,4.10546,4.11861,False,69
252,1.13984,3.04315,False,69
253,1.02448,5.10455,False,69
254,1.00251,1.12232,False,69
255,1.00884,3.08894,False,69
256,1.03953,5.00865,False,69
257,1.02799,5.07707,False,69
258,1.07144,3.06951,False,69
259,1.09866,1.14372,False,69
260,1.04219,1.13296,False,69
262,1.00923,6.12212,False,69
263,1.00734,1.13199,False,69
264,1.10676,4.06292,False,69
265,1.1414,1.13352,False,69
270,3.12463,1.14158,False,69
271,1.10405,3.12282,False,69
272,1.09066,1.12952,False,69
273,1.11898,1.14456,False,69
274,1.12268,1.11792,False,69
275,3.12118,1.13514,False,69
280,1.00632,1.12559,False,69
289,1.06571,4.13624,False,69
290,1.1218,1.14624,False,69
291,1.14702,1.1465,False,69
292,1.08526,1.14591,False,69
293,5.011,6.08573,False,69
294,5.00673,1.13259,False,69
295,5.02049,6.05195,False,69
296,5.03263,1.1202,False,69
297,1.08835,5.10125,False,69
298,1.01183,5.1388,False,69
299,1.09671,4.05758,False,69
300,1.03316,5.0634,False,69
301,1.06994,3.09022,False,69
302,1.07013,5.11672,False,69
303,3.0209,3.06269,False,69
308,1.00058,6.08434,False,69
317,1.00246,3.09632,False,69
318,1.11757,6.12974,False,69
319,1.08996,5.14275,False,69
320,1.03647,5.14565,False,69
321,1.02626,4.14712,False,69
322,1.03881,3.08088,False,69
323,1.04136,3.07348,False,69
324,1.03549,3.02865,False,69
325,1.02096,5.13762,False,69
326,1.01983,3.02453,False,69
328,1.10448,5.14494,False,69
329,1.13131,6.04485,False,69
330,1.09729,5.12667,False,69
331,1.10691,5.00153,False,69
332,1.12957,5.14396,False,69
333,3.12348,5.10217,False,69
334,1.12832,1.12777,False,69
335,1.11431,5.06295,False,69
336,1.07301,5.06202,False,69
337,1.06226,5.05855,False,69
339,1.05024,5.11529,False,69
340,1.0,1.10925,True,69
341,1.0,5.09334,True,69
342,6.10381,1.1375899999999999,False,69
343,1.0,1.0,True,69
346,1.09873,3.00154,False,69
347,1.12759,6.04029,False,69
348,1.11587,5.09214,False,69
349,1.0287,5.02845,False,69
350,1.1373199999999999,4.05125,False,69
351,1.12416,5.04882,False,69
352,1.14021,4.07657,False,69
353,4.10981,7.0888,False,69
354,4.12824,5.09335,False,69
355,1.0732,3.0531,False,69
357,1.05463,4.13586,False,69
358,1.05665,3.14678,False,69
359,1.12239,3.09746,False,69
361,1.06974,5.04189,False,69
363,5.08037,5.06359,False,69
364,5.12422,5.05671,False,69
365,1.09837,3.12816,False,69
366,1.12101,1.1118999999999999,False,69
367,5.03862,5.03246,False,69
370,1.11104,3.1421,False,69
371,1.10945,4.01365,False,69
372,1.14659,6.00983,False,69
373,1.07474,1.13231,False,69
374,1.00569,7.10881,False,69
375,1.11854,3.13375,False,69
376,1.10501,1.11099,False,69
377,1.0547,1.0,False,69
378,3.02278,3.07279,False,69
379,3.14071,1.13737,False,69
380,4.04897,3.04333,False,69
381,1.12401,1.10842,False,69
383,1.09421,5.106,False,69
384,1.12726,5.03768,False,69
385,1.00741,5.13723,False,69
386,1.03704,5.05457,False,69
387,1.00466,4.04817,False,69
388,1.01605,1.10978,False,69
389,1.00913,2.06501,False,69
390,1.02072,2.08694,False,69
391,1.06886,3.10662,False,69
394,1.06808,5.05121,False,69
395,5.03403,1.11714,False,69
396,5.06516,1.05939,False,69
397,5.00644,1.06806,False,69
398,5.12353,3.05347,False,69
403,1.00003,4.08829,False,69
404,5.02923,4.06515,False,69
405,5.08614,1.13097,False,69
406,1.00376,1.12917,False,69
407,4.02582,3.13187,False,69
408,1.0,1.12923,True,69
412,5.00345,6.14337,False,69
413,5.00159,5.11785,False,69
414,5.00177,6.07985,False,69
415,5.00327,3.06442,False,69
416,3.11329,3.0694,False,69
417,1.13269,3.07136,False,69
418,5.03251,5.02705,False,69
419,4.02673,3.06884,False,69
420,3.13078,3.03212,False,69
421,3.09519,5.06779,False,69
422,3.07978,5.06159,False,69
423,1.10283,3.07148,False,69
425,1.06734,7.00564,False,69
426,1.07601,4.08141,False,69
427,1.05994,1.14656,False,69
428,3.09974,3.0688,False,69
429,3.08502,3.00092,False,69
1,1.08992,3.04712,False,70
3,1.04883,1.04453,False,70
5,1.07277,7.00557,False,70
6,1.04468,3.05963,False,70
7,1.02623,1.0,False,70
9,1.02545,1.1244,False,70
10,1.08257,1.08513,False,70
11,1.05086,1.0,False,70
13,1.09333,1.12628,False,70
17,1.06111,3.08081,False,70
18,1.09087,1.13625,False,70
19,1.0,3.09107,True,70
21,1.0843099999999999,3.07507,False,70
22,1.11427,1.13858,False,70
25,1.03511,4.01143,False,70
29,1.0214,1.1372,False,70
30,1.09021,1.14383,False,70
69,1.00178,4.11825,False,70
70,3.00853,3.08493,False,70
71,1.10664,3.03934,False,70
72,3.08196,3.1205,False,70
73,3.00332,3.07903,False,70
74,3.07936,7.03805,False,70
75,4.03613,3.08663,False,70
76,1.10388,3.11311,False,70
77,3.00438,1.14605,False,70
78,1.11164,3.14635,False,70
79,1.13248,3.10004,False,70
82,1.02535,4.11469,False,70
83,1.12851,3.13403,False,70
84,3.14435,1.0,False,70
85,1.05966,1.0,False,70
86,1.0,4.11646,True,70
91,1.06413,1.14431,False,70
92,1.09413,1.14591,False,70
93,1.14165,3.14702,False,70
95,1.02591,1.1396,False,70
98,1.06617,5.08889,False,70
99,2.05055,5.14323,False,70
100,1.12093,6.05896,False,70
101,1.06347,3.0567,False,70
103,1.14067,5.01808,False,70
104,1.13249,5.02718,False,70
106,1.12911,5.05743,False,70
107,1.00244,6.07516,False,70
109,1.06871,4.08168,False,70
110,1.09145,3.09244,False,70
111,1.01801,3.09818,False,70
112,1.01916,2.12177,False,70
113,1.0959,3.08371,False,70
114,1.00307,1.13216,False,70
115,1.06565,1.13476,False,70
116,1.02221,3.07079,False,70
117,1.08372,1.1431,False,70
118,1.0481,3.10477,False,70
120,1.00133,4.00348,False,70
121,1.0012,1.13918,False,70
122,1.00699,1.12794,False,70
123,1.00608,1.12393,False,70
124,1.00636,7.10488,False,70
125,5.06783,4.04824,False,70
126,5.09387,5.04455,False,70
127,1.10265,4.09917,False,70
128,1.02391,5.10882,False,70
129,1.13341,5.00424,False,70
130,5.10677,5.08879,False,70
131,1.1155,1.11382,False,70
133,1.01853,1.14623,False,70
134,1.00305,1.13689,False,70
135,1.09239,1.13543,False,70
136,1.01935,1.10644,False,70
137,1.1305399999999999,1.10581,False,70
139,1.01467,1.01899,False,70
140,1.02153,1.07764,False,70
141,1.01074,1.12523,False,70
142,1.02702,1.13587,False,70
143,1.00186,1.13785,False,70
144,1.12506,1.12064,False,70
145,5.04927,1.0,False,70
146,1.0,1.0,True,70
147,1.13633,1.0,False,70
148,1.0,1.0,True,70
149,1.0,3.1337099999999998,True,70
150,5.0518,1.0,False,70
151,1.14542,1.0,False,70
153,1.13748,1.12082,False,70
154,1.10188,5.02287,False,70
155,1.01249,3.07951,False,70
156,1.10738,3.01707,False,70
157,1.00635,1.14073,False,70
158,1.07281,3.06306,False,70
159,1.06329,3.12216,False,70
160,1.06426,3.03159,False,70
161,1.00355,3.11447,False,70
162,4.12778,4.05437,False,70
164,1.01392,7.02022,False,70
165,5.08985,1.07794,False,70
166,5.14368,5.05027,False,70
167,1.1263,1.01136,False,70
168,5.01232,1.0,False,70
169,5.11844,5.05921,False,70
173,1.09259,4.13825,False,70
175,1.06265,1.06474,False,70
176,1.04757,1.06107,False,70
177,1.12528,5.1027,False,70
178,4.00259,6.03486,False,70
179,1.11787,5.11745,False,70
180,2.01533,5.09081,False,70
181,3.05247,5.1171,False,70
182,1.14392,5.05542,False,70
183,1.13152,5.06639,False,70
184,1.10983,7.07164,False,70
185,1.13533,5.04461,False,70
186,1.0855299999999999,7.10688,False,70
188,1.00066,5.1297,False,70
189,4.10547,6.01616,False,70
190,1.14226,3.1098,False,70
191,1.08899,5.04677,False,70
192,1.12604,5.03406,False,70
193,6.05354,5.11146,False,70
194,1.14081,5.04717,False,70
195,1.1307,3.12251,False,70
197,1.00135,5.11373,False,70
198,1.13056,5.02328,False,70
199,1.13819,5.12687,False,70
200,1.14372,1.12873,False,70
201,1.1408,1.14417,False,70
202,7.03939,7.03657,False,70
203,4.02501,5.09955,False,70
204,3.01518,5.1366,False,70
206,1.00089,5.04566,False,70
207,1.13,3.02609,False,70
208,1.09664,1.12248,False,70
209,3.01338,3.0258,False,70
210,3.01704,3.12131,False,70
211,3.12281,3.02133,False,70
212,1.05404,1.11725,False,70
213,1.04424,3.1422,False,70
216,1.11127,6.0604,False,70
217,1.1400000000000001,4.08156,False,70
218,1.14288,5.07145,False,70
219,3.03559,5.05471,False,70
222,1.10508,3.08432,False,70
225,4.00991,3.1139,False,70
226,1.1161,5.04841,False,70
227,4.06307,7.13949,False,70
229,3.10486,4.03334,False,70
230,3.07641,3.09343,False,70
233,1.02542,5.13771,False,70
234,3.02179,5.05113,False,70
235,3.00654,5.1208,False,70
236,1.11876,1.11407,False,70
237,1.12682,1.0915300000000001,False,70
242,1.03749,4.1191,False,70
243,1.14341,1.0349,False,70
251,4.08919,4.07917,False,70
252,1.12903,3.11744,False,70
253,1.04358,5.03809,False,70
254,1.01151,1.14328,False,70
255,1.00931,3.05433,False,70
256,1.10227,5.14063,False,70
257,1.00029,5.00957,False,70
258,1.03424,3.02551,False,70
259,3.08632,1.14179,False,70
260,1.04019,1.12477,False,70
262,1.00175,6.0701,False,70
263,1.04056,1.1409799999999999,False,70
264,1.09735,4.00446,False,70
265,1.1429,1.14534,False,70
270,3.03797,1.14192,False,70
271,1.13797,3.11885,False,70
272,1.12186,1.10944,False,70
273,1.11897,1.11357,False,70
274,1.05945,1.14682,False,70
275,3.01107,1.14378,False,70
280,1.00808,1.14126,False,70
289,1.08124,4.03398,False,70
290,1.06978,1.13929,False,70
291,1.14451,1.13985,False,70
292,1.05388,1.14689,False,70
293,5.00685,6.07085,False,70
294,5.03433,5.12229,False,70
295,5.02633,6.13816,False,70
296,5.03213,5.1224,False,70
297,1.06249,5.13349,False,70
298,1.0363,5.10172,False,70
299,1.08924,4.12775,False,70
300,1.03356,5.06684,False,70
301,1.0569,3.12568,False,70
302,1.04519,5.10287,False,70
303,1.01514,3.09564,False,70
308,1.01914,6.07036,False,70
317,1.01233,3.05004,False,70
318,1.1072,6.09052,False,70
319,1.02624,5.12318,False,70
320,1.02803,5.08917,False,70
321,1.03372,4.06593,False,70
322,1.07408,3.02785,False,70
323,1.00906,3.05529,False,70
324,1.00275,3.14657,False,70
325,1.0515,5.13488,False,70
326,1.0359099999999999,3.06818,False,70
328,1.06479,5.03771,False,70
329,2.10052,6.11781,False,70
330,1.08515,5.14204,False,70
331,1.0919,5.0087,False,70
332,1.13778,5.10741,False,70
333,3.11584,5.10856,False,70
334,1.11637,1.13439,False,70
335,1.11902,5.09724,False,70
336,1.01961,5.04449,False,70
337,1.08851,5.12732,False,70
339,1.00676,5.12986,False,70
340,1.0,1.00109,True,70
341,1.0,5.13889,True,70
342,6.0036,1.09781,False,70
343,1.0,1.0,True,70
346,1.0966,5.09594,False,70
347,1.1394,6.12881,False,70
348,1.08808,5.09869,False,70
349,1.01638,5.11839,False,70
350,1.14642,4.02717,False,70
351,1.14131,5.06997,False,70
352,1.13973,4.00162,False,70
353,4.06679,7.08274,False,70
354,4.13408,5.08397,False,70
355,1.08842,3.11932,False,70
357,1.07657,4.13655,False,70
358,1.04392,3.10103,False,70
359,1.12519,3.1005,False,70
361,1.07611,5.09533,False,70
363,5.09805,5.08186,False,70
364,5.11505,5.09263,False,70
365,1.12409,3.1078,False,70
366,1.10476,1.12667,False,70
367,5.07495,5.07353,False,70
370,1.10063,3.11624,False,70
371,1.14426,3.06211,False,70
372,1.14277,6.0038,False,70
373,1.12231,1.1392,False,70
374,1.00702,7.11327,False,70
375,1.02919,1.09557,False,70
376,1.07153,1.05203,False,70
377,1.07274,1.01034,False,70
378,3.0104,3.11506,False,70
379,3.04205,1.10368,False,70
380,4.0066,3.0785,False,70
381,1.07235,1.13259,False,70
383,1.05234,5.11117,False,70
384,1.13886,5.14568,False,70
385,1.02292,5.13818,False,70
386,1.03834,5.08675,False,70
387,1.03014,4.06955,False,70
388,1.05484,1.14253,False,70
389,1.05115,2.0921,False,70
390,1.04813,2.13867,False,70
391,1.01001,3.07151,False,70
394,1.03694,5.13762,False,70
395,5.10059,1.10819,False,70
396,5.11653,1.01256,False,70
397,5.10078,1.12919,False,70
398,5.12995,3.04046,False,70
403,1.02844,4.08248,False,70
404,5.14489,4.12402,False,70
405,5.03594,1.11569,False,70
406,1.07038,1.0,False,70
407,4.13631,3.06127,False,70
408,1.0,1.07479,True,70
412,5.0001,6.14508,False,70
413,5.0078,1.13735,False,70
414,5.00222,6.09127,False,70
415,5.02007,3.08318,False,70
416,3.09574,5.12815,False,70
417,1.1408800000000001,3.02596,False,70
418,5.0989,5.04756,False,70
419,3.11575,5.09416,False,70
420,3.13938,3.01813,False,70
421,3.13091,5.13242,False,70
422,3.08635,5.08668,False,70
423,1.11318,3.0185,False,70
425,1.03844,1.10817,False,70
426,1.08474,4.08471,False,70
427,1.06759,1.14264,False,70
428,3.10753,3.11201,False,70
429,3.0663,3.08107,False,70
1,1.01777,3.06037,False,71
3,1.03701,1.03428,False,71
5,1.07554,7.1008,False,71
6,1.05956,3.05639,False,71
7,1.00194,1.0,False,71
9,1.0270299999999999,1.1199,False,71
10,1.06346,1.0506199999999999,False,71
11,1.04007,1.0,False,71
13,1.07326,1.14565,False,71
17,1.06516,4.09718,False,71
18,1.02359,1.14102,False,71
19,1.0,3.00144,True,71
21,1.0982,3.07376,False,71
22,1.14263,1.13912,False,71
25,1.05447,4.07848,False,71
29,1.02085,1.14361,False,71
30,1.02221,1.14065,False,71
69,1.0006,4.12735,False,71
70,3.00387,3.06382,False,71
71,1.11389,3.0204,False,71
72,3.05028,3.13402,False,71
73,3.00804,3.12221,False,71
74,3.03037,3.02967,False,71
75,4.00942,3.09321,False,71
76,1.13821,3.0088,False,71
77,3.0589,1.14018,False,71
78,1.09656,3.00296,False,71
79,1.1329,3.02273,False,71
82,1.07966,4.14046,False,71
83,1.01684,3.08231,False,71
84,3.1426,1.0,False,71
85,1.0,1.00859,True,71
86,1.0,4.04734,True,71
91,1.03215,1.14328,False,71
92,1.11343,3.01191,False,71
93,1.1152,3.02241,False,71
95,1.10376,1.14508,False,71
98,1.05667,5.10438,False,71
99,2.04685,5.06898,False,71
100,1.10149,6.03277,False,71
101,1.04967,3.11677,False,71
103,1.13038,5.12546,False,71
104,1.08277,5.1473700000000004,False,71
106,1.10398,5.05897,False,71
107,1.00261,6.04806,False,71
109,1.11749,4.04887,False,71
110,1.1067,3.13343,False,71
111,1.03975,3.07024,False,71
112,1.00696,2.06466,False,71
113,1.09635,3.10457,False,71
114,1.01955,1.13967,False,71
115,1.12351,1.12911,False,71
116,1.03144,3.08294,False,71
117,1.02367,1.14239,False,71
118,1.07697,3.06696,False,71
120,1.00872,4.10852,False,71
121,1.00059,1.14632,False,71
122,1.0049,1.1405,False,71
123,1.0011,1.07497,False,71
124,1.0189,7.14707,False,71
125,5.02907,4.11107,False,71
126,5.10479,5.12347,False,71
127,1.03644,4.14,False,71
128,1.00486,5.14195,False,71
129,1.12731,5.02465,False,71
130,5.14649,5.12683,False,71
131,1.00912,1.1474,False,71
133,1.00359,1.1360000000000001,False,71
134,1.00328,1.13471,False,71
135,1.04848,1.1414,False,71
136,1.01401,1.13646,False,71
137,1.0,1.14296,True,71
139,1.02865,1.13036,False,71
140,1.06965,1.11554,False,71
141,1.09035,1.13843,False,71
142,1.05554,1.02079,False,71
143,1.0045,1.1469,False,71
144,1.12329,1.1444,False,71
145,1.0,5.00137,True,71
146,1.0,1.0,True,71
147,1.13734,1.0,False,71
148,1.0,1.0,True,71
149,1.0,3.05647,True,71
150,5.12532,1.0,False,71
151,1.0,1.05528,True,71
153,1.11586,1.13362,False,71
154,1.10602,5.12756,False,71
155,1.02475,7.02134,False,71
156,1.10551,1.10594,False,71
157,1.01073,1.13663,False,71
158,1.03871,3.11785,False,71
159,1.02188,3.13048,False,71
160,1.06778,3.04468,False,71
161,1.07962,3.04821,False,71
162,4.1186,4.09807,False,71
164,1.03036,7.0391,False,71
165,5.00128,1.12801,False,71
166,5.11649,5.06265,False,71
167,1.1154,1.04475,False,71
168,5.09248,1.0,False,71
169,5.1106,5.08946,False,71
173,1.08288,4.07378,False,71
175,1.04428,1.04215,False,71
176,1.09686,1.13096,False,71
177,1.12997,5.12423,False,71
178,4.00298,6.09341,False,71
179,1.1442,5.12819,False,71
180,2.09142,5.13882,False,71
181,3.09526,5.08668,False,71
182,1.1284399999999999,5.10795,False,71
183,1.11342,5.06482,False,71
184,1.12229,7.10337,False,71
185,1.14042,5.02478,False,71
186,1.1215600000000001,7.05959,False,71
188,1.00425,5.128,False,71
189,4.10589,6.05833,False,71
190,1.13674,3.04982,False,71
191,1.09723,5.09025,False,71
192,1.08659,5.10244,False,71
193,6.0918,5.0254,False,71
194,1.13751,5.03332,False,71
195,1.12362,3.14321,False,71
197,1.00471,5.07566,False,71
198,1.08438,5.07898,False,71
199,3.05366,3.10295,False,71
200,1.10844,1.1289500000000001,False,71
201,1.05159,5.00171,False,71
202,7.06622,7.09317,False,71
203,4.11808,5.11056,False,71
204,1.14121,5.13984,False,71
206,1.00043,5.13621,False,71
207,1.1341,3.06777,False,71
208,1.10885,1.12525,False,71
209,3.00259,3.13009,False,71
210,3.07815,3.0818,False,71
211,3.11123,3.10162,False,71
212,1.0452,1.13073,False,71
213,1.0873599999999999,3.01331,False,71
216,1.11103,6.0244,False,71
217,1.13803,4.11957,False,71
218,1.10164,5.05792,False,71
219,1.1256599999999999,5.0058,False,71
222,1.12103,3.03051,False,71
225,4.06129,3.14451,False,71
226,1.08455,5.03404,False,71
227,4.05591,7.03025,False,71
229,3.12767,4.10038,False,71
230,3.08398,3.08192,False,71
233,1.00844,5.14644,False,71
234,3.08763,5.1043,False,71
235,3.03315,3.03143,False,71
236,1.10982,1.10318,False,71
237,1.09994,1.14669,False,71
242,1.01014,4.0791,False,71
243,1.11805,1.11255,False,71
251,4.12638,4.11394,False,71
252,1.1258,3.12783,False,71
253,1.00422,5.0274,False,71
254,1.00189,1.00849,False,71
255,1.08086,3.12402,False,71
256,1.02226,5.00705,False,71
257,1.02606,5.11856,False,71
258,1.13563,3.04465,False,71
259,3.05002,1.1347,False,71
260,1.0158,1.11491,False,71
262,1.00028,6.04322,False,71
263,1.00154,1.11028,False,71
264,1.11848,4.02147,False,71
265,1.10904,1.1134,False,71
270,3.04234,1.14711,False,71
271,1.12502,3.13151,False,71
272,1.14284,1.12778,False,71
273,1.12793,1.14694,False,71
274,1.04902,1.08407,False,71
275,3.07287,1.14358,False,71
280,1.00494,1.08581,False,71
289,1.08203,4.05909,False,71
290,1.12948,1.14245,False,71
291,1.1456,1.14531,False,71
292,1.07507,1.1322,False,71
293,5.01594,6.05653,False,71
294,5.00542,5.12317,False,71
295,5.01322,6.06532,False,71
296,5.00079,1.13337,False,71
297,1.04013,5.06189,False,71
298,1.01715,5.12443,False,71
299,1.09541,4.08732,False,71
300,1.00345,5.06353,False,71
301,1.01398,3.12918,False,71
302,1.09987,5.09066,False,71
303,1.04424,3.06196,False,71
308,1.00758,6.08099,False,71
317,1.01608,5.03213,False,71
318,1.10294,6.06101,False,71
319,1.0383,5.12414,False,71
320,1.01022,5.07006,False,71
321,1.07666,4.07913,False,71
322,1.03029,3.1324899999999998,False,71
323,1.02102,3.08517,False,71
324,1.03603,3.13262,False,71
325,1.04507,5.11452,False,71
326,1.07345,3.02362,False,71
328,1.08076,5.09595,False,71
329,1.13938,6.05282,False,71
330,1.13175,5.1396,False,71
331,1.04677,5.02309,False,71
332,1.13194,5.06046,False,71
333,3.1308,5.13346,False,71
334,1.1245,1.10236,False,71
335,1.09164,5.0678,False,71
336,1.01045,5.10437,False,71
337,1.05091,5.09022,False,71
339,1.03063,5.12133,False,71
340,1.0,1.04025,True,71
341,1.0,5.08392,True,71
342,6.09756,1.06538,False,71
343,1.0,1.0,True,71
346,1.11098,5.00116,False,71
347,1.13283,6.05473,False,71
348,1.09641,5.07646,False,71
349,1.00985,5.11898,False,71
350,1.12564,4.02244,False,71
351,1.14452,5.07665,False,71
352,1.05964,4.02773,False,71
353,4.05321,7.05294,False,71
354,4.0813,5.14474,False,71
355,1.04279,3.08376,False,71
357,1.05872,4.07466,False,71
358,1.04545,3.0107,False,71
359,1.13524,3.06986,False,71
361,1.0878,5.11723,False,71
363,5.1181,5.09932,False,71
364,5.09995,5.08983,False,71
365,1.03076,3.1419,False,71
366,1.13068,1.1228,False,71
367,5.011,5.09172,False,71
370,1.09728,3.12627,False,71
371,1.14628,4.10348,False,71
372,1.14691,6.07044,False,71
373,1.14248,1.1408800000000001,False,71
374,1.00527,7.13806,False,71
375,1.14425,3.04736,False,71
376,1.00671,1.14126,False,71
377,1.0206,1.13729,False,71
378,3.07193,3.06537,False,71
379,3.10681,1.14714,False,71
380,4.04976,3.11899,False,71
381,1.08141,1.14022,False,71
383,1.07308,5.13644,False,71
384,1.14421,5.142,False,71
385,1.01705,5.13598,False,71
386,1.01172,5.09189,False,71
387,1.01582,4.03593,False,71
388,1.01281,1.13894,False,71
389,1.06233,2.08979,False,71
390,1.01195,5.14697,False,71
391,1.06806,3.10306,False,71
394,1.00256,5.10078,False,71
395,5.04876,1.0858,False,71
396,5.09774,1.0707200000000001,False,71
397,5.14573,1.12303,False,71
398,5.09042,3.00896,False,71
403,1.05902,4.08019,False,71
404,5.0132,4.10288,False,71
405,5.12264,1.02874,False,71
406,1.00237,1.0,False,71
407,4.12457,3.03039,False,71
408,1.0,1.04288,True,71
412,5.00083,6.14601,False,71
413,5.0097,1.14207,False,71
414,5.02521,6.1292,False,71
415,5.00496,3.09507,False,71
416,3.14106,3.01287,False,71
417,1.1443,3.13334,False,71
418,5.0778,5.07183,False,71
419,3.09053,5.12227,False,71
420,3.11791,3.05285,False,71
421,3.0715,5.04603,False,71
422,3.13319,3.07649,False,71
423,1.12035,3.11853,False,71
425,1.03734,7.06121,False,71
426,1.08634,4.07312,False,71
427,1.08802,1.139,False,71
428,3.07812,3.07095,False,71
429,3.02781,3.07805,False,71
1,1.10211,3.054,False,72
3,1.09219,1.0352,False,72
5,1.05987,7.00389,False,72
6,1.11625,3.01827,False,72
7,1.04954,1.0,False,72
9,1.04506,1.14407,False,72
10,1.10865,1.1218,False,72
11,1.09385,1.0,False,72
13,1.05192,1.14284,False,72
17,1.04576,3.06298,False,72
18,1.05668,1.06509,False,72
19,1.0,3.13014,True,72
21,1.09627,4.10081,False,72
22,1.13594,1.13879,False,72
25,1.03535,4.00717,False,72
29,1.00968,1.1457600000000001,False,72
30,1.12401,1.12633,False,72
69,1.01294,4.02141,False,72
70,3.03406,3.02375,False,72
71,1.0781,3.01642,False,72
72,3.04235,3.13279,False,72
73,3.04528,3.03664,False,72
74,3.04262,7.10398,False,72
75,4.0233,3.11518,False,72
76,1.12396,1.1325,False,72
77,3.01834,1.13612,False,72
78,1.10743,3.0672,False,72
79,1.09764,3.06135,False,72
82,1.09599,4.13899,False,72
83,1.0105,3.03234,False,72
84,3.13099,1.0,False,72
85,1.12436,1.0,False,72
86,1.0,4.02255,True,72
91,1.04666,1.13939,False,72
92,1.09656,1.14582,False,72
93,1.12934,3.13168,False,72
95,1.02195,1.14541,False,72
98,1.12718,5.07926,False,72
99,2.03404,5.04201,False,72
100,1.12893,6.11126,False,72
101,1.06896,3.09458,False,72
103,1.12336,5.08093,False,72
104,1.12724,5.1154,False,72
106,1.1305399999999999,5.14558,False,72
107,1.00251,6.04335,False,72
109,1.10717,4.05679,False,72
110,1.12513,3.10225,False,72
111,1.01847,3.07206,False,72
112,1.01514,2.12651,False,72
113,1.08971,3.10068,False,72
114,1.00003,1.11463,False,72
115,1.06579,1.13531,False,72
116,1.0008,3.09839,False,72
117,1.0644,1.14107,False,72
118,1.01097,3.06191,False,72
120,1.00002,4.11765,False,72
121,1.00973,1.14445,False,72
122,1.02093,1.14453,False,72
123,1.00038,1.12884,False,72
124,1.00392,7.02651,False,72
125,5.06586,4.09202,False,72
126,5.03725,5.01041,False,72
127,1.11098,4.14324,False,72
128,1.00122,5.0843,False,72
129,1.11601,5.12461,False,72
130,5.13726,5.11908,False,72
131,1.07686,1.12831,False,72
133,1.00001,1.1428099999999999,False,72
134,1.00085,1.11016,False,72
135,1.01774,1.12479,False,72
136,1.05206,1.05449,False,72
137,1.03651,1.01923,False,72
139,1.03718,1.03324,False,72
140,1.03709,1.12602,False,72
141,1.07824,1.1344400000000001,False,72
142,1.11769,1.08639,False,72
143,1.01216,1.13042,False,72
144,1.12287,1.11069,False,72
145,1.0,5.08697,True,72
146,1.0,1.0,True,72
147,1.06923,1.0,False,72
148,1.0,1.0,True,72
149,1.0,3.00589,True,72
150,5.01517,1.0,False,72
151,1.0,1.10832,True,72
153,1.1379,1.13451,False,72
154,1.08619,5.13587,False,72
155,1.01437,7.04682,False,72
156,1.09274,1.13729,False,72
157,1.00969,1.12599,False,72
158,1.017,3.04749,False,72
159,1.07503,3.13049,False,72
160,1.07631,3.06132,False,72
161,1.01869,3.12613,False,72
162,4.08442,4.05035,False,72
164,1.0089,7.1041,False,72
165,5.05406,1.04351,False,72
166,5.12245,5.07924,False,72
167,1.0821,1.04913,False,72
168,5.04096,1.0,False,72
169,5.11507,5.00621,False,72
173,1.09048,4.12203,False,72
175,1.07251,1.06795,False,72
176,1.06017,1.05605,False,72
177,1.12024,5.14451,False,72
178,4.04766,6.08282,False,72
179,1.13878,5.09616,False,72
180,2.086,5.06244,False,72
181,3.0535,5.12177,False,72
182,1.13034,5.0028,False,72
183,1.14644,5.13051,False,72
184,1.12005,7.04176,False,72
185,1.1421999999999999,5.10148,False,72
186,1.11023,7.09918,False,72
188,1.00824,5.14171,False,72
189,4.14268,6.06895,False,72
190,1.13489,3.11249,False,72
191,1.08256,5.12592,False,72
192,1.1311,5.1223,False,72
193,6.06753,5.05596,False,72
194,1.13203,5.1283,False,72
195,1.12267,3.03496,False,72
197,1.00439,5.09186,False,72
198,1.12182,5.0048,False,72
199,1.12899,5.09138,False,72
200,1.12158,1.12079,False,72
201,1.12812,1.14675,False,72
202,7.06173,7.06056,False,72
203,4.00551,5.12485,False,72
204,1.07285,5.00641,False,72
206,1.00474,5.04655,False,72
207,1.11692,3.02183,False,72
208,1.11833,1.13064,False,72
209,3.01578,3.13896,False,72
210,3.01542,3.11849,False,72
211,3.1030699999999998,3.0258,False,72
212,1.10908,1.1209,False,72
213,1.07429,3.10766,False,72
216,1.10825,6.01421,False,72
217,1.14389,4.11487,False,72
218,1.12874,5.08947,False,72
219,1.14202,5.0315,False,72
222,1.11144,3.07538,False,72
225,4.07961,3.10373,False,72
226,1.0922,5.08458,False,72
227,4.07367,7.1112,False,72
229,3.1156800000000002,4.1163,False,72
230,3.03031,4.12636,False,72
233,1.00353,5.14596,False,72
234,3.06075,5.07709,False,72
235,3.02131,5.1055,False,72
236,1.06792,1.08934,False,72
237,1.10807,1.11322,False,72
242,1.01196,4.14668,False,72
243,1.13656,1.12648,False,72
251,4.10135,4.10347,False,72
252,1.13373,3.05263,False,72
253,1.01081,5.08982,False,72
254,1.02259,1.13825,False,72
255,1.03042,3.14125,False,72
256,1.03588,5.06748,False,72
257,1.07906,5.03098,False,72
258,1.12337,3.05963,False,72
259,3.05196,1.12537,False,72
260,1.13058,1.07019,False,72
262,1.00356,6.08251,False,72
263,1.02708,1.13985,False,72
264,1.12847,4.03984,False,72
265,1.12845,1.14357,False,72
270,3.04229,1.13493,False,72
271,1.1320999999999999,3.03367,False,72
272,1.13196,1.12681,False,72
273,1.09592,1.14736,False,72
274,1.08558,1.1389,False,72
275,3.02864,1.12197,False,72
280,1.05891,1.11828,False,72
289,1.0665499999999999,3.08894,False,72
290,1.0889199999999999,1.12429,False,72
291,1.13079,1.1469,False,72
292,1.06511,1.12553,False,72
293,5.00899,5.14174,False,72
294,5.02871,5.03807,False,72
295,5.0283,6.09232,False,72
296,5.00693,1.07253,False,72
297,1.11714,5.12162,False,72
298,1.02466,5.05859,False,72
299,1.08323,4.02072,False,72
300,1.02158,5.04599,False,72
301,1.12793,3.08745,False,72
302,1.06648,5.04021,False,72
303,3.05234,3.13886,False,72
308,1.00307,6.1095,False,72
317,1.01997,5.09313,False,72
318,1.10028,6.03536,False,72
319,1.03046,5.07826,False,72
320,1.03104,2.13828,False,72
321,1.0765,4.07854,False,72
322,1.05549,3.01661,False,72
323,1.00195,3.14556,False,72
324,1.0015,3.07373,False,72
325,1.05515,5.11163,False,72
326,1.01068,3.14408,False,72
328,1.04411,5.07671,False,72
329,1.13938,6.0591,False,72
330,1.08388,5.12877,False,72
331,1.08583,5.05694,False,72
332,1.13375,5.08204,False,72
333,3.03481,5.05399,False,72
334,1.07498,1.12357,False,72
335,1.1197300000000001,5.13646,False,72
336,1.07736,5.08236,False,72
337,1.06739,5.11025,False,72
339,1.014,5.09206,False,72
340,1.0,1.13593,True,72
341,1.0,5.00556,True,72
342,6.05885,1.11821,False,72
343,1.0,1.0,True,72
346,1.11214,3.12499,False,72
347,1.10917,6.05476,False,72
348,1.05758,5.04714,False,72
349,1.00326,5.06624,False,72
350,1.13502,4.06484,False,72
351,1.09655,5.06187,False,72
352,1.07739,4.0076,False,72
353,4.06975,7.11183,False,72
354,4.04116,5.07582,False,72
355,1.0461,3.14095,False,72
357,1.04209,4.14232,False,72
358,1.07291,3.0114900000000002,False,72
359,1.11983,3.12455,False,72
361,1.07178,5.01894,False,72
363,5.13583,5.10214,False,72
364,5.06961,5.06926,False,72
365,1.0336,3.00904,False,72
366,1.10589,1.10504,False,72
367,5.0378,5.10218,False,72
370,1.10578,3.12864,False,72
371,1.14601,3.07044,False,72
372,1.14735,6.04166,False,72
373,1.13274,1.14648,False,72
374,1.00192,7.06372,False,72
375,1.13214,3.06632,False,72
376,1.06426,1.06858,False,72
377,1.14115,1.14071,False,72
378,3.14714,3.11742,False,72
379,3.0642,1.10076,False,72
380,4.02883,3.01717,False,72
381,1.14265,1.1304400000000001,False,72
383,1.01954,5.1312,False,72
384,1.13755,5.13673,False,72
385,1.01231,5.13983,False,72
386,1.06092,5.08263,False,72
387,1.01678,4.02024,False,72
388,1.00781,1.11281,False,72
389,1.06265,2.05977,False,72
390,1.00213,2.05877,False,72
391,1.02057,3.13532,False,72
394,1.00534,5.12822,False,72
395,5.13089,1.1446399999999999,False,72
396,5.11708,1.05325,False,72
397,5.04112,1.05028,False,72
398,5.13914,3.09506,False,72
403,1.02605,4.13078,False,72
404,5.06837,4.10982,False,72
405,5.11155,1.11906,False,72
406,1.04181,1.08572,False,72
407,4.02391,3.1414400000000002,False,72
408,1.0,1.12684,True,72
412,5.00054,6.07561,False,72
413,5.00308,1.14472,False,72
414,5.02281,6.08779,False,72
415,5.01227,3.13735,False,72
416,3.0811,3.04431,False,72
417,1.13111,3.00721,False,72
418,5.06162,5.04292,False,72
419,3.05103,5.13308,False,72
420,3.1402200000000002,3.05045,False,72
421,3.14479,5.13485,False,72
422,3.03045,3.00675,False,72
423,1.10296,3.01563,False,72
425,1.10658,7.08886,False,72
426,1.0726,4.13276,False,72
427,1.07425,1.1354,False,72
428,3.10136,3.08026,False,72
429,3.09078,3.09783,False,72
1,1.07374,3.03746,False,73
3,1.06228,1.06073,False,73
5,1.04138,7.11362,False,73
6,1.06419,3.10301,False,73
7,1.00639,1.0,False,73
9,1.05392,1.06998,False,73
10,1.03321,1.08371,False,73
11,1.0133,1.0,False,73
13,1.11502,1.11484,False,73
17,1.02147,3.06288,False,73
18,1.04217,1.08537,False,73
19,1.0,3.10413,True,73
21,1.09373,3.09538,False,73
22,1.13265,1.13551,False,73
25,1.05472,4.02731,False,73
29,1.00224,1.1245,False,73
30,1.06296,1.13756,False,73
69,1.00721,4.1041,False,73
70,3.03827,3.018,False,73
71,1.08914,3.0167,False,73
72,3.1294,3.11537,False,73
73,3.02111,3.08882,False,73
74,3.03885,7.009,False,73
75,4.03217,3.1269,False,73
76,1.13725,1.13556,False,73
77,3.09228,1.1402700000000001,False,73
78,1.09678,4.09012,False,73
79,1.11457,1.12732,False,73
82,1.07462,4.13113,False,73
83,1.05485,3.06713,False,73
84,3.05302,1.0,False,73
85,1.0,1.11602,True,73
86,1.0,4.09145,True,73
91,1.03275,1.14473,False,73
92,1.11037,1.14083,False,73
93,1.11611,3.0138,False,73
95,1.01587,1.13894,False,73
98,1.0393,5.04506,False,73
99,2.01039,5.12498,False,73
100,1.06323,6.14296,False,73
101,1.0098799999999999,3.11399,False,73
103,1.13255,5.06326,False,73
104,1.08992,5.11331,False,73
106,1.10781,5.04396,False,73
107,1.02081,6.13811,False,73
109,1.12535,4.0142,False,73
110,1.10721,3.06942,False,73
111,1.00511,3.07541,False,73
112,1.00393,2.11116,False,73
113,1.03508,3.08189,False,73
114,1.00339,1.14692,False,73
115,1.06652,1.11284,False,73
116,1.00317,3.04944,False,73
117,1.05634,1.119,False,73
118,1.04107,3.14601,False,73
120,1.00238,4.12734,False,73
121,1.01547,1.14443,False,73
122,1.00585,1.14224,False,73
123,1.00236,1.12249,False,73
124,1.0875,7.12451,False,73
125,5.02451,4.09301,False,73
126,5.06875,5.03901,False,73
127,1.07794,4.0829,False,73
128,1.03627,5.13762,False,73
129,1.14602,5.11031,False,73
130,5.14717,5.14326,False,73
131,1.09813,1.12397,False,73
133,1.01991,1.14094,False,73
134,1.0003,1.12329,False,73
135,1.05878,1.13138,False,73
136,1.1127,1.12832,False,73
137,1.07145,1.07049,False,73
139,1.02622,1.14533,False,73
140,1.07288,1.07432,False,73
141,1.01887,1.0674,False,73
142,1.03719,1.05696,False,73
143,1.02185,1.14321,False,73
144,1.06665,1.09506,False,73
145,1.0,5.09869,True,73
146,1.0,1.0,True,73
147,1.11593,1.0,False,73
148,1.0,1.0,True,73
149,1.0,3.02717,True,73
150,5.13441,1.0,False,73
151,1.04923,1.0,False,73
153,1.13468,1.14536,False,73
154,1.10069,5.00799,False,73
155,1.0199,7.02413,False,73
156,1.06177,1.14169,False,73
157,1.01459,1.10305,False,73
158,1.00328,3.06138,False,73
159,1.00626,3.01897,False,73
160,1.05689,3.08408,False,73
161,1.0935,3.05144,False,73
162,4.09778,4.06562,False,73
164,1.06348,7.12556,False,73
165,5.06398,1.11815,False,73
166,5.13499,5.03022,False,73
167,1.13282,1.11519,False,73
168,5.08318,1.0,False,73
169,5.13318,5.1328,False,73
173,1.09329,4.13329,False,73
175,1.06568,1.12165,False,73
176,1.06069,1.12059,False,73
177,1.11235,5.12394,False,73
178,4.00752,5.13376,False,73
179,1.13855,5.132,False,73
180,2.14683,5.09403,False,73
181,3.06758,5.05525,False,73
182,1.1373,5.00323,False,73
183,1.12782,5.1301,False,73
184,1.11369,7.1046,False,73
185,1.13609,5.1315,False,73
186,1.11808,7.1227,False,73
188,1.00175,7.01209,False,73
189,4.14702,6.12258,False,73
190,1.13874,3.12452,False,73
191,1.11168,5.12896,False,73
192,1.12852,5.09049,False,73
193,6.1448599999999995,5.10157,False,73
194,1.14308,5.12874,False,73
195,1.13578,3.00035,False,73
197,1.0108,5.12322,False,73
198,1.1013600000000001,5.01276,False,73
199,3.04458,4.1329,False,73
200,1.1402,1.13962,False,73
201,1.11941,1.13428,False,73
202,7.04386,7.13882,False,73
203,1.11755,5.14652,False,73
204,1.08026,5.03263,False,73
206,1.0043,5.0387,False,73
207,1.13395,3.00091,False,73
208,1.04096,1.13517,False,73
209,3.02929,3.12867,False,73
210,3.07127,3.12718,False,73
211,3.12454,3.00386,False,73
212,1.08809,1.1309,False,73
213,1.09519,3.10915,False,73
216,1.12364,6.02939,False,73
217,1.13708,4.08214,False,73
218,1.12433,5.13512,False,73
219,1.11244,5.00962,False,73
222,1.11436,3.08853,False,73
225,4.00591,3.14465,False,73
226,1.11261,5.00122,False,73
227,4.01178,7.05236,False,73
229,3.10712,4.00559,False,73
230,3.02495,3.11472,False,73
233,1.06746,5.12071,False,73
234,3.04158,5.00178,False,73
235,3.05743,5.02657,False,73
236,1.11385,1.1039,False,73
237,1.07406,1.13415,False,73
242,1.01012,4.07903,False,73
243,1.09358,1.0966,False,73
251,4.1056799999999996,4.10914,False,73
252,1.14616,3.13726,False,73
253,1.00734,5.07377,False,73
254,1.00792,1.12797,False,73
255,1.08276,3.0558,False,73
256,1.01157,5.01535,False,73
257,1.05491,5.01385,False,73
258,1.09672,3.04526,False,73
259,3.11195,1.0919699999999999,False,73
260,1.07995,1.06482,False,73
262,1.00132,6.06076,False,73
263,1.033,1.14522,False,73
264,1.10558,4.14627,False,73
265,1.14491,1.11513,False,73
270,3.01933,1.14033,False,73
271,1.13739,3.13259,False,73
272,1.08978,1.14433,False,73
273,1.09912,1.09826,False,73
274,1.13635,1.134,False,73
275,3.06129,1.13483,False,73
280,1.00873,1.13164,False,73
289,1.06159,4.02654,False,73
290,1.10637,1.14532,False,73
291,1.11812,1.13853,False,73
292,1.07135,1.14429,False,73
293,5.01422,5.11952,False,73
294,5.00335,5.01351,False,73
295,5.00598,6.01381,False,73
296,5.00927,1.05803,False,73
297,1.12479,5.12147,False,73
298,1.02359,5.13919,False,73
299,1.07444,4.07209,False,73
300,1.02367,5.10299,False,73
301,1.00111,3.08496,False,73
302,1.07587,5.10569,False,73
303,1.14535,3.12085,False,73
308,1.004,6.10025,False,73
317,1.03039,3.10355,False,73
318,1.10174,6.11334,False,73
319,1.05781,5.09804,False,73
320,1.09653,2.05255,False,73
321,1.00258,4.07298,False,73
322,1.00727,3.09246,False,73
323,1.02383,3.02753,False,73
324,1.04277,3.06301,False,73
325,1.05538,5.0371,False,73
326,1.02049,3.03771,False,73
328,1.07347,5.11647,False,73
329,1.14527,6.06487,False,73
330,1.11123,5.1433,False,73
331,1.01819,3.14133,False,73
332,1.14466,5.12729,False,73
333,3.0828699999999998,5.0186,False,73
334,1.13268,1.10947,False,73
335,1.09827,5.11227,False,73
336,1.11347,5.11226,False,73
337,1.11636,5.08852,False,73
339,1.01661,5.14216,False,73
340,1.0,1.00097,True,73
341,1.0,5.11498,True,73
342,6.04724,1.03482,False,73
343,1.0,1.0,True,73
346,1.09167,5.12345,False,73
347,1.12878,6.01627,False,73
348,1.09401,5.07357,False,73
349,1.04352,5.03701,False,73
350,1.1468099999999999,4.01836,False,73
351,1.14178,5.11256,False,73
352,1.09027,4.03013,False,73
353,4.07314,7.09354,False,73
354,4.09553,5.10918,False,73
355,1.07236,3.14195,False,73
357,1.05965,4.11908,False,73
358,1.04838,3.12089,False,73
359,1.1267800000000001,3.0447,False,73
361,1.0915,5.07483,False,73
363,5.11583,5.10139,False,73
364,5.13455,5.12474,False,73
365,1.13482,3.02296,False,73
366,1.12568,1.12404,False,73
367,5.07384,5.06308,False,73
370,1.10059,3.14482,False,73
371,1.14458,3.0269,False,73
372,1.14686,6.00289,False,73
373,1.09367,1.11313,False,73
374,1.02874,7.11174,False,73
375,1.01286,1.13721,False,73
376,1.0213700000000001,1.10543,False,73
377,1.13548,1.02192,False,73
378,3.13497,3.1265,False,73
379,3.09315,1.13058,False,73
380,4.06668,3.11131,False,73
381,1.06035,1.13308,False,73
383,1.03646,5.04886,False,73
384,1.13324,5.11349,False,73
385,1.00749,5.14019,False,73
386,1.0336400000000001,5.07951,False,73
387,1.0222,4.06352,False,73
388,1.00374,1.14389,False,73
389,1.03461,2.03686,False,73
390,1.01469,5.11727,False,73
391,1.02234,3.04501,False,73
394,1.00833,5.10625,False,73
395,5.01053,1.14575,False,73
396,5.14639,1.00969,False,73
397,5.10874,1.09482,False,73
398,5.00724,3.05725,False,73
403,1.09327,4.05975,False,73
404,5.1106,4.02526,False,73
405,5.13218,1.07926,False,73
406,1.04035,1.0,False,73
407,4.13877,3.01901,False,73
408,1.0,1.11824,True,73
412,5.00194,6.063,False,73
413,5.00012,5.1357099999999996,False,73
414,5.00703,6.08591,False,73
415,5.00837,3.0813,False,73
416,3.09338,3.02954,False,73
417,1.1400000000000001,3.12484,False,73
418,5.10353,5.02117,False,73
419,3.1093,5.07476,False,73
420,3.06428,3.04512,False,73
421,3.10852,5.1469,False,73
422,3.04298,5.02016,False,73
423,1.11545,3.05886,False,73
425,1.056,1.09636,False,73
426,1.08117,4.10107,False,73
427,1.13296,1.14524,False,73
428,3.03157,3.02807,False,73
429,3.01224,3.03859,False,73
1,1.10768,3.03406,False,74
3,1.04029,1.00495,False,74
5,1.01902,7.10934,False,74
6,1.02678,3.00272,False,74
7,1.03551,1.0,False,74
9,1.0113,1.12439,False,74
10,1.02054,1.1009,False,74
11,1.0502,1.0,False,74
13,1.10301,1.11921,False,74
17,1.04725,4.01426,False,74
18,1.03788,1.05436,False,74
19,1.0,3.02639,True,74
21,1.07911,4.05739,False,74
22,1.13276,1.13771,False,74
25,1.016,4.04906,False,74
29,1.01469,1.13683,False,74
30,1.07545,1.13449,False,74
69,1.00117,4.12605,False,74
70,3.02743,3.07294,False,74
71,1.04354,3.03186,False,74
72,3.07193,3.10691,False,74
73,3.02962,3.02498,False,74
74,3.05437,3.03839,False,74
75,4.06587,3.08903,False,74
76,1.13929,3.08951,False,74
77,3.00615,1.14399,False,74
78,1.09401,4.03583,False,74
79,1.10966,3.11003,False,74
82,1.00783,4.12424,False,74
83,1.00725,3.0075,False,74
84,3.1188,1.0,False,74
85,1.11232,1.0,False,74
86,1.0,4.07894,True,74
91,1.0466,1.12925,False,74
92,1.10855,3.04851,False,74
93,1.13461,3.10518,False,74
95,1.04898,1.135,False,74
98,1.0832,5.14075,False,74
99,2.04873,5.09841,False,74
100,1.10852,6.14277,False,74
101,1.02691,3.12951,False,74
103,1.14257,5.03902,False,74
104,1.11462,5.00253,False,74
106,1.13635,5.05786,False,74
107,1.01689,6.06049,False,74
109,1.13325,4.09759,False,74
110,1.11527,3.04832,False,74
111,1.03906,3.12175,False,74
112,1.0422,2.07214,False,74
113,1.04499,3.098,False,74
114,1.04033,1.13366,False,74
115,1.07658,1.13693,False,74
116,1.0416,3.07796,False,74
117,1.09447,1.1451500000000001,False,74
118,1.09464,3.13747,False,74
120,1.00233,4.13101,False,74
121,1.00408,1.11774,False,74
122,1.00388,1.1447,False,74
123,1.00778,1.13471,False,74
124,1.03193,7.0241,False,74
125,5.00826,4.14404,False,74
126,5.11915,5.09778,False,74
127,1.08766,4.12245,False,74
128,1.0088,5.10838,False,74
129,1.08093,5.00466,False,74
130,5.13936,5.12318,False,74
131,1.12897,1.07325,False,74
133,1.00007,1.14705,False,74
134,1.00097,1.11306,False,74
135,1.0023,1.0995,False,74
136,1.02825,1.12843,False,74
137,1.0,1.06944,True,74
139,1.0106,1.13003,False,74
140,1.0683,1.05698,False,74
141,1.04896,1.03215,False,74
142,1.00696,1.14624,False,74
143,1.05126,1.14155,False,74
144,1.03857,1.10678,False,74
145,5.00078,1.0,False,74
146,1.0,1.0,True,74
147,1.05247,1.0,False,74
148,1.0,1.0,True,74
149,1.0,3.13046,True,74
150,5.12756,1.0,False,74
151,1.0,1.10397,True,74
153,1.13891,1.14688,False,74
154,1.0925799999999999,5.14495,False,74
155,1.02279,7.06157,False,74
156,1.07764,3.01824,False,74
157,1.02256,1.10284,False,74
158,1.0543,3.00546,False,74
159,1.06414,3.0277,False,74
160,1.06031,3.11919,False,74
161,1.07323,3.09812,False,74
162,4.0764,4.0805,False,74
164,1.02369,7.07442,False,74
165,5.12866,1.14353,False,74
166,5.08166,5.06432,False,74
167,1.13458,1.03746,False,74
168,5.10145,1.0,False,74
169,5.13063,5.10779,False,74
173,1.08258,4.01004,False,74
175,1.06609,1.05176,False,74
176,1.13982,1.07798,False,74
177,1.1248,5.06866,False,74
178,4.02592,6.11937,False,74
179,1.12537,5.10705,False,74
180,2.05805,5.11759,False,74
181,3.06653,5.11248,False,74
182,1.12585,5.05451,False,74
183,1.12776,5.04097,False,74
184,1.09625,7.0659,False,74
185,1.13135,5.06688,False,74
186,1.13421,7.07819,False,74
188,1.00349,5.13649,False,74
189,4.10504,6.00767,False,74
190,3.04575,3.14671,False,74
191,1.10153,5.11373,False,74
192,1.13862,5.11339,False,74
193,6.09335,5.01319,False,74
194,1.12323,5.14331,False,74
195,1.1446399999999999,3.03199,False,74
197,1.00077,5.13615,False,74
198,1.1331,5.12007,False,74
199,1.13398,4.04682,False,74
200,1.13315,1.14308,False,74
201,1.0872,5.04147,False,74
202,7.05783,7.04156,False,74
203,4.1442,5.09907,False,74
204,1.00835,5.1326,False,74
206,1.00144,5.00959,False,74
207,1.09166,3.10631,False,74
208,1.03775,1.12731,False,74
209,3.00974,3.08467,False,74
210,3.01289,3.14416,False,74
211,3.09628,3.05201,False,74
212,1.07461,1.14218,False,74
213,1.06971,3.02297,False,74
216,1.11626,6.05467,False,74
217,1.1362700000000001,4.07083,False,74
218,1.14191,5.13502,False,74
219,1.14665,5.09897,False,74
222,1.13481,3.06347,False,74
225,4.00296,3.13052,False,74
226,1.10383,5.12407,False,74
227,4.02832,7.02589,False,74
229,3.10737,4.08557,False,74
230,3.04897,3.11182,False,74
233,1.01796,5.13864,False,74
234,3.01053,5.11546,False,74
235,3.06872,3.0065,False,74
236,1.13516,1.0838,False,74
237,1.11645,1.05775,False,74
242,1.01653,4.09657,False,74
243,1.11001,1.06113,False,74
251,4.09042,4.09836,False,74
252,1.14455,3.10839,False,74
253,1.04606,5.01511,False,74
254,1.01115,1.02464,False,74
255,1.01896,3.04599,False,74
256,1.03934,5.02827,False,74
257,1.03761,5.00933,False,74
258,1.03939,3.00513,False,74
259,1.09356,1.0893,False,74
260,1.06691,1.1269,False,74
262,1.00805,6.13976,False,74
263,1.07725,1.1219,False,74
264,1.09284,4.10987,False,74
265,1.14245,1.14702,False,74
270,3.0879,1.1408800000000001,False,74
271,1.1414,3.11929,False,74
272,1.11411,1.1381000000000001,False,74
273,1.14273,1.14364,False,74
274,1.08899,1.13396,False,74
275,3.02402,1.1354899999999999,False,74
280,1.00075,1.14304,False,74
289,1.07038,4.12129,False,74
290,1.12659,1.14704,False,74
291,1.14306,1.13485,False,74
292,1.08186,1.12161,False,74
293,5.00331,6.0433,False,74
294,5.01688,5.09374,False,74
295,5.00034,6.1167,False,74
296,5.01489,5.08035,False,74
297,1.1305399999999999,5.10156,False,74
298,1.04303,5.11385,False,74
299,1.10299,4.00628,False,74
300,1.0594999999999999,5.01212,False,74
301,1.07733,3.10863,False,74
302,1.01594,5.13339,False,74
303,1.13804,3.05511,False,74
308,1.0029,6.13381,False,74
317,1.00878,5.05526,False,74
318,1.08795,6.11895,False,74
319,1.06149,5.14342,False,74
320,1.01999,5.1427,False,74
321,1.00425,4.09282,False,74
322,1.06476,3.07585,False,74
323,1.0157,3.09326,False,74
324,1.03626,3.12809,False,74
325,1.08772,5.01411,False,74
326,1.00737,3.06463,False,74
328,1.08277,5.13909,False,74
329,1.13433,6.12492,False,74
330,1.1275,5.13223,False,74
331,1.05781,5.01538,False,74
332,1.14105,5.14438,False,74
333,3.10054,5.12396,False,74
334,1.13264,1.12779,False,74
335,1.11712,5.13399,False,74
336,1.03137,5.08671,False,74
337,1.07468,5.12958,False,74
339,1.03099,5.0744,False,74
340,1.0,1.06681,True,74
341,1.0,5.12438,True,74
342,6.11365,1.05562,False,74
343,1.0,1.0,True,74
346,1.10827,3.03793,False,74
347,1.12757,6.00716,False,74
348,1.11113,5.13567,False,74
349,1.01016,5.01771,False,74
350,3.0538,4.14252,False,74
351,1.14117,5.05951,False,74
352,1.11702,4.08986,False,74
353,4.05375,7.00967,False,74
354,4.02056,5.10851,False,74
355,1.02807,3.14422,False,74
357,1.06025,4.13497,False,74
358,1.08292,3.10926,False,74
359,1.11442,3.00177,False,74
361,1.05169,5.10125,False,74
363,5.0591,5.05083,False,74
364,5.0753,5.07142,False,74
365,1.08125,3.13687,False,74
366,1.1334,1.14487,False,74
367,5.07682,5.14103,False,74
370,1.10529,3.11611,False,74
371,1.14511,3.05872,False,74
372,1.14286,6.09396,False,74
373,1.10935,1.138,False,74
374,1.00658,7.0658,False,74
375,1.1287099999999999,1.00298,False,74
376,1.10104,1.03463,False,74
377,1.10261,1.10736,False,74
378,3.06941,3.12192,False,74
379,3.07736,1.08154,False,74
380,4.00463,3.10461,False,74
381,1.04246,1.1446,False,74
383,1.08599,5.095,False,74
384,1.14445,5.08452,False,74
385,1.01615,5.10174,False,74
386,1.01203,5.05721,False,74
387,1.01507,4.0343,False,74
388,1.02304,1.08108,False,74
389,1.08344,2.11311,False,74
390,1.02897,5.02839,False,74
391,1.05125,3.11631,False,74
394,1.00109,5.0752,False,74
395,5.11769,1.08811,False,74
396,5.10688,1.00142,False,74
397,5.04308,1.07014,False,74
398,5.10027,3.14259,False,74
403,1.00398,4.06438,False,74
404,5.04259,4.04726,False,74
405,5.00897,1.07512,False,74
406,1.03479,1.03402,False,74
407,4.03049,3.10663,False,74
408,1.0,1.08718,True,74
412,5.00066,6.08507,False,74
413,5.00583,5.13603,False,74
414,5.02666,6.13705,False,74
415,5.01427,3.06322,False,74
416,3.0396,3.03417,False,74
417,1.13582,3.03673,False,74
418,5.04892,5.04313,False,74
419,4.07271,3.07729,False,74
420,3.08428,3.01437,False,74
421,3.0619,5.0787,False,74
422,3.02984,3.01904,False,74
423,1.08012,3.04521,False,74
425,1.03935,1.14565,False,74
426,1.08917,4.08854,False,74
427,1.1127,1.1461000000000001,False,74
428,3.03254,3.02723,False,74
429,3.13102,3.07088,False,74
1,1.09876,3.02755,False,75
3,1.07412,1.02864,False,75
5,1.05351,7.01009,False,75
6,1.03725,3.01236,False,75
7,1.01367,1.0,False,75
9,1.00857,1.10355,False,75
10,1.00421,1.03555,False,75
11,1.044,1.0,False,75
13,1.11049,1.12821,False,75
17,1.05972,4.05724,False,75
18,1.07365,1.06258,False,75
19,1.0,3.07199,True,75
21,1.04932,4.04626,False,75
22,1.1365,1.14278,False,75
25,1.05168,1.13768,False,75
29,1.00224,1.14683,False,75
30,1.07155,1.13895,False,75
69,1.00258,4.13081,False,75
70,3.02318,3.09912,False,75
71,1.10839,3.07525,False,75
72,3.0096,3.12634,False,75
73,3.03615,3.13955,False,75
74,3.04312,3.02918,False,75
75,4.09245,3.10233,False,75
76,1.14692,1.14537,False,75
77,3.03822,1.12331,False,75
78,1.09514,3.01381,False,75
79,1.1232199999999999,3.00982,False,75
82,1.02179,4.11766,False,75
83,1.00432,3.08171,False,75
84,3.01655,1.0,False,75
85,1.0,1.06877,True,75
86,1.0,4.05445,True,75
91,1.05994,1.14618,False,75
92,1.1133,1.14738,False,75
93,1.14161,3.0882,False,75
95,1.05607,1.12551,False,75
98,1.04577,5.06862,False,75
99,2.02638,5.14046,False,75
100,1.12721,6.02536,False,75
101,1.0321,3.10858,False,75
103,1.13644,5.11793,False,75
104,1.10209,5.08138,False,75
106,1.08682,5.13187,False,75
107,1.01844,6.07883,False,75
109,1.09423,4.09143,False,75
110,1.10295,3.12822,False,75
111,1.00635,3.12195,False,75
112,1.03178,2.0233,False,75
113,1.0481,3.08333,False,75
114,1.01274,1.14313,False,75
115,1.1157,1.1302,False,75
116,1.00968,3.08162,False,75
117,1.02584,1.14252,False,75
118,1.01773,3.14308,False,75
120,1.00688,4.0488,False,75
121,1.00392,1.12747,False,75
122,1.00036,1.13625,False,75
123,1.00568,1.12377,False,75
124,1.01625,7.10668,False,75
125,5.03436,4.14581,False,75
126,5.0347,5.02458,False,75
127,1.01534,4.14112,False,75
128,1.01311,5.04571,False,75
129,1.13937,5.00159,False,75
130,5.10838,5.07951,False,75
131,1.12888,1.09308,False,75
133,1.008,1.14524,False,75
134,1.00611,1.09833,False,75
135,1.02844,1.11787,False,75
136,1.0082,1.11815,False,75
137,1.1405,1.1197300000000001,False,75
139,1.00855,1.05714,False,75
140,1.00101,1.13821,False,75
141,1.07429,1.0639,False,75
142,1.03317,1.13016,False,75
143,1.01129,1.14033,False,75
144,1.09854,6.03326,False,75
145,1.0,5.00824,True,75
146,1.0,1.0,True,75
147,1.07513,1.0,False,75
148,1.0,1.0,True,75
149,1.0,3.08581,True,75
150,5.13171,1.0,False,75
151,1.0,1.02456,True,75
153,1.12867,1.14467,False,75
154,1.11481,5.00541,False,75
155,1.00601,7.11816,False,75
156,1.05541,1.1449,False,75
157,1.01653,1.14638,False,75
158,1.03274,3.09929,False,75
159,1.08157,3.00816,False,75
160,1.06737,3.06959,False,75
161,1.03359,3.12541,False,75
162,4.10494,4.14136,False,75
164,1.03733,7.0381,False,75
165,5.04579,1.08407,False,75
166,5.14668,5.07637,False,75
167,1.11952,1.0166,False,75
168,5.12663,1.0,False,75
169,5.07106,5.05452,False,75
173,1.07836,4.04422,False,75
175,1.06609,1.0427,False,75
176,1.10855,1.01788,False,75
177,1.11863,5.11023,False,75
178,4.01207,5.13062,False,75
179,1.13869,5.14202,False,75
180,2.07303,5.08853,False,75
181,3.05417,5.05504,False,75
182,1.13116,5.02284,False,75
183,1.12317,5.11159,False,75
184,1.12925,7.04428,False,75
185,1.14329,5.01973,False,75
186,1.12127,7.12408,False,75
188,1.00281,5.13482,False,75
189,4.12539,6.1339500000000005,False,75
190,3.05356,3.08982,False,75
191,1.07061,5.08829,False,75
192,1.12026,5.13254,False,75
193,6.12063,5.01885,False,75
194,1.10511,5.10619,False,75
195,1.11346,3.09662,False,75
197,1.00012,5.13179,False,75
198,1.10593,5.07745,False,75
199,3.08498,4.09187,False,75
200,1.1423,1.14117,False,75
201,1.11921,1.14739,False,75
202,7.06019,7.1006,False,75
203,4.13899,5.04985,False,75
204,1.06815,5.0266,False,75
206,1.00104,5.07416,False,75
207,1.13765,3.05768,False,75
208,1.07464,1.14734,False,75
209,3.02216,3.09254,False,75
210,3.09039,3.11662,False,75
211,3.05402,3.03139,False,75
212,1.08208,1.13343,False,75
213,1.08803,3.0593,False,75
216,1.11163,6.14089,False,75
217,1.13782,4.06448,False,75
218,1.11486,5.06757,False,75
219,1.11379,5.03785,False,75
222,1.11465,3.13114,False,75
225,4.08868,3.12549,False,75
226,1.10649,5.05762,False,75
227,4.0171,7.12704,False,75
229,3.12471,4.11847,False,75
230,3.09654,3.14502,False,75
233,1.0101,5.14585,False,75
234,3.04748,5.0577,False,75
235,3.11022,3.03527,False,75
236,1.0436,1.13319,False,75
237,1.09821,1.09509,False,75
242,1.00041,4.08265,False,75
243,1.08275,1.1302699999999999,False,75
251,4.05822,4.11623,False,75
252,1.1428099999999999,3.03575,False,75
253,1.00698,5.0008,False,75
254,1.04338,1.07967,False,75
255,1.05612,3.00978,False,75
256,1.00798,5.07113,False,75
257,1.02537,5.08142,False,75
258,1.09495,3.0894,False,75
259,3.08155,1.14568,False,75
260,1.02169,1.09008,False,75
262,1.00455,6.11574,False,75
263,1.03787,1.14535,False,75
264,1.12431,4.00163,False,75
265,1.13134,1.13005,False,75
270,3.11853,1.13834,False,75
271,1.13719,3.06069,False,75
272,1.03872,1.13766,False,75
273,1.037,1.12223,False,75
274,1.12001,1.14722,False,75
275,3.06008,1.13106,False,75
280,1.00749,1.11923,False,75
289,1.07428,4.08123,False,75
290,1.09763,1.14203,False,75
291,1.1336,1.14561,False,75
292,1.09322,1.12487,False,75
293,5.01486,5.146,False,75
294,5.0235,5.10149,False,75
295,5.03728,6.01621,False,75
296,5.04763,1.08362,False,75
297,1.13573,5.10274,False,75
298,1.06294,5.07296,False,75
299,1.00669,4.08687,False,75
300,1.08195,5.07614,False,75
301,1.0765,3.10066,False,75
302,1.06797,5.08954,False,75
303,1.04413,3.07652,False,75
308,1.00734,6.08644,False,75
317,1.00205,5.04998,False,75
318,1.07811,6.06733,False,75
319,1.03644,5.0971,False,75
320,1.05685,5.05892,False,75
321,1.05006,4.03641,False,75
322,1.00906,3.14342,False,75
323,1.02549,3.04322,False,75
324,1.01128,3.02949,False,75
325,1.04027,5.05948,False,75
326,1.02452,3.05182,False,75
328,1.08235,5.12482,False,75
329,2.00966,6.01143,False,75
330,1.07898,5.13328,False,75
331,1.0136,5.08143,False,75
332,1.13471,5.02687,False,75
333,3.03768,5.12389,False,75
334,1.08703,1.14096,False,75
335,1.10646,5.05159,False,75
336,1.02873,5.09889,False,75
337,1.06979,5.14171,False,75
339,1.01313,5.13312,False,75
340,1.0,1.03162,True,75
341,1.0,5.08592,True,75
342,6.06585,1.1271,False,75
343,1.0,1.0,True,75
346,1.10907,5.11725,False,75
347,1.11786,6.08423,False,75
348,1.07851,5.04012,False,75
349,1.03163,5.0336,False,75
350,3.01849,4.02091,False,75
351,1.14396,5.05856,False,75
352,1.13466,4.04633,False,75
353,4.0678,7.07086,False,75
354,4.1413,5.14034,False,75
355,1.01462,3.14174,False,75
357,1.04521,4.13691,False,75
358,1.06623,3.12201,False,75
359,1.09856,3.09397,False,75
361,1.06827,5.0945,False,75
363,5.10763,5.06048,False,75
364,5.13192,5.11203,False,75
365,1.04642,3.08961,False,75
366,1.13531,1.12857,False,75
367,5.08219,5.07,False,75
370,1.10663,3.14269,False,75
371,1.14086,3.14048,False,75
372,1.1468,6.02614,False,75
373,1.08928,1.14556,False,75
374,1.01355,7.14662,False,75
375,1.07818,3.08318,False,75
376,1.00527,1.06262,False,75
377,1.13448,1.0749900000000001,False,75
378,3.03017,3.0832,False,75
379,3.14728,1.11435,False,75
380,4.00608,3.08238,False,75
381,1.13109,1.10709,False,75
383,1.09661,5.05087,False,75
384,1.1268,5.06718,False,75
385,1.00932,5.08035,False,75
386,1.03241,5.09317,False,75
387,1.00411,4.08734,False,75
388,1.00259,1.1375,False,75
389,1.0089,2.13101,False,75
390,1.03176,2.02787,False,75
391,1.01419,3.0932,False,75
394,1.01312,5.11154,False,75
395,5.06387,1.12672,False,75
396,5.12817,1.0705,False,75
397,5.02118,1.10836,False,75
398,5.10529,3.11234,False,75
403,1.00689,4.11936,False,75
404,5.06049,4.14374,False,75
405,5.02586,1.14238,False,75
406,1.03144,1.0,False,75
407,4.01643,3.13358,False,75
408,1.0,1.02994,True,75
412,5.00705,6.05919,False,75
413,5.00412,1.14567,False,75
414,5.02766,6.12294,False,75
415,5.02202,3.09394,False,75
416,3.01548,3.00235,False,75
417,1.1305,3.13659,False,75
418,5.04419,5.03559,False,75
419,3.12269,5.02476,False,75
420,3.13568,3.0534,False,75
421,3.11041,5.11851,False,75
422,3.01758,5.08526,False,75
423,1.13507,3.0284,False,75
425,1.00709,7.04272,False,75
426,1.08472,4.14358,False,75
427,1.11689,1.13914,False,75
428,3.11204,3.10515,False,75
429,3.1343,3.05023,False,75
1,1.08414,3.03424,False,76
3,1.09392,1.05427,False,76
5,1.05059,7.09655,False,76
6,1.03934,3.00081,False,76
7,1.02293,1.0,False,76
9,1.01527,1.06423,False,76
10,1.00383,1.03139,False,76
11,1.05391,1.0,False,76
13,1.11204,1.1379,False,76
17,1.03277,3.0637,False,76
18,1.06113,1.08335,False,76
19,1.0,3.0802,True,76
21,1.10452,3.0032,False,76
22,1.13646,1.12826,False,76
25,1.03041,4.0484,False,76
29,1.00181,1.14197,False,76
30,1.09385,1.13707,False,76
69,1.00129,4.08506,False,76
70,3.0162,3.07107,False,76
71,1.1002399999999999,3.02484,False,76
72,3.07528,3.09917,False,76
73,3.00054,3.1293,False,76
74,3.05919,3.05107,False,76
75,4.03762,3.10544,False,76
76,1.1455899999999999,1.14628,False,76
77,3.0098,1.14219,False,76
78,1.09769,3.13667,False,76
79,1.13372,3.0139,False,76
82,1.0735,4.12051,False,76
83,1.08965,3.08051,False,76
84,3.01723,1.0,False,76
85,1.01747,1.0,False,76
86,1.0,4.10684,True,76
91,1.0381,1.14358,False,76
92,1.10092,3.05567,False,76
93,1.13384,3.12321,False,76
95,1.02639,1.14337,False,76
98,1.09907,5.10391,False,76
99,2.00276,5.14533,False,76
100,1.11479,6.11198,False,76
101,1.07639,3.13133,False,76
103,1.1347800000000001,5.12362,False,76
104,1.06681,5.13096,False,76
106,1.09941,5.06155,False,76
107,1.02521,6.13623,False,76
109,1.10383,4.08877,False,76
110,1.13009,3.14043,False,76
111,1.00119,3.13447,False,76
112,1.01443,2.10879,False,76
113,1.09126,3.12117,False,76
114,1.03296,1.13398,False,76
115,1.12698,1.12664,False,76
116,1.01526,3.0796,False,76
117,1.05132,1.1465,False,76
118,1.02152,3.13762,False,76
120,1.00869,4.02792,False,76
121,1.00424,1.13018,False,76
122,1.00597,1.13865,False,76
123,1.02415,1.13284,False,76
124,1.0215,7.12997,False,76
125,5.03491,4.01205,False,76
126,5.02756,5.02357,False,76
127,1.1458599999999999,4.03673,False,76
128,1.02453,5.10639,False,76
129,1.1464699999999999,5.11988,False,76
130,5.1346,5.10297,False,76
131,1.07666,1.14423,False,76
133,1.01457,1.14608,False,76
134,1.00762,1.12543,False,76
135,1.068,1.13348,False,76
136,1.04833,1.12344,False,76
137,1.05731,1.11994,False,76
139,1.01628,1.03366,False,76
140,1.04853,1.0596,False,76
141,1.0167,1.13808,False,76
142,1.03344,1.12496,False,76
143,1.01578,1.13919,False,76
144,1.08149,1.14104,False,76
145,5.14273,1.0,False,76
146,1.0,1.0,True,76
147,1.02386,1.0,False,76
148,1.0,1.0,True,76
149,1.0,3.0675,True,76
150,5.05091,1.0,False,76
151,1.0,1.06748,True,76
153,1.1239,1.13537,False,76
154,1.10035,5.06348,False,76
155,1.01642,3.11228,False,76
156,1.10082,1.14377,False,76
157,1.00305,1.12831,False,76
158,1.0095,3.11147,False,76
159,1.06232,3.09201,False,76
160,1.0524,3.116,False,76
161,1.11387,3.0227,False,76
162,4.05699,4.02804,False,76
164,1.00014,7.00688,False,76
165,5.02889,1.08159,False,76
166,5.10064,5.07976,False,76
167,1.12972,1.11656,False,76
168,5.12191,1.0,False,76
169,5.11269,5.06734,False,76
173,1.08969,4.11444,False,76
175,1.04087,1.10336,False,76
176,1.06065,1.02142,False,76
177,1.12148,5.13155,False,76
178,4.00431,6.1053,False,76
179,1.13839,5.146,False,76
180,2.09533,5.0888,False,76
181,3.10091,5.11268,False,76
182,1.14524,5.00272,False,76
183,1.08556,5.1341,False,76
184,1.14091,7.03131,False,76
185,1.14225,5.13811,False,76
186,1.1175,7.11351,False,76
188,1.00533,7.12243,False,76
189,4.11431,6.0697,False,76
190,1.13058,3.08345,False,76
191,1.07926,5.01215,False,76
192,1.11911,5.05898,False,76
193,6.07259,5.03387,False,76
194,1.13131,5.00803,False,76
195,1.08995,3.04359,False,76
197,1.00266,5.12853,False,76
198,1.11566,5.01515,False,76
199,1.04423,5.01931,False,76
200,1.1464,1.14449,False,76
201,1.11533,1.14172,False,76
202,7.02362,7.04588,False,76
203,4.04455,5.13565,False,76
204,1.07043,5.02746,False,76
206,1.00193,5.14494,False,76
207,1.1358,3.10682,False,76
208,1.04132,1.13495,False,76
209,3.00595,3.05412,False,76
210,3.09493,3.11391,False,76
211,3.09435,3.05491,False,76
212,1.10299,1.1320000000000001,False,76
213,1.09897,3.05047,False,76
216,1.10756,6.04848,False,76
217,1.14031,4.11331,False,76
218,1.09798,5.09061,False,76
219,1.12903,5.03297,False,76
222,1.10814,3.10445,False,76
225,4.0693,3.12867,False,76
226,1.09056,5.05893,False,76
227,4.11275,7.09279,False,76
229,3.10201,4.14511,False,76
230,3.06998,3.1083,False,76
233,1.04512,5.12339,False,76
234,3.01605,5.0342,False,76
235,3.0182,3.00121,False,76
236,1.11356,1.11401,False,76
237,1.10349,1.10093,False,76
242,1.01467,4.11271,False,76
243,1.07871,1.09094,False,76
251,4.10397,4.05944,False,76
252,1.13408,3.12907,False,76
253,1.01852,5.09389,False,76
254,1.00527,1.14248,False,76
255,1.06622,3.03957,False,76
256,1.07934,5.13602,False,76
257,1.01442,5.05071,False,76
258,1.14074,3.10311,False,76
259,3.08605,1.10459,False,76
260,1.02425,1.1294,False,76
262,1.00189,6.10273,False,76
263,1.00052,1.14401,False,76
264,1.12697,4.0393,False,76
265,1.14232,1.12442,False,76
270,3.03884,1.11992,False,76
271,1.13977,3.08673,False,76
272,1.08705,1.1381999999999999,False,76
273,1.13842,1.14226,False,76
274,1.12604,1.11978,False,76
275,3.0316,1.14672,False,76
280,1.02117,1.13524,False,76
289,1.06308,4.09164,False,76
290,1.12674,1.14694,False,76
291,1.14547,1.14106,False,76
292,1.09717,1.14648,False,76
293,5.02313,6.09393,False,76
294,5.00929,5.13765,False,76
295,5.02346,6.10647,False,76
296,5.00156,5.04412,False,76
297,1.09216,5.08962,False,76
298,1.00298,5.08292,False,76
299,1.06914,4.08624,False,76
300,1.0222,5.1056799999999996,False,76
301,1.06903,3.12633,False,76
302,1.06762,5.135,False,76
303,1.03759,3.03495,False,76
308,1.01045,6.13085,False,76
317,1.00319,5.05736,False,76
318,1.09501,6.04825,False,76
319,1.05437,5.13951,False,76
320,1.06557,2.1432,False,76
321,1.01738,4.1198,False,76
322,1.04282,3.08544,False,76
323,1.03815,3.10824,False,76
324,1.02392,3.0755,False,76
325,1.06145,5.01683,False,76
326,1.02729,3.0756,False,76
328,1.03478,5.06578,False,76
329,2.05103,6.10014,False,76
330,1.11317,5.14263,False,76
331,1.03421,3.03763,False,76
332,1.11161,5.10106,False,76
333,3.07835,5.13796,False,76
334,1.09296,1.13901,False,76
335,1.10019,5.12759,False,76
336,1.07343,5.07782,False,76
337,1.07206,5.12709,False,76
339,1.00898,5.13425,False,76
340,1.0,1.02331,True,76
341,1.0,5.1401,True,76
342,6.11316,1.1299,False,76
343,1.0,1.0,True,76
346,1.06361,5.03915,False,76
347,1.13071,6.05879,False,76
348,1.10495,5.00356,False,76
349,1.03346,5.07739,False,76
350,1.12846,4.1373,False,76
351,1.13075,5.13631,False,76
352,1.11754,4.02818,False,76
353,4.06047,7.08898,False,76
354,4.06572,5.13583,False,76
355,1.08881,3.12217,False,76
357,1.06267,4.08287,False,76
358,1.10123,3.00326,False,76
359,1.12389,3.12107,False,76
361,1.05224,5.08679,False,76
363,5.1059,5.09649,False,76
364,5.13169,5.12731,False,76
365,1.08134,3.06307,False,76
366,1.11105,1.14487,False,76
367,5.05974,5.12641,False,76
370,1.11308,3.13691,False,76
371,1.14084,4.01712,False,76
372,1.14531,6.13574,False,76
373,1.14107,1.1443,False,76
374,1.00699,7.12437,False,76
375,1.1125,1.09619,False,76
376,1.1408,1.09543,False,76
377,1.0708199999999999,1.13552,False,76
378,3.11258,3.09945,False,76
379,3.11232,1.14527,False,76
380,4.00767,3.04147,False,76
381,1.03076,1.10769,False,76
383,1.06836,5.02822,False,76
384,1.1449,5.12178,False,76
385,1.00094,5.12235,False,76
386,1.01808,5.09167,False,76
387,1.03646,4.12268,False,76
388,1.00309,1.12386,False,76
389,1.03282,2.13836,False,76
390,1.02148,5.10967,False,76
391,1.08245,3.1018,False,76
394,1.01748,5.0614,False,76
395,5.12361,1.07308,False,76
396,5.10663,1.14448,False,76
397,5.00569,1.12838,False,76
398,5.14609,3.10389,False,76
403,1.01736,4.00923,False,76
404,5.04343,4.04835,False,76
405,5.13845,1.12778,False,76
406,1.02021,1.09955,False,76
407,4.04765,3.1415,False,76
408,1.0,1.14205,True,76
412,5.00041,6.14555,False,76
413,5.00633,5.14057,False,76
414,5.00191,6.00525,False,76
415,5.00731,3.0604,False,76
416,3.09549,5.11304,False,76
417,1.13884,3.14391,False,76
418,5.07987,5.05838,False,76
419,4.06657,3.14426,False,76
420,3.1409,3.00916,False,76
421,3.10189,5.01156,False,76
422,3.08724,5.02823,False,76
423,1.11674,3.08753,False,76
425,1.04206,7.00697,False,76
426,1.08407,4.13518,False,76
427,1.12005,1.14157,False,76
428,3.10292,3.06879,False,76
429,3.11319,3.12222,False,76
1,1.09804,3.10541,False,77
3,1.12477,1.08116,False,77
5,1.05217,7.00983,False,77
6,1.08453,3.0038,False,77
7,1.01667,1.0,False,77
9,1.03654,1.1299299999999999,False,77
10,1.02091,1.06654,False,77
11,1.0441799999999999,1.0,False,77
13,1.1193,1.1384400000000001,False,77
17,1.03852,4.05239,False,77
18,1.06918,1.06612,False,77
19,1.0,3.07632,True,77
21,1.05736,4.1369299999999996,False,77
22,1.13392,1.11559,False,77
25,1.02605,4.08925,False,77
29,1.00213,1.13957,False,77
30,1.10069,1.1463,False,77
69,1.00053,4.08857,False,77
70,3.04345,3.13265,False,77
71,1.08244,1.12853,False,77
72,3.04277,3.10241,False,77
73,3.02075,3.09158,False,77
74,3.05113,3.01464,False,77
75,4.02124,3.10884,False,77
76,1.14253,3.01915,False,77
77,3.03084,1.14308,False,77
78,1.09995,4.08385,False,77
79,1.1353,3.06052,False,77
82,1.01239,4.05438,False,77
83,1.14486,1.12672,False,77
84,3.12358,1.0,False,77
85,1.0,1.09788,True,77
86,1.0,4.09162,True,77
91,1.05711,1.13379,False,77
92,1.10348,1.14717,False,77
93,1.12596,3.08865,False,77
95,1.0673,1.13279,False,77
98,1.0889199999999999,5.04513,False,77
99,2.06756,5.13177,False,77
100,1.10992,6.03989,False,77
101,1.01017,3.08374,False,77
103,1.1225,5.12566,False,77
104,1.09517,5.07786,False,77
106,1.09236,5.12795,False,77
107,1.0578,6.10491,False,77
109,1.14362,4.04719,False,77
110,1.10918,3.07381,False,77
111,1.00402,3.12043,False,77
112,1.02329,2.12889,False,77
113,1.09604,3.04023,False,77
114,1.02643,1.144,False,77
115,1.09382,1.14115,False,77
116,1.08218,3.06633,False,77
117,1.03985,1.1312,False,77
118,1.03504,3.09393,False,77
120,1.00463,4.12431,False,77
121,1.00489,1.12092,False,77
122,1.00067,1.14739,False,77
123,1.0046,1.08176,False,77
124,1.00773,7.07776,False,77
125,5.03792,4.04246,False,77
126,5.08122,5.05455,False,77
127,1.05031,4.07137,False,77
128,1.01626,5.06688,False,77
129,1.14406,5.01829,False,77
130,5.11048,5.07912,False,77
131,1.01657,1.1385,False,77
133,1.00764,1.14585,False,77
134,1.00021,1.1332200000000001,False,77
135,1.07025,1.12088,False,77
136,1.03304,1.09762,False,77
137,1.0,1.05929,True,77
139,1.02891,1.01945,False,77
140,1.04806,1.10855,False,77
141,1.11323,1.10979,False,77
142,1.02828,1.0,False,77
143,1.00337,1.14155,False,77
144,1.1286,1.12365,False,77
145,1.0,5.12922,True,77
146,1.0,1.0,True,77
147,1.06096,1.0,False,77
148,1.0,1.0,True,77
149,1.0,3.07061,True,77
150,5.09531,1.0,False,77
151,1.0,1.14083,True,77
153,1.12486,1.14252,False,77
154,1.10903,5.10712,False,77
155,1.029,7.07722,False,77
156,1.09906,1.14645,False,77
157,1.00235,1.1181,False,77
158,1.06523,3.11632,False,77
159,1.02227,3.00721,False,77
160,1.03187,3.02369,False,77
161,1.01359,3.05882,False,77
162,4.04274,4.12698,False,77
164,1.02624,7.09894,False,77
165,5.12649,1.09644,False,77
166,5.07635,5.07271,False,77
167,1.10028,1.08069,False,77
168,5.04085,1.0,False,77
169,5.07299,5.0287,False,77
173,1.08136,3.12735,False,77
175,1.07074,1.1335899999999999,False,77
176,1.09896,1.08473,False,77
177,1.11666,5.13533,False,77
178,4.01365,5.141,False,77
179,1.14502,5.09114,False,77
180,2.03255,5.10078,False,77
181,3.05224,5.06959,False,77
182,1.14434,5.00077,False,77
183,1.13654,5.07541,False,77
184,1.1421000000000001,7.03706,False,77
185,1.14475,5.01618,False,77
186,1.09317,7.0095,False,77
188,1.01053,7.044,False,77
189,4.13273,6.06824,False,77
190,3.00058,3.06023,False,77
191,1.11263,5.10807,False,77
192,1.09128,5.02446,False,77
193,6.14067,5.03906,False,77
194,1.11187,5.08094,False,77
195,1.1375899999999999,3.00181,False,77
197,1.01444,5.1384,False,77
198,1.0856,5.07113,False,77
199,1.11001,5.08648,False,77
200,1.11773,1.10443,False,77
201,1.09082,1.12346,False,77
202,7.05961,7.05593,False,77
203,4.11795,5.13885,False,77
204,1.07277,5.13572,False,77
206,1.00918,5.02417,False,77
207,1.12158,3.12793,False,77
208,1.03954,1.14021,False,77
209,3.00078,3.04205,False,77
210,3.01738,3.09014,False,77
211,3.07017,3.04018,False,77
212,1.10702,1.10598,False,77
213,1.12958,3.03478,False,77
216,1.11853,6.08666,False,77
217,1.14289,4.03013,False,77
218,1.11233,5.06175,False,77
219,1.14056,5.11705,False,77
222,1.10738,3.03011,False,77
225,4.00928,3.09653,False,77
226,1.09474,5.00686,False,77
227,4.08049,7.13511,False,77
229,3.12598,4.02633,False,77
230,3.06069,3.10993,False,77
233,1.00508,5.10838,False,77
234,3.01546,5.01934,False,77
235,3.09727,3.06365,False,77
236,1.09542,1.0955300000000001,False,77
237,1.11974,1.10825,False,77
242,1.00757,4.13016,False,77
243,1.10663,1.12107,False,77
251,4.10486,4.12473,False,77
252,1.11475,3.12236,False,77
253,1.01418,5.0834,False,77
254,1.00241,1.1038000000000001,False,77
255,1.03403,3.08158,False,77
256,1.02647,5.14037,False,77
257,1.03879,5.04948,False,77
258,1.06772,3.11356,False,77
259,3.05299,1.10577,False,77
260,1.00282,1.14642,False,77
262,1.00832,6.1153,False,77
263,1.08221,1.14563,False,77
264,1.1009,4.08141,False,77
265,1.10948,1.14099,False,77
270,3.07376,1.13029,False,77
271,1.05687,3.0828699999999998,False,77
272,1.07957,1.08446,False,77
273,1.06706,1.14616,False,77
274,1.09649,1.135,False,77
275,3.01539,1.14672,False,77
280,1.00132,1.14153,False,77
289,1.06473,4.13143,False,77
290,1.1104,1.13684,False,77
291,1.14728,1.14328,False,77
292,1.106,1.14495,False,77
293,5.00054,5.14233,False,77
294,5.01176,5.06403,False,77
295,5.00145,6.00864,False,77
296,5.08004,1.08165,False,77
297,1.01998,5.1467,False,77
298,1.00921,5.11867,False,77
299,1.07058,4.03795,False,77
300,1.1103,5.07131,False,77
301,1.12517,3.13865,False,77
302,1.08338,5.12185,False,77
303,1.13263,3.10767,False,77
308,1.00549,6.13361,False,77
317,1.02372,5.07258,False,77
318,1.0884,6.10817,False,77
319,1.05934,5.11935,False,77
320,1.04618,5.06135,False,77
321,1.06033,4.11142,False,77
322,1.10755,3.03797,False,77
323,1.01055,3.07403,False,77
324,1.00258,3.00754,False,77
325,1.07841,5.03296,False,77
326,1.03508,3.04665,False,77
328,1.10529,5.14248,False,77
329,1.12872,6.0661,False,77
330,1.1187,5.12113,False,77
331,1.01981,3.08095,False,77
332,1.13429,5.1451,False,77
333,3.00882,5.11545,False,77
334,1.13342,1.1414900000000001,False,77
335,1.13801,5.13249,False,77
336,1.1088,5.03551,False,77
337,1.04082,5.07043,False,77
339,1.02789,5.09093,False,77
340,1.0,1.06758,True,77
341,1.0,5.09188,True,77
342,6.11948,1.10547,False,77
343,1.0,1.0,True,77
346,1.06969,5.01783,False,77
347,1.1406100000000001,6.0045,False,77
348,1.10531,5.0357,False,77
349,1.01165,5.03106,False,77
350,1.14543,4.03072,False,77
351,1.14106,5.09877,False,77
352,1.1471,4.04224,False,77
353,4.09342,7.04923,False,77
354,4.10722,5.14363,False,77
355,1.12177,3.09831,False,77
357,1.05741,4.12448,False,77
358,1.06844,3.06929,False,77
359,1.13541,3.05021,False,77
361,1.06703,5.13918,False,77
363,5.08652,5.0793800000000005,False,77
364,5.08161,5.06154,False,77
365,1.01161,3.08811,False,77
366,1.13463,1.13944,False,77
367,5.03996,5.12725,False,77
370,1.0967500000000001,3.09839,False,77
371,1.14489,3.11621,False,77
372,1.14492,6.06524,False,77
373,1.13357,1.1399,False,77
374,1.03529,7.08283,False,77
375,1.04775,1.01265,False,77
376,1.06907,1.1241,False,77
377,1.08317,1.04692,False,77
378,3.04355,3.07454,False,77
379,3.06193,1.14261,False,77
380,4.06555,3.08807,False,77
381,1.08328,1.1182,False,77
383,1.07961,5.09927,False,77
384,1.13583,5.07102,False,77
385,1.00387,5.11776,False,77
386,1.0097,5.05674,False,77
387,1.0145,4.02192,False,77
388,1.01824,1.14665,False,77
389,1.01425,2.0399,False,77
390,1.00384,5.05409,False,77
391,1.04058,3.12758,False,77
394,1.03289,5.04454,False,77
395,5.11511,1.1318,False,77
396,5.13834,1.11217,False,77
397,5.10943,1.14462,False,77
398,5.02391,3.03627,False,77
403,1.07353,4.07752,False,77
404,5.07996,4.08884,False,77
405,5.01347,1.0987,False,77
406,1.00389,1.01474,False,77
407,4.11077,3.09749,False,77
408,1.0,1.04646,True,77
412,5.00057,6.08781,False,77
413,5.00563,5.0554,False,77
414,5.0018,6.13679,False,77
415,5.01714,3.09168,False,77
416,3.11985,3.07163,False,77
417,1.14727,3.10603,False,77
418,5.05392,5.03378,False,77
419,3.10217,5.01996,False,77
420,3.13256,3.03761,False,77
421,3.054,5.0351,False,77
422,3.09976,3.07162,False,77
423,1.11646,3.08895,False,77
425,1.09193,7.07402,False,77
426,1.07559,4.10871,False,77
427,1.11361,1.14626,False,77
428,3.08413,3.11847,False,77
429,3.04926,3.05759,False,77
1,1.06508,3.05931,False,78
3,1.02126,1.01812,False,78
5,1.04515,7.09315,False,78
6,1.02433,3.00621,False,78
7,1.03676,1.0,False,78
9,1.04145,1.08264,False,78
10,1.07191,1.02609,False,78
11,1.03101,1.0,False,78
13,1.12207,1.1248,False,78
17,1.06261,4.0454,False,78
18,1.02055,1.101,False,78
19,1.0,3.09721,True,78
21,1.08863,3.07882,False,78
22,1.12689,1.1446,False,78
25,1.05645,4.14524,False,78
29,1.02746,1.12155,False,78
30,1.06703,1.13784,False,78
69,1.00049,4.1112400000000004,False,78
70,3.00957,3.03642,False,78
71,1.12134,1.13695,False,78
72,3.02082,3.14565,False,78
73,3.04144,3.11853,False,78
74,3.05272,7.04267,False,78
75,4.09799,3.12265,False,78
76,1.14702,1.1431,False,78
77,3.05519,1.13636,False,78
78,1.09727,4.14148,False,78
79,1.13249,3.14393,False,78
82,1.00762,4.09025,False,78
83,1.11653,3.06506,False,78
84,3.05732,1.0,False,78
85,1.0,1.06626,True,78
86,1.0,4.05513,True,78
91,1.03873,1.14173,False,78
92,1.11547,1.14389,False,78
93,1.10999,3.09555,False,78
95,1.03229,1.14455,False,78
98,1.08282,5.07852,False,78
99,2.00364,5.06208,False,78
100,1.10316,6.04803,False,78
101,1.03941,3.12125,False,78
103,1.12579,5.01227,False,78
104,1.13631,5.08075,False,78
106,1.04585,5.04554,False,78
107,1.014,6.02261,False,78
109,1.07362,4.05089,False,78
110,1.12393,3.1244,False,78
111,1.00183,3.1261200000000002,False,78
112,1.01988,2.02725,False,78
113,1.0483,3.1401,False,78
114,1.00168,1.1438,False,78
115,1.0626,1.1149499999999999,False,78
116,1.04872,3.08591,False,78
117,1.03511,1.14602,False,78
118,1.08113,3.12819,False,78
120,1.00207,4.02219,False,78
121,1.00214,1.14286,False,78
122,1.00521,1.13941,False,78
123,1.00955,1.14084,False,78
124,1.01616,7.08461,False,78
125,5.10911,4.07119,False,78
126,5.1,5.05153,False,78
127,1.0585,4.10724,False,78
128,1.06304,5.01351,False,78
129,1.05371,5.09533,False,78
130,5.12608,5.05814,False,78
131,1.09969,1.09601,False,78
133,1.00027,1.13251,False,78
134,1.03183,1.06915,False,78
135,1.05662,1.09893,False,78
136,1.08874,1.11829,False,78
137,1.06905,1.00758,False,78
139,1.00814,1.09473,False,78
140,1.04135,1.10541,False,78
141,1.02413,1.09806,False,78
142,1.08463,1.0778699999999999,False,78
143,1.02706,1.12186,False,78
144,1.01678,1.14353,False,78
145,1.0,5.02996,True,78
146,1.0,1.0,True,78
147,1.02177,1.0,False,78
148,1.0,1.0,True,78
149,1.0,3.04349,True,78
150,5.10394,1.0,False,78
151,1.0,1.00557,True,78
153,1.13711,1.14659,False,78
154,1.11916,5.063,False,78
155,1.01329,3.1282,False,78
156,1.0908,3.00367,False,78
157,1.00655,1.12592,False,78
158,1.01103,3.13955,False,78
159,1.00528,3.14091,False,78
160,1.03497,3.05977,False,78
161,1.10592,3.09933,False,78
162,4.12796,4.12041,False,78
164,1.01719,7.10876,False,78
165,5.13168,1.12793,False,78
166,5.10717,5.06754,False,78
167,1.06524,1.02188,False,78
168,5.08615,1.0,False,78
169,5.02278,5.02028,False,78
173,1.07439,4.14258,False,78
175,1.09789,1.12063,False,78
176,1.05488,1.12872,False,78
177,1.11689,5.14029,False,78
178,4.00369,5.116,False,78
179,1.14499,5.12876,False,78
180,2.07067,5.06125,False,78
181,3.10689,5.13927,False,78
182,1.14209,5.01693,False,78
183,1.13207,5.14405,False,78
184,1.13316,7.04204,False,78
185,1.14373,5.1392,False,78
186,1.12673,7.03346,False,78
188,1.00385,5.13764,False,78
189,4.1473700000000004,6.13889,False,78
190,1.13961,3.07178,False,78
191,1.0654,5.10977,False,78
192,1.12388,5.10673,False,78
193,6.12317,5.06714,False,78
194,1.11112,5.08115,False,78
195,1.13409,3.01843,False,78
197,1.00499,5.09068,False,78
198,1.1166,5.09028,False,78
199,1.13898,4.12863,False,78
200,1.1461999999999999,1.13872,False,78
201,1.08166,1.12173,False,78
202,7.0291,7.11869,False,78
203,4.13964,5.01233,False,78
204,1.09627,5.04214,False,78
206,1.0025,5.04153,False,78
207,1.10438,3.09014,False,78
208,1.084,1.14665,False,78
209,3.01409,3.04881,False,78
210,3.07562,3.0919,False,78
211,3.10574,3.03268,False,78
212,1.11931,1.12272,False,78
213,1.04788,3.10815,False,78
216,1.10613,6.01501,False,78
217,1.1354,4.12566,False,78
218,1.1271,5.14106,False,78
219,1.13577,5.05958,False,78
222,1.13338,3.14316,False,78
225,4.06748,3.10929,False,78
226,1.10405,5.01669,False,78
227,4.02984,7.02646,False,78
229,3.1296,4.01781,False,78
230,3.06591,3.05426,False,78
233,1.00064,5.13293,False,78
234,3.00841,5.13812,False,78
235,3.08754,5.09864,False,78
236,1.14093,1.10995,False,78
237,1.13128,1.05139,False,78
242,1.00999,4.1087,False,78
243,1.10698,1.12626,False,78
251,4.13268,4.14322,False,78
252,1.1304400000000001,3.07321,False,78
253,1.01053,5.09811,False,78
254,1.03972,1.14429,False,78
255,1.09722,3.05362,False,78
256,1.065,5.04481,False,78
257,1.00705,5.07832,False,78
258,1.10517,3.12964,False,78
259,3.0991400000000002,1.1257,False,78
260,1.03842,1.10604,False,78
262,1.00525,6.10074,False,78
263,1.01192,1.12763,False,78
264,1.1302,4.04193,False,78
265,1.14442,1.13922,False,78
270,3.00145,1.13107,False,78
271,1.1313,3.11764,False,78
272,1.08388,1.14713,False,78
273,1.09903,1.13893,False,78
274,1.03719,1.14018,False,78
275,3.00079,1.14013,False,78
280,1.00592,1.13886,False,78
289,1.06982,4.09261,False,78
290,1.08424,1.14202,False,78
291,1.14661,1.14564,False,78
292,1.09674,1.14725,False,78
293,5.01218,6.08507,False,78
294,5.00562,1.14232,False,78
295,5.00238,6.1231,False,78
296,5.05546,5.14261,False,78
297,1.11605,5.10688,False,78
298,1.02993,5.10536,False,78
299,1.12227,4.03639,False,78
300,1.05734,5.06533,False,78
301,1.01803,3.11343,False,78
302,1.04598,5.14156,False,78
303,3.10387,3.14479,False,78
308,1.01384,6.05297,False,78
317,1.01166,5.06364,False,78
318,1.0792,6.08807,False,78
319,1.05476,5.13452,False,78
320,1.05203,2.0684,False,78
321,1.02546,4.12003,False,78
322,1.07123,3.08695,False,78
323,1.03709,3.08909,False,78
324,1.01251,3.13254,False,78
325,1.06213,5.11792,False,78
326,1.00338,3.12534,False,78
328,1.07146,5.05871,False,78
329,1.13285,6.05985,False,78
330,1.09894,5.12728,False,78
331,1.04162,5.11061,False,78
332,1.13902,5.10026,False,78
333,3.0637,5.08477,False,78
334,1.10749,1.13931,False,78
335,1.11111,5.08356,False,78
336,1.05324,5.12453,False,78
337,1.1255,5.0579,False,78
339,1.14331,5.1094,False,78
340,1.0,1.09077,True,78
341,1.0,5.05439,True,78
342,6.10162,1.1373199999999999,False,78
343,1.0,1.0,True,78
346,1.09621,3.14006,False,78
347,1.11666,6.03821,False,78
348,1.08318,5.05039,False,78
349,1.03384,5.08815,False,78
350,1.14567,4.03881,False,78
351,1.1178,5.02898,False,78
352,1.08527,4.00301,False,78
353,4.07772,7.06516,False,78
354,4.09157,5.09749,False,78
355,1.06372,3.13694,False,78
357,1.06291,4.14428,False,78
358,1.05083,3.05095,False,78
359,1.11143,3.03047,False,78
361,1.08169,5.08105,False,78
363,5.06647,5.06014,False,78
364,5.11369,5.10056,False,78
365,1.08321,3.13454,False,78
366,1.11791,1.1347800000000001,False,78
367,5.02749,5.11926,False,78
370,1.1035,3.14267,False,78
371,1.14601,3.05277,False,78
372,1.1467,6.07496,False,78
373,1.13334,1.13978,False,78
374,1.00318,7.13853,False,78
375,1.06246,3.07035,False,78
376,1.1265100000000001,1.08479,False,78
377,1.12302,1.01898,False,78
378,3.01698,3.04491,False,78
379,3.0678900000000002,1.12523,False,78
380,4.03877,3.1394,False,78
381,1.12255,1.13468,False,78
383,1.03784,5.00382,False,78
384,1.14707,5.12201,False,78
385,1.00661,5.14108,False,78
386,1.01232,5.01139,False,78
387,1.04793,4.11127,False,78
388,1.00241,1.14172,False,78
389,1.00441,2.07681,False,78
390,1.02384,5.08914,False,78
391,1.05223,3.01884,False,78
394,1.01592,5.1038499999999996,False,78
395,5.02108,1.06466,False,78
396,5.03249,1.13123,False,78
397,5.04638,1.0907,False,78
398,5.11494,3.00627,False,78
403,1.04216,4.02606,False,78
404,5.04394,4.10589,False,78
405,5.09151,1.1298,False,78
406,1.03605,1.0,False,78
407,4.01527,3.09026,False,78
408,1.0,1.13693,True,78
412,5.00041,6.10093,False,78
413,5.00009,5.14362,False,78
414,5.0041,6.12938,False,78
415,5.0035,3.08961,False,78
416,3.07998,3.02178,False,78
417,1.12654,3.13447,False,78
418,5.0858,5.03234,False,78
419,3.12139,5.06645,False,78
420,3.11087,3.02103,False,78
421,3.09013,5.00695,False,78
422,3.12073,3.11872,False,78
423,1.13788,3.1194,False,78
425,1.10055,7.08566,False,78
426,1.07638,4.13149,False,78
427,1.09231,1.1458599999999999,False,78
428,3.12658,3.13852,False,78
429,3.01048,3.05468,False,78
1,1.07364,3.13004,False,79
3,1.02305,1.0018,False,79
5,1.04802,7.12304,False,79
6,1.13779,3.01127,False,79
7,1.02823,1.0,False,79
9,1.00094,1.1467100000000001,False,79
10,1.03706,1.09973,False,79
11,1.07489,1.0,False,79
13,1.12852,1.13136,False,79
17,1.05896,3.13166,False,79
18,1.05215,1.10514,False,79
19,1.0,3.1426,True,79
21,1.09655,3.04377,False,79
22,1.1204,1.14186,False,79
25,1.01559,4.14269,False,79
29,1.02331,1.1430500000000001,False,79
30,1.14143,1.12339,False,79
69,1.00024,4.04873,False,79
70,3.0139,3.10834,False,79
71,1.04527,3.03656,False,79
72,3.07071,3.06764,False,79
73,3.002,3.12231,False,79
74,3.03735,3.02684,False,79
75,4.0014,3.09793,False,79
76,1.12108,3.02208,False,79
77,3.02899,1.14129,False,79
78,1.08862,4.09943,False,79
79,1.13493,3.11553,False,79
82,1.04211,4.10789,False,79
83,1.00259,3.1233,False,79
84,3.11693,1.0,False,79
85,1.04738,1.0,False,79
86,1.0,4.03506,True,79
91,1.05224,1.14696,False,79
92,1.10821,3.06671,False,79
93,1.13456,3.00313,False,79
95,1.01837,1.14666,False,79
98,1.07474,5.022,False,79
99,2.03748,5.08412,False,79
100,1.11933,6.02388,False,79
101,1.03058,3.11959,False,79
103,1.14096,5.13437,False,79
104,1.06558,5.09518,False,79
106,1.09975,5.13034,False,79
107,1.09856,6.01311,False,79
109,1.12835,4.02093,False,79
110,1.12719,3.05091,False,79
111,1.01208,3.13882,False,79
112,1.05809,2.06827,False,79
113,1.05604,3.07819,False,79
114,1.03174,1.13975,False,79
115,1.09678,1.14715,False,79
116,1.00051,3.11773,False,79
117,1.0651,1.14083,False,79
118,1.00689,3.11015,False,79
120,1.00753,4.09126,False,79
121,1.0028,1.14617,False,79
122,1.00214,1.14641,False,79
123,1.00413,1.03898,False,79
124,1.03789,7.03776,False,79
125,5.0565,4.12781,False,79
126,5.05241,5.09235,False,79
127,1.14396,4.00638,False,79
128,1.01293,5.02486,False,79
129,1.04889,5.08203,False,79
130,5.11281,5.087,False,79
131,1.06811,1.07734,False,79
133,1.02184,1.1452499999999999,False,79
134,1.00925,1.11921,False,79
135,1.00806,1.12249,False,79
136,1.08896,1.11435,False,79
137,1.02006,1.08315,False,79
139,1.01905,1.14343,False,79
140,1.01754,1.04512,False,79
141,1.01631,1.06082,False,79
142,1.02194,1.01908,False,79
143,1.02891,1.14375,False,79
144,1.02601,1.10086,False,79
145,5.04111,1.0,False,79
146,1.0,1.0,True,79
147,1.07235,1.0,False,79
148,1.0,1.0,True,79
149,1.0,3.04132,True,79
150,5.11615,1.0,False,79
151,1.0,1.11487,True,79
153,1.13638,1.13504,False,79
154,1.09872,5.0198,False,79
155,1.00194,7.01915,False,79
156,1.0683799999999999,3.051,False,79
157,1.00435,1.12086,False,79
158,1.07397,3.12156,False,79
159,1.00574,3.11884,False,79
160,1.05109,3.02252,False,79
161,1.00101,3.13401,False,79
162,4.07122,4.09589,False,79
164,1.08281,7.00271,False,79
165,5.06828,1.05915,False,79
166,5.12688,5.0335,False,79
167,1.12356,1.10244,False,79
168,5.12883,1.0,False,79
169,5.1079,5.0832,False,79
173,1.08598,4.07198,False,79
175,1.05556,1.04521,False,79
176,1.02433,1.1049,False,79
177,1.11842,5.0725,False,79
178,4.00266,6.08029,False,79
179,1.11892,5.14464,False,79
180,2.06453,5.0784,False,79
181,3.08467,5.1374,False,79
182,1.12561,5.04905,False,79
183,1.1344,5.00275,False,79
184,1.12047,7.08672,False,79
185,1.12699,5.08043,False,79
186,1.13204,7.10003,False,79
188,1.00299,7.03664,False,79
189,4.14259,6.04806,False,79
190,3.04875,3.03599,False,79
191,1.06449,5.13527,False,79
192,1.10642,5.01678,False,79
193,6.14665,5.0659,False,79
194,1.1175,5.13152,False,79
195,1.12664,3.13713,False,79
197,1.0065,5.03984,False,79
198,1.12809,5.13846,False,79
199,3.03843,4.11812,False,79
200,1.14594,1.12129,False,79
201,1.14192,1.13977,False,79
202,7.0289,7.01834,False,79
203,1.13369,5.13525,False,79
204,1.04617,5.1363,False,79
206,1.00851,5.12299,False,79
207,1.11132,3.11859,False,79
208,1.10488,1.13256,False,79
209,3.01103,3.12779,False,79
210,3.07158,3.0904,False,79
211,3.09309,3.03327,False,79
212,1.08225,1.13043,False,79
213,1.03875,3.09911,False,79
216,1.1058,6.07377,False,79
217,1.14213,4.08126,False,79
218,1.12268,5.03397,False,79
219,3.06028,5.13607,False,79
222,1.12429,3.11604,False,79
225,4.07182,3.11736,False,79
226,1.10183,5.12685,False,79
227,4.14433,7.07328,False,79
229,3.10804,4.00929,False,79
230,3.07042,3.08782,False,79
233,1.00237,5.14489,False,79
234,3.11108,3.02045,False,79
235,3.02557,5.08424,False,79
236,1.08008,1.09652,False,79
237,1.13796,1.07185,False,79
242,1.00008,4.12,False,79
243,1.14126,1.11335,False,79
251,4.1100200000000005,4.09533,False,79
252,1.14639,3.11555,False,79
253,1.01441,5.11621,False,79
254,1.0527,1.01789,False,79
255,1.03921,3.1113,False,79
256,1.06896,5.12795,False,79
257,1.01619,5.12855,False,79
258,1.01827,3.0809,False,79
259,3.08784,1.11081,False,79
260,1.04141,1.12536,False,79
262,1.00471,6.09899,False,79
263,1.04154,1.14404,False,79
264,1.0337,4.04448,False,79
265,1.14111,1.1213,False,79
270,3.0186,1.14034,False,79
271,1.13156,3.12844,False,79
272,1.10158,1.13847,False,79
273,1.05008,1.1387,False,79
274,1.08555,1.12165,False,79
275,3.12988,1.14716,False,79
280,1.00554,1.1351499999999999,False,79
289,1.06782,4.11506,False,79
290,1.12198,1.13535,False,79
291,1.14201,1.13781,False,79
292,1.04358,1.13406,False,79
293,5.00338,5.14566,False,79
294,5.00605,1.1306,False,79
295,5.00526,6.08868,False,79
296,5.01632,1.07651,False,79
297,1.12972,5.12463,False,79
298,1.02334,5.13229,False,79
299,1.10703,4.04098,False,79
300,1.0887,5.03584,False,79
301,1.03731,3.09082,False,79
302,1.06229,5.10758,False,79
303,1.07189,3.08341,False,79
308,1.01322,6.08911,False,79
317,1.01585,3.03305,False,79
318,1.10012,6.12709,False,79
319,1.0667200000000001,5.13394,False,79
320,1.00059,2.05078,False,79
321,1.0791,4.00705,False,79
322,1.03267,3.08512,False,79
323,1.01402,3.03968,False,79
324,1.02593,3.07634,False,79
325,1.023,5.04915,False,79
326,1.03524,3.08147,False,79
328,1.09585,5.12878,False,79
329,2.13616,6.10773,False,79
330,1.12686,5.12416,False,79
331,1.01488,5.03084,False,79
332,1.09772,5.146,False,79
333,3.11926,5.08813,False,79
334,1.1261,1.13354,False,79
335,1.08766,5.13858,False,79
336,1.04781,5.08204,False,79
337,1.09992,5.12454,False,79
339,1.02896,5.02614,False,79
340,1.0,1.12682,True,79
341,1.0,5.14108,True,79
342,6.02674,1.07967,False,79
343,1.0,1.0,True,79
346,1.10036,5.0782,False,79
347,1.12691,6.09323,False,79
348,1.10498,5.00535,False,79
349,1.00151,5.07665,False,79
350,1.1445,4.11966,False,79
351,1.13125,5.01953,False,79
352,1.09268,4.08993,False,79
353,4.09425,7.13629,False,79
354,4.09955,5.103,False,79
355,1.01445,3.14403,False,79
357,1.06331,4.14382,False,79
358,1.04335,3.0657,False,79
359,1.11459,3.0252,False,79
361,1.09559,5.05471,False,79
363,5.08981,5.0596,False,79
364,5.1003,5.06166,False,79
365,1.10633,3.11068,False,79
366,1.10719,1.12159,False,79
367,5.04828,5.04698,False,79
370,1.11124,3.1396100000000002,False,79
371,1.13308,3.13117,False,79
372,1.1467,6.03616,False,79
373,1.13146,1.14392,False,79
374,1.00207,7.13939,False,79
375,1.09995,3.03536,False,79
376,1.05644,1.06892,False,79
377,1.02923,1.13981,False,79
378,3.06131,3.11174,False,79
379,3.07036,1.14623,False,79
380,4.00097,3.08543,False,79
381,1.13678,1.13746,False,79
383,1.07225,5.11556,False,79
384,1.14495,3.10667,False,79
385,1.00453,5.1453,False,79
386,1.04951,5.06599,False,79
387,1.00537,4.05638,False,79
388,1.0249,1.06569,False,79
389,1.04312,2.017,False,79
390,1.03356,5.12824,False,79
391,1.00577,3.01431,False,79
394,1.00572,5.09644,False,79
395,5.01238,1.07331,False,79
396,5.11795,1.04486,False,79
397,5.0926,1.14659,False,79
398,5.02712,3.14497,False,79
403,1.06537,4.00944,False,79
404,5.11086,4.09601,False,79
405,5.10462,1.10698,False,79
406,1.0428,1.02571,False,79
407,4.0244,3.11619,False,79
408,1.0,1.12251,True,79
412,5.00047,6.10171,False,79
413,5.01457,5.05106,False,79
414,5.00373,6.09473,False,79
415,5.00392,3.10405,False,79
416,3.10044,3.06887,False,79
417,1.12636,3.1084,False,79
418,5.07777,5.07482,False,79
419,4.00964,3.13853,False,79
420,3.10428,3.00664,False,79
421,3.10814,5.04908,False,79
422,3.01261,5.05221,False,79
423,1.12924,3.08861,False,79
425,1.06054,1.01969,False,79
426,1.08079,4.02386,False,79
427,1.10916,1.14209,False,79
428,3.11098,3.10765,False,79
429,3.08159,3.13752,False,79
1,1.0948,3.0936,False,80
3,1.05624,1.00581,False,80
5,1.08983,7.08056,False,80
6,1.03639,3.10551,False,80
7,1.00739,1.0,False,80
9,1.00859,1.13716,False,80
10,1.09193,1.14277,False,80
11,1.11019,1.0,False,80
13,1.12369,1.13273,False,80
17,1.04858,3.08817,False,80
18,1.05207,1.10949,False,80
19,1.0,3.12236,True,80
21,1.06446,3.00852,False,80
22,1.10778,1.12263,False,80
25,1.06185,4.07608,False,80
29,1.00515,1.14293,False,80
30,1.10046,1.14357,False,80
69,1.00038,4.0751,False,80
70,3.02113,3.08827,False,80
71,1.08268,1.14321,False,80
72,3.03946,3.14054,False,80
73,3.00188,3.0889699999999998,False,80
74,3.03474,3.03134,False,80
75,4.11733,3.06209,False,80
76,1.13767,3.05503,False,80
77,3.00544,1.14722,False,80
78,1.10002,3.09165,False,80
79,1.1284,3.04791,False,80
82,1.05278,4.06401,False,80
83,1.11546,3.00243,False,80
84,3.02524,1.0,False,80
85,1.11332,1.0,False,80
86,1.0,4.11107,True,80
91,1.05107,1.13951,False,80
92,1.09701,1.14077,False,80
93,1.12979,3.07639,False,80
95,1.01787,1.13954,False,80
98,1.0441799999999999,5.04077,False,80
99,2.00163,5.0033,False,80
100,1.11288,6.14309,False,80
101,1.04463,3.10953,False,80
103,1.13379,5.04938,False,80
104,1.12107,5.03407,False,80
106,1.10726,5.08955,False,80
107,1.04392,6.01372,False,80
109,1.14426,4.02281,False,80
110,1.10386,3.13881,False,80
111,1.00586,3.03358,False,80
112,1.02739,2.04484,False,80
113,1.10006,3.06478,False,80
114,1.01102,1.13975,False,80
115,1.14045,1.1381000000000001,False,80
116,1.0345,3.07767,False,80
117,1.0942,1.10214,False,80
118,1.02571,3.0989,False,80
120,1.0023,4.02773,False,80
121,1.0058,1.14452,False,80
122,1.00426,1.14382,False,80
123,1.00015,1.11983,False,80
124,1.04724,7.1248,False,80
125,5.0758,4.14592,False,80
126,5.07636,5.01312,False,80
127,1.11443,4.01465,False,80
128,1.01318,5.07013,False,80
129,1.10733,5.00685,False,80
130,5.11359,5.0835,False,80
131,1.08382,1.09944,False,80
133,1.0117,1.14582,False,80
134,1.00541,1.14269,False,80
135,1.0442,1.12333,False,80
136,1.0500099999999999,1.1185100000000001,False,80
137,1.10205,1.1097,False,80
139,1.05798,1.08677,False,80
140,1.0507,1.14456,False,80
141,1.11236,1.06501,False,80
142,1.05663,1.07792,False,80
143,1.01446,1.12982,False,80
144,1.06956,6.0772,False,80
145,1.0,5.09114,True,80
146,1.0,1.0,True,80
147,1.14114,1.0,False,80
148,1.0,1.0,True,80
149,1.0,3.08991,True,80
150,5.02177,1.0,False,80
151,1.0,1.11499,True,80
153,1.12403,1.14713,False,80
154,1.11202,5.04623,False,80
155,1.04756,3.0396900000000002,False,80
156,1.08624,1.14662,False,80
157,1.02403,1.14196,False,80
158,1.00562,3.08159,False,80
159,1.01269,3.0613,False,80
160,1.04886,3.12955,False,80
161,1.09019,3.07408,False,80
162,4.12993,4.03941,False,80
164,1.01078,7.07963,False,80
165,5.09192,1.08365,False,80
166,5.13012,5.05514,False,80
167,1.08885,1.06251,False,80
168,5.03409,1.0,False,80
169,5.13065,5.0463,False,80
173,1.08724,4.11026,False,80
175,1.04555,1.04367,False,80
176,1.10698,1.10321,False,80
177,1.09928,5.13465,False,80
178,4.02371,5.13878,False,80
179,1.13746,5.14106,False,80
180,2.14621,5.06516,False,80
181,3.08601,5.13354,False,80
182,1.14691,5.00669,False,80
183,1.11424,5.08651,False,80
184,1.12408,7.00845,False,80
185,1.12332,5.11255,False,80
186,1.12181,7.03867,False,80
188,1.00719,5.11867,False,80
189,4.1167,6.04662,False,80
190,1.1467100000000001,3.13365,False,80
191,1.11463,5.09776,False,80
192,1.13015,5.14041,False,80
193,6.01001,5.04401,False,80
194,1.12187,5.13983,False,80
195,1.10972,3.01646,False,80
197,1.00298,5.07124,False,80
198,1.09592,5.02355,False,80
199,3.02525,4.12308,False,80
200,1.14641,1.14481,False,80
201,1.01388,1.1396,False,80
202,7.03901,7.05472,False,80
203,4.0713799999999996,5.14472,False,80
204,1.09196,5.03259,False,80
206,1.00999,5.02631,False,80
207,1.12071,3.04987,False,80
208,1.0422,1.14605,False,80
209,3.00617,3.09521,False,80
210,3.00417,3.07204,False,80
211,3.10113,3.04622,False,80
212,1.07363,1.11631,False,80
213,1.08241,3.02067,False,80
216,1.10815,6.0829,False,80
217,1.13205,4.04228,False,80
218,1.0924800000000001,5.13926,False,80
219,1.1455,5.03414,False,80
222,1.11475,3.01531,False,80
225,4.12015,3.094,False,80
226,1.07894,5.01522,False,80
227,4.07217,7.12616,False,80
229,3.10676,4.14271,False,80
230,3.04973,3.08628,False,80
233,1.01041,5.13545,False,80
234,3.03558,5.11111,False,80
235,3.05972,3.03281,False,80
236,1.13452,1.09082,False,80
237,1.06405,1.13615,False,80
242,1.00725,4.09967,False,80
243,1.12024,1.09608,False,80
251,4.11209,4.08227,False,80
252,1.12331,3.08791,False,80
253,1.00781,5.00075,False,80
254,1.00587,1.09058,False,80
255,1.00742,3.1374,False,80
256,1.04872,5.13211,False,80
257,1.07972,5.13073,False,80
258,1.06358,3.10707,False,80
259,3.0864,1.12406,False,80
260,1.00548,1.14142,False,80
262,1.01383,6.08235,False,80
263,1.0221,1.14213,False,80
264,1.02318,4.03312,False,80
265,1.13681,1.11101,False,80
270,3.09502,1.13668,False,80
271,1.0597,3.13574,False,80
272,1.1263,1.12806,False,80
273,1.13386,1.13798,False,80
274,1.11433,1.1343,False,80
275,3.00952,1.1472,False,80
280,1.03052,1.14284,False,80
289,1.0506199999999999,4.08549,False,80
290,1.09464,1.1439300000000001,False,80
291,1.13729,1.1409,False,80
292,1.09201,1.14743,False,80
293,5.01355,5.1130700000000004,False,80
294,5.00274,5.12278,False,80
295,5.00821,6.08261,False,80
296,5.01847,1.01348,False,80
297,1.11485,5.06882,False,80
298,1.01849,5.08637,False,80
299,1.13009,4.08502,False,80
300,1.1132,5.09047,False,80
301,1.03466,3.04495,False,80
302,1.04562,5.08166,False,80
303,1.06364,3.12199,False,80
308,1.01901,6.08733,False,80
317,1.01718,5.13526,False,80
318,1.08438,6.00144,False,80
319,1.04496,5.12986,False,80
320,1.03978,2.0893,False,80
321,1.0647199999999999,4.04456,False,80
322,1.07285,3.01937,False,80
323,1.01651,3.13204,False,80
324,1.00907,3.00879,False,80
325,1.02596,5.1393,False,80
326,1.00971,3.10212,False,80
328,1.08781,5.09617,False,80
329,2.12578,6.02617,False,80
330,1.07762,5.0971,False,80
331,1.02732,5.01188,False,80
332,1.13675,5.13899,False,80
333,3.12555,5.10795,False,80
334,1.13481,1.14423,False,80
335,1.04053,5.05393,False,80
336,1.0951,5.13887,False,80
337,1.03679,5.14002,False,80
339,1.06783,5.09585,False,80
340,1.0,1.00482,True,80
341,1.0,5.11085,True,80
342,6.0389,1.10731,False,80
343,1.0,1.0,True,80
346,1.07224,5.09111,False,80
347,1.12606,6.09773,False,80
348,1.08908,5.00773,False,80
349,1.03949,5.00864,False,80
350,3.04235,4.06622,False,80
351,1.14495,5.10187,False,80
352,1.14118,4.00315,False,80
353,4.11077,7.03716,False,80
354,4.12652,5.0933,False,80
355,1.08052,3.0673,False,80
357,1.08228,4.0038,False,80
358,1.12588,3.01957,False,80
359,1.11031,3.00244,False,80
361,1.05764,5.09821,False,80
363,5.07869,5.0635,False,80
364,5.07751,5.0698,False,80
365,1.05288,3.03203,False,80
366,1.07579,1.12401,False,80
367,5.0699,5.05448,False,80
370,1.10661,3.14403,False,80
371,1.13788,3.07037,False,80
372,1.14446,6.1109,False,80
373,1.12615,1.12144,False,80
374,1.02618,7.09918,False,80
375,1.10305,3.09065,False,80
376,1.00307,1.10034,False,80
377,1.03198,1.10481,False,80
378,3.02218,3.11641,False,80
379,3.07326,1.13351,False,80
380,4.0205,3.12658,False,80
381,1.10827,1.14694,False,80
383,1.0961400000000001,5.11081,False,80
384,1.13086,5.12151,False,80
385,1.01132,5.12985,False,80
386,1.08255,5.10252,False,80
387,1.04701,4.08363,False,80
388,1.0043,1.14483,False,80
389,1.08388,2.05997,False,80
390,1.06909,2.13325,False,80
391,1.01669,3.11671,False,80
394,1.00273,5.1204,False,80
395,5.00337,1.0471,False,80
396,5.09881,1.13105,False,80
397,5.08565,1.14412,False,80
398,5.11275,3.05299,False,80
403,1.02412,4.01411,False,80
404,5.07857,4.13243,False,80
405,5.07296,1.08894,False,80
406,1.10029,1.0,False,80
407,4.03715,3.05748,False,80
408,1.0,1.1298,True,80
412,5.00214,6.13859,False,80
413,5.00491,5.11705,False,80
414,5.00903,6.14001,False,80
415,5.0172,3.05077,False,80
416,3.14078,3.03452,False,80
417,1.13745,3.06924,False,80
418,5.05562,5.04922,False,80
419,3.10926,5.10956,False,80
420,3.0534,3.00338,False,80
421,3.07605,5.07791,False,80
422,3.06211,5.12274,False,80
423,1.1213,3.05743,False,80
425,1.05704,7.06359,False,80
426,1.07398,4.12302,False,80
427,1.10437,1.13579,False,80
428,3.0792,3.13308,False,80
429,3.07993,3.08961,False,80
1,1.07693,3.0993,False,81
3,1.07845,1.04472,False,81
5,1.04081,7.08594,False,81
6,1.11504,3.08153,False,81
7,1.0004,1.0,False,81
9,1.00179,1.13306,False,81
10,1.01332,1.02102,False,81
11,1.12944,1.0,False,81
13,1.10955,1.12114,False,81
17,1.0493999999999999,3.08657,False,81
18,1.09074,1.09579,False,81
19,1.0,3.12425,True,81
21,1.0843,3.10351,False,81
22,1.14188,1.1469,False,81
25,1.05726,4.0999,False,81
29,1.01696,1.14587,False,81
30,1.07105,1.14065,False,81
69,1.00718,4.11415,False,81
70,3.01521,3.0609,False,81
71,1.09885,3.00161,False,81
72,3.08006,3.10228,False,81
73,3.02618,3.06869,False,81
74,3.0209799999999998,3.01803,False,81
75,4.02982,3.04904,False,81
76,1.14513,1.14479,False,81
77,3.02916,1.14034,False,81
78,1.1026,3.12427,False,81
79,1.13524,3.06821,False,81
82,1.00895,4.14199,False,81
83,1.01415,3.1114,False,81
84,3.06245,1.0,False,81
85,1.00178,1.0,False,81
86,1.0,4.01156,True,81
91,1.04144,1.13968,False,81
92,1.11844,1.14231,False,81
93,1.10798,3.01695,False,81
95,1.0373,1.13978,False,81
98,1.08217,5.1143,False,81
99,2.01478,5.13877,False,81
100,1.12962,6.09135,False,81
101,1.02822,3.0571,False,81
103,1.14195,5.08435,False,81
104,1.06734,5.11038,False,81
106,1.06806,5.14246,False,81
107,1.05188,6.02125,False,81
109,1.11219,4.08092,False,81
110,1.11601,3.07877,False,81
111,1.00144,3.07269,False,81
112,1.01554,2.04057,False,81
113,1.08607,3.09924,False,81
114,1.03918,1.14045,False,81
115,1.02637,1.12797,False,81
116,1.01676,3.04623,False,81
117,1.01073,1.13132,False,81
118,1.02792,3.12156,False,81
120,1.00058,4.08994,False,81
121,1.00783,1.13441,False,81
122,1.00569,1.14346,False,81
123,1.00543,1.10396,False,81
124,1.04303,7.13608,False,81
125,5.13269,4.1186,False,81
126,5.10819,5.04115,False,81
127,1.1272,4.10348,False,81
128,1.01845,5.05898,False,81
129,1.09892,5.1029,False,81
130,5.12283,5.12167,False,81
131,1.02699,1.05309,False,81
133,1.00421,1.14182,False,81
134,1.00003,1.13611,False,81
135,1.04387,1.12013,False,81
136,1.05303,1.11364,False,81
137,1.05404,1.03153,False,81
139,1.11741,1.10732,False,81
140,1.00912,1.08759,False,81
141,1.11626,1.13079,False,81
142,1.14451,1.14609,False,81
143,1.02882,1.1131199999999999,False,81
144,1.13145,1.06329,False,81
145,1.0,5.00148,True,81
146,1.0,1.0,True,81
147,1.0029,1.0,False,81
148,1.0,1.0,True,81
149,1.0,3.08709,True,81
150,5.09342,1.0,False,81
151,1.13814,1.0,False,81
153,1.13989,1.13941,False,81
154,1.1111,5.06029,False,81
155,1.02317,7.04376,False,81
156,1.07653,1.13206,False,81
157,1.0037,1.13788,False,81
158,1.04987,3.00457,False,81
159,1.03028,3.1006299999999998,False,81
160,1.01752,3.11788,False,81
161,1.03244,3.06826,False,81
162,4.12065,4.08192,False,81
164,1.04405,7.06848,False,81
165,5.07395,1.12107,False,81
166,5.1291,5.09555,False,81
167,1.1197,1.00876,False,81
168,5.04647,1.0,False,81
169,5.12363,5.09837,False,81
173,1.08111,3.07193,False,81
175,1.08774,1.05609,False,81
176,1.07279,1.12487,False,81
177,1.0976,5.1189,False,81
178,4.00382,6.0053,False,81
179,1.14115,5.10666,False,81
180,2.11404,5.00233,False,81
181,3.1168,5.14234,False,81
182,1.14678,5.0044,False,81
183,1.12218,5.05754,False,81
184,1.12665,7.07775,False,81
185,1.13985,5.09621,False,81
186,1.09838,7.02923,False,81
188,1.01092,5.14194,False,81
189,4.10546,6.04137,False,81
190,3.00746,3.01034,False,81
191,1.05227,5.12411,False,81
192,1.06232,5.07308,False,81
193,6.04939,5.07974,False,81
194,1.1172,5.06481,False,81
195,1.11105,3.08516,False,81
197,1.00225,5.13806,False,81
198,1.10596,5.12905,False,81
199,3.06549,4.02639,False,81
200,1.13528,1.13095,False,81
201,1.13379,1.1421999999999999,False,81
202,7.06572,7.05834,False,81
203,1.12525,5.13573,False,81
204,1.09633,5.09436,False,81
206,1.00341,5.09359,False,81
207,1.14024,3.00808,False,81
208,1.09067,1.13826,False,81
209,3.01959,3.03185,False,81
210,3.02633,3.06442,False,81
211,3.10294,3.03196,False,81
212,1.08758,1.13557,False,81
213,1.0741,3.03043,False,81
216,1.11354,6.01223,False,81
217,1.1406,4.08343,False,81
218,1.12901,5.08939,False,81
219,3.0256,5.03212,False,81
222,1.10269,3.07831,False,81
225,4.0193,3.13648,False,81
226,1.0807,5.12091,False,81
227,4.01038,7.05869,False,81
229,3.10564,4.10811,False,81
230,3.06379,3.10675,False,81
233,1.00098,5.0922,False,81
234,3.01629,5.11215,False,81
235,3.00898,5.08205,False,81
236,1.10857,1.13519,False,81
237,1.09186,1.14727,False,81
242,1.00599,4.11629,False,81
243,1.13193,1.11153,False,81
251,4.09723,4.08837,False,81
252,1.12982,3.127,False,81
253,1.00975,5.12353,False,81
254,1.01576,1.03843,False,81
255,1.07991,3.06153,False,81
256,1.04414,5.04666,False,81
257,1.02579,5.03646,False,81
258,1.02548,3.12122,False,81
259,3.02589,1.12774,False,81
260,1.09306,1.13886,False,81
262,1.00336,6.1363900000000005,False,81
263,1.01525,1.14141,False,81
264,1.11337,4.02507,False,81
265,1.11826,1.13888,False,81
270,3.08519,1.14528,False,81
271,1.14382,3.08712,False,81
272,1.11133,1.10304,False,81
273,1.13292,1.12926,False,81
274,1.07293,1.12197,False,81
275,3.06544,1.11179,False,81
280,1.01069,1.1357,False,81
289,1.0762,4.0964,False,81
290,1.10633,1.14698,False,81
291,1.14575,1.14063,False,81
292,1.10364,1.12344,False,81
293,5.00325,5.14626,False,81
294,5.00334,5.1427,False,81
295,5.02179,6.064,False,81
296,5.03383,1.11357,False,81
297,1.07271,5.13218,False,81
298,1.07267,5.12834,False,81
299,1.0484,4.07036,False,81
300,1.02858,5.12607,False,81
301,1.09695,3.03958,False,81
302,1.09141,5.11277,False,81
303,1.03997,3.13216,False,81
308,1.02473,6.12392,False,81
317,1.00203,3.11244,False,81
318,1.10855,6.02145,False,81
319,1.03193,5.14353,False,81
320,1.0183,2.08692,False,81
321,1.02077,4.11375,False,81
322,1.05073,3.13939,False,81
323,1.01097,3.04069,False,81
324,1.00847,3.11523,False,81
325,1.06219,5.09618,False,81
326,1.00163,3.07855,False,81
328,1.08201,5.11159,False,81
329,2.03405,6.07015,False,81
330,1.11299,5.14163,False,81
331,1.04167,5.0821,False,81
332,1.11942,5.08406,False,81
333,3.08867,5.1131,False,81
334,1.06709,1.13812,False,81
335,1.10809,5.10843,False,81
336,1.03891,5.129,False,81
337,1.09387,5.07722,False,81
339,1.13572,5.08003,False,81
340,1.0,1.12416,True,81
341,1.0,5.01373,True,81
342,6.04437,1.05913,False,81
343,1.0,1.0,True,81
346,1.10074,3.00556,False,81
347,1.11355,6.11836,False,81
348,1.0744,5.06298,False,81
349,1.02431,5.1072,False,81
350,3.00708,4.11613,False,81
351,1.12643,5.03358,False,81
352,1.1409799999999999,4.07791,False,81
353,4.09613,7.07245,False,81
354,4.1179,5.01627,False,81
355,1.1,3.14631,False,81
357,1.06828,4.06465,False,81
358,1.0808200000000001,3.0742,False,81
359,1.13706,3.05419,False,81
361,1.07714,5.10849,False,81
363,5.0946,5.06536,False,81
364,5.11229,5.1112400000000004,False,81
365,1.05211,3.09626,False,81
366,1.13129,1.11223,False,81
367,5.0685,5.12764,False,81
370,1.10216,3.12322,False,81
371,1.14135,3.07934,False,81
372,1.14696,6.06426,False,81
373,1.08738,1.14532,False,81
374,1.00423,7.04023,False,81
375,1.11919,1.00781,False,81
376,1.10794,1.1233,False,81
377,1.11289,1.10683,False,81
378,3.08038,3.0853,False,81
379,3.13663,1.14481,False,81
380,4.03159,3.05532,False,81
381,1.11503,1.11948,False,81
383,1.07128,5.11362,False,81
384,1.14608,5.14477,False,81
385,1.01757,5.13643,False,81
386,1.02264,5.08209,False,81
387,1.00439,4.12759,False,81
388,1.00113,1.07481,False,81
389,1.00302,2.1438800000000002,False,81
390,1.01096,5.03141,False,81
391,1.0021,3.14264,False,81
394,1.07428,5.05166,False,81
395,5.05181,1.12514,False,81
396,5.13529,1.0903,False,81
397,5.1118,1.12496,False,81
398,5.06159,3.02743,False,81
403,1.05781,4.10548,False,81
404,5.04285,4.0323,False,81
405,5.03855,1.10334,False,81
406,1.12424,1.0,False,81
407,4.06349,3.04614,False,81
408,1.0,1.04786,True,81
412,5.0011,6.1456,False,81
413,5.00442,1.14567,False,81
414,5.05375,6.0511800000000004,False,81
415,5.00059,3.07184,False,81
416,3.00468,5.14208,False,81
417,1.11526,3.07491,False,81
418,5.09443,5.06463,False,81
419,4.06574,3.10591,False,81
420,3.0736499999999998,3.06695,False,81
421,3.08048,5.11759,False,81
422,3.09462,5.11011,False,81
423,1.13983,3.11106,False,81
425,1.00087,1.08454,False,81
426,1.08941,4.08429,False,81
427,1.08105,1.13038,False,81
428,3.10512,3.13636,False,81
429,3.11455,3.04311,False,81
1,1.07924,3.09075,False,82
3,1.05786,1.02722,False,82
5,1.06246,7.11079,False,82
6,1.02864,3.04733,False,82
7,1.0162,1.0,False,82
9,1.02883,1.10108,False,82
10,1.02225,1.06312,False,82
11,1.08044,1.0,False,82
13,1.11464,1.1177,False,82
17,1.02891,3.12533,False,82
18,1.07331,1.08202,False,82
19,1.0,3.10824,True,82
21,1.10073,3.05686,False,82
22,1.12875,1.13925,False,82
25,1.08907,1.1389,False,82
29,1.01878,1.14345,False,82
30,1.09981,1.14232,False,82
69,1.0005,4.11427,False,82
70,3.02293,3.10671,False,82
71,1.06058,3.01856,False,82
72,3.08896,3.118,False,82
73,3.03794,3.11897,False,82
74,3.05198,7.14106,False,82
75,4.01433,3.14067,False,82
76,1.12541,1.14495,False,82
77,3.02341,1.14039,False,82
78,1.09529,4.14703,False,82
79,1.13104,1.14691,False,82
82,1.05983,4.09486,False,82
83,1.05417,3.09686,False,82
84,3.13561,1.0,False,82
85,1.08484,1.0,False,82
86,1.0,4.04708,True,82
91,1.06375,1.14633,False,82
92,1.11319,3.14186,False,82
93,1.11353,3.14688,False,82
95,1.02303,1.12332,False,82
98,1.06633,5.10899,False,82
99,2.00219,5.10626,False,82
100,1.1237300000000001,6.04753,False,82
101,1.01711,3.11874,False,82
103,1.07189,5.01265,False,82
104,1.11043,5.1288,False,82
106,1.0957,5.00372,False,82
107,1.04106,6.05287,False,82
109,1.13848,4.06198,False,82
110,1.11747,3.02876,False,82
111,1.00625,3.13098,False,82
112,1.01448,2.06596,False,82
113,1.03352,3.12814,False,82
114,1.0064,1.14727,False,82
115,1.07608,1.13985,False,82
116,1.04437,3.09626,False,82
117,1.04576,1.11659,False,82
118,1.04935,3.11912,False,82
120,1.00171,4.08603,False,82
121,1.00452,1.14078,False,82
122,1.0023,1.08984,False,82
123,1.00669,1.09793,False,82
124,1.06085,7.1316,False,82
125,5.03949,4.01216,False,82
126,5.06607,5.13913,False,82
127,1.14396,4.06707,False,82
128,1.01247,5.03488,False,82
129,1.06176,5.12453,False,82
130,5.09727,5.0331,False,82
131,1.00315,1.11394,False,82
133,1.0051,1.14303,False,82
134,1.00991,1.10706,False,82
135,1.01459,1.0956,False,82
136,1.02362,1.09908,False,82
137,1.08041,1.13165,False,82
139,1.08711,1.04898,False,82
140,1.04258,1.10604,False,82
141,1.07164,1.11638,False,82
142,1.04608,1.11436,False,82
143,1.03218,1.12046,False,82
144,1.0655000000000001,1.13865,False,82
145,5.07371,1.0,False,82
146,1.0,1.0,True,82
147,1.05094,1.0,False,82
148,1.0,1.0,True,82
149,1.0,3.12194,True,82
150,5.07244,1.0,False,82
151,1.11371,1.0,False,82
153,1.1375,1.1442,False,82
154,1.0899,5.03276,False,82
155,1.04448,1.1435,False,82
156,1.08061,3.14711,False,82
157,1.01339,1.08066,False,82
158,1.1118,3.08454,False,82
159,1.00303,3.12121,False,82
160,1.0631,3.01672,False,82
161,1.00012,3.08445,False,82
162,4.09033,4.11022,False,82
164,1.00366,7.13539,False,82
165,5.03307,1.11018,False,82
166,5.09501,5.04271,False,82
167,1.10635,1.01087,False,82
168,5.14634,1.0,False,82
169,5.13127,5.05177,False,82
173,1.09244,4.00687,False,82
175,1.08792,1.05775,False,82
176,1.14371,1.13369,False,82
177,1.1145,5.12128,False,82
178,4.02085,5.07653,False,82
179,1.1427100000000001,5.14579,False,82
180,2.05455,5.11617,False,82
181,3.06418,5.14437,False,82
182,1.12976,5.06386,False,82
183,1.11004,5.13075,False,82
184,1.12992,7.02077,False,82
185,1.14211,5.14423,False,82
186,1.08419,7.09823,False,82
188,1.00479,5.1451,False,82
189,4.13476,6.08752,False,82
190,3.0687699999999998,3.04216,False,82
191,1.1074,5.13696,False,82
192,1.10332,5.09451,False,82
193,6.12074,5.04222,False,82
194,1.13962,5.05926,False,82
195,1.0911,3.07051,False,82
197,1.00866,5.13531,False,82
198,1.1059,5.04261,False,82
199,3.00945,4.13684,False,82
200,1.08881,1.14225,False,82
201,1.14738,1.14628,False,82
202,7.05422,7.05139,False,82
203,4.11678,5.14041,False,82
204,1.03626,5.07202,False,82
206,1.00438,5.0111,False,82
207,1.1163,3.06481,False,82
208,1.03254,1.11375,False,82
209,3.03756,3.13736,False,82
210,3.05819,3.08784,False,82
211,3.10404,3.00829,False,82
212,1.11415,1.11273,False,82
213,1.10474,3.11112,False,82
216,1.09402,6.00118,False,82
217,1.13605,4.046,False,82
218,1.12962,5.14491,False,82
219,1.11989,5.1301,False,82
222,1.11631,3.1171699999999998,False,82
225,4.0467,3.06012,False,82
226,1.10866,5.12055,False,82
227,4.08319,7.0578,False,82
229,3.10919,4.134,False,82
230,3.0874,3.12648,False,82
233,1.00203,5.11969,False,82
234,3.04114,5.12343,False,82
235,3.06138,3.00598,False,82
236,1.03791,1.12103,False,82
237,1.06824,1.13528,False,82
242,1.04022,4.10136,False,82
243,1.03046,1.09871,False,82
251,4.09174,4.07552,False,82
252,1.13969,3.11054,False,82
253,1.02183,5.00088,False,82
254,1.02933,1.06753,False,82
255,1.01138,3.12463,False,82
256,1.10175,5.06309,False,82
257,1.04396,5.13596,False,82
258,1.12736,3.13721,False,82
259,1.09255,1.13091,False,82
260,1.02186,1.08099,False,82
262,1.00509,6.12601,False,82
263,1.04035,1.14575,False,82
264,1.10926,4.081,False,82
265,1.12839,1.14689,False,82
270,3.03774,1.14406,False,82
271,1.12547,3.12396,False,82
272,1.08096,1.10928,False,82
273,1.10802,1.1417,False,82
274,1.12207,1.1436600000000001,False,82
275,3.06139,1.12471,False,82
280,1.01106,1.13257,False,82
289,1.08481,4.05361,False,82
290,1.11641,1.13972,False,82
291,1.14663,1.13653,False,82
292,1.11401,1.13867,False,82
293,5.01049,6.02226,False,82
294,5.0136,5.13526,False,82
295,5.01416,6.13153,False,82
296,5.06406,5.14484,False,82
297,1.07399,5.07043,False,82
298,1.01836,5.10118,False,82
299,1.09595,4.01241,False,82
300,1.13654,5.00346,False,82
301,1.04255,3.09731,False,82
302,1.11821,5.09021,False,82
303,1.01797,3.14249,False,82
308,1.01556,6.12571,False,82
317,1.00686,5.01984,False,82
318,1.09832,6.13302,False,82
319,1.0724,5.14386,False,82
320,1.03533,5.09034,False,82
321,1.00065,4.12235,False,82
322,1.0363,3.00147,False,82
323,1.01657,3.04012,False,82
324,1.01328,3.11209,False,82
325,1.02242,5.05932,False,82
326,1.0133,3.11442,False,82
328,1.10819,5.07449,False,82
329,2.05278,6.03329,False,82
330,1.11365,5.11397,False,82
331,1.05837,5.13082,False,82
332,1.12611,5.07891,False,82
333,3.0708,5.13601,False,82
334,1.11758,1.12558,False,82
335,1.11259,5.1131,False,82
336,1.03556,5.14119,False,82
337,1.12414,5.10138,False,82
339,1.00796,5.08793,False,82
340,1.0,1.01135,True,82
341,1.0,5.04424,True,82
342,6.03442,1.11318,False,82
343,1.0,1.0,True,82
346,1.08987,3.06554,False,82
347,1.1402700000000001,6.0601,False,82
348,1.08939,5.01927,False,82
349,1.06024,5.08112,False,82
350,3.04034,4.13116,False,82
351,1.12118,5.01787,False,82
352,1.11364,4.021,False,82
353,4.08877,7.09911,False,82
354,4.1172,5.02364,False,82
355,1.10282,3.05911,False,82
357,1.05521,4.1082,False,82
358,1.07727,3.07305,False,82
359,1.1135,3.06199,False,82
361,1.08128,5.06396,False,82
363,5.10152,5.10007,False,82
364,5.14296,5.11144,False,82
365,1.09756,3.02138,False,82
366,1.11908,1.10247,False,82
367,5.05226,5.1432,False,82
370,1.0979700000000001,3.08218,False,82
371,1.13121,3.13134,False,82
372,1.14717,6.04229,False,82
373,1.10761,1.11492,False,82
374,1.02144,7.12773,False,82
375,1.01756,1.07424,False,82
376,1.11194,1.1437599999999999,False,82
377,1.1313900000000001,1.10848,False,82
378,3.07702,3.0968,False,82
379,3.10752,1.14297,False,82
380,4.05569,3.02593,False,82
381,1.1022,1.14063,False,82
383,1.07134,5.05283,False,82
384,1.12947,5.12836,False,82
385,1.00708,5.13772,False,82
386,1.01686,5.1035,False,82
387,1.00565,4.1204,False,82
388,1.0684,1.1372,False,82
389,1.00507,2.07912,False,82
390,1.04376,5.078,False,82
391,1.00254,3.02296,False,82
394,1.0817,5.10454,False,82
395,5.09184,1.12673,False,82
396,5.07203,1.08708,False,82
397,5.05391,1.12342,False,82
398,5.04899,3.09275,False,82
403,1.04262,4.07035,False,82
404,5.00561,4.06299,False,82
405,5.13849,1.11324,False,82
406,1.03902,1.12835,False,82
407,4.11257,3.02632,False,82
408,1.0,1.08625,True,82
412,5.00234,6.08763,False,82
413,5.00521,1.14581,False,82
414,5.01196,6.12302,False,82
415,5.00138,3.00276,False,82
416,3.07643,3.05186,False,82
417,1.1152,3.083,False,82
418,5.09937,5.08385,False,82
419,3.14113,5.07834,False,82
420,3.06925,3.01969,False,82
421,3.13516,5.0157,False,82
422,3.13288,3.07886,False,82
423,1.10142,3.1012399999999998,False,82
425,1.03829,7.04683,False,82
426,1.0685,4.10582,False,82
427,1.0994,1.13475,False,82
428,3.09299,3.07526,False,82
429,3.029,3.09427,False,82
1,1.09929,3.01997,False,83
3,1.04652,1.02338,False,83
5,1.0594999999999999,7.1035,False,83
6,1.05022,3.01937,False,83
7,1.0108,1.0,False,83
9,1.00493,1.12755,False,83
10,1.03844,1.14574,False,83
11,1.00122,1.0,False,83
13,1.1331,1.14482,False,83
17,1.0628,3.03803,False,83
18,1.05607,1.11031,False,83
19,1.0,3.06589,True,83
21,1.10792,3.05503,False,83
22,1.1213,1.11991,False,83
25,1.05848,4.14631,False,83
29,1.00608,1.14728,False,83
30,1.0924800000000001,1.13079,False,83
69,1.00263,4.10256,False,83
70,3.04319,3.0644,False,83
71,1.04735,3.04442,False,83
72,3.04528,3.07308,False,83
73,3.01055,3.02511,False,83
74,3.03596,7.08662,False,83
75,4.11852,3.14241,False,83
76,1.13542,3.00796,False,83
77,3.03221,1.14082,False,83
78,1.09782,3.04508,False,83
79,1.12451,3.01595,False,83
82,1.08933,4.11555,False,83
83,1.01272,3.12304,False,83
84,3.10251,1.0,False,83
85,1.0,1.07981,True,83
86,1.0,4.07514,True,83
91,1.04668,1.13943,False,83
92,1.10186,1.14726,False,83
93,1.12925,3.12305,False,83
95,1.0476,1.14386,False,83
98,1.04494,5.12732,False,83
99,2.03414,5.0602,False,83
100,1.12277,6.13948,False,83
101,1.06972,3.11551,False,83
103,1.1031900000000001,5.07895,False,83
104,1.13389,5.02782,False,83
106,1.11188,5.0262,False,83
107,1.06104,6.00177,False,83
109,1.1298,4.0229,False,83
110,1.11865,3.12952,False,83
111,1.02231,3.14636,False,83
112,1.02194,2.05866,False,83
113,1.05534,3.07029,False,83
114,1.02313,1.14421,False,83
115,1.02403,1.14348,False,83
116,1.04369,3.07319,False,83
117,1.01705,1.13848,False,83
118,1.00557,3.13177,False,83
120,1.00437,4.12118,False,83
121,1.00836,1.13969,False,83
122,1.00063,1.1459,False,83
123,1.02115,1.05005,False,83
124,1.00993,7.06605,False,83
125,5.01586,4.07325,False,83
126,5.05623,5.13081,False,83
127,1.09019,4.04655,False,83
128,1.0241,5.06927,False,83
129,1.13119,5.01605,False,83
130,5.11725,5.10916,False,83
131,1.0637699999999999,1.12711,False,83
133,1.00315,1.1412499999999999,False,83
134,1.03361,1.14677,False,83
135,1.0253,1.13422,False,83
136,1.06471,1.12517,False,83
137,1.02287,1.05294,False,83
139,1.02775,1.11492,False,83
140,1.00481,1.13236,False,83
141,1.11096,1.11154,False,83
142,1.06721,1.0923,False,83
143,1.00662,1.14697,False,83
144,4.04174,1.11999,False,83
145,5.06092,1.0,False,83
146,1.0,1.0,True,83
147,1.03656,1.0,False,83
148,1.0,1.0,True,83
149,1.0,3.07689,True,83
150,5.09982,1.0,False,83
151,1.0,1.12347,True,83
153,1.13792,1.14738,False,83
154,1.11326,5.09137,False,83
155,1.00276,7.06222,False,83
156,1.03089,3.02084,False,83
157,1.00968,1.12766,False,83
158,1.08117,3.07642,False,83
159,1.05522,3.03721,False,83
160,1.08737,3.12995,False,83
161,1.11155,3.11548,False,83
162,4.12666,4.12412,False,83
164,1.00975,7.11664,False,83
165,5.12526,1.09559,False,83
166,5.1382200000000005,5.09338,False,83
167,1.09369,1.00227,False,83
168,5.07462,1.0,False,83
169,5.14213,5.07206,False,83
173,1.09034,4.05418,False,83
175,1.10884,1.10513,False,83
176,1.06665,1.11382,False,83
177,1.13101,5.10444,False,83
178,4.00066,6.09652,False,83
179,1.14099,5.12753,False,83
180,2.05338,5.10382,False,83
181,3.03229,5.12009,False,83
182,1.1286,5.0006,False,83
183,1.12269,5.02157,False,83
184,1.11689,7.1006,False,83
185,1.12939,5.13385,False,83
186,1.06027,7.04965,False,83
188,1.00766,5.10556,False,83
189,4.13088,6.07031,False,83
190,1.14312,3.07197,False,83
191,1.12363,5.12854,False,83
192,1.12079,5.01588,False,83
193,6.09454,5.02044,False,83
194,1.08762,5.05516,False,83
195,1.12185,3.10591,False,83
197,1.00322,5.09621,False,83
198,1.11485,5.0041,False,83
199,3.00987,5.12628,False,83
200,1.14185,1.13596,False,83
201,1.07806,1.12241,False,83
202,7.03738,7.02974,False,83
203,4.02649,5.12566,False,83
204,1.02997,5.10277,False,83
206,1.00332,5.13743,False,83
207,1.12915,3.02333,False,83
208,1.06707,1.12038,False,83
209,3.0294,3.03192,False,83
210,3.02908,3.09219,False,83
211,3.0299,3.00195,False,83
212,1.07747,1.11308,False,83
213,1.05348,3.00626,False,83
216,1.11406,6.1104,False,83
217,1.13068,4.06613,False,83
218,1.09591,5.09317,False,83
219,3.04589,5.0887,False,83
222,1.09458,3.0997,False,83
225,4.06825,3.14014,False,83
226,1.1185,5.09548,False,83
227,4.05974,7.0098,False,83
229,3.13029,4.00733,False,83
230,3.06993,3.12145,False,83
233,1.01682,5.10475,False,83
234,3.02662,5.03301,False,83
235,3.0266,5.08642,False,83
236,1.09974,1.07282,False,83
237,1.0966,1.07171,False,83
242,1.00174,4.10161,False,83
243,1.0937000000000001,1.09244,False,83
251,4.13684,4.13595,False,83
252,1.1409799999999999,3.13351,False,83
253,1.00834,5.01634,False,83
254,1.01291,1.01227,False,83
255,1.08118,3.09486,False,83
256,1.00961,5.13238,False,83
257,1.0065,5.01584,False,83
258,1.08303,3.10857,False,83
259,3.12267,1.13813,False,83
260,1.02238,1.04724,False,83
262,1.00002,6.05581,False,83
263,1.01529,1.14511,False,83
264,1.09583,4.14716,False,83
265,1.12886,1.13735,False,83
270,3.01556,1.1423,False,83
271,1.11499,3.09807,False,83
272,1.12823,1.10322,False,83
273,1.10626,1.13815,False,83
274,1.12422,1.13704,False,83
275,3.03349,1.11646,False,83
280,1.00986,1.14223,False,83
289,1.08448,4.10331,False,83
290,1.1394199999999999,1.13917,False,83
291,1.146,1.14504,False,83
292,1.03991,1.13718,False,83
293,5.00542,6.03175,False,83
294,5.01916,5.05507,False,83
295,5.00053,6.13445,False,83
296,5.01086,1.03709,False,83
297,1.09345,5.13069,False,83
298,1.04803,5.03866,False,83
299,1.0619,4.03703,False,83
300,1.00346,5.08228,False,83
301,1.06545,3.09679,False,83
302,1.03915,5.04057,False,83
303,3.09693,3.06567,False,83
308,1.02156,6.06357,False,83
317,1.02562,3.10299,False,83
318,1.11106,6.10514,False,83
319,1.02664,5.12977,False,83
320,1.0068,5.14355,False,83
321,1.02607,4.01188,False,83
322,1.02803,3.08058,False,83
323,1.02169,3.1391999999999998,False,83
324,1.02896,3.0034,False,83
325,1.06701,5.13158,False,83
326,1.06942,3.0872,False,83
328,1.07441,5.13196,False,83
329,2.03487,6.10779,False,83
330,1.10436,5.14543,False,83
331,1.0357,3.00889,False,83
332,1.02819,5.14056,False,83
333,3.03224,5.04158,False,83
334,1.09771,1.13341,False,83
335,1.09463,5.1394400000000005,False,83
336,1.05998,5.09438,False,83
337,1.12893,5.13811,False,83
339,1.08786,5.02769,False,83
340,1.0,1.10545,True,83
341,1.0,5.14359,True,83
342,6.08413,1.12372,False,83
343,1.0,1.0,True,83
346,1.11557,5.04171,False,83
347,1.12458,6.0841,False,83
348,1.10568,5.00507,False,83
349,1.0142,5.07112,False,83
350,1.14425,4.03611,False,83
351,1.1473,5.03655,False,83
352,1.12513,4.08062,False,83
353,4.04193,7.07647,False,83
354,4.08994,5.13191,False,83
355,1.09723,3.10094,False,83
357,1.06211,4.13123,False,83
358,1.07374,3.09923,False,83
359,1.1353,3.08604,False,83
361,1.09483,5.08213,False,83
363,5.06736,5.0484,False,83
364,5.07288,5.06713,False,83
365,1.14615,3.13104,False,83
366,1.1048,1.11602,False,83
367,5.06588,5.06528,False,83
370,1.1,3.1373,False,83
371,1.13774,3.11153,False,83
372,1.14686,6.11517,False,83
373,1.10843,1.11798,False,83
374,1.00361,7.08585,False,83
375,1.09904,1.03983,False,83
376,1.1115,1.13458,False,83
377,1.12764,1.0446,False,83
378,3.05995,3.0802,False,83
379,3.1018,1.1401,False,83
380,4.10807,3.10403,False,83
381,1.09637,1.12733,False,83
383,1.07878,5.13084,False,83
384,1.14414,3.13897,False,83
385,1.01149,5.09283,False,83
386,1.00224,5.12558,False,83
387,1.00386,4.07629,False,83
388,1.01273,1.13127,False,83
389,1.05751,2.13994,False,83
390,1.05482,2.01332,False,83
391,1.00559,3.11879,False,83
394,1.01872,5.0664,False,83
395,5.0315,1.12245,False,83
396,5.13566,1.03827,False,83
397,5.03678,1.09332,False,83
398,5.04051,3.09499,False,83
403,1.11978,4.06233,False,83
404,5.09108,4.09492,False,83
405,5.14011,1.09358,False,83
406,1.04547,1.0,False,83
407,4.07061,3.0551,False,83
408,1.0,1.07819,True,83
412,5.00012,6.08636,False,83
413,5.00475,5.09441,False,83
414,5.02595,6.124,False,83
415,5.00537,3.01559,False,83
416,3.09006,3.00901,False,83
417,1.1313,3.08675,False,83
418,5.09116,5.0671,False,83
419,3.11043,5.07836,False,83
420,3.14134,3.03855,False,83
421,3.10008,5.01524,False,83
422,1.11202,5.10503,False,83
423,1.1273,3.07261,False,83
425,1.01803,7.04712,False,83
426,1.08281,4.09228,False,83
427,1.09119,1.14429,False,83
428,3.09512,3.13617,False,83
429,3.0975,3.04797,False,83
1,1.09812,3.13518,False,84
3,1.07365,1.05488,False,84
5,1.07705,7.08244,False,84
6,1.06335,3.10888,False,84
7,1.00063,1.0,False,84
9,1.02037,1.11756,False,84
10,1.08768,1.13604,False,84
11,1.077,1.0,False,84
13,1.13108,1.14583,False,84
17,1.04719,4.11548,False,84
18,1.05008,1.11178,False,84
19,1.0,3.09175,True,84
21,1.08172,3.04539,False,84
22,1.14204,1.1353900000000001,False,84
25,1.02484,4.07366,False,84
29,1.01064,1.13279,False,84
30,1.08267,1.14545,False,84
69,1.00093,4.02177,False,84
70,3.04037,3.09131,False,84
71,1.04259,3.14475,False,84
72,3.06958,3.11998,False,84
73,3.00895,3.05335,False,84
74,3.03668,3.0346,False,84
75,4.08964,3.13735,False,84
76,1.14217,3.12536,False,84
77,3.0007,1.14176,False,84
78,1.10278,4.06568,False,84
79,1.12619,3.03775,False,84
82,1.09485,4.12084,False,84
83,1.02475,3.11616,False,84
84,3.06104,1.0,False,84
85,1.0,1.09044,True,84
86,1.0,4.01081,True,84
91,1.02803,1.13632,False,84
92,1.1205,3.12293,False,84
93,1.11685,3.00533,False,84
95,1.0395,1.12554,False,84
98,1.04861,5.10747,False,84
99,2.02217,5.1145,False,84
100,1.07938,6.06894,False,84
101,1.04553,3.08223,False,84
103,1.10156,5.08454,False,84
104,1.07919,5.1317,False,84
106,1.06007,5.1460799999999995,False,84
107,1.0207600000000001,6.13664,False,84
109,1.13046,4.06808,False,84
110,1.0973600000000001,3.11637,False,84
111,1.02909,3.13465,False,84
112,1.03122,2.08493,False,84
113,1.08639,3.08022,False,84
114,1.01391,1.1324,False,84
115,1.0570599999999999,1.14169,False,84
116,1.13506,3.06772,False,84
117,1.08276,1.12064,False,84
118,1.05204,3.11469,False,84
120,1.00156,4.04508,False,84
121,1.00068,1.1448,False,84
122,1.00514,1.13827,False,84
123,1.00447,1.13337,False,84
124,1.03622,7.13477,False,84
125,5.09585,4.09349,False,84
126,5.05692,5.14689,False,84
127,1.14072,4.0581,False,84
128,1.00177,5.08888,False,84
129,1.13335,5.12205,False,84
130,5.12513,5.0991,False,84
131,1.08112,1.04074,False,84
133,1.01572,1.14573,False,84
134,1.00493,1.09025,False,84
135,1.0193699999999999,1.09906,False,84
136,1.02883,1.07088,False,84
137,1.11366,1.11443,False,84
139,1.03897,1.05439,False,84
140,1.04208,1.07141,False,84
141,1.02483,1.01873,False,84
142,1.01743,1.07635,False,84
143,1.04755,1.12396,False,84
144,1.07208,6.12587,False,84
145,1.0,5.09289,True,84
146,1.0,1.0,True,84
147,1.06305,1.0,False,84
148,1.0,1.0,True,84
149,1.0,3.02297,True,84
150,5.13793,1.0,False,84
151,1.10731,1.0,False,84
153,1.12437,1.1463,False,84
154,1.1198,5.03223,False,84
155,1.02237,3.09179,False,84
156,1.08308,3.10043,False,84
157,1.00605,1.13699,False,84
158,1.07087,3.1019,False,84
159,1.08866,3.04636,False,84
160,1.0379,3.11513,False,84
161,1.08333,3.11135,False,84
162,4.05816,4.08949,False,84
164,1.00133,7.03512,False,84
165,5.14401,1.06498,False,84
166,5.09694,5.03286,False,84
167,1.10938,1.0856,False,84
168,5.04502,1.0,False,84
169,5.04404,5.02154,False,84
173,1.08777,3.11325,False,84
175,1.06421,1.06347,False,84
176,1.07801,1.10738,False,84
177,1.11341,5.13172,False,84
178,4.00158,6.07754,False,84
179,1.14292,5.11187,False,84
180,2.03951,5.12177,False,84
181,3.10087,5.06916,False,84
182,1.14142,5.10877,False,84
183,1.09663,5.07124,False,84
184,1.13413,7.08841,False,84
185,1.13659,5.09749,False,84
186,1.08362,7.09868,False,84
188,1.0002,7.03327,False,84
189,4.09675,6.14487,False,84
190,3.02071,3.0876,False,84
191,1.03912,5.09742,False,84
192,1.12338,5.10382,False,84
193,6.00536,5.08165,False,84
194,1.09729,5.05536,False,84
195,1.09608,3.1141199999999998,False,84
197,1.00115,5.0757,False,84
198,1.10199,5.12154,False,84
199,1.13781,5.02461,False,84
200,1.10419,1.10699,False,84
201,1.14234,1.13333,False,84
202,7.04845,7.03516,False,84
203,4.02556,5.1249,False,84
204,1.06101,5.13162,False,84
206,1.00632,5.02182,False,84
207,1.09613,3.00747,False,84
208,1.07114,1.13291,False,84
209,3.00098,3.04967,False,84
210,3.04362,3.05833,False,84
211,3.1288,3.12616,False,84
212,1.0661,1.126,False,84
213,1.1259000000000001,3.1439,False,84
216,1.08941,6.08722,False,84
217,1.13937,4.10879,False,84
218,1.10143,5.11425,False,84
219,1.14248,5.02367,False,84
222,1.11041,3.1163,False,84
225,4.01293,3.05084,False,84
226,1.07593,5.11267,False,84
227,4.08379,7.07397,False,84
229,3.10866,4.04154,False,84
230,3.06089,3.08255,False,84
233,1.00111,5.14734,False,84
234,3.02978,5.13976,False,84
235,3.08939,3.00799,False,84
236,1.08,1.12174,False,84
237,1.13409,1.12743,False,84
242,1.00724,4.05918,False,84
243,1.1179000000000001,1.1471,False,84
251,4.04342,4.11881,False,84
252,1.14289,3.12959,False,84
253,1.02185,5.10225,False,84
254,1.00677,1.01532,False,84
255,1.07412,3.06418,False,84
256,1.06159,5.1191,False,84
257,1.01229,5.08966,False,84
258,1.03054,3.03575,False,84
259,1.03007,1.13216,False,84
260,1.08179,1.13186,False,84
262,1.00417,6.11808,False,84
263,1.08759,1.14717,False,84
264,1.11252,4.14082,False,84
265,1.1384,1.1367,False,84
270,3.09033,1.13232,False,84
271,1.08825,3.12762,False,84
272,1.09815,1.1313900000000001,False,84
273,1.08149,1.13944,False,84
274,1.12062,1.1222,False,84
275,3.09648,1.12718,False,84
280,1.02413,1.07619,False,84
289,1.07813,3.00753,False,84
290,1.13714,1.13306,False,84
291,1.14607,1.14557,False,84
292,1.10977,1.14011,False,84
293,5.01149,5.13392,False,84
294,5.02555,5.07312,False,84
295,5.00314,6.0575,False,84
296,5.04513,1.11878,False,84
297,1.086,5.12069,False,84
298,1.00505,5.11313,False,84
299,1.03947,4.04877,False,84
300,1.13657,5.03824,False,84
301,1.13214,3.11694,False,84
302,1.01509,5.11457,False,84
303,1.0975,3.11035,False,84
308,1.01427,6.01103,False,84
317,1.01919,5.01676,False,84
318,1.07243,6.09602,False,84
319,1.04569,5.11812,False,84
320,1.02239,5.04891,False,84
321,1.01715,4.04658,False,84
322,1.03133,3.0941,False,84
323,1.03027,3.06053,False,84
324,1.09389,3.11791,False,84
325,1.00403,5.07545,False,84
326,1.05868,3.009,False,84
328,1.06617,5.13426,False,84
329,1.13835,6.01522,False,84
330,1.06671,5.13142,False,84
331,1.03067,5.06499,False,84
332,1.10583,5.10579,False,84
333,3.05712,5.06454,False,84
334,1.09646,1.14114,False,84
335,1.07063,5.03541,False,84
336,1.08145,5.1416,False,84
337,1.09637,5.11374,False,84
339,1.08232,5.14494,False,84
340,1.0,1.05844,True,84
341,1.0,5.05082,True,84
342,6.07315,1.1388,False,84
343,1.0,1.0,True,84
346,1.05602,5.11231,False,84
347,1.14263,6.01953,False,84
348,1.0957,5.07506,False,84
349,1.00957,5.11383,False,84
350,3.02287,4.0522,False,84
351,1.13704,5.06458,False,84
352,1.14336,4.07485,False,84
353,4.0878,7.05903,False,84
354,4.03915,5.09059,False,84
355,1.04552,3.13986,False,84
357,1.06243,4.12556,False,84
358,1.10025,3.08762,False,84
359,1.11106,3.02204,False,84
361,1.09151,5.11319,False,84
363,5.11678,5.11611,False,84
364,5.13816,5.07912,False,84
365,1.09716,3.02802,False,84
366,1.08496,1.09616,False,84
367,5.03149,5.11001,False,84
370,1.10559,3.11275,False,84
371,1.14185,4.13507,False,84
372,1.14566,6.14427,False,84
373,1.1188,1.13611,False,84
374,1.03815,7.01151,False,84
375,1.08463,3.08703,False,84
376,1.1026,1.10762,False,84
377,1.06118,1.1393,False,84
378,3.09588,3.11303,False,84
379,3.10796,1.07965,False,84
380,4.06512,3.09671,False,84
381,1.06811,1.12314,False,84
383,1.06856,5.1118,False,84
384,1.13971,5.07994,False,84
385,1.00465,5.14149,False,84
386,1.00317,5.12645,False,84
387,1.02534,4.03746,False,84
388,1.02563,1.1246,False,84
389,1.05782,2.07462,False,84
390,1.05458,5.09965,False,84
391,1.01028,3.00084,False,84
394,1.01333,5.01613,False,84
395,5.12236,1.08464,False,84
396,5.095,1.11044,False,84
397,5.08349,1.10372,False,84
398,5.05881,3.00024,False,84
403,1.06839,4.09162,False,84
404,5.06697,4.04126,False,84
405,5.04815,1.09667,False,84
406,1.04038,1.06558,False,84
407,4.00241,3.11389,False,84
408,1.0,1.13705,True,84
412,5.00047,6.13687,False,84
413,5.00358,5.06853,False,84
414,5.01363,6.07372,False,84
415,5.00343,3.1308,False,84
416,3.1013,3.09027,False,84
417,1.13129,3.0565,False,84
418,5.04789,5.00307,False,84
419,3.12162,5.01249,False,84
420,3.13171,3.01526,False,84
421,3.10988,5.11338,False,84
422,3.12998,3.05095,False,84
423,1.14055,3.12299,False,84
425,1.03716,7.05197,False,84
426,1.07737,4.10659,False,84
427,1.10865,1.14298,False,84
428,3.09827,3.0658,False,84
429,3.11646,3.00671,False,84
1,1.0984099999999999,3.12839,False,85
3,1.04168,1.01272,False,85
5,1.04076,7.0511,False,85
6,1.03853,3.10082,False,85
7,1.0192,1.0,False,85
9,1.02558,1.135,False,85
10,1.05572,1.13201,False,85
11,1.06084,1.0,False,85
13,1.08768,1.12072,False,85
17,1.04471,3.13431,False,85
18,1.06331,1.14004,False,85
19,1.0,3.14593,True,85
21,1.07294,3.10517,False,85
22,1.12918,1.1467100000000001,False,85
25,1.04218,4.14314,False,85
29,1.01445,1.13432,False,85
30,1.0237,1.13543,False,85
69,1.00326,4.10852,False,85
70,3.01528,3.08048,False,85
71,1.06579,3.13828,False,85
72,3.02363,3.12388,False,85
73,3.0442,3.10777,False,85
74,3.04642,7.06844,False,85
75,4.1388300000000005,3.13926,False,85
76,1.14603,3.0028,False,85
77,3.0114900000000002,1.14625,False,85
78,1.10779,3.0529,False,85
79,1.12112,1.13425,False,85
82,1.0357,4.12929,False,85
83,1.08243,3.09679,False,85
84,3.1415,1.0,False,85
85,1.0,1.08336,True,85
86,1.0,4.0794,True,85
91,1.02517,1.1468099999999999,False,85
92,1.1166,1.14455,False,85
93,1.1323400000000001,3.04816,False,85
95,1.03101,1.14546,False,85
98,1.05165,5.14473,False,85
99,2.01504,5.10144,False,85
100,1.11663,6.09644,False,85
101,1.00667,3.13557,False,85
103,1.09713,5.10164,False,85
104,1.07385,5.03326,False,85
106,1.00449,5.00483,False,85
107,1.00804,6.08322,False,85
109,1.1284,4.0613,False,85
110,1.11484,3.02748,False,85
111,1.00416,3.07226,False,85
112,1.01204,2.1041,False,85
113,1.08088,3.04459,False,85
114,1.00487,1.14434,False,85
115,1.11574,1.14303,False,85
116,1.00056,3.03,False,85
117,1.0386,1.13167,False,85
118,1.02822,3.10729,False,85
120,1.00459,4.07762,False,85
121,1.00152,1.14143,False,85
122,1.00426,1.13763,False,85
123,1.01056,1.13313,False,85
124,1.0011,7.14548,False,85
125,5.03579,4.0619,False,85
126,5.02444,5.00758,False,85
127,1.13385,4.13519,False,85
128,1.03324,5.06132,False,85
129,1.13079,5.06976,False,85
130,5.123,5.12242,False,85
131,1.12463,1.12085,False,85
133,1.00682,1.14236,False,85
134,1.02899,1.12088,False,85
135,1.01414,1.12254,False,85
136,1.114,1.11996,False,85
137,1.13923,1.11299,False,85
139,1.06741,1.07573,False,85
140,1.053,1.12334,False,85
141,1.13273,1.0743,False,85
142,1.06942,1.01265,False,85
143,1.02613,1.1195599999999999,False,85
144,1.07736,1.09668,False,85
145,5.05228,1.0,False,85
146,1.0,1.0,True,85
147,1.04791,1.0,False,85
148,1.0,1.0,True,85
149,1.0,3.06314,True,85
150,5.03053,1.0,False,85
151,1.01691,1.0,False,85
153,1.14438,1.14319,False,85
154,1.10666,5.12734,False,85
155,1.0186,3.03394,False,85
156,1.07912,1.10469,False,85
157,1.00276,1.12419,False,85
158,1.10088,3.12935,False,85
159,1.00657,3.13002,False,85
160,1.04788,3.04224,False,85
161,1.07276,3.08171,False,85
162,4.10708,4.03486,False,85
164,1.02085,7.08161,False,85
165,5.04041,1.14063,False,85
166,5.1308,5.10079,False,85
167,1.05096,1.03598,False,85
168,5.02394,1.0,False,85
169,5.06694,5.02,False,85
173,1.09023,4.13372,False,85
175,1.04579,1.14684,False,85
176,1.11456,1.13888,False,85
177,1.10899,5.13006,False,85
178,4.02428,5.12191,False,85
179,1.14147,5.13961,False,85
180,2.14405,5.01835,False,85
181,3.08692,5.1474,False,85
182,1.14286,5.00106,False,85
183,1.12597,5.13494,False,85
184,1.13014,7.0346,False,85
185,1.13082,5.10839,False,85
186,1.12306,7.13275,False,85
188,1.00608,5.14403,False,85
189,4.12947,6.07803,False,85
190,3.06071,3.09682,False,85
191,1.13352,5.02347,False,85
192,1.13463,5.06073,False,85
193,6.03984,5.05264,False,85
194,1.10903,5.00408,False,85
195,1.1163,3.0503,False,85
197,1.0044,5.1334,False,85
198,1.09276,5.03771,False,85
199,3.02934,3.10102,False,85
200,1.11197,1.09779,False,85
201,1.12012,1.13753,False,85
202,7.06829,7.06772,False,85
203,4.11976,5.09943,False,85
204,1.0179,5.1265,False,85
206,1.00289,5.06766,False,85
207,1.10315,3.11807,False,85
208,1.04405,1.13801,False,85
209,3.0199,3.04963,False,85
210,3.04663,3.1183899999999998,False,85
211,3.05376,3.01221,False,85
212,1.07207,1.13342,False,85
213,1.07318,3.07426,False,85
216,1.10883,6.01654,False,85
217,1.13762,4.02356,False,85
218,1.12709,5.10061,False,85
219,3.09415,5.11714,False,85
222,1.1186,3.02847,False,85
225,4.05981,3.13633,False,85
226,1.0959,5.12984,False,85
227,4.00979,7.14355,False,85
229,3.11424,4.08968,False,85
230,3.07651,3.07118,False,85
233,1.01476,5.13928,False,85
234,3.0137,5.09956,False,85
235,3.10501,3.0023,False,85
236,1.14537,1.08795,False,85
237,1.11115,1.09664,False,85
242,1.01457,4.07388,False,85
243,1.1216,1.02305,False,85
251,4.0664,4.06907,False,85
252,1.14514,3.09336,False,85
253,1.02084,5.11091,False,85
254,1.0198,1.10598,False,85
255,1.04817,3.12691,False,85
256,1.00456,5.06425,False,85
257,1.00036,5.08028,False,85
258,1.03229,3.00442,False,85
259,3.06903,1.0898,False,85
260,1.06114,1.13852,False,85
262,1.0032,6.10587,False,85
263,1.00083,1.14372,False,85
264,1.13997,4.09206,False,85
265,1.13387,1.11915,False,85
270,3.08127,1.14496,False,85
271,1.1405,3.10448,False,85
272,1.12827,1.14038,False,85
273,1.11527,1.13375,False,85
274,1.07963,1.12093,False,85
275,3.06906,1.1436,False,85
280,1.00427,1.14492,False,85
289,1.0687,3.04559,False,85
290,1.13307,1.14542,False,85
291,1.14541,1.1366100000000001,False,85
292,1.11122,1.10881,False,85
293,5.00074,5.1443200000000004,False,85
294,5.05276,5.08953,False,85
295,5.02767,6.14196,False,85
296,5.01871,5.1123,False,85
297,1.12427,5.13331,False,85
298,1.00696,5.13588,False,85
299,1.06226,4.0874,False,85
300,1.07471,5.1458,False,85
301,1.04878,3.07076,False,85
302,1.07727,5.14078,False,85
303,3.10706,3.08812,False,85
308,1.01026,6.11567,False,85
317,1.03464,3.14259,False,85
318,1.08674,6.07265,False,85
319,1.02448,5.14284,False,85
320,1.01558,2.09786,False,85
321,1.01232,4.05174,False,85
322,1.03284,3.06757,False,85
323,1.00529,3.13514,False,85
324,1.00162,3.11891,False,85
325,1.03428,5.09482,False,85
326,1.01672,3.13656,False,85
328,1.101,5.09022,False,85
329,1.1441,6.06097,False,85
330,1.12262,5.13345,False,85
331,1.03248,5.06169,False,85
332,1.12872,5.14051,False,85
333,3.04402,5.06305,False,85
334,1.10332,1.13879,False,85
335,1.08847,5.14325,False,85
336,1.09566,5.12105,False,85
337,1.11371,5.12579,False,85
339,1.01325,5.14225,False,85
340,1.0,1.13059,True,85
341,1.0,5.13069,True,85
342,6.07604,1.0526200000000001,False,85
343,1.0,1.0,True,85
346,1.1060699999999999,5.02035,False,85
347,1.11961,6.10632,False,85
348,1.08371,5.1182,False,85
349,1.04491,5.00341,False,85
350,3.08244,4.12807,False,85
351,1.13664,5.08143,False,85
352,1.10149,4.06037,False,85
353,4.0963,7.05492,False,85
354,4.1299,5.1358,False,85
355,1.07814,3.14408,False,85
357,1.06875,4.06032,False,85
358,1.04605,3.03044,False,85
359,1.13204,3.00214,False,85
361,1.08486,5.07111,False,85
363,5.11991,5.1159,False,85
364,5.10059,5.09035,False,85
365,1.08842,3.09798,False,85
366,1.1222,1.1261700000000001,False,85
367,5.03898,5.04227,False,85
370,1.1088,3.12866,False,85
371,1.13897,3.01003,False,85
372,1.14613,6.03143,False,85
373,1.12525,1.12613,False,85
374,1.00054,7.02749,False,85
375,1.05749,3.13906,False,85
376,1.1093,1.05665,False,85
377,1.06623,1.01442,False,85
378,3.08328,3.14737,False,85
379,3.12908,1.12609,False,85
380,4.0505,3.07293,False,85
381,1.10613,1.14282,False,85
383,1.07669,5.13249,False,85
384,1.14288,5.02689,False,85
385,1.00987,5.13847,False,85
386,1.01411,5.11112,False,85
387,1.03379,4.14736,False,85
388,1.05364,1.14606,False,85
389,1.02202,2.14058,False,85
390,1.02671,2.10462,False,85
391,1.03483,3.11494,False,85
394,1.00989,5.11886,False,85
395,5.02366,1.10933,False,85
396,5.03868,1.02033,False,85
397,5.06387,1.13516,False,85
398,5.14368,3.04705,False,85
403,1.05214,4.13807,False,85
404,5.1107,4.14477,False,85
405,5.12543,1.06188,False,85
406,1.04592,1.0,False,85
407,4.11939,3.11904,False,85
408,1.0,1.12359,True,85
412,5.00531,6.14624,False,85
413,5.00184,5.13157,False,85
414,5.04761,6.05772,False,85
415,5.00201,3.07225,False,85
416,3.04715,3.0232,False,85
417,1.13001,3.07981,False,85
418,5.10976,5.10215,False,85
419,4.03388,3.14224,False,85
420,3.03021,3.01954,False,85
421,3.09845,5.03411,False,85
422,3.04058,5.09761,False,85
423,1.11724,3.01047,False,85
425,1.02724,7.07397,False,85
426,1.07355,4.09739,False,85
427,1.05999,1.13873,False,85
428,3.05157,3.14597,False,85
429,3.08559,3.01206,False,85
1,1.09859,3.10633,False,86
3,1.01542,1.10087,False,86
5,1.05169,7.02507,False,86
6,1.08493,3.033,False,86
7,1.02252,1.0,False,86
9,1.00879,1.11591,False,86
10,1.06361,1.10791,False,86
11,1.04705,1.0,False,86
13,1.0973,1.1347800000000001,False,86
17,1.04753,3.0648,False,86
18,1.02293,1.08428,False,86
19,1.0,3.06905,True,86
21,1.09592,4.07274,False,86
22,1.1439300000000001,1.14211,False,86
25,1.05011,4.08383,False,86
29,1.00004,1.14019,False,86
30,1.09207,1.11845,False,86
69,1.00288,4.1458,False,86
70,3.08595,3.06671,False,86
71,1.05663,3.10569,False,86
72,3.12615,3.12324,False,86
73,3.00537,3.04103,False,86
74,3.04601,7.02502,False,86
75,4.03257,3.1233,False,86
76,1.14253,1.13938,False,86
77,3.04952,1.14468,False,86
78,1.10232,3.11618,False,86
79,1.13194,3.11113,False,86
82,1.00374,4.06244,False,86
83,1.0067,3.01885,False,86
84,3.13245,1.0,False,86
85,1.07153,1.0,False,86
86,1.0,4.08832,True,86
91,1.07192,1.13449,False,86
92,1.11885,1.14109,False,86
93,1.13431,3.12083,False,86
95,1.01857,1.11804,False,86
98,1.06053,5.06961,False,86
99,2.01103,5.08811,False,86
100,1.13069,6.00133,False,86
101,1.07834,3.14552,False,86
103,1.14532,5.09593,False,86
104,1.09058,5.09591,False,86
106,1.06597,5.07422,False,86
107,1.00897,6.081,False,86
109,1.12382,4.07632,False,86
110,1.11418,3.0214,False,86
111,1.00949,3.11628,False,86
112,1.02629,2.0449,False,86
113,1.00713,3.10403,False,86
114,1.00864,1.14695,False,86
115,1.06424,1.14704,False,86
116,1.03678,3.0497,False,86
117,1.05238,1.14455,False,86
118,1.03523,3.08717,False,86
120,1.00051,4.07364,False,86
121,1.00038,1.13552,False,86
122,1.00726,1.14072,False,86
123,1.00397,1.13822,False,86
124,1.02318,7.08854,False,86
125,5.10127,4.14369,False,86
126,5.06195,5.04422,False,86
127,1.10865,4.06386,False,86
128,1.01331,5.12258,False,86
129,1.1196,5.02119,False,86
130,5.08661,5.08257,False,86
131,1.02358,1.05329,False,86
133,1.01526,1.14375,False,86
134,1.0158,1.10898,False,86
135,1.01281,1.11444,False,86
136,1.01075,1.13614,False,86
137,1.12096,1.07578,False,86
139,1.06823,1.09501,False,86
140,1.08806,1.13764,False,86
141,1.13059,1.12167,False,86
142,1.0184,1.12733,False,86
143,1.11468,1.12439,False,86
144,1.14445,1.1194,False,86
145,5.0762599999999996,1.0,False,86
146,1.0,1.0,True,86
147,1.02766,1.0,False,86
148,1.0,1.0,True,86
149,1.0,3.05503,True,86
150,5.0745,1.0,False,86
151,1.05974,1.0,False,86
153,1.11959,1.14201,False,86
154,1.0909200000000001,5.10867,False,86
155,1.0159,7.08913,False,86
156,1.07463,1.12044,False,86
157,1.00559,1.11905,False,86
158,1.01669,3.00519,False,86
159,1.01692,3.07135,False,86
160,1.0269,3.01453,False,86
161,1.0441799999999999,3.01168,False,86
162,4.11504,4.03443,False,86
164,1.01446,7.06227,False,86
165,5.09169,1.13169,False,86
166,5.11464,5.11155,False,86
167,1.13697,1.08274,False,86
168,5.1019,1.0,False,86
169,5.139,5.04353,False,86
173,1.08351,4.11826,False,86
175,1.06448,1.11357,False,86
176,1.0563,1.0189,False,86
177,1.1255600000000001,5.10158,False,86
178,4.00008,6.03437,False,86
179,1.1466,5.13105,False,86
180,2.11289,5.09176,False,86
181,3.04265,5.08812,False,86
182,1.14682,5.01024,False,86
183,1.11533,5.1407,False,86
184,1.09645,7.12817,False,86
185,1.14481,5.14352,False,86
186,1.07334,7.10026,False,86
188,1.00226,7.13475,False,86
189,4.14642,6.03894,False,86
190,3.05947,3.12082,False,86
191,1.08244,5.14396,False,86
192,1.101,5.12697,False,86
193,6.14395,5.10301,False,86
194,1.14442,5.0953,False,86
195,1.1081,3.02527,False,86
197,1.01914,5.075,False,86
198,1.12425,5.09903,False,86
199,3.04051,4.11945,False,86
200,1.14665,1.14505,False,86
201,1.11897,1.14255,False,86
202,7.04971,7.13964,False,86
203,4.04906,5.08719,False,86
204,1.05207,5.00999,False,86
206,1.00478,5.06881,False,86
207,1.10052,3.14085,False,86
208,1.01897,1.14693,False,86
209,3.03022,3.10999,False,86
210,3.05143,3.0574,False,86
211,3.06094,3.00479,False,86
212,1.05872,1.10115,False,86
213,1.11041,3.13212,False,86
216,1.11621,6.06516,False,86
217,1.1406399999999999,4.1131,False,86
218,1.11961,5.12859,False,86
219,1.13127,5.02342,False,86
222,1.12806,3.00842,False,86
225,4.01567,3.05888,False,86
226,1.1076,5.02274,False,86
227,4.07474,7.10667,False,86
229,3.08204,4.03374,False,86
230,3.0981,3.09108,False,86
233,1.01598,5.13259,False,86
234,3.04824,5.11515,False,86
235,3.02912,5.06618,False,86
236,1.13642,1.10741,False,86
237,1.07825,1.10587,False,86
242,1.00953,4.06214,False,86
243,1.14741,1.10944,False,86
251,4.11889,4.09014,False,86
252,1.12964,3.10268,False,86
253,1.01475,5.05542,False,86
254,1.02141,1.06643,False,86
255,1.02327,3.07757,False,86
256,1.02412,5.09781,False,86
257,1.12742,5.03585,False,86
258,1.02891,3.0893100000000002,False,86
259,1.08729,1.14372,False,86
260,1.00122,1.09676,False,86
262,1.00255,6.06941,False,86
263,1.00626,1.14727,False,86
264,1.09572,4.0675,False,86
265,1.11052,1.13848,False,86
270,3.05156,1.12729,False,86
271,1.13816,3.09221,False,86
272,1.10476,1.13972,False,86
273,1.10874,1.10988,False,86
274,1.0991900000000001,1.14713,False,86
275,3.01194,1.14675,False,86
280,1.03606,1.13781,False,86
289,1.05552,4.07464,False,86
290,1.09295,1.14223,False,86
291,1.1472,1.14181,False,86
292,1.02357,1.13843,False,86
293,5.00069,6.08564,False,86
294,5.01485,5.12545,False,86
295,5.02025,6.0626,False,86
296,5.02535,1.11415,False,86
297,1.09419,5.0961,False,86
298,1.03962,5.11703,False,86
299,1.02557,4.06453,False,86
300,1.0671599999999999,5.10905,False,86
301,1.04136,3.1176,False,86
302,1.09956,5.14077,False,86
303,1.1455,3.14462,False,86
308,1.00144,6.04153,False,86
317,1.008,5.01186,False,86
318,1.08809,6.07167,False,86
319,1.04959,5.13088,False,86
320,1.0288,5.1365,False,86
321,1.03513,4.0901,False,86
322,1.02496,3.03001,False,86
323,1.03787,3.11232,False,86
324,1.01432,3.11346,False,86
325,1.08694,5.02786,False,86
326,1.01746,3.08573,False,86
328,1.07957,5.13995,False,86
329,2.07183,6.11977,False,86
330,1.09877,5.14313,False,86
331,1.08847,5.01622,False,86
332,1.129,5.12062,False,86
333,3.13458,5.14739,False,86
334,1.10585,1.14643,False,86
335,1.12132,5.02458,False,86
336,1.10069,5.04417,False,86
337,1.10847,5.11727,False,86
339,1.13316,5.09704,False,86
340,1.0,1.12048,True,86
341,1.0,5.12711,True,86
342,6.06705,1.08343,False,86
343,1.0,1.0,True,86
346,1.10148,5.00292,False,86
347,1.1327,6.14062,False,86
348,1.10566,5.07833,False,86
349,1.04148,5.03431,False,86
350,1.14594,4.0894,False,86
351,1.1431499999999999,5.0558,False,86
352,1.04327,4.01802,False,86
353,4.05582,7.06553,False,86
354,4.09846,5.12643,False,86
355,1.08685,3.09987,False,86
357,1.05938,4.09734,False,86
358,1.05059,3.11984,False,86
359,1.12206,3.1433,False,86
361,1.06915,5.13283,False,86
363,5.05089,5.05006,False,86
364,5.10658,5.03235,False,86
365,1.08916,3.11807,False,86
366,1.1108,1.1290499999999999,False,86
367,5.01797,5.12668,False,86
370,1.1033,3.1015,False,86
371,1.1408,4.03154,False,86
372,1.14628,6.11877,False,86
373,1.12631,1.13363,False,86
374,1.01838,7.0662,False,86
375,1.072,1.13296,False,86
376,1.01759,1.09476,False,86
377,1.03747,1.06633,False,86
378,3.08326,3.08247,False,86
379,3.09539,1.09861,False,86
380,4.13048,3.00993,False,86
381,1.08552,1.10511,False,86
383,1.07768,5.12306,False,86
384,1.1464699999999999,5.00768,False,86
385,1.00617,5.11115,False,86
386,1.03438,5.10312,False,86
387,1.04141,4.04218,False,86
388,1.00353,1.12882,False,86
389,1.06294,2.10696,False,86
390,1.00502,2.12927,False,86
391,1.0193,3.06532,False,86
394,1.0237,5.07717,False,86
395,5.0179,1.00733,False,86
396,5.14319,1.0811,False,86
397,5.01356,1.05536,False,86
398,5.12553,3.02755,False,86
403,1.03806,4.07416,False,86
404,5.13424,4.05511,False,86
405,5.13665,1.08862,False,86
406,1.09063,1.13324,False,86
407,4.0948,3.03167,False,86
408,1.0,1.10644,True,86
412,5.00103,6.10561,False,86
413,5.00969,5.08823,False,86
414,5.03804,6.07703,False,86
415,5.02976,3.1318799999999998,False,86
416,3.0814,3.04702,False,86
417,1.1259299999999999,3.13734,False,86
418,5.04433,5.0178,False,86
419,3.07299,5.13079,False,86
420,3.10504,3.00775,False,86
421,3.03162,5.12233,False,86
422,3.04902,3.14269,False,86
423,1.13523,3.03066,False,86
425,1.00179,1.06141,False,86
426,1.07554,4.0732099999999996,False,86
427,1.11134,1.14705,False,86
428,3.05579,3.03928,False,86
429,3.12759,3.07536,False,86
1,1.0907499999999999,3.07571,False,87
3,1.05048,1.03958,False,87
5,1.04668,7.00222,False,87
6,1.10739,3.07256,False,87
7,1.00711,1.0,False,87
9,1.00704,1.09943,False,87
10,1.01653,1.13581,False,87
11,1.13278,1.0,False,87
13,1.12725,1.12669,False,87
17,1.06276,4.11142,False,87
18,1.07264,1.05111,False,87
19,1.0,3.00606,True,87
21,1.0814,4.14664,False,87
22,1.13415,1.14615,False,87
25,1.04727,4.10276,False,87
29,1.00058,1.14553,False,87
30,1.0793,1.1445400000000001,False,87
69,1.00354,4.13553,False,87
70,3.09136,3.10973,False,87
71,1.07056,3.12861,False,87
72,3.03662,3.14313,False,87
73,3.037,3.05251,False,87
74,3.01617,7.08013,False,87
75,4.01453,3.14175,False,87
76,1.13062,3.06076,False,87
77,3.07612,1.14734,False,87
78,1.09392,3.05471,False,87
79,1.12284,3.11148,False,87
82,1.01329,4.05621,False,87
83,1.04196,3.0285,False,87
84,3.06318,1.0,False,87
85,1.0,1.05055,True,87
86,1.0,4.13611,True,87
91,1.05203,1.14199,False,87
92,1.11735,1.14329,False,87
93,1.13487,3.11288,False,87
95,1.01553,1.13399,False,87
98,1.03666,5.09432,False,87
99,2.03911,5.06067,False,87
100,1.09274,6.01676,False,87
101,1.02329,3.1443,False,87
103,1.10756,5.08773,False,87
104,1.12795,5.06481,False,87
106,1.10603,5.08273,False,87
107,1.04736,6.07863,False,87
109,1.11899,4.03415,False,87
110,1.08544,3.10473,False,87
111,1.02655,3.12059,False,87
112,1.02255,2.11733,False,87
113,1.05413,3.12816,False,87
114,1.0236,1.13639,False,87
115,1.1102,1.13831,False,87
116,1.0268,3.06922,False,87
117,1.03095,1.14665,False,87
118,1.05636,3.01904,False,87
120,1.01091,4.08623,False,87
121,1.00522,1.14054,False,87
122,1.00521,1.13779,False,87
123,1.0002,1.12028,False,87
124,1.02909,7.13294,False,87
125,5.00089,4.13572,False,87
126,5.02152,5.13466,False,87
127,1.06001,4.09116,False,87
128,1.0114,5.05508,False,87
129,1.09206,5.00478,False,87
130,5.13849,5.02808,False,87
131,1.00687,1.09083,False,87
133,1.02116,1.13537,False,87
134,1.01713,1.09978,False,87
135,1.02097,1.14019,False,87
136,1.01047,1.1127,False,87
137,1.0,1.14667,True,87
139,1.0104,1.06769,False,87
140,1.01061,1.11209,False,87
141,1.0352,1.03156,False,87
142,1.11522,1.08121,False,87
143,1.00019,1.11357,False,87
144,1.01657,1.05922,False,87
145,5.0241,1.0,False,87
146,1.0,1.0,True,87
147,1.02354,1.0,False,87
148,1.0,1.0,True,87
149,1.0,3.08237,True,87
150,5.11452,1.0,False,87
151,1.0,1.02283,True,87
153,1.12944,1.12826,False,87
154,1.08707,5.12449,False,87
155,1.02493,3.04872,False,87
156,1.08738,3.10059,False,87
157,1.00907,1.14227,False,87
158,1.05149,3.0622,False,87
159,1.05042,3.14684,False,87
160,1.04583,3.06886,False,87
161,1.03298,3.03622,False,87
162,4.11225,4.1421,False,87
164,1.00574,7.11765,False,87
165,5.07689,1.1142,False,87
166,5.11907,5.10418,False,87
167,1.08161,1.05879,False,87
168,5.02119,1.0,False,87
169,5.13125,5.07274,False,87
173,1.09456,4.12436,False,87
175,1.06661,1.09062,False,87
176,1.02057,1.09445,False,87
177,1.12275,5.13337,False,87
178,4.01232,5.13187,False,87
179,1.1241,5.12545,False,87
180,2.08542,5.01407,False,87
181,3.06998,5.12257,False,87
182,1.13644,5.00242,False,87
183,1.09148,5.05129,False,87
184,1.12375,7.10102,False,87
185,1.13132,5.1068999999999996,False,87
186,1.10872,7.08031,False,87
188,1.00032,7.07052,False,87
189,4.1257,6.14654,False,87
190,1.14718,3.11613,False,87
191,1.09378,5.1384,False,87
192,1.08586,5.0435,False,87
193,6.00563,5.12106,False,87
194,1.13111,5.0631,False,87
195,1.10088,3.12634,False,87
197,1.00528,5.14405,False,87
198,1.08139,5.08262,False,87
199,3.06332,5.12321,False,87
200,1.1357,1.13939,False,87
201,1.12943,1.12582,False,87
202,7.04034,7.02886,False,87
203,4.09814,5.07449,False,87
204,1.04866,5.11033,False,87
206,1.00345,5.01483,False,87
207,1.12863,3.05497,False,87
208,1.1105,1.10947,False,87
209,3.03056,3.13645,False,87
210,3.0131,3.04505,False,87
211,3.06119,3.06012,False,87
212,1.06847,1.11947,False,87
213,1.10157,3.12964,False,87
216,1.11076,6.04805,False,87
217,1.14298,4.1285,False,87
218,1.12032,5.11993,False,87
219,3.02089,5.01569,False,87
222,1.13363,3.10164,False,87
225,4.0915,3.09407,False,87
226,1.10678,5.03398,False,87
227,4.07979,7.11415,False,87
229,3.1118,4.00221,False,87
230,3.06858,3.07177,False,87
233,1.00744,5.13584,False,87
234,3.02908,5.11498,False,87
235,3.08847,3.08198,False,87
236,1.12135,1.14074,False,87
237,1.0681,1.13281,False,87
242,1.02601,4.07381,False,87
243,1.09527,1.07535,False,87
251,4.07761,4.116,False,87
252,1.14561,3.08061,False,87
253,1.03559,5.10168,False,87
254,1.00009,1.10286,False,87
255,1.04416,3.06213,False,87
256,1.0345,5.13797,False,87
257,1.02735,5.13298,False,87
258,1.09673,3.04692,False,87
259,1.04854,1.10229,False,87
260,1.03449,1.13333,False,87
262,1.00308,6.1366,False,87
263,1.01456,1.13567,False,87
264,1.11756,4.07196,False,87
265,1.1368800000000001,1.13665,False,87
270,3.02404,1.1469,False,87
271,1.12738,3.12346,False,87
272,1.12691,1.1342,False,87
273,1.11773,1.12499,False,87
274,1.10974,1.1081,False,87
275,3.00855,1.14623,False,87
280,1.00126,1.1347,False,87
289,1.08298,4.06908,False,87
290,1.11811,1.13314,False,87
291,1.13542,1.14114,False,87
292,1.02388,1.11291,False,87
293,5.00062,6.0983,False,87
294,5.02568,5.1405899999999995,False,87
295,5.02325,6.0827,False,87
296,5.03494,5.13735,False,87
297,1.08232,5.06627,False,87
298,1.05219,5.14514,False,87
299,1.07623,4.02074,False,87
300,1.11946,5.06368,False,87
301,1.11802,3.10401,False,87
302,1.00647,5.14271,False,87
303,1.1369,3.08312,False,87
308,1.0256,6.03703,False,87
317,1.02053,5.03034,False,87
318,1.10709,6.12469,False,87
319,1.05564,5.14435,False,87
320,1.00111,2.14437,False,87
321,1.02341,4.13346,False,87
322,1.04209,3.0231,False,87
323,1.00317,3.10576,False,87
324,1.0052,3.04165,False,87
325,1.04351,5.12704,False,87
326,1.00054,3.09946,False,87
328,1.08672,5.07927,False,87
329,2.03452,6.09815,False,87
330,1.10356,5.13053,False,87
331,1.0419100000000001,3.14376,False,87
332,1.10182,5.13601,False,87
333,3.04346,5.06427,False,87
334,1.13349,1.14588,False,87
335,1.08485,5.00916,False,87
336,1.03738,5.12424,False,87
337,1.12305,5.0826,False,87
339,1.02385,5.07585,False,87
340,1.0,1.08035,True,87
341,1.0,5.0418,True,87
342,6.03856,1.14135,False,87
343,1.0,1.0,True,87
346,1.11398,5.08027,False,87
347,1.1152,6.08915,False,87
348,1.07798,5.02708,False,87
349,1.03633,5.11599,False,87
350,3.06973,4.07991,False,87
351,1.1339,5.10073,False,87
352,1.13803,4.06095,False,87
353,4.02827,7.0101,False,87
354,4.07891,5.11134,False,87
355,1.05443,3.1424,False,87
357,1.06145,4.12052,False,87
358,1.05333,3.04718,False,87
359,1.11138,3.1128,False,87
361,1.08504,5.07275,False,87
363,5.06281,5.05232,False,87
364,5.11917,5.09454,False,87
365,1.04859,3.11009,False,87
366,1.13533,1.12048,False,87
367,5.06668,5.04757,False,87
370,1.09199,3.11565,False,87
371,1.1137,3.03488,False,87
372,1.14689,6.09987,False,87
373,1.12682,1.14431,False,87
374,1.01322,7.10581,False,87
375,1.02921,1.01982,False,87
376,1.00951,1.13034,False,87
377,1.04271,1.13269,False,87
378,3.03891,3.09484,False,87
379,3.07968,1.12288,False,87
380,4.1091,3.01682,False,87
381,1.11392,1.09178,False,87
383,1.03953,5.08905,False,87
384,1.13396,5.12815,False,87
385,1.01891,5.10462,False,87
386,1.00987,5.09758,False,87
387,1.00906,4.05891,False,87
388,1.01131,1.12997,False,87
389,1.05909,2.03998,False,87
390,1.00284,2.09238,False,87
391,1.04253,3.089,False,87
394,1.01452,5.0702,False,87
395,5.0235,1.09811,False,87
396,5.06568,1.03468,False,87
397,5.05925,1.07725,False,87
398,5.14016,3.14349,False,87
403,1.00018,4.06359,False,87
404,5.05563,4.11363,False,87
405,5.03178,1.13974,False,87
406,1.02002,1.00437,False,87
407,4.1225,3.12077,False,87
408,1.0,1.02742,True,87
412,5.00043,6.07704,False,87
413,5.00677,5.14228,False,87
414,5.02896,6.06521,False,87
415,5.03889,3.08903,False,87
416,3.11975,3.097,False,87
417,1.13319,3.13593,False,87
418,5.13615,5.13447,False,87
419,3.11038,5.14683,False,87
420,3.14282,3.10523,False,87
421,3.13821,5.06294,False,87
422,3.09828,5.0286,False,87
423,1.14544,3.0986,False,87
425,1.00493,7.00977,False,87
426,1.09107,4.1474,False,87
427,1.12374,1.13266,False,87
428,3.07793,3.05627,False,87
429,3.04208,3.03313,False,87
1,1.08878,3.05076,False,88
3,1.05414,1.00114,False,88
5,1.09149,7.04836,False,88
6,1.04661,3.12124,False,88
7,1.00288,1.0,False,88
9,1.00098,1.10648,False,88
10,1.0377,1.03036,False,88
11,1.01101,1.0,False,88
13,1.10456,1.12925,False,88
17,1.06046,3.08496,False,88
18,1.0726,1.10266,False,88
19,1.0,3.14456,True,88
21,1.09198,3.02765,False,88
22,1.10028,1.10748,False,88
25,1.04169,4.05134,False,88
29,1.00202,1.14609,False,88
30,1.06016,1.13756,False,88
69,1.00268,4.05487,False,88
70,3.04729,3.10348,False,88
71,1.08502,3.08379,False,88
72,3.04298,3.14718,False,88
73,3.03233,3.08701,False,88
74,3.01996,7.02789,False,88
75,4.01914,3.05908,False,88
76,1.13498,1.1431,False,88
77,3.01283,1.13116,False,88
78,1.09531,3.13555,False,88
79,1.12594,3.13409,False,88
82,1.0708199999999999,4.08719,False,88
83,1.05038,3.06695,False,88
84,3.11928,1.0,False,88
85,1.13119,1.0,False,88
86,1.0,4.14514,True,88
91,1.05525,1.14579,False,88
92,1.12337,3.04234,False,88
93,1.12664,3.13536,False,88
95,1.05302,1.13802,False,88
98,1.03864,5.05916,False,88
99,2.04499,5.03569,False,88
100,1.07307,6.11698,False,88
101,1.0301,3.06013,False,88
103,1.0929,5.10802,False,88
104,1.13523,5.05089,False,88
106,1.11994,5.08527,False,88
107,1.06012,6.1277,False,88
109,1.10476,4.03281,False,88
110,1.11282,3.11428,False,88
111,1.00079,3.09013,False,88
112,1.01092,2.05866,False,88
113,1.06448,3.091,False,88
114,1.01551,1.13742,False,88
115,1.04572,1.1463,False,88
116,1.0169,3.03796,False,88
117,1.01489,1.10599,False,88
118,1.0661,3.13826,False,88
120,1.00303,4.07393,False,88
121,1.0056,1.14293,False,88
122,1.00057,1.14598,False,88
123,1.0189,1.14229,False,88
124,1.01936,7.14335,False,88
125,5.04626,4.07225,False,88
126,5.09061,5.08302,False,88
127,1.05725,4.01478,False,88
128,1.07801,5.04497,False,88
129,1.13087,5.08744,False,88
130,5.14333,5.09646,False,88
131,1.1062,1.02006,False,88
133,1.04054,1.14715,False,88
134,1.00305,1.14326,False,88
135,1.02609,1.11286,False,88
136,1.01922,1.13052,False,88
137,1.10095,1.1436,False,88
139,1.0645,1.06906,False,88
140,1.07037,1.13937,False,88
141,1.07531,1.11834,False,88
142,1.08373,1.10664,False,88
143,1.03519,1.09751,False,88
144,1.10701,1.11517,False,88
145,1.0,5.01599,True,88
146,1.0,1.0,True,88
147,1.03767,1.0,False,88
148,1.0,1.0,True,88
149,1.0,3.11265,True,88
150,5.03857,1.0,False,88
151,1.0,1.12981,True,88
153,1.14039,1.14319,False,88
154,1.11135,5.06773,False,88
155,1.02087,3.00087,False,88
156,1.0916,3.12804,False,88
157,1.05655,1.14286,False,88
158,1.00496,3.06085,False,88
159,1.11528,3.03605,False,88
160,1.08773,3.14258,False,88
161,1.02408,3.05543,False,88
162,4.13357,4.03851,False,88
164,1.0262,7.03,False,88
165,5.03467,1.0742099999999999,False,88
166,5.1425,5.12293,False,88
167,1.14312,1.01776,False,88
168,5.07778,1.0,False,88
169,5.0777,5.05465,False,88
173,1.09041,4.08827,False,88
175,1.05271,1.14078,False,88
176,1.08099,1.01349,False,88
177,1.11433,5.13607,False,88
178,4.00516,5.1306,False,88
179,1.13468,5.13413,False,88
180,2.13025,5.11645,False,88
181,3.03801,5.03531,False,88
182,1.11121,5.00762,False,88
183,1.13085,5.05919,False,88
184,1.11359,7.06262,False,88
185,1.12697,5.00846,False,88
186,1.10867,7.11088,False,88
188,1.00246,7.05419,False,88
189,4.14671,6.00117,False,88
190,1.12652,3.09461,False,88
191,1.08343,5.08339,False,88
192,1.09735,5.04415,False,88
193,6.02072,5.13313,False,88
194,1.12014,5.11354,False,88
195,1.13155,3.07998,False,88
197,1.01974,5.14538,False,88
198,1.10407,5.12134,False,88
199,1.13659,5.08027,False,88
200,1.14496,1.13735,False,88
201,1.12545,5.08627,False,88
202,7.06138,7.05958,False,88
203,4.05154,5.10738,False,88
204,1.05738,5.08766,False,88
206,1.00003,5.07168,False,88
207,1.12006,3.06933,False,88
208,1.05219,1.12331,False,88
209,3.04004,3.01109,False,88
210,3.00507,3.0649,False,88
211,3.07139,3.04591,False,88
212,1.07652,1.12222,False,88
213,1.06254,3.00607,False,88
216,1.11144,6.09031,False,88
217,1.13974,4.11369,False,88
218,1.1272199999999999,5.128,False,88
219,3.06836,5.04606,False,88
222,1.10905,3.12069,False,88
225,4.07976,3.06741,False,88
226,1.09252,5.14727,False,88
227,4.03713,7.12982,False,88
229,3.09099,4.09567,False,88
230,3.08723,3.08275,False,88
233,1.05316,5.13824,False,88
234,3.06807,5.00816,False,88
235,3.09799,3.05028,False,88
236,1.11882,1.1244,False,88
237,1.13837,1.13958,False,88
242,1.00524,4.1106,False,88
243,1.10499,1.09728,False,88
251,4.10677,4.09967,False,88
252,1.13653,3.04654,False,88
253,1.00174,5.12414,False,88
254,1.03929,1.11315,False,88
255,1.11275,3.00552,False,88
256,1.03803,5.03779,False,88
257,1.00235,5.10739,False,88
258,1.00916,3.03687,False,88
259,1.08922,1.14631,False,88
260,1.01108,1.12639,False,88
262,1.01939,6.08325,False,88
263,1.04727,1.14011,False,88
264,1.11293,4.03845,False,88
265,1.12923,1.14036,False,88
270,3.05994,1.12582,False,88
271,1.09767,3.14217,False,88
272,1.09759,1.1397599999999999,False,88
273,1.11662,1.14186,False,88
274,1.10257,1.14396,False,88
275,3.12092,1.13452,False,88
280,1.00183,1.08058,False,88
289,1.05483,4.12494,False,88
290,1.1166800000000001,1.13961,False,88
291,1.13073,1.12992,False,88
292,1.07782,1.14178,False,88
293,5.00113,6.02389,False,88
294,5.00163,5.10546,False,88
295,5.02147,6.10296,False,88
296,5.04822,5.1238,False,88
297,1.12203,5.13364,False,88
298,1.01086,5.11508,False,88
299,1.06713,4.01328,False,88
300,1.09543,5.1169,False,88
301,1.0523,3.12502,False,88
302,1.06844,5.05336,False,88
303,1.0242,3.13276,False,88
308,1.00693,6.07408,False,88
317,1.00452,3.1153399999999998,False,88
318,1.10883,6.12641,False,88
319,1.07617,5.11856,False,88
320,1.0176,5.01364,False,88
321,1.02049,4.02648,False,88
322,1.04178,3.03527,False,88
323,1.01309,3.05522,False,88
324,1.0145,3.0394,False,88
325,1.07142,5.09926,False,88
326,1.04656,3.03404,False,88
328,1.06504,5.13237,False,88
329,2.04538,6.02526,False,88
330,1.05775,5.13678,False,88
331,1.06282,5.09236,False,88
332,1.12781,5.13122,False,88
333,3.03638,5.12686,False,88
334,1.13904,1.11842,False,88
335,1.10115,5.13932,False,88
336,1.02192,5.08629,False,88
337,1.13158,5.0752,False,88
339,1.05898,5.03484,False,88
340,1.0,1.0241,True,88
341,1.0,5.06981,True,88
342,6.12442,1.09913,False,88
343,1.0,1.0,True,88
346,1.09685,5.13665,False,88
347,1.11171,6.09682,False,88
348,1.08232,5.07864,False,88
349,1.0013,5.07836,False,88
350,1.14434,4.06723,False,88
351,1.14184,5.09203,False,88
352,1.1048,4.00051,False,88
353,4.08019,7.02915,False,88
354,4.14085,5.14626,False,88
355,1.09538,3.04576,False,88
357,1.05535,4.12831,False,88
358,1.05556,3.06132,False,88
359,1.12733,3.04439,False,88
361,1.07816,5.13738,False,88
363,5.11423,5.05091,False,88
364,5.1437100000000004,5.13679,False,88
365,1.09446,3.02628,False,88
366,1.0844,1.08321,False,88
367,5.09316,5.0614,False,88
370,1.1152,3.12743,False,88
371,1.14664,3.06546,False,88
372,1.14731,6.01578,False,88
373,1.12907,1.12852,False,88
374,1.06032,7.04531,False,88
375,1.0725,1.09219,False,88
376,1.07979,1.06753,False,88
377,1.051,1.14089,False,88
378,3.10637,3.05798,False,88
379,3.10564,1.13605,False,88
380,4.05277,3.01196,False,88
381,1.12728,1.14146,False,88
383,1.08705,5.08225,False,88
384,2.06944,5.1336,False,88
385,1.00943,5.1424199999999995,False,88
386,1.00589,5.11811,False,88
387,1.0411299999999999,4.00692,False,88
388,1.00477,1.13625,False,88
389,1.02579,2.14193,False,88
390,1.02668,2.10186,False,88
391,1.05402,3.05298,False,88
394,1.01746,5.10198,False,88
395,5.07842,1.1232199999999999,False,88
396,5.11647,1.09094,False,88
397,5.09522,1.12858,False,88
398,5.00813,3.11387,False,88
403,1.00902,4.09416,False,88
404,5.03088,4.11633,False,88
405,5.09614,1.13795,False,88
406,1.00292,1.0,False,88
407,4.03094,3.09339,False,88
408,1.0,1.09283,True,88
412,5.00293,6.12064,False,88
413,5.00265,5.06279,False,88
414,5.01752,6.0175,False,88
415,5.00521,3.06622,False,88
416,3.09345,3.02464,False,88
417,1.1213899999999999,3.05771,False,88
418,5.10218,5.09542,False,88
419,3.11992,5.00965,False,88
420,3.03673,3.02101,False,88
421,3.13331,5.07282,False,88
422,3.01301,5.08591,False,88
423,1.13294,3.12251,False,88
425,1.05086,7.14347,False,88
426,1.08097,4.13923,False,88
427,1.05705,1.13592,False,88
428,3.07559,3.09872,False,88
429,3.07557,3.10452,False,88
1,1.07835,3.02055,False,89
3,1.04801,1.02363,False,89
5,1.02514,7.09244,False,89
6,1.04198,3.04534,False,89
7,1.00452,1.0,False,89
9,1.00832,1.11333,False,89
10,1.01544,1.11844,False,89
11,1.07578,1.0,False,89
13,1.09637,1.11431,False,89
17,1.0729,3.13196,False,89
18,1.04025,1.0705,False,89
19,1.0,3.04486,True,89
21,1.10444,3.14188,False,89
22,1.14385,1.14165,False,89
25,1.01082,4.04654,False,89
29,1.01613,1.12234,False,89
30,1.06663,1.12056,False,89
69,1.00087,4.09816,False,89
70,3.01114,3.10453,False,89
71,1.07195,3.14013,False,89
72,3.10159,3.12391,False,89
73,3.04844,3.04265,False,89
74,3.03628,3.02894,False,89
75,4.04512,3.12436,False,89
76,1.14095,1.14118,False,89
77,3.00761,1.1357,False,89
78,1.10257,3.13138,False,89
79,1.13103,3.01224,False,89
82,1.02179,4.1164,False,89
83,1.09687,3.00742,False,89
84,3.00332,1.0,False,89
85,1.14158,1.0,False,89
86,1.0,4.00491,True,89
91,1.05849,1.13904,False,89
92,1.09802,3.0203699999999998,False,89
93,1.11679,3.02345,False,89
95,1.05896,1.12793,False,89
98,1.07284,5.10075,False,89
99,2.05496,5.02638,False,89
100,1.05835,6.03583,False,89
101,1.06831,3.11295,False,89
103,1.12138,5.14024,False,89
104,1.11221,5.10641,False,89
106,1.05145,5.08124,False,89
107,1.01852,6.13191,False,89
109,1.1328,4.04764,False,89
110,1.10888,3.11047,False,89
111,1.00437,3.13339,False,89
112,1.06931,2.00221,False,89
113,1.07366,3.13968,False,89
114,1.0111,1.14705,False,89
115,1.07272,1.11899,False,89
116,1.0084,3.07577,False,89
117,1.06789,1.14429,False,89
118,1.0688900000000001,3.1465,False,89
120,1.00075,4.0739,False,89
121,1.00582,1.12294,False,89
122,1.00264,1.13657,False,89
123,1.01143,1.09908,False,89
124,1.00219,7.0522,False,89
125,5.11894,4.13272,False,89
126,5.04464,5.04809,False,89
127,1.04172,4.06351,False,89
128,1.00026,5.06316,False,89
129,1.07488,5.09846,False,89
130,5.12015,5.04214,False,89
131,1.04167,1.08565,False,89
133,1.01088,1.14736,False,89
134,1.01586,1.14207,False,89
135,1.07206,1.07302,False,89
136,1.0452,1.14511,False,89
137,1.02731,1.12813,False,89
139,1.11156,1.1107,False,89
140,1.06083,1.13741,False,89
141,1.10439,1.03306,False,89
142,1.00387,1.08354,False,89
143,1.03602,1.12981,False,89
144,4.062,1.0889199999999999,False,89
145,1.0,5.11014,True,89
146,1.0,1.0,True,89
147,1.08609,1.0,False,89
148,1.0,1.0,True,89
149,1.0,3.1268,True,89
150,5.11962,1.0,False,89
151,1.09501,1.0,False,89
153,1.1169,1.14395,False,89
154,1.11135,5.08299,False,89
155,1.02859,7.0451,False,89
156,1.13036,1.14616,False,89
157,1.00251,1.13331,False,89
158,1.00721,3.07041,False,89
159,1.02531,3.07827,False,89
160,1.05804,3.11682,False,89
161,1.00736,3.09628,False,89
162,4.08718,4.03977,False,89
164,1.06513,7.10773,False,89
165,5.00378,1.13174,False,89
166,5.13736,5.022,False,89
167,1.1068500000000001,1.05994,False,89
168,5.02266,1.0,False,89
169,5.1401,5.11967,False,89
173,1.08534,4.04642,False,89
175,1.08799,1.06311,False,89
176,1.10454,1.1020699999999999,False,89
177,1.11349,5.13447,False,89
178,4.01655,6.12583,False,89
179,1.14071,5.08978,False,89
180,2.05702,5.08358,False,89
181,3.05047,5.08527,False,89
182,1.12226,5.01752,False,89
183,1.04498,5.12955,False,89
184,1.13706,7.10804,False,89
185,1.14584,5.06433,False,89
186,1.09859,7.06741,False,89
188,1.00367,5.13886,False,89
189,4.12098,6.13204,False,89
190,1.13748,3.13286,False,89
191,1.07953,5.08417,False,89
192,1.10714,5.04672,False,89
193,6.03788,5.04789,False,89
194,1.12755,5.12515,False,89
195,1.11228,3.05655,False,89
197,1.01545,5.1255,False,89
198,1.10785,5.01926,False,89
199,1.0819,5.09866,False,89
200,1.14276,1.13894,False,89
201,1.06296,1.11575,False,89
202,7.08518,7.06616,False,89
203,4.01873,5.08443,False,89
204,1.04746,5.08158,False,89
206,1.00088,5.06313,False,89
207,1.1366100000000001,3.12682,False,89
208,1.08879,1.11376,False,89
209,3.00659,3.12895,False,89
210,3.02822,3.13793,False,89
211,3.04377,3.02738,False,89
212,1.08243,1.14473,False,89
213,1.06989,3.07946,False,89
216,1.11077,6.13669,False,89
217,1.14451,4.13319,False,89
218,1.11828,5.04424,False,89
219,3.05173,5.11153,False,89
222,1.12348,3.0536,False,89
225,4.01727,3.11075,False,89
226,1.06161,5.08954,False,89
227,4.1307,7.08092,False,89
229,3.06757,4.06878,False,89
230,3.09081,3.08302,False,89
233,1.00498,5.12542,False,89
234,3.04676,5.03216,False,89
235,3.07653,3.0022,False,89
236,1.12181,1.07427,False,89
237,1.09641,1.07063,False,89
242,1.00993,4.1382200000000005,False,89
243,1.1327,1.13312,False,89
251,4.07096,4.13932,False,89
252,1.13876,3.09031,False,89
253,1.02751,5.08347,False,89
254,1.03562,1.1375,False,89
255,1.01597,3.01728,False,89
256,1.02191,5.01796,False,89
257,1.06787,5.03106,False,89
258,1.03606,3.0064,False,89
259,3.07662,1.13922,False,89
260,1.02739,1.14673,False,89
262,1.00383,6.07453,False,89
263,1.05178,1.13491,False,89
264,1.14036,4.08509,False,89
265,1.13317,1.13116,False,89
270,3.05114,1.1466,False,89
271,1.13963,3.1342,False,89
272,1.11246,1.14344,False,89
273,1.09406,1.13386,False,89
274,1.06762,1.14577,False,89
275,3.11953,1.14626,False,89
280,1.01141,1.13823,False,89
289,1.06178,4.07562,False,89
290,1.13011,1.14316,False,89
291,1.13224,1.14563,False,89
292,1.10026,1.12509,False,89
293,5.00213,6.1461500000000004,False,89
294,5.01125,5.08554,False,89
295,5.00581,6.01157,False,89
296,5.0229800000000004,5.13353,False,89
297,1.07075,5.12779,False,89
298,1.01991,5.06487,False,89
299,1.05392,4.06266,False,89
300,1.01219,5.0719,False,89
301,1.06911,3.0122,False,89
302,1.0734,5.12548,False,89
303,3.12096,3.09884,False,89
308,1.03349,6.10503,False,89
317,1.00541,5.045,False,89
318,1.08797,6.06194,False,89
319,1.04724,5.12212,False,89
320,1.00239,5.08957,False,89
321,1.07383,4.01148,False,89
322,1.06368,3.02159,False,89
323,1.01033,3.03389,False,89
324,1.02364,3.07787,False,89
325,1.03148,5.00977,False,89
326,1.07951,3.08855,False,89
328,1.06516,5.07499,False,89
329,1.13846,6.12902,False,89
330,1.09372,5.11802,False,89
331,1.06499,3.08244,False,89
332,1.13592,5.14627,False,89
333,3.03793,5.09833,False,89
334,1.10621,1.14283,False,89
335,1.1202,5.07767,False,89
336,1.03245,5.14322,False,89
337,1.10211,5.12094,False,89
339,1.08272,5.01183,False,89
340,1.0,1.06073,True,89
341,1.0,5.13603,True,89
342,6.11872,1.12662,False,89
343,1.0,1.0,True,89
346,1.12054,5.11898,False,89
347,1.12725,6.12441,False,89
348,1.06836,5.02889,False,89
349,1.00955,5.01792,False,89
350,3.00153,4.00543,False,89
351,1.1327099999999999,5.12809,False,89
352,1.04158,4.03394,False,89
353,4.07088,7.0829,False,89
354,4.14466,5.1155100000000004,False,89
355,1.08201,3.09134,False,89
357,1.03067,4.13387,False,89
358,1.10831,3.11903,False,89
359,1.11195,3.01539,False,89
361,1.08902,5.03479,False,89
363,5.10538,5.07354,False,89
364,5.0526,5.0413499999999996,False,89
365,1.06622,3.07813,False,89
366,1.08505,1.08144,False,89
367,5.08455,5.08306,False,89
370,1.10433,3.13375,False,89
371,1.14326,3.0375,False,89
372,1.14719,6.00758,False,89
373,1.10077,1.14193,False,89
374,1.01254,7.07747,False,89
375,1.0676,1.1377,False,89
376,1.14693,1.14208,False,89
377,1.04085,1.06276,False,89
378,3.07465,3.0652,False,89
379,3.05774,1.10047,False,89
380,4.01163,3.05401,False,89
381,1.10271,1.1384400000000001,False,89
383,1.05903,5.09499,False,89
384,1.1473,5.09659,False,89
385,1.02676,5.07381,False,89
386,1.01277,5.06892,False,89
387,1.00406,4.01139,False,89
388,1.00762,1.07181,False,89
389,1.01165,2.09168,False,89
390,1.01878,2.06768,False,89
391,1.00674,3.04688,False,89
394,1.00801,5.04118,False,89
395,5.03041,1.14612,False,89
396,5.10703,1.10181,False,89
397,5.1005,1.0991900000000001,False,89
398,5.04182,3.04773,False,89
403,1.01956,4.01904,False,89
404,5.00838,4.11439,False,89
405,5.06873,1.14496,False,89
406,1.03018,1.0,False,89
407,4.05592,3.00148,False,89
408,1.0,1.0087,True,89
412,5.00628,6.07887,False,89
413,5.01537,5.07929,False,89
414,5.05032,6.06574,False,89
415,5.01854,3.04332,False,89
416,3.13983,3.10013,False,89
417,1.13615,3.06087,False,89
418,5.11176,5.07536,False,89
419,4.08055,3.08494,False,89
420,3.03257,3.02342,False,89
421,3.12975,5.1198,False,89
422,3.08577,5.00629,False,89
423,1.13302,3.11692,False,89
425,1.06242,7.1315,False,89
426,1.07825,4.09249,False,89
427,1.12225,1.1412200000000001,False,89
428,3.02802,3.13577,False,89
429,3.08475,3.02466,False,89
1,1.07145,3.0479,False,90
3,1.05107,1.02108,False,90
5,1.03725,7.12534,False,90
6,1.05289,3.04601,False,90
7,1.02797,1.0,False,90
9,1.02408,1.12965,False,90
10,1.07186,1.13208,False,90
11,1.08968,1.0,False,90
13,1.11394,1.12727,False,90
17,1.02475,3.14565,False,90
18,1.05568,1.11881,False,90
19,1.0,3.08733,True,90
21,1.0754299999999999,3.11333,False,90
22,1.127,1.12453,False,90
25,1.05913,1.1403699999999999,False,90
29,1.02597,1.14146,False,90
30,1.1389,1.14622,False,90
69,1.00518,4.13109,False,90
70,3.00749,3.0833,False,90
71,1.06881,3.00334,False,90
72,3.07685,3.07613,False,90
73,3.01042,3.09653,False,90
74,3.09466,7.05749,False,90
75,4.0086,3.12385,False,90
76,1.11896,3.14379,False,90
77,3.03152,1.14255,False,90
78,1.09501,4.10013,False,90
79,1.12913,1.14697,False,90
82,1.02943,4.10586,False,90
83,1.10445,3.03424,False,90
84,3.02143,1.0,False,90
85,1.0,1.0464,True,90
86,1.0,4.1329,True,90
91,1.03431,1.14507,False,90
92,1.09987,1.13643,False,90
93,1.1221700000000001,3.13224,False,90
95,1.04186,1.11887,False,90
98,1.09346,5.11808,False,90
99,2.00181,5.13699,False,90
100,1.10437,6.10579,False,90
101,1.07566,3.04099,False,90
103,1.12218,5.07617,False,90
104,1.06575,5.03413,False,90
106,1.13588,5.02172,False,90
107,1.04597,6.12365,False,90
109,1.12893,4.07105,False,90
110,1.1071,3.04753,False,90
111,1.02158,3.12458,False,90
112,1.0557,2.0335,False,90
113,1.13399,3.12333,False,90
114,1.01635,1.14639,False,90
115,1.06016,1.13807,False,90
116,1.00657,3.05632,False,90
117,1.0301,1.13768,False,90
118,1.05263,3.11062,False,90
120,1.00745,4.09716,False,90
121,1.0073,1.14719,False,90
122,1.01849,1.13153,False,90
123,1.00787,1.11175,False,90
124,1.00106,7.12653,False,90
125,5.13518,4.07814,False,90
126,5.08997,5.08612,False,90
127,1.10944,4.09767,False,90
128,1.02207,5.03901,False,90
129,1.0943,5.1358,False,90
130,5.13167,5.08032,False,90
131,1.00278,1.1072,False,90
133,1.01329,1.13482,False,90
134,1.00399,1.11705,False,90
135,1.04809,1.13218,False,90
136,1.00542,1.14512,False,90
137,1.0,1.10962,True,90
139,1.06244,1.04523,False,90
140,1.07223,1.12952,False,90
141,1.06006,1.05387,False,90
142,1.07256,1.05762,False,90
143,1.00826,1.13434,False,90
144,1.0132,1.11485,False,90
145,5.10671,1.0,False,90
146,1.0,1.0,True,90
147,1.11837,1.0,False,90
148,1.0,1.0,True,90
149,1.0,3.12824,True,90
150,5.03802,1.0,False,90
151,1.0,1.10679,True,90
153,1.13155,1.14492,False,90
154,1.08751,5.01187,False,90
155,1.0177,7.08872,False,90
156,1.09548,3.14331,False,90
157,1.00778,1.10674,False,90
158,1.11665,3.14265,False,90
159,1.06833,3.13335,False,90
160,1.03322,3.11152,False,90
161,1.11689,3.01601,False,90
162,4.13122,4.08472,False,90
164,1.0172,7.04128,False,90
165,5.04289,1.08537,False,90
166,5.13285,5.12928,False,90
167,1.1385,1.09739,False,90
168,5.07777,1.0,False,90
169,5.14006,5.11994,False,90
173,1.09447,3.13072,False,90
175,1.07423,1.14705,False,90
176,1.0896,1.12133,False,90
177,1.10155,5.1423,False,90
178,4.00788,6.10223,False,90
179,1.13979,5.13403,False,90
180,2.09356,5.01511,False,90
181,3.08175,5.14322,False,90
182,1.13754,5.0188,False,90
183,1.11833,5.10647,False,90
184,1.1376,7.03338,False,90
185,1.12841,5.09107,False,90
186,1.08978,7.12755,False,90
188,1.012,5.11831,False,90
189,4.12985,6.11332,False,90
190,1.09684,3.03699,False,90
191,1.02869,5.08197,False,90
192,1.13542,5.13987,False,90
193,6.01639,5.06497,False,90
194,1.13936,5.08061,False,90
195,1.09881,3.0897,False,90
197,1.00804,5.14196,False,90
198,1.11767,5.02694,False,90
199,3.03482,5.1367,False,90
200,1.14128,1.1286100000000001,False,90
201,1.14558,1.11144,False,90
202,7.07891,7.0581,False,90
203,4.05172,5.13543,False,90
204,1.00506,5.09747,False,90
206,1.00445,5.03337,False,90
207,1.12351,3.02092,False,90
208,1.11026,1.14649,False,90
209,3.00984,3.12173,False,90
210,3.05075,3.12789,False,90
211,3.09287,3.02309,False,90
212,1.07711,1.07451,False,90
213,1.09452,3.04117,False,90
216,1.10078,6.01097,False,90
217,1.13932,4.017,False,90
218,1.10531,5.10374,False,90
219,1.14589,5.1163,False,90
222,1.13499,3.05822,False,90
225,4.02519,3.14211,False,90
226,1.09364,5.02825,False,90
227,4.0609,7.01124,False,90
229,3.12661,4.05488,False,90
230,3.12455,3.13834,False,90
233,1.01128,5.11214,False,90
234,3.05639,5.09633,False,90
235,3.05691,5.06807,False,90
236,1.06793,1.09938,False,90
237,1.08308,1.05812,False,90
242,1.00738,4.12542,False,90
243,1.09049,1.07661,False,90
251,4.05064,4.08906,False,90
252,1.14538,3.10436,False,90
253,1.01452,5.06366,False,90
254,1.01423,1.12232,False,90
255,1.03674,3.14444,False,90
256,1.01352,5.07341,False,90
257,1.0508,5.06786,False,90
258,1.11092,3.0566,False,90
259,1.07706,1.13595,False,90
260,1.07494,1.09266,False,90
262,1.01443,6.01285,False,90
263,1.04453,1.14472,False,90
264,1.08051,4.03114,False,90
265,1.11741,1.11076,False,90
270,3.04962,1.13867,False,90
271,1.12155,3.08495,False,90
272,1.13664,1.13765,False,90
273,1.11121,1.14643,False,90
274,1.09816,1.13922,False,90
275,3.03785,1.1314899999999999,False,90
280,1.03974,1.09678,False,90
289,1.06778,4.10839,False,90
290,1.12648,1.13137,False,90
291,1.13494,1.14439,False,90
292,1.05816,1.1458,False,90
293,5.0043,6.0986,False,90
294,5.01419,5.12468,False,90
295,5.01045,6.06071,False,90
296,5.00078,5.07979,False,90
297,1.11398,5.13293,False,90
298,1.0037,5.12306,False,90
299,1.0915300000000001,4.02304,False,90
300,1.00155,5.12882,False,90
301,1.11192,3.11492,False,90
302,1.12571,5.08414,False,90
303,1.12126,3.07929,False,90
308,1.00612,6.0767,False,90
317,1.02163,5.07125,False,90
318,1.11183,6.02517,False,90
319,1.04431,5.10092,False,90
320,1.00952,5.04556,False,90
321,1.00621,4.1347,False,90
322,1.05268,3.12764,False,90
323,1.0366900000000001,3.1115,False,90
324,1.04646,3.06148,False,90
325,1.07466,5.12156,False,90
326,1.01915,3.04908,False,90
328,1.08377,5.089,False,90
329,1.14706,6.09631,False,90
330,1.10675,5.11882,False,90
331,1.03732,5.02912,False,90
332,1.13337,5.08774,False,90
333,3.09818,5.03767,False,90
334,1.0783800000000001,1.14566,False,90
335,1.12863,5.10149,False,90
336,1.08661,5.12483,False,90
337,1.08407,5.10797,False,90
339,1.02078,5.05599,False,90
340,1.0,1.02671,True,90
341,1.0,5.06002,True,90
342,6.10006,1.11802,False,90
343,1.0,1.0,True,90
346,1.11254,5.06286,False,90
347,1.13828,6.06451,False,90
348,1.10691,5.0822,False,90
349,1.01805,5.04225,False,90
350,3.02529,4.13512,False,90
351,1.1388,5.08005,False,90
352,1.13277,4.0562,False,90
353,4.10139,7.09622,False,90
354,4.07828,5.13207,False,90
355,1.03716,3.10996,False,90
357,1.05704,4.0801,False,90
358,1.06292,3.10022,False,90
359,1.13026,3.10597,False,90
361,1.10339,5.06971,False,90
363,5.07657,5.05278,False,90
364,5.04896,5.02056,False,90
365,1.04567,3.00706,False,90
366,1.12668,1.12506,False,90
367,5.07403,5.10908,False,90
370,1.09432,3.13462,False,90
371,1.1287,3.07351,False,90
372,1.14641,6.11267,False,90
373,1.12902,1.14276,False,90
374,1.03992,7.10738,False,90
375,1.13856,3.01799,False,90
376,1.06515,1.1372200000000001,False,90
377,1.14362,1.01918,False,90
378,3.1156800000000002,3.11904,False,90
379,3.00847,1.1167,False,90
380,4.02976,3.09212,False,90
381,1.09249,1.10861,False,90
383,1.02798,5.10469,False,90
384,1.13073,5.13213,False,90
385,1.01529,5.11773,False,90
386,1.06773,5.1294,False,90
387,1.00562,4.11617,False,90
388,1.01375,1.1134,False,90
389,1.03284,2.06273,False,90
390,1.01597,5.12892,False,90
391,1.00191,3.0987999999999998,False,90
394,1.01444,5.10394,False,90
395,5.12594,1.08638,False,90
396,5.12216,1.106,False,90
397,5.12315,1.07027,False,90
398,5.09831,3.09656,False,90
403,1.00307,4.1406600000000005,False,90
404,5.00179,4.02944,False,90
405,5.01193,1.11874,False,90
406,1.00037,1.03166,False,90
407,4.14435,3.11789,False,90
408,1.0,1.01566,True,90
412,5.0026,6.14588,False,90
413,5.01726,5.11462,False,90
414,5.03921,6.13809,False,90
415,5.01361,3.0204,False,90
416,3.0756,3.01916,False,90
417,1.14578,3.11362,False,90
418,5.08953,5.02755,False,90
419,3.13087,5.00466,False,90
420,3.08629,3.07926,False,90
421,3.12347,5.06255,False,90
422,3.0552,5.04413,False,90
423,1.11888,3.04882,False,90
425,1.10589,7.08952,False,90
426,1.08298,4.03116,False,90
427,1.10583,1.14289,False,90
428,3.06151,3.03534,False,90
429,3.03707,3.11137,False,90
1,1.07031,3.13884,False,91
3,1.04185,1.00577,False,91
5,1.06499,7.02345,False,91
6,1.02317,3.01879,False,91
7,1.00832,1.0,False,91
9,1.04518,1.08175,False,91
10,1.01345,1.14203,False,91
11,1.10868,1.0,False,91
13,1.10402,1.14401,False,91
17,1.06081,3.02214,False,91
18,1.04744,1.13725,False,91
19,1.0,3.01937,True,91
21,1.08857,4.10949,False,91
22,1.13416,1.13551,False,91
25,1.0706,4.03357,False,91
29,1.00288,1.13321,False,91
30,1.08417,1.14477,False,91
69,1.00087,4.13909,False,91
70,3.07281,3.14007,False,91
71,1.08313,1.14676,False,91
72,3.06355,3.14511,False,91
73,3.00002,3.13444,False,91
74,3.05979,3.02189,False,91
75,4.05338,3.13456,False,91
76,1.11962,3.0828,False,91
77,3.03192,1.13205,False,91
78,1.09796,4.14032,False,91
79,1.12852,3.06035,False,91
82,1.07129,4.07374,False,91
83,1.0594999999999999,3.11565,False,91
84,3.05422,1.0,False,91
85,1.0,1.02954,True,91
86,1.0,4.11745,True,91
91,1.05683,1.14155,False,91
92,1.10369,1.14575,False,91
93,1.1369,3.07756,False,91
95,1.06822,1.1472,False,91
98,1.07578,5.09106,False,91
99,2.01008,5.04017,False,91
100,1.12038,6.02715,False,91
101,1.0324,3.11194,False,91
103,1.09606,5.1188,False,91
104,1.11643,5.05828,False,91
106,1.08552,5.10464,False,91
107,1.00226,6.06664,False,91
109,1.14103,4.04339,False,91
110,1.12568,3.12837,False,91
111,1.02072,3.11318,False,91
112,1.04988,2.08439,False,91
113,1.06278,3.09403,False,91
114,1.00531,1.1280999999999999,False,91
115,1.02989,1.12503,False,91
116,1.10934,3.03655,False,91
117,1.07108,1.13138,False,91
118,1.00436,3.13443,False,91
120,1.00433,4.10917,False,91
121,1.00015,1.13923,False,91
122,1.00147,1.1464699999999999,False,91
123,1.00758,1.14361,False,91
124,1.01825,7.13511,False,91
125,5.01515,4.13975,False,91
126,5.06139,5.0464,False,91
127,1.01259,4.07269,False,91
128,1.0169,5.10137,False,91
129,1.12648,5.08111,False,91
130,5.14169,5.12298,False,91
131,1.01872,1.0701100000000001,False,91
133,1.00265,1.14741,False,91
134,1.00606,1.14043,False,91
135,1.08718,1.13018,False,91
136,1.12875,1.14189,False,91
137,1.0,1.0635,True,91
139,1.02355,1.05753,False,91
140,1.02827,1.13171,False,91
141,1.01602,1.12725,False,91
142,1.05564,1.13536,False,91
143,1.0501,1.11264,False,91
144,1.04798,6.12225,False,91
145,1.0,5.03175,True,91
146,1.0,1.0,True,91
147,1.07664,1.0,False,91
148,1.0,1.0,True,91
149,1.0,3.10265,True,91
150,5.1027,1.0,False,91
151,1.0,1.14055,True,91
153,1.12218,1.14371,False,91
154,1.09215,5.09331,False,91
155,1.01492,7.01827,False,91
156,1.10981,1.13151,False,91
157,1.00495,1.12142,False,91
158,1.00244,3.13515,False,91
159,1.11657,3.02771,False,91
160,1.01233,3.12341,False,91
161,1.00248,3.05647,False,91
162,4.08685,4.01158,False,91
164,1.05978,7.11394,False,91
165,5.14724,1.01662,False,91
166,5.13648,5.05045,False,91
167,1.12567,1.08866,False,91
168,5.13766,1.0,False,91
169,5.10472,5.04219,False,91
173,1.09214,4.09039,False,91
175,1.04001,1.03404,False,91
176,1.06983,1.11921,False,91
177,1.12153,5.13106,False,91
178,4.00171,6.01711,False,91
179,1.1412200000000001,5.13589,False,91
180,2.07345,5.0091,False,91
181,3.1398099999999998,5.06352,False,91
182,1.14737,5.0489,False,91
183,1.12681,5.08226,False,91
184,1.12963,7.09315,False,91
185,1.14147,5.01458,False,91
186,1.10431,7.0967,False,91
188,1.00167,5.13856,False,91
189,4.12927,6.07473,False,91
190,1.14544,3.12814,False,91
191,1.09473,5.13481,False,91
192,1.13127,5.01347,False,91
193,6.092,5.13159,False,91
194,1.09721,5.06141,False,91
195,1.14106,3.09543,False,91
197,1.00539,5.10781,False,91
198,1.09742,5.05712,False,91
199,1.13034,4.1327,False,91
200,1.14154,1.1278,False,91
201,1.0566,1.11897,False,91
202,7.05303,7.02331,False,91
203,4.01134,5.08779,False,91
204,1.07944,5.03606,False,91
206,1.00219,5.0856,False,91
207,1.10768,3.03225,False,91
208,1.0097,1.13584,False,91
209,3.00341,3.12719,False,91
210,3.0695,3.08846,False,91
211,3.08683,3.01344,False,91
212,1.04146,1.12583,False,91
213,1.11782,3.07187,False,91
216,1.11497,6.12263,False,91
217,1.14166,4.04771,False,91
218,1.12584,5.14685,False,91
219,1.11119,5.11197,False,91
222,1.10008,3.02375,False,91
225,4.11137,3.13624,False,91
226,1.09076,5.09286,False,91
227,4.00694,7.05843,False,91
229,3.0586,4.01085,False,91
230,3.06506,3.13812,False,91
233,1.04814,5.12796,False,91
234,3.02719,5.01174,False,91
235,3.05521,5.00791,False,91
236,1.00673,1.13123,False,91
237,1.11593,1.13618,False,91
242,1.01588,4.09371,False,91
243,1.11611,1.08557,False,91
251,4.07677,4.10655,False,91
252,1.13147,3.10437,False,91
253,1.03637,5.13279,False,91
254,1.01898,1.14413,False,91
255,1.10418,3.08044,False,91
256,1.07934,5.06679,False,91
257,1.04721,5.12025,False,91
258,1.04249,3.10924,False,91
259,1.02679,1.11576,False,91
260,1.12212,1.13253,False,91
262,1.00062,6.09541,False,91
263,1.00645,1.1471,False,91
264,1.12137,4.04993,False,91
265,1.13154,1.13801,False,91
270,3.01042,1.13927,False,91
271,1.1253,3.08037,False,91
272,1.11672,1.1394199999999999,False,91
273,1.13306,1.14404,False,91
274,1.12718,1.12061,False,91
275,3.09374,1.14602,False,91
280,1.00221,1.12405,False,91
289,1.09316,4.12065,False,91
290,1.10453,1.12897,False,91
291,1.13255,1.14132,False,91
292,1.11666,1.13851,False,91
293,5.00903,5.12778,False,91
294,5.01911,5.13407,False,91
295,5.00032,6.12597,False,91
296,5.01868,5.04566,False,91
297,1.08812,5.07562,False,91
298,1.01239,5.13868,False,91
299,1.0609,4.0498,False,91
300,1.04534,5.07885,False,91
301,1.02049,3.11925,False,91
302,1.10334,5.10452,False,91
303,1.12816,3.05268,False,91
308,1.02583,6.10135,False,91
317,1.02766,5.13811,False,91
318,1.11686,6.09395,False,91
319,1.07589,5.10094,False,91
320,1.04225,2.12048,False,91
321,1.00874,4.05003,False,91
322,1.03084,3.01111,False,91
323,1.0658,3.03563,False,91
324,1.01184,3.023,False,91
325,1.0457,5.03847,False,91
326,1.03706,3.03227,False,91
328,1.06172,5.12771,False,91
329,1.13342,6.11414,False,91
330,1.08922,5.11606,False,91
331,1.0667200000000001,5.06168,False,91
332,1.07173,5.14458,False,91
333,3.12293,5.11386,False,91
334,1.0890900000000001,1.12214,False,91
335,1.11065,5.13532,False,91
336,1.06497,5.13026,False,91
337,1.09569,5.1063,False,91
339,1.04147,5.01972,False,91
340,1.0,1.03471,True,91
341,1.0,5.07335,True,91
342,6.04812,1.05323,False,91
343,1.0,1.0,True,91
346,1.09172,5.0168,False,91
347,1.11416,6.07231,False,91
348,1.09012,5.11684,False,91
349,1.0155,5.07243,False,91
350,1.14263,4.13179,False,91
351,1.12363,5.14683,False,91
352,1.03932,4.06149,False,91
353,4.04259,7.04561,False,91
354,4.12764,5.13875,False,91
355,1.05782,3.07638,False,91
357,1.05911,4.12074,False,91
358,1.07829,3.08257,False,91
359,1.11056,3.1205600000000002,False,91
361,1.0962,5.14613,False,91
363,5.09112,5.07042,False,91
364,5.10998,5.09411,False,91
365,1.05677,3.03425,False,91
366,1.11325,1.10807,False,91
367,5.06161,5.04821,False,91
370,1.1050200000000001,3.12893,False,91
371,1.14574,3.03748,False,91
372,1.14449,6.05098,False,91
373,1.13005,1.14091,False,91
374,1.00365,7.13862,False,91
375,1.11509,1.04939,False,91
376,1.02918,1.0708,False,91
377,1.14014,1.10916,False,91
378,3.07412,3.05837,False,91
379,3.00993,1.13461,False,91
380,4.03408,3.10177,False,91
381,1.12643,1.1341700000000001,False,91
383,1.07947,5.13836,False,91
384,1.12644,5.06974,False,91
385,1.00129,5.11937,False,91
386,1.05008,5.04405,False,91
387,1.00698,4.06346,False,91
388,1.02148,1.11443,False,91
389,1.03029,2.12751,False,91
390,1.0135,5.04395,False,91
391,1.00669,3.11876,False,91
394,1.03452,5.10788,False,91
395,5.01846,1.0964,False,91
396,5.10702,1.13495,False,91
397,5.10695,1.10388,False,91
398,5.08772,3.11051,False,91
403,1.07267,4.07851,False,91
404,5.0843,4.07257,False,91
405,5.13695,1.13672,False,91
406,1.09336,1.0,False,91
407,4.11554,3.14432,False,91
408,1.0,1.11953,True,91
412,5.0015,6.06657,False,91
413,5.00001,5.09307,False,91
414,5.00594,6.08444,False,91
415,5.01945,3.06886,False,91
416,3.07215,3.04823,False,91
417,1.13064,3.02204,False,91
418,5.07161,5.03853,False,91
419,3.1135099999999998,5.13344,False,91
420,3.07395,3.03407,False,91
421,3.11147,5.04195,False,91
422,3.09025,3.0581,False,91
423,1.11604,3.06814,False,91
425,1.01814,1.11305,False,91
426,1.07169,4.09994,False,91
427,1.10374,1.13838,False,91
428,3.1131,3.07547,False,91
429,3.11312,3.11815,False,91
1,1.09666,3.02916,False,92
3,1.11072,1.04375,False,92
5,1.07217,7.0205,False,92
6,1.04527,3.08891,False,92
7,1.02729,1.0,False,92
9,1.0425200000000001,1.14144,False,92
10,1.00796,1.03099,False,92
11,1.03561,1.0,False,92
13,1.09504,1.14409,False,92
17,1.05073,3.0945,False,92
18,1.04661,1.06708,False,92
19,1.0,3.10545,True,92
21,1.08921,3.07507,False,92
22,1.12343,1.14705,False,92
25,1.03438,4.04786,False,92
29,1.00591,1.13361,False,92
30,1.08478,1.12613,False,92
69,1.00152,4.08238,False,92
70,3.02111,3.12833,False,92
71,1.10303,1.13492,False,92
72,3.06335,3.11393,False,92
73,3.05229,3.10643,False,92
74,3.06975,3.04623,False,92
75,4.01788,3.10629,False,92
76,1.14377,1.14688,False,92
77,3.02679,1.14353,False,92
78,1.09338,4.07356,False,92
79,1.1174,3.08622,False,92
82,1.08104,4.09336,False,92
83,1.08007,3.07996,False,92
84,3.12744,1.0,False,92
85,1.12858,1.0,False,92
86,1.0,4.07462,True,92
91,1.05643,1.14534,False,92
92,1.11567,1.14724,False,92
93,1.13037,3.0627,False,92
95,1.01875,1.14023,False,92
98,1.09085,5.09359,False,92
99,2.06182,5.11716,False,92
100,1.09643,6.07683,False,92
101,1.02378,3.1332,False,92
103,1.08945,5.04962,False,92
104,1.09724,5.14239,False,92
106,1.12055,5.04034,False,92
107,1.04712,6.12432,False,92
109,1.1415899999999999,4.05867,False,92
110,1.09612,3.10266,False,92
111,1.00487,3.08682,False,92
112,1.04685,2.11454,False,92
113,1.02033,3.13439,False,92
114,1.04027,1.1427100000000001,False,92
115,1.0881,1.13818,False,92
116,1.00394,3.06264,False,92
117,1.0298,1.13397,False,92
118,1.01055,3.11773,False,92
120,1.00296,4.05289,False,92
121,1.00883,1.14453,False,92
122,1.00196,1.13866,False,92
123,1.00476,1.07566,False,92
124,1.01593,7.07775,False,92
125,5.10809,4.05488,False,92
126,5.02261,5.03667,False,92
127,1.14123,4.00755,False,92
128,1.02395,5.13032,False,92
129,1.05122,5.07245,False,92
130,5.11176,5.10617,False,92
131,1.0772,1.06664,False,92
133,1.02272,1.13903,False,92
134,1.01272,1.08733,False,92
135,1.03531,1.10513,False,92
136,1.05567,1.12181,False,92
137,1.0,1.07434,True,92
139,1.0104,1.115,False,92
140,1.0049,1.12194,False,92
141,1.01807,1.12648,False,92
142,1.13943,1.09443,False,92
143,1.04306,1.12286,False,92
144,1.08383,6.00232,False,92
145,5.08806,1.0,False,92
146,1.0,1.0,True,92
147,1.1233,1.0,False,92
148,1.0,1.0,True,92
149,1.0,3.12919,True,92
150,5.02855,1.0,False,92
151,1.09018,1.0,False,92
153,1.14308,1.143,False,92
154,1.11131,5.09123,False,92
155,1.00284,7.08359,False,92
156,1.13038,1.1224,False,92
157,1.02886,1.1434199999999999,False,92
158,1.06634,3.04344,False,92
159,1.00453,3.06624,False,92
160,1.06748,3.06589,False,92
161,1.01373,3.08229,False,92
162,4.09203,4.01589,False,92
164,1.00543,7.01118,False,92
165,5.07373,1.10402,False,92
166,5.11264,5.09072,False,92
167,1.10831,1.02087,False,92
168,5.07059,1.0,False,92
169,5.12887,5.0562,False,92
173,1.08572,3.07322,False,92
175,1.03968,1.14235,False,92
176,1.06511,1.02106,False,92
177,1.11952,5.11838,False,92
178,4.00102,5.08508,False,92
179,1.14696,5.12374,False,92
180,2.11297,5.0626,False,92
181,3.10783,5.10044,False,92
182,1.13215,5.02296,False,92
183,1.08059,5.13512,False,92
184,1.13164,7.09075,False,92
185,1.12647,5.13276,False,92
186,1.12196,7.08384,False,92
188,1.00096,5.13061,False,92
189,4.14262,6.0725999999999996,False,92
190,1.1227,3.02615,False,92
191,1.07033,5.04815,False,92
192,1.07486,5.03171,False,92
193,6.07279,5.05907,False,92
194,1.12143,5.08285,False,92
195,1.14326,3.01012,False,92
197,1.00367,5.14152,False,92
198,1.12763,5.02034,False,92
199,1.1234,5.09628,False,92
200,1.13635,1.12247,False,92
201,1.06704,5.13562,False,92
202,7.02003,7.09879,False,92
203,4.01381,5.13682,False,92
204,1.14083,5.13627,False,92
206,1.00166,5.05413,False,92
207,1.1138,3.12306,False,92
208,1.08393,1.09692,False,92
209,3.04036,3.07949,False,92
210,3.00631,3.13288,False,92
211,3.03769,3.01044,False,92
212,1.08545,1.10965,False,92
213,1.10305,3.12235,False,92
216,1.11427,6.10971,False,92
217,1.1437,4.0395199999999996,False,92
218,1.12073,5.07084,False,92
219,1.13871,5.08556,False,92
222,1.1189,3.14455,False,92
225,4.07041,3.14737,False,92
226,1.08678,5.09179,False,92
227,4.12636,7.13887,False,92
229,3.10644,4.02115,False,92
230,3.03028,3.08711,False,92
233,1.00008,5.13621,False,92
234,3.00782,5.03435,False,92
235,3.10366,5.05658,False,92
236,1.09469,1.11745,False,92
237,1.00533,1.0929,False,92
242,1.00083,4.10231,False,92
243,1.10483,1.06366,False,92
251,4.11172,4.13318,False,92
252,1.12482,3.08794,False,92
253,1.02471,5.00463,False,92
254,1.00072,1.10464,False,92
255,1.01624,3.14675,False,92
256,1.10905,5.03265,False,92
257,1.0113,5.01941,False,92
258,1.13161,3.11563,False,92
259,3.08659,1.12847,False,92
260,1.09425,1.12754,False,92
262,1.00705,6.07075,False,92
263,1.01776,1.1437599999999999,False,92
264,1.12916,4.01804,False,92
265,1.14126,1.13528,False,92
270,3.09711,1.13908,False,92
271,1.08413,3.06348,False,92
272,1.11516,1.14207,False,92
273,1.12204,1.13654,False,92
274,1.12342,1.14266,False,92
275,3.01366,1.13632,False,92
280,1.00727,1.13266,False,92
289,1.06258,4.09279,False,92
290,1.10011,1.14364,False,92
291,1.14189,1.13644,False,92
292,1.05821,1.14063,False,92
293,5.0019,6.12818,False,92
294,5.00038,5.02941,False,92
295,5.00234,6.12921,False,92
296,5.01387,1.03934,False,92
297,1.08789,5.12624,False,92
298,1.00547,5.0882,False,92
299,1.04778,4.09869,False,92
300,1.01606,5.00804,False,92
301,1.0339,3.13113,False,92
302,1.12545,5.04485,False,92
303,1.1036,3.12995,False,92
308,1.02198,6.03922,False,92
317,1.02425,3.13209,False,92
318,1.11923,6.03014,False,92
319,1.04019,5.14586,False,92
320,1.03459,5.01987,False,92
321,1.01434,4.05879,False,92
322,1.08112,3.01043,False,92
323,1.00053,3.0798,False,92
324,1.02714,3.0268100000000002,False,92
325,1.00684,5.0196,False,92
326,1.00817,3.10396,False,92
328,1.08409,5.12597,False,92
329,1.14608,6.07258,False,92
330,1.07537,5.12187,False,92
331,1.06913,5.12288,False,92
332,1.10267,5.10478,False,92
333,3.13692,5.06388,False,92
334,1.09194,1.14093,False,92
335,1.1197300000000001,5.12393,False,92
336,1.06858,5.08193,False,92
337,1.09352,5.07636,False,92
339,1.07744,5.0902,False,92
340,1.0,1.14175,True,92
341,1.0,5.0064,True,92
342,6.03132,1.04423,False,92
343,1.0,1.0,True,92
346,1.12107,5.1401,False,92
347,1.13901,6.01329,False,92
348,1.06495,5.02302,False,92
349,1.00248,5.12504,False,92
350,3.08314,4.08922,False,92
351,1.12981,5.0897,False,92
352,1.09918,4.05135,False,92
353,4.05198,7.08226,False,92
354,4.06583,5.12931,False,92
355,1.07694,3.11384,False,92
357,1.06599,4.13007,False,92
358,1.10797,3.02703,False,92
359,1.09824,3.05713,False,92
361,1.07455,5.14237,False,92
363,5.0704,5.05694,False,92
364,5.12681,5.09248,False,92
365,1.07254,3.1172,False,92
366,1.13385,1.1160700000000001,False,92
367,5.00666,5.12479,False,92
370,1.09391,3.14039,False,92
371,1.14424,3.06684,False,92
372,1.14645,6.01175,False,92
373,1.12426,1.12539,False,92
374,1.00745,7.07386,False,92
375,1.09756,1.03057,False,92
376,1.04346,1.08755,False,92
377,1.00983,1.05835,False,92
378,3.11414,3.07801,False,92
379,3.09582,1.12897,False,92
380,4.13435,3.03986,False,92
381,1.04631,1.11026,False,92
383,1.04506,5.11032,False,92
384,1.1371,5.11887,False,92
385,1.01102,5.10229,False,92
386,1.02835,5.09499,False,92
387,1.00071,4.0722,False,92
388,1.01166,1.11192,False,92
389,1.00355,2.0994099999999998,False,92
390,1.03517,5.13423,False,92
391,1.00931,3.01562,False,92
394,1.00405,5.1322,False,92
395,5.09405,1.08887,False,92
396,5.03177,1.01477,False,92
397,5.03315,1.07668,False,92
398,5.11306,3.07416,False,92
403,1.01569,4.1081,False,92
404,5.09771,4.12928,False,92
405,5.01011,1.11931,False,92
406,1.04756,1.03446,False,92
407,4.07213,3.08963,False,92
408,1.0,1.12126,True,92
412,5.00186,6.09635,False,92
413,5.02616,1.14201,False,92
414,5.00076,6.05211,False,92
415,5.01004,3.0609,False,92
416,3.08345,3.04105,False,92
417,1.13565,3.1349,False,92
418,5.08089,5.03222,False,92
419,3.11996,5.10298,False,92
420,3.06043,3.052,False,92
421,3.14551,5.05804,False,92
422,3.03133,5.07343,False,92
423,1.11708,3.03384,False,92
425,1.04982,7.13321,False,92
426,1.08898,4.12856,False,92
427,1.09104,1.137,False,92
428,3.06491,3.08111,False,92
429,3.038,3.09455,False,92
1,1.11411,3.0850400000000002,False,93
3,1.03788,1.01146,False,93
5,1.064,7.02497,False,93
6,1.04466,3.03256,False,93
7,1.0102,1.0,False,93
9,1.03158,1.1406,False,93
10,1.04101,1.12367,False,93
11,1.0116,1.0,False,93
13,1.13153,1.12076,False,93
17,1.06228,3.04037,False,93
18,1.06547,1.11311,False,93
19,1.0,3.03173,True,93
21,1.06162,3.02607,False,93
22,1.11551,1.14019,False,93
25,1.03304,4.05933,False,93
29,1.02,1.14187,False,93
30,1.10917,1.12743,False,93
69,1.0075,4.04124,False,93
70,3.0022,3.14295,False,93
71,1.06491,3.02323,False,93
72,3.09565,3.13979,False,93
73,3.01446,3.06006,False,93
74,3.04544,7.02254,False,93
75,4.07213,3.11223,False,93
76,1.14092,1.13558,False,93
77,3.02114,1.12716,False,93
78,1.08767,4.04322,False,93
79,1.1278299999999999,1.12611,False,93
82,1.04487,4.12391,False,93
83,1.13397,3.0136,False,93
84,3.06243,1.0,False,93
85,1.07622,1.0,False,93
86,1.0,4.01726,True,93
91,1.04047,1.13739,False,93
92,1.1089,1.139,False,93
93,1.12169,3.09336,False,93
95,1.04301,1.12196,False,93
98,1.04176,5.1350999999999996,False,93
99,2.00246,5.12063,False,93
100,1.12807,6.10804,False,93
101,1.06406,3.08651,False,93
103,1.12538,5.12898,False,93
104,1.09088,5.0818,False,93
106,1.06676,5.11668,False,93
107,1.01159,6.07465,False,93
109,1.14299,4.01258,False,93
110,1.1160700000000001,3.1162900000000002,False,93
111,1.03188,3.1188,False,93
112,1.05873,2.14385,False,93
113,1.03728,3.1157,False,93
114,1.00844,1.12275,False,93
115,1.06231,1.14518,False,93
116,1.03239,3.10924,False,93
117,1.0625,1.12293,False,93
118,1.02371,3.11444,False,93
120,1.01123,4.07359,False,93
121,1.00642,1.12597,False,93
122,1.00615,1.13821,False,93
123,1.00361,1.11177,False,93
124,1.00314,7.08313,False,93
125,5.03946,4.11688,False,93
126,5.0623,5.08227,False,93
127,1.07509,4.13392,False,93
128,1.1134,5.13594,False,93
129,1.12753,5.04712,False,93
130,5.14514,5.07608,False,93
131,1.00656,1.04651,False,93
133,1.00204,1.14446,False,93
134,1.02571,1.11518,False,93
135,1.06531,1.11172,False,93
136,1.02238,1.1402,False,93
137,1.03895,1.0603,False,93
139,1.03919,1.04553,False,93
140,1.0139,1.06934,False,93
141,1.07855,1.09872,False,93
142,1.05886,1.04746,False,93
143,1.00155,1.11476,False,93
144,1.01044,1.0949200000000001,False,93
145,1.0,5.05787,True,93
146,1.0,1.0,True,93
147,1.04655,1.0,False,93
148,1.0,1.0,True,93
149,1.0,3.05004,True,93
150,5.11024,1.0,False,93
151,1.0,1.11811,True,93
153,1.1358,1.14402,False,93
154,1.11853,5.015,False,93
155,1.0115,1.14741,False,93
156,1.07163,3.10808,False,93
157,1.00173,1.10641,False,93
158,1.11176,3.08841,False,93
159,1.00647,3.03563,False,93
160,1.06049,3.07479,False,93
161,1.06285,3.08973,False,93
162,4.0523,4.02385,False,93
164,1.05526,7.12933,False,93
165,5.00478,1.1059,False,93
166,5.10772,5.09693,False,93
167,1.08246,1.0645,False,93
168,5.13527,1.0,False,93
169,5.1391,5.04459,False,93
173,1.09679,3.08872,False,93
175,1.07507,1.1375899999999999,False,93
176,1.04638,1.07929,False,93
177,1.10777,5.12285,False,93
178,4.01021,5.11544,False,93
179,1.1440299999999999,5.07036,False,93
180,2.01306,5.12852,False,93
181,3.0386,5.04956,False,93
182,1.12446,5.0425,False,93
183,1.13972,5.06776,False,93
184,1.12195,7.14125,False,93
185,1.12954,5.06839,False,93
186,1.10818,7.11096,False,93
188,1.0097,5.14084,False,93
189,4.1083,6.08659,False,93
190,1.12406,3.0859,False,93
191,1.09268,5.11471,False,93
192,1.12088,5.13839,False,93
193,6.04315,5.12158,False,93
194,1.1126800000000001,5.02943,False,93
195,1.13105,3.07988,False,93
197,1.01579,5.14725,False,93
198,1.08752,5.10255,False,93
199,1.13247,5.12676,False,93
200,1.14224,1.1090200000000001,False,93
201,1.07905,1.11839,False,93
202,7.05834,7.01257,False,93
203,1.10566,5.13487,False,93
204,1.13228,5.13767,False,93
206,1.0015,5.00047,False,93
207,1.13526,3.03479,False,93
208,1.07541,1.1447,False,93
209,3.00505,3.09444,False,93
210,3.072,3.04285,False,93
211,3.1318,3.0535,False,93
212,1.10909,1.13626,False,93
213,1.11772,3.01651,False,93
216,1.11033,6.06691,False,93
217,1.1262699999999999,4.02197,False,93
218,1.12283,5.14428,False,93
219,1.14694,5.07893,False,93
222,1.10022,3.12653,False,93
225,4.00023,3.11886,False,93
226,1.09832,5.1427,False,93
227,4.04893,7.12505,False,93
229,3.10046,4.10351,False,93
230,3.07843,3.07901,False,93
233,1.00781,5.14398,False,93
234,3.10353,3.05183,False,93
235,3.0734,3.0483,False,93
236,1.11731,1.09306,False,93
237,1.10172,1.11975,False,93
242,1.02874,4.04982,False,93
243,1.11958,1.10716,False,93
251,4.13485,4.141,False,93
252,1.12478,3.11925,False,93
253,1.00044,5.0495,False,93
254,1.01683,1.12817,False,93
255,1.11713,3.05624,False,93
256,1.02252,5.1307,False,93
257,1.11046,5.00464,False,93
258,1.02526,3.11326,False,93
259,3.01201,1.14561,False,93
260,1.07426,1.04889,False,93
262,1.00139,6.07735,False,93
263,1.013,1.14533,False,93
264,1.08493,4.02284,False,93
265,1.10965,1.12981,False,93
270,3.04484,1.12719,False,93
271,1.14449,3.06059,False,93
272,1.1013600000000001,1.14592,False,93
273,1.10947,1.1467,False,93
274,1.08441,1.11195,False,93
275,3.00559,1.13828,False,93
280,1.00127,1.10281,False,93
289,1.07371,4.10195,False,93
290,1.12368,1.12938,False,93
291,1.13973,1.1470799999999999,False,93
292,1.12826,1.12482,False,93
293,5.00313,5.11032,False,93
294,5.01125,5.01099,False,93
295,5.00286,6.06595,False,93
296,5.0362,5.13901,False,93
297,1.06143,5.11874,False,93
298,1.00606,5.13113,False,93
299,1.06952,4.04334,False,93
300,1.01326,5.10124,False,93
301,1.06217,3.06721,False,93
302,1.09207,5.10307,False,93
303,1.13678,3.08612,False,93
308,1.00042,6.00603,False,93
317,1.00783,5.12454,False,93
318,1.11635,6.05061,False,93
319,1.06038,5.1378,False,93
320,1.01617,5.00495,False,93
321,1.04838,4.08676,False,93
322,1.04362,3.07947,False,93
323,1.00319,3.00672,False,93
324,1.00524,3.12749,False,93
325,1.04185,5.14517,False,93
326,1.02367,3.04699,False,93
328,1.0735999999999999,5.14016,False,93
329,2.07389,6.11657,False,93
330,1.0826500000000001,5.12851,False,93
331,1.06586,3.1242,False,93
332,1.11756,5.10596,False,93
333,3.11931,5.05242,False,93
334,1.10316,1.12347,False,93
335,1.11305,5.11606,False,93
336,1.01418,5.13098,False,93
337,1.03194,5.13607,False,93
339,1.11575,5.1308,False,93
340,1.0,1.10298,True,93
341,1.0,5.11876,True,93
342,6.1029,1.10943,False,93
343,1.0,1.0,True,93
346,1.09341,3.08371,False,93
347,1.1445400000000001,6.13999,False,93
348,1.10866,5.01415,False,93
349,1.01895,5.0983,False,93
350,1.13877,4.08549,False,93
351,1.12642,5.03054,False,93
352,1.07369,4.0206,False,93
353,4.09043,7.10705,False,93
354,4.14257,5.08907,False,93
355,1.05724,3.1165,False,93
357,1.0715,4.12847,False,93
358,1.09155,3.1021,False,93
359,1.12071,3.06138,False,93
361,1.07791,5.12737,False,93
363,5.09553,5.0424,False,93
364,5.10816,5.08758,False,93
365,1.00981,3.12312,False,93
366,1.12089,1.13163,False,93
367,5.06254,5.06128,False,93
370,1.10478,3.12595,False,93
371,1.13664,3.04457,False,93
372,1.14641,6.08117,False,93
373,1.12814,1.14553,False,93
374,1.02544,7.05406,False,93
375,1.01709,3.10078,False,93
376,1.03314,1.02878,False,93
377,1.13061,1.12172,False,93
378,3.05453,3.02865,False,93
379,3.04599,1.11892,False,93
380,4.03288,3.12765,False,93
381,1.11598,1.12146,False,93
383,1.05977,5.13512,False,93
384,1.1333199999999999,5.13174,False,93
385,1.01511,5.13855,False,93
386,1.00378,5.12927,False,93
387,1.02347,4.11415,False,93
388,1.00843,1.09886,False,93
389,1.09036,2.08079,False,93
390,1.04637,5.06207,False,93
391,1.01561,3.12692,False,93
394,1.00618,5.1384,False,93
395,5.028,1.08133,False,93
396,5.04034,1.10151,False,93
397,5.07754,1.13612,False,93
398,5.09629,3.04448,False,93
403,1.07095,4.03529,False,93
404,5.10197,4.06731,False,93
405,5.06133,1.12727,False,93
406,1.03258,1.0,False,93
407,4.09515,3.12291,False,93
408,1.0,1.08927,True,93
412,5.00283,6.02395,False,93
413,5.00135,5.12735,False,93
414,5.04345,6.02712,False,93
415,5.00297,3.06634,False,93
416,3.05254,3.03462,False,93
417,1.1359,3.08635,False,93
418,5.01663,5.00472,False,93
419,3.06581,5.09196,False,93
420,3.13435,3.12559,False,93
421,3.09955,5.11592,False,93
422,3.02363,5.06263,False,93
423,1.10476,3.04998,False,93
425,1.0263,7.10393,False,93
426,1.08397,4.11793,False,93
427,1.1037,1.1396,False,93
428,3.09695,3.10929,False,93
429,3.00821,3.06304,False,93
1,1.08238,3.01882,False,94
3,1.0143,1.00258,False,94
5,1.03036,7.11979,False,94
6,1.06821,3.073,False,94
7,1.00491,1.0,False,94
9,1.00213,1.12446,False,94
10,1.08668,1.09383,False,94
11,1.00305,1.0,False,94
13,1.08226,1.12312,False,94
17,1.06164,3.13379,False,94
18,1.03332,1.08369,False,94
19,1.0,3.13793,True,94
21,1.07847,3.01129,False,94
22,1.11991,1.13248,False,94
25,1.02718,4.06818,False,94
29,1.00774,1.14383,False,94
30,1.07291,1.1378300000000001,False,94
69,1.00204,4.11632,False,94
70,3.03582,3.11794,False,94
71,1.07236,3.05671,False,94
72,3.04037,3.12434,False,94
73,3.0182,3.1276,False,94
74,3.04584,3.03871,False,94
75,4.00703,3.13824,False,94
76,1.14285,3.00321,False,94
77,3.0262000000000002,1.14364,False,94
78,1.10409,3.07314,False,94
79,1.12229,3.00978,False,94
82,1.06436,4.11603,False,94
83,1.06236,3.05855,False,94
84,3.03301,1.0,False,94
85,1.0,1.08029,True,94
86,1.0,4.03803,True,94
91,1.03372,1.14345,False,94
92,1.10249,1.14628,False,94
93,1.12233,3.11842,False,94
95,1.06188,1.14228,False,94
98,1.04144,5.00287,False,94
99,2.01587,5.13719,False,94
100,1.13588,6.0204,False,94
101,1.02498,3.07714,False,94
103,1.10787,5.11027,False,94
104,1.09532,5.00517,False,94
106,1.11908,5.08376,False,94
107,1.05942,6.12739,False,94
109,1.10796,4.08777,False,94
110,1.11177,3.05865,False,94
111,1.01576,3.13303,False,94
112,1.02867,2.00329,False,94
113,1.09776,3.13263,False,94
114,1.02637,1.11498,False,94
115,1.10677,1.13562,False,94
116,1.00352,3.02142,False,94
117,1.0455,1.14439,False,94
118,1.10413,3.11946,False,94
120,1.00503,4.08601,False,94
121,1.00706,1.11383,False,94
122,1.0029,1.1339299999999999,False,94
123,1.00055,1.1305,False,94
124,1.00413,7.10799,False,94
125,5.02921,4.10387,False,94
126,5.05527,5.06075,False,94
127,1.05487,4.14616,False,94
128,1.00432,5.13995,False,94
129,1.11022,5.03255,False,94
130,5.12881,5.11808,False,94
131,1.13025,1.14306,False,94
133,1.03887,1.14536,False,94
134,1.00642,1.12238,False,94
135,1.07494,1.11145,False,94
136,1.00113,1.11651,False,94
137,1.03173,1.11162,False,94
139,1.03182,1.13629,False,94
140,1.00969,1.14522,False,94
141,1.01436,1.1239,False,94
142,1.01372,1.12199,False,94
143,1.04559,1.13107,False,94
144,1.08073,1.08535,False,94
145,1.0,5.01912,True,94
146,1.0,1.0,True,94
147,1.10785,1.0,False,94
148,1.0,1.0,True,94
149,1.0,3.06625,True,94
150,5.10583,1.0,False,94
151,1.0,1.05728,True,94
153,1.13608,1.13198,False,94
154,1.0639,5.01679,False,94
155,1.04913,7.01942,False,94
156,1.07941,3.01875,False,94
157,1.00601,1.11622,False,94
158,1.0028,3.0898,False,94
159,1.08559,3.01683,False,94
160,1.03691,3.13592,False,94
161,1.0751,3.02644,False,94
162,4.13708,4.04457,False,94
164,1.00798,7.13363,False,94
165,5.14334,1.11725,False,94
166,5.12117,5.0531,False,94
167,1.12247,1.12005,False,94
168,5.13915,1.0,False,94
169,5.10718,5.08475,False,94
173,1.08352,4.11914,False,94
175,1.10193,1.09239,False,94
176,1.0373,1.07282,False,94
177,1.10314,5.10365,False,94
178,4.00051,5.12569,False,94
179,1.14685,5.1055,False,94
180,2.07196,5.00865,False,94
181,3.06519,5.08946,False,94
182,1.14267,5.00705,False,94
183,1.03919,5.03915,False,94
184,1.1368,7.05788,False,94
185,1.13789,5.11,False,94
186,1.06301,7.00344,False,94
188,1.00697,5.07653,False,94
189,4.13435,6.00012,False,94
190,1.09744,3.07308,False,94
191,1.13094,5.06592,False,94
192,1.05711,5.00185,False,94
193,6.06337,5.09834,False,94
194,1.10509,5.0926,False,94
195,1.14282,3.00201,False,94
197,1.00233,5.08111,False,94
198,1.13073,5.0026,False,94
199,1.07526,5.07898,False,94
200,1.14585,1.13309,False,94
201,1.11613,1.09806,False,94
202,7.07208,7.0521,False,94
203,4.10777,5.12967,False,94
204,1.13148,5.099,False,94
206,1.00439,5.12594,False,94
207,1.12393,3.0723,False,94
208,1.00708,1.14414,False,94
209,3.00529,3.10161,False,94
210,3.0661,3.0599,False,94
211,3.08097,3.04441,False,94
212,1.07475,1.1367,False,94
213,1.07364,3.14473,False,94
216,1.11239,6.11693,False,94
217,1.13445,4.11125,False,94
218,1.11775,5.12807,False,94
219,1.12825,5.06939,False,94
222,1.1095,3.13155,False,94
225,4.00109,3.11748,False,94
226,1.09437,5.00651,False,94
227,4.0365,7.00117,False,94
229,3.09354,4.03513,False,94
230,3.02763,3.03185,False,94
233,1.02181,5.14111,False,94
234,3.02288,5.10079,False,94
235,3.01015,5.10639,False,94
236,1.03079,1.13612,False,94
237,1.10706,1.09983,False,94
242,1.01055,4.02822,False,94
243,1.13135,1.11332,False,94
251,4.07315,4.13921,False,94
252,1.12856,3.12731,False,94
253,1.04281,5.07493,False,94
254,1.02209,1.14261,False,94
255,1.02584,3.02785,False,94
256,1.07739,5.0781,False,94
257,1.07763,5.04953,False,94
258,1.10496,3.04521,False,94
259,3.12727,1.14634,False,94
260,1.02552,1.11341,False,94
262,1.00069,6.09131,False,94
263,1.01175,1.1449,False,94
264,1.11836,4.09995,False,94
265,1.11704,1.14173,False,94
270,3.01902,1.14523,False,94
271,1.09292,3.14354,False,94
272,1.08841,1.14644,False,94
273,1.12293,1.13808,False,94
274,1.11713,1.14279,False,94
275,3.1213,1.13711,False,94
280,1.02556,1.11815,False,94
289,1.06584,4.05075,False,94
290,1.11598,1.14741,False,94
291,1.14613,1.14612,False,94
292,1.09331,1.11213,False,94
293,5.00415,6.03057,False,94
294,5.01841,5.13746,False,94
295,5.00414,6.01289,False,94
296,5.00026,1.05869,False,94
297,1.08977,5.12618,False,94
298,1.02448,5.12599,False,94
299,1.11225,4.03819,False,94
300,1.04703,5.12898,False,94
301,1.09547,3.11477,False,94
302,1.0291,5.14353,False,94
303,1.07337,3.12985,False,94
308,1.00082,6.0762599999999996,False,94
317,1.02315,5.10036,False,94
318,1.04203,6.02646,False,94
319,1.01164,5.10947,False,94
320,1.01438,2.14113,False,94
321,1.06483,4.09518,False,94
322,1.03194,3.02914,False,94
323,1.0045,3.0207,False,94
324,1.00252,3.03535,False,94
325,1.09276,5.13141,False,94
326,1.02252,3.09021,False,94
328,1.0718,5.10004,False,94
329,1.1359,6.14229,False,94
330,1.094,5.1306,False,94
331,1.04916,5.08057,False,94
332,1.12666,5.13468,False,94
333,3.09707,5.0242,False,94
334,1.10516,1.12909,False,94
335,1.12445,5.14028,False,94
336,1.10013,5.04384,False,94
337,1.11202,5.10614,False,94
339,1.07103,5.00249,False,94
340,1.0,1.0869,True,94
341,1.0,5.07427,True,94
342,6.06647,1.05652,False,94
343,1.0,1.0,True,94
346,1.1138,5.00501,False,94
347,1.1265100000000001,6.13156,False,94
348,1.09883,5.13014,False,94
349,1.01099,5.13283,False,94
350,1.14707,4.06937,False,94
351,1.14174,5.12132,False,94
352,1.0924800000000001,4.05136,False,94
353,4.06192,7.09877,False,94
354,4.09972,5.14056,False,94
355,1.09668,3.06577,False,94
357,1.04557,4.13154,False,94
358,1.07843,3.0783,False,94
359,1.10807,3.13613,False,94
361,1.10317,5.1128,False,94
363,5.118,5.09513,False,94
364,5.10734,5.0848700000000004,False,94
365,1.07662,3.04689,False,94
366,1.12799,1.10635,False,94
367,5.03311,5.09839,False,94
370,1.0957,3.14246,False,94
371,1.12816,4.0758,False,94
372,1.14156,6.13511,False,94
373,1.12681,1.13165,False,94
374,1.02679,7.07122,False,94
375,1.11121,3.06174,False,94
376,1.01822,1.13175,False,94
377,1.00555,1.0,False,94
378,3.0868700000000002,3.12694,False,94
379,3.09952,1.11418,False,94
380,4.13086,3.0305,False,94
381,1.08927,1.12821,False,94
383,1.05343,5.10433,False,94
384,1.12341,5.0438,False,94
385,1.00339,5.12384,False,94
386,1.03933,5.07837,False,94
387,1.03632,4.14343,False,94
388,1.01389,1.1072899999999999,False,94
389,1.0175,2.01532,False,94
390,1.01197,2.10559,False,94
391,1.01476,3.11358,False,94
394,1.02724,5.11582,False,94
395,5.11694,1.12187,False,94
396,5.09725,1.05965,False,94
397,5.09805,1.03609,False,94
398,5.07042,3.14715,False,94
403,1.0049,4.11212,False,94
404,5.03873,4.09987,False,94
405,5.12994,1.14415,False,94
406,1.03266,1.0,False,94
407,4.03736,3.0478,False,94
408,1.0,1.03594,True,94
412,5.00057,6.12029,False,94
413,5.00146,1.13448,False,94
414,5.01519,6.05206,False,94
415,5.00869,3.0203699999999998,False,94
416,3.11786,3.06499,False,94
417,1.14719,3.13458,False,94
418,5.08868,5.01987,False,94
419,3.11988,5.09457,False,94
420,3.11325,3.08407,False,94
421,3.02598,5.03902,False,94
422,3.05256,5.08893,False,94
423,1.13034,3.11758,False,94
425,1.04198,1.10863,False,94
426,1.07681,4.06088,False,94
427,1.06056,1.13584,False,94
428,3.11142,3.10084,False,94
429,3.12258,3.06199,False,94
1,1.05635,3.025,False,95
3,1.11229,1.10098,False,95
5,1.04123,7.08044,False,95
6,1.01382,3.02101,False,95
7,1.01069,1.0,False,95
9,1.0077,1.08615,False,95
10,1.06105,1.02047,False,95
11,1.08311,1.0,False,95
13,1.11282,1.13453,False,95
17,1.05982,3.04421,False,95
18,1.04878,1.11927,False,95
19,1.0,3.1036799999999998,True,95
21,1.1058,3.06487,False,95
22,1.14323,1.13265,False,95
25,1.03306,4.04851,False,95
29,1.01051,1.14151,False,95
30,1.04827,1.13992,False,95
69,1.00273,4.12973,False,95
70,3.02876,3.03075,False,95
71,1.08127,1.13824,False,95
72,3.10009,3.0916,False,95
73,3.01406,3.14343,False,95
74,3.06753,3.05653,False,95
75,4.04208,3.05572,False,95
76,1.11104,3.11471,False,95
77,3.00492,1.12275,False,95
78,1.10662,4.00448,False,95
79,1.11961,3.07559,False,95
82,1.05573,4.09867,False,95
83,1.01459,3.02769,False,95
84,3.12289,1.0,False,95
85,1.06343,1.0,False,95
86,1.0,4.04633,True,95
91,1.03753,1.13449,False,95
92,1.12251,1.1432,False,95
93,1.1227,3.10756,False,95
95,1.03641,1.13529,False,95
98,1.06173,5.10907,False,95
99,2.01909,5.12676,False,95
100,1.12333,6.12893,False,95
101,1.08175,3.11511,False,95
103,1.13162,5.12786,False,95
104,1.09859,5.03216,False,95
106,1.09089,5.11764,False,95
107,1.02003,6.02949,False,95
109,1.10379,4.03481,False,95
110,1.11237,3.11539,False,95
111,1.01317,3.09924,False,95
112,1.01337,2.05095,False,95
113,1.01207,3.12281,False,95
114,1.04938,1.09986,False,95
115,1.08224,1.14372,False,95
116,1.08673,3.0795,False,95
117,1.03791,1.13363,False,95
118,1.07491,3.14176,False,95
120,1.00145,4.04481,False,95
121,1.00716,1.13499,False,95
122,1.01388,1.13082,False,95
123,1.00958,1.0883099999999999,False,95
124,1.02735,7.12371,False,95
125,5.02004,4.04996,False,95
126,5.03956,5.03204,False,95
127,1.13622,4.12501,False,95
128,1.00503,5.13072,False,95
129,1.13313,5.01026,False,95
130,5.14505,5.09629,False,95
131,1.00883,1.13197,False,95
133,1.00381,1.12435,False,95
134,1.01021,1.14228,False,95
135,1.0213,1.14275,False,95
136,1.00397,1.1215,False,95
137,1.00995,1.09741,False,95
139,1.00012,1.10743,False,95
140,1.00685,1.07273,False,95
141,1.08011,1.14219,False,95
142,1.02081,1.04815,False,95
143,1.10049,1.12569,False,95
144,1.10447,1.10947,False,95
145,5.06335,1.0,False,95
146,1.0,1.0,True,95
147,1.14737,1.0,False,95
148,1.0,1.0,True,95
149,1.0,3.10771,True,95
150,5.0014,1.0,False,95
151,1.0,1.07037,True,95
153,1.13667,1.1385399999999999,False,95
154,1.08444,5.05968,False,95
155,1.02352,3.03746,False,95
156,1.07741,1.14211,False,95
157,1.00542,1.07977,False,95
158,1.02029,3.01097,False,95
159,1.07727,3.0446,False,95
160,1.06989,3.0732,False,95
161,1.07186,3.13149,False,95
162,4.14714,4.09465,False,95
164,1.023,7.13737,False,95
165,5.07897,1.00653,False,95
166,5.08164,5.04184,False,95
167,1.10303,1.04527,False,95
168,5.10318,1.0,False,95
169,5.1137,5.05068,False,95
173,1.09423,3.06246,False,95
175,1.03532,1.03308,False,95
176,1.02416,1.01608,False,95
177,1.08146,5.13614,False,95
178,4.0307,5.1094,False,95
179,1.14585,5.11473,False,95
180,2.00986,5.10227,False,95
181,3.04735,5.13724,False,95
182,1.14694,5.02882,False,95
183,1.09912,5.12433,False,95
184,1.09372,7.06908,False,95
185,1.14041,5.01759,False,95
186,1.09892,7.12434,False,95
188,1.00097,7.09339,False,95
189,4.08472,6.11439,False,95
190,1.14354,3.06164,False,95
191,1.11143,5.10136,False,95
192,1.13048,5.06506,False,95
193,6.02443,5.10212,False,95
194,1.1381999999999999,5.06488,False,95
195,1.14066,3.08237,False,95
197,1.0055,5.118,False,95
198,1.08024,5.02779,False,95
199,1.11634,4.11902,False,95
200,1.14723,1.14365,False,95
201,1.02901,5.11747,False,95
202,7.05593,7.01241,False,95
203,4.13849,5.1363900000000005,False,95
204,1.0601099999999999,5.14048,False,95
206,1.0048,5.06088,False,95
207,1.13287,3.12658,False,95
208,1.10714,1.14554,False,95
209,3.03673,3.05992,False,95
210,3.03017,3.1326,False,95
211,3.05914,3.05708,False,95
212,1.09022,1.14611,False,95
213,1.09613,3.09082,False,95
216,1.11358,6.10035,False,95
217,1.13625,4.06281,False,95
218,1.10192,5.13372,False,95
219,1.14541,5.08678,False,95
222,1.11132,3.14282,False,95
225,4.00702,3.12945,False,95
226,1.10556,5.0223700000000004,False,95
227,4.04061,7.00591,False,95
229,3.11597,4.10918,False,95
230,3.08944,3.10836,False,95
233,1.03399,5.11321,False,95
234,3.05245,5.06361,False,95
235,3.11697,3.02827,False,95
236,1.13708,1.12211,False,95
237,1.13445,1.06459,False,95
242,1.00991,4.06077,False,95
243,1.07215,1.13624,False,95
251,4.1019,4.07638,False,95
252,1.14251,3.14649,False,95
253,1.01415,5.145,False,95
254,1.06992,1.14644,False,95
255,1.01485,3.02151,False,95
256,1.01723,5.07596,False,95
257,1.02552,5.00755,False,95
258,1.09932,3.05614,False,95
259,3.13269,1.14126,False,95
260,1.05724,1.04603,False,95
262,1.00787,6.03649,False,95
263,1.03078,1.13888,False,95
264,1.12605,4.00303,False,95
265,1.14341,1.14093,False,95
270,3.11592,1.13886,False,95
271,1.11658,3.1307,False,95
272,1.12614,1.14593,False,95
273,1.12432,1.11235,False,95
274,1.06245,1.12589,False,95
275,3.04343,1.14124,False,95
280,1.00233,1.1322,False,95
289,1.06802,4.13498,False,95
290,1.11289,1.13994,False,95
291,1.1372,1.1363699999999999,False,95
292,1.00836,1.13944,False,95
293,5.00659,5.14135,False,95
294,5.02209,5.13502,False,95
295,5.01124,6.01506,False,95
296,5.02362,1.03831,False,95
297,1.13166,5.10315,False,95
298,1.03702,5.10765,False,95
299,1.07234,4.01436,False,95
300,1.02887,5.06822,False,95
301,1.08643,3.12284,False,95
302,1.10506,5.09627,False,95
303,1.0377,3.12246,False,95
308,1.00115,6.05866,False,95
317,1.01476,5.11554,False,95
318,1.07524,6.11032,False,95
319,1.05776,5.08349,False,95
320,1.05729,5.11305,False,95
321,1.05356,4.11632,False,95
322,1.0558,3.00886,False,95
323,1.00891,3.06981,False,95
324,1.0095,3.0679,False,95
325,1.06118,5.02486,False,95
326,1.00853,3.14356,False,95
328,1.07845,5.13759,False,95
329,1.12652,6.09923,False,95
330,1.08263,5.13088,False,95
331,1.0567,5.04161,False,95
332,1.11727,5.06362,False,95
333,3.10609,5.09386,False,95
334,1.1076,1.13815,False,95
335,1.10248,5.09919,False,95
336,1.03714,5.04185,False,95
337,1.09055,5.07122,False,95
339,1.00862,5.02337,False,95
340,1.0,1.14214,True,95
341,1.0,5.01322,True,95
342,6.07704,1.1463,False,95
343,1.0,1.0,True,95
346,1.12428,5.11628,False,95
347,1.13978,6.00765,False,95
348,1.11639,5.14489,False,95
349,1.0431,5.04298,False,95
350,3.01504,4.06261,False,95
351,1.14609,5.11719,False,95
352,1.14175,4.01323,False,95
353,4.0366,7.08423,False,95
354,4.11774,5.10616,False,95
355,1.08965,3.1279500000000002,False,95
357,1.04927,4.01692,False,95
358,1.02112,3.09366,False,95
359,1.13104,3.13179,False,95
361,1.0697,5.12057,False,95
363,5.03094,5.02461,False,95
364,5.08946,5.08363,False,95
365,1.05354,3.03901,False,95
366,1.10634,1.10581,False,95
367,5.04616,5.09724,False,95
370,1.08515,3.12717,False,95
371,1.12164,4.05956,False,95
372,1.14392,6.07825,False,95
373,1.11655,1.13704,False,95
374,1.00087,7.05066,False,95
375,1.04848,3.13632,False,95
376,1.11757,1.11821,False,95
377,1.03769,1.12768,False,95
378,3.07083,3.12324,False,95
379,3.13541,1.10328,False,95
380,4.09393,3.06641,False,95
381,1.0882,1.14705,False,95
383,1.08662,5.09554,False,95
384,1.14531,5.11462,False,95
385,1.0098799999999999,5.07757,False,95
386,1.00345,5.09609,False,95
387,1.0292,4.13953,False,95
388,1.00094,1.13123,False,95
389,1.01584,2.07138,False,95
390,1.01511,5.0409,False,95
391,1.00255,3.1377,False,95
394,1.01944,5.1005,False,95
395,5.05642,1.13697,False,95
396,5.08256,1.01008,False,95
397,5.10358,1.12751,False,95
398,5.14641,3.00949,False,95
403,1.05552,4.08405,False,95
404,5.04765,4.08505,False,95
405,5.03634,1.12978,False,95
406,1.02062,1.0,False,95
407,4.11567,3.13477,False,95
408,1.0,1.0967500000000001,True,95
412,5.0022,6.14362,False,95
413,5.00066,5.0343,False,95
414,5.01872,6.14368,False,95
415,5.03212,3.05146,False,95
416,3.07217,3.04389,False,95
417,1.14377,3.1193400000000002,False,95
418,5.06899,5.0635,False,95
419,3.0394,5.00075,False,95
420,3.12093,3.10392,False,95
421,3.09791,5.04052,False,95
422,3.04275,5.03429,False,95
423,1.10473,3.10981,False,95
425,1.11317,1.13124,False,95
426,1.09025,4.11109,False,95
427,1.11403,1.14607,False,95
428,3.09234,3.06797,False,95
429,3.10197,3.03545,False,95
1,1.11402,3.09727,False,96
3,1.0843,1.03663,False,96
5,1.03372,7.0273,False,96
6,1.07824,3.09519,False,96
7,1.00358,1.0,False,96
9,1.02686,1.05075,False,96
10,1.04862,1.04695,False,96
11,1.00547,1.0,False,96
13,1.1289,1.13866,False,96
17,1.04722,3.06554,False,96
18,1.07141,1.08027,False,96
19,1.0,3.14419,True,96
21,1.09206,4.11948,False,96
22,1.13465,1.13067,False,96
25,1.04018,4.07217,False,96
29,1.01864,1.14678,False,96
30,1.0951,1.11936,False,96
69,1.00142,4.11921,False,96
70,3.03348,3.02536,False,96
71,1.06521,3.09606,False,96
72,3.06371,3.13525,False,96
73,3.04224,3.04047,False,96
74,3.06452,3.05907,False,96
75,4.06829,3.14479,False,96
76,1.14582,1.13963,False,96
77,3.01107,1.13419,False,96
78,1.08654,3.01118,False,96
79,1.12072,3.00372,False,96
82,1.02741,4.08988,False,96
83,1.03214,3.01391,False,96
84,3.14361,1.0,False,96
85,1.05526,1.0,False,96
86,1.0,4.05355,True,96
91,1.0618,1.14712,False,96
92,1.11099,1.13287,False,96
93,1.1115,3.13861,False,96
95,1.02723,1.12245,False,96
98,1.07994,5.09009,False,96
99,2.05082,5.1381,False,96
100,1.12582,6.08742,False,96
101,1.01839,3.09432,False,96
103,1.12036,5.06564,False,96
104,1.09114,5.08782,False,96
106,1.1307800000000001,5.06058,False,96
107,1.06463,6.05972,False,96
109,1.12926,4.05246,False,96
110,1.11755,3.10269,False,96
111,1.01061,3.02439,False,96
112,1.0376,2.01086,False,96
113,1.11987,3.09251,False,96
114,1.00438,1.11444,False,96
115,1.0511,1.1436,False,96
116,1.05431,3.04475,False,96
117,1.02702,1.1393,False,96
118,1.06467,3.1343199999999998,False,96
120,1.00311,4.09632,False,96
121,1.00315,1.1396,False,96
122,1.00039,1.14555,False,96
123,1.01771,1.06731,False,96
124,1.00091,7.12141,False,96
125,5.06403,4.05978,False,96
126,5.06727,5.06544,False,96
127,1.12793,4.00012,False,96
128,1.04824,5.0234,False,96
129,1.12462,5.14505,False,96
130,5.14637,5.11237,False,96
131,1.07053,1.11911,False,96
133,1.00556,1.14322,False,96
134,1.00398,1.12684,False,96
135,1.07433,1.13574,False,96
136,1.01338,1.12646,False,96
137,1.0,1.09917,True,96
139,1.0012,1.12198,False,96
140,1.03276,1.12786,False,96
141,1.05405,1.11806,False,96
142,1.11685,1.13291,False,96
143,1.02674,1.1027,False,96
144,1.01709,1.09717,False,96
145,5.00425,1.0,False,96
146,1.0,1.0,True,96
147,1.0718,1.0,False,96
148,1.0,1.0,True,96
149,1.0,3.02589,True,96
150,5.09853,1.0,False,96
151,1.0,1.07495,True,96
153,1.12828,1.14562,False,96
154,1.09848,5.00724,False,96
155,1.01287,7.10497,False,96
156,1.07575,1.12066,False,96
157,1.04172,1.11306,False,96
158,1.04915,3.09804,False,96
159,1.02251,3.08186,False,96
160,1.06513,3.081,False,96
161,1.05413,3.01612,False,96
162,4.083,4.10095,False,96
164,1.03187,7.04549,False,96
165,5.05143,1.09371,False,96
166,5.1118500000000004,5.09139,False,96
167,1.1439,1.01125,False,96
168,5.05643,1.0,False,96
169,5.07694,5.02763,False,96
173,1.09443,4.05241,False,96
175,1.06657,1.1334,False,96
176,1.06781,1.04269,False,96
177,1.10194,5.13271,False,96
178,4.01108,6.13794,False,96
179,1.14401,5.1454699999999995,False,96
180,2.10849,5.02902,False,96
181,3.09112,5.07212,False,96
182,1.14365,5.04201,False,96
183,1.11713,5.08815,False,96
184,1.13792,7.113,False,96
185,1.1221,5.09766,False,96
186,1.10981,7.11153,False,96
188,1.0104,5.14026,False,96
189,4.13448,6.05137,False,96
190,1.13857,3.10655,False,96
191,1.12151,5.13169,False,96
192,1.09993,5.14563,False,96
193,6.12305,5.05519,False,96
194,1.14336,5.01885,False,96
195,1.12487,3.06596,False,96
197,1.0009,5.13156,False,96
198,1.13998,5.06639,False,96
199,1.1280000000000001,5.06178,False,96
200,1.13431,1.13182,False,96
201,1.03215,1.14343,False,96
202,7.09217,7.05174,False,96
203,4.10717,5.13482,False,96
204,1.07163,5.03471,False,96
206,1.0036,5.02159,False,96
207,1.13754,3.07001,False,96
208,1.07116,1.12852,False,96
209,3.03477,3.10583,False,96
210,3.06647,3.14596,False,96
211,3.02631,3.02002,False,96
212,1.0832600000000001,1.13636,False,96
213,1.07817,3.02025,False,96
216,1.11447,6.12784,False,96
217,1.14508,4.09649,False,96
218,1.1126800000000001,5.07103,False,96
219,3.03724,5.01528,False,96
222,1.13253,3.10258,False,96
225,4.04249,3.12682,False,96
226,1.09685,5.12641,False,96
227,4.0067,7.07218,False,96
229,3.07636,4.0444,False,96
230,3.06883,3.12664,False,96
233,1.01144,5.14086,False,96
234,3.06137,5.10478,False,96
235,3.1288,3.00725,False,96
236,1.04412,1.12379,False,96
237,1.13666,1.13791,False,96
242,1.0019,4.12815,False,96
243,1.10606,1.10088,False,96
251,4.09187,4.10079,False,96
252,1.13245,3.11119,False,96
253,1.04942,5.05892,False,96
254,1.02154,1.12184,False,96
255,1.03069,3.11454,False,96
256,1.02896,5.06182,False,96
257,1.02693,5.00158,False,96
258,1.00383,3.12706,False,96
259,3.14085,1.12523,False,96
260,1.09976,1.1102400000000001,False,96
262,1.00812,6.14196,False,96
263,1.001,1.14375,False,96
264,1.05005,4.00006,False,96
265,1.11298,1.13341,False,96
270,3.08935,1.1464,False,96
271,1.12213,3.09192,False,96
272,1.10366,1.14114,False,96
273,1.13152,1.11822,False,96
274,1.12271,1.12007,False,96
275,3.03956,1.13124,False,96
280,1.02087,1.09966,False,96
289,1.0653299999999999,4.14057,False,96
290,1.1075,1.14032,False,96
291,1.13596,1.1428099999999999,False,96
292,1.05104,1.11633,False,96
293,5.00434,6.12457,False,96
294,5.02061,5.1079,False,96
295,5.0058,6.078,False,96
296,5.00575,1.05011,False,96
297,1.08851,5.11184,False,96
298,1.00148,5.10358,False,96
299,1.12221,4.00817,False,96
300,1.08267,5.13289,False,96
301,1.01671,3.14252,False,96
302,1.02708,5.05845,False,96
303,1.06158,3.1055,False,96
308,1.0062,6.06698,False,96
317,1.0176,5.08558,False,96
318,1.10777,6.04226,False,96
319,1.06352,5.11862,False,96
320,1.0018,2.14095,False,96
321,1.05263,4.07714,False,96
322,1.03095,3.02636,False,96
323,1.01422,3.08435,False,96
324,1.0527,3.10979,False,96
325,1.0884,5.14462,False,96
326,1.00259,3.05436,False,96
328,1.03052,5.1282,False,96
329,1.13929,6.12622,False,96
330,1.13563,5.1411999999999995,False,96
331,1.08808,5.03732,False,96
332,1.13845,5.13878,False,96
333,3.06859,5.07483,False,96
334,1.09152,1.14657,False,96
335,1.11155,5.02639,False,96
336,1.04346,5.11616,False,96
337,1.0742099999999999,5.11261,False,96
339,1.07971,5.06525,False,96
340,1.0,1.01147,True,96
341,1.0,5.14094,True,96
342,6.06914,1.11162,False,96
343,1.0,1.0,True,96
346,1.0930900000000001,5.13158,False,96
347,1.1333,6.01796,False,96
348,1.10338,5.05266,False,96
349,1.0198,5.06367,False,96
350,1.14644,4.06943,False,96
351,1.1466,5.07044,False,96
352,1.11569,4.10408,False,96
353,4.05136,7.04786,False,96
354,4.08826,5.10998,False,96
355,1.07134,3.08399,False,96
357,1.05594,4.06737,False,96
358,1.08657,3.04826,False,96
359,1.10056,3.11199,False,96
361,1.04968,5.13102,False,96
363,5.09311,5.0664,False,96
364,5.11498,5.07274,False,96
365,1.0325,3.08063,False,96
366,1.10212,1.10148,False,96
367,5.03945,5.12609,False,96
370,1.09507,3.10739,False,96
371,1.14045,4.05669,False,96
372,1.1429,6.13992,False,96
373,1.09375,1.14511,False,96
374,1.00522,7.12335,False,96
375,1.07597,1.11371,False,96
376,1.13231,1.0326,False,96
377,1.09838,1.00349,False,96
378,3.08712,3.12522,False,96
379,3.04381,1.11828,False,96
380,4.0552,3.07106,False,96
381,1.12003,1.13543,False,96
383,1.00754,5.09452,False,96
384,1.13965,5.12636,False,96
385,1.00178,5.11462,False,96
386,1.01365,5.14694,False,96
387,1.00435,4.07341,False,96
388,1.00323,1.01715,False,96
389,1.06009,2.14727,False,96
390,1.05339,5.14449,False,96
391,1.00591,3.02645,False,96
394,1.01262,5.14226,False,96
395,5.14636,1.11176,False,96
396,5.11947,1.10479,False,96
397,5.07,1.09817,False,96
398,5.13348,3.0837,False,96
403,1.06869,4.04335,False,96
404,5.08189,4.08281,False,96
405,5.06157,1.14389,False,96
406,1.05516,1.11467,False,96
407,4.00626,3.10944,False,96
408,1.0,1.04177,True,96
412,5.00109,6.12026,False,96
413,5.01033,5.07783,False,96
414,5.01053,6.02733,False,96
415,5.00735,3.09513,False,96
416,3.11909,3.01893,False,96
417,1.1341,3.03239,False,96
418,5.13314,5.09268,False,96
419,3.10838,5.0137,False,96
420,3.06292,3.02942,False,96
421,3.06021,5.01534,False,96
422,1.134,5.13508,False,96
423,1.13676,3.05803,False,96
425,1.01419,1.11907,False,96
426,1.09127,4.12938,False,96
427,1.07493,1.13719,False,96
428,3.07883,3.06329,False,96
429,3.01803,3.02425,False,96
1,1.10022,3.00824,False,97
3,1.08575,1.01826,False,97
5,1.07404,7.10295,False,97
6,1.06623,3.04917,False,97
7,1.01529,1.0,False,97
9,1.02246,1.13615,False,97
10,1.00358,1.106,False,97
11,1.00858,1.0,False,97
13,1.10765,1.12644,False,97
17,1.05408,3.05209,False,97
18,1.07378,1.10514,False,97
19,1.0,3.0292,True,97
21,1.07061,4.01528,False,97
22,1.13389,1.13354,False,97
25,1.0003,4.06736,False,97
29,1.0282,1.12868,False,97
30,1.07078,1.11989,False,97
69,1.00119,4.08147,False,97
70,3.00877,3.1275399999999998,False,97
71,1.09652,3.04212,False,97
72,3.04814,3.13745,False,97
73,3.01003,3.0851,False,97
74,3.04491,7.03213,False,97
75,4.07481,3.14198,False,97
76,1.14398,1.1470799999999999,False,97
77,3.00271,1.14352,False,97
78,1.09527,3.01506,False,97
79,1.10865,3.00283,False,97
82,1.10392,4.08813,False,97
83,1.12319,3.04694,False,97
84,3.13305,1.0,False,97
85,1.0,1.04837,True,97
86,1.0,4.0425699999999996,True,97
91,1.06783,1.14082,False,97
92,1.08913,1.1372,False,97
93,1.1367,3.00411,False,97
95,1.03321,1.13459,False,97
98,1.08289,5.03719,False,97
99,2.07419,5.12881,False,97
100,1.13553,6.01444,False,97
101,1.04872,3.08227,False,97
103,1.12385,5.13506,False,97
104,1.0695999999999999,5.12189,False,97
106,1.1114600000000001,5.07564,False,97
107,1.00087,6.04683,False,97
109,1.13565,4.09141,False,97
110,1.10023,3.13116,False,97
111,1.00777,3.11964,False,97
112,1.05974,2.08357,False,97
113,1.10102,3.07497,False,97
114,1.0206,1.14214,False,97
115,1.12036,1.11104,False,97
116,1.04966,3.11367,False,97
117,1.0596700000000001,1.11248,False,97
118,1.01461,3.11765,False,97
120,1.00144,4.01293,False,97
121,1.00426,1.13767,False,97
122,1.00558,1.14035,False,97
123,1.00251,1.11589,False,97
124,1.03909,7.05823,False,97
125,5.12435,4.13951,False,97
126,5.08568,5.14206,False,97
127,1.12669,4.06525,False,97
128,1.04733,5.02877,False,97
129,1.11819,5.03013,False,97
130,5.13025,5.08897,False,97
131,1.04369,1.05919,False,97
133,1.01277,1.14587,False,97
134,1.01546,1.13795,False,97
135,1.02026,1.14672,False,97
136,1.11047,1.13744,False,97
137,1.08397,1.10557,False,97
139,1.01553,1.10882,False,97
140,1.0226,1.11122,False,97
141,1.06061,1.07286,False,97
142,1.00773,1.09997,False,97
143,1.04415,1.13805,False,97
144,4.01727,1.09813,False,97
145,5.0083,1.0,False,97
146,1.0,1.0,True,97
147,1.1469,1.0,False,97
148,1.0,1.0,True,97
149,1.0,3.09014,True,97
150,5.13945,1.0,False,97
151,1.0,1.04422,True,97
153,1.1139000000000001,1.13497,False,97
154,1.09208,5.05424,False,97
155,1.01394,7.11298,False,97
156,1.11417,1.1443,False,97
157,1.00415,1.13311,False,97
158,1.00993,3.04375,False,97
159,1.04015,3.12095,False,97
160,1.06923,3.07824,False,97
161,1.04746,3.07853,False,97
162,4.13808,4.09148,False,97
164,1.07105,7.14684,False,97
165,5.09843,1.11235,False,97
166,5.12207,5.08504,False,97
167,1.0907,1.00356,False,97
168,5.10565,1.0,False,97
169,5.13909,5.11616,False,97
173,1.09355,4.09602,False,97
175,1.0473,1.09939,False,97
176,1.06549,1.0231,False,97
177,1.13764,5.11475,False,97
178,4.01027,5.1065,False,97
179,1.13891,5.14096,False,97
180,2.10832,5.10052,False,97
181,3.05104,5.08354,False,97
182,1.14246,5.01488,False,97
183,1.12817,5.06942,False,97
184,1.12028,7.14673,False,97
185,1.12389,5.12222,False,97
186,1.11016,7.09806,False,97
188,1.00304,5.11809,False,97
189,4.14695,6.07175,False,97
190,3.10921,3.11504,False,97
191,1.08798,5.04583,False,97
192,1.07788,5.09942,False,97
193,6.08187,5.08186,False,97
194,1.11195,5.1107,False,97
195,1.12684,3.10653,False,97
197,1.00139,5.11233,False,97
198,1.06751,5.12402,False,97
199,1.10498,4.12876,False,97
200,1.13703,1.1350500000000001,False,97
201,1.08862,1.12581,False,97
202,7.01393,7.01675,False,97
203,4.05961,5.11058,False,97
204,1.06868,5.07613,False,97
206,1.0024,5.10835,False,97
207,1.12608,3.1193,False,97
208,1.0888,1.14036,False,97
209,3.00417,3.12052,False,97
210,3.04909,3.10129,False,97
211,3.06003,3.01586,False,97
212,1.07602,1.10936,False,97
213,1.07448,3.06423,False,97
216,1.11982,6.00893,False,97
217,1.14143,4.05556,False,97
218,1.13038,5.12412,False,97
219,1.1397,5.04724,False,97
222,1.09044,3.11642,False,97
225,4.07219,3.11609,False,97
226,1.0937999999999999,5.02949,False,97
227,4.1302,7.11294,False,97
229,3.10278,4.03885,False,97
230,3.09993,3.09594,False,97
233,1.0319,5.12922,False,97
234,3.03927,5.02239,False,97
235,3.03896,5.02959,False,97
236,1.09493,1.11857,False,97
237,1.08696,1.12614,False,97
242,1.01156,4.1236,False,97
243,1.12523,1.12144,False,97
251,4.05454,4.11794,False,97
252,1.11561,3.06492,False,97
253,1.02589,5.0747,False,97
254,1.00052,1.12367,False,97
255,1.03659,3.00325,False,97
256,1.07195,5.01342,False,97
257,1.01476,5.08762,False,97
258,1.1323699999999999,3.05129,False,97
259,3.00798,1.11761,False,97
260,1.01523,1.13317,False,97
262,1.00886,6.09046,False,97
263,1.01669,1.14721,False,97
264,1.1284399999999999,4.12235,False,97
265,1.08847,1.11644,False,97
270,3.02915,1.14704,False,97
271,1.12559,3.12871,False,97
272,1.1208,1.10977,False,97
273,1.13818,1.13283,False,97
274,1.0873599999999999,1.13959,False,97
275,3.03705,1.13377,False,97
280,1.02254,1.11153,False,97
289,1.07922,4.11853,False,97
290,1.09895,1.14165,False,97
291,1.14136,1.14654,False,97
292,1.05658,1.11228,False,97
293,5.00814,5.13384,False,97
294,5.02846,5.06468,False,97
295,5.01535,6.09296,False,97
296,5.00126,1.1362700000000001,False,97
297,1.1329500000000001,5.11574,False,97
298,1.02536,5.09809,False,97
299,1.10447,4.05539,False,97
300,1.08689,5.11281,False,97
301,1.05644,3.13913,False,97
302,1.05738,5.12598,False,97
303,1.14094,3.06023,False,97
308,1.03445,6.1352,False,97
317,1.02032,3.05598,False,97
318,1.09781,6.00506,False,97
319,1.07794,5.14197,False,97
320,1.00137,5.05124,False,97
321,1.03552,4.11341,False,97
322,1.04025,3.0721,False,97
323,1.0088,3.06946,False,97
324,1.01874,3.00215,False,97
325,1.08549,5.11971,False,97
326,1.00422,3.13394,False,97
328,1.09922,5.08727,False,97
329,1.14328,6.05906,False,97
330,1.07405,5.11076,False,97
331,1.04168,5.09181,False,97
332,1.11786,5.12215,False,97
333,3.1413,5.01098,False,97
334,1.11071,1.12159,False,97
335,1.10567,5.05762,False,97
336,1.03982,5.06999,False,97
337,1.05926,5.14139,False,97
339,1.05491,5.06437,False,97
340,1.0,1.14541,True,97
341,1.0,5.00025,True,97
342,6.0982,1.09194,False,97
343,1.0,1.0,True,97
346,1.08825,5.03617,False,97
347,1.13527,6.0801,False,97
348,1.09494,5.02828,False,97
349,1.00922,5.02563,False,97
350,3.01581,4.13484,False,97
351,1.13845,5.02756,False,97
352,1.1444,4.01346,False,97
353,4.04778,7.09567,False,97
354,4.10469,5.10399,False,97
355,1.05316,3.13975,False,97
357,1.06157,4.00891,False,97
358,1.07222,3.01851,False,97
359,1.12517,3.07752,False,97
361,1.05514,5.13176,False,97
363,5.09079,5.08515,False,97
364,5.12277,5.08428,False,97
365,1.10035,3.00455,False,97
366,1.1036,1.12572,False,97
367,5.06478,5.06267,False,97
370,1.10642,3.12162,False,97
371,1.14487,4.12102,False,97
372,1.14652,6.11608,False,97
373,1.10667,1.13395,False,97
374,1.02042,7.04712,False,97
375,1.05112,3.10213,False,97
376,1.12273,1.14607,False,97
377,1.11886,1.06617,False,97
378,3.04238,3.05078,False,97
379,3.12444,1.11926,False,97
380,4.11659,3.10534,False,97
381,1.11179,1.14616,False,97
383,1.06575,5.04543,False,97
384,1.14495,4.01091,False,97
385,1.00103,5.14248,False,97
386,1.00669,5.11938,False,97
387,1.01022,4.13495,False,97
388,1.01981,1.1050200000000001,False,97
389,1.06151,2.04942,False,97
390,1.00974,2.05003,False,97
391,1.01706,3.04739,False,97
394,1.00151,5.09967,False,97
395,5.07006,1.14375,False,97
396,5.12018,1.08812,False,97
397,5.04274,1.06394,False,97
398,5.1468,3.12859,False,97
403,1.02323,4.12152,False,97
404,5.03099,4.12515,False,97
405,5.13539,1.08782,False,97
406,1.03222,1.03152,False,97
407,4.02841,3.081,False,97
408,1.0,1.04853,True,97
412,5.00147,6.13462,False,97
413,5.00937,1.13896,False,97
414,5.00618,6.05581,False,97
415,5.02389,3.04082,False,97
416,3.13897,3.0428,False,97
417,1.12924,3.10326,False,97
418,5.05027,5.03771,False,97
419,4.00793,3.1411,False,97
420,3.1009700000000002,3.08379,False,97
421,3.08026,5.09305,False,97
422,3.03566,5.03182,False,97
423,1.12281,3.0743,False,97
425,1.13408,7.11,False,97
426,1.06758,4.08933,False,97
427,1.09837,1.14264,False,97
428,3.1362,3.11205,False,97
429,3.05263,3.08869,False,97
1,1.04613,3.12004,False,98
3,1.06837,1.03111,False,98
5,1.0627,7.01655,False,98
6,1.12485,3.01835,False,98
7,1.0327,1.0,False,98
9,1.00533,1.12995,False,98
10,1.05148,1.08792,False,98
11,1.01321,1.0,False,98
13,1.0804,1.14339,False,98
17,1.05067,3.10209,False,98
18,1.01612,1.14491,False,98
19,1.0,3.14738,True,98
21,1.07951,4.06119,False,98
22,1.11013,1.11878,False,98
25,1.00966,4.14244,False,98
29,1.019,1.14548,False,98
30,1.1293199999999999,1.12138,False,98
69,1.0019,4.12062,False,98
70,3.05802,3.01296,False,98
71,1.06761,3.10643,False,98
72,3.04419,3.1391,False,98
73,3.03152,3.1373699999999998,False,98
74,3.01423,7.00462,False,98
75,4.04706,3.13126,False,98
76,1.12354,3.06998,False,98
77,3.0105,1.13978,False,98
78,1.09259,3.06355,False,98
79,1.1299,1.14675,False,98
82,1.09406,4.1372,False,98
83,1.00167,3.02257,False,98
84,3.00135,1.0,False,98
85,1.0,1.11596,True,98
86,1.0,4.14081,True,98
91,1.06353,1.14295,False,98
92,1.097,1.14143,False,98
93,1.12425,3.11164,False,98
95,1.06,1.14311,False,98
98,1.0742099999999999,5.07065,False,98
99,2.00386,5.14646,False,98
100,1.12098,6.03936,False,98
101,1.04349,3.14044,False,98
103,1.1453,5.09649,False,98
104,1.10646,5.12694,False,98
106,1.03311,5.10575,False,98
107,1.0636,6.09644,False,98
109,1.07424,4.12109,False,98
110,1.11074,3.0486,False,98
111,1.01971,3.13054,False,98
112,1.06068,2.07481,False,98
113,1.08985,3.10647,False,98
114,1.00266,1.14663,False,98
115,1.05748,1.14205,False,98
116,1.0322,3.04491,False,98
117,1.01158,1.11366,False,98
118,1.02627,3.10962,False,98
120,1.00097,4.09855,False,98
121,1.0048,1.1446,False,98
122,1.00042,1.14293,False,98
123,1.00822,1.08878,False,98
124,1.00429,7.09987,False,98
125,5.02346,4.14156,False,98
126,5.03136,5.11023,False,98
127,1.05451,4.0474,False,98
128,1.05429,5.05354,False,98
129,1.13825,5.05746,False,98
130,5.12689,5.08205,False,98
131,1.1317,1.13418,False,98
133,1.00476,1.1454,False,98
134,1.01182,1.13334,False,98
135,1.06656,1.14611,False,98
136,1.0074,1.09882,False,98
137,1.10897,1.10534,False,98
139,1.01529,1.0585,False,98
140,1.00985,1.14128,False,98
141,1.04766,1.09929,False,98
142,1.01871,1.0,False,98
143,1.0038,1.14371,False,98
144,1.06473,6.07556,False,98
145,1.0,5.00289,True,98
146,1.0,1.0,True,98
147,1.11818,1.0,False,98
148,1.0,1.0,True,98
149,1.0,3.13108,True,98
150,5.12077,1.0,False,98
151,1.14323,1.0,False,98
153,1.13189,1.14103,False,98
154,1.11836,5.04241,False,98
155,1.03403,7.07027,False,98
156,1.06734,1.12785,False,98
157,1.01041,1.12807,False,98
158,1.06264,3.03899,False,98
159,1.04333,3.01607,False,98
160,1.06308,3.00397,False,98
161,1.00669,3.05408,False,98
162,4.12392,4.09099,False,98
164,1.01356,7.12281,False,98
165,5.13345,1.04274,False,98
166,5.1063,5.08941,False,98
167,1.11895,1.06767,False,98
168,5.06596,1.0,False,98
169,5.09601,5.06883,False,98
173,1.09115,4.12303,False,98
175,1.02932,1.13633,False,98
176,1.05724,1.06992,False,98
177,1.10322,5.12955,False,98
178,4.00657,5.14726,False,98
179,1.14622,5.1375,False,98
180,2.08815,5.01176,False,98
181,3.12196,5.07156,False,98
182,1.14569,5.13588,False,98
183,1.12839,5.10166,False,98
184,1.11383,7.0908,False,98
185,1.11296,5.04146,False,98
186,1.1042,7.1339500000000005,False,98
188,1.00888,5.1335,False,98
189,4.11492,6.14383,False,98
190,1.14226,3.09551,False,98
191,1.10384,5.12599,False,98
192,1.12789,5.01795,False,98
193,6.01558,5.12771,False,98
194,1.13182,5.11333,False,98
195,1.1452,3.11881,False,98
197,1.01368,5.1198,False,98
198,1.10527,5.03821,False,98
199,3.00992,5.05391,False,98
200,1.10802,1.10662,False,98
201,1.13346,1.12575,False,98
202,7.02412,7.06113,False,98
203,4.06467,5.14002,False,98
204,1.07163,5.10318,False,98
206,1.00118,5.03609,False,98
207,1.14322,3.04567,False,98
208,1.04269,1.12104,False,98
209,3.02997,3.14009,False,98
210,3.01837,3.13192,False,98
211,3.01262,3.0101,False,98
212,1.0729899999999999,1.1365,False,98
213,1.08374,3.12129,False,98
216,1.10175,6.00111,False,98
217,1.1385,4.13064,False,98
218,1.10748,5.09262,False,98
219,1.14737,5.00401,False,98
222,1.10094,3.10489,False,98
225,4.02398,3.10234,False,98
226,1.0818,5.11211,False,98
227,4.07996,7.05483,False,98
229,3.10614,4.02582,False,98
230,3.07541,3.13598,False,98
233,1.02378,5.12833,False,98
234,3.05278,5.14349,False,98
235,3.03797,5.00061,False,98
236,1.04819,1.08644,False,98
237,1.06274,1.11822,False,98
242,1.02215,4.07041,False,98
243,1.14412,1.1368800000000001,False,98
251,4.06335,4.1455,False,98
252,1.13738,3.14024,False,98
253,1.00158,5.09948,False,98
254,1.00614,1.07325,False,98
255,1.01463,3.01243,False,98
256,1.00939,5.10637,False,98
257,1.06629,5.01952,False,98
258,1.09859,3.0981,False,98
259,3.09449,1.14434,False,98
260,1.00997,1.1294,False,98
262,1.00018,6.1464,False,98
263,1.00094,1.14133,False,98
264,1.13998,4.11677,False,98
265,1.14522,1.14379,False,98
270,3.00511,1.1353,False,98
271,1.03969,3.06278,False,98
272,1.11732,1.13924,False,98
273,1.10919,1.14409,False,98
274,1.09729,1.13763,False,98
275,3.06405,1.13768,False,98
280,1.01636,1.14176,False,98
289,1.06853,4.12868,False,98
290,1.14381,1.14069,False,98
291,1.14608,1.14134,False,98
292,1.07968,1.12306,False,98
293,5.00463,6.10875,False,98
294,5.00886,5.14197,False,98
295,5.02695,6.12492,False,98
296,5.05346,1.12991,False,98
297,1.10577,5.09924,False,98
298,1.00586,5.11994,False,98
299,1.06778,4.01868,False,98
300,1.08131,5.09034,False,98
301,1.06064,3.12289,False,98
302,1.04082,5.12533,False,98
303,1.00054,3.103,False,98
308,1.00102,6.13906,False,98
317,1.00894,5.14275,False,98
318,1.12174,6.02351,False,98
319,1.07512,5.13023,False,98
320,1.09321,5.0081,False,98
321,1.02817,4.09357,False,98
322,1.03049,3.03671,False,98
323,1.04883,3.1471,False,98
324,1.01341,3.04523,False,98
325,1.06425,5.09218,False,98
326,1.02896,3.04788,False,98
328,1.06523,5.09621,False,98
329,1.12484,6.03404,False,98
330,1.0996299999999999,5.1307,False,98
331,1.09971,3.051,False,98
332,1.12429,5.1343,False,98
333,3.13689,5.14174,False,98
334,1.081,1.1468099999999999,False,98
335,1.10856,5.14487,False,98
336,1.11865,5.13371,False,98
337,1.12069,5.06744,False,98
339,1.01883,5.01665,False,98
340,1.0,1.11954,True,98
341,1.0,5.1009,True,98
342,6.14716,1.11041,False,98
343,1.0,1.0,True,98
346,1.06275,5.12966,False,98
347,1.1272,6.10514,False,98
348,1.11141,5.09017,False,98
349,1.00592,5.08407,False,98
350,1.14117,4.10399,False,98
351,1.13865,5.03366,False,98
352,1.10524,4.0044,False,98
353,4.12928,7.0707,False,98
354,4.10547,5.06882,False,98
355,1.06091,3.13425,False,98
357,1.05902,4.13724,False,98
358,1.1108500000000001,3.07487,False,98
359,1.13466,3.12954,False,98
361,1.07676,5.11986,False,98
363,5.0976,5.03836,False,98
364,5.0867,5.08625,False,98
365,1.02463,3.14116,False,98
366,1.05543,1.13946,False,98
367,5.0907,5.07884,False,98
370,1.10706,3.13791,False,98
371,1.14062,3.1127,False,98
372,1.1385399999999999,6.07564,False,98
373,1.12507,1.1418,False,98
374,1.02308,7.07493,False,98
375,1.00523,1.09547,False,98
376,1.03484,1.11471,False,98
377,1.03605,1.1062,False,98
378,3.08446,3.12315,False,98
379,3.13923,1.12657,False,98
380,4.03667,3.00899,False,98
381,1.1356600000000001,1.12912,False,98
383,1.02513,5.12569,False,98
384,1.13131,5.07736,False,98
385,1.00392,5.07625,False,98
386,1.06636,5.05441,False,98
387,1.02325,4.10523,False,98
388,1.01191,1.1092,False,98
389,1.05879,2.01892,False,98
390,1.02,2.10859,False,98
391,1.01146,3.00205,False,98
394,1.00125,5.13561,False,98
395,5.02644,1.10346,False,98
396,5.02371,1.05349,False,98
397,5.11505,1.14164,False,98
398,5.01722,3.04377,False,98
403,1.01417,4.10801,False,98
404,5.14357,4.08975,False,98
405,5.01694,1.11418,False,98
406,1.07297,1.0,False,98
407,4.01865,3.07587,False,98
408,1.0,1.06482,True,98
412,5.00159,6.13028,False,98
413,5.0006,1.14289,False,98
414,5.01523,6.10731,False,98
415,5.00834,3.04932,False,98
416,3.12748,3.07186,False,98
417,1.13447,3.09267,False,98
418,5.08252,5.07758,False,98
419,4.06959,3.0217,False,98
420,3.05192,3.01482,False,98
421,3.13455,5.11957,False,98
422,3.0487,5.13321,False,98
423,1.12163,3.12799,False,98
425,1.01219,7.0412,False,98
426,1.07727,4.07555,False,98
427,1.10182,1.14207,False,98
428,3.08016,3.13427,False,98
429,3.10698,3.14146,False,98
1,1.08038,3.01898,False,99
3,1.04974,1.03222,False,99
5,1.06876,7.03346,False,99
6,1.00541,3.02935,False,99
7,1.04675,1.0,False,99
9,1.01852,1.12929,False,99
10,1.0106,1.1284,False,99
11,1.06596,1.0,False,99
13,1.12569,1.10636,False,99
17,1.05511,4.14193,False,99
18,1.05253,1.07051,False,99
19,1.0,3.00117,True,99
21,1.08951,4.0617,False,99
22,1.1393,1.1264,False,99
25,1.02156,4.11643,False,99
29,1.00765,1.13561,False,99
30,1.10903,1.12225,False,99
69,1.00052,4.02406,False,99
70,3.01049,3.04932,False,99
71,1.08537,3.00355,False,99
72,3.07082,3.08422,False,99
73,3.01596,3.05068,False,99
74,3.05197,3.02882,False,99
75,4.03987,3.12885,False,99
76,1.13297,3.04541,False,99
77,3.00611,1.1296599999999999,False,99
78,1.09415,3.04259,False,99
79,1.13779,3.10198,False,99
82,1.02722,4.09292,False,99
83,1.01541,3.0983,False,99
84,3.07437,1.0,False,99
85,1.0,1.01018,True,99
86,1.0,4.01228,True,99
91,1.05298,1.13719,False,99
92,1.12189,1.14326,False,99
93,1.13022,3.13285,False,99
95,1.0461,1.13679,False,99
98,1.07252,5.07108,False,99
99,2.0003,5.10897,False,99
100,1.1048499999999999,6.1103,False,99
101,1.08146,3.04773,False,99
103,1.13606,5.13782,False,99
104,1.08334,5.04987,False,99
106,1.146,5.05701,False,99
107,1.0017,6.00057,False,99
109,1.13268,4.03343,False,99
110,1.1189,3.0568400000000002,False,99
111,1.00766,3.11428,False,99
112,1.04114,2.10724,False,99
113,1.08827,3.11775,False,99
114,1.00711,1.14283,False,99
115,1.09224,1.09265,False,99
116,1.02243,3.10917,False,99
117,1.0774,1.13672,False,99
118,1.0092,3.1335,False,99
120,1.00312,4.09996,False,99
121,1.00531,1.1298,False,99
122,1.00079,1.14503,False,99
123,1.02043,1.10351,False,99
124,1.01094,7.11558,False,99
125,5.0981,4.06221,False,99
126,5.10673,5.09925,False,99
127,1.01996,4.0464,False,99
128,1.03475,5.08922,False,99
129,1.11732,5.1042,False,99
130,5.11096,5.01966,False,99
131,1.03004,1.0123,False,99
133,1.01355,1.14334,False,99
134,1.00516,1.13886,False,99
135,1.09664,1.11056,False,99
136,1.12293,1.1129,False,99
137,1.1313900000000001,1.0037,False,99
139,1.03339,1.1289,False,99
140,1.00183,1.04696,False,99
141,1.0379,1.089,False,99
142,1.06239,1.09316,False,99
143,1.00973,1.1101,False,99
144,1.024,1.14078,False,99
145,5.05678,1.0,False,99
146,1.0,1.0,True,99
147,1.04341,1.0,False,99
148,1.0,1.0,True,99
149,1.0,3.01838,True,99
150,5.09596,1.0,False,99
151,1.01315,1.0,False,99
153,1.13324,1.1357599999999999,False,99
154,1.1095,5.09076,False,99
155,1.00698,3.02821,False,99
156,1.01684,3.11203,False,99
157,1.01926,1.12358,False,99
158,1.021,3.11953,False,99
159,1.02359,3.02588,False,99
160,1.08934,3.14043,False,99
161,1.09756,3.05453,False,99
162,4.11571,4.07358,False,99
164,1.03694,7.07135,False,99
165,5.0984,1.11548,False,99
166,5.12209,5.07952,False,99
167,1.10425,1.07239,False,99
168,5.03543,1.0,False,99
169,5.0567,5.03345,False,99
173,1.08976,4.06573,False,99
175,1.07371,1.10933,False,99
176,1.07533,1.06495,False,99
177,1.11411,5.13211,False,99
178,4.00392,6.02249,False,99
179,1.14229,5.06486,False,99
180,2.02855,5.01264,False,99
181,3.07604,5.1116,False,99
182,1.12643,5.00873,False,99
183,1.1092,5.1339500000000005,False,99
184,1.07024,7.14463,False,99
185,1.14707,5.14199,False,99
186,1.11906,7.07667,False,99
188,1.0022,5.10399,False,99
189,4.06661,6.09028,False,99
190,3.07615,3.09474,False,99
191,1.09777,5.14076,False,99
192,1.12162,5.09027,False,99
193,6.11981,5.06424,False,99
194,1.12535,5.0486,False,99
195,1.11292,3.13623,False,99
197,1.01052,5.12661,False,99
198,1.1396600000000001,5.0416,False,99
199,3.02381,5.01552,False,99
200,1.14189,1.1301700000000001,False,99
201,1.11823,1.13003,False,99
202,7.06526,7.11825,False,99
203,4.02025,5.0728,False,99
204,1.1161699999999999,5.13079,False,99
206,1.00036,5.086,False,99
207,1.12298,3.12379,False,99
208,1.0474,1.1134,False,99
209,3.01434,3.03452,False,99
210,3.00816,3.13847,False,99
211,3.04076,3.00538,False,99
212,1.08574,1.0883099999999999,False,99
213,1.09126,3.05006,False,99
216,1.11696,6.05159,False,99
217,1.13875,4.01979,False,99
218,1.09868,5.07551,False,99
219,1.13097,5.11407,False,99
222,1.08899,3.10028,False,99
225,4.04809,3.13253,False,99
226,1.07819,5.00702,False,99
227,4.08267,7.07918,False,99
229,3.12433,4.03131,False,99
230,3.04194,3.10056,False,99
233,1.01364,5.13393,False,99
234,3.03058,5.0789,False,99
235,3.05484,5.12469,False,99
236,1.12764,1.05683,False,99
237,1.13805,1.14593,False,99
242,1.03622,4.13133,False,99
243,1.1209500000000001,1.14439,False,99
251,4.06954,4.09364,False,99
252,1.14006,3.0998,False,99
253,1.01804,5.13585,False,99
254,1.05901,1.1424400000000001,False,99
255,1.03776,3.0045,False,99
256,1.01645,5.13888,False,99
257,1.0411299999999999,5.07166,False,99
258,1.05856,3.06847,False,99
259,1.04256,1.12021,False,99
260,1.03246,1.0950199999999999,False,99
262,1.00779,6.14304,False,99
263,1.07383,1.13654,False,99
264,1.1074,4.04759,False,99
265,1.14419,1.11216,False,99
270,3.03405,1.13929,False,99
271,1.07087,3.04855,False,99
272,1.13983,1.13307,False,99
273,1.12904,1.13392,False,99
274,1.08586,1.12564,False,99
275,3.08747,1.11454,False,99
280,1.00509,1.13592,False,99
289,1.08203,4.10799,False,99
290,1.09468,1.12057,False,99
291,1.13996,1.13608,False,99
292,1.11212,1.11903,False,99
293,5.0247,5.13674,False,99
294,5.02713,5.10741,False,99
295,5.01868,6.07228,False,99
296,5.01691,5.00212,False,99
297,1.12917,5.11298,False,99
298,1.00441,5.14383,False,99
299,1.07994,4.0206,False,99
300,1.08368,5.14075,False,99
301,1.00806,3.13827,False,99
302,1.01346,5.12698,False,99
303,3.12006,3.13154,False,99
308,1.00461,6.0553,False,99
317,1.03039,5.12444,False,99
318,1.09146,6.04436,False,99
319,1.03927,5.06203,False,99
320,1.04511,5.08909,False,99
321,1.00395,4.09934,False,99
322,1.03503,3.11524,False,99
323,1.01386,3.02766,False,99
324,1.0305,3.01153,False,99
325,1.06825,5.09636,False,99
326,1.04482,3.0694,False,99
328,1.08168,3.07762,False,99
329,1.13747,6.04952,False,99
330,1.08955,5.12581,False,99
331,1.05953,5.11659,False,99
332,1.10824,5.04939,False,99
333,3.03835,5.07205,False,99
334,1.11036,1.14169,False,99
335,1.10402,5.01529,False,99
336,1.0826500000000001,5.1111,False,99
337,1.10467,5.0757,False,99
339,1.12523,5.05803,False,99
340,1.0,1.10044,True,99
341,1.0,5.1321,True,99
342,6.12037,1.13321,False,99
343,1.0,1.0,True,99
346,1.10633,5.05046,False,99
347,1.1371,6.1089,False,99
348,1.08972,5.03964,False,99
349,1.02267,5.01432,False,99
350,3.07116,4.115,False,99
351,1.12398,5.02015,False,99
352,1.12133,4.09326,False,99
353,4.04654,7.01464,False,99
354,4.1225,5.07878,False,99
355,1.07811,3.13303,False,99
357,1.0412,4.14063,False,99
358,1.09169,3.04969,False,99
359,1.12817,3.10445,False,99
361,1.05814,5.14469,False,99
363,5.05952,5.05727,False,99
364,5.08786,5.05305,False,99
365,1.14632,3.14479,False,99
366,1.11178,1.1084,False,99
367,5.01756,5.14266,False,99
370,1.11365,3.1431,False,99
371,1.1459,4.09141,False,99
372,1.13872,6.01526,False,99
373,1.12788,1.1298300000000001,False,99
374,1.03232,7.12582,False,99
375,1.08897,1.06975,False,99
376,1.12296,1.07424,False,99
377,1.0408,1.13206,False,99
378,3.10599,3.06139,False,99
379,3.13075,1.14257,False,99
380,4.09599,3.12238,False,99
381,1.07281,1.13811,False,99
383,1.06272,5.02568,False,99
384,1.13675,5.08031,False,99
385,1.01126,5.1385,False,99
386,1.02172,5.06776,False,99
387,1.00768,4.09231,False,99
388,1.00425,1.13435,False,99
389,1.0295,2.05688,False,99
390,1.01561,2.0401,False,99
391,1.00272,3.02831,False,99
394,1.0097,5.10325,False,99
395,5.00058,1.0778699999999999,False,99
396,5.07229,1.02933,False,99
397,5.03263,1.06523,False,99
398,5.116,3.08735,False,99
403,1.05847,4.08889,False,99
404,5.07854,4.09538,False,99
405,1.10764,1.00132,False,99
406,1.00217,1.10272,False,99
407,4.14457,3.10836,False,99
408,1.0,1.10234,True,99
412,5.00105,6.13971,False,99
413,5.00206,5.14238,False,99
414,5.03518,6.14029,False,99
415,5.0245,3.14581,False,99
416,3.07056,3.03512,False,99
417,1.13651,3.13083,False,99
418,5.09899,5.07866,False,99
419,3.05157,5.08793,False,99
420,3.01247,3.00022,False,99
421,3.14686,5.0466,False,99
422,3.10482,5.12792,False,99
423,1.13394,3.0082,False,99
425,1.02514,7.04922,False,99
426,1.0790899999999999,4.14356,False,99
427,1.06832,1.14687,False,99
428,3.07264,3.13692,False,99
429,3.09383,3.04856,False,99
1,1.0609,3.12992,False,100
3,1.10723,1.03342,False,100
5,1.06388,7.07598,False,100
6,1.0241,3.01761,False,100
7,1.01118,1.0,False,100
9,1.055,1.03923,False,100
10,1.02074,1.13561,False,100
11,1.10425,1.0,False,100
13,1.13996,1.13388,False,100
17,1.06854,3.1433,False,100
18,1.0635,1.08685,False,100
19,1.0,3.14082,True,100
21,1.07947,3.08742,False,100
22,1.13975,1.1407,False,100
25,1.06828,4.04565,False,100
29,1.00481,1.12558,False,100
30,1.1267800000000001,1.13646,False,100
69,1.00326,4.07917,False,100
70,3.02574,3.08042,False,100
71,1.0618,3.12786,False,100
72,3.09117,3.07462,False,100
73,3.00175,3.12543,False,100
74,3.08981,3.07045,False,100
75,4.03291,3.13997,False,100
76,1.13102,1.12344,False,100
77,3.06554,1.13994,False,100
78,1.0918,3.10741,False,100
79,1.11488,3.09023,False,100
82,1.02784,4.09488,False,100
83,1.00293,3.05601,False,100
84,3.02854,1.0,False,100
85,1.00014,1.0,False,100
86,1.0,4.07029,True,100
91,1.06619,1.11874,False,100
92,1.10043,3.02544,False,100
93,1.10583,3.03714,False,100
95,1.0382,1.13405,False,100
98,1.11427,5.07486,False,100
99,2.02892,5.07996,False,100
100,1.1138,6.10686,False,100
101,1.02394,3.1379,False,100
103,1.13782,5.01744,False,100
104,1.07346,5.01749,False,100
106,1.12804,5.04449,False,100
107,1.01316,6.05944,False,100
109,1.09631,4.03284,False,100
110,1.13233,3.13662,False,100
111,1.01682,3.11398,False,100
112,1.02973,2.002,False,100
113,1.06622,3.12953,False,100
114,1.02424,1.13355,False,100
115,1.0443500000000001,1.1354899999999999,False,100
116,1.01346,3.05612,False,100
117,1.01099,1.1467,False,100
118,1.01595,3.0776,False,100
120,1.00012,4.07508,False,100
121,1.00524,1.14115,False,100
122,1.01345,1.13717,False,100
123,1.00546,1.10357,False,100
124,1.02183,7.10008,False,100
125,5.02475,4.13729,False,100
126,5.09759,5.05906,False,100
127,1.10773,4.03408,False,100
128,1.00291,5.07982,False,100
129,1.08259,5.1461500000000004,False,100
130,5.14266,5.09191,False,100
131,1.0215,1.1217,False,100
133,1.00296,1.14694,False,100
134,1.00077,1.12837,False,100
135,1.03266,1.05373,False,100
136,1.069,1.12093,False,100
137,1.06,1.11236,False,100
139,1.0659,1.13551,False,100
140,1.03913,1.14547,False,100
141,1.09175,1.013,False,100
142,1.11829,1.03824,False,100
143,1.01505,1.12779,False,100
144,1.06178,1.10098,False,100
145,1.0,5.13622,True,100
146,1.0,1.0,True,100
147,1.0,1.05538,True,100
148,1.0,1.0,True,100
149,1.0,3.01529,True,100
150,5.13624,1.0,False,100
151,1.04807,1.0,False,100
153,1.12676,1.14654,False,100
154,1.09771,5.14491,False,100
155,1.00687,3.01385,False,100
156,1.0786,1.14462,False,100
157,1.03683,1.13756,False,100
158,1.03899,3.05505,False,100
159,1.05782,3.05437,False,100
160,1.05159,3.02689,False,100
161,1.05072,3.10748,False,100
162,4.13708,4.12162,False,100
164,1.00292,7.04112,False,100
165,5.01112,1.12335,False,100
166,5.11742,5.09416,False,100
167,1.125,1.09407,False,100
168,5.05484,1.0,False,100
169,5.13924,5.10536,False,100
173,1.08511,4.14445,False,100
175,1.06596,1.05918,False,100
176,1.05411,1.05084,False,100
177,1.12798,5.12564,False,100
178,4.03907,5.13727,False,100
179,1.1385,5.14658,False,100
180,2.14076,5.03892,False,100
181,3.08674,5.08936,False,100
182,1.13106,5.14075,False,100
183,1.12367,5.04375,False,100
184,1.13423,7.12268,False,100
185,1.13933,5.1301,False,100
186,1.0661,7.14274,False,100
188,1.00503,5.14207,False,100
189,4.10529,6.07115,False,100
190,1.13411,3.12605,False,100
191,1.10156,5.1339500000000005,False,100
192,1.07152,5.09179,False,100
193,6.01579,5.04969,False,100
194,1.10478,5.00332,False,100
195,1.13312,3.07368,False,100
197,1.0087,5.13287,False,100
198,1.13126,5.05752,False,100
199,3.04371,3.12601,False,100
200,1.11809,1.1047,False,100
201,1.13812,1.1452499999999999,False,100
202,7.02822,7.01907,False,100
203,4.11646,5.11217,False,100
204,1.07058,5.09431,False,100
206,1.00545,5.0358,False,100
207,1.11781,3.14588,False,100
208,1.04732,1.08115,False,100
209,3.00379,3.04716,False,100
210,3.01023,3.12391,False,100
211,3.05287,3.02223,False,100
212,1.08971,1.12009,False,100
213,1.06438,3.11214,False,100
216,1.11629,6.03974,False,100
217,1.13736,4.04622,False,100
218,1.12508,5.13691,False,100
219,1.12244,5.05029,False,100
222,1.09888,3.12599,False,100
225,4.06446,3.10229,False,100
226,1.08566,5.04408,False,100
227,4.0818200000000004,7.04641,False,100
229,3.13159,4.0277,False,100
230,3.06026,3.06696,False,100
233,1.0065,5.13753,False,100
234,3.01824,5.13424,False,100
235,3.0994,5.07428,False,100
236,1.13556,1.14429,False,100
237,1.12812,1.14228,False,100
242,1.01804,4.11287,False,100
243,1.14667,1.14696,False,100
251,4.07167,4.10034,False,100
252,1.12901,3.07492,False,100
253,1.01916,5.06395,False,100
254,1.00519,1.09079,False,100
255,1.01337,3.09703,False,100
256,1.04468,5.0881,False,100
257,1.03164,5.14731,False,100
258,1.00066,3.09313,False,100
259,3.0289,1.14624,False,100
260,1.01967,1.11174,False,100
262,1.00659,6.09345,False,100
263,1.0049,1.1464,False,100
264,1.0955300000000001,4.11423,False,100
265,1.14336,1.14192,False,100
270,3.07815,1.14345,False,100
271,1.10336,3.13236,False,100
272,1.10395,1.12614,False,100
273,1.12655,1.14352,False,100
274,1.10261,1.12472,False,100
275,3.05488,1.1294,False,100
280,1.03216,1.09493,False,100
289,1.07056,4.06712,False,100
290,1.11379,1.13944,False,100
291,1.13814,1.14143,False,100
292,1.09138,1.14581,False,100
293,5.0006,6.08346,False,100
294,5.02375,5.11645,False,100
295,5.0002,6.08857,False,100
296,5.01646,5.1008,False,100
297,1.14028,5.09492,False,100
298,1.02162,5.11595,False,100
299,1.0535,4.03486,False,100
300,1.10665,5.13821,False,100
301,1.10627,3.12699,False,100
302,1.02203,5.10333,False,100
303,1.1050200000000001,3.12562,False,100
308,1.00027,6.14324,False,100
317,1.0156,5.13462,False,100
318,1.09264,6.03336,False,100
319,1.02883,5.13608,False,100
320,1.00844,2.03587,False,100
321,1.05474,4.14211,False,100
322,1.06348,3.06459,False,100
323,1.01354,3.12068,False,100
324,1.00246,3.13149,False,100
325,1.03521,5.02527,False,100
326,1.0336,3.00626,False,100
328,1.04794,5.03861,False,100
329,2.05388,6.13179,False,100
330,1.07718,5.1376,False,100
331,1.06924,5.01294,False,100
332,1.09716,5.10949,False,100
333,3.10943,5.12887,False,100
334,1.1202,1.14018,False,100
335,1.09659,5.09481,False,100
336,1.06633,5.08759,False,100
337,1.11196,5.12702,False,100
339,1.06956,5.01686,False,100
340,1.0,1.08454,True,100
341,1.0,5.06437,True,100
342,6.01448,1.12288,False,100
343,1.0,1.0,True,100
346,1.08007,5.04393,False,100
347,1.10303,6.13397,False,100
348,1.07427,5.0368,False,100
349,1.00686,5.09415,False,100
350,3.00771,4.0744299999999996,False,100
351,1.11371,5.05666,False,100
352,1.09484,4.01442,False,100
353,4.01702,7.08629,False,100
354,4.13169,5.0562,False,100
355,1.04072,3.09131,False,100
357,1.05569,4.09125,False,100
358,1.0391,3.07465,False,100
359,1.13435,3.07782,False,100
361,1.09805,5.1443200000000004,False,100
363,5.08767,5.07552,False,100
364,5.11522,5.09155,False,100
365,1.0199,3.12703,False,100
366,1.11374,1.14031,False,100
367,5.09609,5.05563,False,100
370,1.10915,3.14089,False,100
371,1.13867,4.07403,False,100
372,1.14505,6.14441,False,100
373,1.13557,1.13744,False,100
374,1.00058,7.08698,False,100
375,1.11711,1.05899,False,100
376,1.12229,1.11188,False,100
377,1.07712,1.09883,False,100
378,3.0146,3.10248,False,100
379,3.00571,1.13965,False,100
380,4.03673,3.04733,False,100
381,1.06768,1.13459,False,100
383,1.08136,5.13528,False,100
384,1.12825,5.00263,False,100
385,1.00969,5.13915,False,100
386,1.00453,5.05651,False,100
387,1.043,4.139,False,100
388,1.0377,1.14493,False,100
389,1.02962,2.02868,False,100
390,1.00647,5.13573,False,100
391,1.03077,3.01157,False,100
394,1.00975,5.11835,False,100
395,5.00389,1.10302,False,100
396,5.02919,1.04751,False,100
397,5.02309,1.13122,False,100
398,5.11352,3.08912,False,100
403,1.08995,4.09,False,100
404,5.11132,4.09791,False,100
405,5.08533,1.0374,False,100
406,1.05043,1.14351,False,100
407,4.09295,3.14607,False,100
408,1.0,1.01542,True,100
412,5.00251,6.12494,False,100
413,5.00417,5.12358,False,100
414,5.00907,6.10162,False,100
415,5.00392,3.03664,False,100
416,3.1191,3.01093,False,100
417,1.13081,3.12088,False,100
418,5.08575,5.07801,False,100
419,3.10027,5.08545,False,100
420,3.14235,3.09217,False,100
421,3.10841,5.14489,False,100
422,3.1036,3.04321,False,100
423,1.12426,3.11849,False,100
425,1.0500099999999999,1.05025,False,100
426,1.09072,4.09061,False,100
427,1.11064,1.1416,False,100
428,3.14437,3.12224,False,100
429,3.08555,3.14513,False,100
