iter,program_id,not_filled,lower_cutoff,upper_cutoff
1,1,FALSE,3.04528,1.07023
1,3,FALSE,1.09603,1.09848
1,5,FALSE,7.01784,1.07577
1,6,FALSE,3.02089,1.0551
1,7,FALSE,1,1.00649
1,9,FALSE,1.09318,1.00243
1,10,FALSE,1.13413,1.05398
1,11,FALSE,1,1.10501
1,13,FALSE,1.10688,1.11623
1,17,FALSE,4.02802,1.0274
1,18,FALSE,1.05951,1.06205
1,19,TRUE,3.06253,1
1,21,FALSE,3.04945,1.10197
1,22,FALSE,1.1344,1.13927
1,25,FALSE,4.12744,1.04793
1,29,FALSE,1.13473,1.02248
1,30,FALSE,1.13963,1.13757
1,69,FALSE,4.13023,1.00176
1,70,FALSE,3.03258,3.00621
1,71,FALSE,1.08535,1.11171
1,72,FALSE,3.10772,3.07328
1,73,FALSE,3.1166,3.00891
1,74,FALSE,3.01245,3.03539
1,75,FALSE,3.12446,4.04192
1,76,FALSE,1.13657,1.14033
1,77,FALSE,1.1419,3.00147
1,78,FALSE,3.11953,1.09185
1,79,FALSE,3.06995,1.12311
1,82,FALSE,4.02735,1.09584
1,83,FALSE,3.02175,1.0864
1,84,FALSE,1,3.1432
1,85,TRUE,1.01445,1
1,86,TRUE,4.05358,1
1,91,FALSE,1.12568,1.03848
1,92,FALSE,3.01649,1.10043
1,93,FALSE,3.07591,1.12596
1,95,FALSE,1.12966,1.03997
1,98,FALSE,5.13448,1.11214
1,99,FALSE,5.14556,2.00238
1,100,FALSE,6.06321,1.1271
1,101,FALSE,3.11523,1.0427
1,103,FALSE,5.10546,1.13316
1,104,FALSE,5.07133,1.0728
1,106,FALSE,5.14685,1.07684
1,107,FALSE,6.08796,1.03851
1,109,FALSE,4.1059,1.1365
1,110,FALSE,3.09439,1.11056
1,111,FALSE,3.12805,1.03002
1,112,FALSE,2.03523,1.01336
1,113,FALSE,3.05124,1.0595
1,114,FALSE,1.11942,1.02037
1,115,FALSE,1.13961,1.05972
1,116,FALSE,3.06965,1.01454
1,117,FALSE,1.11444,1.06276
1,118,FALSE,3.12644,1.00644
1,120,FALSE,4.13791,1.00191
1,121,FALSE,1.1172,1.0025
1,122,FALSE,1.14675,1.00404
1,123,FALSE,1.13842,1.01564
1,124,FALSE,7.12948,1.0101
1,125,FALSE,4.13379,5.03701
1,126,FALSE,5.07917,5.08515
1,127,FALSE,4.08318,1.0687
1,128,FALSE,5.01161,1.03096
1,129,FALSE,5.01662,1.08023
1,130,FALSE,5.11981,5.1248
1,131,FALSE,1.11342,1.13582
1,133,FALSE,1.14638,1.00086
1,134,FALSE,1.11451,1.00046
1,135,FALSE,1.10307,1.12998
1,136,FALSE,1.13612,1.0658
1,137,TRUE,1.11015,1
1,139,FALSE,1.10855,1.0046
1,140,FALSE,1.14432,1.09263
1,141,FALSE,1.04607,1.02149
1,142,FALSE,1.13781,1.12595
1,143,FALSE,1.11118,1.02398
1,144,FALSE,1.13539,1.01743
1,145,FALSE,1,5.07622
1,146,TRUE,1,1
1,147,FALSE,1,1.04663
1,148,TRUE,1,1
1,149,TRUE,3.04996,1
1,150,FALSE,1,5.08358
1,151,TRUE,1.13595,1
1,153,FALSE,1.13937,1.14018
1,154,FALSE,5.06158,1.12762
1,155,FALSE,7.09007,1.0141
1,156,FALSE,1.14278,1.04889
1,157,FALSE,1.14253,1.0205
1,158,FALSE,3.04006,1.04298
1,159,FALSE,3.11375,1.02203
1,160,FALSE,3.11798,1.03021
1,161,FALSE,3.03463,1.01978
1,162,FALSE,4.02765,4.10585
1,164,FALSE,7.13822,1.04749
1,165,FALSE,1.11991,5.00047
1,166,FALSE,5.06428,5.11248
1,167,FALSE,1.0647,1.10778
1,168,FALSE,1,5.12724
1,169,FALSE,5.0852,5.12178
1,173,FALSE,4.01425,1.08376
1,175,FALSE,1.06189,1.07177
1,176,FALSE,1.02532,1.0612
1,177,FALSE,5.10775,1.09154
1,178,FALSE,5.12632,4.02234
1,179,FALSE,5.12769,1.14585
1,180,FALSE,5.08812,2.01382
1,181,FALSE,5.08811,3.03526
1,182,FALSE,5.01942,1.1462
1,183,FALSE,5.11954,1.11305
1,184,FALSE,7.05705,1.13798
1,185,FALSE,5.11464,1.12915
1,186,FALSE,7.07473,1.10047
1,188,FALSE,5.13536,1.00183
1,189,FALSE,6.12655,4.12935
1,190,FALSE,3.08777,3.03201
1,191,FALSE,5.12256,1.06433
1,192,FALSE,5.09895,1.12979
1,193,FALSE,5.10878,6.03966
1,194,FALSE,5.07627,1.13775
1,195,FALSE,3.07715,1.12822
1,197,FALSE,5.12493,1.01673
1,198,FALSE,5.05308,1.10923
1,199,FALSE,4.1102,3.02292
1,200,FALSE,1.13971,1.14697
1,201,FALSE,1.06091,1.11477
1,202,FALSE,7.06387,7.06874
1,203,FALSE,5.11828,4.10679
1,204,FALSE,5.12799,1.1256
1,206,FALSE,5.1225,1.00126
1,207,FALSE,3.04937,1.09323
1,208,FALSE,1.14209,1.04907
1,209,FALSE,3.11771,3.02074
1,210,FALSE,3.14469,3.04816
1,211,FALSE,3.02505,3.03262
1,212,FALSE,1.13133,1.12519
1,213,FALSE,3.06474,1.08322
1,216,FALSE,6.03679,1.11418
1,217,FALSE,4.0489,1.13997
1,218,FALSE,5.1303,1.12788
1,219,FALSE,5.04042,1.12887
1,222,FALSE,3.04833,1.11772
1,225,FALSE,3.06775,4.01449
1,226,FALSE,5.07788,1.09002
1,227,FALSE,7.09487,4.13586
1,229,FALSE,4.12583,3.10201
1,230,FALSE,3.10419,3.07635
1,233,FALSE,5.13716,1.00393
1,234,FALSE,5.12545,3.0633
1,235,FALSE,3.02028,3.06735
1,236,FALSE,1.13276,1.05424
1,237,FALSE,1.11889,1.07293
1,242,FALSE,4.14053,1.02249
1,243,FALSE,1.14679,1.07811
1,251,FALSE,4.08808,4.05215
1,252,FALSE,3.12196,1.13311
1,253,FALSE,5.08495,1.02007
1,254,FALSE,1.13839,1.01167
1,255,FALSE,3.02961,1.02494
1,256,FALSE,5.03794,1.02569
1,257,FALSE,5.08889,1.01322
1,258,FALSE,3.11731,1.09969
1,259,FALSE,1.14401,3.09123
1,260,FALSE,1.13606,1.03122
1,262,FALSE,6.12984,1.00158
1,263,FALSE,1.13525,1.05167
1,264,FALSE,4.0431,1.08968
1,265,FALSE,1.14522,1.1157
1,270,FALSE,1.14286,3.01786
1,271,FALSE,3.13351,1.08203
1,272,FALSE,1.10905,1.07061
1,273,FALSE,1.13292,1.08193
1,274,FALSE,1.14248,1.09192
1,275,FALSE,1.13454,3.01544
1,280,FALSE,1.10446,1.01638
1,289,FALSE,4.13478,1.04885
1,290,FALSE,1.1355,1.09621
1,291,FALSE,1.14407,1.14458
1,292,FALSE,1.13166,1.02262
1,293,FALSE,6.0971,5.0146
1,294,FALSE,5.13026,5.00251
1,295,FALSE,6.07435,5.0116
1,296,FALSE,5.05532,5.00667
1,297,FALSE,5.1218,1.12977
1,298,FALSE,5.09203,1.00593
1,299,FALSE,4.04659,1.09196
1,300,FALSE,5.02387,1.08845
1,301,FALSE,3.09835,1.01479
1,302,FALSE,5.04709,1.06126
1,303,FALSE,3.08752,1.03703
1,308,FALSE,6.10126,1.02242
1,317,FALSE,5.11417,1.02925
1,318,FALSE,6.14249,1.11602
1,319,FALSE,5.11257,1.07274
1,320,FALSE,5.09657,1.00026
1,321,FALSE,4.09038,1.03347
1,322,FALSE,3.10442,1.05256
1,323,FALSE,3.13476,1.01406
1,324,FALSE,3.09084,1.06279
1,325,FALSE,5.09611,1.04114
1,326,FALSE,3.10784,1.01547
1,328,FALSE,5.12064,1.07196
1,329,FALSE,6.02755,1.14199
1,330,FALSE,5.11959,1.08341
1,331,FALSE,5.0437,1.03451
1,332,FALSE,5.1316,1.11979
1,333,FALSE,5.11689,3.0905
1,334,FALSE,1.1383,1.10738
1,335,FALSE,5.10422,1.11924
1,336,FALSE,5.14074,1.06455
1,337,FALSE,5.08087,1.12803
1,339,FALSE,5.06056,1.07556
1,340,TRUE,1.04802,1
1,341,TRUE,5.09448,1
1,342,FALSE,1.10689,6.02564
1,343,TRUE,1,1
1,346,FALSE,5.05087,1.08475
1,347,FALSE,6.03309,1.10418
1,348,FALSE,5.06398,1.09927
1,349,FALSE,5.06748,1.00382
1,350,FALSE,4.02517,1.13594
1,351,FALSE,5.06499,1.14385
1,352,FALSE,4.0002,1.0962
1,353,FALSE,7.09145,4.09648
1,354,FALSE,5.10118,4.08754
1,355,FALSE,3.12022,1.03149
1,357,FALSE,4.13624,1.05593
1,358,FALSE,3.10758,1.08956
1,359,FALSE,3.06842,1.10956
1,361,FALSE,5.05733,1.11401
1,363,FALSE,5.06897,5.07959
1,364,FALSE,5.05813,5.06372
1,365,FALSE,3.0369,1.12356
1,366,FALSE,1.13824,1.12834
1,367,FALSE,5.11728,5.06467
1,370,FALSE,3.14079,1.10495
1,371,FALSE,3.09121,1.14152
1,372,FALSE,6.05413,1.14204
1,373,FALSE,1.14405,1.1292
1,374,FALSE,7.09844,1.00736
1,375,FALSE,3.03134,1.00988
1,376,FALSE,1.14482,1.11567
1,377,FALSE,1.01907,1.05356
1,378,FALSE,3.12083,3.05759
1,379,FALSE,1.0691,3.10834
1,380,FALSE,3.10583,4.09585
1,381,FALSE,1.08047,1.06799
1,383,FALSE,5.13869,1.0575
1,384,FALSE,5.13424,1.14539
1,385,FALSE,5.08027,1.00157
1,386,FALSE,5.08511,1.0657
1,387,FALSE,4.07158,1.01867
1,388,FALSE,1.12602,1.0113
1,389,FALSE,2.07204,1.01886
1,390,FALSE,2.05594,1.00466
1,391,FALSE,3.02939,1.0168
1,394,FALSE,5.09642,1.00141
1,395,FALSE,1.03116,5.05102
1,396,FALSE,1.10476,5.13786
1,397,FALSE,1.1275,5.00409
1,398,FALSE,3.05839,5.08737
1,403,FALSE,4.10234,1.03589
1,404,FALSE,4.08154,5.01403
1,405,FALSE,1.11362,5.08787
1,406,FALSE,1,1.07701
1,407,FALSE,3.04393,4.01561
1,408,TRUE,1.02361,1
1,412,FALSE,6.12594,5.00154
1,413,FALSE,5.02959,5.00076
1,414,FALSE,6.08054,5.0464
1,415,FALSE,3.06065,5.00482
1,416,FALSE,3.06114,3.09168
1,417,FALSE,3.04552,1.12475
1,418,FALSE,5.03225,5.07115
1,419,FALSE,5.1428,3.12439
1,420,FALSE,3.06575,3.0814
1,421,FALSE,5.13737,3.13139
1,422,FALSE,5.07179,1.14698
1,423,FALSE,3.08778,1.07965
1,425,FALSE,1.13029,1.10048
1,426,FALSE,4.12218,1.08776
1,427,FALSE,1.14331,1.06395
1,428,FALSE,3.07521,3.10632
1,429,FALSE,3.04545,3.1012
2,1,FALSE,3.04987,1.09502
2,3,FALSE,1.00575,1.05619
2,5,FALSE,7.09541,1.07
2,6,FALSE,3.04143,1.12668
2,7,FALSE,1,1.02469
2,9,FALSE,1.10206,1.00397
2,10,FALSE,1.10401,1.04884
2,11,FALSE,1,1.05275
2,13,FALSE,1.12835,1.13396
2,17,FALSE,4.10424,1.02742
2,18,FALSE,1.07891,1.04582
2,19,TRUE,3.09065,1
2,21,FALSE,3.14173,1.07368
2,22,FALSE,1.1435,1.13505
2,25,FALSE,4.00253,1.03395
2,29,FALSE,1.14447,1.01944
2,30,FALSE,1.14343,1.03871
2,69,FALSE,4.11815,1.00036
2,70,FALSE,3.13587,3.0116
2,71,FALSE,1.09565,1.10504
2,72,FALSE,3.10469,3.05381
2,73,FALSE,3.04199,3.011
2,74,FALSE,7.04128,3.01884
2,75,FALSE,3.13649,4.02926
2,76,FALSE,1.14549,1.14474
2,77,FALSE,1.14493,3.03866
2,78,FALSE,4.1387,1.09039
2,79,FALSE,3.14707,1.1155
2,82,FALSE,4.10216,1.06748
2,83,FALSE,1.09711,1.07821
2,84,FALSE,1,3.01749
2,85,FALSE,1,1.13646
2,86,TRUE,4.03414,1
2,91,FALSE,1.14619,1.07096
2,92,FALSE,1.1448,1.12766
2,93,FALSE,3.07492,1.12974
2,95,FALSE,1.13368,1.04035
2,98,FALSE,5.06405,1.09617
2,99,FALSE,5.03527,2.06486
2,100,FALSE,6.12819,1.11853
2,101,FALSE,3.09251,1.03831
2,103,FALSE,5.09423,1.12501
2,104,FALSE,5.09194,1.12556
2,106,FALSE,5.01162,1.14152
2,107,FALSE,6.09706,1.00466
2,109,FALSE,4.06109,1.1015
2,110,FALSE,3.11779,1.11551
2,111,FALSE,3.11174,1.01484
2,112,FALSE,2.14393,1.03503
2,113,FALSE,3.09799,1.0504
2,114,FALSE,1.13175,1.03722
2,115,FALSE,1.13609,1.11917
2,116,FALSE,3.10307,1.04331
2,117,FALSE,1.12725,1.09122
2,118,FALSE,3.08652,1.02799
2,120,FALSE,4.1167,1.00495
2,121,FALSE,1.13005,1.00376
2,122,FALSE,1.14463,1.00395
2,123,FALSE,1.07286,1.0005
2,124,FALSE,7.08805,1.03182
2,125,FALSE,4.13714,5.04306
2,126,FALSE,5.09869,5.1339
2,127,FALSE,4.12542,1.05551
2,128,FALSE,5.11308,1.02251
2,129,FALSE,5.10803,1.13178
2,130,FALSE,5.08413,5.14201
2,131,FALSE,1.1032,1.14199
2,133,FALSE,1.14573,1.01043
2,134,FALSE,1.14259,1.00867
2,135,FALSE,1.11595,1.03073
2,136,FALSE,1.12833,1.02368
2,137,TRUE,1.12072,1
2,139,FALSE,1.09802,1.01804
2,140,FALSE,1.07024,1.03629
2,141,FALSE,1.00147,1.11854
2,142,FALSE,1.1379,1.0859
2,143,FALSE,1.12849,1.03322
2,144,FALSE,1.0874,1.14172
2,145,FALSE,1,5.08212
2,146,TRUE,1,1
2,147,FALSE,1,1.05189
2,148,TRUE,1,1
2,149,TRUE,3.00703,1
2,150,FALSE,1,5.03999
2,151,FALSE,1,1.00377
2,153,FALSE,1.12884,1.12911
2,154,FALSE,5.07595,1.09233
2,155,FALSE,7.09021,1.00767
2,156,FALSE,1.14246,1.05809
2,157,FALSE,1.14614,1.00232
2,158,FALSE,3.12365,1.02662
2,159,FALSE,3.0686,1.09369
2,160,FALSE,3.09459,1.06587
2,161,FALSE,3.10006,1.05975
2,162,FALSE,4.14094,4.13876
2,164,FALSE,7.10906,1.01174
2,165,FALSE,1.12931,5.0561
2,166,FALSE,5.02243,5.03951
2,167,FALSE,1.03149,1.04713
2,168,FALSE,1,5.0522
2,169,FALSE,5.01237,5.0671
2,173,FALSE,4.05137,1.09612
2,175,FALSE,1.07592,1.0711
2,176,FALSE,1.0991,1.10103
2,177,FALSE,5.13765,1.10239
2,178,FALSE,6.14563,4.00519
2,179,FALSE,5.14151,1.14391
2,180,FALSE,5.05161,2.02728
2,181,FALSE,5.07892,3.08489
2,182,FALSE,5.04059,1.1236
2,183,FALSE,5.12795,1.08023
2,184,FALSE,7.06888,1.13409
2,185,FALSE,5.09547,1.1216
2,186,FALSE,7.02996,1.11083
2,188,FALSE,7.0239,1.01107
2,189,FALSE,6.08965,4.11468
2,190,FALSE,3.09882,1.09659
2,191,FALSE,5.12607,1.10955
2,192,FALSE,5.03709,1.12907
2,193,FALSE,5.09892,6.11784
2,194,FALSE,5.02409,1.11947
2,195,FALSE,3.11042,1.08666
2,197,FALSE,5.11803,1.01586
2,198,FALSE,5.00507,1.13826
2,199,FALSE,4.13773,1.13315
2,200,FALSE,1.13756,1.10571
2,201,FALSE,1.14019,1.09974
2,202,FALSE,7.10613,7.07155
2,203,FALSE,5.13082,4.04714
2,204,FALSE,5.10072,1.09095
2,206,FALSE,5.00434,1.00272
2,207,FALSE,3.10315,1.0891
2,208,FALSE,1.10079,1.04063
2,209,FALSE,3.05585,3.02572
2,210,FALSE,3.12121,3.08907
2,211,FALSE,3.01363,3.04588
2,212,FALSE,1.14126,1.08624
2,213,FALSE,3.10728,1.11897
2,216,FALSE,6.04118,1.10666
2,217,FALSE,4.00925,1.13136
2,218,FALSE,5.1419,1.10636
2,219,FALSE,5.14202,1.14714
2,222,FALSE,3.09874,1.07342
2,225,FALSE,3.12282,4.04437
2,226,FALSE,5.10156,1.09538
2,227,FALSE,7.09259,4.14014
2,229,FALSE,4.09685,3.10286
2,230,FALSE,3.09011,3.06282
2,233,FALSE,5.13526,1.009
2,234,FALSE,3.00934,3.10916
2,235,FALSE,5.07642,3.07868
2,236,FALSE,1.10398,1.05385
2,237,FALSE,1.0882,1.04866
2,242,FALSE,4.08113,1.01203
2,243,FALSE,1.12404,1.07348
2,251,FALSE,4.08824,4.04625
2,252,FALSE,3.1458,1.10751
2,253,FALSE,5.05252,1.00101
2,254,FALSE,1.14629,1.01934
2,255,FALSE,3.00208,1.04766
2,256,FALSE,5.1371,1.02134
2,257,FALSE,5.05138,1.0366
2,258,FALSE,3.1185,1.02753
2,259,FALSE,1.13728,1.05195
2,260,FALSE,1.07596,1.08365
2,262,FALSE,6.13383,1.01235
2,263,FALSE,1.14243,1.01918
2,264,FALSE,4.07449,1.11152
2,265,FALSE,1.13106,1.12639
2,270,FALSE,1.14378,3.02446
2,271,FALSE,3.14217,1.11256
2,272,FALSE,1.13528,1.09761
2,273,FALSE,1.12679,1.12243
2,274,FALSE,1.12023,1.08728
2,275,FALSE,1.13474,3.03742
2,280,FALSE,1.14532,1.02596
2,289,FALSE,4.02072,1.09216
2,290,FALSE,1.13907,1.09475
2,291,FALSE,1.14484,1.1474
2,292,FALSE,1.13098,1.06326
2,293,FALSE,5.14165,5.00295
2,294,FALSE,5.06116,5.00032
2,295,FALSE,6.05412,5.0122
2,296,FALSE,1.08653,5.04805
2,297,FALSE,5.10685,1.11764
2,298,FALSE,5.13764,1.02541
2,299,FALSE,4.0833,1.0887
2,300,FALSE,5.10815,1.05328
2,301,FALSE,3.13109,1.07035
2,302,FALSE,5.1113,1.04949
2,303,FALSE,3.14345,3.09643
2,308,FALSE,6.14428,1.00212
2,317,FALSE,5.06359,1.00359
2,318,FALSE,6.05221,1.10718
2,319,FALSE,5.14088,1.07252
2,320,FALSE,5.01913,1.0735
2,321,FALSE,4.06905,1.02865
2,322,FALSE,3.03138,1.01933
2,323,FALSE,3.03023,1.04027
2,324,FALSE,3.02592,1.03424
2,325,FALSE,5.00521,1.05011
2,326,FALSE,3.02765,1.04068
2,328,FALSE,5.11196,1.08259
2,329,FALSE,6.09747,1.12897
2,330,FALSE,5.13285,1.09174
2,331,FALSE,5.09309,1.06438
2,332,FALSE,5.12733,1.12577
2,333,FALSE,5.12872,3.14553
2,334,FALSE,1.10314,1.10288
2,335,FALSE,5.04983,1.07426
2,336,FALSE,5.14075,1.04054
2,337,FALSE,5.13822,1.13091
2,339,FALSE,5.08514,1.07304
2,340,TRUE,1.02213,1
2,341,TRUE,5.10117,1
2,342,FALSE,1.08077,6.03054
2,343,TRUE,1,1
2,346,FALSE,5.08091,1.07159
2,347,FALSE,6.13639,1.12984
2,348,FALSE,5.04518,1.11118
2,349,FALSE,5.05968,1.00847
2,350,FALSE,4.05158,1.13243
2,351,FALSE,5.00837,1.13303
2,352,FALSE,4.01654,1.05823
2,353,FALSE,7.078,4.00665
2,354,FALSE,5.02463,4.12647
2,355,FALSE,3.13761,1.07355
2,357,FALSE,4.13476,1.05718
2,358,FALSE,3.0095,1.06489
2,359,FALSE,3.06455,1.11686
2,361,FALSE,5.11008,1.09067
2,363,FALSE,5.07907,5.0812
2,364,FALSE,5.08484,5.11178
2,365,FALSE,3.02396,1.04456
2,366,FALSE,1.1261,1.14403
2,367,FALSE,5.14515,5.0687
2,370,FALSE,3.12925,1.10656
2,371,FALSE,3.05778,1.11816
2,372,FALSE,6.06068,1.14696
2,373,FALSE,1.14394,1.10287
2,374,FALSE,7.13567,1.00163
2,375,FALSE,1.14423,1.03409
2,376,FALSE,1.05054,1.13234
2,377,FALSE,1.07293,1.03552
2,378,FALSE,3.12228,3.10604
2,379,FALSE,1.06125,3.01771
2,380,FALSE,3.05431,4.08616
2,381,FALSE,1.08792,1.05419
2,383,FALSE,5.13681,1.08502
2,384,FALSE,5.11757,1.14455
2,385,FALSE,5.10277,1.00857
2,386,FALSE,5.0422,1.02093
2,387,FALSE,4.01197,1.00719
2,388,FALSE,1.14332,1.00105
2,389,FALSE,2.13359,1.09048
2,390,FALSE,2.14147,1.05117
2,391,FALSE,3.06453,1.00936
2,394,FALSE,5.10119,1.02698
2,395,FALSE,1.07764,5.05196
2,396,FALSE,1.14294,5.07998
2,397,FALSE,1.12069,5.10291
2,398,FALSE,3.06025,5.02618
2,403,FALSE,4.07199,1.07609
2,404,FALSE,4.1409,5.13117
2,405,FALSE,1.12485,5.07303
2,406,FALSE,1.00491,1.0386
2,407,FALSE,3.0169,4.05885
2,408,TRUE,1.14482,1
2,412,FALSE,6.04706,5.00123
2,413,FALSE,5.04981,5.01736
2,414,FALSE,6.0962,5.00201
2,415,FALSE,3.05725,5.00763
2,416,FALSE,3.11125,3.12029
2,417,FALSE,3.10621,1.11725
2,418,FALSE,5.04953,5.05979
2,419,FALSE,5.02007,3.08583
2,420,FALSE,3.04157,3.09097
2,421,FALSE,5.03957,3.03587
2,422,FALSE,5.08691,3.12135
2,423,FALSE,3.00063,1.10673
2,425,FALSE,1.14508,1.04928
2,426,FALSE,4.14059,1.08179
2,427,FALSE,1.13991,1.09677
2,428,FALSE,3.10121,3.11473
2,429,FALSE,3.13836,3.14025
3,1,FALSE,3.14432,1.0902
3,3,FALSE,1.01313,1.04373
3,5,FALSE,7.00601,1.04298
3,6,FALSE,3.10587,1.13918
3,7,FALSE,1,1.03901
3,9,FALSE,1.10835,1.00198
3,10,FALSE,1.10701,1.11067
3,11,FALSE,1,1.05319
3,13,FALSE,1.12103,1.04603
3,17,FALSE,3.02346,1.06268
3,18,FALSE,1.13474,1.04107
3,19,TRUE,3.10014,1
3,21,FALSE,4.00824,1.10588
3,22,FALSE,1.13637,1.14032
3,25,FALSE,4.12655,1.0109
3,29,FALSE,1.12487,1.02909
3,30,FALSE,1.11184,1.06241
3,69,FALSE,4.10047,1.00441
3,70,FALSE,3.04683,3.00827
3,71,FALSE,3.03288,1.06423
3,72,FALSE,3.13203,3.06858
3,73,FALSE,3.05424,3.00155
3,74,FALSE,7.04828,3.09606
3,75,FALSE,3.13795,4.03976
3,76,FALSE,3.00295,1.12735
3,77,FALSE,1.13228,3.00185
3,78,FALSE,3.13381,1.09829
3,79,FALSE,1.12932,1.13161
3,82,FALSE,4.13384,1.00606
3,83,FALSE,3.06498,1.02444
3,84,FALSE,1,3.01825
3,85,TRUE,1.09613,1
3,86,TRUE,4.00376,1
3,91,FALSE,1.14529,1.04766
3,92,FALSE,1.14627,1.09093
3,93,FALSE,3.03301,1.12955
3,95,FALSE,1.14493,1.05077
3,98,FALSE,5.08654,1.04315
3,99,FALSE,5.14173,2.002
3,100,FALSE,6.14604,1.11773
3,101,FALSE,3.11707,1.06076
3,103,FALSE,5.11037,1.12821
3,104,FALSE,5.02379,1.07731
3,106,FALSE,5.0859,1.11836
3,107,FALSE,6.08303,1.05428
3,109,FALSE,4.05581,1.12555
3,110,FALSE,3.10612,1.09145
3,111,FALSE,3.08138,1.00326
3,112,FALSE,2.01792,1.03089
3,113,FALSE,3.07498,1.11348
3,114,FALSE,1.13707,1.00516
3,115,FALSE,1.14556,1.11613
3,116,FALSE,3.07207,1.00437
3,117,FALSE,1.12986,1.07203
3,118,FALSE,3.13757,1.06141
3,120,FALSE,4.01764,1.01588
3,121,FALSE,1.14577,1.00116
3,122,FALSE,1.13448,1.00268
3,123,FALSE,1.09889,1.00497
3,124,FALSE,7.10189,1.01675
3,125,FALSE,4.08901,5.07347
3,126,FALSE,5.0347,5.03677
3,127,FALSE,4.11763,1.09231
3,128,FALSE,5.02127,1.03069
3,129,FALSE,5.13345,1.13801
3,130,FALSE,5.04459,5.13735
3,131,FALSE,1.11079,1.12197
3,133,FALSE,1.14268,1.00291
3,134,FALSE,1.09459,1.00491
3,135,FALSE,1.14613,1.00743
3,136,FALSE,1.12199,1.05358
3,137,FALSE,1.07334,1.1216
3,139,FALSE,1.0967,1.05825
3,140,FALSE,1.12654,1.04235
3,141,FALSE,1.05642,1.00069
3,142,FALSE,1.00156,1.10039
3,143,FALSE,1.11477,1.04914
3,144,FALSE,1.1465,4.05181
3,145,TRUE,5.07328,1
3,146,TRUE,1,1
3,147,FALSE,1,1.0067
3,148,TRUE,1,1
3,149,TRUE,3.07232,1
3,150,FALSE,1,5.02579
3,151,FALSE,1,1.03226
3,153,FALSE,1.13385,1.12846
3,154,FALSE,5.08196,1.07806
3,155,FALSE,3.08497,1.0081
3,156,FALSE,1.14601,1.09077
3,157,FALSE,1.1258,1.05369
3,158,FALSE,3.06881,1.13276
3,159,FALSE,3.07115,1.07962
3,160,FALSE,3.06937,1.06427
3,161,FALSE,3.08883,1.03183
3,162,FALSE,4.11414,4.11861
3,164,FALSE,7.02595,1.02463
3,165,FALSE,1.13627,5.04236
3,166,FALSE,5.08027,5.11794
3,167,FALSE,1.04741,1.09749
3,168,FALSE,1,5.09114
3,169,FALSE,5.05614,5.12422
3,173,FALSE,3.06129,1.08398
3,175,FALSE,1.03783,1.04073
3,176,FALSE,1.06386,1.09515
3,177,FALSE,5.11715,1.1009
3,178,FALSE,6.08963,4.00209
3,179,FALSE,5.12561,1.1404
3,180,FALSE,5.08973,2.03751
3,181,FALSE,5.09168,3.03517
3,182,FALSE,5.02847,1.14174
3,183,FALSE,5.06624,1.11695
3,184,FALSE,7.12252,1.11632
3,185,FALSE,5.11827,1.13878
3,186,FALSE,7.00513,1.11802
3,188,FALSE,5.10493,1.00725
3,189,FALSE,6.02271,4.14364
3,190,FALSE,3.05836,1.13399
3,191,FALSE,5.07997,1.05835
3,192,FALSE,5.06777,1.1056
3,193,FALSE,5.07041,6.11644
3,194,FALSE,5.05896,1.08957
3,195,FALSE,3.09907,1.11692
3,197,FALSE,5.13173,1.00321
3,198,FALSE,5.10718,1.10575
3,199,FALSE,5.04932,1.09923
3,200,FALSE,1.14073,1.14538
3,201,FALSE,1.13649,1.13164
3,202,FALSE,7.07255,7.02425
3,203,FALSE,5.06381,4.08716
3,204,FALSE,5.02233,1.09476
3,206,FALSE,5.007,1.01312
3,207,FALSE,3.11129,1.1393
3,208,FALSE,1.13372,1.08019
3,209,FALSE,3.14133,3.04568
3,210,FALSE,3.05962,3.03772
3,211,FALSE,3.0452,3.0643
3,212,FALSE,1.09356,1.0805
3,213,FALSE,3.0382,1.07079
3,216,FALSE,6.10523,1.10913
3,217,FALSE,4.13607,1.14349
3,218,FALSE,5.02212,1.09854
3,219,FALSE,5.01223,3.02448
3,222,FALSE,3.08925,1.09322
3,225,FALSE,3.13156,4.0375
3,226,FALSE,5.09878,1.09875
3,227,FALSE,7.08835,4.05568
3,229,FALSE,4.01667,3.1283
3,230,FALSE,3.11208,3.09117
3,233,FALSE,5.14286,1.032
3,234,FALSE,5.11605,3.03707
3,235,FALSE,3.02618,3.07416
3,236,FALSE,1.11258,1.06912
3,237,FALSE,1.10145,1.08053
3,242,FALSE,4.12379,1.03794
3,243,FALSE,1.10488,1.08661
3,251,FALSE,4.08422,4.06556
3,252,FALSE,3.09172,1.13423
3,253,FALSE,5.02806,1.01095
3,254,FALSE,1.08289,1.01997
3,255,FALSE,3.01782,1.01988
3,256,FALSE,5.08527,1.04201
3,257,FALSE,5.06567,1.09596
3,258,FALSE,3.04282,1.01519
3,259,FALSE,1.12556,1.06252
3,260,FALSE,1.0936,1.05419
3,262,FALSE,6.0989,1.00461
3,263,FALSE,1.14324,1.01011
3,264,FALSE,4.09711,1.13839
3,265,FALSE,1.12374,1.10031
3,270,FALSE,1.13488,3.01306
3,271,FALSE,3.08593,1.13457
3,272,FALSE,1.13668,1.11227
3,273,FALSE,1.14293,1.13534
3,274,FALSE,1.12328,1.08952
3,275,FALSE,1.14691,3.02102
3,280,FALSE,1.07148,1.02415
3,289,FALSE,4.12627,1.07134
3,290,FALSE,1.13147,1.08469
3,291,FALSE,1.14621,1.14402
3,292,FALSE,1.13119,1.11319
3,293,FALSE,5.1261,5.00892
3,294,FALSE,1.13379,5.02955
3,295,FALSE,6.09184,5.02528
3,296,FALSE,1.01844,5.02573
3,297,FALSE,5.07691,1.08199
3,298,FALSE,5.07703,1.03951
3,299,FALSE,4.02723,1.10177
3,300,FALSE,5.02311,1.03399
3,301,FALSE,3.10703,1.05308
3,302,FALSE,5.03703,1.05281
3,303,FALSE,3.13655,1.12475
3,308,FALSE,6.118,1.00289
3,317,FALSE,5.06495,1.00805
3,318,FALSE,6.02757,1.09795
3,319,FALSE,5.13449,1.0586
3,320,FALSE,2.13022,1.09839
3,321,FALSE,4.03724,1.02482
3,322,FALSE,3.11691,1.03415
3,323,FALSE,3.13283,1.00851
3,324,FALSE,3.01415,1.04925
3,325,FALSE,5.07923,1.05339
3,326,FALSE,3.12053,1.01943
3,328,FALSE,5.12718,1.0755
3,329,FALSE,6.1329,1.14631
3,330,FALSE,5.14197,1.07904
3,331,FALSE,5.11003,1.05137
3,332,FALSE,5.13875,1.14643
3,333,FALSE,5.03361,3.10981
3,334,FALSE,1.14477,1.10606
3,335,FALSE,5.08676,1.09683
3,336,FALSE,5.10897,1.02097
3,337,FALSE,5.06329,1.07229
3,339,FALSE,5.03118,1.02403
3,340,TRUE,1.12178,1
3,341,TRUE,5.09777,1
3,342,FALSE,1.01332,6.04174
3,343,TRUE,1,1
3,346,FALSE,5.05943,1.1227
3,347,FALSE,6.0377,1.13074
3,348,FALSE,5.12768,1.10136
3,349,FALSE,5.05463,1.00406
3,350,FALSE,4.11327,1.14722
3,351,FALSE,5.06478,1.14694
3,352,FALSE,4.09518,1.12449
3,353,FALSE,7.0685,4.13426
3,354,FALSE,5.01555,4.134
3,355,FALSE,3.12855,1.04638
3,357,FALSE,4.09261,1.04993
3,358,FALSE,3.05207,1.08796
3,359,FALSE,3.03581,1.13348
3,361,FALSE,5.13398,1.07446
3,363,FALSE,5.05956,5.064
3,364,FALSE,5.07994,5.09457
3,365,FALSE,3.04122,1.02252
3,366,FALSE,1.13636,1.09724
3,367,FALSE,5.12098,5.03039
3,370,FALSE,3.14396,1.1031
3,371,FALSE,3.06982,1.14074
3,372,FALSE,6.11541,1.12913
3,373,FALSE,1.13117,1.13149
3,374,FALSE,7.11956,1.00092
3,375,FALSE,1.00186,1.08896
3,376,FALSE,1.09528,1.08982
3,377,FALSE,1.00065,1.11494
3,378,FALSE,3.08405,3.06197
3,379,FALSE,1.14498,3.10187
3,380,FALSE,3.0439,4.08967
3,381,FALSE,1.12936,1.07644
3,383,FALSE,5.07038,1.03773
3,384,FALSE,5.01381,1.13186
3,385,FALSE,5.12009,1.0087
3,386,FALSE,5.12364,1.01105
3,387,FALSE,4.09894,1.03076
3,388,FALSE,1.12516,1.0142
3,389,FALSE,2.08401,1.02014
3,390,FALSE,5.14227,1.04094
3,391,FALSE,3.08628,1.05701
3,394,FALSE,5.05724,1.00004
3,395,FALSE,1.14069,5.04608
3,396,FALSE,1.02541,5.04867
3,397,FALSE,1.03806,5.08372
3,398,FALSE,3.09178,5.02828
3,403,FALSE,4.00739,1.08783
3,404,FALSE,4.06496,5.11995
3,405,FALSE,1.05772,5.13898
3,406,FALSE,1,1.00476
3,407,FALSE,3.05449,4.14409
3,408,TRUE,1.00982,1
3,412,FALSE,5.14726,5.00316
3,413,FALSE,5.09075,5.00184
3,414,FALSE,6.11146,5.00348
3,415,FALSE,3.1262,5.001
3,416,FALSE,3.06671,3.10685
3,417,FALSE,3.11595,1.14155
3,418,FALSE,5.05529,5.07778
3,419,FALSE,5.07186,3.1346
3,420,FALSE,3.04714,3.07392
3,421,FALSE,5.0893,3.13914
3,422,FALSE,3.04949,3.1472
3,423,FALSE,3.12726,1.11159
3,425,FALSE,7.09331,1.01594
3,426,FALSE,4.11961,1.09004
3,427,FALSE,1.13886,1.07992
3,428,FALSE,3.0751,3.09725
3,429,FALSE,3.01895,3.0449
4,1,FALSE,3.03346,1.08021
4,3,FALSE,1.07506,1.00052
4,5,FALSE,7.11749,1.05677
4,6,FALSE,3.00816,1.08826
4,7,FALSE,1,1.00482
4,9,FALSE,1.12968,1.02198
4,10,FALSE,1.12943,1.00956
4,11,FALSE,1,1.05566
4,13,FALSE,1.1447,1.10863
4,17,FALSE,3.09387,1.03894
4,18,FALSE,1.07339,1.07744
4,19,TRUE,3.00457,1
4,21,FALSE,3.0227,1.07447
4,22,FALSE,1.14025,1.13489
4,25,FALSE,4.06976,1.04281
4,29,FALSE,1.12498,1.01146
4,30,FALSE,1.14388,1.0495
4,69,FALSE,4.10229,1.00211
4,70,FALSE,3.14236,3.0176
4,71,FALSE,1.13492,1.10558
4,72,FALSE,3.08244,3.02768
4,73,FALSE,3.14194,3.02249
4,74,FALSE,7.03529,3.02106
4,75,FALSE,3.14267,4.08416
4,76,FALSE,3.08701,1.14348
4,77,FALSE,1.1425,3.02508
4,78,FALSE,3.01983,1.09753
4,79,FALSE,3.14095,1.13149
4,82,FALSE,4.07763,1.05281
4,83,FALSE,3.13253,1.13135
4,84,FALSE,1,3.02866
4,85,TRUE,1.10255,1
4,86,TRUE,4.04397,1
4,91,FALSE,1.13256,1.03854
4,92,FALSE,3.07818,1.10828
4,93,FALSE,3.14169,1.1272
4,95,FALSE,1.14488,1.06104
4,98,FALSE,5.01417,1.06112
4,99,FALSE,5.06255,2.02592
4,100,FALSE,6.03754,1.12622
4,101,FALSE,3.14451,1.05121
4,103,FALSE,5.10245,1.14395
4,104,FALSE,5.0968,1.09697
4,106,FALSE,5.06009,1.13622
4,107,FALSE,6.09879,1.0021
4,109,FALSE,4.05378,1.11582
4,110,FALSE,3.13682,1.11883
4,111,FALSE,3.12252,1.00277
4,112,FALSE,2.03814,1.00179
4,113,FALSE,3.13046,1.10882
4,114,FALSE,1.14133,1.00507
4,115,FALSE,1.14702,1.01446
4,116,FALSE,3.03755,1.07026
4,117,FALSE,1.14599,1.07255
4,118,FALSE,3.03629,1.01177
4,120,FALSE,4.07562,1.00505
4,121,FALSE,1.13247,1.00103
4,122,FALSE,1.13797,1.00173
4,123,FALSE,1.14183,1.0004
4,124,FALSE,7.05285,1.04687
4,125,FALSE,4.14445,5.01217
4,126,FALSE,5.03824,5.09081
4,127,FALSE,4.03263,1.08212
4,128,FALSE,5.14521,1.06938
4,129,FALSE,5.12134,1.1405
4,130,FALSE,5.0816,5.14534
4,131,FALSE,1.09188,1.02143
4,133,FALSE,1.13701,1.00337
4,134,FALSE,1.12812,1.00292
4,135,FALSE,1.12494,1.10004
4,136,FALSE,1.09383,1.0206
4,137,FALSE,1.1411,1.0202
4,139,FALSE,1.08362,1.10813
4,140,FALSE,1.11873,1.03023
4,141,FALSE,1.10797,1.12219
4,142,FALSE,1.11871,1.11039
4,143,FALSE,1.08828,1.01764
4,144,FALSE,1.12352,1.03211
4,145,FALSE,1,5.12092
4,146,TRUE,1,1
4,147,FALSE,1,1.13391
4,148,TRUE,1,1
4,149,TRUE,3.05943,1
4,150,FALSE,1,5.10156
4,151,TRUE,1.0426,1
4,153,FALSE,1.14235,1.12223
4,154,FALSE,5.07567,1.08162
4,155,FALSE,1.14036,1.06595
4,156,FALSE,1.13214,1.10568
4,157,FALSE,1.13971,1.01377
4,158,FALSE,3.00731,1.09246
4,159,FALSE,3.00752,1.00187
4,160,FALSE,3.02298,1.05812
4,161,FALSE,3.02758,1.12262
4,162,FALSE,4.09498,4.08061
4,164,FALSE,7.01946,1.01236
4,165,FALSE,1.14392,5.01348
4,166,FALSE,5.04663,5.08727
4,167,FALSE,1.05021,1.06651
4,168,FALSE,1,5.07043
4,169,FALSE,5.07903,5.10405
4,173,FALSE,4.03055,1.09559
4,175,FALSE,1.05437,1.07046
4,176,FALSE,1.13775,1.05114
4,177,FALSE,5.12634,1.11149
4,178,FALSE,5.14404,4.00295
4,179,FALSE,5.12003,1.14179
4,180,FALSE,5.13853,2.03162
4,181,FALSE,5.10563,3.08932
4,182,FALSE,5.01618,1.14611
4,183,FALSE,5.09059,1.13828
4,184,FALSE,7.12672,1.12041
4,185,FALSE,5.13488,1.13783
4,186,FALSE,7.05647,1.12324
4,188,FALSE,5.11586,1.01688
4,189,FALSE,6.11463,4.12566
4,190,FALSE,3.02435,3.04512
4,191,FALSE,5.11074,1.12646
4,192,FALSE,5.06584,1.0409
4,193,FALSE,5.05474,6.01249
4,194,FALSE,5.03432,1.12955
4,195,FALSE,3.06146,1.13225
4,197,FALSE,5.01709,1.00287
4,198,FALSE,5.04236,1.11504
4,199,FALSE,5.07159,1.13207
4,200,FALSE,1.13118,1.13128
4,201,FALSE,1.12192,1.07551
4,202,FALSE,7.12099,7.05596
4,203,FALSE,5.08352,4.04772
4,204,FALSE,5.09961,1.13699
4,206,FALSE,5.03359,1.01088
4,207,FALSE,3.04267,1.12048
4,208,FALSE,1.12876,1.06431
4,209,FALSE,3.02574,3.01401
4,210,FALSE,3.00786,3.05199
4,211,FALSE,3.11975,3.12532
4,212,FALSE,1.12383,1.08731
4,213,FALSE,3.02802,1.04504
4,216,FALSE,6.08358,1.12275
4,217,FALSE,4.03316,1.13663
4,218,FALSE,5.11365,1.12535
4,219,FALSE,5.11492,1.13218
4,222,FALSE,3.12241,1.11442
4,225,FALSE,3.14688,4.04727
4,226,FALSE,5.02778,1.08321
4,227,FALSE,7.01238,4.10737
4,229,FALSE,4.14351,3.11498
4,230,FALSE,3.08938,3.09021
4,233,FALSE,5.12731,1.04879
4,234,FALSE,5.10242,3.01179
4,235,FALSE,5.12462,3.01246
4,236,FALSE,1.12408,1.05662
4,237,FALSE,1.14146,1.08715
4,242,FALSE,4.14601,1.00657
4,243,FALSE,1.11278,1.10543
4,251,FALSE,4.11778,4.06579
4,252,FALSE,3.1094,1.14242
4,253,FALSE,5.0903,1.0212
4,254,FALSE,1,1.01997
4,255,FALSE,3.08736,1.1126
4,256,FALSE,5.10796,1.00743
4,257,FALSE,5.05636,1.01248
4,258,FALSE,3.0777,1.05431
4,259,FALSE,1.11082,3.04209
4,260,FALSE,1.12303,1.00855
4,262,FALSE,6.1013,1.01148
4,263,FALSE,1.14357,1.0113
4,264,FALSE,4.03295,1.14176
4,265,FALSE,1.14636,1.13541
4,270,FALSE,1.14284,3.02274
4,271,FALSE,3.07521,1.06734
4,272,FALSE,1.14579,1.13795
4,273,FALSE,1.13464,1.12763
4,274,FALSE,1.13103,1.06866
4,275,FALSE,1.10439,3.06247
4,280,FALSE,1.12833,1.0463
4,289,FALSE,4.04269,1.08376
4,290,FALSE,1.14229,1.12236
4,291,FALSE,1.13262,1.13284
4,292,FALSE,1.14002,1.10942
4,293,FALSE,5.11366,5.01609
4,294,FALSE,5.14093,5.00216
4,295,FALSE,6.12695,5.01981
4,296,FALSE,5.03931,5.00997
4,297,FALSE,5.1314,1.14246
4,298,FALSE,5.06432,1.01987
4,299,FALSE,4.0096,1.11501
4,300,FALSE,5.06554,1.06419
4,301,FALSE,3.1143,1.05103
4,302,FALSE,5.05076,1.02667
4,303,FALSE,3.11237,1.12447
4,308,FALSE,6.00898,1.00366
4,317,FALSE,5.02324,1.00172
4,318,FALSE,6.11183,1.09521
4,319,FALSE,5.13628,1.04014
4,320,FALSE,5.13208,1.00579
4,321,FALSE,4.08689,1.02617
4,322,FALSE,3.14226,1.01607
4,323,FALSE,3.12941,1.00312
4,324,FALSE,3.00803,1.00691
4,325,FALSE,5.01403,1.05271
4,326,FALSE,3.1174,1.00294
4,328,FALSE,5.07642,1.07454
4,329,FALSE,6.01867,1.11672
4,330,FALSE,5.11809,1.1117
4,331,FALSE,3.14596,1.05701
4,332,FALSE,5.12166,1.06796
4,333,FALSE,5.07501,3.13171
4,334,FALSE,1.14325,1.11814
4,335,FALSE,5.13283,1.10361
4,336,FALSE,5.05663,1.06469
4,337,FALSE,5.04045,1.12198
4,339,FALSE,5.06333,1.01239
4,340,TRUE,1.04811,1
4,341,TRUE,5.06609,1
4,342,FALSE,1.13737,6.06482
4,343,TRUE,1,1
4,346,FALSE,5.10205,1.09631
4,347,FALSE,6.03276,1.09749
4,348,FALSE,5.07471,1.0344
4,349,FALSE,5.12651,1.05805
4,350,FALSE,4.14731,3.0735
4,351,FALSE,5.02025,1.14418
4,352,FALSE,4.03422,1.11151
4,353,FALSE,7.03711,4.11247
4,354,FALSE,5.13776,4.13537
4,355,FALSE,3.14107,1.04381
4,357,FALSE,4.12357,1.05491
4,358,FALSE,3.03996,1.051
4,359,FALSE,3.00683,1.12131
4,361,FALSE,5.05129,1.09216
4,363,FALSE,5.10948,5.13134
4,364,FALSE,5.06188,5.08241
4,365,FALSE,3.03551,1.08166
4,366,FALSE,1.13961,1.10025
4,367,FALSE,5.03966,5.04535
4,370,FALSE,3.1421,1.09894
4,371,FALSE,4.08035,1.1464
4,372,FALSE,6.04116,1.14727
4,373,FALSE,1.1294,1.07649
4,374,FALSE,7.0069,1.00759
4,375,FALSE,3.12838,1.07828
4,376,FALSE,1.04895,1.12071
4,377,FALSE,1.08978,1.00638
4,378,FALSE,3.14694,3.03498
4,379,FALSE,1.07762,3.13341
4,380,FALSE,3.01663,4.04581
4,381,FALSE,1.13801,1.11439
4,383,FALSE,5.12791,1.01203
4,384,FALSE,5.09604,1.141
4,385,FALSE,5.13944,1.00446
4,386,FALSE,5.12877,1.0208
4,387,FALSE,4.0744,1.00404
4,388,FALSE,1.14712,1.0433
4,389,FALSE,2.07446,1.0418
4,390,FALSE,2.03546,1.02966
4,391,FALSE,3.11155,1.02572
4,394,FALSE,5.11337,1.01285
4,395,FALSE,1.04248,5.0975
4,396,FALSE,1.1459,5.1316
4,397,FALSE,1.10721,5.07999
4,398,FALSE,3.08946,5.06373
4,403,FALSE,4.07639,1.04919
4,404,FALSE,4.07365,5.0254
4,405,FALSE,1.05168,5.10855
4,406,FALSE,1.07992,1.0395
4,407,FALSE,3.0151,4.04661
4,408,TRUE,1.11099,1
4,412,FALSE,6.13343,5.00038
4,413,FALSE,5.13059,5.0044
4,414,FALSE,6.05429,5.02235
4,415,FALSE,3.07253,5.00598
4,416,FALSE,3.03707,3.04367
4,417,FALSE,3.07789,1.12641
4,418,FALSE,5.05402,5.07833
4,419,FALSE,3.08937,4.08886
4,420,FALSE,3.00779,3.02682
4,421,FALSE,5.07872,3.12056
4,422,FALSE,5.08842,3.01189
4,423,FALSE,3.13864,1.11712
4,425,FALSE,1.146,1.0377
4,426,FALSE,4.06961,1.07585
4,427,FALSE,1.13948,1.06004
4,428,FALSE,3.05373,3.09348
4,429,FALSE,3.09612,3.08975
5,1,FALSE,3.07075,1.1156
5,3,FALSE,1.0101,1.02507
5,5,FALSE,7.04917,1.05284
5,6,FALSE,3.00175,1.01511
5,7,FALSE,1,1.01456
5,9,FALSE,1.10304,1.03517
5,10,FALSE,1.08764,1.01469
5,11,FALSE,1,1.00772
5,13,FALSE,1.13421,1.13259
5,17,FALSE,3.09797,1.04859
5,18,FALSE,1.14192,1.06184
5,19,TRUE,3.05768,1
5,21,FALSE,4.02821,1.10539
5,22,FALSE,1.14458,1.13945
5,25,FALSE,4.12204,1.02057
5,29,FALSE,1.1448,1.00253
5,30,FALSE,1.1108,1.05019
5,69,FALSE,4.06146,1.01011
5,70,FALSE,3.14138,3.02455
5,71,FALSE,3.08091,1.05259
5,72,FALSE,3.02467,3.01675
5,73,FALSE,3.14389,3.01145
5,74,FALSE,3.0257,3.03058
5,75,FALSE,3.13109,4.05567
5,76,FALSE,3.00821,1.12575
5,77,FALSE,1.14549,3.01471
5,78,FALSE,3.02967,1.08953
5,79,FALSE,3.10789,1.13014
5,82,FALSE,4.11041,1.02147
5,83,FALSE,3.0311,1.05208
5,84,FALSE,1,3.14434
5,85,FALSE,1,1.10875
5,86,TRUE,4.01114,1
5,91,FALSE,1.13226,1.04979
5,92,FALSE,3.03406,1.10824
5,93,FALSE,3.05947,1.12815
5,95,FALSE,1.12859,1.02673
5,98,FALSE,5.01904,1.0696
5,99,FALSE,5.14597,2.00955
5,100,FALSE,6.08504,1.12022
5,101,FALSE,3.13765,1.06431
5,103,FALSE,5.06141,1.12453
5,104,FALSE,5.14307,1.13473
5,106,FALSE,5.08932,1.02783
5,107,FALSE,6.13001,1.01133
5,109,FALSE,4.02761,1.10177
5,110,FALSE,3.1184,1.09096
5,111,FALSE,3.05261,1.01381
5,112,FALSE,2.10031,1.00345
5,113,FALSE,3.09957,1.10856
5,114,FALSE,1.14425,1.02439
5,115,FALSE,1.10082,1.1277
5,116,FALSE,3.10219,1.00793
5,117,FALSE,1.14533,1.07369
5,118,FALSE,3.00426,1.04484
5,120,FALSE,4.10068,1.0007
5,121,FALSE,1.12099,1.00658
5,122,FALSE,1.14433,1.00289
5,123,FALSE,1.13341,1.01932
5,124,FALSE,7.01408,1.02179
5,125,FALSE,4.12835,5.01987
5,126,FALSE,5.14352,5.10983
5,127,FALSE,4.00814,1.08505
5,128,FALSE,5.01393,1.10586
5,129,FALSE,5.04197,1.11873
5,130,FALSE,5.05856,5.13746
5,131,FALSE,1.1203,1.1162
5,133,FALSE,1.14483,1.01999
5,134,FALSE,1.11569,1.00291
5,135,FALSE,1.13934,1.03271
5,136,FALSE,1.09577,1.00538
5,137,FALSE,1.00871,1.00006
5,139,FALSE,1.12228,1.00684
5,140,FALSE,1.13626,1.0293
5,141,FALSE,1.14489,1.05138
5,142,FALSE,1.13403,1.10175
5,143,FALSE,1.14172,1.0166
5,144,FALSE,1.14414,1.04617
5,145,FALSE,1,5.12568
5,146,TRUE,1,1
5,147,FALSE,1,1.1414
5,148,TRUE,1,1
5,149,TRUE,3.01924,1
5,150,FALSE,1,5.09698
5,151,FALSE,1,1.00533
5,153,FALSE,1.13224,1.11011
5,154,FALSE,5.12196,1.08656
5,155,FALSE,7.10598,1.0165
5,156,FALSE,1.09962,1.09939
5,157,FALSE,1.13834,1.00405
5,158,FALSE,3.03191,1.02843
5,159,FALSE,3.06359,1.00382
5,160,FALSE,3.02169,1.05927
5,161,FALSE,3.01741,1.05597
5,162,FALSE,4.08755,4.09287
5,164,FALSE,7.03596,1.05622
5,165,FALSE,1.08734,5.11334
5,166,FALSE,5.07901,5.10463
5,167,FALSE,1.01111,1.12326
5,168,FALSE,1,5.10514
5,169,FALSE,5.06829,5.08782
5,173,FALSE,3.06839,1.08052
5,175,FALSE,1.02945,1.04731
5,176,FALSE,1.10655,1.10054
5,177,FALSE,5.14466,1.12591
5,178,FALSE,6.04808,4.00595
5,179,FALSE,5.11532,1.13708
5,180,FALSE,5.04747,2.01098
5,181,FALSE,5.05206,3.09075
5,182,FALSE,5.02543,1.1401
5,183,FALSE,5.13199,1.1083
5,184,FALSE,7.00711,1.13475
5,185,FALSE,5.13162,1.12357
5,186,FALSE,7.13766,1.09713
5,188,FALSE,5.14068,1.0033
5,189,FALSE,6.04529,4.07732
5,190,FALSE,3.01148,3.0416
5,191,FALSE,5.10032,1.11309
5,192,FALSE,5.13999,1.11163
5,193,FALSE,5.08282,6.01288
5,194,FALSE,5.03742,1.13023
5,195,FALSE,3.13637,1.13445
5,197,FALSE,5.1301,1.00178
5,198,FALSE,5.07053,1.12481
5,199,FALSE,3.13053,3.05891
5,200,FALSE,1.14161,1.1366
5,201,FALSE,1.14388,1.04291
5,202,FALSE,7.0753,7.08314
5,203,FALSE,5.1468,1.14628
5,204,FALSE,5.10965,1.06084
5,206,FALSE,5.09088,1.00461
5,207,FALSE,3.05991,1.1283
5,208,FALSE,1.14381,1.03589
5,209,FALSE,3.13104,3.00051
5,210,FALSE,3.14057,3.00146
5,211,FALSE,3.03166,3.0817
5,212,FALSE,1.13851,1.09133
5,213,FALSE,3.02073,1.09356
5,216,FALSE,6.11017,1.10359
5,217,FALSE,4.06586,1.13651
5,218,FALSE,5.13393,1.11471
5,219,FALSE,5.12401,3.01783
5,222,FALSE,3.04996,1.0999
5,225,FALSE,3.12302,4.06294
5,226,FALSE,5.00765,1.08684
5,227,FALSE,7.04952,4.09932
5,229,FALSE,4.13669,3.10669
5,230,FALSE,3.08983,3.08756
5,233,FALSE,5.14502,1.02445
5,234,FALSE,5.06773,3.0055
5,235,FALSE,3.00162,3.00251
5,236,FALSE,1.05159,1.1423
5,237,FALSE,1.02299,1.02538
5,242,FALSE,4.04093,1.00387
5,243,FALSE,1.06694,1.13786
5,251,FALSE,4.11397,4.14153
5,252,FALSE,3.11343,1.12895
5,253,FALSE,5.05014,1.03301
5,254,FALSE,1.09012,1.00517
5,255,FALSE,3.02065,1.06626
5,256,FALSE,5.13554,1.02109
5,257,FALSE,5.13468,1.01343
5,258,FALSE,3.09731,1.00576
5,259,FALSE,1.1175,3.1116
5,260,FALSE,1.11768,1.00831
5,262,FALSE,6.05595,1.00279
5,263,FALSE,1.14087,1.02718
5,264,FALSE,4.08301,1.11975
5,265,FALSE,1.12817,1.14577
5,270,FALSE,1.143,3.01688
5,271,FALSE,3.12883,1.13744
5,272,FALSE,1.14372,1.13926
5,273,FALSE,1.12893,1.10935
5,274,FALSE,1.14165,1.09643
5,275,FALSE,1.11431,3.00598
5,280,FALSE,1.1145,1.01551
5,289,FALSE,4.12175,1.05544
5,290,FALSE,1.12884,1.11382
5,291,FALSE,1.144,1.14689
5,292,FALSE,1.1363,1.11541
5,293,FALSE,6.06893,5.0003
5,294,FALSE,5.1105,5.00622
5,295,FALSE,6.04414,5.04081
5,296,FALSE,1.07909,5.04724
5,297,FALSE,5.04677,1.0808
5,298,FALSE,5.12797,1.03927
5,299,FALSE,4.01502,1.05342
5,300,FALSE,5.00455,1.03283
5,301,FALSE,3.08031,1.09517
5,302,FALSE,5.10728,1.05481
5,303,FALSE,3.09999,3.08291
5,308,FALSE,6.12114,1.00403
5,317,FALSE,5.09028,1.0126
5,318,FALSE,6.04545,1.08736
5,319,FALSE,5.08705,1.06674
5,320,FALSE,2.07373,1.07614
5,321,FALSE,4.13619,1.04606
5,322,FALSE,3.00532,1.07432
5,323,FALSE,3.05059,1.01883
5,324,FALSE,3.14035,1.01003
5,325,FALSE,5.01154,1.02888
5,326,FALSE,3.11036,1.00319
5,328,FALSE,3.12042,1.10422
5,329,FALSE,6.07487,2.13702
5,330,FALSE,5.11761,1.09971
5,331,FALSE,5.00012,1.03637
5,332,FALSE,5.11048,1.13225
5,333,FALSE,5.08391,3.1245
5,334,FALSE,1.13622,1.11076
5,335,FALSE,5.10919,1.09593
5,336,FALSE,5.14558,1.11694
5,337,FALSE,5.12924,1.11701
5,339,FALSE,5.0399,1.04875
5,340,TRUE,1.11954,1
5,341,TRUE,5.09445,1
5,342,FALSE,1.08727,6.10266
5,343,TRUE,1,1
5,346,FALSE,3.0098,1.12104
5,347,FALSE,6.06879,1.13132
5,348,FALSE,5.05611,1.08613
5,349,FALSE,5.13034,1.01375
5,350,FALSE,4.02785,1.13164
5,351,FALSE,5.11031,1.14061
5,352,FALSE,4.01528,1.13242
5,353,FALSE,7.12464,4.08561
5,354,FALSE,5.05177,4.0936
5,355,FALSE,3.1241,1.07293
5,357,FALSE,4.07641,1.06673
5,358,FALSE,3.03049,1.08745
5,359,FALSE,3.06833,1.12754
5,361,FALSE,5.12828,1.09277
5,363,FALSE,5.08372,5.09657
5,364,FALSE,5.03167,5.10226
5,365,FALSE,3.14506,1.0158
5,366,FALSE,1.14252,1.07285
5,367,FALSE,5.1114,5.04103
5,370,FALSE,3.13964,1.11315
5,371,FALSE,4.07342,1.14464
5,372,FALSE,6.0488,1.14424
5,373,FALSE,1.13775,1.12719
5,374,FALSE,7.11667,1.01272
5,375,FALSE,3.07089,1.10636
5,376,FALSE,1.0662,1.08353
5,377,FALSE,1.05728,1.13656
5,378,FALSE,3.13073,3.06666
5,379,FALSE,1.14163,3.02992
5,380,FALSE,3.08891,4.0174
5,381,FALSE,1.14422,1.07708
5,383,FALSE,5.10388,1.04919
5,384,FALSE,5.09523,1.14645
5,385,FALSE,5.13906,1.01803
5,386,FALSE,5.09101,1.00249
5,387,FALSE,4.051,1.02062
5,388,FALSE,1.1422,1.01572
5,389,FALSE,2.03505,1.01635
5,390,FALSE,2.00063,1.03069
5,391,FALSE,3.14144,1.01127
5,394,FALSE,5.14688,1.00378
5,395,FALSE,1.10977,5.03165
5,396,FALSE,1.00523,5.06048
5,397,FALSE,1.14435,5.03792
5,398,FALSE,3.089,5.10373
5,403,FALSE,4.0216,1.09609
5,404,FALSE,4.11832,5.13514
5,405,FALSE,1.14358,5.01247
5,406,FALSE,1,1.07782
5,407,FALSE,3.09066,4.08077
5,408,TRUE,1.01072,1
5,412,FALSE,6.11072,5.00165
5,413,FALSE,5.06572,5.00493
5,414,FALSE,6.13044,5.00843
5,415,FALSE,3.12845,5.01346
5,416,FALSE,3.0914,3.1346
5,417,FALSE,3.12866,1.11283
5,418,FALSE,5.04723,5.05091
5,419,FALSE,5.03096,3.08608
5,420,FALSE,3.09189,3.09516
5,421,FALSE,5.03446,3.12589
5,422,FALSE,5.14542,3.01425
5,423,FALSE,3.1042,1.12399
5,425,FALSE,7.07931,1.04748
5,426,FALSE,4.11437,1.08271
5,427,FALSE,4.06529,1.09143
5,428,FALSE,3.14355,3.1197
5,429,FALSE,3.00264,3.01167
6,1,FALSE,3.0678,1.06517
6,3,FALSE,1.03746,1.09307
6,5,FALSE,7.00697,1.03071
6,6,FALSE,3.02088,1.07945
6,7,FALSE,1,1.03497
6,9,FALSE,1.13554,1.00683
6,10,FALSE,1.12325,1.06207
6,11,FALSE,1,1.00908
6,13,FALSE,1.14376,1.13158
6,17,FALSE,3.08126,1.04722
6,18,FALSE,1.09722,1.10113
6,19,TRUE,3.12622,1
6,21,FALSE,3.03742,1.1018
6,22,FALSE,1.14425,1.13822
6,25,FALSE,4.00508,1.053
6,29,FALSE,1.14428,1.0092
6,30,FALSE,1.146,1.06952
6,69,FALSE,4.1268,1.00003
6,70,FALSE,3.02852,3.02597
6,71,FALSE,1.13195,1.10715
6,72,FALSE,3.1381,3.08243
6,73,FALSE,3.03078,3.02877
6,74,FALSE,3.07205,3.07706
6,75,FALSE,3.13768,4.14531
6,76,FALSE,3.04558,1.13252
6,77,FALSE,1.14326,3.00159
6,78,FALSE,3.12073,1.10352
6,79,FALSE,3.09633,1.12861
6,82,FALSE,4.08497,1.03857
6,83,FALSE,3.14289,1.05408
6,84,FALSE,1,3.13224
6,85,TRUE,1.08527,1
6,86,TRUE,4.07001,1
6,91,FALSE,1.13862,1.06116
6,92,FALSE,1.14427,1.11495
6,93,FALSE,3.08933,1.12177
6,95,FALSE,1.14399,1.0204
6,98,FALSE,5.10905,1.11252
6,99,FALSE,5.05451,2.02385
6,100,FALSE,6.05075,1.11864
6,101,FALSE,3.12753,1.08538
6,103,FALSE,5.0881,1.14412
6,104,FALSE,5.03502,1.10679
6,106,FALSE,5.01204,1.03615
6,107,FALSE,6.11109,1.03402
6,109,FALSE,4.02937,1.11665
6,110,FALSE,3.06912,1.12377
6,111,FALSE,3.06529,1.02576
6,112,FALSE,2.13159,1.02496
6,113,FALSE,3.03754,1.08859
6,114,FALSE,1.13854,1.00079
6,115,FALSE,1.13579,1.0299
6,116,FALSE,3.07394,1.03623
6,117,FALSE,1.10301,1.03677
6,118,FALSE,3.09724,1.05508
6,120,FALSE,4.09383,1.00137
6,121,FALSE,1.12364,1.00009
6,122,FALSE,1.14616,1.00167
6,123,FALSE,1.12436,1.00941
6,124,FALSE,7.12485,1.02084
6,125,FALSE,4.10417,5.01521
6,126,FALSE,5.05356,5.05936
6,127,FALSE,4.04287,1.07099
6,128,FALSE,5.09545,1.02303
6,129,FALSE,5.06881,1.14287
6,130,FALSE,5.116,5.14037
6,131,FALSE,1.13893,1.03599
6,133,FALSE,1.14477,1.01646
6,134,FALSE,1.08269,1.00393
6,135,FALSE,1.12412,1.0205
6,136,FALSE,1.08373,1.08034
6,137,FALSE,1.12852,1.1388
6,139,FALSE,1.09039,1.01536
6,140,FALSE,1.12116,1.05861
6,141,FALSE,1.08176,1.08133
6,142,FALSE,1.05476,1.00518
6,143,FALSE,1.13402,1.04633
6,144,FALSE,1.12216,1.12854
6,145,FALSE,1,5.11777
6,146,TRUE,1,1
6,147,FALSE,1,1.09754
6,148,TRUE,1,1
6,149,TRUE,3.05236,1
6,150,FALSE,1,5.00254
6,151,TRUE,1.09167,1
6,153,FALSE,1.13922,1.1398
6,154,FALSE,5.08228,1.096
6,155,FALSE,3.11056,1.02265
6,156,FALSE,3.13274,1.06038
6,157,FALSE,1.12785,1.01229
6,158,FALSE,3.02715,1.09989
6,159,FALSE,3.03297,1.11646
6,160,FALSE,3.10324,1.02785
6,161,FALSE,3.0666,1.06272
6,162,FALSE,4.10633,4.10296
6,164,FALSE,7.10405,1.02012
6,165,FALSE,1.06612,5.11814
6,166,FALSE,5.12589,5.13676
6,167,FALSE,1.02952,1.1102
6,168,FALSE,1,5.13743
6,169,FALSE,5.09038,5.13704
6,173,FALSE,3.11975,1.09481
6,175,FALSE,1.13121,1.08857
6,176,FALSE,1.03036,1.112
6,177,FALSE,5.12235,1.13311
6,178,FALSE,6.0622,4.0103
6,179,FALSE,5.12586,1.13925
6,180,FALSE,5.10395,2.12429
6,181,FALSE,5.14595,3.07679
6,182,FALSE,5.13506,1.14719
6,183,FALSE,5.11473,1.09901
6,184,FALSE,7.03389,1.12001
6,185,FALSE,5.05899,1.14263
6,186,FALSE,7.06339,1.10785
6,188,FALSE,5.09302,1.00595
6,189,FALSE,6.05622,4.10544
6,190,FALSE,3.05746,1.14014
6,191,FALSE,5.10124,1.03729
6,192,FALSE,5.09401,1.10354
6,193,FALSE,5.06698,6.12376
6,194,FALSE,5.10182,1.13915
6,195,FALSE,3.03681,1.1333
6,197,FALSE,5.13472,1.01257
6,198,FALSE,5.03903,1.12898
6,199,FALSE,4.00499,1.12801
6,200,FALSE,1.12569,1.12853
6,201,FALSE,1.09841,1.12262
6,202,FALSE,7.03882,7.05431
6,203,FALSE,5.09933,4.07157
6,204,FALSE,5.06987,1.11834
6,206,FALSE,5.07929,1.00044
6,207,FALSE,3.05419,1.11559
6,208,FALSE,1.14737,1.04923
6,209,FALSE,3.03751,3.04432
6,210,FALSE,3.13183,3.00097
6,211,FALSE,3.00907,3.08137
6,212,FALSE,1.14693,1.06932
6,213,FALSE,3.05863,1.09867
6,216,FALSE,6.064,1.11206
6,217,FALSE,4.06104,1.13984
6,218,FALSE,5.13375,1.12715
6,219,FALSE,5.07625,1.14643
6,222,FALSE,3.14312,1.11891
6,225,FALSE,3.14127,4.08776
6,226,FALSE,5.14205,1.09528
6,227,FALSE,7.03734,4.05184
6,229,FALSE,4.04043,3.10459
6,230,FALSE,3.0969,3.06828
6,233,FALSE,5.14626,1.07637
6,234,FALSE,5.05907,3.04289
6,235,FALSE,5.1459,3.00231
6,236,FALSE,1.07118,1.10984
6,237,FALSE,1.12722,1.07248
6,242,FALSE,4.14613,1.03105
6,243,FALSE,1.07868,1.09014
6,251,FALSE,4.14711,4.10977
6,252,FALSE,3.04057,1.14276
6,253,FALSE,5.0709,1.00937
6,254,FALSE,1.12945,1.02768
6,255,FALSE,3.08142,1.0245
6,256,FALSE,5.10893,1.0161
6,257,FALSE,5.04279,1.04783
6,258,FALSE,3.06039,1.06172
6,259,FALSE,1.14121,3.03115
6,260,FALSE,1.07167,1.11892
6,262,FALSE,6.09435,1.00294
6,263,FALSE,1.13392,1.01996
6,264,FALSE,4.13277,1.11394
6,265,FALSE,1.11014,1.12642
6,270,FALSE,1.12713,3.01558
6,271,FALSE,3.09551,1.14129
6,272,FALSE,1.0988,1.10038
6,273,FALSE,1.1307,1.1405
6,274,FALSE,1.12901,1.09699
6,275,FALSE,1.13828,3.05333
6,280,FALSE,1.10368,1.00933
6,289,FALSE,4.13798,1.09131
6,290,FALSE,1.14032,1.11287
6,291,FALSE,1.14105,1.14492
6,292,FALSE,1.14534,1.10907
6,293,FALSE,6.13653,5.00232
6,294,FALSE,5.09498,5.01596
6,295,FALSE,6.1349,5.07076
6,296,FALSE,1.13094,5.01832
6,297,FALSE,5.10551,1.08868
6,298,FALSE,5.11505,1.0003
6,299,FALSE,4.10135,1.07442
6,300,FALSE,5.02178,1.06538
6,301,FALSE,3.04773,1.072
6,302,FALSE,5.13928,1.04598
6,303,FALSE,3.12031,1.03861
6,308,FALSE,6.11711,1.00314
6,317,FALSE,5.03954,1.00011
6,318,FALSE,6.05752,1.12647
6,319,FALSE,5.1254,1.07449
6,320,FALSE,5.11406,1.04449
6,321,FALSE,4.00181,1.09788
6,322,FALSE,3.02517,1.05477
6,323,FALSE,3.01182,1.01171
6,324,FALSE,3.04197,1.04136
6,325,FALSE,5.03991,1.07278
6,326,FALSE,3.05391,1.00716
6,328,FALSE,5.05081,1.08997
6,329,FALSE,6.0931,1.13536
6,330,FALSE,5.14258,1.10926
6,331,FALSE,3.10067,1.07025
6,332,FALSE,5.14213,1.13936
6,333,FALSE,5.11089,3.11276
6,334,FALSE,1.14648,1.08203
6,335,FALSE,5.14232,1.12593
6,336,FALSE,5.14698,1.09232
6,337,FALSE,5.14743,1.10802
6,339,FALSE,5.14372,1.07056
6,340,TRUE,1.09813,1
6,341,TRUE,5.08031,1
6,342,FALSE,1.09058,6.11023
6,343,TRUE,1,1
6,346,FALSE,5.0081,1.09694
6,347,FALSE,6.07263,1.11786
6,348,FALSE,5.04771,1.07402
6,349,FALSE,5.14714,1.00631
6,350,FALSE,4.04601,1.12475
6,351,FALSE,5.01783,1.14545
6,352,FALSE,4.05522,1.09977
6,353,FALSE,7.09794,4.05665
6,354,FALSE,5.0594,4.09749
6,355,FALSE,3.12883,1.06045
6,357,FALSE,4.14172,1.05253
6,358,FALSE,3.00864,1.10287
6,359,FALSE,3.02657,1.13369
6,361,FALSE,5.12343,1.09533
6,363,FALSE,5.10973,5.11724
6,364,FALSE,5.07053,5.10304
6,365,FALSE,3.12596,1.00496
6,366,FALSE,1.10364,1.11191
6,367,FALSE,5.07692,5.04486
6,370,FALSE,3.13045,1.08841
6,371,FALSE,4.03895,1.14336
6,372,FALSE,6.01153,1.14738
6,373,FALSE,1.12823,1.11771
6,374,FALSE,7.06567,1.00248
6,375,FALSE,3.02692,1.03127
6,376,FALSE,1.13726,1.10475
6,377,FALSE,1.04126,1.14573
6,378,FALSE,3.12424,3.13068
6,379,FALSE,1.14262,3.09104
6,380,FALSE,3.05453,4.06162
6,381,FALSE,1.13071,1.12658
6,383,FALSE,5.1204,1.04242
6,384,FALSE,5.11736,1.11722
6,385,FALSE,5.14403,1.01093
6,386,FALSE,5.08808,1.04021
6,387,FALSE,4.08768,1.10303
6,388,FALSE,1.14125,1.00145
6,389,FALSE,2.0999,1.03102
6,390,FALSE,5.09664,1.01267
6,391,FALSE,3.04075,1.01124
6,394,FALSE,5.12957,1.00612
6,395,FALSE,1.14647,5.01841
6,396,FALSE,1.06473,5.0357
6,397,FALSE,1.05468,5.08572
6,398,FALSE,3.10616,5.09047
6,403,FALSE,4.1164,1.07038
6,404,FALSE,4.14539,5.13521
6,405,FALSE,1.12735,5.00007
6,406,FALSE,1,1.02428
6,407,FALSE,3.14054,4.1222
6,408,TRUE,1.09721,1
6,412,FALSE,6.09862,5.00035
6,413,FALSE,5.0281,5.00807
6,414,FALSE,6.10685,5.00082
6,415,FALSE,3.0923,5.00494
6,416,FALSE,3.04226,3.12488
6,417,FALSE,3.03671,1.14126
6,418,FALSE,5.08758,5.09311
6,419,FALSE,5.09618,3.11967
6,420,FALSE,3.04896,3.09676
6,421,FALSE,5.04989,3.12827
6,422,FALSE,3.07467,3.10052
6,423,FALSE,3.11425,1.10668
6,425,FALSE,7.06977,1.01713
6,426,FALSE,4.13093,1.08455
6,427,FALSE,1.14691,1.08308
6,428,FALSE,3.13725,3.07224
6,429,FALSE,3.08405,3.02006
7,1,FALSE,3.07402,1.06802
7,3,FALSE,1.05316,1.06069
7,5,FALSE,7.09541,1.0534
7,6,FALSE,3.04955,1.05274
7,7,FALSE,1,1.00012
7,9,FALSE,1.14702,1.00006
7,10,FALSE,1.122,1.10923
7,11,FALSE,1,1.08612
7,13,FALSE,1.12089,1.13042
7,17,FALSE,3.12197,1.05526
7,18,FALSE,1.08722,1.06651
7,19,TRUE,3.09007,1
7,21,FALSE,3.03953,1.07536
7,22,FALSE,1.14211,1.13316
7,25,FALSE,4.02531,1.02771
7,29,FALSE,1.13146,1.0042
7,30,FALSE,1.14351,1.05852
7,69,FALSE,4.10331,1.00105
7,70,FALSE,3.03208,3.02416
7,71,FALSE,3.07575,1.08247
7,72,FALSE,3.12226,3.07816
7,73,FALSE,3.09903,3.00974
7,74,FALSE,3.05289,3.07282
7,75,FALSE,3.13545,4.01111
7,76,FALSE,3.12441,1.12318
7,77,FALSE,1.14478,3.01413
7,78,FALSE,4.05624,1.09723
7,79,FALSE,3.07938,1.12609
7,82,FALSE,4.10893,1.05219
7,83,FALSE,3.03554,1.0051
7,84,FALSE,1,3.10423
7,85,FALSE,1,1.00474
7,86,TRUE,4.01595,1
7,91,FALSE,1.13752,1.03473
7,92,FALSE,1.14347,1.10361
7,93,FALSE,3.10842,1.12192
7,95,FALSE,1.14614,1.04108
7,98,FALSE,5.13279,1.09319
7,99,FALSE,5.0687,2.00632
7,100,FALSE,6.0174,1.11367
7,101,FALSE,3.10789,1.00124
7,103,FALSE,5.04153,1.13943
7,104,FALSE,5.0466,1.12972
7,106,FALSE,5.0814,1.11035
7,107,FALSE,6.09834,1.02004
7,109,FALSE,4.09447,1.10654
7,110,FALSE,3.05031,1.10746
7,111,FALSE,3.12966,1.0243
7,112,FALSE,2.08064,1.04183
7,113,FALSE,3.1431,1.10716
7,114,FALSE,1.13434,1.00906
7,115,FALSE,1.13621,1.12168
7,116,FALSE,3.05243,1.04086
7,117,FALSE,1.13729,1.06894
7,118,FALSE,3.06692,1.06476
7,120,FALSE,4.05419,1.01447
7,121,FALSE,1.14561,1.01004
7,122,FALSE,1.14531,1.00191
7,123,FALSE,1.11323,1.00168
7,124,FALSE,7.10347,1.04855
7,125,FALSE,4.1007,5.01679
7,126,FALSE,5.0402,5.11376
7,127,FALSE,4.01583,1.06957
7,128,FALSE,5.03174,1.01074
7,129,FALSE,5.06594,1.13933
7,130,FALSE,5.07917,5.1264
7,131,FALSE,1.1196,1.02053
7,133,FALSE,1.14729,1.01254
7,134,FALSE,1.12313,1.02841
7,135,FALSE,1.13508,1.05254
7,136,FALSE,1.09751,1.10761
7,137,FALSE,1.02636,1.00857
7,139,FALSE,1.08962,1.0315
7,140,FALSE,1.14453,1.04599
7,141,FALSE,1.04739,1.12333
7,142,FALSE,1.06308,1.08113
7,143,FALSE,1.1337,1.00818
7,144,FALSE,6.06418,4.04747
7,145,TRUE,5.02543,1
7,146,TRUE,1,1
7,147,FALSE,1,1.1299
7,148,TRUE,1,1
7,149,TRUE,3.04367,1
7,150,FALSE,1,5.14254
7,151,TRUE,1.02399,1
7,153,FALSE,1.14117,1.14222
7,154,FALSE,5.14604,1.10983
7,155,FALSE,7.06228,1.01085
7,156,FALSE,1.11667,1.09738
7,157,FALSE,1.1345,1.01237
7,158,FALSE,3.03489,1.00003
7,159,FALSE,3.10631,1.02567
7,160,FALSE,3.10543,1.02421
7,161,FALSE,3.03042,1.13928
7,162,FALSE,4.10168,4.08138
7,164,FALSE,7.0138,1.02425
7,165,FALSE,1.09487,5.11427
7,166,FALSE,5.08148,5.11698
7,167,FALSE,1.03381,1.13228
7,168,FALSE,1,5.0397
7,169,FALSE,5.06339,5.07743
7,173,FALSE,4.12494,1.08126
7,175,FALSE,1.05737,1.06281
7,176,FALSE,1.00152,1.10026
7,177,FALSE,5.06168,1.09681
7,178,FALSE,6.10739,4.00593
7,179,FALSE,5.13013,1.13697
7,180,FALSE,5.07943,2.05331
7,181,FALSE,5.10888,3.12656
7,182,FALSE,5.11535,1.1376
7,183,FALSE,5.11132,1.10749
7,184,FALSE,7.04553,1.07406
7,185,FALSE,5.11191,1.14084
7,186,FALSE,7.00849,1.12154
7,188,FALSE,5.14447,1.00156
7,189,FALSE,6.09826,4.13375
7,190,FALSE,3.05081,1.14696
7,191,FALSE,5.14111,1.07032
7,192,FALSE,5.05792,1.10539
7,193,FALSE,5.13916,6.11673
7,194,FALSE,5.08299,1.07193
7,195,FALSE,3.03057,1.12749
7,197,FALSE,5.14234,1.00171
7,198,FALSE,5.10418,1.12045
7,199,FALSE,5.03319,1.06362
7,200,FALSE,1.13994,1.13559
7,201,FALSE,1.14545,1.14608
7,202,FALSE,7.02654,7.03089
7,203,FALSE,5.08595,4.14242
7,204,FALSE,5.12195,1.03772
7,206,FALSE,5.06104,1.00994
7,207,FALSE,3.01764,1.13431
7,208,FALSE,1.1432,1.02665
7,209,FALSE,3.11432,3.00201
7,210,FALSE,3.05742,3.03236
7,211,FALSE,3.03329,3.03684
7,212,FALSE,1.09548,1.03134
7,213,FALSE,3.08577,1.09902
7,216,FALSE,6.14105,1.11082
7,217,FALSE,4.00441,1.14436
7,218,FALSE,5.08944,1.10573
7,219,FALSE,5.05631,3.10271
7,222,FALSE,3.02203,1.10869
7,225,FALSE,3.13385,4.11595
7,226,FALSE,5.14513,1.09964
7,227,FALSE,7.11365,4.07567
7,229,FALSE,4.13149,3.07169
7,230,FALSE,4.07223,3.09798
7,233,FALSE,5.14207,1.02741
7,234,FALSE,5.06332,3.04068
7,235,FALSE,5.02856,3.0079
7,236,FALSE,1.07489,1.12434
7,237,FALSE,1.12748,1.0812
7,242,FALSE,4.05008,1.00063
7,243,FALSE,1.12643,1.09475
7,251,FALSE,4.09729,4.10812
7,252,FALSE,3.12447,1.14405
7,253,FALSE,5.06722,1.01145
7,254,FALSE,1.00742,1.00729
7,255,FALSE,3.13487,1.09359
7,256,FALSE,5.04438,1.00749
7,257,FALSE,5.07907,1.0821
7,258,FALSE,3.01794,1.00922
7,259,FALSE,1.13734,3.08392
7,260,FALSE,1.08763,1.00685
7,262,FALSE,6.09761,1.0039
7,263,FALSE,1.14559,1.01525
7,264,FALSE,4.115,1.11771
7,265,FALSE,1.13028,1.11729
7,270,FALSE,1.14468,3.04912
7,271,FALSE,3.0144,1.14652
7,272,FALSE,1.13788,1.09949
7,273,FALSE,1.1385,1.06572
7,274,FALSE,1.13959,1.09585
7,275,FALSE,1.14443,3.0072
7,280,FALSE,1.1116,1.00678
7,289,FALSE,3.03086,1.08578
7,290,FALSE,1.14656,1.09846
7,291,FALSE,1.14674,1.14694
7,292,FALSE,1.10324,1.07444
7,293,FALSE,6.01362,5.0164
7,294,FALSE,1.14529,5.01767
7,295,FALSE,6.11139,5.00019
7,296,FALSE,1.08283,5.0788
7,297,FALSE,5.11437,1.11958
7,298,FALSE,5.10078,1.07598
7,299,FALSE,4.0418,1.06584
7,300,FALSE,5.01529,1.05045
7,301,FALSE,3.11911,1.06454
7,302,FALSE,5.14229,1.07484
7,303,FALSE,3.14224,3.0195
7,308,FALSE,6.07272,1.01015
7,317,FALSE,5.08994,1.04613
7,318,FALSE,6.00396,1.103
7,319,FALSE,5.09696,1.04505
7,320,FALSE,5.11912,1.02327
7,321,FALSE,4.03361,1.09648
7,322,FALSE,3.04545,1.03978
7,323,FALSE,3.00498,1.00047
7,324,FALSE,3.14454,1.03569
7,325,FALSE,5.08336,1.05196
7,326,FALSE,3.0012,1.04736
7,328,FALSE,5.12205,1.08592
7,329,FALSE,6.14326,1.14485
7,330,FALSE,5.13343,1.06186
7,331,FALSE,3.02289,1.04991
7,332,FALSE,5.09103,1.12572
7,333,FALSE,5.14407,3.0878
7,334,FALSE,1.14119,1.12311
7,335,FALSE,5.13616,1.09911
7,336,FALSE,5.08383,1.07991
7,337,FALSE,5.09178,1.12684
7,339,FALSE,5.06617,1.14214
7,340,TRUE,1.05222,1
7,341,TRUE,5.04664,1
7,342,FALSE,1.07136,6.10302
7,343,TRUE,1,1
7,346,FALSE,5.08708,1.09791
7,347,FALSE,6.04822,1.12666
7,348,FALSE,5.03182,1.09717
7,349,FALSE,5.04803,1.02016
7,350,FALSE,4.07913,1.10902
7,351,FALSE,5.08677,1.14226
7,352,FALSE,4.01877,1.1239
7,353,FALSE,7.11131,4.06389
7,354,FALSE,5.0847,4.07758
7,355,FALSE,3.07713,1.05736
7,357,FALSE,4.0249,1.0698
7,358,FALSE,3.13661,1.08581
7,359,FALSE,3.07562,1.13902
7,361,FALSE,5.1226,1.08357
7,363,FALSE,5.03286,5.07164
7,364,FALSE,5.10405,5.10518
7,365,FALSE,3.08219,1.11688
7,366,FALSE,1.10808,1.12041
7,367,FALSE,5.03369,5.0348
7,370,FALSE,3.1423,1.10062
7,371,FALSE,3.03388,1.1468
7,372,FALSE,6.03519,1.14739
7,373,FALSE,1.14341,1.13334
7,374,FALSE,7.11312,1.04359
7,375,FALSE,1.04442,1.04886
7,376,FALSE,1.0949,1.03304
7,377,FALSE,1.05734,1.09773
7,378,FALSE,3.13193,3.10953
7,379,FALSE,1.12625,3.0054
7,380,FALSE,3.04055,4.04375
7,381,FALSE,1.12842,1.07989
7,383,FALSE,5.00029,1.05134
7,384,FALSE,5.12502,1.1371
7,385,FALSE,5.14397,1.00637
7,386,FALSE,5.1469,1.00993
7,387,FALSE,4.0407,1.03817
7,388,FALSE,1.10758,1.01382
7,389,FALSE,2.11572,1.00636
7,390,FALSE,5.12642,1.0064
7,391,FALSE,3.02631,1.01407
7,394,FALSE,5.04352,1.00362
7,395,FALSE,1.11725,5.09061
7,396,FALSE,1.13532,5.03336
7,397,FALSE,1.04005,5.09688
7,398,FALSE,3.01467,5.05931
7,403,FALSE,4.10626,1.06276
7,404,FALSE,4.04452,5.01718
7,405,FALSE,1.07588,5.11813
7,406,FALSE,1.08927,1.1057
7,407,FALSE,3.00443,4.031
7,408,TRUE,1.02827,1
7,412,FALSE,6.10159,5.00024
7,413,FALSE,5.14548,5.02101
7,414,FALSE,6.11677,5.01265
7,415,FALSE,3.07525,5.01776
7,416,FALSE,3.00732,3.04052
7,417,FALSE,3.07783,1.12331
7,418,FALSE,5.04734,5.09957
7,419,FALSE,5.11085,3.07244
7,420,FALSE,3.00847,3.0737
7,421,FALSE,5.00032,3.09633
7,422,FALSE,5.04929,1.12653
7,423,FALSE,3.02912,1.11277
7,425,FALSE,7.03921,1.08721
7,426,FALSE,4.13177,1.07085
7,427,FALSE,1.13716,1.0855
7,428,FALSE,3.12488,3.0968
7,429,FALSE,3.07476,3.00781
8,1,FALSE,3.12502,1.09436
8,3,FALSE,1.04204,1.10947
8,5,FALSE,7.14301,1.06028
8,6,FALSE,3.00175,1.06014
8,7,FALSE,1,1.03739
8,9,FALSE,1.13717,1.00038
8,10,FALSE,1.12373,1.02766
8,11,FALSE,1,1.00527
8,13,FALSE,1.12071,1.12168
8,17,FALSE,3.12417,1.05282
8,18,FALSE,1.10248,1.01516
8,19,TRUE,3.10855,1
8,21,FALSE,4.05238,1.09224
8,22,FALSE,1.13989,1.14457
8,25,FALSE,4.00945,1.00978
8,29,FALSE,1.14671,1.00618
8,30,FALSE,1.13262,1.09649
8,69,FALSE,4.1464,1.00251
8,70,FALSE,3.06987,3.02739
8,71,FALSE,1.13607,1.10824
8,72,FALSE,3.10964,3.00379
8,73,FALSE,3.09777,3.00368
8,74,FALSE,3.02139,3.07709
8,75,FALSE,3.12456,4.0043
8,76,FALSE,3.00536,1.13713
8,77,FALSE,1.14623,3.08363
8,78,FALSE,3.07781,1.10251
8,79,FALSE,3.13201,1.12459
8,82,FALSE,4.0813,1.10126
8,83,FALSE,1.03467,1.06226
8,84,FALSE,1,3.0086
8,85,TRUE,1.00006,1
8,86,TRUE,4.13009,1
8,91,FALSE,1.13808,1.05357
8,92,FALSE,1.14525,1.1178
8,93,FALSE,3.03656,1.12363
8,95,FALSE,1.14357,1.03202
8,98,FALSE,5.06879,1.04696
8,99,FALSE,5.11035,2.0364
8,100,FALSE,6.14374,1.07079
8,101,FALSE,3.10112,1.04766
8,103,FALSE,5.09126,1.12789
8,104,FALSE,5.07178,1.10219
8,106,FALSE,5.01259,1.00485
8,107,FALSE,6.07964,1.05296
8,109,FALSE,4.02583,1.11725
8,110,FALSE,3.12525,1.11823
8,111,FALSE,3.13269,1.02228
8,112,FALSE,2.00912,1.02188
8,113,FALSE,3.08702,1.06217
8,114,FALSE,1.14113,1.03613
8,115,FALSE,1.13495,1.07605
8,116,FALSE,3.07918,1.01832
8,117,FALSE,1.14194,1.03357
8,118,FALSE,3.1036,1.01529
8,120,FALSE,4.13758,1.0013
8,121,FALSE,1.1384,1.00195
8,122,FALSE,1.14003,1.00125
8,123,FALSE,1.13408,1.02112
8,124,FALSE,7.07385,1.00981
8,125,FALSE,4.13324,5.06805
8,126,FALSE,5.0292,5.08659
8,127,FALSE,4.03769,1.04848
8,128,FALSE,5.07208,1.01943
8,129,FALSE,5.0612,1.11567
8,130,FALSE,5.09189,5.09684
8,131,FALSE,1.12027,1.0687
8,133,FALSE,1.14595,1.00173
8,134,FALSE,1.14373,1.00567
8,135,FALSE,1.11671,1.0508
8,136,FALSE,1.14383,1.05041
8,137,FALSE,1.13061,1.13567
8,139,FALSE,1.07472,1.07266
8,140,FALSE,1.12695,1.05884
8,141,FALSE,1.09895,1.04573
8,142,FALSE,1.0794,1.02529
8,143,FALSE,1.09502,1.01279
8,144,FALSE,1.13554,1.05968
8,145,FALSE,1,5.09765
8,146,TRUE,1,1
8,147,FALSE,1,1.04529
8,148,TRUE,1,1
8,149,TRUE,3.04554,1
8,150,FALSE,1,5.06618
8,151,FALSE,1,1.02542
8,153,FALSE,1.13951,1.12702
8,154,FALSE,5.00585,1.09685
8,155,FALSE,7.07005,1.03766
8,156,FALSE,3.00969,1.07321
8,157,FALSE,1.14084,1.00571
8,158,FALSE,3.08173,1.08676
8,159,FALSE,3.10648,1.08322
8,160,FALSE,3.03782,1.06791
8,161,FALSE,3.06386,1.03497
8,162,FALSE,4.09576,4.13104
8,164,FALSE,7.00041,1.01001
8,165,FALSE,1.11202,5.03794
8,166,FALSE,5.07838,5.09365
8,167,FALSE,1.00704,1.13375
8,168,FALSE,1,5.03982
8,169,FALSE,5.10625,5.12711
8,173,FALSE,4.03289,1.08692
8,175,FALSE,1.09873,1.09085
8,176,FALSE,1.01896,1.10623
8,177,FALSE,5.1044,1.12306
8,178,FALSE,5.1421,4.00895
8,179,FALSE,5.14256,1.14586
8,180,FALSE,5.05721,2.00589
8,181,FALSE,5.05969,3.13892
8,182,FALSE,5.03614,1.13396
8,183,FALSE,5.08599,1.13223
8,184,FALSE,7.11666,1.11447
8,185,FALSE,5.07352,1.14602
8,186,FALSE,7.06468,1.09002
8,188,FALSE,5.13738,1.0065
8,189,FALSE,6.0333,4.14244
8,190,FALSE,3.11871,3.03321
8,191,FALSE,5.07426,1.09214
8,192,FALSE,5.11918,1.12696
8,193,FALSE,5.01808,6.13662
8,194,FALSE,5.11312,1.14209
8,195,FALSE,3.0251,1.13673
8,197,FALSE,5.03693,1.00563
8,198,FALSE,5.08719,1.12727
8,199,FALSE,4.0859,1.08964
8,200,FALSE,1.10614,1.10897
8,201,FALSE,1.11535,1.11761
8,202,FALSE,7.06672,7.06767
8,203,FALSE,5.14501,1.13821
8,204,FALSE,5.02775,1.12731
8,206,FALSE,5.01825,1.00388
8,207,FALSE,3.12943,1.07869
8,208,FALSE,1.14297,1.01314
8,209,FALSE,3.11119,3.00968
8,210,FALSE,3.03954,3.03328
8,211,FALSE,3.07729,3.10434
8,212,FALSE,1.12484,1.06655
8,213,FALSE,3.07381,1.09335
8,216,FALSE,6.10567,1.09907
8,217,FALSE,4.12566,1.13443
8,218,FALSE,5.07882,1.13908
8,219,FALSE,5.13639,1.13425
8,222,FALSE,3.09152,1.11243
8,225,FALSE,3.14279,4.00758
8,226,FALSE,5.11669,1.08394
8,227,FALSE,7.08233,4.01354
8,229,FALSE,4.00005,3.07173
8,230,FALSE,3.06888,3.05315
8,233,FALSE,5.14567,1.00855
8,234,FALSE,5.05115,3.01809
8,235,FALSE,3.01034,3.01409
8,236,FALSE,1.11281,1.04323
8,237,FALSE,1.12506,1.13574
8,242,FALSE,4.14252,1.02194
8,243,FALSE,1.1095,1.13257
8,251,FALSE,4.08341,4.10662
8,252,FALSE,3.1236,1.12563
8,253,FALSE,5.03233,1.03217
8,254,FALSE,1.13132,1.01853
8,255,FALSE,3.1417,1.10778
8,256,FALSE,5.06416,1.09875
8,257,FALSE,5.04897,1.00322
8,258,FALSE,3.07594,1.07409
8,259,FALSE,1.11298,3.06212
8,260,FALSE,1.11023,1.05945
8,262,FALSE,6.08961,1.0003
8,263,FALSE,1.14193,1.09917
8,264,FALSE,4.06981,1.13699
8,265,FALSE,1.08983,1.14105
8,270,FALSE,1.14022,3.07856
8,271,FALSE,3.12356,1.13986
8,272,FALSE,1.13343,1.12386
8,273,FALSE,1.11834,1.08449
8,274,FALSE,1.12761,1.0801
8,275,FALSE,1.14026,3.01227
8,280,FALSE,1.13716,1.01773
8,289,FALSE,4.03274,1.07076
8,290,FALSE,1.1389,1.12429
8,291,FALSE,1.13681,1.12668
8,292,FALSE,1.13455,1.07914
8,293,FALSE,6.13899,5.01419
8,294,FALSE,5.10364,5.0279
8,295,FALSE,6.11599,5.00089
8,296,FALSE,1.04832,5.01144
8,297,FALSE,5.09141,1.08857
8,298,FALSE,5.09526,1.02072
8,299,FALSE,4.04947,1.09199
8,300,FALSE,5.09111,1.03998
8,301,FALSE,3.12107,1.03523
8,302,FALSE,5.13299,1.10568
8,303,FALSE,3.11904,1.12896
8,308,FALSE,6.09807,1.011
8,317,FALSE,5.04038,1.00843
8,318,FALSE,6.1415,1.09582
8,319,FALSE,5.1255,1.04228
8,320,FALSE,5.12241,1.02044
8,321,FALSE,4.01652,1.08701
8,322,FALSE,3.0173,1.03238
8,323,FALSE,3.00203,1.00262
8,324,FALSE,3.06944,1.01185
8,325,FALSE,5.0252,1.04634
8,326,FALSE,3.13414,1.04052
8,328,FALSE,5.13188,1.08348
8,329,FALSE,6.05841,2.05274
8,330,FALSE,5.13354,1.09624
8,331,FALSE,3.05353,1.07973
8,332,FALSE,5.12239,1.1238
8,333,FALSE,5.13745,3.12933
8,334,FALSE,1.13798,1.11009
8,335,FALSE,5.01895,1.11561
8,336,FALSE,5.05579,1.01793
8,337,FALSE,5.14712,1.09207
8,339,FALSE,5.0633,1.09257
8,340,TRUE,1.00495,1
8,341,TRUE,5.02255,1
8,342,FALSE,1.10124,6.05218
8,343,TRUE,1,1
8,346,FALSE,5.12466,1.08816
8,347,FALSE,6.1472,1.1181
8,348,FALSE,5.00555,1.10017
8,349,FALSE,5.10565,1.01892
8,350,FALSE,4.14549,3.03668
8,351,FALSE,5.08256,1.13913
8,352,FALSE,4.05796,1.14068
8,353,FALSE,7.05629,4.10766
8,354,FALSE,5.13035,4.12172
8,355,FALSE,3.0988,1.05742
8,357,FALSE,4.1354,1.05263
8,358,FALSE,3.05685,1.06996
8,359,FALSE,3.12847,1.12575
8,361,FALSE,5.04417,1.10505
8,363,FALSE,5.09496,5.10034
8,364,FALSE,5.06533,5.07722
8,365,FALSE,3.11022,1.13714
8,366,FALSE,1.12624,1.07649
8,367,FALSE,5.08264,5.09147
8,370,FALSE,3.13535,1.10861
8,371,FALSE,4.08193,1.14325
8,372,FALSE,6.00696,1.14429
8,373,FALSE,1.11106,1.0777
8,374,FALSE,7.09332,1.00992
8,375,FALSE,3.13163,1.01123
8,376,FALSE,1.12146,1.02909
8,377,FALSE,1.1265,1.10391
8,378,FALSE,3.10786,3.04798
8,379,FALSE,1.13767,3.02029
8,380,FALSE,3.00364,4.03894
8,381,FALSE,1.1,1.11442
8,383,FALSE,5.12081,1.02743
8,384,FALSE,5.08378,1.12918
8,385,FALSE,5.10192,1.01408
8,386,FALSE,5.09014,1.03345
8,387,FALSE,4.09371,1.01998
8,388,FALSE,1.12953,1.01814
8,389,FALSE,2.06185,1.03879
8,390,FALSE,2.02388,1.00744
8,391,FALSE,3.03156,1.00244
8,394,FALSE,5.14392,1.01436
8,395,FALSE,1.0886,5.06685
8,396,FALSE,1.10358,5.05671
8,397,FALSE,1.04045,5.08614
8,398,FALSE,3.13679,5.02837
8,403,FALSE,4.08468,1.05668
8,404,FALSE,4.06405,5.0727
8,405,FALSE,1.08006,5.06769
8,406,FALSE,1,1.09055
8,407,FALSE,3.08568,4.02663
8,408,TRUE,1.14578,1
8,412,FALSE,6.07979,5.00065
8,413,FALSE,5.05941,5.00024
8,414,FALSE,6.08476,5.01904
8,415,FALSE,3.146,5.01017
8,416,FALSE,3.04811,3.06499
8,417,FALSE,3.1081,1.13319
8,418,FALSE,5.06434,5.07548
8,419,FALSE,5.14606,3.10108
8,420,FALSE,3.11811,3.1213
8,421,FALSE,5.05603,3.06181
8,422,FALSE,5.1448,3.12379
8,423,FALSE,3.02371,1.13736
8,425,FALSE,7.00566,1.00795
8,426,FALSE,4.10058,1.08299
8,427,FALSE,1.13466,1.12219
8,428,FALSE,3.10525,3.10703
8,429,FALSE,3.08046,3.12733
9,1,FALSE,3.04344,1.05681
9,3,FALSE,1.01783,1.04756
9,5,FALSE,7.08728,1.0752
9,6,FALSE,3.07646,1.01423
9,7,FALSE,1,1.02173
9,9,FALSE,1.12622,1.00202
9,10,FALSE,1.1318,1.00004
9,11,FALSE,1,1.14307
9,13,FALSE,1.13385,1.11436
9,17,FALSE,3.13968,1.04292
9,18,FALSE,1.09288,1.07038
9,19,TRUE,3.08898,1
9,21,FALSE,3.08968,1.07451
9,22,FALSE,1.13398,1.13226
9,25,FALSE,4.07532,1.06181
9,29,FALSE,1.14716,1.00933
9,30,FALSE,1.14264,1.08307
9,69,FALSE,4.1081,1.00014
9,70,FALSE,3.08221,3.00665
9,71,FALSE,1.14021,1.0784
9,72,FALSE,3.06635,3.04377
9,73,FALSE,3.11939,3.0288
9,74,FALSE,3.05993,3.10695
9,75,FALSE,3.14103,4.02801
9,76,FALSE,1.14403,1.14681
9,77,FALSE,1.12974,3.01015
9,78,FALSE,4.07963,1.08393
9,79,FALSE,3.1282,1.11965
9,82,FALSE,4.11549,1.01951
9,83,FALSE,1.07941,1.05817
9,84,FALSE,1,3.13475
9,85,TRUE,1.00508,1
9,86,TRUE,4.08107,1
9,91,FALSE,1.14379,1.04749
9,92,FALSE,1.1431,1.10549
9,93,FALSE,3.09473,1.12556
9,95,FALSE,1.13705,1.01151
9,98,FALSE,5.06929,1.04634
9,99,FALSE,5.13192,2.00638
9,100,FALSE,6.08995,1.0976
9,101,FALSE,3.13831,1.06762
9,103,FALSE,5.14569,1.04278
9,104,FALSE,5.11174,1.09527
9,106,FALSE,5.10099,1.08162
9,107,FALSE,6.07276,1.04101
9,109,FALSE,4.07568,1.10333
9,110,FALSE,3.12986,1.10611
9,111,FALSE,3.10437,1.0021
9,112,FALSE,2.0433,1.00229
9,113,FALSE,3.05912,1.06636
9,114,FALSE,1.14573,1.00137
9,115,FALSE,1.13981,1.08379
9,116,FALSE,3.04844,1.00185
9,117,FALSE,1.14387,1.00234
9,118,FALSE,3.14094,1.11914
9,120,FALSE,4.04947,1.0077
9,121,FALSE,1.14293,1.00181
9,122,FALSE,1.14422,1.0003
9,123,FALSE,1.13267,1.01252
9,124,FALSE,7.07319,1.06266
9,125,FALSE,4.12861,5.0417
9,126,FALSE,5.0954,5.12479
9,127,FALSE,4.1363,1.05875
9,128,FALSE,5.10246,1.03496
9,129,FALSE,5.00297,1.09362
9,130,FALSE,5.14473,5.14687
9,131,FALSE,1.10676,1.06173
9,133,FALSE,1.14377,1.01228
9,134,FALSE,1.08625,1.01764
9,135,FALSE,1.10348,1.02887
9,136,FALSE,1.06971,1.07696
9,137,TRUE,1.14652,1
9,139,FALSE,1.14132,1.03788
9,140,FALSE,1.12983,1.04555
9,141,FALSE,1.07251,1.01262
9,142,FALSE,1.10395,1.04401
9,143,FALSE,1.08263,1.05022
9,144,FALSE,6.01608,1.04335
9,145,TRUE,5.05618,1
9,146,TRUE,1,1
9,147,FALSE,1,1.03537
9,148,TRUE,1,1
9,149,TRUE,3.04226,1
9,150,FALSE,1,5.0656
9,151,TRUE,1.12452,1
9,153,FALSE,1.12789,1.12548
9,154,FALSE,5.01091,1.10743
9,155,FALSE,3.10204,1.01287
9,156,FALSE,3.12939,1.05654
9,157,FALSE,1.13661,1.0103
9,158,FALSE,3.09993,1.01034
9,159,FALSE,3.06947,1.0263
9,160,FALSE,3.10399,1.06346
9,161,FALSE,3.0388,1.00097
9,162,FALSE,4.14668,4.09074
9,164,FALSE,7.01148,1.00637
9,165,FALSE,1.1422,5.00974
9,166,FALSE,5.07566,5.11461
9,167,FALSE,1.10062,1.13136
9,168,FALSE,1,5.10412
9,169,FALSE,5.06001,5.13465
9,173,FALSE,4.04154,1.08711
9,175,FALSE,1.13358,1.05048
9,176,FALSE,1.01356,1.04187
9,177,FALSE,5.08943,1.13138
9,178,FALSE,5.134,4.03481
9,179,FALSE,5.1464,1.14558
9,180,FALSE,5.05249,2.07644
9,181,FALSE,5.05127,3.03785
9,182,FALSE,5.02571,1.14113
9,183,FALSE,5.07113,1.11601
9,184,FALSE,7.08189,1.12713
9,185,FALSE,5.00744,1.14012
9,186,FALSE,7.07544,1.10663
9,188,FALSE,5.12627,1.00316
9,189,FALSE,6.03483,4.11804
9,190,FALSE,3.02268,3.03009
9,191,FALSE,5.0638,1.09537
9,192,FALSE,5.13195,1.12252
9,193,FALSE,5.08932,6.0549
9,194,FALSE,5.08907,1.12744
9,195,FALSE,3.13277,1.11432
9,197,FALSE,5.14684,1.00141
9,198,FALSE,5.00921,1.11788
9,199,FALSE,5.0211,1.11127
9,200,FALSE,1.13691,1.12964
9,201,FALSE,1.13557,1.11822
9,202,FALSE,7.05858,7.08661
9,203,FALSE,5.07881,1.11853
9,204,FALSE,5.00867,1.02972
9,206,FALSE,5.13123,1.00208
9,207,FALSE,3.07619,1.12785
9,208,FALSE,1.1371,1.02905
9,209,FALSE,3.12608,3.05374
9,210,FALSE,3.14534,3.11699
9,211,FALSE,3.01634,3.02185
9,212,FALSE,1.11944,1.06924
9,213,FALSE,3.12593,1.10321
9,216,FALSE,6.10878,1.11422
9,217,FALSE,4.10273,1.12947
9,218,FALSE,5.05621,1.1159
9,219,FALSE,5.05196,3.06333
9,222,FALSE,3.08,1.07873
9,225,FALSE,3.14279,4.00587
9,226,FALSE,5.11025,1.07683
9,227,FALSE,7.01872,4.06841
9,229,FALSE,4.01572,3.05528
9,230,FALSE,3.11562,3.09803
9,233,FALSE,5.12642,1.02554
9,234,FALSE,5.12565,3.06518
9,235,FALSE,3.03262,3.03391
9,236,FALSE,1.13108,1.13451
9,237,FALSE,1.1384,1.12099
9,242,FALSE,4.14263,1.00617
9,243,FALSE,1.13261,1.1169
9,251,FALSE,4.08469,4.0965
9,252,FALSE,3.10737,1.13369
9,253,FALSE,5.05668,1.00362
9,254,FALSE,1.13519,1.03216
9,255,FALSE,3.14193,1.05308
9,256,FALSE,5.13388,1.00497
9,257,FALSE,5.14365,1.01463
9,258,FALSE,3.08776,1.02123
9,259,FALSE,1.09137,1.02733
9,260,FALSE,1.02983,1.08421
9,262,FALSE,6.0803,1.00331
9,263,FALSE,1.13533,1.00663
9,264,FALSE,4.07545,1.12648
9,265,FALSE,1.13046,1.14088
9,270,FALSE,1.10519,3.02775
9,271,FALSE,3.10401,1.04168
9,272,FALSE,1.12598,1.11388
9,273,FALSE,1.14366,1.13866
9,274,FALSE,1.10573,1.079
9,275,FALSE,1.14731,3.08416
9,280,FALSE,1.11975,1.0005
9,289,FALSE,4.1057,1.07993
9,290,FALSE,1.14544,1.11794
9,291,FALSE,1.14503,1.13814
9,292,FALSE,1.14459,1.02286
9,293,FALSE,6.06084,5.01257
9,294,FALSE,5.14718,5.00459
9,295,FALSE,6.1328,5.0016
9,296,FALSE,1.04207,5.07438
9,297,FALSE,5.10992,1.10858
9,298,FALSE,5.11602,1.0006
9,299,FALSE,4.02952,1.05506
9,300,FALSE,5.10508,1.09125
9,301,FALSE,3.11864,1.10233
9,302,FALSE,5.14498,1.07637
9,303,FALSE,3.14398,1.05688
9,308,FALSE,6.0604,1.0008
9,317,FALSE,5.10748,1.03746
9,318,FALSE,6.01846,1.12127
9,319,FALSE,5.10357,1.0831
9,320,FALSE,5.06406,1.03932
9,321,FALSE,4.04812,1.0318
9,322,FALSE,3.07479,1.04574
9,323,FALSE,3.12065,1.00232
9,324,FALSE,3.08494,1.01032
9,325,FALSE,5.05682,1.04677
9,326,FALSE,3.00035,1.02954
9,328,FALSE,5.10782,1.05522
9,329,FALSE,6.07928,1.129
9,330,FALSE,5.13746,1.07102
9,331,FALSE,5.07674,1.09351
9,332,FALSE,5.14424,1.09208
9,333,FALSE,5.10492,3.00877
9,334,FALSE,1.12581,1.12213
9,335,FALSE,5.03143,1.09408
9,336,FALSE,5.07803,1.01209
9,337,FALSE,5.0818,1.1284
9,339,FALSE,5.01663,1.01313
9,340,TRUE,1.13798,1
9,341,TRUE,5.07877,1
9,342,FALSE,1.10271,6.1449
9,343,TRUE,1,1
9,346,FALSE,5.0802,1.11523
9,347,FALSE,6.07105,1.13692
9,348,FALSE,5.12088,1.11451
9,349,FALSE,5.07408,1.05156
9,350,FALSE,4.09678,1.14508
9,351,FALSE,5.03761,1.14401
9,352,FALSE,4.0227,1.12644
9,353,FALSE,7.12616,4.05097
9,354,FALSE,5.10572,4.13415
9,355,FALSE,3.12435,1.0905
9,357,FALSE,4.10006,1.06341
9,358,FALSE,3.04898,1.07868
9,359,FALSE,3.09089,1.13807
9,361,FALSE,5.12496,1.07903
9,363,FALSE,5.03681,5.11833
9,364,FALSE,5.10078,5.10096
9,365,FALSE,3.09672,1.11394
9,366,FALSE,1.10974,1.11333
9,367,FALSE,5.06366,5.03583
9,370,FALSE,3.14408,1.09419
9,371,FALSE,3.04706,1.14071
9,372,FALSE,6.02506,1.14638
9,373,FALSE,1.14531,1.12886
9,374,FALSE,7.14555,1.00807
9,375,FALSE,1.01582,1.03362
9,376,FALSE,1.03642,1.0282
9,377,FALSE,1.003,1.07277
9,378,FALSE,3.14523,3.04716
9,379,FALSE,1.13542,3.03025
9,380,FALSE,3.04987,4.05561
9,381,FALSE,1.10911,1.14436
9,383,FALSE,5.06316,1.00991
9,384,FALSE,5.03094,1.12955
9,385,FALSE,5.10467,1.00288
9,386,FALSE,5.0863,1.01415
9,387,FALSE,4.13979,1.02278
9,388,FALSE,1.14349,1.00219
9,389,FALSE,2.14072,1.05955
9,390,FALSE,5.10955,1.06618
9,391,FALSE,3.11693,1.01324
9,394,FALSE,5.12637,1.02795
9,395,FALSE,1.02383,5.09996
9,396,FALSE,1.12712,5.00184
9,397,FALSE,1.14246,5.11366
9,398,FALSE,3.01462,5.10511
9,403,FALSE,4.12834,1.07711
9,404,FALSE,4.01318,5.04258
9,405,FALSE,1.11651,5.08889
9,406,FALSE,1,1.03703
9,407,FALSE,3.06114,4.12359
9,408,TRUE,1.07763,1
9,412,FALSE,6.12583,5.00078
9,413,FALSE,1.13037,5.00839
9,414,FALSE,6.12449,5.02757
9,415,FALSE,3.05138,5.00039
9,416,FALSE,3.0092,3.10677
9,417,FALSE,3.12236,1.13693
9,418,FALSE,5.06649,5.10449
9,419,FALSE,5.10205,3.08143
9,420,FALSE,3.02911,3.04492
9,421,FALSE,5.02747,3.13809
9,422,FALSE,5.04018,3.1047
9,423,FALSE,3.13918,1.09804
9,425,FALSE,7.11017,1.01912
9,426,FALSE,4.07432,1.07446
9,427,FALSE,1.13311,1.10159
9,428,FALSE,3.10566,3.12613
9,429,FALSE,3.13635,3.0117
10,1,FALSE,3.01566,1.10885
10,3,FALSE,1.04275,1.04954
10,5,FALSE,7.06596,1.0596
10,6,FALSE,3.02758,1.08386
10,7,FALSE,1,1.00172
10,9,FALSE,1.12991,1.03771
10,10,FALSE,1.04809,1.00125
10,11,FALSE,1,1.06499
10,13,FALSE,1.1375,1.12664
10,17,FALSE,3.08678,1.05241
10,18,FALSE,1.13618,1.05985
10,19,TRUE,3.01304,1
10,21,FALSE,4.12741,1.08038
10,22,FALSE,1.13223,1.13014
10,25,FALSE,4.14229,1.00162
10,29,FALSE,1.14511,1.02055
10,30,FALSE,1.12593,1.10852
10,69,FALSE,4.13729,1.0009
10,70,FALSE,3.09828,3.0202
10,71,FALSE,1.12859,1.07795
10,72,FALSE,3.07569,3.04557
10,73,FALSE,3.08056,3.01392
10,74,FALSE,7.08068,3.04046
10,75,FALSE,3.12922,4.03356
10,76,FALSE,1.13037,1.1382
10,77,FALSE,1.1465,3.00569
10,78,FALSE,4.059,1.09919
10,79,FALSE,3.02516,1.1371
10,82,FALSE,4.1218,1.02279
10,83,FALSE,3.06603,1.03689
10,84,FALSE,1,3.08243
10,85,TRUE,1.01546,1
10,86,TRUE,4.06872,1
10,91,FALSE,1.14573,1.05453
10,92,FALSE,3.09659,1.10865
10,93,FALSE,3.04418,1.117
10,95,FALSE,1.1282,1.03829
10,98,FALSE,5.10288,1.06612
10,99,FALSE,5.07557,2.10348
10,100,FALSE,6.1001,1.11676
10,101,FALSE,3.13872,1.03024
10,103,FALSE,5.12606,1.14054
10,104,FALSE,5.14257,1.07491
10,106,FALSE,5.08117,1.06587
10,107,FALSE,6.02845,1.01568
10,109,FALSE,4.06672,1.13084
10,110,FALSE,3.10091,1.11117
10,111,FALSE,3.12048,1.00978
10,112,FALSE,2.01328,1.09795
10,113,FALSE,3.0862,1.09302
10,114,FALSE,1.13969,1.05508
10,115,FALSE,1.12955,1.09081
10,116,FALSE,3.07706,1.00623
10,117,FALSE,1.13749,1.03775
10,118,FALSE,3.1451,1.0557
10,120,FALSE,4.12534,1.00298
10,121,FALSE,1.13843,1.00101
10,122,FALSE,1.14127,1.00248
10,123,FALSE,1.11323,1.00287
10,124,FALSE,7.12624,1.03291
10,125,FALSE,4.13772,5.04516
10,126,FALSE,5.11887,5.02517
10,127,FALSE,4.11051,1.03066
10,128,FALSE,5.03282,1.02261
10,129,FALSE,5.00799,1.14029
10,130,FALSE,5.0777,5.11593
10,131,FALSE,1.06144,1.03774
10,133,FALSE,1.14058,1.02866
10,134,FALSE,1.14008,1.00547
10,135,FALSE,1.14361,1.03646
10,136,FALSE,1.12481,1.02956
10,137,FALSE,1.09046,1.07672
10,139,FALSE,1.13299,1.05229
10,140,FALSE,1.11597,1.05562
10,141,FALSE,1.037,1.01636
10,142,FALSE,1.07971,1.01415
10,143,FALSE,1.11561,1.00527
10,144,FALSE,1.08483,1.11988
10,145,TRUE,5.01269,1
10,146,TRUE,1,1
10,147,FALSE,1,1.14672
10,148,TRUE,1,1
10,149,TRUE,3.01387,1
10,150,FALSE,1,5.12392
10,151,FALSE,1,1.12669
10,153,FALSE,1.14051,1.12651
10,154,FALSE,5.03117,1.0917
10,155,FALSE,3.12129,1.01578
10,156,FALSE,3.04664,1.03816
10,157,FALSE,1.1467,1.06038
10,158,FALSE,3.14246,1.0096
10,159,FALSE,3.06006,1.01015
10,160,FALSE,3.14089,1.08625
10,161,FALSE,3.13193,1.013
10,162,FALSE,4.12729,4.1407
10,164,FALSE,7.09439,1.03353
10,165,FALSE,1.08736,5.11651
10,166,FALSE,5.10949,5.13383
10,167,FALSE,1.0627,1.12363
10,168,FALSE,1,5.04282
10,169,FALSE,5.10719,5.13651
10,173,FALSE,3.01943,1.08247
10,175,FALSE,1.03412,1.0645
10,176,FALSE,1.03784,1.04641
10,177,FALSE,5.14488,1.11964
10,178,FALSE,5.14638,4.01201
10,179,FALSE,5.14644,1.14344
10,180,FALSE,5.09433,2.13237
10,181,FALSE,5.10082,3.06061
10,182,FALSE,5.01041,1.13696
10,183,FALSE,5.11557,1.11533
10,184,FALSE,7.06951,1.1246
10,185,FALSE,5.13785,1.12929
10,186,FALSE,7.00266,1.10824
10,188,FALSE,7.10787,1.01338
10,189,FALSE,6.10981,4.03891
10,190,FALSE,3.08286,3.01145
10,191,FALSE,5.05795,1.10479
10,192,FALSE,5.06226,1.1252
10,193,FALSE,5.01575,6.06098
10,194,FALSE,5.10304,1.12627
10,195,FALSE,3.07642,1.13361
10,197,FALSE,5.08961,1.00134
10,198,FALSE,5.01067,1.13578
10,199,FALSE,4.06718,3.02627
10,200,FALSE,1.12813,1.14277
10,201,FALSE,1.08572,1.12171
10,202,FALSE,7.06694,7.01955
10,203,FALSE,5.11716,4.06293
10,204,FALSE,5.04635,1.09878
10,206,FALSE,5.14247,1.0004
10,207,FALSE,3.12443,1.09681
10,208,FALSE,1.09783,1.02214
10,209,FALSE,3.06903,3.00652
10,210,FALSE,3.13259,3.01631
10,211,FALSE,3.04934,3.06537
10,212,FALSE,1.14405,1.04464
10,213,FALSE,3.0148,1.07039
10,216,FALSE,6.01456,1.11428
10,217,FALSE,4.03457,1.127
10,218,FALSE,5.02544,1.10747
10,219,FALSE,5.10523,1.13988
10,222,FALSE,3.03749,1.05793
10,225,FALSE,3.12968,4.01106
10,226,FALSE,5.06359,1.1179
10,227,FALSE,7.00717,4.12103
10,229,FALSE,4.01426,3.07924
10,230,FALSE,3.09423,3.05853
10,233,FALSE,5.11635,1.00499
10,234,FALSE,3.01477,3.09138
10,235,FALSE,3.03871,3.04219
10,236,FALSE,1.1318,1.01395
10,237,FALSE,1.09351,1.06778
10,242,FALSE,4.11481,1.00689
10,243,FALSE,1.06843,1.09865
10,251,FALSE,4.10399,4.12799
10,252,FALSE,3.14635,1.13878
10,253,FALSE,5.14381,1.01935
10,254,FALSE,1.11451,1.00183
10,255,FALSE,3.04231,1.07074
10,256,FALSE,5.00634,1.0181
10,257,FALSE,5.0166,1.03862
10,258,FALSE,3.03655,1.04274
10,259,FALSE,1.14742,1.02663
10,260,FALSE,1.12695,1.02713
10,262,FALSE,6.1403,1.00226
10,263,FALSE,1.14266,1.06937
10,264,FALSE,4.09861,1.14434
10,265,FALSE,1.1206,1.11368
10,270,FALSE,1.13546,3.01381
10,271,FALSE,3.08952,1.13155
10,272,FALSE,1.12465,1.1302
10,273,FALSE,1.10552,1.11687
10,274,FALSE,1.12995,1.09938
10,275,FALSE,1.12687,3.04199
10,280,FALSE,1.13708,1.01008
10,289,FALSE,4.09674,1.07081
10,290,FALSE,1.14149,1.10965
10,291,FALSE,1.14118,1.14132
10,292,FALSE,1.12036,1.03411
10,293,FALSE,5.12292,5.01398
10,294,FALSE,5.11185,5.00019
10,295,FALSE,6.03377,5.01746
10,296,FALSE,5.13038,5.02083
10,297,FALSE,5.1194,1.10664
10,298,FALSE,5.09303,1.02857
10,299,FALSE,4.03403,1.03394
10,300,FALSE,5.06925,1.03928
10,301,FALSE,3.11153,1.11092
10,302,FALSE,5.08052,1.09511
10,303,FALSE,3.12225,3.02804
10,308,FALSE,6.04776,1.00332
10,317,FALSE,5.11086,1.00064
10,318,FALSE,6.01352,1.07944
10,319,FALSE,5.13536,1.03762
10,320,FALSE,5.04376,1.01969
10,321,FALSE,4.07537,1.00755
10,322,FALSE,3.07079,1.02927
10,323,FALSE,3.08362,1.03404
10,324,FALSE,3.1148,1.01854
10,325,FALSE,5.0754,1.07879
10,326,FALSE,3.01372,1.04561
10,328,FALSE,5.09531,1.06625
10,329,FALSE,6.00768,2.08637
10,330,FALSE,5.14369,1.12599
10,331,FALSE,3.14471,1.01105
10,332,FALSE,5.10229,1.14645
10,333,FALSE,5.10849,3.11074
10,334,FALSE,1.1429,1.12172
10,335,FALSE,5.11367,1.11267
10,336,FALSE,5.08366,1.05005
10,337,FALSE,5.07666,1.10587
10,339,FALSE,5.04831,1.05527
10,340,TRUE,1.0587,1
10,341,TRUE,5.05618,1
10,342,FALSE,1.14341,6.08123
10,343,TRUE,1,1
10,346,FALSE,5.04778,1.1002
10,347,FALSE,6.05996,1.12632
10,348,FALSE,5.05914,1.10491
10,349,FALSE,5.04174,1.01909
10,350,FALSE,4.0849,1.147
10,351,FALSE,5.09336,1.13043
10,352,FALSE,4.01484,1.14045
10,353,FALSE,7.03931,4.08308
10,354,FALSE,5.06021,4.0834
10,355,FALSE,3.06931,1.08454
10,357,FALSE,4.06714,1.04994
10,358,FALSE,3.11188,1.07498
10,359,FALSE,3.04112,1.11178
10,361,FALSE,5.08844,1.0698
10,363,FALSE,5.10153,5.10877
10,364,FALSE,5.08086,5.08141
10,365,FALSE,3.00243,1.04589
10,366,FALSE,1.14215,1.0838
10,367,FALSE,5.07985,5.09394
10,370,FALSE,3.13364,1.09952
10,371,FALSE,3.12376,1.14317
10,372,FALSE,6.02068,1.14732
10,373,FALSE,1.14647,1.1386
10,374,FALSE,7.11581,1.02228
10,375,FALSE,1.09459,1.00343
10,376,FALSE,1.05384,1.14628
10,377,FALSE,1.0794,1.01169
10,378,FALSE,3.10222,3.12233
10,379,FALSE,1.14294,3.10256
10,380,FALSE,3.01033,4.11409
10,381,FALSE,1.14248,1.12963
10,383,FALSE,5.13208,1.10411
10,384,FALSE,5.04956,1.14534
10,385,FALSE,5.13685,1.00558
10,386,FALSE,5.1259,1.00073
10,387,FALSE,4.14279,1.0126
10,388,FALSE,1.09329,1.00296
10,389,FALSE,2.07762,1.09025
10,390,FALSE,5.07872,1.02242
10,391,FALSE,3.07131,1.05883
10,394,FALSE,5.10742,1.03416
10,395,FALSE,1.14418,5.02923
10,396,FALSE,1.13302,5.12911
10,397,FALSE,1.01947,5.0831
10,398,FALSE,3.08722,5.09256
10,403,FALSE,4.03359,1.0779
10,404,FALSE,4.10459,5.12706
10,405,FALSE,1.05541,5.06554
10,406,FALSE,1,1.00339
10,407,FALSE,3.09023,4.06787
10,408,TRUE,1.07465,1
10,412,FALSE,6.093,5.00637
10,413,FALSE,1.14517,5.00074
10,414,FALSE,6.06981,5.00572
10,415,FALSE,3.01591,5.04456
10,416,FALSE,3.02091,3.14462
10,417,FALSE,3.09003,1.14359
10,418,FALSE,5.0991,5.10504
10,419,FALSE,5.00425,3.10298
10,420,FALSE,3.09722,3.1195
10,421,FALSE,5.00559,3.06009
10,422,FALSE,3.00449,3.10657
10,423,FALSE,3.0736,1.13811
10,425,FALSE,7.13167,1.04718
10,426,FALSE,4.09842,1.08791
10,427,FALSE,1.14349,1.11519
10,428,FALSE,3.06199,3.07104
10,429,FALSE,3.06307,3.04187
11,1,FALSE,3.04653,1.06396
11,3,FALSE,1.05739,1.03057
11,5,FALSE,7.03264,1.03275
11,6,FALSE,3.02696,1.08487
11,7,FALSE,1,1.01967
11,9,FALSE,1.13529,1.00926
11,10,FALSE,1.10325,1.02426
11,11,FALSE,1,1.04289
11,13,FALSE,1.14411,1.11602
11,17,FALSE,4.02579,1.05382
11,18,FALSE,1.07921,1.06787
11,19,TRUE,3.11344,1
11,21,FALSE,4.05427,1.10218
11,22,FALSE,1.12593,1.12991
11,25,FALSE,4.0839,1.0329
11,29,FALSE,1.14685,1.00305
11,30,FALSE,1.14332,1.12019
11,69,FALSE,4.1338,1.00255
11,70,FALSE,3.02874,3.01949
11,71,FALSE,3.11865,1.09829
11,72,FALSE,3.12294,3.12295
11,73,FALSE,3.01703,3.00923
11,74,FALSE,3.03931,3.04588
11,75,FALSE,3.12915,4.00016
11,76,FALSE,3.03722,1.12269
11,77,FALSE,1.13939,3.02106
11,78,FALSE,3.1327,1.09303
11,79,FALSE,1.14562,1.127
11,82,FALSE,4.12186,1.00577
11,83,FALSE,3.08872,1.09851
11,84,FALSE,1,3.01235
11,85,FALSE,1,1.09147
11,86,TRUE,4.11179,1
11,91,FALSE,1.13594,1.03161
11,92,FALSE,1.14476,1.12078
11,93,FALSE,3.0672,1.12576
11,95,FALSE,1.12999,1.06122
11,98,FALSE,5.07291,1.07496
11,99,FALSE,5.06715,2.03064
11,100,FALSE,6.12777,1.10272
11,101,FALSE,3.03954,1.05251
11,103,FALSE,5.05878,1.14595
11,104,FALSE,5.02194,1.10854
11,106,FALSE,5.08102,1.08083
11,107,FALSE,6.14496,1.0149
11,109,FALSE,4.07464,1.13824
11,110,FALSE,3.01535,1.1077
11,111,FALSE,3.04997,1.00817
11,112,FALSE,2.04638,1.04356
11,113,FALSE,3.12878,1.07984
11,114,FALSE,1.12325,1.00654
11,115,FALSE,1.10496,1.07527
11,116,FALSE,3.0615,1.01123
11,117,FALSE,1.14344,1.04415
11,118,FALSE,3.10295,1.04283
11,120,FALSE,4.12692,1.0052
11,121,FALSE,1.14213,1.01554
11,122,FALSE,1.14623,1.00299
11,123,FALSE,1.12309,1.00325
11,124,FALSE,7.04335,1.00475
11,125,FALSE,4.11846,5.00214
11,126,FALSE,5.13279,5.04993
11,127,FALSE,4.0168,1.0788
11,128,FALSE,5.08608,1.02396
11,129,FALSE,5.14538,1.14627
11,130,FALSE,5.11429,5.1266
11,131,FALSE,1.0738,1.11526
11,133,FALSE,1.14674,1.00782
11,134,FALSE,1.09159,1.00058
11,135,FALSE,1.13487,1.02446
11,136,FALSE,1.14119,1.02929
11,137,FALSE,1.0516,1.05785
11,139,FALSE,1.0562,1.02638
11,140,FALSE,1.1116,1.01891
11,141,FALSE,1.07722,1.08409
11,142,FALSE,1.10292,1.0032
11,143,FALSE,1.12241,1.01022
11,144,FALSE,6.02089,1.00496
11,145,TRUE,5.06997,1
11,146,TRUE,1,1
11,147,FALSE,1,1.02837
11,148,TRUE,1,1
11,149,TRUE,3.09941,1
11,150,FALSE,1,5.10388
11,151,TRUE,1.11765,1
11,153,FALSE,1.14634,1.12217
11,154,FALSE,5.07712,1.08309
11,155,FALSE,7.01952,1.00774
11,156,FALSE,1.14245,1.07898
11,157,FALSE,1.14544,1.00767
11,158,FALSE,3.12852,1.08605
11,159,FALSE,3.09077,1.00347
11,160,FALSE,3.03128,1.04061
11,161,FALSE,3.10729,1.01279
11,162,FALSE,4.08702,4.11117
11,164,FALSE,7.11756,1.00242
11,165,FALSE,1.09678,5.13059
11,166,FALSE,5.10863,5.1359
11,167,FALSE,1.00189,1.06015
11,168,FALSE,1,5.10858
11,169,FALSE,5.13717,5.13994
11,173,FALSE,4.10154,1.08881
11,175,FALSE,1.05815,1.0578
11,176,FALSE,1.11798,1.09689
11,177,FALSE,5.14701,1.10274
11,178,FALSE,6.00085,4.00229
11,179,FALSE,5.12948,1.11516
11,180,FALSE,5.08769,2.01977
11,181,FALSE,5.09243,3.06123
11,182,FALSE,5.01865,1.14669
11,183,FALSE,5.12364,1.12738
11,184,FALSE,7.08489,1.10576
11,185,FALSE,5.04452,1.1462
11,186,FALSE,7.04165,1.08685
11,188,FALSE,5.09402,1.00266
11,189,FALSE,6.13418,4.09473
11,190,FALSE,3.09687,3.00854
11,191,FALSE,5.05933,1.08381
11,192,FALSE,5.1204,1.11727
11,193,FALSE,5.10727,6.11115
11,194,FALSE,5.06781,1.11309
11,195,FALSE,3.10745,1.14185
11,197,FALSE,5.14687,1.00195
11,198,FALSE,5.1105,1.12936
11,199,FALSE,5.09238,1.14739
11,200,FALSE,1.13481,1.13719
11,201,FALSE,1.13673,1.09805
11,202,FALSE,7.02764,7.05894
11,203,FALSE,5.12802,1.14614
11,204,FALSE,5.08164,1.12671
11,206,FALSE,5.0298,1.00307
11,207,FALSE,3.02644,1.1298
11,208,FALSE,1.14023,1.026
11,209,FALSE,3.0714,3.01148
11,210,FALSE,3.07987,3.02527
11,211,FALSE,3.02924,3.06273
11,212,FALSE,1.13107,1.10817
11,213,FALSE,3.10119,1.05341
11,216,FALSE,6.04612,1.11944
11,217,FALSE,4.07485,1.13115
11,218,FALSE,5.08282,1.10478
11,219,FALSE,5.09833,1.14575
11,222,FALSE,3.13062,1.12098
11,225,FALSE,3.07542,4.07548
11,226,FALSE,5.05859,1.09522
11,227,FALSE,7.0741,4.13194
11,229,FALSE,4.11225,3.11569
11,230,FALSE,3.11231,3.05467
11,233,FALSE,5.14282,1.01872
11,234,FALSE,5.0938,3.10452
11,235,FALSE,5.09545,3.01867
11,236,FALSE,1.13853,1.04176
11,237,FALSE,1.14113,1.0888
11,242,FALSE,4.06726,1.00638
11,243,FALSE,1.05225,1.11116
11,251,FALSE,4.09787,4.10139
11,252,FALSE,3.10444,1.11455
11,253,FALSE,5.08004,1.00012
11,254,FALSE,1.09583,1.00359
11,255,FALSE,3.12737,1.05537
11,256,FALSE,5.06424,1.06877
11,257,FALSE,5.02461,1.00518
11,258,FALSE,3.06417,1.13408
11,259,FALSE,1.13446,3.02457
11,260,FALSE,1.11279,1.0071
11,262,FALSE,6.11348,1.00631
11,263,FALSE,1.14714,1.00505
11,264,FALSE,4.05638,1.09158
11,265,FALSE,1.13763,1.14097
11,270,FALSE,1.13282,3.00079
11,271,FALSE,3.05798,1.10277
11,272,FALSE,1.14616,1.09752
11,273,FALSE,1.13427,1.06394
11,274,FALSE,1.12334,1.09478
11,275,FALSE,1.14076,3.04724
11,280,FALSE,1.1473,1.02475
11,289,FALSE,4.14652,1.05861
11,290,FALSE,1.14117,1.11008
11,291,FALSE,1.14286,1.14566
11,292,FALSE,1.10624,1.13298
11,293,FALSE,6.00903,5.0005
11,294,FALSE,1.14104,5.00929
11,295,FALSE,6.12951,5.01903
11,296,FALSE,1.02682,5.02236
11,297,FALSE,5.12786,1.10433
11,298,FALSE,5.11585,1.01913
11,299,FALSE,4.06943,1.06929
11,300,FALSE,5.06684,1.10603
11,301,FALSE,3.06495,1.03043
11,302,FALSE,5.14712,1.03104
11,303,FALSE,3.1184,1.08064
11,308,FALSE,6.04601,1.00264
11,317,FALSE,5.12202,1.03034
11,318,FALSE,6.00662,1.07901
11,319,FALSE,5.13272,1.0284
11,320,FALSE,2.06637,1.05591
11,321,FALSE,4.04471,1.05182
11,322,FALSE,3.09816,1.04379
11,323,FALSE,3.01725,1.06114
11,324,FALSE,3.12047,1.01206
11,325,FALSE,5.12034,1.03741
11,326,FALSE,3.03953,1.02719
11,328,FALSE,5.10002,1.06077
11,329,FALSE,6.03502,1.14568
11,330,FALSE,5.12859,1.11363
11,331,FALSE,5.14003,1.06682
11,332,FALSE,5.10423,1.11893
11,333,FALSE,5.10549,3.01516
11,334,FALSE,1.13944,1.12229
11,335,FALSE,5.14203,1.10957
11,336,FALSE,5.1151,1.04375
11,337,FALSE,5.13321,1.12862
11,339,FALSE,5.03692,1.05287
11,340,TRUE,1.05648,1
11,341,TRUE,5.0983,1
11,342,FALSE,1.08701,6.00672
11,343,TRUE,1,1
11,346,FALSE,5.14523,1.10128
11,347,FALSE,6.13815,1.12388
11,348,FALSE,5.00758,1.07781
11,349,FALSE,5.11535,1.03326
11,350,FALSE,4.02072,1.14355
11,351,FALSE,5.02179,1.12919
11,352,FALSE,4.0296,1.1081
11,353,FALSE,7.06007,4.01041
11,354,FALSE,5.14577,4.0833
11,355,FALSE,3.14039,1.07646
11,357,FALSE,4.07281,1.0493
11,358,FALSE,3.10723,1.08858
11,359,FALSE,3.01567,1.12416
11,361,FALSE,5.14281,1.10237
11,363,FALSE,5.0495,5.08354
11,364,FALSE,5.13467,5.1366
11,365,FALSE,3.06546,1.11264
11,366,FALSE,1.11643,1.11737
11,367,FALSE,5.1271,5.02027
11,370,FALSE,3.10714,1.10394
11,371,FALSE,3.05959,1.14428
11,372,FALSE,6.00777,1.13712
11,373,FALSE,1.1376,1.11917
11,374,FALSE,7.13312,1.01212
11,375,FALSE,1.04187,1.08614
11,376,FALSE,1.1066,1.06465
11,377,FALSE,1.08834,1.04953
11,378,FALSE,3.09428,3.07258
11,379,FALSE,1.14415,3.14319
11,380,FALSE,3.05573,4.06164
11,381,FALSE,1.12591,1.09766
11,383,FALSE,5.04624,1.08714
11,384,FALSE,5.1377,1.13996
11,385,FALSE,5.14546,1.00544
11,386,FALSE,5.01088,1.04334
11,387,FALSE,4.11503,1.07605
11,388,FALSE,1.12102,1.03188
11,389,FALSE,2.06341,1.06179
11,390,FALSE,2.07138,1.03622
11,391,FALSE,3.05137,1.03068
11,394,FALSE,5.14212,1.0072
11,395,FALSE,1.11166,5.00713
11,396,FALSE,1.0236,5.11161
11,397,FALSE,1.14641,5.10989
11,398,FALSE,3.06514,5.09302
11,403,FALSE,4.03718,1.06028
11,404,FALSE,4.04708,5.1085
11,405,FALSE,1.00954,5.05164
11,406,FALSE,1,1.01498
11,407,FALSE,3.00573,4.04631
11,408,TRUE,1.08537,1
11,412,FALSE,6.06734,5.00038
11,413,FALSE,1.14732,5.0034
11,414,FALSE,6.1452,5.0142
11,415,FALSE,3.14493,5.00034
11,416,FALSE,3.08207,3.10763
11,417,FALSE,3.04339,1.12598
11,418,FALSE,5.06289,5.0774
11,419,FALSE,5.14228,3.13968
11,420,FALSE,3.05489,3.12965
11,421,FALSE,5.10562,3.10107
11,422,FALSE,5.13746,1.12894
11,423,FALSE,3.09782,1.1121
11,425,FALSE,7.02386,1.08188
11,426,FALSE,4.11738,1.08273
11,427,FALSE,1.14273,1.11169
11,428,FALSE,3.12005,3.13243
11,429,FALSE,3.06016,3.0292
12,1,FALSE,3.07208,1.08334
12,3,FALSE,1.01154,1.05571
12,5,FALSE,7.07173,1.06171
12,6,FALSE,3.06166,1.06602
12,7,FALSE,1,1.01104
12,9,FALSE,1.12198,1.01938
12,10,FALSE,1.10481,1.00988
12,11,FALSE,1,1.06357
12,13,FALSE,1.13368,1.13664
12,17,FALSE,3.04906,1.08084
12,18,FALSE,1.10236,1.04167
12,19,TRUE,3.0057,1
12,21,FALSE,3.06117,1.08534
12,22,FALSE,1.13438,1.11604
12,25,FALSE,4.06115,1.0586
12,29,FALSE,1.1419,1.01724
12,30,FALSE,1.11816,1.10593
12,69,FALSE,4.13423,1.00176
12,70,FALSE,3.06911,3.02848
12,71,FALSE,3.05613,1.08536
12,72,FALSE,3.07771,3.08034
12,73,FALSE,3.03518,3.04505
12,74,FALSE,3.04499,3.04997
12,75,FALSE,3.13892,4.04578
12,76,FALSE,3.03345,1.12798
12,77,FALSE,1.14661,3.01178
12,78,FALSE,4.05289,1.11194
12,79,FALSE,3.0119,1.1313
12,82,FALSE,4.05541,1.02603
12,83,FALSE,3.10222,1.06382
12,84,FALSE,1,3.06061
12,85,TRUE,1.14594,1
12,86,TRUE,4.06416,1
12,91,FALSE,1.14471,1.03459
12,92,FALSE,3.00043,1.09667
12,93,FALSE,3.10946,1.13264
12,95,FALSE,1.14148,1.08978
12,98,FALSE,5.08401,1.08313
12,99,FALSE,5.10864,2.0494
12,100,FALSE,6.12006,1.12683
12,101,FALSE,3.11287,1.07428
12,103,FALSE,5.10776,1.13354
12,104,FALSE,5.06699,1.10469
12,106,FALSE,5.05758,1.03904
12,107,FALSE,6.06628,1.01204
12,109,FALSE,4.04535,1.13566
12,110,FALSE,3.14554,1.11167
12,111,FALSE,3.1355,1.00678
12,112,FALSE,2.10851,1.03262
12,113,FALSE,3.07187,1.01852
12,114,FALSE,1.14439,1.01421
12,115,FALSE,1.13498,1.02694
12,116,FALSE,3.0489,1.00307
12,117,FALSE,1.12977,1.07088
12,118,FALSE,3.14619,1.04363
12,120,FALSE,4.02498,1.00637
12,121,FALSE,1.14412,1.00221
12,122,FALSE,1.1439,1.00071
12,123,FALSE,1.14181,1.00143
12,124,FALSE,7.14255,1.00047
12,125,FALSE,4.08839,5.02956
12,126,FALSE,5.11597,5.06301
12,127,FALSE,4.05528,1.08143
12,128,FALSE,5.04631,1.00511
12,129,FALSE,5.03125,1.13835
12,130,FALSE,5.0449,5.05839
12,131,FALSE,1.03032,1.08085
12,133,FALSE,1.14304,1.01569
12,134,FALSE,1.10265,1.01716
12,135,FALSE,1.13869,1.10101
12,136,FALSE,1.10696,1.06262
12,137,TRUE,1.10928,1
12,139,FALSE,1.06501,1.03294
12,140,FALSE,1.06212,1.02692
12,141,FALSE,1.11691,1.08358
12,142,FALSE,1.04503,1.08845
12,143,FALSE,1.12133,1.00817
12,144,FALSE,1.12877,1.05769
12,145,TRUE,5.12774,1
12,146,TRUE,1,1
12,147,FALSE,1,1.05517
12,148,TRUE,1,1
12,149,TRUE,3.00056,1
12,150,FALSE,1,5.03487
12,151,TRUE,1.04291,1
12,153,FALSE,1.14545,1.13753
12,154,FALSE,5.14218,1.11037
12,155,FALSE,7.11586,1.01889
12,156,FALSE,3.08036,1.09123
12,157,FALSE,1.12737,1.01885
12,158,FALSE,3.12389,1.00584
12,159,FALSE,3.02119,1.03203
12,160,FALSE,3.01857,1.0611
12,161,FALSE,3.11967,1.07097
12,162,FALSE,4.11415,4.02341
12,164,FALSE,7.06109,1.01314
12,165,FALSE,1.08366,5.02029
12,166,FALSE,5.12265,5.12778
12,167,FALSE,1.01417,1.05273
12,168,FALSE,1,5.00517
12,169,FALSE,5.08065,5.10658
12,173,FALSE,3.11928,1.10272
12,175,FALSE,1.0802,1.0541
12,176,FALSE,1.11618,1.03328
12,177,FALSE,5.13573,1.11345
12,178,FALSE,5.1087,4.0015
12,179,FALSE,5.14421,1.11503
12,180,FALSE,5.12273,2.00872
12,181,FALSE,5.07061,3.03429
12,182,FALSE,5.01534,1.12968
12,183,FALSE,5.07082,1.1166
12,184,FALSE,7.06216,1.1052
12,185,FALSE,5.12905,1.13839
12,186,FALSE,7.1276,1.11789
12,188,FALSE,5.13145,1.0072
12,189,FALSE,6.01545,4.04628
12,190,FALSE,3.14527,1.14573
12,191,FALSE,5.13853,1.07606
12,192,FALSE,5.14589,1.13321
12,193,FALSE,5.01644,6.05355
12,194,FALSE,5.02718,1.11728
12,195,FALSE,3.01021,1.13638
12,197,FALSE,5.10314,1.0207
12,198,FALSE,5.0679,1.12077
12,199,FALSE,4.08529,1.11926
12,200,FALSE,1.12891,1.14309
12,201,FALSE,1.14059,1.1301
12,202,FALSE,7.02871,7.05871
12,203,FALSE,5.13439,4.05529
12,204,FALSE,5.0842,1.03545
12,206,FALSE,5.09672,1.01074
12,207,FALSE,3.05493,1.13582
12,208,FALSE,1.14244,1.06048
12,209,FALSE,3.06506,3.01637
12,210,FALSE,3.08557,3.00813
12,211,FALSE,3.00064,3.05812
12,212,FALSE,1.12361,1.06673
12,213,FALSE,3.05667,1.08744
12,216,FALSE,6.02088,1.09399
12,217,FALSE,4.02324,1.13601
12,218,FALSE,5.08793,1.09696
12,219,FALSE,5.05132,1.14033
12,222,FALSE,3.06763,1.10882
12,225,FALSE,3.11812,4.01634
12,226,FALSE,5.14632,1.09074
12,227,FALSE,7.10323,4.00473
12,229,FALSE,4.00903,3.10728
12,230,FALSE,3.07924,3.03756
12,233,FALSE,5.1282,1.03232
12,234,FALSE,5.06134,3.04662
12,235,FALSE,3.00981,3.04083
12,236,FALSE,1.10192,1.00023
12,237,FALSE,1.13732,1.13433
12,242,FALSE,4.1402,1.0005
12,243,FALSE,1.09783,1.11632
12,251,FALSE,4.09042,4.09838
12,252,FALSE,3.09229,1.1162
12,253,FALSE,5.10885,1.00664
12,254,FALSE,1.0905,1.04903
12,255,FALSE,3.08503,1.01523
12,256,FALSE,5.10431,1.05203
12,257,FALSE,5.00936,1.01612
12,258,FALSE,3.04978,1.05105
12,259,FALSE,1.14131,3.03853
12,260,FALSE,1.05119,1.10577
12,262,FALSE,6.09191,1.00525
12,263,FALSE,1.14336,1.01505
12,264,FALSE,4.12237,1.09454
12,265,FALSE,1.14109,1.07291
12,270,FALSE,1.13823,3.03483
12,271,FALSE,3.10918,1.09093
12,272,FALSE,1.13711,1.12179
12,273,FALSE,1.14503,1.07179
12,274,FALSE,1.13206,1.09917
12,275,FALSE,1.13611,3.03047
12,280,FALSE,1.14618,1.01406
12,289,FALSE,4.13411,1.06552
12,290,FALSE,1.1362,1.0963
12,291,FALSE,1.14283,1.13677
12,292,FALSE,1.11347,1.07897
12,293,FALSE,6.06818,5.00528
12,294,FALSE,5.05263,5.01029
12,295,FALSE,6.07984,5.01564
12,296,FALSE,1.07457,5.05291
12,297,FALSE,5.06922,1.14166
12,298,FALSE,5.07265,1.02537
12,299,FALSE,4.05963,1.08041
12,300,FALSE,5.12201,1.0597
12,301,FALSE,3.11889,1.01826
12,302,FALSE,5.14483,1.09757
12,303,FALSE,3.12498,1.12491
12,308,FALSE,6.10861,1.01706
12,317,FALSE,5.05801,1.04001
12,318,FALSE,6.0822,1.07512
12,319,FALSE,5.14669,1.07745
12,320,FALSE,5.12359,1.0453
12,321,FALSE,4.0815,1.03838
12,322,FALSE,3.1163,1.038
12,323,FALSE,3.10739,1.03096
12,324,FALSE,3.13399,1.02865
12,325,FALSE,5.02315,1.06286
12,326,FALSE,3.13669,1.04273
12,328,FALSE,5.05861,1.09116
12,329,FALSE,6.10169,1.13285
12,330,FALSE,5.14617,1.12296
12,331,FALSE,5.08298,1.07092
12,332,FALSE,5.10138,1.14563
12,333,FALSE,5.09444,3.11195
12,334,FALSE,1.10319,1.1018
12,335,FALSE,5.06116,1.11601
12,336,FALSE,5.11302,1.07245
12,337,FALSE,5.1146,1.07804
12,339,FALSE,5.04054,1.06422
12,340,TRUE,1.04212,1
12,341,TRUE,5.07203,1
12,342,FALSE,1.14524,6.05765
12,343,TRUE,1,1
12,346,FALSE,3.11672,1.09926
12,347,FALSE,6.11899,1.12551
12,348,FALSE,5.03615,1.09526
12,349,FALSE,5.11702,1.0142
12,350,FALSE,4.13375,1.12386
12,351,FALSE,5.11916,1.13243
12,352,FALSE,4.03609,1.13755
12,353,FALSE,7.08506,4.12739
12,354,FALSE,5.13563,4.12309
12,355,FALSE,3.14186,1.08095
12,357,FALSE,4.14072,1.05899
12,358,FALSE,3.09282,1.06687
12,359,FALSE,3.00343,1.1257
12,361,FALSE,5.07164,1.09165
12,363,FALSE,5.11868,5.12468
12,364,FALSE,5.07423,5.12318
12,365,FALSE,3.09964,1.0222
12,366,FALSE,1.10824,1.106
12,367,FALSE,5.06533,5.07163
12,370,FALSE,3.13787,1.09786
12,371,FALSE,4.00344,1.14542
12,372,FALSE,6.02846,1.14306
12,373,FALSE,1.142,1.08023
12,374,FALSE,7.10327,1.0008
12,375,FALSE,1.02067,1.13132
12,376,FALSE,1.07201,1.02505
12,377,FALSE,1.02447,1.01091
12,378,FALSE,3.07258,3.08016
12,379,FALSE,1.12461,3.04102
12,380,FALSE,3.05789,4.03898
12,381,FALSE,1.13857,1.13578
12,383,FALSE,5.07583,1.04442
12,384,FALSE,5.14015,1.13972
12,385,FALSE,5.13103,1.00348
12,386,FALSE,5.07602,1.03325
12,387,FALSE,4.09222,1.00908
12,388,FALSE,1.14031,1.01586
12,389,FALSE,2.0146,1.08745
12,390,FALSE,5.09041,1.01443
12,391,FALSE,3.11874,1.02365
12,394,FALSE,5.07189,1.01045
12,395,FALSE,1.07157,5.02205
12,396,FALSE,1.12056,5.13114
12,397,FALSE,1.13268,5.0295
12,398,FALSE,3.10212,5.01129
12,403,FALSE,4.12638,1.04209
12,404,FALSE,4.05689,5.08145
12,405,FALSE,1.09512,5.0472
12,406,FALSE,1.1091,1.00794
12,407,FALSE,3.10702,4.02085
12,408,TRUE,1.06208,1
12,412,FALSE,6.11828,5.00265
12,413,FALSE,5.13778,5.00123
12,414,FALSE,6.09947,5.01767
12,415,FALSE,3.00179,5.02305
12,416,FALSE,3.01863,3.10451
12,417,FALSE,3.06682,1.14416
12,418,FALSE,5.08945,5.09476
12,419,FALSE,5.07218,3.08248
12,420,FALSE,3.03204,3.08057
12,421,FALSE,5.03401,3.05354
12,422,FALSE,5.14648,1.13
12,423,FALSE,3.08626,1.12992
12,425,FALSE,7.02265,1.10376
12,426,FALSE,4.06956,1.06976
12,427,FALSE,1.13745,1.11221
12,428,FALSE,3.03529,3.12207
12,429,FALSE,3.13269,3.12996
13,1,FALSE,3.14213,1.07757
13,3,FALSE,1.01477,1.03353
13,5,FALSE,7.14678,1.05769
13,6,FALSE,3.05436,1.06873
13,7,FALSE,1,1.00594
13,9,FALSE,1.13613,1.02863
13,10,FALSE,1.13525,1.02445
13,11,FALSE,1,1.09829
13,13,FALSE,1.11805,1.12443
13,17,FALSE,4.05903,1.03786
13,18,FALSE,1.07784,1.0731
13,19,TRUE,3.02446,1
13,21,FALSE,4.13991,1.08367
13,22,FALSE,1.13552,1.13166
13,25,FALSE,4.10496,1.03508
13,29,FALSE,1.14441,1.02204
13,30,FALSE,1.1305,1.10638
13,69,FALSE,4.10884,1.00199
13,70,FALSE,3.0761,3.00962
13,71,FALSE,3.10431,1.08734
13,72,FALSE,3.07381,3.10128
13,73,FALSE,3.10209,3.00027
13,74,FALSE,3.04206,3.06434
13,75,FALSE,3.14625,4.03367
13,76,FALSE,3.14502,1.1457
13,77,FALSE,1.13542,3.02761
13,78,FALSE,4.12043,1.10547
13,79,FALSE,3.04119,1.13032
13,82,FALSE,4.04879,1.06658
13,83,FALSE,3.09473,1.02817
13,84,FALSE,1,3.05017
13,85,TRUE,1.01639,1
13,86,TRUE,4.02044,1
13,91,FALSE,1.14469,1.03141
13,92,FALSE,3.10735,1.11557
13,93,FALSE,3.09053,1.10603
13,95,FALSE,1.14715,1.04362
13,98,FALSE,5.01156,1.07525
13,99,FALSE,5.14501,2.05013
13,100,FALSE,6.07178,1.10894
13,101,FALSE,3.10283,1.03062
13,103,FALSE,5.11859,1.10062
13,104,FALSE,5.03605,1.05123
13,106,FALSE,5.03659,1.06479
13,107,FALSE,6.07745,1.0178
13,109,FALSE,4.00999,1.12282
13,110,FALSE,3.08733,1.11312
13,111,FALSE,3.08722,1.04637
13,112,FALSE,2.10275,1.03215
13,113,FALSE,3.14589,1.07834
13,114,FALSE,1.13603,1.01085
13,115,FALSE,1.14097,1.03149
13,116,FALSE,3.06262,1.00894
13,117,FALSE,1.14444,1.04843
13,118,FALSE,3.10905,1.02429
13,120,FALSE,4.09326,1.00055
13,121,FALSE,1.14616,1.0076
13,122,FALSE,1.14215,1.00174
13,123,FALSE,1.09042,1.00338
13,124,FALSE,7.06319,1.00227
13,125,FALSE,4.10304,5.00895
13,126,FALSE,5.07273,5.01339
13,127,FALSE,4.06708,1.12118
13,128,FALSE,5.03779,1.08502
13,129,FALSE,5.047,1.13915
13,130,FALSE,5.07284,5.09641
13,131,FALSE,1.10495,1.0414
13,133,FALSE,1.1401,1.01426
13,134,FALSE,1.08876,1.05284
13,135,FALSE,1.13844,1.00079
13,136,FALSE,1.10971,1.05292
13,137,TRUE,1.13219,1
13,139,FALSE,1.10376,1.06687
13,140,FALSE,1.14581,1.13389
13,141,FALSE,1.04271,1.02448
13,142,FALSE,1.13669,1.00396
13,143,FALSE,1.14725,1.04688
13,144,FALSE,1.08855,1.13652
13,145,TRUE,5.13095,1
13,146,TRUE,1,1
13,147,FALSE,1,1.05207
13,148,TRUE,1,1
13,149,TRUE,3.07838,1
13,150,FALSE,1,5.0867
13,151,TRUE,1.02401,1
13,153,FALSE,1.12793,1.11841
13,154,FALSE,5.07108,1.12142
13,155,FALSE,7.02637,1.03138
13,156,FALSE,1.13745,1.13829
13,157,FALSE,1.14257,1.02277
13,158,FALSE,3.06898,1.01766
13,159,FALSE,3.1174,1.02905
13,160,FALSE,3.02528,1.06163
13,161,FALSE,3.0978,1.07044
13,162,FALSE,4.03871,4.07915
13,164,FALSE,7.03518,1.01172
13,165,FALSE,1.10444,5.05654
13,166,FALSE,5.02639,5.06284
13,167,FALSE,1.03336,1.11082
13,168,FALSE,1,5.09299
13,169,FALSE,5.07799,5.10383
13,173,FALSE,4.03959,1.09881
13,175,FALSE,1.09041,1.09677
13,176,FALSE,1.09723,1.10377
13,177,FALSE,5.1283,1.1163
13,178,FALSE,6.13771,4.03459
13,179,FALSE,5.12723,1.14449
13,180,FALSE,5.02993,2.00242
13,181,FALSE,5.12408,3.08372
13,182,FALSE,5.01319,1.14399
13,183,FALSE,5.13444,1.08506
13,184,FALSE,7.00714,1.09106
13,185,FALSE,5.03124,1.10708
13,186,FALSE,7.00219,1.11545
13,188,FALSE,5.14514,1.00047
13,189,FALSE,6.0304,4.132
13,190,FALSE,3.14243,1.12906
13,191,FALSE,5.08325,1.07417
13,192,FALSE,5.1266,1.12574
13,193,FALSE,5.01351,6.03467
13,194,FALSE,5.06409,1.10393
13,195,FALSE,3.14461,1.0822
13,197,FALSE,5.14377,1.00641
13,198,FALSE,5.04359,1.14156
13,199,FALSE,4.07048,1.1315
13,200,FALSE,1.1451,1.13474
13,201,FALSE,1.11416,1.10621
13,202,FALSE,7.11695,7.08269
13,203,FALSE,5.13792,4.04621
13,204,FALSE,5.05973,1.09424
13,206,FALSE,5.05754,1.00111
13,207,FALSE,3.05136,1.12939
13,208,FALSE,1.13419,1.08255
13,209,FALSE,3.08085,3.00789
13,210,FALSE,3.07055,3.08603
13,211,FALSE,3.08992,3.12735
13,212,FALSE,1.11371,1.07846
13,213,FALSE,3.0321,1.08653
13,216,FALSE,6.00944,1.1134
13,217,FALSE,4.13601,1.13759
13,218,FALSE,5.03422,1.12753
13,219,FALSE,5.02847,1.128
13,222,FALSE,3.00012,1.11512
13,225,FALSE,3.14311,4.01916
13,226,FALSE,5.04127,1.05702
13,227,FALSE,7.04603,4.02868
13,229,FALSE,4.06234,3.12374
13,230,FALSE,3.1149,3.09055
13,233,FALSE,5.12094,1.00331
13,234,FALSE,5.01151,3.03808
13,235,FALSE,5.01076,3.10536
13,236,FALSE,1.12561,1.0693
13,237,FALSE,1.13578,1.14278
13,242,FALSE,4.13594,1.00485
13,243,FALSE,1.07497,1.11815
13,251,FALSE,4.12976,4.04949
13,252,FALSE,3.13121,1.11666
13,253,FALSE,5.00735,1.0395
13,254,FALSE,1.0898,1.04733
13,255,FALSE,3.14248,1.02558
13,256,FALSE,5.12924,1.04683
13,257,FALSE,5.14008,1.00921
13,258,FALSE,3.05931,1.0778
13,259,FALSE,1.07467,3.06293
13,260,FALSE,1.12246,1.06707
13,262,FALSE,6.11285,1.00521
13,263,FALSE,1.14326,1.03965
13,264,FALSE,4.05971,1.13182
13,265,FALSE,1.1091,1.14518
13,270,FALSE,1.14092,3.05647
13,271,FALSE,3.05003,1.13158
13,272,FALSE,1.13066,1.13793
13,273,FALSE,1.11933,1.1123
13,274,FALSE,1.09636,1.10423
13,275,FALSE,1.13478,3.03481
13,280,FALSE,1.13368,1.00104
13,289,FALSE,4.11731,1.08042
13,290,FALSE,1.14463,1.10766
13,291,FALSE,1.14396,1.14665
13,292,FALSE,1.14683,1.05779
13,293,FALSE,6.1242,5.00317
13,294,FALSE,5.12513,5.01178
13,295,FALSE,6.04344,5.0036
13,296,FALSE,5.04293,5.04077
13,297,FALSE,5.13338,1.11832
13,298,FALSE,5.09375,1.01919
13,299,FALSE,4.03631,1.03433
13,300,FALSE,5.12414,1.09034
13,301,FALSE,3.12601,1.03771
13,302,FALSE,5.10695,1.0628
13,303,FALSE,3.11671,1.08672
13,308,FALSE,6.02567,1.01827
13,317,FALSE,5.00373,1.0012
13,318,FALSE,6.09221,1.10521
13,319,FALSE,5.13485,1.09171
13,320,FALSE,2.14387,1.01932
13,321,FALSE,4.13958,1.04259
13,322,FALSE,3.03861,1.01485
13,323,FALSE,3.12739,1.04887
13,324,FALSE,3.14171,1.01798
13,325,FALSE,5.11411,1.03314
13,326,FALSE,3.1085,1.00835
13,328,FALSE,5.07702,1.0651
13,329,FALSE,6.12397,1.14155
13,330,FALSE,5.14091,1.10181
13,331,FALSE,3.09425,1.03634
13,332,FALSE,5.14718,1.10948
13,333,FALSE,5.1314,3.14231
13,334,FALSE,1.13715,1.12222
13,335,FALSE,5.01966,1.09417
13,336,FALSE,5.04322,1.03024
13,337,FALSE,5.0994,1.09201
13,339,FALSE,5.00524,1.0979
13,340,TRUE,1.11517,1
13,341,TRUE,5.10098,1
13,342,FALSE,1.05439,6.10155
13,343,TRUE,1,1
13,346,FALSE,5.05448,1.1161
13,347,FALSE,6.113,1.13407
13,348,FALSE,5.08861,1.08131
13,349,FALSE,5.05884,1.00507
13,350,FALSE,4.14087,1.13775
13,351,FALSE,5.11164,1.13327
13,352,FALSE,4.10016,1.03906
13,353,FALSE,7.08074,4.04889
13,354,FALSE,5.09503,4.07391
13,355,FALSE,3.13173,1.04618
13,357,FALSE,4.11742,1.07719
13,358,FALSE,3.07598,1.07665
13,359,FALSE,3.12112,1.12564
13,361,FALSE,5.02196,1.09035
13,363,FALSE,5.04726,5.05247
13,364,FALSE,5.13811,5.13816
13,365,FALSE,3.08631,1.09774
13,366,FALSE,1.09104,1.08493
13,367,FALSE,5.1151,5.03798
13,370,FALSE,3.14381,1.08016
13,371,FALSE,3.09392,1.13945
13,372,FALSE,6.01768,1.14208
13,373,FALSE,1.14426,1.08673
13,374,FALSE,7.09699,1.05055
13,375,FALSE,1.14549,1.04624
13,376,FALSE,1.12026,1.04435
13,377,FALSE,1.13155,1.11527
13,378,FALSE,3.11831,3.1332
13,379,FALSE,1.14685,3.0503
13,380,FALSE,3.14495,4.02594
13,381,FALSE,1.1076,1.12756
13,383,FALSE,5.13633,1.08535
13,384,FALSE,5.14657,1.1411
13,385,FALSE,5.14499,1.00776
13,386,FALSE,5.05954,1.00155
13,387,FALSE,4.04354,1.00401
13,388,FALSE,1.12909,1.00018
13,389,FALSE,2.10135,1.03902
13,390,FALSE,2.0436,1.00297
13,391,FALSE,3.00063,1.01195
13,394,FALSE,5.05206,1.00076
13,395,FALSE,1.1049,5.06549
13,396,FALSE,1.1064,5.02227
13,397,FALSE,1.08607,5.01633
13,398,FALSE,3.02265,5.10077
13,403,FALSE,4.05369,1.03164
13,404,FALSE,4.13796,5.08003
13,405,FALSE,1.04082,5.02527
13,406,FALSE,1.02098,1.04047
13,407,FALSE,3.14401,4.14423
13,408,TRUE,1.06003,1
13,412,FALSE,6.12736,5.00026
13,413,FALSE,5.13999,5.00106
13,414,FALSE,6.05069,5.01877
13,415,FALSE,3.11452,5.01194
13,416,FALSE,3.03195,3.09391
13,417,FALSE,3.12703,1.13213
13,418,FALSE,5.04409,5.06464
13,419,FALSE,5.08179,3.1197
13,420,FALSE,3.02727,3.12378
13,421,FALSE,5.12632,3.0903
13,422,FALSE,3.03806,3.0606
13,423,FALSE,3.11813,1.12617
13,425,FALSE,1.0942,1.00983
13,426,FALSE,4.10529,1.06181
13,427,FALSE,1.1402,1.1203
13,428,FALSE,3.13042,3.07739
13,429,FALSE,3.0557,3.03351
14,1,FALSE,3.13411,1.06315
14,3,FALSE,1.01804,1.09806
14,5,FALSE,7.08219,1.06898
14,6,FALSE,3.00963,1.09865
14,7,FALSE,1,1.00224
14,9,FALSE,1.13354,1.00417
14,10,FALSE,1.06212,1.0593
14,11,FALSE,1,1.07738
14,13,FALSE,1.11465,1.11769
14,17,FALSE,3.04518,1.03185
14,18,FALSE,1.05186,1.0541
14,19,TRUE,3.09979,1
14,21,FALSE,3.04701,1.07592
14,22,FALSE,1.13683,1.12969
14,25,FALSE,4.12802,1.04818
14,29,FALSE,1.14505,1.02078
14,30,FALSE,1.14207,1.07051
14,69,FALSE,4.12506,1.00629
14,70,FALSE,3.13149,3.04355
14,71,FALSE,3.10104,1.10367
14,72,FALSE,3.07396,3.05322
14,73,FALSE,3.01983,3.02278
14,74,FALSE,3.04689,3.06025
14,75,FALSE,3.14652,4.00061
14,76,FALSE,3.1182,1.13375
14,77,FALSE,1.14416,3.01637
14,78,FALSE,3.00894,1.09981
14,79,FALSE,3.11669,1.12252
14,82,FALSE,4.13755,1.03154
14,83,FALSE,1.09779,1.12749
14,84,FALSE,1,3.08693
14,85,TRUE,1.03481,1
14,86,TRUE,4.0376,1
14,91,FALSE,1.14157,1.03076
14,92,FALSE,3.11476,1.10631
14,93,FALSE,3.11934,1.12529
14,95,FALSE,1.13798,1.05327
14,98,FALSE,5.11597,1.0807
14,99,FALSE,5.12594,2.03785
14,100,FALSE,6.09603,1.11085
14,101,FALSE,3.06691,1.05409
14,103,FALSE,5.0198,1.12433
14,104,FALSE,5.07598,1.11567
14,106,FALSE,5.03926,1.0649
14,107,FALSE,6.04488,1.00419
14,109,FALSE,4.13344,1.11837
14,110,FALSE,3.11477,1.11491
14,111,FALSE,3.13625,1.01921
14,112,FALSE,2.11758,1.02813
14,113,FALSE,3.05722,1.08137
14,114,FALSE,1.12098,1.00553
14,115,FALSE,1.14543,1.09861
14,116,FALSE,3.08392,1.03347
14,117,FALSE,1.12165,1.08795
14,118,FALSE,3.13296,1.00844
14,120,FALSE,4.14466,1.00326
14,121,FALSE,1.14474,1.0093
14,122,FALSE,1.14081,1.01741
14,123,FALSE,1.09966,1.00181
14,124,FALSE,7.11761,1.02983
14,125,FALSE,4.06698,5.00011
14,126,FALSE,5.1413,5.10625
14,127,FALSE,4.01643,1.09864
14,128,FALSE,5.14053,1.02485
14,129,FALSE,5.09569,1.14485
14,130,FALSE,5.11763,5.11846
14,131,FALSE,1.07822,1.03491
14,133,FALSE,1.14562,1.01912
14,134,FALSE,1.11392,1.00691
14,135,FALSE,1.14247,1.10983
14,136,FALSE,1.12946,1.0333
14,137,FALSE,1.1085,1.07692
14,139,FALSE,1.1159,1.07978
14,140,FALSE,1.10116,1.00083
14,141,FALSE,1.0722,1.12826
14,142,FALSE,1.12621,1.02224
14,143,FALSE,1.14044,1.00747
14,144,FALSE,1.11376,1.12909
14,145,FALSE,1,5.04796
14,146,TRUE,1,1
14,147,FALSE,1,1.05968
14,148,TRUE,1,1
14,149,TRUE,3.03712,1
14,150,FALSE,1,5.07365
14,151,TRUE,1.07248,1
14,153,FALSE,1.14491,1.12451
14,154,FALSE,5.11707,1.0865
14,155,FALSE,3.11404,1.00425
14,156,FALSE,1.14382,1.09805
14,157,FALSE,1.14523,1.00424
14,158,FALSE,3.02838,1.03219
14,159,FALSE,3.02213,1.06508
14,160,FALSE,3.04258,1.04645
14,161,FALSE,3.10793,1.07557
14,162,FALSE,4.08167,4.14627
14,164,FALSE,7.11804,1.00216
14,165,FALSE,1.13864,5.08243
14,166,FALSE,5.13874,5.1429
14,167,FALSE,1.06198,1.07537
14,168,FALSE,1,5.07158
14,169,FALSE,5.09919,5.13631
14,173,FALSE,4.12391,1.08498
14,175,FALSE,1.06865,1.07326
14,176,FALSE,1.07982,1.07064
14,177,FALSE,5.1368,1.12938
14,178,FALSE,6.0983,4.00398
14,179,FALSE,5.11869,1.14574
14,180,FALSE,5.09193,2.06919
14,181,FALSE,5.10822,3.04186
14,182,FALSE,5.00805,1.14678
14,183,FALSE,5.05926,1.13233
14,184,FALSE,7.03489,1.10654
14,185,FALSE,5.00393,1.14104
14,186,FALSE,7.0403,1.09071
14,188,FALSE,7.10111,1.00781
14,189,FALSE,6.1234,4.10526
14,190,FALSE,3.01713,1.11054
14,191,FALSE,5.12393,1.06286
14,192,FALSE,5.09339,1.144
14,193,FALSE,5.06947,6.12224
14,194,FALSE,5.06274,1.1055
14,195,FALSE,3.04693,1.12616
14,197,FALSE,5.14303,1.00135
14,198,FALSE,5.08265,1.11108
14,199,FALSE,4.06575,3.02018
14,200,FALSE,1.08913,1.12806
14,201,FALSE,1.12527,1.11831
14,202,FALSE,7.01688,7.02036
14,203,FALSE,5.14193,4.12374
14,204,FALSE,5.08473,1.06902
14,206,FALSE,5.10543,1.00281
14,207,FALSE,3.09676,1.1265
14,208,FALSE,1.13514,1.03983
14,209,FALSE,3.08375,3.04324
14,210,FALSE,3.14014,3.01275
14,211,FALSE,3.09693,3.10363
14,212,FALSE,1.11428,1.08878
14,213,FALSE,3.13099,1.04015
14,216,FALSE,6.01656,1.0994
14,217,FALSE,4.12642,1.14084
14,218,FALSE,5.06867,1.07204
14,219,FALSE,5.12193,3.00945
14,222,FALSE,3.11126,1.09393
14,225,FALSE,3.12509,4.05026
14,226,FALSE,5.12644,1.11519
14,227,FALSE,7.02004,4.01142
14,229,FALSE,4.05886,3.07882
14,230,FALSE,4.03877,3.07656
14,233,FALSE,5.1216,1.03951
14,234,FALSE,5.02883,3.0164
14,235,FALSE,3.03099,3.03646
14,236,FALSE,1.12001,1.04785
14,237,FALSE,1.09189,1.12397
14,242,FALSE,4.07244,1.01571
14,243,FALSE,1.11471,1.12428
14,251,FALSE,4.12861,4.0749
14,252,FALSE,3.14445,1.14155
14,253,FALSE,5.09523,1.00395
14,254,FALSE,1.11371,1.00682
14,255,FALSE,3.01361,1.06103
14,256,FALSE,5.00518,1.00003
14,257,FALSE,5.1089,1.05796
14,258,FALSE,3.05367,1.07275
14,259,FALSE,1.10834,3.04311
14,260,FALSE,1.12674,1.01558
14,262,FALSE,6.04259,1.01577
14,263,FALSE,1.1465,1.02725
14,264,FALSE,4.10941,1.12566
14,265,FALSE,1.11713,1.12822
14,270,FALSE,1.13651,3.05518
14,271,FALSE,3.12004,1.14321
14,272,FALSE,1.12914,1.12755
14,273,FALSE,1.14707,1.14257
14,274,FALSE,1.11105,1.03589
14,275,FALSE,1.13943,3.0535
14,280,FALSE,1.07368,1.01662
14,289,FALSE,4.11048,1.09346
14,290,FALSE,1.14453,1.11582
14,291,FALSE,1.14131,1.13522
14,292,FALSE,1.13278,1.11188
14,293,FALSE,6.1054,5.02
14,294,FALSE,5.10918,5.01356
14,295,FALSE,6.0519,5.04195
14,296,FALSE,1.12058,5.00287
14,297,FALSE,5.12655,1.11151
14,298,FALSE,5.09619,1.0245
14,299,FALSE,4.06404,1.12628
14,300,FALSE,5.03214,1.07612
14,301,FALSE,3.05168,1.07029
14,302,FALSE,5.1153,1.02185
14,303,FALSE,3.0964,1.13531
14,308,FALSE,6.08449,1.00092
14,317,FALSE,3.02263,1.0219
14,318,FALSE,6.02159,1.07676
14,319,FALSE,5.1081,1.06152
14,320,FALSE,5.05579,1.05511
14,321,FALSE,4.00162,1.05486
14,322,FALSE,3.02818,1.06451
14,323,FALSE,3.03426,1.003
14,324,FALSE,3.04384,1.03122
14,325,FALSE,5.11708,1.05541
14,326,FALSE,3.07523,1.04939
14,328,FALSE,5.13077,1.05831
14,329,FALSE,6.00582,2.11762
14,330,FALSE,5.14383,1.09736
14,331,FALSE,3.03602,1.06737
14,332,FALSE,5.13121,1.13526
14,333,FALSE,5.13123,3.02859
14,334,FALSE,1.14386,1.10244
14,335,FALSE,5.09608,1.12903
14,336,FALSE,5.13054,1.05358
14,337,FALSE,5.13633,1.093
14,339,FALSE,5.10693,1.11124
14,340,TRUE,1.09019,1
14,341,TRUE,5.13456,1
14,342,FALSE,1.13607,6.11433
14,343,TRUE,1,1
14,346,FALSE,5.01031,1.08067
14,347,FALSE,6.02756,1.13578
14,348,FALSE,5.01279,1.06879
14,349,FALSE,5.04289,1.02503
14,350,FALSE,4.06577,1.12781
14,351,FALSE,5.11874,1.12836
14,352,FALSE,4.00117,1.06773
14,353,FALSE,7.09191,4.06421
14,354,FALSE,5.13644,4.07125
14,355,FALSE,3.08469,1.09593
14,357,FALSE,4.09463,1.06808
14,358,FALSE,3.00776,1.107
14,359,FALSE,3.09081,1.10402
14,361,FALSE,5.1183,1.07711
14,363,FALSE,5.08328,5.11321
14,364,FALSE,5.03242,5.036
14,365,FALSE,3.025,1.08865
14,366,FALSE,1.13844,1.09711
14,367,FALSE,5.03675,5.0355
14,370,FALSE,3.13174,1.09915
14,371,FALSE,3.12118,1.14725
14,372,FALSE,6.00889,1.14232
14,373,FALSE,1.12544,1.12634
14,374,FALSE,7.11904,1.02283
14,375,FALSE,3.01748,1.02321
14,376,FALSE,1.05795,1.11175
14,377,FALSE,1.13302,1.04719
14,378,FALSE,3.10325,3.08487
14,379,FALSE,1.11808,3.04043
14,380,FALSE,3.09848,4.03241
14,381,FALSE,1.13044,1.13304
14,383,FALSE,5.12181,1.07713
14,384,FALSE,5.13349,1.14012
14,385,FALSE,5.13963,1.00435
14,386,FALSE,5.11545,1.0071
14,387,FALSE,4.07663,1.00486
14,388,FALSE,1.14598,1.00813
14,389,FALSE,2.00427,1.05762
14,390,FALSE,5.07102,1.02745
14,391,FALSE,3.06004,1.013
14,394,FALSE,5.07336,1.01292
14,395,FALSE,1.13686,5.0011
14,396,FALSE,1.03977,5.05772
14,397,FALSE,1.14337,5.00047
14,398,FALSE,3.06159,5.08524
14,403,FALSE,4.03511,1.07689
14,404,FALSE,4.12013,5.07572
14,405,FALSE,1.06941,5.0319
14,406,FALSE,1.08969,1.01513
14,407,FALSE,3.11463,4.08272
14,408,TRUE,1.02052,1
14,412,FALSE,6.06447,5.00288
14,413,FALSE,5.10662,5.00496
14,414,FALSE,6.06346,5.02768
14,415,FALSE,3.05333,5.02517
14,416,FALSE,3.0466,3.13444
14,417,FALSE,3.11439,1.1334
14,418,FALSE,5.07851,5.10682
14,419,FALSE,3.09305,4.02784
14,420,FALSE,3.05228,3.11654
14,421,FALSE,5.0644,3.14211
14,422,FALSE,3.10328,3.12139
14,423,FALSE,3.12213,1.09994
14,425,FALSE,7.08013,1.01759
14,426,FALSE,4.09524,1.0767
14,427,FALSE,1.14244,1.0737
14,428,FALSE,3.1186,3.08773
14,429,FALSE,3.14339,3.00218
15,1,FALSE,3.12348,1.0406
15,3,FALSE,1.04892,1.04902
15,5,FALSE,7.13498,1.03907
15,6,FALSE,3.02214,1.08755
15,7,FALSE,1,1.02315
15,9,FALSE,1.12868,1.00455
15,10,FALSE,1.03952,1.0182
15,11,FALSE,1,1.13193
15,13,FALSE,1.10083,1.10588
15,17,FALSE,3.09121,1.04673
15,18,FALSE,1.08689,1.05715
15,19,TRUE,3.00884,1
15,21,FALSE,3.08613,1.07691
15,22,FALSE,1.12973,1.11686
15,25,FALSE,1.14188,1.0166
15,29,FALSE,1.1391,1.03954
15,30,FALSE,1.14674,1.08256
15,69,FALSE,4.05126,1.00301
15,70,FALSE,3.0752,3.01737
15,71,FALSE,1.13024,1.09713
15,72,FALSE,3.09694,3.09603
15,73,FALSE,3.13375,3.02959
15,74,FALSE,7.07856,3.04007
15,75,FALSE,3.13322,4.01745
15,76,FALSE,1.1348,1.13848
15,77,FALSE,1.12683,3.03613
15,78,FALSE,3.11297,1.10196
15,79,FALSE,3.04278,1.13033
15,82,FALSE,4.14472,1.00798
15,83,FALSE,3.00169,1.09077
15,84,FALSE,1,3.11272
15,85,TRUE,1.04444,1
15,86,TRUE,4.0397,1
15,91,FALSE,1.1425,1.06572
15,92,FALSE,3.00382,1.10061
15,93,FALSE,3.13149,1.11115
15,95,FALSE,1.14235,1.05403
15,98,FALSE,5.12411,1.05425
15,99,FALSE,5.0958,2.05486
15,100,FALSE,6.02649,1.12546
15,101,FALSE,3.13896,1.05542
15,103,FALSE,5.12634,1.11016
15,104,FALSE,5.12105,1.08065
15,106,FALSE,5.05698,1.09811
15,107,FALSE,6.04669,1.00059
15,109,FALSE,4.01596,1.14082
15,110,FALSE,3.00462,1.11681
15,111,FALSE,3.10713,1.00084
15,112,FALSE,2.14117,1.00761
15,113,FALSE,3.12084,1.09196
15,114,FALSE,1.14404,1.01946
15,115,FALSE,1.14563,1.04416
15,116,FALSE,3.04769,1.02265
15,117,FALSE,1.12301,1.07328
15,118,FALSE,3.10368,1.0672
15,120,FALSE,4.1224,1.00193
15,121,FALSE,1.14688,1.00839
15,122,FALSE,1.13973,1.01529
15,123,FALSE,1.14285,1.00308
15,124,FALSE,7.13875,1.00236
15,125,FALSE,4.08616,5.0016
15,126,FALSE,5.07518,5.02487
15,127,FALSE,4.12391,1.10595
15,128,FALSE,5.1163,1.03092
15,129,FALSE,5.13119,1.09404
15,130,FALSE,5.09866,5.11863
15,131,FALSE,1.14027,1.00681
15,133,FALSE,1.1461,1.00077
15,134,FALSE,1.14124,1.00471
15,135,FALSE,1.13071,1.0477
15,136,FALSE,1.12918,1.00609
15,137,FALSE,1.1364,1.04843
15,139,FALSE,1.10691,1.03097
15,140,FALSE,1.14664,1.05079
15,141,FALSE,1.13687,1.05516
15,142,FALSE,1.07115,1.06178
15,143,FALSE,1.13557,1.03199
15,144,FALSE,1.07552,1.14442
15,145,TRUE,5.08692,1
15,146,TRUE,1,1
15,147,TRUE,1.01237,1
15,148,TRUE,1,1
15,149,TRUE,3.01788,1
15,150,FALSE,1,5.1222
15,151,TRUE,1.09533,1
15,153,FALSE,1.14241,1.14376
15,154,FALSE,5.09306,1.11006
15,155,FALSE,7.11775,1.01591
15,156,FALSE,1.12239,1.08105
15,157,FALSE,1.11368,1.01885
15,158,FALSE,3.14529,1.07818
15,159,FALSE,3.04981,1.01007
15,160,FALSE,3.03298,1.04903
15,161,FALSE,3.07528,1.12086
15,162,FALSE,4.04244,4.12669
15,164,FALSE,7.13013,1.01513
15,165,FALSE,1.0468,5.05309
15,166,FALSE,5.03997,5.07171
15,167,FALSE,1.00363,1.11463
15,168,FALSE,1,5.12597
15,169,FALSE,5.08056,5.10866
15,173,FALSE,4.10714,1.09334
15,175,FALSE,1.05553,1.0487
15,176,FALSE,1.07479,1.11749
15,177,FALSE,5.10586,1.12238
15,178,FALSE,5.09655,4.00655
15,179,FALSE,5.11233,1.14323
15,180,FALSE,5.03627,2.12211
15,181,FALSE,5.04875,3.05119
15,182,FALSE,5.02334,1.14058
15,183,FALSE,5.142,1.12487
15,184,FALSE,7.00836,1.12431
15,185,FALSE,5.10203,1.13773
15,186,FALSE,7.0698,1.06368
15,188,FALSE,5.10177,1.00422
15,189,FALSE,6.04393,4.14223
15,190,FALSE,3.1112,3.02424
15,191,FALSE,5.02932,1.07997
15,192,FALSE,5.13969,1.13956
15,193,FALSE,5.0081,6.09926
15,194,FALSE,5.09368,1.12718
15,195,FALSE,3.04434,1.1448
15,197,FALSE,5.07645,1.01459
15,198,FALSE,5.09644,1.12145
15,199,FALSE,5.03389,1.10969
15,200,FALSE,1.14096,1.1263
15,201,FALSE,1.14639,1.08757
15,202,FALSE,7.05222,7.07281
15,203,FALSE,5.09079,4.00673
15,204,FALSE,5.12774,1.07843
15,206,FALSE,5.00398,1.02794
15,207,FALSE,3.13463,1.09425
15,208,FALSE,1.11068,1.06987
15,209,FALSE,3.08547,3.01721
15,210,FALSE,3.13899,3.01919
15,211,FALSE,3.09755,3.11485
15,212,FALSE,1.08982,1.08928
15,213,FALSE,3.09385,1.08821
15,216,FALSE,6.01597,1.11921
15,217,FALSE,4.00092,1.13953
15,218,FALSE,5.02099,1.14227
15,219,FALSE,5.05561,1.13122
15,222,FALSE,3.12414,1.1362
15,225,FALSE,3.13163,4.04578
15,226,FALSE,5.08196,1.07203
15,227,FALSE,7.01239,4.01755
15,229,FALSE,4.10577,3.11457
15,230,FALSE,3.10729,3.08425
15,233,FALSE,5.12821,1.06594
15,234,FALSE,5.07162,3.01907
15,235,FALSE,3.03995,3.05527
15,236,FALSE,1.08118,1.01402
15,237,FALSE,1.07345,1.08358
15,242,FALSE,4.13766,1.04072
15,243,FALSE,1.12507,1.10538
15,251,FALSE,4.12997,4.11335
15,252,FALSE,3.08173,1.14214
15,253,FALSE,5.12912,1.00329
15,254,FALSE,1.14012,1.01374
15,255,FALSE,3.14121,1.10704
15,256,FALSE,5.04456,1.10331
15,257,FALSE,5.00736,1.02141
15,258,FALSE,3.035,1.13866
15,259,FALSE,1.10135,3.02787
15,260,FALSE,1.13441,1.1034
15,262,FALSE,6.04284,1.01095
15,263,FALSE,1.14011,1.00989
15,264,FALSE,4.13109,1.14294
15,265,FALSE,1.13724,1.13479
15,270,FALSE,1.13509,3.07201
15,271,FALSE,3.07586,1.14425
15,272,FALSE,1.14603,1.07189
15,273,FALSE,1.14171,1.08496
15,274,FALSE,1.12266,1.07157
15,275,FALSE,1.13857,3.01491
15,280,FALSE,1.12501,1.00844
15,289,FALSE,4.08485,1.06549
15,290,FALSE,1.14542,1.10914
15,291,FALSE,1.13609,1.14703
15,292,FALSE,1.12541,1.12036
15,293,FALSE,6.11067,5.00149
15,294,FALSE,5.01646,5.00557
15,295,FALSE,6.12653,5.01468
15,296,FALSE,5.02094,5.08919
15,297,FALSE,5.09373,1.1053
15,298,FALSE,5.11642,1.00711
15,299,FALSE,4.04078,1.07037
15,300,FALSE,5.10463,1.07289
15,301,FALSE,3.09772,1.10186
15,302,FALSE,5.05721,1.05871
15,303,FALSE,3.14042,1.00613
15,308,FALSE,6.1035,1.00999
15,317,FALSE,3.10845,1.03593
15,318,FALSE,6.05937,1.07812
15,319,FALSE,5.11925,1.06544
15,320,FALSE,2.02766,1.00666
15,321,FALSE,4.00729,1.05583
15,322,FALSE,3.12246,1.07337
15,323,FALSE,3.10097,1.02171
15,324,FALSE,3.04506,1.00168
15,325,FALSE,5.12397,1.0562
15,326,FALSE,3.09699,1.03314
15,328,FALSE,5.10164,1.10054
15,329,FALSE,6.05594,1.14743
15,330,FALSE,5.14224,1.11514
15,331,FALSE,5.09123,1.04759
15,332,FALSE,5.07558,1.14669
15,333,FALSE,5.14288,3.13821
15,334,FALSE,1.12827,1.12274
15,335,FALSE,5.13131,1.0455
15,336,FALSE,5.14103,1.09704
15,337,FALSE,5.13407,1.06809
15,339,FALSE,5.00921,1.09023
15,340,TRUE,1.09703,1
15,341,TRUE,5.13666,1
15,342,FALSE,1.0216,6.06924
15,343,TRUE,1,1
15,346,FALSE,5.1355,1.08005
15,347,FALSE,6.10674,1.12719
15,348,FALSE,5.02392,1.0948
15,349,FALSE,5.12649,1.01213
15,350,FALSE,4.02354,1.14122
15,351,FALSE,5.1155,1.14701
15,352,FALSE,4.06463,1.08961
15,353,FALSE,7.05864,4.0619
15,354,FALSE,5.05927,4.07193
15,355,FALSE,3.10109,1.06035
15,357,FALSE,4.09454,1.07405
15,358,FALSE,3.11595,1.07376
15,359,FALSE,3.13098,1.12384
15,361,FALSE,5.12093,1.05782
15,363,FALSE,5.11156,5.11624
15,364,FALSE,5.08895,5.09246
15,365,FALSE,3.0395,1.05531
15,366,FALSE,1.13234,1.11663
15,367,FALSE,5.12291,5.06174
15,370,FALSE,3.12092,1.11003
15,371,FALSE,3.05716,1.14533
15,372,FALSE,6.13367,1.13466
15,373,FALSE,1.14228,1.11737
15,374,FALSE,7.14164,1.00436
15,375,FALSE,1.11707,1.04371
15,376,FALSE,1.08751,1.08481
15,377,FALSE,1.09658,1.14191
15,378,FALSE,3.10892,3.08233
15,379,FALSE,1.11951,3.07624
15,380,FALSE,3.10765,4.01278
15,381,FALSE,1.10085,1.14362
15,383,FALSE,5.07229,1.09928
15,384,FALSE,5.09453,1.14712
15,385,FALSE,5.09898,1.00606
15,386,FALSE,5.13754,1.02685
15,387,FALSE,4.14723,1.01342
15,388,FALSE,1.13377,1.00788
15,389,FALSE,2.05731,1.06009
15,390,FALSE,2.11248,1.06457
15,391,FALSE,3.01471,1.01557
15,394,FALSE,5.13477,1.01675
15,395,FALSE,1.14281,5.13026
15,396,FALSE,1.08418,5.11404
15,397,FALSE,1.12702,5.07324
15,398,FALSE,3.09978,5.13379
15,403,FALSE,4.01911,1.01561
15,404,FALSE,4.11107,5.06153
15,405,FALSE,1.0631,5.14501
15,406,FALSE,1,1.02343
15,407,FALSE,3.14518,4.11438
15,408,TRUE,1.10628,1
15,412,FALSE,6.14026,5.0013
15,413,FALSE,5.14634,5.00708
15,414,FALSE,6.04729,5.00118
15,415,FALSE,3.09845,5.00161
15,416,FALSE,3.02816,3.05488
15,417,FALSE,3.14345,1.12555
15,418,FALSE,5.00413,5.01224
15,419,FALSE,3.11374,4.05489
15,420,FALSE,3.0273,3.09238
15,421,FALSE,5.02572,3.14325
15,422,FALSE,3.12055,3.01247
15,423,FALSE,3.12663,1.12001
15,425,FALSE,1.12201,1.01661
15,426,FALSE,4.13961,1.07273
15,427,FALSE,1.13497,1.11101
15,428,FALSE,3.12251,3.04537
15,429,FALSE,3.07128,3.08729
16,1,FALSE,3.13606,1.06818
16,3,FALSE,1.02576,1.04516
16,5,FALSE,7.04478,1.04074
16,6,FALSE,3.01114,1.12689
16,7,FALSE,1,1.03051
16,9,FALSE,1.14125,1.02462
16,10,FALSE,1.03405,1.02421
16,11,FALSE,1,1.13929
16,13,FALSE,1.12934,1.11795
16,17,FALSE,3.03858,1.07235
16,18,FALSE,1.14525,1.07034
16,19,TRUE,3.12094,1
16,21,FALSE,4.04713,1.08197
16,22,FALSE,1.14543,1.13839
16,25,FALSE,4.11921,1.0719
16,29,FALSE,1.14454,1.00861
16,30,FALSE,1.14308,1.06555
16,69,FALSE,4.11309,1.00011
16,70,FALSE,3.07392,3.02123
16,71,FALSE,1.12791,1.07504
16,72,FALSE,3.11709,3.04096
16,73,FALSE,3.05389,3.01241
16,74,FALSE,7.0266,3.04553
16,75,FALSE,3.1154,4.0262
16,76,FALSE,3.04803,1.13545
16,77,FALSE,1.13586,3.05725
16,78,FALSE,4.04242,1.10248
16,79,FALSE,3.05301,1.12771
16,82,FALSE,4.08248,1.03318
16,83,FALSE,3.0474,1.08266
16,84,FALSE,1,3.0716
16,85,TRUE,1.0118,1
16,86,TRUE,4.07089,1
16,91,FALSE,1.13631,1.05761
16,92,FALSE,1.14635,1.10012
16,93,FALSE,3.02856,1.13172
16,95,FALSE,1.13864,1.02304
16,98,FALSE,5.12114,1.1171
16,99,FALSE,5.11097,2.01128
16,100,FALSE,6.02049,1.13226
16,101,FALSE,3.10313,1.03765
16,103,FALSE,5.10348,1.14409
16,104,FALSE,5.14726,1.13306
16,106,FALSE,5.00868,1.10575
16,107,FALSE,6.14593,1.0629
16,109,FALSE,4.091,1.10587
16,110,FALSE,3.09452,1.12346
16,111,FALSE,3.07345,1.00234
16,112,FALSE,2.00696,1.02625
16,113,FALSE,3.0919,1.0674
16,114,FALSE,1.12921,1.0286
16,115,FALSE,1.13211,1.05707
16,116,FALSE,3.04921,1.02892
16,117,FALSE,1.1343,1.00804
16,118,FALSE,3.13977,1.00108
16,120,FALSE,4.10812,1.0059
16,121,FALSE,1.14318,1.0073
16,122,FALSE,1.14588,1.00304
16,123,FALSE,1.14047,1.01578
16,124,FALSE,7.13419,1.04838
16,125,FALSE,4.08713,5.04766
16,126,FALSE,5.07097,5.12685
16,127,FALSE,4.06607,1.02816
16,128,FALSE,5.05238,1.04709
16,129,FALSE,5.04645,1.14396
16,130,FALSE,5.10499,5.11822
16,131,FALSE,1.14685,1.0759
16,133,FALSE,1.14387,1.01549
16,134,FALSE,1.12356,1.00294
16,135,FALSE,1.1447,1.04496
16,136,FALSE,1.08497,1.03129
16,137,FALSE,1.11532,1.04122
16,139,FALSE,1.00506,1.01053
16,140,FALSE,1.1455,1.01233
16,141,FALSE,1.14354,1.06642
16,142,FALSE,1.02057,1.02247
16,143,FALSE,1.13198,1.0247
16,144,FALSE,1.12501,1.00029
16,145,FALSE,1,5.03812
16,146,TRUE,1,1
16,147,FALSE,1,1.02733
16,148,TRUE,1,1
16,149,TRUE,3.04076,1
16,150,FALSE,1,5.12829
16,151,FALSE,1,1.02956
16,153,FALSE,1.14159,1.14323
16,154,FALSE,5.03657,1.08538
16,155,FALSE,7.03357,1.0463
16,156,FALSE,3.04823,1.08762
16,157,FALSE,1.10495,1.01081
16,158,FALSE,3.13969,1.04435
16,159,FALSE,3.04283,1.00581
16,160,FALSE,3.09103,1.06654
16,161,FALSE,3.0571,1.0933
16,162,FALSE,4.01377,4.12338
16,164,FALSE,7.13418,1.06437
16,165,FALSE,1.13194,5.09392
16,166,FALSE,5.06095,5.08459
16,167,FALSE,1.05738,1.05977
16,168,FALSE,1,5.14711
16,169,FALSE,5.06224,5.09146
16,173,FALSE,3.1321,1.08958
16,175,FALSE,1.07506,1.07958
16,176,FALSE,1.07882,1.05629
16,177,FALSE,5.14718,1.11515
16,178,FALSE,5.12451,4.00335
16,179,FALSE,5.12581,1.14453
16,180,FALSE,5.04336,2.0591
16,181,FALSE,5.08612,3.10942
16,182,FALSE,5.10044,1.14167
16,183,FALSE,5.14451,1.09046
16,184,FALSE,7.0184,1.13868
16,185,FALSE,5.04938,1.13801
16,186,FALSE,7.06156,1.10634
16,188,FALSE,5.14223,1.00123
16,189,FALSE,6.09049,4.14478
16,190,FALSE,3.00315,3.03558
16,191,FALSE,5.06503,1.08715
16,192,FALSE,5.07174,1.10938
16,193,FALSE,5.05413,6.07864
16,194,FALSE,5.08522,1.13761
16,195,FALSE,3.02916,1.1111
16,197,FALSE,5.13149,1.02526
16,198,FALSE,5.07644,1.13796
16,199,FALSE,5.08222,1.13244
16,200,FALSE,1.13341,1.12721
16,201,FALSE,5.00877,1.11087
16,202,FALSE,7.07464,7.00578
16,203,FALSE,5.11283,4.10863
16,204,FALSE,5.09405,3.03144
16,206,FALSE,5.12806,1.0018
16,207,FALSE,3.0589,1.12883
16,208,FALSE,1.13421,1.03514
16,209,FALSE,3.14413,3.00054
16,210,FALSE,3.14225,3.01054
16,211,FALSE,3.01173,3.02874
16,212,FALSE,1.11447,1.08642
16,213,FALSE,3.09195,1.08031
16,216,FALSE,6.07822,1.1235
16,217,FALSE,4.06576,1.13657
16,218,FALSE,5.10005,1.13721
16,219,FALSE,5.1451,3.03702
16,222,FALSE,3.07036,1.11907
16,225,FALSE,3.12965,4.00065
16,226,FALSE,5.03664,1.08772
16,227,FALSE,7.02653,4.06918
16,229,FALSE,4.10424,3.08846
16,230,FALSE,3.10777,3.06976
16,233,FALSE,5.12565,1.01026
16,234,FALSE,5.05875,3.05814
16,235,FALSE,5.03614,3.07963
16,236,FALSE,1.10653,1.13877
16,237,FALSE,1.08941,1.0412
16,242,FALSE,4.09083,1.02089
16,243,FALSE,1.09769,1.08677
16,251,FALSE,4.10837,4.11218
16,252,FALSE,3.13846,1.14222
16,253,FALSE,5.08204,1.00694
16,254,FALSE,1.13675,1.00796
16,255,FALSE,3.01918,1.03819
16,256,FALSE,5.03408,1.01137
16,257,FALSE,5.05695,1.00264
16,258,FALSE,3.08385,1.00641
16,259,FALSE,1.11841,3.03946
16,260,FALSE,1.14709,1.10792
16,262,FALSE,6.11489,1.0038
16,263,FALSE,1.14465,1.05297
16,264,FALSE,4.04774,1.11684
16,265,FALSE,1.14518,1.14528
16,270,FALSE,1.1445,3.03279
16,271,FALSE,3.04793,1.09163
16,272,FALSE,1.14119,1.12087
16,273,FALSE,1.09694,1.12862
16,274,FALSE,1.09756,1.09303
16,275,FALSE,1.13658,3.03076
16,280,FALSE,1.1406,1.00802
16,289,FALSE,4.06485,1.08148
16,290,FALSE,1.14526,1.0994
16,291,FALSE,1.13219,1.14304
16,292,FALSE,1.13604,1.04514
16,293,FALSE,5.13535,5.00164
16,294,FALSE,5.07562,5.02009
16,295,FALSE,6.03806,5.03166
16,296,FALSE,1.12171,5.00466
16,297,FALSE,5.12566,1.07286
16,298,FALSE,5.13584,1.00005
16,299,FALSE,4.02677,1.06499
16,300,FALSE,5.00545,1.00469
16,301,FALSE,3.04868,1.05484
16,302,FALSE,5.03741,1.06006
16,303,FALSE,3.12277,1.12988
16,308,FALSE,6.07712,1.001
16,317,FALSE,5.09783,1.03263
16,318,FALSE,6.06254,1.09348
16,319,FALSE,5.13665,1.06206
16,320,FALSE,5.06643,1.07473
16,321,FALSE,4.1121,1.02177
16,322,FALSE,3.06491,1.02181
16,323,FALSE,3.02338,1.00541
16,324,FALSE,3.13159,1.03289
16,325,FALSE,5.02283,1.05231
16,326,FALSE,3.13918,1.03973
16,328,FALSE,5.11655,1.09494
16,329,FALSE,6.03162,2.00634
16,330,FALSE,5.137,1.11765
16,331,FALSE,5.05779,1.02444
16,332,FALSE,5.06742,1.12959
16,333,FALSE,5.09491,3.12506
16,334,FALSE,1.10023,1.09507
16,335,FALSE,5.14513,1.08803
16,336,FALSE,5.08754,1.07549
16,337,FALSE,5.1119,1.11943
16,339,FALSE,5.08118,1.07919
16,340,TRUE,1.1181,1
16,341,TRUE,5.06093,1
16,342,FALSE,1.12494,6.11465
16,343,TRUE,1,1
16,346,FALSE,5.08611,1.07708
16,347,FALSE,6.12706,1.13063
16,348,FALSE,5.09258,1.06456
16,349,FALSE,5.07129,1.0191
16,350,FALSE,4.12787,1.13777
16,351,FALSE,5.08615,1.14306
16,352,FALSE,4.0843,1.145
16,353,FALSE,7.07319,4.0138
16,354,FALSE,5.0598,4.08839
16,355,FALSE,3.12063,1.07481
16,357,FALSE,4.12995,1.06072
16,358,FALSE,3.1006,1.044
16,359,FALSE,3.05196,1.12448
16,361,FALSE,5.12505,1.04517
16,363,FALSE,5.09498,5.11392
16,364,FALSE,5.04238,5.08373
16,365,FALSE,3.13686,1.02971
16,366,FALSE,1.12483,1.1407
16,367,FALSE,5.08507,5.0942
16,370,FALSE,3.13305,1.10725
16,371,FALSE,3.11102,1.13253
16,372,FALSE,6.14367,1.14178
16,373,FALSE,1.12686,1.11814
16,374,FALSE,7.11342,1.01217
16,375,FALSE,1.03923,1.06514
16,376,FALSE,1.03511,1.07903
16,377,FALSE,1.06635,1.03285
16,378,FALSE,3.10825,3.0963
16,379,FALSE,1.13389,3.00567
16,380,FALSE,3.07046,4.02075
16,381,FALSE,1.12938,1.128
16,383,FALSE,5.07883,1.08449
16,384,FALSE,5.1025,1.14113
16,385,FALSE,5.12136,1.00876
16,386,FALSE,5.10889,1.00907
16,387,FALSE,4.00406,1.00484
16,388,FALSE,1.14034,1.0232
16,389,FALSE,2.06873,1.00154
16,390,FALSE,2.04968,1.04157
16,391,FALSE,3.14031,1.01015
16,394,FALSE,5.14493,1.00097
16,395,FALSE,1.1432,5.04349
16,396,FALSE,1.11018,5.00103
16,397,FALSE,1.14592,5.02459
16,398,FALSE,3.053,5.12958
16,403,FALSE,4.04527,1.0464
16,404,FALSE,4.14229,5.12885
16,405,FALSE,1.07723,5.10081
16,406,FALSE,1,1.00502
16,407,FALSE,3.00841,4.00544
16,408,TRUE,1.14039,1
16,412,FALSE,6.09748,5.00593
16,413,FALSE,5.14191,5.00795
16,414,FALSE,6.074,5.00115
16,415,FALSE,3.01585,5.0013
16,416,FALSE,3.01809,3.14708
16,417,FALSE,3.08177,1.12656
16,418,FALSE,5.04707,5.05374
16,419,FALSE,5.04841,3.12282
16,420,FALSE,3.01958,3.05582
16,421,FALSE,5.05402,3.05665
16,422,FALSE,5.04037,3.04725
16,423,FALSE,3.07266,1.05912
16,425,FALSE,7.12987,1.006
16,426,FALSE,4.10969,1.08335
16,427,FALSE,1.14231,1.11623
16,428,FALSE,3.04819,3.05722
16,429,FALSE,3.1251,3.02545
17,1,FALSE,3.0226,1.08413
17,3,FALSE,1.02861,1.09424
17,5,FALSE,7.04298,1.04483
17,6,FALSE,3.0283,1.01819
17,7,FALSE,1,1.00658
17,9,FALSE,1.14402,1.01446
17,10,FALSE,1.12715,1.02838
17,11,FALSE,1,1.11858
17,13,FALSE,1.11876,1.09668
17,17,FALSE,3.12036,1.03551
17,18,FALSE,1.11647,1.08913
17,19,TRUE,3.11869,1
17,21,FALSE,3.12112,1.08538
17,22,FALSE,1.14108,1.1389
17,25,FALSE,4.0341,1.04969
17,29,FALSE,1.13599,1.00977
17,30,FALSE,1.13908,1.06212
17,69,FALSE,4.12814,1.00099
17,70,FALSE,3.01746,3.01196
17,71,FALSE,3.12452,1.07956
17,72,FALSE,3.1292,3.0858
17,73,FALSE,3.1037,3.00899
17,74,FALSE,7.08672,3.03843
17,75,FALSE,3.13339,4.02978
17,76,FALSE,1.13469,1.13977
17,77,FALSE,1.14741,3.01613
17,78,FALSE,4.04913,1.10253
17,79,FALSE,3.08315,1.12108
17,82,FALSE,4.1211,1.03849
17,83,FALSE,3.04875,1.06016
17,84,FALSE,1,3.08166
17,85,TRUE,1.0849,1
17,86,TRUE,4.05618,1
17,91,FALSE,1.13528,1.04102
17,92,FALSE,3.13546,1.1245
17,93,FALSE,3.1356,1.11982
17,95,FALSE,1.13708,1.02526
17,98,FALSE,5.1366,1.0648
17,99,FALSE,5.14706,2.03407
17,100,FALSE,6.049,1.12245
17,101,FALSE,3.10166,1.07083
17,103,FALSE,5.05725,1.12676
17,104,FALSE,5.00079,1.09243
17,106,FALSE,5.05763,1.12568
17,107,FALSE,6.09283,1.03325
17,109,FALSE,4.03898,1.14078
17,110,FALSE,3.12796,1.10945
17,111,FALSE,3.12237,1.02458
17,112,FALSE,2.0568,1.05398
17,113,FALSE,3.09018,1.07945
17,114,FALSE,1.11256,1.0091
17,115,FALSE,1.14408,1.02819
17,116,FALSE,3.118,1.07695
17,117,FALSE,1.13689,1.01571
17,118,FALSE,3.12381,1.00001
17,120,FALSE,4.00008,1.00447
17,121,FALSE,1.13464,1.00249
17,122,FALSE,1.13457,1.00356
17,123,FALSE,1.13692,1.00017
17,124,FALSE,7.07933,1.00463
17,125,FALSE,4.14705,5.10559
17,126,FALSE,5.11677,5.07821
17,127,FALSE,4.05916,1.03733
17,128,FALSE,5.0412,1.01998
17,129,FALSE,5.14405,1.13929
17,130,FALSE,5.08724,5.10442
17,131,FALSE,1.04912,1.00306
17,133,FALSE,1.14493,1.00619
17,134,FALSE,1.13786,1.00426
17,135,FALSE,1.14112,1.06258
17,136,FALSE,1.11176,1.05362
17,137,FALSE,1.11787,1.04286
17,139,FALSE,1.06602,1.09449
17,140,FALSE,1.09683,1.00513
17,141,FALSE,1.10264,1.08097
17,142,FALSE,1.03705,1.09525
17,143,FALSE,1.1202,1.00644
17,144,FALSE,1.10915,1.08084
17,145,TRUE,5.0612,1
17,146,TRUE,1,1
17,147,TRUE,1.02113,1
17,148,TRUE,1,1
17,149,TRUE,3.02765,1
17,150,FALSE,1,5.01869
17,151,FALSE,1,1.08328
17,153,FALSE,1.1405,1.11466
17,154,FALSE,5.11027,1.09187
17,155,FALSE,7.12792,1.00309
17,156,FALSE,1.14659,1.0598
17,157,FALSE,1.1377,1.00585
17,158,FALSE,3.063,1.02985
17,159,FALSE,3.09114,1.08216
17,160,FALSE,3.1115,1.05905
17,161,FALSE,3.00693,1.10879
17,162,FALSE,4.07315,4.08875
17,164,FALSE,7.08353,1.01784
17,165,FALSE,1.08237,5.06243
17,166,FALSE,5.09564,5.11955
17,167,FALSE,1.10887,1.13564
17,168,FALSE,1,5.06275
17,169,FALSE,5.06668,5.0676
17,173,FALSE,4.10997,1.08799
17,175,FALSE,1.11749,1.05944
17,176,FALSE,1.05888,1.03742
17,177,FALSE,5.14489,1.12721
17,178,FALSE,6.00598,4.01741
17,179,FALSE,5.1216,1.14519
17,180,FALSE,5.13015,2.0826
17,181,FALSE,5.07921,3.05107
17,182,FALSE,5.1422,1.14228
17,183,FALSE,5.10621,1.13053
17,184,FALSE,7.09468,1.1398
17,185,FALSE,5.04358,1.12326
17,186,FALSE,7.14201,1.08228
17,188,FALSE,5.10093,1.02704
17,189,FALSE,6.06909,4.12658
17,190,FALSE,3.1212,3.06445
17,191,FALSE,5.08188,1.12491
17,192,FALSE,5.03664,1.14121
17,193,FALSE,5.0241,6.06916
17,194,FALSE,5.10851,1.14001
17,195,FALSE,3.04437,1.12038
17,197,FALSE,5.1082,1.0015
17,198,FALSE,5.01111,1.09511
17,199,FALSE,4.07456,1.13634
17,200,FALSE,1.13648,1.13919
17,201,FALSE,1.10807,1.08242
17,202,FALSE,7.03865,7.04307
17,203,FALSE,5.08803,4.12015
17,204,FALSE,5.14048,1.11626
17,206,FALSE,5.07125,1.00034
17,207,FALSE,3.12191,1.12127
17,208,FALSE,1.14689,1.09514
17,209,FALSE,3.10775,3.04622
17,210,FALSE,3.1246,3.00213
17,211,FALSE,3.00242,3.0617
17,212,FALSE,1.10866,1.05718
17,213,FALSE,3.05021,1.11456
17,216,FALSE,6.06787,1.11962
17,217,FALSE,4.00826,1.13972
17,218,FALSE,5.11959,1.12549
17,219,FALSE,5.0703,1.14172
17,222,FALSE,3.13841,1.13024
17,225,FALSE,3.08911,4.11503
17,226,FALSE,5.13459,1.11337
17,227,FALSE,7.02509,4.11068
17,229,FALSE,4.02759,3.05118
17,230,FALSE,4.01395,3.05102
17,233,FALSE,5.14484,1.01703
17,234,FALSE,3.00225,3.02709
17,235,FALSE,3.12637,3.13049
17,236,FALSE,1.06958,1.08419
17,237,FALSE,1.10297,1.07759
17,242,FALSE,4.09962,1.0014
17,243,FALSE,1.07972,1.02137
17,251,FALSE,4.13403,4.07245
17,252,FALSE,3.14612,1.13332
17,253,FALSE,5.02385,1.00104
17,254,FALSE,1.03014,1.03582
17,255,FALSE,3.08768,1.00396
17,256,FALSE,5.146,1.00298
17,257,FALSE,5.02239,1.01564
17,258,FALSE,3.12331,1.06121
17,259,FALSE,1.12638,3.11474
17,260,FALSE,1.0487,1.01888
17,262,FALSE,6.02249,1.00134
17,263,FALSE,1.13448,1.03368
17,264,FALSE,4.10744,1.14685
17,265,FALSE,1.12339,1.14256
17,270,FALSE,1.13409,3.02944
17,271,FALSE,3.11319,1.14663
17,272,FALSE,1.12464,1.13093
17,273,FALSE,1.14615,1.05445
17,274,FALSE,1.13054,1.12097
17,275,FALSE,1.13676,3.04732
17,280,FALSE,1.13914,1.02983
17,289,FALSE,4.14185,1.06946
17,290,FALSE,1.14084,1.07316
17,291,FALSE,1.13655,1.13628
17,292,FALSE,1.14591,1.09194
17,293,FALSE,6.08605,5.00815
17,294,FALSE,5.1337,5.00907
17,295,FALSE,6.09149,5.00465
17,296,FALSE,1.03171,5.01937
17,297,FALSE,5.09012,1.0983
17,298,FALSE,5.11744,1.003
17,299,FALSE,4.06073,1.09893
17,300,FALSE,5.0027,1.09317
17,301,FALSE,3.08388,1.08719
17,302,FALSE,5.02534,1.07902
17,303,FALSE,3.12322,1.01442
17,308,FALSE,6.04137,1.00491
17,317,FALSE,5.14357,1.00062
17,318,FALSE,6.06904,1.07398
17,319,FALSE,5.14585,1.02812
17,320,FALSE,5.10519,1.02761
17,321,FALSE,4.05405,1.03307
17,322,FALSE,3.06165,1.02058
17,323,FALSE,3.06201,1.04098
17,324,FALSE,3.12634,1.01807
17,325,FALSE,5.06879,1.06051
17,326,FALSE,3.09418,1.05774
17,328,FALSE,5.14649,1.06272
17,329,FALSE,6.0575,2.02002
17,330,FALSE,5.14734,1.02927
17,331,FALSE,5.13067,1.04416
17,332,FALSE,5.13959,1.13029
17,333,FALSE,5.14625,3.02904
17,334,FALSE,1.13838,1.10802
17,335,FALSE,5.10347,1.05703
17,336,FALSE,5.10892,1.1019
17,337,FALSE,5.009,1.07328
17,339,FALSE,5.05819,1.10136
17,340,TRUE,1.03587,1
17,341,TRUE,5.11584,1
17,342,FALSE,1.11718,6.03228
17,343,TRUE,1,1
17,346,FALSE,5.09346,1.11616
17,347,FALSE,6.04917,1.1348
17,348,FALSE,5.13734,1.09726
17,349,FALSE,5.04105,1.01498
17,350,FALSE,4.01401,3.07272
17,351,FALSE,5.07215,1.13953
17,352,FALSE,4.01562,1.06439
17,353,FALSE,7.0882,4.09437
17,354,FALSE,5.12738,4.05058
17,355,FALSE,3.13177,1.02463
17,357,FALSE,4.14324,1.06883
17,358,FALSE,3.09864,1.07265
17,359,FALSE,3.05871,1.12045
17,361,FALSE,5.10074,1.0911
17,363,FALSE,5.0609,5.06527
17,364,FALSE,5.10492,5.13174
17,365,FALSE,3.11873,1.05471
17,366,FALSE,1.0994,1.11148
17,367,FALSE,5.13642,5.10457
17,370,FALSE,3.13604,1.09663
17,371,FALSE,3.11095,1.1445
17,372,FALSE,6.05443,1.14407
17,373,FALSE,1.14671,1.13479
17,374,FALSE,7.13618,1.00716
17,375,FALSE,3.10055,1.13889
17,376,FALSE,1.09602,1.14155
17,377,FALSE,1.02304,1.06055
17,378,FALSE,3.111,3.07539
17,379,FALSE,1.10748,3.12525
17,380,FALSE,3.02501,4.09036
17,381,FALSE,1.14483,1.1051
17,383,FALSE,5.13055,1.07507
17,384,FALSE,5.14448,1.13187
17,385,FALSE,5.13033,1.01694
17,386,FALSE,5.14403,1.00369
17,387,FALSE,4.13854,1.01022
17,388,FALSE,1.14579,1.08618
17,389,FALSE,2.01298,1.02792
17,390,FALSE,2.09412,1.00442
17,391,FALSE,3.10787,1.00932
17,394,FALSE,5.07703,1.04334
17,395,FALSE,1.10944,5.0046
17,396,FALSE,1.08495,5.14476
17,397,FALSE,1.13658,5.01834
17,398,FALSE,3.07469,5.04162
17,403,FALSE,4.07324,1.05508
17,404,FALSE,4.1435,5.06334
17,405,FALSE,1.14087,5.07964
17,406,FALSE,1.06311,1.01072
17,407,FALSE,3.08167,4.01612
17,408,TRUE,1.02908,1
17,412,FALSE,6.12125,5.00053
17,413,FALSE,5.1355,5.00424
17,414,FALSE,6.04021,5.01901
17,415,FALSE,3.05522,5.0119
17,416,FALSE,3.01141,3.09809
17,417,FALSE,3.13352,1.126
17,418,FALSE,5.09133,5.12208
17,419,FALSE,5.05282,3.11241
17,420,FALSE,3.02479,3.10239
17,421,FALSE,5.05799,3.02569
17,422,FALSE,5.08421,3.09838
17,423,FALSE,3.06781,1.12925
17,425,FALSE,7.13645,1.03597
17,426,FALSE,4.11218,1.06915
17,427,FALSE,1.13666,1.09686
17,428,FALSE,3.0924,3.10265
17,429,FALSE,3.0624,3.02321
18,1,FALSE,3.00504,1.08377
18,3,FALSE,1.10013,1.02384
18,5,FALSE,7.06812,1.06386
18,6,FALSE,3.01945,1.04905
18,7,FALSE,1,1.0166
18,9,FALSE,1.12533,1.00484
18,10,FALSE,1.04773,1.00642
18,11,FALSE,1,1.093
18,13,FALSE,1.12366,1.11587
18,17,FALSE,3.00086,1.07424
18,18,FALSE,1.12612,1.05484
18,19,TRUE,3.09667,1
18,21,FALSE,4.12944,1.09492
18,22,FALSE,1.13289,1.14272
18,25,FALSE,4.07964,1.00716
18,29,FALSE,1.14666,1.0134
18,30,FALSE,1.13404,1.07728
18,69,FALSE,4.06571,1.00108
18,70,FALSE,3.13889,3.03055
18,71,FALSE,3.01148,1.12625
18,72,FALSE,3.12079,3.0328
18,73,FALSE,3.12312,3.02092
18,74,FALSE,7.02072,3.06719
18,75,FALSE,3.14262,4.04543
18,76,FALSE,1.14552,1.14474
18,77,FALSE,1.14606,3.00224
18,78,FALSE,4.00049,1.09158
18,79,FALSE,3.12797,1.13801
18,82,FALSE,4.04965,1.00003
18,83,FALSE,1.11374,1.09878
18,84,FALSE,1,3.14495
18,85,TRUE,1.05322,1
18,86,TRUE,4.04093,1
18,91,FALSE,1.12745,1.0518
18,92,FALSE,1.13907,1.1319
18,93,FALSE,3.00925,1.11616
18,95,FALSE,1.08202,1.06272
18,98,FALSE,5.00267,1.04511
18,99,FALSE,5.11349,2.12441
18,100,FALSE,6.11015,1.12714
18,101,FALSE,3.06064,1.01775
18,103,FALSE,5.0894,1.12689
18,104,FALSE,5.13119,1.11982
18,106,FALSE,5.04411,1.12008
18,107,FALSE,6.14327,1.04667
18,109,FALSE,4.1206,1.12636
18,110,FALSE,3.05832,1.11338
18,111,FALSE,3.14524,1.02842
18,112,FALSE,2.13307,1.03591
18,113,FALSE,3.06525,1.09794
18,114,FALSE,1.14196,1.01089
18,115,FALSE,1.13521,1.08151
18,116,FALSE,3.03424,1.02331
18,117,FALSE,1.09758,1.06416
18,118,FALSE,3.12954,1.0137
18,120,FALSE,4.01803,1.00137
18,121,FALSE,1.14587,1.00382
18,122,FALSE,1.14241,1.00222
18,123,FALSE,1.09472,1.00245
18,124,FALSE,7.1411,1.00635
18,125,FALSE,4.14323,5.07771
18,126,FALSE,5.13364,5.13439
18,127,FALSE,4.12089,1.03665
18,128,FALSE,5.08071,1.0219
18,129,FALSE,5.09473,1.13453
18,130,FALSE,5.10125,5.10438
18,131,FALSE,1.10738,1.08871
18,133,FALSE,1.14696,1.00562
18,134,FALSE,1.12356,1.02116
18,135,FALSE,1.14283,1.08554
18,136,FALSE,1.08028,1.06533
18,137,FALSE,1.12402,1.11963
18,139,FALSE,1.13463,1.04994
18,140,FALSE,1.10067,1.008
18,141,FALSE,1.02457,1.14106
18,142,FALSE,1.10635,1.03569
18,143,FALSE,1.13904,1.01643
18,144,FALSE,1.10597,1.11454
18,145,FALSE,1,5.05941
18,146,TRUE,1,1
18,147,FALSE,1,1.14058
18,148,TRUE,1,1
18,149,TRUE,3.08811,1
18,150,FALSE,1,5.0916
18,151,TRUE,1.06313,1
18,153,FALSE,1.14399,1.12489
18,154,FALSE,5.04228,1.11434
18,155,FALSE,7.11318,1.0261
18,156,FALSE,1.13366,1.13248
18,157,FALSE,1.14674,1.02197
18,158,FALSE,3.03308,1.06209
18,159,FALSE,3.13144,1.02413
18,160,FALSE,3.09122,1.0791
18,161,FALSE,3.0063,1.0491
18,162,FALSE,4.13192,4.13991
18,164,FALSE,7.054,1.04277
18,165,FALSE,1.09718,5.01953
18,166,FALSE,5.07039,5.10827
18,167,FALSE,1.00067,1.09496
18,168,FALSE,1,5.11757
18,169,FALSE,5.06053,5.08887
18,173,FALSE,4.05324,1.08877
18,175,FALSE,1.06768,1.07029
18,176,FALSE,1.05875,1.08535
18,177,FALSE,5.14728,1.08644
18,178,FALSE,5.13708,4.00012
18,179,FALSE,5.09184,1.14203
18,180,FALSE,5.03585,2.01307
18,181,FALSE,5.08775,3.0086
18,182,FALSE,5.00681,1.14465
18,183,FALSE,5.01828,1.12379
18,184,FALSE,7.04978,1.12259
18,185,FALSE,5.13464,1.13903
18,186,FALSE,7.09173,1.09423
18,188,FALSE,5.14482,1.01465
18,189,FALSE,6.07408,4.08444
18,190,FALSE,3.04009,1.14236
18,191,FALSE,5.12776,1.02708
18,192,FALSE,5.02147,1.11758
18,193,FALSE,5.07044,6.06931
18,194,FALSE,5.07106,1.09617
18,195,FALSE,3.09567,1.13879
18,197,FALSE,5.0863,1.00276
18,198,FALSE,5.10356,1.12594
18,199,FALSE,4.14294,3.00366
18,200,FALSE,1.13449,1.14736
18,201,FALSE,1.13979,1.075
18,202,FALSE,7.05313,7.06544
18,203,FALSE,5.07291,4.13515
18,204,FALSE,5.06065,1.09371
18,206,FALSE,5.03076,1.0044
18,207,FALSE,3.1174,1.11057
18,208,FALSE,1.14522,1.09844
18,209,FALSE,3.10533,3.01521
18,210,FALSE,3.07336,3.0125
18,211,FALSE,3.04849,3.1074
18,212,FALSE,1.13883,1.08198
18,213,FALSE,3.0315,1.0631
18,216,FALSE,6.00031,1.12015
18,217,FALSE,4.00505,1.14243
18,218,FALSE,5.09719,1.13643
18,219,FALSE,5.10225,3.0511
18,222,FALSE,3.11438,1.10368
18,225,FALSE,3.12984,4.04955
18,226,FALSE,5.02344,1.11421
18,227,FALSE,7.06995,4.00145
18,229,FALSE,4.11743,3.0921
18,230,FALSE,3.09924,3.07747
18,233,FALSE,5.09754,1.00864
18,234,FALSE,5.12148,3.10954
18,235,FALSE,5.07551,3.06809
18,236,FALSE,1.08079,1.13719
18,237,FALSE,1.07939,1.02929
18,242,FALSE,4.11461,1.00167
18,243,FALSE,1.13594,1.0586
18,251,FALSE,4.1098,4.11977
18,252,FALSE,3.09162,1.13639
18,253,FALSE,5.11964,1.00184
18,254,FALSE,1.06964,1.00735
18,255,FALSE,3.08234,1.00882
18,256,FALSE,5.00208,1.04517
18,257,FALSE,5.09363,1.00025
18,258,FALSE,3.1314,1.10785
18,259,FALSE,1.0902,1.01386
18,260,FALSE,1.07358,1.04203
18,262,FALSE,6.04015,1.00255
18,263,FALSE,1.14599,1.04471
18,264,FALSE,4.04283,1.13725
18,265,FALSE,1.13266,1.12859
18,270,FALSE,1.13538,3.05201
18,271,FALSE,3.13721,1.08567
18,272,FALSE,1.14692,1.06687
18,273,FALSE,1.14506,1.10734
18,274,FALSE,1.14249,1.08702
18,275,FALSE,1.14317,3.02369
18,280,FALSE,1.13664,1.0247
18,289,FALSE,4.1188,1.08385
18,290,FALSE,1.13568,1.1342
18,291,FALSE,1.13739,1.14092
18,292,FALSE,1.12452,1.08541
18,293,FALSE,6.06135,5.00217
18,294,FALSE,5.10157,5.01527
18,295,FALSE,6.00378,5.00638
18,296,FALSE,5.11087,5.00082
18,297,FALSE,5.12896,1.06992
18,298,FALSE,5.14514,1.03889
18,299,FALSE,4.05345,1.12386
18,300,FALSE,5.05382,1.05543
18,301,FALSE,3.03398,1.05684
18,302,FALSE,5.03459,1.10002
18,303,FALSE,3.13603,3.03349
18,308,FALSE,6.06372,1.0128
18,317,FALSE,3.06316,1.01834
18,318,FALSE,6.14503,1.07649
18,319,FALSE,5.09175,1.05148
18,320,FALSE,2.12422,1.08041
18,321,FALSE,4.12423,1.03891
18,322,FALSE,3.02966,1.02795
18,323,FALSE,3.1079,1.01194
18,324,FALSE,3.02889,1.0131
18,325,FALSE,5.11851,1.01384
18,326,FALSE,3.00673,1.03354
18,328,FALSE,5.08096,1.07648
18,329,FALSE,6.1454,1.14305
18,330,FALSE,5.12963,1.07919
18,331,FALSE,5.06926,1.02517
18,332,FALSE,5.12093,1.11853
18,333,FALSE,5.07667,3.14451
18,334,FALSE,1.14273,1.14409
18,335,FALSE,5.08101,1.08936
18,336,FALSE,5.13408,1.07197
18,337,FALSE,5.04202,1.12289
18,339,FALSE,5.08619,1.10694
18,340,TRUE,1.02717,1
18,341,TRUE,5.08419,1
18,342,FALSE,1.07019,6.01292
18,343,TRUE,1,1
18,346,FALSE,5.03175,1.08743
18,347,FALSE,6.00394,1.13337
18,348,FALSE,5.13556,1.10852
18,349,FALSE,5.05587,1.08322
18,350,FALSE,4.13468,1.13571
18,351,FALSE,5.04273,1.1338
18,352,FALSE,4.01831,1.02887
18,353,FALSE,7.06851,4.09259
18,354,FALSE,5.00972,4.14139
18,355,FALSE,3.0632,1.10569
18,357,FALSE,4.13911,1.07885
18,358,FALSE,3.03846,1.10234
18,359,FALSE,3.04028,1.12
18,361,FALSE,5.10918,1.08827
18,363,FALSE,5.06426,5.07338
18,364,FALSE,5.01248,5.04542
18,365,FALSE,3.07432,1.05532
18,366,FALSE,1.14137,1.1155
18,367,FALSE,5.08051,5.08412
18,370,FALSE,3.14128,1.08721
18,371,FALSE,3.04992,1.14148
18,372,FALSE,6.13902,1.14646
18,373,FALSE,1.14307,1.13916
18,374,FALSE,7.10698,1.0605
18,375,FALSE,1.05716,1.10424
18,376,FALSE,1.10004,1.10555
18,377,FALSE,1.03449,1.11423
18,378,FALSE,3.11564,3.09186
18,379,FALSE,1.14516,3.05169
18,380,FALSE,3.09708,4.05287
18,381,FALSE,1.07458,1.12783
18,383,FALSE,5.10248,1.05602
18,384,FALSE,5.13697,1.11458
18,385,FALSE,5.08511,1.00048
18,386,FALSE,5.08657,1.02847
18,387,FALSE,4.14672,1.02302
18,388,FALSE,1.13848,1.01047
18,389,FALSE,2.03471,1.06405
18,390,FALSE,5.1116,1.02494
18,391,FALSE,3.04686,1.0211
18,394,FALSE,5.10024,1.01481
18,395,FALSE,1.12912,5.12979
18,396,FALSE,1.01824,5.05851
18,397,FALSE,1.05831,5.02009
18,398,FALSE,3.01204,5.03226
18,403,FALSE,4.04158,1.06236
18,404,FALSE,4.13412,5.13291
18,405,FALSE,1.10213,5.05271
18,406,FALSE,1,1.05194
18,407,FALSE,3.02832,4.14086
18,408,TRUE,1.14681,1
18,412,FALSE,6.1229,5.00004
18,413,FALSE,5.10329,5.00892
18,414,FALSE,6.06529,5.00971
18,415,FALSE,3.13436,5.00618
18,416,FALSE,3.01409,3.07482
18,417,FALSE,3.07544,1.13764
18,418,FALSE,5.01009,5.038
18,419,FALSE,5.1037,3.13674
18,420,FALSE,3.03714,3.11658
18,421,FALSE,5.11125,3.04685
18,422,FALSE,3.0475,3.07446
18,423,FALSE,3.05108,1.1266
18,425,FALSE,7.13558,1.00906
18,426,FALSE,4.09894,1.07942
18,427,FALSE,1.13784,1.10296
18,428,FALSE,3.04394,3.05383
18,429,FALSE,3.00188,3.09481
19,1,FALSE,3.10213,1.09431
19,3,FALSE,1.05423,1.08456
19,5,FALSE,7.11436,1.04816
19,6,FALSE,3.05694,1.06459
19,7,FALSE,1,1.01123
19,9,FALSE,1.14298,1.00141
19,10,FALSE,1.11106,1.00923
19,11,FALSE,1,1.08377
19,13,FALSE,1.11895,1.08748
19,17,FALSE,3.01588,1.03541
19,18,FALSE,1.08351,1.07054
19,19,TRUE,3.02189,1
19,21,FALSE,3.02624,1.09655
19,22,FALSE,1.14385,1.11981
19,25,FALSE,4.01435,1.03077
19,29,FALSE,1.13784,1.01724
19,30,FALSE,1.13761,1.07818
19,69,FALSE,4.12134,1.00518
19,70,FALSE,3.10384,3.01806
19,71,FALSE,3.02786,1.0613
19,72,FALSE,3.1006,3.06368
19,73,FALSE,3.04244,3.00516
19,74,FALSE,3.05447,3.05957
19,75,FALSE,3.08035,4.13594
19,76,FALSE,3.0301,1.13246
19,77,FALSE,1.12127,3.03687
19,78,FALSE,3.04446,1.10329
19,79,FALSE,3.09032,1.12879
19,82,FALSE,4.08767,1.00767
19,83,FALSE,3.06271,1.0604
19,84,FALSE,1,3.11266
19,85,TRUE,1.0759,1
19,86,TRUE,4.07889,1
19,91,FALSE,1.13523,1.04992
19,92,FALSE,3.09323,1.11316
19,93,FALSE,3.10168,1.13257
19,95,FALSE,1.13415,1.00429
19,98,FALSE,5.12308,1.05445
19,99,FALSE,5.1314,2.01406
19,100,FALSE,6.06481,1.08774
19,101,FALSE,3.11717,1.06774
19,103,FALSE,5.09236,1.12841
19,104,FALSE,5.00364,1.08206
19,106,FALSE,5.02785,1.11649
19,107,FALSE,6.08327,1.00342
19,109,FALSE,4.01827,1.11471
19,110,FALSE,3.0859,1.1149
19,111,FALSE,3.08842,1.03481
19,112,FALSE,2.05174,1.02953
19,113,FALSE,3.10775,1.06107
19,114,FALSE,1.14627,1.05084
19,115,FALSE,1.13709,1.0642
19,116,FALSE,3.06399,1.01178
19,117,FALSE,1.12675,1.04354
19,118,FALSE,3.10551,1.06902
19,120,FALSE,4.14096,1.01356
19,121,FALSE,1.12768,1.00878
19,122,FALSE,1.14,1.00193
19,123,FALSE,1.10191,1.00591
19,124,FALSE,7.12743,1.02319
19,125,FALSE,4.03272,5.01873
19,126,FALSE,5.14346,5.08339
19,127,FALSE,4.03833,1.05458
19,128,FALSE,5.09779,1.02665
19,129,FALSE,5.13582,1.10008
19,130,FALSE,5.08871,5.09747
19,131,FALSE,1.14039,1.12076
19,133,FALSE,1.14537,1.02937
19,134,FALSE,1.14563,1.01098
19,135,FALSE,1.12545,1.01971
19,136,FALSE,1.06993,1.03223
19,137,TRUE,1.11452,1
19,139,FALSE,1.09608,1.02304
19,140,FALSE,1.0665,1.04019
19,141,FALSE,1.07278,1.14518
19,142,FALSE,1.09128,1.02655
19,143,FALSE,1.07559,1.04024
19,144,FALSE,6.02564,4.09976
19,145,TRUE,5.08887,1
19,146,TRUE,1,1
19,147,FALSE,1,1.06358
19,148,TRUE,1,1
19,149,TRUE,3.01282,1
19,150,FALSE,1,5.07299
19,151,TRUE,1.13419,1
19,153,FALSE,1.14604,1.13132
19,154,FALSE,5.06656,1.1033
19,155,FALSE,7.07897,1.01307
19,156,FALSE,3.02276,1.0865
19,157,FALSE,1.13248,1.01294
19,158,FALSE,3.04641,1.0858
19,159,FALSE,3.01904,1.09168
19,160,FALSE,3.14107,1.06111
19,161,FALSE,3.12975,1.08554
19,162,FALSE,4.12371,4.11992
19,164,FALSE,7.071,1.01203
19,165,FALSE,1.14302,5.06594
19,166,FALSE,5.08511,5.13958
19,167,FALSE,1.02517,1.0984
19,168,FALSE,1,5.10688
19,169,FALSE,5.08551,5.14114
19,173,FALSE,3.14031,1.09511
19,175,FALSE,1.06067,1.05115
19,176,FALSE,1.05263,1.10544
19,177,FALSE,5.1288,1.12259
19,178,FALSE,6.05777,4.0021
19,179,FALSE,5.11813,1.12721
19,180,FALSE,5.12709,2.11267
19,181,FALSE,5.13178,3.06843
19,182,FALSE,5.01394,1.12572
19,183,FALSE,5.02686,1.11309
19,184,FALSE,7.11841,1.10153
19,185,FALSE,5.01886,1.14735
19,186,FALSE,7.10665,1.12263
19,188,FALSE,7.08008,1.00401
19,189,FALSE,6.08912,4.12078
19,190,FALSE,3.07838,1.13705
19,191,FALSE,5.11186,1.05328
19,192,FALSE,5.04139,1.13342
19,193,FALSE,5.10054,6.09178
19,194,FALSE,5.06928,1.12045
19,195,FALSE,3.0362,1.13854
19,197,FALSE,5.12672,1.00277
19,198,FALSE,5.00761,1.07394
19,199,FALSE,4.05036,3.01609
19,200,FALSE,1.11986,1.12257
19,201,FALSE,5.07454,1.05642
19,202,FALSE,7.04838,7.06681
19,203,FALSE,5.12165,4.10791
19,204,FALSE,5.0625,1.12626
19,206,FALSE,5.11511,1.00117
19,207,FALSE,3.11704,1.10581
19,208,FALSE,1.13169,1.0495
19,209,FALSE,3.07084,3.06337
19,210,FALSE,3.07089,3.00662
19,211,FALSE,3.08705,3.09086
19,212,FALSE,1.13414,1.07098
19,213,FALSE,3.03879,1.09263
19,216,FALSE,6.09926,1.10663
19,217,FALSE,4.10661,1.14291
19,218,FALSE,5.03961,1.12321
19,219,FALSE,5.09062,1.1364
19,222,FALSE,3.0126,1.12079
19,225,FALSE,3.13426,4.03783
19,226,FALSE,5.04444,1.08937
19,227,FALSE,7.00348,4.0684
19,229,FALSE,4.01476,3.09201
19,230,FALSE,3.14562,3.09041
19,233,FALSE,5.12168,1.02817
19,234,FALSE,5.05304,3.00205
19,235,FALSE,5.07417,3.05906
19,236,FALSE,1.09141,1.02874
19,237,FALSE,1.13316,1.01151
19,242,FALSE,4.12039,1.01961
19,243,FALSE,1.11735,1.14125
19,251,FALSE,4.0952,4.07569
19,252,FALSE,3.09341,1.13293
19,253,FALSE,5.02277,1.01412
19,254,FALSE,1.13529,1.01395
19,255,FALSE,3.06832,1.03949
19,256,FALSE,5.01815,1.01441
19,257,FALSE,5.12153,1.05995
19,258,FALSE,3.00712,1.05941
19,259,FALSE,1.14252,3.09844
19,260,FALSE,1.07274,1.00849
19,262,FALSE,6.07486,1.00757
19,263,FALSE,1.14192,1.02464
19,264,FALSE,4.0036,1.11601
19,265,FALSE,1.14644,1.09001
19,270,FALSE,1.12932,3.03539
19,271,FALSE,3.13289,1.11411
19,272,FALSE,1.14637,1.1333
19,273,FALSE,1.11826,1.12945
19,274,FALSE,1.13803,1.09039
19,275,FALSE,1.13279,3.02701
19,280,FALSE,1.11831,1.00766
19,289,FALSE,4.10782,1.06721
19,290,FALSE,1.13744,1.10478
19,291,FALSE,1.14512,1.14621
19,292,FALSE,1.14689,1.08574
19,293,FALSE,5.11103,5.00529
19,294,FALSE,1.13937,5.00216
19,295,FALSE,6.14098,5.01624
19,296,FALSE,1.01234,5.02311
19,297,FALSE,5.08435,1.10438
19,298,FALSE,5.11412,1.04771
19,299,FALSE,4.04092,1.0607
19,300,FALSE,5.00715,1.10267
19,301,FALSE,3.07751,1.03294
19,302,FALSE,5.04454,1.09937
19,303,FALSE,3.14083,1.06804
19,308,FALSE,6.03628,1.01279
19,317,FALSE,3.01275,1.01957
19,318,FALSE,6.09525,1.10007
19,319,FALSE,5.10987,1.04888
19,320,FALSE,5.06197,1.08121
19,321,FALSE,4.09206,1.03158
19,322,FALSE,3.12774,1.04039
19,323,FALSE,3.04899,1.01836
19,324,FALSE,3.05868,1.0009
19,325,FALSE,5.09752,1.05508
19,326,FALSE,3.06838,1.02008
19,328,FALSE,5.07594,1.08543
19,329,FALSE,6.08853,1.14159
19,330,FALSE,5.12806,1.08673
19,331,FALSE,3.09538,1.08843
19,332,FALSE,5.14199,1.13766
19,333,FALSE,5.12036,3.03686
19,334,FALSE,1.12726,1.12627
19,335,FALSE,5.04411,1.10375
19,336,FALSE,5.04592,1.06794
19,337,FALSE,5.09255,1.05548
19,339,FALSE,5.08671,1.02191
19,340,TRUE,1.10969,1
19,341,TRUE,5.07501,1
19,342,FALSE,1.11363,6.08472
19,343,TRUE,1,1
19,346,FALSE,5.03812,1.10808
19,347,FALSE,6.10124,1.13497
19,348,FALSE,5.13168,1.10157
19,349,FALSE,5.13139,1.04185
19,350,FALSE,4.14342,3.03718
19,351,FALSE,5.13933,1.14686
19,352,FALSE,4.03004,1.05937
19,353,FALSE,7.05274,4.0893
19,354,FALSE,5.12598,4.13639
19,355,FALSE,3.0664,1.07387
19,357,FALSE,4.12883,1.05945
19,358,FALSE,3.06602,1.04052
19,359,FALSE,3.09029,1.11857
19,361,FALSE,5.08857,1.0851
19,363,FALSE,5.08572,5.1046
19,364,FALSE,5.09811,5.12546
19,365,FALSE,3.02038,1.07719
19,366,FALSE,1.11076,1.11564
19,367,FALSE,5.11017,5.0711
19,370,FALSE,3.14044,1.09415
19,371,FALSE,4.07328,1.14256
19,372,FALSE,6.08745,1.1437
19,373,FALSE,1.1315,1.11677
19,374,FALSE,7.12983,1.04143
19,375,FALSE,1.14716,1.1463
19,376,FALSE,1.12967,1.08642
19,377,FALSE,1.11325,1.01573
19,378,FALSE,3.06966,3.09968
19,379,FALSE,1.13802,3.14048
19,380,FALSE,3.00043,4.04054
19,381,FALSE,1.12659,1.05309
19,383,FALSE,5.10563,1.07982
19,384,FALSE,5.13684,1.13599
19,385,FALSE,5.11506,1.00463
19,386,FALSE,5.00293,1.03076
19,387,FALSE,4.08289,1.00946
19,388,FALSE,1.14311,1.01471
19,389,FALSE,2.01897,1.03306
19,390,FALSE,5.08191,1.01455
19,391,FALSE,3.09233,1.00392
19,394,FALSE,5.11709,1.00024
19,395,FALSE,1.1404,5.12825
19,396,FALSE,1.05184,5.14727
19,397,FALSE,1.13378,5.05273
19,398,FALSE,3.0487,5.03156
19,403,FALSE,4.05485,1.05861
19,404,FALSE,4.12858,5.03071
19,405,FALSE,1.13317,5.13966
19,406,FALSE,1,1.07224
19,407,FALSE,3.09644,4.08226
19,408,TRUE,1.02627,1
19,412,FALSE,6.14556,5.00047
19,413,FALSE,5.12863,5.01928
19,414,FALSE,6.13281,5.00124
19,415,FALSE,3.07317,5.02825
19,416,FALSE,3.06234,3.09491
19,417,FALSE,3.01878,1.14489
19,418,FALSE,5.05916,5.0897
19,419,FALSE,5.09437,3.08325
19,420,FALSE,3.07965,3.14579
19,421,FALSE,5.03946,3.11906
19,422,FALSE,3.10535,3.13614
19,423,FALSE,3.13088,1.13012
19,425,FALSE,7.08414,1.05267
19,426,FALSE,4.04249,1.09124
19,427,FALSE,1.1363,1.09546
19,428,FALSE,3.10951,3.14017
19,429,FALSE,3.12631,3.0335
20,1,FALSE,3.14207,1.10494
20,3,FALSE,1.05921,1.04825
20,5,FALSE,7.05965,1.07419
20,6,FALSE,3.02386,1.04999
20,7,FALSE,1,1.00969
20,9,FALSE,1.1218,1.01351
20,10,FALSE,1.05317,1.13072
20,11,FALSE,1,1.06971
20,13,FALSE,1.11986,1.0879
20,17,FALSE,3.09208,1.04467
20,18,FALSE,1.1353,1.04539
20,19,TRUE,3.10977,1
20,21,FALSE,4.13403,1.10968
20,22,FALSE,1.14567,1.12207
20,25,FALSE,4.11717,1.00279
20,29,FALSE,1.14533,1.0022
20,30,FALSE,1.11743,1.07041
20,69,FALSE,4.01821,1.00075
20,70,FALSE,3.03794,3.00596
20,71,FALSE,3.09433,1.10934
20,72,FALSE,3.07301,3.00868
20,73,FALSE,3.12627,3.01177
20,74,FALSE,3.0438,3.04845
20,75,FALSE,3.13838,4.03745
20,76,FALSE,1.1458,1.14644
20,77,FALSE,1.13535,3.00096
20,78,FALSE,4.02513,1.09731
20,79,FALSE,3.03395,1.13673
20,82,FALSE,4.11051,1.03302
20,83,FALSE,3.11404,1.01249
20,84,FALSE,1,3.11994
20,85,FALSE,1,1.12445
20,86,TRUE,4.03154,1
20,91,FALSE,1.14044,1.05673
20,92,FALSE,3.00193,1.10699
20,93,FALSE,3.04291,1.1346
20,95,FALSE,1.14068,1.05367
20,98,FALSE,5.10425,1.10518
20,99,FALSE,5.11651,2.01649
20,100,FALSE,6.05165,1.13313
20,101,FALSE,3.07299,1.03928
20,103,FALSE,5.07023,1.12551
20,104,FALSE,5.12348,1.1179
20,106,FALSE,5.00107,1.03105
20,107,FALSE,6.03914,1.00125
20,109,FALSE,4.06886,1.10639
20,110,FALSE,3.07384,1.10226
20,111,FALSE,3.13608,1.01494
20,112,FALSE,2.02984,1.06174
20,113,FALSE,3.13726,1.06471
20,114,FALSE,1.14733,1.03979
20,115,FALSE,1.11677,1.0683
20,116,FALSE,3.07989,1.01882
20,117,FALSE,1.13646,1.091
20,118,FALSE,3.13571,1.08445
20,120,FALSE,4.11448,1.00158
20,121,FALSE,1.13831,1.00192
20,122,FALSE,1.13441,1.00139
20,123,FALSE,1.13147,1.00521
20,124,FALSE,7.14542,1.01731
20,125,FALSE,4.10228,5.0541
20,126,FALSE,5.07414,5.05257
20,127,FALSE,4.0517,1.14168
20,128,FALSE,5.0734,1.02773
20,129,FALSE,5.04822,1.14631
20,130,FALSE,5.08853,5.12453
20,131,FALSE,1.05287,1.06648
20,133,FALSE,1.14395,1.01377
20,134,FALSE,1.1209,1.01372
20,135,FALSE,1.11545,1.0487
20,136,FALSE,1.11909,1.04202
20,137,FALSE,1.02171,1.1405
20,139,FALSE,1.12894,1.03353
20,140,FALSE,1.12673,1.01319
20,141,FALSE,1.14699,1.01812
20,142,FALSE,1.08497,1.05229
20,143,FALSE,1.14104,1.01898
20,144,FALSE,1.11678,1.10459
20,145,FALSE,1,5.05232
20,146,TRUE,1,1
20,147,TRUE,1.04706,1
20,148,TRUE,1,1
20,149,TRUE,3.11124,1
20,150,FALSE,1,5.10956
20,151,TRUE,1.04011,1
20,153,FALSE,1.14629,1.13957
20,154,FALSE,5.14591,1.12112
20,155,FALSE,3.01485,1.01261
20,156,FALSE,1.14195,1.10388
20,157,FALSE,1.08997,1.00587
20,158,FALSE,3.05623,1.01622
20,159,FALSE,3.10121,1.01774
20,160,FALSE,3.03783,1.03599
20,161,FALSE,3.13284,1.05168
20,162,FALSE,4.05522,4.13372
20,164,FALSE,7.08684,1.04924
20,165,FALSE,1.11727,5.05779
20,166,FALSE,5.06074,5.10481
20,167,FALSE,1.0303,1.05283
20,168,FALSE,1,5.08974
20,169,FALSE,5.13683,5.13812
20,173,FALSE,4.03976,1.09555
20,175,FALSE,1.14459,1.07436
20,176,FALSE,1.12361,1.03532
20,177,FALSE,5.10353,1.12364
20,178,FALSE,5.09532,4.01234
20,179,FALSE,5.14443,1.14185
20,180,FALSE,5.05641,2.05537
20,181,FALSE,5.0605,3.04383
20,182,FALSE,5.01063,1.12882
20,183,FALSE,5.12821,1.08286
20,184,FALSE,7.05801,1.10487
20,185,FALSE,5.14171,1.13811
20,186,FALSE,7.09038,1.05319
20,188,FALSE,5.07465,1.00758
20,189,FALSE,6.14186,4.13566
20,190,FALSE,3.07316,1.12677
20,191,FALSE,5.14295,1.13106
20,192,FALSE,5.01697,1.10988
20,193,FALSE,5.01184,6.07044
20,194,FALSE,5.03022,1.09612
20,195,FALSE,3.13842,1.08702
20,197,FALSE,5.14664,1.00884
20,198,FALSE,5.09201,1.13779
20,199,FALSE,4.07509,3.0165
20,200,FALSE,1.14654,1.13634
20,201,FALSE,1.10811,1.13047
20,202,FALSE,7.03895,7.03025
20,203,FALSE,5.14543,1.14351
20,204,FALSE,5.02889,1.08376
20,206,FALSE,5.05531,1.00024
20,207,FALSE,3.03139,1.11354
20,208,FALSE,1.14454,1.06042
20,209,FALSE,3.02034,3.02419
20,210,FALSE,3.10679,3.06007
20,211,FALSE,3.03971,3.07082
20,212,FALSE,1.12857,1.07511
20,213,FALSE,3.02459,1.08093
20,216,FALSE,6.144,1.09836
20,217,FALSE,4.03254,1.13138
20,218,FALSE,5.13928,1.12478
20,219,FALSE,5.02905,3.03421
20,222,FALSE,3.01533,1.08934
20,225,FALSE,3.02986,4.12614
20,226,FALSE,5.07582,1.08444
20,227,FALSE,7.02103,4.03148
20,229,FALSE,4.09921,3.07868
20,230,FALSE,3.11323,3.08966
20,233,FALSE,5.13293,1.02345
20,234,FALSE,5.04339,3.08425
20,235,FALSE,3.00628,3.12224
20,236,FALSE,1.09868,1.11626
20,237,FALSE,1.12908,1.09493
20,242,FALSE,4.12012,1.00677
20,243,FALSE,1.13992,1.1146
20,251,FALSE,4.08043,4.12135
20,252,FALSE,3.12513,1.12879
20,253,FALSE,5.05063,1.00257
20,254,FALSE,1.11032,1.03668
20,255,FALSE,3.04234,1.00765
20,256,FALSE,5.12984,1.01551
20,257,FALSE,5.07833,1.04739
20,258,FALSE,3.0161,1.11162
20,259,FALSE,1.14323,3.09339
20,260,FALSE,1.07623,1.07904
20,262,FALSE,6.06793,1.00561
20,263,FALSE,1.13637,1.04865
20,264,FALSE,4.13155,1.11685
20,265,FALSE,1.1463,1.12509
20,270,FALSE,1.14229,3.02723
20,271,FALSE,3.13865,1.14706
20,272,FALSE,1.14127,1.06586
20,273,FALSE,1.13398,1.05058
20,274,FALSE,1.14427,1.08267
20,275,FALSE,1.10465,3.02212
20,280,FALSE,1.08806,1.00479
20,289,FALSE,4.09883,1.06514
20,290,FALSE,1.13736,1.11202
20,291,FALSE,1.13009,1.1328
20,292,FALSE,1.13908,1.09318
20,293,FALSE,6.03997,5.00721
20,294,FALSE,5.12434,5.01122
20,295,FALSE,6.035,5.01343
20,296,FALSE,5.11385,5.0197
20,297,FALSE,5.13474,1.13532
20,298,FALSE,5.10969,1.03065
20,299,FALSE,4.06657,1.07992
20,300,FALSE,5.06671,1.05041
20,301,FALSE,3.13607,1.04247
20,302,FALSE,5.08983,1.10399
20,303,FALSE,3.06378,1.10019
20,308,FALSE,6.05261,1.01218
20,317,FALSE,5.10294,1.00313
20,318,FALSE,6.03853,1.09606
20,319,FALSE,5.06453,1.07132
20,320,FALSE,5.02567,1.07243
20,321,FALSE,4.13687,1.01459
20,322,FALSE,3.12904,1.01733
20,323,FALSE,3.14585,1.02318
20,324,FALSE,3.06726,1.00671
20,325,FALSE,5.03304,1.0127
20,326,FALSE,3.1444,1.01415
20,328,FALSE,5.12567,1.09267
20,329,FALSE,6.00463,1.14334
20,330,FALSE,5.14303,1.10301
20,331,FALSE,5.07949,1.03336
20,332,FALSE,5.12807,1.14064
20,333,FALSE,5.12013,3.02533
20,334,FALSE,1.11928,1.11846
20,335,FALSE,5.08317,1.10188
20,336,FALSE,5.0467,1.09209
20,337,FALSE,5.12986,1.13889
20,339,FALSE,5.09397,1.10781
20,340,TRUE,1.07875,1
20,341,TRUE,5.13519,1
20,342,FALSE,1.13785,6.03359
20,343,TRUE,1,1
20,346,FALSE,5.11941,1.10621
20,347,FALSE,6.08875,1.13383
20,348,FALSE,5.05449,1.08905
20,349,FALSE,5.056,1.04159
20,350,FALSE,4.08258,1.13835
20,351,FALSE,5.04831,1.13929
20,352,FALSE,4.00918,1.13266
20,353,FALSE,7.07816,4.03461
20,354,FALSE,5.07871,4.14628
20,355,FALSE,3.13328,1.11327
20,357,FALSE,4.03839,1.07508
20,358,FALSE,3.06835,1.06911
20,359,FALSE,3.10517,1.1329
20,361,FALSE,5.14624,1.0576
20,363,FALSE,5.10561,5.1202
20,364,FALSE,5.06535,5.0674
20,365,FALSE,3.0005,1.02435
20,366,FALSE,1.14652,1.07677
20,367,FALSE,5.06524,5.06318
20,370,FALSE,3.11785,1.10365
20,371,FALSE,4.03074,1.14157
20,372,FALSE,6.10474,1.14121
20,373,FALSE,1.12604,1.12381
20,374,FALSE,7.00692,1.01313
20,375,FALSE,3.05528,1.1378
20,376,FALSE,1.11436,1.02775
20,377,FALSE,1.04266,1.10238
20,378,FALSE,3.04927,3.1287
20,379,FALSE,1.11675,3.07587
20,380,FALSE,3.05946,4.00299
20,381,FALSE,1.13333,1.06525
20,383,FALSE,5.10912,1.07761
20,384,FALSE,5.11881,1.1416
20,385,FALSE,5.11528,1.00923
20,386,FALSE,5.07526,1.01838
20,387,FALSE,4.10918,1.02326
20,388,FALSE,1.13061,1.00747
20,389,FALSE,2.06879,1.04343
20,390,FALSE,2.11745,1.01711
20,391,FALSE,3.11586,1.02867
20,394,FALSE,5.09031,1.03071
20,395,FALSE,1.1358,5.00938
20,396,FALSE,1.04368,5.05173
20,397,FALSE,1.14382,5.07709
20,398,FALSE,3.00712,5.07249
20,403,FALSE,4.0578,1.03011
20,404,FALSE,4.02556,5.11439
20,405,FALSE,1.12593,5.02625
20,406,FALSE,1,1.04484
20,407,FALSE,3.07174,4.02819
20,408,TRUE,1.09667,1
20,412,FALSE,6.14225,5.00069
20,413,FALSE,5.04748,5.00742
20,414,FALSE,6.04564,5.03457
20,415,FALSE,3.06204,5.00097
20,416,FALSE,3.0086,3.10117
20,417,FALSE,3.06172,1.13623
20,418,FALSE,5.04095,5.06652
20,419,FALSE,3.10233,4.0927
20,420,FALSE,3.12063,3.12334
20,421,FALSE,5.01944,3.13481
20,422,FALSE,5.10967,3.01696
20,423,FALSE,3.08089,1.10065
20,425,FALSE,7.08237,1.07757
20,426,FALSE,4.07635,1.09353
20,427,FALSE,1.14433,1.07785
20,428,FALSE,3.11091,3.07258
20,429,FALSE,3.00502,3.09294
21,1,FALSE,3.10111,1.09972
21,3,FALSE,1.04127,1.09155
21,5,FALSE,7.11735,1.05273
21,6,FALSE,3.09152,1.09905
21,7,FALSE,1,1.02541
21,9,FALSE,1.12696,1.00028
21,10,FALSE,1.06318,1.03657
21,11,FALSE,1,1.00119
21,13,FALSE,1.13539,1.13692
21,17,FALSE,3.05934,1.0921
21,18,FALSE,1.14188,1.0502
21,19,TRUE,3.02971,1
21,21,FALSE,3.03959,1.06913
21,22,FALSE,1.14105,1.13672
21,25,FALSE,4.09541,1.04738
21,29,FALSE,1.14002,1.00949
21,30,FALSE,1.14436,1.11328
21,69,FALSE,4.06632,1.00553
21,70,FALSE,3.09128,3.03469
21,71,FALSE,3.13031,1.10615
21,72,FALSE,3.09369,3.04057
21,73,FALSE,3.06403,3.03821
21,74,FALSE,3.01781,3.02796
21,75,FALSE,3.10439,4.02038
21,76,FALSE,3.09327,1.14055
21,77,FALSE,1.14453,3.01192
21,78,FALSE,4.02482,1.09493
21,79,FALSE,3.07471,1.12888
21,82,FALSE,4.10283,1.13768
21,83,FALSE,3.05497,1.02737
21,84,FALSE,1,3.12549
21,85,TRUE,1.12499,1
21,86,TRUE,4.12938,1
21,91,FALSE,1.12906,1.06581
21,92,FALSE,1.14567,1.10316
21,93,FALSE,3.14549,1.12526
21,95,FALSE,1.09914,1.05656
21,98,FALSE,5.06925,1.0916
21,99,FALSE,5.10084,2.09472
21,100,FALSE,6.09411,1.12607
21,101,FALSE,3.14716,1.03001
21,103,FALSE,5.09836,1.12576
21,104,FALSE,5.06434,1.12795
21,106,FALSE,5.12648,1.07207
21,107,FALSE,6.09757,1.0584
21,109,FALSE,4.03863,1.13992
21,110,FALSE,3.09668,1.10735
21,111,FALSE,3.14402,1.01649
21,112,FALSE,2.1167,1.0287
21,113,FALSE,3.13002,1.05029
21,114,FALSE,1.1245,1.00871
21,115,FALSE,1.14425,1.08535
21,116,FALSE,3.08091,1.05721
21,117,FALSE,1.14522,1.09314
21,118,FALSE,3.10377,1.00581
21,120,FALSE,4.00801,1.01009
21,121,FALSE,1.14264,1.00012
21,122,FALSE,1.14005,1.0037
21,123,FALSE,1.11719,1.02306
21,124,FALSE,7.11766,1.05165
21,125,FALSE,4.13055,5.01269
21,126,FALSE,5.07092,5.07621
21,127,FALSE,4.05847,1.07606
21,128,FALSE,5.0794,1.02133
21,129,FALSE,5.11298,1.06358
21,130,FALSE,5.07753,5.12237
21,131,FALSE,1.03247,1.14656
21,133,FALSE,1.1472,1.00852
21,134,FALSE,1.12508,1.02273
21,135,FALSE,1.11446,1.00185
21,136,FALSE,1.0703,1.03919
21,137,TRUE,1.14183,1
21,139,FALSE,1.08567,1.12697
21,140,FALSE,1.13618,1.02396
21,141,FALSE,1.04957,1.04547
21,142,FALSE,1.00541,1.09353
21,143,FALSE,1.13949,1.0412
21,144,FALSE,1.08282,1.05781
21,145,FALSE,1,5.01612
21,146,TRUE,1,1
21,147,FALSE,1,1.13465
21,148,TRUE,1,1
21,149,TRUE,3.10743,1
21,150,FALSE,1,5.09793
21,151,TRUE,1.04296,1
21,153,FALSE,1.14025,1.13116
21,154,FALSE,5.02759,1.11679
21,155,FALSE,7.08705,1.01426
21,156,FALSE,1.11315,1.07663
21,157,FALSE,1.11414,1.00749
21,158,FALSE,3.11323,1.05104
21,159,FALSE,3.13418,1.0038
21,160,FALSE,3.02108,1.07959
21,161,FALSE,3.11956,1.00131
21,162,FALSE,4.01701,4.13904
21,164,FALSE,7.07479,1.04001
21,165,FALSE,1.14369,5.09065
21,166,FALSE,5.01032,5.03487
21,167,FALSE,1.09706,1.11682
21,168,FALSE,1,5.05672
21,169,FALSE,5.0396,5.04316
21,173,FALSE,4.13401,1.08488
21,175,FALSE,1.07285,1.07918
21,176,FALSE,1.08563,1.05491
21,177,FALSE,5.12348,1.12546
21,178,FALSE,6.10666,4.00733
21,179,FALSE,5.14126,1.14128
21,180,FALSE,5.05841,2.13196
21,181,FALSE,5.04965,3.13901
21,182,FALSE,5.0062,1.14176
21,183,FALSE,5.05015,1.11946
21,184,FALSE,7.09892,1.07567
21,185,FALSE,5.09834,1.14098
21,186,FALSE,7.14576,1.11399
21,188,FALSE,5.13867,1.01578
21,189,FALSE,6.00784,4.13759
21,190,FALSE,3.14129,1.13626
21,191,FALSE,5.03287,1.0797
21,192,FALSE,5.01994,1.1337
21,193,FALSE,5.03743,6.11942
21,194,FALSE,5.12693,1.13448
21,195,FALSE,3.12917,1.11199
21,197,FALSE,5.09501,1.00103
21,198,FALSE,5.04018,1.12084
21,199,FALSE,4.07424,1.11769
21,200,FALSE,1.13829,1.14393
21,201,FALSE,1.13693,1.125
21,202,FALSE,7.06458,7.06951
21,203,FALSE,5.13746,1.14281
21,204,FALSE,5.10795,3.06303
21,206,FALSE,5.06839,1.00471
21,207,FALSE,3.14527,1.12675
21,208,FALSE,1.13043,1.03337
21,209,FALSE,3.03,3.01788
21,210,FALSE,3.13935,3.04183
21,211,FALSE,3.02221,3.06651
21,212,FALSE,1.12933,1.03775
21,213,FALSE,3.10471,1.08555
21,216,FALSE,6.00743,1.10481
21,217,FALSE,4.12699,1.13917
21,218,FALSE,5.09256,1.14363
21,219,FALSE,5.02601,1.1346
21,222,FALSE,3.0447,1.11989
21,225,FALSE,3.12611,4.02829
21,226,FALSE,5.1104,1.08912
21,227,FALSE,7.05008,4.05059
21,229,FALSE,4.08833,3.10394
21,230,FALSE,3.13258,3.107
21,233,FALSE,5.13985,1.03517
21,234,FALSE,3.03371,3.03867
21,235,FALSE,5.09154,3.07265
21,236,FALSE,1.14499,1.14684
21,237,FALSE,1.12268,1.14007
21,242,FALSE,4.03223,1.0322
21,243,FALSE,1.05398,1.06327
21,251,FALSE,4.09811,4.07882
21,252,FALSE,3.11538,1.13716
21,253,FALSE,5.06457,1.00207
21,254,FALSE,1,1.00139
21,255,FALSE,3.09981,1.03257
21,256,FALSE,5.05387,1.01631
21,257,FALSE,5.0444,1.0808
21,258,FALSE,3.04909,1.0729
21,259,FALSE,1.13908,3.07516
21,260,FALSE,1.10768,1.08664
21,262,FALSE,6.04108,1.00155
21,263,FALSE,1.13529,1.03441
21,264,FALSE,4.02519,1.13545
21,265,FALSE,1.11175,1.14457
21,270,FALSE,1.14606,3.03854
21,271,FALSE,3.14039,1.14146
21,272,FALSE,1.1267,1.07952
21,273,FALSE,1.12328,1.11599
21,274,FALSE,1.096,1.07288
21,275,FALSE,1.13046,3.0632
21,280,FALSE,1.13277,1.00261
21,289,FALSE,4.08203,1.0579
21,290,FALSE,1.13458,1.11462
21,291,FALSE,1.138,1.14248
21,292,FALSE,1.13387,1.09287
21,293,FALSE,6.10046,5.01209
21,294,FALSE,5.1444,5.00703
21,295,FALSE,6.08364,5.00586
21,296,FALSE,1.07341,5.00721
21,297,FALSE,5.11392,1.13239
21,298,FALSE,5.14481,1.03932
21,299,FALSE,4.02958,1.03212
21,300,FALSE,5.14492,1.04244
21,301,FALSE,3.10271,1.112
21,302,FALSE,5.1109,1.075
21,303,FALSE,3.13015,1.13025
21,308,FALSE,6.06323,1.00256
21,317,FALSE,5.09006,1.00603
21,318,FALSE,6.07907,1.09223
21,319,FALSE,5.12389,1.02309
21,320,FALSE,5.08244,1.03519
21,321,FALSE,4.10742,1.00193
21,322,FALSE,3.02604,1.03941
21,323,FALSE,3.12629,1.01104
21,324,FALSE,3.01285,1.00477
21,325,FALSE,5.09148,1.0466
21,326,FALSE,3.09769,1.0331
21,328,FALSE,5.08645,1.10098
21,329,FALSE,6.14209,1.14273
21,330,FALSE,5.13474,1.08379
21,331,FALSE,5.01512,1.09275
21,332,FALSE,5.10948,1.1454
21,333,FALSE,5.09653,3.00106
21,334,FALSE,1.11751,1.11106
21,335,FALSE,5.12136,1.07305
21,336,FALSE,5.13446,1.01746
21,337,FALSE,5.0234,1.09465
21,339,FALSE,5.12094,1.00571
21,340,TRUE,1.08318,1
21,341,TRUE,5.13394,1
21,342,FALSE,1.06463,6.0066
21,343,TRUE,1,1
21,346,FALSE,5.08799,1.08723
21,347,FALSE,6.06725,1.1254
21,348,FALSE,5.12026,1.08477
21,349,FALSE,5.02782,1.01288
21,350,FALSE,4.12154,1.13946
21,351,FALSE,5.06257,1.13898
21,352,FALSE,4.00982,1.03762
21,353,FALSE,7.03401,4.07619
21,354,FALSE,5.14016,4.14628
21,355,FALSE,3.04844,1.11549
21,357,FALSE,4.08987,1.06067
21,358,FALSE,3.12157,1.02538
21,359,FALSE,3.02589,1.11855
21,361,FALSE,5.0143,1.10298
21,363,FALSE,5.08429,5.11067
21,364,FALSE,5.00804,5.00989
21,365,FALSE,3.06628,1.13348
21,366,FALSE,1.12432,1.11352
21,367,FALSE,5.08888,5.02993
21,370,FALSE,3.13147,1.10613
21,371,FALSE,3.07719,1.13338
21,372,FALSE,6.07499,1.14539
21,373,FALSE,1.11962,1.12655
21,374,FALSE,7.13254,1.02753
21,375,FALSE,3.08026,1.12462
21,376,FALSE,1.12596,1.038
21,377,FALSE,1.10463,1.0779
21,378,FALSE,3.11337,3.03249
21,379,FALSE,1.14157,3.09378
21,380,FALSE,3.12439,4.06855
21,381,FALSE,1.12266,1.11463
21,383,FALSE,5.06351,1.01607
21,384,FALSE,5.02226,1.13016
21,385,FALSE,5.0982,1.00055
21,386,FALSE,5.02418,1.00882
21,387,FALSE,4.05857,1.06245
21,388,FALSE,1.12501,1.01095
21,389,FALSE,2.09658,1.10643
21,390,FALSE,5.02412,1.00512
21,391,FALSE,3.04999,1.0017
21,394,FALSE,5.14679,1.0251
21,395,FALSE,1.11984,5.07896
21,396,FALSE,1.06229,5.01273
21,397,FALSE,1.08093,5.04322
21,398,FALSE,3.12777,5.08834
21,403,FALSE,4.03418,1.08256
21,404,FALSE,4.1199,5.10504
21,405,FALSE,1.05348,5.04794
21,406,FALSE,1,1.06027
21,407,FALSE,3.08178,4.11936
21,408,TRUE,1.06722,1
21,412,FALSE,6.06869,5.00085
21,413,FALSE,5.05046,5.01615
21,414,FALSE,6.04053,5.00298
21,415,FALSE,3.14401,5.00832
21,416,FALSE,3.10146,3.11387
21,417,FALSE,3.14728,1.1256
21,418,FALSE,5.08112,5.08194
21,419,FALSE,5.03967,3.10166
21,420,FALSE,3.09961,3.13988
21,421,FALSE,5.07762,3.05984
21,422,FALSE,5.07764,3.04555
21,423,FALSE,3.09713,1.09636
21,425,FALSE,7.12036,1.04237
21,426,FALSE,4.13805,1.07463
21,427,FALSE,1.13514,1.11652
21,428,FALSE,3.08924,3.09413
21,429,FALSE,3.06169,3.13615
22,1,FALSE,3.04114,1.05585
22,3,FALSE,1.01119,1.063
22,5,FALSE,7.10275,1.03296
22,6,FALSE,3.12738,1.08592
22,7,FALSE,1,1.0211
22,9,FALSE,1.13263,1.00058
22,10,FALSE,1.14713,1.03035
22,11,FALSE,1,1.07602
22,13,FALSE,1.13593,1.07755
22,17,FALSE,3.04218,1.06714
22,18,FALSE,1.06025,1.03641
22,19,TRUE,3.14219,1
22,21,FALSE,4.10312,1.07928
22,22,FALSE,1.14292,1.13783
22,25,FALSE,1.07266,1.05853
22,29,FALSE,1.14631,1.00065
22,30,FALSE,1.13646,1.03397
22,69,FALSE,4.13336,1.00116
22,70,FALSE,3.00982,3.00488
22,71,FALSE,3.11626,1.09771
22,72,FALSE,3.14621,3.06919
22,73,FALSE,3.09463,3.0121
22,74,FALSE,3.02065,3.03508
22,75,FALSE,3.10533,4.08603
22,76,FALSE,3.10901,1.14305
22,77,FALSE,1.14379,3.01424
22,78,FALSE,4.03785,1.09555
22,79,FALSE,3.09285,1.12772
22,82,FALSE,4.10564,1.05406
22,83,FALSE,1.09983,1.11663
22,84,FALSE,1,3.08712
22,85,TRUE,1.11631,1
22,86,TRUE,4.08998,1
22,91,FALSE,1.1423,1.03489
22,92,FALSE,1.13476,1.11106
22,93,FALSE,3.10977,1.10255
22,95,FALSE,1.13936,1.02798
22,98,FALSE,5.12885,1.10222
22,99,FALSE,5.09614,2.01491
22,100,FALSE,6.04256,1.14122
22,101,FALSE,3.07893,1.04856
22,103,FALSE,5.06239,1.11584
22,104,FALSE,5.11015,1.10112
22,106,FALSE,5.06251,1.07311
22,107,FALSE,6.13037,1.02618
22,109,FALSE,4.02476,1.11191
22,110,FALSE,3.14062,1.08789
22,111,FALSE,3.12256,1.0021
22,112,FALSE,2.08578,1.02154
22,113,FALSE,3.12607,1.07396
22,114,FALSE,1.14017,1.01969
22,115,FALSE,1.11415,1.07612
22,116,FALSE,3.06432,1.00196
22,117,FALSE,1.14637,1.00228
22,118,FALSE,3.13208,1.02301
22,120,FALSE,4.04936,1.00149
22,121,FALSE,1.14679,1.00506
22,122,FALSE,1.12493,1.00871
22,123,FALSE,1.06301,1.00825
22,124,FALSE,7.07692,1.00112
22,125,FALSE,4.13639,5.03371
22,126,FALSE,5.0341,5.09922
22,127,FALSE,4.07703,1.03137
22,128,FALSE,5.11564,1.06258
22,129,FALSE,5.0094,1.14178
22,130,FALSE,5.10497,5.12118
22,131,FALSE,1.12198,1.04572
22,133,FALSE,1.14628,1.0043
22,134,FALSE,1.12962,1.01714
22,135,FALSE,1.14743,1.03613
22,136,FALSE,1.14648,1.0024
22,137,TRUE,1.11003,1
22,139,FALSE,1.09325,1.05802
22,140,FALSE,1.1386,1.02202
22,141,FALSE,1.02834,1.0226
22,142,FALSE,1,1.01101
22,143,FALSE,1.13875,1.00386
22,144,FALSE,1.11352,1.11758
22,145,TRUE,5.05115,1
22,146,TRUE,1,1
22,147,TRUE,1.00009,1
22,148,TRUE,1,1
22,149,TRUE,3.11473,1
22,150,FALSE,1,5.13996
22,151,FALSE,1,1.06668
22,153,FALSE,1.13536,1.11526
22,154,FALSE,5.10704,1.10239
22,155,FALSE,7.14552,1.00784
22,156,FALSE,1.14686,1.09909
22,157,FALSE,1.14444,1.01205
22,158,FALSE,3.07117,1.02619
22,159,FALSE,3.09388,1.13558
22,160,FALSE,3.12338,1.08543
22,161,FALSE,3.10486,1.11495
22,162,FALSE,4.10826,4.05076
22,164,FALSE,7.05777,1.00608
22,165,FALSE,1.13845,5.06434
22,166,FALSE,5.07079,5.09984
22,167,FALSE,1.04483,1.04878
22,168,FALSE,1,5.0486
22,169,FALSE,5.1006,5.13916
22,173,FALSE,3.10169,1.09648
22,175,FALSE,1.07179,1.10197
22,176,FALSE,1.01599,1.11155
22,177,FALSE,5.08285,1.11429
22,178,FALSE,6.02019,4.0102
22,179,FALSE,5.13493,1.14166
22,180,FALSE,5.07315,2.07057
22,181,FALSE,5.07191,3.09301
22,182,FALSE,5.01513,1.1408
22,183,FALSE,5.06295,1.09063
22,184,FALSE,7.0929,1.12254
22,185,FALSE,5.08788,1.10409
22,186,FALSE,7.02071,1.09911
22,188,FALSE,5.13083,1.00005
22,189,FALSE,6.11543,4.12223
22,190,FALSE,3.09005,1.12745
22,191,FALSE,5.05765,1.06392
22,192,FALSE,5.0262,1.12422
22,193,FALSE,5.03056,6.04702
22,194,FALSE,5.13026,1.1161
22,195,FALSE,3.10117,1.14672
22,197,FALSE,5.10613,1.01199
22,198,FALSE,5.08069,1.12296
22,199,FALSE,4.10122,1.10659
22,200,FALSE,1.13275,1.13882
22,201,FALSE,1.10425,1.13188
22,202,FALSE,7.05146,7.05712
22,203,FALSE,5.11062,4.10462
22,204,FALSE,5.06646,1.04839
22,206,FALSE,5.06177,1.00481
22,207,FALSE,3.02819,1.13752
22,208,FALSE,1.14437,1.0281
22,209,FALSE,3.11399,3.02988
22,210,FALSE,3.08355,3.02989
22,211,FALSE,3.03737,3.07045
22,212,FALSE,1.12948,1.09316
22,213,FALSE,3.12323,1.08642
22,216,FALSE,6.06689,1.12522
22,217,FALSE,4.03042,1.13401
22,218,FALSE,5.06605,1.12498
22,219,FALSE,5.01184,3.04087
22,222,FALSE,3.05093,1.12432
22,225,FALSE,3.14138,4.09315
22,226,FALSE,5.02551,1.08184
22,227,FALSE,7.10253,4.0289
22,229,FALSE,4.13031,3.10874
22,230,FALSE,3.14151,3.0345
22,233,FALSE,5.12985,1.0586
22,234,FALSE,5.0206,3.0509
22,235,FALSE,3.00824,3.03202
22,236,FALSE,1.06408,1.13937
22,237,FALSE,1.13443,1.14165
22,242,FALSE,4.07676,1.03887
22,243,FALSE,1.05261,1.13449
22,251,FALSE,4.13745,4.13367
22,252,FALSE,3.12789,1.13586
22,253,FALSE,5.11063,1.00599
22,254,FALSE,1.13378,1.02009
22,255,FALSE,3.0783,1.00759
22,256,FALSE,5.09077,1.09713
22,257,FALSE,5.05605,1.11058
22,258,FALSE,3.08209,1.02799
22,259,FALSE,1.13365,3.04823
22,260,FALSE,1.0415,1.07885
22,262,FALSE,6.12365,1.00857
22,263,FALSE,1.14507,1.06707
22,264,FALSE,4.0146,1.12136
22,265,FALSE,1.13877,1.13615
22,270,FALSE,1.14438,3.01708
22,271,FALSE,3.11476,1.06275
22,272,FALSE,1.12488,1.13815
22,273,FALSE,1.12966,1.11306
22,274,FALSE,1.09253,1.10142
22,275,FALSE,1.13454,3.11247
22,280,FALSE,1.12437,1.01233
22,289,FALSE,3.08117,1.10535
22,290,FALSE,1.14146,1.13138
22,291,FALSE,1.14615,1.14738
22,292,FALSE,1.12679,1.07935
22,293,FALSE,6.06941,5.00285
22,294,FALSE,5.10765,5.01217
22,295,FALSE,6.08306,5.03065
22,296,FALSE,5.10303,5.01028
22,297,FALSE,5.0609,1.10252
22,298,FALSE,5.07309,1.01605
22,299,FALSE,4.00592,1.09592
22,300,FALSE,5.08705,1.00214
22,301,FALSE,3.10477,1.10583
22,302,FALSE,5.03531,1.06522
22,303,FALSE,3.13061,1.13846
22,308,FALSE,6.12076,1.00224
22,317,FALSE,3.06229,1.00273
22,318,FALSE,6.07753,1.08612
22,319,FALSE,5.11405,1.06993
22,320,FALSE,5.07307,1.01773
22,321,FALSE,4.07471,1.01159
22,322,FALSE,3.01835,1.04597
22,323,FALSE,3.05407,1.02974
22,324,FALSE,3.0095,1.00418
22,325,FALSE,5.00002,1.04464
22,326,FALSE,3.10171,1.04268
22,328,FALSE,5.07609,1.08639
22,329,FALSE,6.02228,1.14695
22,330,FALSE,5.14096,1.11627
22,331,FALSE,3.13447,1.02518
22,332,FALSE,5.12815,1.11016
22,333,FALSE,5.09562,3.14136
22,334,FALSE,1.14249,1.12686
22,335,FALSE,5.12064,1.06825
22,336,FALSE,5.11536,1.07488
22,337,FALSE,5.08633,1.09067
22,339,FALSE,5.02736,1.05873
22,340,TRUE,1.12872,1
22,341,TRUE,5.01974,1
22,342,FALSE,1.06546,6.10996
22,343,TRUE,1,1
22,346,FALSE,5.04632,1.09546
22,347,FALSE,6.00822,1.1301
22,348,FALSE,5.13075,1.10607
22,349,FALSE,5.02334,1.04129
22,350,FALSE,4.00795,3.04859
22,351,FALSE,5.10158,1.11812
22,352,FALSE,4.06231,1.14527
22,353,FALSE,7.06695,4.04487
22,354,FALSE,5.10225,4.12097
22,355,FALSE,3.13992,1.09011
22,357,FALSE,4.0895,1.05118
22,358,FALSE,3.07174,1.0809
22,359,FALSE,3.12101,1.12532
22,361,FALSE,5.09668,1.10266
22,363,FALSE,5.10382,5.10566
22,364,FALSE,5.12896,5.12929
22,365,FALSE,3.1371,1.0344
22,366,FALSE,1.1153,1.09776
22,367,FALSE,5.05166,5.07053
22,370,FALSE,3.14704,1.10327
22,371,FALSE,3.07372,1.14008
22,372,FALSE,6.07615,1.14386
22,373,FALSE,1.13262,1.12845
22,374,FALSE,7.06246,1.0025
22,375,FALSE,3.02028,1.00757
22,376,FALSE,1.07895,1.02897
22,377,FALSE,1,1.12873
22,378,FALSE,3.13773,3.09438
22,379,FALSE,1.13177,3.00016
22,380,FALSE,3.07845,4.06611
22,381,FALSE,1.12387,1.09115
22,383,FALSE,5.14031,1.06443
22,384,FALSE,5.08482,1.13605
22,385,FALSE,5.13253,1.0192
22,386,FALSE,5.03922,1.01672
22,387,FALSE,4.09251,1.01931
22,388,FALSE,1.1372,1.00905
22,389,FALSE,2.06762,1.03679
22,390,FALSE,2.07246,1.02427
22,391,FALSE,3.03411,1.02953
22,394,FALSE,5.10262,1.01116
22,395,FALSE,1.01273,5.07493
22,396,FALSE,1.04025,5.0889
22,397,FALSE,1.10017,5.02761
22,398,FALSE,3.09274,5.13122
22,403,FALSE,4.09202,1.07832
22,404,FALSE,4.08625,5.05693
22,405,FALSE,1.14501,5.08131
22,406,FALSE,1,1.06271
22,407,FALSE,3.11607,4.03767
22,408,TRUE,1.05358,1
22,412,FALSE,6.13859,5.00014
22,413,FALSE,5.0031,5.00236
22,414,FALSE,6.03164,5.01235
22,415,FALSE,3.13573,5.04516
22,416,FALSE,3.11858,3.13701
22,417,FALSE,3.11235,1.12215
22,418,FALSE,5.0427,5.07487
22,419,FALSE,3.09833,4.06538
22,420,FALSE,3.01875,3.07185
22,421,FALSE,5.00306,3.13706
22,422,FALSE,3.02925,3.12813
22,423,FALSE,3.09664,1.13629
22,425,FALSE,1.14276,1.01281
22,426,FALSE,4.11513,1.08935
22,427,FALSE,1.14352,1.12054
22,428,FALSE,3.14057,3.12856
22,429,FALSE,3.114,3.05426
23,1,FALSE,3.02833,1.08625
23,3,FALSE,1.13177,1.01822
23,5,FALSE,7.06617,1.07456
23,6,FALSE,3.0739,1.04029
23,7,FALSE,1,1.00935
23,9,FALSE,1.13098,1.02929
23,10,FALSE,1.04404,1.05591
23,11,FALSE,1,1.0288
23,13,FALSE,1.1165,1.1005
23,17,FALSE,3.0275,1.05759
23,18,FALSE,1.09111,1.02114
23,19,TRUE,3.05999,1
23,21,FALSE,4.12176,1.08092
23,22,FALSE,1.14349,1.13872
23,25,FALSE,4.11527,1.0468
23,29,FALSE,1.12869,1.01874
23,30,FALSE,1.14203,1.13826
23,69,FALSE,4.09963,1.00176
23,70,FALSE,3.03188,3.03464
23,71,FALSE,1.14211,1.08496
23,72,FALSE,3.11573,3.11665
23,73,FALSE,3.04512,3.01154
23,74,FALSE,3.07341,3.09625
23,75,FALSE,3.12535,4.06048
23,76,FALSE,3.08541,1.13562
23,77,FALSE,1.14572,3.04006
23,78,FALSE,3.13682,1.10208
23,79,FALSE,3.12226,1.13452
23,82,FALSE,4.04368,1.08463
23,83,FALSE,1.14246,1.11029
23,84,FALSE,1,3.11092
23,85,TRUE,1.00248,1
23,86,TRUE,4.05171,1
23,91,FALSE,1.13925,1.0523
23,92,FALSE,1.14614,1.11028
23,93,FALSE,3.10823,1.12463
23,95,FALSE,1.14315,1.03306
23,98,FALSE,5.07907,1.08837
23,99,FALSE,5.13224,2.03424
23,100,FALSE,6.0376,1.08234
23,101,FALSE,3.07574,1.07504
23,103,FALSE,5.04057,1.02879
23,104,FALSE,5.13221,1.08864
23,106,FALSE,5.0364,1.00146
23,107,FALSE,6.06012,1.03359
23,109,FALSE,4.08169,1.13188
23,110,FALSE,3.13755,1.12572
23,111,FALSE,3.14204,1.00035
23,112,FALSE,2.11609,1.05091
23,113,FALSE,3.11417,1.12301
23,114,FALSE,1.14565,1.01054
23,115,FALSE,1.13748,1.05708
23,116,FALSE,3.0733,1.00076
23,117,FALSE,1.14642,1.01574
23,118,FALSE,3.11978,1.04161
23,120,FALSE,4.07216,1.00085
23,121,FALSE,1.14019,1.00012
23,122,FALSE,1.14644,1.0069
23,123,FALSE,1.0796,1.00955
23,124,FALSE,7.13434,1.03583
23,125,FALSE,4.12961,5.10936
23,126,FALSE,5.08332,5.09912
23,127,FALSE,4.08241,1.00227
23,128,FALSE,5.00736,1.05264
23,129,FALSE,5.07791,1.11688
23,130,FALSE,5.11245,5.14224
23,131,FALSE,1.13545,1.03206
23,133,FALSE,1.14213,1.01103
23,134,FALSE,1.13158,1.00583
23,135,FALSE,1.11614,1.00338
23,136,FALSE,1.11411,1.06665
23,137,FALSE,1.05798,1.09032
23,139,FALSE,1.14526,1.03232
23,140,FALSE,1.13629,1.03422
23,141,FALSE,1.11647,1.11105
23,142,FALSE,1,1.01002
23,143,FALSE,1.12759,1.01015
23,144,FALSE,1.10967,1.00532
23,145,TRUE,5.09761,1
23,146,TRUE,1,1
23,147,TRUE,1.0017,1
23,148,TRUE,1,1
23,149,TRUE,3.06821,1
23,150,FALSE,1,5.11713
23,151,FALSE,1,1.13233
23,153,FALSE,1.1292,1.13635
23,154,FALSE,5.02363,1.0942
23,155,FALSE,7.00918,1.011
23,156,FALSE,3.07432,1.11938
23,157,FALSE,1.14016,1.00981
23,158,FALSE,3.04092,1.06781
23,159,FALSE,3.02924,1.05904
23,160,FALSE,3.04361,1.02268
23,161,FALSE,3.01441,1.00817
23,162,FALSE,4.04583,4.11918
23,164,FALSE,7.14446,1.00993
23,165,FALSE,1.11467,5.07772
23,166,FALSE,5.04632,5.14287
23,167,FALSE,1.01941,1.07786
23,168,FALSE,1,5.14693
23,169,FALSE,5.05474,5.08078
23,173,FALSE,4.10969,1.08591
23,175,FALSE,1.14034,1.0551
23,176,FALSE,1.00457,1.02825
23,177,FALSE,5.13963,1.1158
23,178,FALSE,5.14002,4.00992
23,179,FALSE,5.14122,1.14667
23,180,FALSE,5.01191,2.03047
23,181,FALSE,5.08062,3.04173
23,182,FALSE,5.00909,1.11701
23,183,FALSE,5.10297,1.10312
23,184,FALSE,7.00007,1.12764
23,185,FALSE,5.12062,1.12359
23,186,FALSE,7.11838,1.12347
23,188,FALSE,5.14159,1.00615
23,189,FALSE,6.00639,4.14108
23,190,FALSE,3.11536,1.1334
23,191,FALSE,5.04261,1.08125
23,192,FALSE,5.00103,1.10457
23,193,FALSE,5.11764,6.10005
23,194,FALSE,5.11432,1.11745
23,195,FALSE,3.04651,1.13822
23,197,FALSE,5.08401,1.00833
23,198,FALSE,5.02468,1.1262
23,199,FALSE,5.13182,1.08776
23,200,FALSE,1.12555,1.12753
23,201,FALSE,5.0347,1.05289
23,202,FALSE,7.02588,7.03357
23,203,FALSE,5.08488,4.01513
23,204,FALSE,5.06622,1.10794
23,206,FALSE,5.00136,1.00027
23,207,FALSE,3.10437,1.12859
23,208,FALSE,1.11002,1.08732
23,209,FALSE,3.07206,3.02415
23,210,FALSE,3.1367,3.02815
23,211,FALSE,3.03402,3.04301
23,212,FALSE,1.10658,1.06025
23,213,FALSE,3.03153,1.08507
23,216,FALSE,6.08429,1.1105
23,217,FALSE,4.13222,1.1257
23,218,FALSE,5.03952,1.13019
23,219,FALSE,5.03659,3.00991
23,222,FALSE,3.14448,1.11408
23,225,FALSE,3.13787,4.12004
23,226,FALSE,5.11087,1.11256
23,227,FALSE,7.03369,4.00017
23,229,FALSE,4.00224,3.07313
23,230,FALSE,3.09523,3.05479
23,233,FALSE,5.09733,1.0193
23,234,FALSE,3.00508,3.02957
23,235,FALSE,3.02474,3.0602
23,236,FALSE,1.11329,1.03038
23,237,FALSE,1.05386,1.12425
23,242,FALSE,4.13383,1.00658
23,243,FALSE,1.13618,1.14276
23,251,FALSE,4.09713,4.12496
23,252,FALSE,3.04725,1.14502
23,253,FALSE,5.04298,1.01716
23,254,FALSE,1.11456,1.00592
23,255,FALSE,3.09091,1.04848
23,256,FALSE,5.06869,1.04514
23,257,FALSE,5.08056,1.05816
23,258,FALSE,3.02671,1.06355
23,259,FALSE,1.13728,3.02168
23,260,FALSE,1.14184,1.06084
23,262,FALSE,6.11766,1.00359
23,263,FALSE,1.13548,1.0149
23,264,FALSE,4.13746,1.14481
23,265,FALSE,1.12866,1.13045
23,270,FALSE,1.14567,3.01838
23,271,FALSE,3.12794,1.14031
23,272,FALSE,1.1381,1.05987
23,273,FALSE,1.14453,1.12887
23,274,FALSE,1.13055,1.08095
23,275,FALSE,1.13093,3.01661
23,280,FALSE,1.13888,1.0039
23,289,FALSE,3.03087,1.07212
23,290,FALSE,1.14174,1.12518
23,291,FALSE,1.14386,1.14729
23,292,FALSE,1.13904,1.08549
23,293,FALSE,6.00181,5.00755
23,294,FALSE,5.06824,5.00714
23,295,FALSE,6.13338,5.01852
23,296,FALSE,1.12071,5.03928
23,297,FALSE,5.10389,1.07388
23,298,FALSE,5.145,1.0045
23,299,FALSE,4.04096,1.09166
23,300,FALSE,5.10435,1.05461
23,301,FALSE,3.13716,1.06894
23,302,FALSE,5.0285,1.08814
23,303,FALSE,3.11991,1.0973
23,308,FALSE,6.06262,1.01195
23,317,FALSE,5.01818,1.01643
23,318,FALSE,6.06375,1.09995
23,319,FALSE,5.1402,1.07384
23,320,FALSE,5.03203,1.03225
23,321,FALSE,4.10191,1.03227
23,322,FALSE,3.0634,1.02633
23,323,FALSE,3.0619,1.11324
23,324,FALSE,3.05079,1.0276
23,325,FALSE,5.05303,1.05451
23,326,FALSE,3.11697,1.01051
23,328,FALSE,5.13475,1.11283
23,329,FALSE,6.1421,1.14422
23,330,FALSE,5.14106,1.07928
23,331,FALSE,5.09708,1.08464
23,332,FALSE,5.13262,1.14643
23,333,FALSE,5.03532,3.11808
23,334,FALSE,1.13692,1.12121
23,335,FALSE,5.06745,1.07701
23,336,FALSE,5.147,1.02638
23,337,FALSE,5.13138,1.0819
23,339,FALSE,5.14084,1.06521
23,340,TRUE,1.06315,1
23,341,TRUE,5.06757,1
23,342,FALSE,1.0946,6.14354
23,343,TRUE,1,1
23,346,FALSE,5.07583,1.11913
23,347,FALSE,6.1147,1.12974
23,348,FALSE,5.03021,1.08737
23,349,FALSE,5.01213,1.05223
23,350,FALSE,4.12973,3.00995
23,351,FALSE,5.01145,1.13454
23,352,FALSE,4.02426,1.10716
23,353,FALSE,7.04596,4.0995
23,354,FALSE,5.12076,4.11959
23,355,FALSE,3.14259,1.10533
23,357,FALSE,4.01478,1.04815
23,358,FALSE,3.02573,1.09252
23,359,FALSE,3.05272,1.12249
23,361,FALSE,5.09627,1.11613
23,363,FALSE,5.11356,5.11379
23,364,FALSE,5.07843,5.11843
23,365,FALSE,3.01708,1.03322
23,366,FALSE,1.0881,1.06808
23,367,FALSE,5.11549,5.04038
23,370,FALSE,3.13817,1.1091
23,371,FALSE,4.1152,1.14428
23,372,FALSE,6.09356,1.14064
23,373,FALSE,1.10075,1.11891
23,374,FALSE,7.02659,1.02098
23,375,FALSE,1.12934,1.03143
23,376,FALSE,1.13127,1.12672
23,377,FALSE,1.01959,1.09346
23,378,FALSE,3.04532,3.00265
23,379,FALSE,1.10272,3.12855
23,380,FALSE,3.03354,4.02616
23,381,FALSE,1.14298,1.14436
23,383,FALSE,5.11302,1.06382
23,384,FALSE,4.098,1.13823
23,385,FALSE,5.144,1.00247
23,386,FALSE,5.10677,1.01281
23,387,FALSE,4.02687,1.02223
23,388,FALSE,1.14196,1.00129
23,389,FALSE,2.09994,1.00999
23,390,FALSE,5.01185,1.01805
23,391,FALSE,3.11165,1.06848
23,394,FALSE,5.01017,1.01883
23,395,FALSE,1.12551,5.09977
23,396,FALSE,1.12307,5.13273
23,397,FALSE,1.07625,5.10251
23,398,FALSE,3.1458,5.02965
23,403,FALSE,4.14594,1.01562
23,404,FALSE,4.10584,5.05175
23,405,FALSE,1.11569,5.05583
23,406,FALSE,1,1.04773
23,407,FALSE,3.12606,4.02893
23,408,TRUE,1.08673,1
23,412,FALSE,6.06978,5.00019
23,413,FALSE,5.13741,5.00741
23,414,FALSE,6.1366,5.01943
23,415,FALSE,3.12466,5.00199
23,416,FALSE,3.04045,3.14095
23,417,FALSE,3.14356,1.14622
23,418,FALSE,5.05396,5.13803
23,419,FALSE,3.1102,4.08386
23,420,FALSE,3.13021,3.13595
23,421,FALSE,5.01677,3.11489
23,422,FALSE,5.01547,1.13152
23,423,FALSE,3.00074,1.10593
23,425,FALSE,7.04494,1.03159
23,426,FALSE,4.0993,1.07934
23,427,FALSE,1.13815,1.10916
23,428,FALSE,3.03679,3.06973
23,429,FALSE,3.08936,3.06216
24,1,FALSE,3.07324,1.08135
24,3,FALSE,1.02183,1.06206
24,5,FALSE,7.09558,1.03597
24,6,FALSE,3.07914,1.07011
24,7,FALSE,1,1.00165
24,9,FALSE,1.13099,1.00281
24,10,FALSE,1.02211,1.01526
24,11,FALSE,1,1.00674
24,13,FALSE,1.13482,1.10518
24,17,FALSE,3.12175,1.05155
24,18,FALSE,1.09088,1.0451
24,19,TRUE,3.00332,1
24,21,FALSE,3.03459,1.09889
24,22,FALSE,1.13021,1.12376
24,25,FALSE,4.03934,1.02514
24,29,FALSE,1.14458,1.00848
24,30,FALSE,1.13143,1.0201
24,69,FALSE,4.11872,1.00229
24,70,FALSE,3.07314,3.04559
24,71,FALSE,3.0641,1.06123
24,72,FALSE,3.06415,3.10542
24,73,FALSE,3.12657,3.02507
24,74,FALSE,3.05122,3.06921
24,75,FALSE,3.11986,4.003
24,76,FALSE,3.00093,1.13531
24,77,FALSE,1.14464,3.07485
24,78,FALSE,4.13672,1.09725
24,79,FALSE,3.13354,1.13291
24,82,FALSE,4.08474,1.08987
24,83,FALSE,3.05203,1.08503
24,84,FALSE,1,3.14131
24,85,TRUE,1.09753,1
24,86,TRUE,4.12456,1
24,91,FALSE,1.1435,1.03744
24,92,FALSE,3.136,1.1011
24,93,FALSE,3.00508,1.09475
24,95,FALSE,1.13804,1.05239
24,98,FALSE,5.09684,1.02838
24,99,FALSE,5.11517,2.03125
24,100,FALSE,6.00703,1.10999
24,101,FALSE,3.12105,1.00434
24,103,FALSE,5.09545,1.11364
24,104,FALSE,5.12392,1.0549
24,106,FALSE,5.03737,1.00757
24,107,FALSE,6.02862,1.02756
24,109,FALSE,4.0808,1.12409
24,110,FALSE,3.09333,1.09582
24,111,FALSE,3.1368,1.00166
24,112,FALSE,2.04865,1.00676
24,113,FALSE,3.10857,1.0935
24,114,FALSE,1.14151,1.0399
24,115,FALSE,1.13379,1.09462
24,116,FALSE,3.10471,1.04513
24,117,FALSE,1.13822,1.03964
24,118,FALSE,3.06391,1.08
24,120,FALSE,4.12725,1.00334
24,121,FALSE,1.12325,1.0022
24,122,FALSE,1.13034,1.0048
24,123,FALSE,1.14242,1.01442
24,124,FALSE,7.06107,1.00023
24,125,FALSE,4.14508,5.00283
24,126,FALSE,5.13037,5.10331
24,127,FALSE,4.07691,1.01395
24,128,FALSE,5.12639,1.02965
24,129,FALSE,5.08125,1.07759
24,130,FALSE,5.08214,5.09223
24,131,FALSE,1.12836,1.13027
24,133,FALSE,1.14245,1.01012
24,134,FALSE,1.13856,1.00552
24,135,FALSE,1.14641,1.01575
24,136,FALSE,1.14192,1.01519
24,137,FALSE,1.04652,1.01045
24,139,FALSE,1.14207,1.02381
24,140,FALSE,1.14153,1.00043
24,141,FALSE,1.12846,1.10746
24,142,FALSE,1.10107,1.01673
24,143,FALSE,1.1089,1.04371
24,144,FALSE,1.10093,1.09868
24,145,FALSE,1,5.04308
24,146,TRUE,1,1
24,147,FALSE,1,1.0734
24,148,TRUE,1,1
24,149,TRUE,3.014,1
24,150,FALSE,1,5.10239
24,151,TRUE,1.13423,1
24,153,FALSE,1.1454,1.11067
24,154,FALSE,5.0662,1.09414
24,155,FALSE,7.06831,1.01341
24,156,FALSE,3.09307,1.0831
24,157,FALSE,1.14096,1.03081
24,158,FALSE,3.08447,1.06514
24,159,FALSE,3.02111,1.00372
24,160,FALSE,3.05444,1.0405
24,161,FALSE,3.07623,1.03669
24,162,FALSE,4.02788,4.09932
24,164,FALSE,7.07707,1.00457
24,165,FALSE,1.02168,5.07187
24,166,FALSE,5.08308,5.10867
24,167,FALSE,1.05171,1.14156
24,168,FALSE,1,5.11754
24,169,FALSE,5.08162,5.09112
24,173,FALSE,4.13605,1.08565
24,175,FALSE,1.07328,1.0865
24,176,FALSE,1.07708,1.01986
24,177,FALSE,5.13154,1.10737
24,178,FALSE,6.11858,4.00062
24,179,FALSE,5.09891,1.14449
24,180,FALSE,5.01201,2.09842
24,181,FALSE,5.08251,3.13603
24,182,FALSE,5.00961,1.13374
24,183,FALSE,5.08397,1.10939
24,184,FALSE,7.03723,1.08883
24,185,FALSE,5.0327,1.13807
24,186,FALSE,7.02184,1.10501
24,188,FALSE,5.13408,1.0035
24,189,FALSE,6.10423,4.11294
24,190,FALSE,3.10627,1.14307
24,191,FALSE,5.125,1.04601
24,192,FALSE,5.02107,1.11561
24,193,FALSE,5.11648,6.00456
24,194,FALSE,5.05271,1.12698
24,195,FALSE,3.0229,1.07816
24,197,FALSE,5.11654,1.00546
24,198,FALSE,5.02367,1.11156
24,199,FALSE,4.04715,3.02865
24,200,FALSE,1.14095,1.13292
24,201,FALSE,1.13486,1.13518
24,202,FALSE,7.03438,7.05969
24,203,FALSE,5.13349,4.08022
24,204,FALSE,5.1402,1.12065
24,206,FALSE,5.08967,1.00046
24,207,FALSE,3.00502,1.1203
24,208,FALSE,1.14182,1.04821
24,209,FALSE,3.08934,3.03775
24,210,FALSE,3.12796,3.03119
24,211,FALSE,3.00774,3.08109
24,212,FALSE,1.08296,1.07479
24,213,FALSE,3.08172,1.05685
24,216,FALSE,6.12171,1.11811
24,217,FALSE,4.1084,1.13526
24,218,FALSE,5.07641,1.11031
24,219,FALSE,5.10324,3.02406
24,222,FALSE,3.12189,1.07271
24,225,FALSE,3.09601,4.03244
24,226,FALSE,5.10875,1.0854
24,227,FALSE,7.13259,4.13074
24,229,FALSE,4.13973,3.11838
24,230,FALSE,3.10101,3.05353
24,233,FALSE,5.1404,1.03034
24,234,FALSE,5.09074,3.00158
24,235,FALSE,5.14009,3.01828
24,236,FALSE,1.10444,1.06735
24,237,FALSE,1.14066,1.10329
24,242,FALSE,4.13203,1.00003
24,243,FALSE,1.13994,1.11865
24,251,FALSE,4.11851,4.11457
24,252,FALSE,3.14377,1.13975
24,253,FALSE,5.08117,1.01883
24,254,FALSE,1.14607,1.03694
24,255,FALSE,3.06934,1.04269
24,256,FALSE,5.1037,1.05327
24,257,FALSE,5.06202,1.00975
24,258,FALSE,3.12643,1.14639
24,259,FALSE,1.14733,3.01114
24,260,FALSE,1.06802,1.02414
24,262,FALSE,6.1338,1.02891
24,263,FALSE,1.14618,1.05192
24,264,FALSE,4.14398,1.07492
24,265,FALSE,1.13651,1.1108
24,270,FALSE,1.1427,3.04711
24,271,FALSE,3.08607,1.1356
24,272,FALSE,1.13395,1.14585
24,273,FALSE,1.11585,1.13093
24,274,FALSE,1.12752,1.08823
24,275,FALSE,1.12859,3.12706
24,280,FALSE,1.13041,1.0001
24,289,FALSE,4.1185,1.05273
24,290,FALSE,1.13686,1.13028
24,291,FALSE,1.13676,1.1418
24,292,FALSE,1.13999,1.08108
24,293,FALSE,6.06918,5.0157
24,294,FALSE,1.14463,5.00154
24,295,FALSE,6.07035,5.05651
24,296,FALSE,1.08903,5.04659
24,297,FALSE,5.10825,1.08698
24,298,FALSE,5.07643,1.00155
24,299,FALSE,4.03875,1.08174
24,300,FALSE,5.07999,1.10237
24,301,FALSE,3.09527,1.02799
24,302,FALSE,5.03564,1.00661
24,303,FALSE,3.13211,1.00041
24,308,FALSE,6.14705,1.02762
24,317,FALSE,5.06237,1.00056
24,318,FALSE,6.09571,1.09776
24,319,FALSE,5.11253,1.05701
24,320,FALSE,5.11005,1.0242
24,321,FALSE,4.10669,1.05888
24,322,FALSE,3.04964,1.07353
24,323,FALSE,3.13501,1.02467
24,324,FALSE,3.07681,1.00136
24,325,FALSE,5.01983,1.07242
24,326,FALSE,3.03098,1.02549
24,328,FALSE,5.08143,1.10534
24,329,FALSE,6.01783,2.03866
24,330,FALSE,5.13624,1.1038
24,331,FALSE,5.09766,1.03498
24,332,FALSE,5.14519,1.11895
24,333,FALSE,5.0383,3.08126
24,334,FALSE,1.13127,1.0929
24,335,FALSE,5.12998,1.1015
24,336,FALSE,5.1439,1.03248
24,337,FALSE,5.12845,1.07785
24,339,FALSE,5.098,1.01316
24,340,TRUE,1.0152,1
24,341,TRUE,5.03067,1
24,342,FALSE,1.10427,6.07318
24,343,TRUE,1,1
24,346,FALSE,3.03623,1.10785
24,347,FALSE,6.12984,1.13446
24,348,FALSE,5.14138,1.07393
24,349,FALSE,5.02826,1.00214
24,350,FALSE,4.02648,3.02401
24,351,FALSE,5.00402,1.14115
24,352,FALSE,4.00606,1.11416
24,353,FALSE,7.06658,4.11934
24,354,FALSE,5.13451,4.12932
24,355,FALSE,3.1049,1.02589
24,357,FALSE,4.11845,1.05035
24,358,FALSE,3.12233,1.06956
24,359,FALSE,3.01607,1.12903
24,361,FALSE,5.04847,1.06201
24,363,FALSE,5.08791,5.09694
24,364,FALSE,5.09041,5.10276
24,365,FALSE,3.02301,1.14251
24,366,FALSE,1.09051,1.11873
24,367,FALSE,5.10704,5.04413
24,370,FALSE,3.10347,1.10233
24,371,FALSE,3.09518,1.14648
24,372,FALSE,6.01578,1.13996
24,373,FALSE,1.12313,1.10905
24,374,FALSE,7.07144,1.01086
24,375,FALSE,3.00251,1.06944
24,376,FALSE,1.10327,1.01589
24,377,FALSE,1.00145,1.09556
24,378,FALSE,3.09619,3.0347
24,379,FALSE,1.13146,3.1021
24,380,FALSE,3.04205,4.00973
24,381,FALSE,1.14375,1.13205
24,383,FALSE,5.08752,1.06155
24,384,FALSE,5.06525,1.12654
24,385,FALSE,5.08665,1.01487
24,386,FALSE,5.13695,1.0069
24,387,FALSE,4.12176,1.01094
24,388,FALSE,1.14157,1.01955
24,389,FALSE,2.12136,1.03785
24,390,FALSE,2.10974,1.07677
24,391,FALSE,3.13126,1.01911
24,394,FALSE,5.07516,1.04808
24,395,FALSE,1.14049,5.03543
24,396,FALSE,1.04647,5.14426
24,397,FALSE,1.07509,5.07179
24,398,FALSE,3.04514,5.14008
24,403,FALSE,4.04688,1.02985
24,404,FALSE,4.03563,5.14148
24,405,FALSE,1.11089,5.03497
24,406,FALSE,1.08959,1.06681
24,407,FALSE,3.04418,4.11381
24,408,TRUE,1.06439,1
24,412,FALSE,6.13163,5.00054
24,413,FALSE,5.06891,5.00874
24,414,FALSE,6.13237,5.01319
24,415,FALSE,3.1259,5.00545
24,416,FALSE,3.0271,3.04539
24,417,FALSE,3.1367,1.12185
24,418,FALSE,5.06728,5.10064
24,419,FALSE,5.03679,3.132
24,420,FALSE,3.02204,3.02822
24,421,FALSE,5.06327,3.13294
24,422,FALSE,5.09528,3.11357
24,423,FALSE,3.07232,1.13751
24,425,FALSE,7.05619,1.0532
24,426,FALSE,4.07903,1.08613
24,427,FALSE,1.14529,1.10787
24,428,FALSE,3.13223,3.08255
24,429,FALSE,3.13157,3.14322
25,1,FALSE,3.10058,1.06062
25,3,FALSE,1.08036,1.12785
25,5,FALSE,7.04108,1.06083
25,6,FALSE,3.0253,1.11191
25,7,FALSE,1,1.02477
25,9,FALSE,1.14003,1.02435
25,10,FALSE,1.10236,1.07875
25,11,FALSE,1,1.00046
25,13,FALSE,1.13651,1.09737
25,17,FALSE,3.06035,1.02293
25,18,FALSE,1.11025,1.0458
25,19,TRUE,3.00615,1
25,21,FALSE,4.01322,1.08159
25,22,FALSE,1.13654,1.1107
25,25,FALSE,4.05456,1.02859
25,29,FALSE,1.14593,1.01121
25,30,FALSE,1.14379,1.06489
25,69,FALSE,4.09908,1.00088
25,70,FALSE,3.10512,3.03071
25,71,FALSE,3.1383,1.04937
25,72,FALSE,3.12079,3.09364
25,73,FALSE,3.14604,3.02536
25,74,FALSE,3.03349,3.0456
25,75,FALSE,3.13828,4.0751
25,76,FALSE,3.11708,1.1132
25,77,FALSE,1.12926,3.04055
25,78,FALSE,3.10384,1.08794
25,79,FALSE,3.0734,1.13141
25,82,FALSE,4.13711,1.03179
25,83,FALSE,3.10777,1.01371
25,84,FALSE,1,3.04319
25,85,TRUE,1.14449,1
25,86,TRUE,4.13719,1
25,91,FALSE,1.14559,1.0615
25,92,FALSE,3.01651,1.09769
25,93,FALSE,3.0513,1.13288
25,95,FALSE,1.13902,1.02184
25,98,FALSE,5.0536,1.03119
25,99,FALSE,5.10972,2.01494
25,100,FALSE,6.09037,1.12902
25,101,FALSE,3.07004,1.01919
25,103,FALSE,5.12076,1.14676
25,104,FALSE,5.0403,1.09238
25,106,FALSE,5.00063,1.1292
25,107,FALSE,6.03296,1.00236
25,109,FALSE,4.0469,1.12224
25,110,FALSE,3.12886,1.11297
25,111,FALSE,3.07589,1.00645
25,112,FALSE,2.01344,1.01938
25,113,FALSE,3.09195,1.10655
25,114,FALSE,1.13219,1.00843
25,115,FALSE,1.13803,1.07256
25,116,FALSE,3.09991,1.02492
25,117,FALSE,1.1474,1.10514
25,118,FALSE,3.12604,1.09823
25,120,FALSE,4.11768,1.00001
25,121,FALSE,1.13608,1.00148
25,122,FALSE,1.14214,1.00443
25,123,FALSE,1.14055,1.0055
25,124,FALSE,7.13868,1.02133
25,125,FALSE,4.14068,5.03878
25,126,FALSE,5.12277,5.12596
25,127,FALSE,4.01051,1.01996
25,128,FALSE,5.04853,1.01882
25,129,FALSE,5.14664,1.1351
25,130,FALSE,5.14205,5.14272
25,131,FALSE,1.13842,1.08975
25,133,FALSE,1.14052,1.00267
25,134,FALSE,1.12086,1.00312
25,135,FALSE,1.14597,1.01973
25,136,FALSE,1.09703,1.02676
25,137,FALSE,1.03412,1.01695
25,139,FALSE,1.11264,1.02175
25,140,FALSE,1.14335,1.02372
25,141,FALSE,1.07908,1.14462
25,142,FALSE,1.07497,1.03862
25,143,FALSE,1.14423,1.00866
25,144,FALSE,1.11828,1.11673
25,145,TRUE,5.04365,1
25,146,TRUE,1,1
25,147,FALSE,1,1.11614
25,148,TRUE,1,1
25,149,TRUE,3.01526,1
25,150,FALSE,1,5.12428
25,151,TRUE,1.09453,1
25,153,FALSE,1.14189,1.13846
25,154,FALSE,5.00328,1.10499
25,155,FALSE,3.12714,1.01099
25,156,FALSE,1.14714,1.10215
25,157,FALSE,1.11794,1.0061
25,158,FALSE,3.04567,1.03831
25,159,FALSE,3.08513,1.03799
25,160,FALSE,3.11719,1.02759
25,161,FALSE,3.00373,1.01364
25,162,FALSE,4.09961,4.13899
25,164,FALSE,7.04597,1.0498
25,165,FALSE,1.08966,5.14576
25,166,FALSE,5.08011,5.10593
25,167,FALSE,1.08497,1.10319
25,168,FALSE,1,5.14192
25,169,FALSE,5.06571,5.12149
25,173,FALSE,4.10146,1.09625
25,175,FALSE,1.0492,1.05183
25,176,FALSE,1.1047,1.11807
25,177,FALSE,5.11487,1.10413
25,178,FALSE,5.1038,4.00438
25,179,FALSE,5.13667,1.14248
25,180,FALSE,5.08735,2.05668
25,181,FALSE,5.05143,3.05542
25,182,FALSE,5.00273,1.12627
25,183,FALSE,5.12192,1.11747
25,184,FALSE,7.02237,1.13234
25,185,FALSE,5.14731,1.13568
25,186,FALSE,7.04107,1.10754
25,188,FALSE,5.11184,1.00756
25,189,FALSE,6.00114,4.14099
25,190,FALSE,3.14149,1.12397
25,191,FALSE,5.13263,1.04511
25,192,FALSE,5.07546,1.13131
25,193,FALSE,5.05806,6.03285
25,194,FALSE,5.13823,1.09935
25,195,FALSE,3.12019,1.1462
25,197,FALSE,5.10375,1.00973
25,198,FALSE,5.07044,1.07162
25,199,FALSE,3.05693,3.04532
25,200,FALSE,1.11558,1.13235
25,201,FALSE,1.10212,1.12172
25,202,FALSE,7.01639,7.01995
25,203,FALSE,5.14472,4.06248
25,204,FALSE,5.07747,1.06092
25,206,FALSE,5.01831,1.00014
25,207,FALSE,3.13455,1.10988
25,208,FALSE,1.09333,1.03049
25,209,FALSE,3.03572,3.02204
25,210,FALSE,3.08542,3.0072
25,211,FALSE,3.01453,3.11533
25,212,FALSE,1.10389,1.05431
25,213,FALSE,3.06605,1.06229
25,216,FALSE,6.00209,1.11117
25,217,FALSE,4.07031,1.14198
25,218,FALSE,5.12991,1.07915
25,219,FALSE,5.08268,1.13627
25,222,FALSE,3.11176,1.13193
25,225,FALSE,3.0601,4.03882
25,226,FALSE,5.13938,1.10075
25,227,FALSE,7.05061,4.03673
25,229,FALSE,4.14578,3.1108
25,230,FALSE,3.13295,3.06001
25,233,FALSE,5.13566,1.0052
25,234,FALSE,5.10749,3.00128
25,235,FALSE,3.02342,3.02646
25,236,FALSE,1.11831,1.02119
25,237,FALSE,1.13729,1.06536
25,242,FALSE,4.14152,1.00369
25,243,FALSE,1.13417,1.09797
25,251,FALSE,4.09904,4.06382
25,252,FALSE,3.13775,1.13661
25,253,FALSE,5.05701,1.02579
25,254,FALSE,1,1.01203
25,255,FALSE,3.08982,1.07043
25,256,FALSE,5.06808,1.01515
25,257,FALSE,5.03521,1.02319
25,258,FALSE,3.06868,1.14212
25,259,FALSE,1.14321,1.07696
25,260,FALSE,1.10621,1.01795
25,262,FALSE,6.14414,1.00481
25,263,FALSE,1.13675,1.07315
25,264,FALSE,4.06149,1.13934
25,265,FALSE,1.14316,1.10993
25,270,FALSE,1.14318,3.03636
25,271,FALSE,3.11089,1.13424
25,272,FALSE,1.12867,1.12669
25,273,FALSE,1.13984,1.12925
25,274,FALSE,1.14633,1.01888
25,275,FALSE,1.1398,3.1037
25,280,FALSE,1.13712,1.02116
25,289,FALSE,4.0675,1.05945
25,290,FALSE,1.14647,1.09379
25,291,FALSE,1.13344,1.14636
25,292,FALSE,1.13652,1.09845
25,293,FALSE,5.11111,5.00053
25,294,FALSE,5.00026,5.00092
25,295,FALSE,6.09581,5.00329
25,296,FALSE,1.04523,5.00578
25,297,FALSE,5.05334,1.11572
25,298,FALSE,5.09193,1.03313
25,299,FALSE,4.03915,1.06337
25,300,FALSE,5.01384,1.04353
25,301,FALSE,3.10417,1.01567
25,302,FALSE,5.1454,1.04838
25,303,FALSE,3.1316,3.09626
25,308,FALSE,6.07024,1.02234
25,317,FALSE,5.13525,1.02494
25,318,FALSE,6.0892,1.0965
25,319,FALSE,5.14612,1.06467
25,320,FALSE,5.1097,1.04295
25,321,FALSE,4.09782,1.02894
25,322,FALSE,3.00516,1.04565
25,323,FALSE,3.14007,1.00233
25,324,FALSE,3.06166,1.01671
25,325,FALSE,5.11285,1.07062
25,326,FALSE,3.0904,1.02117
25,328,FALSE,5.13937,1.10633
25,329,FALSE,6.03734,1.13772
25,330,FALSE,5.12929,1.10047
25,331,FALSE,3.05903,1.00907
25,332,FALSE,5.13582,1.14359
25,333,FALSE,5.09652,3.07955
25,334,FALSE,1.14671,1.13003
25,335,FALSE,5.12966,1.09079
25,336,FALSE,5.06699,1.11135
25,337,FALSE,5.11665,1.04051
25,339,FALSE,5.01649,1.00815
25,340,TRUE,1.09345,1
25,341,TRUE,5.06855,1
25,342,FALSE,1.00931,6.01328
25,343,TRUE,1,1
25,346,FALSE,5.03747,1.05562
25,347,FALSE,6.00688,1.12495
25,348,FALSE,5.06752,1.11741
25,349,FALSE,5.00791,1.05094
25,350,FALSE,4.14571,3.08909
25,351,FALSE,5.068,1.11268
25,352,FALSE,4.09854,1.06689
25,353,FALSE,7.06074,4.06591
25,354,FALSE,5.11497,4.14438
25,355,FALSE,3.11681,1.08951
25,357,FALSE,4.05228,1.06172
25,358,FALSE,3.10691,1.04947
25,359,FALSE,3.00655,1.12115
25,361,FALSE,5.1251,1.06385
25,363,FALSE,5.09474,5.09906
25,364,FALSE,5.06261,5.10599
25,365,FALSE,3.01333,1.01247
25,366,FALSE,1.11203,1.1096
25,367,FALSE,5.05877,5.08012
25,370,FALSE,3.11234,1.09042
25,371,FALSE,3.0957,1.13913
25,372,FALSE,6.04232,1.14148
25,373,FALSE,1.14419,1.13339
25,374,FALSE,7.09495,1.00651
25,375,FALSE,1.06731,1.11676
25,376,FALSE,1.12993,1.05943
25,377,FALSE,1.10531,1.06845
25,378,FALSE,3.13001,3.08402
25,379,FALSE,1.10218,3.0893
25,380,FALSE,3.1043,4.03824
25,381,FALSE,1.14454,1.09938
25,383,FALSE,5.11779,1.07858
25,384,FALSE,5.06833,1.14637
25,385,FALSE,5.14164,1.00054
25,386,FALSE,5.05991,1.02021
25,387,FALSE,4.02255,1.0005
25,388,FALSE,1.14496,1.00379
25,389,FALSE,2.07518,1.00334
25,390,FALSE,5.0736,1.0129
25,391,FALSE,3.05268,1.02433
25,394,FALSE,5.14529,1.00208
25,395,FALSE,1.09865,5.07042
25,396,FALSE,1.02751,5.06067
25,397,FALSE,1.12568,5.10366
25,398,FALSE,3.01865,5.08242
25,403,FALSE,4.08384,1.06657
25,404,FALSE,4.10063,5.03549
25,405,FALSE,1.08929,5.06135
25,406,FALSE,1,1.04688
25,407,FALSE,3.12258,4.032
25,408,TRUE,1.08853,1
25,412,FALSE,6.05707,5.00045
25,413,FALSE,5.0296,5.00458
25,414,FALSE,6.06239,5.02017
25,415,FALSE,3.05429,5.01086
25,416,FALSE,5.1432,3.03386
25,417,FALSE,3.09061,1.14185
25,418,FALSE,5.02619,5.02623
25,419,FALSE,5.059,3.11241
25,420,FALSE,3.04502,3.06089
25,421,FALSE,5.13195,3.14546
25,422,FALSE,5.10622,3.04456
25,423,FALSE,3.13334,1.13065
25,425,FALSE,7.03761,1.06457
25,426,FALSE,4.10074,1.0802
25,427,FALSE,1.14285,1.12262
25,428,FALSE,3.12075,3.08314
25,429,FALSE,3.0302,3.07414
26,1,FALSE,3.06717,1.08838
26,3,FALSE,1.00949,1.01501
26,5,FALSE,7.11541,1.04825
26,6,FALSE,3.01812,1.03056
26,7,FALSE,1,1.03572
26,9,FALSE,1.14351,1.00239
26,10,FALSE,1.13689,1.07958
26,11,FALSE,1,1.09679
26,13,FALSE,1.14264,1.11186
26,17,FALSE,3.0603,1.05128
26,18,FALSE,1.08306,1.06329
26,19,TRUE,3.04601,1
26,21,FALSE,4.09824,1.09641
26,22,FALSE,1.13441,1.13385
26,25,FALSE,4.13062,1.03616
26,29,FALSE,1.12673,1.00586
26,30,FALSE,1.13825,1.06481
26,69,FALSE,4.04995,1.00559
26,70,FALSE,3.02418,3.03693
26,71,FALSE,1.14521,1.09515
26,72,FALSE,3.07323,3.1097
26,73,FALSE,3.1027,3.00745
26,74,FALSE,3.03084,3.07182
26,75,FALSE,3.11757,4.02247
26,76,FALSE,3.01369,1.13211
26,77,FALSE,1.1423,3.00021
26,78,FALSE,3.07681,1.09544
26,79,FALSE,1.1454,1.12792
26,82,FALSE,4.12411,1.00097
26,83,FALSE,3.11526,1.04066
26,84,FALSE,1,3.02495
26,85,TRUE,1.01541,1
26,86,TRUE,4.07933,1
26,91,FALSE,1.11797,1.05154
26,92,FALSE,1.14644,1.11614
26,93,FALSE,3.04793,1.13278
26,95,FALSE,1.12697,1.04144
26,98,FALSE,5.12831,1.0668
26,99,FALSE,5.11696,2.04463
26,100,FALSE,6.07736,1.12357
26,101,FALSE,3.06991,1.02099
26,103,FALSE,5.0574,1.10525
26,104,FALSE,5.07763,1.08172
26,106,FALSE,5.04525,1.09162
26,107,FALSE,6.06763,1.01829
26,109,FALSE,4.03412,1.1369
26,110,FALSE,3.11407,1.11009
26,111,FALSE,3.14562,1.01344
26,112,FALSE,2.12712,1.03173
26,113,FALSE,3.12585,1.07857
26,114,FALSE,1.13351,1.00267
26,115,FALSE,1.14347,1.06138
26,116,FALSE,3.04096,1.05494
26,117,FALSE,1.12546,1.00096
26,118,FALSE,3.13324,1.03382
26,120,FALSE,4.13879,1.00245
26,121,FALSE,1.14248,1.00881
26,122,FALSE,1.12176,1.00113
26,123,FALSE,1.07405,1.00173
26,124,FALSE,7.06029,1.00002
26,125,FALSE,4.03368,5.00391
26,126,FALSE,5.1405,5.07962
26,127,FALSE,4.11551,1.05462
26,128,FALSE,5.0755,1.00226
26,129,FALSE,5.06478,1.13185
26,130,FALSE,5.02914,5.10388
26,131,FALSE,1.14703,1.06431
26,133,FALSE,1.14455,1.00331
26,134,FALSE,1.13653,1.02725
26,135,FALSE,1.14393,1.02522
26,136,FALSE,1.1018,1.10718
26,137,FALSE,1.09126,1.11121
26,139,FALSE,1.09298,1.05547
26,140,FALSE,1.13735,1.00214
26,141,FALSE,1.03558,1.03685
26,142,FALSE,1.0762,1.02975
26,143,FALSE,1.13123,1.08085
26,144,FALSE,1.09533,1.09921
26,145,FALSE,1,5.07878
26,146,TRUE,1,1
26,147,FALSE,1,1.02201
26,148,TRUE,1,1
26,149,TRUE,3.09132,1
26,150,FALSE,1,5.01506
26,151,TRUE,1.00312,1
26,153,FALSE,1.14713,1.14032
26,154,FALSE,5.12949,1.09887
26,155,FALSE,3.0947,1.00749
26,156,FALSE,1.13707,1.05725
26,157,FALSE,1.14427,1.03621
26,158,FALSE,3.08055,1.05511
26,159,FALSE,3.03549,1.00347
26,160,FALSE,3.0831,1.03136
26,161,FALSE,3.05003,1.02357
26,162,FALSE,4.09833,4.03051
26,164,FALSE,7.05598,1.00628
26,165,FALSE,1.13203,5.06241
26,166,FALSE,5.08073,5.11765
26,167,FALSE,1.08459,1.11279
26,168,FALSE,1,5.10516
26,169,FALSE,5.06896,5.06999
26,173,FALSE,4.09481,1.09291
26,175,FALSE,1.06193,1.05081
26,176,FALSE,1.07688,1.07686
26,177,FALSE,5.13003,1.12002
26,178,FALSE,5.10602,4.00025
26,179,FALSE,5.14709,1.14323
26,180,FALSE,5.101,2.02429
26,181,FALSE,5.07932,3.06058
26,182,FALSE,5.0462,1.1424
26,183,FALSE,5.04686,1.08146
26,184,FALSE,7.12413,1.10265
26,185,FALSE,5.13405,1.11981
26,186,FALSE,7.11373,1.09876
26,188,FALSE,5.11197,1.02616
26,189,FALSE,6.14114,4.12824
26,190,FALSE,3.03709,1.12108
26,191,FALSE,5.11769,1.1186
26,192,FALSE,5.01849,1.13459
26,193,FALSE,5.04678,6.04827
26,194,FALSE,5.06216,1.13331
26,195,FALSE,3.03585,1.14592
26,197,FALSE,5.13937,1.00411
26,198,FALSE,5.12209,1.11064
26,199,FALSE,5.09907,1.09476
26,200,FALSE,1.14056,1.14482
26,201,FALSE,1.14478,1.07506
26,202,FALSE,7.07535,7.07611
26,203,FALSE,5.14429,4.05533
26,204,FALSE,5.021,1.11785
26,206,FALSE,5.07969,1.00164
26,207,FALSE,3.11459,1.10505
26,208,FALSE,1.13326,1.08354
26,209,FALSE,3.12013,3.00136
26,210,FALSE,3.11138,3.03288
26,211,FALSE,3.00972,3.01445
26,212,FALSE,1.13867,1.08986
26,213,FALSE,3.06883,1.1326
26,216,FALSE,6.08017,1.11521
26,217,FALSE,4.09514,1.1366
26,218,FALSE,5.10906,1.11906
26,219,FALSE,5.06589,1.13728
26,222,FALSE,3.11406,1.12548
26,225,FALSE,3.12478,4.03205
26,226,FALSE,5.04315,1.09026
26,227,FALSE,7.03806,4.02216
26,229,FALSE,4.02199,3.07119
26,230,FALSE,3.1274,3.06746
26,233,FALSE,5.07839,1.02521
26,234,FALSE,5.04962,3.02106
26,235,FALSE,3.09079,3.1007
26,236,FALSE,1.13173,1.0328
26,237,FALSE,1.10784,1.13754
26,242,FALSE,4.09945,1.00325
26,243,FALSE,1.08807,1.09851
26,251,FALSE,4.10569,4.10376
26,252,FALSE,3.029,1.13843
26,253,FALSE,5.07941,1.02094
26,254,FALSE,1.14607,1.03253
26,255,FALSE,3.03374,1.00351
26,256,FALSE,5.0283,1.03946
26,257,FALSE,5.13702,1.01246
26,258,FALSE,3.01997,1.11066
26,259,FALSE,1.13996,3.1345
26,260,FALSE,1.14718,1.00015
26,262,FALSE,6.14364,1.00522
26,263,FALSE,1.1459,1.03727
26,264,FALSE,4.01573,1.14051
26,265,FALSE,1.13492,1.1433
26,270,FALSE,1.12642,3.02005
26,271,FALSE,3.05982,1.13467
26,272,FALSE,1.13995,1.11182
26,273,FALSE,1.1458,1.07545
26,274,FALSE,1.14667,1.08391
26,275,FALSE,1.13955,3.03455
26,280,FALSE,1.13163,1.00678
26,289,FALSE,4.10652,1.08441
26,290,FALSE,1.14198,1.13206
26,291,FALSE,1.14274,1.14634
26,292,FALSE,1.13914,1.12537
26,293,FALSE,6.02469,5.00485
26,294,FALSE,1.13835,5.00571
26,295,FALSE,6.13555,5.00146
26,296,FALSE,1.07684,5.01961
26,297,FALSE,5.08526,1.09605
26,298,FALSE,5.13435,1.01832
26,299,FALSE,4.09918,1.12998
26,300,FALSE,5.11971,1.01032
26,301,FALSE,3.08958,1.02492
26,302,FALSE,5.09952,1.05459
26,303,FALSE,3.14722,1.00209
26,308,FALSE,6.06976,1.0036
26,317,FALSE,3.05374,1.00197
26,318,FALSE,6.09097,1.09092
26,319,FALSE,5.13905,1.0516
26,320,FALSE,2.07199,1.04613
26,321,FALSE,4.06926,1.05096
26,322,FALSE,3.12001,1.06759
26,323,FALSE,3.05247,1.03283
26,324,FALSE,3.03654,1.01097
26,325,FALSE,5.04675,1.07372
26,326,FALSE,3.06526,1.00785
26,328,FALSE,5.13799,1.05634
26,329,FALSE,6.00616,2.10709
26,330,FALSE,5.0969,1.07426
26,331,FALSE,5.13514,1.06243
26,332,FALSE,5.1059,1.1452
26,333,FALSE,5.09666,3.04001
26,334,FALSE,1.14283,1.13974
26,335,FALSE,5.14628,1.13477
26,336,FALSE,5.03045,1.04864
26,337,FALSE,5.13917,1.11458
26,339,FALSE,5.10065,1.0817
26,340,TRUE,1.12318,1
26,341,TRUE,5.13562,1
26,342,FALSE,1.09993,6.0937
26,343,TRUE,1,1
26,346,FALSE,5.05944,1.08531
26,347,FALSE,6.0165,1.13904
26,348,FALSE,5.07561,1.10064
26,349,FALSE,5.09243,1.05568
26,350,FALSE,4.07472,1.14058
26,351,FALSE,5.09212,1.14204
26,352,FALSE,4.02987,1.05762
26,353,FALSE,7.08619,4.03285
26,354,FALSE,5.04641,4.13481
26,355,FALSE,3.04212,1.02798
26,357,FALSE,4.14585,1.06262
26,358,FALSE,3.01294,1.09768
26,359,FALSE,3.01302,1.13157
26,361,FALSE,5.0498,1.08257
26,363,FALSE,5.07192,5.11787
26,364,FALSE,5.09111,5.12767
26,365,FALSE,3.04418,1.14532
26,366,FALSE,1.11604,1.12706
26,367,FALSE,5.09171,5.10145
26,370,FALSE,3.08851,1.11441
26,371,FALSE,3.09708,1.13401
26,372,FALSE,6.1128,1.14522
26,373,FALSE,1.14184,1.08048
26,374,FALSE,7.12364,1.00119
26,375,FALSE,1.03076,1.12856
26,376,FALSE,1.1387,1.03189
26,377,FALSE,1.05501,1.09008
26,378,FALSE,3.04381,3.13187
26,379,FALSE,1.10681,3.0452
26,380,FALSE,3.12694,4.096
26,381,FALSE,1.1266,1.1287
26,383,FALSE,5.14303,1.08823
26,384,FALSE,3.10026,1.14451
26,385,FALSE,5.12213,1.00842
26,386,FALSE,5.02065,1.02571
26,387,FALSE,4.05984,1.00056
26,388,FALSE,1.1138,1.00219
26,389,FALSE,2.00205,1.04056
26,390,FALSE,2.11309,1.03855
26,391,FALSE,3.09657,1.05576
26,394,FALSE,5.14728,1.00251
26,395,FALSE,1.03302,5.13626
26,396,FALSE,1.06984,5.05794
26,397,FALSE,1.06105,5.01241
26,398,FALSE,3.13898,5.10961
26,403,FALSE,4.02114,1.08191
26,404,FALSE,4.08671,5.10742
26,405,FALSE,1.11814,5.09602
26,406,FALSE,1.06502,1.00799
26,407,FALSE,3.08465,4.08302
26,408,TRUE,1.01638,1
26,412,FALSE,6.08768,5.00202
26,413,FALSE,5.00359,5.00874
26,414,FALSE,6.13445,5.00651
26,415,FALSE,3.07068,5.01488
26,416,FALSE,5.07947,3.10097
26,417,FALSE,3.10356,1.14156
26,418,FALSE,5.03781,5.05042
26,419,FALSE,5.06669,3.09531
26,420,FALSE,3.01924,3.08802
26,421,FALSE,5.10693,3.13828
26,422,FALSE,5.11226,3.10262
26,423,FALSE,3.11412,1.12084
26,425,FALSE,7.05504,1.02602
26,426,FALSE,4.07572,1.07846
26,427,FALSE,1.12545,1.0971
26,428,FALSE,3.14311,3.04963
26,429,FALSE,3.05903,3.05507
27,1,FALSE,3.11786,1.07199
27,3,FALSE,1.0333,1.0508
27,5,FALSE,7.06051,1.05141
27,6,FALSE,3.03659,1.04326
27,7,FALSE,1,1.00723
27,9,FALSE,1.12411,1.00349
27,10,FALSE,1.04421,1.0309
27,11,FALSE,1,1.14648
27,13,FALSE,1.13181,1.12996
27,17,FALSE,3.09712,1.04942
27,18,FALSE,1.14503,1.07533
27,19,TRUE,3.02946,1
27,21,FALSE,4.00131,1.08605
27,22,FALSE,1.11829,1.12705
27,25,FALSE,1.12968,1.00561
27,29,FALSE,1.13452,1.00547
27,30,FALSE,1.14706,1.10079
27,69,FALSE,4.0728,1.00058
27,70,FALSE,3.01782,3.03277
27,71,FALSE,3.03082,1.08459
27,72,FALSE,3.10896,3.11675
27,73,FALSE,3.02244,3.02363
27,74,FALSE,3.05416,3.05627
27,75,FALSE,3.14522,4.01089
27,76,FALSE,3.0686,1.13266
27,77,FALSE,1.14215,3.03535
27,78,FALSE,4.09042,1.10133
27,79,FALSE,3.09296,1.11091
27,82,FALSE,4.14348,1.0674
27,83,FALSE,3.08309,1.06667
27,84,FALSE,1,3.01199
27,85,TRUE,1.11969,1
27,86,TRUE,4.10564,1
27,91,FALSE,1.14405,1.04927
27,92,FALSE,3.04,1.10069
27,93,FALSE,3.01871,1.14148
27,95,FALSE,1.12119,1.00894
27,98,FALSE,5.12909,1.07263
27,99,FALSE,5.14638,2.00537
27,100,FALSE,6.08419,1.10539
27,101,FALSE,3.10355,1.00536
27,103,FALSE,5.14422,1.14651
27,104,FALSE,5.07745,1.12698
27,106,FALSE,5.05539,1.07809
27,107,FALSE,6.06089,1.03052
27,109,FALSE,4.02559,1.12206
27,110,FALSE,3.10348,1.09861
27,111,FALSE,3.07426,1.00185
27,112,FALSE,2.06386,1.00162
27,113,FALSE,3.08861,1.11774
27,114,FALSE,1.13696,1.01393
27,115,FALSE,1.12883,1.04202
27,116,FALSE,3.10239,1.08209
27,117,FALSE,1.13,1.07072
27,118,FALSE,3.13564,1.06338
27,120,FALSE,4.03955,1.00016
27,121,FALSE,1.13213,1.00169
27,122,FALSE,1.13003,1.00441
27,123,FALSE,1.13766,1.00146
27,124,FALSE,7.06551,1.01305
27,125,FALSE,4.12475,5.01213
27,126,FALSE,5.05352,5.08512
27,127,FALSE,4.13929,1.06422
27,128,FALSE,5.00766,1.02772
27,129,FALSE,5.04561,1.13547
27,130,FALSE,5.12989,5.1377
27,131,FALSE,1.13658,1.09865
27,133,FALSE,1.14708,1.00965
27,134,FALSE,1.10212,1.0229
27,135,FALSE,1.09867,1.02063
27,136,FALSE,1.12658,1.04952
27,137,FALSE,1.1118,1.0811
27,139,FALSE,1.12865,1.04464
27,140,FALSE,1.11894,1.0165
27,141,FALSE,1.00174,1.0588
27,142,FALSE,1.12132,1.02576
27,143,FALSE,1.1411,1.01436
27,144,FALSE,1.14066,1.06604
27,145,FALSE,1,5.07817
27,146,TRUE,1,1
27,147,TRUE,1.09682,1
27,148,TRUE,1,1
27,149,TRUE,3.11398,1
27,150,FALSE,1,5.11298
27,151,TRUE,1.05609,1
27,153,FALSE,1.13762,1.13018
27,154,FALSE,5.0818,1.10021
27,155,FALSE,7.11645,1.01778
27,156,FALSE,3.14258,1.06966
27,157,FALSE,1.13856,1.024
27,158,FALSE,3.09479,1.04698
27,159,FALSE,3.10305,1.11219
27,160,FALSE,3.03702,1.0567
27,161,FALSE,3.14209,1.06364
27,162,FALSE,4.12382,4.14548
27,164,FALSE,7.04393,1.03526
27,165,FALSE,1.0826,5.05134
27,166,FALSE,5.07511,5.14583
27,167,FALSE,1.01692,1.12141
27,168,FALSE,1,5.07657
27,169,FALSE,5.0723,5.13827
27,173,FALSE,4.03835,1.0919
27,175,FALSE,1.06504,1.05483
27,176,FALSE,1.13802,1.11577
27,177,FALSE,5.07209,1.12754
27,178,FALSE,5.12934,4.00706
27,179,FALSE,5.14589,1.1357
27,180,FALSE,5.07797,2.14339
27,181,FALSE,5.08076,3.1001
27,182,FALSE,5.04947,1.12244
27,183,FALSE,5.11684,1.10956
27,184,FALSE,7.06001,1.11863
27,185,FALSE,5.02133,1.11954
27,186,FALSE,7.12389,1.1145
27,188,FALSE,5.14082,1.00752
27,189,FALSE,6.10545,4.11847
27,190,FALSE,3.11787,1.13686
27,191,FALSE,5.06049,1.05867
27,192,FALSE,5.0389,1.09911
27,193,FALSE,5.05894,6.01679
27,194,FALSE,5.12807,1.08729
27,195,FALSE,3.07103,1.08111
27,197,FALSE,5.14317,1.00254
27,198,FALSE,5.13582,1.12059
27,199,FALSE,5.13387,1.10162
27,200,FALSE,1.14201,1.13163
27,201,FALSE,1.12953,1.13146
27,202,FALSE,7.03392,7.10918
27,203,FALSE,5.11579,4.02296
27,204,FALSE,5.09047,1.11548
27,206,FALSE,5.02078,1.00345
27,207,FALSE,3.12167,1.11115
27,208,FALSE,1.11022,1.07467
27,209,FALSE,3.02011,3.00224
27,210,FALSE,3.12228,3.04351
27,211,FALSE,3.02941,3.08141
27,212,FALSE,1.12477,1.04815
27,213,FALSE,3.08282,1.10439
27,216,FALSE,6.13538,1.10876
27,217,FALSE,4.09091,1.14329
27,218,FALSE,5.12129,1.12588
27,219,FALSE,5.01344,3.0085
27,222,FALSE,3.09448,1.1342
27,225,FALSE,3.10306,4.0196
27,226,FALSE,5.01234,1.10606
27,227,FALSE,7.03674,4.1306
27,229,FALSE,4.0125,3.11116
27,230,FALSE,3.13194,3.05381
27,233,FALSE,5.1252,1.00707
27,234,FALSE,5.01394,3.02384
27,235,FALSE,5.11475,3.05572
27,236,FALSE,1.07906,1.02867
27,237,FALSE,1.0983,1.11294
27,242,FALSE,4.13998,1.00983
27,243,FALSE,1.13383,1.14086
27,251,FALSE,4.11181,4.08274
27,252,FALSE,3.1422,1.13754
27,253,FALSE,5.06682,1.00629
27,254,FALSE,1.13534,1.0582
27,255,FALSE,3.1451,1.08071
27,256,FALSE,5.04521,1.02529
27,257,FALSE,5.08156,1.05804
27,258,FALSE,3.03722,1.04905
27,259,FALSE,1.1117,3.12476
27,260,FALSE,1.0906,1.12887
27,262,FALSE,6.10404,1.00628
27,263,FALSE,1.13096,1.09272
27,264,FALSE,4.08424,1.12553
27,265,FALSE,1.13812,1.13148
27,270,FALSE,1.1455,3.09596
27,271,FALSE,3.03636,1.08737
27,272,FALSE,1.14047,1.13618
27,273,FALSE,1.13989,1.11449
27,274,FALSE,1.11792,1.11357
27,275,FALSE,1.14743,3.01326
27,280,FALSE,1.10007,1.01219
27,289,FALSE,4.11866,1.05664
27,290,FALSE,1.14183,1.12319
27,291,FALSE,1.13624,1.13721
27,292,FALSE,1.14582,1.0793
27,293,FALSE,6.00626,5.02452
27,294,FALSE,5.14026,5.00026
27,295,FALSE,6.08445,5.00323
27,296,FALSE,1.13637,5.00795
27,297,FALSE,5.12834,1.08549
27,298,FALSE,5.03221,1.02595
27,299,FALSE,4.02844,1.08355
27,300,FALSE,5.13903,1.0514
27,301,FALSE,3.10558,1.09659
27,302,FALSE,5.09578,1.02951
27,303,FALSE,3.13621,1.1311
27,308,FALSE,6.02432,1.01256
27,317,FALSE,3.13453,1.00421
27,318,FALSE,6.02947,1.09075
27,319,FALSE,5.08437,1.07039
27,320,FALSE,5.10284,1.00059
27,321,FALSE,4.11571,1.018
27,322,FALSE,3.00492,1.03691
27,323,FALSE,3.04525,1.02304
27,324,FALSE,3.07055,1.00368
27,325,FALSE,5.14635,1.12242
27,326,FALSE,3.07887,1.03303
27,328,FALSE,5.11352,1.09125
27,329,FALSE,6.00704,2.08233
27,330,FALSE,5.11528,1.09602
27,331,FALSE,3.03368,1.081
27,332,FALSE,5.11129,1.13866
27,333,FALSE,5.08272,3.11773
27,334,FALSE,1.14563,1.12505
27,335,FALSE,5.07864,1.12401
27,336,FALSE,5.0282,1.05781
27,337,FALSE,5.12165,1.08441
27,339,FALSE,5.07705,1.03149
27,340,TRUE,1.10042,1
27,341,TRUE,5.0048,1
27,342,FALSE,1.12668,6.07514
27,343,TRUE,1,1
27,346,FALSE,5.14474,1.08996
27,347,FALSE,6.07856,1.12157
27,348,FALSE,5.12647,1.09664
27,349,FALSE,5.02648,1.01836
27,350,FALSE,4.06317,3.03655
27,351,FALSE,5.03264,1.14625
27,352,FALSE,4.06773,1.08753
27,353,FALSE,7.10572,4.02751
27,354,FALSE,5.13442,4.0993
27,355,FALSE,3.14177,1.10577
27,357,FALSE,4.1364,1.05903
27,358,FALSE,3.10268,1.07607
27,359,FALSE,3.14456,1.12065
27,361,FALSE,5.14212,1.08174
27,363,FALSE,5.11463,5.12041
27,364,FALSE,5.04396,5.05401
27,365,FALSE,3.04795,1.00866
27,366,FALSE,1.11213,1.13783
27,367,FALSE,5.09292,5.00857
27,370,FALSE,3.10078,1.1073
27,371,FALSE,3.09287,1.13786
27,372,FALSE,6.00845,1.14682
27,373,FALSE,1.12625,1.11879
27,374,FALSE,7.08022,1.00873
27,375,FALSE,3.06616,1.05373
27,376,FALSE,1.14063,1.10282
27,377,FALSE,1.10762,1.10647
27,378,FALSE,3.1309,3.03731
27,379,FALSE,1.10849,3.13421
27,380,FALSE,3.01033,4.02831
27,381,FALSE,1.12569,1.03765
27,383,FALSE,5.03409,1.06083
27,384,FALSE,5.05752,1.12884
27,385,FALSE,5.1458,1.00324
27,386,FALSE,5.06892,1.04458
27,387,FALSE,4.0549,1.0147
27,388,FALSE,1.12397,1.01486
27,389,FALSE,2.05834,1.07131
27,390,FALSE,2.02248,1.02757
27,391,FALSE,3.01183,1.04203
27,394,FALSE,5.12558,1.04608
27,395,FALSE,1.08616,5.05972
27,396,FALSE,1.11079,5.01286
27,397,FALSE,1.13554,5.09889
27,398,FALSE,3.05426,5.01963
27,403,FALSE,4.13743,1.01893
27,404,FALSE,4.13363,5.07406
27,405,FALSE,1.12089,5.10248
27,406,FALSE,1,1.02813
27,407,FALSE,3.06941,4.02531
27,408,TRUE,1.07487,1
27,412,FALSE,6.0637,5.00275
27,413,FALSE,5.13289,5.00065
27,414,FALSE,6.05375,5.00348
27,415,FALSE,3.10521,5.00597
27,416,FALSE,3.07951,3.14424
27,417,FALSE,3.12815,1.14295
27,418,FALSE,5.08326,5.08611
27,419,FALSE,3.05074,4.00147
27,420,FALSE,3.08269,3.13652
27,421,FALSE,5.11573,3.08585
27,422,FALSE,5.05434,3.07368
27,423,FALSE,3.11264,1.12231
27,425,FALSE,7.03053,1.04377
27,426,FALSE,4.06772,1.07646
27,427,FALSE,1.13257,1.13097
27,428,FALSE,3.11338,3.1284
27,429,FALSE,3.09255,3.1371
28,1,FALSE,3.02223,1.081
28,3,FALSE,1.0207,1.023
28,5,FALSE,7.14089,1.07374
28,6,FALSE,3.05701,1.09375
28,7,FALSE,1,1.00025
28,9,FALSE,1.14117,1.01078
28,10,FALSE,1.05747,1.11
28,11,FALSE,1,1.10639
28,13,FALSE,1.1231,1.11934
28,17,FALSE,3.09874,1.03799
28,18,FALSE,1.08735,1.07958
28,19,TRUE,3.004,1
28,21,FALSE,4.04105,1.09058
28,22,FALSE,1.13711,1.12711
28,25,FALSE,4.03412,1.04122
28,29,FALSE,1.12454,1.01169
28,30,FALSE,1.14645,1.12286
28,69,FALSE,4.0445,1.00001
28,70,FALSE,3.14472,3.03144
28,71,FALSE,1.1459,1.12057
28,72,FALSE,3.08895,3.03738
28,73,FALSE,3.04801,3.02827
28,74,FALSE,3.06448,3.07896
28,75,FALSE,3.12958,4.00986
28,76,FALSE,1.14616,1.14528
28,77,FALSE,1.14336,3.01443
28,78,FALSE,4.04671,1.10757
28,79,FALSE,1.12512,1.12562
28,82,FALSE,4.03987,1.02626
28,83,FALSE,3.11021,1.0902
28,84,FALSE,1,3.11662
28,85,TRUE,1.12464,1
28,86,TRUE,4.10713,1
28,91,FALSE,1.13491,1.04079
28,92,FALSE,1.14504,1.09735
28,93,FALSE,3.10052,1.13815
28,95,FALSE,1.13407,1.05136
28,98,FALSE,5.13714,1.10175
28,99,FALSE,5.09858,2.00615
28,100,FALSE,6.00027,1.12152
28,101,FALSE,3.01734,1.04646
28,103,FALSE,5.04892,1.11218
28,104,FALSE,5.12937,1.13269
28,106,FALSE,5.13245,1.1145
28,107,FALSE,6.053,1.00146
28,109,FALSE,4.07753,1.0706
28,110,FALSE,3.13216,1.11276
28,111,FALSE,3.11709,1.01452
28,112,FALSE,2.08246,1.00783
28,113,FALSE,3.1338,1.05525
28,114,FALSE,1.14318,1.00773
28,115,FALSE,1.13537,1.0455
28,116,FALSE,3.05721,1.01002
28,117,FALSE,1.14035,1.0109
28,118,FALSE,3.14338,1.00812
28,120,FALSE,4.12151,1.0018
28,121,FALSE,1.14588,1.00186
28,122,FALSE,1.14061,1.00239
28,123,FALSE,1.10934,1.01534
28,124,FALSE,7.12905,1.01028
28,125,FALSE,4.10752,5.11621
28,126,FALSE,5.05161,5.12054
28,127,FALSE,4.01686,1.00804
28,128,FALSE,5.10467,1.01801
28,129,FALSE,5.07926,1.1035
28,130,FALSE,5.09248,5.1143
28,131,FALSE,1.11617,1.11925
28,133,FALSE,1.14169,1.01824
28,134,FALSE,1.13152,1.00577
28,135,FALSE,1.09315,1.0499
28,136,FALSE,1.04288,1.00933
28,137,FALSE,1.08801,1.0078
28,139,FALSE,1.08262,1.03172
28,140,FALSE,1.10046,1.02609
28,141,FALSE,1.12676,1.09495
28,142,FALSE,1.13767,1.0927
28,143,FALSE,1.14453,1.06056
28,144,FALSE,6.03294,1.11679
28,145,FALSE,1,5.00478
28,146,TRUE,1,1
28,147,FALSE,1,1.10358
28,148,TRUE,1,1
28,149,TRUE,3.09224,1
28,150,FALSE,1,5.05344
28,151,TRUE,1.05511,1
28,153,FALSE,1.13775,1.11614
28,154,FALSE,5.10738,1.08568
28,155,FALSE,1.14709,1.04793
28,156,FALSE,3.01784,1.07275
28,157,FALSE,1.14036,1.00939
28,158,FALSE,3.14296,1.03612
28,159,FALSE,3.04396,1.01091
28,160,FALSE,3.12859,1.03521
28,161,FALSE,3.03103,1.00687
28,162,FALSE,4.10593,4.1128
28,164,FALSE,7.03471,1.00613
28,165,FALSE,1.08723,5.0222
28,166,FALSE,5.09196,5.11596
28,167,FALSE,1.0148,1.06538
28,168,FALSE,1,5.11458
28,169,FALSE,5.03153,5.08435
28,173,FALSE,4.02634,1.10402
28,175,FALSE,1.07117,1.07474
28,176,FALSE,1.01195,1.05923
28,177,FALSE,5.1167,1.09568
28,178,FALSE,5.14017,4.00597
28,179,FALSE,5.14462,1.13898
28,180,FALSE,5.01348,2.01832
28,181,FALSE,5.07248,3.11528
28,182,FALSE,5.01708,1.127
28,183,FALSE,5.12287,1.12128
28,184,FALSE,7.08053,1.13917
28,185,FALSE,5.00409,1.11899
28,186,FALSE,7.06706,1.10976
28,188,FALSE,7.10526,1.00472
28,189,FALSE,6.09,4.138
28,190,FALSE,3.13667,1.13953
28,191,FALSE,5.07521,1.13271
28,192,FALSE,5.10837,1.12627
28,193,FALSE,5.08982,6.04064
28,194,FALSE,5.14132,1.12457
28,195,FALSE,3.02453,1.14501
28,197,FALSE,5.13109,1.00404
28,198,FALSE,5.03859,1.11892
28,199,FALSE,5.04226,1.1472
28,200,FALSE,1.13426,1.13461
28,201,FALSE,1.10956,1.08892
28,202,FALSE,7.03817,7.06299
28,203,FALSE,5.00805,4.1022
28,204,FALSE,5.00803,1.09385
28,206,FALSE,5.14045,1.01236
28,207,FALSE,3.12554,1.12243
28,208,FALSE,1.13194,1.05755
28,209,FALSE,3.09288,3.00082
28,210,FALSE,3.14368,3.00469
28,211,FALSE,3.05181,3.07768
28,212,FALSE,1.12236,1.09275
28,213,FALSE,3.02104,1.08434
28,216,FALSE,6.12975,1.11398
28,217,FALSE,4.10798,1.1358
28,218,FALSE,5.14413,1.12064
28,219,FALSE,5.02438,1.14273
28,222,FALSE,3.05197,1.10448
28,225,FALSE,3.14195,4.06772
28,226,FALSE,5.08709,1.09794
28,227,FALSE,7.00619,4.08744
28,229,FALSE,4.10273,3.06688
28,230,FALSE,4.03649,3.03719
28,233,FALSE,5.11453,1.04871
28,234,FALSE,3.04764,3.0636
28,235,FALSE,5.01697,3.07833
28,236,FALSE,1.08823,1.06042
28,237,FALSE,1.04494,1.10663
28,242,FALSE,4.02345,1.01339
28,243,FALSE,1.11123,1.13569
28,251,FALSE,4.12614,4.12876
28,252,FALSE,3.10576,1.13534
28,253,FALSE,5.01272,1.02441
28,254,FALSE,1.01584,1.0145
28,255,FALSE,3.0881,1.02744
28,256,FALSE,5.12919,1.09202
28,257,FALSE,5.11584,1.0136
28,258,FALSE,3.10414,1.11426
28,259,FALSE,1.1321,3.0935
28,260,FALSE,1.13138,1.04537
28,262,FALSE,6.10793,1.00387
28,263,FALSE,1.14215,1.01793
28,264,FALSE,4.02687,1.05864
28,265,FALSE,1.14266,1.13124
28,270,FALSE,1.13905,3.00647
28,271,FALSE,3.14654,1.13733
28,272,FALSE,1.11714,1.12337
28,273,FALSE,1.14131,1.11001
28,274,FALSE,1.1425,1.10568
28,275,FALSE,1.13739,3.09753
28,280,FALSE,1.12063,1.01893
28,289,FALSE,3.082,1.06773
28,290,FALSE,1.1469,1.12858
28,291,FALSE,1.14711,1.14393
28,292,FALSE,1.1421,1.13716
28,293,FALSE,6.13664,5.00605
28,294,FALSE,5.14107,5.00345
28,295,FALSE,6.09209,5.03096
28,296,FALSE,5.12084,5.01445
28,297,FALSE,5.03704,1.11979
28,298,FALSE,5.13643,1.00716
28,299,FALSE,4.06659,1.05068
28,300,FALSE,5.1069,1.07611
28,301,FALSE,3.04979,1.02782
28,302,FALSE,5.09662,1.02033
28,303,FALSE,3.09969,1.05064
28,308,FALSE,6.11322,1.00053
28,317,FALSE,5.03517,1.01426
28,318,FALSE,6.03418,1.07388
28,319,FALSE,5.08547,1.04862
28,320,FALSE,5.09803,1.04574
28,321,FALSE,4.13827,1.08938
28,322,FALSE,3.07423,1.05615
28,323,FALSE,3.09501,1.01844
28,324,FALSE,3.00154,1.01566
28,325,FALSE,5.0463,1.03937
28,326,FALSE,3.11712,1.03007
28,328,FALSE,5.12018,1.06379
28,329,FALSE,6.01826,2.0275
28,330,FALSE,5.14292,1.12427
28,331,FALSE,3.0298,1.09289
28,332,FALSE,5.05316,1.11845
28,333,FALSE,5.07625,3.10239
28,334,FALSE,1.13444,1.08396
28,335,FALSE,5.10078,1.1301
28,336,FALSE,5.14237,1.10546
28,337,FALSE,5.10561,1.11219
28,339,FALSE,5.14167,1.01411
28,340,TRUE,1.01263,1
28,341,TRUE,5.08014,1
28,342,FALSE,1.00997,6.02476
28,343,TRUE,1,1
28,346,FALSE,5.05636,1.09195
28,347,FALSE,6.11773,1.1308
28,348,FALSE,5.12697,1.08505
28,349,FALSE,5.04948,1.02997
28,350,FALSE,4.05129,1.14743
28,351,FALSE,5.01431,1.12689
28,352,FALSE,4.04362,1.07037
28,353,FALSE,7.09821,4.08039
28,354,FALSE,5.04853,4.10753
28,355,FALSE,3.05174,1.09098
28,357,FALSE,4.11566,1.05991
28,358,FALSE,3.13012,1.09895
28,359,FALSE,3.0787,1.1252
28,361,FALSE,5.10032,1.09262
28,363,FALSE,5.07963,5.09273
28,364,FALSE,5.0971,5.09862
28,365,FALSE,3.12545,1.01203
28,366,FALSE,1.13689,1.10845
28,367,FALSE,5.13599,5.06563
28,370,FALSE,3.09439,1.11307
28,371,FALSE,4.09036,1.1355
28,372,FALSE,6.09171,1.14634
28,373,FALSE,1.1196,1.11537
28,374,FALSE,7.14546,1.02057
28,375,FALSE,1.02917,1.05186
28,376,FALSE,1.11797,1.0717
28,377,FALSE,1.10693,1.14154
28,378,FALSE,3.09624,3.08398
28,379,FALSE,1.13593,3.06813
28,380,FALSE,3.02611,4.00381
28,381,FALSE,1.13395,1.13976
28,383,FALSE,5.02127,1.0631
28,384,FALSE,5.05936,1.13615
28,385,FALSE,5.14584,1.00717
28,386,FALSE,5.01871,1.00201
28,387,FALSE,4.12587,1.08483
28,388,FALSE,1.1317,1.00196
28,389,FALSE,2.08174,1.00634
28,390,FALSE,2.13025,1.02683
28,391,FALSE,3.10132,1.00157
28,394,FALSE,5.11166,1.00542
28,395,FALSE,1.0755,5.08791
28,396,FALSE,1.09233,5.12857
28,397,FALSE,1.10579,5.12117
28,398,FALSE,3.06043,5.01269
28,403,FALSE,4.03943,1.02432
28,404,FALSE,4.06512,5.02108
28,405,FALSE,1.12002,5.0092
28,406,FALSE,1.056,1.03496
28,407,FALSE,3.10829,4.00052
28,408,TRUE,1.02629,1
28,412,FALSE,6.05859,5.00043
28,413,FALSE,5.13627,5.00962
28,414,FALSE,6.12177,5.0195
28,415,FALSE,3.10426,5.00169
28,416,FALSE,5.09231,3.03432
28,417,FALSE,3.01763,1.14577
28,418,FALSE,5.05416,5.05972
28,419,FALSE,5.03888,3.06744
28,420,FALSE,3.01101,3.01147
28,421,FALSE,5.13856,3.03413
28,422,FALSE,5.01475,3.07409
28,423,FALSE,3.14567,1.13316
28,425,FALSE,1.04117,1.03636
28,426,FALSE,4.13159,1.07417
28,427,FALSE,1.14139,1.06974
28,428,FALSE,3.0696,3.09815
28,429,FALSE,3.08401,3.02067
29,1,FALSE,3.02016,1.06188
29,3,FALSE,1.01493,1.09561
29,5,FALSE,7.12028,1.05386
29,6,FALSE,3.10287,1.05992
29,7,FALSE,1,1.03366
29,9,FALSE,1.11446,1.00839
29,10,FALSE,1.02455,1.09479
29,11,FALSE,1,1.10097
29,13,FALSE,1.14664,1.05321
29,17,FALSE,4.06127,1.07108
29,18,FALSE,1.05408,1.04451
29,19,TRUE,3.04491,1
29,21,FALSE,4.03819,1.07193
29,22,FALSE,1.11909,1.13264
29,25,FALSE,4.10321,1.02662
29,29,FALSE,1.13358,1.026
29,30,FALSE,1.14688,1.08564
29,69,FALSE,4.11873,1.00053
29,70,FALSE,3.11693,3.0308
29,71,FALSE,3.03751,1.06619
29,72,FALSE,3.13055,3.11837
29,73,FALSE,3.06532,3.03159
29,74,FALSE,3.04534,3.05352
29,75,FALSE,3.06892,4.06156
29,76,FALSE,1.1455,1.14623
29,77,FALSE,1.14422,3.00863
29,78,FALSE,3.11957,1.09884
29,79,FALSE,3.08919,1.13722
29,82,FALSE,4.0781,1.01877
29,83,FALSE,3.05333,1.04428
29,84,FALSE,1,3.0568
29,85,TRUE,1.03326,1
29,86,TRUE,4.09995,1
29,91,FALSE,1.14049,1.03061
29,92,FALSE,1.14581,1.111
29,93,FALSE,3.04624,1.12807
29,95,FALSE,1.14189,1.04068
29,98,FALSE,5.07889,1.04538
29,99,FALSE,5.13186,2.01751
29,100,FALSE,6.04107,1.127
29,101,FALSE,3.11934,1.03194
29,103,FALSE,5.10243,1.13898
29,104,FALSE,5.05394,1.13155
29,106,FALSE,5.14586,1.12816
29,107,FALSE,6.06627,1.05322
29,109,FALSE,4.06164,1.11367
29,110,FALSE,3.14577,1.11955
29,111,FALSE,3.10962,1.03481
29,112,FALSE,2.11527,1.05281
29,113,FALSE,3.08646,1.06422
29,114,FALSE,1.14625,1.01076
29,115,FALSE,1.14394,1.02667
29,116,FALSE,3.03241,1.002
29,117,FALSE,1.13685,1.02179
29,118,FALSE,3.06651,1.04417
29,120,FALSE,4.11761,1.00067
29,121,FALSE,1.14661,1.00552
29,122,FALSE,1.13896,1.00799
29,123,FALSE,1.0852,1.00478
29,124,FALSE,7.08317,1.04737
29,125,FALSE,4.065,5.07219
29,126,FALSE,5.10801,5.12611
29,127,FALSE,4.06336,1.02587
29,128,FALSE,5.04574,1.02268
29,129,FALSE,5.11114,1.14519
29,130,FALSE,5.04826,5.09358
29,131,FALSE,1.11591,1.07422
29,133,FALSE,1.14602,1.01113
29,134,FALSE,1.11572,1.00197
29,135,FALSE,1.08081,1.08984
29,136,FALSE,1.13813,1.10832
29,137,FALSE,1.0133,1.08147
29,139,FALSE,1.12204,1.00957
29,140,FALSE,1.11672,1.02291
29,141,FALSE,1.06854,1.0056
29,142,FALSE,1.11341,1.02001
29,143,FALSE,1.11265,1.00169
29,144,FALSE,1.14701,1.01685
29,145,TRUE,5.08541,1
29,146,TRUE,1,1
29,147,FALSE,1,1.0681
29,148,TRUE,1,1
29,149,TRUE,3.03286,1
29,150,FALSE,1,5.01514
29,151,TRUE,1.12326,1
29,153,FALSE,1.13725,1.1308
29,154,FALSE,5.01071,1.0914
29,155,FALSE,7.11339,1.02206
29,156,FALSE,1.10268,1.04878
29,157,FALSE,1.14037,1.00268
29,158,FALSE,3.0756,1.1315
29,159,FALSE,3.0658,1.01731
29,160,FALSE,3.01773,1.0607
29,161,FALSE,3.07854,1.04723
29,162,FALSE,4.10972,4.09197
29,164,FALSE,7.13604,1.03118
29,165,FALSE,1.08935,5.10363
29,166,FALSE,5.08548,5.13921
29,167,FALSE,1.03343,1.04967
29,168,FALSE,1,5.12809
29,169,FALSE,5.05536,5.07088
29,173,FALSE,4.14385,1.07779
29,175,FALSE,1.06363,1.06492
29,176,FALSE,1.11544,1.11002
29,177,FALSE,5.1446,1.09815
29,178,FALSE,5.11006,4.01385
29,179,FALSE,5.12181,1.14492
29,180,FALSE,5.1457,2.09546
29,181,FALSE,5.07348,3.0792
29,182,FALSE,5.01243,1.13852
29,183,FALSE,5.05513,1.1086
29,184,FALSE,7.10404,1.12358
29,185,FALSE,5.11516,1.1094
29,186,FALSE,7.13413,1.08442
29,188,FALSE,7.02387,1.00366
29,189,FALSE,6.04301,4.14105
29,190,FALSE,3.08006,1.13873
29,191,FALSE,5.11705,1.11745
29,192,FALSE,5.06379,1.10996
29,193,FALSE,5.08831,6.03349
29,194,FALSE,5.00126,1.13754
29,195,FALSE,3.09757,1.14255
29,197,FALSE,5.0405,1.00091
29,198,FALSE,5.11995,1.11361
29,199,FALSE,4.03653,3.01903
29,200,FALSE,1.11769,1.12266
29,201,FALSE,1.12825,1.1223
29,202,FALSE,7.07895,7.08307
29,203,FALSE,5.12904,4.13735
29,204,FALSE,5.13549,1.04915
29,206,FALSE,5.0589,1.00691
29,207,FALSE,3.13429,1.11236
29,208,FALSE,1.14399,1.07415
29,209,FALSE,3.08505,3.0158
29,210,FALSE,3.14198,3.02176
29,211,FALSE,3.01553,3.05559
29,212,FALSE,1.1074,1.09177
29,213,FALSE,3.10084,1.09758
29,216,FALSE,6.14418,1.11402
29,217,FALSE,4.12657,1.14094
29,218,FALSE,5.07425,1.12039
29,219,FALSE,5.01189,1.13842
29,222,FALSE,3.09839,1.10085
29,225,FALSE,3.14416,4.04244
29,226,FALSE,5.02802,1.09969
29,227,FALSE,7.05116,4.10448
29,229,FALSE,4.06688,3.07046
29,230,FALSE,3.07992,3.04069
29,233,FALSE,5.14646,1.01127
29,234,FALSE,5.04898,3.00247
29,235,FALSE,5.04241,3.05851
29,236,FALSE,1.11329,1.01418
29,237,FALSE,1.12496,1.11555
29,242,FALSE,4.053,1.00299
29,243,FALSE,1.09797,1.06305
29,251,FALSE,4.11783,4.0844
29,252,FALSE,3.11789,1.14339
29,253,FALSE,5.00978,1.01077
29,254,FALSE,1,1.00719
29,255,FALSE,3.04606,1.09157
29,256,FALSE,5.0609,1.00639
29,257,FALSE,5.10223,1.008
29,258,FALSE,3.00254,1.09289
29,259,FALSE,1.14474,1.01935
29,260,FALSE,1.06538,1.10056
29,262,FALSE,6.14481,1.00348
29,263,FALSE,1.14699,1.05898
29,264,FALSE,4.09791,1.122
29,265,FALSE,1.14536,1.14163
29,270,FALSE,1.14332,3.06037
29,271,FALSE,3.1022,1.13111
29,272,FALSE,1.14205,1.14242
29,273,FALSE,1.11921,1.1336
29,274,FALSE,1.14511,1.06766
29,275,FALSE,1.13983,3.0491
29,280,FALSE,1.07689,1.02628
29,289,FALSE,4.08374,1.05956
29,290,FALSE,1.13002,1.12574
29,291,FALSE,1.1433,1.14479
29,292,FALSE,1.14482,1.05509
29,293,FALSE,5.14719,5.00864
29,294,FALSE,1.13828,5.01595
29,295,FALSE,6.12917,5.01527
29,296,FALSE,5.01055,5.10745
29,297,FALSE,5.14084,1.10852
29,298,FALSE,5.12786,1.00124
29,299,FALSE,4.08237,1.09404
29,300,FALSE,5.0531,1.03323
29,301,FALSE,3.12791,1.06632
29,302,FALSE,5.04205,1.07332
29,303,FALSE,3.14283,1.08983
29,308,FALSE,6.0657,1.00516
29,317,FALSE,5.02592,1.00082
29,318,FALSE,6.09107,1.11704
29,319,FALSE,5.14718,1.04461
29,320,FALSE,5.08879,1.09667
29,321,FALSE,4.00883,1.0641
29,322,FALSE,3.12237,1.06974
29,323,FALSE,3.019,1.07248
29,324,FALSE,3.03595,1.03582
29,325,FALSE,5.09794,1.02365
29,326,FALSE,3.09063,1.00264
29,328,FALSE,5.09363,1.07438
29,329,FALSE,6.03282,1.14027
29,330,FALSE,5.13847,1.07666
29,331,FALSE,3.10276,1.02765
29,332,FALSE,5.09997,1.12173
29,333,FALSE,5.10584,3.08617
29,334,FALSE,1.14391,1.11713
29,335,FALSE,5.0944,1.07419
29,336,FALSE,5.14513,1.03803
29,337,FALSE,5.09463,1.08997
29,339,FALSE,5.10415,1.00386
29,340,TRUE,1.06919,1
29,341,TRUE,5.0159,1
29,342,FALSE,1.13425,6.07383
29,343,TRUE,1,1
29,346,FALSE,5.06017,1.0884
29,347,FALSE,6.13597,1.1294
29,348,FALSE,5.14485,1.08915
29,349,FALSE,5.05009,1.00481
29,350,FALSE,4.12067,3.02612
29,351,FALSE,5.05588,1.14645
29,352,FALSE,4.02035,1.13395
29,353,FALSE,7.08116,4.11371
29,354,FALSE,5.06392,4.11991
29,355,FALSE,3.13347,1.05403
29,357,FALSE,4.12856,1.06405
29,358,FALSE,3.14146,1.11775
29,359,FALSE,3.13162,1.133
29,361,FALSE,5.10291,1.08849
29,363,FALSE,5.0519,5.11203
29,364,FALSE,5.07721,5.08526
29,365,FALSE,3.14001,1.13656
29,366,FALSE,1.12406,1.12681
29,367,FALSE,5.08718,5.02809
29,370,FALSE,3.14564,1.1124
29,371,FALSE,3.04047,1.13767
29,372,FALSE,6.14059,1.14622
29,373,FALSE,1.14648,1.11759
29,374,FALSE,7.02048,1.01144
29,375,FALSE,3.07937,1.00342
29,376,FALSE,1.12012,1.09043
29,377,FALSE,1,1.08978
29,378,FALSE,3.1068,3.01596
29,379,FALSE,1.11201,3.05672
29,380,FALSE,3.03387,4.00432
29,381,FALSE,1.10947,1.13117
29,383,FALSE,5.13891,1.10233
29,384,FALSE,5.05413,1.12899
29,385,FALSE,5.14649,1.00237
29,386,FALSE,5.12604,1.01686
29,387,FALSE,4.12851,1.00747
29,388,FALSE,1.11238,1.00705
29,389,FALSE,2.10733,1.02951
29,390,FALSE,5.10439,1.04972
29,391,FALSE,3.02124,1.00109
29,394,FALSE,5.1027,1.02935
29,395,FALSE,1.06218,5.03049
29,396,FALSE,1.12214,5.10556
29,397,FALSE,1.12391,5.12121
29,398,FALSE,3.02104,5.11517
29,403,FALSE,4.05648,1.01799
29,404,FALSE,4.13306,5.06084
29,405,FALSE,1.14731,5.0959
29,406,FALSE,1.0152,1.07272
29,407,FALSE,3.07111,4.11588
29,408,TRUE,1.10405,1
29,412,FALSE,6.05976,5.00108
29,413,FALSE,1.14588,5.00824
29,414,FALSE,6.06135,5.01176
29,415,FALSE,3.04855,5.00101
29,416,FALSE,3.06334,3.11924
29,417,FALSE,3.14248,1.14225
29,418,FALSE,5.03671,5.08896
29,419,FALSE,3.13393,4.00788
29,420,FALSE,3.07097,3.08649
29,421,FALSE,5.0892,3.0979
29,422,FALSE,5.05622,1.14652
29,423,FALSE,3.01283,1.10518
29,425,FALSE,1.07911,1.01623
29,426,FALSE,4.0535,1.07507
29,427,FALSE,1.14685,1.07059
29,428,FALSE,3.1264,3.11119
29,429,FALSE,3.03092,3.14405
30,1,FALSE,3.0749,1.06926
30,3,FALSE,1.00089,1.04182
30,5,FALSE,7.03597,1.05741
30,6,FALSE,3.00189,1.06326
30,7,FALSE,1,1.02193
30,9,FALSE,1.12484,1.00457
30,10,FALSE,1.10571,1.04917
30,11,FALSE,1,1.13492
30,13,FALSE,1.10673,1.10782
30,17,FALSE,3.11353,1.05712
30,18,FALSE,1.0773,1.07522
30,19,TRUE,3.1062,1
30,21,FALSE,3.11576,1.09349
30,22,FALSE,1.14656,1.12634
30,25,FALSE,4.0603,1.007
30,29,FALSE,1.11614,1.00284
30,30,FALSE,1.1328,1.08645
30,69,FALSE,4.07716,1.00187
30,70,FALSE,3.13635,3.03403
30,71,FALSE,1.14507,1.09594
30,72,FALSE,3.14086,3.0226
30,73,FALSE,3.14396,3.02393
30,74,FALSE,3.05411,3.06684
30,75,FALSE,3.13757,4.04032
30,76,FALSE,3.08075,1.13691
30,77,FALSE,1.14488,3.02131
30,78,FALSE,4.08983,1.09804
30,79,FALSE,3.05241,1.12097
30,82,FALSE,4.14327,1.08311
30,83,FALSE,3.12126,1.08241
30,84,FALSE,1,3.08704
30,85,FALSE,1,1.07718
30,86,TRUE,4.06308,1
30,91,FALSE,1.14213,1.06283
30,92,FALSE,1.13878,1.0825
30,93,FALSE,3.1227,1.12815
30,95,FALSE,1.13676,1.07726
30,98,FALSE,5.10297,1.10133
30,99,FALSE,5.09996,2.02838
30,100,FALSE,6.01806,1.10492
30,101,FALSE,3.02022,1.03693
30,103,FALSE,5.12288,1.13827
30,104,FALSE,5.03995,1.09557
30,106,FALSE,5.0149,1.07486
30,107,FALSE,6.0197,1.00303
30,109,FALSE,4.08035,1.12184
30,110,FALSE,3.12191,1.1115
30,111,FALSE,3.04215,1.03016
30,112,FALSE,2.13081,1.08996
30,113,FALSE,3.07264,1.1021
30,114,FALSE,1.13788,1.01335
30,115,FALSE,1.13544,1.10461
30,116,FALSE,3.09759,1.0865
30,117,FALSE,1.14452,1.03311
30,118,FALSE,3.12261,1.07349
30,120,FALSE,4.13284,1.00109
30,121,FALSE,1.14009,1.00072
30,122,FALSE,1.13911,1.00027
30,123,FALSE,1.04147,1.016
30,124,FALSE,7.09737,1.02446
30,125,FALSE,4.1442,5.0294
30,126,FALSE,5.07834,5.06787
30,127,FALSE,4.02898,1.06506
30,128,FALSE,5.14051,1.01464
30,129,FALSE,5.02019,1.14451
30,130,FALSE,5.12835,5.13761
30,131,FALSE,1.1025,1.05066
30,133,FALSE,1.14734,1.00025
30,134,FALSE,1.14556,1.00493
30,135,FALSE,1.11415,1.00751
30,136,FALSE,1.14278,1.01681
30,137,FALSE,1.04228,1.03088
30,139,FALSE,1.09173,1.05672
30,140,FALSE,1.1298,1.00795
30,141,FALSE,1.02859,1.03735
30,142,FALSE,1.08823,1.04099
30,143,FALSE,1.14522,1.11256
30,144,FALSE,6.02635,1.05493
30,145,TRUE,5.07991,1
30,146,TRUE,1,1
30,147,FALSE,1,1.14
30,148,TRUE,1,1
30,149,TRUE,3.08341,1
30,150,FALSE,1,5.01355
30,151,TRUE,1.02529,1
30,153,FALSE,1.14171,1.12197
30,154,FALSE,5.13787,1.10693
30,155,FALSE,7.12754,1.005
30,156,FALSE,1.14555,1.12786
30,157,FALSE,1.1256,1.00769
30,158,FALSE,3.03235,1.08793
30,159,FALSE,3.05206,1.02161
30,160,FALSE,3.09656,1.04747
30,161,FALSE,3.14078,1.00702
30,162,FALSE,4.13033,4.05479
30,164,FALSE,7.12056,1.0328
30,165,FALSE,1.12026,5.08762
30,166,FALSE,5.12511,5.12884
30,167,FALSE,1.04302,1.13191
30,168,FALSE,1,5.03141
30,169,FALSE,5.06638,5.08609
30,173,FALSE,4.08785,1.09327
30,175,FALSE,1.0385,1.06222
30,176,FALSE,1.10523,1.11765
30,177,FALSE,5.1342,1.11558
30,178,FALSE,5.14313,4.00286
30,179,FALSE,5.12838,1.1394
30,180,FALSE,5.03247,2.11184
30,181,FALSE,5.14487,3.10262
30,182,FALSE,5.00192,1.14398
30,183,FALSE,5.10867,1.13922
30,184,FALSE,7.00162,1.12523
30,185,FALSE,5.03181,1.13582
30,186,FALSE,7.07202,1.11599
30,188,FALSE,5.10936,1.00504
30,189,FALSE,6.08962,4.09572
30,190,FALSE,3.13526,1.14399
30,191,FALSE,5.13281,1.10544
30,192,FALSE,5.07525,1.12227
30,193,FALSE,5.01004,6.00054
30,194,FALSE,5.04559,1.13479
30,195,FALSE,3.07907,1.12534
30,197,FALSE,5.13579,1.00063
30,198,FALSE,5.11675,1.07942
30,199,FALSE,4.07251,3.05504
30,200,FALSE,1.13981,1.14169
30,201,FALSE,1.13072,1.09521
30,202,FALSE,7.02879,7.03585
30,203,FALSE,5.08626,4.14582
30,204,FALSE,5.07479,1.03777
30,206,FALSE,5.05116,1.01362
30,207,FALSE,3.00964,1.12007
30,208,FALSE,1.13459,1.04279
30,209,FALSE,3.02144,3.01185
30,210,FALSE,3.08714,3.05678
30,211,FALSE,3.04175,3.04558
30,212,FALSE,1.09636,1.09674
30,213,FALSE,3.08438,1.08709
30,216,FALSE,6.0827,1.11937
30,217,FALSE,4.09697,1.14342
30,218,FALSE,5.12419,1.14063
30,219,FALSE,5.12631,1.14252
30,222,FALSE,3.10095,1.12342
30,225,FALSE,3.12665,4.09339
30,226,FALSE,5.12656,1.11502
30,227,FALSE,7.03244,4.08542
30,229,FALSE,4.06602,3.08948
30,230,FALSE,3.09166,3.04336
30,233,FALSE,5.14652,1.00478
30,234,FALSE,3.03508,3.10738
30,235,FALSE,3.10751,3.11553
30,236,FALSE,1.13475,1.13457
30,237,FALSE,1.05368,1.07067
30,242,FALSE,4.12134,1.00486
30,243,FALSE,1.10077,1.14032
30,251,FALSE,4.12615,4.08649
30,252,FALSE,3.07287,1.10542
30,253,FALSE,5.02849,1.02884
30,254,FALSE,1.09338,1.03608
30,255,FALSE,3.14026,1.03918
30,256,FALSE,5.10711,1.03049
30,257,FALSE,5.07519,1.10286
30,258,FALSE,3.0673,1.13995
30,259,FALSE,1.11172,1.10794
30,260,FALSE,1.14061,1.11345
30,262,FALSE,6.13704,1.00516
30,263,FALSE,1.14042,1.03057
30,264,FALSE,4.04286,1.10155
30,265,FALSE,1.14611,1.1316
30,270,FALSE,1.12309,3.02404
30,271,FALSE,3.12889,1.10276
30,272,FALSE,1.14471,1.04984
30,273,FALSE,1.1321,1.07895
30,274,FALSE,1.13242,1.07652
30,275,FALSE,1.11453,3.10382
30,280,FALSE,1.12084,1.00762
30,289,FALSE,4.1016,1.07321
30,290,FALSE,1.1392,1.10271
30,291,FALSE,1.13762,1.14247
30,292,FALSE,1.13996,1.06587
30,293,FALSE,6.01033,5.01433
30,294,FALSE,5.02611,5.00205
30,295,FALSE,6.02552,5.02604
30,296,FALSE,1.03616,5.04959
30,297,FALSE,5.12898,1.10336
30,298,FALSE,5.10841,1.03713
30,299,FALSE,4.05708,1.10145
30,300,FALSE,5.11997,1.01884
30,301,FALSE,3.14655,1.09294
30,302,FALSE,5.10801,1.09657
30,303,FALSE,3.11149,1.00425
30,308,FALSE,6.09596,1.00641
30,317,FALSE,5.12725,1.01235
30,318,FALSE,6.03992,1.09752
30,319,FALSE,5.13031,1.06664
30,320,FALSE,5.10371,1.03529
30,321,FALSE,4.04687,1.04347
30,322,FALSE,3.04449,1.03399
30,323,FALSE,3.04047,1.01745
30,324,FALSE,3.09438,1.00373
30,325,FALSE,5.05985,1.02697
30,326,FALSE,3.0574,1.0353
30,328,FALSE,5.08193,1.08871
30,329,FALSE,6.06636,2.0938
30,330,FALSE,5.1283,1.08494
30,331,FALSE,3.00566,1.06175
30,332,FALSE,5.09838,1.10643
30,333,FALSE,5.13393,3.01165
30,334,FALSE,1.13941,1.12502
30,335,FALSE,5.08386,1.11925
30,336,FALSE,5.05666,1.02598
30,337,FALSE,5.09314,1.09669
30,339,FALSE,5.01506,1.0432
30,340,TRUE,1.0802,1
30,341,TRUE,5.11465,1
30,342,FALSE,1.07527,6.04226
30,343,TRUE,1,1
30,346,FALSE,3.06157,1.07841
30,347,FALSE,6.06012,1.13303
30,348,FALSE,5.05887,1.10776
30,349,FALSE,5.0364,1.00414
30,350,FALSE,4.06164,1.14363
30,351,FALSE,5.06852,1.13781
30,352,FALSE,4.03614,1.10504
30,353,FALSE,7.03107,4.02967
30,354,FALSE,5.07199,4.14226
30,355,FALSE,3.02504,1.04867
30,357,FALSE,4.13709,1.05857
30,358,FALSE,3.06239,1.0655
30,359,FALSE,3.04222,1.11998
30,361,FALSE,5.12176,1.07817
30,363,FALSE,5.05415,5.06245
30,364,FALSE,5.05619,5.10862
30,365,FALSE,3.12412,1.05074
30,366,FALSE,1.11494,1.07228
30,367,FALSE,5.03454,5.07671
30,370,FALSE,3.11826,1.10192
30,371,FALSE,3.11214,1.13605
30,372,FALSE,6.1035,1.14521
30,373,FALSE,1.11079,1.12465
30,374,FALSE,7.06205,1.03037
30,375,FALSE,3.14107,1.04371
30,376,FALSE,1.04198,1.00484
30,377,FALSE,1.07824,1.08274
30,378,FALSE,3.12709,3.07181
30,379,FALSE,1.13374,3.03808
30,380,FALSE,3.02725,4.02703
30,381,FALSE,1.13111,1.07662
30,383,FALSE,5.13754,1.05697
30,384,FALSE,5.14215,1.14612
30,385,FALSE,5.13997,1.00693
30,386,FALSE,5.1104,1.02347
30,387,FALSE,4.14699,1.05345
30,388,FALSE,1.14456,1.04266
30,389,FALSE,2.09602,1.00259
30,390,FALSE,5.09654,1.00531
30,391,FALSE,3.07614,1.00601
30,394,FALSE,5.12139,1.01174
30,395,FALSE,1.13767,5.01178
30,396,FALSE,1.09944,5.09826
30,397,FALSE,1.12263,5.05147
30,398,FALSE,3.07036,5.09045
30,403,FALSE,4.05959,1.06535
30,404,FALSE,4.12075,5.0222
30,405,FALSE,1.04202,5.05398
30,406,FALSE,1,1.04088
30,407,FALSE,3.06417,4.04668
30,408,TRUE,1.14402,1
30,412,FALSE,6.11746,5.00261
30,413,FALSE,5.11438,5.01243
30,414,FALSE,6.04492,5.01573
30,415,FALSE,3.07997,5.02961
30,416,FALSE,3.03211,3.05914
30,417,FALSE,3.10146,1.12319
30,418,FALSE,5.10047,5.10821
30,419,FALSE,5.12865,3.11947
30,420,FALSE,3.04392,3.0628
30,421,FALSE,5.11659,3.06814
30,422,FALSE,5.09509,3.07861
30,423,FALSE,3.02881,1.12413
30,425,FALSE,7.05395,1.0057
30,426,FALSE,4.11702,1.0572
30,427,FALSE,1.14102,1.07784
30,428,FALSE,3.05738,3.09722
30,429,FALSE,3.07911,3.00396
31,1,FALSE,3.02524,1.12163
31,3,FALSE,1.02662,1.03119
31,5,FALSE,7.09026,1.06534
31,6,FALSE,3.09542,1.05951
31,7,FALSE,1,1.03598
31,9,FALSE,1.0949,1.00959
31,10,FALSE,1.08662,1.04053
31,11,FALSE,1,1.05999
31,13,FALSE,1.14607,1.12086
31,17,FALSE,3.08882,1.04023
31,18,FALSE,1.11083,1.05207
31,19,TRUE,3.13997,1
31,21,FALSE,4.01603,1.0749
31,22,FALSE,1.14583,1.11613
31,25,FALSE,4.03467,1.00875
31,29,FALSE,1.14632,1.03194
31,30,FALSE,1.14444,1.06655
31,69,FALSE,4.14266,1.00066
31,70,FALSE,3.12951,3.01094
31,71,FALSE,3.04665,1.07475
31,72,FALSE,3.0705,3.11811
31,73,FALSE,3.08817,3.01235
31,74,FALSE,7.07322,3.07678
31,75,FALSE,3.123,4.03924
31,76,FALSE,3.07995,1.10894
31,77,FALSE,1.13747,3.0066
31,78,FALSE,3.08217,1.104
31,79,FALSE,1.12925,1.12968
31,82,FALSE,4.11949,1.04536
31,83,FALSE,3.13753,1.04541
31,84,FALSE,1,3.05512
31,85,TRUE,1.10781,1
31,86,TRUE,4.06916,1
31,91,FALSE,1.14034,1.03682
31,92,FALSE,3.14189,1.10925
31,93,FALSE,3.0648,1.11807
31,95,FALSE,1.14484,1.02824
31,98,FALSE,5.14512,1.06427
31,99,FALSE,5.12464,2.02282
31,100,FALSE,6.03518,1.12504
31,101,FALSE,3.09705,1.0036
31,103,FALSE,5.01865,1.10914
31,104,FALSE,5.1019,1.12393
31,106,FALSE,5.03632,1.11077
31,107,FALSE,6.0522,1.02167
31,109,FALSE,4.08633,1.13273
31,110,FALSE,3.1166,1.09438
31,111,FALSE,3.13487,1.02511
31,112,FALSE,2.04897,1.04934
31,113,FALSE,3.07765,1.07445
31,114,FALSE,1.13456,1.01427
31,115,FALSE,1.13531,1.04509
31,116,FALSE,3.06109,1.01272
31,117,FALSE,1.11326,1.0604
31,118,FALSE,3.0938,1.05322
31,120,FALSE,4.11704,1.00312
31,121,FALSE,1.13047,1.00085
31,122,FALSE,1.1356,1.01197
31,123,FALSE,1.14621,1.00441
31,124,FALSE,7.11705,1.01836
31,125,FALSE,4.12962,5.05185
31,126,FALSE,5.11204,5.06636
31,127,FALSE,4.01613,1.1016
31,128,FALSE,5.07129,1.02818
31,129,FALSE,5.07594,1.10901
31,130,FALSE,5.11238,5.11999
31,131,FALSE,1.10525,1.09861
31,133,FALSE,1.14224,1.01495
31,134,FALSE,1.14598,1.00114
31,135,FALSE,1.11249,1.03594
31,136,FALSE,1.06794,1.01291
31,137,TRUE,1.142,1
31,139,FALSE,1.11662,1.03343
31,140,FALSE,1.11879,1.06639
31,141,FALSE,1.07615,1.01072
31,142,FALSE,1,1.00646
31,143,FALSE,1.11904,1.03004
31,144,FALSE,1.07732,1.14358
31,145,TRUE,5.11011,1
31,146,TRUE,1,1
31,147,FALSE,1,1.00829
31,148,TRUE,1,1
31,149,TRUE,3.06374,1
31,150,FALSE,1,5.14424
31,151,TRUE,1.1465,1
31,153,FALSE,1.14291,1.13759
31,154,FALSE,5.07561,1.10085
31,155,FALSE,7.12361,1.03422
31,156,FALSE,1.13623,1.07878
31,157,FALSE,1.0927,1.02266
31,158,FALSE,3.10975,1.00942
31,159,FALSE,3.01991,1.00271
31,160,FALSE,3.10288,1.01794
31,161,FALSE,3.05127,1.12167
31,162,FALSE,4.11775,4.14115
31,164,FALSE,7.12131,1.03804
31,165,FALSE,1.03712,5.13334
31,166,FALSE,5.02752,5.12672
31,167,FALSE,1.00094,1.14307
31,168,FALSE,1,5.06888
31,169,FALSE,5.10111,5.12557
31,173,FALSE,4.00952,1.09771
31,175,FALSE,1.05567,1.056
31,176,FALSE,1.08862,1.01897
31,177,FALSE,5.1374,1.1114
31,178,FALSE,5.127,4.02419
31,179,FALSE,5.14361,1.1355
31,180,FALSE,5.07612,2.11794
31,181,FALSE,5.05945,3.10245
31,182,FALSE,5.00557,1.12564
31,183,FALSE,5.10979,1.13179
31,184,FALSE,7.03862,1.13855
31,185,FALSE,5.1227,1.1386
31,186,FALSE,7.1414,1.11857
31,188,FALSE,7.11269,1.01113
31,189,FALSE,6.11777,4.11099
31,190,FALSE,3.10479,3.10493
31,191,FALSE,5.07414,1.14129
31,192,FALSE,5.12984,1.09721
31,193,FALSE,5.06911,6.01225
31,194,FALSE,5.03532,1.12582
31,195,FALSE,3.02461,1.13378
31,197,FALSE,5.11178,1.00277
31,198,FALSE,5.10877,1.08433
31,199,FALSE,4.04072,1.13981
31,200,FALSE,1.13833,1.1306
31,201,FALSE,5.11518,1.04018
31,202,FALSE,7.07512,7.03031
31,203,FALSE,5.06957,4.06393
31,204,FALSE,5.11969,1.05694
31,206,FALSE,5.05356,1.00419
31,207,FALSE,3.086,1.12188
31,208,FALSE,1.14525,1.03172
31,209,FALSE,3.09267,3.00965
31,210,FALSE,3.05151,3.01336
31,211,FALSE,3.03071,3.05987
31,212,FALSE,1.1459,1.07219
31,213,FALSE,3.11475,1.0436
31,216,FALSE,6.14506,1.11143
31,217,FALSE,4.02414,1.13417
31,218,FALSE,5.13918,1.10972
31,219,FALSE,5.05814,3.02768
31,222,FALSE,3.12027,1.11919
31,225,FALSE,3.14016,4.05136
31,226,FALSE,5.1399,1.10055
31,227,FALSE,7.01457,4.11272
31,229,FALSE,4.02833,3.08551
31,230,FALSE,3.10045,3.09964
31,233,FALSE,5.12959,1.02137
31,234,FALSE,3.00477,3.00481
31,235,FALSE,3.08296,3.09406
31,236,FALSE,1.12378,1.10545
31,237,FALSE,1.0542,1.05355
31,242,FALSE,4.13136,1.00383
31,243,FALSE,1.08936,1.12964
31,251,FALSE,4.0859,4.11424
31,252,FALSE,3.13934,1.14134
31,253,FALSE,5.04285,1.00242
31,254,FALSE,1.04942,1.01171
31,255,FALSE,3.02701,1.08297
31,256,FALSE,5.12096,1.04965
31,257,FALSE,5.0977,1.03437
31,258,FALSE,3.13868,1.03601
31,259,FALSE,1.1336,3.00637
31,260,FALSE,1.14061,1.13109
31,262,FALSE,6.01608,1.00579
31,263,FALSE,1.13335,1.0128
31,264,FALSE,4.0305,1.13029
31,265,FALSE,1.14102,1.12026
31,270,FALSE,1.14602,3.10662
31,271,FALSE,3.11647,1.1062
31,272,FALSE,1.1341,1.11384
31,273,FALSE,1.11569,1.1059
31,274,FALSE,1.14471,1.10862
31,275,FALSE,1.14314,3.06026
31,280,FALSE,1.08954,1.00491
31,289,FALSE,4.13907,1.06551
31,290,FALSE,1.12897,1.1297
31,291,FALSE,1.13798,1.13872
31,292,FALSE,1.14477,1.08239
31,293,FALSE,6.03573,5.00508
31,294,FALSE,5.05169,5.00908
31,295,FALSE,6.03692,5.04435
31,296,FALSE,5.05894,5.01864
31,297,FALSE,5.10731,1.13962
31,298,FALSE,5.03928,1.04265
31,299,FALSE,4.02656,1.11527
31,300,FALSE,5.06838,1.05884
31,301,FALSE,3.05475,1.03972
31,302,FALSE,5.06995,1.06494
31,303,FALSE,3.05753,1.08195
31,308,FALSE,6.06113,1.01408
31,317,FALSE,5.00172,1.0221
31,318,FALSE,6.04155,1.10962
31,319,FALSE,5.1232,1.02173
31,320,FALSE,2.05714,1.01939
31,321,FALSE,4.07726,1.06889
31,322,FALSE,3.01649,1.01389
31,323,FALSE,3.05935,1.00678
31,324,FALSE,3.1072,1.00237
31,325,FALSE,5.05111,1.08294
31,326,FALSE,3.07449,1.03942
31,328,FALSE,5.07161,1.06634
31,329,FALSE,6.04987,1.13903
31,330,FALSE,5.10282,1.08347
31,331,FALSE,5.07818,1.0948
31,332,FALSE,5.13387,1.09029
31,333,FALSE,5.05069,3.09259
31,334,FALSE,1.1376,1.12994
31,335,FALSE,5.08338,1.1202
31,336,FALSE,5.01774,1.023
31,337,FALSE,5.11377,1.11575
31,339,FALSE,5.04048,1.05654
31,340,TRUE,1.07372,1
31,341,TRUE,5.13808,1
31,342,FALSE,1.13128,6.0105
31,343,TRUE,1,1
31,346,FALSE,5.02216,1.07206
31,347,FALSE,6.01812,1.12379
31,348,FALSE,5.01976,1.09467
31,349,FALSE,5.0583,1.00873
31,350,FALSE,4.06085,1.13057
31,351,FALSE,5.07385,1.14222
31,352,FALSE,4.03129,1.09368
31,353,FALSE,7.04776,4.02797
31,354,FALSE,5.07011,4.14616
31,355,FALSE,3.143,1.06583
31,357,FALSE,4.06054,1.05298
31,358,FALSE,3.10172,1.05251
31,359,FALSE,3.03371,1.12759
31,361,FALSE,5.1201,1.06231
31,363,FALSE,5.0292,5.03234
31,364,FALSE,5.05137,5.05306
31,365,FALSE,3.08828,1.00822
31,366,FALSE,1.13177,1.13495
31,367,FALSE,5.10624,5.0644
31,370,FALSE,3.14043,1.11627
31,371,FALSE,3.03159,1.14622
31,372,FALSE,6.08908,1.14736
31,373,FALSE,1.14226,1.11124
31,374,FALSE,7.0957,1.00373
31,375,FALSE,1.02096,1.01359
31,376,FALSE,1.08652,1.12064
31,377,FALSE,1.00712,1.12112
31,378,FALSE,3.05668,3.03464
31,379,FALSE,1.08421,3.1454
31,380,FALSE,3.07167,4.00325
31,381,FALSE,1.06994,1.03661
31,383,FALSE,5.11715,1.07043
31,384,FALSE,5.11656,1.14063
31,385,FALSE,5.14054,1.01715
31,386,FALSE,5.06258,1.0251
31,387,FALSE,4.0023,1.005
31,388,FALSE,1.13504,1.06906
31,389,FALSE,2.14032,1.01849
31,390,FALSE,5.13084,1.00353
31,391,FALSE,3.02384,1.01464
31,394,FALSE,5.13032,1.01388
31,395,FALSE,1.09938,5.13012
31,396,FALSE,1.03658,5.00789
31,397,FALSE,1.14623,5.10529
31,398,FALSE,3.11008,5.12311
31,403,FALSE,4.06188,1.0625
31,404,FALSE,4.05781,5.01438
31,405,FALSE,1.13543,5.13802
31,406,FALSE,1.09269,1.01085
31,407,FALSE,3.13156,4.09282
31,408,TRUE,1.10452,1
31,412,FALSE,6.13458,5.00193
31,413,FALSE,5.13897,5.00575
31,414,FALSE,6.09825,5.00561
31,415,FALSE,3.04744,5.00485
31,416,FALSE,3.122,3.13016
31,417,FALSE,3.1011,1.12108
31,418,FALSE,5.07799,5.1039
31,419,FALSE,5.14085,3.14393
31,420,FALSE,3.01781,3.11001
31,421,FALSE,5.04944,3.09868
31,422,FALSE,5.01792,3.03321
31,423,FALSE,3.10642,1.12424
31,425,FALSE,7.08561,1.00203
31,426,FALSE,4.13676,1.06869
31,427,FALSE,1.14247,1.10488
31,428,FALSE,3.11738,3.12549
31,429,FALSE,3.0589,3.00893
32,1,FALSE,3.03942,1.10565
32,3,FALSE,1.07977,1.09093
32,5,FALSE,7.1197,1.03557
32,6,FALSE,3.01967,1.02931
32,7,FALSE,1,1.01729
32,9,FALSE,1.13181,1.01882
32,10,FALSE,1.12299,1.02523
32,11,FALSE,1,1.00568
32,13,FALSE,1.12583,1.10515
32,17,FALSE,3.00932,1.06704
32,18,FALSE,1.09368,1.10372
32,19,TRUE,3.11753,1
32,21,FALSE,4.08967,1.08405
32,22,FALSE,1.14583,1.13484
32,25,FALSE,4.03883,1.01616
32,29,FALSE,1.14051,1.02184
32,30,FALSE,1.13877,1.08809
32,69,FALSE,4.06707,1.00322
32,70,FALSE,3.1275,3.05132
32,71,FALSE,3.04141,1.08079
32,72,FALSE,3.04558,3.01834
32,73,FALSE,3.01782,3.00334
32,74,FALSE,3.0524,3.08872
32,75,FALSE,3.12862,4.08115
32,76,FALSE,3.09404,1.14536
32,77,FALSE,1.14619,3.0158
32,78,FALSE,4.02802,1.1016
32,79,FALSE,3.1055,1.12222
32,82,FALSE,4.1433,1.06987
32,83,FALSE,3.12459,1.06272
32,84,FALSE,1,3.0257
32,85,FALSE,1,1.0446
32,86,TRUE,4.09016,1
32,91,FALSE,1.11569,1.05971
32,92,FALSE,1.14521,1.09568
32,93,FALSE,3.13614,1.13554
32,95,FALSE,1.13352,1.02985
32,98,FALSE,5.033,1.07347
32,99,FALSE,5.14466,2.0043
32,100,FALSE,6.01408,1.1284
32,101,FALSE,3.11194,1.06773
32,103,FALSE,5.00077,1.11512
32,104,FALSE,5.02368,1.10426
32,106,FALSE,5.02327,1.11942
32,107,FALSE,6.10781,1.01065
32,109,FALSE,4.01756,1.11927
32,110,FALSE,3.10022,1.11992
32,111,FALSE,3.14572,1.01255
32,112,FALSE,2.1147,1.01051
32,113,FALSE,3.05541,1.10602
32,114,FALSE,1.12338,1.00829
32,115,FALSE,1.12228,1.02804
32,116,FALSE,3.09431,1.02899
32,117,FALSE,1.14032,1.00894
32,118,FALSE,3.12266,1.04543
32,120,FALSE,4.00446,1.00088
32,121,FALSE,1.13639,1.00349
32,122,FALSE,1.1454,1.00225
32,123,FALSE,1.07511,1.01201
32,124,FALSE,7.09729,1.11794
32,125,FALSE,4.10399,5.05691
32,126,FALSE,5.07082,5.02906
32,127,FALSE,4.0678,1.02146
32,128,FALSE,5.02219,1.07203
32,129,FALSE,5.06237,1.13526
32,130,FALSE,5.10823,5.12796
32,131,FALSE,1.14688,1.11635
32,133,FALSE,1.13988,1.0044
32,134,FALSE,1.12216,1.00504
32,135,FALSE,1.0859,1.01676
32,136,FALSE,1.04345,1.01557
32,137,FALSE,1.05204,1.04198
32,139,FALSE,1.07884,1.02702
32,140,FALSE,1.13408,1.01841
32,141,FALSE,1.02408,1.07642
32,142,FALSE,1.14161,1.10934
32,143,FALSE,1.1345,1.04177
32,144,FALSE,1.08254,1.06315
32,145,FALSE,1,5.09666
32,146,TRUE,1,1
32,147,FALSE,1,1.0647
32,148,TRUE,1,1
32,149,TRUE,3.05036,1
32,150,FALSE,1,5.00586
32,151,TRUE,1.00575,1
32,153,FALSE,1.13719,1.13999
32,154,FALSE,5.0909,1.08728
32,155,FALSE,3.07886,1.02732
32,156,FALSE,1.13976,1.0636
32,157,FALSE,1.14212,1.00377
32,158,FALSE,3.0447,1.00182
32,159,FALSE,3.02489,1.03584
32,160,FALSE,3.02888,1.05171
32,161,FALSE,3.09551,1.06037
32,162,FALSE,4.03273,4.1292
32,164,FALSE,7.01231,1.06463
32,165,FALSE,1.10564,5.13351
32,166,FALSE,5.05827,5.14503
32,167,FALSE,1.07035,1.09913
32,168,FALSE,1,5.08755
32,169,FALSE,5.05226,5.13229
32,173,FALSE,4.07037,1.07896
32,175,FALSE,1.06682,1.08127
32,176,FALSE,1.13139,1.14617
32,177,FALSE,5.14359,1.08148
32,178,FALSE,6.00064,4.0046
32,179,FALSE,5.08797,1.146
32,180,FALSE,5.09498,2.08301
32,181,FALSE,5.10209,3.0816
32,182,FALSE,5.02,1.14171
32,183,FALSE,5.11561,1.1279
32,184,FALSE,7.07663,1.12952
32,185,FALSE,5.13634,1.1396
32,186,FALSE,7.01678,1.07289
32,188,FALSE,5.14672,1.00018
32,189,FALSE,6.02798,4.07785
32,190,FALSE,3.04738,1.14722
32,191,FALSE,5.14481,1.08744
32,192,FALSE,5.07629,1.0944
32,193,FALSE,5.02321,6.06385
32,194,FALSE,5.02621,1.11032
32,195,FALSE,3.08045,1.13924
32,197,FALSE,5.12615,1.00854
32,198,FALSE,5.03566,1.14455
32,199,FALSE,5.01374,1.13703
32,200,FALSE,1.13193,1.13462
32,201,FALSE,1.14492,1.09304
32,202,FALSE,7.0674,7.03514
32,203,FALSE,5.10368,4.01442
32,204,FALSE,5.09009,1.08721
32,206,FALSE,5.12557,1.00522
32,207,FALSE,3.04717,1.12755
32,208,FALSE,1.12938,1.04405
32,209,FALSE,3.00799,3.0287
32,210,FALSE,3.1389,3.02873
32,211,FALSE,3.02006,3.05653
32,212,FALSE,1.11051,1.09032
32,213,FALSE,3.09569,1.08201
32,216,FALSE,6.09705,1.10544
32,217,FALSE,4.13536,1.13658
32,218,FALSE,5.01638,1.11818
32,219,FALSE,5.11792,1.14606
32,222,FALSE,3.13122,1.09211
32,225,FALSE,3.13513,4.0113
32,226,FALSE,5.13228,1.09807
32,227,FALSE,7.03437,4.05539
32,229,FALSE,4.00363,3.09181
32,230,FALSE,3.11195,3.06689
32,233,FALSE,5.12382,1.00701
32,234,FALSE,5.07081,3.00756
32,235,FALSE,3.06824,3.07553
32,236,FALSE,1.12227,1.0858
32,237,FALSE,1.12457,1.02973
32,242,FALSE,4.11227,1.00149
32,243,FALSE,1.11093,1.14295
32,251,FALSE,4.10432,4.08139
32,252,FALSE,3.14215,1.11954
32,253,FALSE,5.11305,1.00444
32,254,FALSE,1.04001,1.0753
32,255,FALSE,3.05028,1.02299
32,256,FALSE,5.02747,1.01053
32,257,FALSE,5.02156,1.00914
32,258,FALSE,3.11261,1.05644
32,259,FALSE,1.05631,3.07731
32,260,FALSE,1.06886,1.00599
32,262,FALSE,6.10995,1.00189
32,263,FALSE,1.12781,1.05102
32,264,FALSE,4.01001,1.09671
32,265,FALSE,1.14076,1.1443
32,270,FALSE,1.13525,3.01345
32,271,FALSE,3.11557,1.1369
32,272,FALSE,1.12908,1.10962
32,273,FALSE,1.10466,1.11683
32,274,FALSE,1.12852,1.11641
32,275,FALSE,1.14262,3.11629
32,280,FALSE,1.13393,1.01316
32,289,FALSE,4.09342,1.07589
32,290,FALSE,1.1435,1.11617
32,291,FALSE,1.14165,1.14261
32,292,FALSE,1.14559,1.09787
32,293,FALSE,6.03438,5.0104
32,294,FALSE,5.09479,5.02767
32,295,FALSE,6.01695,5.02196
32,296,FALSE,1.00254,5.00224
32,297,FALSE,5.10715,1.09555
32,298,FALSE,5.1048,1.01465
32,299,FALSE,4.01483,1.0841
32,300,FALSE,5.01318,1.03074
32,301,FALSE,3.09439,1.06351
32,302,FALSE,5.12804,1.04924
32,303,FALSE,3.14473,1.05347
32,308,FALSE,6.13898,1.00194
32,317,FALSE,5.01095,1.02088
32,318,FALSE,6.11421,1.07579
32,319,FALSE,5.12556,1.05935
32,320,FALSE,2.02001,1.08014
32,321,FALSE,4.08664,1.06602
32,322,FALSE,3.00234,1.07275
32,323,FALSE,3.11547,1.03426
32,324,FALSE,3.14252,1.02561
32,325,FALSE,5.12341,1.0755
32,326,FALSE,3.14336,1.07205
32,328,FALSE,5.10044,1.09565
32,329,FALSE,6.0148,1.13099
32,330,FALSE,5.11386,1.11185
32,331,FALSE,5.09288,1.0133
32,332,FALSE,5.13996,1.13908
32,333,FALSE,5.05952,3.09908
32,334,FALSE,1.12722,1.0857
32,335,FALSE,5.14092,1.12939
32,336,FALSE,5.12664,1.03924
32,337,FALSE,5.09169,1.10148
32,339,FALSE,5.05305,1.12389
32,340,TRUE,1.00588,1
32,341,TRUE,5.12084,1
32,342,FALSE,1.12531,6.04276
32,343,TRUE,1,1
32,346,FALSE,5.10093,1.07459
32,347,FALSE,6.1167,1.11624
32,348,FALSE,5.10113,1.09413
32,349,FALSE,5.1112,1.00201
32,350,FALSE,4.13196,1.13514
32,351,FALSE,5.05401,1.12347
32,352,FALSE,4.05111,1.13506
32,353,FALSE,7.08538,4.02632
32,354,FALSE,5.07873,4.12119
32,355,FALSE,3.10594,1.01896
32,357,FALSE,4.07969,1.05879
32,358,FALSE,3.08654,1.08147
32,359,FALSE,3.13637,1.13253
32,361,FALSE,5.09101,1.07947
32,363,FALSE,5.06887,5.08511
32,364,FALSE,5.04476,5.08948
32,365,FALSE,3.09401,1.0473
32,366,FALSE,1.11128,1.11347
32,367,FALSE,5.02723,5.01567
32,370,FALSE,3.11817,1.09294
32,371,FALSE,4.12899,1.14721
32,372,FALSE,6.08816,1.13426
32,373,FALSE,1.14174,1.08895
32,374,FALSE,7.07359,1.00727
32,375,FALSE,1.09307,1.07384
32,376,FALSE,1.03787,1.08333
32,377,FALSE,1.10378,1.107
32,378,FALSE,3.14276,3.10043
32,379,FALSE,1.11371,3.08475
32,380,FALSE,3.08916,4.07919
32,381,FALSE,1.1291,1.14246
32,383,FALSE,5.13384,1.0256
32,384,FALSE,5.14436,1.13911
32,385,FALSE,5.07912,1.01354
32,386,FALSE,5.13688,1.00309
32,387,FALSE,4.00653,1.02212
32,388,FALSE,1.13138,1.00678
32,389,FALSE,2.09693,1.04223
32,390,FALSE,5.00049,1.0785
32,391,FALSE,3.00193,1.01665
32,394,FALSE,5.04808,1.00608
32,395,FALSE,1.10142,5.13968
32,396,FALSE,1.05071,5.05229
32,397,FALSE,1.11255,5.13663
32,398,FALSE,3.13174,5.11689
32,403,FALSE,4.04634,1.12412
32,404,FALSE,4.06444,5.13292
32,405,FALSE,1.1149,5.10477
32,406,FALSE,1,1.08963
32,407,FALSE,3.143,4.13334
32,408,TRUE,1.07011,1
32,412,FALSE,6.11806,5.00321
32,413,FALSE,5.00964,5.00819
32,414,FALSE,6.11095,5.0013
32,415,FALSE,3.02409,5.00472
32,416,FALSE,3.00659,3.0317
32,417,FALSE,3.11916,1.12194
32,418,FALSE,5.01971,5.08757
32,419,FALSE,5.10496,3.10746
32,420,FALSE,3.00576,3.0175
32,421,FALSE,5.09178,3.13912
32,422,FALSE,5.07067,1.13651
32,423,FALSE,3.11583,1.12102
32,425,FALSE,7.13661,1.00386
32,426,FALSE,4.13184,1.0744
32,427,FALSE,1.14576,1.10448
32,428,FALSE,3.10409,3.13629
32,429,FALSE,3.11738,3.01295
33,1,FALSE,3.10079,1.0739
33,3,FALSE,1.0281,1.0569
33,5,FALSE,7.01348,1.04124
33,6,FALSE,3.06061,1.09943
33,7,FALSE,1,1.02361
33,9,FALSE,1.08704,1.01562
33,10,FALSE,1.11081,1.01955
33,11,FALSE,1,1.12004
33,13,FALSE,1.13401,1.12643
33,17,FALSE,4.04364,1.069
33,18,FALSE,1.0565,1.06422
33,19,TRUE,3.08507,1
33,21,FALSE,3.00346,1.08983
33,22,FALSE,1.14728,1.14359
33,25,FALSE,4.12522,1.04051
33,29,FALSE,1.14157,1.02449
33,30,FALSE,1.14614,1.10705
33,69,FALSE,4.07123,1.00126
33,70,FALSE,3.13593,3.02821
33,71,FALSE,3.11609,1.07101
33,72,FALSE,3.10907,3.11341
33,73,FALSE,3.13362,3.00426
33,74,FALSE,3.05457,3.06778
33,75,FALSE,3.14047,4.13702
33,76,FALSE,1.13433,1.14639
33,77,FALSE,1.10426,3.01322
33,78,FALSE,3.11066,1.09252
33,79,FALSE,3.06143,1.12924
33,82,FALSE,4.07571,1.0889
33,83,FALSE,3.06461,1.08829
33,84,FALSE,1,3.10684
33,85,TRUE,1.13427,1
33,86,TRUE,4.115,1
33,91,FALSE,1.14643,1.04038
33,92,FALSE,3.00411,1.09313
33,93,FALSE,3.1231,1.13512
33,95,FALSE,1.12441,1.03322
33,98,FALSE,5.01913,1.10369
33,99,FALSE,5.11558,2.01349
33,100,FALSE,6.12556,1.09868
33,101,FALSE,3.13584,1.00708
33,103,FALSE,5.10946,1.12613
33,104,FALSE,5.0507,1.11572
33,106,FALSE,5.01192,1.12351
33,107,FALSE,6.11329,1.05748
33,109,FALSE,4.02951,1.10554
33,110,FALSE,3.1267,1.10687
33,111,FALSE,3.09902,1.00454
33,112,FALSE,2.06534,1.00691
33,113,FALSE,3.1134,1.0258
33,114,FALSE,1.14336,1.01067
33,115,FALSE,1.11633,1.10832
33,116,FALSE,3.05454,1.00157
33,117,FALSE,1.14107,1.06888
33,118,FALSE,3.03075,1.03198
33,120,FALSE,4.08209,1.01151
33,121,FALSE,1.11356,1.00458
33,122,FALSE,1.14651,1.00555
33,123,FALSE,1.08014,1.00593
33,124,FALSE,7.13217,1.00184
33,125,FALSE,4.13947,5.02528
33,126,FALSE,5.06841,5.09517
33,127,FALSE,4.00468,1.04474
33,128,FALSE,5.06257,1.0665
33,129,FALSE,5.04806,1.14038
33,130,FALSE,5.06224,5.06799
33,131,FALSE,1.10551,1.09694
33,133,FALSE,1.14003,1.00537
33,134,FALSE,1.14679,1.02234
33,135,FALSE,1.09298,1.02326
33,136,FALSE,1.12769,1.01712
33,137,FALSE,1.0749,1.12112
33,139,FALSE,1.05645,1.06135
33,140,FALSE,1.14307,1.00832
33,141,FALSE,1.04127,1.0709
33,142,FALSE,1.0608,1.07957
33,143,FALSE,1.13821,1.00823
33,144,FALSE,1.11217,1.02247
33,145,TRUE,5.14327,1
33,146,TRUE,1,1
33,147,FALSE,1,1.0893
33,148,TRUE,1,1
33,149,TRUE,3.03604,1
33,150,FALSE,1,5.07861
33,151,TRUE,1.04134,1
33,153,FALSE,1.1348,1.12706
33,154,FALSE,5.05375,1.1136
33,155,FALSE,7.0075,1.02688
33,156,FALSE,1.13182,1.03746
33,157,FALSE,1.12508,1.00977
33,158,FALSE,3.04407,1.12223
33,159,FALSE,3.13719,1.06773
33,160,FALSE,3.01538,1.05326
33,161,FALSE,3.09986,1.0355
33,162,FALSE,4.04948,4.14703
33,164,FALSE,7.11941,1.03712
33,165,FALSE,1.14566,5.06751
33,166,FALSE,5.05316,5.13094
33,167,FALSE,1.08222,1.09141
33,168,FALSE,1,5.05011
33,169,FALSE,5.1217,5.13246
33,173,FALSE,4.04866,1.0855
33,175,FALSE,1.13579,1.09165
33,176,FALSE,1.04727,1.08045
33,177,FALSE,5.12124,1.10826
33,178,FALSE,5.1388,4.01376
33,179,FALSE,5.10616,1.14152
33,180,FALSE,5.06436,2.13744
33,181,FALSE,5.06955,3.04967
33,182,FALSE,5.07053,1.14224
33,183,FALSE,5.12882,1.11518
33,184,FALSE,7.07984,1.12628
33,185,FALSE,5.10412,1.14418
33,186,FALSE,7.12499,1.11138
33,188,FALSE,5.14169,1.00143
33,189,FALSE,6.04695,4.14001
33,190,FALSE,3.07245,1.10632
33,191,FALSE,5.00277,1.09039
33,192,FALSE,5.11381,1.09233
33,193,FALSE,5.09968,6.1312
33,194,FALSE,5.0524,1.10244
33,195,FALSE,3.0689,1.13497
33,197,FALSE,5.04843,1.01382
33,198,FALSE,5.0443,1.11774
33,199,FALSE,3.1434,3.07393
33,200,FALSE,1.11835,1.12899
33,201,FALSE,1.14217,1.07041
33,202,FALSE,7.01501,7.07643
33,203,FALSE,5.09544,4.07732
33,204,FALSE,5.06589,1.12604
33,206,FALSE,5.05629,1.00079
33,207,FALSE,3.00527,1.12319
33,208,FALSE,1.12558,1.04121
33,209,FALSE,3.13606,3.00967
33,210,FALSE,3.04645,3.0356
33,211,FALSE,3.04215,3.06057
33,212,FALSE,1.13001,1.08765
33,213,FALSE,3.0334,1.10332
33,216,FALSE,6.10161,1.1085
33,217,FALSE,4.06049,1.139
33,218,FALSE,5.06648,1.10906
33,219,FALSE,5.11752,1.12557
33,222,FALSE,3.07619,1.0999
33,225,FALSE,3.11199,4.10458
33,226,FALSE,5.063,1.09537
33,227,FALSE,7.10275,4.07505
33,229,FALSE,4.01597,3.10521
33,230,FALSE,3.06432,3.08082
33,233,FALSE,5.11259,1.00775
33,234,FALSE,5.10235,3.08905
33,235,FALSE,3.08664,3.11375
33,236,FALSE,1.111,1.1209
33,237,FALSE,1.14015,1.11837
33,242,FALSE,4.13999,1.04223
33,243,FALSE,1.09347,1.07691
33,251,FALSE,4.14199,4.09789
33,252,FALSE,3.12642,1.1358
33,253,FALSE,5.00833,1.0498
33,254,FALSE,1.0931,1.03379
33,255,FALSE,3.09,1.04995
33,256,FALSE,5.13533,1.03368
33,257,FALSE,5.10858,1.02817
33,258,FALSE,3.02343,1.08425
33,259,FALSE,1.13383,1.118
33,260,FALSE,1.04034,1.07941
33,262,FALSE,6.13578,1.00412
33,263,FALSE,1.12804,1.00154
33,264,FALSE,4.0163,1.13485
33,265,FALSE,1.12205,1.14544
33,270,FALSE,1.1396,3.05832
33,271,FALSE,3.12472,1.14193
33,272,FALSE,1.14428,1.11673
33,273,FALSE,1.11651,1.1186
33,274,FALSE,1.14412,1.09575
33,275,FALSE,1.11796,3.01674
33,280,FALSE,1.11619,1.00378
33,289,FALSE,4.14244,1.09137
33,290,FALSE,1.14165,1.11342
33,291,FALSE,1.14367,1.14435
33,292,FALSE,1.1223,1.11884
33,293,FALSE,6.04832,5.00028
33,294,FALSE,5.08241,5.00422
33,295,FALSE,6.07125,5.00245
33,296,FALSE,1.08835,5.01207
33,297,FALSE,5.10251,1.10048
33,298,FALSE,5.14035,1.02976
33,299,FALSE,4.02337,1.04343
33,300,FALSE,5.04672,1.039
33,301,FALSE,3.03725,1.01139
33,302,FALSE,5.12265,1.07988
33,303,FALSE,3.14079,1.04276
33,308,FALSE,6.12973,1.03412
33,317,FALSE,5.12621,1.00269
33,318,FALSE,6.06039,1.12306
33,319,FALSE,5.1402,1.05007
33,320,FALSE,5.01746,1.00044
33,321,FALSE,4.14048,1.00531
33,322,FALSE,3.04056,1.07144
33,323,FALSE,3.04181,1.01898
33,324,FALSE,3.12746,1.02848
33,325,FALSE,5.0801,1.01073
33,326,FALSE,3.13197,1.00463
33,328,FALSE,5.07415,1.10821
33,329,FALSE,6.02877,2.09068
33,330,FALSE,5.11327,1.08392
33,331,FALSE,3.13619,1.03434
33,332,FALSE,5.11731,1.11886
33,333,FALSE,5.07448,3.06227
33,334,FALSE,1.1245,1.12913
33,335,FALSE,5.09079,1.12639
33,336,FALSE,5.13993,1.11593
33,337,FALSE,5.11207,1.08195
33,339,FALSE,5.0488,1.05236
33,340,TRUE,1.07451,1
33,341,TRUE,5.12426,1
33,342,FALSE,1.04799,6.13092
33,343,TRUE,1,1
33,346,FALSE,3.01966,1.11462
33,347,FALSE,6.04098,1.13797
33,348,FALSE,5.07196,1.07992
33,349,FALSE,5.06299,1.00387
33,350,FALSE,4.06706,3.00056
33,351,FALSE,5.13798,1.1274
33,352,FALSE,4.04539,1.11939
33,353,FALSE,7.02439,4.04917
33,354,FALSE,5.07502,4.13016
33,355,FALSE,3.07832,1.08778
33,357,FALSE,4.02769,1.07437
33,358,FALSE,3.05547,1.05614
33,359,FALSE,3.12116,1.13086
33,361,FALSE,5.09203,1.07015
33,363,FALSE,5.0907,5.10163
33,364,FALSE,5.04482,5.04817
33,365,FALSE,3.0294,1.0505
33,366,FALSE,1.14593,1.11611
33,367,FALSE,5.11162,5.08956
33,370,FALSE,3.13295,1.10194
33,371,FALSE,3.09637,1.14615
33,372,FALSE,6.14273,1.14681
33,373,FALSE,1.11618,1.12025
33,374,FALSE,7.08724,1.02959
33,375,FALSE,1.0451,1.01474
33,376,FALSE,1.07077,1.06641
33,377,FALSE,1.1213,1.08251
33,378,FALSE,3.07258,3.1469
33,379,FALSE,1.13211,3.12262
33,380,FALSE,3.12667,4.07581
33,381,FALSE,1.12657,1.07098
33,383,FALSE,5.10489,1.02232
33,384,FALSE,5.00032,1.14122
33,385,FALSE,5.14002,1.01406
33,386,FALSE,5.13099,1.02364
33,387,FALSE,4.11175,1.02243
33,388,FALSE,1.1464,1.01213
33,389,FALSE,2.05378,1.11864
33,390,FALSE,5.08734,1.00115
33,391,FALSE,3.01284,1.05046
33,394,FALSE,5.14322,1.01242
33,395,FALSE,1.11279,5.12033
33,396,FALSE,1.1004,5.06466
33,397,FALSE,1.13834,5.06638
33,398,FALSE,3.10417,5.06855
33,403,FALSE,4.0751,1.01297
33,404,FALSE,4.11338,5.02921
33,405,FALSE,1.06995,5.13091
33,406,FALSE,1,1.02271
33,407,FALSE,3.11459,4.07344
33,408,TRUE,1.00299,1
33,412,FALSE,6.09279,5.00061
33,413,FALSE,5.08868,5.00009
33,414,FALSE,6.09113,5.00762
33,415,FALSE,3.02354,5.00173
33,416,FALSE,3.05526,3.1116
33,417,FALSE,3.03091,1.12422
33,418,FALSE,5.0342,5.04346
33,419,FALSE,3.13297,4.07236
33,420,FALSE,3.04694,3.13844
33,421,FALSE,5.06958,3.10576
33,422,FALSE,5.04266,3.00462
33,423,FALSE,3.00743,1.12384
33,425,FALSE,1.07071,1.00524
33,426,FALSE,4.04752,1.09379
33,427,FALSE,1.14264,1.10796
33,428,FALSE,3.03164,3.04804
33,429,FALSE,3.13351,3.00471
34,1,FALSE,3.14707,1.08665
34,3,FALSE,1.00199,1.00704
34,5,FALSE,7.08166,1.04417
34,6,FALSE,3.1001,1.01392
34,7,FALSE,1,1.02065
34,9,FALSE,1.14337,1.0062
34,10,FALSE,1.07424,1.07149
34,11,FALSE,1,1.12424
34,13,FALSE,1.11976,1.10768
34,17,FALSE,4.01257,1.05398
34,18,FALSE,1.03097,1.01467
34,19,TRUE,3.04265,1
34,21,FALSE,4.10714,1.06325
34,22,FALSE,1.1336,1.13095
34,25,FALSE,4.02535,1.04933
34,29,FALSE,1.14734,1.00447
34,30,FALSE,1.12336,1.05595
34,69,FALSE,4.14123,1.00453
34,70,FALSE,3.10735,3.0628
34,71,FALSE,3.06331,1.10682
34,72,FALSE,3.06086,3.02283
34,73,FALSE,3.10305,3.02646
34,74,FALSE,7.10691,3.06675
34,75,FALSE,3.11,4.0429
34,76,FALSE,3.10957,1.14162
34,77,FALSE,1.14245,3.02974
34,78,FALSE,3.08588,1.089
34,79,FALSE,3.00189,1.11832
34,82,FALSE,4.13137,1.04704
34,83,FALSE,1.04207,1.06513
34,84,FALSE,1,3.11103
34,85,TRUE,1.11372,1
34,86,TRUE,4.07528,1
34,91,FALSE,1.14561,1.05901
34,92,FALSE,3.01219,1.1012
34,93,FALSE,3.08231,1.10968
34,95,FALSE,1.14406,1.03466
34,98,FALSE,5.13033,1.05772
34,99,FALSE,5.07808,2.0797
34,100,FALSE,6.0739,1.10966
34,101,FALSE,3.13594,1.03635
34,103,FALSE,5.09904,1.11369
34,104,FALSE,5.07823,1.14395
34,106,FALSE,5.07452,1.12624
34,107,FALSE,6.02339,1.01405
34,109,FALSE,4.02728,1.12767
34,110,FALSE,3.08153,1.11625
34,111,FALSE,3.09912,1.01975
34,112,FALSE,2.09705,1.04473
34,113,FALSE,3.0762,1.07108
34,114,FALSE,1.13698,1.00367
34,115,FALSE,1.14189,1.06518
34,116,FALSE,3.11025,1.00428
34,117,FALSE,1.14076,1.06947
34,118,FALSE,3.09774,1.01761
34,120,FALSE,4.0645,1.0108
34,121,FALSE,1.13939,1.00102
34,122,FALSE,1.14182,1.00167
34,123,FALSE,1.13171,1.01252
34,124,FALSE,7.12903,1.06155
34,125,FALSE,4.06743,5.02739
34,126,FALSE,5.13023,5.06891
34,127,FALSE,4.06328,1.04574
34,128,FALSE,5.02809,1.02182
34,129,FALSE,5.0845,1.03231
34,130,FALSE,5.07361,5.14078
34,131,FALSE,1.11935,1.03948
34,133,FALSE,1.14504,1.00089
34,134,FALSE,1.11727,1.00065
34,135,FALSE,1.09899,1.11718
34,136,FALSE,1.13791,1.00303
34,137,FALSE,1.06619,1.06104
34,139,FALSE,1.14148,1.04444
34,140,FALSE,1.14324,1.07695
34,141,FALSE,1.07131,1.01332
34,142,FALSE,1.10855,1.05246
34,143,FALSE,1.13898,1.00557
34,144,FALSE,1.1412,1.12828
34,145,FALSE,1,5.01758
34,146,TRUE,1,1
34,147,FALSE,1,1.0489
34,148,TRUE,1,1
34,149,TRUE,3.04397,1
34,150,FALSE,1,5.10294
34,151,TRUE,1.07035,1
34,153,FALSE,1.14248,1.13079
34,154,FALSE,5.01227,1.10264
34,155,FALSE,7.05867,1.00784
34,156,FALSE,1.13893,1.08679
34,157,FALSE,1.13184,1.01207
34,158,FALSE,3.03077,1.06475
34,159,FALSE,3.01904,1.00633
34,160,FALSE,3.09431,1.01653
34,161,FALSE,3.02904,1.03032
34,162,FALSE,4.08821,4.09294
34,164,FALSE,7.10383,1.02067
34,165,FALSE,1.13214,5.1395
34,166,FALSE,5.12262,5.14402
34,167,FALSE,1.01805,1.02495
34,168,FALSE,1,5.0099
34,169,FALSE,5.12681,5.14117
34,173,FALSE,4.14051,1.09223
34,175,FALSE,1.04296,1.04552
34,176,FALSE,1.14139,1.00107
34,177,FALSE,5.09255,1.11661
34,178,FALSE,5.09315,4.02314
34,179,FALSE,5.12791,1.13494
34,180,FALSE,5.12724,2.11463
34,181,FALSE,5.11389,3.01878
34,182,FALSE,5.02464,1.14672
34,183,FALSE,5.10059,1.09916
34,184,FALSE,7.07349,1.13744
34,185,FALSE,5.12788,1.14559
34,186,FALSE,7.03027,1.13217
34,188,FALSE,5.12367,1.00134
34,189,FALSE,6.06154,4.10196
34,190,FALSE,3.11995,3.13189
34,191,FALSE,5.12537,1.06397
34,192,FALSE,5.01729,1.11886
34,193,FALSE,5.11333,6.11431
34,194,FALSE,5.11633,1.13133
34,195,FALSE,3.09122,1.13897
34,197,FALSE,5.10015,1.00009
34,198,FALSE,5.06977,1.08208
34,199,FALSE,5.11685,1.09035
34,200,FALSE,1.11022,1.11878
34,201,FALSE,1.13931,1.10998
34,202,FALSE,7.06087,7.04928
34,203,FALSE,5.0615,4.01426
34,204,FALSE,5.03222,1.05989
34,206,FALSE,5.02046,1.00413
34,207,FALSE,3.04293,1.1065
34,208,FALSE,1.12138,1.01808
34,209,FALSE,3.04868,3.02507
34,210,FALSE,3.10585,3.0113
34,211,FALSE,3.06601,3.0906
34,212,FALSE,1.08176,1.05832
34,213,FALSE,3.005,1.09895
34,216,FALSE,6.00877,1.10263
34,217,FALSE,4.14681,1.14333
34,218,FALSE,5.07092,1.13067
34,219,FALSE,5.00912,3.07434
34,222,FALSE,3.08399,1.11211
34,225,FALSE,3.07513,4.0074
34,226,FALSE,5.11845,1.09443
34,227,FALSE,7.0862,4.0296
34,229,FALSE,4.00321,3.1192
34,230,FALSE,3.08419,3.08608
34,233,FALSE,5.14202,1.02913
34,234,FALSE,5.08768,3.02019
34,235,FALSE,3.00386,3.13286
34,236,FALSE,1.04651,1.09059
34,237,FALSE,1.09748,1.0702
34,242,FALSE,4.10531,1.00951
34,243,FALSE,1.11562,1.1283
34,251,FALSE,4.13467,4.09462
34,252,FALSE,3.11644,1.13162
34,253,FALSE,5.00547,1.04055
34,254,FALSE,1.07585,1.00058
34,255,FALSE,3.03098,1.1103
34,256,FALSE,5.02368,1.00076
34,257,FALSE,5.07638,1.03654
34,258,FALSE,3.02421,1.04331
34,259,FALSE,1.13776,3.04393
34,260,FALSE,1.1237,1.0973
34,262,FALSE,6.05702,1.00545
34,263,FALSE,1.1467,1.029
34,264,FALSE,4.13329,1.1209
34,265,FALSE,1.14184,1.12366
34,270,FALSE,1.13367,3.08032
34,271,FALSE,3.07564,1.14721
34,272,FALSE,1.11894,1.10344
34,273,FALSE,1.11512,1.02447
34,274,FALSE,1.09905,1.06982
34,275,FALSE,1.14562,3.05205
34,280,FALSE,1.14437,1.01649
34,289,FALSE,4.07981,1.0849
34,290,FALSE,1.13919,1.12774
34,291,FALSE,1.14177,1.14539
34,292,FALSE,1.13925,1.09976
34,293,FALSE,5.14175,5.00579
34,294,FALSE,1.14578,5.00396
34,295,FALSE,6.08421,5.00082
34,296,FALSE,1.03004,5.06579
34,297,FALSE,5.12819,1.13515
34,298,FALSE,5.08186,1.01819
34,299,FALSE,4.01842,1.06587
34,300,FALSE,5.0724,1.01169
34,301,FALSE,3.07146,1.0336
34,302,FALSE,5.0365,1.09372
34,303,FALSE,3.08443,3.05211
34,308,FALSE,6.12513,1.00454
34,317,FALSE,5.00534,1.01993
34,318,FALSE,6.09088,1.08445
34,319,FALSE,5.0824,1.07327
34,320,FALSE,5.02901,1.01411
34,321,FALSE,4.07381,1.00024
34,322,FALSE,3.07994,1.03827
34,323,FALSE,3.09782,1.00031
34,324,FALSE,3.13281,1.02427
34,325,FALSE,5.12332,1.03917
34,326,FALSE,3.05126,1.03601
34,328,FALSE,5.0989,1.1009
34,329,FALSE,6.05389,2.06324
34,330,FALSE,5.14449,1.09978
34,331,FALSE,3.01247,1.05577
34,332,FALSE,5.08327,1.14646
34,333,FALSE,5.09719,3.07797
34,334,FALSE,1.14335,1.0875
34,335,FALSE,5.06379,1.09598
34,336,FALSE,5.07219,1.08536
34,337,FALSE,5.06877,1.08279
34,339,FALSE,5.04058,1.06006
34,340,TRUE,1.05836,1
34,341,TRUE,5.04182,1
34,342,FALSE,1.09442,6.02543
34,343,TRUE,1,1
34,346,FALSE,5.05598,1.09017
34,347,FALSE,6.08979,1.13858
34,348,FALSE,5.02171,1.09266
34,349,FALSE,5.00603,1.02774
34,350,FALSE,4.00078,3.00006
34,351,FALSE,5.01817,1.13918
34,352,FALSE,4.12084,1.06211
34,353,FALSE,7.09532,4.10277
34,354,FALSE,5.13227,4.13249
34,355,FALSE,3.10491,1.06187
34,357,FALSE,4.14084,1.05722
34,358,FALSE,3.03858,1.04608
34,359,FALSE,3.04108,1.11331
34,361,FALSE,5.07111,1.09894
34,363,FALSE,5.08894,5.11614
34,364,FALSE,5.06358,5.09608
34,365,FALSE,3.07812,1.00668
34,366,FALSE,1.07315,1.1052
34,367,FALSE,5.04216,5.04921
34,370,FALSE,3.14171,1.08742
34,371,FALSE,3.09446,1.14481
34,372,FALSE,6.10329,1.1472
34,373,FALSE,1.13762,1.12378
34,374,FALSE,7.10482,1.0144
34,375,FALSE,1.09029,1.01234
34,376,FALSE,1.1299,1.02574
34,377,FALSE,1.10115,1.05888
34,378,FALSE,3.1077,3.03176
34,379,FALSE,1.14619,3.1373
34,380,FALSE,3.09193,4.01767
34,381,FALSE,1.11488,1.13252
34,383,FALSE,5.14523,1.06584
34,384,FALSE,5.14009,1.1435
34,385,FALSE,5.11374,1.00269
34,386,FALSE,5.11041,1.00011
34,387,FALSE,4.09473,1.02249
34,388,FALSE,1.12185,1.00146
34,389,FALSE,2.04964,1.01584
34,390,FALSE,5.04655,1.01874
34,391,FALSE,3.14305,1.01069
34,394,FALSE,5.09766,1.01568
34,395,FALSE,1.13617,5.06663
34,396,FALSE,1.09166,5.0707
34,397,FALSE,1.08154,5.11697
34,398,FALSE,3.0942,5.13352
34,403,FALSE,4.12622,1.01997
34,404,FALSE,4.07106,5.14698
34,405,FALSE,1.11368,5.08104
34,406,FALSE,1,1.02898
34,407,FALSE,3.14073,4.12699
34,408,TRUE,1.098,1
34,412,FALSE,6.06338,5.00003
34,413,FALSE,1.14179,5.00627
34,414,FALSE,6.13985,5.04606
34,415,FALSE,3.08747,5.00756
34,416,FALSE,3.07143,3.11294
34,417,FALSE,3.14563,1.1422
34,418,FALSE,5.04143,5.0608
34,419,FALSE,5.02307,3.13178
34,420,FALSE,3.0415,3.1193
34,421,FALSE,5.00764,3.13906
34,422,FALSE,5.05634,3.07345
34,423,FALSE,3.09449,1.12953
34,425,FALSE,7.05532,1.1007
34,426,FALSE,4.08437,1.0679
34,427,FALSE,1.13587,1.06896
34,428,FALSE,3.1177,3.11339
34,429,FALSE,3.08779,3.11181
35,1,FALSE,3.04011,1.10312
35,3,FALSE,1.0137,1.05942
35,5,FALSE,7.02256,1.02997
35,6,FALSE,3.00645,1.01873
35,7,FALSE,1,1.04181
35,9,FALSE,1.07572,1.01013
35,10,FALSE,1.02115,1.02741
35,11,FALSE,1,1.07438
35,13,FALSE,1.12879,1.12833
35,17,FALSE,3.03083,1.06527
35,18,FALSE,1.09488,1.05876
35,19,TRUE,3.0437,1
35,21,FALSE,3.0151,1.09561
35,22,FALSE,1.13691,1.13174
35,25,FALSE,4.00732,1.04503
35,29,FALSE,1.13855,1.00764
35,30,FALSE,1.14481,1.06459
35,69,FALSE,4.11423,1.00008
35,70,FALSE,3.00662,3.06642
35,71,FALSE,3.08821,1.08199
35,72,FALSE,3.1441,3.02726
35,73,FALSE,3.01526,3.00112
35,74,FALSE,3.02848,3.057
35,75,FALSE,3.11714,4.0208
35,76,FALSE,3.09534,1.14209
35,77,FALSE,1.14524,3.00461
35,78,FALSE,4.11951,1.09082
35,79,FALSE,3.02152,1.12
35,82,FALSE,4.13074,1.10568
35,83,FALSE,3.06958,1.07978
35,84,FALSE,1,3.00965
35,85,TRUE,1.06655,1
35,86,TRUE,4.07428,1
35,91,FALSE,1.14532,1.0535
35,92,FALSE,1.14403,1.0925
35,93,FALSE,3.11495,1.1233
35,95,FALSE,1.14539,1.02535
35,98,FALSE,5.11721,1.06539
35,99,FALSE,5.11998,2.04112
35,100,FALSE,6.0893,1.10255
35,101,FALSE,3.10446,1.0848
35,103,FALSE,5.12349,1.13435
35,104,FALSE,5.14714,1.09391
35,106,FALSE,5.0954,1.1087
35,107,FALSE,6.03232,1.00608
35,109,FALSE,4.01921,1.1369
35,110,FALSE,3.11885,1.12663
35,111,FALSE,3.1398,1.00092
35,112,FALSE,2.05798,1.04707
35,113,FALSE,3.10994,1.04943
35,114,FALSE,1.13615,1.01217
35,115,FALSE,1.13728,1.12416
35,116,FALSE,3.05972,1.00491
35,117,FALSE,1.13067,1.04278
35,118,FALSE,3.14224,1.04059
35,120,FALSE,4.03135,1.00091
35,121,FALSE,1.14365,1.01373
35,122,FALSE,1.14674,1.0075
35,123,FALSE,1.10995,1.00693
35,124,FALSE,7.0528,1.02055
35,125,FALSE,4.03539,5.07154
35,126,FALSE,5.10425,5.0216
35,127,FALSE,4.08558,1.03201
35,128,FALSE,5.056,1.00773
35,129,FALSE,5.13819,1.12763
35,130,FALSE,5.0364,5.12507
35,131,FALSE,1.11839,1.13425
35,133,FALSE,1.14291,1.01686
35,134,FALSE,1.11851,1.00117
35,135,FALSE,1.14399,1.0239
35,136,FALSE,1.12778,1.10825
35,137,FALSE,1.12458,1.02747
35,139,FALSE,1.12824,1.07569
35,140,FALSE,1.08459,1.01918
35,141,FALSE,1.14659,1.09562
35,142,FALSE,1.04995,1.08664
35,143,FALSE,1.09785,1.01302
35,144,FALSE,1.10455,1.01097
35,145,FALSE,1,5.05192
35,146,TRUE,1,1
35,147,FALSE,1,1.12472
35,148,TRUE,1,1
35,149,TRUE,3.0143,1
35,150,FALSE,1,5.00596
35,151,TRUE,1.09362,1
35,153,FALSE,1.1372,1.12957
35,154,FALSE,5.08098,1.09213
35,155,FALSE,3.13558,1.01753
35,156,FALSE,3.01482,1.04195
35,157,FALSE,1.13363,1.01428
35,158,FALSE,3.01533,1.12534
35,159,FALSE,3.02869,1.05629
35,160,FALSE,3.14669,1.026
35,161,FALSE,3.06476,1.00738
35,162,FALSE,4.06633,4.14264
35,164,FALSE,7.11737,1.02246
35,165,FALSE,1.07625,5.07716
35,166,FALSE,5.05119,5.10329
35,167,FALSE,1.11944,1.13497
35,168,FALSE,1,5.02299
35,169,FALSE,5.06931,5.13398
35,173,FALSE,4.09789,1.06982
35,175,FALSE,1.12985,1.05388
35,176,FALSE,1.06775,1.08405
35,177,FALSE,5.09849,1.11504
35,178,FALSE,6.13983,4.03307
35,179,FALSE,5.14738,1.13934
35,180,FALSE,5.10572,2.03794
35,181,FALSE,5.05329,3.09405
35,182,FALSE,5.02782,1.13822
35,183,FALSE,5.09446,1.13313
35,184,FALSE,7.06191,1.11561
35,185,FALSE,5.13726,1.13287
35,186,FALSE,7.04025,1.1315
35,188,FALSE,5.09302,1.0003
35,189,FALSE,6.10734,4.13791
35,190,FALSE,3.13919,1.14297
35,191,FALSE,5.03869,1.09225
35,192,FALSE,5.00014,1.10731
35,193,FALSE,5.01278,6.14004
35,194,FALSE,5.11086,1.14059
35,195,FALSE,3.11882,1.12887
35,197,FALSE,5.10618,1.01642
35,198,FALSE,5.0191,1.13546
35,199,FALSE,3.13165,3.02182
35,200,FALSE,1.13807,1.14523
35,201,FALSE,1.13265,1.13102
35,202,FALSE,7.12513,7.03075
35,203,FALSE,5.0935,4.14319
35,204,FALSE,5.06181,1.11332
35,206,FALSE,5.13379,1.00642
35,207,FALSE,3.08797,1.115
35,208,FALSE,1.14585,1.09158
35,209,FALSE,3.13883,3.01771
35,210,FALSE,3.11374,3.00267
35,211,FALSE,3.06941,3.07541
35,212,FALSE,1.07264,1.07703
35,213,FALSE,3.11041,1.10048
35,216,FALSE,6.12701,1.10293
35,217,FALSE,4.04894,1.13392
35,218,FALSE,5.13795,1.12281
35,219,FALSE,5.00692,3.0524
35,222,FALSE,3.05752,1.12237
35,225,FALSE,3.07435,4.0128
35,226,FALSE,5.10387,1.10976
35,227,FALSE,7.11796,4.08007
35,229,FALSE,4.11426,3.10695
35,230,FALSE,3.0999,3.08464
35,233,FALSE,5.12409,1.00227
35,234,FALSE,5.11559,3.0046
35,235,FALSE,3.14616,3.14643
35,236,FALSE,1.09972,1.08939
35,237,FALSE,1.10426,1.03533
35,242,FALSE,4.14022,1.01793
35,243,FALSE,1.10622,1.12171
35,251,FALSE,4.07992,4.09911
35,252,FALSE,3.10785,1.13764
35,253,FALSE,5.10094,1.00126
35,254,FALSE,1.11067,1.0083
35,255,FALSE,3.14255,1.07091
35,256,FALSE,5.02596,1.05452
35,257,FALSE,5.01707,1.01451
35,258,FALSE,3.05824,1.00628
35,259,FALSE,1.13581,3.04915
35,260,FALSE,1.10236,1.02613
35,262,FALSE,6.13304,1.00024
35,263,FALSE,1.14464,1.09465
35,264,FALSE,4.09754,1.12667
35,265,FALSE,1.14148,1.12376
35,270,FALSE,1.12522,3.03447
35,271,FALSE,3.03323,1.07856
35,272,FALSE,1.14458,1.10795
35,273,FALSE,1.14001,1.11006
35,274,FALSE,1.14161,1.09322
35,275,FALSE,1.13183,3.06082
35,280,FALSE,1.1333,1.00046
35,289,FALSE,3.09142,1.06607
35,290,FALSE,1.14729,1.12932
35,291,FALSE,1.14164,1.14328
35,292,FALSE,1.13219,1.05006
35,293,FALSE,5.14482,5.01554
35,294,FALSE,5.12511,5.03013
35,295,FALSE,6.01202,5.00189
35,296,FALSE,5.01716,5.01068
35,297,FALSE,5.10982,1.07207
35,298,FALSE,5.05881,1.04893
35,299,FALSE,4.02536,1.09463
35,300,FALSE,5.02695,1.077
35,301,FALSE,3.13227,1.06433
35,302,FALSE,5.09958,1.02325
35,303,FALSE,3.10509,3.00345
35,308,FALSE,6.03208,1.01717
35,317,FALSE,5.09749,1.01246
35,318,FALSE,6.08089,1.10697
35,319,FALSE,5.12635,1.04547
35,320,FALSE,5.00635,1.03784
35,321,FALSE,4.13702,1.04264
35,322,FALSE,3.14677,1.03037
35,323,FALSE,3.10725,1.01267
35,324,FALSE,3.07516,1.03041
35,325,FALSE,5.1262,1.06164
35,326,FALSE,3.12734,1.00116
35,328,FALSE,5.1385,1.06557
35,329,FALSE,6.04311,1.14689
35,330,FALSE,5.10821,1.09012
35,331,FALSE,5.10842,1.02836
35,332,FALSE,5.08288,1.06753
35,333,FALSE,5.12248,3.06397
35,334,FALSE,1.14432,1.11833
35,335,FALSE,5.06334,1.10782
35,336,FALSE,5.01549,1.08642
35,337,FALSE,5.08985,1.09612
35,339,FALSE,5.01276,1.04211
35,340,TRUE,1.11797,1
35,341,TRUE,5.13908,1
35,342,FALSE,1.09462,6.05027
35,343,TRUE,1,1
35,346,FALSE,3.00206,1.11457
35,347,FALSE,6.08606,1.11618
35,348,FALSE,5.08167,1.12841
35,349,FALSE,5.02469,1.01263
35,350,FALSE,4.11184,1.14722
35,351,FALSE,5.07841,1.13186
35,352,FALSE,4.07404,1.12316
35,353,FALSE,7.08623,4.10019
35,354,FALSE,5.11068,4.13187
35,355,FALSE,3.14314,1.06739
35,357,FALSE,4.13813,1.05087
35,358,FALSE,3.05793,1.10372
35,359,FALSE,3.00829,1.12661
35,361,FALSE,5.13147,1.09708
35,363,FALSE,5.07127,5.10569
35,364,FALSE,5.01812,5.05203
35,365,FALSE,3.01314,1.09409
35,366,FALSE,1.05571,1.0923
35,367,FALSE,5.07544,5.10084
35,370,FALSE,3.10941,1.11239
35,371,FALSE,3.07008,1.14485
35,372,FALSE,6.11021,1.14521
35,373,FALSE,1.12022,1.12865
35,374,FALSE,7.04679,1.04452
35,375,FALSE,3.05254,1.10706
35,376,FALSE,1.06152,1.13585
35,377,FALSE,1.10364,1.05103
35,378,FALSE,3.08284,3.02181
35,379,FALSE,1.14511,3.00479
35,380,FALSE,3.02363,4.01909
35,381,FALSE,1.09103,1.10049
35,383,FALSE,5.05965,1.0673
35,384,FALSE,5.11545,1.14405
35,385,FALSE,5.13397,1.01016
35,386,FALSE,5.02966,1.04566
35,387,FALSE,4.07142,1.00149
35,388,FALSE,1.12309,1.00621
35,389,FALSE,2.08888,1.01669
35,390,FALSE,5.08038,1.00237
35,391,FALSE,3.05201,1.00194
35,394,FALSE,5.13125,1.00755
35,395,FALSE,1.11518,5.08994
35,396,FALSE,1.05847,5.14484
35,397,FALSE,1.06747,5.11336
35,398,FALSE,3.07683,5.14583
35,403,FALSE,4.08612,1.04138
35,404,FALSE,4.13979,5.01121
35,405,FALSE,1.10466,5.11286
35,406,FALSE,1.06013,1.01903
35,407,FALSE,3.04692,4.04978
35,408,TRUE,1.09018,1
35,412,FALSE,6.05046,5.00048
35,413,FALSE,5.01851,5.0102
35,414,FALSE,6.12527,5.02834
35,415,FALSE,3.01728,5.00963
35,416,FALSE,3.01754,3.08355
35,417,FALSE,3.13201,1.14315
35,418,FALSE,5.0062,5.01122
35,419,FALSE,5.1027,3.11058
35,420,FALSE,3.01773,3.09939
35,421,FALSE,5.07996,3.13347
35,422,FALSE,5.03092,3.07334
35,423,FALSE,3.1021,1.12719
35,425,FALSE,7.08506,1.01001
35,426,FALSE,4.12821,1.07419
35,427,FALSE,1.14254,1.09187
35,428,FALSE,3.1337,3.13453
35,429,FALSE,3.05132,3.12768
36,1,FALSE,3.02109,1.09897
36,3,FALSE,1.04576,1.05683
36,5,FALSE,7.13003,1.04087
36,6,FALSE,3.04816,1.04239
36,7,FALSE,1,1.00271
36,9,FALSE,1.0677,1.00942
36,10,FALSE,1.06158,1.05247
36,11,FALSE,1,1.01474
36,13,FALSE,1.14595,1.08068
36,17,FALSE,3.04531,1.06775
36,18,FALSE,1.06112,1.05506
36,19,TRUE,3.11324,1
36,21,FALSE,3.00112,1.08031
36,22,FALSE,1.14275,1.12218
36,25,FALSE,4.08587,1.02839
36,29,FALSE,1.13531,1.01187
36,30,FALSE,1.14434,1.07853
36,69,FALSE,4.13701,1.00037
36,70,FALSE,3.13278,3.016
36,71,FALSE,1.12295,1.08233
36,72,FALSE,3.11931,3.04545
36,73,FALSE,3.10686,3.01435
36,74,FALSE,3.05493,3.05674
36,75,FALSE,3.09454,4.05823
36,76,FALSE,3.12538,1.1231
36,77,FALSE,1.13021,3.01654
36,78,FALSE,4.05463,1.10001
36,79,FALSE,1.12778,1.1311
36,82,FALSE,4.08628,1.01835
36,83,FALSE,3.03005,1.1357
36,84,FALSE,1,3.02191
36,85,TRUE,1.01807,1
36,86,TRUE,4.09998,1
36,91,FALSE,1.1452,1.044
36,92,FALSE,3.10221,1.1006
36,93,FALSE,3.12437,1.12579
36,95,FALSE,1.11954,1.02044
36,98,FALSE,5.12623,1.08921
36,99,FALSE,5.13223,2.00378
36,100,FALSE,6.11945,1.09883
36,101,FALSE,3.07056,1.0599
36,103,FALSE,5.06662,1.08582
36,104,FALSE,5.12677,1.11476
36,106,FALSE,5.06035,1.02124
36,107,FALSE,6.0177,1.00344
36,109,FALSE,4.03241,1.12874
36,110,FALSE,3.12417,1.11072
36,111,FALSE,3.08359,1.00082
36,112,FALSE,2.03206,1.02941
36,113,FALSE,3.11632,1.0793
36,114,FALSE,1.13725,1.00848
36,115,FALSE,1.13579,1.06612
36,116,FALSE,3.10735,1.01424
36,117,FALSE,1.14089,1.04899
36,118,FALSE,3.057,1.01604
36,120,FALSE,4.13982,1.01151
36,121,FALSE,1.14106,1.00628
36,122,FALSE,1.14697,1.01024
36,123,FALSE,1.10552,1.01554
36,124,FALSE,7.05138,1.05426
36,125,FALSE,4.09143,5.06007
36,126,FALSE,5.1093,5.10434
36,127,FALSE,4.06645,1.02121
36,128,FALSE,5.06983,1.05909
36,129,FALSE,5.01577,1.10978
36,130,FALSE,5.0762,5.09741
36,131,FALSE,1.13061,1.03357
36,133,FALSE,1.1422,1.02094
36,134,FALSE,1.11746,1.00767
36,135,FALSE,1.13486,1.06539
36,136,FALSE,1.13307,1.01601
36,137,FALSE,1.00829,1.14513
36,139,FALSE,1.10322,1.03072
36,140,FALSE,1.13583,1.03325
36,141,FALSE,1.11048,1.11276
36,142,FALSE,1.07692,1.04206
36,143,FALSE,1.13147,1.00671
36,144,FALSE,1.07413,1.03515
36,145,FALSE,1,5.088
36,146,TRUE,1,1
36,147,TRUE,1.07452,1
36,148,TRUE,1,1
36,149,TRUE,3.03384,1
36,150,FALSE,1,5.03213
36,151,TRUE,1.02836,1
36,153,FALSE,1.14074,1.10519
36,154,FALSE,5.03849,1.07742
36,155,FALSE,7.08207,1.00296
36,156,FALSE,1.14457,1.07224
36,157,FALSE,1.13734,1.00235
36,158,FALSE,3.04694,1.11567
36,159,FALSE,3.03833,1.04829
36,160,FALSE,3.02804,1.06617
36,161,FALSE,3.0023,1.04026
36,162,FALSE,4.09025,4.06222
36,164,FALSE,7.01236,1.02728
36,165,FALSE,1.13419,5.00126
36,166,FALSE,5.06872,5.08129
36,167,FALSE,1.03123,1.07274
36,168,FALSE,1,5.13539
36,169,FALSE,5.11412,5.12445
36,173,FALSE,4.05614,1.08252
36,175,FALSE,1.0841,1.06747
36,176,FALSE,1.01805,1.02483
36,177,FALSE,5.09694,1.12172
36,178,FALSE,5.14435,4.00709
36,179,FALSE,5.13939,1.14369
36,180,FALSE,5.01581,2.04794
36,181,FALSE,5.0804,3.02383
36,182,FALSE,5.01443,1.14411
36,183,FALSE,5.09824,1.12372
36,184,FALSE,7.04994,1.13609
36,185,FALSE,5.04388,1.11051
36,186,FALSE,7.13792,1.08699
36,188,FALSE,7.13482,1.00211
36,189,FALSE,6.01978,4.1342
36,190,FALSE,3.13573,1.14648
36,191,FALSE,5.12539,1.05381
36,192,FALSE,5.00365,1.08633
36,193,FALSE,5.08774,6.13563
36,194,FALSE,5.02822,1.10854
36,195,FALSE,3.04193,1.13711
36,197,FALSE,5.1402,1.00408
36,198,FALSE,5.04132,1.11312
36,199,FALSE,5.05654,1.12458
36,200,FALSE,1.13777,1.12694
36,201,FALSE,1.1124,1.09135
36,202,FALSE,7.05027,7.0525
36,203,FALSE,5.0616,4.11355
36,204,FALSE,5.04734,1.10618
36,206,FALSE,5.03977,1.00604
36,207,FALSE,3.08193,1.11628
36,208,FALSE,1.13414,1.04369
36,209,FALSE,3.12917,3.02842
36,210,FALSE,3.06899,3.00687
36,211,FALSE,3.01526,3.12598
36,212,FALSE,1.1233,1.07736
36,213,FALSE,3.03385,1.06186
36,216,FALSE,6.14649,1.10748
36,217,FALSE,4.12422,1.1359
36,218,FALSE,5.13589,1.11153
36,219,FALSE,5.07123,1.13522
36,222,FALSE,3.02146,1.13447
36,225,FALSE,3.05198,4.0782
36,226,FALSE,5.06319,1.10394
36,227,FALSE,7.0198,4.08382
36,229,FALSE,4.10993,3.06653
36,230,FALSE,3.11199,3.04074
36,233,FALSE,5.14443,1.02255
36,234,FALSE,5.00777,3.01013
36,235,FALSE,3.00277,3.05778
36,236,FALSE,1.05311,1.00581
36,237,FALSE,1.14662,1.1391
36,242,FALSE,4.0992,1.00755
36,243,FALSE,1.12764,1.09451
36,251,FALSE,4.05419,4.0721
36,252,FALSE,3.13469,1.11571
36,253,FALSE,5.06254,1.00154
36,254,FALSE,1.13229,1.03635
36,255,FALSE,3.0784,1.06649
36,256,FALSE,5.07677,1.02721
36,257,FALSE,5.09997,1.03929
36,258,FALSE,3.04219,1.04481
36,259,FALSE,1.12703,3.12087
36,260,FALSE,1.13347,1.05292
36,262,FALSE,6.11118,1.00659
36,263,FALSE,1.14567,1.08934
36,264,FALSE,4.11617,1.13455
36,265,FALSE,1.11319,1.11623
36,270,FALSE,1.14181,3.12654
36,271,FALSE,3.06453,1.11009
36,272,FALSE,1.14446,1.11123
36,273,FALSE,1.12992,1.09939
36,274,FALSE,1.09835,1.06011
36,275,FALSE,1.14433,3.02931
36,280,FALSE,1.14397,1.02466
36,289,FALSE,4.13296,1.07211
36,290,FALSE,1.14733,1.12922
36,291,FALSE,1.14111,1.1395
36,292,FALSE,1.1295,1.10884
36,293,FALSE,6.10264,5.00078
36,294,FALSE,5.11411,5.00071
36,295,FALSE,6.11825,5.00548
36,296,FALSE,1.03693,5.01351
36,297,FALSE,5.12331,1.12105
36,298,FALSE,5.11291,1.03895
36,299,FALSE,4.00792,1.05262
36,300,FALSE,5.01331,1.01944
36,301,FALSE,3.13084,1.01155
36,302,FALSE,5.11961,1.08771
36,303,FALSE,3.07598,3.07285
36,308,FALSE,6.10389,1.01219
36,317,FALSE,3.0622,1.01521
36,318,FALSE,6.08831,1.09488
36,319,FALSE,5.0887,1.05087
36,320,FALSE,5.10245,1.04448
36,321,FALSE,4.00321,1.04624
36,322,FALSE,3.11751,1.0355
36,323,FALSE,3.08873,1.02613
36,324,FALSE,3.09845,1.00615
36,325,FALSE,5.07276,1.03215
36,326,FALSE,3.00931,1.00332
36,328,FALSE,5.13942,1.0768
36,329,FALSE,6.01125,2.08285
36,330,FALSE,5.12257,1.10216
36,331,FALSE,5.08286,1.02241
36,332,FALSE,5.12722,1.1302
36,333,FALSE,5.03634,3.12552
36,334,FALSE,1.1141,1.098
36,335,FALSE,5.01555,1.13491
36,336,FALSE,5.07147,1.06367
36,337,FALSE,5.12941,1.07509
36,339,FALSE,5.06665,1.01239
36,340,TRUE,1.10639,1
36,341,TRUE,5.0978,1
36,342,FALSE,1.14222,6.1227
36,343,TRUE,1,1
36,346,FALSE,5.01615,1.09563
36,347,FALSE,6.00147,1.12305
36,348,FALSE,5.11005,1.11546
36,349,FALSE,5.07332,1.02569
36,350,FALSE,4.05387,1.14614
36,351,FALSE,5.14272,1.13434
36,352,FALSE,4.06962,1.05582
36,353,FALSE,7.03491,4.12585
36,354,FALSE,5.11187,4.11491
36,355,FALSE,3.08117,1.04907
36,357,FALSE,3.08745,1.05109
36,358,FALSE,3.07917,1.1156
36,359,FALSE,3.10011,1.13009
36,361,FALSE,5.10542,1.07716
36,363,FALSE,5.08785,5.08953
36,364,FALSE,5.08127,5.08652
36,365,FALSE,3.04649,1.05749
36,366,FALSE,1.13001,1.10665
36,367,FALSE,5.03542,5.02647
36,370,FALSE,3.12821,1.09116
36,371,FALSE,3.12592,1.1419
36,372,FALSE,6.05234,1.14482
36,373,FALSE,1.14265,1.11704
36,374,FALSE,7.1152,1.00936
36,375,FALSE,1.0393,1.13273
36,376,FALSE,1.13628,1.13345
36,377,FALSE,1.07818,1.01645
36,378,FALSE,3.06547,3.11457
36,379,FALSE,1.09682,3.06969
36,380,FALSE,3.02079,4.03571
36,381,FALSE,1.1408,1.09803
36,383,FALSE,5.13917,1.03682
36,384,FALSE,5.13052,1.13602
36,385,FALSE,5.1385,1.00966
36,386,FALSE,5.06861,1.00897
36,387,FALSE,4.07875,1.00471
36,388,FALSE,1.09281,1.00472
36,389,FALSE,2.13082,1.03261
36,390,FALSE,2.05336,1.01323
36,391,FALSE,3.00852,1.02199
36,394,FALSE,5.10402,1.02981
36,395,FALSE,1.05682,5.11669
36,396,FALSE,1.11401,5.13873
36,397,FALSE,1.09568,5.10898
36,398,FALSE,3.0474,5.03546
36,403,FALSE,4.0919,1.08982
36,404,FALSE,4.10849,5.14573
36,405,FALSE,1.14136,5.02193
36,406,FALSE,1.07783,1.06674
36,407,FALSE,3.13662,4.03343
36,408,TRUE,1.07672,1
36,412,FALSE,6.10731,5.0007
36,413,FALSE,5.09691,5.01417
36,414,FALSE,6.03576,5.0028
36,415,FALSE,3.11087,5.00607
36,416,FALSE,3.06632,3.13505
36,417,FALSE,3.07008,1.13652
36,418,FALSE,5.04328,5.07606
36,419,FALSE,3.07382,4.0104
36,420,FALSE,3.03771,3.06822
36,421,FALSE,5.04357,3.13653
36,422,FALSE,5.13838,3.01391
36,423,FALSE,3.08731,1.1261
36,425,FALSE,7.09962,1.08915
36,426,FALSE,4.13111,1.08157
36,427,FALSE,1.14667,1.11754
36,428,FALSE,3.07841,3.05821
36,429,FALSE,3.14041,3.04218
37,1,FALSE,3.00392,1.08762
37,3,FALSE,1.04239,1.10951
37,5,FALSE,7.09796,1.03514
37,6,FALSE,3.02258,1.03942
37,7,FALSE,1,1.00696
37,9,FALSE,1.12658,1.05066
37,10,FALSE,1.01283,1.02902
37,11,FALSE,1,1.06262
37,13,FALSE,1.14148,1.12085
37,17,FALSE,3.0365,1.04585
37,18,FALSE,1.05661,1.021
37,19,TRUE,3.08083,1
37,21,FALSE,3.01969,1.0999
37,22,FALSE,1.14535,1.13203
37,25,FALSE,4.08715,1.03243
37,29,FALSE,1.14063,1.00149
37,30,FALSE,1.1451,1.04546
37,69,FALSE,4.10291,1.0011
37,70,FALSE,3.12323,3.0272
37,71,FALSE,1.1448,1.08861
37,72,FALSE,3.12537,3.07941
37,73,FALSE,3.06414,3.01225
37,74,FALSE,3.06263,3.09184
37,75,FALSE,3.14286,4.00854
37,76,FALSE,1.13687,1.12016
37,77,FALSE,1.14015,3.01017
37,78,FALSE,4.07377,1.09731
37,79,FALSE,3.10601,1.12819
37,82,FALSE,4.14479,1.0121
37,83,FALSE,3.0998,1.10568
37,84,FALSE,1,3.08081
37,85,TRUE,1.1113,1
37,86,TRUE,4.01716,1
37,91,FALSE,1.13671,1.0319
37,92,FALSE,1.14447,1.09966
37,93,FALSE,3.01219,1.12848
37,95,FALSE,1.13556,1.05663
37,98,FALSE,5.11859,1.10098
37,99,FALSE,5.03155,2.05662
37,100,FALSE,6.01566,1.10305
37,101,FALSE,3.14361,1.01107
37,103,FALSE,5.1014,1.12505
37,104,FALSE,5.10927,1.09531
37,106,FALSE,5.14074,1.13074
37,107,FALSE,6.08318,1.05448
37,109,FALSE,4.09283,1.11212
37,110,FALSE,3.06079,1.10861
37,111,FALSE,3.09764,1.01877
37,112,FALSE,2.09515,1.04527
37,113,FALSE,3.13442,1.09393
37,114,FALSE,1.14617,1.02731
37,115,FALSE,1.11832,1.04243
37,116,FALSE,3.08258,1.00703
37,117,FALSE,1.14345,1.03384
37,118,FALSE,3.08897,1.02242
37,120,FALSE,4.00452,1.00393
37,121,FALSE,1.13492,1.0022
37,122,FALSE,1.14028,1.00326
37,123,FALSE,1.12736,1.0001
37,124,FALSE,7.03251,1.05773
37,125,FALSE,4.14437,5.01119
37,126,FALSE,5.0957,5.04428
37,127,FALSE,4.09137,1.13721
37,128,FALSE,5.10447,1.07384
37,129,FALSE,5.08858,1.14265
37,130,FALSE,5.07622,5.10198
37,131,FALSE,1.09166,1.03892
37,133,FALSE,1.14123,1.00616
37,134,FALSE,1.14142,1.0072
37,135,FALSE,1.12128,1.00879
37,136,FALSE,1.13822,1.10687
37,137,FALSE,1.14475,1.13526
37,139,FALSE,1.11226,1.02241
37,140,FALSE,1.1346,1.01391
37,141,FALSE,1.08202,1.0101
37,142,FALSE,1.13882,1.02424
37,143,FALSE,1.13395,1.05843
37,144,FALSE,1.12373,1.14452
37,145,TRUE,5.11712,1
37,146,TRUE,1,1
37,147,FALSE,1,1.11117
37,148,TRUE,1,1
37,149,TRUE,3.10475,1
37,150,FALSE,1,5.01606
37,151,TRUE,1.01844,1
37,153,FALSE,1.13359,1.13421
37,154,FALSE,5.11402,1.11599
37,155,FALSE,7.11383,1.05666
37,156,FALSE,1.12912,1.07654
37,157,FALSE,1.13704,1.02659
37,158,FALSE,3.0352,1.00124
37,159,FALSE,3.11168,1.02531
37,160,FALSE,3.03486,1.03745
37,161,FALSE,3.08419,1.0574
37,162,FALSE,4.06452,4.12625
37,164,FALSE,7.05331,1.02083
37,165,FALSE,1.06758,5.12969
37,166,FALSE,5.08441,5.09043
37,167,FALSE,1.02228,1.14659
37,168,FALSE,1,5.04495
37,169,FALSE,5.08712,5.12393
37,173,FALSE,4.05824,1.0865
37,175,FALSE,1.09073,1.03085
37,176,FALSE,1.10296,1.09362
37,177,FALSE,5.14708,1.10006
37,178,FALSE,5.14238,4.06496
37,179,FALSE,5.13599,1.14715
37,180,FALSE,5.00163,2.05896
37,181,FALSE,5.10741,3.05547
37,182,FALSE,5.00107,1.13778
37,183,FALSE,5.0465,1.1344
37,184,FALSE,7.04535,1.1266
37,185,FALSE,5.146,1.13051
37,186,FALSE,7.12908,1.10081
37,188,FALSE,5.13539,1.01116
37,189,FALSE,6.11543,4.1377
37,190,FALSE,3.01197,1.14455
37,191,FALSE,5.06205,1.13153
37,192,FALSE,5.09804,1.12326
37,193,FALSE,5.14683,6.0905
37,194,FALSE,5.13004,1.07704
37,195,FALSE,3.01059,1.11825
37,197,FALSE,5.12372,1.00178
37,198,FALSE,5.04826,1.06142
37,199,FALSE,5.01144,1.12878
37,200,FALSE,1.14094,1.11227
37,201,FALSE,1.12636,1.1185
37,202,FALSE,7.03526,7.0354
37,203,FALSE,5.08485,4.10616
37,204,FALSE,5.03515,1.10546
37,206,FALSE,5.04925,1.00415
37,207,FALSE,3.1375,1.11164
37,208,FALSE,1.13233,1.10513
37,209,FALSE,3.06599,3.02272
37,210,FALSE,3.11414,3.00206
37,211,FALSE,3.01676,3.02536
37,212,FALSE,1.11922,1.07399
37,213,FALSE,3.02587,1.08131
37,216,FALSE,6.01162,1.11847
37,217,FALSE,4.08566,1.14121
37,218,FALSE,5.10862,1.11952
37,219,FALSE,5.00424,1.1363
37,222,FALSE,3.08651,1.10312
37,225,FALSE,3.11484,4.03593
37,226,FALSE,5.02585,1.07465
37,227,FALSE,7.09378,4.0567
37,229,FALSE,4.02465,3.10476
37,230,FALSE,3.11103,3.04385
37,233,FALSE,5.12458,1.00315
37,234,FALSE,5.10779,3.08329
37,235,FALSE,5.04731,3.04229
37,236,FALSE,1.12208,1.00712
37,237,FALSE,1.12384,1.07555
37,242,FALSE,4.13736,1.00878
37,243,FALSE,1.12509,1.07087
37,251,FALSE,4.07628,4.11739
37,252,FALSE,3.11388,1.14257
37,253,FALSE,5.02863,1.00527
37,254,FALSE,1.02256,1.01285
37,255,FALSE,3.14353,1.0801
37,256,FALSE,5.13255,1.0253
37,257,FALSE,5.14569,1.00709
37,258,FALSE,3.10105,1.03138
37,259,FALSE,1.13137,3.00629
37,260,FALSE,1.09818,1.08951
37,262,FALSE,6.12298,1.00458
37,263,FALSE,1.13308,1.01364
37,264,FALSE,4.00562,1.12949
37,265,FALSE,1.14394,1.14594
37,270,FALSE,1.1426,3.00511
37,271,FALSE,3.11116,1.11704
37,272,FALSE,1.13833,1.141
37,273,FALSE,1.14602,1.11559
37,274,FALSE,1.14106,1.05611
37,275,FALSE,1.09877,3.06389
37,280,FALSE,1.09415,1.00114
37,289,FALSE,4.0409,1.07067
37,290,FALSE,1.14183,1.11502
37,291,FALSE,1.14547,1.14704
37,292,FALSE,1.14344,1.06622
37,293,FALSE,6.03072,5.00556
37,294,FALSE,5.0353,5.00052
37,295,FALSE,6.11545,5.008
37,296,FALSE,1.02162,5.00762
37,297,FALSE,5.10004,1.13145
37,298,FALSE,5.12344,1.06866
37,299,FALSE,4.10107,1.09575
37,300,FALSE,5.01244,1.05393
37,301,FALSE,3.08986,1.08076
37,302,FALSE,5.12876,1.02841
37,303,FALSE,3.07967,1.04037
37,308,FALSE,6.07699,1.0218
37,317,FALSE,5.07569,1.00092
37,318,FALSE,6.02968,1.10594
37,319,FALSE,5.08115,1.06589
37,320,FALSE,5.01718,1.0216
37,321,FALSE,4.06566,1.02378
37,322,FALSE,3.09987,1.00306
37,323,FALSE,3.14012,1.02157
37,324,FALSE,3.01083,1.05028
37,325,FALSE,5.10646,1.01259
37,326,FALSE,3.00772,1.00992
37,328,FALSE,5.05102,1.07086
37,329,FALSE,6.13956,1.13391
37,330,FALSE,5.14689,1.09781
37,331,FALSE,3.02227,1.0587
37,332,FALSE,5.14545,1.11727
37,333,FALSE,5.13708,3.11664
37,334,FALSE,1.14034,1.12992
37,335,FALSE,5.09819,1.0816
37,336,FALSE,5.11974,1.00887
37,337,FALSE,5.06422,1.09127
37,339,FALSE,5.06328,1.06572
37,340,TRUE,1.02752,1
37,341,TRUE,5.14598,1
37,342,FALSE,1.11331,6.13815
37,343,TRUE,1,1
37,346,FALSE,5.13473,1.09001
37,347,FALSE,6.00266,1.13858
37,348,FALSE,5.01964,1.10498
37,349,FALSE,5.07765,1.02403
37,350,FALSE,4.03211,1.10034
37,351,FALSE,5.00435,1.13893
37,352,FALSE,4.11018,1.0035
37,353,FALSE,7.08983,4.08674
37,354,FALSE,5.06082,4.07784
37,355,FALSE,3.14428,1.07278
37,357,FALSE,4.08557,1.07009
37,358,FALSE,3.07854,1.09946
37,359,FALSE,3.03134,1.12619
37,361,FALSE,5.06715,1.08734
37,363,FALSE,5.10357,5.10685
37,364,FALSE,5.08769,5.10192
37,365,FALSE,3.09027,1.00886
37,366,FALSE,1.12963,1.11096
37,367,FALSE,5.04876,5.06862
37,370,FALSE,3.12086,1.09651
37,371,FALSE,3.12226,1.1454
37,372,FALSE,6.10411,1.14466
37,373,FALSE,1.14733,1.12989
37,374,FALSE,7.03975,1.01179
37,375,FALSE,3.03507,1.07738
37,376,FALSE,1.06103,1.1255
37,377,FALSE,1.02427,1.12864
37,378,FALSE,3.13968,3.10718
37,379,FALSE,1.12448,3.09119
37,380,FALSE,3.04216,4.08645
37,381,FALSE,1.12394,1.11004
37,383,FALSE,4.11868,1.06677
37,384,FALSE,5.12102,2.00459
37,385,FALSE,5.09957,1.00364
37,386,FALSE,5.14124,1.03828
37,387,FALSE,4.10083,1.00964
37,388,FALSE,1.13966,1.01375
37,389,FALSE,2.11911,1.12453
37,390,FALSE,5.01295,1.0167
37,391,FALSE,3.08581,1.03632
37,394,FALSE,5.09567,1.00507
37,395,FALSE,1.12522,5.11701
37,396,FALSE,1.12189,5.04319
37,397,FALSE,1.10891,5.05868
37,398,FALSE,3.05962,5.0231
37,403,FALSE,4.06886,1.10077
37,404,FALSE,4.13635,5.00979
37,405,FALSE,1.12528,5.04043
37,406,FALSE,1,1.0931
37,407,FALSE,3.07727,4.04572
37,408,TRUE,1.02385,1
37,412,FALSE,6.12909,5.00186
37,413,FALSE,5.14096,5.00382
37,414,FALSE,6.10341,5.01042
37,415,FALSE,3.13525,5.00202
37,416,FALSE,3.03377,3.04447
37,417,FALSE,3.13796,1.14495
37,418,FALSE,5.01423,5.07414
37,419,FALSE,3.14107,4.04642
37,420,FALSE,3.01336,3.12842
37,421,FALSE,5.02374,3.10154
37,422,FALSE,5.12932,3.0117
37,423,FALSE,3.04352,1.13106
37,425,FALSE,1.13343,1.01358
37,426,FALSE,4.05624,1.07948
37,427,FALSE,1.13714,1.0952
37,428,FALSE,3.10028,3.09898
37,429,FALSE,3.11263,3.13113
38,1,FALSE,3.02067,1.0909
38,3,FALSE,1.02289,1.04628
38,5,FALSE,7.04926,1.06359
38,6,FALSE,3.00716,1.13832
38,7,FALSE,1,1.0254
38,9,FALSE,1.1342,1.05973
38,10,FALSE,1.0388,1.05964
38,11,FALSE,1,1.08606
38,13,FALSE,1.14055,1.10399
38,17,FALSE,3.01493,1.03657
38,18,FALSE,1.077,1.08209
38,19,TRUE,3.01418,1
38,21,FALSE,4.0521,1.08543
38,22,FALSE,1.14582,1.14321
38,25,FALSE,4.07705,1.00999
38,29,FALSE,1.14198,1.03321
38,30,FALSE,1.116,1.09866
38,69,FALSE,4.11902,1.00637
38,70,FALSE,3.01929,3.00738
38,71,FALSE,3.04858,1.07999
38,72,FALSE,3.0897,3.04086
38,73,FALSE,3.1212,3.02941
38,74,FALSE,3.04366,3.10008
38,75,FALSE,3.11549,4.01968
38,76,FALSE,1.13041,1.14715
38,77,FALSE,1.14185,3.04218
38,78,FALSE,3.09853,1.10221
38,79,FALSE,3.07266,1.12627
38,82,FALSE,4.03075,1.12085
38,83,FALSE,3.11527,1.02049
38,84,FALSE,1,3.07519
38,85,FALSE,1,1.04663
38,86,TRUE,4.09839,1
38,91,FALSE,1.14732,1.07201
38,92,FALSE,3.13385,1.10641
38,93,FALSE,3.14639,1.11664
38,95,FALSE,1.14201,1.05994
38,98,FALSE,5.09709,1.04811
38,99,FALSE,5.09759,2.03142
38,100,FALSE,6.06204,1.13304
38,101,FALSE,3.06166,1.02868
38,103,FALSE,5.03519,1.14419
38,104,FALSE,5.0233,1.0841
38,106,FALSE,5.05811,1.13148
38,107,FALSE,6.00531,1.04887
38,109,FALSE,4.04534,1.13398
38,110,FALSE,3.09675,1.12009
38,111,FALSE,3.08655,1.01831
38,112,FALSE,2.06571,1.01453
38,113,FALSE,3.07243,1.05132
38,114,FALSE,1.13168,1.0435
38,115,FALSE,1.13812,1.02902
38,116,FALSE,3.02629,1.0325
38,117,FALSE,1.14726,1.06436
38,118,FALSE,3.1383,1.0021
38,120,FALSE,4.08487,1.00037
38,121,FALSE,1.14588,1.00163
38,122,FALSE,1.14034,1.01577
38,123,FALSE,1.1409,1.00575
38,124,FALSE,7.13096,1.0324
38,125,FALSE,4.09726,5.00369
38,126,FALSE,5.11411,5.07196
38,127,FALSE,4.10996,1.0637
38,128,FALSE,5.11138,1.07487
38,129,FALSE,5.1438,1.11446
38,130,FALSE,5.12446,5.13898
38,131,FALSE,1.10574,1.11873
38,133,FALSE,1.14548,1.00798
38,134,FALSE,1.12015,1.02002
38,135,FALSE,1.11894,1.06062
38,136,FALSE,1.13826,1.00292
38,137,TRUE,1.14067,1
38,139,FALSE,1.13539,1.06084
38,140,FALSE,1.14216,1.01889
38,141,FALSE,1.07267,1.12426
38,142,FALSE,1.1052,1.1221
38,143,FALSE,1.11686,1.01567
38,144,FALSE,6.09648,1.06577
38,145,TRUE,5.08066,1
38,146,TRUE,1,1
38,147,FALSE,1,1.07073
38,148,TRUE,1,1
38,149,TRUE,3.04046,1
38,150,FALSE,1,5.10557
38,151,TRUE,1.12076,1
38,153,FALSE,1.13964,1.13181
38,154,FALSE,5.05386,1.08522
38,155,FALSE,7.03761,1.0122
38,156,FALSE,1.14549,1.10032
38,157,FALSE,1.13814,1.00558
38,158,FALSE,3.10983,1.04777
38,159,FALSE,3.03118,1.00616
38,160,FALSE,3.12698,1.00877
38,161,FALSE,3.09217,1.02009
38,162,FALSE,4.11402,4.10715
38,164,FALSE,7.04301,1.00158
38,165,FALSE,1.14253,5.08747
38,166,FALSE,5.08259,5.109
38,167,FALSE,1.02149,1.0862
38,168,FALSE,1,5.13997
38,169,FALSE,5.05617,5.14542
38,173,FALSE,3.06322,1.07248
38,175,FALSE,1.08355,1.08467
38,176,FALSE,1.07077,1.10731
38,177,FALSE,5.14255,1.10374
38,178,FALSE,6.13396,4.00173
38,179,FALSE,5.14713,1.14151
38,180,FALSE,5.11628,2.11916
38,181,FALSE,5.09956,3.10402
38,182,FALSE,5.07239,1.14174
38,183,FALSE,5.11528,1.13411
38,184,FALSE,7.06974,1.12552
38,185,FALSE,5.09017,1.12914
38,186,FALSE,7.1392,1.07663
38,188,FALSE,7.07288,1.00053
38,189,FALSE,6.10483,4.13224
38,190,FALSE,3.05389,3.04838
38,191,FALSE,5.03706,1.08494
38,192,FALSE,5.11694,1.07025
38,193,FALSE,5.02409,6.14172
38,194,FALSE,5.12719,1.12818
38,195,FALSE,3.06676,1.14098
38,197,FALSE,5.13282,1.0003
38,198,FALSE,5.00087,1.13728
38,199,FALSE,4.03597,3.00512
38,200,FALSE,1.13929,1.13077
38,201,FALSE,1.09302,1.06502
38,202,FALSE,7.02041,7.02419
38,203,FALSE,5.12658,4.07646
38,204,FALSE,5.05436,1.13131
38,206,FALSE,5.05729,1.00162
38,207,FALSE,3.01076,1.11593
38,208,FALSE,1.10808,1.01547
38,209,FALSE,3.07392,3.01601
38,210,FALSE,3.04388,3.04026
38,211,FALSE,3.03448,3.09066
38,212,FALSE,1.12612,1.07439
38,213,FALSE,3.03975,1.11082
38,216,FALSE,6.00196,1.11552
38,217,FALSE,4.10868,1.13088
38,218,FALSE,5.02951,1.12514
38,219,FALSE,5.06085,1.14504
38,222,FALSE,3.07454,1.13996
38,225,FALSE,3.13897,4.08327
38,226,FALSE,5.07343,1.10296
38,227,FALSE,7.01659,4.13301
38,229,FALSE,4.0057,3.12293
38,230,FALSE,3.07114,3.07214
38,233,FALSE,5.14591,1.00978
38,234,FALSE,5.06126,3.04612
38,235,FALSE,3.06595,3.07779
38,236,FALSE,1.13391,1.06431
38,237,FALSE,1.08567,1.08574
38,242,FALSE,4.0528,1.01314
38,243,FALSE,1.06012,1.12637
38,251,FALSE,4.127,4.09985
38,252,FALSE,3.11662,1.12431
38,253,FALSE,5.03104,1.01369
38,254,FALSE,1.11345,1.02168
38,255,FALSE,3.10787,1.02455
38,256,FALSE,5.13572,1.00202
38,257,FALSE,5.02939,1.00533
38,258,FALSE,3.06174,1.03465
38,259,FALSE,1.14051,3.12568
38,260,FALSE,1.03296,1.06273
38,262,FALSE,6.02231,1.00267
38,263,FALSE,1.14727,1.00236
38,264,FALSE,4.0716,1.12673
38,265,FALSE,1.12569,1.11495
38,270,FALSE,1.1205,3.08947
38,271,FALSE,3.14626,1.07837
38,272,FALSE,1.11877,1.12474
38,273,FALSE,1.13402,1.13074
38,274,FALSE,1.13846,1.08856
38,275,FALSE,1.14183,3.10003
38,280,FALSE,1.11979,1.02155
38,289,FALSE,4.08886,1.04949
38,290,FALSE,1.13709,1.08005
38,291,FALSE,1.14179,1.13288
38,292,FALSE,1.14293,1.10114
38,293,FALSE,6.00803,5.01702
38,294,FALSE,5.10176,5.04259
38,295,FALSE,6.08625,5.00776
38,296,FALSE,1.05325,5.00565
38,297,FALSE,5.08733,1.08795
38,298,FALSE,5.11516,1.05708
38,299,FALSE,4.03475,1.11123
38,300,FALSE,5.07195,1.02046
38,301,FALSE,3.05896,1.09239
38,302,FALSE,5.14647,1.06715
38,303,FALSE,3.10707,1.13671
38,308,FALSE,6.1451,1.00034
38,317,FALSE,3.06569,1.05159
38,318,FALSE,6.12154,1.11016
38,319,FALSE,5.13833,1.07303
38,320,FALSE,5.05009,1.04212
38,321,FALSE,4.13338,1.01939
38,322,FALSE,3.13083,1.09929
38,323,FALSE,3.13777,1.01236
38,324,FALSE,3.11946,1.00107
38,325,FALSE,5.09283,1.05111
38,326,FALSE,3.11807,1.02024
38,328,FALSE,5.1046,1.09766
38,329,FALSE,6.03502,2.09982
38,330,FALSE,5.10817,1.12091
38,331,FALSE,5.0728,1.06867
38,332,FALSE,5.10712,1.14722
38,333,FALSE,5.13314,3.11776
38,334,FALSE,1.12413,1.09923
38,335,FALSE,5.01251,1.11564
38,336,FALSE,5.1471,1.06313
38,337,FALSE,5.13104,1.13553
38,339,FALSE,5.14491,1.08131
38,340,TRUE,1.04846,1
38,341,TRUE,5.11469,1
38,342,FALSE,1.06111,6.02942
38,343,TRUE,1,1
38,346,FALSE,5.13748,1.06573
38,347,FALSE,6.06537,1.13029
38,348,FALSE,5.00904,1.10938
38,349,FALSE,5.00537,1.02416
38,350,FALSE,4.06065,3.06814
38,351,FALSE,5.11589,1.13382
38,352,FALSE,4.03424,1.07212
38,353,FALSE,7.05715,4.06775
38,354,FALSE,5.09915,4.098
38,355,FALSE,3.11904,1.08263
38,357,FALSE,4.11472,1.05571
38,358,FALSE,3.12035,1.11336
38,359,FALSE,3.08519,1.12691
38,361,FALSE,5.03807,1.07375
38,363,FALSE,5.09279,5.0995
38,364,FALSE,5.06148,5.08379
38,365,FALSE,3.11683,1.04274
38,366,FALSE,1.09228,1.09427
38,367,FALSE,5.13954,5.02443
38,370,FALSE,3.13173,1.09927
38,371,FALSE,3.143,1.13743
38,372,FALSE,6.13071,1.14338
38,373,FALSE,1.1417,1.10901
38,374,FALSE,7.12246,1.00416
38,375,FALSE,1.0023,1.11419
38,376,FALSE,1.12921,1.03721
38,377,FALSE,1.12906,1.07052
38,378,FALSE,3.09548,3.02555
38,379,FALSE,1.05215,3.13982
38,380,FALSE,3.00449,4.07752
38,381,FALSE,1.1206,1.06658
38,383,FALSE,5.10549,1.03756
38,384,FALSE,5.06949,1.14455
38,385,FALSE,5.10589,1.00336
38,386,FALSE,5.0895,1.0077
38,387,FALSE,4.12808,1.01853
38,388,FALSE,1.14356,1.01594
38,389,FALSE,2.03378,1.00989
38,390,FALSE,5.10753,1.01368
38,391,FALSE,3.12847,1.05531
38,394,FALSE,5.08672,1.0059
38,395,FALSE,1.08578,5.01274
38,396,FALSE,1.10365,5.0007
38,397,FALSE,1.03602,5.0421
38,398,FALSE,3.13792,5.07229
38,403,FALSE,4.13604,1.00421
38,404,FALSE,4.08481,5.02971
38,405,FALSE,1.139,5.00628
38,406,FALSE,1.07537,1.03567
38,407,FALSE,3.14027,4.14458
38,408,TRUE,1.1054,1
38,412,FALSE,5.14517,5.00386
38,413,FALSE,5.08031,5.00484
38,414,FALSE,6.11606,5.01476
38,415,FALSE,3.03313,5.01112
38,416,FALSE,3.03423,3.05117
38,417,FALSE,3.04818,1.14578
38,418,FALSE,5.04231,5.04278
38,419,FALSE,3.08332,4.13134
38,420,FALSE,3.00392,3.10666
38,421,FALSE,5.01424,3.12544
38,422,FALSE,5.00035,1.14616
38,423,FALSE,3.07952,1.1354
38,425,FALSE,7.07728,1.07136
38,426,FALSE,4.14261,1.07616
38,427,FALSE,1.13849,1.08335
38,428,FALSE,3.0793,3.12487
38,429,FALSE,3.02082,3.00946
39,1,FALSE,3.03639,1.11317
39,3,FALSE,1.00529,1.0512
39,5,FALSE,7.10312,1.06659
39,6,FALSE,3.08206,1.06634
39,7,FALSE,1,1.03061
39,9,FALSE,1.08535,1.00044
39,10,FALSE,1.08714,1.06954
39,11,FALSE,1,1.05776
39,13,FALSE,1.10896,1.12012
39,17,FALSE,3.0686,1.05856
39,18,FALSE,1.06596,1.04831
39,19,TRUE,3.08679,1
39,21,FALSE,4.00191,1.0702
39,22,FALSE,1.13855,1.11946
39,25,FALSE,1.1377,1.02703
39,29,FALSE,1.14141,1.00391
39,30,FALSE,1.1195,1.04373
39,69,FALSE,4.11631,1.00541
39,70,FALSE,3.13534,3.01406
39,71,FALSE,3.02524,1.08189
39,72,FALSE,3.13349,3.04926
39,73,FALSE,3.07803,3.03914
39,74,FALSE,3.04588,3.07365
39,75,FALSE,3.14573,4.10651
39,76,FALSE,3.05497,1.13046
39,77,FALSE,1.14267,3.01046
39,78,FALSE,3.14094,1.09599
39,79,FALSE,3.02598,1.13323
39,82,FALSE,4.1197,1.05696
39,83,FALSE,3.10763,1.05424
39,84,FALSE,1,3.0854
39,85,FALSE,1,1.01699
39,86,TRUE,4.10747,1
39,91,FALSE,1.12146,1.04894
39,92,FALSE,1.13675,1.12445
39,93,FALSE,3.14675,1.10805
39,95,FALSE,1.11012,1.02629
39,98,FALSE,5.10918,1.10317
39,99,FALSE,5.12111,2.0356
39,100,FALSE,6.07414,1.10686
39,101,FALSE,3.06201,1.02091
39,103,FALSE,5.13079,1.13178
39,104,FALSE,5.05979,1.08643
39,106,FALSE,5.07033,1.03836
39,107,FALSE,6.05662,1.0082
39,109,FALSE,4.06546,1.14018
39,110,FALSE,3.13918,1.1192
39,111,FALSE,3.13537,1.03783
39,112,FALSE,2.01838,1.00351
39,113,FALSE,3.13366,1.05523
39,114,FALSE,1.13954,1.05259
39,115,FALSE,1.1327,1.06834
39,116,FALSE,3.07569,1.01867
39,117,FALSE,1.13734,1.04353
39,118,FALSE,3.08805,1.01082
39,120,FALSE,4.07427,1.00474
39,121,FALSE,1.12207,1.00143
39,122,FALSE,1.14649,1.00614
39,123,FALSE,1.07558,1.00561
39,124,FALSE,7.08656,1.05829
39,125,FALSE,4.05032,5.01404
39,126,FALSE,5.0815,5.02553
39,127,FALSE,4.05171,1.0282
39,128,FALSE,5.08799,1.0375
39,129,FALSE,5.0047,1.09908
39,130,FALSE,5.0843,5.10603
39,131,FALSE,1.13507,1.13148
39,133,FALSE,1.1472,1.01551
39,134,FALSE,1.14054,1.00641
39,135,FALSE,1.1257,1.07
39,136,FALSE,1.12937,1.04796
39,137,FALSE,1.11513,1.053
39,139,FALSE,1.12804,1.00526
39,140,FALSE,1.05996,1.00117
39,141,FALSE,1.03297,1.07942
39,142,FALSE,1.10919,1.00894
39,143,FALSE,1.14536,1.00977
39,144,FALSE,1.11896,1.00114
39,145,FALSE,1,5.04023
39,146,TRUE,1,1
39,147,FALSE,1,1.03301
39,148,TRUE,1,1
39,149,TRUE,3.01825,1
39,150,FALSE,1,5.10964
39,151,TRUE,1.11321,1
39,153,FALSE,1.1448,1.13854
39,154,FALSE,5.08489,1.0882
39,155,FALSE,7.0872,1.01848
39,156,FALSE,1.13607,1.05674
39,157,FALSE,1.14124,1.00456
39,158,FALSE,3.08111,1.0363
39,159,FALSE,3.01595,1.00033
39,160,FALSE,3.06255,1.06028
39,161,FALSE,3.09033,1.07844
39,162,FALSE,4.09447,4.05748
39,164,FALSE,7.03602,1.01
39,165,FALSE,1.13087,5.03881
39,166,FALSE,5.10351,5.14083
39,167,FALSE,1.07501,1.08585
39,168,FALSE,1,5.02119
39,169,FALSE,5.10506,5.12859
39,173,FALSE,4.08315,1.0908
39,175,FALSE,1.03778,1.04218
39,176,FALSE,1.10196,1.02334
39,177,FALSE,5.07842,1.11791
39,178,FALSE,5.11358,4.00719
39,179,FALSE,5.14597,1.14574
39,180,FALSE,5.09794,2.08915
39,181,FALSE,5.05869,3.07874
39,182,FALSE,5.10372,1.13563
39,183,FALSE,5.1321,1.13105
39,184,FALSE,7.1162,1.1232
39,185,FALSE,5.07691,1.11099
39,186,FALSE,7.13697,1.11982
39,188,FALSE,5.09089,1.0077
39,189,FALSE,6.00198,4.13139
39,190,FALSE,3.04209,1.1412
39,191,FALSE,5.1284,1.03238
39,192,FALSE,5.00161,1.1025
39,193,FALSE,5.02251,6.07004
39,194,FALSE,5.05069,1.10068
39,195,FALSE,3.04558,1.10698
39,197,FALSE,5.13779,1.00254
39,198,FALSE,5.13961,1.13715
39,199,FALSE,4.09983,1.13849
39,200,FALSE,1.13708,1.14476
39,201,FALSE,1.10965,1.11618
39,202,FALSE,7.13684,7.01582
39,203,FALSE,5.06854,4.08079
39,204,FALSE,5.13871,1.0867
39,206,FALSE,5.04813,1.01807
39,207,FALSE,3.03546,1.11091
39,208,FALSE,1.14549,1.04147
39,209,FALSE,3.09607,3.02158
39,210,FALSE,3.10329,3.02248
39,211,FALSE,3.05046,3.07593
39,212,FALSE,1.11988,1.12198
39,213,FALSE,3.11377,1.09066
39,216,FALSE,6.0624,1.10615
39,217,FALSE,4.10183,1.13512
39,218,FALSE,5.09246,1.09783
39,219,FALSE,5.0286,3.04753
39,222,FALSE,3.10374,1.09986
39,225,FALSE,3.13861,4.04678
39,226,FALSE,5.07889,1.08786
39,227,FALSE,7.13038,4.10739
39,229,FALSE,4.02017,3.08597
39,230,FALSE,3.04399,3.05054
39,233,FALSE,5.12966,1.0036
39,234,FALSE,5.07594,3.0467
39,235,FALSE,5.14214,3.01981
39,236,FALSE,1.11397,1.06056
39,237,FALSE,1.13453,1.00478
39,242,FALSE,4.10505,1.02924
39,243,FALSE,1.11746,1.13981
39,251,FALSE,4.07142,4.0707
39,252,FALSE,3.14245,1.14394
39,253,FALSE,5.02426,1.00327
39,254,FALSE,1.003,1.00384
39,255,FALSE,3.13077,1.00849
39,256,FALSE,5.14197,1.00824
39,257,FALSE,5.0979,1.00471
39,258,FALSE,3.00011,1.09231
39,259,FALSE,1.09841,3.03912
39,260,FALSE,1.1384,1.02752
39,262,FALSE,6.05294,1.00511
39,263,FALSE,1.14497,1.02993
39,264,FALSE,4.05661,1.11281
39,265,FALSE,1.12906,1.14121
39,270,FALSE,1.14143,3.00159
39,271,FALSE,3.10565,1.13555
39,272,FALSE,1.0616,1.04778
39,273,FALSE,1.13033,1.13301
39,274,FALSE,1.14542,1.05744
39,275,FALSE,1.14732,3.02493
39,280,FALSE,1.11708,1.00436
39,289,FALSE,4.02095,1.06214
39,290,FALSE,1.13626,1.12287
39,291,FALSE,1.14415,1.1428
39,292,FALSE,1.14316,1.05297
39,293,FALSE,6.14084,5.01885
39,294,FALSE,1.14131,5.01028
39,295,FALSE,6.08523,5.00046
39,296,FALSE,1.10199,5.01181
39,297,FALSE,5.13974,1.09638
39,298,FALSE,5.09932,1.05172
39,299,FALSE,4.07626,1.08723
39,300,FALSE,5.09953,1.02981
39,301,FALSE,3.14406,1.06751
39,302,FALSE,5.12357,1.00022
39,303,FALSE,3.0758,1.09309
39,308,FALSE,6.10676,1.00297
39,317,FALSE,5.09191,1.00816
39,318,FALSE,6.10293,1.10767
39,319,FALSE,5.14421,1.06461
39,320,FALSE,2.11948,1.03305
39,321,FALSE,4.13911,1.02249
39,322,FALSE,3.09504,1.06148
39,323,FALSE,3.14471,1.0145
39,324,FALSE,3.02605,1.03296
39,325,FALSE,5.09186,1.03585
39,326,FALSE,3.13968,1.00828
39,328,FALSE,5.1396,1.05203
39,329,FALSE,6.01541,2.10467
39,330,FALSE,5.1369,1.11592
39,331,FALSE,5.03416,1.06237
39,332,FALSE,5.12522,1.13782
39,333,FALSE,5.128,3.13901
39,334,FALSE,1.11582,1.12913
39,335,FALSE,5.09288,1.11224
39,336,FALSE,5.14462,1.05636
39,337,FALSE,5.14642,1.07634
39,339,FALSE,5.05812,1.07993
39,340,TRUE,1.02367,1
39,341,TRUE,5.03906,1
39,342,FALSE,1.1207,6.03219
39,343,TRUE,1,1
39,346,FALSE,3.07338,1.10522
39,347,FALSE,6.07907,1.13246
39,348,FALSE,5.10936,1.12116
39,349,FALSE,5.07577,1.01077
39,350,FALSE,4.02226,1.13893
39,351,FALSE,5.13944,1.12719
39,352,FALSE,4.03622,1.14737
39,353,FALSE,7.02036,4.07074
39,354,FALSE,5.05952,4.1442
39,355,FALSE,3.11154,1.04394
39,357,FALSE,4.1407,1.06044
39,358,FALSE,3.08687,1.08106
39,359,FALSE,3.09386,1.11225
39,361,FALSE,5.05457,1.08256
39,363,FALSE,5.0405,5.06068
39,364,FALSE,5.06868,5.08678
39,365,FALSE,3.01245,1.09656
39,366,FALSE,1.14726,1.12949
39,367,FALSE,5.09139,5.06978
39,370,FALSE,3.13182,1.11359
39,371,FALSE,3.11227,1.13777
39,372,FALSE,6.14104,1.14544
39,373,FALSE,1.14616,1.11469
39,374,FALSE,7.03249,1.00317
39,375,FALSE,1.00624,1.04234
39,376,FALSE,1.11529,1.14468
39,377,FALSE,1.049,1.11935
39,378,FALSE,3.12951,3.07029
39,379,FALSE,1.13598,3.09822
39,380,FALSE,3.13585,4.01793
39,381,FALSE,1.13422,1.09393
39,383,FALSE,5.12821,1.06926
39,384,FALSE,5.0803,2.01668
39,385,FALSE,5.09262,1.00427
39,386,FALSE,5.05255,1.00116
39,387,FALSE,4.01625,1.06365
39,388,FALSE,1.12938,1.01228
39,389,FALSE,2.01553,1.02271
39,390,FALSE,2.09395,1.02196
39,391,FALSE,3.10229,1.01061
39,394,FALSE,5.10977,1.00186
39,395,FALSE,1.13692,5.11392
39,396,FALSE,1.00092,5.06766
39,397,FALSE,1.0901,5.08304
39,398,FALSE,3.01692,5.06402
39,403,FALSE,4.04593,1.05023
39,404,FALSE,4.14202,5.11291
39,405,FALSE,1.09787,5.1271
39,406,FALSE,1,1.07378
39,407,FALSE,3.09625,4.06159
39,408,TRUE,1.11282,1
39,412,FALSE,6.11962,5.00582
39,413,FALSE,5.12544,5.0079
39,414,FALSE,6.05043,5.02213
39,415,FALSE,3.13093,5.02717
39,416,FALSE,3.00884,3.03754
39,417,FALSE,3.10541,1.1085
39,418,FALSE,5.03083,5.04052
39,419,FALSE,5.07616,3.14341
39,420,FALSE,3.08433,3.12397
39,421,FALSE,5.13894,3.1253
39,422,FALSE,5.02323,3.05048
39,423,FALSE,3.06653,1.11081
39,425,FALSE,7.0965,1.03828
39,426,FALSE,4.14705,1.08849
39,427,FALSE,1.13348,1.10333
39,428,FALSE,3.08933,3.08144
39,429,FALSE,3.10956,3.09368
40,1,FALSE,3.0138,1.07481
40,3,FALSE,1.01563,1.12474
40,5,FALSE,7.10647,1.07006
40,6,FALSE,3.03342,1.13253
40,7,FALSE,1,1.00277
40,9,FALSE,1.12733,1.03455
40,10,FALSE,1.02341,1.08043
40,11,FALSE,1,1.05537
40,13,FALSE,1.13894,1.1334
40,17,FALSE,3.03359,1.02914
40,18,FALSE,1.05835,1.05666
40,19,TRUE,3.04916,1
40,21,FALSE,4.08733,1.10546
40,22,FALSE,1.13886,1.12699
40,25,FALSE,4.01733,1.03868
40,29,FALSE,1.13867,1.02606
40,30,FALSE,1.1433,1.09675
40,69,FALSE,4.14039,1.0016
40,70,FALSE,3.0878,3.01471
40,71,FALSE,3.0514,1.11023
40,72,FALSE,3.13905,3.06618
40,73,FALSE,3.07818,3.0375
40,74,FALSE,3.03236,3.05051
40,75,FALSE,3.08887,4.00201
40,76,FALSE,3.01863,1.13194
40,77,FALSE,1.14357,3.048
40,78,FALSE,4.09735,1.09767
40,79,FALSE,3.12138,1.11377
40,82,FALSE,4.13019,1.00427
40,83,FALSE,3.12313,1.00459
40,84,FALSE,1,3.03786
40,85,FALSE,1,1.02571
40,86,TRUE,4.12935,1
40,91,FALSE,1.12578,1.03754
40,92,FALSE,1.1409,1.09922
40,93,FALSE,3.05714,1.13821
40,95,FALSE,1.13501,1.02472
40,98,FALSE,5.06076,1.04948
40,99,FALSE,5.1361,2.03927
40,100,FALSE,6.07782,1.12259
40,101,FALSE,3.12437,1.00029
40,103,FALSE,5.06868,1.14739
40,104,FALSE,5.07324,1.10007
40,106,FALSE,5.05067,1.12407
40,107,FALSE,6.10437,1.00132
40,109,FALSE,4.06075,1.11422
40,110,FALSE,3.12195,1.09474
40,111,FALSE,3.13484,1.03149
40,112,FALSE,2.03036,1.02136
40,113,FALSE,3.12606,1.07639
40,114,FALSE,1.11336,1.03291
40,115,FALSE,1.14053,1.0518
40,116,FALSE,3.05505,1.0123
40,117,FALSE,1.13843,1.05296
40,118,FALSE,3.12468,1.01602
40,120,FALSE,4.0935,1.0012
40,121,FALSE,1.14098,1.00346
40,122,FALSE,1.1448,1.00531
40,123,FALSE,1.13559,1.01294
40,124,FALSE,7.0236,1.02574
40,125,FALSE,4.02911,5.0445
40,126,FALSE,5.086,5.05829
40,127,FALSE,4.0717,1.09248
40,128,FALSE,5.05906,1.07567
40,129,FALSE,5.13444,1.13535
40,130,FALSE,5.13155,5.13349
40,131,FALSE,1.13718,1.0588
40,133,FALSE,1.1461,1.00086
40,134,FALSE,1.13213,1.00838
40,135,FALSE,1.14361,1.00076
40,136,FALSE,1.07203,1.03814
40,137,TRUE,1.09386,1
40,139,FALSE,1.13696,1.05647
40,140,FALSE,1.11779,1.03901
40,141,FALSE,1.04879,1.01803
40,142,FALSE,1.09085,1.00223
40,143,FALSE,1.1424,1.06632
40,144,FALSE,1.13645,1.01134
40,145,TRUE,5.05526,1
40,146,TRUE,1,1
40,147,FALSE,1,1.136
40,148,TRUE,1,1
40,149,TRUE,3.05613,1
40,150,FALSE,1,5.02526
40,151,TRUE,1.06441,1
40,153,FALSE,1.14338,1.14195
40,154,FALSE,5.00543,1.11694
40,155,FALSE,7.04106,1.01729
40,156,FALSE,1.12316,1.08871
40,157,FALSE,1.14743,1.00175
40,158,FALSE,3.04925,1.03672
40,159,FALSE,3.08446,1.03401
40,160,FALSE,3.00107,1.0253
40,161,FALSE,3.00334,1.0444
40,162,FALSE,4.01491,4.12741
40,164,FALSE,7.03111,1.05111
40,165,FALSE,1.14643,5.04579
40,166,FALSE,5.04777,5.09893
40,167,FALSE,1.0293,1.07053
40,168,FALSE,1,5.0774
40,169,FALSE,5.05622,5.09794
40,173,FALSE,3.13937,1.0847
40,175,FALSE,1.07774,1.0845
40,176,FALSE,1.07654,1.07214
40,177,FALSE,5.10773,1.11244
40,178,FALSE,5.13866,4.01422
40,179,FALSE,5.14272,1.14666
40,180,FALSE,5.0084,2.0916
40,181,FALSE,5.08344,3.01046
40,182,FALSE,5.02209,1.12808
40,183,FALSE,5.14463,1.12992
40,184,FALSE,7.10734,1.11912
40,185,FALSE,5.13366,1.07741
40,186,FALSE,7.0242,1.11385
40,188,FALSE,5.11174,1.00435
40,189,FALSE,6.05743,4.14429
40,190,FALSE,3.0758,1.13813
40,191,FALSE,5.06456,1.10198
40,192,FALSE,5.12094,1.12985
40,193,FALSE,5.08341,6.08817
40,194,FALSE,5.00235,1.13623
40,195,FALSE,3.06017,1.14043
40,197,FALSE,5.12021,1.00379
40,198,FALSE,5.01016,1.14138
40,199,FALSE,5.04287,1.08695
40,200,FALSE,1.13321,1.13951
40,201,FALSE,1.13172,1.12026
40,202,FALSE,7.09226,7.09519
40,203,FALSE,5.13135,4.07124
40,204,FALSE,5.09787,1.10431
40,206,FALSE,5.03852,1.00251
40,207,FALSE,3.10959,1.12922
40,208,FALSE,1.13504,1.02864
40,209,FALSE,3.09253,3.00694
40,210,FALSE,3.10513,3.00337
40,211,FALSE,3.00526,3.03014
40,212,FALSE,1.09807,1.09741
40,213,FALSE,3.0493,1.10616
40,216,FALSE,6.0757,1.10323
40,217,FALSE,4.07438,1.14424
40,218,FALSE,5.14594,1.11526
40,219,FALSE,5.13244,1.14646
40,222,FALSE,3.10947,1.12806
40,225,FALSE,3.09845,4.0517
40,226,FALSE,5.12557,1.08874
40,227,FALSE,7.03587,4.07597
40,229,FALSE,4.14241,3.11012
40,230,FALSE,3.08466,3.08573
40,233,FALSE,5.14307,1.01883
40,234,FALSE,5.03072,3.05946
40,235,FALSE,3.04917,3.06791
40,236,FALSE,1.14282,1.09057
40,237,FALSE,1.1221,1.1096
40,242,FALSE,4.12975,1.01076
40,243,FALSE,1.08741,1.08869
40,251,FALSE,4.09442,4.09999
40,252,FALSE,3.10869,1.13516
40,253,FALSE,5.1144,1.00422
40,254,FALSE,1.13962,1.00985
40,255,FALSE,3.10238,1.03893
40,256,FALSE,5.13044,1.03228
40,257,FALSE,5.0889,1.07501
40,258,FALSE,3.03305,1.06039
40,259,FALSE,1.14315,1.04939
40,260,FALSE,1.08828,1.00605
40,262,FALSE,6.12361,1.00247
40,263,FALSE,1.13486,1.0318
40,264,FALSE,4.094,1.12551
40,265,FALSE,1.13422,1.08501
40,270,FALSE,1.13024,3.02266
40,271,FALSE,3.12895,1.11087
40,272,FALSE,1.13246,1.12698
40,273,FALSE,1.12767,1.07544
40,274,FALSE,1.10713,1.07553
40,275,FALSE,1.14484,3.03203
40,280,FALSE,1.14263,1.01975
40,289,FALSE,4.02094,1.07452
40,290,FALSE,1.14456,1.08952
40,291,FALSE,1.1472,1.1403
40,292,FALSE,1.11994,1.06576
40,293,FALSE,6.13055,5.00555
40,294,FALSE,1.13993,5.00207
40,295,FALSE,6.09884,5.03026
40,296,FALSE,1.13181,5.02827
40,297,FALSE,5.07302,1.1088
40,298,FALSE,5.10849,1.00136
40,299,FALSE,4.05443,1.08662
40,300,FALSE,5.10712,1.05762
40,301,FALSE,3.09404,1.02284
40,302,FALSE,5.12973,1.06061
40,303,FALSE,3.13589,1.09511
40,308,FALSE,6.09206,1.00734
40,317,FALSE,3.01166,1.01005
40,318,FALSE,6.02645,1.10406
40,319,FALSE,5.13331,1.09051
40,320,FALSE,5.06941,1.03078
40,321,FALSE,4.01534,1.0063
40,322,FALSE,3.10873,1.06852
40,323,FALSE,3.09491,1.02026
40,324,FALSE,3.00712,1.04757
40,325,FALSE,5.12473,1.03543
40,326,FALSE,3.06979,1.01846
40,328,FALSE,5.09583,1.10654
40,329,FALSE,6.07096,1.14556
40,330,FALSE,5.14115,1.11569
40,331,FALSE,3.03646,1.0862
40,332,FALSE,5.10979,1.14344
40,333,FALSE,5.10084,3.00471
40,334,FALSE,1.12621,1.1304
40,335,FALSE,5.13938,1.08442
40,336,FALSE,5.14457,1.01523
40,337,FALSE,5.09714,1.12167
40,339,FALSE,5.07819,1.04872
40,340,TRUE,1.03116,1
40,341,TRUE,5.09952,1
40,342,FALSE,1.14522,6.0107
40,343,TRUE,1,1
40,346,FALSE,5.09497,1.09502
40,347,FALSE,6.14721,1.12478
40,348,FALSE,5.01386,1.07834
40,349,FALSE,5.09663,1.04577
40,350,FALSE,4.11701,3.03032
40,351,FALSE,5.13837,1.10402
40,352,FALSE,4.02165,1.13059
40,353,FALSE,7.06451,4.0786
40,354,FALSE,5.08005,4.12255
40,355,FALSE,3.12403,1.03397
40,357,FALSE,4.01595,1.05681
40,358,FALSE,3.01057,1.05468
40,359,FALSE,3.10025,1.11581
40,361,FALSE,5.04041,1.08832
40,363,FALSE,5.08684,5.10374
40,364,FALSE,5.04572,5.07499
40,365,FALSE,3.12913,1.05029
40,366,FALSE,1.12301,1.10534
40,367,FALSE,5.04926,5.05573
40,370,FALSE,3.14493,1.10497
40,371,FALSE,4.00722,1.12916
40,372,FALSE,6.00565,1.14299
40,373,FALSE,1.14345,1.09472
40,374,FALSE,7.09707,1.00447
40,375,FALSE,3.12581,1.12583
40,376,FALSE,1.01815,1.05178
40,377,FALSE,1.00622,1.03911
40,378,FALSE,3.05108,3.13464
40,379,FALSE,1.11637,3.03346
40,380,FALSE,3.00385,4.01694
40,381,FALSE,1.14063,1.0608
40,383,FALSE,5.04109,1.053
40,384,FALSE,5.06069,1.14395
40,385,FALSE,5.13216,1.01824
40,386,FALSE,5.14726,1.00436
40,387,FALSE,4.06829,1.01122
40,388,FALSE,1.14516,1.00338
40,389,FALSE,2.04037,1.02654
40,390,FALSE,5.02615,1.05827
40,391,FALSE,3.03926,1.02066
40,394,FALSE,5.11635,1.02433
40,395,FALSE,1.06804,5.09878
40,396,FALSE,1.04298,5.1135
40,397,FALSE,1.1449,5.02726
40,398,FALSE,3.03169,5.06423
40,403,FALSE,4.13591,1.11255
40,404,FALSE,4.07527,5.12043
40,405,FALSE,1.09931,5.04875
40,406,FALSE,1.04604,1.02592
40,407,FALSE,3.06262,4.03201
40,408,TRUE,1.0168,1
40,412,FALSE,6.07982,5.00046
40,413,FALSE,5.12022,5.02344
40,414,FALSE,6.13819,5.00665
40,415,FALSE,3.04738,5.00017
40,416,FALSE,3.00414,3.02548
40,417,FALSE,3.11154,1.14459
40,418,FALSE,5.02086,5.08322
40,419,FALSE,5.07992,3.0827
40,420,FALSE,3.02646,3.08681
40,421,FALSE,5.03108,3.13278
40,422,FALSE,5.04163,3.05441
40,423,FALSE,3.08883,1.11103
40,425,FALSE,7.10241,1.01495
40,426,FALSE,4.12384,1.07645
40,427,FALSE,1.13982,1.11148
40,428,FALSE,3.05409,3.02778
40,429,FALSE,3.10535,3.04338
41,1,FALSE,3.02834,1.07801
41,3,FALSE,1.03011,1.05209
41,5,FALSE,7.06035,1.02964
41,6,FALSE,3.00813,1.02254
41,7,FALSE,1,1.0152
41,9,FALSE,1.10258,1.00404
41,10,FALSE,1.07512,1.10973
41,11,FALSE,1,1.06874
41,13,FALSE,1.12127,1.13175
41,17,FALSE,3.13379,1.06045
41,18,FALSE,1.12004,1.04799
41,19,TRUE,3.12318,1
41,21,FALSE,3.0078,1.09919
41,22,FALSE,1.14086,1.13401
41,25,FALSE,4.02273,1.05125
41,29,FALSE,1.12872,1.0054
41,30,FALSE,1.1443,1.01939
41,69,FALSE,4.12017,1.00406
41,70,FALSE,3.05774,3.00353
41,71,FALSE,3.14536,1.11213
41,72,FALSE,3.02956,3.04229
41,73,FALSE,3.03422,3.01404
41,74,FALSE,7.09736,3.06193
41,75,FALSE,3.13196,4.02963
41,76,FALSE,3.12175,1.13547
41,77,FALSE,1.14737,3.04834
41,78,FALSE,4.11557,1.09955
41,79,FALSE,1.13744,1.12632
41,82,FALSE,4.01578,1.02144
41,83,FALSE,3.12618,1.07188
41,84,FALSE,1,3.0446
41,85,TRUE,1.09742,1
41,86,TRUE,4.06244,1
41,91,FALSE,1.1011,1.04651
41,92,FALSE,1.14508,1.09641
41,93,FALSE,3.05903,1.12388
41,95,FALSE,1.13049,1.01373
41,98,FALSE,5.00702,1.04535
41,99,FALSE,5.07611,2.053
41,100,FALSE,6.00993,1.11664
41,101,FALSE,3.05538,1.00649
41,103,FALSE,5.03058,1.14471
41,104,FALSE,5.13173,1.1155
41,106,FALSE,5.06507,1.10161
41,107,FALSE,6.05172,1.07015
41,109,FALSE,4.08673,1.1252
41,110,FALSE,3.11163,1.11831
41,111,FALSE,3.0964,1.00117
41,112,FALSE,2.14364,1.01334
41,113,FALSE,3.04338,1.07856
41,114,FALSE,1.1388,1.01862
41,115,FALSE,1.12547,1.1076
41,116,FALSE,3.10114,1.01832
41,117,FALSE,1.1294,1.02145
41,118,FALSE,3.06995,1.04529
41,120,FALSE,4.12051,1.00279
41,121,FALSE,1.13383,1.00293
41,122,FALSE,1.13996,1.00118
41,123,FALSE,1.09196,1.00521
41,124,FALSE,7.07762,1.06496
41,125,FALSE,4.12115,5.08476
41,126,FALSE,5.10957,5.02513
41,127,FALSE,4.10813,1.0021
41,128,FALSE,5.00108,1.06842
41,129,FALSE,5.13846,1.14107
41,130,FALSE,5.14134,5.14422
41,131,FALSE,1.09804,1.13405
41,133,FALSE,1.14245,1.02943
41,134,FALSE,1.13697,1.00153
41,135,FALSE,1.13244,1.08605
41,136,FALSE,1.12092,1.00475
41,137,FALSE,1.01972,1.1402
41,139,FALSE,1.14544,1.07632
41,140,FALSE,1.09943,1.06452
41,141,FALSE,1.01107,1.07544
41,142,FALSE,1.11539,1.08074
41,143,FALSE,1.11944,1.00757
41,144,FALSE,1.04925,1.12943
41,145,TRUE,5.05683,1
41,146,TRUE,1,1
41,147,FALSE,1,1.01596
41,148,TRUE,1,1
41,149,TRUE,3.09867,1
41,150,FALSE,1,5.00466
41,151,FALSE,1,1.09622
41,153,FALSE,1.14711,1.12377
41,154,FALSE,5.11702,1.10643
41,155,FALSE,3.01879,1.03952
41,156,FALSE,1.13765,1.04605
41,157,FALSE,1.13566,1.00411
41,158,FALSE,3.09385,1.05507
41,159,FALSE,3.12845,1.01974
41,160,FALSE,3.10689,1.06782
41,161,FALSE,3.02341,1.07563
41,162,FALSE,4.11249,4.08671
41,164,FALSE,7.09453,1.01804
41,165,FALSE,1.03095,5.02859
41,166,FALSE,5.07228,5.09954
41,167,FALSE,1.00525,1.02987
41,168,FALSE,1,5.03954
41,169,FALSE,5.05626,5.1311
41,173,FALSE,3.0915,1.07971
41,175,FALSE,1.0813,1.08161
41,176,FALSE,1.10748,1.04398
41,177,FALSE,5.14023,1.11047
41,178,FALSE,6.12762,4.00888
41,179,FALSE,5.1409,1.13719
41,180,FALSE,5.12958,2.07445
41,181,FALSE,5.10127,3.0326
41,182,FALSE,5.05427,1.14639
41,183,FALSE,5.10772,1.09763
41,184,FALSE,7.11925,1.12908
41,185,FALSE,5.05212,1.1383
41,186,FALSE,7.05509,1.12818
41,188,FALSE,7.0838,1.0128
41,189,FALSE,6.13372,4.11194
41,190,FALSE,3.09011,1.12094
41,191,FALSE,5.13382,1.11152
41,192,FALSE,5.09308,1.14133
41,193,FALSE,5.01554,6.08089
41,194,FALSE,5.08639,1.11393
41,195,FALSE,3.02579,1.13573
41,197,FALSE,5.11971,1.00407
41,198,FALSE,5.06726,1.1183
41,199,FALSE,4.08405,3.0519
41,200,FALSE,1.12355,1.12362
41,201,FALSE,1.14132,1.02109
41,202,FALSE,7.03524,7.07832
41,203,FALSE,5.09487,4.11038
41,204,FALSE,5.13452,1.08277
41,206,FALSE,5.06906,1.00742
41,207,FALSE,3.06319,1.13557
41,208,FALSE,1.13332,1.07529
41,209,FALSE,3.11286,3.01661
41,210,FALSE,3.05524,3.03932
41,211,FALSE,3.05182,3.09189
41,212,FALSE,1.13944,1.0768
41,213,FALSE,3.01548,1.09236
41,216,FALSE,6.0243,1.09076
41,217,FALSE,4.07112,1.13386
41,218,FALSE,5.01636,1.12567
41,219,FALSE,5.11267,3.05059
41,222,FALSE,3.0701,1.11813
41,225,FALSE,3.0528,4.07833
41,226,FALSE,5.03756,1.09471
41,227,FALSE,7.12444,4.01585
41,229,FALSE,4.04277,3.06986
41,230,FALSE,3.07905,3.08415
41,233,FALSE,5.14196,1.03575
41,234,FALSE,3.01892,3.03452
41,235,FALSE,5.047,3.0145
41,236,FALSE,1.14375,1.01281
41,237,FALSE,1.07526,1.12118
41,242,FALSE,4.09834,1.01079
41,243,FALSE,1.07304,1.05697
41,251,FALSE,4.14719,4.11313
41,252,FALSE,3.1079,1.1343
41,253,FALSE,5.08987,1.00512
41,254,FALSE,1.142,1.00109
41,255,FALSE,3.12859,1.01364
41,256,FALSE,5.02779,1.0403
41,257,FALSE,5.03296,1.0447
41,258,FALSE,3.03071,1.12106
41,259,FALSE,1.08791,3.03066
41,260,FALSE,1.08461,1.002
41,262,FALSE,6.06813,1.01209
41,263,FALSE,1.14017,1.00883
41,264,FALSE,4.07214,1.14146
41,265,FALSE,1.11519,1.11777
41,270,FALSE,1.14647,3.03612
41,271,FALSE,3.09845,1.13284
41,272,FALSE,1.13017,1.11907
41,273,FALSE,1.14739,1.07633
41,274,FALSE,1.14721,1.08737
41,275,FALSE,1.14532,3.01406
41,280,FALSE,1.09967,1.02464
41,289,FALSE,4.14722,1.06268
41,290,FALSE,1.14059,1.06072
41,291,FALSE,1.14481,1.1471
41,292,FALSE,1.12342,1.06715
41,293,FALSE,5.11451,5.01697
41,294,FALSE,5.12947,5.00367
41,295,FALSE,6.02345,5.01745
41,296,FALSE,1.06551,5.04103
41,297,FALSE,5.09921,1.1166
41,298,FALSE,5.13751,1.00356
41,299,FALSE,4.10064,1.09645
41,300,FALSE,5.0999,1.04335
41,301,FALSE,3.09126,1.02114
41,302,FALSE,5.13825,1.01506
41,303,FALSE,3.14472,1.08575
41,308,FALSE,6.1218,1.00483
41,317,FALSE,3.04019,1.03048
41,318,FALSE,6.05816,1.09893
41,319,FALSE,5.08384,1.02084
41,320,FALSE,2.13399,1.00507
41,321,FALSE,4.07703,1.02878
41,322,FALSE,3.00369,1.02071
41,323,FALSE,3.08471,1.00608
41,324,FALSE,3.13634,1.07934
41,325,FALSE,5.02356,1.03893
41,326,FALSE,3.08617,1.00321
41,328,FALSE,5.11357,1.08705
41,329,FALSE,6.05248,1.13501
41,330,FALSE,5.11356,1.10887
41,331,FALSE,5.0968,1.04087
41,332,FALSE,5.13924,1.14407
41,333,FALSE,5.13702,3.10634
41,334,FALSE,1.12189,1.11613
41,335,FALSE,5.13397,1.12555
41,336,FALSE,5.1138,1.03596
41,337,FALSE,5.09281,1.09654
41,339,FALSE,5.07469,1.01471
41,340,TRUE,1.12522,1
41,341,TRUE,5.09524,1
41,342,FALSE,1.08269,6.07663
41,343,TRUE,1,1
41,346,FALSE,5.01559,1.09186
41,347,FALSE,6.1347,1.13754
41,348,FALSE,5.02168,1.10181
41,349,FALSE,5.07842,1.02823
41,350,FALSE,4.06062,1.14435
41,351,FALSE,5.12953,1.14333
41,352,FALSE,4.05561,1.11317
41,353,FALSE,7.05278,4.11774
41,354,FALSE,5.04163,4.0782
41,355,FALSE,3.12359,1.07721
41,357,FALSE,4.13024,1.06453
41,358,FALSE,3.13258,1.07477
41,359,FALSE,3.02282,1.13801
41,361,FALSE,5.08881,1.0786
41,363,FALSE,5.05122,5.05223
41,364,FALSE,5.06588,5.07657
41,365,FALSE,3.09864,1.06616
41,366,FALSE,1.12814,1.10499
41,367,FALSE,5.10719,5.1039
41,370,FALSE,3.11007,1.11269
41,371,FALSE,3.12213,1.14109
41,372,FALSE,6.04169,1.14582
41,373,FALSE,1.1366,1.09274
41,374,FALSE,7.0056,1.01106
41,375,FALSE,3.05967,1.07695
41,376,FALSE,1.10021,1.08031
41,377,FALSE,1.07177,1.04783
41,378,FALSE,3.11034,3.12418
41,379,FALSE,1.1319,3.07313
41,380,FALSE,3.00563,4.07478
41,381,FALSE,1.13539,1.10509
41,383,FALSE,5.13301,1.08677
41,384,FALSE,5.1431,1.12724
41,385,FALSE,5.10108,1.00281
41,386,FALSE,5.13628,1.02051
41,387,FALSE,4.08825,1.01843
41,388,FALSE,1.1368,1.0287
41,389,FALSE,2.0433,1.07586
41,390,FALSE,5.06558,1.00725
41,391,FALSE,3.13102,1.0978
41,394,FALSE,5.13777,1.01552
41,395,FALSE,1.11547,5.05646
41,396,FALSE,1.03718,5.04808
41,397,FALSE,1.08725,5.13055
41,398,FALSE,3.09112,5.02855
41,403,FALSE,4.03986,1.004
41,404,FALSE,4.08395,5.07988
41,405,FALSE,1.13625,5.00879
41,406,FALSE,1.13789,1.1131
41,407,FALSE,3.01995,4.01492
41,408,TRUE,1.09839,1
41,412,FALSE,6.0209,5.00059
41,413,FALSE,5.11196,5.00517
41,414,FALSE,6.06825,5.01558
41,415,FALSE,3.08228,5.00547
41,416,FALSE,3.00736,3.01897
41,417,FALSE,3.07651,1.11778
41,418,FALSE,5.05599,5.06042
41,419,FALSE,5.08329,3.03801
41,420,FALSE,3.06691,3.12994
41,421,FALSE,5.03334,3.09665
41,422,FALSE,5.14679,3.09488
41,423,FALSE,3.01859,1.12967
41,425,FALSE,7.02408,1.07374
41,426,FALSE,4.07244,1.07915
41,427,FALSE,1.14073,1.08744
41,428,FALSE,3.0504,3.06199
41,429,FALSE,3.00414,3.05127
42,1,FALSE,3.13872,1.07826
42,3,FALSE,1.10047,1.11352
42,5,FALSE,7.08336,1.0546
42,6,FALSE,3.01945,1.00365
42,7,FALSE,1,1.01556
42,9,FALSE,1.14237,1.01526
42,10,FALSE,1.13793,1.02431
42,11,FALSE,1,1.10342
42,13,FALSE,1.14454,1.13617
42,17,FALSE,3.06792,1.05235
42,18,FALSE,1.11481,1.05561
42,19,TRUE,3.03083,1
42,21,FALSE,4.04553,1.06716
42,22,FALSE,1.12999,1.13636
42,25,FALSE,4.09194,1.07011
42,29,FALSE,1.1176,1.01111
42,30,FALSE,1.14675,1.12447
42,69,FALSE,4.12233,1.0032
42,70,FALSE,3.10435,3.0418
42,71,FALSE,3.03163,1.09154
42,72,FALSE,3.04978,3.06882
42,73,FALSE,3.03616,3.00741
42,74,FALSE,7.10176,3.06081
42,75,FALSE,3.14647,4.06672
42,76,FALSE,3.09623,1.1411
42,77,FALSE,1.12266,3.00897
42,78,FALSE,4.13016,1.10027
42,79,FALSE,3.14283,1.1216
42,82,FALSE,4.13234,1.00138
42,83,FALSE,3.05771,1.05061
42,84,FALSE,1,3.08166
42,85,TRUE,1.14119,1
42,86,TRUE,4.08338,1
42,91,FALSE,1.14411,1.05183
42,92,FALSE,1.14737,1.07837
42,93,FALSE,3.09981,1.12671
42,95,FALSE,1.14355,1.03188
42,98,FALSE,5.10425,1.04305
42,99,FALSE,5.12935,2.04875
42,100,FALSE,6.04521,1.1267
42,101,FALSE,3.13481,1.02317
42,103,FALSE,5.04944,1.14348
42,104,FALSE,5.05499,1.12171
42,106,FALSE,5.01249,1.093
42,107,FALSE,6.08881,1.00805
42,109,FALSE,4.09397,1.1193
42,110,FALSE,3.13525,1.10115
42,111,FALSE,3.1157,1.00947
42,112,FALSE,2.09716,1.03066
42,113,FALSE,3.0639,1.08538
42,114,FALSE,1.1191,1.01682
42,115,FALSE,1.12459,1.02868
42,116,FALSE,3.08767,1.00113
42,117,FALSE,1.13906,1.07026
42,118,FALSE,3.11734,1.00746
42,120,FALSE,4.02326,1.00357
42,121,FALSE,1.14461,1.0084
42,122,FALSE,1.13658,1.00463
42,123,FALSE,1.13942,1.00826
42,124,FALSE,7.12036,1.01788
42,125,FALSE,4.11783,5.02667
42,126,FALSE,5.04516,5.08901
42,127,FALSE,4.05095,1.07763
42,128,FALSE,5.06712,1.07764
42,129,FALSE,5.14004,1.10754
42,130,FALSE,5.06225,5.06692
42,131,FALSE,1.14621,1.12152
42,133,FALSE,1.14,1.02041
42,134,FALSE,1.12796,1.00428
42,135,FALSE,1.13696,1.02158
42,136,FALSE,1.12144,1.00459
42,137,FALSE,1.11454,1.0512
42,139,FALSE,1.11002,1.06663
42,140,FALSE,1.12286,1.04594
42,141,FALSE,1.10185,1.01902
42,142,FALSE,1.02495,1.02382
42,143,FALSE,1.14556,1.02049
42,144,FALSE,1.09587,4.12492
42,145,TRUE,5.06842,1
42,146,TRUE,1,1
42,147,FALSE,1,1.10698
42,148,TRUE,1,1
42,149,TRUE,3.08541,1
42,150,FALSE,1,5.03793
42,151,FALSE,1,1.13752
42,153,FALSE,1.14548,1.13413
42,154,FALSE,5.07042,1.11023
42,155,FALSE,3.08693,1.0103
42,156,FALSE,3.1236,1.06705
42,157,FALSE,1.1149,1.0211
42,158,FALSE,3.14197,1.07385
42,159,FALSE,3.01683,1.09412
42,160,FALSE,3.12556,1.03453
42,161,FALSE,3.12039,1.08613
42,162,FALSE,4.11785,4.06329
42,164,FALSE,7.01061,1.01399
42,165,FALSE,1.07547,5.13429
42,166,FALSE,5.01807,5.12701
42,167,FALSE,1.05309,1.12481
42,168,FALSE,1,5.09357
42,169,FALSE,5.06708,5.08906
42,173,FALSE,4.13682,1.09179
42,175,FALSE,1.06149,1.0436
42,176,FALSE,1.08804,1.11014
42,177,FALSE,5.13257,1.11841
42,178,FALSE,5.1259,4.00342
42,179,FALSE,5.07611,1.14504
42,180,FALSE,5.08877,2.03784
42,181,FALSE,5.13899,3.0119
42,182,FALSE,5.12172,1.1247
42,183,FALSE,5.09245,1.11265
42,184,FALSE,7.14193,1.13319
42,185,FALSE,5.07061,1.14208
42,186,FALSE,7.07964,1.11985
42,188,FALSE,7.00478,1.01116
42,189,FALSE,6.01748,4.13823
42,190,FALSE,3.11904,1.1351
42,191,FALSE,5.08168,1.07524
42,192,FALSE,5.08438,1.13542
42,193,FALSE,5.07839,6.08475
42,194,FALSE,5.14501,1.13712
42,195,FALSE,3.00489,1.09026
42,197,FALSE,5.13653,1.00779
42,198,FALSE,5.0351,1.13956
42,199,FALSE,4.09238,3.02678
42,200,FALSE,1.14473,1.13803
42,201,FALSE,1.14144,1.12321
42,202,FALSE,7.01742,7.0462
42,203,FALSE,5.14681,4.05047
42,204,FALSE,5.05575,1.09053
42,206,FALSE,5.09474,1.00021
42,207,FALSE,3.06362,1.1318
42,208,FALSE,1.12449,1.0789
42,209,FALSE,3.1211,3.03981
42,210,FALSE,3.0454,3.0353
42,211,FALSE,3.09675,3.12427
42,212,FALSE,1.10243,1.04202
42,213,FALSE,3.09763,1.06941
42,216,FALSE,6.03282,1.11288
42,217,FALSE,4.1447,1.12865
42,218,FALSE,5.04674,1.10082
42,219,FALSE,5.04456,3.06949
42,222,FALSE,3.13763,1.10612
42,225,FALSE,3.1248,4.00817
42,226,FALSE,5.12316,1.11114
42,227,FALSE,7.10067,4.06023
42,229,FALSE,4.06695,3.10266
42,230,FALSE,3.09341,3.08252
42,233,FALSE,5.13154,1.0066
42,234,FALSE,5.1051,3.00074
42,235,FALSE,3.00961,3.0733
42,236,FALSE,1.0969,1.01221
42,237,FALSE,1.00929,1.08411
42,242,FALSE,4.14224,1.02076
42,243,FALSE,1.12456,1.13506
42,251,FALSE,4.1284,4.10578
42,252,FALSE,3.10235,1.13473
42,253,FALSE,5.02306,1.03036
42,254,FALSE,1.13739,1.00765
42,255,FALSE,3.04728,1.01487
42,256,FALSE,5.03235,1.00696
42,257,FALSE,5.04482,1.01313
42,258,FALSE,3.14306,1.02886
42,259,FALSE,1.12208,3.12049
42,260,FALSE,1.09568,1.00931
42,262,FALSE,6.09718,1.01159
42,263,FALSE,1.14175,1.00192
42,264,FALSE,4.04694,1.11166
42,265,FALSE,1.14324,1.13848
42,270,FALSE,1.14403,3.06513
42,271,FALSE,3.10181,1.11552
42,272,FALSE,1.11913,1.10592
42,273,FALSE,1.14331,1.14244
42,274,FALSE,1.13631,1.02482
42,275,FALSE,1.14376,3.02384
42,280,FALSE,1.13186,1.01136
42,289,FALSE,4.08848,1.06503
42,290,FALSE,1.14129,1.11733
42,291,FALSE,1.1403,1.11527
42,292,FALSE,1.14168,1.10572
42,293,FALSE,6.12951,5.00102
42,294,FALSE,5.07685,5.00419
42,295,FALSE,6.00889,5.00434
42,296,FALSE,5.07693,5.01097
42,297,FALSE,5.1212,1.11129
42,298,FALSE,5.14494,1.05021
42,299,FALSE,4.08342,1.1026
42,300,FALSE,5.09503,1.01675
42,301,FALSE,3.14708,1.02241
42,302,FALSE,5.1368,1.12564
42,303,FALSE,3.06491,1.08436
42,308,FALSE,6.01713,1.01397
42,317,FALSE,5.0908,1.02129
42,318,FALSE,6.07627,1.10794
42,319,FALSE,5.1467,1.07201
42,320,FALSE,5.09546,1.0319
42,321,FALSE,4.01389,1.03264
42,322,FALSE,3.11794,1.04354
42,323,FALSE,3.12611,1.0377
42,324,FALSE,3.04661,1.05574
42,325,FALSE,5.03371,1.00563
42,326,FALSE,3.08876,1.05412
42,328,FALSE,5.05989,1.07861
42,329,FALSE,6.00146,2.09227
42,330,FALSE,5.14712,1.08396
42,331,FALSE,5.02454,1.05645
42,332,FALSE,5.14415,1.13467
42,333,FALSE,5.12743,3.05932
42,334,FALSE,1.1398,1.12974
42,335,FALSE,5.09489,1.10757
42,336,FALSE,5.14351,1.0566
42,337,FALSE,5.10011,1.13143
42,339,FALSE,5.12678,1.03214
42,340,TRUE,1.05298,1
42,341,TRUE,5.00364,1
42,342,FALSE,1.06709,6.01996
42,343,TRUE,1,1
42,346,FALSE,5.14222,1.09326
42,347,FALSE,6.08479,1.1289
42,348,FALSE,5.05585,1.09594
42,349,FALSE,5.13364,1.02092
42,350,FALSE,4.08822,3.09576
42,351,FALSE,5.09684,1.13974
42,352,FALSE,4.01948,1.10722
42,353,FALSE,7.10919,4.07835
42,354,FALSE,5.06591,4.1096
42,355,FALSE,3.14701,1.07253
42,357,FALSE,4.10212,1.05506
42,358,FALSE,3.07315,1.06714
42,359,FALSE,3.08763,1.11225
42,361,FALSE,5.13296,1.06568
42,363,FALSE,5.1033,5.11054
42,364,FALSE,5.06794,5.09037
42,365,FALSE,3.02742,1.00723
42,366,FALSE,1.1141,1.11949
42,367,FALSE,5.1371,5.03531
42,370,FALSE,3.13516,1.10112
42,371,FALSE,4.06367,1.1468
42,372,FALSE,6.13095,1.14648
42,373,FALSE,1.13633,1.13647
42,374,FALSE,7.11326,1.00442
42,375,FALSE,1.02305,1.09184
42,376,FALSE,1.09416,1.11478
42,377,FALSE,1.00639,1.08171
42,378,FALSE,3.12726,3.13761
42,379,FALSE,1.11982,3.10153
42,380,FALSE,3.07132,4.02976
42,381,FALSE,1.07033,1.06548
42,383,FALSE,5.13027,1.07915
42,384,FALSE,5.1385,1.13421
42,385,FALSE,5.14139,1.02001
42,386,FALSE,5.10365,1.01357
42,387,FALSE,4.10648,1.0145
42,388,FALSE,1.14363,1.01883
42,389,FALSE,2.1061,1.09149
42,390,FALSE,5.06627,1.02858
42,391,FALSE,3.02097,1.01578
42,394,FALSE,5.13928,1.02484
42,395,FALSE,1.03109,5.07515
42,396,FALSE,1.03969,5.07402
42,397,FALSE,1.09022,5.05912
42,398,FALSE,3.09847,5.14689
42,403,FALSE,4.01796,1.08771
42,404,FALSE,4.08417,5.07651
42,405,FALSE,1.02785,5.01844
42,406,FALSE,1.12636,1.09104
42,407,FALSE,3.10673,4.05526
42,408,TRUE,1.11803,1
42,412,FALSE,6.13351,5.00042
42,413,FALSE,1.13461,5.00092
42,414,FALSE,6.09815,5.01753
42,415,FALSE,3.12306,5.00955
42,416,FALSE,3.05673,3.09616
42,417,FALSE,3.12334,1.13419
42,418,FALSE,5.03026,5.10354
42,419,FALSE,5.10645,3.03996
42,420,FALSE,3.07431,3.09516
42,421,FALSE,5.01147,3.13808
42,422,FALSE,5.05618,3.12909
42,423,FALSE,3.00786,1.10292
42,425,FALSE,7.00466,1.09939
42,426,FALSE,4.06614,1.08403
42,427,FALSE,1.13885,1.06521
42,428,FALSE,3.05757,3.10444
42,429,FALSE,3.14132,3.03859
43,1,FALSE,3.10428,1.0439
43,3,FALSE,1.00215,1.01872
43,5,FALSE,7.14573,1.04178
43,6,FALSE,3.10657,1.05522
43,7,FALSE,1,1.05362
43,9,FALSE,1.14255,1.02405
43,10,FALSE,1.13821,1.01139
43,11,FALSE,1,1.09698
43,13,FALSE,1.09455,1.08675
43,17,FALSE,3.13338,1.06197
43,18,FALSE,1.09639,1.0678
43,19,TRUE,3.04279,1
43,21,FALSE,4.04035,1.08097
43,22,FALSE,1.14714,1.13352
43,25,FALSE,1.11775,1.03821
43,29,FALSE,1.1253,1.01996
43,30,FALSE,1.13814,1.10856
43,69,FALSE,4.09008,1.00046
43,70,FALSE,3.04056,3.0289
43,71,FALSE,3.06009,1.10434
43,72,FALSE,3.1127,3.02208
43,73,FALSE,3.06279,3.01854
43,74,FALSE,3.05338,3.05715
43,75,FALSE,3.12985,4.01994
43,76,FALSE,1.14174,1.14064
43,77,FALSE,1.11475,3.0064
43,78,FALSE,4.03372,1.09325
43,79,FALSE,3.1039,1.12166
43,82,FALSE,4.01814,1.08326
43,83,FALSE,3.00278,1.01722
43,84,FALSE,1,3.07632
43,85,FALSE,1,1.08058
43,86,TRUE,4.1258,1
43,91,FALSE,1.12122,1.05866
43,92,FALSE,3.08082,1.11315
43,93,FALSE,3.07777,1.12809
43,95,FALSE,1.13243,1.03523
43,98,FALSE,5.12069,1.07713
43,99,FALSE,5.14602,2.02733
43,100,FALSE,6.09277,1.11869
43,101,FALSE,3.11559,1.05253
43,103,FALSE,5.05871,1.14026
43,104,FALSE,5.14407,1.10663
43,106,FALSE,5.05154,1.12508
43,107,FALSE,6.04856,1.00271
43,109,FALSE,4.10626,1.14051
43,110,FALSE,3.07325,1.11383
43,111,FALSE,3.13623,1.01269
43,112,FALSE,2.03417,1.0257
43,113,FALSE,3.11922,1.06783
43,114,FALSE,1.13663,1.05329
43,115,FALSE,1.13492,1.06903
43,116,FALSE,3.10951,1.02949
43,117,FALSE,1.14048,1.04633
43,118,FALSE,3.10243,1.05624
43,120,FALSE,4.14353,1.01133
43,121,FALSE,1.14599,1.00266
43,122,FALSE,1.13629,1.00023
43,123,FALSE,1.1129,1.006
43,124,FALSE,7.08832,1.00184
43,125,FALSE,4.14662,5.04952
43,126,FALSE,5.14083,5.10341
43,127,FALSE,4.01755,1.0027
43,128,FALSE,5.10913,1.04336
43,129,FALSE,5.11497,1.14671
43,130,FALSE,5.07893,5.13206
43,131,FALSE,1.09819,1.06724
43,133,FALSE,1.14686,1.00699
43,134,FALSE,1.1351,1.00439
43,135,FALSE,1.12161,1.08117
43,136,FALSE,1.13415,1.01999
43,137,FALSE,1.0503,1.09102
43,139,FALSE,1.13547,1.04718
43,140,FALSE,1.14605,1.07803
43,141,FALSE,1.00645,1.12277
43,142,FALSE,1.03285,1.04383
43,143,FALSE,1.10661,1.0296
43,144,FALSE,1.11521,1.12355
43,145,TRUE,5.0206,1
43,146,TRUE,1,1
43,147,FALSE,1,1.03288
43,148,TRUE,1,1
43,149,TRUE,3.0364,1
43,150,FALSE,1,5.00496
43,151,TRUE,1.0688,1
43,153,FALSE,1.14361,1.14196
43,154,FALSE,5.14309,1.12297
43,155,FALSE,1.14195,1.0117
43,156,FALSE,1.10196,1.07889
43,157,FALSE,1.12816,1.00234
43,158,FALSE,3.06461,1.08886
43,159,FALSE,3.10143,1.08417
43,160,FALSE,3.04747,1.0538
43,161,FALSE,3.01944,1.04246
43,162,FALSE,4.13915,4.11887
43,164,FALSE,7.0654,1.0256
43,165,FALSE,1.09873,5.14
43,166,FALSE,5.06322,5.07123
43,167,FALSE,1.06366,1.09157
43,168,FALSE,1,5.09306
43,169,FALSE,5.03135,5.05444
43,173,FALSE,4.00326,1.0864
43,175,FALSE,1.03603,1.04308
43,176,FALSE,1.12865,1.01357
43,177,FALSE,5.14018,1.11339
43,178,FALSE,6.01815,4.00604
43,179,FALSE,5.14333,1.14108
43,180,FALSE,5.01972,2.05372
43,181,FALSE,5.04528,3.05747
43,182,FALSE,5.03928,1.14219
43,183,FALSE,5.11069,1.11579
43,184,FALSE,7.05539,1.14241
43,185,FALSE,5.09091,1.14204
43,186,FALSE,7.00841,1.11636
43,188,FALSE,5.11258,1.00256
43,189,FALSE,6.13482,4.14114
43,190,FALSE,3.01838,1.14282
43,191,FALSE,5.09043,1.10194
43,192,FALSE,5.06836,1.11874
43,193,FALSE,5.05134,6.07076
43,194,FALSE,5.13303,1.1254
43,195,FALSE,3.08261,1.12156
43,197,FALSE,5.11776,1.00317
43,198,FALSE,5.12622,1.14335
43,199,FALSE,4.08961,3.00187
43,200,FALSE,1.13819,1.14199
43,201,FALSE,1.13916,1.12683
43,202,FALSE,7.07349,7.08698
43,203,FALSE,5.11127,4.08061
43,204,FALSE,5.0042,1.08331
43,206,FALSE,5.10791,1.0013
43,207,FALSE,3.02636,1.12759
43,208,FALSE,1.14459,1.07511
43,209,FALSE,3.03445,3.02793
43,210,FALSE,3.09119,3.04157
43,211,FALSE,3.00827,3.13782
43,212,FALSE,1.14644,1.03473
43,213,FALSE,3.09518,1.08718
43,216,FALSE,6.08475,1.10185
43,217,FALSE,4.0062,1.12817
43,218,FALSE,5.03095,1.11009
43,219,FALSE,5.07834,1.14551
43,222,FALSE,3.14234,1.08912
43,225,FALSE,3.13533,4.02138
43,226,FALSE,5.11608,1.09477
43,227,FALSE,7.04094,4.02862
43,229,FALSE,4.10919,3.07259
43,230,FALSE,4.05297,3.06578
43,233,FALSE,5.11605,1.01812
43,234,FALSE,5.05208,3.02379
43,235,FALSE,3.01471,3.02877
43,236,FALSE,1.13085,1.01654
43,237,FALSE,1.0736,1.07971
43,242,FALSE,4.11051,1.00345
43,243,FALSE,1.11063,1.06348
43,251,FALSE,4.13387,4.11385
43,252,FALSE,3.12205,1.14431
43,253,FALSE,5.09865,1.01735
43,254,FALSE,1.01041,1.00098
43,255,FALSE,3.11149,1.09074
43,256,FALSE,5.00264,1.06603
43,257,FALSE,5.14067,1.02229
43,258,FALSE,3.12863,1.06173
43,259,FALSE,1.11092,3.09836
43,260,FALSE,1.11936,1.00376
43,262,FALSE,6.02663,1.00259
43,263,FALSE,1.13887,1.04399
43,264,FALSE,4.04355,1.13135
43,265,FALSE,1.14021,1.14316
43,270,FALSE,1.13364,3.04711
43,271,FALSE,3.14116,1.11999
43,272,FALSE,1.13294,1.09338
43,273,FALSE,1.14313,1.12653
43,274,FALSE,1.10056,1.10917
43,275,FALSE,1.13049,3.00367
43,280,FALSE,1.12179,1.00415
43,289,FALSE,4.13572,1.07606
43,290,FALSE,1.14713,1.13348
43,291,FALSE,1.14284,1.13807
43,292,FALSE,1.1446,1.0555
43,293,FALSE,5.13516,5.00015
43,294,FALSE,5.12352,5.03336
43,295,FALSE,6.09276,5.01892
43,296,FALSE,1.1153,5.04001
43,297,FALSE,5.06063,1.12139
43,298,FALSE,5.14229,1.01614
43,299,FALSE,4.00178,1.03471
43,300,FALSE,5.07575,1.11452
43,301,FALSE,3.12474,1.06074
43,302,FALSE,5.09989,1.06967
43,303,FALSE,3.11528,1.09411
43,308,FALSE,6.14273,1.00932
43,317,FALSE,5.01119,1.00488
43,318,FALSE,6.09756,1.09548
43,319,FALSE,5.03869,1.04959
43,320,FALSE,2.021,1.04899
43,321,FALSE,4.04858,1.04641
43,322,FALSE,3.11832,1.01688
43,323,FALSE,3.05739,1.00248
43,324,FALSE,3.08582,1.00232
43,325,FALSE,5.08672,1.08605
43,326,FALSE,3.09382,1.02627
43,328,FALSE,5.11859,1.05644
43,329,FALSE,6.10239,1.12694
43,330,FALSE,5.11233,1.08309
43,331,FALSE,3.14302,1.07235
43,332,FALSE,5.02737,1.14438
43,333,FALSE,5.13645,3.11174
43,334,FALSE,1.12957,1.09607
43,335,FALSE,5.06593,1.11857
43,336,FALSE,5.08947,1.09905
43,337,FALSE,5.08132,1.083
43,339,FALSE,5.00566,1.00582
43,340,TRUE,1.04773,1
43,341,TRUE,5.00831,1
43,342,FALSE,1.08577,6.09269
43,343,TRUE,1,1
43,346,FALSE,3.1246,1.10779
43,347,FALSE,6.01404,1.12797
43,348,FALSE,5.00454,1.09229
43,349,FALSE,5.09203,1.00293
43,350,FALSE,4.07555,1.13493
43,351,FALSE,5.11715,1.14389
43,352,FALSE,4.00136,1.09527
43,353,FALSE,7.10886,4.1105
43,354,FALSE,5.0633,4.07514
43,355,FALSE,3.10092,1.04812
43,357,FALSE,4.10537,1.0476
43,358,FALSE,3.13686,1.07854
43,359,FALSE,3.03782,1.12307
43,361,FALSE,5.05184,1.06857
43,363,FALSE,5.01856,5.0737
43,364,FALSE,5.12714,5.13486
43,365,FALSE,3.1219,1.02083
43,366,FALSE,1.12924,1.13187
43,367,FALSE,5.11012,5.06964
43,370,FALSE,3.13735,1.1182
43,371,FALSE,3.12356,1.14578
43,372,FALSE,6.02781,1.14729
43,373,FALSE,1.13792,1.12773
43,374,FALSE,7.12347,1.01236
43,375,FALSE,1.06977,1.02305
43,376,FALSE,1.13918,1.10032
43,377,FALSE,1.11056,1.10785
43,378,FALSE,3.08636,3.08165
43,379,FALSE,1.13199,3.0255
43,380,FALSE,3.10449,4.11064
43,381,FALSE,1.14651,1.13132
43,383,FALSE,5.14501,1.05648
43,384,FALSE,5.12843,1.13027
43,385,FALSE,5.11415,1.00487
43,386,FALSE,5.05415,1.07724
43,387,FALSE,4.14512,1.0229
43,388,FALSE,1.04206,1.00254
43,389,FALSE,2.06427,1.00806
43,390,FALSE,5.08799,1.0387
43,391,FALSE,3.00085,1.04085
43,394,FALSE,5.12385,1.01253
43,395,FALSE,1.0481,5.13091
43,396,FALSE,1.08828,5.09884
43,397,FALSE,1.13104,5.11032
43,398,FALSE,3.01035,5.11822
43,403,FALSE,4.12369,1.04694
43,404,FALSE,4.09028,5.02846
43,405,FALSE,1.12486,5.11732
43,406,FALSE,1,1.00959
43,407,FALSE,3.02255,4.11639
43,408,TRUE,1.10124,1
43,412,FALSE,6.09532,5.00067
43,413,FALSE,5.1444,5.00229
43,414,FALSE,6.13261,5.01124
43,415,FALSE,3.13026,5.00161
43,416,FALSE,3.03721,3.10148
43,417,FALSE,3.12709,1.13801
43,418,FALSE,5.06837,5.08091
43,419,FALSE,5.10954,3.14377
43,420,FALSE,3.0384,3.14118
43,421,FALSE,5.03416,3.1361
43,422,FALSE,5.09323,1.13893
43,423,FALSE,3.12877,1.1163
43,425,FALSE,7.10338,1.07347
43,426,FALSE,4.09764,1.09494
43,427,FALSE,1.14103,1.06474
43,428,FALSE,3.06076,3.06259
43,429,FALSE,3.1459,3.06994
44,1,FALSE,3.13402,1.08837
44,3,FALSE,1.01513,1.12353
44,5,FALSE,7.01184,1.03169
44,6,FALSE,3.08917,1.07508
44,7,FALSE,1,1.01867
44,9,FALSE,1.1437,1.0105
44,10,FALSE,1.02643,1.0362
44,11,FALSE,1,1.08443
44,13,FALSE,1.1156,1.12722
44,17,FALSE,3.13921,1.06757
44,18,FALSE,1.0729,1.06805
44,19,TRUE,3.10359,1
44,21,FALSE,3.09406,1.08501
44,22,FALSE,1.14407,1.1319
44,25,FALSE,4.05221,1.00418
44,29,FALSE,1.11906,1.00468
44,30,FALSE,1.09916,1.0684
44,69,FALSE,4.09049,1.0023
44,70,FALSE,3.11721,3.02638
44,71,FALSE,3.09283,1.09227
44,72,FALSE,3.04878,3.05834
44,73,FALSE,3.02663,3.02475
44,74,FALSE,7.097,3.04027
44,75,FALSE,3.07929,4.09502
44,76,FALSE,3.02153,1.09004
44,77,FALSE,1.14227,3.00435
44,78,FALSE,4.14491,1.09968
44,79,FALSE,3.10715,1.13546
44,82,FALSE,4.06989,1.03726
44,83,FALSE,3.0886,1.13924
44,84,FALSE,1,3.01805
44,85,TRUE,1.03115,1
44,86,TRUE,4.02105,1
44,91,FALSE,1.11781,1.04755
44,92,FALSE,3.11413,1.10315
44,93,FALSE,3.10457,1.13029
44,95,FALSE,1.13374,1.05128
44,98,FALSE,5.14241,1.0797
44,99,FALSE,5.12642,2.02729
44,100,FALSE,6.07372,1.13574
44,101,FALSE,3.06545,1.06284
44,103,FALSE,5.13617,1.11857
44,104,FALSE,5.08399,1.09182
44,106,FALSE,5.10259,1.08225
44,107,FALSE,6.01911,1.00085
44,109,FALSE,4.07566,1.10533
44,110,FALSE,3.04666,1.09485
44,111,FALSE,3.14562,1.01487
44,112,FALSE,2.12379,1.01862
44,113,FALSE,3.02829,1.075
44,114,FALSE,1.14389,1.01893
44,115,FALSE,1.14722,1.03436
44,116,FALSE,3.04205,1.04192
44,117,FALSE,1.14251,1.03153
44,118,FALSE,3.08581,1.00661
44,120,FALSE,4.1275,1.00645
44,121,FALSE,1.11024,1.00316
44,122,FALSE,1.14067,1.00033
44,123,FALSE,1.1178,1.0058
44,124,FALSE,7.08781,1.00381
44,125,FALSE,4.10659,5.07301
44,126,FALSE,5.03168,5.09162
44,127,FALSE,4.14494,1.11269
44,128,FALSE,5.03733,1.03254
44,129,FALSE,5.07645,1.09609
44,130,FALSE,5.06486,5.08756
44,131,FALSE,1.12548,1.13828
44,133,FALSE,1.14436,1.00534
44,134,FALSE,1.11939,1.00022
44,135,FALSE,1.12788,1.05453
44,136,FALSE,1.14595,1.02431
44,137,FALSE,1.09792,1.06763
44,139,FALSE,1.10744,1.03958
44,140,FALSE,1.12538,1.00659
44,141,FALSE,1.05677,1.00497
44,142,FALSE,1.1278,1.05543
44,143,FALSE,1.12696,1.14451
44,144,FALSE,1.03605,1.08918
44,145,FALSE,1,5.02376
44,146,TRUE,1,1
44,147,FALSE,1,1.10529
44,148,TRUE,1,1
44,149,TRUE,3.10217,1
44,150,FALSE,1,5.07592
44,151,FALSE,1,1.07938
44,153,FALSE,1.13529,1.12745
44,154,FALSE,5.05202,1.094
44,155,FALSE,7.07435,1.00107
44,156,FALSE,3.0055,1.03943
44,157,FALSE,1.06615,1.00376
44,158,FALSE,3.07183,1.02158
44,159,FALSE,3.10993,1.05541
44,160,FALSE,3.08342,1.03059
44,161,FALSE,3.05501,1.01025
44,162,FALSE,4.12337,4.13246
44,164,FALSE,7.10687,1.02294
44,165,FALSE,1.1141,5.01875
44,166,FALSE,5.07287,5.12
44,167,FALSE,1.02357,1.08124
44,168,FALSE,1,5.04626
44,169,FALSE,5.07101,5.10552
44,173,FALSE,4.04779,1.08547
44,175,FALSE,1.09477,1.09666
44,176,FALSE,1.07179,1.04087
44,177,FALSE,5.13248,1.10954
44,178,FALSE,6.01542,4.01326
44,179,FALSE,5.07822,1.13719
44,180,FALSE,5.02453,2.03531
44,181,FALSE,5.067,3.00476
44,182,FALSE,5.00718,1.13388
44,183,FALSE,5.14694,1.10475
44,184,FALSE,7.05115,1.11912
44,185,FALSE,5.00918,1.14667
44,186,FALSE,7.07973,1.0792
44,188,FALSE,5.09835,1.02721
44,189,FALSE,6.08515,4.07603
44,190,FALSE,3.12638,3.04851
44,191,FALSE,5.14621,1.08081
44,192,FALSE,5.00163,1.12512
44,193,FALSE,5.12099,6.10219
44,194,FALSE,5.0255,1.11854
44,195,FALSE,3.01716,1.14583
44,197,FALSE,5.14438,1.00506
44,198,FALSE,5.09607,1.11668
44,199,FALSE,5.04984,1.13321
44,200,FALSE,1.14388,1.13144
44,201,FALSE,1.14708,1.14539
44,202,FALSE,7.05742,7.07921
44,203,FALSE,5.08639,4.02156
44,204,FALSE,5.14652,1.04368
44,206,FALSE,5.11247,1.00369
44,207,FALSE,3.09848,1.11868
44,208,FALSE,1.1362,1.02352
44,209,FALSE,3.05441,3.07447
44,210,FALSE,3.14725,3.01511
44,211,FALSE,3.00495,3.04888
44,212,FALSE,1.11727,1.09862
44,213,FALSE,3.05861,1.06334
44,216,FALSE,6.13087,1.1203
44,217,FALSE,4.023,1.13184
44,218,FALSE,5.04483,1.13746
44,219,FALSE,5.04258,3.04183
44,222,FALSE,3.14427,1.09804
44,225,FALSE,3.12281,4.04108
44,226,FALSE,5.03618,1.10989
44,227,FALSE,7.04106,4.09754
44,229,FALSE,4.00992,3.09655
44,230,FALSE,4.07531,3.02215
44,233,FALSE,5.14506,1.01966
44,234,FALSE,5.0859,3.00469
44,235,FALSE,3.05373,3.12377
44,236,FALSE,1.13717,1.09948
44,237,FALSE,1.09532,1.03978
44,242,FALSE,4.12133,1.00819
44,243,FALSE,1.1183,1.12347
44,251,FALSE,4.13164,4.14337
44,252,FALSE,3.12344,1.14346
44,253,FALSE,5.12378,1.00072
44,254,FALSE,1.13962,1.00717
44,255,FALSE,3.04781,1.02598
44,256,FALSE,5.10607,1.08272
44,257,FALSE,5.04757,1.00195
44,258,FALSE,3.05471,1.10745
44,259,FALSE,1.12483,1.04736
44,260,FALSE,1.1163,1.01658
44,262,FALSE,6.12797,1.01094
44,263,FALSE,1.13978,1.0334
44,264,FALSE,4.12814,1.12559
44,265,FALSE,1.14044,1.14115
44,270,FALSE,1.14343,3.03362
44,271,FALSE,3.08915,1.1343
44,272,FALSE,1.13507,1.11476
44,273,FALSE,1.14526,1.09822
44,274,FALSE,1.13827,1.12274
44,275,FALSE,1.14613,3.01935
44,280,FALSE,1.13912,1.00091
44,289,FALSE,4.14484,1.07424
44,290,FALSE,1.14442,1.1069
44,291,FALSE,1.13953,1.13993
44,292,FALSE,1.12747,1.05595
44,293,FALSE,6.02012,5.02934
44,294,FALSE,5.0972,5.02525
44,295,FALSE,6.14303,5.00113
44,296,FALSE,5.09058,5.04835
44,297,FALSE,5.08589,1.13334
44,298,FALSE,5.08139,1.00768
44,299,FALSE,4.04916,1.07316
44,300,FALSE,5.11569,1.06067
44,301,FALSE,3.13957,1.04576
44,302,FALSE,5.09009,1.06995
44,303,FALSE,3.07561,1.1451
44,308,FALSE,6.1061,1.02238
44,317,FALSE,5.07067,1.00629
44,318,FALSE,6.04821,1.11751
44,319,FALSE,5.11674,1.02253
44,320,FALSE,5.0845,1.03189
44,321,FALSE,4.08516,1.05744
44,322,FALSE,3.05489,1.06552
44,323,FALSE,3.03116,1.03516
44,324,FALSE,3.10962,1.03139
44,325,FALSE,5.07833,1.09484
44,326,FALSE,3.08835,1.01132
44,328,FALSE,5.1378,1.05908
44,329,FALSE,6.14147,1.14707
44,330,FALSE,5.14142,1.11396
44,331,FALSE,5.12605,1.11828
44,332,FALSE,5.14382,1.14134
44,333,FALSE,5.12658,3.11568
44,334,FALSE,1.13427,1.12648
44,335,FALSE,5.05497,1.10534
44,336,FALSE,5.09567,1.06286
44,337,FALSE,5.05147,1.11731
44,339,FALSE,5.05955,1.07224
44,340,TRUE,1.01392,1
44,341,TRUE,5.02407,1
44,342,FALSE,1.08036,6.01823
44,343,TRUE,1,1
44,346,FALSE,5.14615,1.09988
44,347,FALSE,6.0957,1.14461
44,348,FALSE,5.00836,1.10209
44,349,FALSE,5.10296,1.07237
44,350,FALSE,4.02776,1.12885
44,351,FALSE,5.04961,1.1295
44,352,FALSE,4.13161,1.09289
44,353,FALSE,7.03838,4.02791
44,354,FALSE,5.12279,4.1306
44,355,FALSE,3.14592,1.0405
44,357,FALSE,4.13747,1.05903
44,358,FALSE,3.06485,1.04942
44,359,FALSE,3.03379,1.12433
44,361,FALSE,5.09274,1.08691
44,363,FALSE,5.0861,5.08939
44,364,FALSE,5.03421,5.09361
44,365,FALSE,3.05931,1.00814
44,366,FALSE,1.14087,1.12225
44,367,FALSE,5.0579,5.07575
44,370,FALSE,3.12606,1.10376
44,371,FALSE,3.09337,1.14031
44,372,FALSE,6.00332,1.14616
44,373,FALSE,1.14454,1.09931
44,374,FALSE,7.04194,1.00773
44,375,FALSE,3.11046,1.05392
44,376,FALSE,1.05758,1.13361
44,377,FALSE,1.03625,1.13282
44,378,FALSE,3.11467,3.0613
44,379,FALSE,1.1189,3.08523
44,380,FALSE,3.01757,4.09061
44,381,FALSE,1.13585,1.07865
44,383,FALSE,5.11501,1.03134
44,384,FALSE,5.11157,1.14018
44,385,FALSE,5.12624,1.00522
44,386,FALSE,5.04075,1.01572
44,387,FALSE,4.10751,1.0059
44,388,FALSE,1.11294,1.00817
44,389,FALSE,2.11936,1.00445
44,390,FALSE,5.03484,1.01121
44,391,FALSE,3.05687,1.00115
44,394,FALSE,5.01361,1.00375
44,395,FALSE,1.1383,5.14397
44,396,FALSE,1.09358,5.07283
44,397,FALSE,1.13868,5.06366
44,398,FALSE,3.10891,5.06281
44,403,FALSE,4.13947,1.00529
44,404,FALSE,4.0728,5.07577
44,405,FALSE,1.09765,5.07939
44,406,FALSE,1,1.02973
44,407,FALSE,3.09492,4.09773
44,408,TRUE,1.0534,1
44,412,FALSE,6.13406,5.00037
44,413,FALSE,5.02321,5.00216
44,414,FALSE,6.04293,5.00668
44,415,FALSE,3.00341,5.00872
44,416,FALSE,5.09113,3.01281
44,417,FALSE,3.13089,1.13385
44,418,FALSE,5.05763,5.08356
44,419,FALSE,5.01937,3.05178
44,420,FALSE,3.04525,3.14345
44,421,FALSE,5.12656,3.13033
44,422,FALSE,5.14153,1.14013
44,423,FALSE,3.11346,1.12254
44,425,FALSE,1.02535,1.02724
44,426,FALSE,4.11645,1.093
44,427,FALSE,1.14611,1.07825
44,428,FALSE,3.14023,3.07595
44,429,FALSE,3.02276,3.00255
45,1,FALSE,3.07403,1.06719
45,3,FALSE,1.0467,1.0147
45,5,FALSE,7.10833,1.03757
45,6,FALSE,3.01748,1.00966
45,7,FALSE,1,1.02152
45,9,FALSE,1.12895,1.05764
45,10,FALSE,1.10609,1.08078
45,11,FALSE,1,1.04515
45,13,FALSE,1.13263,1.13577
45,17,FALSE,3.00611,1.04179
45,18,FALSE,1.08398,1.04444
45,19,TRUE,3.02109,1
45,21,FALSE,3.14286,1.09144
45,22,FALSE,1.12987,1.11839
45,25,FALSE,4.13516,1.03257
45,29,FALSE,1.1384,1.02067
45,30,FALSE,1.14106,1.07391
45,69,FALSE,4.07682,1.00213
45,70,FALSE,3.11194,3.0059
45,71,FALSE,3.12306,1.07648
45,72,FALSE,3.06225,3.05451
45,73,FALSE,3.0736,3.01886
45,74,FALSE,7.05046,3.03454
45,75,FALSE,3.14068,4.02496
45,76,FALSE,1.13988,1.13466
45,77,FALSE,1.14345,3.02022
45,78,FALSE,4.04702,1.09628
45,79,FALSE,1.12878,1.13148
45,82,FALSE,4.13422,1.12173
45,83,FALSE,3.07623,1.00371
45,84,FALSE,1,3.10193
45,85,TRUE,1.06012,1
45,86,TRUE,4.05865,1
45,91,FALSE,1.14639,1.03324
45,92,FALSE,1.14702,1.11067
45,93,FALSE,3.09633,1.12558
45,95,FALSE,1.14128,1.02678
45,98,FALSE,5.12979,1.11455
45,99,FALSE,5.1113,2.00916
45,100,FALSE,6.08112,1.11025
45,101,FALSE,3.1258,1.02407
45,103,FALSE,5.0956,1.129
45,104,FALSE,5.09301,1.11443
45,106,FALSE,5.07484,1.1014
45,107,FALSE,6.07895,1.01984
45,109,FALSE,4.06656,1.14002
45,110,FALSE,3.07781,1.10935
45,111,FALSE,3.07519,1.01112
45,112,FALSE,2.09059,1.05541
45,113,FALSE,3.14605,1.0536
45,114,FALSE,1.14277,1.01761
45,115,FALSE,1.13737,1.06502
45,116,FALSE,3.0842,1.07254
45,117,FALSE,1.14725,1.01808
45,118,FALSE,3.14319,1.07103
45,120,FALSE,4.1033,1.00585
45,121,FALSE,1.1459,1.00225
45,122,FALSE,1.14507,1.00948
45,123,FALSE,1.07561,1.002
45,124,FALSE,7.07361,1.01802
45,125,FALSE,4.02962,5.11867
45,126,FALSE,5.1031,5.10428
45,127,FALSE,4.01015,1.12789
45,128,FALSE,5.03884,1.00051
45,129,FALSE,5.02939,1.12534
45,130,FALSE,5.10937,5.11778
45,131,FALSE,1.09494,1.09413
45,133,FALSE,1.14199,1.00791
45,134,FALSE,1.08388,1.01387
45,135,FALSE,1.14325,1.02207
45,136,FALSE,1.11585,1.0291
45,137,FALSE,1.03765,1.01416
45,139,FALSE,1.10401,1.02372
45,140,FALSE,1.12463,1.01577
45,141,FALSE,1.02916,1.09208
45,142,FALSE,1.14322,1.09872
45,143,FALSE,1.1094,1.03378
45,144,FALSE,1.13613,4.00489
45,145,FALSE,1,5.04511
45,146,TRUE,1,1
45,147,FALSE,1,1.04098
45,148,TRUE,1,1
45,149,TRUE,3.08694,1
45,150,FALSE,1,5.13579
45,151,TRUE,1.06804,1
45,153,FALSE,1.14087,1.13165
45,154,FALSE,5.04135,1.09248
45,155,FALSE,3.03477,1.0378
45,156,FALSE,1.11754,1.05706
45,157,FALSE,1.14522,1.01465
45,158,FALSE,3.04463,1.06214
45,159,FALSE,3.04545,1.04762
45,160,FALSE,3.01021,1.05939
45,161,FALSE,3.07515,1.05893
45,162,FALSE,4.04689,4.0651
45,164,FALSE,7.06571,1.01957
45,165,FALSE,1.0662,5.01718
45,166,FALSE,5.09286,5.1041
45,167,FALSE,1.01708,1.07862
45,168,FALSE,1,5.00221
45,169,FALSE,5.05089,5.13656
45,173,FALSE,3.14642,1.0864
45,175,FALSE,1.02948,1.0379
45,176,FALSE,1.09737,1.07909
45,177,FALSE,5.0787,1.12701
45,178,FALSE,5.135,4.01373
45,179,FALSE,5.13659,1.13887
45,180,FALSE,5.09672,2.00382
45,181,FALSE,5.09497,3.03092
45,182,FALSE,5.03001,1.1231
45,183,FALSE,5.06046,1.09315
45,184,FALSE,7.02239,1.12753
45,185,FALSE,5.10026,1.14116
45,186,FALSE,7.12652,1.07775
45,188,FALSE,5.14658,1.02728
45,189,FALSE,6.0857,4.14449
45,190,FALSE,3.05397,3.08188
45,191,FALSE,5.08038,1.12055
45,192,FALSE,5.02977,1.09462
45,193,FALSE,5.01338,6.08059
45,194,FALSE,5.03731,1.1214
45,195,FALSE,3.04978,1.13387
45,197,FALSE,5.0752,1.01236
45,198,FALSE,5.12406,1.13011
45,199,FALSE,4.0093,1.14516
45,200,FALSE,1.13111,1.14274
45,201,FALSE,1.12104,1.08853
45,202,FALSE,7.04954,7.05353
45,203,FALSE,5.11068,4.04337
45,204,FALSE,5.02517,1.13065
45,206,FALSE,5.09995,1.00209
45,207,FALSE,3.0444,1.12059
45,208,FALSE,1.1276,1.03377
45,209,FALSE,3.13976,3.07854
45,210,FALSE,3.11114,3.06391
45,211,FALSE,3.04513,3.06676
45,212,FALSE,1.14559,1.11262
45,213,FALSE,3.09813,1.101
45,216,FALSE,6.07163,1.11277
45,217,FALSE,4.02775,1.13448
45,218,FALSE,5.07734,1.09994
45,219,FALSE,5.11371,3.07788
45,222,FALSE,3.10484,1.13835
45,225,FALSE,3.11434,4.00217
45,226,FALSE,5.13867,1.09405
45,227,FALSE,7.02684,4.02319
45,229,FALSE,4.00827,3.06966
45,230,FALSE,3.13254,3.07274
45,233,FALSE,5.12153,1.00158
45,234,FALSE,5.01541,3.06016
45,235,FALSE,3.03387,3.03972
45,236,FALSE,1.11161,1.02752
45,237,FALSE,1.14148,1.09001
45,242,FALSE,4.09927,1.01395
45,243,FALSE,1.07513,1.09383
45,251,FALSE,4.09936,4.08812
45,252,FALSE,3.08058,1.12871
45,253,FALSE,5.09083,1.0073
45,254,FALSE,1.11611,1.00623
45,255,FALSE,3.05964,1.11294
45,256,FALSE,5.01788,1.0169
45,257,FALSE,5.0053,1.00011
45,258,FALSE,3.09024,1.06666
45,259,FALSE,1.10316,3.08093
45,260,FALSE,1.13408,1.07081
45,262,FALSE,6.09227,1.00599
45,263,FALSE,1.12561,1.01724
45,264,FALSE,4.03169,1.12024
45,265,FALSE,1.13492,1.14738
45,270,FALSE,1.12192,3.07932
45,271,FALSE,3.10729,1.05012
45,272,FALSE,1.14224,1.10821
45,273,FALSE,1.1224,1.10993
45,274,FALSE,1.11026,1.10013
45,275,FALSE,1.12682,3.07263
45,280,FALSE,1.14644,1.00779
45,289,FALSE,4.14533,1.07002
45,290,FALSE,1.14588,1.13144
45,291,FALSE,1.14421,1.14451
45,292,FALSE,1.14221,1.10066
45,293,FALSE,6.12158,5.00722
45,294,FALSE,1.1447,5.00008
45,295,FALSE,6.11957,5.00013
45,296,FALSE,1.11748,5.00044
45,297,FALSE,5.10456,1.0963
45,298,FALSE,5.10101,1.01787
45,299,FALSE,4.06255,1.06087
45,300,FALSE,5.00901,1.07257
45,301,FALSE,3.08513,1.05554
45,302,FALSE,5.03866,1.10084
45,303,FALSE,3.14509,1.08915
45,308,FALSE,6.12261,1.01661
45,317,FALSE,3.07106,1.00669
45,318,FALSE,6.01922,1.09201
45,319,FALSE,5.14043,1.04694
45,320,FALSE,5.08279,1.08212
45,321,FALSE,4.04805,1.03856
45,322,FALSE,3.01986,1.05895
45,323,FALSE,3.02032,1.12502
45,324,FALSE,3.05068,1.03232
45,325,FALSE,5.0906,1.0475
45,326,FALSE,3.14282,1.07709
45,328,FALSE,5.02648,1.10291
45,329,FALSE,6.09561,1.14442
45,330,FALSE,5.08867,1.09754
45,331,FALSE,5.1198,1.06988
45,332,FALSE,5.11193,1.12089
45,333,FALSE,5.11715,3.05743
45,334,FALSE,1.12736,1.06766
45,335,FALSE,5.09677,1.08478
45,336,FALSE,5.09191,1.02767
45,337,FALSE,5.08827,1.11556
45,339,FALSE,5.13071,1.01043
45,340,TRUE,1.13135,1
45,341,TRUE,5.05779,1
45,342,FALSE,1.13595,6.05648
45,343,TRUE,1,1
45,346,FALSE,5.07022,1.09353
45,347,FALSE,6.09192,1.11241
45,348,FALSE,5.11046,1.09034
45,349,FALSE,5.02866,1.03801
45,350,FALSE,4.10766,1.14147
45,351,FALSE,5.00028,1.14155
45,352,FALSE,4.00839,1.07703
45,353,FALSE,7.06712,4.09655
45,354,FALSE,5.13355,4.08493
45,355,FALSE,3.07749,1.06974
45,357,FALSE,4.12522,1.05816
45,358,FALSE,3.12901,1.06013
45,359,FALSE,3.06174,1.13315
45,361,FALSE,5.05301,1.06886
45,363,FALSE,5.06204,5.08196
45,364,FALSE,5.09724,5.11343
45,365,FALSE,3.09903,1.08705
45,366,FALSE,1.09257,1.09397
45,367,FALSE,5.14233,5.02373
45,370,FALSE,3.11405,1.10306
45,371,FALSE,3.13035,1.13698
45,372,FALSE,6.07006,1.13899
45,373,FALSE,1.13882,1.13943
45,374,FALSE,7.0733,1.02174
45,375,FALSE,3.09937,1.09878
45,376,FALSE,1.10933,1.11554
45,377,FALSE,1.0684,1.02933
45,378,FALSE,3.10663,3.11154
45,379,FALSE,1.13262,3.02611
45,380,FALSE,3.1388,4.01475
45,381,FALSE,1.14166,1.12223
45,383,FALSE,5.09143,1.06643
45,384,FALSE,5.1119,1.13701
45,385,FALSE,5.13201,1.00323
45,386,FALSE,5.01781,1.00116
45,387,FALSE,4.04803,1.02429
45,388,FALSE,1.12884,1.0008
45,389,FALSE,2.04784,1.05167
45,390,FALSE,2.02362,1.06071
45,391,FALSE,3.07837,1.01458
45,394,FALSE,5.0659,1.03925
45,395,FALSE,1.11523,5.07926
45,396,FALSE,1.02293,5.02343
45,397,FALSE,1.13106,5.01902
45,398,FALSE,3.14118,5.08627
45,403,FALSE,4.06541,1.01324
45,404,FALSE,4.14477,5.03042
45,405,FALSE,1.13453,5.11741
45,406,FALSE,1,1.03582
45,407,FALSE,3.1147,4.12922
45,408,TRUE,1.09472,1
45,412,FALSE,6.13236,5.00006
45,413,FALSE,5.13304,5.00034
45,414,FALSE,6.04412,5.01275
45,415,FALSE,3.06662,5.0076
45,416,FALSE,3.00952,3.11253
45,417,FALSE,3.10601,1.1195
45,418,FALSE,5.06028,5.08336
45,419,FALSE,5.09429,3.093
45,420,FALSE,3.01019,3.01456
45,421,FALSE,5.08875,3.09646
45,422,FALSE,3.08213,3.11544
45,423,FALSE,3.12191,1.11024
45,425,FALSE,7.1081,1.06186
45,426,FALSE,4.14552,1.0818
45,427,FALSE,1.14474,1.12535
45,428,FALSE,3.05583,3.06969
45,429,FALSE,3.00697,3.105
46,1,FALSE,3.00798,1.07552
46,3,FALSE,1.04618,1.10646
46,5,FALSE,7.04077,1.05377
46,6,FALSE,3.12448,1.08686
46,7,FALSE,1,1.03126
46,9,FALSE,1.14228,1.00259
46,10,FALSE,1.10139,1.01371
46,11,FALSE,1,1.06474
46,13,FALSE,1.14147,1.13689
46,17,FALSE,3.10085,1.05165
46,18,FALSE,1.11571,1.05554
46,19,TRUE,3.00826,1
46,21,FALSE,3.00479,1.09717
46,22,FALSE,1.14287,1.14624
46,25,FALSE,4.06058,1.02648
46,29,FALSE,1.14294,1.03343
46,30,FALSE,1.11245,1.02487
46,69,FALSE,4.13663,1.00212
46,70,FALSE,3.13607,3.06144
46,71,FALSE,1.14437,1.05985
46,72,FALSE,3.09561,3.04357
46,73,FALSE,3.00995,3.02948
46,74,FALSE,3.02551,3.0434
46,75,FALSE,3.12606,4.05112
46,76,FALSE,3.09824,1.11565
46,77,FALSE,1.13685,3.00398
46,78,FALSE,3.12608,1.09055
46,79,FALSE,3.00588,1.11804
46,82,FALSE,4.10323,1.03583
46,83,FALSE,3.00689,1.12173
46,84,FALSE,1,3.00256
46,85,TRUE,1.01743,1
46,86,TRUE,4.07295,1
46,91,FALSE,1.12812,1.03694
46,92,FALSE,3.00774,1.1078
46,93,FALSE,3.11211,1.12052
46,95,FALSE,1.14107,1.04478
46,98,FALSE,5.04111,1.05579
46,99,FALSE,5.12878,2.05428
46,100,FALSE,6.13842,1.12633
46,101,FALSE,3.1171,1.0311
46,103,FALSE,5.11427,1.11907
46,104,FALSE,5.06875,1.12614
46,106,FALSE,5.0926,1.05322
46,107,FALSE,6.13426,1.07199
46,109,FALSE,4.04845,1.12427
46,110,FALSE,3.08578,1.09671
46,111,FALSE,3.06803,1.00178
46,112,FALSE,2.10705,1.02882
46,113,FALSE,3.09787,1.06783
46,114,FALSE,1.13037,1.01513
46,115,FALSE,1.1421,1.06637
46,116,FALSE,3.05929,1.02357
46,117,FALSE,1.14101,1.03136
46,118,FALSE,3.13629,1.03937
46,120,FALSE,4.11705,1.001
46,121,FALSE,1.12963,1.00686
46,122,FALSE,1.14176,1.00172
46,123,FALSE,1.14086,1.01093
46,124,FALSE,7.08883,1.01439
46,125,FALSE,4.0943,5.09673
46,126,FALSE,5.08519,5.10156
46,127,FALSE,4.02591,1.13174
46,128,FALSE,5.08742,1.01292
46,129,FALSE,5.13079,1.12757
46,130,FALSE,5.08926,5.13534
46,131,FALSE,1.11385,1.08081
46,133,FALSE,1.14733,1.00302
46,134,FALSE,1.0603,1.00099
46,135,FALSE,1.09205,1.01064
46,136,FALSE,1.11928,1.02399
46,137,FALSE,1.00216,1.04043
46,139,FALSE,1.11798,1.05136
46,140,FALSE,1.11972,1.09299
46,141,FALSE,1.06458,1.07981
46,142,FALSE,1.09093,1.01894
46,143,FALSE,1.11668,1.01146
46,144,FALSE,1.01465,1.06944
46,145,FALSE,1,5.13081
46,146,TRUE,1,1
46,147,TRUE,1.13884,1
46,148,TRUE,1,1
46,149,TRUE,3.13496,1
46,150,FALSE,1,5.043
46,151,TRUE,1.04283,1
46,153,FALSE,1.12821,1.13498
46,154,FALSE,5.07956,1.11644
46,155,FALSE,1.14629,1.03998
46,156,FALSE,3.05226,1.04924
46,157,FALSE,1.12857,1.02506
46,158,FALSE,3.05531,1.00441
46,159,FALSE,3.09819,1.02105
46,160,FALSE,3.05364,1.02917
46,161,FALSE,3.1074,1.0397
46,162,FALSE,4.11067,4.14715
46,164,FALSE,7.07913,1.01592
46,165,FALSE,1.00802,5.04376
46,166,FALSE,5.05045,5.10469
46,167,FALSE,1.05025,1.12681
46,168,FALSE,1,5.08463
46,169,FALSE,5.10296,5.11755
46,173,FALSE,4.10838,1.08211
46,175,FALSE,1.08958,1.05777
46,176,FALSE,1.13977,1.04582
46,177,FALSE,5.1197,1.12356
46,178,FALSE,5.12461,4.00962
46,179,FALSE,5.14389,1.14219
46,180,FALSE,5.06325,2.00045
46,181,FALSE,5.08938,3.04641
46,182,FALSE,5.048,1.14518
46,183,FALSE,5.1267,1.1232
46,184,FALSE,7.01876,1.12397
46,185,FALSE,5.1219,1.14658
46,186,FALSE,7.00013,1.0972
46,188,FALSE,5.12868,1.00221
46,189,FALSE,6.09891,4.10274
46,190,FALSE,3.02491,1.13812
46,191,FALSE,5.11634,1.04304
46,192,FALSE,5.13772,1.10262
46,193,FALSE,5.00869,6.01029
46,194,FALSE,5.02706,1.13844
46,195,FALSE,3.12212,1.14213
46,197,FALSE,5.12925,1.0111
46,198,FALSE,5.06143,1.10464
46,199,FALSE,5.11345,1.10638
46,200,FALSE,1.14513,1.14416
46,201,FALSE,1.12627,1.13437
46,202,FALSE,7.04386,7.04508
46,203,FALSE,5.14699,4.0236
46,204,FALSE,5.07569,1.14589
46,206,FALSE,5.04766,1.00727
46,207,FALSE,3.04984,1.127
46,208,FALSE,1.12204,1.09061
46,209,FALSE,3.05044,3.00927
46,210,FALSE,3.1202,3.00673
46,211,FALSE,3.00088,3.05873
46,212,FALSE,1.0988,1.07533
46,213,FALSE,3.11823,1.08116
46,216,FALSE,6.08645,1.12016
46,217,FALSE,4.07831,1.1428
46,218,FALSE,5.14288,1.13348
46,219,FALSE,5.13256,1.12206
46,222,FALSE,3.14341,1.0924
46,225,FALSE,3.10414,4.04247
46,226,FALSE,5.0294,1.09843
46,227,FALSE,7.12985,4.10907
46,229,FALSE,4.09272,3.09796
46,230,FALSE,3.0653,3.06816
46,233,FALSE,5.14606,1.00923
46,234,FALSE,5.01948,3.01519
46,235,FALSE,3.03127,3.0393
46,236,FALSE,1.14659,1.13979
46,237,FALSE,1.10564,1.07224
46,242,FALSE,4.09475,1.00342
46,243,FALSE,1.14069,1.10338
46,251,FALSE,4.13789,4.09567
46,252,FALSE,3.12275,1.13291
46,253,FALSE,5.0189,1.03154
46,254,FALSE,1.1303,1.01063
46,255,FALSE,3.06334,1.03606
46,256,FALSE,5.03556,1.11726
46,257,FALSE,5.09831,1.10033
46,258,FALSE,3.12731,1.02743
46,259,FALSE,1.11655,3.11719
46,260,FALSE,1.13469,1.0706
46,262,FALSE,6.12617,1.0014
46,263,FALSE,1.14222,1.02641
46,264,FALSE,4.09486,1.07068
46,265,FALSE,1.13953,1.14183
46,270,FALSE,1.14046,3.07032
46,271,FALSE,3.0829,1.13106
46,272,FALSE,1.14326,1.1109
46,273,FALSE,1.12574,1.1205
46,274,FALSE,1.14696,1.10478
46,275,FALSE,1.12831,3.11306
46,280,FALSE,1.12227,1.03713
46,289,FALSE,4.07503,1.0993
46,290,FALSE,1.14537,1.097
46,291,FALSE,1.14243,1.14489
46,292,FALSE,1.14739,1.05994
46,293,FALSE,5.10399,5.00131
46,294,FALSE,5.01148,5.01218
46,295,FALSE,6.1011,5.00006
46,296,FALSE,5.12255,5.00908
46,297,FALSE,5.05321,1.05303
46,298,FALSE,5.13251,1.02975
46,299,FALSE,4.11022,1.0688
46,300,FALSE,5.00555,1.00409
46,301,FALSE,3.11536,1.03728
46,302,FALSE,5.11759,1.05375
46,303,FALSE,3.11111,3.01032
46,308,FALSE,6.14284,1.016
46,317,FALSE,5.1383,1.01434
46,318,FALSE,6.08795,1.07318
46,319,FALSE,5.09718,1.03532
46,320,FALSE,2.10409,1.0021
46,321,FALSE,4.12965,1.0645
46,322,FALSE,3.12172,1.06397
46,323,FALSE,3.12891,1.02676
46,324,FALSE,3.11473,1.02467
46,325,FALSE,5.11333,1.01935
46,326,FALSE,3.09106,1.02711
46,328,FALSE,5.14355,1.04822
46,329,FALSE,6.1024,2.0068
46,330,FALSE,5.12523,1.10147
46,331,FALSE,5.09014,1.05908
46,332,FALSE,5.11028,1.11461
46,333,FALSE,5.04952,3.11229
46,334,FALSE,1.13747,1.14044
46,335,FALSE,5.14491,1.0936
46,336,FALSE,5.09157,1.07682
46,337,FALSE,5.07995,1.09645
46,339,FALSE,5.14436,1.04899
46,340,TRUE,1.01238,1
46,341,TRUE,5.00807,1
46,342,FALSE,1.09748,6.11421
46,343,TRUE,1,1
46,346,FALSE,5.07947,1.08907
46,347,FALSE,6.05656,1.12748
46,348,FALSE,5.10721,1.09402
46,349,FALSE,5.06445,1.01515
46,350,FALSE,4.06618,3.03685
46,351,FALSE,5.00244,1.11865
46,352,FALSE,4.09327,1.10859
46,353,FALSE,7.08105,4.04592
46,354,FALSE,5.10621,4.11379
46,355,FALSE,3.12272,1.05458
46,357,FALSE,4.14721,1.05455
46,358,FALSE,3.1276,1.07413
46,359,FALSE,3.03368,1.10376
46,361,FALSE,5.01131,1.08131
46,363,FALSE,5.07365,5.09081
46,364,FALSE,5.05944,5.09513
46,365,FALSE,3.07914,1.00709
46,366,FALSE,1.14504,1.10526
46,367,FALSE,5.14412,5.0733
46,370,FALSE,3.13756,1.11369
46,371,FALSE,3.09201,1.14435
46,372,FALSE,6.05234,1.14536
46,373,FALSE,1.1473,1.09425
46,374,FALSE,7.11549,1.06302
46,375,FALSE,3.09371,1.10415
46,376,FALSE,1.01517,1.09325
46,377,FALSE,1.10702,1.04568
46,378,FALSE,3.08263,3.08244
46,379,FALSE,1.13201,3.00895
46,380,FALSE,3.07707,4.13432
46,381,FALSE,1.11679,1.09094
46,383,FALSE,5.04137,1.0773
46,384,FALSE,3.1064,1.13874
46,385,FALSE,5.14253,1.02204
46,386,FALSE,5.1419,1.0162
46,387,FALSE,4.08634,1.02615
46,388,FALSE,1.12099,1.01661
46,389,FALSE,2.02111,1.0185
46,390,FALSE,2.02155,1.00645
46,391,FALSE,3.00715,1.0401
46,394,FALSE,5.03648,1.00254
46,395,FALSE,1.10918,5.05253
46,396,FALSE,1.04931,5.10981
46,397,FALSE,1.03458,5.13735
46,398,FALSE,3.1119,5.11506
46,403,FALSE,4.14507,1.0091
46,404,FALSE,4.05516,5.05933
46,405,FALSE,1.11358,5.06741
46,406,FALSE,1,1.04804
46,407,FALSE,3.01394,4.1098
46,408,TRUE,1.00675,1
46,412,FALSE,6.07474,5.00039
46,413,FALSE,1.14055,5.00449
46,414,FALSE,6.11172,5.04211
46,415,FALSE,3.01933,5.00685
46,416,FALSE,3.07977,3.11545
46,417,FALSE,3.11621,1.14693
46,418,FALSE,5.0488,5.05218
46,419,FALSE,5.05152,3.1386
46,420,FALSE,3.04356,3.08354
46,421,FALSE,5.02387,3.12675
46,422,FALSE,5.02601,3.08024
46,423,FALSE,3.07456,1.13944
46,425,FALSE,7.11995,1.02438
46,426,FALSE,4.04441,1.08078
46,427,FALSE,1.14361,1.14007
46,428,FALSE,3.09919,3.11874
46,429,FALSE,3.12046,3.00955
47,1,FALSE,3.10203,1.09068
47,3,FALSE,1.01416,1.11927
47,5,FALSE,7.01406,1.06999
47,6,FALSE,3.00204,1.09234
47,7,FALSE,1,1.04001
47,9,FALSE,1.12523,1.02006
47,10,FALSE,1.00064,1.04569
47,11,FALSE,1,1.00606
47,13,FALSE,1.13465,1.07287
47,17,FALSE,3.01919,1.03218
47,18,FALSE,1.08926,1.08669
47,19,TRUE,3.12068,1
47,21,FALSE,3.08427,1.08304
47,22,FALSE,1.12746,1.13076
47,25,FALSE,4.04402,1.03813
47,29,FALSE,1.12817,1.02324
47,30,FALSE,1.13697,1.09605
47,69,FALSE,4.03612,1.00327
47,70,FALSE,3.1143,3.00363
47,71,FALSE,3.00208,1.09121
47,72,FALSE,3.08296,3.00379
47,73,FALSE,3.06503,3.03619
47,74,FALSE,3.10725,3.10996
47,75,FALSE,3.14584,4.03675
47,76,FALSE,3.00795,1.14298
47,77,FALSE,1.14018,3.02492
47,78,FALSE,3.04836,1.0996
47,79,FALSE,3.13578,1.12339
47,82,FALSE,4.08109,1.11072
47,83,FALSE,3.03209,1.03356
47,84,FALSE,1,3.13397
47,85,FALSE,1,1.08837
47,86,TRUE,4.02815,1
47,91,FALSE,1.14117,1.04221
47,92,FALSE,1.14566,1.09385
47,93,FALSE,3.06424,1.12742
47,95,FALSE,1.13377,1.05971
47,98,FALSE,5.13781,1.09843
47,99,FALSE,5.08533,2.02484
47,100,FALSE,6.07841,1.09903
47,101,FALSE,3.10574,1.00676
47,103,FALSE,5.06714,1.10322
47,104,FALSE,5.01735,1.05707
47,106,FALSE,5.05746,1.06609
47,107,FALSE,6.14669,1.02789
47,109,FALSE,4.11469,1.11956
47,110,FALSE,3.1437,1.10839
47,111,FALSE,3.12872,1.00296
47,112,FALSE,2.09186,1.06806
47,113,FALSE,3.13328,1.06686
47,114,FALSE,1.11792,1.03061
47,115,FALSE,1.12895,1.06401
47,116,FALSE,3.09411,1.02076
47,117,FALSE,1.13804,1.00733
47,118,FALSE,3.13852,1.03767
47,120,FALSE,4.07968,1.00117
47,121,FALSE,1.14691,1.0028
47,122,FALSE,1.14428,1.00473
47,123,FALSE,1.05798,1.00776
47,124,FALSE,7.12385,1.05744
47,125,FALSE,4.10937,5.00181
47,126,FALSE,5.00725,5.03004
47,127,FALSE,4.02964,1.04883
47,128,FALSE,5.03318,1.04181
47,129,FALSE,5.06633,1.12511
47,130,FALSE,5.0918,5.09465
47,131,FALSE,1.11835,1.01834
47,133,FALSE,1.14497,1.01278
47,134,FALSE,1.14258,1.02003
47,135,FALSE,1.13407,1.12798
47,136,FALSE,1.14357,1.1007
47,137,FALSE,1.01757,1.09848
47,139,FALSE,1.13622,1.04961
47,140,FALSE,1.1454,1.04063
47,141,FALSE,1.01475,1.13988
47,142,FALSE,1.10548,1.04125
47,143,FALSE,1.13463,1.00462
47,144,FALSE,1.14626,1.11782
47,145,FALSE,1,5.06945
47,146,TRUE,1,1
47,147,FALSE,1,1.0055
47,148,TRUE,1,1
47,149,TRUE,3.11254,1
47,150,FALSE,1,5.09127
47,151,TRUE,1.00975,1
47,153,FALSE,1.13172,1.12655
47,154,FALSE,5.0269,1.09044
47,155,FALSE,7.119,1.01114
47,156,FALSE,3.11588,1.11635
47,157,FALSE,1.14185,1.04301
47,158,FALSE,3.10961,1.05179
47,159,FALSE,3.05343,1.00299
47,160,FALSE,3.12094,1.04286
47,161,FALSE,3.13932,1.10343
47,162,FALSE,4.13422,4.13508
47,164,FALSE,7.14621,1.02271
47,165,FALSE,1.13755,5.08695
47,166,FALSE,5.01728,5.11421
47,167,FALSE,1.00945,1.08924
47,168,FALSE,1,5.00809
47,169,FALSE,5.13815,5.14079
47,173,FALSE,3.11151,1.09161
47,175,FALSE,1.03188,1.05698
47,176,FALSE,1.06098,1.09693
47,177,FALSE,5.12283,1.11198
47,178,FALSE,6.08881,4.00868
47,179,FALSE,5.13031,1.14578
47,180,FALSE,5.05797,2.0282
47,181,FALSE,5.09575,3.0472
47,182,FALSE,5.06563,1.14093
47,183,FALSE,5.04126,1.09571
47,184,FALSE,7.03723,1.1286
47,185,FALSE,5.02302,1.13367
47,186,FALSE,7.04722,1.1177
47,188,FALSE,5.13933,1.00546
47,189,FALSE,6.07583,4.13846
47,190,FALSE,3.10477,1.12889
47,191,FALSE,5.11041,1.09413
47,192,FALSE,5.01876,1.09488
47,193,FALSE,5.08563,6.11892
47,194,FALSE,5.019,1.09326
47,195,FALSE,3.1208,1.03778
47,197,FALSE,5.12587,1.00518
47,198,FALSE,5.08827,1.13401
47,199,FALSE,5.09996,1.10917
47,200,FALSE,1.12176,1.10905
47,201,FALSE,1.13769,1.03403
47,202,FALSE,7.04362,7.06244
47,203,FALSE,5.14239,4.10037
47,204,FALSE,5.10148,1.02512
47,206,FALSE,5.04586,1.00006
47,207,FALSE,3.13543,1.13588
47,208,FALSE,1.13517,1.0948
47,209,FALSE,3.03727,3.01348
47,210,FALSE,3.0682,3.0076
47,211,FALSE,3.01054,3.06382
47,212,FALSE,1.13922,1.10053
47,213,FALSE,3.05178,1.03514
47,216,FALSE,6.10734,1.11495
47,217,FALSE,4.08136,1.14381
47,218,FALSE,5.08403,1.11458
47,219,FALSE,5.07881,1.13027
47,222,FALSE,3.08275,1.13918
47,225,FALSE,3.0718,4.01586
47,226,FALSE,5.12687,1.08698
47,227,FALSE,7.05473,4.06594
47,229,FALSE,4.14562,3.11464
47,230,FALSE,4.04715,3.08249
47,233,FALSE,5.1307,1.04833
47,234,FALSE,5.0141,3.02795
47,235,FALSE,3.05811,3.06009
47,236,FALSE,1.14386,1.01697
47,237,FALSE,1.11173,1.09643
47,242,FALSE,4.14191,1.00386
47,243,FALSE,1.08352,1.14535
47,251,FALSE,4.14677,4.08321
47,252,FALSE,3.11609,1.12891
47,253,FALSE,5.08182,1.03165
47,254,FALSE,1.09617,1.06041
47,255,FALSE,3.1147,1.12152
47,256,FALSE,5.01265,1.00952
47,257,FALSE,5.0401,1.00002
47,258,FALSE,3.11291,1.02442
47,259,FALSE,1.13123,3.0797
47,260,FALSE,1.14406,1.10073
47,262,FALSE,6.13213,1.00083
47,263,FALSE,1.14716,1.04477
47,264,FALSE,4.02734,1.13792
47,265,FALSE,1.11709,1.13379
47,270,FALSE,1.13034,3.0998
47,271,FALSE,3.1389,1.12288
47,272,FALSE,1.13082,1.12525
47,273,FALSE,1.14403,1.05093
47,274,FALSE,1.14102,1.0615
47,275,FALSE,1.14536,3.03331
47,280,FALSE,1.14057,1.02042
47,289,FALSE,4.12309,1.08077
47,290,FALSE,1.14711,1.10181
47,291,FALSE,1.13741,1.14217
47,292,FALSE,1.06097,1.0771
47,293,FALSE,6.12464,5.00116
47,294,FALSE,5.09355,5.00278
47,295,FALSE,6.01415,5.04645
47,296,FALSE,1.13285,5.03088
47,297,FALSE,5.09949,1.11256
47,298,FALSE,5.08948,1.02604
47,299,FALSE,4.06243,1.08534
47,300,FALSE,5.0025,1.02164
47,301,FALSE,3.1351,1.00479
47,302,FALSE,5.07244,1.10934
47,303,FALSE,3.13712,1.01782
47,308,FALSE,6.12275,1.00059
47,317,FALSE,5.08792,1.01339
47,318,FALSE,6.14518,1.09013
47,319,FALSE,5.14048,1.06453
47,320,FALSE,2.06264,1.01004
47,321,FALSE,4.0628,1.00218
47,322,FALSE,3.05084,1.00744
47,323,FALSE,3.0874,1.02675
47,324,FALSE,3.02188,1.00476
47,325,FALSE,5.08173,1.03852
47,326,FALSE,3.06641,1.01497
47,328,FALSE,5.09653,1.07265
47,329,FALSE,6.00722,1.13532
47,330,FALSE,5.14526,1.09919
47,331,FALSE,5.09278,1.04368
47,332,FALSE,5.09076,1.13531
47,333,FALSE,5.10474,3.01038
47,334,FALSE,1.1465,1.13637
47,335,FALSE,5.11963,1.0986
47,336,FALSE,5.09276,1.05643
47,337,FALSE,5.11126,1.10405
47,339,FALSE,5.1198,1.11924
47,340,TRUE,1.0195,1
47,341,TRUE,5.10828,1
47,342,FALSE,1.10908,6.08769
47,343,TRUE,1,1
47,346,FALSE,5.05943,1.11953
47,347,FALSE,6.03097,1.13144
47,348,FALSE,5.01007,1.10646
47,349,FALSE,5.00153,1.02327
47,350,FALSE,4.08963,1.14046
47,351,FALSE,5.03147,1.14583
47,352,FALSE,4.01081,1.12349
47,353,FALSE,7.03065,4.04691
47,354,FALSE,5.10997,4.09133
47,355,FALSE,3.06643,1.10999
47,357,FALSE,4.03754,1.06102
47,358,FALSE,3.04507,1.05857
47,359,FALSE,3.06808,1.12765
47,361,FALSE,5.1438,1.07673
47,363,FALSE,5.08229,5.09825
47,364,FALSE,5.05448,5.06517
47,365,FALSE,3.02224,1.10603
47,366,FALSE,1.07709,1.0954
47,367,FALSE,5.06647,5.09819
47,370,FALSE,3.12434,1.09873
47,371,FALSE,3.05518,1.14226
47,372,FALSE,6.07816,1.13654
47,373,FALSE,1.14216,1.11392
47,374,FALSE,7.01495,1.00631
47,375,FALSE,1.04642,1.02575
47,376,FALSE,1.05435,1.09087
47,377,FALSE,1.07458,1.00893
47,378,FALSE,3.13217,3.03862
47,379,FALSE,1.11942,3.10468
47,380,FALSE,3.0722,4.06263
47,381,FALSE,1.14278,1.14265
47,383,FALSE,5.09225,1.03706
47,384,FALSE,5.13246,1.14158
47,385,FALSE,5.14729,1.00084
47,386,FALSE,5.13882,1.00118
47,387,FALSE,4.0063,1.02368
47,388,FALSE,1.07974,1.00894
47,389,FALSE,2.08421,1.02856
47,390,FALSE,2.05805,1.01734
47,391,FALSE,3.02839,1.02004
47,394,FALSE,5.09923,1.03368
47,395,FALSE,1.13796,5.07864
47,396,FALSE,1.06603,5.07634
47,397,FALSE,1.10485,5.06361
47,398,FALSE,3.13293,5.04863
47,403,FALSE,4.09939,1.12757
47,404,FALSE,4.13608,5.01645
47,405,FALSE,1.11124,5.04637
47,406,FALSE,1,1.02162
47,407,FALSE,3.11113,4.07092
47,408,TRUE,1.00037,1
47,412,FALSE,6.12643,5.0019
47,413,FALSE,5.04461,5.00131
47,414,FALSE,6.06912,5.01207
47,415,FALSE,3.01937,5.01281
47,416,FALSE,3.09766,3.13915
47,417,FALSE,3.08778,1.14492
47,418,FALSE,5.02671,5.11457
47,419,FALSE,5.00981,3.08243
47,420,FALSE,3.02289,3.11939
47,421,FALSE,5.04913,3.13453
47,422,FALSE,5.08444,3.04112
47,423,FALSE,3.0738,1.10986
47,425,FALSE,7.11668,1.06475
47,426,FALSE,4.06919,1.08054
47,427,FALSE,1.1402,1.11695
47,428,FALSE,3.12712,3.1305
47,429,FALSE,3.05365,3.14412
48,1,FALSE,3.02018,1.10464
48,3,FALSE,1.01003,1.04055
48,5,FALSE,7.04847,1.09876
48,6,FALSE,3.13099,1.03304
48,7,FALSE,1,1.00756
48,9,FALSE,1.03857,1.00102
48,10,FALSE,1.0479,1.08383
48,11,FALSE,1,1.00895
48,13,FALSE,1.12316,1.11904
48,17,FALSE,3.01006,1.05443
48,18,FALSE,1.07969,1.06534
48,19,TRUE,3.02244,1
48,21,FALSE,3.02127,1.08126
48,22,FALSE,1.14697,1.14488
48,25,FALSE,4.1237,1.0548
48,29,FALSE,1.14008,1.00995
48,30,FALSE,1.13221,1.07803
48,69,FALSE,4.13556,1.00273
48,70,FALSE,3.09785,3.03195
48,71,FALSE,3.11083,1.09863
48,72,FALSE,3.14407,3.0319
48,73,FALSE,3.06541,3.03334
48,74,FALSE,7.01397,3.05535
48,75,FALSE,3.14358,4.06863
48,76,FALSE,3.08434,1.13522
48,77,FALSE,1.12449,3.01011
48,78,FALSE,3.04261,1.0988
48,79,FALSE,3.11664,1.12005
48,82,FALSE,4.13053,1.02707
48,83,FALSE,3.13746,1.01156
48,84,FALSE,1,3.13658
48,85,FALSE,1,1.06423
48,86,TRUE,4.10904,1
48,91,FALSE,1.13416,1.06298
48,92,FALSE,3.01332,1.11759
48,93,FALSE,3.14035,1.13021
48,95,FALSE,1.13391,1.0516
48,98,FALSE,5.12,1.05979
48,99,FALSE,5.12999,2.03657
48,100,FALSE,6.06385,1.11765
48,101,FALSE,3.14637,1.02647
48,103,FALSE,5.0098,1.14565
48,104,FALSE,5.0701,1.11535
48,106,FALSE,5.05603,1.14181
48,107,FALSE,6.11488,1.08648
48,109,FALSE,4.0329,1.13758
48,110,FALSE,3.04349,1.12167
48,111,FALSE,3.14638,1.03521
48,112,FALSE,2.12616,1.0113
48,113,FALSE,3.07563,1.10244
48,114,FALSE,1.14278,1.02879
48,115,FALSE,1.14445,1.06774
48,116,FALSE,3.03609,1.02579
48,117,FALSE,1.13326,1.0729
48,118,FALSE,3.13412,1.02448
48,120,FALSE,4.07823,1.00114
48,121,FALSE,1.14571,1.01116
48,122,FALSE,1.14451,1.01447
48,123,FALSE,1.06084,1.00244
48,124,FALSE,7.10406,1.01948
48,125,FALSE,4.13218,5.00137
48,126,FALSE,5.11799,5.03699
48,127,FALSE,4.06265,1.13654
48,128,FALSE,5.08694,1.06142
48,129,FALSE,5.00318,1.11708
48,130,FALSE,5.12656,5.14441
48,131,FALSE,1.07285,1.00842
48,133,FALSE,1.14512,1.00054
48,134,FALSE,1.11643,1.01072
48,135,FALSE,1.12364,1.00864
48,136,FALSE,1.136,1.04455
48,137,FALSE,1.13076,1.10145
48,139,FALSE,1.11119,1.02508
48,140,FALSE,1.13929,1.00884
48,141,FALSE,1.13923,1.04467
48,142,FALSE,1.13421,1.04792
48,143,FALSE,1.14731,1.00695
48,144,FALSE,1.09129,1.0564
48,145,FALSE,1,5.00042
48,146,TRUE,1,1
48,147,FALSE,1,1.07587
48,148,TRUE,1,1
48,149,TRUE,3.14113,1
48,150,FALSE,1,5.07097
48,151,TRUE,1.11914,1
48,153,FALSE,1.13543,1.12068
48,154,FALSE,5.11428,1.10114
48,155,FALSE,7.09915,1.01193
48,156,FALSE,3.03788,1.04908
48,157,FALSE,1.11968,1.01885
48,158,FALSE,3.137,1.02212
48,159,FALSE,3.03352,1.10781
48,160,FALSE,3.06696,1.05965
48,161,FALSE,3.05879,1.02405
48,162,FALSE,4.07734,4.08414
48,164,FALSE,7.06208,1.03427
48,165,FALSE,1.1057,5.10282
48,166,FALSE,5.10442,5.10661
48,167,FALSE,1.03295,1.13192
48,168,FALSE,1,5.13873
48,169,FALSE,5.08845,5.08917
48,173,FALSE,4.10164,1.08847
48,175,FALSE,1.07146,1.0816
48,176,FALSE,1.04696,1.07425
48,177,FALSE,5.13267,1.10595
48,178,FALSE,6.02489,4.02665
48,179,FALSE,5.14353,1.11967
48,180,FALSE,5.04699,2.06767
48,181,FALSE,5.04975,3.11743
48,182,FALSE,5.02392,1.13425
48,183,FALSE,5.09769,1.12685
48,184,FALSE,7.07377,1.12076
48,185,FALSE,5.04866,1.14713
48,186,FALSE,7.06829,1.13222
48,188,FALSE,5.10534,1.00427
48,189,FALSE,6.03539,4.13302
48,190,FALSE,3.106,3.01372
48,191,FALSE,5.055,1.12018
48,192,FALSE,5.09308,1.11839
48,193,FALSE,5.07088,6.07038
48,194,FALSE,5.08437,1.12598
48,195,FALSE,3.11612,1.12262
48,197,FALSE,5.08878,1.0095
48,198,FALSE,5.01303,1.06439
48,199,FALSE,5.10101,3.05831
48,200,FALSE,1.10181,1.13811
48,201,FALSE,1.0862,1.13063
48,202,FALSE,7.04181,7.04778
48,203,FALSE,5.01313,4.10304
48,204,FALSE,5.14048,1.14567
48,206,FALSE,5.09368,1.00393
48,207,FALSE,3.14244,1.12508
48,208,FALSE,1.14683,1.10451
48,209,FALSE,3.03943,3.0074
48,210,FALSE,3.13535,3.02372
48,211,FALSE,3.01151,3.01774
48,212,FALSE,1.11168,1.11345
48,213,FALSE,3.13002,1.06211
48,216,FALSE,6.10015,1.1156
48,217,FALSE,4.01136,1.13702
48,218,FALSE,5.10537,1.09353
48,219,FALSE,5.05704,3.02711
48,222,FALSE,3.01432,1.10847
48,225,FALSE,3.13081,4.03754
48,226,FALSE,5.07737,1.08629
48,227,FALSE,7.00151,4.03241
48,229,FALSE,4.01863,3.09072
48,230,FALSE,3.11809,3.04231
48,233,FALSE,5.10528,1.0019
48,234,FALSE,5.00469,3.00235
48,235,FALSE,3.01988,3.03661
48,236,FALSE,1.10196,1.1137
48,237,FALSE,1.09209,1.12603
48,242,FALSE,4.05168,1.02684
48,243,FALSE,1.12245,1.13096
48,251,FALSE,4.10753,4.11585
48,252,FALSE,3.11096,1.13678
48,253,FALSE,5.07065,1.00326
48,254,FALSE,1.09194,1.019
48,255,FALSE,3.02163,1.11118
48,256,FALSE,5.03716,1.04216
48,257,FALSE,5.03847,1.01984
48,258,FALSE,3.04468,1.05161
48,259,FALSE,1.13457,3.06372
48,260,FALSE,1.07228,1.1279
48,262,FALSE,6.10443,1.0078
48,263,FALSE,1.14599,1.01399
48,264,FALSE,4.03807,1.07144
48,265,FALSE,1.13982,1.10462
48,270,FALSE,1.14659,3.07546
48,271,FALSE,3.1308,1.11456
48,272,FALSE,1.13647,1.10584
48,273,FALSE,1.14141,1.08061
48,274,FALSE,1.1467,1.09621
48,275,FALSE,1.14285,3.00762
48,280,FALSE,1.14214,1.00022
48,289,FALSE,4.11955,1.05692
48,290,FALSE,1.13155,1.12923
48,291,FALSE,1.14351,1.14277
48,292,FALSE,1.13199,1.08172
48,293,FALSE,6.12734,5.00981
48,294,FALSE,5.14222,5.01969
48,295,FALSE,6.11762,5.00811
48,296,FALSE,5.08496,5.04528
48,297,FALSE,5.0703,1.06576
48,298,FALSE,5.12341,1.02766
48,299,FALSE,4.03368,1.04753
48,300,FALSE,5.12549,1.06974
48,301,FALSE,3.09783,1.10054
48,302,FALSE,5.06302,1.01066
48,303,FALSE,3.14216,1.0033
48,308,FALSE,6.0975,1.0015
48,317,FALSE,5.07148,1.00529
48,318,FALSE,6.06466,1.09251
48,319,FALSE,5.13591,1.04859
48,320,FALSE,5.04441,1.01934
48,321,FALSE,4.11341,1.03884
48,322,FALSE,3.12228,1.03086
48,323,FALSE,3.11692,1.00051
48,324,FALSE,3.1473,1.00198
48,325,FALSE,5.07996,1.04576
48,326,FALSE,3.06215,1.06091
48,328,FALSE,5.14271,1.08127
48,329,FALSE,6.06835,1.13666
48,330,FALSE,5.11544,1.12952
48,331,FALSE,3.12224,1.02974
48,332,FALSE,5.12506,1.11771
48,333,FALSE,5.13464,3.11608
48,334,FALSE,1.14238,1.13896
48,335,FALSE,5.11737,1.0949
48,336,FALSE,5.13597,1.07608
48,337,FALSE,5.111,1.08285
48,339,FALSE,5.1393,1.11764
48,340,TRUE,1.08373,1
48,341,TRUE,5.10673,1
48,342,FALSE,1.13672,6.04069
48,343,TRUE,1,1
48,346,FALSE,5.01048,1.08689
48,347,FALSE,6.04245,1.12415
48,348,FALSE,5.0135,1.09406
48,349,FALSE,5.11802,1.04459
48,350,FALSE,4.04223,3.01644
48,351,FALSE,5.00141,1.12756
48,352,FALSE,4.00485,1.1414
48,353,FALSE,7.08165,4.06519
48,354,FALSE,5.09831,4.13994
48,355,FALSE,3.13026,1.02638
48,357,FALSE,4.0657,1.07864
48,358,FALSE,3.00812,1.04998
48,359,FALSE,3.11087,1.107
48,361,FALSE,5.10106,1.07431
48,363,FALSE,5.07256,5.0761
48,364,FALSE,5.07735,5.10905
48,365,FALSE,3.10707,1.09024
48,366,FALSE,1.06106,1.0808
48,367,FALSE,5.0624,5.06052
48,370,FALSE,3.14311,1.09226
48,371,FALSE,3.12973,1.14173
48,372,FALSE,6.0631,1.1454
48,373,FALSE,1.09624,1.09261
48,374,FALSE,7.01836,1.00189
48,375,FALSE,1.12136,1.09347
48,376,FALSE,1.11165,1.04891
48,377,FALSE,1.1117,1.00096
48,378,FALSE,3.09565,3.14033
48,379,FALSE,1.12493,3.09307
48,380,FALSE,3.03501,4.00335
48,381,FALSE,1.12788,1.1194
48,383,FALSE,5.07515,1.05024
48,384,FALSE,5.02484,1.14296
48,385,FALSE,5.13902,1.00378
48,386,FALSE,5.1113,1.0046
48,387,FALSE,4.13563,1.00538
48,388,FALSE,1.1262,1.00269
48,389,FALSE,2.03296,1.01067
48,390,FALSE,2.07442,1.04358
48,391,FALSE,3.1292,1.00817
48,394,FALSE,5.14102,1.00345
48,395,FALSE,1.11388,5.06055
48,396,FALSE,1.10671,5.01001
48,397,FALSE,1.13686,5.10932
48,398,FALSE,3.1172,5.09086
48,403,FALSE,4.13303,1.06327
48,404,FALSE,4.12409,5.03414
48,405,FALSE,1.09338,5.0996
48,406,FALSE,1,1.04414
48,407,FALSE,3.09264,4.12639
48,408,TRUE,1.13112,1
48,412,FALSE,6.12926,5.00005
48,413,FALSE,5.08326,5.01585
48,414,FALSE,6.10035,5.00656
48,415,FALSE,3.10038,5.01017
48,416,FALSE,3.00804,3.01065
48,417,FALSE,3.12204,1.12767
48,418,FALSE,5.02618,5.03398
48,419,FALSE,3.07385,4.0583
48,420,FALSE,3.03181,3.1395
48,421,FALSE,5.03861,3.04821
48,422,FALSE,5.06255,3.01099
48,423,FALSE,3.12225,1.11495
48,425,FALSE,7.0575,1.02653
48,426,FALSE,4.11527,1.08195
48,427,FALSE,1.14361,1.09904
48,428,FALSE,3.06687,3.12645
48,429,FALSE,3.02566,3.09794
49,1,FALSE,3.05492,1.0885
49,3,FALSE,1.01683,1.10612
49,5,FALSE,7.06005,1.04648
49,6,FALSE,3.04262,1.04702
49,7,FALSE,1,1.02465
49,9,FALSE,1.09597,1.0076
49,10,FALSE,1.01664,1.11681
49,11,FALSE,1,1.11455
49,13,FALSE,1.1409,1.10388
49,17,FALSE,3.03596,1.06256
49,18,FALSE,1.11905,1.03091
49,19,TRUE,3.02621,1
49,21,FALSE,4.09629,1.09733
49,22,FALSE,1.12887,1.13978
49,25,FALSE,4.0432,1.01909
49,29,FALSE,1.12961,1.00285
49,30,FALSE,1.11864,1.10964
49,69,FALSE,4.0709,1.00297
49,70,FALSE,3.09546,3.0178
49,71,FALSE,3.14374,1.07436
49,72,FALSE,3.04885,3.05881
49,73,FALSE,3.13962,3.01021
49,74,FALSE,3.0337,3.07587
49,75,FALSE,3.07601,4.07451
49,76,FALSE,3.02206,1.13286
49,77,FALSE,1.13447,3.02782
49,78,FALSE,3.12792,1.10572
49,79,FALSE,3.01078,1.12995
49,82,FALSE,4.1329,1.00033
49,83,FALSE,3.12527,1.07858
49,84,FALSE,1,3.03953
49,85,TRUE,1.11552,1
49,86,TRUE,4.1443,1
49,91,FALSE,1.14077,1.04935
49,92,FALSE,3.02383,1.10997
49,93,FALSE,3.03922,1.117
49,95,FALSE,1.13899,1.03277
49,98,FALSE,5.11806,1.00594
49,99,FALSE,5.10522,2.03504
49,100,FALSE,6.11371,1.12475
49,101,FALSE,3.13507,1.00677
49,103,FALSE,5.09012,1.13489
49,104,FALSE,5.07022,1.11764
49,106,FALSE,5.04337,1.01838
49,107,FALSE,6.05912,1.03569
49,109,FALSE,4.06215,1.14166
49,110,FALSE,3.01609,1.11692
49,111,FALSE,3.10975,1.00606
49,112,FALSE,2.03954,1.01545
49,113,FALSE,3.06079,1.04949
49,114,FALSE,1.13873,1.03937
49,115,FALSE,1.1426,1.07051
49,116,FALSE,3.10989,1.04378
49,117,FALSE,1.14303,1.02813
49,118,FALSE,3.13106,1.02749
49,120,FALSE,4.06037,1.00394
49,121,FALSE,1.13211,1.00079
49,122,FALSE,1.1467,1.00102
49,123,FALSE,1.13148,1.00097
49,124,FALSE,7.09317,1.00593
49,125,FALSE,4.10912,5.115
49,126,FALSE,5.0631,5.09697
49,127,FALSE,4.00226,1.04022
49,128,FALSE,5.12068,1.00822
49,129,FALSE,5.05862,1.09801
49,130,FALSE,5.08225,5.11569
49,131,FALSE,1.02481,1.12006
49,133,FALSE,1.1433,1.00927
49,134,FALSE,1.13858,1.00381
49,135,FALSE,1.12838,1.0032
49,136,FALSE,1.14304,1.01476
49,137,TRUE,1.12986,1
49,139,FALSE,1.13509,1.09024
49,140,FALSE,1.14705,1.05355
49,141,FALSE,1.10254,1.08108
49,142,FALSE,1,1.02144
49,143,FALSE,1.08783,1.04237
49,144,FALSE,1.11268,1.10141
49,145,FALSE,1,5.08384
49,146,TRUE,1,1
49,147,FALSE,1,1.04749
49,148,TRUE,1,1
49,149,TRUE,3.03669,1
49,150,FALSE,1,5.01129
49,151,TRUE,1.06163,1
49,153,FALSE,1.14086,1.13071
49,154,FALSE,5.12913,1.10787
49,155,FALSE,7.09808,1.01333
49,156,FALSE,3.0268,1.07837
49,157,FALSE,1.13905,1.01433
49,158,FALSE,3.1214,1.00637
49,159,FALSE,3.04671,1.0586
49,160,FALSE,3.07143,1.06478
49,161,FALSE,3.03871,1.11151
49,162,FALSE,4.08126,4.01958
49,164,FALSE,7.07009,1.01121
49,165,FALSE,1.10497,5.01052
49,166,FALSE,5.05606,5.12909
49,167,FALSE,1.05551,1.07617
49,168,FALSE,1,5.11531
49,169,FALSE,5.07372,5.07893
49,173,FALSE,4.0487,1.09351
49,175,FALSE,1.06776,1.07135
49,176,FALSE,1.063,1.07454
49,177,FALSE,5.13496,1.09667
49,178,FALSE,6.02732,4.01262
49,179,FALSE,5.13178,1.13922
49,180,FALSE,5.00967,2.00255
49,181,FALSE,5.09937,3.05242
49,182,FALSE,5.00547,1.14635
49,183,FALSE,5.08159,1.08888
49,184,FALSE,7.0153,1.10354
49,185,FALSE,5.14032,1.12985
49,186,FALSE,7.00259,1.11307
49,188,FALSE,5.13793,1.02866
49,189,FALSE,6.10805,4.14599
49,190,FALSE,3.13061,1.12282
49,191,FALSE,5.12819,1.02063
49,192,FALSE,5.02592,1.13539
49,193,FALSE,5.0585,6.03356
49,194,FALSE,5.14673,1.12207
49,195,FALSE,3.12991,1.08444
49,197,FALSE,5.14471,1.00265
49,198,FALSE,5.0922,1.09857
49,199,FALSE,5.03901,1.09065
49,200,FALSE,1.1457,1.14714
49,201,FALSE,1.13523,1.13249
49,202,FALSE,7.14294,7.01613
49,203,FALSE,5.10509,1.13867
49,204,FALSE,5.07541,1.12834
49,206,FALSE,5.01697,1.00238
49,207,FALSE,3.11176,1.14266
49,208,FALSE,1.13909,1.05359
49,209,FALSE,3.07902,3.00242
49,210,FALSE,3.09849,3.03075
49,211,FALSE,3.01669,3.02124
49,212,FALSE,1.10145,1.07375
49,213,FALSE,3.04628,1.065
49,216,FALSE,6.07783,1.12643
49,217,FALSE,4.04372,1.13487
49,218,FALSE,5.09964,1.13561
49,219,FALSE,5.0186,3.02135
49,222,FALSE,3.0742,1.12424
49,225,FALSE,3.1025,4.08046
49,226,FALSE,5.09015,1.07536
49,227,FALSE,7.02597,4.03124
49,229,FALSE,4.0454,3.09399
49,230,FALSE,3.08231,3.01949
49,233,FALSE,5.13947,1.03214
49,234,FALSE,5.0234,3.01456
49,235,FALSE,3.0896,3.12817
49,236,FALSE,1.09104,1.08792
49,237,FALSE,1.04822,1.07144
49,242,FALSE,4.1018,1.05265
49,243,FALSE,1.07674,1.09984
49,251,FALSE,4.06712,4.07058
49,252,FALSE,3.12623,1.13019
49,253,FALSE,5.00125,1.01685
49,254,FALSE,1.09489,1.01044
49,255,FALSE,3.07087,1.08574
49,256,FALSE,5.10673,1.03065
49,257,FALSE,5.12818,1.0085
49,258,FALSE,3.03044,1.01971
49,259,FALSE,1.13255,3.1194
49,260,FALSE,1.12954,1.02044
49,262,FALSE,6.05752,1.01047
49,263,FALSE,1.14368,1.01759
49,264,FALSE,4.07432,1.13205
49,265,FALSE,1.13741,1.14281
49,270,FALSE,1.14717,3.07199
49,271,FALSE,3.13549,1.07478
49,272,FALSE,1.13003,1.09985
49,273,FALSE,1.13836,1.07348
49,274,FALSE,1.10888,1.10051
49,275,FALSE,1.13709,3.02885
49,280,FALSE,1.12145,1.00448
49,289,FALSE,4.06884,1.06435
49,290,FALSE,1.14568,1.11847
49,291,FALSE,1.14501,1.14607
49,292,FALSE,1.1368,1.01141
49,293,FALSE,5.14592,5.0013
49,294,FALSE,5.03908,5.02922
49,295,FALSE,6.0787,5.00699
49,296,FALSE,5.0366,5.02091
49,297,FALSE,5.13362,1.09095
49,298,FALSE,5.14095,1.02227
49,299,FALSE,4.02601,1.08798
49,300,FALSE,5.04167,1.02903
49,301,FALSE,3.05837,1.08329
49,302,FALSE,5.06541,1.06404
49,303,FALSE,3.06227,3.07697
49,308,FALSE,6.14365,1.0117
49,317,FALSE,5.1055,1.00027
49,318,FALSE,6.0719,1.0907
49,319,FALSE,5.10043,1.0529
49,320,FALSE,5.13891,1.00508
49,321,FALSE,4.10434,1.03787
49,322,FALSE,3.11852,1.05986
49,323,FALSE,3.09306,1.0017
49,324,FALSE,3.13787,1.01039
49,325,FALSE,5.07361,1.09502
49,326,FALSE,3.02684,1.05585
49,328,FALSE,5.14209,1.05444
49,329,FALSE,6.14672,2.07429
49,330,FALSE,5.14196,1.06397
49,331,FALSE,3.08195,1.0823
49,332,FALSE,5.12816,1.11909
49,333,FALSE,5.0921,3.02554
49,334,FALSE,1.10179,1.09332
49,335,FALSE,5.10825,1.07221
49,336,FALSE,5.13624,1.07644
49,337,FALSE,5.0982,1.09022
49,339,FALSE,5.04068,1.05676
49,340,TRUE,1.00706,1
49,341,TRUE,5.14645,1
49,342,FALSE,1.12246,6.08354
49,343,TRUE,1,1
49,346,FALSE,5.0192,1.11006
49,347,FALSE,6.05487,1.13176
49,348,FALSE,5.08413,1.09216
49,349,FALSE,5.00384,1.00725
49,350,FALSE,4.0604,1.13814
49,351,FALSE,5.13358,1.126
49,352,FALSE,4.04552,1.10761
49,353,FALSE,7.09006,4.06487
49,354,FALSE,5.11089,4.09119
49,355,FALSE,3.06895,1.10465
49,357,FALSE,4.06669,1.05776
49,358,FALSE,3.11084,1.0981
49,359,FALSE,3.00051,1.11823
49,361,FALSE,5.08642,1.07423
49,363,FALSE,5.05796,5.07658
49,364,FALSE,5.10613,5.10988
49,365,FALSE,3.01583,1.10603
49,366,FALSE,1.11721,1.05548
49,367,FALSE,5.12824,5.08814
49,370,FALSE,3.12492,1.10271
49,371,FALSE,3.13584,1.14088
49,372,FALSE,6.07232,1.1451
49,373,FALSE,1.13663,1.10619
49,374,FALSE,7.07462,1.03079
49,375,FALSE,1.12719,1.05329
49,376,FALSE,1.13837,1.08679
49,377,FALSE,1.11519,1.06941
49,378,FALSE,3.12195,3.08199
49,379,FALSE,1.14282,3.12617
49,380,FALSE,3.11629,4.11534
49,381,FALSE,1.14731,1.1449
49,383,FALSE,5.12998,1.09735
49,384,FALSE,4.03227,1.09769
49,385,FALSE,5.10519,1.00755
49,386,FALSE,5.03823,1.01591
49,387,FALSE,4.06727,1.0536
49,388,FALSE,1.14452,1.02985
49,389,FALSE,2.07572,1.01345
49,390,FALSE,5.10902,1.0011
49,391,FALSE,3.03616,1.02765
49,394,FALSE,5.09783,1.00571
49,395,FALSE,1.12268,5.09259
49,396,FALSE,1.09115,5.11492
49,397,FALSE,1.05482,5.053
49,398,FALSE,3.09578,5.12714
49,403,FALSE,4.13885,1.02662
49,404,FALSE,4.0995,5.05822
49,405,FALSE,1.13626,5.12104
49,406,FALSE,1.03551,1.07912
49,407,FALSE,3.09447,4.04747
49,408,TRUE,1.10266,1
49,412,FALSE,6.09956,5.00728
49,413,FALSE,5.01969,5.01153
49,414,FALSE,6.0962,5.00424
49,415,FALSE,3.0435,5.00721
49,416,FALSE,3.04298,3.07299
49,417,FALSE,3.04381,1.14428
49,418,FALSE,5.04079,5.07411
49,419,FALSE,5.1108,3.14447
49,420,FALSE,3.12583,3.13431
49,421,FALSE,5.10599,3.02316
49,422,FALSE,5.06831,1.13896
49,423,FALSE,3.05237,1.12073
49,425,FALSE,1.09608,1.01783
49,426,FALSE,4.10783,1.08056
49,427,FALSE,1.14654,1.09595
49,428,FALSE,3.09258,3.12422
49,429,FALSE,3.05157,3.01572
50,1,FALSE,3.09513,1.11438
50,3,FALSE,1.11232,1.128
50,5,FALSE,7.14508,1.05648
50,6,FALSE,3.01592,1.08542
50,7,FALSE,1,1.03611
50,9,FALSE,1.12732,1.00289
50,10,FALSE,1.08519,1.08586
50,11,FALSE,1,1.11174
50,13,FALSE,1.14014,1.10212
50,17,FALSE,4.06568,1.05836
50,18,FALSE,1.07408,1.06074
50,19,TRUE,3.08973,1
50,21,FALSE,3.07387,1.07399
50,22,FALSE,1.13241,1.1346
50,25,FALSE,4.11189,1.03663
50,29,FALSE,1.14517,1.00903
50,30,FALSE,1.14516,1.08135
50,69,FALSE,4.10254,1.00071
50,70,FALSE,3.11668,3.00852
50,71,FALSE,3.11283,1.10048
50,72,FALSE,3.07805,3.09918
50,73,FALSE,3.06898,3.03829
50,74,FALSE,3.02208,3.02881
50,75,FALSE,3.14689,4.01282
50,76,FALSE,1.14053,1.14562
50,77,FALSE,1.12719,3.02573
50,78,FALSE,3.03402,1.09932
50,79,FALSE,1.12924,1.13387
50,82,FALSE,4.09414,1.04003
50,83,FALSE,3.08491,1.04154
50,84,FALSE,1,3.09383
50,85,FALSE,1,1.05612
50,86,TRUE,4.02414,1
50,91,FALSE,1.12957,1.04509
50,92,FALSE,1.13466,1.126
50,93,FALSE,3.14307,1.12153
50,95,FALSE,1.13262,1.04897
50,98,FALSE,5.13858,1.08541
50,99,FALSE,5.13482,2.01384
50,100,FALSE,6.03851,1.12508
50,101,FALSE,3.1364,1.02949
50,103,FALSE,5.09305,1.12494
50,104,FALSE,5.06905,1.12792
50,106,FALSE,5.11325,1.02044
50,107,FALSE,6.10158,1.00605
50,109,FALSE,4.05664,1.13524
50,110,FALSE,3.13685,1.11578
50,111,FALSE,3.12505,1.00874
50,112,FALSE,2.1345,1.01052
50,113,FALSE,3.06458,1.08307
50,114,FALSE,1.1461,1.03627
50,115,FALSE,1.11884,1.04701
50,116,FALSE,3.05779,1.04885
50,117,FALSE,1.13456,1.01807
50,118,FALSE,3.13541,1.0116
50,120,FALSE,4.08381,1.00422
50,121,FALSE,1.1068,1.00753
50,122,FALSE,1.13649,1.00382
50,123,FALSE,1.06257,1.01942
50,124,FALSE,7.0093,1.01263
50,125,FALSE,4.14102,5.05683
50,126,FALSE,5.08033,5.12003
50,127,FALSE,4.00887,1.00795
50,128,FALSE,5.04261,1.06959
50,129,FALSE,5.09585,1.10395
50,130,FALSE,5.08903,5.13328
50,131,FALSE,1.10194,1.11706
50,133,FALSE,1.14154,1.02353
50,134,FALSE,1.13008,1.01631
50,135,FALSE,1.12455,1.01944
50,136,FALSE,1.13849,1.11028
50,137,TRUE,1.08909,1
50,139,FALSE,1.13151,1.06181
50,140,FALSE,1.07722,1.00044
50,141,FALSE,1.06846,1.06217
50,142,FALSE,1.13991,1.07441
50,143,FALSE,1.13931,1.01291
50,144,FALSE,1.13514,1.13467
50,145,FALSE,1,5.14235
50,146,TRUE,1,1
50,147,FALSE,1,1.13895
50,148,TRUE,1,1
50,149,TRUE,3.0767,1
50,150,FALSE,1,5.06398
50,151,FALSE,1,1.04296
50,153,FALSE,1.14225,1.14061
50,154,FALSE,5.029,1.08895
50,155,FALSE,7.00202,1.03163
50,156,FALSE,3.09384,1.10605
50,157,FALSE,1.1158,1.01417
50,158,FALSE,3.13804,1.05079
50,159,FALSE,3.12638,1.00174
50,160,FALSE,3.04388,1.0111
50,161,FALSE,3.11184,1.06964
50,162,FALSE,4.11312,4.12604
50,164,FALSE,7.0184,1.02746
50,165,FALSE,1.14196,5.00559
50,166,FALSE,5.05778,5.13489
50,167,FALSE,1.04075,1.08212
50,168,FALSE,1,5.07403
50,169,FALSE,5.12631,5.14339
50,173,FALSE,4.00492,1.10829
50,175,FALSE,1.11721,1.09404
50,176,FALSE,1.12125,1.07183
50,177,FALSE,5.11115,1.12338
50,178,FALSE,5.08737,4.00597
50,179,FALSE,5.10592,1.1447
50,180,FALSE,5.03783,2.08954
50,181,FALSE,5.10874,3.08633
50,182,FALSE,5.09936,1.14147
50,183,FALSE,5.04586,1.11906
50,184,FALSE,7.11212,1.13462
50,185,FALSE,5.05167,1.12246
50,186,FALSE,7.06575,1.10429
50,188,FALSE,5.14566,1.01923
50,189,FALSE,6.06866,4.08436
50,190,FALSE,3.13438,1.09437
50,191,FALSE,5.0196,1.07266
50,192,FALSE,5.07861,1.11332
50,193,FALSE,5.00819,6.01478
50,194,FALSE,5.09133,1.12259
50,195,FALSE,3.11862,1.12134
50,197,FALSE,5.10532,1.00912
50,198,FALSE,5.06397,1.11019
50,199,FALSE,5.00627,1.14534
50,200,FALSE,1.13747,1.13995
50,201,FALSE,5.06124,1.03853
50,202,FALSE,7.06926,7.09523
50,203,FALSE,5.08862,4.05672
50,204,FALSE,5.04417,1.06327
50,206,FALSE,5.0138,1.00357
50,207,FALSE,3.11895,1.09201
50,208,FALSE,1.14336,1.03945
50,209,FALSE,3.11379,3.04575
50,210,FALSE,3.09893,3.04217
50,211,FALSE,3.10625,3.11356
50,212,FALSE,1.12156,1.07854
50,213,FALSE,3.0818,1.05142
50,216,FALSE,6.12391,1.11548
50,217,FALSE,4.13589,1.1386
50,218,FALSE,5.12091,1.12633
50,219,FALSE,5.12819,1.1472
50,222,FALSE,3.07969,1.11353
50,225,FALSE,3.12174,4.10591
50,226,FALSE,5.02625,1.0933
50,227,FALSE,7.09579,4.04425
50,229,FALSE,4.05152,3.10288
50,230,FALSE,3.0958,3.09582
50,233,FALSE,5.12533,1.0114
50,234,FALSE,5.06975,3.00093
50,235,FALSE,3.00444,3.07587
50,236,FALSE,1.08611,1.14136
50,237,FALSE,1.13288,1.08405
50,242,FALSE,4.13477,1.00464
50,243,FALSE,1.10883,1.06942
50,251,FALSE,4.12641,4.12955
50,252,FALSE,3.07232,1.12671
50,253,FALSE,5.02628,1.02227
50,254,FALSE,1.11818,1.01232
50,255,FALSE,3.06102,1.04573
50,256,FALSE,5.11956,1.01509
50,257,FALSE,5.00496,1.02097
50,258,FALSE,3.08725,1.00556
50,259,FALSE,1.10339,3.05111
50,260,FALSE,1.12951,1.00829
50,262,FALSE,6.05979,1.00144
50,263,FALSE,1.14044,1.0508
50,264,FALSE,4.03979,1.14297
50,265,FALSE,1.14736,1.13863
50,270,FALSE,1.12601,3.03208
50,271,FALSE,3.10534,1.13594
50,272,FALSE,1.13565,1.09983
50,273,FALSE,1.13192,1.08126
50,274,FALSE,1.12636,1.09862
50,275,FALSE,1.13207,3.04426
50,280,FALSE,1.11465,1.02125
50,289,FALSE,4.12475,1.05972
50,290,FALSE,1.14493,1.11512
50,291,FALSE,1.13154,1.13097
50,292,FALSE,1.14173,1.11088
50,293,FALSE,6.06036,5.00136
50,294,FALSE,1.14364,5.01188
50,295,FALSE,6.04206,5.00588
50,296,FALSE,5.01685,5.02942
50,297,FALSE,5.09294,1.11515
50,298,FALSE,5.13584,1.05023
50,299,FALSE,4.05176,1.10263
50,300,FALSE,5.04233,1.00595
50,301,FALSE,3.07642,1.09175
50,302,FALSE,5.10568,1.07573
50,303,FALSE,3.05448,3.00016
50,308,FALSE,6.14695,1.00643
50,317,FALSE,5.07534,1.00161
50,318,FALSE,6.07816,1.10054
50,319,FALSE,5.1473,1.02986
50,320,FALSE,5.1125,1.0419
50,321,FALSE,4.12947,1.01227
50,322,FALSE,3.00544,1.0421
50,323,FALSE,3.05478,1.07825
50,324,FALSE,3.0828,1.00295
50,325,FALSE,5.12726,1.0969
50,326,FALSE,3.09801,1.0621
50,328,FALSE,5.13374,1.09496
50,329,FALSE,6.14248,1.14162
50,330,FALSE,5.13511,1.07683
50,331,FALSE,5.13682,1.06184
50,332,FALSE,5.11192,1.13323
50,333,FALSE,5.09204,3.14199
50,334,FALSE,1.12817,1.12434
50,335,FALSE,5.05384,1.12328
50,336,FALSE,5.12911,1.1177
50,337,FALSE,5.09029,1.07626
50,339,FALSE,5.12216,1.04751
50,340,TRUE,1.06691,1
50,341,TRUE,5.01143,1
50,342,FALSE,1.10186,6.14281
50,343,TRUE,1,1
50,346,FALSE,5.11851,1.0964
50,347,FALSE,6.04962,1.13361
50,348,FALSE,5.01736,1.10987
50,349,FALSE,5.08004,1.02862
50,350,FALSE,4.14535,1.14688
50,351,FALSE,5.08346,1.1418
50,352,FALSE,4.01857,1.03237
50,353,FALSE,7.09511,4.04982
50,354,FALSE,5.12076,4.13709
50,355,FALSE,3.1439,1.07512
50,357,FALSE,4.12353,1.05025
50,358,FALSE,3.13932,1.11563
50,359,FALSE,3.04859,1.12458
50,361,FALSE,5.06584,1.09549
50,363,FALSE,5.07166,5.10442
50,364,FALSE,5.10237,5.1179
50,365,FALSE,3.05428,1.14429
50,366,FALSE,1.1001,1.09842
50,367,FALSE,5.03565,5.04939
50,370,FALSE,3.13723,1.10132
50,371,FALSE,3.01043,1.10319
50,372,FALSE,6.14094,1.14661
50,373,FALSE,1.12977,1.10617
50,374,FALSE,7.12986,1.02676
50,375,FALSE,1.10716,1.01543
50,376,FALSE,1.08627,1.13339
50,377,FALSE,1.10342,1.09869
50,378,FALSE,3.11964,3.03067
50,379,FALSE,1.11063,3.01195
50,380,FALSE,3.11769,4.08131
50,381,FALSE,1.12245,1.03223
50,383,FALSE,5.12161,1.07693
50,384,FALSE,5.08434,1.14069
50,385,FALSE,5.13883,1.00148
50,386,FALSE,5.00402,1.05313
50,387,FALSE,4.10622,1.05095
50,388,FALSE,1.1401,1.01698
50,389,FALSE,2.00701,1.04072
50,390,FALSE,5.03519,1.00168
50,391,FALSE,3.0295,1.0259
50,394,FALSE,5.13417,1.01057
50,395,FALSE,1.07774,5.001
50,396,FALSE,1.05232,5.06109
50,397,FALSE,1.10076,5.10357
50,398,FALSE,3.08495,5.12968
50,403,FALSE,4.11749,1.00717
50,404,FALSE,4.04385,5.13641
50,405,FALSE,1.1157,5.01152
50,406,FALSE,1.01467,1.05435
50,407,FALSE,3.14195,4.01302
50,408,TRUE,1.02482,1
50,412,FALSE,6.13255,5.0052
50,413,FALSE,5.13061,5.00015
50,414,FALSE,6.13766,5.00239
50,415,FALSE,3.07589,5.02512
50,416,FALSE,3.09187,3.12463
50,417,FALSE,3.12312,1.13898
50,418,FALSE,5.01191,5.09825
50,419,FALSE,5.00713,3.02893
50,420,FALSE,3.02612,3.12906
50,421,FALSE,5.09682,3.14526
50,422,FALSE,5.08475,3.03717
50,423,FALSE,3.12226,1.13624
50,425,FALSE,7.01998,1.0051
50,426,FALSE,4.14287,1.08246
50,427,FALSE,1.14145,1.10784
50,428,FALSE,3.07376,3.03758
50,429,FALSE,3.06316,3.01348
51,1,FALSE,3.0251,1.0797
51,3,FALSE,1.01634,1.0169
51,5,FALSE,7.00619,1.10644
51,6,FALSE,3.09359,1.07175
51,7,FALSE,1,1.01599
51,9,FALSE,1.12055,1.03042
51,10,FALSE,1.12437,1.11761
51,11,FALSE,1,1.13887
51,13,FALSE,1.12905,1.06086
51,17,FALSE,3.08097,1.04744
51,18,FALSE,1.07994,1.04593
51,19,TRUE,3.08586,1
51,21,FALSE,4.10751,1.08587
51,22,FALSE,1.14412,1.1452
51,25,FALSE,4.14306,1.01286
51,29,FALSE,1.13305,1.00139
51,30,FALSE,1.14052,1.07499
51,69,FALSE,4.1188,1.00237
51,70,FALSE,3.07812,3.05147
51,71,FALSE,1.1123,1.11596
51,72,FALSE,3.01848,3.10178
51,73,FALSE,3.09973,3.0489
51,74,FALSE,7.08516,3.02766
51,75,FALSE,3.14331,4.06864
51,76,FALSE,1.13954,1.14011
51,77,FALSE,1.14402,3.04035
51,78,FALSE,4.06407,1.09818
51,79,FALSE,1.13366,1.13486
51,82,FALSE,4.12693,1.10813
51,83,FALSE,1.00907,1.07208
51,84,FALSE,1,3.00185
51,85,TRUE,1.01379,1
51,86,TRUE,4.11868,1
51,91,FALSE,1.12514,1.05116
51,92,FALSE,1.14606,1.12386
51,93,FALSE,3.07021,1.12987
51,95,FALSE,1.14623,1.0584
51,98,FALSE,5.13056,1.08431
51,99,FALSE,5.13639,2.03022
51,100,FALSE,6.00963,1.12033
51,101,FALSE,3.06414,1.00089
51,103,FALSE,5.12714,1.13814
51,104,FALSE,5.04243,1.1026
51,106,FALSE,5.06647,1.10668
51,107,FALSE,6.09736,1.03439
51,109,FALSE,4.02187,1.10277
51,110,FALSE,3.08632,1.11716
51,111,FALSE,3.11144,1.00979
51,112,FALSE,2.14537,1.02573
51,113,FALSE,3.1423,1.0804
51,114,FALSE,1.13475,1.00625
51,115,FALSE,1.14677,1.07726
51,116,FALSE,3.08697,1.05444
51,117,FALSE,1.14525,1.01374
51,118,FALSE,3.14177,1.06555
51,120,FALSE,4.09126,1.0031
51,121,FALSE,1.14336,1.0003
51,122,FALSE,1.12829,1.00332
51,123,FALSE,1.0885,1.00479
51,124,FALSE,7.06699,1.00401
51,125,FALSE,4.07255,5.11354
51,126,FALSE,5.05401,5.0448
51,127,FALSE,4.1219,1.0082
51,128,FALSE,5.05124,1.04342
51,129,FALSE,5.03308,1.10856
51,130,FALSE,5.09305,5.13377
51,131,FALSE,1.11353,1.06696
51,133,FALSE,1.14688,1.00266
51,134,FALSE,1.10143,1.00367
51,135,FALSE,1.14703,1.01008
51,136,FALSE,1.13389,1.04703
51,137,FALSE,1.1403,1.06872
51,139,FALSE,1.0611,1.01967
51,140,FALSE,1.12952,1.04317
51,141,FALSE,1.07912,1.10831
51,142,FALSE,1.02912,1.04856
51,143,FALSE,1.12029,1.02727
51,144,FALSE,1.12133,1.13276
51,145,FALSE,1,5.13157
51,146,TRUE,1,1
51,147,FALSE,1,1.03165
51,148,TRUE,1,1
51,149,TRUE,3.13543,1
51,150,FALSE,1,5.14416
51,151,TRUE,1.04127,1
51,153,FALSE,1.13935,1.12999
51,154,FALSE,5.03492,1.12477
51,155,FALSE,3.04117,1.03018
51,156,FALSE,1.14672,1.0583
51,157,FALSE,1.1352,1.00349
51,158,FALSE,3.12864,1.01268
51,159,FALSE,3.10663,1.006
51,160,FALSE,3.13942,1.0207
51,161,FALSE,3.09185,1.09643
51,162,FALSE,4.07641,4.10181
51,164,FALSE,7.05735,1.01652
51,165,FALSE,1.04495,5.01689
51,166,FALSE,5.0459,5.13494
51,167,FALSE,1.00388,1.13978
51,168,FALSE,1,5.14425
51,169,FALSE,5.03634,5.12922
51,173,FALSE,4.10044,1.07952
51,175,FALSE,1.03251,1.04128
51,176,FALSE,1.06682,1.13465
51,177,FALSE,5.07869,1.12299
51,178,FALSE,5.09499,4.00509
51,179,FALSE,5.13967,1.13582
51,180,FALSE,5.11302,2.13306
51,181,FALSE,5.07599,3.14481
51,182,FALSE,5.01517,1.13963
51,183,FALSE,5.1061,1.09981
51,184,FALSE,7.05331,1.12988
51,185,FALSE,5.12175,1.14541
51,186,FALSE,7.05537,1.11777
51,188,FALSE,5.14593,1.0056
51,189,FALSE,6.01023,4.14295
51,190,FALSE,3.08352,1.14458
51,191,FALSE,5.08621,1.11159
51,192,FALSE,5.08201,1.10442
51,193,FALSE,5.10512,6.04512
51,194,FALSE,5.05376,1.12363
51,195,FALSE,3.14373,1.11511
51,197,FALSE,5.0461,1.00289
51,198,FALSE,5.06627,1.07728
51,199,FALSE,5.12992,1.14595
51,200,FALSE,1.12975,1.14553
51,201,FALSE,1.13454,1.13709
51,202,FALSE,7.0393,7.04331
51,203,FALSE,5.14489,4.14375
51,204,FALSE,5.09484,1.04074
51,206,FALSE,5.00703,1.00688
51,207,FALSE,3.0259,1.10817
51,208,FALSE,1.12257,1.07241
51,209,FALSE,3.06426,3.00871
51,210,FALSE,3.14261,3.03767
51,211,FALSE,3.05017,3.11099
51,212,FALSE,1.12126,1.04784
51,213,FALSE,3.08825,1.0575
51,216,FALSE,6.0841,1.11617
51,217,FALSE,4.00404,1.14209
51,218,FALSE,5.02116,1.12624
51,219,FALSE,5.02902,1.14467
51,222,FALSE,3.03778,1.12209
51,225,FALSE,3.09294,4.02325
51,226,FALSE,5.11573,1.08289
51,227,FALSE,7.1306,4.08936
51,229,FALSE,4.13754,3.07372
51,230,FALSE,3.11852,3.04224
51,233,FALSE,5.13139,1.01137
51,234,FALSE,5.14079,3.01756
51,235,FALSE,3.04845,3.1051
51,236,FALSE,1.12899,1.04111
51,237,FALSE,1.03722,1.08637
51,242,FALSE,4.12119,1.00971
51,243,FALSE,1.07335,1.1182
51,251,FALSE,4.09855,4.12343
51,252,FALSE,3.1109,1.11581
51,253,FALSE,5.14231,1.00472
51,254,FALSE,1.1372,1.06282
51,255,FALSE,3.09043,1.00493
51,256,FALSE,5.02755,1.06373
51,257,FALSE,5.02775,1.00948
51,258,FALSE,3.10538,1.01165
51,259,FALSE,1.1468,1.08782
51,260,FALSE,1.0829,1.00782
51,262,FALSE,6.13735,1.00116
51,263,FALSE,1.13332,1.04415
51,264,FALSE,4.00236,1.09275
51,265,FALSE,1.14346,1.136
51,270,FALSE,1.14584,3.01855
51,271,FALSE,3.06274,1.1159
51,272,FALSE,1.14486,1.12137
51,273,FALSE,1.14009,1.12381
51,274,FALSE,1.14428,1.05111
51,275,FALSE,1.14657,3.07818
51,280,FALSE,1.13037,1.00484
51,289,FALSE,4.13514,1.06052
51,290,FALSE,1.14372,1.07931
51,291,FALSE,1.14609,1.14053
51,292,FALSE,1.13222,1.10118
51,293,FALSE,6.08176,5.01006
51,294,FALSE,5.11013,5.0492
51,295,FALSE,6.14504,5.01111
51,296,FALSE,1.0341,5.00606
51,297,FALSE,5.11345,1.06879
51,298,FALSE,5.09986,1.04338
51,299,FALSE,4.0353,1.06548
51,300,FALSE,5.02792,1.02473
51,301,FALSE,3.13149,1.05718
51,302,FALSE,5.04846,1.09403
51,303,FALSE,3.08052,1.01754
51,308,FALSE,6.03815,1.01605
51,317,FALSE,3.01627,1.03792
51,318,FALSE,6.127,1.10156
51,319,FALSE,5.14339,1.04788
51,320,FALSE,5.06926,1.057
51,321,FALSE,4.01564,1.0438
51,322,FALSE,3.05304,1.0331
51,323,FALSE,3.08604,1.01397
51,324,FALSE,3.03734,1.00075
51,325,FALSE,5.0301,1.10244
51,326,FALSE,3.0768,1.06237
51,328,FALSE,5.13035,1.08976
51,329,FALSE,6.14581,1.1467
51,330,FALSE,5.1342,1.1039
51,331,FALSE,5.0046,1.09127
51,332,FALSE,5.10148,1.12135
51,333,FALSE,5.02737,3.05842
51,334,FALSE,1.14356,1.11545
51,335,FALSE,5.10937,1.11348
51,336,FALSE,5.12202,1.1002
51,337,FALSE,5.06508,1.12302
51,339,FALSE,5.12764,1.0087
51,340,TRUE,1.04193,1
51,341,TRUE,5.04315,1
51,342,FALSE,1.03784,6.03468
51,343,TRUE,1,1
51,346,FALSE,3.0608,1.09919
51,347,FALSE,6.0362,1.11201
51,348,FALSE,5.10326,1.11287
51,349,FALSE,5.07093,1.00976
51,350,FALSE,4.13353,1.14122
51,351,FALSE,5.00527,1.14675
51,352,FALSE,4.05873,1.13119
51,353,FALSE,7.0524,4.076
51,354,FALSE,5.07865,4.10834
51,355,FALSE,3.14357,1.06448
51,357,FALSE,4.11457,1.07345
51,358,FALSE,3.11419,1.05368
51,359,FALSE,3.1444,1.12136
51,361,FALSE,5.09186,1.07222
51,363,FALSE,5.07336,5.09975
51,364,FALSE,5.07964,5.09899
51,365,FALSE,3.11982,1.05615
51,366,FALSE,1.14505,1.10235
51,367,FALSE,5.06248,5.06897
51,370,FALSE,3.12657,1.0963
51,371,FALSE,3.03079,1.13375
51,372,FALSE,6.08321,1.14735
51,373,FALSE,1.14309,1.13098
51,374,FALSE,7.00184,1.01459
51,375,FALSE,3.08839,1.07432
51,376,FALSE,1.09548,1.04005
51,377,FALSE,1,1.03464
51,378,FALSE,3.12048,3.1397
51,379,FALSE,1.12816,3.02988
51,380,FALSE,3.07325,4.00357
51,381,FALSE,1.13693,1.14014
51,383,FALSE,5.08428,1.06421
51,384,FALSE,4.04758,1.13036
51,385,FALSE,5.13588,1.00091
51,386,FALSE,5.01727,1.00842
51,387,FALSE,4.05927,1.01071
51,388,FALSE,1.08551,1.00249
51,389,FALSE,2.04737,1.07098
51,390,FALSE,5.01935,1.02242
51,391,FALSE,3.12779,1.10748
51,394,FALSE,5.09644,1.01657
51,395,FALSE,1.07327,5.07534
51,396,FALSE,1.0125,5.0582
51,397,FALSE,1.14557,5.09478
51,398,FALSE,3.00172,5.03303
51,403,FALSE,4.06776,1.00857
51,404,FALSE,4.10636,5.06246
51,405,FALSE,1.14105,5.10147
51,406,FALSE,1.06103,1.00751
51,407,FALSE,3.02788,4.02076
51,408,TRUE,1.02199,1
51,412,FALSE,6.12683,5.008
51,413,FALSE,5.07294,5.00329
51,414,FALSE,6.1302,5.013
51,415,FALSE,3.10194,5.03301
51,416,FALSE,3.05367,3.13955
51,417,FALSE,3.11189,1.13964
51,418,FALSE,5.03917,5.04598
51,419,FALSE,5.04155,3.12857
51,420,FALSE,3.025,3.06669
51,421,FALSE,5.13807,3.09618
51,422,FALSE,5.1139,3.12638
51,423,FALSE,3.03581,1.1232
51,425,FALSE,7.02764,1.106
51,426,FALSE,4.13004,1.07541
51,427,FALSE,1.13617,1.07571
51,428,FALSE,3.13169,3.11862
51,429,FALSE,3.00227,3.05104
52,1,FALSE,3.11408,1.06101
52,3,FALSE,1.0275,1.06787
52,5,FALSE,7.02479,1.06835
52,6,FALSE,3.11094,1.04337
52,7,FALSE,1,1.01709
52,9,FALSE,1.13386,1.0473
52,10,FALSE,1.10535,1.10243
52,11,FALSE,1,1.00954
52,13,FALSE,1.13787,1.11372
52,17,FALSE,3.05368,1.05351
52,18,FALSE,1.10099,1.10555
52,19,TRUE,3.12912,1
52,21,FALSE,3.02275,1.10206
52,22,FALSE,1.1471,1.13213
52,25,FALSE,4.064,1.05008
52,29,FALSE,1.1468,1.01839
52,30,FALSE,1.14258,1.10529
52,69,FALSE,4.09252,1.00313
52,70,FALSE,3.06725,3.02647
52,71,FALSE,3.01003,1.08532
52,72,FALSE,3.12705,3.08431
52,73,FALSE,3.13505,3.01531
52,74,FALSE,3.03708,3.05864
52,75,FALSE,3.14471,4.09035
52,76,FALSE,3.00326,1.14542
52,77,FALSE,1.14687,3.00832
52,78,FALSE,4.04547,1.09093
52,79,FALSE,3.03101,1.12491
52,82,FALSE,4.03955,1.01082
52,83,FALSE,3.09028,1.03512
52,84,FALSE,1,3.08836
52,85,FALSE,1,1.0112
52,86,TRUE,4.08081,1
52,91,FALSE,1.14363,1.04576
52,92,FALSE,1.14402,1.11891
52,93,FALSE,3.1298,1.13002
52,95,FALSE,1.12518,1.04934
52,98,FALSE,5.04494,1.09668
52,99,FALSE,5.14624,2.00688
52,100,FALSE,6.12446,1.10969
52,101,FALSE,3.08494,1.04529
52,103,FALSE,5.01707,1.13085
52,104,FALSE,5.14417,1.11705
52,106,FALSE,5.01125,1.12792
52,107,FALSE,6.00038,1.08879
52,109,FALSE,4.06738,1.12917
52,110,FALSE,3.11312,1.12962
52,111,FALSE,3.14013,1.03163
52,112,FALSE,2.04633,1.05068
52,113,FALSE,3.09319,1.12175
52,114,FALSE,1.09552,1.00137
52,115,FALSE,1.14224,1.06379
52,116,FALSE,3.10097,1.0213
52,117,FALSE,1.13833,1.00651
52,118,FALSE,3.12966,1.02474
52,120,FALSE,4.05647,1.001
52,121,FALSE,1.14399,1.01012
52,122,FALSE,1.14683,1.00719
52,123,FALSE,1.11157,1.00584
52,124,FALSE,7.06822,1.01542
52,125,FALSE,4.10598,5.05022
52,126,FALSE,5.07261,5.13148
52,127,FALSE,4.03705,1.04873
52,128,FALSE,5.13825,1.01607
52,129,FALSE,5.08178,1.08484
52,130,FALSE,5.06191,5.13853
52,131,FALSE,1.11099,1.05625
52,133,FALSE,1.13906,1.0333
52,134,FALSE,1.14261,1.01088
52,135,FALSE,1.123,1.08554
52,136,FALSE,1.13786,1.00388
52,137,FALSE,1.04832,1.10587
52,139,FALSE,1.12751,1.00188
52,140,FALSE,1.09257,1.02745
52,141,FALSE,1.01021,1.05163
52,142,FALSE,1.11072,1.05645
52,143,FALSE,1.12501,1.02031
52,144,FALSE,1.08008,1.05396
52,145,FALSE,1,5.10904
52,146,TRUE,1,1
52,147,FALSE,1,1.0902
52,148,TRUE,1,1
52,149,TRUE,3.03687,1
52,150,FALSE,1,5.14114
52,151,TRUE,1.02619,1
52,153,FALSE,1.14597,1.13778
52,154,FALSE,5.02685,1.10923
52,155,FALSE,7.08034,1.00764
52,156,FALSE,3.05726,1.07517
52,157,FALSE,1.14588,1.02653
52,158,FALSE,3.03203,1.09825
52,159,FALSE,3.06118,1.03799
52,160,FALSE,3.0008,1.02946
52,161,FALSE,3.1107,1.00468
52,162,FALSE,4.09714,4.10711
52,164,FALSE,7.08936,1.05126
52,165,FALSE,1.0495,5.07759
52,166,FALSE,5.09626,5.10595
52,167,FALSE,1.11733,1.13842
52,168,FALSE,1,5.13355
52,169,FALSE,5.09715,5.10446
52,173,FALSE,4.10946,1.10224
52,175,FALSE,1.04112,1.05379
52,176,FALSE,1.06317,1.06051
52,177,FALSE,5.14255,1.11743
52,178,FALSE,6.14,4.00259
52,179,FALSE,5.12251,1.14631
52,180,FALSE,5.10357,2.07803
52,181,FALSE,5.05282,3.08136
52,182,FALSE,5.0477,1.12599
52,183,FALSE,5.1121,1.037
52,184,FALSE,7.14116,1.12343
52,185,FALSE,5.13419,1.13297
52,186,FALSE,7.07586,1.1194
52,188,FALSE,5.13666,1.01731
52,189,FALSE,6.0047,4.1051
52,190,FALSE,3.03244,1.10157
52,191,FALSE,5.13089,1.06748
52,192,FALSE,5.12197,1.13592
52,193,FALSE,5.12868,6.00417
52,194,FALSE,5.13622,1.0942
52,195,FALSE,3.10756,1.12998
52,197,FALSE,5.14268,1.03529
52,198,FALSE,5.0823,1.12703
52,199,FALSE,4.02988,3.00699
52,200,FALSE,1.13907,1.14407
52,201,FALSE,1.12117,1.10344
52,202,FALSE,7.0618,7.03718
52,203,FALSE,5.11393,4.1119
52,204,FALSE,5.07793,1.06416
52,206,FALSE,5.11539,1.00021
52,207,FALSE,3.12953,1.12902
52,208,FALSE,1.13866,1.11236
52,209,FALSE,3.07805,3.033
52,210,FALSE,3.04496,3.00069
52,211,FALSE,3.07153,3.10687
52,212,FALSE,1.11673,1.08799
52,213,FALSE,3.07037,1.06757
52,216,FALSE,6.10967,1.11979
52,217,FALSE,4.08822,1.14053
52,218,FALSE,5.0668,1.12058
52,219,FALSE,5.13485,3.04051
52,222,FALSE,3.05431,1.11681
52,225,FALSE,3.14045,4.05341
52,226,FALSE,5.11315,1.11594
52,227,FALSE,7.14056,4.04003
52,229,FALSE,4.08206,3.09921
52,230,FALSE,3.11596,3.09347
52,233,FALSE,5.13313,1.04113
52,234,FALSE,5.10786,3.03793
52,235,FALSE,5.0993,3.00785
52,236,FALSE,1.11837,1.08664
52,237,FALSE,1.13721,1.10747
52,242,FALSE,4.10623,1.00586
52,243,FALSE,1.14673,1.13142
52,251,FALSE,4.11128,4.12144
52,252,FALSE,3.12984,1.12781
52,253,FALSE,5.08778,1.03263
52,254,FALSE,1.10211,1.02565
52,255,FALSE,3.1176,1.05583
52,256,FALSE,5.13024,1.08162
52,257,FALSE,5.13819,1.00111
52,258,FALSE,3.04977,1.07828
52,259,FALSE,1.1142,3.10094
52,260,FALSE,1.10014,1.0624
52,262,FALSE,6.08797,1.00931
52,263,FALSE,1.14488,1.03257
52,264,FALSE,4.11994,1.08791
52,265,FALSE,1.14694,1.12674
52,270,FALSE,1.13996,3.0218
52,271,FALSE,3.14339,1.12404
52,272,FALSE,1.11936,1.11644
52,273,FALSE,1.13604,1.14264
52,274,FALSE,1.13536,1.07953
52,275,FALSE,1.0976,3.0776
52,280,FALSE,1.14095,1.00951
52,289,FALSE,4.0564,1.05371
52,290,FALSE,1.14498,1.11651
52,291,FALSE,1.14223,1.13408
52,292,FALSE,1.14327,1.03984
52,293,FALSE,5.14391,5.00145
52,294,FALSE,1.13489,5.00503
52,295,FALSE,6.07779,5.0052
52,296,FALSE,5.11755,5.09815
52,297,FALSE,5.10793,1.12922
52,298,FALSE,5.05637,1.01623
52,299,FALSE,4.02725,1.05063
52,300,FALSE,5.00161,1.04379
52,301,FALSE,3.08674,1.08346
52,302,FALSE,5.06418,1.03833
52,303,FALSE,3.13827,1.10307
52,308,FALSE,6.08032,1.00882
52,317,FALSE,5.11538,1.00172
52,318,FALSE,6.08143,1.11824
52,319,FALSE,5.09029,1.05827
52,320,FALSE,5.04273,1.01449
52,321,FALSE,4.06092,1.04635
52,322,FALSE,3.00355,1.07565
52,323,FALSE,3.05613,1.0429
52,324,FALSE,3.06243,1.06091
52,325,FALSE,5.13483,1.08017
52,326,FALSE,3.06224,1.00444
52,328,FALSE,5.05451,1.09446
52,329,FALSE,6.12557,1.14602
52,330,FALSE,5.14032,1.09121
52,331,FALSE,3.08151,1.05263
52,332,FALSE,5.1101,1.11104
52,333,FALSE,5.11258,3.04058
52,334,FALSE,1.13247,1.10144
52,335,FALSE,5.01673,1.12794
52,336,FALSE,5.0814,1.09635
52,337,FALSE,5.11797,1.07602
52,339,FALSE,5.02771,1.10203
52,340,TRUE,1.14555,1
52,341,TRUE,5.07681,1
52,342,FALSE,1.05715,6.02277
52,343,TRUE,1,1
52,346,FALSE,5.03182,1.05478
52,347,FALSE,6.00746,1.12565
52,348,FALSE,5.0501,1.11878
52,349,FALSE,5.04117,1.01345
52,350,FALSE,4.07447,1.14483
52,351,FALSE,5.10143,1.14153
52,352,FALSE,4.02493,1.10999
52,353,FALSE,7.11411,4.08444
52,354,FALSE,5.08765,4.0332
52,355,FALSE,3.09744,1.0989
52,357,FALSE,4.05649,1.07361
52,358,FALSE,3.12646,1.097
52,359,FALSE,3.03549,1.08753
52,361,FALSE,5.08349,1.07677
52,363,FALSE,5.04706,5.05773
52,364,FALSE,5.04708,5.06348
52,365,FALSE,3.1456,1.05776
52,366,FALSE,1.12354,1.12424
52,367,FALSE,5.07449,5.08062
52,370,FALSE,3.1252,1.10797
52,371,FALSE,3.11671,1.13531
52,372,FALSE,6.07977,1.14692
52,373,FALSE,1.1421,1.12102
52,374,FALSE,7.08607,1.00667
52,375,FALSE,3.00654,1.1085
52,376,FALSE,1.1427,1.0986
52,377,FALSE,1.1259,1.0489
52,378,FALSE,3.10342,3.1451
52,379,FALSE,1.11221,3.11655
52,380,FALSE,3.11861,4.11819
52,381,FALSE,1.14029,1.12629
52,383,FALSE,5.12589,1.05238
52,384,FALSE,5.13063,1.14212
52,385,FALSE,5.14365,1.00458
52,386,FALSE,5.10824,1.06087
52,387,FALSE,4.03706,1.01056
52,388,FALSE,1.13539,1.02511
52,389,FALSE,2.07515,1.04754
52,390,FALSE,5.05775,1.00544
52,391,FALSE,3.03291,1.00105
52,394,FALSE,5.12441,1.02315
52,395,FALSE,1.14109,5.13038
52,396,FALSE,1.07058,5.14741
52,397,FALSE,1.12671,5.0556
52,398,FALSE,3.0016,5.09405
52,403,FALSE,4.00771,1.02265
52,404,FALSE,4.09799,5.08263
52,405,FALSE,1.07938,5.07008
52,406,FALSE,1,1.03424
52,407,FALSE,3.12094,4.07687
52,408,TRUE,1.03018,1
52,412,FALSE,6.09276,5.00064
52,413,FALSE,5.06903,5.0058
52,414,FALSE,6.10654,5.02818
52,415,FALSE,3.07782,5.01757
52,416,FALSE,3.07285,3.13047
52,417,FALSE,3.06563,1.10301
52,418,FALSE,5.05446,5.08358
52,419,FALSE,5.00925,3.09279
52,420,FALSE,3.02269,3.07077
52,421,FALSE,5.12371,3.07139
52,422,FALSE,3.09444,3.09872
52,423,FALSE,3.03609,1.10109
52,425,FALSE,1.07731,1.03863
52,426,FALSE,4.13909,1.08516
52,427,FALSE,1.14503,1.11911
52,428,FALSE,3.14245,3.09592
52,429,FALSE,3.12392,3.10225
53,1,FALSE,3.09866,1.08102
53,3,FALSE,1.06084,1.07196
53,5,FALSE,7.07702,1.05026
53,6,FALSE,3.02802,1.04434
53,7,FALSE,1,1.06291
53,9,FALSE,1.03344,1.00336
53,10,FALSE,1.02891,1.04863
53,11,FALSE,1,1.141
53,13,FALSE,1.14244,1.09427
53,17,FALSE,3.00521,1.05538
53,18,FALSE,1.13664,1.05589
53,19,TRUE,3.04583,1
53,21,FALSE,3.02897,1.08854
53,22,FALSE,1.12853,1.11572
53,25,FALSE,4.12517,1.02014
53,29,FALSE,1.1434,1.01809
53,30,FALSE,1.12965,1.05306
53,69,FALSE,4.09422,1.00595
53,70,FALSE,3.13368,3.0281
53,71,FALSE,3.04611,1.08461
53,72,FALSE,3.09344,3.12435
53,73,FALSE,3.09073,3.00604
53,74,FALSE,7.11042,3.02952
53,75,FALSE,3.13677,4.07436
53,76,FALSE,3.00727,1.14357
53,77,FALSE,1.14025,3.02662
53,78,FALSE,4.12216,1.09315
53,79,FALSE,3.13478,1.13165
53,82,FALSE,4.13435,1.0298
53,83,FALSE,1.13831,1.11701
53,84,FALSE,1,3.01784
53,85,FALSE,1,1.05222
53,86,TRUE,4.07907,1
53,91,FALSE,1.14452,1.04438
53,92,FALSE,3.06912,1.09115
53,93,FALSE,3.12842,1.12164
53,95,FALSE,1.14527,1.03676
53,98,FALSE,5.08575,1.08052
53,99,FALSE,5.0357,2.01182
53,100,FALSE,6.04639,1.10502
53,101,FALSE,3.06626,1.03694
53,103,FALSE,5.08999,1.13711
53,104,FALSE,5.06319,1.10917
53,106,FALSE,5.03596,1.09256
53,107,FALSE,6.06002,1.04077
53,109,FALSE,4.03797,1.13396
53,110,FALSE,3.06039,1.11309
53,111,FALSE,3.08056,1.0734
53,112,FALSE,2.10979,1.08765
53,113,FALSE,3.13832,1.09743
53,114,FALSE,1.13604,1.00714
53,115,FALSE,1.13969,1.05979
53,116,FALSE,3.1123,1.06165
53,117,FALSE,1.14349,1.08142
53,118,FALSE,3.09539,1.0379
53,120,FALSE,4.07384,1.00064
53,121,FALSE,1.13278,1.00745
53,122,FALSE,1.1405,1.00382
53,123,FALSE,1.11452,1.00405
53,124,FALSE,7.09334,1.05826
53,125,FALSE,4.1117,5.0199
53,126,FALSE,5.04839,5.0775
53,127,FALSE,4.11136,1.08451
53,128,FALSE,5.03731,1.02847
53,129,FALSE,5.09615,1.11137
53,130,FALSE,5.10428,5.12562
53,131,FALSE,1.08831,1.07192
53,133,FALSE,1.14312,1.01372
53,134,FALSE,1.13777,1.00084
53,135,FALSE,1.10347,1.0905
53,136,FALSE,1.14506,1.01497
53,137,FALSE,1.13578,1.10865
53,139,FALSE,1.12511,1.05562
53,140,FALSE,1.11144,1.02581
53,141,FALSE,1.12966,1.10465
53,142,FALSE,1.0563,1.045
53,143,FALSE,1.12959,1.01556
53,144,FALSE,1.11628,1.00008
53,145,FALSE,1,5.13045
53,146,TRUE,1,1
53,147,TRUE,1.04024,1
53,148,TRUE,1,1
53,149,TRUE,3.03993,1
53,150,FALSE,1,5.06085
53,151,FALSE,1,1.0218
53,153,FALSE,1.14407,1.13144
53,154,FALSE,5.1378,1.0948
53,155,FALSE,7.03453,1.00174
53,156,FALSE,3.03231,1.06339
53,157,FALSE,1.14101,1.00342
53,158,FALSE,3.00522,1.09323
53,159,FALSE,3.00601,1.05894
53,160,FALSE,3.13497,1.07345
53,161,FALSE,3.01603,1.01516
53,162,FALSE,4.09642,4.14683
53,164,FALSE,7.13058,1.03963
53,165,FALSE,1.09635,5.02854
53,166,FALSE,5.06372,5.07043
53,167,FALSE,1.07852,1.13556
53,168,FALSE,1,5.02433
53,169,FALSE,5.04726,5.0749
53,173,FALSE,4.11045,1.09832
53,175,FALSE,1.07901,1.08399
53,176,FALSE,1.1164,1.05111
53,177,FALSE,5.06036,1.12659
53,178,FALSE,5.1219,4.00769
53,179,FALSE,5.1451,1.14441
53,180,FALSE,5.02637,2.06271
53,181,FALSE,5.09606,3.05814
53,182,FALSE,5.04843,1.1432
53,183,FALSE,5.12403,1.12983
53,184,FALSE,7.07519,1.13047
53,185,FALSE,5.1031,1.12397
53,186,FALSE,7.02409,1.1101
53,188,FALSE,7.08008,1.01007
53,189,FALSE,6.12945,4.0829
53,190,FALSE,3.12246,1.131
53,191,FALSE,5.1071,1.10671
53,192,FALSE,5.10522,1.11275
53,193,FALSE,5.07836,6.07909
53,194,FALSE,5.00281,1.13367
53,195,FALSE,3.14137,1.13378
53,197,FALSE,5.07009,1.00729
53,198,FALSE,5.02352,1.09033
53,199,FALSE,3.02531,3.04476
53,200,FALSE,1.14614,1.14649
53,201,FALSE,1.14633,1.14253
53,202,FALSE,7.02065,7.02703
53,203,FALSE,5.11479,4.08755
53,204,FALSE,5.05271,1.0521
53,206,FALSE,5.02576,1.00235
53,207,FALSE,3.08045,1.11147
53,208,FALSE,1.14084,1.03807
53,209,FALSE,3.13105,3.02292
53,210,FALSE,3.05529,3.00154
53,211,FALSE,3.00003,3.05089
53,212,FALSE,1.13849,1.10083
53,213,FALSE,3.07021,1.09861
53,216,FALSE,6.12652,1.10808
53,217,FALSE,4.09455,1.14094
53,218,FALSE,5.05042,1.11105
53,219,FALSE,5.02502,1.12349
53,222,FALSE,3.04505,1.11155
53,225,FALSE,3.14093,4.12888
53,226,FALSE,5.043,1.10236
53,227,FALSE,7.0745,4.06308
53,229,FALSE,4.02464,3.10811
53,230,FALSE,3.10252,3.10101
53,233,FALSE,5.14054,1.02681
53,234,FALSE,5.03625,3.00502
53,235,FALSE,5.12016,3.126
53,236,FALSE,1.09664,1.11833
53,237,FALSE,1.0666,1.10903
53,242,FALSE,4.04469,1.004
53,243,FALSE,1.12932,1.1139
53,251,FALSE,4.09839,4.13192
53,252,FALSE,3.12893,1.14028
53,253,FALSE,5.00436,1.00505
53,254,FALSE,1.11274,1.01325
53,255,FALSE,3.05028,1.02467
53,256,FALSE,5.10516,1.09098
53,257,FALSE,5.04814,1.03364
53,258,FALSE,3.05596,1.12243
53,259,FALSE,1.03054,1.04548
53,260,FALSE,1.05022,1.01886
53,262,FALSE,6.12803,1.01202
53,263,FALSE,1.13799,1.02309
53,264,FALSE,4.05601,1.12955
53,265,FALSE,1.14291,1.1133
53,270,FALSE,1.14502,3.00836
53,271,FALSE,3.10828,1.08906
53,272,FALSE,1.11446,1.07098
53,273,FALSE,1.1121,1.11424
53,274,FALSE,1.09922,1.09876
53,275,FALSE,1.13414,3.00723
53,280,FALSE,1.13616,1.00268
53,289,FALSE,4.02382,1.08173
53,290,FALSE,1.13185,1.13358
53,291,FALSE,1.14123,1.14705
53,292,FALSE,1.08674,1.09354
53,293,FALSE,5.12933,5.00591
53,294,FALSE,1.13306,5.01275
53,295,FALSE,6.13559,5.05599
53,296,FALSE,1.0067,5.05283
53,297,FALSE,5.10594,1.12421
53,298,FALSE,5.06898,1.00599
53,299,FALSE,4.0499,1.04918
53,300,FALSE,5.13553,1.01916
53,301,FALSE,3.10734,1.03018
53,302,FALSE,5.12234,1.09608
53,303,FALSE,3.10445,1.13
53,308,FALSE,6.04928,1.00985
53,317,FALSE,5.02026,1.02574
53,318,FALSE,6.081,1.0944
53,319,FALSE,5.10939,1.12229
53,320,FALSE,5.03903,1.02837
53,321,FALSE,4.11528,1.03427
53,322,FALSE,3.11366,1.06191
53,323,FALSE,3.09439,1.00588
53,324,FALSE,3.08033,1.04675
53,325,FALSE,5.12909,1.00702
53,326,FALSE,3.14568,1.03136
53,328,FALSE,5.13829,1.09374
53,329,FALSE,6.03952,1.13421
53,330,FALSE,5.14655,1.08405
53,331,FALSE,5.05507,1.05401
53,332,FALSE,5.11548,1.12544
53,333,FALSE,5.11239,3.05019
53,334,FALSE,1.13442,1.12084
53,335,FALSE,5.11626,1.09933
53,336,FALSE,5.07897,1.0638
53,337,FALSE,5.10234,1.14077
53,339,FALSE,5.14688,1.08176
53,340,TRUE,1.05083,1
53,341,TRUE,5.02074,1
53,342,FALSE,1.10534,6.09027
53,343,TRUE,1,1
53,346,FALSE,5.07712,1.09028
53,347,FALSE,6.1452,1.11153
53,348,FALSE,5.11317,1.08485
53,349,FALSE,5.03659,1.00525
53,350,FALSE,4.11326,3.00045
53,351,FALSE,5.13872,1.13781
53,352,FALSE,4.07758,1.12488
53,353,FALSE,7.09566,4.02668
53,354,FALSE,5.14069,4.06676
53,355,FALSE,3.14192,1.04144
53,357,FALSE,4.06881,1.06839
53,358,FALSE,3.07003,1.09221
53,359,FALSE,3.03327,1.12649
53,361,FALSE,5.14335,1.08778
53,363,FALSE,5.09099,5.10085
53,364,FALSE,5.06332,5.1299
53,365,FALSE,3.06502,1.05091
53,366,FALSE,1.11668,1.09264
53,367,FALSE,5.05447,5.07216
53,370,FALSE,3.13943,1.09617
53,371,FALSE,3.05436,1.14671
53,372,FALSE,6.07886,1.14622
53,373,FALSE,1.1208,1.07799
53,374,FALSE,7.09816,1.05099
53,375,FALSE,1.0373,1.14733
53,376,FALSE,1.11094,1.1167
53,377,FALSE,1.09624,1.03606
53,378,FALSE,3.06229,3.00843
53,379,FALSE,1.14714,3.08671
53,380,FALSE,3.05734,4.00031
53,381,FALSE,1.09958,1.08657
53,383,FALSE,5.14194,1.0274
53,384,FALSE,4.12635,1.1318
53,385,FALSE,5.11921,1.0026
53,386,FALSE,5.13357,1.05249
53,387,FALSE,4.04688,1.00354
53,388,FALSE,1.11914,1.01152
53,389,FALSE,2.03092,1.01155
53,390,FALSE,5.13824,1.06571
53,391,FALSE,3.04936,1.0349
53,394,FALSE,5.08509,1.01008
53,395,FALSE,1.13599,5.03129
53,396,FALSE,1.10133,5.1034
53,397,FALSE,1.08995,5.05343
53,398,FALSE,3.11539,5.0552
53,403,FALSE,4.1007,1.1009
53,404,FALSE,4.10658,5.13147
53,405,FALSE,1.0927,5.07035
53,406,FALSE,1,1.00942
53,407,FALSE,3.0527,4.05872
53,408,TRUE,1.0963,1
53,412,FALSE,6.11377,5.00079
53,413,FALSE,5.07102,5.00246
53,414,FALSE,6.11644,5.00067
53,415,FALSE,3.03788,5.01703
53,416,FALSE,3.032,3.11509
53,417,FALSE,3.11341,1.14163
53,418,FALSE,5.03808,5.05762
53,419,FALSE,3.07828,4.11768
53,420,FALSE,3.1124,3.13878
53,421,FALSE,5.12177,3.0904
53,422,FALSE,5.04651,3.10672
53,423,FALSE,3.03876,1.12264
53,425,FALSE,7.09291,1.00285
53,426,FALSE,4.08069,1.08351
53,427,FALSE,1.14178,1.05848
53,428,FALSE,3.08979,3.05323
53,429,FALSE,3.09548,3.1377
54,1,FALSE,3.02212,1.11466
54,3,FALSE,1.00668,1.0184
54,5,FALSE,7.13814,1.06454
54,6,FALSE,3.02992,1.04366
54,7,FALSE,1,1.01563
54,9,FALSE,1.12729,1.01611
54,10,FALSE,1.0726,1.00694
54,11,FALSE,1,1.10358
54,13,FALSE,1.13374,1.13507
54,17,FALSE,3.08492,1.02679
54,18,FALSE,1.07336,1.03694
54,19,TRUE,3.01108,1
54,21,FALSE,4.07442,1.09006
54,22,FALSE,1.13393,1.13538
54,25,FALSE,4.12192,1.03379
54,29,FALSE,1.14684,1.00793
54,30,FALSE,1.14515,1.05184
54,69,FALSE,4.06441,1.00313
54,70,FALSE,3.06422,3.03562
54,71,FALSE,3.07657,1.06808
54,72,FALSE,3.12045,3.05979
54,73,FALSE,3.05111,3.01274
54,74,FALSE,7.00764,3.02842
54,75,FALSE,3.13683,4.0504
54,76,FALSE,1.14465,1.14427
54,77,FALSE,1.14176,3.00229
54,78,FALSE,4.01182,1.09957
54,79,FALSE,3.10588,1.12461
54,82,FALSE,4.07569,1.01678
54,83,FALSE,3.12685,1.00998
54,84,FALSE,1,3.00938
54,85,FALSE,1,1.00857
54,86,TRUE,4.03682,1
54,91,FALSE,1.13592,1.06165
54,92,FALSE,3.13275,1.10905
54,93,FALSE,3.02922,1.14007
54,95,FALSE,1.14531,1.03348
54,98,FALSE,5.02838,1.06611
54,99,FALSE,5.08878,2.06582
54,100,FALSE,6.13978,1.09332
54,101,FALSE,3.00344,1.00416
54,103,FALSE,5.09804,1.13544
54,104,FALSE,5.08529,1.13402
54,106,FALSE,5.08193,1.03368
54,107,FALSE,6.09139,1.00253
54,109,FALSE,4.01392,1.11789
54,110,FALSE,3.06583,1.11718
54,111,FALSE,3.12324,1.02134
54,112,FALSE,2.12584,1.01567
54,113,FALSE,3.10703,1.05649
54,114,FALSE,1.14459,1.00373
54,115,FALSE,1.14351,1.07182
54,116,FALSE,3.05809,1.01628
54,117,FALSE,1.14435,1.01233
54,118,FALSE,3.1403,1.02189
54,120,FALSE,4.13153,1.00435
54,121,FALSE,1.14734,1.00705
54,122,FALSE,1.14407,1.00224
54,123,FALSE,1.07725,1.00015
54,124,FALSE,7.1233,1.00976
54,125,FALSE,4.12995,5.04312
54,126,FALSE,5.08854,5.0976
54,127,FALSE,4.08342,1.13258
54,128,FALSE,5.1265,1.06824
54,129,FALSE,5.02873,1.12861
54,130,FALSE,5.05997,5.06047
54,131,FALSE,1.08898,1.13728
54,133,FALSE,1.13924,1.0091
54,134,FALSE,1.12715,1.05085
54,135,FALSE,1.13144,1.07982
54,136,FALSE,1.12662,1.00083
54,137,FALSE,1.00139,1.06463
54,139,FALSE,1.14446,1.01338
54,140,FALSE,1.12939,1.05876
54,141,FALSE,1.03888,1.10877
54,142,FALSE,1.11438,1.12708
54,143,FALSE,1.09225,1.00142
54,144,FALSE,1.10412,1.03505
54,145,TRUE,5.14114,1
54,146,TRUE,1,1
54,147,FALSE,1,1.08105
54,148,TRUE,1,1
54,149,TRUE,3.10192,1
54,150,FALSE,1,5.04322
54,151,TRUE,1.07123,1
54,153,FALSE,1.1465,1.1378
54,154,FALSE,5.01802,1.10063
54,155,FALSE,3.08135,1.01782
54,156,FALSE,1.13504,1.08431
54,157,FALSE,1.12125,1.01742
54,158,FALSE,3.11888,1.01356
54,159,FALSE,3.0767,1.00534
54,160,FALSE,3.14574,1.02677
54,161,FALSE,3.00315,1.09043
54,162,FALSE,4.03746,4.14422
54,164,FALSE,7.09108,1.07515
54,165,FALSE,1.07778,5.02217
54,166,FALSE,5.02417,5.11461
54,167,FALSE,1.04207,1.1323
54,168,FALSE,1,5.0537
54,169,FALSE,5.05394,5.09879
54,173,FALSE,4.09749,1.08686
54,175,FALSE,1.12517,1.02317
54,176,FALSE,1.04536,1.10732
54,177,FALSE,5.12523,1.12927
54,178,FALSE,5.09526,4.00417
54,179,FALSE,5.12022,1.14564
54,180,FALSE,5.07756,2.01625
54,181,FALSE,5.13565,3.08952
54,182,FALSE,5.11392,1.14402
54,183,FALSE,5.05675,1.10176
54,184,FALSE,7.06257,1.10823
54,185,FALSE,5.11381,1.1332
54,186,FALSE,7.07729,1.11542
54,188,FALSE,7.13336,1.00009
54,189,FALSE,6.07263,4.14733
54,190,FALSE,3.0992,1.11999
54,191,FALSE,5.13499,1.06804
54,192,FALSE,5.05139,1.10037
54,193,FALSE,5.08487,6.11242
54,194,FALSE,5.07751,1.10722
54,195,FALSE,3.05006,1.11758
54,197,FALSE,5.12934,1.01199
54,198,FALSE,5.07764,1.12961
54,199,FALSE,4.07116,3.02916
54,200,FALSE,1.10829,1.13714
54,201,FALSE,1.13303,1.13626
54,202,FALSE,7.04705,7.05166
54,203,FALSE,5.12376,4.06924
54,204,FALSE,5.08094,1.04709
54,206,FALSE,5.12399,1.01102
54,207,FALSE,3.05398,1.14475
54,208,FALSE,1.14203,1.0862
54,209,FALSE,3.07098,3.00912
54,210,FALSE,3.11299,3.02895
54,211,FALSE,3.03217,3.11328
54,212,FALSE,1.09502,1.07061
54,213,FALSE,3.01226,1.08412
54,216,FALSE,6.13397,1.1173
54,217,FALSE,4.08563,1.12797
54,218,FALSE,5.12205,1.14132
54,219,FALSE,5.12191,1.10726
54,222,FALSE,3.08269,1.07765
54,225,FALSE,3.0812,4.03171
54,226,FALSE,5.02664,1.07772
54,227,FALSE,7.00337,4.02833
54,229,FALSE,4.05771,3.10117
54,230,FALSE,3.06512,3.06287
54,233,FALSE,5.12649,1.00661
54,234,FALSE,5.03309,3.004
54,235,FALSE,3.04808,3.09922
54,236,FALSE,1.13278,1.12074
54,237,FALSE,1.13072,1.06303
54,242,FALSE,4.02715,1.01009
54,243,FALSE,1.0418,1.09816
54,251,FALSE,4.13574,4.09666
54,252,FALSE,3.13268,1.13241
54,253,FALSE,5.1111,1.0372
54,254,FALSE,1.10115,1.0231
54,255,FALSE,3.11839,1.0302
54,256,FALSE,5.01415,1.0901
54,257,FALSE,5.07226,1.00314
54,258,FALSE,3.02855,1.02859
54,259,FALSE,1.14399,1.13502
54,260,FALSE,1.14495,1.0031
54,262,FALSE,6.05824,1.00097
54,263,FALSE,1.14698,1.01637
54,264,FALSE,4.1033,1.13198
54,265,FALSE,1.13585,1.13247
54,270,FALSE,1.13777,3.0473
54,271,FALSE,3.10298,1.14618
54,272,FALSE,1.11836,1.11961
54,273,FALSE,1.12624,1.11296
54,274,FALSE,1.129,1.04637
54,275,FALSE,1.12984,3.01806
54,280,FALSE,1.10932,1.02228
54,289,FALSE,4.098,1.0748
54,290,FALSE,1.13456,1.09705
54,291,FALSE,1.13074,1.14322
54,292,FALSE,1.1183,1.06401
54,293,FALSE,6.1037,5.01054
54,294,FALSE,5.01403,5.04405
54,295,FALSE,6.07885,5.0227
54,296,FALSE,5.06272,5.03079
54,297,FALSE,5.13548,1.12243
54,298,FALSE,5.14657,1.03103
54,299,FALSE,4.06198,1.08261
54,300,FALSE,5.08284,1.00738
54,301,FALSE,3.03377,1.04546
54,302,FALSE,5.11854,1.03623
54,303,FALSE,3.14262,1.03404
54,308,FALSE,6.12719,1.01043
54,317,FALSE,5.00412,1.01918
54,318,FALSE,6.0172,1.09712
54,319,FALSE,5.12269,1.07147
54,320,FALSE,5.0104,1.00367
54,321,FALSE,4.03645,1.01649
54,322,FALSE,3.13573,1.00375
54,323,FALSE,3.08173,1.04807
54,324,FALSE,3.02345,1.00189
54,325,FALSE,5.09825,1.06318
54,326,FALSE,3.06362,1.01597
54,328,FALSE,5.10098,1.0438
54,329,FALSE,6.03399,1.13035
54,330,FALSE,5.13506,1.08363
54,331,FALSE,3.09638,1.07354
54,332,FALSE,5.10131,1.13526
54,333,FALSE,5.02076,3.13582
54,334,FALSE,1.11277,1.10743
54,335,FALSE,5.11626,1.10137
54,336,FALSE,5.13314,1.08706
54,337,FALSE,5.09281,1.08566
54,339,FALSE,5.10563,1.06077
54,340,TRUE,1.111,1
54,341,TRUE,5.0127,1
54,342,FALSE,1.05697,6.03223
54,343,TRUE,1,1
54,346,FALSE,5.06747,1.10777
54,347,FALSE,6.12123,1.13088
54,348,FALSE,5.02094,1.0811
54,349,FALSE,5.13607,1.01718
54,350,FALSE,4.12693,1.14258
54,351,FALSE,5.00219,1.11979
54,352,FALSE,4.03327,1.09639
54,353,FALSE,7.07214,4.06112
54,354,FALSE,5.11424,4.12767
54,355,FALSE,3.09819,1.05598
54,357,FALSE,4.11532,1.06219
54,358,FALSE,3.04838,1.06231
54,359,FALSE,3.07144,1.12203
54,361,FALSE,5.09323,1.10956
54,363,FALSE,5.08691,5.1099
54,364,FALSE,5.12018,5.1225
54,365,FALSE,3.12473,1.11817
54,366,FALSE,1.12156,1.09041
54,367,FALSE,5.0932,5.10929
54,370,FALSE,3.1436,1.11811
54,371,FALSE,4.14288,1.14214
54,372,FALSE,6.10798,1.14201
54,373,FALSE,1.12631,1.1181
54,374,FALSE,7.0507,1.0019
54,375,FALSE,1.0301,1.00277
54,376,FALSE,1.06071,1.11262
54,377,FALSE,1.03492,1.02957
54,378,FALSE,3.0962,3.12378
54,379,FALSE,1.13204,3.06044
54,380,FALSE,3.11523,4.00447
54,381,FALSE,1.13484,1.10591
54,383,FALSE,5.09213,1.03853
54,384,FALSE,4.10573,1.144
54,385,FALSE,5.13389,1.00263
54,386,FALSE,5.11241,1.03535
54,387,FALSE,4.02238,1.01041
54,388,FALSE,1.13447,1.02056
54,389,FALSE,2.08012,1.00352
54,390,FALSE,2.14414,1.02483
54,391,FALSE,3.01761,1.06653
54,394,FALSE,5.03647,1.01437
54,395,FALSE,1.13369,5.06564
54,396,FALSE,1.0931,5.05908
54,397,FALSE,1.04483,5.04667
54,398,FALSE,3.14505,5.02911
54,403,FALSE,4.06379,1.02358
54,404,FALSE,4.09855,5.11832
54,405,FALSE,1.06221,5.04168
54,406,FALSE,1.01305,1.08389
54,407,FALSE,3.1115,4.02486
54,408,TRUE,1.11515,1
54,412,FALSE,6.13347,5.00047
54,413,FALSE,5.12929,5.00816
54,414,FALSE,6.0181,5.02597
54,415,FALSE,3.11133,5.00118
54,416,FALSE,3.07647,3.11033
54,417,FALSE,3.11846,1.13068
54,418,FALSE,5.10858,5.12601
54,419,FALSE,5.12623,3.12588
54,420,FALSE,3.11397,3.13807
54,421,FALSE,5.14173,3.11458
54,422,FALSE,5.11403,3.09876
54,423,FALSE,3.11407,1.11562
54,425,FALSE,7.0308,1.08948
54,426,FALSE,4.07282,1.07774
54,427,FALSE,1.14235,1.10513
54,428,FALSE,3.10433,3.06613
54,429,FALSE,3.13243,3.0007
55,1,FALSE,3.06533,1.0781
55,3,FALSE,1.02297,1.08549
55,5,FALSE,7.04066,1.07068
55,6,FALSE,3.12242,1.06644
55,7,FALSE,1,1.00677
55,9,FALSE,1.14554,1.00828
55,10,FALSE,1.04088,1.0918
55,11,FALSE,1,1.13165
55,13,FALSE,1.11807,1.11743
55,17,FALSE,3.12358,1.02493
55,18,FALSE,1.11465,1.04928
55,19,TRUE,3.02538,1
55,21,FALSE,3.14736,1.08257
55,22,FALSE,1.14313,1.14356
55,25,FALSE,4.13661,1.08846
55,29,FALSE,1.14453,1.00627
55,30,FALSE,1.14001,1.05162
55,69,FALSE,4.112,1.00174
55,70,FALSE,3.14396,3.03246
55,71,FALSE,1.14506,1.10075
55,72,FALSE,3.14299,3.02684
55,73,FALSE,3.06666,3.00688
55,74,FALSE,7.09985,3.03143
55,75,FALSE,3.05415,4.02324
55,76,FALSE,3.05126,1.1297
55,77,FALSE,1.12814,3.05379
55,78,FALSE,4.12908,1.11174
55,79,FALSE,3.05955,1.1306
55,82,FALSE,4.14586,1.01901
55,83,FALSE,3.06364,1.04193
55,84,FALSE,1,3.00118
55,85,TRUE,1.03991,1
55,86,TRUE,4.09277,1
55,91,FALSE,1.14278,1.03987
55,92,FALSE,1.14705,1.10086
55,93,FALSE,3.03267,1.13603
55,95,FALSE,1.1454,1.04025
55,98,FALSE,5.06637,1.10367
55,99,FALSE,5.12904,2.03905
55,100,FALSE,6.02283,1.12337
55,101,FALSE,3.06093,1.01198
55,103,FALSE,5.03598,1.12241
55,104,FALSE,5.13064,1.13407
55,106,FALSE,5.08703,1.00103
55,107,FALSE,6.12118,1.04423
55,109,FALSE,4.03697,1.11124
55,110,FALSE,3.14576,1.09616
55,111,FALSE,3.09275,1.01951
55,112,FALSE,2.13117,1.00543
55,113,FALSE,3.03516,1.072
55,114,FALSE,1.11698,1.03499
55,115,FALSE,1.13079,1.116
55,116,FALSE,3.06696,1.02528
55,117,FALSE,1.13203,1.00295
55,118,FALSE,3.0646,1.0482
55,120,FALSE,4.05757,1.00072
55,121,FALSE,1.14599,1.00288
55,122,FALSE,1.14605,1.0131
55,123,FALSE,1.07009,1.01127
55,124,FALSE,7.12786,1.00084
55,125,FALSE,4.09513,5.06639
55,126,FALSE,5.13391,5.07264
55,127,FALSE,4.07914,1.10039
55,128,FALSE,5.04201,1.04161
55,129,FALSE,5.05387,1.14111
55,130,FALSE,5.10887,5.12129
55,131,FALSE,1.03319,1.0529
55,133,FALSE,1.14487,1.04202
55,134,FALSE,1.09712,1.01148
55,135,FALSE,1.13552,1.01411
55,136,FALSE,1.12655,1.09436
55,137,FALSE,1.09544,1.01089
55,139,FALSE,1.03707,1.04777
55,140,FALSE,1.13821,1.0957
55,141,FALSE,1.07195,1.00844
55,142,FALSE,1.09173,1.02729
55,143,FALSE,1.1193,1.00696
55,144,FALSE,1.13835,1.09641
55,145,FALSE,1,5.14434
55,146,TRUE,1,1
55,147,FALSE,1,1.01201
55,148,TRUE,1,1
55,149,TRUE,3.11672,1
55,150,FALSE,1,5.14677
55,151,TRUE,1.07476,1
55,153,FALSE,1.13665,1.13694
55,154,FALSE,5.03275,1.10198
55,155,FALSE,7.04866,1.02679
55,156,FALSE,3.11189,1.10662
55,157,FALSE,1.14717,1.01418
55,158,FALSE,3.07892,1.06027
55,159,FALSE,3.06882,1.04536
55,160,FALSE,3.08116,1.07405
55,161,FALSE,3.08045,1.11547
55,162,FALSE,4.14533,4.09445
55,164,FALSE,7.06459,1.07221
55,165,FALSE,1.09076,5.08376
55,166,FALSE,5.05376,5.09394
55,167,FALSE,1.0382,1.13527
55,168,FALSE,1,5.02751
55,169,FALSE,5.05957,5.08097
55,173,FALSE,3.09479,1.09588
55,175,FALSE,1.06431,1.07809
55,176,FALSE,1.04213,1.0894
55,177,FALSE,5.14532,1.10479
55,178,FALSE,5.14619,4.02786
55,179,FALSE,5.10632,1.14735
55,180,FALSE,5.03079,2.10919
55,181,FALSE,5.11178,3.06775
55,182,FALSE,5.00993,1.14481
55,183,FALSE,5.11827,1.1166
55,184,FALSE,7.09304,1.10977
55,185,FALSE,5.06876,1.08508
55,186,FALSE,7.10431,1.11162
55,188,FALSE,7.07556,1.00256
55,189,FALSE,6.00524,4.09687
55,190,FALSE,3.12058,1.13774
55,191,FALSE,5.12123,1.10902
55,192,FALSE,5.12773,1.13487
55,193,FALSE,5.13336,6.13815
55,194,FALSE,5.02193,1.1017
55,195,FALSE,3.07738,1.14045
55,197,FALSE,5.07444,1.01404
55,198,FALSE,5.13688,1.1384
55,199,FALSE,4.13476,3.03396
55,200,FALSE,1.11972,1.13464
55,201,FALSE,1.10392,1.10122
55,202,FALSE,7.12332,7.0268
55,203,FALSE,5.06904,4.13528
55,204,FALSE,5.11678,1.09206
55,206,FALSE,5.14208,1.00011
55,207,FALSE,3.04601,1.12835
55,208,FALSE,1.12889,1.12037
55,209,FALSE,3.06545,3.06259
55,210,FALSE,3.07767,3.02723
55,211,FALSE,3.04101,3.04942
55,212,FALSE,1.11541,1.1041
55,213,FALSE,3.10621,1.0693
55,216,FALSE,6.12405,1.11387
55,217,FALSE,4.03749,1.14379
55,218,FALSE,5.12937,1.11192
55,219,FALSE,5.12804,1.13989
55,222,FALSE,3.09136,1.09215
55,225,FALSE,3.14512,4.00494
55,226,FALSE,5.12856,1.09643
55,227,FALSE,7.04144,4.1418
55,229,FALSE,4.00446,3.10017
55,230,FALSE,3.12486,3.0695
55,233,FALSE,5.13719,1.03168
55,234,FALSE,5.0531,3.01192
55,235,FALSE,3.01376,3.03411
55,236,FALSE,1.10678,1.12198
55,237,FALSE,1.10725,1.09505
55,242,FALSE,4.09459,1.0005
55,243,FALSE,1.12558,1.12846
55,251,FALSE,4.12506,4.06494
55,252,FALSE,3.09035,1.12778
55,253,FALSE,5.09195,1.00264
55,254,FALSE,1.06684,1.02482
55,255,FALSE,3.02999,1.13608
55,256,FALSE,5.09592,1.03571
55,257,FALSE,5.10869,1.00522
55,258,FALSE,3.03926,1.1219
55,259,FALSE,1.10951,3.01047
55,260,FALSE,1.08573,1.084
55,262,FALSE,6.12763,1.00116
55,263,FALSE,1.13234,1.00316
55,264,FALSE,4.12516,1.10305
55,265,FALSE,1.13509,1.09326
55,270,FALSE,1.13264,3.06938
55,271,FALSE,3.0872,1.13715
55,272,FALSE,1.14135,1.09349
55,273,FALSE,1.1109,1.09036
55,274,FALSE,1.13397,1.12152
55,275,FALSE,1.11525,3.04499
55,280,FALSE,1.14595,1.01184
55,289,FALSE,4.06482,1.06974
55,290,FALSE,1.1405,1.08503
55,291,FALSE,1.14525,1.14252
55,292,FALSE,1.13076,1.10416
55,293,FALSE,5.14206,5.00857
55,294,FALSE,5.14345,5.02878
55,295,FALSE,6.09174,5.01013
55,296,FALSE,5.03441,5.0257
55,297,FALSE,5.11141,1.13259
55,298,FALSE,5.12117,1.01195
55,299,FALSE,4.00898,1.11484
55,300,FALSE,5.07522,1.10608
55,301,FALSE,3.1015,1.07352
55,302,FALSE,5.08234,1.03736
55,303,FALSE,3.06212,3.03586
55,308,FALSE,6.10539,1.0048
55,317,FALSE,5.12413,1.00838
55,318,FALSE,6.05354,1.10847
55,319,FALSE,5.12648,1.03724
55,320,FALSE,5.09812,1.02699
55,321,FALSE,4.14456,1.05961
55,322,FALSE,3.1468,1.02535
55,323,FALSE,3.10547,1.05606
55,324,FALSE,3.04414,1.00336
55,325,FALSE,5.08305,1.08853
55,326,FALSE,3.06073,1.02132
55,328,FALSE,5.06581,1.04889
55,329,FALSE,6.04759,1.14577
55,330,FALSE,5.14723,1.10637
55,331,FALSE,3.04541,1.06673
55,332,FALSE,5.10496,1.12293
55,333,FALSE,5.11194,3.12971
55,334,FALSE,1.10738,1.13716
55,335,FALSE,5.14392,1.08588
55,336,FALSE,5.07397,1.06659
55,337,FALSE,5.11969,1.13374
55,339,FALSE,5.14522,1.02695
55,340,TRUE,1.06084,1
55,341,TRUE,5.1255,1
55,342,FALSE,1.0979,6.08159
55,343,TRUE,1,1
55,346,FALSE,3.09727,1.13507
55,347,FALSE,6.09779,1.1277
55,348,FALSE,5.08766,1.11554
55,349,FALSE,5.10316,1.03637
55,350,FALSE,4.11918,3.01058
55,351,FALSE,5.08254,1.1358
55,352,FALSE,4.01382,1.13641
55,353,FALSE,7.03801,4.09176
55,354,FALSE,5.05469,4.09701
55,355,FALSE,3.08398,1.09614
55,357,FALSE,4.10108,1.07046
55,358,FALSE,3.09055,1.05427
55,359,FALSE,3.1012,1.10714
55,361,FALSE,5.12014,1.08033
55,363,FALSE,5.07853,5.08993
55,364,FALSE,5.05601,5.10135
55,365,FALSE,3.02178,1.00262
55,366,FALSE,1.13669,1.09903
55,367,FALSE,5.03154,5.05843
55,370,FALSE,3.13444,1.09644
55,371,FALSE,3.13439,1.13017
55,372,FALSE,6.13073,1.146
55,373,FALSE,1.1243,1.09466
55,374,FALSE,7.07376,1.03061
55,375,FALSE,1.11451,1.06168
55,376,FALSE,1.10763,1.05637
55,377,FALSE,1.03959,1.10282
55,378,FALSE,3.07822,3.11495
55,379,FALSE,1.12289,3.0759
55,380,FALSE,3.0132,4.08178
55,381,FALSE,1.14202,1.10992
55,383,FALSE,5.133,1.08782
55,384,FALSE,5.06313,1.14114
55,385,FALSE,5.12273,1.00003
55,386,FALSE,5.13463,1.02398
55,387,FALSE,4.07243,1.01507
55,388,FALSE,1.13666,1.00193
55,389,FALSE,2.03557,1.00433
55,390,FALSE,2.1473,1.0084
55,391,FALSE,3.0824,1.01265
55,394,FALSE,5.14194,1.01253
55,395,FALSE,1.13129,5.06327
55,396,FALSE,1.03851,5.04796
55,397,FALSE,1.13442,5.02907
55,398,FALSE,3.00254,5.07528
55,403,FALSE,4.08089,1.05567
55,404,FALSE,4.06362,5.00079
55,405,FALSE,1.07778,5.08408
55,406,FALSE,1.01137,1.02646
55,407,FALSE,3.01035,4.02025
55,408,TRUE,1.1324,1
55,412,FALSE,6.11337,5.00188
55,413,FALSE,5.0753,5.00746
55,414,FALSE,6.01142,5.00317
55,415,FALSE,3.09172,5.00185
55,416,FALSE,3.02816,3.02889
55,417,FALSE,3.13418,1.13093
55,418,FALSE,5.01831,5.03001
55,419,FALSE,5.09606,3.13257
55,420,FALSE,3.07627,3.11907
55,421,FALSE,5.05916,3.03464
55,422,FALSE,5.09857,3.02312
55,423,FALSE,3.08323,1.14325
55,425,FALSE,1.12052,1.09512
55,426,FALSE,4.07167,1.07694
55,427,FALSE,1.13896,1.06086
55,428,FALSE,3.14029,3.1143
55,429,FALSE,3.12295,3.05913
56,1,FALSE,3.00481,1.10805
56,3,FALSE,1.01345,1.06982
56,5,FALSE,7.11861,1.04832
56,6,FALSE,3.05641,1.08336
56,7,FALSE,1,1.01335
56,9,FALSE,1.14652,1.01461
56,10,FALSE,1.07633,1.02994
56,11,FALSE,1,1.06394
56,13,FALSE,1.14597,1.12086
56,17,FALSE,3.10994,1.05289
56,18,FALSE,1.1371,1.05409
56,19,TRUE,3.11391,1
56,21,FALSE,4.02937,1.09671
56,22,FALSE,1.12606,1.1277
56,25,FALSE,4.06079,1.05318
56,29,FALSE,1.14011,1.00636
56,30,FALSE,1.14709,1.06211
56,69,FALSE,4.094,1.00204
56,70,FALSE,3.13772,3.00347
56,71,FALSE,1.13754,1.07429
56,72,FALSE,3.10851,3.0811
56,73,FALSE,3.11728,3.00039
56,74,FALSE,3.06719,3.07206
56,75,FALSE,3.11992,4.02981
56,76,FALSE,3.03912,1.13678
56,77,FALSE,1.11751,3.0199
56,78,FALSE,3.10455,1.09581
56,79,FALSE,3.09319,1.13021
56,82,FALSE,4.10718,1.09584
56,83,FALSE,3.0803,1.08395
56,84,FALSE,1,3.05969
56,85,TRUE,1.0865,1
56,86,TRUE,4.09869,1
56,91,FALSE,1.1315,1.05497
56,92,FALSE,1.144,1.09782
56,93,FALSE,3.04703,1.12642
56,95,FALSE,1.14275,1.04902
56,98,FALSE,5.13586,1.11801
56,99,FALSE,5.13349,2.01271
56,100,FALSE,6.08287,1.11772
56,101,FALSE,3.1181,1.00853
56,103,FALSE,5.11352,1.13445
56,104,FALSE,5.06679,1.13174
56,106,FALSE,5.03892,1.10688
56,107,FALSE,6.00181,1.02644
56,109,FALSE,4.04352,1.12183
56,110,FALSE,3.13006,1.09464
56,111,FALSE,3.13915,1.03189
56,112,FALSE,2.0467,1.0102
56,113,FALSE,3.10557,1.07769
56,114,FALSE,1.14624,1.00454
56,115,FALSE,1.13501,1.02787
56,116,FALSE,3.07304,1.00943
56,117,FALSE,1.14085,1.02035
56,118,FALSE,3.09146,1.07467
56,120,FALSE,4.13884,1.00653
56,121,FALSE,1.14497,1.00067
56,122,FALSE,1.14461,1.01178
56,123,FALSE,1.09843,1.03904
56,124,FALSE,7.03538,1.01273
56,125,FALSE,4.05508,5.01893
56,126,FALSE,5.0614,5.11393
56,127,FALSE,4.06564,1.08494
56,128,FALSE,5.14365,1.01309
56,129,FALSE,5.10096,1.14578
56,130,FALSE,5.08808,5.11646
56,131,FALSE,1.14064,1.11671
56,133,FALSE,1.14637,1.00507
56,134,FALSE,1.13008,1.01352
56,135,FALSE,1.07504,1.0986
56,136,FALSE,1.10037,1.02423
56,137,FALSE,1.018,1.09737
56,139,FALSE,1.13001,1.00122
56,140,FALSE,1.13646,1.04914
56,141,FALSE,1.04568,1.07722
56,142,FALSE,1.03877,1.00651
56,143,FALSE,1.08134,1.01594
56,144,FALSE,1.13485,1.10064
56,145,FALSE,1,5.06722
56,146,TRUE,1,1
56,147,TRUE,1.0421,1
56,148,TRUE,1,1
56,149,TRUE,3.08663,1
56,150,FALSE,1,5.13928
56,151,FALSE,1,1.00509
56,153,FALSE,1.14398,1.13941
56,154,FALSE,5.05951,1.10762
56,155,FALSE,7.09317,1.00607
56,156,FALSE,1.14189,1.10926
56,157,FALSE,1.12893,1.03025
56,158,FALSE,3.05887,1.02913
56,159,FALSE,3.04176,1.06159
56,160,FALSE,3.10685,1.0008
56,161,FALSE,3.02248,1.05134
56,162,FALSE,4.02519,4.14687
56,164,FALSE,7.03451,1.00523
56,165,FALSE,1.03225,5.06318
56,166,FALSE,5.02239,5.13154
56,167,FALSE,1.00402,1.00707
56,168,FALSE,1,5.03016
56,169,FALSE,5.054,5.10163
56,173,FALSE,4.03986,1.08729
56,175,FALSE,1.10045,1.06371
56,176,FALSE,1.01698,1.1406
56,177,FALSE,5.11249,1.1138
56,178,FALSE,5.08848,4.01338
56,179,FALSE,5.11509,1.13565
56,180,FALSE,5.08923,2.03047
56,181,FALSE,5.04773,3.00989
56,182,FALSE,5.00888,1.14464
56,183,FALSE,5.14286,1.0995
56,184,FALSE,7.03427,1.12299
56,185,FALSE,5.02541,1.12571
56,186,FALSE,7.08879,1.11583
56,188,FALSE,5.14016,1.0091
56,189,FALSE,6.08939,4.09451
56,190,FALSE,3.08884,1.13482
56,191,FALSE,5.09499,1.07196
56,192,FALSE,5.05519,1.12128
56,193,FALSE,5.13883,6.12632
56,194,FALSE,5.08054,1.09909
56,195,FALSE,3.08818,1.14266
56,197,FALSE,5.10255,1.00343
56,198,FALSE,5.0737,1.11695
56,199,FALSE,4.08756,1.11826
56,200,FALSE,1.14609,1.1436
56,201,FALSE,1.12282,1.06943
56,202,FALSE,7.10729,7.02398
56,203,FALSE,5.08769,4.09379
56,204,FALSE,5.01007,1.0902
56,206,FALSE,5.02212,1.00434
56,207,FALSE,3.12217,1.09648
56,208,FALSE,1.07068,1.06002
56,209,FALSE,3.13538,3.04056
56,210,FALSE,3.14052,3.0367
56,211,FALSE,3.0125,3.07581
56,212,FALSE,1.13189,1.06482
56,213,FALSE,3.07945,1.08385
56,216,FALSE,6.11348,1.10176
56,217,FALSE,4.14716,1.14418
56,218,FALSE,5.13155,1.11245
56,219,FALSE,5.02537,1.14207
56,222,FALSE,3.10396,1.10854
56,225,FALSE,3.08702,4.04639
56,226,FALSE,5.13234,1.09858
56,227,FALSE,7.08367,4.14732
56,229,FALSE,4.05654,3.09632
56,230,FALSE,3.12859,3.0877
56,233,FALSE,5.09921,1.0052
56,234,FALSE,5.05499,3.0071
56,235,FALSE,3.01956,3.07292
56,236,FALSE,1.13818,1.05918
56,237,FALSE,1.07582,1.13327
56,242,FALSE,4.06148,1.00487
56,243,FALSE,1.10451,1.12135
56,251,FALSE,4.11144,4.06859
56,252,FALSE,3.11571,1.13478
56,253,FALSE,5.07982,1.00777
56,254,FALSE,1.11894,1.00398
56,255,FALSE,3.00248,1.03679
56,256,FALSE,5.14416,1.00678
56,257,FALSE,5.00671,1.02361
56,258,FALSE,3.07341,1.0574
56,259,FALSE,1.13128,3.03027
56,260,FALSE,1.1037,1.10469
56,262,FALSE,6.05431,1.00294
56,263,FALSE,1.1457,1.02691
56,264,FALSE,4.10717,1.14485
56,265,FALSE,1.11833,1.10033
56,270,FALSE,1.14116,3.02617
56,271,FALSE,3.13184,1.13889
56,272,FALSE,1.11851,1.13288
56,273,FALSE,1.13998,1.03124
56,274,FALSE,1.12125,1.08831
56,275,FALSE,1.14679,3.01751
56,280,FALSE,1.1247,1.03478
56,289,FALSE,4.10911,1.07529
56,290,FALSE,1.1303,1.09727
56,291,FALSE,1.13765,1.13865
56,292,FALSE,1.11616,1.09505
56,293,FALSE,5.13147,5.00021
56,294,FALSE,1.14532,5.01326
56,295,FALSE,6.08425,5.04656
56,296,FALSE,5.02161,5.02371
56,297,FALSE,5.0886,1.08701
56,298,FALSE,5.13464,1.0025
56,299,FALSE,4.04219,1.04427
56,300,FALSE,5.06095,1.02346
56,301,FALSE,3.02378,1.00861
56,302,FALSE,5.07944,1.04038
56,303,FALSE,3.09696,3.07717
56,308,FALSE,6.11753,1.00579
56,317,FALSE,3.08969,1.02922
56,318,FALSE,6.11237,1.12443
56,319,FALSE,5.07293,1.05717
56,320,FALSE,5.08668,1.01542
56,321,FALSE,4.03282,1.04119
56,322,FALSE,3.08641,1.02503
56,323,FALSE,3.04928,1.01679
56,324,FALSE,3.13985,1.01217
56,325,FALSE,5.08822,1.05892
56,326,FALSE,3.06278,1.01687
56,328,FALSE,5.11915,1.06798
56,329,FALSE,6.04986,1.13262
56,330,FALSE,5.13481,1.05158
56,331,FALSE,3.13191,1.07216
56,332,FALSE,5.1146,1.14736
56,333,FALSE,5.12962,3.04584
56,334,FALSE,1.11465,1.11541
56,335,FALSE,5.081,1.07832
56,336,FALSE,5.03492,1.06801
56,337,FALSE,5.06275,1.07113
56,339,FALSE,5.10128,1.01159
56,340,TRUE,1.02077,1
56,341,TRUE,5.02015,1
56,342,FALSE,1.14256,6.13127
56,343,TRUE,1,1
56,346,FALSE,5.14403,1.08458
56,347,FALSE,6.00937,1.12826
56,348,FALSE,5.07375,1.09313
56,349,FALSE,5.08393,1.02389
56,350,FALSE,4.00037,3.01798
56,351,FALSE,5.0934,1.12061
56,352,FALSE,4.02679,1.12972
56,353,FALSE,7.07793,4.0742
56,354,FALSE,5.09133,4.14634
56,355,FALSE,3.06873,1.07115
56,357,FALSE,4.1239,1.06821
56,358,FALSE,3.03291,1.05422
56,359,FALSE,3.11216,1.1275
56,361,FALSE,5.13975,1.0849
56,363,FALSE,5.08984,5.11044
56,364,FALSE,5.08285,5.10082
56,365,FALSE,3.06518,1.07555
56,366,FALSE,1.13513,1.10502
56,367,FALSE,5.05478,5.06153
56,370,FALSE,3.13921,1.10617
56,371,FALSE,3.14272,1.139
56,372,FALSE,6.05743,1.14038
56,373,FALSE,1.12145,1.11905
56,374,FALSE,7.00485,1.0328
56,375,FALSE,1.14581,1.1175
56,376,FALSE,1.11593,1.14018
56,377,FALSE,1.06225,1.12235
56,378,FALSE,3.089,3.13293
56,379,FALSE,1.11416,3.13939
56,380,FALSE,3.14046,4.07218
56,381,FALSE,1.13253,1.12608
56,383,FALSE,5.13199,1.08206
56,384,FALSE,5.04935,1.14606
56,385,FALSE,5.14292,1.02126
56,386,FALSE,5.09001,1.01499
56,387,FALSE,4.07518,1.0057
56,388,FALSE,1.1399,1.00619
56,389,FALSE,2.10987,1.01324
56,390,FALSE,2.09845,1.01024
56,391,FALSE,3.03257,1.03749
56,394,FALSE,5.11782,1.00424
56,395,FALSE,1.12273,5.07737
56,396,FALSE,1.04582,5.00954
56,397,FALSE,1.11034,5.00097
56,398,FALSE,3.09951,5.05781
56,403,FALSE,4.1344,1.01808
56,404,FALSE,4.10902,5.06012
56,405,FALSE,1.035,5.00088
56,406,FALSE,1,1.00077
56,407,FALSE,3.12719,4.03463
56,408,TRUE,1.00003,1
56,412,FALSE,6.10931,5.00251
56,413,FALSE,1.13438,5.00149
56,414,FALSE,6.12867,5.00157
56,415,FALSE,3.10236,5.00301
56,416,FALSE,3.00812,3.02995
56,417,FALSE,3.11511,1.13661
56,418,FALSE,5.00518,5.00831
56,419,FALSE,5.00461,3.10036
56,420,FALSE,3.00517,3.02534
56,421,FALSE,5.0078,3.10365
56,422,FALSE,5.02916,3.01722
56,423,FALSE,3.13652,1.1323
56,425,FALSE,7.13462,1.01135
56,426,FALSE,4.14472,1.06666
56,427,FALSE,1.13543,1.0799
56,428,FALSE,3.09286,3.0708
56,429,FALSE,3.07014,3.05566
57,1,FALSE,3.07149,1.09775
57,3,FALSE,1.08967,1.10465
57,5,FALSE,7.06702,1.02846
57,6,FALSE,3.06383,1.01012
57,7,FALSE,1,1.01574
57,9,FALSE,1.13552,1.0179
57,10,FALSE,1.07672,1.05533
57,11,FALSE,1,1.13404
57,13,FALSE,1.14199,1.10933
57,17,FALSE,4.13336,1.06004
57,18,FALSE,1.14451,1.04364
57,19,TRUE,3.07585,1
57,21,FALSE,3.02709,1.05228
57,22,FALSE,1.13658,1.13862
57,25,FALSE,4.06621,1.00638
57,29,FALSE,1.1453,1.02594
57,30,FALSE,1.13873,1.06559
57,69,FALSE,4.0361,1.00288
57,70,FALSE,3.12031,3.00804
57,71,FALSE,3.13282,1.10856
57,72,FALSE,3.06019,3.05844
57,73,FALSE,3.09943,3.00518
57,74,FALSE,7.04161,3.02104
57,75,FALSE,3.14046,4.01512
57,76,FALSE,3.12566,1.13038
57,77,FALSE,1.12866,3.00485
57,78,FALSE,4.03113,1.09015
57,79,FALSE,3.09947,1.12858
57,82,FALSE,4.01826,1.08186
57,83,FALSE,3.087,1.10111
57,84,FALSE,1,3.09363
57,85,TRUE,1.1407,1
57,86,TRUE,4.09227,1
57,91,FALSE,1.13559,1.07604
57,92,FALSE,1.14438,1.11595
57,93,FALSE,3.07156,1.13215
57,95,FALSE,1.14339,1.02148
57,98,FALSE,5.10028,1.04747
57,99,FALSE,5.08647,2.00294
57,100,FALSE,6.01209,1.13216
57,101,FALSE,3.13477,1.09995
57,103,FALSE,5.14183,1.06869
57,104,FALSE,5.0057,1.10219
57,106,FALSE,5.11843,1.11606
57,107,FALSE,6.05004,1.01863
57,109,FALSE,4.05855,1.13358
57,110,FALSE,3.07038,1.11954
57,111,FALSE,3.04,1.01898
57,112,FALSE,2.10422,1.05569
57,113,FALSE,3.10695,1.09394
57,114,FALSE,1.14445,1.00636
57,115,FALSE,1.14122,1.05439
57,116,FALSE,3.01841,1.02535
57,117,FALSE,1.13503,1.08636
57,118,FALSE,3.1074,1.04274
57,120,FALSE,4.07175,1.0012
57,121,FALSE,1.14528,1.00655
57,122,FALSE,1.14605,1.00755
57,123,FALSE,1.11785,1.00759
57,124,FALSE,7.14708,1.00133
57,125,FALSE,4.12032,5.089
57,126,FALSE,5.06516,5.06153
57,127,FALSE,4.05607,1.07281
57,128,FALSE,5.0244,1.00457
57,129,FALSE,5.0968,1.14149
57,130,FALSE,5.12574,5.13878
57,131,FALSE,1.14333,1.06574
57,133,FALSE,1.14269,1.02818
57,134,FALSE,1.12208,1.00713
57,135,FALSE,1.11858,1.09977
57,136,FALSE,1.14285,1.00253
57,137,FALSE,1.03,1.01941
57,139,FALSE,1.14724,1.00148
57,140,FALSE,1.07075,1.03297
57,141,FALSE,1.03589,1.0073
57,142,FALSE,1.11623,1.10844
57,143,FALSE,1.12772,1.02579
57,144,FALSE,1.10843,1.12502
57,145,FALSE,1,5.07589
57,146,TRUE,1,1
57,147,FALSE,1,1.0758
57,148,TRUE,1,1
57,149,TRUE,3.00517,1
57,150,FALSE,1,5.02939
57,151,TRUE,1.00351,1
57,153,FALSE,1.14501,1.12427
57,154,FALSE,5.12519,1.085
57,155,FALSE,1.14315,1.03711
57,156,FALSE,3.06277,1.07758
57,157,FALSE,1.11812,1.03527
57,158,FALSE,3.0506,1.06207
57,159,FALSE,3.02088,1.07274
57,160,FALSE,3.07693,1.0374
57,161,FALSE,3.10001,1.08432
57,162,FALSE,4.11086,4.14393
57,164,FALSE,7.05093,1.04753
57,165,FALSE,1.10479,5.02143
57,166,FALSE,5.08145,5.11085
57,167,FALSE,1.04533,1.07113
57,168,FALSE,1,5.12997
57,169,FALSE,5.03948,5.06226
57,173,FALSE,3.08383,1.08861
57,175,FALSE,1.04083,1.05057
57,176,FALSE,1.02795,1.0367
57,177,FALSE,5.12888,1.1169
57,178,FALSE,6.02335,4.03866
57,179,FALSE,5.13921,1.143
57,180,FALSE,5.06321,2.04147
57,181,FALSE,5.06045,3.03983
57,182,FALSE,5.02441,1.14574
57,183,FALSE,5.12735,1.09483
57,184,FALSE,7.14497,1.13464
57,185,FALSE,5.11668,1.14103
57,186,FALSE,7.01622,1.10514
57,188,FALSE,5.12855,1.00465
57,189,FALSE,6.1196,4.07544
57,190,FALSE,3.05629,1.14126
57,191,FALSE,5.06858,1.08819
57,192,FALSE,5.12788,1.13639
57,193,FALSE,5.06742,6.02167
57,194,FALSE,5.07933,1.12344
57,195,FALSE,3.13414,1.13972
57,197,FALSE,5.14564,1.00022
57,198,FALSE,5.05244,1.10113
57,199,FALSE,4.10244,1.12757
57,200,FALSE,1.13968,1.13229
57,201,FALSE,1.11476,1.08684
57,202,FALSE,7.04352,7.04734
57,203,FALSE,5.10539,4.01887
57,204,FALSE,5.03023,1.10229
57,206,FALSE,5.02839,1.00673
57,207,FALSE,3.03567,1.13351
57,208,FALSE,1.1336,1.01897
57,209,FALSE,3.1337,3.00357
57,210,FALSE,3.08086,3.04006
57,211,FALSE,3.00414,3.01589
57,212,FALSE,1.12004,1.08041
57,213,FALSE,3.05403,1.13285
57,216,FALSE,6.08406,1.10522
57,217,FALSE,4.1006,1.12782
57,218,FALSE,5.05808,1.1313
57,219,FALSE,5.08522,1.14603
57,222,FALSE,3.04519,1.12532
57,225,FALSE,3.0872,4.02307
57,226,FALSE,5.04761,1.09479
57,227,FALSE,7.00341,4.08424
57,229,FALSE,4.01706,3.06687
57,230,FALSE,3.12671,3.10576
57,233,FALSE,5.12393,1.00079
57,234,FALSE,5.04037,3.05269
57,235,FALSE,3.05365,3.08299
57,236,FALSE,1.08062,1.07665
57,237,FALSE,1.09789,1.07107
57,242,FALSE,4.13937,1.01084
57,243,FALSE,1.07028,1.13717
57,251,FALSE,4.09136,4.09526
57,252,FALSE,3.09261,1.14001
57,253,FALSE,5.05908,1.04063
57,254,FALSE,1.09733,1.00806
57,255,FALSE,3.06173,1.06509
57,256,FALSE,5.12335,1.08493
57,257,FALSE,5.1091,1.03401
57,258,FALSE,3.03693,1.01414
57,259,FALSE,1.12848,1.06096
57,260,FALSE,1.07074,1.02805
57,262,FALSE,6.06676,1.00613
57,263,FALSE,1.12507,1.02895
57,264,FALSE,4.03608,1.11149
57,265,FALSE,1.13568,1.11699
57,270,FALSE,1.14613,3.02636
57,271,FALSE,3.0993,1.10582
57,272,FALSE,1.14294,1.12947
57,273,FALSE,1.10589,1.09208
57,274,FALSE,1.14718,1.05832
57,275,FALSE,1.14546,3.00991
57,280,FALSE,1.13607,1.02204
57,289,FALSE,4.07832,1.06197
57,290,FALSE,1.1353,1.11258
57,291,FALSE,1.14458,1.14725
57,292,FALSE,1.12514,1.04988
57,293,FALSE,6.05994,5.00332
57,294,FALSE,5.12881,5.00334
57,295,FALSE,6.09954,5.02668
57,296,FALSE,1.02013,5.00798
57,297,FALSE,5.09267,1.11803
57,298,FALSE,5.14196,1.06011
57,299,FALSE,4.04924,1.09158
57,300,FALSE,5.14675,1.06083
57,301,FALSE,3.06988,1.08605
57,302,FALSE,5.1273,1.018
57,303,FALSE,3.09855,1.06694
57,308,FALSE,6.01157,1.02293
57,317,FALSE,3.05098,1.00908
57,318,FALSE,6.00077,1.09112
57,319,FALSE,5.09906,1.06459
57,320,FALSE,5.14303,1.00074
57,321,FALSE,4.04559,1.0338
57,322,FALSE,3.11921,1.06118
57,323,FALSE,3.00835,1.05728
57,324,FALSE,3.03584,1.01646
57,325,FALSE,5.12239,1.00792
57,326,FALSE,3.04669,1.06176
57,328,FALSE,5.10445,1.05666
57,329,FALSE,6.06959,1.14512
57,330,FALSE,5.10299,1.09914
57,331,FALSE,5.11977,1.03706
57,332,FALSE,5.04554,1.12699
57,333,FALSE,5.11402,3.06507
57,334,FALSE,1.13228,1.08806
57,335,FALSE,5.14464,1.10603
57,336,FALSE,5.08179,1.08801
57,337,FALSE,5.09549,1.04833
57,339,FALSE,5.10196,1.04249
57,340,TRUE,1.08731,1
57,341,TRUE,5.09232,1
57,342,FALSE,1.09219,6.03455
57,343,TRUE,1,1
57,346,FALSE,3.11981,1.1024
57,347,FALSE,6.0741,1.13193
57,348,FALSE,5.07659,1.08802
57,349,FALSE,5.08843,1.02817
57,350,FALSE,4.06736,1.14432
57,351,FALSE,5.07518,1.13591
57,352,FALSE,4.02543,1.09257
57,353,FALSE,7.02242,4.08788
57,354,FALSE,5.10572,4.14335
57,355,FALSE,3.10134,1.0751
57,357,FALSE,4.04258,1.0462
57,358,FALSE,3.04703,1.05899
57,359,FALSE,3.08725,1.12463
57,361,FALSE,5.03647,1.09159
57,363,FALSE,5.04973,5.10304
57,364,FALSE,5.09816,5.12796
57,365,FALSE,3.05745,1.11475
57,366,FALSE,1.12978,1.12656
57,367,FALSE,5.08612,5.04787
57,370,FALSE,3.14271,1.09939
57,371,FALSE,3.14586,1.1462
57,372,FALSE,6.08848,1.14245
57,373,FALSE,1.12862,1.11087
57,374,FALSE,7.04117,1.02993
57,375,FALSE,3.12641,1.03569
57,376,FALSE,1.09417,1.04321
57,377,FALSE,1.0408,1.03991
57,378,FALSE,3.13298,3.07607
57,379,FALSE,1.06444,3.11704
57,380,FALSE,3.06213,4.06184
57,381,FALSE,1.14013,1.10015
57,383,FALSE,5.11379,1.08777
57,384,FALSE,5.04486,1.13046
57,385,FALSE,5.14325,1.00972
57,386,FALSE,5.10452,1.0657
57,387,FALSE,4.05619,1.0114
57,388,FALSE,1.1054,1.039
57,389,FALSE,2.08702,1.01637
57,390,FALSE,5.10053,1.01332
57,391,FALSE,3.02287,1.01424
57,394,FALSE,5.09413,1.0098
57,395,FALSE,1.10345,5.09566
57,396,FALSE,1.05208,5.06513
57,397,FALSE,1.10052,5.1174
57,398,FALSE,3.07619,5.07538
57,403,FALSE,4.09727,1.07262
57,404,FALSE,4.13249,5.14374
57,405,FALSE,1.08293,5.03714
57,406,FALSE,1,1.02227
57,407,FALSE,3.05591,4.01882
57,408,TRUE,1.08303,1
57,412,FALSE,6.08271,5.00227
57,413,FALSE,1.13784,5.00826
57,414,FALSE,6.12794,5.05945
57,415,FALSE,3.13645,5.00522
57,416,FALSE,3.01891,3.09275
57,417,FALSE,3.07174,1.13665
57,418,FALSE,5.00168,5.03754
57,419,FALSE,5.0247,3.12306
57,420,FALSE,3.01018,3.01321
57,421,FALSE,5.04463,3.14372
57,422,FALSE,5.12144,1.14252
57,423,FALSE,3.01059,1.12771
57,425,FALSE,7.13513,1.04216
57,426,FALSE,4.13237,1.07537
57,427,FALSE,1.14253,1.0879
57,428,FALSE,3.13258,3.05088
57,429,FALSE,3.03759,3.06377
58,1,FALSE,3.08354,1.10913
58,3,FALSE,1.00294,1.04877
58,5,FALSE,7.14672,1.07186
58,6,FALSE,3.06857,1.13274
58,7,FALSE,1,1.00148
58,9,FALSE,1.14506,1.02612
58,10,FALSE,1.04118,1.01818
58,11,FALSE,1,1.11402
58,13,FALSE,1.14203,1.12689
58,17,FALSE,3.13045,1.04767
58,18,FALSE,1.06171,1.06561
58,19,TRUE,3.01415,1
58,21,FALSE,3.06564,1.06529
58,22,FALSE,1.12845,1.13072
58,25,FALSE,4.0764,1.04048
58,29,FALSE,1.13279,1.01805
58,30,FALSE,1.12227,1.07149
58,69,FALSE,4.13613,1.00136
58,70,FALSE,3.09037,3.06448
58,71,FALSE,3.06425,1.11774
58,72,FALSE,3.12166,3.08093
58,73,FALSE,3.06641,3.00752
58,74,FALSE,3.04631,3.05242
58,75,FALSE,3.14082,4.06046
58,76,FALSE,3.04743,1.13682
58,77,FALSE,1.14337,3.02511
58,78,FALSE,3.1401,1.10734
58,79,FALSE,1.1434,1.11783
58,82,FALSE,4.12386,1.00691
58,83,FALSE,3.02811,1.05205
58,84,FALSE,1,3.11664
58,85,TRUE,1.03105,1
58,86,TRUE,4.07332,1
58,91,FALSE,1.141,1.05616
58,92,FALSE,1.14374,1.11875
58,93,FALSE,3.09557,1.11258
58,95,FALSE,1.13026,1.02844
58,98,FALSE,5.13632,1.04041
58,99,FALSE,5.10597,2.04101
58,100,FALSE,6.13589,1.13608
58,101,FALSE,3.1469,1.01572
58,103,FALSE,5.03032,1.13987
58,104,FALSE,5.12532,1.1191
58,106,FALSE,5.02271,1.02547
58,107,FALSE,6.08466,1.03092
58,109,FALSE,4.0508,1.12454
58,110,FALSE,3.11176,1.10178
58,111,FALSE,3.03692,1.0067
58,112,FALSE,2.04981,1.06306
58,113,FALSE,3.09263,1.07511
58,114,FALSE,1.13828,1.00358
58,115,FALSE,1.13001,1.13545
58,116,FALSE,3.04315,1.00063
58,117,FALSE,1.14333,1.01898
58,118,FALSE,3.07267,1.0203
58,120,FALSE,4.01875,1.00023
58,121,FALSE,1.14051,1.01391
58,122,FALSE,1.13366,1.0018
58,123,FALSE,1.14525,1.00205
58,124,FALSE,7.01039,1.03215
58,125,FALSE,4.14213,5.10804
58,126,FALSE,5.08268,5.11239
58,127,FALSE,4.01866,1.13688
58,128,FALSE,5.11333,1.00771
58,129,FALSE,5.12644,1.11376
58,130,FALSE,5.07651,5.12744
58,131,FALSE,1.10706,1.1318
58,133,FALSE,1.14711,1.03795
58,134,FALSE,1.12527,1.00399
58,135,FALSE,1.13982,1.03444
58,136,FALSE,1.05208,1.01945
58,137,TRUE,1.09469,1
58,139,FALSE,1.09811,1.02085
58,140,FALSE,1.12611,1.00256
58,141,FALSE,1.09207,1.08491
58,142,FALSE,1.06423,1.09824
58,143,FALSE,1.14314,1.00892
58,144,FALSE,1.13955,1.0337
58,145,FALSE,1,5.14027
58,146,TRUE,1,1
58,147,FALSE,1,1.0147
58,148,TRUE,1,1
58,149,TRUE,3.11034,1
58,150,FALSE,1,5.02266
58,151,TRUE,1.10937,1
58,153,FALSE,1.13168,1.12268
58,154,FALSE,5.08645,1.11021
58,155,FALSE,3.05965,1.03832
58,156,FALSE,1.11408,1.11827
58,157,FALSE,1.12884,1.00014
58,158,FALSE,3.14262,1.08778
58,159,FALSE,3.12074,1.0212
58,160,FALSE,3.00314,1.02444
58,161,FALSE,3.07786,1.08392
58,162,FALSE,4.07822,4.04845
58,164,FALSE,7.04155,1.01773
58,165,FALSE,1.14567,5.02933
58,166,FALSE,5.02854,5.12543
58,167,FALSE,1.05526,1.08596
58,168,FALSE,1,5.04852
58,169,FALSE,5.06468,5.07914
58,173,FALSE,4.08063,1.08405
58,175,FALSE,1.06487,1.06552
58,176,FALSE,1.058,1.05624
58,177,FALSE,5.0572,1.07614
58,178,FALSE,6.01044,4.00705
58,179,FALSE,5.12918,1.14559
58,180,FALSE,5.06691,2.10111
58,181,FALSE,5.04566,3.08415
58,182,FALSE,5.01765,1.14426
58,183,FALSE,5.12219,1.09583
58,184,FALSE,7.13944,1.10074
58,185,FALSE,5.1456,1.13403
58,186,FALSE,7.07336,1.11214
58,188,FALSE,5.13846,1.00544
58,189,FALSE,6.02558,4.13994
58,190,FALSE,3.11337,1.14435
58,191,FALSE,5.14274,1.08552
58,192,FALSE,5.03385,1.13553
58,193,FALSE,5.01022,6.13561
58,194,FALSE,5.06951,1.123
58,195,FALSE,3.07143,1.13242
58,197,FALSE,5.13835,1.00763
58,198,FALSE,5.08609,1.07075
58,199,FALSE,5.06909,1.12139
58,200,FALSE,1.1246,1.11647
58,201,FALSE,1.1382,1.04742
58,202,FALSE,7.02766,7.03435
58,203,FALSE,5.08957,4.1152
58,204,FALSE,5.12182,1.08792
58,206,FALSE,5.06329,1.0005
58,207,FALSE,3.01001,1.13749
58,208,FALSE,1.14626,1.04447
58,209,FALSE,3.1131,3.00803
58,210,FALSE,3.0613,3.03416
58,211,FALSE,3.05226,3.12134
58,212,FALSE,1.1437,1.06011
58,213,FALSE,3.07945,1.10679
58,216,FALSE,6.11307,1.11373
58,217,FALSE,4.13437,1.13315
58,218,FALSE,5.12423,1.12357
58,219,FALSE,5.04564,1.13348
58,222,FALSE,3.08798,1.14087
58,225,FALSE,3.14131,4.01427
58,226,FALSE,5.07838,1.07577
58,227,FALSE,7.1285,4.08447
58,229,FALSE,4.02329,3.11857
58,230,FALSE,3.11326,3.08145
58,233,FALSE,5.10935,1.00157
58,234,FALSE,5.01324,3.0479
58,235,FALSE,3.09994,3.11184
58,236,FALSE,1.12596,1.11409
58,237,FALSE,1.13354,1.12102
58,242,FALSE,4.11199,1.00102
58,243,FALSE,1.12928,1.08981
58,251,FALSE,4.08211,4.12934
58,252,FALSE,3.10851,1.13565
58,253,FALSE,5.06354,1.01437
58,254,FALSE,1.124,1.02224
58,255,FALSE,3.04813,1.01119
58,256,FALSE,5.00387,1.07412
58,257,FALSE,5.14507,1.02021
58,258,FALSE,3.05057,1.07257
58,259,FALSE,1.12125,1.09056
58,260,FALSE,1.1427,1.10315
58,262,FALSE,6.08436,1.00043
58,263,FALSE,1.14341,1.03755
58,264,FALSE,4.12103,1.13097
58,265,FALSE,1.14531,1.14334
58,270,FALSE,1.1468,3.10196
58,271,FALSE,3.1291,1.14113
58,272,FALSE,1.11841,1.12099
58,273,FALSE,1.09562,1.10318
58,274,FALSE,1.12069,1.06678
58,275,FALSE,1.13786,3.027
58,280,FALSE,1.10955,1.0154
58,289,FALSE,4.11745,1.04561
58,290,FALSE,1.13484,1.12668
58,291,FALSE,1.13079,1.1449
58,292,FALSE,1.13342,1.06039
58,293,FALSE,6.14725,5.00234
58,294,FALSE,5.00518,5.00411
58,295,FALSE,6.07714,5.03581
58,296,FALSE,1.00643,5.06266
58,297,FALSE,5.07436,1.12816
58,298,FALSE,5.03794,1.0017
58,299,FALSE,4.01958,1.078
58,300,FALSE,5.0249,1.00887
58,301,FALSE,3.14237,1.00057
58,302,FALSE,5.1165,1.0166
58,303,FALSE,3.11085,1.09852
58,308,FALSE,6.05336,1.00216
58,317,FALSE,5.05331,1.00497
58,318,FALSE,6.09806,1.0856
58,319,FALSE,5.13349,1.04977
58,320,FALSE,5.01684,1.01335
58,321,FALSE,4.10428,1.03268
58,322,FALSE,3.08226,1.03404
58,323,FALSE,3.05619,1.01379
58,324,FALSE,3.02728,1.00727
58,325,FALSE,5.08075,1.04268
58,326,FALSE,3.14733,1.02673
58,328,FALSE,5.08429,1.04002
58,329,FALSE,6.06025,2.06498
58,330,FALSE,5.10529,1.11586
58,331,FALSE,3.13677,1.03067
58,332,FALSE,5.11529,1.13711
58,333,FALSE,5.08633,3.10668
58,334,FALSE,1.13068,1.12109
58,335,FALSE,5.04672,1.09881
58,336,FALSE,5.09075,1.0518
58,337,FALSE,5.08225,1.12864
58,339,FALSE,5.09394,1.00801
58,340,TRUE,1.12878,1
58,341,TRUE,5.09743,1
58,342,FALSE,1.10262,6.00331
58,343,TRUE,1,1
58,346,FALSE,5.12236,1.12448
58,347,FALSE,6.00547,1.13562
58,348,FALSE,5.02054,1.1045
58,349,FALSE,5.06055,1.03317
58,350,FALSE,4.01277,1.13981
58,351,FALSE,5.0371,1.13844
58,352,FALSE,4.09965,1.10162
58,353,FALSE,7.06323,4.11546
58,354,FALSE,5.105,4.09451
58,355,FALSE,3.12372,1.0875
58,357,FALSE,4.10295,1.05758
58,358,FALSE,3.05695,1.07589
58,359,FALSE,3.05574,1.11938
58,361,FALSE,5.12475,1.07231
58,363,FALSE,5.08994,5.11088
58,364,FALSE,5.06461,5.06682
58,365,FALSE,3.07047,1.0955
58,366,FALSE,1.11636,1.12535
58,367,FALSE,5.09172,5.05223
58,370,FALSE,3.1365,1.10019
58,371,FALSE,3.10511,1.14271
58,372,FALSE,6.1164,1.14709
58,373,FALSE,1.12388,1.08958
58,374,FALSE,7.00912,1.06357
58,375,FALSE,1.03504,1.14144
58,376,FALSE,1.10987,1.00371
58,377,FALSE,1.06748,1.13125
58,378,FALSE,3.08189,3.07463
58,379,FALSE,1.14401,3.02699
58,380,FALSE,3.11124,4.02726
58,381,FALSE,1.12521,1.12167
58,383,FALSE,5.0982,1.09269
58,384,FALSE,5.10282,1.12392
58,385,FALSE,5.06713,1.012
58,386,FALSE,5.13112,1.03856
58,387,FALSE,4.10778,1.05885
58,388,FALSE,1.13806,1.03414
58,389,FALSE,2.03218,1.05831
58,390,FALSE,5.11174,1.02552
58,391,FALSE,3.12047,1.00003
58,394,FALSE,5.12473,1.00602
58,395,FALSE,1.10541,5.08249
58,396,FALSE,1.07411,5.10158
58,397,FALSE,1.05723,5.11268
58,398,FALSE,3.04531,5.03313
58,403,FALSE,4.10369,1.09733
58,404,FALSE,4.0196,5.09146
58,405,FALSE,1.14279,5.01946
58,406,FALSE,1.1068,1.00943
58,407,FALSE,3.10452,4.07952
58,408,TRUE,1.01016,1
58,412,FALSE,6.07874,5.00221
58,413,FALSE,5.13402,5.00464
58,414,FALSE,6.0824,5.01858
58,415,FALSE,3.00383,5.0198
58,416,FALSE,3.02068,3.06597
58,417,FALSE,3.06606,1.13931
58,418,FALSE,5.04952,5.07034
58,419,FALSE,5.08931,3.12389
58,420,FALSE,3.03664,3.04625
58,421,FALSE,5.13396,3.07426
58,422,FALSE,5.06465,1.1454
58,423,FALSE,3.10378,1.0972
58,425,FALSE,7.12839,1.02248
58,426,FALSE,4.05926,1.07921
58,427,FALSE,1.13675,1.08201
58,428,FALSE,3.04061,3.05101
58,429,FALSE,3.11695,3.11796
59,1,FALSE,3.01246,1.10095
59,3,FALSE,1.05126,1.01555
59,5,FALSE,7.10443,1.06932
59,6,FALSE,3.01567,1.06675
59,7,FALSE,1,1.00461
59,9,FALSE,1.14143,1.01237
59,10,FALSE,1.00705,1.01482
59,11,FALSE,1,1.13168
59,13,FALSE,1.12483,1.11872
59,17,FALSE,3.1266,1.04989
59,18,FALSE,1.05225,1.05945
59,19,TRUE,3.04414,1
59,21,FALSE,3.06519,1.08854
59,22,FALSE,1.14164,1.14208
59,25,FALSE,1.14507,1.01822
59,29,FALSE,1.14612,1.03855
59,30,FALSE,1.14203,1.01534
59,69,FALSE,4.06518,1.00474
59,70,FALSE,3.01424,3.03406
59,71,FALSE,3.1456,1.09557
59,72,FALSE,3.0455,3.0446
59,73,FALSE,3.13143,3.00097
59,74,FALSE,7.10127,3.04767
59,75,FALSE,3.14635,4.02474
59,76,FALSE,1.13715,1.14721
59,77,FALSE,1.13984,3.01105
59,78,FALSE,3.00197,1.08991
59,79,FALSE,3.04131,1.12699
59,82,FALSE,4.11746,1.04776
59,83,FALSE,3.0104,1.06491
59,84,FALSE,1,3.09064
59,85,FALSE,1,1.08636
59,86,TRUE,4.00665,1
59,91,FALSE,1.12396,1.04464
59,92,FALSE,3.11027,1.09365
59,93,FALSE,3.05403,1.12939
59,95,FALSE,1.14145,1.083
59,98,FALSE,5.09509,1.07976
59,99,FALSE,5.07503,2.05297
59,100,FALSE,6.02776,1.1229
59,101,FALSE,3.07906,1.04489
59,103,FALSE,5.09546,1.08609
59,104,FALSE,5.11601,1.13506
59,106,FALSE,5.13423,1.02762
59,107,FALSE,6.08667,1.01959
59,109,FALSE,4.05156,1.13176
59,110,FALSE,3.06622,1.09896
59,111,FALSE,3.14642,1.00339
59,112,FALSE,2.07145,1.00582
59,113,FALSE,3.102,1.01826
59,114,FALSE,1.14153,1.00732
59,115,FALSE,1.14685,1.0922
59,116,FALSE,3.08139,1.00888
59,117,FALSE,1.14245,1.0429
59,118,FALSE,3.14332,1.06536
59,120,FALSE,4.12989,1.00039
59,121,FALSE,1.12123,1.00114
59,122,FALSE,1.1401,1.00717
59,123,FALSE,1.08726,1.00092
59,124,FALSE,7.10532,1.0444
59,125,FALSE,4.09512,5.02207
59,126,FALSE,5.09192,5.04758
59,127,FALSE,4.03071,1.09283
59,128,FALSE,5.14252,1.09923
59,129,FALSE,5.12302,1.1366
59,130,FALSE,5.0614,5.08224
59,131,FALSE,1.12404,1.12667
59,133,FALSE,1.144,1.00421
59,134,FALSE,1.13717,1.0049
59,135,FALSE,1.1194,1.02531
59,136,FALSE,1.14061,1.0081
59,137,FALSE,1.01155,1.06843
59,139,FALSE,1.10564,1.01728
59,140,FALSE,1.12729,1.06787
59,141,FALSE,1.05464,1.08377
59,142,TRUE,1.11368,1
59,143,FALSE,1.13495,1.09587
59,144,FALSE,1.05257,1.07182
59,145,TRUE,5.00302,1
59,146,TRUE,1,1
59,147,FALSE,1,1.07055
59,148,TRUE,1,1
59,149,TRUE,3.00691,1
59,150,FALSE,1,5.09376
59,151,FALSE,1,1.10762
59,153,FALSE,1.14101,1.13926
59,154,FALSE,5.00754,1.08301
59,155,FALSE,3.03272,1.01503
59,156,FALSE,3.01457,1.1011
59,157,FALSE,1.13353,1.04314
59,158,FALSE,3.11384,1.0911
59,159,FALSE,3.02575,1.1393
59,160,FALSE,3.09403,1.04039
59,161,FALSE,3.13442,1.04783
59,162,FALSE,4.13513,4.07212
59,164,FALSE,7.1174,1.01965
59,165,FALSE,1.04883,5.09867
59,166,FALSE,5.11252,5.14067
59,167,FALSE,1.05438,1.13316
59,168,FALSE,1,5.08048
59,169,FALSE,5.07643,5.13704
59,173,FALSE,3.12847,1.09354
59,175,FALSE,1.03946,1.04277
59,176,FALSE,1.13486,1.06566
59,177,FALSE,5.1178,1.12389
59,178,FALSE,6.05689,4.00547
59,179,FALSE,5.12862,1.13512
59,180,FALSE,5.13382,2.0602
59,181,FALSE,5.07946,3.04826
59,182,FALSE,5.01882,1.11187
59,183,FALSE,5.07235,1.11412
59,184,FALSE,7.03323,1.10306
59,185,FALSE,5.1449,1.13109
59,186,FALSE,7.06228,1.1283
59,188,FALSE,5.11156,1.00105
59,189,FALSE,6.08809,4.1339
59,190,FALSE,3.03427,1.1374
59,191,FALSE,5.08147,1.10212
59,192,FALSE,5.06364,1.12301
59,193,FALSE,5.09685,6.06647
59,194,FALSE,5.05862,1.1338
59,195,FALSE,3.02384,1.14001
59,197,FALSE,5.14374,1.0057
59,198,FALSE,5.05631,1.11339
59,199,FALSE,5.05094,1.11796
59,200,FALSE,1.14465,1.14561
59,201,FALSE,1.0878,1.11235
59,202,FALSE,7.0084,7.02257
59,203,FALSE,5.11536,4.02468
59,204,FALSE,5.11511,1.06142
59,206,FALSE,5.09747,1.00471
59,207,FALSE,3.11116,1.14012
59,208,FALSE,1.12935,1.05649
59,209,FALSE,3.1332,3.01319
59,210,FALSE,3.14104,3.02469
59,211,FALSE,3.04977,3.09465
59,212,FALSE,1.09226,1.08803
59,213,FALSE,3.09677,1.0489
59,216,FALSE,6.04099,1.11526
59,217,FALSE,4.06367,1.13566
59,218,FALSE,5.12651,1.12097
59,219,FALSE,5.10208,1.14323
59,222,FALSE,3.13816,1.10677
59,225,FALSE,3.10917,4.01262
59,226,FALSE,5.12251,1.10588
59,227,FALSE,7.06937,4.08032
59,229,FALSE,4.02848,3.11497
59,230,FALSE,3.07812,3.07766
59,233,FALSE,5.14037,1.00291
59,234,FALSE,5.0894,3.04982
59,235,FALSE,5.13113,3.0068
59,236,FALSE,1.14372,1.03131
59,237,FALSE,1.08022,1.11674
59,242,FALSE,4.13065,1.03239
59,243,FALSE,1.05584,1.05379
59,251,FALSE,4.08323,4.0753
59,252,FALSE,3.07735,1.14161
59,253,FALSE,5.09929,1.00344
59,254,FALSE,1.11709,1.07408
59,255,FALSE,3.01255,1.02509
59,256,FALSE,5.11354,1.05525
59,257,FALSE,5.13089,1.00981
59,258,FALSE,3.11484,1.05023
59,259,FALSE,1.13658,3.03022
59,260,FALSE,1.10935,1.02837
59,262,FALSE,6.06981,1.00721
59,263,FALSE,1.12874,1.04966
59,264,FALSE,4.03422,1.1173
59,265,FALSE,1.12644,1.13127
59,270,FALSE,1.14123,3.01514
59,271,FALSE,3.10052,1.08214
59,272,FALSE,1.11303,1.12417
59,273,FALSE,1.11715,1.07452
59,274,FALSE,1.11377,1.11286
59,275,FALSE,1.14263,3.00126
59,280,FALSE,1.11399,1.00282
59,289,FALSE,4.07295,1.05534
59,290,FALSE,1.1469,1.13799
59,291,FALSE,1.14233,1.13554
59,292,FALSE,1.13329,1.0409
59,293,FALSE,5.13331,5.00388
59,294,FALSE,5.07273,5.00812
59,295,FALSE,6.08744,5.01813
59,296,FALSE,1.01699,5.00054
59,297,FALSE,5.10316,1.1195
59,298,FALSE,5.12548,1.01328
59,299,FALSE,4.03662,1.03842
59,300,FALSE,5.01985,1.08615
59,301,FALSE,3.13466,1.08629
59,302,FALSE,5.11689,1.09666
59,303,FALSE,3.10496,1.00971
59,308,FALSE,6.09136,1.00275
59,317,FALSE,5.07724,1.02271
59,318,FALSE,6.05436,1.11264
59,319,FALSE,5.13453,1.0704
59,320,FALSE,5.06012,1.08606
59,321,FALSE,4.12552,1.02623
59,322,FALSE,3.14498,1.03762
59,323,FALSE,3.12948,1.00155
59,324,FALSE,3.10838,1.00248
59,325,FALSE,5.04487,1.00738
59,326,FALSE,3.11427,1.04854
59,328,FALSE,5.11257,1.06684
59,329,FALSE,6.10338,1.12698
59,330,FALSE,5.1442,1.11666
59,331,FALSE,5.01673,1.07638
59,332,FALSE,5.13072,1.11682
59,333,FALSE,5.06983,3.10147
59,334,FALSE,1.12649,1.10826
59,335,FALSE,5.11944,1.12103
59,336,FALSE,5.07912,1.09928
59,337,FALSE,5.09426,1.06484
59,339,FALSE,5.10363,1.03995
59,340,TRUE,1.03636,1
59,341,TRUE,5.10839,1
59,342,FALSE,1.05781,6.00398
59,343,TRUE,1,1
59,346,FALSE,5.08639,1.10234
59,347,FALSE,6.02551,1.13763
59,348,FALSE,5.06053,1.099
59,349,FALSE,5.08297,1.01077
59,350,FALSE,4.11209,3.05949
59,351,FALSE,5.13473,1.13985
59,352,FALSE,4.03614,1.14492
59,353,FALSE,7.03617,4.08249
59,354,FALSE,5.12791,4.14533
59,355,FALSE,3.08695,1.08659
59,357,FALSE,4.10383,1.05864
59,358,FALSE,3.00796,1.05056
59,359,FALSE,3.10578,1.12487
59,361,FALSE,5.05755,1.06581
59,363,FALSE,5.05863,5.06348
59,364,FALSE,5.03908,5.08968
59,365,FALSE,3.11735,1.10119
59,366,FALSE,1.14474,1.13765
59,367,FALSE,5.12403,5.09421
59,370,FALSE,3.14422,1.10679
59,371,FALSE,3.1111,1.12784
59,372,FALSE,6.01232,1.14687
59,373,FALSE,1.14394,1.12585
59,374,FALSE,7.1169,1.02782
59,375,FALSE,3.01838,1.085
59,376,FALSE,1.09964,1.0795
59,377,FALSE,1.11965,1.07251
59,378,FALSE,3.10213,3.04514
59,379,FALSE,1.14231,3.09968
59,380,FALSE,3.0994,4.04483
59,381,FALSE,1.13784,1.14335
59,383,FALSE,5.03882,1.01795
59,384,FALSE,5.08053,1.12842
59,385,FALSE,5.12473,1.0052
59,386,FALSE,5.05169,1.03757
59,387,FALSE,4.00488,1.00415
59,388,FALSE,1.09997,1.02646
59,389,FALSE,2.04541,1.00288
59,390,FALSE,2.0301,1.04777
59,391,FALSE,3.01234,1.0315
59,394,FALSE,5.1179,1.06632
59,395,FALSE,1.0307,5.14184
59,396,FALSE,1.03877,5.05868
59,397,FALSE,1.07097,5.13
59,398,FALSE,3.14504,5.13128
59,403,FALSE,4.13955,1.00094
59,404,FALSE,4.11756,5.0391
59,405,FALSE,1.1348,5.11606
59,406,FALSE,1,1.04068
59,407,FALSE,3.07234,4.01171
59,408,TRUE,1.02921,1
59,412,FALSE,6.12831,5.0102
59,413,FALSE,5.14655,5.01104
59,414,FALSE,6.13703,5.00873
59,415,FALSE,3.00278,5.00138
59,416,FALSE,3.077,3.14246
59,417,FALSE,3.09596,1.13064
59,418,FALSE,5.00263,5.01556
59,419,FALSE,5.05654,3.04169
59,420,FALSE,3.09659,3.10409
59,421,FALSE,5.07673,3.13454
59,422,FALSE,5.00389,3.0421
59,423,FALSE,3.11579,1.13174
59,425,FALSE,7.01761,1.08719
59,426,FALSE,4.05766,1.08188
59,427,FALSE,1.14552,1.09716
59,428,FALSE,3.08532,3.08669
59,429,FALSE,3.14171,3.01173
60,1,FALSE,3.05415,1.10719
60,3,FALSE,1.13454,1.11313
60,5,FALSE,7.10288,1.04966
60,6,FALSE,3.05648,1.04528
60,7,FALSE,1,1.02144
60,9,FALSE,1.141,1.03261
60,10,FALSE,1.12401,1.03891
60,11,FALSE,1,1.00028
60,13,FALSE,1.12396,1.1291
60,17,FALSE,3.04423,1.04865
60,18,FALSE,1.06565,1.08346
60,19,TRUE,3.04585,1
60,21,FALSE,4.02235,1.05793
60,22,FALSE,1.138,1.13461
60,25,FALSE,4.10745,1.04793
60,29,FALSE,1.14526,1.00481
60,30,FALSE,1.13405,1.05828
60,69,FALSE,4.08745,1.00508
60,70,FALSE,3.11186,3.04305
60,71,FALSE,3.08206,1.12151
60,72,FALSE,3.13168,3.08713
60,73,FALSE,3.09452,3.0067
60,74,FALSE,7.06153,3.05183
60,75,FALSE,3.14429,4.05594
60,76,FALSE,1.14139,1.13625
60,77,FALSE,1.14121,3.04454
60,78,FALSE,3.03917,1.09844
60,79,FALSE,3.07633,1.11038
60,82,FALSE,4.13981,1.02478
60,83,FALSE,1.11019,1.03525
60,84,FALSE,1,3.1323
60,85,TRUE,1.08089,1
60,86,TRUE,4.13383,1
60,91,FALSE,1.13882,1.06227
60,92,FALSE,1.14662,1.09444
60,93,FALSE,3.06282,1.11714
60,95,FALSE,1.10939,1.03071
60,98,FALSE,5.13,1.0931
60,99,FALSE,5.05009,2.03706
60,100,FALSE,6.10951,1.12365
60,101,FALSE,3.12232,1.00176
60,103,FALSE,5.14453,1.14477
60,104,FALSE,5.12315,1.1398
60,106,FALSE,5.11296,1.10717
60,107,FALSE,6.0142,1.00081
60,109,FALSE,4.03421,1.11488
60,110,FALSE,3.1453,1.08593
60,111,FALSE,3.09429,1.01651
60,112,FALSE,2.01151,1.04073
60,113,FALSE,3.12343,1.08806
60,114,FALSE,1.14666,1.01878
60,115,FALSE,1.13628,1.06972
60,116,FALSE,3.00968,1.00858
60,117,FALSE,1.14503,1.0602
60,118,FALSE,3.14243,1.06451
60,120,FALSE,4.05007,1.00236
60,121,FALSE,1.13315,1.00011
60,122,FALSE,1.14735,1.00103
60,123,FALSE,1.11766,1.00596
60,124,FALSE,7.13802,1.03715
60,125,FALSE,4.03736,5.04889
60,126,FALSE,5.03309,5.09777
60,127,FALSE,4.07949,1.10756
60,128,FALSE,5.11158,1.03265
60,129,FALSE,5.1176,1.14704
60,130,FALSE,5.10903,5.1273
60,131,FALSE,1.08425,1.14648
60,133,FALSE,1.14541,1.0162
60,134,FALSE,1.10472,1.00957
60,135,FALSE,1.13313,1.10327
60,136,FALSE,1.14255,1.00218
60,137,FALSE,1.0645,1.13846
60,139,FALSE,1.09647,1.03206
60,140,FALSE,1.06253,1.08505
60,141,FALSE,1.0262,1.10649
60,142,FALSE,1.02769,1.02568
60,143,FALSE,1.13934,1.03029
60,144,FALSE,1.08716,1.06102
60,145,TRUE,5.12717,1
60,146,TRUE,1,1
60,147,FALSE,1,1.11105
60,148,TRUE,1,1
60,149,TRUE,3.00198,1
60,150,FALSE,1,5.12399
60,151,FALSE,1,1.05137
60,153,FALSE,1.14361,1.14576
60,154,FALSE,5.07191,1.11169
60,155,FALSE,7.04406,1.02832
60,156,FALSE,3.04752,1.05744
60,157,FALSE,1.14551,1.00794
60,158,FALSE,3.12688,1.10169
60,159,FALSE,3.09059,1.03618
60,160,FALSE,3.06518,1.07245
60,161,FALSE,3.09608,1.04053
60,162,FALSE,4.10181,4.10557
60,164,FALSE,7.01506,1.02443
60,165,FALSE,1.11862,5.07639
60,166,FALSE,5.08209,5.10513
60,167,FALSE,1.03412,1.05034
60,168,FALSE,1,5.01563
60,169,FALSE,5.05931,5.08588
60,173,FALSE,4.11262,1.08871
60,175,FALSE,1.09203,1.10137
60,176,FALSE,1.04136,1.06666
60,177,FALSE,5.11838,1.12857
60,178,FALSE,6.12827,4.00128
60,179,FALSE,5.10322,1.14692
60,180,FALSE,5.03988,2.03132
60,181,FALSE,5.0258,3.10478
60,182,FALSE,5.06374,1.1438
60,183,FALSE,5.1452,1.13296
60,184,FALSE,7.13716,1.13064
60,185,FALSE,5.08289,1.12434
60,186,FALSE,7.14456,1.07818
60,188,FALSE,7.13426,1.019
60,189,FALSE,6.00007,4.11727
60,190,FALSE,3.08507,1.12492
60,191,FALSE,5.144,1.13387
60,192,FALSE,5.06116,1.11939
60,193,FALSE,5.05617,6.06916
60,194,FALSE,5.0842,1.12656
60,195,FALSE,3.05953,1.13034
60,197,FALSE,5.1153,1.00412
60,198,FALSE,5.02809,1.10334
60,199,FALSE,4.10064,3.08018
60,200,FALSE,1.1043,1.1217
60,201,FALSE,5.1457,1.12174
60,202,FALSE,7.11264,7.04253
60,203,FALSE,5.09594,4.0517
60,204,FALSE,5.11001,1.05967
60,206,FALSE,5.05949,1.01657
60,207,FALSE,3.11872,1.0973
60,208,FALSE,1.14224,1.0546
60,209,FALSE,3.13231,3.01143
60,210,FALSE,3.13661,3.04836
60,211,FALSE,3.05983,3.08141
60,212,FALSE,1.08633,1.05202
60,213,FALSE,3.0267,1.01901
60,216,FALSE,6.10486,1.11983
60,217,FALSE,4.03931,1.12112
60,218,FALSE,5.0089,1.12175
60,219,FALSE,5.09271,3.00219
60,222,FALSE,3.09674,1.10786
60,225,FALSE,3.11452,4.10853
60,226,FALSE,5.00427,1.09677
60,227,FALSE,7.10416,4.08786
60,229,FALSE,4.01552,3.08055
60,230,FALSE,3.06273,3.07747
60,233,FALSE,5.10411,1.01503
60,234,FALSE,5.14685,3.07592
60,235,FALSE,3.00568,3.01175
60,236,FALSE,1.06401,1.12652
60,237,FALSE,1.07443,1.11994
60,242,FALSE,4.10687,1.00155
60,243,FALSE,1.12456,1.14286
60,251,FALSE,4.12091,4.09717
60,252,FALSE,3.11807,1.14573
60,253,FALSE,5.02656,1.02508
60,254,FALSE,1.00933,1.03424
60,255,FALSE,3.14418,1.05576
60,256,FALSE,5.04697,1.10574
60,257,FALSE,5.09531,1.01038
60,258,FALSE,3.09641,1.01025
60,259,FALSE,1.10524,3.05987
60,260,FALSE,1.10344,1.06808
60,262,FALSE,6.09556,1.00223
60,263,FALSE,1.14529,1.03597
60,264,FALSE,4.08873,1.12864
60,265,FALSE,1.13477,1.10663
60,270,FALSE,1.14533,3.05213
60,271,FALSE,3.10422,1.14051
60,272,FALSE,1.10497,1.0547
60,273,FALSE,1.11218,1.11923
60,274,FALSE,1.14222,1.09136
60,275,FALSE,1.13872,3.03882
60,280,FALSE,1.07834,1.06629
60,289,FALSE,4.01354,1.06648
60,290,FALSE,1.14221,1.10657
60,291,FALSE,1.13771,1.14318
60,292,FALSE,1.13572,1.10388
60,293,FALSE,5.10612,5.00284
60,294,FALSE,5.14065,5.00934
60,295,FALSE,6.1357,5.02548
60,296,FALSE,5.06094,5.00637
60,297,FALSE,5.11799,1.0956
60,298,FALSE,5.09735,1.03828
60,299,FALSE,4.0823,1.08133
60,300,FALSE,5.14179,1.09712
60,301,FALSE,3.06334,1.10118
60,302,FALSE,5.11054,1.00782
60,303,FALSE,3.14155,1.02465
60,308,FALSE,6.05492,1.00317
60,317,FALSE,5.00768,1.00778
60,318,FALSE,6.11678,1.10256
60,319,FALSE,5.13941,1.0275
60,320,FALSE,5.11056,1.0752
60,321,FALSE,4.05977,1.04659
60,322,FALSE,3.12257,1.03446
60,323,FALSE,3.1365,1.00059
60,324,FALSE,3.06954,1.02836
60,325,FALSE,5.01508,1.00309
60,326,FALSE,3.02604,1.00181
60,328,FALSE,5.11077,1.07697
60,329,FALSE,6.01189,1.11927
60,330,FALSE,5.10981,1.09098
60,331,FALSE,3.13437,1.02145
60,332,FALSE,5.11284,1.13194
60,333,FALSE,5.10059,3.12667
60,334,FALSE,1.12766,1.11934
60,335,FALSE,5.11903,1.09667
60,336,FALSE,5.08282,1.05182
60,337,FALSE,5.05665,1.11654
60,339,FALSE,5.05939,1.0235
60,340,TRUE,1.09881,1
60,341,TRUE,5.11897,1
60,342,FALSE,1.11212,6.1214
60,343,TRUE,1,1
60,346,FALSE,5.01576,1.09786
60,347,FALSE,6.06732,1.12924
60,348,FALSE,5.12615,1.09962
60,349,FALSE,5.00429,1.06087
60,350,FALSE,4.11587,1.14682
60,351,FALSE,5.09406,1.14511
60,352,FALSE,4.01098,1.09464
60,353,FALSE,7.10714,4.10409
60,354,FALSE,5.05563,4.13709
60,355,FALSE,3.1095,1.08308
60,357,FALSE,4.02279,1.0653
60,358,FALSE,3.10325,1.0723
60,359,FALSE,3.05621,1.12588
60,361,FALSE,5.09519,1.07819
60,363,FALSE,5.07177,5.08014
60,364,FALSE,5.0698,5.09403
60,365,FALSE,3.10523,1.01489
60,366,FALSE,1.07914,1.09045
60,367,FALSE,5.06703,5.07896
60,370,FALSE,3.12219,1.09592
60,371,FALSE,3.14289,1.13327
60,372,FALSE,6.05799,1.14349
60,373,FALSE,1.13012,1.12063
60,374,FALSE,7.06452,1.00234
60,375,FALSE,3.12475,1.14564
60,376,FALSE,1.1215,1.03177
60,377,FALSE,1.13902,1.0672
60,378,FALSE,3.1203,3.029
60,379,FALSE,1.13138,3.02404
60,380,FALSE,3.13413,4.01202
60,381,FALSE,1.14142,1.09263
60,383,FALSE,5.12059,1.04972
60,384,FALSE,5.03398,1.12788
60,385,FALSE,5.14373,1.00759
60,386,FALSE,5.0314,1.02522
60,387,FALSE,4.11343,1.02352
60,388,FALSE,1.12636,1.03556
60,389,FALSE,2.09178,1.04817
60,390,FALSE,2.05745,1.02595
60,391,FALSE,3.03348,1.00707
60,394,FALSE,5.10812,1.02501
60,395,FALSE,1.06522,5.06794
60,396,FALSE,1.01487,5.09416
60,397,FALSE,1.11279,5.07846
60,398,FALSE,3.06221,5.01911
60,403,FALSE,4.0761,1.00413
60,404,FALSE,4.02727,5.00776
60,405,FALSE,1.10245,5.01815
60,406,FALSE,1,1.03859
60,407,FALSE,3.02123,4.08695
60,408,TRUE,1.09243,1
60,412,FALSE,6.07601,5.00259
60,413,FALSE,1.14233,5.00395
60,414,FALSE,6.07727,5.04338
60,415,FALSE,3.11647,5.01844
60,416,FALSE,3.11405,3.12362
60,417,FALSE,3.03388,1.14502
60,418,FALSE,5.02107,5.09966
60,419,FALSE,5.1188,3.14216
60,420,FALSE,3.07389,3.08274
60,421,FALSE,5.01766,3.01047
60,422,FALSE,5.05273,3.08291
60,423,FALSE,3.10606,1.12082
60,425,FALSE,7.00084,1.0247
60,426,FALSE,4.14424,1.07722
60,427,FALSE,1.13675,1.10482
60,428,FALSE,3.04567,3.06609
60,429,FALSE,3.10823,3.00547
61,1,FALSE,3.12631,1.10543
61,3,FALSE,1.0367,1.10423
61,5,FALSE,7.07829,1.01736
61,6,FALSE,3.05128,1.06938
61,7,FALSE,1,1.017
61,9,FALSE,1.13549,1.00611
61,10,FALSE,1.04277,1.03488
61,11,FALSE,1,1.11822
61,13,FALSE,1.13775,1.10432
61,17,FALSE,3.03234,1.04323
61,18,FALSE,1.09612,1.102
61,19,TRUE,3.10642,1
61,21,FALSE,3.09174,1.10057
61,22,FALSE,1.14479,1.13744
61,25,FALSE,4.1073,1.04949
61,29,FALSE,1.14522,1.00339
61,30,FALSE,1.11551,1.1253
61,69,FALSE,4.11324,1.00529
61,70,FALSE,3.12387,3.0032
61,71,FALSE,3.11379,1.06285
61,72,FALSE,3.0974,3.01689
61,73,FALSE,3.07073,3.00317
61,74,FALSE,3.07046,3.10166
61,75,FALSE,3.12461,4.05251
61,76,FALSE,3.03396,1.1269
61,77,FALSE,1.12989,3.03246
61,78,FALSE,3.03281,1.10058
61,79,FALSE,3.04531,1.11644
61,82,FALSE,4.0486,1.06222
61,83,FALSE,3.09208,1.09319
61,84,FALSE,1,3.12644
61,85,TRUE,1.06962,1
61,86,TRUE,4.0576,1
61,91,FALSE,1.13681,1.05011
61,92,FALSE,3.07398,1.06977
61,93,FALSE,3.14085,1.12399
61,95,FALSE,1.1251,1.01699
61,98,FALSE,5.09672,1.08494
61,99,FALSE,5.05021,2.06649
61,100,FALSE,6.03658,1.09731
61,101,FALSE,3.07035,1.03188
61,103,FALSE,5.07208,1.14573
61,104,FALSE,5.00442,1.12841
61,106,FALSE,5.05163,1.06535
61,107,FALSE,6.00736,1.05633
61,109,FALSE,4.08717,1.11909
61,110,FALSE,3.08542,1.11641
61,111,FALSE,3.13906,1.00386
61,112,FALSE,2.09273,1.0178
61,113,FALSE,3.03092,1.11953
61,114,FALSE,1.14721,1.01549
61,115,FALSE,1.13822,1.11203
61,116,FALSE,3.12528,1.03752
61,117,FALSE,1.13939,1.03861
61,118,FALSE,3.14249,1.01448
61,120,FALSE,4.08678,1.00163
61,121,FALSE,1.14419,1.0007
61,122,FALSE,1.13546,1.00299
61,123,FALSE,1.10929,1.01155
61,124,FALSE,7.08969,1.02639
61,125,FALSE,4.09428,5.05693
61,126,FALSE,5.12863,5.03171
61,127,FALSE,4.0302,1.04085
61,128,FALSE,5.11976,1.01836
61,129,FALSE,5.00485,1.14276
61,130,FALSE,5.08344,5.08509
61,131,FALSE,1.07355,1.01164
61,133,FALSE,1.14512,1.00101
61,134,FALSE,1.14742,1.0299
61,135,FALSE,1.14158,1.00036
61,136,FALSE,1.14322,1.01904
61,137,TRUE,1.03747,1
61,139,FALSE,1.1292,1.0154
61,140,FALSE,1.08065,1.00271
61,141,FALSE,1.03896,1.04338
61,142,FALSE,1.12611,1.09766
61,143,FALSE,1.14644,1.00182
61,144,FALSE,1.11172,1.06369
61,145,FALSE,1,5.00726
61,146,TRUE,1,1
61,147,FALSE,1,1.09015
61,148,TRUE,1,1
61,149,TRUE,3.05562,1
61,150,FALSE,1,5.01282
61,151,FALSE,1,1.08118
61,153,FALSE,1.14238,1.12121
61,154,FALSE,5.07532,1.08335
61,155,FALSE,3.09202,1.03259
61,156,FALSE,3.0512,1.0836
61,157,FALSE,1.13292,1.01141
61,158,FALSE,3.13903,1.01929
61,159,FALSE,3.14624,1.06169
61,160,FALSE,3.02499,1.05115
61,161,FALSE,3.0823,1.13278
61,162,FALSE,4.1142,4.1295
61,164,FALSE,7.13185,1.01446
61,165,FALSE,1.02602,5.05624
61,166,FALSE,5.10571,5.13653
61,167,FALSE,1.04298,1.05572
61,168,FALSE,1,5.05803
61,169,FALSE,5.06692,5.13086
61,173,FALSE,4.09563,1.09536
61,175,FALSE,1.11542,1.06147
61,176,FALSE,1.13855,1.04644
61,177,FALSE,5.14657,1.09384
61,178,FALSE,6.02873,4.00412
61,179,FALSE,5.11474,1.14469
61,180,FALSE,5.10709,2.13417
61,181,FALSE,5.10117,3.04281
61,182,FALSE,5.0186,1.14559
61,183,FALSE,5.05517,1.12427
61,184,FALSE,7.05472,1.13526
61,185,FALSE,5.14446,1.13313
61,186,FALSE,7.088,1.12025
61,188,FALSE,5.14305,1.004
61,189,FALSE,6.09773,4.13632
61,190,FALSE,3.06995,1.10941
61,191,FALSE,5.11022,1.09222
61,192,FALSE,5.02942,1.0914
61,193,FALSE,5.03,6.01523
61,194,FALSE,5.11933,1.13111
61,195,FALSE,3.11676,1.10446
61,197,FALSE,5.14418,1.03801
61,198,FALSE,5.08252,1.12411
61,199,FALSE,4.03065,3.02885
61,200,FALSE,1.12566,1.14508
61,201,FALSE,1.12747,1.12821
61,202,FALSE,7.05383,7.06208
61,203,FALSE,5.11709,4.04015
61,204,FALSE,5.09166,1.10155
61,206,FALSE,5.11395,1.00511
61,207,FALSE,3.0728,1.11748
61,208,FALSE,1.14341,1.10655
61,209,FALSE,3.11978,3.01887
61,210,FALSE,3.12864,3.01139
61,211,FALSE,3.02928,3.12735
61,212,FALSE,1.14481,1.08687
61,213,FALSE,3.01763,1.08177
61,216,FALSE,6.13333,1.10974
61,217,FALSE,4.01217,1.14002
61,218,FALSE,5.13382,1.13838
61,219,FALSE,5.00215,3.03303
61,222,FALSE,3.02836,1.0897
61,225,FALSE,3.11099,4.08987
61,226,FALSE,5.10364,1.10263
61,227,FALSE,7.04348,4.03012
61,229,FALSE,4.09207,3.11322
61,230,FALSE,3.12801,3.06381
61,233,FALSE,5.14001,1.00971
61,234,FALSE,3.00901,3.03887
61,235,FALSE,3.04705,3.05465
61,236,FALSE,1.08059,1.05148
61,237,FALSE,1.05595,1.04382
61,242,FALSE,4.12684,1.00106
61,243,FALSE,1.12112,1.12697
61,251,FALSE,4.12494,4.1074
61,252,FALSE,3.11958,1.13474
61,253,FALSE,5.00954,1.00193
61,254,FALSE,1.08563,1.01921
61,255,FALSE,3.09611,1.0731
61,256,FALSE,5.09308,1.08171
61,257,FALSE,5.02791,1.00294
61,258,FALSE,3.01329,1.07009
61,259,FALSE,1.13581,3.04253
61,260,FALSE,1.0789,1.06355
61,262,FALSE,6.13518,1.00724
61,263,FALSE,1.136,1.1118
61,264,FALSE,4.02017,1.10082
61,265,FALSE,1.14426,1.12119
61,270,FALSE,1.13475,3.06146
61,271,FALSE,3.14038,1.08679
61,272,FALSE,1.14668,1.08932
61,273,FALSE,1.14492,1.12167
61,274,FALSE,1.1343,1.07553
61,275,FALSE,1.13147,3.00548
61,280,FALSE,1.12574,1.01095
61,289,FALSE,4.06779,1.05762
61,290,FALSE,1.13067,1.13157
61,291,FALSE,1.1377,1.13683
61,292,FALSE,1.10412,1.06771
61,293,FALSE,5.13444,5.00909
61,294,FALSE,5.0204,5.02045
61,295,FALSE,6.04812,5.02541
61,296,FALSE,5.13827,5.04679
61,297,FALSE,5.14684,1.09926
61,298,FALSE,5.10962,1.02475
61,299,FALSE,4.08148,1.09501
61,300,FALSE,5.0696,1.05327
61,301,FALSE,3.14353,1.01669
61,302,FALSE,5.04569,1.00322
61,303,FALSE,3.11201,1.00308
61,308,FALSE,6.00878,1.00743
61,317,FALSE,5.02744,1.03291
61,318,FALSE,6.0273,1.12464
61,319,FALSE,5.13434,1.0716
61,320,FALSE,5.06185,1.00601
61,321,FALSE,4.0321,1.03163
61,322,FALSE,3.07133,1.00727
61,323,FALSE,3.09588,1.04191
61,324,FALSE,3.00383,1.00169
61,325,FALSE,5.04112,1.03446
61,326,FALSE,3.10812,1.06721
61,328,FALSE,5.13148,1.07558
61,329,FALSE,6.06601,1.14412
61,330,FALSE,5.1321,1.07456
61,331,FALSE,3.14046,1.0218
61,332,FALSE,5.09012,1.11875
61,333,FALSE,5.10647,3.0404
61,334,FALSE,1.14528,1.06303
61,335,FALSE,5.14288,1.07664
61,336,FALSE,5.13928,1.0663
61,337,FALSE,5.05585,1.01304
61,339,FALSE,5.04721,1.13126
61,340,TRUE,1.02781,1
61,341,TRUE,5.04013,1
61,342,FALSE,1.14604,6.05389
61,343,TRUE,1,1
61,346,FALSE,5.01028,1.03531
61,347,FALSE,6.04727,1.13451
61,348,FALSE,5.00667,1.09358
61,349,FALSE,5.09693,1.03613
61,350,FALSE,4.01047,1.11121
61,351,FALSE,5.1259,1.12217
61,352,FALSE,4.13579,1.12262
61,353,FALSE,7.07611,4.11406
61,354,FALSE,5.11287,4.06461
61,355,FALSE,3.12961,1.08001
61,357,FALSE,4.12958,1.05915
61,358,FALSE,3.10487,1.08286
61,359,FALSE,3.08205,1.12717
61,361,FALSE,5.11832,1.07867
61,363,FALSE,5.08208,5.09213
61,364,FALSE,5.06268,5.07566
61,365,FALSE,3.06276,1.08623
61,366,FALSE,1.14607,1.09853
61,367,FALSE,5.0601,5.04173
61,370,FALSE,3.12394,1.10748
61,371,FALSE,3.07337,1.12275
61,372,FALSE,6.01792,1.14462
61,373,FALSE,1.14054,1.10146
61,374,FALSE,7.04415,1.01234
61,375,FALSE,1.036,1.12044
61,376,FALSE,1.1042,1.11439
61,377,FALSE,1.00839,1.0323
61,378,FALSE,3.10761,3.06757
61,379,FALSE,1.13705,3.10742
61,380,FALSE,3.09838,4.02368
61,381,FALSE,1.13361,1.05278
61,383,FALSE,5.1004,1.05143
61,384,FALSE,5.13801,1.12295
61,385,FALSE,5.13503,1.00257
61,386,FALSE,5.00537,1.01871
61,387,FALSE,4.02493,1.0466
61,388,FALSE,1.11534,1.0005
61,389,FALSE,2.04703,1.00121
61,390,FALSE,5.08149,1.02585
61,391,FALSE,3.07955,1.03145
61,394,FALSE,5.09474,1.00392
61,395,FALSE,1.14454,5.05719
61,396,FALSE,1.02674,5.0579
61,397,FALSE,1.13667,5.12787
61,398,FALSE,3.03058,5.08545
61,403,FALSE,4.08039,1.001
61,404,FALSE,4.09923,5.029
61,405,FALSE,1.12395,5.0487
61,406,FALSE,1,1.01364
61,407,FALSE,3.1346,4.04509
61,408,TRUE,1.06321,1
61,412,FALSE,6.0761,5.00312
61,413,FALSE,5.14444,5.00108
61,414,FALSE,6.04835,5.01303
61,415,FALSE,3.01732,5.00201
61,416,FALSE,3.02467,3.14651
61,417,FALSE,3.12531,1.13555
61,418,FALSE,5.05365,5.09412
61,419,FALSE,5.06748,3.08155
61,420,FALSE,3.06023,3.12248
61,421,FALSE,5.0363,3.06997
61,422,FALSE,5.14141,3.09299
61,423,FALSE,3.05849,1.13178
61,425,FALSE,7.08365,1.00704
61,426,FALSE,4.14011,1.07587
61,427,FALSE,1.13981,1.10277
61,428,FALSE,3.06895,3.01912
61,429,FALSE,3.13045,3.05064
62,1,FALSE,3.09356,1.09953
62,3,FALSE,1.05519,1.09477
62,5,FALSE,7.02271,1.04036
62,6,FALSE,3.02302,1.05435
62,7,FALSE,1,1.0301
62,9,FALSE,1.14656,1.0078
62,10,FALSE,1.03042,1.00379
62,11,FALSE,1,1.13896
62,13,FALSE,1.1269,1.09292
62,17,FALSE,3.00028,1.05816
62,18,FALSE,1.08003,1.062
62,19,TRUE,3.02856,1
62,21,FALSE,3.06561,1.06929
62,22,FALSE,1.14318,1.14158
62,25,FALSE,1.11433,1.06148
62,29,FALSE,1.13807,1.00275
62,30,FALSE,1.14139,1.12801
62,69,FALSE,4.11855,1.00011
62,70,FALSE,3.08331,3.02124
62,71,FALSE,3.02123,1.06495
62,72,FALSE,3.1169,3.02138
62,73,FALSE,3.02249,3.01571
62,74,FALSE,3.06641,3.06848
62,75,FALSE,3.12946,4.02805
62,76,FALSE,3.1367,1.13571
62,77,FALSE,1.14579,3.04857
62,78,FALSE,3.12509,1.09072
62,79,FALSE,3.11924,1.12404
62,82,FALSE,4.07135,1.00905
62,83,FALSE,3.13029,1.02891
62,84,FALSE,1,3.03778
62,85,TRUE,1.13564,1
62,86,TRUE,4.01992,1
62,91,FALSE,1.14647,1.03785
62,92,FALSE,1.13235,1.11831
62,93,FALSE,3.08343,1.13688
62,95,FALSE,1.12797,1.03868
62,98,FALSE,5.13123,1.08297
62,99,FALSE,5.10892,2.06539
62,100,FALSE,6.02786,1.12853
62,101,FALSE,3.14136,1.02396
62,103,FALSE,5.06827,1.09754
62,104,FALSE,5.06656,1.06526
62,106,FALSE,5.07315,1.06413
62,107,FALSE,6.01251,1.04849
62,109,FALSE,4.03158,1.13538
62,110,FALSE,3.14258,1.1059
62,111,FALSE,3.13173,1.00146
62,112,FALSE,2.11173,1.05383
62,113,FALSE,3.07685,1.08161
62,114,FALSE,1.14002,1.04315
62,115,FALSE,1.13474,1.07298
62,116,FALSE,3.08869,1.0325
62,117,FALSE,1.14445,1.02545
62,118,FALSE,3.12105,1.09207
62,120,FALSE,4.00301,1.0024
62,121,FALSE,1.14728,1.00352
62,122,FALSE,1.13983,1.00783
62,123,FALSE,1.11762,1.00499
62,124,FALSE,7.08876,1.01014
62,125,FALSE,4.1435,5.03126
62,126,FALSE,5.08685,5.07884
62,127,FALSE,4.05392,1.13407
62,128,FALSE,5.11991,1.043
62,129,FALSE,5.06605,1.1212
62,130,FALSE,5.12619,5.13193
62,131,FALSE,1.1197,1.08245
62,133,FALSE,1.14608,1.02022
62,134,FALSE,1.13093,1.0179
62,135,FALSE,1.14111,1.00159
62,136,FALSE,1.14,1.04876
62,137,TRUE,1.02502,1
62,139,FALSE,1.12372,1.06091
62,140,FALSE,1.13337,1.0537
62,141,FALSE,1.0453,1.01892
62,142,FALSE,1.11793,1.00552
62,143,FALSE,1.14027,1.05073
62,144,FALSE,1.06088,1.03616
62,145,FALSE,1,5.06196
62,146,TRUE,1,1
62,147,FALSE,1,1.11617
62,148,TRUE,1,1
62,149,TRUE,3.03764,1
62,150,FALSE,1,5.00767
62,151,TRUE,1.03174,1
62,153,FALSE,1.14038,1.14342
62,154,FALSE,5.13572,1.0914
62,155,FALSE,7.00407,1.00786
62,156,FALSE,1.14704,1.09589
62,157,FALSE,1.13631,1.00089
62,158,FALSE,3.05372,1.02895
62,159,FALSE,3.01976,1.02004
62,160,FALSE,3.06622,1.05164
62,161,FALSE,3.02073,1.00014
62,162,FALSE,4.13653,4.13059
62,164,FALSE,7.00259,1.04249
62,165,FALSE,1.11627,5.04869
62,166,FALSE,5.09823,5.12047
62,167,FALSE,1.0832,1.12673
62,168,FALSE,1,5.03153
62,169,FALSE,5.03914,5.11574
62,173,FALSE,4.10855,1.06833
62,175,FALSE,1.04083,1.04247
62,176,FALSE,1.06834,1.13523
62,177,FALSE,5.10911,1.12846
62,178,FALSE,5.11087,4.01613
62,179,FALSE,5.14124,1.14599
62,180,FALSE,5.07067,2.12424
62,181,FALSE,5.06647,3.08992
62,182,FALSE,5.0127,1.12986
62,183,FALSE,5.1244,1.12764
62,184,FALSE,7.10176,1.12188
62,185,FALSE,5.08091,1.14314
62,186,FALSE,7.12456,1.11259
62,188,FALSE,5.14601,1.00429
62,189,FALSE,6.13936,4.1078
62,190,FALSE,3.13937,3.03024
62,191,FALSE,5.10513,1.06967
62,192,FALSE,5.14208,1.0988
62,193,FALSE,5.08131,6.00402
62,194,FALSE,5.01362,1.14072
62,195,FALSE,3.12,1.04822
62,197,FALSE,5.13351,1.00495
62,198,FALSE,5.00243,1.14481
62,199,FALSE,4.11578,3.02128
62,200,FALSE,1.13747,1.14569
62,201,FALSE,1.13651,1.13842
62,202,FALSE,7.13462,7.02426
62,203,FALSE,5.14368,4.04954
62,204,FALSE,5.06571,1.07934
62,206,FALSE,5.12697,1.00897
62,207,FALSE,3.03032,1.13037
62,208,FALSE,1.14714,1.05883
62,209,FALSE,3.09291,3.08286
62,210,FALSE,3.11593,3.01115
62,211,FALSE,3.02886,3.12321
62,212,FALSE,1.12995,1.08412
62,213,FALSE,3.11484,1.05203
62,216,FALSE,6.11322,1.10514
62,217,FALSE,4.11866,1.14043
62,218,FALSE,5.12961,1.10271
62,219,FALSE,5.05954,1.1326
62,222,FALSE,3.05941,1.12154
62,225,FALSE,3.14054,4.0091
62,226,FALSE,5.04235,1.10403
62,227,FALSE,7.06494,4.04261
62,229,FALSE,4.04115,3.07078
62,230,FALSE,3.12341,3.05578
62,233,FALSE,5.12153,1.02775
62,234,FALSE,5.07978,3.05422
62,235,FALSE,3.03401,3.10234
62,236,FALSE,1.08319,1.07758
62,237,FALSE,1.13105,1.07535
62,242,FALSE,4.13164,1.01347
62,243,FALSE,1.10029,1.14657
62,251,FALSE,4.11544,4.03424
62,252,FALSE,3.07437,1.13949
62,253,FALSE,5.035,1.01907
62,254,FALSE,1.13919,1.06437
62,255,FALSE,3.13942,1.01867
62,256,FALSE,5.07156,1.0336
62,257,FALSE,5.14033,1.05485
62,258,FALSE,3.07016,1.00255
62,259,FALSE,1.13356,1.06952
62,260,FALSE,1.09877,1.06276
62,262,FALSE,6.1328,1.00681
62,263,FALSE,1.13068,1.01265
62,264,FALSE,4.07754,1.05772
62,265,FALSE,1.14464,1.13809
62,270,FALSE,1.13574,3.04278
62,271,FALSE,3.03953,1.10709
62,272,FALSE,1.12469,1.13663
62,273,FALSE,1.13641,1.10378
62,274,FALSE,1.11406,1.10546
62,275,FALSE,1.13449,3.10425
62,280,FALSE,1.09869,1.01152
62,289,FALSE,4.07218,1.07509
62,290,FALSE,1.14132,1.10373
62,291,FALSE,1.14736,1.14668
62,292,FALSE,1.13117,1.08946
62,293,FALSE,6.00113,5.00066
62,294,FALSE,5.09691,5.00163
62,295,FALSE,6.11139,5.00262
62,296,FALSE,5.07017,5.00404
62,297,FALSE,5.09819,1.08702
62,298,FALSE,5.08061,1.07407
62,299,FALSE,4.04299,1.08143
62,300,FALSE,5.09946,1.08759
62,301,FALSE,3.12092,1.06268
62,302,FALSE,5.12698,1.12977
62,303,FALSE,3.11949,1.07271
62,308,FALSE,6.08643,1.00016
62,317,FALSE,3.00381,1.00505
62,318,FALSE,6.08882,1.11546
62,319,FALSE,5.10179,1.02695
62,320,FALSE,5.10001,1.02997
62,321,FALSE,4.13956,1.00697
62,322,FALSE,3.04215,1.04732
62,323,FALSE,3.12542,1.02196
62,324,FALSE,3.0205,1.01343
62,325,FALSE,5.10749,1.09314
62,326,FALSE,3.13618,1.02009
62,328,FALSE,5.12493,1.06741
62,329,FALSE,6.03535,2.04363
62,330,FALSE,5.09708,1.0685
62,331,FALSE,5.01831,1.04236
62,332,FALSE,5.13127,1.11929
62,333,FALSE,5.06563,3.13035
62,334,FALSE,1.13844,1.11472
62,335,FALSE,5.10973,1.10035
62,336,FALSE,5.06904,1.11745
62,337,FALSE,5.07715,1.09063
62,339,FALSE,5.12512,1.05309
62,340,TRUE,1.03835,1
62,341,TRUE,5.10533,1
62,342,FALSE,1.13101,6.14459
62,343,TRUE,1,1
62,346,FALSE,5.02893,1.11312
62,347,FALSE,6.0146,1.13062
62,348,FALSE,5.1295,1.08624
62,349,FALSE,5.06977,1.03058
62,350,FALSE,4.11291,3.03825
62,351,FALSE,5.02645,1.14463
62,352,FALSE,4.00426,1.13457
62,353,FALSE,7.03103,4.08814
62,354,FALSE,5.1036,4.13445
62,355,FALSE,3.14004,1.06757
62,357,FALSE,4.14377,1.05381
62,358,FALSE,3.08842,1.07593
62,359,FALSE,3.06586,1.13689
62,361,FALSE,5.14093,1.0566
62,363,FALSE,5.04898,5.05649
62,364,FALSE,5.05369,5.06523
62,365,FALSE,3.07618,1.0313
62,366,FALSE,1.11071,1.11839
62,367,FALSE,5.09045,5.0866
62,370,FALSE,3.11486,1.11126
62,371,FALSE,3.13205,1.13032
62,372,FALSE,6.08884,1.14212
62,373,FALSE,1.14404,1.10761
62,374,FALSE,7.02523,1.00246
62,375,FALSE,3.0976,1.0079
62,376,FALSE,1.07931,1.01372
62,377,FALSE,1.10629,1.07236
62,378,FALSE,3.14436,3.10984
62,379,FALSE,1.14634,3.12596
62,380,FALSE,3.04381,4.11628
62,381,FALSE,1.12966,1.11264
62,383,FALSE,5.13208,1.05831
62,384,FALSE,5.14037,1.14519
62,385,FALSE,5.14261,1.00464
62,386,FALSE,5.07304,1.07337
62,387,FALSE,4.02941,1.00813
62,388,FALSE,1.14339,1.02623
62,389,FALSE,2.0598,1.01274
62,390,FALSE,2.14507,1.01324
62,391,FALSE,3.09333,1.075
62,394,FALSE,5.05636,1.04646
62,395,FALSE,1.08513,5.00298
62,396,FALSE,1.08622,5.06449
62,397,FALSE,1.06655,5.13998
62,398,FALSE,3.11306,5.05006
62,403,FALSE,4.13282,1.1117
62,404,FALSE,4.10193,5.096
62,405,FALSE,1.14028,5.04365
62,406,FALSE,1.07235,1.06631
62,407,FALSE,3.02067,4.07507
62,408,TRUE,1.05306,1
62,412,FALSE,6.06969,5.00338
62,413,FALSE,5.06362,5.01183
62,414,FALSE,6.07604,5.02349
62,415,FALSE,3.06851,5.00745
62,416,FALSE,3.04248,3.08359
62,417,FALSE,3.11557,1.13906
62,418,FALSE,5.10052,5.11538
62,419,FALSE,3.07426,4.10304
62,420,FALSE,3.08259,3.09616
62,421,FALSE,5.11769,3.08223
62,422,FALSE,5.1029,3.00371
62,423,FALSE,3.04649,1.13136
62,425,FALSE,7.01725,1.07179
62,426,FALSE,4.12439,1.06474
62,427,FALSE,1.14379,1.10801
62,428,FALSE,3.08007,3.13752
62,429,FALSE,3.13256,3.1276
63,1,FALSE,3.1061,1.09628
63,3,FALSE,1.03568,1.11992
63,5,FALSE,7.04395,1.03534
63,6,FALSE,3.0572,1.09482
63,7,FALSE,1,1.00954
63,9,FALSE,1.13006,1.0058
63,10,FALSE,1.0041,1.08173
63,11,FALSE,1,1.14716
63,13,FALSE,1.11728,1.10807
63,17,FALSE,3.12691,1.05725
63,18,FALSE,1.12617,1.07582
63,19,TRUE,3.11317,1
63,21,FALSE,4.0883,1.08171
63,22,FALSE,1.12557,1.12772
63,25,FALSE,4.12392,1.02112
63,29,FALSE,1.14707,1.00501
63,30,FALSE,1.14224,1.12542
63,69,FALSE,4.04025,1.00005
63,70,FALSE,3.13452,3.03265
63,71,FALSE,3.02764,1.07891
63,72,FALSE,3.11242,3.07057
63,73,FALSE,3.11559,3.00581
63,74,FALSE,3.05214,3.0585
63,75,FALSE,3.13247,4.08258
63,76,FALSE,1.13774,1.14543
63,77,FALSE,1.14304,3.08576
63,78,FALSE,3.12285,1.10207
63,79,FALSE,3.11043,1.13145
63,82,FALSE,4.10338,1.12101
63,83,FALSE,3.01869,1.12137
63,84,FALSE,1,3.08751
63,85,TRUE,1.14679,1
63,86,TRUE,4.10202,1
63,91,FALSE,1.14418,1.04681
63,92,FALSE,3.11339,1.10304
63,93,FALSE,3.02795,1.1406
63,95,FALSE,1.11797,1.01057
63,98,FALSE,5.13342,1.06995
63,99,FALSE,5.09388,2.02863
63,100,FALSE,6.04683,1.10871
63,101,FALSE,3.11732,1.01699
63,103,FALSE,5.02191,1.13547
63,104,FALSE,5.07277,1.12699
63,106,FALSE,5.06771,1.11867
63,107,FALSE,6.01805,1.04145
63,109,FALSE,4.04152,1.11815
63,110,FALSE,3.14615,1.11025
63,111,FALSE,3.12936,1.00344
63,112,FALSE,2.02815,1.03365
63,113,FALSE,3.04983,1.04789
63,114,FALSE,1.13103,1.00033
63,115,FALSE,1.13744,1.08167
63,116,FALSE,3.10384,1.09384
63,117,FALSE,1.14299,1.01425
63,118,FALSE,3.11646,1.09174
63,120,FALSE,4.10656,1.00254
63,121,FALSE,1.14148,1.0017
63,122,FALSE,1.13899,1.00844
63,123,FALSE,1.14185,1.00894
63,124,FALSE,7.10305,1.0392
63,125,FALSE,4.14651,5.02653
63,126,FALSE,5.08797,5.06991
63,127,FALSE,4.11329,1.02343
63,128,FALSE,5.08566,1.03886
63,129,FALSE,5.12365,1.11585
63,130,FALSE,5.08419,5.12314
63,131,FALSE,1.06686,1.13498
63,133,FALSE,1.14578,1.00003
63,134,FALSE,1.13382,1.00649
63,135,FALSE,1.1371,1.09315
63,136,FALSE,1.12399,1.06366
63,137,FALSE,1.00517,1.02183
63,139,FALSE,1.04641,1.0262
63,140,FALSE,1.13427,1.03372
63,141,FALSE,1.03222,1.09281
63,142,FALSE,1.02602,1.04337
63,143,FALSE,1.12995,1.07723
63,144,FALSE,1.12777,1.0496
63,145,FALSE,1,5.02874
63,146,TRUE,1,1
63,147,FALSE,1,1.05025
63,148,TRUE,1,1
63,149,TRUE,3.07276,1
63,150,FALSE,1,5.06377
63,151,TRUE,1.09193,1
63,153,FALSE,1.13829,1.13987
63,154,FALSE,5.12092,1.10221
63,155,FALSE,7.13948,1.02114
63,156,FALSE,3.02348,1.09866
63,157,FALSE,1.14558,1.00186
63,158,FALSE,3.03045,1.03435
63,159,FALSE,3.05859,1.03694
63,160,FALSE,3.00738,1.02705
63,161,FALSE,3.10179,1.01864
63,162,FALSE,4.12453,4.12312
63,164,FALSE,7.05432,1.01898
63,165,FALSE,1.09816,5.14739
63,166,FALSE,5.08523,5.11424
63,167,FALSE,1.01987,1.03758
63,168,FALSE,1,5.04979
63,169,FALSE,5.10838,5.14368
63,173,FALSE,3.11011,1.09996
63,175,FALSE,1.06708,1.06872
63,176,FALSE,1.08152,1.01792
63,177,FALSE,5.14294,1.10005
63,178,FALSE,5.11647,4.00499
63,179,FALSE,5.11806,1.14279
63,180,FALSE,5.10219,2.00722
63,181,FALSE,5.09242,3.03465
63,182,FALSE,5.00368,1.13681
63,183,FALSE,5.06294,1.12971
63,184,FALSE,7.12222,1.12669
63,185,FALSE,5.00811,1.13482
63,186,FALSE,7.08336,1.13894
63,188,FALSE,7.00993,1.00194
63,189,FALSE,6.02223,4.11006
63,190,FALSE,3.11634,1.1409
63,191,FALSE,5.10624,1.10655
63,192,FALSE,5.10882,1.12152
63,193,FALSE,5.02603,6.08018
63,194,FALSE,5.10966,1.11886
63,195,FALSE,3.12198,1.1176
63,197,FALSE,5.1389,1.01691
63,198,FALSE,5.00092,1.13929
63,199,FALSE,5.07668,1.12633
63,200,FALSE,1.12441,1.14239
63,201,FALSE,1.12872,1.1365
63,202,FALSE,7.02999,7.0351
63,203,FALSE,5.07361,4.07156
63,204,FALSE,5.03298,1.1047
63,206,FALSE,5.0239,1.00222
63,207,FALSE,3.08096,1.12532
63,208,FALSE,1.10485,1.08262
63,209,FALSE,3.09236,3.00349
63,210,FALSE,3.13194,3.04909
63,211,FALSE,3.08869,3.10383
63,212,FALSE,1.13447,1.0944
63,213,FALSE,3.12705,1.10183
63,216,FALSE,6.08508,1.11775
63,217,FALSE,4.11365,1.13201
63,218,FALSE,5.05096,1.13668
63,219,FALSE,5.06507,1.14064
63,222,FALSE,3.09658,1.12035
63,225,FALSE,3.05501,4.06349
63,226,FALSE,5.13856,1.08602
63,227,FALSE,7.01337,4.09536
63,229,FALSE,4.00813,3.05512
63,230,FALSE,4.0774,3.048
63,233,FALSE,5.13347,1.01778
63,234,FALSE,5.11114,3.07451
63,235,FALSE,3.0224,3.04321
63,236,FALSE,1.11327,1.01761
63,237,FALSE,1.0724,1.08295
63,242,FALSE,4.04008,1.00692
63,243,FALSE,1.10795,1.14717
63,251,FALSE,4.12621,4.10726
63,252,FALSE,3.14644,1.11053
63,253,FALSE,5.0061,1.00925
63,254,FALSE,1.07089,1.01975
63,255,FALSE,3.03524,1.01963
63,256,FALSE,5.12892,1.05277
63,257,FALSE,5.12013,1.01737
63,258,FALSE,3.07436,1.05655
63,259,FALSE,1.14296,3.13566
63,260,FALSE,1.13564,1.084
63,262,FALSE,6.02124,1.00019
63,263,FALSE,1.14528,1.0008
63,264,FALSE,4.01539,1.12832
63,265,FALSE,1.14135,1.13294
63,270,FALSE,1.14645,3.0339
63,271,FALSE,3.13483,1.13425
63,272,FALSE,1.13939,1.11671
63,273,FALSE,1.11804,1.089
63,274,FALSE,1.12402,1.12482
63,275,FALSE,1.14409,3.00542
63,280,FALSE,1.13769,1.04274
63,289,FALSE,4.0894,1.03753
63,290,FALSE,1.13755,1.09299
63,291,FALSE,1.14196,1.14503
63,292,FALSE,1.13809,1.07916
63,293,FALSE,6.1421,5.00125
63,294,FALSE,5.03379,5.01592
63,295,FALSE,6.04733,5.04147
63,296,FALSE,1.08406,5.03095
63,297,FALSE,5.10548,1.08135
63,298,FALSE,5.04662,1.04312
63,299,FALSE,4.04663,1.09742
63,300,FALSE,5.023,1.08912
63,301,FALSE,3.08339,1.00656
63,302,FALSE,5.09926,1.03739
63,303,FALSE,3.11832,1.12502
63,308,FALSE,6.0844,1.00301
63,317,FALSE,3.07697,1.01156
63,318,FALSE,6.02592,1.09428
63,319,FALSE,5.12794,1.05012
63,320,FALSE,5.1039,1.01965
63,321,FALSE,4.07885,1.03578
63,322,FALSE,3.02276,1.04556
63,323,FALSE,3.076,1.01079
63,324,FALSE,3.09323,1.07844
63,325,FALSE,5.04136,1.09096
63,326,FALSE,3.04046,1.01488
63,328,FALSE,5.09644,1.07064
63,329,FALSE,6.09576,1.14245
63,330,FALSE,5.14207,1.11399
63,331,FALSE,5.03054,1.1134
63,332,FALSE,5.14103,1.13429
63,333,FALSE,5.04235,3.06373
63,334,FALSE,1.14577,1.07923
63,335,FALSE,5.10182,1.09896
63,336,FALSE,5.13719,1.08272
63,337,FALSE,5.05653,1.11799
63,339,FALSE,5.06613,1.05288
63,340,TRUE,1.10839,1
63,341,TRUE,5.0157,1
63,342,FALSE,1.01883,6.08221
63,343,TRUE,1,1
63,346,FALSE,5.09346,1.12055
63,347,FALSE,6.11739,1.13444
63,348,FALSE,5.03455,1.11863
63,349,FALSE,5.10189,1.07477
63,350,FALSE,4.01084,1.1366
63,351,FALSE,5.0736,1.14011
63,352,FALSE,4.04869,1.04784
63,353,FALSE,7.09368,4.00413
63,354,FALSE,5.07749,4.13684
63,355,FALSE,3.13315,1.05057
63,357,FALSE,4.10909,1.04467
63,358,FALSE,3.03973,1.06642
63,359,FALSE,3.06476,1.12623
63,361,FALSE,5.10491,1.08184
63,363,FALSE,5.05674,5.06712
63,364,FALSE,5.05698,5.11805
63,365,FALSE,3.08991,1.05235
63,366,FALSE,1.1152,1.12234
63,367,FALSE,5.08757,5.07412
63,370,FALSE,3.14603,1.09051
63,371,FALSE,3.13303,1.14566
63,372,FALSE,6.10653,1.14634
63,373,FALSE,1.12594,1.07259
63,374,FALSE,7.11268,1.00397
63,375,FALSE,1.13202,1.021
63,376,FALSE,1.11395,1.00961
63,377,FALSE,1.04126,1.12445
63,378,FALSE,3.12239,3.06714
63,379,FALSE,1.12121,3.11587
63,380,FALSE,3.01158,4.03496
63,381,FALSE,1.13344,1.10159
63,383,FALSE,5.14718,1.03966
63,384,FALSE,5.13102,1.14009
63,385,FALSE,5.14492,1.00719
63,386,FALSE,5.13717,1.03586
63,387,FALSE,4.10759,1.00685
63,388,FALSE,1.13669,1.04411
63,389,FALSE,2.10692,1.01189
63,390,FALSE,5.1259,1.04143
63,391,FALSE,3.06869,1.0077
63,394,FALSE,5.08542,1.00467
63,395,FALSE,1.12308,5.03118
63,396,FALSE,1.0163,5.02273
63,397,FALSE,1.11791,5.01211
63,398,FALSE,3.0527,5.14295
63,403,FALSE,4.12228,1.00865
63,404,FALSE,4.05687,5.09915
63,405,FALSE,1.07082,5.09643
63,406,FALSE,1,1.05535
63,407,FALSE,3.02707,4.05374
63,408,TRUE,1.08766,1
63,412,FALSE,6.12271,5.00461
63,413,FALSE,5.1052,5.00567
63,414,FALSE,6.07371,5.01918
63,415,FALSE,3.02014,5.01637
63,416,FALSE,3.02482,3.10288
63,417,FALSE,3.03488,1.13791
63,418,FALSE,5.06795,5.09376
63,419,FALSE,3.13399,4.02242
63,420,FALSE,3.12495,3.133
63,421,FALSE,5.03551,3.09366
63,422,FALSE,5.03123,3.07634
63,423,FALSE,3.07714,1.1303
63,425,FALSE,7.10431,1.00144
63,426,FALSE,4.11781,1.06856
63,427,FALSE,1.14629,1.09913
63,428,FALSE,3.10589,3.1304
63,429,FALSE,3.08465,3.00929
64,1,FALSE,3.10476,1.10619
64,3,FALSE,1.04109,1.07464
64,5,FALSE,7.01625,1.04148
64,6,FALSE,3.03717,1.11402
64,7,FALSE,1,1.00516
64,9,FALSE,1.09564,1.0152
64,10,FALSE,1.14187,1.04667
64,11,FALSE,1,1.0638
64,13,FALSE,1.13853,1.07408
64,17,FALSE,3.11024,1.04244
64,18,FALSE,1.08867,1.05089
64,19,TRUE,3.06276,1
64,21,FALSE,4.06829,1.10659
64,22,FALSE,1.14619,1.14276
64,25,FALSE,4.11328,1.01016
64,29,FALSE,1.14443,1.00496
64,30,FALSE,1.14558,1.127
64,69,FALSE,4.0489,1.00247
64,70,FALSE,3.0243,3.02939
64,71,FALSE,3.03526,1.09338
64,72,FALSE,3.11633,3.07968
64,73,FALSE,3.09687,3.04066
64,74,FALSE,7.13489,3.03588
64,75,FALSE,3.08304,4.07071
64,76,FALSE,3.043,1.1262
64,77,FALSE,1.13415,3.00293
64,78,FALSE,4.10189,1.10383
64,79,FALSE,3.05968,1.12958
64,82,FALSE,4.12797,1.08173
64,83,FALSE,3.03812,1.01035
64,84,FALSE,1,3.01131
64,85,TRUE,1.04375,1
64,86,TRUE,4.09246,1
64,91,FALSE,1.14295,1.04458
64,92,FALSE,1.1386,1.12021
64,93,FALSE,3.11834,1.13744
64,95,FALSE,1.11008,1.01582
64,98,FALSE,5.06476,1.05389
64,99,FALSE,5.12122,2.0178
64,100,FALSE,6.10396,1.1248
64,101,FALSE,3.11171,1.02903
64,103,FALSE,5.01942,1.13503
64,104,FALSE,5.10287,1.11812
64,106,FALSE,5.09823,1.09152
64,107,FALSE,6.00976,1.01092
64,109,FALSE,4.0632,1.13172
64,110,FALSE,3.14714,1.12731
64,111,FALSE,3.13846,1.00254
64,112,FALSE,2.1272,1.01294
64,113,FALSE,3.06768,1.10532
64,114,FALSE,1.13508,1.00391
64,115,FALSE,1.14677,1.06021
64,116,FALSE,3.13347,1.01901
64,117,FALSE,1.12584,1.03377
64,118,FALSE,3.12765,1.05008
64,120,FALSE,4.03576,1.00291
64,121,FALSE,1.13301,1.00562
64,122,FALSE,1.14644,1.00451
64,123,FALSE,1.08958,1.03428
64,124,FALSE,7.13323,1.02032
64,125,FALSE,4.11335,5.03877
64,126,FALSE,5.14489,5.11882
64,127,FALSE,4.14267,1.04701
64,128,FALSE,5.13379,1.04809
64,129,FALSE,5.06468,1.14382
64,130,FALSE,5.12119,5.14158
64,131,FALSE,1.12866,1.08675
64,133,FALSE,1.14497,1.0013
64,134,FALSE,1.13798,1.00434
64,135,FALSE,1.14152,1.02559
64,136,FALSE,1.067,1.04837
64,137,TRUE,1.06718,1
64,139,FALSE,1.05477,1.0245
64,140,FALSE,1.12965,1.01309
64,141,FALSE,1.11102,1.1402
64,142,FALSE,1.09796,1.04414
64,143,FALSE,1.14182,1.01982
64,144,FALSE,1.11251,1.11271
64,145,TRUE,5.02453,1
64,146,TRUE,1,1
64,147,FALSE,1,1.07187
64,148,TRUE,1,1
64,149,TRUE,3.10644,1
64,150,FALSE,1,5.11863
64,151,TRUE,1.01406,1
64,153,FALSE,1.13746,1.13494
64,154,FALSE,5.01466,1.1078
64,155,FALSE,7.02327,1.00959
64,156,FALSE,1.14046,1.10026
64,157,FALSE,1.14358,1.02267
64,158,FALSE,3.04611,1.02477
64,159,FALSE,3.06316,1.07318
64,160,FALSE,3.0324,1.03149
64,161,FALSE,3.00071,1.04068
64,162,FALSE,4.09268,4.0877
64,164,FALSE,7.06331,1.01683
64,165,FALSE,1.13878,5.1435
64,166,FALSE,5.10172,5.1159
64,167,FALSE,1.03291,1.11241
64,168,FALSE,1,5.13363
64,169,FALSE,5.12413,5.14032
64,173,FALSE,4.05473,1.08261
64,175,FALSE,1.07536,1.03809
64,176,FALSE,1.11554,1.11709
64,177,FALSE,5.13662,1.12047
64,178,FALSE,6.14191,4.02248
64,179,FALSE,5.14274,1.14466
64,180,FALSE,5.05107,2.00845
64,181,FALSE,5.12292,3.03272
64,182,FALSE,5.10381,1.14353
64,183,FALSE,5.13118,1.07979
64,184,FALSE,7.05329,1.13309
64,185,FALSE,5.06362,1.13929
64,186,FALSE,7.06518,1.11142
64,188,FALSE,5.14467,1.00072
64,189,FALSE,6.07537,4.12691
64,190,FALSE,3.13716,1.12953
64,191,FALSE,5.13571,1.07211
64,192,FALSE,5.04593,1.12749
64,193,FALSE,5.02116,6.11504
64,194,FALSE,5.09558,1.13816
64,195,FALSE,3.13516,1.14228
64,197,FALSE,5.05899,1.01354
64,198,FALSE,5.07052,1.13803
64,199,FALSE,3.07224,3.09111
64,200,FALSE,1.12328,1.14546
64,201,FALSE,1.12507,1.14196
64,202,FALSE,7.04564,7.04668
64,203,FALSE,5.12233,4.02409
64,204,FALSE,5.13119,1.11873
64,206,FALSE,5.11035,1.00094
64,207,FALSE,3.01394,1.10708
64,208,FALSE,1.14699,1.0773
64,209,FALSE,3.13245,3.04052
64,210,FALSE,3.05521,3.06739
64,211,FALSE,3.02007,3.09073
64,212,FALSE,1.13919,1.08271
64,213,FALSE,3.05372,1.07334
64,216,FALSE,6.14093,1.12246
64,217,FALSE,4.01875,1.13902
64,218,FALSE,5.09539,1.13195
64,219,FALSE,5.11158,1.14457
64,222,FALSE,3.05051,1.12223
64,225,FALSE,3.10354,4.07739
64,226,FALSE,5.03484,1.09296
64,227,FALSE,7.14627,4.14243
64,229,FALSE,4.04591,3.08091
64,230,FALSE,3.11896,3.09304
64,233,FALSE,5.10815,1.01849
64,234,FALSE,5.05443,3.05118
64,235,FALSE,3.10552,3.11233
64,236,FALSE,1.14374,1.0657
64,237,FALSE,1.03972,1.02089
64,242,FALSE,4.14111,1.00686
64,243,FALSE,1.11775,1.07485
64,251,FALSE,4.134,4.1186
64,252,FALSE,3.07057,1.12695
64,253,FALSE,5.06707,1.01183
64,254,FALSE,1.12798,1.04755
64,255,FALSE,3.0548,1.0194
64,256,FALSE,5.02794,1.03988
64,257,FALSE,5.01216,1.02639
64,258,FALSE,3.01836,1.02587
64,259,FALSE,1.13601,3.06944
64,260,FALSE,1.12291,1.02565
64,262,FALSE,6.07753,1.00016
64,263,FALSE,1.1432,1.00585
64,264,FALSE,4.03625,1.13538
64,265,FALSE,1.1431,1.13651
64,270,FALSE,1.12667,3.04726
64,271,FALSE,3.13978,1.09887
64,272,FALSE,1.1193,1.12645
64,273,FALSE,1.14005,1.09652
64,274,FALSE,1.13917,1.07078
64,275,FALSE,1.13557,3.01988
64,280,FALSE,1.14715,1.00622
64,289,FALSE,4.0671,1.08219
64,290,FALSE,1.14649,1.13432
64,291,FALSE,1.13628,1.13965
64,292,FALSE,1.13113,1.04766
64,293,FALSE,6.08112,5.03837
64,294,FALSE,5.05455,5.00146
64,295,FALSE,6.02345,5.01021
64,296,FALSE,1.0889,5.0278
64,297,FALSE,5.13649,1.09063
64,298,FALSE,5.11832,1.02068
64,299,FALSE,4.04494,1.06255
64,300,FALSE,5.14686,1.06489
64,301,FALSE,3.04335,1.06594
64,302,FALSE,5.10871,1.05162
64,303,FALSE,3.08574,3.00499
64,308,FALSE,6.12674,1.00502
64,317,FALSE,5.06668,1.03975
64,318,FALSE,6.11985,1.09938
64,319,FALSE,5.14322,1.04913
64,320,FALSE,2.00588,1.06501
64,321,FALSE,4.03393,1.06852
64,322,FALSE,3.01668,1.01554
64,323,FALSE,3.05626,1.03305
64,324,FALSE,3.09871,1.02529
64,325,FALSE,5.11346,1.11384
64,326,FALSE,3.10818,1.01402
64,328,FALSE,5.14132,1.07413
64,329,FALSE,6.03199,1.1283
64,330,FALSE,5.14529,1.1046
64,331,FALSE,5.10157,1.04812
64,332,FALSE,5.0761,1.14081
64,333,FALSE,5.14148,3.05497
64,334,FALSE,1.13711,1.12231
64,335,FALSE,5.05339,1.12206
64,336,FALSE,5.1365,1.06236
64,337,FALSE,5.05002,1.09287
64,339,FALSE,5.03513,1.09183
64,340,TRUE,1.11448,1
64,341,TRUE,5.06154,1
64,342,FALSE,1.08005,6.08663
64,343,TRUE,1,1
64,346,FALSE,3.03922,1.10153
64,347,FALSE,6.00421,1.12819
64,348,FALSE,5.04792,1.08905
64,349,FALSE,5.14666,1.00778
64,350,FALSE,4.14328,1.14199
64,351,FALSE,5.08225,1.14265
64,352,FALSE,4.08436,1.13555
64,353,FALSE,7.11579,4.06901
64,354,FALSE,5.11923,4.14223
64,355,FALSE,3.12365,1.03905
64,357,FALSE,4.13411,1.06644
64,358,FALSE,3.13598,1.02319
64,359,FALSE,3.1424,1.12827
64,361,FALSE,5.07208,1.05462
64,363,FALSE,5.05487,5.08653
64,364,FALSE,5.10511,5.10838
64,365,FALSE,3.07065,1.0123
64,366,FALSE,1.12979,1.06896
64,367,FALSE,5.10394,5.05582
64,370,FALSE,3.10036,1.08926
64,371,FALSE,3.07335,1.14528
64,372,FALSE,6.03196,1.14564
64,373,FALSE,1.14115,1.14174
64,374,FALSE,7.08437,1.01811
64,375,FALSE,3.10582,1.1053
64,376,FALSE,1.10829,1.03319
64,377,FALSE,1.07323,1.13667
64,378,FALSE,3.08418,3.06806
64,379,FALSE,1.11998,3.04899
64,380,FALSE,3.09649,4.0102
64,381,FALSE,1.07935,1.09935
64,383,FALSE,5.13896,1.10457
64,384,FALSE,5.10899,1.14511
64,385,FALSE,5.12321,1.00863
64,386,FALSE,5.10148,1.01422
64,387,FALSE,4.00685,1.0497
64,388,FALSE,1.11656,1.00346
64,389,FALSE,2.14723,1.01618
64,390,FALSE,2.01217,1.01821
64,391,FALSE,3.13885,1.01169
64,394,FALSE,5.0802,1.02058
64,395,FALSE,1.09638,5.12072
64,396,FALSE,1.14095,5.07872
64,397,FALSE,1.10531,5.08509
64,398,FALSE,3.0539,5.0333
64,403,FALSE,4.06821,1.0969
64,404,FALSE,4.04806,5.05183
64,405,FALSE,1.13952,5.09117
64,406,FALSE,1.02535,1.04614
64,407,FALSE,3.08713,4.13374
64,408,TRUE,1.11463,1
64,412,FALSE,6.12323,5.00273
64,413,FALSE,5.11034,5.00999
64,414,FALSE,6.13675,5.01348
64,415,FALSE,3.05476,5.05546
64,416,FALSE,3.11358,3.11581
64,417,FALSE,3.04146,1.13491
64,418,FALSE,5.02536,5.03025
64,419,FALSE,3.0611,4.07776
64,420,FALSE,3.05548,3.05555
64,421,FALSE,5.02201,3.10814
64,422,FALSE,3.02014,3.09423
64,423,FALSE,3.08802,1.10663
64,425,FALSE,1.0956,1.03118
64,426,FALSE,4.13562,1.09323
64,427,FALSE,1.13761,1.10002
64,428,FALSE,3.07878,3.09506
64,429,FALSE,3.07775,3.07262
65,1,FALSE,3.06702,1.08022
65,3,FALSE,1.01719,1.01863
65,5,FALSE,7.01708,1.03063
65,6,FALSE,3.00324,1.09319
65,7,FALSE,1,1.04565
65,9,FALSE,1.13103,1.019
65,10,FALSE,1.05129,1.10598
65,11,FALSE,1,1.07349
65,13,FALSE,1.11387,1.08422
65,17,FALSE,4.09267,1.04849
65,18,FALSE,1.09888,1.05233
65,19,TRUE,3.03099,1
65,21,FALSE,4.04032,1.07085
65,22,FALSE,1.13088,1.14519
65,25,FALSE,4.09239,1.03449
65,29,FALSE,1.13869,1.00211
65,30,FALSE,1.12038,1.10898
65,69,FALSE,4.13232,1.00785
65,70,FALSE,3.08628,3.02189
65,71,FALSE,3.12601,1.08818
65,72,FALSE,3.112,3.04999
65,73,FALSE,3.03563,3.02542
65,74,FALSE,3.03725,3.04457
65,75,FALSE,3.14286,4.03742
65,76,FALSE,3.14096,1.14046
65,77,FALSE,1.12566,3.00669
65,78,FALSE,4.09361,1.09123
65,79,FALSE,3.07866,1.12206
65,82,FALSE,4.10725,1.00961
65,83,FALSE,3.00707,1.03335
65,84,FALSE,1,3.13997
65,85,FALSE,1,1.03047
65,86,TRUE,4.10835,1
65,91,FALSE,1.14377,1.0607
65,92,FALSE,3.07694,1.11225
65,93,FALSE,3.00247,1.11579
65,95,FALSE,1.11132,1.04237
65,98,FALSE,5.13537,1.05939
65,99,FALSE,5.05847,2.03357
65,100,FALSE,6.09282,1.12433
65,101,FALSE,3.0768,1.03568
65,103,FALSE,5.08803,1.14597
65,104,FALSE,5.07718,1.08415
65,106,FALSE,5.14372,1.13461
65,107,FALSE,6.00251,1.06345
65,109,FALSE,4.008,1.08857
65,110,FALSE,3.10695,1.12183
65,111,FALSE,3.13282,1.01913
65,112,FALSE,2.06736,1.00019
65,113,FALSE,3.11717,1.10167
65,114,FALSE,1.14682,1.01528
65,115,FALSE,1.11898,1.07351
65,116,FALSE,3.106,1.0057
65,117,FALSE,1.14056,1.01277
65,118,FALSE,3.11905,1.04507
65,120,FALSE,4.09621,1.00048
65,121,FALSE,1.13042,1.00104
65,122,FALSE,1.13734,1.00066
65,123,FALSE,1.12305,1.00366
65,124,FALSE,7.12636,1.00718
65,125,FALSE,4.11289,5.09905
65,126,FALSE,5.04319,5.04659
65,127,FALSE,4.07019,1.14168
65,128,FALSE,5.00219,1.01323
65,129,FALSE,5.13374,1.1139
65,130,FALSE,5.10298,5.14035
65,131,FALSE,1.11012,1.08059
65,133,FALSE,1.14637,1.03286
65,134,FALSE,1.13601,1.01309
65,135,FALSE,1.1434,1.00726
65,136,FALSE,1.13836,1.00154
65,137,TRUE,1.04151,1
65,139,FALSE,1.04954,1.07302
65,140,FALSE,1.13334,1.00834
65,141,FALSE,1.11554,1.05475
65,142,FALSE,1.14424,1.0185
65,143,FALSE,1.13627,1.00337
65,144,FALSE,1.104,1.01465
65,145,FALSE,1,5.08183
65,146,TRUE,1,1
65,147,FALSE,1,1.05738
65,148,TRUE,1,1
65,149,TRUE,3.0647,1
65,150,FALSE,1,5.11915
65,151,FALSE,1,1.12632
65,153,FALSE,1.12767,1.11156
65,154,FALSE,5.03321,1.09485
65,155,FALSE,7.08104,1.0114
65,156,FALSE,3.09843,1.08725
65,157,FALSE,1.14664,1.00224
65,158,FALSE,3.11087,1.04173
65,159,FALSE,3.03084,1.01201
65,160,FALSE,3.09694,1.0253
65,161,FALSE,3.00486,1.13309
65,162,FALSE,4.10294,4.11258
65,164,FALSE,7.12662,1.01025
65,165,FALSE,1.09878,5.06405
65,166,FALSE,5.05418,5.08223
65,167,FALSE,1.01792,1.13637
65,168,FALSE,1,5.0315
65,169,FALSE,5.11455,5.1384
65,173,FALSE,4.02028,1.08543
65,175,FALSE,1.06869,1.07226
65,176,FALSE,1.12073,1.08037
65,177,FALSE,5.11749,1.11556
65,178,FALSE,5.14016,4.00625
65,179,FALSE,5.13341,1.14626
65,180,FALSE,5.006,2.08546
65,181,FALSE,5.13067,3.11818
65,182,FALSE,5.02327,1.14549
65,183,FALSE,5.04603,1.10213
65,184,FALSE,7.06341,1.13622
65,185,FALSE,5.03291,1.13956
65,186,FALSE,7.06173,1.11095
65,188,FALSE,5.14091,1.00168
65,189,FALSE,6.12992,4.08724
65,190,FALSE,3.12182,3.09096
65,191,FALSE,5.12203,1.11469
65,192,FALSE,5.04593,1.08393
65,193,FALSE,5.05119,6.01779
65,194,FALSE,5.12887,1.13635
65,195,FALSE,3.04997,1.13669
65,197,FALSE,5.10975,1.00664
65,198,FALSE,5.04252,1.09821
65,199,FALSE,5.04475,1.14174
65,200,FALSE,1.13654,1.14567
65,201,FALSE,1.11787,1.11875
65,202,FALSE,7.11519,7.04432
65,203,FALSE,5.07583,1.13306
65,204,FALSE,5.12084,1.07147
65,206,FALSE,5.10336,1.00216
65,207,FALSE,3.02527,1.10724
65,208,FALSE,1.13477,1.05493
65,209,FALSE,3.13824,3.01403
65,210,FALSE,3.12582,3.09999
65,211,FALSE,3.02277,3.03237
65,212,FALSE,1.12211,1.11366
65,213,FALSE,3.03135,1.0588
65,216,FALSE,6.03517,1.11874
65,217,FALSE,4.00974,1.12939
65,218,FALSE,5.12179,1.10966
65,219,FALSE,5.07982,3.01721
65,222,FALSE,3.049,1.09691
65,225,FALSE,3.12596,4.00558
65,226,FALSE,5.07217,1.09916
65,227,FALSE,7.10367,4.04267
65,229,FALSE,4.13395,3.10052
65,230,FALSE,3.12686,3.10617
65,233,FALSE,5.13023,1.0061
65,234,FALSE,5.09147,3.00682
65,235,FALSE,3.048,3.06488
65,236,FALSE,1.04,1.1238
65,237,FALSE,1.06867,1.09379
65,242,FALSE,4.00804,1.00317
65,243,FALSE,1.12467,1.14058
65,251,FALSE,4.08352,4.08386
65,252,FALSE,3.11812,1.12154
65,253,FALSE,5.12871,1.00127
65,254,FALSE,1.03938,1.00829
65,255,FALSE,3.02233,1.00668
65,256,FALSE,5.08107,1.06651
65,257,FALSE,5.08943,1.0021
65,258,FALSE,3.13026,1.02113
65,259,FALSE,1.14326,3.01402
65,260,FALSE,1.05616,1.07965
65,262,FALSE,6.13705,1.00275
65,263,FALSE,1.12393,1.01267
65,264,FALSE,4.12704,1.13992
65,265,FALSE,1.14583,1.13379
65,270,FALSE,1.14084,3.04542
65,271,FALSE,3.13842,1.12434
65,272,FALSE,1.14456,1.10601
65,273,FALSE,1.12361,1.13322
65,274,FALSE,1.12449,1.09413
65,275,FALSE,1.13129,3.02011
65,280,FALSE,1.13342,1.00822
65,289,FALSE,4.10814,1.07472
65,290,FALSE,1.14522,1.10334
65,291,FALSE,1.14735,1.14562
65,292,FALSE,1.13455,1.05873
65,293,FALSE,6.08787,5.01718
65,294,FALSE,5.08805,5.02252
65,295,FALSE,6.00994,5.04449
65,296,FALSE,1.02786,5.03649
65,297,FALSE,5.12984,1.08737
65,298,FALSE,5.14381,1.0576
65,299,FALSE,4.04468,1.09199
65,300,FALSE,5.05084,1.00756
65,301,FALSE,3.10593,1.05818
65,302,FALSE,5.08858,1.05171
65,303,FALSE,3.13495,3.103
65,308,FALSE,6.13748,1.03085
65,317,FALSE,5.09546,1.00868
65,318,FALSE,6.03461,1.0973
65,319,FALSE,5.14447,1.07315
65,320,FALSE,5.03826,1.05143
65,321,FALSE,4.13037,1.02466
65,322,FALSE,3.09115,1.03686
65,323,FALSE,3.05725,1.00978
65,324,FALSE,3.04225,1.03317
65,325,FALSE,5.14718,1.03362
65,326,FALSE,3.06569,1.02574
65,328,FALSE,5.08842,1.09287
65,329,FALSE,6.06102,1.13871
65,330,FALSE,5.1274,1.12176
65,331,FALSE,5.01932,1.0615
65,332,FALSE,5.07651,1.12937
65,333,FALSE,5.14142,3.14676
65,334,FALSE,1.14379,1.13765
65,335,FALSE,5.12719,1.12676
65,336,FALSE,5.11383,1.0219
65,337,FALSE,5.14536,1.12846
65,339,FALSE,5.14729,1.02533
65,340,TRUE,1.04624,1
65,341,TRUE,5.09765,1
65,342,FALSE,1.02395,6.04552
65,343,TRUE,1,1
65,346,FALSE,5.01043,1.06952
65,347,FALSE,6.02157,1.13472
65,348,FALSE,5.00894,1.11278
65,349,FALSE,5.05496,1.01448
65,350,FALSE,4.12567,3.06958
65,351,FALSE,5.02761,1.13546
65,352,FALSE,4.01658,1.09826
65,353,FALSE,7.08994,4.06804
65,354,FALSE,5.13164,4.12412
65,355,FALSE,3.13519,1.07343
65,357,FALSE,4.08214,1.05494
65,358,FALSE,3.14578,1.06327
65,359,FALSE,3.06591,1.12808
65,361,FALSE,5.01541,1.07252
65,363,FALSE,5.07805,5.11578
65,364,FALSE,5.1107,5.12462
65,365,FALSE,3.07129,1.05801
65,366,FALSE,1.11123,1.09231
65,367,FALSE,5.06164,5.01328
65,370,FALSE,3.14671,1.10685
65,371,FALSE,3.11331,1.13097
65,372,FALSE,6.14073,1.1423
65,373,FALSE,1.1157,1.10065
65,374,FALSE,7.05278,1.01299
65,375,FALSE,1.14398,1.064
65,376,FALSE,1.1075,1.00205
65,377,FALSE,1.07558,1.10782
65,378,FALSE,3.1405,3.09525
65,379,FALSE,1.12341,3.10893
65,380,FALSE,3.0913,4.04204
65,381,FALSE,1.08549,1.05776
65,383,FALSE,5.10796,1.0384
65,384,FALSE,5.11395,2.00871
65,385,FALSE,5.12599,1.02224
65,386,FALSE,5.05899,1.00616
65,387,FALSE,4.02877,1.00982
65,388,FALSE,1.14352,1.01174
65,389,FALSE,2.04785,1.03259
65,390,FALSE,5.02981,1.01609
65,391,FALSE,3.14542,1.04913
65,394,FALSE,5.13775,1.01556
65,395,FALSE,1.09492,5.10836
65,396,FALSE,1.0096,5.10973
65,397,FALSE,1.09195,5.08633
65,398,FALSE,3.08079,5.0888
65,403,FALSE,4.01056,1.04423
65,404,FALSE,4.14448,5.08525
65,405,FALSE,1.03617,5.00818
65,406,FALSE,1,1.00825
65,407,FALSE,3.09773,4.02124
65,408,TRUE,1.05427,1
65,412,FALSE,6.11386,5.00628
65,413,FALSE,5.12922,5.01138
65,414,FALSE,6.05406,5.00333
65,415,FALSE,3.11763,5.01492
65,416,FALSE,3.0646,3.1368
65,417,FALSE,3.01705,1.14571
65,418,FALSE,5.01757,5.02167
65,419,FALSE,3.02211,4.02468
65,420,FALSE,3.04372,3.08072
65,421,FALSE,5.01192,3.14406
65,422,FALSE,5.01143,3.00071
65,423,FALSE,3.11173,1.09949
65,425,FALSE,7.11048,1.00191
65,426,FALSE,4.13778,1.0814
65,427,FALSE,1.13831,1.09263
65,428,FALSE,3.04201,3.06809
65,429,FALSE,3.13336,3.06347
66,1,FALSE,3.0647,1.0926
66,3,FALSE,1.00724,1.03608
66,5,FALSE,7.05786,1.04975
66,6,FALSE,3.08276,1.07168
66,7,FALSE,1,1.02786
66,9,FALSE,1.14017,1.01486
66,10,FALSE,1.14494,1.00849
66,11,FALSE,1,1.01751
66,13,FALSE,1.14477,1.12785
66,17,FALSE,3.13423,1.04672
66,18,FALSE,1.08067,1.03926
66,19,TRUE,3.01982,1
66,21,FALSE,3.09939,1.08221
66,22,FALSE,1.14032,1.14512
66,25,FALSE,1.12961,1.04191
66,29,FALSE,1.141,1.0204
66,30,FALSE,1.13804,1.07316
66,69,FALSE,4.1063,1.00066
66,70,FALSE,3.13179,3.03585
66,71,FALSE,1.14487,1.0669
66,72,FALSE,3.08945,3.0744
66,73,FALSE,3.08668,3.01295
66,74,FALSE,3.09134,3.099
66,75,FALSE,3.06281,4.04828
66,76,FALSE,3.04282,1.14464
66,77,FALSE,1.14623,3.01137
66,78,FALSE,4.12744,1.10011
66,79,FALSE,3.14079,1.13069
66,82,FALSE,4.09342,1.03433
66,83,FALSE,3.04169,1.10552
66,84,FALSE,1,3.06586
66,85,FALSE,1,1.09447
66,86,TRUE,4.14728,1
66,91,FALSE,1.12528,1.03777
66,92,FALSE,1.14339,1.10801
66,93,FALSE,3.09851,1.12435
66,95,FALSE,1.11654,1.08186
66,98,FALSE,5.0245,1.0998
66,99,FALSE,5.08551,2.02992
66,100,FALSE,6.06138,1.11932
66,101,FALSE,3.14184,1.09537
66,103,FALSE,5.12347,1.12757
66,104,FALSE,5.06121,1.12037
66,106,FALSE,5.08616,1.13384
66,107,FALSE,6.09586,1.03908
66,109,FALSE,4.04127,1.13543
66,110,FALSE,3.14662,1.10966
66,111,FALSE,3.14162,1.03304
66,112,FALSE,2.07074,1.01993
66,113,FALSE,3.13626,1.05863
66,114,FALSE,1.13041,1.00568
66,115,FALSE,1.1467,1.0626
66,116,FALSE,3.1054,1.0149
66,117,FALSE,1.13013,1.06746
66,118,FALSE,3.11474,1.04844
66,120,FALSE,4.14598,1.0016
66,121,FALSE,1.14328,1.01549
66,122,FALSE,1.14415,1.00687
66,123,FALSE,1.101,1.01788
66,124,FALSE,7.13062,1.02798
66,125,FALSE,4.13201,5.02832
66,126,FALSE,5.12105,5.06115
66,127,FALSE,4.03851,1.14155
66,128,FALSE,5.08549,1.03129
66,129,FALSE,5.02909,1.10916
66,130,FALSE,5.09581,5.09754
66,131,FALSE,1.08962,1.09925
66,133,FALSE,1.14238,1.00174
66,134,FALSE,1.14634,1.00039
66,135,FALSE,1.14031,1.014
66,136,FALSE,1.14161,1.0056
66,137,TRUE,1.13172,1
66,139,FALSE,1.14278,1.05034
66,140,FALSE,1.10852,1.05803
66,141,FALSE,1.0317,1.02934
66,142,TRUE,1.12689,1
66,143,FALSE,1.13473,1.05765
66,144,FALSE,1.0173,1.1302
66,145,TRUE,5.13426,1
66,146,TRUE,1,1
66,147,FALSE,1,1.13999
66,148,TRUE,1,1
66,149,TRUE,3.06995,1
66,150,FALSE,1,5.14146
66,151,TRUE,1.04535,1
66,153,FALSE,1.14288,1.1307
66,154,FALSE,5.10405,1.11863
66,155,FALSE,3.03567,1.02539
66,156,FALSE,1.13222,1.09027
66,157,FALSE,1.13835,1.01254
66,158,FALSE,3.10071,1.01634
66,159,FALSE,3.0311,1.00073
66,160,FALSE,3.00131,1.03101
66,161,FALSE,3.05294,1.03617
66,162,FALSE,4.14536,4.08557
66,164,FALSE,7.06486,1.00747
66,165,FALSE,1.06881,5.01279
66,166,FALSE,5.01692,5.09556
66,167,FALSE,1.10162,1.12479
66,168,FALSE,1,5.07948
66,169,FALSE,5.0686,5.11538
66,173,FALSE,4.06806,1.08508
66,175,FALSE,1.05381,1.05866
66,176,FALSE,1.12498,1.12993
66,177,FALSE,5.10329,1.11007
66,178,FALSE,6.06407,4.02158
66,179,FALSE,5.1434,1.1463
66,180,FALSE,5.10822,2.00456
66,181,FALSE,5.1439,3.04264
66,182,FALSE,5.021,1.14743
66,183,FALSE,5.13583,1.11024
66,184,FALSE,7.03504,1.14443
66,185,FALSE,5.12183,1.11773
66,186,FALSE,7.01563,1.11851
66,188,FALSE,7.04963,1.00043
66,189,FALSE,6.03414,4.08723
66,190,FALSE,3.13103,3.09594
66,191,FALSE,5.12313,1.0488
66,192,FALSE,5.09158,1.09278
66,193,FALSE,5.01186,6.11078
66,194,FALSE,5.10942,1.10758
66,195,FALSE,3.03519,1.13182
66,197,FALSE,5.09585,1.00238
66,198,FALSE,5.08094,1.11427
66,199,FALSE,5.02581,1.11943
66,200,FALSE,1.11772,1.1444
66,201,FALSE,1.12301,1.13597
66,202,FALSE,7.04161,7.04545
66,203,FALSE,5.09552,4.08823
66,204,FALSE,5.06056,1.05467
66,206,FALSE,5.00107,1.00195
66,207,FALSE,3.09987,1.11939
66,208,FALSE,1.11714,1.05229
66,209,FALSE,3.1262,3.0587
66,210,FALSE,3.09519,3.00468
66,211,FALSE,3.05197,3.06921
66,212,FALSE,1.12608,1.06402
66,213,FALSE,3.00081,1.09321
66,216,FALSE,6.09465,1.11087
66,217,FALSE,4.03884,1.14151
66,218,FALSE,5.0624,1.119
66,219,FALSE,5.05153,1.1144
66,222,FALSE,3.14738,1.09388
66,225,FALSE,3.14656,4.07186
66,226,FALSE,5.0829,1.10977
66,227,FALSE,7.09224,4.01668
66,229,FALSE,4.06491,3.10569
66,230,FALSE,4.08176,3.0736
66,233,FALSE,5.109,1.0416
66,234,FALSE,5.14593,3.02203
66,235,FALSE,5.02152,3.05558
66,236,FALSE,1.14287,1.06203
66,237,FALSE,1.13649,1.0964
66,242,FALSE,4.07747,1.02318
66,243,FALSE,1.12601,1.12833
66,251,FALSE,4.09738,4.10233
66,252,FALSE,3.13763,1.14135
66,253,FALSE,5.07673,1.00609
66,254,FALSE,1.13116,1.01919
66,255,FALSE,3.04304,1.06041
66,256,FALSE,5.01336,1.02129
66,257,FALSE,5.0675,1.06543
66,258,FALSE,3.005,1.04859
66,259,FALSE,1.10514,3.02691
66,260,FALSE,1.14212,1.0366
66,262,FALSE,6.14121,1.00641
66,263,FALSE,1.14061,1.01034
66,264,FALSE,4.11279,1.12218
66,265,FALSE,1.13599,1.09792
66,270,FALSE,1.13967,3.03535
66,271,FALSE,3.14714,1.12338
66,272,FALSE,1.1246,1.11364
66,273,FALSE,1.13893,1.07278
66,274,FALSE,1.12141,1.05775
66,275,FALSE,1.14403,3.00374
66,280,FALSE,1.1172,1.00699
66,289,FALSE,4.1447,1.05844
66,290,FALSE,1.14015,1.10374
66,291,FALSE,1.14169,1.14628
66,292,FALSE,1.13595,1.05662
66,293,FALSE,6.05654,5.01076
66,294,FALSE,5.13456,5.03927
66,295,FALSE,6.13539,5.00738
66,296,FALSE,1.13039,5.05442
66,297,FALSE,5.08524,1.10114
66,298,FALSE,5.10209,1.01397
66,299,FALSE,4.04573,1.11992
66,300,FALSE,5.13027,1.02893
66,301,FALSE,3.12342,1.09194
66,302,FALSE,5.08488,1.0599
66,303,FALSE,3.14359,1.08674
66,308,FALSE,6.06454,1.0012
66,317,FALSE,5.04601,1.00844
66,318,FALSE,6.02199,1.10663
66,319,FALSE,5.13739,1.08118
66,320,FALSE,5.10536,1.02386
66,321,FALSE,4.05187,1.02997
66,322,FALSE,3.11146,1.00813
66,323,FALSE,3.13135,1.00671
66,324,FALSE,3.1193,1.00158
66,325,FALSE,5.00163,1.04092
66,326,FALSE,3.05289,1.05209
66,328,FALSE,5.13847,1.08128
66,329,FALSE,6.08294,1.14011
66,330,FALSE,5.146,1.09975
66,331,FALSE,5.01039,1.07933
66,332,FALSE,5.03597,1.13501
66,333,FALSE,5.14141,3.12306
66,334,FALSE,1.14523,1.13008
66,335,FALSE,5.1284,1.08772
66,336,FALSE,5.12333,1.06139
66,337,FALSE,5.11912,1.10671
66,339,FALSE,5.11043,1.0067
66,340,TRUE,1.07703,1
66,341,TRUE,5.10034,1
66,342,FALSE,1.14073,6.11525
66,343,TRUE,1,1
66,346,FALSE,5.0625,1.10869
66,347,FALSE,6.09025,1.1391
66,348,FALSE,5.07723,1.04448
66,349,FALSE,5.12027,1.05655
66,350,FALSE,4.12826,3.10406
66,351,FALSE,5.08358,1.14684
66,352,FALSE,4.00974,1.05661
66,353,FALSE,7.1165,4.13221
66,354,FALSE,5.13878,4.08947
66,355,FALSE,3.09414,1.0631
66,357,FALSE,4.07027,1.05058
66,358,FALSE,3.071,1.11657
66,359,FALSE,3.10632,1.12023
66,361,FALSE,5.09766,1.06788
66,363,FALSE,5.06308,5.08606
66,364,FALSE,5.03789,5.08471
66,365,FALSE,3.0478,1.03287
66,366,FALSE,1.14731,1.10976
66,367,FALSE,5.09074,5.05727
66,370,FALSE,3.1427,1.10225
66,371,FALSE,3.14316,1.12165
66,372,FALSE,6.06234,1.14421
66,373,FALSE,1.14171,1.12285
66,374,FALSE,7.08872,1.02731
66,375,FALSE,3.13909,1.08698
66,376,FALSE,1.02688,1.02656
66,377,FALSE,1.14483,1.01127
66,378,FALSE,3.13592,3.07049
66,379,FALSE,1.13418,3.00052
66,380,FALSE,3.11887,4.01213
66,381,FALSE,1.0995,1.06047
66,383,FALSE,5.09409,1.07798
66,384,FALSE,5.10455,1.13693
66,385,FALSE,5.14417,1.00383
66,386,FALSE,5.11532,1.00364
66,387,FALSE,4.1343,1.00892
66,388,FALSE,1.13614,1.00539
66,389,FALSE,2.03331,1.00816
66,390,FALSE,5.13631,1.02959
66,391,FALSE,3.08685,1.02024
66,394,FALSE,5.1278,1.00478
66,395,FALSE,1.10975,5.02166
66,396,FALSE,1.09761,5.10564
66,397,FALSE,1.07809,5.1206
66,398,FALSE,3.11122,5.13731
66,403,FALSE,4.10099,1.01484
66,404,FALSE,4.14394,5.08127
66,405,FALSE,1.07693,5.09178
66,406,FALSE,1,1.01603
66,407,FALSE,3.00664,4.0891
66,408,TRUE,1.07795,1
66,412,FALSE,6.13803,5.00032
66,413,FALSE,5.06652,5.02489
66,414,FALSE,6.08491,5.01628
66,415,FALSE,3.05471,5.00579
66,416,FALSE,3.12679,3.12944
66,417,FALSE,3.12005,1.1296
66,418,FALSE,5.07989,5.0859
66,419,FALSE,3.04176,4.09031
66,420,FALSE,3.0959,3.1267
66,421,FALSE,5.01172,3.09538
66,422,FALSE,5.14712,3.08708
66,423,FALSE,3.11192,1.12008
66,425,FALSE,1.04303,1.09567
66,426,FALSE,4.13455,1.07961
66,427,FALSE,1.1423,1.04647
66,428,FALSE,3.05795,3.05805
66,429,FALSE,3.05996,3.07852
67,1,FALSE,3.01931,1.07482
67,3,FALSE,1.0922,1.03842
67,5,FALSE,7.13455,1.05344
67,6,FALSE,3.0382,1.02993
67,7,FALSE,1,1.074
67,9,FALSE,1.12117,1.02475
67,10,FALSE,1.03441,1.02673
67,11,FALSE,1,1.09868
67,13,FALSE,1.11792,1.09019
67,17,FALSE,3.02539,1.05727
67,18,FALSE,1.11534,1.03191
67,19,TRUE,3.11138,1
67,21,FALSE,4.07258,1.09535
67,22,FALSE,1.13172,1.14673
67,25,FALSE,4.09621,1.01105
67,29,FALSE,1.14549,1.03298
67,30,FALSE,1.13345,1.06855
67,69,FALSE,4.0486,1.00099
67,70,FALSE,3.12087,3.01219
67,71,FALSE,3.07416,1.10505
67,72,FALSE,3.01611,3.07717
67,73,FALSE,3.07524,3.02106
67,74,FALSE,7.10159,3.06514
67,75,FALSE,3.12038,4.00253
67,76,FALSE,3.11896,1.14044
67,77,FALSE,1.147,3.03412
67,78,FALSE,4.0102,1.09305
67,79,FALSE,3.09877,1.12511
67,82,FALSE,4.07862,1.03316
67,83,FALSE,3.00901,1.12031
67,84,FALSE,1,3.07894
67,85,TRUE,1.02434,1
67,86,TRUE,4.09335,1
67,91,FALSE,1.14699,1.02914
67,92,FALSE,3.10592,1.10672
67,93,FALSE,3.06353,1.12547
67,95,FALSE,1.13211,1.07108
67,98,FALSE,5.06852,1.09527
67,99,FALSE,5.14126,2.00839
67,100,FALSE,6.13014,1.1092
67,101,FALSE,3.14302,1.06214
67,103,FALSE,5.08143,1.14474
67,104,FALSE,5.10644,1.08991
67,106,FALSE,5.09279,1.12195
67,107,FALSE,6.01836,1.01487
67,109,FALSE,4.08124,1.13605
67,110,FALSE,3.12903,1.12422
67,111,FALSE,3.08767,1.003
67,112,FALSE,2.07139,1.00367
67,113,FALSE,3.1218,1.06094
67,114,FALSE,1.1305,1.01663
67,115,FALSE,1.1393,1.05721
67,116,FALSE,3.06534,1.02975
67,117,FALSE,1.12328,1.03819
67,118,FALSE,3.10463,1.02377
67,120,FALSE,4.09947,1.00567
67,121,FALSE,1.1308,1.0005
67,122,FALSE,1.14316,1.00318
67,123,FALSE,1.14357,1.00094
67,124,FALSE,7.05053,1.05549
67,125,FALSE,4.139,5.06417
67,126,FALSE,5.135,5.0814
67,127,FALSE,4.02815,1.01583
67,128,FALSE,5.11533,1.03899
67,129,FALSE,5.11344,1.11297
67,130,FALSE,5.11587,5.13371
67,131,FALSE,1.10822,1.10399
67,133,FALSE,1.14578,1.01196
67,134,FALSE,1.07933,1.00745
67,135,FALSE,1.13262,1.10423
67,136,FALSE,1.11778,1.03244
67,137,FALSE,1.06022,1.09206
67,139,FALSE,1.11876,1.01021
67,140,FALSE,1.13556,1.04094
67,141,FALSE,1.05229,1.07918
67,142,FALSE,1.01234,1.01498
67,143,FALSE,1.14327,1.0081
67,144,FALSE,1.11511,1.03528
67,145,FALSE,1,5.076
67,146,TRUE,1,1
67,147,FALSE,1,1.12089
67,148,TRUE,1,1
67,149,TRUE,3.11651,1
67,150,FALSE,1,5.05162
67,151,FALSE,1,1.06556
67,153,FALSE,1.12633,1.12962
67,154,FALSE,5.03311,1.09934
67,155,FALSE,7.04599,1.00953
67,156,FALSE,3.03016,1.03952
67,157,FALSE,1.14393,1.00737
67,158,FALSE,3.05362,1.00925
67,159,FALSE,3.12771,1.01899
67,160,FALSE,3.02911,1.08881
67,161,FALSE,3.09337,1.03063
67,162,FALSE,4.06766,4.14563
67,164,FALSE,7.02584,1.06358
67,165,FALSE,1.14521,5.14319
67,166,FALSE,5.08898,5.0957
67,167,FALSE,1.0174,1.11461
67,168,FALSE,1,5.10464
67,169,FALSE,5.08488,5.09724
67,173,FALSE,4.00717,1.09096
67,175,FALSE,1.05036,1.05775
67,176,FALSE,1.07783,1.05157
67,177,FALSE,5.1059,1.11687
67,178,FALSE,5.104,4.00462
67,179,FALSE,5.08207,1.14714
67,180,FALSE,5.08549,2.04154
67,181,FALSE,5.05699,3.03307
67,182,FALSE,5.03674,1.13058
67,183,FALSE,5.09131,1.11309
67,184,FALSE,7.08159,1.13057
67,185,FALSE,5.09874,1.1432
67,186,FALSE,7.02269,1.07195
67,188,FALSE,5.1391,1.00183
67,189,FALSE,6.04444,4.1413
67,190,FALSE,3.04484,1.14674
67,191,FALSE,5.14634,1.09962
67,192,FALSE,5.14009,1.14138
67,193,FALSE,5.09091,6.02117
67,194,FALSE,5.13891,1.11642
67,195,FALSE,3.009,1.1335
67,197,FALSE,5.14179,1.00274
67,198,FALSE,5.00074,1.13025
67,199,FALSE,5.07099,1.14325
67,200,FALSE,1.14211,1.14702
67,201,FALSE,1.13091,1.10315
67,202,FALSE,7.04797,7.06748
67,203,FALSE,5.13603,4.03354
67,204,FALSE,5.07883,1.03231
67,206,FALSE,5.00186,1.00097
67,207,FALSE,3.14359,1.11939
67,208,FALSE,1.14713,1.04501
67,209,FALSE,3.05752,3.03444
67,210,FALSE,3.13656,3.01684
67,211,FALSE,3.01316,3.05253
67,212,FALSE,1.12765,1.06536
67,213,FALSE,3.06651,1.07906
67,216,FALSE,6.00317,1.12147
67,217,FALSE,4.01453,1.13778
67,218,FALSE,5.11222,1.1067
67,219,FALSE,5.12157,3.00192
67,222,FALSE,3.14235,1.1253
67,225,FALSE,3.10577,4.08518
67,226,FALSE,5.06654,1.10301
67,227,FALSE,7.00278,4.03436
67,229,FALSE,4.01559,3.11139
67,230,FALSE,3.1113,3.11964
67,233,FALSE,5.08758,1.05661
67,234,FALSE,5.04445,3.0002
67,235,FALSE,3.06576,3.0976
67,236,FALSE,1.06355,1.08025
67,237,FALSE,1.11318,1.11161
67,242,FALSE,4.11112,1.01557
67,243,FALSE,1.14476,1.13135
67,251,FALSE,4.1016,4.07197
67,252,FALSE,3.08117,1.13929
67,253,FALSE,5.12957,1.04752
67,254,FALSE,1.05571,1.01083
67,255,FALSE,3.04838,1.04701
67,256,FALSE,5.05898,1.00624
67,257,FALSE,5.0228,1.00444
67,258,FALSE,3.13786,1.12894
67,259,FALSE,1.14189,1.02053
67,260,FALSE,1.068,1.0036
67,262,FALSE,6.04343,1.01075
67,263,FALSE,1.14623,1.00247
67,264,FALSE,4.11365,1.14511
67,265,FALSE,1.14215,1.13362
67,270,FALSE,1.13148,3.09277
67,271,FALSE,3.06714,1.1275
67,272,FALSE,1.14028,1.12925
67,273,FALSE,1.13243,1.10883
67,274,FALSE,1.10347,1.10921
67,275,FALSE,1.12376,3.10247
67,280,FALSE,1.13835,1.01715
67,289,FALSE,4.14704,1.06359
67,290,FALSE,1.13367,1.06415
67,291,FALSE,1.14032,1.14675
67,292,FALSE,1.14602,1.10731
67,293,FALSE,6.09168,5.00111
67,294,FALSE,5.11369,5.00001
67,295,FALSE,6.0053,5.021
67,296,FALSE,1.1231,5.02921
67,297,FALSE,5.12329,1.10238
67,298,FALSE,5.11292,1.01089
67,299,FALSE,4.05854,1.07755
67,300,FALSE,5.09716,1.03796
67,301,FALSE,3.09805,1.03795
67,302,FALSE,5.09312,1.07448
67,303,FALSE,3.14493,3.07014
67,308,FALSE,6.13491,1.0347
67,317,FALSE,5.1053,1.00414
67,318,FALSE,6.10239,1.08227
67,319,FALSE,5.14628,1.04605
67,320,FALSE,5.042,1.02999
67,321,FALSE,4.04994,1.00968
67,322,FALSE,3.08129,1.01634
67,323,FALSE,3.09518,1.03055
67,324,FALSE,3.03939,1.04617
67,325,FALSE,5.02505,1.08051
67,326,FALSE,3.12886,1.01243
67,328,FALSE,5.0489,1.08576
67,329,FALSE,6.0675,1.1203
67,330,FALSE,5.14603,1.08346
67,331,FALSE,3.06182,1.07373
67,332,FALSE,5.14582,1.12442
67,333,FALSE,5.11756,3.08464
67,334,FALSE,1.11108,1.12739
67,335,FALSE,5.13687,1.04523
67,336,FALSE,5.10872,1.05196
67,337,FALSE,5.13209,1.072
67,339,FALSE,5.01527,1.04405
67,340,TRUE,1.00016,1
67,341,TRUE,5.00313,1
67,342,FALSE,1.13552,6.09702
67,343,TRUE,1,1
67,346,FALSE,5.03514,1.08187
67,347,FALSE,6.13107,1.13064
67,348,FALSE,5.01677,1.09134
67,349,FALSE,5.03276,1.00736
67,350,FALSE,4.08183,3.06343
67,351,FALSE,5.12778,1.13722
67,352,FALSE,4.01474,1.13228
67,353,FALSE,7.05899,4.13942
67,354,FALSE,5.06902,4.08551
67,355,FALSE,3.04534,1.04049
67,357,FALSE,4.13443,1.04442
67,358,FALSE,3.00965,1.06945
67,359,FALSE,3.10547,1.11913
67,361,FALSE,5.13641,1.08591
67,363,FALSE,5.07254,5.08934
67,364,FALSE,5.09668,5.12159
67,365,FALSE,3.06785,1.0733
67,366,FALSE,1.1125,1.11382
67,367,FALSE,5.03323,5.03975
67,370,FALSE,3.13501,1.10478
67,371,FALSE,4.01257,1.14332
67,372,FALSE,6.05128,1.14671
67,373,FALSE,1.12138,1.1088
67,374,FALSE,7.09783,1.0041
67,375,FALSE,1.03666,1.01697
67,376,FALSE,1.13254,1.13623
67,377,FALSE,1.02791,1.09073
67,378,FALSE,3.11045,3.00393
67,379,FALSE,1.12189,3.14154
67,380,FALSE,3.13022,4.0163
67,381,FALSE,1.13923,1.08692
67,383,FALSE,5.14158,1.07437
67,384,FALSE,5.11129,1.11702
67,385,FALSE,5.08479,1.00618
67,386,FALSE,5.08525,1.00621
67,387,FALSE,4.01525,1.00457
67,388,FALSE,1.1346,1.0022
67,389,FALSE,2.05407,1.03261
67,390,FALSE,2.1412,1.00041
67,391,FALSE,3.01701,1.00635
67,394,FALSE,5.11026,1.01059
67,395,FALSE,1.02972,5.00831
67,396,FALSE,1.02292,5.03199
67,397,FALSE,1.13692,5.13882
67,398,FALSE,3.05691,5.03035
67,403,FALSE,4.07988,1.09041
67,404,FALSE,4.12257,5.06864
67,405,FALSE,1.10739,5.12032
67,406,FALSE,1.09184,1.0115
67,407,FALSE,3.11714,4.07356
67,408,TRUE,1.02633,1
67,412,FALSE,6.06464,5.00052
67,413,FALSE,5.08529,5.00768
67,414,FALSE,6.11888,5.00574
67,415,FALSE,3.08335,5.00781
67,416,FALSE,3.04657,3.07469
67,417,FALSE,3.13448,1.12874
67,418,FALSE,5.03692,5.0381
67,419,FALSE,5.12717,3.03538
67,420,FALSE,3.01511,3.05762
67,421,FALSE,5.11235,3.14681
67,422,FALSE,5.07638,3.07453
67,423,FALSE,3.0692,1.12672
67,425,FALSE,7.04004,1.01702
67,426,FALSE,4.10782,1.08772
67,427,FALSE,1.13958,1.08923
67,428,FALSE,3.10723,3.1091
67,429,FALSE,3.01406,3.10564
68,1,FALSE,3.08012,1.1053
68,3,FALSE,1.01038,1.03391
68,5,FALSE,7.06237,1.01677
68,6,FALSE,3.04785,1.02439
68,7,FALSE,1,1.02076
68,9,FALSE,1.14128,1.02889
68,10,FALSE,1.11138,1.00436
68,11,FALSE,1,1.13695
68,13,FALSE,1.11422,1.06242
68,17,FALSE,3.04083,1.06388
68,18,FALSE,1.07587,1.07026
68,19,TRUE,3.14135,1
68,21,FALSE,3.05471,1.08635
68,22,FALSE,1.13408,1.13589
68,25,FALSE,4.01602,1.0317
68,29,FALSE,1.12974,1.01656
68,30,FALSE,1.14627,1.07523
68,69,FALSE,4.11889,1.00255
68,70,FALSE,3.03683,3.0148
68,71,FALSE,3.04296,1.12478
68,72,FALSE,3.05402,3.04156
68,73,FALSE,3.09022,3.02595
68,74,FALSE,3.06437,3.06595
68,75,FALSE,3.10071,4.05671
68,76,FALSE,1.12939,1.14404
68,77,FALSE,1.13777,3.02552
68,78,FALSE,4.12432,1.10029
68,79,FALSE,1.11927,1.12173
68,82,FALSE,4.1302,1.08257
68,83,FALSE,3.07898,1.05172
68,84,FALSE,1,3.14356
68,85,TRUE,1.02269,1
68,86,TRUE,4.08405,1
68,91,FALSE,1.13988,1.05366
68,92,FALSE,1.14653,1.12923
68,93,FALSE,3.08881,1.1343
68,95,FALSE,1.1318,1.03759
68,98,FALSE,5.02438,1.0982
68,99,FALSE,5.06713,2.00609
68,100,FALSE,6.03348,1.12049
68,101,FALSE,3.10209,1.02819
68,103,FALSE,5.02117,1.12654
68,104,FALSE,5.03284,1.12032
68,106,FALSE,5.06354,1.00257
68,107,FALSE,6.03909,1.02155
68,109,FALSE,4.08123,1.09943
68,110,FALSE,3.11326,1.10343
68,111,FALSE,3.08029,1.00094
68,112,FALSE,2.11025,1.0057
68,113,FALSE,3.1379,1.10112
68,114,FALSE,1.13642,1.00969
68,115,FALSE,1.13422,1.08661
68,116,FALSE,3.04434,1.0207
68,117,FALSE,1.14563,1.07159
68,118,FALSE,3.11244,1.04446
68,120,FALSE,4.05865,1.00452
68,121,FALSE,1.13274,1.00127
68,122,FALSE,1.11742,1.00025
68,123,FALSE,1.1085,1.01634
68,124,FALSE,7.10818,1.02548
68,125,FALSE,4.00851,5.0822
68,126,FALSE,5.03125,5.05589
68,127,FALSE,4.13284,1.01598
68,128,FALSE,5.06126,1.00474
68,129,FALSE,5.03621,1.11016
68,130,FALSE,5.10802,5.11493
68,131,FALSE,1.04168,1.12256
68,133,FALSE,1.14519,1.00055
68,134,FALSE,1.10125,1.00648
68,135,FALSE,1.1202,1.03835
68,136,FALSE,1.10277,1.01714
68,137,TRUE,1.0803,1
68,139,FALSE,1.06061,1.02273
68,140,FALSE,1.1409,1.07863
68,141,FALSE,1.08406,1.05173
68,142,FALSE,1.08556,1.13587
68,143,FALSE,1.14705,1.08364
68,144,FALSE,1.08493,1.04247
68,145,FALSE,1,5.08859
68,146,TRUE,1,1
68,147,FALSE,1,1.05962
68,148,TRUE,1,1
68,149,TRUE,3.05964,1
68,150,FALSE,1,5.07637
68,151,TRUE,1.07431,1
68,153,FALSE,1.12734,1.12633
68,154,FALSE,5.04457,1.08293
68,155,FALSE,7.10533,1.01829
68,156,FALSE,3.12896,1.0609
68,157,FALSE,1.14053,1.00464
68,158,FALSE,3.04396,1.04976
68,159,FALSE,3.00953,1.00033
68,160,FALSE,3.01901,1.04046
68,161,FALSE,3.06001,1.05051
68,162,FALSE,4.12071,4.13471
68,164,FALSE,7.00492,1.04114
68,165,FALSE,1.10673,5.04744
68,166,FALSE,5.08822,5.10335
68,167,FALSE,1.04508,1.07268
68,168,FALSE,1,5.09577
68,169,FALSE,5.06825,5.0869
68,173,FALSE,4.01389,1.08914
68,175,FALSE,1.03212,1.03723
68,176,FALSE,1.00721,1.11619
68,177,FALSE,5.13148,1.13216
68,178,FALSE,5.1281,4.00097
68,179,FALSE,5.11602,1.14726
68,180,FALSE,5.13102,2.00171
68,181,FALSE,5.10241,3.01812
68,182,FALSE,5.13327,1.1445
68,183,FALSE,5.07368,1.08747
68,184,FALSE,7.02377,1.12579
68,185,FALSE,5.00959,1.1373
68,186,FALSE,7.02785,1.13113
68,188,FALSE,5.13269,1.00406
68,189,FALSE,6.05609,4.13335
68,190,FALSE,3.068,3.07484
68,191,FALSE,5.08282,1.09793
68,192,FALSE,5.13252,1.12128
68,193,FALSE,5.13277,6.13812
68,194,FALSE,5.06416,1.11213
68,195,FALSE,3.12237,1.12217
68,197,FALSE,5.08368,1.01512
68,198,FALSE,5.12571,1.14092
68,199,FALSE,5.05696,3.09805
68,200,FALSE,1.11665,1.12019
68,201,FALSE,1.14093,1.13299
68,202,FALSE,7.05532,7.03293
68,203,FALSE,5.0535,4.00385
68,204,FALSE,5.13564,1.02268
68,206,FALSE,5.1382,1.00172
68,207,FALSE,3.12526,1.13941
68,208,FALSE,1.14451,1.07433
68,209,FALSE,3.10196,3.02867
68,210,FALSE,3.07408,3.08006
68,211,FALSE,3.00134,3.03528
68,212,FALSE,1.10686,1.09263
68,213,FALSE,3.11265,1.07063
68,216,FALSE,6.13482,1.10726
68,217,FALSE,4.13116,1.14672
68,218,FALSE,5.11288,1.11882
68,219,FALSE,5.1293,3.01028
68,222,FALSE,3.14006,1.11275
68,225,FALSE,3.09755,4.00391
68,226,FALSE,5.07691,1.09381
68,227,FALSE,7.07826,4.01257
68,229,FALSE,4.00841,3.09636
68,230,FALSE,3.11353,3.06147
68,233,FALSE,5.11669,1.05459
68,234,FALSE,5.04722,3.03538
68,235,FALSE,5.07022,3.03813
68,236,FALSE,1.08893,1.1016
68,237,FALSE,1.07428,1.09571
68,242,FALSE,4.09246,1.02018
68,243,FALSE,1.14469,1.06766
68,251,FALSE,4.11733,4.08559
68,252,FALSE,3.05672,1.14058
68,253,FALSE,5.1217,1.01423
68,254,FALSE,1.11258,1.00042
68,255,FALSE,3.02486,1.00163
68,256,FALSE,5.01678,1.00375
68,257,FALSE,5.02243,1.06233
68,258,FALSE,3.01294,1.05602
68,259,FALSE,1.14339,3.04615
68,260,FALSE,1.09652,1.03796
68,262,FALSE,6.11408,1.00343
68,263,FALSE,1.14713,1.03314
68,264,FALSE,4.03108,1.12968
68,265,FALSE,1.14103,1.14298
68,270,FALSE,1.13805,3.02582
68,271,FALSE,3.05981,1.13653
68,272,FALSE,1.14365,1.12143
68,273,FALSE,1.14613,1.06698
68,274,FALSE,1.12191,1.11339
68,275,FALSE,1.12509,3.05659
68,280,FALSE,1.13329,1.00135
68,289,FALSE,4.14648,1.06851
68,290,FALSE,1.1472,1.12287
68,291,FALSE,1.14186,1.14656
68,292,FALSE,1.13037,1.11799
68,293,FALSE,6.00898,5.0074
68,294,FALSE,5.1043,5.02561
68,295,FALSE,6.1321,5.00054
68,296,FALSE,5.13593,5.0018
68,297,FALSE,5.0742,1.02207
68,298,FALSE,5.12401,1.00544
68,299,FALSE,4.0365,1.06805
68,300,FALSE,5.00011,1.02926
68,301,FALSE,3.11045,1.11209
68,302,FALSE,5.08394,1.02904
68,303,FALSE,3.08699,3.00978
68,308,FALSE,6.13087,1.01791
68,317,FALSE,5.11285,1.03582
68,318,FALSE,6.0859,1.11123
68,319,FALSE,5.10875,1.01909
68,320,FALSE,5.04436,1.0452
68,321,FALSE,4.03366,1.06715
68,322,FALSE,3.02283,1.07603
68,323,FALSE,3.07903,1.07318
68,324,FALSE,3.03154,1.01531
68,325,FALSE,5.12441,1.05979
68,326,FALSE,3.04772,1.00338
68,328,FALSE,5.14574,1.09856
68,329,FALSE,6.13215,2.09632
68,330,FALSE,5.14264,1.11661
68,331,FALSE,5.02939,1.04178
68,332,FALSE,5.07713,1.14691
68,333,FALSE,5.10388,3.12694
68,334,FALSE,1.1459,1.10759
68,335,FALSE,5.1146,1.11428
68,336,FALSE,5.13723,1.01553
68,337,FALSE,5.11964,1.09076
68,339,FALSE,5.11827,1.09121
68,340,TRUE,1.14308,1
68,341,TRUE,5.14673,1
68,342,FALSE,1.04049,6.06818
68,343,TRUE,1,1
68,346,FALSE,5.07897,1.08654
68,347,FALSE,6.07416,1.12158
68,348,FALSE,5.00884,1.11019
68,349,FALSE,5.10031,1.01264
68,350,FALSE,4.06059,1.14158
68,351,FALSE,5.02159,1.14353
68,352,FALSE,4.00445,1.13182
68,353,FALSE,7.04177,4.04606
68,354,FALSE,5.12746,4.11374
68,355,FALSE,3.08884,1.09019
68,357,FALSE,4.10025,1.07087
68,358,FALSE,3.07545,1.10385
68,359,FALSE,3.03103,1.13701
68,361,FALSE,5.06989,1.09552
68,363,FALSE,5.03492,5.06234
68,364,FALSE,5.06685,5.12134
68,365,FALSE,3.11168,1.01843
68,366,FALSE,1.12927,1.1236
68,367,FALSE,5.14625,5.11139
68,370,FALSE,3.1347,1.1114
68,371,FALSE,3.14436,1.13969
68,372,FALSE,6.0544,1.14662
68,373,FALSE,1.11512,1.09416
68,374,FALSE,7.00677,1.04316
68,375,FALSE,1.01825,1.0932
68,376,FALSE,1.11173,1.13171
68,377,FALSE,1.0652,1.13416
68,378,FALSE,3.09071,3.00217
68,379,FALSE,1.11658,3.04202
68,380,FALSE,3.09849,4.02847
68,381,FALSE,1.11053,1.04964
68,383,FALSE,5.06547,1.05604
68,384,FALSE,5.12668,1.12537
68,385,FALSE,5.13267,1.00731
68,386,FALSE,5.0393,1.00793
68,387,FALSE,4.1064,1.01508
68,388,FALSE,1.12473,1.01903
68,389,FALSE,2.01096,1.01436
68,390,FALSE,5.12508,1.04936
68,391,FALSE,3.06443,1.01152
68,394,FALSE,5.14033,1.00159
68,395,FALSE,1.13572,5.13945
68,396,FALSE,1.02858,5.13857
68,397,FALSE,1.13929,5.03315
68,398,FALSE,3.013,5.13279
68,403,FALSE,4.02697,1.05616
68,404,FALSE,4.06485,5.11165
68,405,FALSE,1.12684,5.11589
68,406,FALSE,1.05561,1.08372
68,407,FALSE,3.12602,4.04521
68,408,TRUE,1.1395,1
68,412,FALSE,6.12045,5.00002
68,413,FALSE,5.00101,5.00449
68,414,FALSE,6.06634,5.01847
68,415,FALSE,3.07158,5.0037
68,416,FALSE,3.05882,3.07901
68,417,FALSE,3.13228,1.12946
68,418,FALSE,5.01328,5.03929
68,419,FALSE,5.11157,3.09719
68,420,FALSE,3.09597,3.14696
68,421,FALSE,5.04443,3.03935
68,422,FALSE,3.02641,3.11236
68,423,FALSE,3.0145,1.11806
68,425,FALSE,1.0576,1.00999
68,426,FALSE,4.11328,1.08085
68,427,FALSE,1.13141,1.11401
68,428,FALSE,3.12445,3.13459
68,429,FALSE,3.00837,3.01794
69,1,FALSE,3.03875,1.08015
69,3,FALSE,1.02847,1.05181
69,5,FALSE,7.11129,1.04946
69,6,FALSE,3.02231,1.02025
69,7,FALSE,1,1.00573
69,9,FALSE,1.13915,1.00524
69,10,FALSE,1.10848,1.0226
69,11,FALSE,1,1.11776
69,13,FALSE,1.134,1.08833
69,17,FALSE,4.00255,1.06518
69,18,FALSE,1.11454,1.08971
69,19,TRUE,3.02147,1
69,21,FALSE,3.07269,1.09026
69,22,FALSE,1.14483,1.11425
69,25,FALSE,4.00179,1.02013
69,29,FALSE,1.14177,1.00927
69,30,FALSE,1.13829,1.11242
69,69,FALSE,4.12713,1.00108
69,70,FALSE,3.07314,3.03213
69,71,FALSE,3.05128,1.09608
69,72,FALSE,3.14422,3.0546
69,73,FALSE,3.11834,3.00712
69,74,FALSE,3.0229,3.07393
69,75,FALSE,3.12791,4.06274
69,76,FALSE,3.06674,1.13042
69,77,FALSE,1.12986,3.00735
69,78,FALSE,4.07046,1.10175
69,79,FALSE,3.13823,1.12943
69,82,FALSE,4.02942,1.07615
69,83,FALSE,3.01927,1.0258
69,84,FALSE,1,3.00939
69,85,TRUE,1.11737,1
69,86,TRUE,4.06456,1
69,91,FALSE,1.13674,1.05759
69,92,FALSE,1.14718,1.11114
69,93,FALSE,3.09044,1.13545
69,95,FALSE,1.14296,1.03512
69,98,FALSE,5.13544,1.05727
69,99,FALSE,5.11446,2.03872
69,100,FALSE,6.08227,1.13068
69,101,FALSE,3.14232,1.00109
69,103,FALSE,5.13814,1.10626
69,104,FALSE,5.11255,1.12968
69,106,FALSE,5.07675,1.05547
69,107,FALSE,6.09512,1.04347
69,109,FALSE,4.08204,1.11048
69,110,FALSE,3.08544,1.12367
69,111,FALSE,3.10551,1.002
69,112,FALSE,2.10844,1.05047
69,113,FALSE,3.05283,1.04884
69,114,FALSE,1.13892,1.06167
69,115,FALSE,1.1451,1.09565
69,116,FALSE,3.03744,1.01153
69,117,FALSE,1.14023,1.04854
69,118,FALSE,3.13117,1.0312
69,120,FALSE,4.01163,1.00228
69,121,FALSE,1.1454,1.00112
69,122,FALSE,1.14344,1.00533
69,123,FALSE,1.08561,1.01383
69,124,FALSE,7.1266,1.0272
69,125,FALSE,4.10467,5.07398
69,126,FALSE,5.08963,5.03763
69,127,FALSE,4.05776,1.07496
69,128,FALSE,5.09199,1.08558
69,129,FALSE,5.14726,1.13896
69,130,FALSE,5.08649,5.14171
69,131,FALSE,1.06913,1.01719
69,133,FALSE,1.14154,1.0067
69,134,FALSE,1.1052,1.00738
69,135,FALSE,1.13429,1.07519
69,136,FALSE,1.13516,1.0068
69,137,TRUE,1.07654,1
69,139,FALSE,1.14162,1.0016
69,140,FALSE,1.12896,1.04809
69,141,FALSE,1.0864,1.03576
69,142,FALSE,1.03353,1.00173
69,143,FALSE,1.11453,1.04678
69,144,FALSE,1.10581,1.07033
69,145,TRUE,5.00999,1
69,146,TRUE,1,1
69,147,FALSE,1,1.14655
69,148,TRUE,1,1
69,149,TRUE,3.10932,1
69,150,FALSE,1,5.0117
69,151,FALSE,1,1.09438
69,153,FALSE,1.13565,1.13697
69,154,FALSE,5.11471,1.09648
69,155,FALSE,1.14216,1.01964
69,156,FALSE,3.08121,1.07604
69,157,FALSE,1.14117,1.00389
69,158,FALSE,3.1121,1.02383
69,159,FALSE,3.01268,1.07833
69,160,FALSE,3.01546,1.06789
69,161,FALSE,3.10136,1.072
69,162,FALSE,4.11615,4.13502
69,164,FALSE,7.04193,1.00267
69,165,FALSE,1.03137,5.03703
69,166,FALSE,5.12158,5.12867
69,167,FALSE,1.00277,1.13895
69,168,FALSE,1,5.0816
69,169,FALSE,5.08675,5.09848
69,173,FALSE,4.10406,1.09462
69,175,FALSE,1.08851,1.05451
69,176,FALSE,1.07395,1.01201
69,177,FALSE,5.08951,1.09589
69,178,FALSE,6.1327,4.02235
69,179,FALSE,5.13853,1.14545
69,180,FALSE,5.09901,2.08534
69,181,FALSE,5.0703,3.05579
69,182,FALSE,5.04271,1.1364
69,183,FALSE,5.12741,1.04955
69,184,FALSE,7.11223,1.10172
69,185,FALSE,5.0171,1.14168
69,186,FALSE,7.07264,1.12709
69,188,FALSE,5.11306,1.00035
69,189,FALSE,6.1405,4.11655
69,190,FALSE,3.09786,1.14183
69,191,FALSE,5.11626,1.0735
69,192,FALSE,5.11232,1.11803
69,193,FALSE,5.02001,6.03393
69,194,FALSE,5.04215,1.10772
69,195,FALSE,3.07734,1.14284
69,197,FALSE,5.13835,1.00677
69,198,FALSE,5.06388,1.13182
69,199,FALSE,4.06091,3.03338
69,200,FALSE,1.14326,1.14701
69,201,FALSE,1.13807,1.06825
69,202,FALSE,7.01794,7.04909
69,203,FALSE,5.06383,1.14476
69,204,FALSE,5.03972,1.07464
69,206,FALSE,5.12997,1.00804
69,207,FALSE,3.03519,1.1328
69,208,FALSE,1.10816,1.07633
69,209,FALSE,3.03383,3.03518
69,210,FALSE,3.07839,3.05737
69,211,FALSE,3.04834,3.06803
69,212,FALSE,1.08849,1.0903
69,213,FALSE,3.10931,1.10259
69,216,FALSE,6.05256,1.09382
69,217,FALSE,4.14075,1.12807
69,218,FALSE,5.12633,1.08282
69,219,FALSE,5.08358,1.13223
69,222,FALSE,3.12531,1.14652
69,225,FALSE,3.12637,4.01326
69,226,FALSE,5.02385,1.09349
69,227,FALSE,7.05173,4.00949
69,229,FALSE,4.13736,3.10568
69,230,FALSE,3.1194,3.05984
69,233,FALSE,5.14522,1.02164
69,234,FALSE,5.09985,3.06601
69,235,FALSE,5.0422,3.06118
69,236,FALSE,1.07113,1.09927
69,237,FALSE,1.10504,1.14077
69,242,FALSE,4.05231,1.01679
69,243,FALSE,1.11355,1.12096
69,251,FALSE,4.11861,4.10546
69,252,FALSE,3.04315,1.13984
69,253,FALSE,5.10455,1.02448
69,254,FALSE,1.12232,1.00251
69,255,FALSE,3.08894,1.00884
69,256,FALSE,5.00865,1.03953
69,257,FALSE,5.07707,1.02799
69,258,FALSE,3.06951,1.07144
69,259,FALSE,1.14372,1.09866
69,260,FALSE,1.13296,1.04219
69,262,FALSE,6.12212,1.00923
69,263,FALSE,1.13199,1.00734
69,264,FALSE,4.06292,1.10676
69,265,FALSE,1.13352,1.1414
69,270,FALSE,1.14158,3.12463
69,271,FALSE,3.12282,1.10405
69,272,FALSE,1.12952,1.09066
69,273,FALSE,1.14456,1.11898
69,274,FALSE,1.11792,1.12268
69,275,FALSE,1.13514,3.12118
69,280,FALSE,1.12559,1.00632
69,289,FALSE,4.13624,1.06571
69,290,FALSE,1.14624,1.1218
69,291,FALSE,1.1465,1.14702
69,292,FALSE,1.14591,1.08526
69,293,FALSE,6.08573,5.011
69,294,FALSE,1.13259,5.00673
69,295,FALSE,6.05195,5.02049
69,296,FALSE,1.1202,5.03263
69,297,FALSE,5.10125,1.08835
69,298,FALSE,5.1388,1.01183
69,299,FALSE,4.05758,1.09671
69,300,FALSE,5.0634,1.03316
69,301,FALSE,3.09022,1.06994
69,302,FALSE,5.11672,1.07013
69,303,FALSE,3.06269,3.0209
69,308,FALSE,6.08434,1.00058
69,317,FALSE,3.09632,1.00246
69,318,FALSE,6.12974,1.11757
69,319,FALSE,5.14275,1.08996
69,320,FALSE,5.14565,1.03647
69,321,FALSE,4.14712,1.02626
69,322,FALSE,3.08088,1.03881
69,323,FALSE,3.07348,1.04136
69,324,FALSE,3.02865,1.03549
69,325,FALSE,5.13762,1.02096
69,326,FALSE,3.02453,1.01983
69,328,FALSE,5.14494,1.10448
69,329,FALSE,6.04485,1.13131
69,330,FALSE,5.12667,1.09729
69,331,FALSE,5.00153,1.10691
69,332,FALSE,5.14396,1.12957
69,333,FALSE,5.10217,3.12348
69,334,FALSE,1.12777,1.12832
69,335,FALSE,5.06295,1.11431
69,336,FALSE,5.06202,1.07301
69,337,FALSE,5.05855,1.06226
69,339,FALSE,5.11529,1.05024
69,340,TRUE,1.10925,1
69,341,TRUE,5.09334,1
69,342,FALSE,1.13759,6.10381
69,343,TRUE,1,1
69,346,FALSE,3.00154,1.09873
69,347,FALSE,6.04029,1.12759
69,348,FALSE,5.09214,1.11587
69,349,FALSE,5.02845,1.0287
69,350,FALSE,4.05125,1.13732
69,351,FALSE,5.04882,1.12416
69,352,FALSE,4.07657,1.14021
69,353,FALSE,7.0888,4.10981
69,354,FALSE,5.09335,4.12824
69,355,FALSE,3.0531,1.0732
69,357,FALSE,4.13586,1.05463
69,358,FALSE,3.14678,1.05665
69,359,FALSE,3.09746,1.12239
69,361,FALSE,5.04189,1.06974
69,363,FALSE,5.06359,5.08037
69,364,FALSE,5.05671,5.12422
69,365,FALSE,3.12816,1.09837
69,366,FALSE,1.1119,1.12101
69,367,FALSE,5.03246,5.03862
69,370,FALSE,3.1421,1.11104
69,371,FALSE,4.01365,1.10945
69,372,FALSE,6.00983,1.14659
69,373,FALSE,1.13231,1.07474
69,374,FALSE,7.10881,1.00569
69,375,FALSE,3.13375,1.11854
69,376,FALSE,1.11099,1.10501
69,377,FALSE,1,1.0547
69,378,FALSE,3.07279,3.02278
69,379,FALSE,1.13737,3.14071
69,380,FALSE,3.04333,4.04897
69,381,FALSE,1.10842,1.12401
69,383,FALSE,5.106,1.09421
69,384,FALSE,5.03768,1.12726
69,385,FALSE,5.13723,1.00741
69,386,FALSE,5.05457,1.03704
69,387,FALSE,4.04817,1.00466
69,388,FALSE,1.10978,1.01605
69,389,FALSE,2.06501,1.00913
69,390,FALSE,2.08694,1.02072
69,391,FALSE,3.10662,1.06886
69,394,FALSE,5.05121,1.06808
69,395,FALSE,1.11714,5.03403
69,396,FALSE,1.05939,5.06516
69,397,FALSE,1.06806,5.00644
69,398,FALSE,3.05347,5.12353
69,403,FALSE,4.08829,1.00003
69,404,FALSE,4.06515,5.02923
69,405,FALSE,1.13097,5.08614
69,406,FALSE,1.12917,1.00376
69,407,FALSE,3.13187,4.02582
69,408,TRUE,1.12923,1
69,412,FALSE,6.14337,5.00345
69,413,FALSE,5.11785,5.00159
69,414,FALSE,6.07985,5.00177
69,415,FALSE,3.06442,5.00327
69,416,FALSE,3.0694,3.11329
69,417,FALSE,3.07136,1.13269
69,418,FALSE,5.02705,5.03251
69,419,FALSE,3.06884,4.02673
69,420,FALSE,3.03212,3.13078
69,421,FALSE,5.06779,3.09519
69,422,FALSE,5.06159,3.07978
69,423,FALSE,3.07148,1.10283
69,425,FALSE,7.00564,1.06734
69,426,FALSE,4.08141,1.07601
69,427,FALSE,1.14656,1.05994
69,428,FALSE,3.0688,3.09974
69,429,FALSE,3.00092,3.08502
70,1,FALSE,3.04712,1.08992
70,3,FALSE,1.04453,1.04883
70,5,FALSE,7.00557,1.07277
70,6,FALSE,3.05963,1.04468
70,7,FALSE,1,1.02623
70,9,FALSE,1.1244,1.02545
70,10,FALSE,1.08513,1.08257
70,11,FALSE,1,1.05086
70,13,FALSE,1.12628,1.09333
70,17,FALSE,3.08081,1.06111
70,18,FALSE,1.13625,1.09087
70,19,TRUE,3.09107,1
70,21,FALSE,3.07507,1.08431
70,22,FALSE,1.13858,1.11427
70,25,FALSE,4.01143,1.03511
70,29,FALSE,1.1372,1.0214
70,30,FALSE,1.14383,1.09021
70,69,FALSE,4.11825,1.00178
70,70,FALSE,3.08493,3.00853
70,71,FALSE,3.03934,1.10664
70,72,FALSE,3.1205,3.08196
70,73,FALSE,3.07903,3.00332
70,74,FALSE,7.03805,3.07936
70,75,FALSE,3.08663,4.03613
70,76,FALSE,3.11311,1.10388
70,77,FALSE,1.14605,3.00438
70,78,FALSE,3.14635,1.11164
70,79,FALSE,3.10004,1.13248
70,82,FALSE,4.11469,1.02535
70,83,FALSE,3.13403,1.12851
70,84,FALSE,1,3.14435
70,85,FALSE,1,1.05966
70,86,TRUE,4.11646,1
70,91,FALSE,1.14431,1.06413
70,92,FALSE,1.14591,1.09413
70,93,FALSE,3.14702,1.14165
70,95,FALSE,1.1396,1.02591
70,98,FALSE,5.08889,1.06617
70,99,FALSE,5.14323,2.05055
70,100,FALSE,6.05896,1.12093
70,101,FALSE,3.0567,1.06347
70,103,FALSE,5.01808,1.14067
70,104,FALSE,5.02718,1.13249
70,106,FALSE,5.05743,1.12911
70,107,FALSE,6.07516,1.00244
70,109,FALSE,4.08168,1.06871
70,110,FALSE,3.09244,1.09145
70,111,FALSE,3.09818,1.01801
70,112,FALSE,2.12177,1.01916
70,113,FALSE,3.08371,1.0959
70,114,FALSE,1.13216,1.00307
70,115,FALSE,1.13476,1.06565
70,116,FALSE,3.07079,1.02221
70,117,FALSE,1.1431,1.08372
70,118,FALSE,3.10477,1.0481
70,120,FALSE,4.00348,1.00133
70,121,FALSE,1.13918,1.0012
70,122,FALSE,1.12794,1.00699
70,123,FALSE,1.12393,1.00608
70,124,FALSE,7.10488,1.00636
70,125,FALSE,4.04824,5.06783
70,126,FALSE,5.04455,5.09387
70,127,FALSE,4.09917,1.10265
70,128,FALSE,5.10882,1.02391
70,129,FALSE,5.00424,1.13341
70,130,FALSE,5.08879,5.10677
70,131,FALSE,1.11382,1.1155
70,133,FALSE,1.14623,1.01853
70,134,FALSE,1.13689,1.00305
70,135,FALSE,1.13543,1.09239
70,136,FALSE,1.10644,1.01935
70,137,FALSE,1.10581,1.13054
70,139,FALSE,1.01899,1.01467
70,140,FALSE,1.07764,1.02153
70,141,FALSE,1.12523,1.01074
70,142,FALSE,1.13587,1.02702
70,143,FALSE,1.13785,1.00186
70,144,FALSE,1.12064,1.12506
70,145,FALSE,1,5.04927
70,146,TRUE,1,1
70,147,FALSE,1,1.13633
70,148,TRUE,1,1
70,149,TRUE,3.13371,1
70,150,FALSE,1,5.0518
70,151,FALSE,1,1.14542
70,153,FALSE,1.12082,1.13748
70,154,FALSE,5.02287,1.10188
70,155,FALSE,3.07951,1.01249
70,156,FALSE,3.01707,1.10738
70,157,FALSE,1.14073,1.00635
70,158,FALSE,3.06306,1.07281
70,159,FALSE,3.12216,1.06329
70,160,FALSE,3.03159,1.06426
70,161,FALSE,3.11447,1.00355
70,162,FALSE,4.05437,4.12778
70,164,FALSE,7.02022,1.01392
70,165,FALSE,1.07794,5.08985
70,166,FALSE,5.05027,5.14368
70,167,FALSE,1.01136,1.1263
70,168,FALSE,1,5.01232
70,169,FALSE,5.05921,5.11844
70,173,FALSE,4.13825,1.09259
70,175,FALSE,1.06474,1.06265
70,176,FALSE,1.06107,1.04757
70,177,FALSE,5.1027,1.12528
70,178,FALSE,6.03486,4.00259
70,179,FALSE,5.11745,1.11787
70,180,FALSE,5.09081,2.01533
70,181,FALSE,5.1171,3.05247
70,182,FALSE,5.05542,1.14392
70,183,FALSE,5.06639,1.13152
70,184,FALSE,7.07164,1.10983
70,185,FALSE,5.04461,1.13533
70,186,FALSE,7.10688,1.08553
70,188,FALSE,5.1297,1.00066
70,189,FALSE,6.01616,4.10547
70,190,FALSE,3.1098,1.14226
70,191,FALSE,5.04677,1.08899
70,192,FALSE,5.03406,1.12604
70,193,FALSE,5.11146,6.05354
70,194,FALSE,5.04717,1.14081
70,195,FALSE,3.12251,1.1307
70,197,FALSE,5.11373,1.00135
70,198,FALSE,5.02328,1.13056
70,199,FALSE,5.12687,1.13819
70,200,FALSE,1.12873,1.14372
70,201,FALSE,1.14417,1.1408
70,202,FALSE,7.03657,7.03939
70,203,FALSE,5.09955,4.02501
70,204,FALSE,5.1366,3.01518
70,206,FALSE,5.04566,1.00089
70,207,FALSE,3.02609,1.13
70,208,FALSE,1.12248,1.09664
70,209,FALSE,3.0258,3.01338
70,210,FALSE,3.12131,3.01704
70,211,FALSE,3.02133,3.12281
70,212,FALSE,1.11725,1.05404
70,213,FALSE,3.1422,1.04424
70,216,FALSE,6.0604,1.11127
70,217,FALSE,4.08156,1.14
70,218,FALSE,5.07145,1.14288
70,219,FALSE,5.05471,3.03559
70,222,FALSE,3.08432,1.10508
70,225,FALSE,3.1139,4.00991
70,226,FALSE,5.04841,1.1161
70,227,FALSE,7.13949,4.06307
70,229,FALSE,4.03334,3.10486
70,230,FALSE,3.09343,3.07641
70,233,FALSE,5.13771,1.02542
70,234,FALSE,5.05113,3.02179
70,235,FALSE,5.1208,3.00654
70,236,FALSE,1.11407,1.11876
70,237,FALSE,1.09153,1.12682
70,242,FALSE,4.1191,1.03749
70,243,FALSE,1.0349,1.14341
70,251,FALSE,4.07917,4.08919
70,252,FALSE,3.11744,1.12903
70,253,FALSE,5.03809,1.04358
70,254,FALSE,1.14328,1.01151
70,255,FALSE,3.05433,1.00931
70,256,FALSE,5.14063,1.10227
70,257,FALSE,5.00957,1.00029
70,258,FALSE,3.02551,1.03424
70,259,FALSE,1.14179,3.08632
70,260,FALSE,1.12477,1.04019
70,262,FALSE,6.0701,1.00175
70,263,FALSE,1.14098,1.04056
70,264,FALSE,4.00446,1.09735
70,265,FALSE,1.14534,1.1429
70,270,FALSE,1.14192,3.03797
70,271,FALSE,3.11885,1.13797
70,272,FALSE,1.10944,1.12186
70,273,FALSE,1.11357,1.11897
70,274,FALSE,1.14682,1.05945
70,275,FALSE,1.14378,3.01107
70,280,FALSE,1.14126,1.00808
70,289,FALSE,4.03398,1.08124
70,290,FALSE,1.13929,1.06978
70,291,FALSE,1.13985,1.14451
70,292,FALSE,1.14689,1.05388
70,293,FALSE,6.07085,5.00685
70,294,FALSE,5.12229,5.03433
70,295,FALSE,6.13816,5.02633
70,296,FALSE,5.1224,5.03213
70,297,FALSE,5.13349,1.06249
70,298,FALSE,5.10172,1.0363
70,299,FALSE,4.12775,1.08924
70,300,FALSE,5.06684,1.03356
70,301,FALSE,3.12568,1.0569
70,302,FALSE,5.10287,1.04519
70,303,FALSE,3.09564,1.01514
70,308,FALSE,6.07036,1.01914
70,317,FALSE,3.05004,1.01233
70,318,FALSE,6.09052,1.1072
70,319,FALSE,5.12318,1.02624
70,320,FALSE,5.08917,1.02803
70,321,FALSE,4.06593,1.03372
70,322,FALSE,3.02785,1.07408
70,323,FALSE,3.05529,1.00906
70,324,FALSE,3.14657,1.00275
70,325,FALSE,5.13488,1.0515
70,326,FALSE,3.06818,1.03591
70,328,FALSE,5.03771,1.06479
70,329,FALSE,6.11781,2.10052
70,330,FALSE,5.14204,1.08515
70,331,FALSE,5.0087,1.0919
70,332,FALSE,5.10741,1.13778
70,333,FALSE,5.10856,3.11584
70,334,FALSE,1.13439,1.11637
70,335,FALSE,5.09724,1.11902
70,336,FALSE,5.04449,1.01961
70,337,FALSE,5.12732,1.08851
70,339,FALSE,5.12986,1.00676
70,340,TRUE,1.00109,1
70,341,TRUE,5.13889,1
70,342,FALSE,1.09781,6.0036
70,343,TRUE,1,1
70,346,FALSE,5.09594,1.0966
70,347,FALSE,6.12881,1.1394
70,348,FALSE,5.09869,1.08808
70,349,FALSE,5.11839,1.01638
70,350,FALSE,4.02717,1.14642
70,351,FALSE,5.06997,1.14131
70,352,FALSE,4.00162,1.13973
70,353,FALSE,7.08274,4.06679
70,354,FALSE,5.08397,4.13408
70,355,FALSE,3.11932,1.08842
70,357,FALSE,4.13655,1.07657
70,358,FALSE,3.10103,1.04392
70,359,FALSE,3.1005,1.12519
70,361,FALSE,5.09533,1.07611
70,363,FALSE,5.08186,5.09805
70,364,FALSE,5.09263,5.11505
70,365,FALSE,3.1078,1.12409
70,366,FALSE,1.12667,1.10476
70,367,FALSE,5.07353,5.07495
70,370,FALSE,3.11624,1.10063
70,371,FALSE,3.06211,1.14426
70,372,FALSE,6.0038,1.14277
70,373,FALSE,1.1392,1.12231
70,374,FALSE,7.11327,1.00702
70,375,FALSE,1.09557,1.02919
70,376,FALSE,1.05203,1.07153
70,377,FALSE,1.01034,1.07274
70,378,FALSE,3.11506,3.0104
70,379,FALSE,1.10368,3.04205
70,380,FALSE,3.0785,4.0066
70,381,FALSE,1.13259,1.07235
70,383,FALSE,5.11117,1.05234
70,384,FALSE,5.14568,1.13886
70,385,FALSE,5.13818,1.02292
70,386,FALSE,5.08675,1.03834
70,387,FALSE,4.06955,1.03014
70,388,FALSE,1.14253,1.05484
70,389,FALSE,2.0921,1.05115
70,390,FALSE,2.13867,1.04813
70,391,FALSE,3.07151,1.01001
70,394,FALSE,5.13762,1.03694
70,395,FALSE,1.10819,5.10059
70,396,FALSE,1.01256,5.11653
70,397,FALSE,1.12919,5.10078
70,398,FALSE,3.04046,5.12995
70,403,FALSE,4.08248,1.02844
70,404,FALSE,4.12402,5.14489
70,405,FALSE,1.11569,5.03594
70,406,FALSE,1,1.07038
70,407,FALSE,3.06127,4.13631
70,408,TRUE,1.07479,1
70,412,FALSE,6.14508,5.0001
70,413,FALSE,1.13735,5.0078
70,414,FALSE,6.09127,5.00222
70,415,FALSE,3.08318,5.02007
70,416,FALSE,5.12815,3.09574
70,417,FALSE,3.02596,1.14088
70,418,FALSE,5.04756,5.0989
70,419,FALSE,5.09416,3.11575
70,420,FALSE,3.01813,3.13938
70,421,FALSE,5.13242,3.13091
70,422,FALSE,5.08668,3.08635
70,423,FALSE,3.0185,1.11318
70,425,FALSE,1.10817,1.03844
70,426,FALSE,4.08471,1.08474
70,427,FALSE,1.14264,1.06759
70,428,FALSE,3.11201,3.10753
70,429,FALSE,3.08107,3.0663
71,1,FALSE,3.06037,1.01777
71,3,FALSE,1.03428,1.03701
71,5,FALSE,7.1008,1.07554
71,6,FALSE,3.05639,1.05956
71,7,FALSE,1,1.00194
71,9,FALSE,1.1199,1.02703
71,10,FALSE,1.05062,1.06346
71,11,FALSE,1,1.04007
71,13,FALSE,1.14565,1.07326
71,17,FALSE,4.09718,1.06516
71,18,FALSE,1.14102,1.02359
71,19,TRUE,3.00144,1
71,21,FALSE,3.07376,1.0982
71,22,FALSE,1.13912,1.14263
71,25,FALSE,4.07848,1.05447
71,29,FALSE,1.14361,1.02085
71,30,FALSE,1.14065,1.02221
71,69,FALSE,4.12735,1.0006
71,70,FALSE,3.06382,3.00387
71,71,FALSE,3.0204,1.11389
71,72,FALSE,3.13402,3.05028
71,73,FALSE,3.12221,3.00804
71,74,FALSE,3.02967,3.03037
71,75,FALSE,3.09321,4.00942
71,76,FALSE,3.0088,1.13821
71,77,FALSE,1.14018,3.0589
71,78,FALSE,3.00296,1.09656
71,79,FALSE,3.02273,1.1329
71,82,FALSE,4.14046,1.07966
71,83,FALSE,3.08231,1.01684
71,84,FALSE,1,3.1426
71,85,TRUE,1.00859,1
71,86,TRUE,4.04734,1
71,91,FALSE,1.14328,1.03215
71,92,FALSE,3.01191,1.11343
71,93,FALSE,3.02241,1.1152
71,95,FALSE,1.14508,1.10376
71,98,FALSE,5.10438,1.05667
71,99,FALSE,5.06898,2.04685
71,100,FALSE,6.03277,1.10149
71,101,FALSE,3.11677,1.04967
71,103,FALSE,5.12546,1.13038
71,104,FALSE,5.14737,1.08277
71,106,FALSE,5.05897,1.10398
71,107,FALSE,6.04806,1.00261
71,109,FALSE,4.04887,1.11749
71,110,FALSE,3.13343,1.1067
71,111,FALSE,3.07024,1.03975
71,112,FALSE,2.06466,1.00696
71,113,FALSE,3.10457,1.09635
71,114,FALSE,1.13967,1.01955
71,115,FALSE,1.12911,1.12351
71,116,FALSE,3.08294,1.03144
71,117,FALSE,1.14239,1.02367
71,118,FALSE,3.06696,1.07697
71,120,FALSE,4.10852,1.00872
71,121,FALSE,1.14632,1.00059
71,122,FALSE,1.1405,1.0049
71,123,FALSE,1.07497,1.0011
71,124,FALSE,7.14707,1.0189
71,125,FALSE,4.11107,5.02907
71,126,FALSE,5.12347,5.10479
71,127,FALSE,4.14,1.03644
71,128,FALSE,5.14195,1.00486
71,129,FALSE,5.02465,1.12731
71,130,FALSE,5.12683,5.14649
71,131,FALSE,1.1474,1.00912
71,133,FALSE,1.136,1.00359
71,134,FALSE,1.13471,1.00328
71,135,FALSE,1.1414,1.04848
71,136,FALSE,1.13646,1.01401
71,137,TRUE,1.14296,1
71,139,FALSE,1.13036,1.02865
71,140,FALSE,1.11554,1.06965
71,141,FALSE,1.13843,1.09035
71,142,FALSE,1.02079,1.05554
71,143,FALSE,1.1469,1.0045
71,144,FALSE,1.1444,1.12329
71,145,TRUE,5.00137,1
71,146,TRUE,1,1
71,147,FALSE,1,1.13734
71,148,TRUE,1,1
71,149,TRUE,3.05647,1
71,150,FALSE,1,5.12532
71,151,TRUE,1.05528,1
71,153,FALSE,1.13362,1.11586
71,154,FALSE,5.12756,1.10602
71,155,FALSE,7.02134,1.02475
71,156,FALSE,1.10594,1.10551
71,157,FALSE,1.13663,1.01073
71,158,FALSE,3.11785,1.03871
71,159,FALSE,3.13048,1.02188
71,160,FALSE,3.04468,1.06778
71,161,FALSE,3.04821,1.07962
71,162,FALSE,4.09807,4.1186
71,164,FALSE,7.0391,1.03036
71,165,FALSE,1.12801,5.00128
71,166,FALSE,5.06265,5.11649
71,167,FALSE,1.04475,1.1154
71,168,FALSE,1,5.09248
71,169,FALSE,5.08946,5.1106
71,173,FALSE,4.07378,1.08288
71,175,FALSE,1.04215,1.04428
71,176,FALSE,1.13096,1.09686
71,177,FALSE,5.12423,1.12997
71,178,FALSE,6.09341,4.00298
71,179,FALSE,5.12819,1.1442
71,180,FALSE,5.13882,2.09142
71,181,FALSE,5.08668,3.09526
71,182,FALSE,5.10795,1.12844
71,183,FALSE,5.06482,1.11342
71,184,FALSE,7.10337,1.12229
71,185,FALSE,5.02478,1.14042
71,186,FALSE,7.05959,1.12156
71,188,FALSE,5.128,1.00425
71,189,FALSE,6.05833,4.10589
71,190,FALSE,3.04982,1.13674
71,191,FALSE,5.09025,1.09723
71,192,FALSE,5.10244,1.08659
71,193,FALSE,5.0254,6.0918
71,194,FALSE,5.03332,1.13751
71,195,FALSE,3.14321,1.12362
71,197,FALSE,5.07566,1.00471
71,198,FALSE,5.07898,1.08438
71,199,FALSE,3.10295,3.05366
71,200,FALSE,1.12895,1.10844
71,201,FALSE,5.00171,1.05159
71,202,FALSE,7.09317,7.06622
71,203,FALSE,5.11056,4.11808
71,204,FALSE,5.13984,1.14121
71,206,FALSE,5.13621,1.00043
71,207,FALSE,3.06777,1.1341
71,208,FALSE,1.12525,1.10885
71,209,FALSE,3.13009,3.00259
71,210,FALSE,3.0818,3.07815
71,211,FALSE,3.10162,3.11123
71,212,FALSE,1.13073,1.0452
71,213,FALSE,3.01331,1.08736
71,216,FALSE,6.0244,1.11103
71,217,FALSE,4.11957,1.13803
71,218,FALSE,5.05792,1.10164
71,219,FALSE,5.0058,1.12566
71,222,FALSE,3.03051,1.12103
71,225,FALSE,3.14451,4.06129
71,226,FALSE,5.03404,1.08455
71,227,FALSE,7.03025,4.05591
71,229,FALSE,4.10038,3.12767
71,230,FALSE,3.08192,3.08398
71,233,FALSE,5.14644,1.00844
71,234,FALSE,5.1043,3.08763
71,235,FALSE,3.03143,3.03315
71,236,FALSE,1.10318,1.10982
71,237,FALSE,1.14669,1.09994
71,242,FALSE,4.0791,1.01014
71,243,FALSE,1.11255,1.11805
71,251,FALSE,4.11394,4.12638
71,252,FALSE,3.12783,1.1258
71,253,FALSE,5.0274,1.00422
71,254,FALSE,1.00849,1.00189
71,255,FALSE,3.12402,1.08086
71,256,FALSE,5.00705,1.02226
71,257,FALSE,5.11856,1.02606
71,258,FALSE,3.04465,1.13563
71,259,FALSE,1.1347,3.05002
71,260,FALSE,1.11491,1.0158
71,262,FALSE,6.04322,1.00028
71,263,FALSE,1.11028,1.00154
71,264,FALSE,4.02147,1.11848
71,265,FALSE,1.1134,1.10904
71,270,FALSE,1.14711,3.04234
71,271,FALSE,3.13151,1.12502
71,272,FALSE,1.12778,1.14284
71,273,FALSE,1.14694,1.12793
71,274,FALSE,1.08407,1.04902
71,275,FALSE,1.14358,3.07287
71,280,FALSE,1.08581,1.00494
71,289,FALSE,4.05909,1.08203
71,290,FALSE,1.14245,1.12948
71,291,FALSE,1.14531,1.1456
71,292,FALSE,1.1322,1.07507
71,293,FALSE,6.05653,5.01594
71,294,FALSE,5.12317,5.00542
71,295,FALSE,6.06532,5.01322
71,296,FALSE,1.13337,5.00079
71,297,FALSE,5.06189,1.04013
71,298,FALSE,5.12443,1.01715
71,299,FALSE,4.08732,1.09541
71,300,FALSE,5.06353,1.00345
71,301,FALSE,3.12918,1.01398
71,302,FALSE,5.09066,1.09987
71,303,FALSE,3.06196,1.04424
71,308,FALSE,6.08099,1.00758
71,317,FALSE,5.03213,1.01608
71,318,FALSE,6.06101,1.10294
71,319,FALSE,5.12414,1.0383
71,320,FALSE,5.07006,1.01022
71,321,FALSE,4.07913,1.07666
71,322,FALSE,3.13249,1.03029
71,323,FALSE,3.08517,1.02102
71,324,FALSE,3.13262,1.03603
71,325,FALSE,5.11452,1.04507
71,326,FALSE,3.02362,1.07345
71,328,FALSE,5.09595,1.08076
71,329,FALSE,6.05282,1.13938
71,330,FALSE,5.1396,1.13175
71,331,FALSE,5.02309,1.04677
71,332,FALSE,5.06046,1.13194
71,333,FALSE,5.13346,3.1308
71,334,FALSE,1.10236,1.1245
71,335,FALSE,5.0678,1.09164
71,336,FALSE,5.10437,1.01045
71,337,FALSE,5.09022,1.05091
71,339,FALSE,5.12133,1.03063
71,340,TRUE,1.04025,1
71,341,TRUE,5.08392,1
71,342,FALSE,1.06538,6.09756
71,343,TRUE,1,1
71,346,FALSE,5.00116,1.11098
71,347,FALSE,6.05473,1.13283
71,348,FALSE,5.07646,1.09641
71,349,FALSE,5.11898,1.00985
71,350,FALSE,4.02244,1.12564
71,351,FALSE,5.07665,1.14452
71,352,FALSE,4.02773,1.05964
71,353,FALSE,7.05294,4.05321
71,354,FALSE,5.14474,4.0813
71,355,FALSE,3.08376,1.04279
71,357,FALSE,4.07466,1.05872
71,358,FALSE,3.0107,1.04545
71,359,FALSE,3.06986,1.13524
71,361,FALSE,5.11723,1.0878
71,363,FALSE,5.09932,5.1181
71,364,FALSE,5.08983,5.09995
71,365,FALSE,3.1419,1.03076
71,366,FALSE,1.1228,1.13068
71,367,FALSE,5.09172,5.011
71,370,FALSE,3.12627,1.09728
71,371,FALSE,4.10348,1.14628
71,372,FALSE,6.07044,1.14691
71,373,FALSE,1.14088,1.14248
71,374,FALSE,7.13806,1.00527
71,375,FALSE,3.04736,1.14425
71,376,FALSE,1.14126,1.00671
71,377,FALSE,1.13729,1.0206
71,378,FALSE,3.06537,3.07193
71,379,FALSE,1.14714,3.10681
71,380,FALSE,3.11899,4.04976
71,381,FALSE,1.14022,1.08141
71,383,FALSE,5.13644,1.07308
71,384,FALSE,5.142,1.14421
71,385,FALSE,5.13598,1.01705
71,386,FALSE,5.09189,1.01172
71,387,FALSE,4.03593,1.01582
71,388,FALSE,1.13894,1.01281
71,389,FALSE,2.08979,1.06233
71,390,FALSE,5.14697,1.01195
71,391,FALSE,3.10306,1.06806
71,394,FALSE,5.10078,1.00256
71,395,FALSE,1.0858,5.04876
71,396,FALSE,1.07072,5.09774
71,397,FALSE,1.12303,5.14573
71,398,FALSE,3.00896,5.09042
71,403,FALSE,4.08019,1.05902
71,404,FALSE,4.10288,5.0132
71,405,FALSE,1.02874,5.12264
71,406,FALSE,1,1.00237
71,407,FALSE,3.03039,4.12457
71,408,TRUE,1.04288,1
71,412,FALSE,6.14601,5.00083
71,413,FALSE,1.14207,5.0097
71,414,FALSE,6.1292,5.02521
71,415,FALSE,3.09507,5.00496
71,416,FALSE,3.01287,3.14106
71,417,FALSE,3.13334,1.1443
71,418,FALSE,5.07183,5.0778
71,419,FALSE,5.12227,3.09053
71,420,FALSE,3.05285,3.11791
71,421,FALSE,5.04603,3.0715
71,422,FALSE,3.07649,3.13319
71,423,FALSE,3.11853,1.12035
71,425,FALSE,7.06121,1.03734
71,426,FALSE,4.07312,1.08634
71,427,FALSE,1.139,1.08802
71,428,FALSE,3.07095,3.07812
71,429,FALSE,3.07805,3.02781
72,1,FALSE,3.054,1.10211
72,3,FALSE,1.0352,1.09219
72,5,FALSE,7.00389,1.05987
72,6,FALSE,3.01827,1.11625
72,7,FALSE,1,1.04954
72,9,FALSE,1.14407,1.04506
72,10,FALSE,1.1218,1.10865
72,11,FALSE,1,1.09385
72,13,FALSE,1.14284,1.05192
72,17,FALSE,3.06298,1.04576
72,18,FALSE,1.06509,1.05668
72,19,TRUE,3.13014,1
72,21,FALSE,4.10081,1.09627
72,22,FALSE,1.13879,1.13594
72,25,FALSE,4.00717,1.03535
72,29,FALSE,1.14576,1.00968
72,30,FALSE,1.12633,1.12401
72,69,FALSE,4.02141,1.01294
72,70,FALSE,3.02375,3.03406
72,71,FALSE,3.01642,1.0781
72,72,FALSE,3.13279,3.04235
72,73,FALSE,3.03664,3.04528
72,74,FALSE,7.10398,3.04262
72,75,FALSE,3.11518,4.0233
72,76,FALSE,1.1325,1.12396
72,77,FALSE,1.13612,3.01834
72,78,FALSE,3.0672,1.10743
72,79,FALSE,3.06135,1.09764
72,82,FALSE,4.13899,1.09599
72,83,FALSE,3.03234,1.0105
72,84,FALSE,1,3.13099
72,85,FALSE,1,1.12436
72,86,TRUE,4.02255,1
72,91,FALSE,1.13939,1.04666
72,92,FALSE,1.14582,1.09656
72,93,FALSE,3.13168,1.12934
72,95,FALSE,1.14541,1.02195
72,98,FALSE,5.07926,1.12718
72,99,FALSE,5.04201,2.03404
72,100,FALSE,6.11126,1.12893
72,101,FALSE,3.09458,1.06896
72,103,FALSE,5.08093,1.12336
72,104,FALSE,5.1154,1.12724
72,106,FALSE,5.14558,1.13054
72,107,FALSE,6.04335,1.00251
72,109,FALSE,4.05679,1.10717
72,110,FALSE,3.10225,1.12513
72,111,FALSE,3.07206,1.01847
72,112,FALSE,2.12651,1.01514
72,113,FALSE,3.10068,1.08971
72,114,FALSE,1.11463,1.00003
72,115,FALSE,1.13531,1.06579
72,116,FALSE,3.09839,1.0008
72,117,FALSE,1.14107,1.0644
72,118,FALSE,3.06191,1.01097
72,120,FALSE,4.11765,1.00002
72,121,FALSE,1.14445,1.00973
72,122,FALSE,1.14453,1.02093
72,123,FALSE,1.12884,1.00038
72,124,FALSE,7.02651,1.00392
72,125,FALSE,4.09202,5.06586
72,126,FALSE,5.01041,5.03725
72,127,FALSE,4.14324,1.11098
72,128,FALSE,5.0843,1.00122
72,129,FALSE,5.12461,1.11601
72,130,FALSE,5.11908,5.13726
72,131,FALSE,1.12831,1.07686
72,133,FALSE,1.14281,1.00001
72,134,FALSE,1.11016,1.00085
72,135,FALSE,1.12479,1.01774
72,136,FALSE,1.05449,1.05206
72,137,FALSE,1.01923,1.03651
72,139,FALSE,1.03324,1.03718
72,140,FALSE,1.12602,1.03709
72,141,FALSE,1.13444,1.07824
72,142,FALSE,1.08639,1.11769
72,143,FALSE,1.13042,1.01216
72,144,FALSE,1.11069,1.12287
72,145,TRUE,5.08697,1
72,146,TRUE,1,1
72,147,FALSE,1,1.06923
72,148,TRUE,1,1
72,149,TRUE,3.00589,1
72,150,FALSE,1,5.01517
72,151,TRUE,1.10832,1
72,153,FALSE,1.13451,1.1379
72,154,FALSE,5.13587,1.08619
72,155,FALSE,7.04682,1.01437
72,156,FALSE,1.13729,1.09274
72,157,FALSE,1.12599,1.00969
72,158,FALSE,3.04749,1.017
72,159,FALSE,3.13049,1.07503
72,160,FALSE,3.06132,1.07631
72,161,FALSE,3.12613,1.01869
72,162,FALSE,4.05035,4.08442
72,164,FALSE,7.1041,1.0089
72,165,FALSE,1.04351,5.05406
72,166,FALSE,5.07924,5.12245
72,167,FALSE,1.04913,1.0821
72,168,FALSE,1,5.04096
72,169,FALSE,5.00621,5.11507
72,173,FALSE,4.12203,1.09048
72,175,FALSE,1.06795,1.07251
72,176,FALSE,1.05605,1.06017
72,177,FALSE,5.14451,1.12024
72,178,FALSE,6.08282,4.04766
72,179,FALSE,5.09616,1.13878
72,180,FALSE,5.06244,2.086
72,181,FALSE,5.12177,3.0535
72,182,FALSE,5.0028,1.13034
72,183,FALSE,5.13051,1.14644
72,184,FALSE,7.04176,1.12005
72,185,FALSE,5.10148,1.1422
72,186,FALSE,7.09918,1.11023
72,188,FALSE,5.14171,1.00824
72,189,FALSE,6.06895,4.14268
72,190,FALSE,3.11249,1.13489
72,191,FALSE,5.12592,1.08256
72,192,FALSE,5.1223,1.1311
72,193,FALSE,5.05596,6.06753
72,194,FALSE,5.1283,1.13203
72,195,FALSE,3.03496,1.12267
72,197,FALSE,5.09186,1.00439
72,198,FALSE,5.0048,1.12182
72,199,FALSE,5.09138,1.12899
72,200,FALSE,1.12079,1.12158
72,201,FALSE,1.14675,1.12812
72,202,FALSE,7.06056,7.06173
72,203,FALSE,5.12485,4.00551
72,204,FALSE,5.00641,1.07285
72,206,FALSE,5.04655,1.00474
72,207,FALSE,3.02183,1.11692
72,208,FALSE,1.13064,1.11833
72,209,FALSE,3.13896,3.01578
72,210,FALSE,3.11849,3.01542
72,211,FALSE,3.0258,3.10307
72,212,FALSE,1.1209,1.10908
72,213,FALSE,3.10766,1.07429
72,216,FALSE,6.01421,1.10825
72,217,FALSE,4.11487,1.14389
72,218,FALSE,5.08947,1.12874
72,219,FALSE,5.0315,1.14202
72,222,FALSE,3.07538,1.11144
72,225,FALSE,3.10373,4.07961
72,226,FALSE,5.08458,1.0922
72,227,FALSE,7.1112,4.07367
72,229,FALSE,4.1163,3.11568
72,230,FALSE,4.12636,3.03031
72,233,FALSE,5.14596,1.00353
72,234,FALSE,5.07709,3.06075
72,235,FALSE,5.1055,3.02131
72,236,FALSE,1.08934,1.06792
72,237,FALSE,1.11322,1.10807
72,242,FALSE,4.14668,1.01196
72,243,FALSE,1.12648,1.13656
72,251,FALSE,4.10347,4.10135
72,252,FALSE,3.05263,1.13373
72,253,FALSE,5.08982,1.01081
72,254,FALSE,1.13825,1.02259
72,255,FALSE,3.14125,1.03042
72,256,FALSE,5.06748,1.03588
72,257,FALSE,5.03098,1.07906
72,258,FALSE,3.05963,1.12337
72,259,FALSE,1.12537,3.05196
72,260,FALSE,1.07019,1.13058
72,262,FALSE,6.08251,1.00356
72,263,FALSE,1.13985,1.02708
72,264,FALSE,4.03984,1.12847
72,265,FALSE,1.14357,1.12845
72,270,FALSE,1.13493,3.04229
72,271,FALSE,3.03367,1.1321
72,272,FALSE,1.12681,1.13196
72,273,FALSE,1.14736,1.09592
72,274,FALSE,1.1389,1.08558
72,275,FALSE,1.12197,3.02864
72,280,FALSE,1.11828,1.05891
72,289,FALSE,3.08894,1.06655
72,290,FALSE,1.12429,1.08892
72,291,FALSE,1.1469,1.13079
72,292,FALSE,1.12553,1.06511
72,293,FALSE,5.14174,5.00899
72,294,FALSE,5.03807,5.02871
72,295,FALSE,6.09232,5.0283
72,296,FALSE,1.07253,5.00693
72,297,FALSE,5.12162,1.11714
72,298,FALSE,5.05859,1.02466
72,299,FALSE,4.02072,1.08323
72,300,FALSE,5.04599,1.02158
72,301,FALSE,3.08745,1.12793
72,302,FALSE,5.04021,1.06648
72,303,FALSE,3.13886,3.05234
72,308,FALSE,6.1095,1.00307
72,317,FALSE,5.09313,1.01997
72,318,FALSE,6.03536,1.10028
72,319,FALSE,5.07826,1.03046
72,320,FALSE,2.13828,1.03104
72,321,FALSE,4.07854,1.0765
72,322,FALSE,3.01661,1.05549
72,323,FALSE,3.14556,1.00195
72,324,FALSE,3.07373,1.0015
72,325,FALSE,5.11163,1.05515
72,326,FALSE,3.14408,1.01068
72,328,FALSE,5.07671,1.04411
72,329,FALSE,6.0591,1.13938
72,330,FALSE,5.12877,1.08388
72,331,FALSE,5.05694,1.08583
72,332,FALSE,5.08204,1.13375
72,333,FALSE,5.05399,3.03481
72,334,FALSE,1.12357,1.07498
72,335,FALSE,5.13646,1.11973
72,336,FALSE,5.08236,1.07736
72,337,FALSE,5.11025,1.06739
72,339,FALSE,5.09206,1.014
72,340,TRUE,1.13593,1
72,341,TRUE,5.00556,1
72,342,FALSE,1.11821,6.05885
72,343,TRUE,1,1
72,346,FALSE,3.12499,1.11214
72,347,FALSE,6.05476,1.10917
72,348,FALSE,5.04714,1.05758
72,349,FALSE,5.06624,1.00326
72,350,FALSE,4.06484,1.13502
72,351,FALSE,5.06187,1.09655
72,352,FALSE,4.0076,1.07739
72,353,FALSE,7.11183,4.06975
72,354,FALSE,5.07582,4.04116
72,355,FALSE,3.14095,1.0461
72,357,FALSE,4.14232,1.04209
72,358,FALSE,3.01149,1.07291
72,359,FALSE,3.12455,1.11983
72,361,FALSE,5.01894,1.07178
72,363,FALSE,5.10214,5.13583
72,364,FALSE,5.06926,5.06961
72,365,FALSE,3.00904,1.0336
72,366,FALSE,1.10504,1.10589
72,367,FALSE,5.10218,5.0378
72,370,FALSE,3.12864,1.10578
72,371,FALSE,3.07044,1.14601
72,372,FALSE,6.04166,1.14735
72,373,FALSE,1.14648,1.13274
72,374,FALSE,7.06372,1.00192
72,375,FALSE,3.06632,1.13214
72,376,FALSE,1.06858,1.06426
72,377,FALSE,1.14071,1.14115
72,378,FALSE,3.11742,3.14714
72,379,FALSE,1.10076,3.0642
72,380,FALSE,3.01717,4.02883
72,381,FALSE,1.13044,1.14265
72,383,FALSE,5.1312,1.01954
72,384,FALSE,5.13673,1.13755
72,385,FALSE,5.13983,1.01231
72,386,FALSE,5.08263,1.06092
72,387,FALSE,4.02024,1.01678
72,388,FALSE,1.11281,1.00781
72,389,FALSE,2.05977,1.06265
72,390,FALSE,2.05877,1.00213
72,391,FALSE,3.13532,1.02057
72,394,FALSE,5.12822,1.00534
72,395,FALSE,1.14464,5.13089
72,396,FALSE,1.05325,5.11708
72,397,FALSE,1.05028,5.04112
72,398,FALSE,3.09506,5.13914
72,403,FALSE,4.13078,1.02605
72,404,FALSE,4.10982,5.06837
72,405,FALSE,1.11906,5.11155
72,406,FALSE,1.08572,1.04181
72,407,FALSE,3.14144,4.02391
72,408,TRUE,1.12684,1
72,412,FALSE,6.07561,5.00054
72,413,FALSE,1.14472,5.00308
72,414,FALSE,6.08779,5.02281
72,415,FALSE,3.13735,5.01227
72,416,FALSE,3.04431,3.0811
72,417,FALSE,3.00721,1.13111
72,418,FALSE,5.04292,5.06162
72,419,FALSE,5.13308,3.05103
72,420,FALSE,3.05045,3.14022
72,421,FALSE,5.13485,3.14479
72,422,FALSE,3.00675,3.03045
72,423,FALSE,3.01563,1.10296
72,425,FALSE,7.08886,1.10658
72,426,FALSE,4.13276,1.0726
72,427,FALSE,1.1354,1.07425
72,428,FALSE,3.08026,3.10136
72,429,FALSE,3.09783,3.09078
73,1,FALSE,3.03746,1.07374
73,3,FALSE,1.06073,1.06228
73,5,FALSE,7.11362,1.04138
73,6,FALSE,3.10301,1.06419
73,7,FALSE,1,1.00639
73,9,FALSE,1.06998,1.05392
73,10,FALSE,1.08371,1.03321
73,11,FALSE,1,1.0133
73,13,FALSE,1.11484,1.11502
73,17,FALSE,3.06288,1.02147
73,18,FALSE,1.08537,1.04217
73,19,TRUE,3.10413,1
73,21,FALSE,3.09538,1.09373
73,22,FALSE,1.13551,1.13265
73,25,FALSE,4.02731,1.05472
73,29,FALSE,1.1245,1.00224
73,30,FALSE,1.13756,1.06296
73,69,FALSE,4.1041,1.00721
73,70,FALSE,3.018,3.03827
73,71,FALSE,3.0167,1.08914
73,72,FALSE,3.11537,3.1294
73,73,FALSE,3.08882,3.02111
73,74,FALSE,7.009,3.03885
73,75,FALSE,3.1269,4.03217
73,76,FALSE,1.13556,1.13725
73,77,FALSE,1.14027,3.09228
73,78,FALSE,4.09012,1.09678
73,79,FALSE,1.12732,1.11457
73,82,FALSE,4.13113,1.07462
73,83,FALSE,3.06713,1.05485
73,84,FALSE,1,3.05302
73,85,TRUE,1.11602,1
73,86,TRUE,4.09145,1
73,91,FALSE,1.14473,1.03275
73,92,FALSE,1.14083,1.11037
73,93,FALSE,3.0138,1.11611
73,95,FALSE,1.13894,1.01587
73,98,FALSE,5.04506,1.0393
73,99,FALSE,5.12498,2.01039
73,100,FALSE,6.14296,1.06323
73,101,FALSE,3.11399,1.00988
73,103,FALSE,5.06326,1.13255
73,104,FALSE,5.11331,1.08992
73,106,FALSE,5.04396,1.10781
73,107,FALSE,6.13811,1.02081
73,109,FALSE,4.0142,1.12535
73,110,FALSE,3.06942,1.10721
73,111,FALSE,3.07541,1.00511
73,112,FALSE,2.11116,1.00393
73,113,FALSE,3.08189,1.03508
73,114,FALSE,1.14692,1.00339
73,115,FALSE,1.11284,1.06652
73,116,FALSE,3.04944,1.00317
73,117,FALSE,1.119,1.05634
73,118,FALSE,3.14601,1.04107
73,120,FALSE,4.12734,1.00238
73,121,FALSE,1.14443,1.01547
73,122,FALSE,1.14224,1.00585
73,123,FALSE,1.12249,1.00236
73,124,FALSE,7.12451,1.0875
73,125,FALSE,4.09301,5.02451
73,126,FALSE,5.03901,5.06875
73,127,FALSE,4.0829,1.07794
73,128,FALSE,5.13762,1.03627
73,129,FALSE,5.11031,1.14602
73,130,FALSE,5.14326,5.14717
73,131,FALSE,1.12397,1.09813
73,133,FALSE,1.14094,1.01991
73,134,FALSE,1.12329,1.0003
73,135,FALSE,1.13138,1.05878
73,136,FALSE,1.12832,1.1127
73,137,FALSE,1.07049,1.07145
73,139,FALSE,1.14533,1.02622
73,140,FALSE,1.07432,1.07288
73,141,FALSE,1.0674,1.01887
73,142,FALSE,1.05696,1.03719
73,143,FALSE,1.14321,1.02185
73,144,FALSE,1.09506,1.06665
73,145,TRUE,5.09869,1
73,146,TRUE,1,1
73,147,FALSE,1,1.11593
73,148,TRUE,1,1
73,149,TRUE,3.02717,1
73,150,FALSE,1,5.13441
73,151,FALSE,1,1.04923
73,153,FALSE,1.14536,1.13468
73,154,FALSE,5.00799,1.10069
73,155,FALSE,7.02413,1.0199
73,156,FALSE,1.14169,1.06177
73,157,FALSE,1.10305,1.01459
73,158,FALSE,3.06138,1.00328
73,159,FALSE,3.01897,1.00626
73,160,FALSE,3.08408,1.05689
73,161,FALSE,3.05144,1.0935
73,162,FALSE,4.06562,4.09778
73,164,FALSE,7.12556,1.06348
73,165,FALSE,1.11815,5.06398
73,166,FALSE,5.03022,5.13499
73,167,FALSE,1.11519,1.13282
73,168,FALSE,1,5.08318
73,169,FALSE,5.1328,5.13318
73,173,FALSE,4.13329,1.09329
73,175,FALSE,1.12165,1.06568
73,176,FALSE,1.12059,1.06069
73,177,FALSE,5.12394,1.11235
73,178,FALSE,5.13376,4.00752
73,179,FALSE,5.132,1.13855
73,180,FALSE,5.09403,2.14683
73,181,FALSE,5.05525,3.06758
73,182,FALSE,5.00323,1.1373
73,183,FALSE,5.1301,1.12782
73,184,FALSE,7.1046,1.11369
73,185,FALSE,5.1315,1.13609
73,186,FALSE,7.1227,1.11808
73,188,FALSE,7.01209,1.00175
73,189,FALSE,6.12258,4.14702
73,190,FALSE,3.12452,1.13874
73,191,FALSE,5.12896,1.11168
73,192,FALSE,5.09049,1.12852
73,193,FALSE,5.10157,6.14486
73,194,FALSE,5.12874,1.14308
73,195,FALSE,3.00035,1.13578
73,197,FALSE,5.12322,1.0108
73,198,FALSE,5.01276,1.10136
73,199,FALSE,4.1329,3.04458
73,200,FALSE,1.13962,1.1402
73,201,FALSE,1.13428,1.11941
73,202,FALSE,7.13882,7.04386
73,203,FALSE,5.14652,1.11755
73,204,FALSE,5.03263,1.08026
73,206,FALSE,5.0387,1.0043
73,207,FALSE,3.00091,1.13395
73,208,FALSE,1.13517,1.04096
73,209,FALSE,3.12867,3.02929
73,210,FALSE,3.12718,3.07127
73,211,FALSE,3.00386,3.12454
73,212,FALSE,1.1309,1.08809
73,213,FALSE,3.10915,1.09519
73,216,FALSE,6.02939,1.12364
73,217,FALSE,4.08214,1.13708
73,218,FALSE,5.13512,1.12433
73,219,FALSE,5.00962,1.11244
73,222,FALSE,3.08853,1.11436
73,225,FALSE,3.14465,4.00591
73,226,FALSE,5.00122,1.11261
73,227,FALSE,7.05236,4.01178
73,229,FALSE,4.00559,3.10712
73,230,FALSE,3.11472,3.02495
73,233,FALSE,5.12071,1.06746
73,234,FALSE,5.00178,3.04158
73,235,FALSE,5.02657,3.05743
73,236,FALSE,1.1039,1.11385
73,237,FALSE,1.13415,1.07406
73,242,FALSE,4.07903,1.01012
73,243,FALSE,1.0966,1.09358
73,251,FALSE,4.10914,4.10568
73,252,FALSE,3.13726,1.14616
73,253,FALSE,5.07377,1.00734
73,254,FALSE,1.12797,1.00792
73,255,FALSE,3.0558,1.08276
73,256,FALSE,5.01535,1.01157
73,257,FALSE,5.01385,1.05491
73,258,FALSE,3.04526,1.09672
73,259,FALSE,1.09197,3.11195
73,260,FALSE,1.06482,1.07995
73,262,FALSE,6.06076,1.00132
73,263,FALSE,1.14522,1.033
73,264,FALSE,4.14627,1.10558
73,265,FALSE,1.11513,1.14491
73,270,FALSE,1.14033,3.01933
73,271,FALSE,3.13259,1.13739
73,272,FALSE,1.14433,1.08978
73,273,FALSE,1.09826,1.09912
73,274,FALSE,1.134,1.13635
73,275,FALSE,1.13483,3.06129
73,280,FALSE,1.13164,1.00873
73,289,FALSE,4.02654,1.06159
73,290,FALSE,1.14532,1.10637
73,291,FALSE,1.13853,1.11812
73,292,FALSE,1.14429,1.07135
73,293,FALSE,5.11952,5.01422
73,294,FALSE,5.01351,5.00335
73,295,FALSE,6.01381,5.00598
73,296,FALSE,1.05803,5.00927
73,297,FALSE,5.12147,1.12479
73,298,FALSE,5.13919,1.02359
73,299,FALSE,4.07209,1.07444
73,300,FALSE,5.10299,1.02367
73,301,FALSE,3.08496,1.00111
73,302,FALSE,5.10569,1.07587
73,303,FALSE,3.12085,1.14535
73,308,FALSE,6.10025,1.004
73,317,FALSE,3.10355,1.03039
73,318,FALSE,6.11334,1.10174
73,319,FALSE,5.09804,1.05781
73,320,FALSE,2.05255,1.09653
73,321,FALSE,4.07298,1.00258
73,322,FALSE,3.09246,1.00727
73,323,FALSE,3.02753,1.02383
73,324,FALSE,3.06301,1.04277
73,325,FALSE,5.0371,1.05538
73,326,FALSE,3.03771,1.02049
73,328,FALSE,5.11647,1.07347
73,329,FALSE,6.06487,1.14527
73,330,FALSE,5.1433,1.11123
73,331,FALSE,3.14133,1.01819
73,332,FALSE,5.12729,1.14466
73,333,FALSE,5.0186,3.08287
73,334,FALSE,1.10947,1.13268
73,335,FALSE,5.11227,1.09827
73,336,FALSE,5.11226,1.11347
73,337,FALSE,5.08852,1.11636
73,339,FALSE,5.14216,1.01661
73,340,TRUE,1.00097,1
73,341,TRUE,5.11498,1
73,342,FALSE,1.03482,6.04724
73,343,TRUE,1,1
73,346,FALSE,5.12345,1.09167
73,347,FALSE,6.01627,1.12878
73,348,FALSE,5.07357,1.09401
73,349,FALSE,5.03701,1.04352
73,350,FALSE,4.01836,1.14681
73,351,FALSE,5.11256,1.14178
73,352,FALSE,4.03013,1.09027
73,353,FALSE,7.09354,4.07314
73,354,FALSE,5.10918,4.09553
73,355,FALSE,3.14195,1.07236
73,357,FALSE,4.11908,1.05965
73,358,FALSE,3.12089,1.04838
73,359,FALSE,3.0447,1.12678
73,361,FALSE,5.07483,1.0915
73,363,FALSE,5.10139,5.11583
73,364,FALSE,5.12474,5.13455
73,365,FALSE,3.02296,1.13482
73,366,FALSE,1.12404,1.12568
73,367,FALSE,5.06308,5.07384
73,370,FALSE,3.14482,1.10059
73,371,FALSE,3.0269,1.14458
73,372,FALSE,6.00289,1.14686
73,373,FALSE,1.11313,1.09367
73,374,FALSE,7.11174,1.02874
73,375,FALSE,1.13721,1.01286
73,376,FALSE,1.10543,1.02137
73,377,FALSE,1.02192,1.13548
73,378,FALSE,3.1265,3.13497
73,379,FALSE,1.13058,3.09315
73,380,FALSE,3.11131,4.06668
73,381,FALSE,1.13308,1.06035
73,383,FALSE,5.04886,1.03646
73,384,FALSE,5.11349,1.13324
73,385,FALSE,5.14019,1.00749
73,386,FALSE,5.07951,1.03364
73,387,FALSE,4.06352,1.0222
73,388,FALSE,1.14389,1.00374
73,389,FALSE,2.03686,1.03461
73,390,FALSE,5.11727,1.01469
73,391,FALSE,3.04501,1.02234
73,394,FALSE,5.10625,1.00833
73,395,FALSE,1.14575,5.01053
73,396,FALSE,1.00969,5.14639
73,397,FALSE,1.09482,5.10874
73,398,FALSE,3.05725,5.00724
73,403,FALSE,4.05975,1.09327
73,404,FALSE,4.02526,5.1106
73,405,FALSE,1.07926,5.13218
73,406,FALSE,1,1.04035
73,407,FALSE,3.01901,4.13877
73,408,TRUE,1.11824,1
73,412,FALSE,6.063,5.00194
73,413,FALSE,5.13571,5.00012
73,414,FALSE,6.08591,5.00703
73,415,FALSE,3.0813,5.00837
73,416,FALSE,3.02954,3.09338
73,417,FALSE,3.12484,1.14
73,418,FALSE,5.02117,5.10353
73,419,FALSE,5.07476,3.1093
73,420,FALSE,3.04512,3.06428
73,421,FALSE,5.1469,3.10852
73,422,FALSE,5.02016,3.04298
73,423,FALSE,3.05886,1.11545
73,425,FALSE,1.09636,1.056
73,426,FALSE,4.10107,1.08117
73,427,FALSE,1.14524,1.13296
73,428,FALSE,3.02807,3.03157
73,429,FALSE,3.03859,3.01224
74,1,FALSE,3.03406,1.10768
74,3,FALSE,1.00495,1.04029
74,5,FALSE,7.10934,1.01902
74,6,FALSE,3.00272,1.02678
74,7,FALSE,1,1.03551
74,9,FALSE,1.12439,1.0113
74,10,FALSE,1.1009,1.02054
74,11,FALSE,1,1.0502
74,13,FALSE,1.11921,1.10301
74,17,FALSE,4.01426,1.04725
74,18,FALSE,1.05436,1.03788
74,19,TRUE,3.02639,1
74,21,FALSE,4.05739,1.07911
74,22,FALSE,1.13771,1.13276
74,25,FALSE,4.04906,1.016
74,29,FALSE,1.13683,1.01469
74,30,FALSE,1.13449,1.07545
74,69,FALSE,4.12605,1.00117
74,70,FALSE,3.07294,3.02743
74,71,FALSE,3.03186,1.04354
74,72,FALSE,3.10691,3.07193
74,73,FALSE,3.02498,3.02962
74,74,FALSE,3.03839,3.05437
74,75,FALSE,3.08903,4.06587
74,76,FALSE,3.08951,1.13929
74,77,FALSE,1.14399,3.00615
74,78,FALSE,4.03583,1.09401
74,79,FALSE,3.11003,1.10966
74,82,FALSE,4.12424,1.00783
74,83,FALSE,3.0075,1.00725
74,84,FALSE,1,3.1188
74,85,FALSE,1,1.11232
74,86,TRUE,4.07894,1
74,91,FALSE,1.12925,1.0466
74,92,FALSE,3.04851,1.10855
74,93,FALSE,3.10518,1.13461
74,95,FALSE,1.135,1.04898
74,98,FALSE,5.14075,1.0832
74,99,FALSE,5.09841,2.04873
74,100,FALSE,6.14277,1.10852
74,101,FALSE,3.12951,1.02691
74,103,FALSE,5.03902,1.14257
74,104,FALSE,5.00253,1.11462
74,106,FALSE,5.05786,1.13635
74,107,FALSE,6.06049,1.01689
74,109,FALSE,4.09759,1.13325
74,110,FALSE,3.04832,1.11527
74,111,FALSE,3.12175,1.03906
74,112,FALSE,2.07214,1.0422
74,113,FALSE,3.098,1.04499
74,114,FALSE,1.13366,1.04033
74,115,FALSE,1.13693,1.07658
74,116,FALSE,3.07796,1.0416
74,117,FALSE,1.14515,1.09447
74,118,FALSE,3.13747,1.09464
74,120,FALSE,4.13101,1.00233
74,121,FALSE,1.11774,1.00408
74,122,FALSE,1.1447,1.00388
74,123,FALSE,1.13471,1.00778
74,124,FALSE,7.0241,1.03193
74,125,FALSE,4.14404,5.00826
74,126,FALSE,5.09778,5.11915
74,127,FALSE,4.12245,1.08766
74,128,FALSE,5.10838,1.0088
74,129,FALSE,5.00466,1.08093
74,130,FALSE,5.12318,5.13936
74,131,FALSE,1.07325,1.12897
74,133,FALSE,1.14705,1.00007
74,134,FALSE,1.11306,1.00097
74,135,FALSE,1.0995,1.0023
74,136,FALSE,1.12843,1.02825
74,137,TRUE,1.06944,1
74,139,FALSE,1.13003,1.0106
74,140,FALSE,1.05698,1.0683
74,141,FALSE,1.03215,1.04896
74,142,FALSE,1.14624,1.00696
74,143,FALSE,1.14155,1.05126
74,144,FALSE,1.10678,1.03857
74,145,FALSE,1,5.00078
74,146,TRUE,1,1
74,147,FALSE,1,1.05247
74,148,TRUE,1,1
74,149,TRUE,3.13046,1
74,150,FALSE,1,5.12756
74,151,TRUE,1.10397,1
74,153,FALSE,1.14688,1.13891
74,154,FALSE,5.14495,1.09258
74,155,FALSE,7.06157,1.02279
74,156,FALSE,3.01824,1.07764
74,157,FALSE,1.10284,1.02256
74,158,FALSE,3.00546,1.0543
74,159,FALSE,3.0277,1.06414
74,160,FALSE,3.11919,1.06031
74,161,FALSE,3.09812,1.07323
74,162,FALSE,4.0805,4.0764
74,164,FALSE,7.07442,1.02369
74,165,FALSE,1.14353,5.12866
74,166,FALSE,5.06432,5.08166
74,167,FALSE,1.03746,1.13458
74,168,FALSE,1,5.10145
74,169,FALSE,5.10779,5.13063
74,173,FALSE,4.01004,1.08258
74,175,FALSE,1.05176,1.06609
74,176,FALSE,1.07798,1.13982
74,177,FALSE,5.06866,1.1248
74,178,FALSE,6.11937,4.02592
74,179,FALSE,5.10705,1.12537
74,180,FALSE,5.11759,2.05805
74,181,FALSE,5.11248,3.06653
74,182,FALSE,5.05451,1.12585
74,183,FALSE,5.04097,1.12776
74,184,FALSE,7.0659,1.09625
74,185,FALSE,5.06688,1.13135
74,186,FALSE,7.07819,1.13421
74,188,FALSE,5.13649,1.00349
74,189,FALSE,6.00767,4.10504
74,190,FALSE,3.14671,3.04575
74,191,FALSE,5.11373,1.10153
74,192,FALSE,5.11339,1.13862
74,193,FALSE,5.01319,6.09335
74,194,FALSE,5.14331,1.12323
74,195,FALSE,3.03199,1.14464
74,197,FALSE,5.13615,1.00077
74,198,FALSE,5.12007,1.1331
74,199,FALSE,4.04682,1.13398
74,200,FALSE,1.14308,1.13315
74,201,FALSE,5.04147,1.0872
74,202,FALSE,7.04156,7.05783
74,203,FALSE,5.09907,4.1442
74,204,FALSE,5.1326,1.00835
74,206,FALSE,5.00959,1.00144
74,207,FALSE,3.10631,1.09166
74,208,FALSE,1.12731,1.03775
74,209,FALSE,3.08467,3.00974
74,210,FALSE,3.14416,3.01289
74,211,FALSE,3.05201,3.09628
74,212,FALSE,1.14218,1.07461
74,213,FALSE,3.02297,1.06971
74,216,FALSE,6.05467,1.11626
74,217,FALSE,4.07083,1.13627
74,218,FALSE,5.13502,1.14191
74,219,FALSE,5.09897,1.14665
74,222,FALSE,3.06347,1.13481
74,225,FALSE,3.13052,4.00296
74,226,FALSE,5.12407,1.10383
74,227,FALSE,7.02589,4.02832
74,229,FALSE,4.08557,3.10737
74,230,FALSE,3.11182,3.04897
74,233,FALSE,5.13864,1.01796
74,234,FALSE,5.11546,3.01053
74,235,FALSE,3.0065,3.06872
74,236,FALSE,1.0838,1.13516
74,237,FALSE,1.05775,1.11645
74,242,FALSE,4.09657,1.01653
74,243,FALSE,1.06113,1.11001
74,251,FALSE,4.09836,4.09042
74,252,FALSE,3.10839,1.14455
74,253,FALSE,5.01511,1.04606
74,254,FALSE,1.02464,1.01115
74,255,FALSE,3.04599,1.01896
74,256,FALSE,5.02827,1.03934
74,257,FALSE,5.00933,1.03761
74,258,FALSE,3.00513,1.03939
74,259,FALSE,1.0893,1.09356
74,260,FALSE,1.1269,1.06691
74,262,FALSE,6.13976,1.00805
74,263,FALSE,1.1219,1.07725
74,264,FALSE,4.10987,1.09284
74,265,FALSE,1.14702,1.14245
74,270,FALSE,1.14088,3.0879
74,271,FALSE,3.11929,1.1414
74,272,FALSE,1.1381,1.11411
74,273,FALSE,1.14364,1.14273
74,274,FALSE,1.13396,1.08899
74,275,FALSE,1.13549,3.02402
74,280,FALSE,1.14304,1.00075
74,289,FALSE,4.12129,1.07038
74,290,FALSE,1.14704,1.12659
74,291,FALSE,1.13485,1.14306
74,292,FALSE,1.12161,1.08186
74,293,FALSE,6.0433,5.00331
74,294,FALSE,5.09374,5.01688
74,295,FALSE,6.1167,5.00034
74,296,FALSE,5.08035,5.01489
74,297,FALSE,5.10156,1.13054
74,298,FALSE,5.11385,1.04303
74,299,FALSE,4.00628,1.10299
74,300,FALSE,5.01212,1.0595
74,301,FALSE,3.10863,1.07733
74,302,FALSE,5.13339,1.01594
74,303,FALSE,3.05511,1.13804
74,308,FALSE,6.13381,1.0029
74,317,FALSE,5.05526,1.00878
74,318,FALSE,6.11895,1.08795
74,319,FALSE,5.14342,1.06149
74,320,FALSE,5.1427,1.01999
74,321,FALSE,4.09282,1.00425
74,322,FALSE,3.07585,1.06476
74,323,FALSE,3.09326,1.0157
74,324,FALSE,3.12809,1.03626
74,325,FALSE,5.01411,1.08772
74,326,FALSE,3.06463,1.00737
74,328,FALSE,5.13909,1.08277
74,329,FALSE,6.12492,1.13433
74,330,FALSE,5.13223,1.1275
74,331,FALSE,5.01538,1.05781
74,332,FALSE,5.14438,1.14105
74,333,FALSE,5.12396,3.10054
74,334,FALSE,1.12779,1.13264
74,335,FALSE,5.13399,1.11712
74,336,FALSE,5.08671,1.03137
74,337,FALSE,5.12958,1.07468
74,339,FALSE,5.0744,1.03099
74,340,TRUE,1.06681,1
74,341,TRUE,5.12438,1
74,342,FALSE,1.05562,6.11365
74,343,TRUE,1,1
74,346,FALSE,3.03793,1.10827
74,347,FALSE,6.00716,1.12757
74,348,FALSE,5.13567,1.11113
74,349,FALSE,5.01771,1.01016
74,350,FALSE,4.14252,3.0538
74,351,FALSE,5.05951,1.14117
74,352,FALSE,4.08986,1.11702
74,353,FALSE,7.00967,4.05375
74,354,FALSE,5.10851,4.02056
74,355,FALSE,3.14422,1.02807
74,357,FALSE,4.13497,1.06025
74,358,FALSE,3.10926,1.08292
74,359,FALSE,3.00177,1.11442
74,361,FALSE,5.10125,1.05169
74,363,FALSE,5.05083,5.0591
74,364,FALSE,5.07142,5.0753
74,365,FALSE,3.13687,1.08125
74,366,FALSE,1.14487,1.1334
74,367,FALSE,5.14103,5.07682
74,370,FALSE,3.11611,1.10529
74,371,FALSE,3.05872,1.14511
74,372,FALSE,6.09396,1.14286
74,373,FALSE,1.138,1.10935
74,374,FALSE,7.0658,1.00658
74,375,FALSE,1.00298,1.12871
74,376,FALSE,1.03463,1.10104
74,377,FALSE,1.10736,1.10261
74,378,FALSE,3.12192,3.06941
74,379,FALSE,1.08154,3.07736
74,380,FALSE,3.10461,4.00463
74,381,FALSE,1.1446,1.04246
74,383,FALSE,5.095,1.08599
74,384,FALSE,5.08452,1.14445
74,385,FALSE,5.10174,1.01615
74,386,FALSE,5.05721,1.01203
74,387,FALSE,4.0343,1.01507
74,388,FALSE,1.08108,1.02304
74,389,FALSE,2.11311,1.08344
74,390,FALSE,5.02839,1.02897
74,391,FALSE,3.11631,1.05125
74,394,FALSE,5.0752,1.00109
74,395,FALSE,1.08811,5.11769
74,396,FALSE,1.00142,5.10688
74,397,FALSE,1.07014,5.04308
74,398,FALSE,3.14259,5.10027
74,403,FALSE,4.06438,1.00398
74,404,FALSE,4.04726,5.04259
74,405,FALSE,1.07512,5.00897
74,406,FALSE,1.03402,1.03479
74,407,FALSE,3.10663,4.03049
74,408,TRUE,1.08718,1
74,412,FALSE,6.08507,5.00066
74,413,FALSE,5.13603,5.00583
74,414,FALSE,6.13705,5.02666
74,415,FALSE,3.06322,5.01427
74,416,FALSE,3.03417,3.0396
74,417,FALSE,3.03673,1.13582
74,418,FALSE,5.04313,5.04892
74,419,FALSE,3.07729,4.07271
74,420,FALSE,3.01437,3.08428
74,421,FALSE,5.0787,3.0619
74,422,FALSE,3.01904,3.02984
74,423,FALSE,3.04521,1.08012
74,425,FALSE,1.14565,1.03935
74,426,FALSE,4.08854,1.08917
74,427,FALSE,1.1461,1.1127
74,428,FALSE,3.02723,3.03254
74,429,FALSE,3.07088,3.13102
75,1,FALSE,3.02755,1.09876
75,3,FALSE,1.02864,1.07412
75,5,FALSE,7.01009,1.05351
75,6,FALSE,3.01236,1.03725
75,7,FALSE,1,1.01367
75,9,FALSE,1.10355,1.00857
75,10,FALSE,1.03555,1.00421
75,11,FALSE,1,1.044
75,13,FALSE,1.12821,1.11049
75,17,FALSE,4.05724,1.05972
75,18,FALSE,1.06258,1.07365
75,19,TRUE,3.07199,1
75,21,FALSE,4.04626,1.04932
75,22,FALSE,1.14278,1.1365
75,25,FALSE,1.13768,1.05168
75,29,FALSE,1.14683,1.00224
75,30,FALSE,1.13895,1.07155
75,69,FALSE,4.13081,1.00258
75,70,FALSE,3.09912,3.02318
75,71,FALSE,3.07525,1.10839
75,72,FALSE,3.12634,3.0096
75,73,FALSE,3.13955,3.03615
75,74,FALSE,3.02918,3.04312
75,75,FALSE,3.10233,4.09245
75,76,FALSE,1.14537,1.14692
75,77,FALSE,1.12331,3.03822
75,78,FALSE,3.01381,1.09514
75,79,FALSE,3.00982,1.12322
75,82,FALSE,4.11766,1.02179
75,83,FALSE,3.08171,1.00432
75,84,FALSE,1,3.01655
75,85,TRUE,1.06877,1
75,86,TRUE,4.05445,1
75,91,FALSE,1.14618,1.05994
75,92,FALSE,1.14738,1.1133
75,93,FALSE,3.0882,1.14161
75,95,FALSE,1.12551,1.05607
75,98,FALSE,5.06862,1.04577
75,99,FALSE,5.14046,2.02638
75,100,FALSE,6.02536,1.12721
75,101,FALSE,3.10858,1.0321
75,103,FALSE,5.11793,1.13644
75,104,FALSE,5.08138,1.10209
75,106,FALSE,5.13187,1.08682
75,107,FALSE,6.07883,1.01844
75,109,FALSE,4.09143,1.09423
75,110,FALSE,3.12822,1.10295
75,111,FALSE,3.12195,1.00635
75,112,FALSE,2.0233,1.03178
75,113,FALSE,3.08333,1.0481
75,114,FALSE,1.14313,1.01274
75,115,FALSE,1.1302,1.1157
75,116,FALSE,3.08162,1.00968
75,117,FALSE,1.14252,1.02584
75,118,FALSE,3.14308,1.01773
75,120,FALSE,4.0488,1.00688
75,121,FALSE,1.12747,1.00392
75,122,FALSE,1.13625,1.00036
75,123,FALSE,1.12377,1.00568
75,124,FALSE,7.10668,1.01625
75,125,FALSE,4.14581,5.03436
75,126,FALSE,5.02458,5.0347
75,127,FALSE,4.14112,1.01534
75,128,FALSE,5.04571,1.01311
75,129,FALSE,5.00159,1.13937
75,130,FALSE,5.07951,5.10838
75,131,FALSE,1.09308,1.12888
75,133,FALSE,1.14524,1.008
75,134,FALSE,1.09833,1.00611
75,135,FALSE,1.11787,1.02844
75,136,FALSE,1.11815,1.0082
75,137,FALSE,1.11973,1.1405
75,139,FALSE,1.05714,1.00855
75,140,FALSE,1.13821,1.00101
75,141,FALSE,1.0639,1.07429
75,142,FALSE,1.13016,1.03317
75,143,FALSE,1.14033,1.01129
75,144,FALSE,6.03326,1.09854
75,145,TRUE,5.00824,1
75,146,TRUE,1,1
75,147,FALSE,1,1.07513
75,148,TRUE,1,1
75,149,TRUE,3.08581,1
75,150,FALSE,1,5.13171
75,151,TRUE,1.02456,1
75,153,FALSE,1.14467,1.12867
75,154,FALSE,5.00541,1.11481
75,155,FALSE,7.11816,1.00601
75,156,FALSE,1.1449,1.05541
75,157,FALSE,1.14638,1.01653
75,158,FALSE,3.09929,1.03274
75,159,FALSE,3.00816,1.08157
75,160,FALSE,3.06959,1.06737
75,161,FALSE,3.12541,1.03359
75,162,FALSE,4.14136,4.10494
75,164,FALSE,7.0381,1.03733
75,165,FALSE,1.08407,5.04579
75,166,FALSE,5.07637,5.14668
75,167,FALSE,1.0166,1.11952
75,168,FALSE,1,5.12663
75,169,FALSE,5.05452,5.07106
75,173,FALSE,4.04422,1.07836
75,175,FALSE,1.0427,1.06609
75,176,FALSE,1.01788,1.10855
75,177,FALSE,5.11023,1.11863
75,178,FALSE,5.13062,4.01207
75,179,FALSE,5.14202,1.13869
75,180,FALSE,5.08853,2.07303
75,181,FALSE,5.05504,3.05417
75,182,FALSE,5.02284,1.13116
75,183,FALSE,5.11159,1.12317
75,184,FALSE,7.04428,1.12925
75,185,FALSE,5.01973,1.14329
75,186,FALSE,7.12408,1.12127
75,188,FALSE,5.13482,1.00281
75,189,FALSE,6.13395,4.12539
75,190,FALSE,3.08982,3.05356
75,191,FALSE,5.08829,1.07061
75,192,FALSE,5.13254,1.12026
75,193,FALSE,5.01885,6.12063
75,194,FALSE,5.10619,1.10511
75,195,FALSE,3.09662,1.11346
75,197,FALSE,5.13179,1.00012
75,198,FALSE,5.07745,1.10593
75,199,FALSE,4.09187,3.08498
75,200,FALSE,1.14117,1.1423
75,201,FALSE,1.14739,1.11921
75,202,FALSE,7.1006,7.06019
75,203,FALSE,5.04985,4.13899
75,204,FALSE,5.0266,1.06815
75,206,FALSE,5.07416,1.00104
75,207,FALSE,3.05768,1.13765
75,208,FALSE,1.14734,1.07464
75,209,FALSE,3.09254,3.02216
75,210,FALSE,3.11662,3.09039
75,211,FALSE,3.03139,3.05402
75,212,FALSE,1.13343,1.08208
75,213,FALSE,3.0593,1.08803
75,216,FALSE,6.14089,1.11163
75,217,FALSE,4.06448,1.13782
75,218,FALSE,5.06757,1.11486
75,219,FALSE,5.03785,1.11379
75,222,FALSE,3.13114,1.11465
75,225,FALSE,3.12549,4.08868
75,226,FALSE,5.05762,1.10649
75,227,FALSE,7.12704,4.0171
75,229,FALSE,4.11847,3.12471
75,230,FALSE,3.14502,3.09654
75,233,FALSE,5.14585,1.0101
75,234,FALSE,5.0577,3.04748
75,235,FALSE,3.03527,3.11022
75,236,FALSE,1.13319,1.0436
75,237,FALSE,1.09509,1.09821
75,242,FALSE,4.08265,1.00041
75,243,FALSE,1.13027,1.08275
75,251,FALSE,4.11623,4.05822
75,252,FALSE,3.03575,1.14281
75,253,FALSE,5.0008,1.00698
75,254,FALSE,1.07967,1.04338
75,255,FALSE,3.00978,1.05612
75,256,FALSE,5.07113,1.00798
75,257,FALSE,5.08142,1.02537
75,258,FALSE,3.0894,1.09495
75,259,FALSE,1.14568,3.08155
75,260,FALSE,1.09008,1.02169
75,262,FALSE,6.11574,1.00455
75,263,FALSE,1.14535,1.03787
75,264,FALSE,4.00163,1.12431
75,265,FALSE,1.13005,1.13134
75,270,FALSE,1.13834,3.11853
75,271,FALSE,3.06069,1.13719
75,272,FALSE,1.13766,1.03872
75,273,FALSE,1.12223,1.037
75,274,FALSE,1.14722,1.12001
75,275,FALSE,1.13106,3.06008
75,280,FALSE,1.11923,1.00749
75,289,FALSE,4.08123,1.07428
75,290,FALSE,1.14203,1.09763
75,291,FALSE,1.14561,1.1336
75,292,FALSE,1.12487,1.09322
75,293,FALSE,5.146,5.01486
75,294,FALSE,5.10149,5.0235
75,295,FALSE,6.01621,5.03728
75,296,FALSE,1.08362,5.04763
75,297,FALSE,5.10274,1.13573
75,298,FALSE,5.07296,1.06294
75,299,FALSE,4.08687,1.00669
75,300,FALSE,5.07614,1.08195
75,301,FALSE,3.10066,1.0765
75,302,FALSE,5.08954,1.06797
75,303,FALSE,3.07652,1.04413
75,308,FALSE,6.08644,1.00734
75,317,FALSE,5.04998,1.00205
75,318,FALSE,6.06733,1.07811
75,319,FALSE,5.0971,1.03644
75,320,FALSE,5.05892,1.05685
75,321,FALSE,4.03641,1.05006
75,322,FALSE,3.14342,1.00906
75,323,FALSE,3.04322,1.02549
75,324,FALSE,3.02949,1.01128
75,325,FALSE,5.05948,1.04027
75,326,FALSE,3.05182,1.02452
75,328,FALSE,5.12482,1.08235
75,329,FALSE,6.01143,2.00966
75,330,FALSE,5.13328,1.07898
75,331,FALSE,5.08143,1.0136
75,332,FALSE,5.02687,1.13471
75,333,FALSE,5.12389,3.03768
75,334,FALSE,1.14096,1.08703
75,335,FALSE,5.05159,1.10646
75,336,FALSE,5.09889,1.02873
75,337,FALSE,5.14171,1.06979
75,339,FALSE,5.13312,1.01313
75,340,TRUE,1.03162,1
75,341,TRUE,5.08592,1
75,342,FALSE,1.1271,6.06585
75,343,TRUE,1,1
75,346,FALSE,5.11725,1.10907
75,347,FALSE,6.08423,1.11786
75,348,FALSE,5.04012,1.07851
75,349,FALSE,5.0336,1.03163
75,350,FALSE,4.02091,3.01849
75,351,FALSE,5.05856,1.14396
75,352,FALSE,4.04633,1.13466
75,353,FALSE,7.07086,4.0678
75,354,FALSE,5.14034,4.1413
75,355,FALSE,3.14174,1.01462
75,357,FALSE,4.13691,1.04521
75,358,FALSE,3.12201,1.06623
75,359,FALSE,3.09397,1.09856
75,361,FALSE,5.0945,1.06827
75,363,FALSE,5.06048,5.10763
75,364,FALSE,5.11203,5.13192
75,365,FALSE,3.08961,1.04642
75,366,FALSE,1.12857,1.13531
75,367,FALSE,5.07,5.08219
75,370,FALSE,3.14269,1.10663
75,371,FALSE,3.14048,1.14086
75,372,FALSE,6.02614,1.1468
75,373,FALSE,1.14556,1.08928
75,374,FALSE,7.14662,1.01355
75,375,FALSE,3.08318,1.07818
75,376,FALSE,1.06262,1.00527
75,377,FALSE,1.07499,1.13448
75,378,FALSE,3.0832,3.03017
75,379,FALSE,1.11435,3.14728
75,380,FALSE,3.08238,4.00608
75,381,FALSE,1.10709,1.13109
75,383,FALSE,5.05087,1.09661
75,384,FALSE,5.06718,1.1268
75,385,FALSE,5.08035,1.00932
75,386,FALSE,5.09317,1.03241
75,387,FALSE,4.08734,1.00411
75,388,FALSE,1.1375,1.00259
75,389,FALSE,2.13101,1.0089
75,390,FALSE,2.02787,1.03176
75,391,FALSE,3.0932,1.01419
75,394,FALSE,5.11154,1.01312
75,395,FALSE,1.12672,5.06387
75,396,FALSE,1.0705,5.12817
75,397,FALSE,1.10836,5.02118
75,398,FALSE,3.11234,5.10529
75,403,FALSE,4.11936,1.00689
75,404,FALSE,4.14374,5.06049
75,405,FALSE,1.14238,5.02586
75,406,FALSE,1,1.03144
75,407,FALSE,3.13358,4.01643
75,408,TRUE,1.02994,1
75,412,FALSE,6.05919,5.00705
75,413,FALSE,1.14567,5.00412
75,414,FALSE,6.12294,5.02766
75,415,FALSE,3.09394,5.02202
75,416,FALSE,3.00235,3.01548
75,417,FALSE,3.13659,1.1305
75,418,FALSE,5.03559,5.04419
75,419,FALSE,5.02476,3.12269
75,420,FALSE,3.0534,3.13568
75,421,FALSE,5.11851,3.11041
75,422,FALSE,5.08526,3.01758
75,423,FALSE,3.0284,1.13507
75,425,FALSE,7.04272,1.00709
75,426,FALSE,4.14358,1.08472
75,427,FALSE,1.13914,1.11689
75,428,FALSE,3.10515,3.11204
75,429,FALSE,3.05023,3.1343
76,1,FALSE,3.03424,1.08414
76,3,FALSE,1.05427,1.09392
76,5,FALSE,7.09655,1.05059
76,6,FALSE,3.00081,1.03934
76,7,FALSE,1,1.02293
76,9,FALSE,1.06423,1.01527
76,10,FALSE,1.03139,1.00383
76,11,FALSE,1,1.05391
76,13,FALSE,1.1379,1.11204
76,17,FALSE,3.0637,1.03277
76,18,FALSE,1.08335,1.06113
76,19,TRUE,3.0802,1
76,21,FALSE,3.0032,1.10452
76,22,FALSE,1.12826,1.13646
76,25,FALSE,4.0484,1.03041
76,29,FALSE,1.14197,1.00181
76,30,FALSE,1.13707,1.09385
76,69,FALSE,4.08506,1.00129
76,70,FALSE,3.07107,3.0162
76,71,FALSE,3.02484,1.10024
76,72,FALSE,3.09917,3.07528
76,73,FALSE,3.1293,3.00054
76,74,FALSE,3.05107,3.05919
76,75,FALSE,3.10544,4.03762
76,76,FALSE,1.14628,1.14559
76,77,FALSE,1.14219,3.0098
76,78,FALSE,3.13667,1.09769
76,79,FALSE,3.0139,1.13372
76,82,FALSE,4.12051,1.0735
76,83,FALSE,3.08051,1.08965
76,84,FALSE,1,3.01723
76,85,FALSE,1,1.01747
76,86,TRUE,4.10684,1
76,91,FALSE,1.14358,1.0381
76,92,FALSE,3.05567,1.10092
76,93,FALSE,3.12321,1.13384
76,95,FALSE,1.14337,1.02639
76,98,FALSE,5.10391,1.09907
76,99,FALSE,5.14533,2.00276
76,100,FALSE,6.11198,1.11479
76,101,FALSE,3.13133,1.07639
76,103,FALSE,5.12362,1.13478
76,104,FALSE,5.13096,1.06681
76,106,FALSE,5.06155,1.09941
76,107,FALSE,6.13623,1.02521
76,109,FALSE,4.08877,1.10383
76,110,FALSE,3.14043,1.13009
76,111,FALSE,3.13447,1.00119
76,112,FALSE,2.10879,1.01443
76,113,FALSE,3.12117,1.09126
76,114,FALSE,1.13398,1.03296
76,115,FALSE,1.12664,1.12698
76,116,FALSE,3.0796,1.01526
76,117,FALSE,1.1465,1.05132
76,118,FALSE,3.13762,1.02152
76,120,FALSE,4.02792,1.00869
76,121,FALSE,1.13018,1.00424
76,122,FALSE,1.13865,1.00597
76,123,FALSE,1.13284,1.02415
76,124,FALSE,7.12997,1.0215
76,125,FALSE,4.01205,5.03491
76,126,FALSE,5.02357,5.02756
76,127,FALSE,4.03673,1.14586
76,128,FALSE,5.10639,1.02453
76,129,FALSE,5.11988,1.14647
76,130,FALSE,5.10297,5.1346
76,131,FALSE,1.14423,1.07666
76,133,FALSE,1.14608,1.01457
76,134,FALSE,1.12543,1.00762
76,135,FALSE,1.13348,1.068
76,136,FALSE,1.12344,1.04833
76,137,FALSE,1.11994,1.05731
76,139,FALSE,1.03366,1.01628
76,140,FALSE,1.0596,1.04853
76,141,FALSE,1.13808,1.0167
76,142,FALSE,1.12496,1.03344
76,143,FALSE,1.13919,1.01578
76,144,FALSE,1.14104,1.08149
76,145,FALSE,1,5.14273
76,146,TRUE,1,1
76,147,FALSE,1,1.02386
76,148,TRUE,1,1
76,149,TRUE,3.0675,1
76,150,FALSE,1,5.05091
76,151,TRUE,1.06748,1
76,153,FALSE,1.13537,1.1239
76,154,FALSE,5.06348,1.10035
76,155,FALSE,3.11228,1.01642
76,156,FALSE,1.14377,1.10082
76,157,FALSE,1.12831,1.00305
76,158,FALSE,3.11147,1.0095
76,159,FALSE,3.09201,1.06232
76,160,FALSE,3.116,1.0524
76,161,FALSE,3.0227,1.11387
76,162,FALSE,4.02804,4.05699
76,164,FALSE,7.00688,1.00014
76,165,FALSE,1.08159,5.02889
76,166,FALSE,5.07976,5.10064
76,167,FALSE,1.11656,1.12972
76,168,FALSE,1,5.12191
76,169,FALSE,5.06734,5.11269
76,173,FALSE,4.11444,1.08969
76,175,FALSE,1.10336,1.04087
76,176,FALSE,1.02142,1.06065
76,177,FALSE,5.13155,1.12148
76,178,FALSE,6.1053,4.00431
76,179,FALSE,5.146,1.13839
76,180,FALSE,5.0888,2.09533
76,181,FALSE,5.11268,3.10091
76,182,FALSE,5.00272,1.14524
76,183,FALSE,5.1341,1.08556
76,184,FALSE,7.03131,1.14091
76,185,FALSE,5.13811,1.14225
76,186,FALSE,7.11351,1.1175
76,188,FALSE,7.12243,1.00533
76,189,FALSE,6.0697,4.11431
76,190,FALSE,3.08345,1.13058
76,191,FALSE,5.01215,1.07926
76,192,FALSE,5.05898,1.11911
76,193,FALSE,5.03387,6.07259
76,194,FALSE,5.00803,1.13131
76,195,FALSE,3.04359,1.08995
76,197,FALSE,5.12853,1.00266
76,198,FALSE,5.01515,1.11566
76,199,FALSE,5.01931,1.04423
76,200,FALSE,1.14449,1.1464
76,201,FALSE,1.14172,1.11533
76,202,FALSE,7.04588,7.02362
76,203,FALSE,5.13565,4.04455
76,204,FALSE,5.02746,1.07043
76,206,FALSE,5.14494,1.00193
76,207,FALSE,3.10682,1.1358
76,208,FALSE,1.13495,1.04132
76,209,FALSE,3.05412,3.00595
76,210,FALSE,3.11391,3.09493
76,211,FALSE,3.05491,3.09435
76,212,FALSE,1.132,1.10299
76,213,FALSE,3.05047,1.09897
76,216,FALSE,6.04848,1.10756
76,217,FALSE,4.11331,1.14031
76,218,FALSE,5.09061,1.09798
76,219,FALSE,5.03297,1.12903
76,222,FALSE,3.10445,1.10814
76,225,FALSE,3.12867,4.0693
76,226,FALSE,5.05893,1.09056
76,227,FALSE,7.09279,4.11275
76,229,FALSE,4.14511,3.10201
76,230,FALSE,3.1083,3.06998
76,233,FALSE,5.12339,1.04512
76,234,FALSE,5.0342,3.01605
76,235,FALSE,3.00121,3.0182
76,236,FALSE,1.11401,1.11356
76,237,FALSE,1.10093,1.10349
76,242,FALSE,4.11271,1.01467
76,243,FALSE,1.09094,1.07871
76,251,FALSE,4.05944,4.10397
76,252,FALSE,3.12907,1.13408
76,253,FALSE,5.09389,1.01852
76,254,FALSE,1.14248,1.00527
76,255,FALSE,3.03957,1.06622
76,256,FALSE,5.13602,1.07934
76,257,FALSE,5.05071,1.01442
76,258,FALSE,3.10311,1.14074
76,259,FALSE,1.10459,3.08605
76,260,FALSE,1.1294,1.02425
76,262,FALSE,6.10273,1.00189
76,263,FALSE,1.14401,1.00052
76,264,FALSE,4.0393,1.12697
76,265,FALSE,1.12442,1.14232
76,270,FALSE,1.11992,3.03884
76,271,FALSE,3.08673,1.13977
76,272,FALSE,1.1382,1.08705
76,273,FALSE,1.14226,1.13842
76,274,FALSE,1.11978,1.12604
76,275,FALSE,1.14672,3.0316
76,280,FALSE,1.13524,1.02117
76,289,FALSE,4.09164,1.06308
76,290,FALSE,1.14694,1.12674
76,291,FALSE,1.14106,1.14547
76,292,FALSE,1.14648,1.09717
76,293,FALSE,6.09393,5.02313
76,294,FALSE,5.13765,5.00929
76,295,FALSE,6.10647,5.02346
76,296,FALSE,5.04412,5.00156
76,297,FALSE,5.08962,1.09216
76,298,FALSE,5.08292,1.00298
76,299,FALSE,4.08624,1.06914
76,300,FALSE,5.10568,1.0222
76,301,FALSE,3.12633,1.06903
76,302,FALSE,5.135,1.06762
76,303,FALSE,3.03495,1.03759
76,308,FALSE,6.13085,1.01045
76,317,FALSE,5.05736,1.00319
76,318,FALSE,6.04825,1.09501
76,319,FALSE,5.13951,1.05437
76,320,FALSE,2.1432,1.06557
76,321,FALSE,4.1198,1.01738
76,322,FALSE,3.08544,1.04282
76,323,FALSE,3.10824,1.03815
76,324,FALSE,3.0755,1.02392
76,325,FALSE,5.01683,1.06145
76,326,FALSE,3.0756,1.02729
76,328,FALSE,5.06578,1.03478
76,329,FALSE,6.10014,2.05103
76,330,FALSE,5.14263,1.11317
76,331,FALSE,3.03763,1.03421
76,332,FALSE,5.10106,1.11161
76,333,FALSE,5.13796,3.07835
76,334,FALSE,1.13901,1.09296
76,335,FALSE,5.12759,1.10019
76,336,FALSE,5.07782,1.07343
76,337,FALSE,5.12709,1.07206
76,339,FALSE,5.13425,1.00898
76,340,TRUE,1.02331,1
76,341,TRUE,5.1401,1
76,342,FALSE,1.1299,6.11316
76,343,TRUE,1,1
76,346,FALSE,5.03915,1.06361
76,347,FALSE,6.05879,1.13071
76,348,FALSE,5.00356,1.10495
76,349,FALSE,5.07739,1.03346
76,350,FALSE,4.1373,1.12846
76,351,FALSE,5.13631,1.13075
76,352,FALSE,4.02818,1.11754
76,353,FALSE,7.08898,4.06047
76,354,FALSE,5.13583,4.06572
76,355,FALSE,3.12217,1.08881
76,357,FALSE,4.08287,1.06267
76,358,FALSE,3.00326,1.10123
76,359,FALSE,3.12107,1.12389
76,361,FALSE,5.08679,1.05224
76,363,FALSE,5.09649,5.1059
76,364,FALSE,5.12731,5.13169
76,365,FALSE,3.06307,1.08134
76,366,FALSE,1.14487,1.11105
76,367,FALSE,5.12641,5.05974
76,370,FALSE,3.13691,1.11308
76,371,FALSE,4.01712,1.14084
76,372,FALSE,6.13574,1.14531
76,373,FALSE,1.1443,1.14107
76,374,FALSE,7.12437,1.00699
76,375,FALSE,1.09619,1.1125
76,376,FALSE,1.09543,1.1408
76,377,FALSE,1.13552,1.07082
76,378,FALSE,3.09945,3.11258
76,379,FALSE,1.14527,3.11232
76,380,FALSE,3.04147,4.00767
76,381,FALSE,1.10769,1.03076
76,383,FALSE,5.02822,1.06836
76,384,FALSE,5.12178,1.1449
76,385,FALSE,5.12235,1.00094
76,386,FALSE,5.09167,1.01808
76,387,FALSE,4.12268,1.03646
76,388,FALSE,1.12386,1.00309
76,389,FALSE,2.13836,1.03282
76,390,FALSE,5.10967,1.02148
76,391,FALSE,3.1018,1.08245
76,394,FALSE,5.0614,1.01748
76,395,FALSE,1.07308,5.12361
76,396,FALSE,1.14448,5.10663
76,397,FALSE,1.12838,5.00569
76,398,FALSE,3.10389,5.14609
76,403,FALSE,4.00923,1.01736
76,404,FALSE,4.04835,5.04343
76,405,FALSE,1.12778,5.13845
76,406,FALSE,1.09955,1.02021
76,407,FALSE,3.1415,4.04765
76,408,TRUE,1.14205,1
76,412,FALSE,6.14555,5.00041
76,413,FALSE,5.14057,5.00633
76,414,FALSE,6.00525,5.00191
76,415,FALSE,3.0604,5.00731
76,416,FALSE,5.11304,3.09549
76,417,FALSE,3.14391,1.13884
76,418,FALSE,5.05838,5.07987
76,419,FALSE,3.14426,4.06657
76,420,FALSE,3.00916,3.1409
76,421,FALSE,5.01156,3.10189
76,422,FALSE,5.02823,3.08724
76,423,FALSE,3.08753,1.11674
76,425,FALSE,7.00697,1.04206
76,426,FALSE,4.13518,1.08407
76,427,FALSE,1.14157,1.12005
76,428,FALSE,3.06879,3.10292
76,429,FALSE,3.12222,3.11319
77,1,FALSE,3.10541,1.09804
77,3,FALSE,1.08116,1.12477
77,5,FALSE,7.00983,1.05217
77,6,FALSE,3.0038,1.08453
77,7,FALSE,1,1.01667
77,9,FALSE,1.12993,1.03654
77,10,FALSE,1.06654,1.02091
77,11,FALSE,1,1.04418
77,13,FALSE,1.13844,1.1193
77,17,FALSE,4.05239,1.03852
77,18,FALSE,1.06612,1.06918
77,19,TRUE,3.07632,1
77,21,FALSE,4.13693,1.05736
77,22,FALSE,1.11559,1.13392
77,25,FALSE,4.08925,1.02605
77,29,FALSE,1.13957,1.00213
77,30,FALSE,1.1463,1.10069
77,69,FALSE,4.08857,1.00053
77,70,FALSE,3.13265,3.04345
77,71,FALSE,1.12853,1.08244
77,72,FALSE,3.10241,3.04277
77,73,FALSE,3.09158,3.02075
77,74,FALSE,3.01464,3.05113
77,75,FALSE,3.10884,4.02124
77,76,FALSE,3.01915,1.14253
77,77,FALSE,1.14308,3.03084
77,78,FALSE,4.08385,1.09995
77,79,FALSE,3.06052,1.1353
77,82,FALSE,4.05438,1.01239
77,83,FALSE,1.12672,1.14486
77,84,FALSE,1,3.12358
77,85,TRUE,1.09788,1
77,86,TRUE,4.09162,1
77,91,FALSE,1.13379,1.05711
77,92,FALSE,1.14717,1.10348
77,93,FALSE,3.08865,1.12596
77,95,FALSE,1.13279,1.0673
77,98,FALSE,5.04513,1.08892
77,99,FALSE,5.13177,2.06756
77,100,FALSE,6.03989,1.10992
77,101,FALSE,3.08374,1.01017
77,103,FALSE,5.12566,1.1225
77,104,FALSE,5.07786,1.09517
77,106,FALSE,5.12795,1.09236
77,107,FALSE,6.10491,1.0578
77,109,FALSE,4.04719,1.14362
77,110,FALSE,3.07381,1.10918
77,111,FALSE,3.12043,1.00402
77,112,FALSE,2.12889,1.02329
77,113,FALSE,3.04023,1.09604
77,114,FALSE,1.144,1.02643
77,115,FALSE,1.14115,1.09382
77,116,FALSE,3.06633,1.08218
77,117,FALSE,1.1312,1.03985
77,118,FALSE,3.09393,1.03504
77,120,FALSE,4.12431,1.00463
77,121,FALSE,1.12092,1.00489
77,122,FALSE,1.14739,1.00067
77,123,FALSE,1.08176,1.0046
77,124,FALSE,7.07776,1.00773
77,125,FALSE,4.04246,5.03792
77,126,FALSE,5.05455,5.08122
77,127,FALSE,4.07137,1.05031
77,128,FALSE,5.06688,1.01626
77,129,FALSE,5.01829,1.14406
77,130,FALSE,5.07912,5.11048
77,131,FALSE,1.1385,1.01657
77,133,FALSE,1.14585,1.00764
77,134,FALSE,1.13322,1.00021
77,135,FALSE,1.12088,1.07025
77,136,FALSE,1.09762,1.03304
77,137,TRUE,1.05929,1
77,139,FALSE,1.01945,1.02891
77,140,FALSE,1.10855,1.04806
77,141,FALSE,1.10979,1.11323
77,142,FALSE,1,1.02828
77,143,FALSE,1.14155,1.00337
77,144,FALSE,1.12365,1.1286
77,145,TRUE,5.12922,1
77,146,TRUE,1,1
77,147,FALSE,1,1.06096
77,148,TRUE,1,1
77,149,TRUE,3.07061,1
77,150,FALSE,1,5.09531
77,151,TRUE,1.14083,1
77,153,FALSE,1.14252,1.12486
77,154,FALSE,5.10712,1.10903
77,155,FALSE,7.07722,1.029
77,156,FALSE,1.14645,1.09906
77,157,FALSE,1.1181,1.00235
77,158,FALSE,3.11632,1.06523
77,159,FALSE,3.00721,1.02227
77,160,FALSE,3.02369,1.03187
77,161,FALSE,3.05882,1.01359
77,162,FALSE,4.12698,4.04274
77,164,FALSE,7.09894,1.02624
77,165,FALSE,1.09644,5.12649
77,166,FALSE,5.07271,5.07635
77,167,FALSE,1.08069,1.10028
77,168,FALSE,1,5.04085
77,169,FALSE,5.0287,5.07299
77,173,FALSE,3.12735,1.08136
77,175,FALSE,1.13359,1.07074
77,176,FALSE,1.08473,1.09896
77,177,FALSE,5.13533,1.11666
77,178,FALSE,5.141,4.01365
77,179,FALSE,5.09114,1.14502
77,180,FALSE,5.10078,2.03255
77,181,FALSE,5.06959,3.05224
77,182,FALSE,5.00077,1.14434
77,183,FALSE,5.07541,1.13654
77,184,FALSE,7.03706,1.1421
77,185,FALSE,5.01618,1.14475
77,186,FALSE,7.0095,1.09317
77,188,FALSE,7.044,1.01053
77,189,FALSE,6.06824,4.13273
77,190,FALSE,3.06023,3.00058
77,191,FALSE,5.10807,1.11263
77,192,FALSE,5.02446,1.09128
77,193,FALSE,5.03906,6.14067
77,194,FALSE,5.08094,1.11187
77,195,FALSE,3.00181,1.13759
77,197,FALSE,5.1384,1.01444
77,198,FALSE,5.07113,1.0856
77,199,FALSE,5.08648,1.11001
77,200,FALSE,1.10443,1.11773
77,201,FALSE,1.12346,1.09082
77,202,FALSE,7.05593,7.05961
77,203,FALSE,5.13885,4.11795
77,204,FALSE,5.13572,1.07277
77,206,FALSE,5.02417,1.00918
77,207,FALSE,3.12793,1.12158
77,208,FALSE,1.14021,1.03954
77,209,FALSE,3.04205,3.00078
77,210,FALSE,3.09014,3.01738
77,211,FALSE,3.04018,3.07017
77,212,FALSE,1.10598,1.10702
77,213,FALSE,3.03478,1.12958
77,216,FALSE,6.08666,1.11853
77,217,FALSE,4.03013,1.14289
77,218,FALSE,5.06175,1.11233
77,219,FALSE,5.11705,1.14056
77,222,FALSE,3.03011,1.10738
77,225,FALSE,3.09653,4.00928
77,226,FALSE,5.00686,1.09474
77,227,FALSE,7.13511,4.08049
77,229,FALSE,4.02633,3.12598
77,230,FALSE,3.10993,3.06069
77,233,FALSE,5.10838,1.00508
77,234,FALSE,5.01934,3.01546
77,235,FALSE,3.06365,3.09727
77,236,FALSE,1.09553,1.09542
77,237,FALSE,1.10825,1.11974
77,242,FALSE,4.13016,1.00757
77,243,FALSE,1.12107,1.10663
77,251,FALSE,4.12473,4.10486
77,252,FALSE,3.12236,1.11475
77,253,FALSE,5.0834,1.01418
77,254,FALSE,1.1038,1.00241
77,255,FALSE,3.08158,1.03403
77,256,FALSE,5.14037,1.02647
77,257,FALSE,5.04948,1.03879
77,258,FALSE,3.11356,1.06772
77,259,FALSE,1.10577,3.05299
77,260,FALSE,1.14642,1.00282
77,262,FALSE,6.1153,1.00832
77,263,FALSE,1.14563,1.08221
77,264,FALSE,4.08141,1.1009
77,265,FALSE,1.14099,1.10948
77,270,FALSE,1.13029,3.07376
77,271,FALSE,3.08287,1.05687
77,272,FALSE,1.08446,1.07957
77,273,FALSE,1.14616,1.06706
77,274,FALSE,1.135,1.09649
77,275,FALSE,1.14672,3.01539
77,280,FALSE,1.14153,1.00132
77,289,FALSE,4.13143,1.06473
77,290,FALSE,1.13684,1.1104
77,291,FALSE,1.14328,1.14728
77,292,FALSE,1.14495,1.106
77,293,FALSE,5.14233,5.00054
77,294,FALSE,5.06403,5.01176
77,295,FALSE,6.00864,5.00145
77,296,FALSE,1.08165,5.08004
77,297,FALSE,5.1467,1.01998
77,298,FALSE,5.11867,1.00921
77,299,FALSE,4.03795,1.07058
77,300,FALSE,5.07131,1.1103
77,301,FALSE,3.13865,1.12517
77,302,FALSE,5.12185,1.08338
77,303,FALSE,3.10767,1.13263
77,308,FALSE,6.13361,1.00549
77,317,FALSE,5.07258,1.02372
77,318,FALSE,6.10817,1.0884
77,319,FALSE,5.11935,1.05934
77,320,FALSE,5.06135,1.04618
77,321,FALSE,4.11142,1.06033
77,322,FALSE,3.03797,1.10755
77,323,FALSE,3.07403,1.01055
77,324,FALSE,3.00754,1.00258
77,325,FALSE,5.03296,1.07841
77,326,FALSE,3.04665,1.03508
77,328,FALSE,5.14248,1.10529
77,329,FALSE,6.0661,1.12872
77,330,FALSE,5.12113,1.1187
77,331,FALSE,3.08095,1.01981
77,332,FALSE,5.1451,1.13429
77,333,FALSE,5.11545,3.00882
77,334,FALSE,1.14149,1.13342
77,335,FALSE,5.13249,1.13801
77,336,FALSE,5.03551,1.1088
77,337,FALSE,5.07043,1.04082
77,339,FALSE,5.09093,1.02789
77,340,TRUE,1.06758,1
77,341,TRUE,5.09188,1
77,342,FALSE,1.10547,6.11948
77,343,TRUE,1,1
77,346,FALSE,5.01783,1.06969
77,347,FALSE,6.0045,1.14061
77,348,FALSE,5.0357,1.10531
77,349,FALSE,5.03106,1.01165
77,350,FALSE,4.03072,1.14543
77,351,FALSE,5.09877,1.14106
77,352,FALSE,4.04224,1.1471
77,353,FALSE,7.04923,4.09342
77,354,FALSE,5.14363,4.10722
77,355,FALSE,3.09831,1.12177
77,357,FALSE,4.12448,1.05741
77,358,FALSE,3.06929,1.06844
77,359,FALSE,3.05021,1.13541
77,361,FALSE,5.13918,1.06703
77,363,FALSE,5.07938,5.08652
77,364,FALSE,5.06154,5.08161
77,365,FALSE,3.08811,1.01161
77,366,FALSE,1.13944,1.13463
77,367,FALSE,5.12725,5.03996
77,370,FALSE,3.09839,1.09675
77,371,FALSE,3.11621,1.14489
77,372,FALSE,6.06524,1.14492
77,373,FALSE,1.1399,1.13357
77,374,FALSE,7.08283,1.03529
77,375,FALSE,1.01265,1.04775
77,376,FALSE,1.1241,1.06907
77,377,FALSE,1.04692,1.08317
77,378,FALSE,3.07454,3.04355
77,379,FALSE,1.14261,3.06193
77,380,FALSE,3.08807,4.06555
77,381,FALSE,1.1182,1.08328
77,383,FALSE,5.09927,1.07961
77,384,FALSE,5.07102,1.13583
77,385,FALSE,5.11776,1.00387
77,386,FALSE,5.05674,1.0097
77,387,FALSE,4.02192,1.0145
77,388,FALSE,1.14665,1.01824
77,389,FALSE,2.0399,1.01425
77,390,FALSE,5.05409,1.00384
77,391,FALSE,3.12758,1.04058
77,394,FALSE,5.04454,1.03289
77,395,FALSE,1.1318,5.11511
77,396,FALSE,1.11217,5.13834
77,397,FALSE,1.14462,5.10943
77,398,FALSE,3.03627,5.02391
77,403,FALSE,4.07752,1.07353
77,404,FALSE,4.08884,5.07996
77,405,FALSE,1.0987,5.01347
77,406,FALSE,1.01474,1.00389
77,407,FALSE,3.09749,4.11077
77,408,TRUE,1.04646,1
77,412,FALSE,6.08781,5.00057
77,413,FALSE,5.0554,5.00563
77,414,FALSE,6.13679,5.0018
77,415,FALSE,3.09168,5.01714
77,416,FALSE,3.07163,3.11985
77,417,FALSE,3.10603,1.14727
77,418,FALSE,5.03378,5.05392
77,419,FALSE,5.01996,3.10217
77,420,FALSE,3.03761,3.13256
77,421,FALSE,5.0351,3.054
77,422,FALSE,3.07162,3.09976
77,423,FALSE,3.08895,1.11646
77,425,FALSE,7.07402,1.09193
77,426,FALSE,4.10871,1.07559
77,427,FALSE,1.14626,1.11361
77,428,FALSE,3.11847,3.08413
77,429,FALSE,3.05759,3.04926
78,1,FALSE,3.05931,1.06508
78,3,FALSE,1.01812,1.02126
78,5,FALSE,7.09315,1.04515
78,6,FALSE,3.00621,1.02433
78,7,FALSE,1,1.03676
78,9,FALSE,1.08264,1.04145
78,10,FALSE,1.02609,1.07191
78,11,FALSE,1,1.03101
78,13,FALSE,1.1248,1.12207
78,17,FALSE,4.0454,1.06261
78,18,FALSE,1.101,1.02055
78,19,TRUE,3.09721,1
78,21,FALSE,3.07882,1.08863
78,22,FALSE,1.1446,1.12689
78,25,FALSE,4.14524,1.05645
78,29,FALSE,1.12155,1.02746
78,30,FALSE,1.13784,1.06703
78,69,FALSE,4.11124,1.00049
78,70,FALSE,3.03642,3.00957
78,71,FALSE,1.13695,1.12134
78,72,FALSE,3.14565,3.02082
78,73,FALSE,3.11853,3.04144
78,74,FALSE,7.04267,3.05272
78,75,FALSE,3.12265,4.09799
78,76,FALSE,1.1431,1.14702
78,77,FALSE,1.13636,3.05519
78,78,FALSE,4.14148,1.09727
78,79,FALSE,3.14393,1.13249
78,82,FALSE,4.09025,1.00762
78,83,FALSE,3.06506,1.11653
78,84,FALSE,1,3.05732
78,85,TRUE,1.06626,1
78,86,TRUE,4.05513,1
78,91,FALSE,1.14173,1.03873
78,92,FALSE,1.14389,1.11547
78,93,FALSE,3.09555,1.10999
78,95,FALSE,1.14455,1.03229
78,98,FALSE,5.07852,1.08282
78,99,FALSE,5.06208,2.00364
78,100,FALSE,6.04803,1.10316
78,101,FALSE,3.12125,1.03941
78,103,FALSE,5.01227,1.12579
78,104,FALSE,5.08075,1.13631
78,106,FALSE,5.04554,1.04585
78,107,FALSE,6.02261,1.014
78,109,FALSE,4.05089,1.07362
78,110,FALSE,3.1244,1.12393
78,111,FALSE,3.12612,1.00183
78,112,FALSE,2.02725,1.01988
78,113,FALSE,3.1401,1.0483
78,114,FALSE,1.1438,1.00168
78,115,FALSE,1.11495,1.0626
78,116,FALSE,3.08591,1.04872
78,117,FALSE,1.14602,1.03511
78,118,FALSE,3.12819,1.08113
78,120,FALSE,4.02219,1.00207
78,121,FALSE,1.14286,1.00214
78,122,FALSE,1.13941,1.00521
78,123,FALSE,1.14084,1.00955
78,124,FALSE,7.08461,1.01616
78,125,FALSE,4.07119,5.10911
78,126,FALSE,5.05153,5.1
78,127,FALSE,4.10724,1.0585
78,128,FALSE,5.01351,1.06304
78,129,FALSE,5.09533,1.05371
78,130,FALSE,5.05814,5.12608
78,131,FALSE,1.09601,1.09969
78,133,FALSE,1.13251,1.00027
78,134,FALSE,1.06915,1.03183
78,135,FALSE,1.09893,1.05662
78,136,FALSE,1.11829,1.08874
78,137,FALSE,1.00758,1.06905
78,139,FALSE,1.09473,1.00814
78,140,FALSE,1.10541,1.04135
78,141,FALSE,1.09806,1.02413
78,142,FALSE,1.07787,1.08463
78,143,FALSE,1.12186,1.02706
78,144,FALSE,1.14353,1.01678
78,145,TRUE,5.02996,1
78,146,TRUE,1,1
78,147,FALSE,1,1.02177
78,148,TRUE,1,1
78,149,TRUE,3.04349,1
78,150,FALSE,1,5.10394
78,151,TRUE,1.00557,1
78,153,FALSE,1.14659,1.13711
78,154,FALSE,5.063,1.11916
78,155,FALSE,3.1282,1.01329
78,156,FALSE,3.00367,1.0908
78,157,FALSE,1.12592,1.00655
78,158,FALSE,3.13955,1.01103
78,159,FALSE,3.14091,1.00528
78,160,FALSE,3.05977,1.03497
78,161,FALSE,3.09933,1.10592
78,162,FALSE,4.12041,4.12796
78,164,FALSE,7.10876,1.01719
78,165,FALSE,1.12793,5.13168
78,166,FALSE,5.06754,5.10717
78,167,FALSE,1.02188,1.06524
78,168,FALSE,1,5.08615
78,169,FALSE,5.02028,5.02278
78,173,FALSE,4.14258,1.07439
78,175,FALSE,1.12063,1.09789
78,176,FALSE,1.12872,1.05488
78,177,FALSE,5.14029,1.11689
78,178,FALSE,5.116,4.00369
78,179,FALSE,5.12876,1.14499
78,180,FALSE,5.06125,2.07067
78,181,FALSE,5.13927,3.10689
78,182,FALSE,5.01693,1.14209
78,183,FALSE,5.14405,1.13207
78,184,FALSE,7.04204,1.13316
78,185,FALSE,5.1392,1.14373
78,186,FALSE,7.03346,1.12673
78,188,FALSE,5.13764,1.00385
78,189,FALSE,6.13889,4.14737
78,190,FALSE,3.07178,1.13961
78,191,FALSE,5.10977,1.0654
78,192,FALSE,5.10673,1.12388
78,193,FALSE,5.06714,6.12317
78,194,FALSE,5.08115,1.11112
78,195,FALSE,3.01843,1.13409
78,197,FALSE,5.09068,1.00499
78,198,FALSE,5.09028,1.1166
78,199,FALSE,4.12863,1.13898
78,200,FALSE,1.13872,1.1462
78,201,FALSE,1.12173,1.08166
78,202,FALSE,7.11869,7.0291
78,203,FALSE,5.01233,4.13964
78,204,FALSE,5.04214,1.09627
78,206,FALSE,5.04153,1.0025
78,207,FALSE,3.09014,1.10438
78,208,FALSE,1.14665,1.084
78,209,FALSE,3.04881,3.01409
78,210,FALSE,3.0919,3.07562
78,211,FALSE,3.03268,3.10574
78,212,FALSE,1.12272,1.11931
78,213,FALSE,3.10815,1.04788
78,216,FALSE,6.01501,1.10613
78,217,FALSE,4.12566,1.1354
78,218,FALSE,5.14106,1.1271
78,219,FALSE,5.05958,1.13577
78,222,FALSE,3.14316,1.13338
78,225,FALSE,3.10929,4.06748
78,226,FALSE,5.01669,1.10405
78,227,FALSE,7.02646,4.02984
78,229,FALSE,4.01781,3.1296
78,230,FALSE,3.05426,3.06591
78,233,FALSE,5.13293,1.00064
78,234,FALSE,5.13812,3.00841
78,235,FALSE,5.09864,3.08754
78,236,FALSE,1.10995,1.14093
78,237,FALSE,1.05139,1.13128
78,242,FALSE,4.1087,1.00999
78,243,FALSE,1.12626,1.10698
78,251,FALSE,4.14322,4.13268
78,252,FALSE,3.07321,1.13044
78,253,FALSE,5.09811,1.01053
78,254,FALSE,1.14429,1.03972
78,255,FALSE,3.05362,1.09722
78,256,FALSE,5.04481,1.065
78,257,FALSE,5.07832,1.00705
78,258,FALSE,3.12964,1.10517
78,259,FALSE,1.1257,3.09914
78,260,FALSE,1.10604,1.03842
78,262,FALSE,6.10074,1.00525
78,263,FALSE,1.12763,1.01192
78,264,FALSE,4.04193,1.1302
78,265,FALSE,1.13922,1.14442
78,270,FALSE,1.13107,3.00145
78,271,FALSE,3.11764,1.1313
78,272,FALSE,1.14713,1.08388
78,273,FALSE,1.13893,1.09903
78,274,FALSE,1.14018,1.03719
78,275,FALSE,1.14013,3.00079
78,280,FALSE,1.13886,1.00592
78,289,FALSE,4.09261,1.06982
78,290,FALSE,1.14202,1.08424
78,291,FALSE,1.14564,1.14661
78,292,FALSE,1.14725,1.09674
78,293,FALSE,6.08507,5.01218
78,294,FALSE,1.14232,5.00562
78,295,FALSE,6.1231,5.00238
78,296,FALSE,5.14261,5.05546
78,297,FALSE,5.10688,1.11605
78,298,FALSE,5.10536,1.02993
78,299,FALSE,4.03639,1.12227
78,300,FALSE,5.06533,1.05734
78,301,FALSE,3.11343,1.01803
78,302,FALSE,5.14156,1.04598
78,303,FALSE,3.14479,3.10387
78,308,FALSE,6.05297,1.01384
78,317,FALSE,5.06364,1.01166
78,318,FALSE,6.08807,1.0792
78,319,FALSE,5.13452,1.05476
78,320,FALSE,2.0684,1.05203
78,321,FALSE,4.12003,1.02546
78,322,FALSE,3.08695,1.07123
78,323,FALSE,3.08909,1.03709
78,324,FALSE,3.13254,1.01251
78,325,FALSE,5.11792,1.06213
78,326,FALSE,3.12534,1.00338
78,328,FALSE,5.05871,1.07146
78,329,FALSE,6.05985,1.13285
78,330,FALSE,5.12728,1.09894
78,331,FALSE,5.11061,1.04162
78,332,FALSE,5.10026,1.13902
78,333,FALSE,5.08477,3.0637
78,334,FALSE,1.13931,1.10749
78,335,FALSE,5.08356,1.11111
78,336,FALSE,5.12453,1.05324
78,337,FALSE,5.0579,1.1255
78,339,FALSE,5.1094,1.14331
78,340,TRUE,1.09077,1
78,341,TRUE,5.05439,1
78,342,FALSE,1.13732,6.10162
78,343,TRUE,1,1
78,346,FALSE,3.14006,1.09621
78,347,FALSE,6.03821,1.11666
78,348,FALSE,5.05039,1.08318
78,349,FALSE,5.08815,1.03384
78,350,FALSE,4.03881,1.14567
78,351,FALSE,5.02898,1.1178
78,352,FALSE,4.00301,1.08527
78,353,FALSE,7.06516,4.07772
78,354,FALSE,5.09749,4.09157
78,355,FALSE,3.13694,1.06372
78,357,FALSE,4.14428,1.06291
78,358,FALSE,3.05095,1.05083
78,359,FALSE,3.03047,1.11143
78,361,FALSE,5.08105,1.08169
78,363,FALSE,5.06014,5.06647
78,364,FALSE,5.10056,5.11369
78,365,FALSE,3.13454,1.08321
78,366,FALSE,1.13478,1.11791
78,367,FALSE,5.11926,5.02749
78,370,FALSE,3.14267,1.1035
78,371,FALSE,3.05277,1.14601
78,372,FALSE,6.07496,1.1467
78,373,FALSE,1.13978,1.13334
78,374,FALSE,7.13853,1.00318
78,375,FALSE,3.07035,1.06246
78,376,FALSE,1.08479,1.12651
78,377,FALSE,1.01898,1.12302
78,378,FALSE,3.04491,3.01698
78,379,FALSE,1.12523,3.06789
78,380,FALSE,3.1394,4.03877
78,381,FALSE,1.13468,1.12255
78,383,FALSE,5.00382,1.03784
78,384,FALSE,5.12201,1.14707
78,385,FALSE,5.14108,1.00661
78,386,FALSE,5.01139,1.01232
78,387,FALSE,4.11127,1.04793
78,388,FALSE,1.14172,1.00241
78,389,FALSE,2.07681,1.00441
78,390,FALSE,5.08914,1.02384
78,391,FALSE,3.01884,1.05223
78,394,FALSE,5.10385,1.01592
78,395,FALSE,1.06466,5.02108
78,396,FALSE,1.13123,5.03249
78,397,FALSE,1.0907,5.04638
78,398,FALSE,3.00627,5.11494
78,403,FALSE,4.02606,1.04216
78,404,FALSE,4.10589,5.04394
78,405,FALSE,1.1298,5.09151
78,406,FALSE,1,1.03605
78,407,FALSE,3.09026,4.01527
78,408,TRUE,1.13693,1
78,412,FALSE,6.10093,5.00041
78,413,FALSE,5.14362,5.00009
78,414,FALSE,6.12938,5.0041
78,415,FALSE,3.08961,5.0035
78,416,FALSE,3.02178,3.07998
78,417,FALSE,3.13447,1.12654
78,418,FALSE,5.03234,5.0858
78,419,FALSE,5.06645,3.12139
78,420,FALSE,3.02103,3.11087
78,421,FALSE,5.00695,3.09013
78,422,FALSE,3.11872,3.12073
78,423,FALSE,3.1194,1.13788
78,425,FALSE,7.08566,1.10055
78,426,FALSE,4.13149,1.07638
78,427,FALSE,1.14586,1.09231
78,428,FALSE,3.13852,3.12658
78,429,FALSE,3.05468,3.01048
79,1,FALSE,3.13004,1.07364
79,3,FALSE,1.0018,1.02305
79,5,FALSE,7.12304,1.04802
79,6,FALSE,3.01127,1.13779
79,7,FALSE,1,1.02823
79,9,FALSE,1.14671,1.00094
79,10,FALSE,1.09973,1.03706
79,11,FALSE,1,1.07489
79,13,FALSE,1.13136,1.12852
79,17,FALSE,3.13166,1.05896
79,18,FALSE,1.10514,1.05215
79,19,TRUE,3.1426,1
79,21,FALSE,3.04377,1.09655
79,22,FALSE,1.14186,1.1204
79,25,FALSE,4.14269,1.01559
79,29,FALSE,1.14305,1.02331
79,30,FALSE,1.12339,1.14143
79,69,FALSE,4.04873,1.00024
79,70,FALSE,3.10834,3.0139
79,71,FALSE,3.03656,1.04527
79,72,FALSE,3.06764,3.07071
79,73,FALSE,3.12231,3.002
79,74,FALSE,3.02684,3.03735
79,75,FALSE,3.09793,4.0014
79,76,FALSE,3.02208,1.12108
79,77,FALSE,1.14129,3.02899
79,78,FALSE,4.09943,1.08862
79,79,FALSE,3.11553,1.13493
79,82,FALSE,4.10789,1.04211
79,83,FALSE,3.1233,1.00259
79,84,FALSE,1,3.11693
79,85,FALSE,1,1.04738
79,86,TRUE,4.03506,1
79,91,FALSE,1.14696,1.05224
79,92,FALSE,3.06671,1.10821
79,93,FALSE,3.00313,1.13456
79,95,FALSE,1.14666,1.01837
79,98,FALSE,5.022,1.07474
79,99,FALSE,5.08412,2.03748
79,100,FALSE,6.02388,1.11933
79,101,FALSE,3.11959,1.03058
79,103,FALSE,5.13437,1.14096
79,104,FALSE,5.09518,1.06558
79,106,FALSE,5.13034,1.09975
79,107,FALSE,6.01311,1.09856
79,109,FALSE,4.02093,1.12835
79,110,FALSE,3.05091,1.12719
79,111,FALSE,3.13882,1.01208
79,112,FALSE,2.06827,1.05809
79,113,FALSE,3.07819,1.05604
79,114,FALSE,1.13975,1.03174
79,115,FALSE,1.14715,1.09678
79,116,FALSE,3.11773,1.00051
79,117,FALSE,1.14083,1.0651
79,118,FALSE,3.11015,1.00689
79,120,FALSE,4.09126,1.00753
79,121,FALSE,1.14617,1.0028
79,122,FALSE,1.14641,1.00214
79,123,FALSE,1.03898,1.00413
79,124,FALSE,7.03776,1.03789
79,125,FALSE,4.12781,5.0565
79,126,FALSE,5.09235,5.05241
79,127,FALSE,4.00638,1.14396
79,128,FALSE,5.02486,1.01293
79,129,FALSE,5.08203,1.04889
79,130,FALSE,5.087,5.11281
79,131,FALSE,1.07734,1.06811
79,133,FALSE,1.14525,1.02184
79,134,FALSE,1.11921,1.00925
79,135,FALSE,1.12249,1.00806
79,136,FALSE,1.11435,1.08896
79,137,FALSE,1.08315,1.02006
79,139,FALSE,1.14343,1.01905
79,140,FALSE,1.04512,1.01754
79,141,FALSE,1.06082,1.01631
79,142,FALSE,1.01908,1.02194
79,143,FALSE,1.14375,1.02891
79,144,FALSE,1.10086,1.02601
79,145,FALSE,1,5.04111
79,146,TRUE,1,1
79,147,FALSE,1,1.07235
79,148,TRUE,1,1
79,149,TRUE,3.04132,1
79,150,FALSE,1,5.11615
79,151,TRUE,1.11487,1
79,153,FALSE,1.13504,1.13638
79,154,FALSE,5.0198,1.09872
79,155,FALSE,7.01915,1.00194
79,156,FALSE,3.051,1.06838
79,157,FALSE,1.12086,1.00435
79,158,FALSE,3.12156,1.07397
79,159,FALSE,3.11884,1.00574
79,160,FALSE,3.02252,1.05109
79,161,FALSE,3.13401,1.00101
79,162,FALSE,4.09589,4.07122
79,164,FALSE,7.00271,1.08281
79,165,FALSE,1.05915,5.06828
79,166,FALSE,5.0335,5.12688
79,167,FALSE,1.10244,1.12356
79,168,FALSE,1,5.12883
79,169,FALSE,5.0832,5.1079
79,173,FALSE,4.07198,1.08598
79,175,FALSE,1.04521,1.05556
79,176,FALSE,1.1049,1.02433
79,177,FALSE,5.0725,1.11842
79,178,FALSE,6.08029,4.00266
79,179,FALSE,5.14464,1.11892
79,180,FALSE,5.0784,2.06453
79,181,FALSE,5.1374,3.08467
79,182,FALSE,5.04905,1.12561
79,183,FALSE,5.00275,1.1344
79,184,FALSE,7.08672,1.12047
79,185,FALSE,5.08043,1.12699
79,186,FALSE,7.10003,1.13204
79,188,FALSE,7.03664,1.00299
79,189,FALSE,6.04806,4.14259
79,190,FALSE,3.03599,3.04875
79,191,FALSE,5.13527,1.06449
79,192,FALSE,5.01678,1.10642
79,193,FALSE,5.0659,6.14665
79,194,FALSE,5.13152,1.1175
79,195,FALSE,3.13713,1.12664
79,197,FALSE,5.03984,1.0065
79,198,FALSE,5.13846,1.12809
79,199,FALSE,4.11812,3.03843
79,200,FALSE,1.12129,1.14594
79,201,FALSE,1.13977,1.14192
79,202,FALSE,7.01834,7.0289
79,203,FALSE,5.13525,1.13369
79,204,FALSE,5.1363,1.04617
79,206,FALSE,5.12299,1.00851
79,207,FALSE,3.11859,1.11132
79,208,FALSE,1.13256,1.10488
79,209,FALSE,3.12779,3.01103
79,210,FALSE,3.0904,3.07158
79,211,FALSE,3.03327,3.09309
79,212,FALSE,1.13043,1.08225
79,213,FALSE,3.09911,1.03875
79,216,FALSE,6.07377,1.1058
79,217,FALSE,4.08126,1.14213
79,218,FALSE,5.03397,1.12268
79,219,FALSE,5.13607,3.06028
79,222,FALSE,3.11604,1.12429
79,225,FALSE,3.11736,4.07182
79,226,FALSE,5.12685,1.10183
79,227,FALSE,7.07328,4.14433
79,229,FALSE,4.00929,3.10804
79,230,FALSE,3.08782,3.07042
79,233,FALSE,5.14489,1.00237
79,234,FALSE,3.02045,3.11108
79,235,FALSE,5.08424,3.02557
79,236,FALSE,1.09652,1.08008
79,237,FALSE,1.07185,1.13796
79,242,FALSE,4.12,1.00008
79,243,FALSE,1.11335,1.14126
79,251,FALSE,4.09533,4.11002
79,252,FALSE,3.11555,1.14639
79,253,FALSE,5.11621,1.01441
79,254,FALSE,1.01789,1.0527
79,255,FALSE,3.1113,1.03921
79,256,FALSE,5.12795,1.06896
79,257,FALSE,5.12855,1.01619
79,258,FALSE,3.0809,1.01827
79,259,FALSE,1.11081,3.08784
79,260,FALSE,1.12536,1.04141
79,262,FALSE,6.09899,1.00471
79,263,FALSE,1.14404,1.04154
79,264,FALSE,4.04448,1.0337
79,265,FALSE,1.1213,1.14111
79,270,FALSE,1.14034,3.0186
79,271,FALSE,3.12844,1.13156
79,272,FALSE,1.13847,1.10158
79,273,FALSE,1.1387,1.05008
79,274,FALSE,1.12165,1.08555
79,275,FALSE,1.14716,3.12988
79,280,FALSE,1.13515,1.00554
79,289,FALSE,4.11506,1.06782
79,290,FALSE,1.13535,1.12198
79,291,FALSE,1.13781,1.14201
79,292,FALSE,1.13406,1.04358
79,293,FALSE,5.14566,5.00338
79,294,FALSE,1.1306,5.00605
79,295,FALSE,6.08868,5.00526
79,296,FALSE,1.07651,5.01632
79,297,FALSE,5.12463,1.12972
79,298,FALSE,5.13229,1.02334
79,299,FALSE,4.04098,1.10703
79,300,FALSE,5.03584,1.0887
79,301,FALSE,3.09082,1.03731
79,302,FALSE,5.10758,1.06229
79,303,FALSE,3.08341,1.07189
79,308,FALSE,6.08911,1.01322
79,317,FALSE,3.03305,1.01585
79,318,FALSE,6.12709,1.10012
79,319,FALSE,5.13394,1.06672
79,320,FALSE,2.05078,1.00059
79,321,FALSE,4.00705,1.0791
79,322,FALSE,3.08512,1.03267
79,323,FALSE,3.03968,1.01402
79,324,FALSE,3.07634,1.02593
79,325,FALSE,5.04915,1.023
79,326,FALSE,3.08147,1.03524
79,328,FALSE,5.12878,1.09585
79,329,FALSE,6.10773,2.13616
79,330,FALSE,5.12416,1.12686
79,331,FALSE,5.03084,1.01488
79,332,FALSE,5.146,1.09772
79,333,FALSE,5.08813,3.11926
79,334,FALSE,1.13354,1.1261
79,335,FALSE,5.13858,1.08766
79,336,FALSE,5.08204,1.04781
79,337,FALSE,5.12454,1.09992
79,339,FALSE,5.02614,1.02896
79,340,TRUE,1.12682,1
79,341,TRUE,5.14108,1
79,342,FALSE,1.07967,6.02674
79,343,TRUE,1,1
79,346,FALSE,5.0782,1.10036
79,347,FALSE,6.09323,1.12691
79,348,FALSE,5.00535,1.10498
79,349,FALSE,5.07665,1.00151
79,350,FALSE,4.11966,1.1445
79,351,FALSE,5.01953,1.13125
79,352,FALSE,4.08993,1.09268
79,353,FALSE,7.13629,4.09425
79,354,FALSE,5.103,4.09955
79,355,FALSE,3.14403,1.01445
79,357,FALSE,4.14382,1.06331
79,358,FALSE,3.0657,1.04335
79,359,FALSE,3.0252,1.11459
79,361,FALSE,5.05471,1.09559
79,363,FALSE,5.0596,5.08981
79,364,FALSE,5.06166,5.1003
79,365,FALSE,3.11068,1.10633
79,366,FALSE,1.12159,1.10719
79,367,FALSE,5.04698,5.04828
79,370,FALSE,3.13961,1.11124
79,371,FALSE,3.13117,1.13308
79,372,FALSE,6.03616,1.1467
79,373,FALSE,1.14392,1.13146
79,374,FALSE,7.13939,1.00207
79,375,FALSE,3.03536,1.09995
79,376,FALSE,1.06892,1.05644
79,377,FALSE,1.13981,1.02923
79,378,FALSE,3.11174,3.06131
79,379,FALSE,1.14623,3.07036
79,380,FALSE,3.08543,4.00097
79,381,FALSE,1.13746,1.13678
79,383,FALSE,5.11556,1.07225
79,384,FALSE,3.10667,1.14495
79,385,FALSE,5.1453,1.00453
79,386,FALSE,5.06599,1.04951
79,387,FALSE,4.05638,1.00537
79,388,FALSE,1.06569,1.0249
79,389,FALSE,2.017,1.04312
79,390,FALSE,5.12824,1.03356
79,391,FALSE,3.01431,1.00577
79,394,FALSE,5.09644,1.00572
79,395,FALSE,1.07331,5.01238
79,396,FALSE,1.04486,5.11795
79,397,FALSE,1.14659,5.0926
79,398,FALSE,3.14497,5.02712
79,403,FALSE,4.00944,1.06537
79,404,FALSE,4.09601,5.11086
79,405,FALSE,1.10698,5.10462
79,406,FALSE,1.02571,1.0428
79,407,FALSE,3.11619,4.0244
79,408,TRUE,1.12251,1
79,412,FALSE,6.10171,5.00047
79,413,FALSE,5.05106,5.01457
79,414,FALSE,6.09473,5.00373
79,415,FALSE,3.10405,5.00392
79,416,FALSE,3.06887,3.10044
79,417,FALSE,3.1084,1.12636
79,418,FALSE,5.07482,5.07777
79,419,FALSE,3.13853,4.00964
79,420,FALSE,3.00664,3.10428
79,421,FALSE,5.04908,3.10814
79,422,FALSE,5.05221,3.01261
79,423,FALSE,3.08861,1.12924
79,425,FALSE,1.01969,1.06054
79,426,FALSE,4.02386,1.08079
79,427,FALSE,1.14209,1.10916
79,428,FALSE,3.10765,3.11098
79,429,FALSE,3.13752,3.08159
80,1,FALSE,3.0936,1.0948
80,3,FALSE,1.00581,1.05624
80,5,FALSE,7.08056,1.08983
80,6,FALSE,3.10551,1.03639
80,7,FALSE,1,1.00739
80,9,FALSE,1.13716,1.00859
80,10,FALSE,1.14277,1.09193
80,11,FALSE,1,1.11019
80,13,FALSE,1.13273,1.12369
80,17,FALSE,3.08817,1.04858
80,18,FALSE,1.10949,1.05207
80,19,TRUE,3.12236,1
80,21,FALSE,3.00852,1.06446
80,22,FALSE,1.12263,1.10778
80,25,FALSE,4.07608,1.06185
80,29,FALSE,1.14293,1.00515
80,30,FALSE,1.14357,1.10046
80,69,FALSE,4.0751,1.00038
80,70,FALSE,3.08827,3.02113
80,71,FALSE,1.14321,1.08268
80,72,FALSE,3.14054,3.03946
80,73,FALSE,3.08897,3.00188
80,74,FALSE,3.03134,3.03474
80,75,FALSE,3.06209,4.11733
80,76,FALSE,3.05503,1.13767
80,77,FALSE,1.14722,3.00544
80,78,FALSE,3.09165,1.10002
80,79,FALSE,3.04791,1.1284
80,82,FALSE,4.06401,1.05278
80,83,FALSE,3.00243,1.11546
80,84,FALSE,1,3.02524
80,85,FALSE,1,1.11332
80,86,TRUE,4.11107,1
80,91,FALSE,1.13951,1.05107
80,92,FALSE,1.14077,1.09701
80,93,FALSE,3.07639,1.12979
80,95,FALSE,1.13954,1.01787
80,98,FALSE,5.04077,1.04418
80,99,FALSE,5.0033,2.00163
80,100,FALSE,6.14309,1.11288
80,101,FALSE,3.10953,1.04463
80,103,FALSE,5.04938,1.13379
80,104,FALSE,5.03407,1.12107
80,106,FALSE,5.08955,1.10726
80,107,FALSE,6.01372,1.04392
80,109,FALSE,4.02281,1.14426
80,110,FALSE,3.13881,1.10386
80,111,FALSE,3.03358,1.00586
80,112,FALSE,2.04484,1.02739
80,113,FALSE,3.06478,1.10006
80,114,FALSE,1.13975,1.01102
80,115,FALSE,1.1381,1.14045
80,116,FALSE,3.07767,1.0345
80,117,FALSE,1.10214,1.0942
80,118,FALSE,3.0989,1.02571
80,120,FALSE,4.02773,1.0023
80,121,FALSE,1.14452,1.0058
80,122,FALSE,1.14382,1.00426
80,123,FALSE,1.11983,1.00015
80,124,FALSE,7.1248,1.04724
80,125,FALSE,4.14592,5.0758
80,126,FALSE,5.01312,5.07636
80,127,FALSE,4.01465,1.11443
80,128,FALSE,5.07013,1.01318
80,129,FALSE,5.00685,1.10733
80,130,FALSE,5.0835,5.11359
80,131,FALSE,1.09944,1.08382
80,133,FALSE,1.14582,1.0117
80,134,FALSE,1.14269,1.00541
80,135,FALSE,1.12333,1.0442
80,136,FALSE,1.11851,1.05001
80,137,FALSE,1.1097,1.10205
80,139,FALSE,1.08677,1.05798
80,140,FALSE,1.14456,1.0507
80,141,FALSE,1.06501,1.11236
80,142,FALSE,1.07792,1.05663
80,143,FALSE,1.12982,1.01446
80,144,FALSE,6.0772,1.06956
80,145,TRUE,5.09114,1
80,146,TRUE,1,1
80,147,FALSE,1,1.14114
80,148,TRUE,1,1
80,149,TRUE,3.08991,1
80,150,FALSE,1,5.02177
80,151,TRUE,1.11499,1
80,153,FALSE,1.14713,1.12403
80,154,FALSE,5.04623,1.11202
80,155,FALSE,3.03969,1.04756
80,156,FALSE,1.14662,1.08624
80,157,FALSE,1.14196,1.02403
80,158,FALSE,3.08159,1.00562
80,159,FALSE,3.0613,1.01269
80,160,FALSE,3.12955,1.04886
80,161,FALSE,3.07408,1.09019
80,162,FALSE,4.03941,4.12993
80,164,FALSE,7.07963,1.01078
80,165,FALSE,1.08365,5.09192
80,166,FALSE,5.05514,5.13012
80,167,FALSE,1.06251,1.08885
80,168,FALSE,1,5.03409
80,169,FALSE,5.0463,5.13065
80,173,FALSE,4.11026,1.08724
80,175,FALSE,1.04367,1.04555
80,176,FALSE,1.10321,1.10698
80,177,FALSE,5.13465,1.09928
80,178,FALSE,5.13878,4.02371
80,179,FALSE,5.14106,1.13746
80,180,FALSE,5.06516,2.14621
80,181,FALSE,5.13354,3.08601
80,182,FALSE,5.00669,1.14691
80,183,FALSE,5.08651,1.11424
80,184,FALSE,7.00845,1.12408
80,185,FALSE,5.11255,1.12332
80,186,FALSE,7.03867,1.12181
80,188,FALSE,5.11867,1.00719
80,189,FALSE,6.04662,4.1167
80,190,FALSE,3.13365,1.14671
80,191,FALSE,5.09776,1.11463
80,192,FALSE,5.14041,1.13015
80,193,FALSE,5.04401,6.01001
80,194,FALSE,5.13983,1.12187
80,195,FALSE,3.01646,1.10972
80,197,FALSE,5.07124,1.00298
80,198,FALSE,5.02355,1.09592
80,199,FALSE,4.12308,3.02525
80,200,FALSE,1.14481,1.14641
80,201,FALSE,1.1396,1.01388
80,202,FALSE,7.05472,7.03901
80,203,FALSE,5.14472,4.07138
80,204,FALSE,5.03259,1.09196
80,206,FALSE,5.02631,1.00999
80,207,FALSE,3.04987,1.12071
80,208,FALSE,1.14605,1.0422
80,209,FALSE,3.09521,3.00617
80,210,FALSE,3.07204,3.00417
80,211,FALSE,3.04622,3.10113
80,212,FALSE,1.11631,1.07363
80,213,FALSE,3.02067,1.08241
80,216,FALSE,6.0829,1.10815
80,217,FALSE,4.04228,1.13205
80,218,FALSE,5.13926,1.09248
80,219,FALSE,5.03414,1.1455
80,222,FALSE,3.01531,1.11475
80,225,FALSE,3.094,4.12015
80,226,FALSE,5.01522,1.07894
80,227,FALSE,7.12616,4.07217
80,229,FALSE,4.14271,3.10676
80,230,FALSE,3.08628,3.04973
80,233,FALSE,5.13545,1.01041
80,234,FALSE,5.11111,3.03558
80,235,FALSE,3.03281,3.05972
80,236,FALSE,1.09082,1.13452
80,237,FALSE,1.13615,1.06405
80,242,FALSE,4.09967,1.00725
80,243,FALSE,1.09608,1.12024
80,251,FALSE,4.08227,4.11209
80,252,FALSE,3.08791,1.12331
80,253,FALSE,5.00075,1.00781
80,254,FALSE,1.09058,1.00587
80,255,FALSE,3.1374,1.00742
80,256,FALSE,5.13211,1.04872
80,257,FALSE,5.13073,1.07972
80,258,FALSE,3.10707,1.06358
80,259,FALSE,1.12406,3.0864
80,260,FALSE,1.14142,1.00548
80,262,FALSE,6.08235,1.01383
80,263,FALSE,1.14213,1.0221
80,264,FALSE,4.03312,1.02318
80,265,FALSE,1.11101,1.13681
80,270,FALSE,1.13668,3.09502
80,271,FALSE,3.13574,1.0597
80,272,FALSE,1.12806,1.1263
80,273,FALSE,1.13798,1.13386
80,274,FALSE,1.1343,1.11433
80,275,FALSE,1.1472,3.00952
80,280,FALSE,1.14284,1.03052
80,289,FALSE,4.08549,1.05062
80,290,FALSE,1.14393,1.09464
80,291,FALSE,1.1409,1.13729
80,292,FALSE,1.14743,1.09201
80,293,FALSE,5.11307,5.01355
80,294,FALSE,5.12278,5.00274
80,295,FALSE,6.08261,5.00821
80,296,FALSE,1.01348,5.01847
80,297,FALSE,5.06882,1.11485
80,298,FALSE,5.08637,1.01849
80,299,FALSE,4.08502,1.13009
80,300,FALSE,5.09047,1.1132
80,301,FALSE,3.04495,1.03466
80,302,FALSE,5.08166,1.04562
80,303,FALSE,3.12199,1.06364
80,308,FALSE,6.08733,1.01901
80,317,FALSE,5.13526,1.01718
80,318,FALSE,6.00144,1.08438
80,319,FALSE,5.12986,1.04496
80,320,FALSE,2.0893,1.03978
80,321,FALSE,4.04456,1.06472
80,322,FALSE,3.01937,1.07285
80,323,FALSE,3.13204,1.01651
80,324,FALSE,3.00879,1.00907
80,325,FALSE,5.1393,1.02596
80,326,FALSE,3.10212,1.00971
80,328,FALSE,5.09617,1.08781
80,329,FALSE,6.02617,2.12578
80,330,FALSE,5.0971,1.07762
80,331,FALSE,5.01188,1.02732
80,332,FALSE,5.13899,1.13675
80,333,FALSE,5.10795,3.12555
80,334,FALSE,1.14423,1.13481
80,335,FALSE,5.05393,1.04053
80,336,FALSE,5.13887,1.0951
80,337,FALSE,5.14002,1.03679
80,339,FALSE,5.09585,1.06783
80,340,TRUE,1.00482,1
80,341,TRUE,5.11085,1
80,342,FALSE,1.10731,6.0389
80,343,TRUE,1,1
80,346,FALSE,5.09111,1.07224
80,347,FALSE,6.09773,1.12606
80,348,FALSE,5.00773,1.08908
80,349,FALSE,5.00864,1.03949
80,350,FALSE,4.06622,3.04235
80,351,FALSE,5.10187,1.14495
80,352,FALSE,4.00315,1.14118
80,353,FALSE,7.03716,4.11077
80,354,FALSE,5.0933,4.12652
80,355,FALSE,3.0673,1.08052
80,357,FALSE,4.0038,1.08228
80,358,FALSE,3.01957,1.12588
80,359,FALSE,3.00244,1.11031
80,361,FALSE,5.09821,1.05764
80,363,FALSE,5.0635,5.07869
80,364,FALSE,5.0698,5.07751
80,365,FALSE,3.03203,1.05288
80,366,FALSE,1.12401,1.07579
80,367,FALSE,5.05448,5.0699
80,370,FALSE,3.14403,1.10661
80,371,FALSE,3.07037,1.13788
80,372,FALSE,6.1109,1.14446
80,373,FALSE,1.12144,1.12615
80,374,FALSE,7.09918,1.02618
80,375,FALSE,3.09065,1.10305
80,376,FALSE,1.10034,1.00307
80,377,FALSE,1.10481,1.03198
80,378,FALSE,3.11641,3.02218
80,379,FALSE,1.13351,3.07326
80,380,FALSE,3.12658,4.0205
80,381,FALSE,1.14694,1.10827
80,383,FALSE,5.11081,1.09614
80,384,FALSE,5.12151,1.13086
80,385,FALSE,5.12985,1.01132
80,386,FALSE,5.10252,1.08255
80,387,FALSE,4.08363,1.04701
80,388,FALSE,1.14483,1.0043
80,389,FALSE,2.05997,1.08388
80,390,FALSE,2.13325,1.06909
80,391,FALSE,3.11671,1.01669
80,394,FALSE,5.1204,1.00273
80,395,FALSE,1.0471,5.00337
80,396,FALSE,1.13105,5.09881
80,397,FALSE,1.14412,5.08565
80,398,FALSE,3.05299,5.11275
80,403,FALSE,4.01411,1.02412
80,404,FALSE,4.13243,5.07857
80,405,FALSE,1.08894,5.07296
80,406,FALSE,1,1.10029
80,407,FALSE,3.05748,4.03715
80,408,TRUE,1.1298,1
80,412,FALSE,6.13859,5.00214
80,413,FALSE,5.11705,5.00491
80,414,FALSE,6.14001,5.00903
80,415,FALSE,3.05077,5.0172
80,416,FALSE,3.03452,3.14078
80,417,FALSE,3.06924,1.13745
80,418,FALSE,5.04922,5.05562
80,419,FALSE,5.10956,3.10926
80,420,FALSE,3.00338,3.0534
80,421,FALSE,5.07791,3.07605
80,422,FALSE,5.12274,3.06211
80,423,FALSE,3.05743,1.1213
80,425,FALSE,7.06359,1.05704
80,426,FALSE,4.12302,1.07398
80,427,FALSE,1.13579,1.10437
80,428,FALSE,3.13308,3.0792
80,429,FALSE,3.08961,3.07993
81,1,FALSE,3.0993,1.07693
81,3,FALSE,1.04472,1.07845
81,5,FALSE,7.08594,1.04081
81,6,FALSE,3.08153,1.11504
81,7,FALSE,1,1.0004
81,9,FALSE,1.13306,1.00179
81,10,FALSE,1.02102,1.01332
81,11,FALSE,1,1.12944
81,13,FALSE,1.12114,1.10955
81,17,FALSE,3.08657,1.0494
81,18,FALSE,1.09579,1.09074
81,19,TRUE,3.12425,1
81,21,FALSE,3.10351,1.0843
81,22,FALSE,1.1469,1.14188
81,25,FALSE,4.0999,1.05726
81,29,FALSE,1.14587,1.01696
81,30,FALSE,1.14065,1.07105
81,69,FALSE,4.11415,1.00718
81,70,FALSE,3.0609,3.01521
81,71,FALSE,3.00161,1.09885
81,72,FALSE,3.10228,3.08006
81,73,FALSE,3.06869,3.02618
81,74,FALSE,3.01803,3.02098
81,75,FALSE,3.04904,4.02982
81,76,FALSE,1.14479,1.14513
81,77,FALSE,1.14034,3.02916
81,78,FALSE,3.12427,1.1026
81,79,FALSE,3.06821,1.13524
81,82,FALSE,4.14199,1.00895
81,83,FALSE,3.1114,1.01415
81,84,FALSE,1,3.06245
81,85,FALSE,1,1.00178
81,86,TRUE,4.01156,1
81,91,FALSE,1.13968,1.04144
81,92,FALSE,1.14231,1.11844
81,93,FALSE,3.01695,1.10798
81,95,FALSE,1.13978,1.0373
81,98,FALSE,5.1143,1.08217
81,99,FALSE,5.13877,2.01478
81,100,FALSE,6.09135,1.12962
81,101,FALSE,3.0571,1.02822
81,103,FALSE,5.08435,1.14195
81,104,FALSE,5.11038,1.06734
81,106,FALSE,5.14246,1.06806
81,107,FALSE,6.02125,1.05188
81,109,FALSE,4.08092,1.11219
81,110,FALSE,3.07877,1.11601
81,111,FALSE,3.07269,1.00144
81,112,FALSE,2.04057,1.01554
81,113,FALSE,3.09924,1.08607
81,114,FALSE,1.14045,1.03918
81,115,FALSE,1.12797,1.02637
81,116,FALSE,3.04623,1.01676
81,117,FALSE,1.13132,1.01073
81,118,FALSE,3.12156,1.02792
81,120,FALSE,4.08994,1.00058
81,121,FALSE,1.13441,1.00783
81,122,FALSE,1.14346,1.00569
81,123,FALSE,1.10396,1.00543
81,124,FALSE,7.13608,1.04303
81,125,FALSE,4.1186,5.13269
81,126,FALSE,5.04115,5.10819
81,127,FALSE,4.10348,1.1272
81,128,FALSE,5.05898,1.01845
81,129,FALSE,5.1029,1.09892
81,130,FALSE,5.12167,5.12283
81,131,FALSE,1.05309,1.02699
81,133,FALSE,1.14182,1.00421
81,134,FALSE,1.13611,1.00003
81,135,FALSE,1.12013,1.04387
81,136,FALSE,1.11364,1.05303
81,137,FALSE,1.03153,1.05404
81,139,FALSE,1.10732,1.11741
81,140,FALSE,1.08759,1.00912
81,141,FALSE,1.13079,1.11626
81,142,FALSE,1.14609,1.14451
81,143,FALSE,1.11312,1.02882
81,144,FALSE,1.06329,1.13145
81,145,TRUE,5.00148,1
81,146,TRUE,1,1
81,147,FALSE,1,1.0029
81,148,TRUE,1,1
81,149,TRUE,3.08709,1
81,150,FALSE,1,5.09342
81,151,FALSE,1,1.13814
81,153,FALSE,1.13941,1.13989
81,154,FALSE,5.06029,1.1111
81,155,FALSE,7.04376,1.02317
81,156,FALSE,1.13206,1.07653
81,157,FALSE,1.13788,1.0037
81,158,FALSE,3.00457,1.04987
81,159,FALSE,3.10063,1.03028
81,160,FALSE,3.11788,1.01752
81,161,FALSE,3.06826,1.03244
81,162,FALSE,4.08192,4.12065
81,164,FALSE,7.06848,1.04405
81,165,FALSE,1.12107,5.07395
81,166,FALSE,5.09555,5.1291
81,167,FALSE,1.00876,1.1197
81,168,FALSE,1,5.04647
81,169,FALSE,5.09837,5.12363
81,173,FALSE,3.07193,1.08111
81,175,FALSE,1.05609,1.08774
81,176,FALSE,1.12487,1.07279
81,177,FALSE,5.1189,1.0976
81,178,FALSE,6.0053,4.00382
81,179,FALSE,5.10666,1.14115
81,180,FALSE,5.00233,2.11404
81,181,FALSE,5.14234,3.1168
81,182,FALSE,5.0044,1.14678
81,183,FALSE,5.05754,1.12218
81,184,FALSE,7.07775,1.12665
81,185,FALSE,5.09621,1.13985
81,186,FALSE,7.02923,1.09838
81,188,FALSE,5.14194,1.01092
81,189,FALSE,6.04137,4.10546
81,190,FALSE,3.01034,3.00746
81,191,FALSE,5.12411,1.05227
81,192,FALSE,5.07308,1.06232
81,193,FALSE,5.07974,6.04939
81,194,FALSE,5.06481,1.1172
81,195,FALSE,3.08516,1.11105
81,197,FALSE,5.13806,1.00225
81,198,FALSE,5.12905,1.10596
81,199,FALSE,4.02639,3.06549
81,200,FALSE,1.13095,1.13528
81,201,FALSE,1.1422,1.13379
81,202,FALSE,7.05834,7.06572
81,203,FALSE,5.13573,1.12525
81,204,FALSE,5.09436,1.09633
81,206,FALSE,5.09359,1.00341
81,207,FALSE,3.00808,1.14024
81,208,FALSE,1.13826,1.09067
81,209,FALSE,3.03185,3.01959
81,210,FALSE,3.06442,3.02633
81,211,FALSE,3.03196,3.10294
81,212,FALSE,1.13557,1.08758
81,213,FALSE,3.03043,1.0741
81,216,FALSE,6.01223,1.11354
81,217,FALSE,4.08343,1.1406
81,218,FALSE,5.08939,1.12901
81,219,FALSE,5.03212,3.0256
81,222,FALSE,3.07831,1.10269
81,225,FALSE,3.13648,4.0193
81,226,FALSE,5.12091,1.0807
81,227,FALSE,7.05869,4.01038
81,229,FALSE,4.10811,3.10564
81,230,FALSE,3.10675,3.06379
81,233,FALSE,5.0922,1.00098
81,234,FALSE,5.11215,3.01629
81,235,FALSE,5.08205,3.00898
81,236,FALSE,1.13519,1.10857
81,237,FALSE,1.14727,1.09186
81,242,FALSE,4.11629,1.00599
81,243,FALSE,1.11153,1.13193
81,251,FALSE,4.08837,4.09723
81,252,FALSE,3.127,1.12982
81,253,FALSE,5.12353,1.00975
81,254,FALSE,1.03843,1.01576
81,255,FALSE,3.06153,1.07991
81,256,FALSE,5.04666,1.04414
81,257,FALSE,5.03646,1.02579
81,258,FALSE,3.12122,1.02548
81,259,FALSE,1.12774,3.02589
81,260,FALSE,1.13886,1.09306
81,262,FALSE,6.13639,1.00336
81,263,FALSE,1.14141,1.01525
81,264,FALSE,4.02507,1.11337
81,265,FALSE,1.13888,1.11826
81,270,FALSE,1.14528,3.08519
81,271,FALSE,3.08712,1.14382
81,272,FALSE,1.10304,1.11133
81,273,FALSE,1.12926,1.13292
81,274,FALSE,1.12197,1.07293
81,275,FALSE,1.11179,3.06544
81,280,FALSE,1.1357,1.01069
81,289,FALSE,4.0964,1.0762
81,290,FALSE,1.14698,1.10633
81,291,FALSE,1.14063,1.14575
81,292,FALSE,1.12344,1.10364
81,293,FALSE,5.14626,5.00325
81,294,FALSE,5.1427,5.00334
81,295,FALSE,6.064,5.02179
81,296,FALSE,1.11357,5.03383
81,297,FALSE,5.13218,1.07271
81,298,FALSE,5.12834,1.07267
81,299,FALSE,4.07036,1.0484
81,300,FALSE,5.12607,1.02858
81,301,FALSE,3.03958,1.09695
81,302,FALSE,5.11277,1.09141
81,303,FALSE,3.13216,1.03997
81,308,FALSE,6.12392,1.02473
81,317,FALSE,3.11244,1.00203
81,318,FALSE,6.02145,1.10855
81,319,FALSE,5.14353,1.03193
81,320,FALSE,2.08692,1.0183
81,321,FALSE,4.11375,1.02077
81,322,FALSE,3.13939,1.05073
81,323,FALSE,3.04069,1.01097
81,324,FALSE,3.11523,1.00847
81,325,FALSE,5.09618,1.06219
81,326,FALSE,3.07855,1.00163
81,328,FALSE,5.11159,1.08201
81,329,FALSE,6.07015,2.03405
81,330,FALSE,5.14163,1.11299
81,331,FALSE,5.0821,1.04167
81,332,FALSE,5.08406,1.11942
81,333,FALSE,5.1131,3.08867
81,334,FALSE,1.13812,1.06709
81,335,FALSE,5.10843,1.10809
81,336,FALSE,5.129,1.03891
81,337,FALSE,5.07722,1.09387
81,339,FALSE,5.08003,1.13572
81,340,TRUE,1.12416,1
81,341,TRUE,5.01373,1
81,342,FALSE,1.05913,6.04437
81,343,TRUE,1,1
81,346,FALSE,3.00556,1.10074
81,347,FALSE,6.11836,1.11355
81,348,FALSE,5.06298,1.0744
81,349,FALSE,5.1072,1.02431
81,350,FALSE,4.11613,3.00708
81,351,FALSE,5.03358,1.12643
81,352,FALSE,4.07791,1.14098
81,353,FALSE,7.07245,4.09613
81,354,FALSE,5.01627,4.1179
81,355,FALSE,3.14631,1.1
81,357,FALSE,4.06465,1.06828
81,358,FALSE,3.0742,1.08082
81,359,FALSE,3.05419,1.13706
81,361,FALSE,5.10849,1.07714
81,363,FALSE,5.06536,5.0946
81,364,FALSE,5.11124,5.11229
81,365,FALSE,3.09626,1.05211
81,366,FALSE,1.11223,1.13129
81,367,FALSE,5.12764,5.0685
81,370,FALSE,3.12322,1.10216
81,371,FALSE,3.07934,1.14135
81,372,FALSE,6.06426,1.14696
81,373,FALSE,1.14532,1.08738
81,374,FALSE,7.04023,1.00423
81,375,FALSE,1.00781,1.11919
81,376,FALSE,1.1233,1.10794
81,377,FALSE,1.10683,1.11289
81,378,FALSE,3.0853,3.08038
81,379,FALSE,1.14481,3.13663
81,380,FALSE,3.05532,4.03159
81,381,FALSE,1.11948,1.11503
81,383,FALSE,5.11362,1.07128
81,384,FALSE,5.14477,1.14608
81,385,FALSE,5.13643,1.01757
81,386,FALSE,5.08209,1.02264
81,387,FALSE,4.12759,1.00439
81,388,FALSE,1.07481,1.00113
81,389,FALSE,2.14388,1.00302
81,390,FALSE,5.03141,1.01096
81,391,FALSE,3.14264,1.0021
81,394,FALSE,5.05166,1.07428
81,395,FALSE,1.12514,5.05181
81,396,FALSE,1.0903,5.13529
81,397,FALSE,1.12496,5.1118
81,398,FALSE,3.02743,5.06159
81,403,FALSE,4.10548,1.05781
81,404,FALSE,4.0323,5.04285
81,405,FALSE,1.10334,5.03855
81,406,FALSE,1,1.12424
81,407,FALSE,3.04614,4.06349
81,408,TRUE,1.04786,1
81,412,FALSE,6.1456,5.0011
81,413,FALSE,1.14567,5.00442
81,414,FALSE,6.05118,5.05375
81,415,FALSE,3.07184,5.00059
81,416,FALSE,5.14208,3.00468
81,417,FALSE,3.07491,1.11526
81,418,FALSE,5.06463,5.09443
81,419,FALSE,3.10591,4.06574
81,420,FALSE,3.06695,3.07365
81,421,FALSE,5.11759,3.08048
81,422,FALSE,5.11011,3.09462
81,423,FALSE,3.11106,1.13983
81,425,FALSE,1.08454,1.00087
81,426,FALSE,4.08429,1.08941
81,427,FALSE,1.13038,1.08105
81,428,FALSE,3.13636,3.10512
81,429,FALSE,3.04311,3.11455
82,1,FALSE,3.09075,1.07924
82,3,FALSE,1.02722,1.05786
82,5,FALSE,7.11079,1.06246
82,6,FALSE,3.04733,1.02864
82,7,FALSE,1,1.0162
82,9,FALSE,1.10108,1.02883
82,10,FALSE,1.06312,1.02225
82,11,FALSE,1,1.08044
82,13,FALSE,1.1177,1.11464
82,17,FALSE,3.12533,1.02891
82,18,FALSE,1.08202,1.07331
82,19,TRUE,3.10824,1
82,21,FALSE,3.05686,1.10073
82,22,FALSE,1.13925,1.12875
82,25,FALSE,1.1389,1.08907
82,29,FALSE,1.14345,1.01878
82,30,FALSE,1.14232,1.09981
82,69,FALSE,4.11427,1.0005
82,70,FALSE,3.10671,3.02293
82,71,FALSE,3.01856,1.06058
82,72,FALSE,3.118,3.08896
82,73,FALSE,3.11897,3.03794
82,74,FALSE,7.14106,3.05198
82,75,FALSE,3.14067,4.01433
82,76,FALSE,1.14495,1.12541
82,77,FALSE,1.14039,3.02341
82,78,FALSE,4.14703,1.09529
82,79,FALSE,1.14691,1.13104
82,82,FALSE,4.09486,1.05983
82,83,FALSE,3.09686,1.05417
82,84,FALSE,1,3.13561
82,85,FALSE,1,1.08484
82,86,TRUE,4.04708,1
82,91,FALSE,1.14633,1.06375
82,92,FALSE,3.14186,1.11319
82,93,FALSE,3.14688,1.11353
82,95,FALSE,1.12332,1.02303
82,98,FALSE,5.10899,1.06633
82,99,FALSE,5.10626,2.00219
82,100,FALSE,6.04753,1.12373
82,101,FALSE,3.11874,1.01711
82,103,FALSE,5.01265,1.07189
82,104,FALSE,5.1288,1.11043
82,106,FALSE,5.00372,1.0957
82,107,FALSE,6.05287,1.04106
82,109,FALSE,4.06198,1.13848
82,110,FALSE,3.02876,1.11747
82,111,FALSE,3.13098,1.00625
82,112,FALSE,2.06596,1.01448
82,113,FALSE,3.12814,1.03352
82,114,FALSE,1.14727,1.0064
82,115,FALSE,1.13985,1.07608
82,116,FALSE,3.09626,1.04437
82,117,FALSE,1.11659,1.04576
82,118,FALSE,3.11912,1.04935
82,120,FALSE,4.08603,1.00171
82,121,FALSE,1.14078,1.00452
82,122,FALSE,1.08984,1.0023
82,123,FALSE,1.09793,1.00669
82,124,FALSE,7.1316,1.06085
82,125,FALSE,4.01216,5.03949
82,126,FALSE,5.13913,5.06607
82,127,FALSE,4.06707,1.14396
82,128,FALSE,5.03488,1.01247
82,129,FALSE,5.12453,1.06176
82,130,FALSE,5.0331,5.09727
82,131,FALSE,1.11394,1.00315
82,133,FALSE,1.14303,1.0051
82,134,FALSE,1.10706,1.00991
82,135,FALSE,1.0956,1.01459
82,136,FALSE,1.09908,1.02362
82,137,FALSE,1.13165,1.08041
82,139,FALSE,1.04898,1.08711
82,140,FALSE,1.10604,1.04258
82,141,FALSE,1.11638,1.07164
82,142,FALSE,1.11436,1.04608
82,143,FALSE,1.12046,1.03218
82,144,FALSE,1.13865,1.0655
82,145,FALSE,1,5.07371
82,146,TRUE,1,1
82,147,FALSE,1,1.05094
82,148,TRUE,1,1
82,149,TRUE,3.12194,1
82,150,FALSE,1,5.07244
82,151,FALSE,1,1.11371
82,153,FALSE,1.1442,1.1375
82,154,FALSE,5.03276,1.0899
82,155,FALSE,1.1435,1.04448
82,156,FALSE,3.14711,1.08061
82,157,FALSE,1.08066,1.01339
82,158,FALSE,3.08454,1.1118
82,159,FALSE,3.12121,1.00303
82,160,FALSE,3.01672,1.0631
82,161,FALSE,3.08445,1.00012
82,162,FALSE,4.11022,4.09033
82,164,FALSE,7.13539,1.00366
82,165,FALSE,1.11018,5.03307
82,166,FALSE,5.04271,5.09501
82,167,FALSE,1.01087,1.10635
82,168,FALSE,1,5.14634
82,169,FALSE,5.05177,5.13127
82,173,FALSE,4.00687,1.09244
82,175,FALSE,1.05775,1.08792
82,176,FALSE,1.13369,1.14371
82,177,FALSE,5.12128,1.1145
82,178,FALSE,5.07653,4.02085
82,179,FALSE,5.14579,1.14271
82,180,FALSE,5.11617,2.05455
82,181,FALSE,5.14437,3.06418
82,182,FALSE,5.06386,1.12976
82,183,FALSE,5.13075,1.11004
82,184,FALSE,7.02077,1.12992
82,185,FALSE,5.14423,1.14211
82,186,FALSE,7.09823,1.08419
82,188,FALSE,5.1451,1.00479
82,189,FALSE,6.08752,4.13476
82,190,FALSE,3.04216,3.06877
82,191,FALSE,5.13696,1.1074
82,192,FALSE,5.09451,1.10332
82,193,FALSE,5.04222,6.12074
82,194,FALSE,5.05926,1.13962
82,195,FALSE,3.07051,1.0911
82,197,FALSE,5.13531,1.00866
82,198,FALSE,5.04261,1.1059
82,199,FALSE,4.13684,3.00945
82,200,FALSE,1.14225,1.08881
82,201,FALSE,1.14628,1.14738
82,202,FALSE,7.05139,7.05422
82,203,FALSE,5.14041,4.11678
82,204,FALSE,5.07202,1.03626
82,206,FALSE,5.0111,1.00438
82,207,FALSE,3.06481,1.1163
82,208,FALSE,1.11375,1.03254
82,209,FALSE,3.13736,3.03756
82,210,FALSE,3.08784,3.05819
82,211,FALSE,3.00829,3.10404
82,212,FALSE,1.11273,1.11415
82,213,FALSE,3.11112,1.10474
82,216,FALSE,6.00118,1.09402
82,217,FALSE,4.046,1.13605
82,218,FALSE,5.14491,1.12962
82,219,FALSE,5.1301,1.11989
82,222,FALSE,3.11717,1.11631
82,225,FALSE,3.06012,4.0467
82,226,FALSE,5.12055,1.10866
82,227,FALSE,7.0578,4.08319
82,229,FALSE,4.134,3.10919
82,230,FALSE,3.12648,3.0874
82,233,FALSE,5.11969,1.00203
82,234,FALSE,5.12343,3.04114
82,235,FALSE,3.00598,3.06138
82,236,FALSE,1.12103,1.03791
82,237,FALSE,1.13528,1.06824
82,242,FALSE,4.10136,1.04022
82,243,FALSE,1.09871,1.03046
82,251,FALSE,4.07552,4.09174
82,252,FALSE,3.11054,1.13969
82,253,FALSE,5.00088,1.02183
82,254,FALSE,1.06753,1.02933
82,255,FALSE,3.12463,1.01138
82,256,FALSE,5.06309,1.10175
82,257,FALSE,5.13596,1.04396
82,258,FALSE,3.13721,1.12736
82,259,FALSE,1.13091,1.09255
82,260,FALSE,1.08099,1.02186
82,262,FALSE,6.12601,1.00509
82,263,FALSE,1.14575,1.04035
82,264,FALSE,4.081,1.10926
82,265,FALSE,1.14689,1.12839
82,270,FALSE,1.14406,3.03774
82,271,FALSE,3.12396,1.12547
82,272,FALSE,1.10928,1.08096
82,273,FALSE,1.1417,1.10802
82,274,FALSE,1.14366,1.12207
82,275,FALSE,1.12471,3.06139
82,280,FALSE,1.13257,1.01106
82,289,FALSE,4.05361,1.08481
82,290,FALSE,1.13972,1.11641
82,291,FALSE,1.13653,1.14663
82,292,FALSE,1.13867,1.11401
82,293,FALSE,6.02226,5.01049
82,294,FALSE,5.13526,5.0136
82,295,FALSE,6.13153,5.01416
82,296,FALSE,5.14484,5.06406
82,297,FALSE,5.07043,1.07399
82,298,FALSE,5.10118,1.01836
82,299,FALSE,4.01241,1.09595
82,300,FALSE,5.00346,1.13654
82,301,FALSE,3.09731,1.04255
82,302,FALSE,5.09021,1.11821
82,303,FALSE,3.14249,1.01797
82,308,FALSE,6.12571,1.01556
82,317,FALSE,5.01984,1.00686
82,318,FALSE,6.13302,1.09832
82,319,FALSE,5.14386,1.0724
82,320,FALSE,5.09034,1.03533
82,321,FALSE,4.12235,1.00065
82,322,FALSE,3.00147,1.0363
82,323,FALSE,3.04012,1.01657
82,324,FALSE,3.11209,1.01328
82,325,FALSE,5.05932,1.02242
82,326,FALSE,3.11442,1.0133
82,328,FALSE,5.07449,1.10819
82,329,FALSE,6.03329,2.05278
82,330,FALSE,5.11397,1.11365
82,331,FALSE,5.13082,1.05837
82,332,FALSE,5.07891,1.12611
82,333,FALSE,5.13601,3.0708
82,334,FALSE,1.12558,1.11758
82,335,FALSE,5.1131,1.11259
82,336,FALSE,5.14119,1.03556
82,337,FALSE,5.10138,1.12414
82,339,FALSE,5.08793,1.00796
82,340,TRUE,1.01135,1
82,341,TRUE,5.04424,1
82,342,FALSE,1.11318,6.03442
82,343,TRUE,1,1
82,346,FALSE,3.06554,1.08987
82,347,FALSE,6.0601,1.14027
82,348,FALSE,5.01927,1.08939
82,349,FALSE,5.08112,1.06024
82,350,FALSE,4.13116,3.04034
82,351,FALSE,5.01787,1.12118
82,352,FALSE,4.021,1.11364
82,353,FALSE,7.09911,4.08877
82,354,FALSE,5.02364,4.1172
82,355,FALSE,3.05911,1.10282
82,357,FALSE,4.1082,1.05521
82,358,FALSE,3.07305,1.07727
82,359,FALSE,3.06199,1.1135
82,361,FALSE,5.06396,1.08128
82,363,FALSE,5.10007,5.10152
82,364,FALSE,5.11144,5.14296
82,365,FALSE,3.02138,1.09756
82,366,FALSE,1.10247,1.11908
82,367,FALSE,5.1432,5.05226
82,370,FALSE,3.08218,1.09797
82,371,FALSE,3.13134,1.13121
82,372,FALSE,6.04229,1.14717
82,373,FALSE,1.11492,1.10761
82,374,FALSE,7.12773,1.02144
82,375,FALSE,1.07424,1.01756
82,376,FALSE,1.14376,1.11194
82,377,FALSE,1.10848,1.13139
82,378,FALSE,3.0968,3.07702
82,379,FALSE,1.14297,3.10752
82,380,FALSE,3.02593,4.05569
82,381,FALSE,1.14063,1.1022
82,383,FALSE,5.05283,1.07134
82,384,FALSE,5.12836,1.12947
82,385,FALSE,5.13772,1.00708
82,386,FALSE,5.1035,1.01686
82,387,FALSE,4.1204,1.00565
82,388,FALSE,1.1372,1.0684
82,389,FALSE,2.07912,1.00507
82,390,FALSE,5.078,1.04376
82,391,FALSE,3.02296,1.00254
82,394,FALSE,5.10454,1.0817
82,395,FALSE,1.12673,5.09184
82,396,FALSE,1.08708,5.07203
82,397,FALSE,1.12342,5.05391
82,398,FALSE,3.09275,5.04899
82,403,FALSE,4.07035,1.04262
82,404,FALSE,4.06299,5.00561
82,405,FALSE,1.11324,5.13849
82,406,FALSE,1.12835,1.03902
82,407,FALSE,3.02632,4.11257
82,408,TRUE,1.08625,1
82,412,FALSE,6.08763,5.00234
82,413,FALSE,1.14581,5.00521
82,414,FALSE,6.12302,5.01196
82,415,FALSE,3.00276,5.00138
82,416,FALSE,3.05186,3.07643
82,417,FALSE,3.083,1.1152
82,418,FALSE,5.08385,5.09937
82,419,FALSE,5.07834,3.14113
82,420,FALSE,3.01969,3.06925
82,421,FALSE,5.0157,3.13516
82,422,FALSE,3.07886,3.13288
82,423,FALSE,3.10124,1.10142
82,425,FALSE,7.04683,1.03829
82,426,FALSE,4.10582,1.0685
82,427,FALSE,1.13475,1.0994
82,428,FALSE,3.07526,3.09299
82,429,FALSE,3.09427,3.029
83,1,FALSE,3.01997,1.09929
83,3,FALSE,1.02338,1.04652
83,5,FALSE,7.1035,1.0595
83,6,FALSE,3.01937,1.05022
83,7,FALSE,1,1.0108
83,9,FALSE,1.12755,1.00493
83,10,FALSE,1.14574,1.03844
83,11,FALSE,1,1.00122
83,13,FALSE,1.14482,1.1331
83,17,FALSE,3.03803,1.0628
83,18,FALSE,1.11031,1.05607
83,19,TRUE,3.06589,1
83,21,FALSE,3.05503,1.10792
83,22,FALSE,1.11991,1.1213
83,25,FALSE,4.14631,1.05848
83,29,FALSE,1.14728,1.00608
83,30,FALSE,1.13079,1.09248
83,69,FALSE,4.10256,1.00263
83,70,FALSE,3.0644,3.04319
83,71,FALSE,3.04442,1.04735
83,72,FALSE,3.07308,3.04528
83,73,FALSE,3.02511,3.01055
83,74,FALSE,7.08662,3.03596
83,75,FALSE,3.14241,4.11852
83,76,FALSE,3.00796,1.13542
83,77,FALSE,1.14082,3.03221
83,78,FALSE,3.04508,1.09782
83,79,FALSE,3.01595,1.12451
83,82,FALSE,4.11555,1.08933
83,83,FALSE,3.12304,1.01272
83,84,FALSE,1,3.10251
83,85,TRUE,1.07981,1
83,86,TRUE,4.07514,1
83,91,FALSE,1.13943,1.04668
83,92,FALSE,1.14726,1.10186
83,93,FALSE,3.12305,1.12925
83,95,FALSE,1.14386,1.0476
83,98,FALSE,5.12732,1.04494
83,99,FALSE,5.0602,2.03414
83,100,FALSE,6.13948,1.12277
83,101,FALSE,3.11551,1.06972
83,103,FALSE,5.07895,1.10319
83,104,FALSE,5.02782,1.13389
83,106,FALSE,5.0262,1.11188
83,107,FALSE,6.00177,1.06104
83,109,FALSE,4.0229,1.1298
83,110,FALSE,3.12952,1.11865
83,111,FALSE,3.14636,1.02231
83,112,FALSE,2.05866,1.02194
83,113,FALSE,3.07029,1.05534
83,114,FALSE,1.14421,1.02313
83,115,FALSE,1.14348,1.02403
83,116,FALSE,3.07319,1.04369
83,117,FALSE,1.13848,1.01705
83,118,FALSE,3.13177,1.00557
83,120,FALSE,4.12118,1.00437
83,121,FALSE,1.13969,1.00836
83,122,FALSE,1.1459,1.00063
83,123,FALSE,1.05005,1.02115
83,124,FALSE,7.06605,1.00993
83,125,FALSE,4.07325,5.01586
83,126,FALSE,5.13081,5.05623
83,127,FALSE,4.04655,1.09019
83,128,FALSE,5.06927,1.0241
83,129,FALSE,5.01605,1.13119
83,130,FALSE,5.10916,5.11725
83,131,FALSE,1.12711,1.06377
83,133,FALSE,1.14125,1.00315
83,134,FALSE,1.14677,1.03361
83,135,FALSE,1.13422,1.0253
83,136,FALSE,1.12517,1.06471
83,137,FALSE,1.05294,1.02287
83,139,FALSE,1.11492,1.02775
83,140,FALSE,1.13236,1.00481
83,141,FALSE,1.11154,1.11096
83,142,FALSE,1.0923,1.06721
83,143,FALSE,1.14697,1.00662
83,144,FALSE,1.11999,4.04174
83,145,FALSE,1,5.06092
83,146,TRUE,1,1
83,147,FALSE,1,1.03656
83,148,TRUE,1,1
83,149,TRUE,3.07689,1
83,150,FALSE,1,5.09982
83,151,TRUE,1.12347,1
83,153,FALSE,1.14738,1.13792
83,154,FALSE,5.09137,1.11326
83,155,FALSE,7.06222,1.00276
83,156,FALSE,3.02084,1.03089
83,157,FALSE,1.12766,1.00968
83,158,FALSE,3.07642,1.08117
83,159,FALSE,3.03721,1.05522
83,160,FALSE,3.12995,1.08737
83,161,FALSE,3.11548,1.11155
83,162,FALSE,4.12412,4.12666
83,164,FALSE,7.11664,1.00975
83,165,FALSE,1.09559,5.12526
83,166,FALSE,5.09338,5.13822
83,167,FALSE,1.00227,1.09369
83,168,FALSE,1,5.07462
83,169,FALSE,5.07206,5.14213
83,173,FALSE,4.05418,1.09034
83,175,FALSE,1.10513,1.10884
83,176,FALSE,1.11382,1.06665
83,177,FALSE,5.10444,1.13101
83,178,FALSE,6.09652,4.00066
83,179,FALSE,5.12753,1.14099
83,180,FALSE,5.10382,2.05338
83,181,FALSE,5.12009,3.03229
83,182,FALSE,5.0006,1.1286
83,183,FALSE,5.02157,1.12269
83,184,FALSE,7.1006,1.11689
83,185,FALSE,5.13385,1.12939
83,186,FALSE,7.04965,1.06027
83,188,FALSE,5.10556,1.00766
83,189,FALSE,6.07031,4.13088
83,190,FALSE,3.07197,1.14312
83,191,FALSE,5.12854,1.12363
83,192,FALSE,5.01588,1.12079
83,193,FALSE,5.02044,6.09454
83,194,FALSE,5.05516,1.08762
83,195,FALSE,3.10591,1.12185
83,197,FALSE,5.09621,1.00322
83,198,FALSE,5.0041,1.11485
83,199,FALSE,5.12628,3.00987
83,200,FALSE,1.13596,1.14185
83,201,FALSE,1.12241,1.07806
83,202,FALSE,7.02974,7.03738
83,203,FALSE,5.12566,4.02649
83,204,FALSE,5.10277,1.02997
83,206,FALSE,5.13743,1.00332
83,207,FALSE,3.02333,1.12915
83,208,FALSE,1.12038,1.06707
83,209,FALSE,3.03192,3.0294
83,210,FALSE,3.09219,3.02908
83,211,FALSE,3.00195,3.0299
83,212,FALSE,1.11308,1.07747
83,213,FALSE,3.00626,1.05348
83,216,FALSE,6.1104,1.11406
83,217,FALSE,4.06613,1.13068
83,218,FALSE,5.09317,1.09591
83,219,FALSE,5.0887,3.04589
83,222,FALSE,3.0997,1.09458
83,225,FALSE,3.14014,4.06825
83,226,FALSE,5.09548,1.1185
83,227,FALSE,7.0098,4.05974
83,229,FALSE,4.00733,3.13029
83,230,FALSE,3.12145,3.06993
83,233,FALSE,5.10475,1.01682
83,234,FALSE,5.03301,3.02662
83,235,FALSE,5.08642,3.0266
83,236,FALSE,1.07282,1.09974
83,237,FALSE,1.07171,1.0966
83,242,FALSE,4.10161,1.00174
83,243,FALSE,1.09244,1.0937
83,251,FALSE,4.13595,4.13684
83,252,FALSE,3.13351,1.14098
83,253,FALSE,5.01634,1.00834
83,254,FALSE,1.01227,1.01291
83,255,FALSE,3.09486,1.08118
83,256,FALSE,5.13238,1.00961
83,257,FALSE,5.01584,1.0065
83,258,FALSE,3.10857,1.08303
83,259,FALSE,1.13813,3.12267
83,260,FALSE,1.04724,1.02238
83,262,FALSE,6.05581,1.00002
83,263,FALSE,1.14511,1.01529
83,264,FALSE,4.14716,1.09583
83,265,FALSE,1.13735,1.12886
83,270,FALSE,1.1423,3.01556
83,271,FALSE,3.09807,1.11499
83,272,FALSE,1.10322,1.12823
83,273,FALSE,1.13815,1.10626
83,274,FALSE,1.13704,1.12422
83,275,FALSE,1.11646,3.03349
83,280,FALSE,1.14223,1.00986
83,289,FALSE,4.10331,1.08448
83,290,FALSE,1.13917,1.13942
83,291,FALSE,1.14504,1.146
83,292,FALSE,1.13718,1.03991
83,293,FALSE,6.03175,5.00542
83,294,FALSE,5.05507,5.01916
83,295,FALSE,6.13445,5.00053
83,296,FALSE,1.03709,5.01086
83,297,FALSE,5.13069,1.09345
83,298,FALSE,5.03866,1.04803
83,299,FALSE,4.03703,1.0619
83,300,FALSE,5.08228,1.00346
83,301,FALSE,3.09679,1.06545
83,302,FALSE,5.04057,1.03915
83,303,FALSE,3.06567,3.09693
83,308,FALSE,6.06357,1.02156
83,317,FALSE,3.10299,1.02562
83,318,FALSE,6.10514,1.11106
83,319,FALSE,5.12977,1.02664
83,320,FALSE,5.14355,1.0068
83,321,FALSE,4.01188,1.02607
83,322,FALSE,3.08058,1.02803
83,323,FALSE,3.1392,1.02169
83,324,FALSE,3.0034,1.02896
83,325,FALSE,5.13158,1.06701
83,326,FALSE,3.0872,1.06942
83,328,FALSE,5.13196,1.07441
83,329,FALSE,6.10779,2.03487
83,330,FALSE,5.14543,1.10436
83,331,FALSE,3.00889,1.0357
83,332,FALSE,5.14056,1.02819
83,333,FALSE,5.04158,3.03224
83,334,FALSE,1.13341,1.09771
83,335,FALSE,5.13944,1.09463
83,336,FALSE,5.09438,1.05998
83,337,FALSE,5.13811,1.12893
83,339,FALSE,5.02769,1.08786
83,340,TRUE,1.10545,1
83,341,TRUE,5.14359,1
83,342,FALSE,1.12372,6.08413
83,343,TRUE,1,1
83,346,FALSE,5.04171,1.11557
83,347,FALSE,6.0841,1.12458
83,348,FALSE,5.00507,1.10568
83,349,FALSE,5.07112,1.0142
83,350,FALSE,4.03611,1.14425
83,351,FALSE,5.03655,1.1473
83,352,FALSE,4.08062,1.12513
83,353,FALSE,7.07647,4.04193
83,354,FALSE,5.13191,4.08994
83,355,FALSE,3.10094,1.09723
83,357,FALSE,4.13123,1.06211
83,358,FALSE,3.09923,1.07374
83,359,FALSE,3.08604,1.1353
83,361,FALSE,5.08213,1.09483
83,363,FALSE,5.0484,5.06736
83,364,FALSE,5.06713,5.07288
83,365,FALSE,3.13104,1.14615
83,366,FALSE,1.11602,1.1048
83,367,FALSE,5.06528,5.06588
83,370,FALSE,3.1373,1.1
83,371,FALSE,3.11153,1.13774
83,372,FALSE,6.11517,1.14686
83,373,FALSE,1.11798,1.10843
83,374,FALSE,7.08585,1.00361
83,375,FALSE,1.03983,1.09904
83,376,FALSE,1.13458,1.1115
83,377,FALSE,1.0446,1.12764
83,378,FALSE,3.0802,3.05995
83,379,FALSE,1.1401,3.1018
83,380,FALSE,3.10403,4.10807
83,381,FALSE,1.12733,1.09637
83,383,FALSE,5.13084,1.07878
83,384,FALSE,3.13897,1.14414
83,385,FALSE,5.09283,1.01149
83,386,FALSE,5.12558,1.00224
83,387,FALSE,4.07629,1.00386
83,388,FALSE,1.13127,1.01273
83,389,FALSE,2.13994,1.05751
83,390,FALSE,2.01332,1.05482
83,391,FALSE,3.11879,1.00559
83,394,FALSE,5.0664,1.01872
83,395,FALSE,1.12245,5.0315
83,396,FALSE,1.03827,5.13566
83,397,FALSE,1.09332,5.03678
83,398,FALSE,3.09499,5.04051
83,403,FALSE,4.06233,1.11978
83,404,FALSE,4.09492,5.09108
83,405,FALSE,1.09358,5.14011
83,406,FALSE,1,1.04547
83,407,FALSE,3.0551,4.07061
83,408,TRUE,1.07819,1
83,412,FALSE,6.08636,5.00012
83,413,FALSE,5.09441,5.00475
83,414,FALSE,6.124,5.02595
83,415,FALSE,3.01559,5.00537
83,416,FALSE,3.00901,3.09006
83,417,FALSE,3.08675,1.1313
83,418,FALSE,5.0671,5.09116
83,419,FALSE,5.07836,3.11043
83,420,FALSE,3.03855,3.14134
83,421,FALSE,5.01524,3.10008
83,422,FALSE,5.10503,1.11202
83,423,FALSE,3.07261,1.1273
83,425,FALSE,7.04712,1.01803
83,426,FALSE,4.09228,1.08281
83,427,FALSE,1.14429,1.09119
83,428,FALSE,3.13617,3.09512
83,429,FALSE,3.04797,3.0975
84,1,FALSE,3.13518,1.09812
84,3,FALSE,1.05488,1.07365
84,5,FALSE,7.08244,1.07705
84,6,FALSE,3.10888,1.06335
84,7,FALSE,1,1.00063
84,9,FALSE,1.11756,1.02037
84,10,FALSE,1.13604,1.08768
84,11,FALSE,1,1.077
84,13,FALSE,1.14583,1.13108
84,17,FALSE,4.11548,1.04719
84,18,FALSE,1.11178,1.05008
84,19,TRUE,3.09175,1
84,21,FALSE,3.04539,1.08172
84,22,FALSE,1.13539,1.14204
84,25,FALSE,4.07366,1.02484
84,29,FALSE,1.13279,1.01064
84,30,FALSE,1.14545,1.08267
84,69,FALSE,4.02177,1.00093
84,70,FALSE,3.09131,3.04037
84,71,FALSE,3.14475,1.04259
84,72,FALSE,3.11998,3.06958
84,73,FALSE,3.05335,3.00895
84,74,FALSE,3.0346,3.03668
84,75,FALSE,3.13735,4.08964
84,76,FALSE,3.12536,1.14217
84,77,FALSE,1.14176,3.0007
84,78,FALSE,4.06568,1.10278
84,79,FALSE,3.03775,1.12619
84,82,FALSE,4.12084,1.09485
84,83,FALSE,3.11616,1.02475
84,84,FALSE,1,3.06104
84,85,TRUE,1.09044,1
84,86,TRUE,4.01081,1
84,91,FALSE,1.13632,1.02803
84,92,FALSE,3.12293,1.1205
84,93,FALSE,3.00533,1.11685
84,95,FALSE,1.12554,1.0395
84,98,FALSE,5.10747,1.04861
84,99,FALSE,5.1145,2.02217
84,100,FALSE,6.06894,1.07938
84,101,FALSE,3.08223,1.04553
84,103,FALSE,5.08454,1.10156
84,104,FALSE,5.1317,1.07919
84,106,FALSE,5.14608,1.06007
84,107,FALSE,6.13664,1.02076
84,109,FALSE,4.06808,1.13046
84,110,FALSE,3.11637,1.09736
84,111,FALSE,3.13465,1.02909
84,112,FALSE,2.08493,1.03122
84,113,FALSE,3.08022,1.08639
84,114,FALSE,1.1324,1.01391
84,115,FALSE,1.14169,1.05706
84,116,FALSE,3.06772,1.13506
84,117,FALSE,1.12064,1.08276
84,118,FALSE,3.11469,1.05204
84,120,FALSE,4.04508,1.00156
84,121,FALSE,1.1448,1.00068
84,122,FALSE,1.13827,1.00514
84,123,FALSE,1.13337,1.00447
84,124,FALSE,7.13477,1.03622
84,125,FALSE,4.09349,5.09585
84,126,FALSE,5.14689,5.05692
84,127,FALSE,4.0581,1.14072
84,128,FALSE,5.08888,1.00177
84,129,FALSE,5.12205,1.13335
84,130,FALSE,5.0991,5.12513
84,131,FALSE,1.04074,1.08112
84,133,FALSE,1.14573,1.01572
84,134,FALSE,1.09025,1.00493
84,135,FALSE,1.09906,1.01937
84,136,FALSE,1.07088,1.02883
84,137,FALSE,1.11443,1.11366
84,139,FALSE,1.05439,1.03897
84,140,FALSE,1.07141,1.04208
84,141,FALSE,1.01873,1.02483
84,142,FALSE,1.07635,1.01743
84,143,FALSE,1.12396,1.04755
84,144,FALSE,6.12587,1.07208
84,145,TRUE,5.09289,1
84,146,TRUE,1,1
84,147,FALSE,1,1.06305
84,148,TRUE,1,1
84,149,TRUE,3.02297,1
84,150,FALSE,1,5.13793
84,151,FALSE,1,1.10731
84,153,FALSE,1.1463,1.12437
84,154,FALSE,5.03223,1.1198
84,155,FALSE,3.09179,1.02237
84,156,FALSE,3.10043,1.08308
84,157,FALSE,1.13699,1.00605
84,158,FALSE,3.1019,1.07087
84,159,FALSE,3.04636,1.08866
84,160,FALSE,3.11513,1.0379
84,161,FALSE,3.11135,1.08333
84,162,FALSE,4.08949,4.05816
84,164,FALSE,7.03512,1.00133
84,165,FALSE,1.06498,5.14401
84,166,FALSE,5.03286,5.09694
84,167,FALSE,1.0856,1.10938
84,168,FALSE,1,5.04502
84,169,FALSE,5.02154,5.04404
84,173,FALSE,3.11325,1.08777
84,175,FALSE,1.06347,1.06421
84,176,FALSE,1.10738,1.07801
84,177,FALSE,5.13172,1.11341
84,178,FALSE,6.07754,4.00158
84,179,FALSE,5.11187,1.14292
84,180,FALSE,5.12177,2.03951
84,181,FALSE,5.06916,3.10087
84,182,FALSE,5.10877,1.14142
84,183,FALSE,5.07124,1.09663
84,184,FALSE,7.08841,1.13413
84,185,FALSE,5.09749,1.13659
84,186,FALSE,7.09868,1.08362
84,188,FALSE,7.03327,1.0002
84,189,FALSE,6.14487,4.09675
84,190,FALSE,3.0876,3.02071
84,191,FALSE,5.09742,1.03912
84,192,FALSE,5.10382,1.12338
84,193,FALSE,5.08165,6.00536
84,194,FALSE,5.05536,1.09729
84,195,FALSE,3.11412,1.09608
84,197,FALSE,5.0757,1.00115
84,198,FALSE,5.12154,1.10199
84,199,FALSE,5.02461,1.13781
84,200,FALSE,1.10699,1.10419
84,201,FALSE,1.13333,1.14234
84,202,FALSE,7.03516,7.04845
84,203,FALSE,5.1249,4.02556
84,204,FALSE,5.13162,1.06101
84,206,FALSE,5.02182,1.00632
84,207,FALSE,3.00747,1.09613
84,208,FALSE,1.13291,1.07114
84,209,FALSE,3.04967,3.00098
84,210,FALSE,3.05833,3.04362
84,211,FALSE,3.12616,3.1288
84,212,FALSE,1.126,1.0661
84,213,FALSE,3.1439,1.1259
84,216,FALSE,6.08722,1.08941
84,217,FALSE,4.10879,1.13937
84,218,FALSE,5.11425,1.10143
84,219,FALSE,5.02367,1.14248
84,222,FALSE,3.1163,1.11041
84,225,FALSE,3.05084,4.01293
84,226,FALSE,5.11267,1.07593
84,227,FALSE,7.07397,4.08379
84,229,FALSE,4.04154,3.10866
84,230,FALSE,3.08255,3.06089
84,233,FALSE,5.14734,1.00111
84,234,FALSE,5.13976,3.02978
84,235,FALSE,3.00799,3.08939
84,236,FALSE,1.12174,1.08
84,237,FALSE,1.12743,1.13409
84,242,FALSE,4.05918,1.00724
84,243,FALSE,1.1471,1.1179
84,251,FALSE,4.11881,4.04342
84,252,FALSE,3.12959,1.14289
84,253,FALSE,5.10225,1.02185
84,254,FALSE,1.01532,1.00677
84,255,FALSE,3.06418,1.07412
84,256,FALSE,5.1191,1.06159
84,257,FALSE,5.08966,1.01229
84,258,FALSE,3.03575,1.03054
84,259,FALSE,1.13216,1.03007
84,260,FALSE,1.13186,1.08179
84,262,FALSE,6.11808,1.00417
84,263,FALSE,1.14717,1.08759
84,264,FALSE,4.14082,1.11252
84,265,FALSE,1.1367,1.1384
84,270,FALSE,1.13232,3.09033
84,271,FALSE,3.12762,1.08825
84,272,FALSE,1.13139,1.09815
84,273,FALSE,1.13944,1.08149
84,274,FALSE,1.1222,1.12062
84,275,FALSE,1.12718,3.09648
84,280,FALSE,1.07619,1.02413
84,289,FALSE,3.00753,1.07813
84,290,FALSE,1.13306,1.13714
84,291,FALSE,1.14557,1.14607
84,292,FALSE,1.14011,1.10977
84,293,FALSE,5.13392,5.01149
84,294,FALSE,5.07312,5.02555
84,295,FALSE,6.0575,5.00314
84,296,FALSE,1.11878,5.04513
84,297,FALSE,5.12069,1.086
84,298,FALSE,5.11313,1.00505
84,299,FALSE,4.04877,1.03947
84,300,FALSE,5.03824,1.13657
84,301,FALSE,3.11694,1.13214
84,302,FALSE,5.11457,1.01509
84,303,FALSE,3.11035,1.0975
84,308,FALSE,6.01103,1.01427
84,317,FALSE,5.01676,1.01919
84,318,FALSE,6.09602,1.07243
84,319,FALSE,5.11812,1.04569
84,320,FALSE,5.04891,1.02239
84,321,FALSE,4.04658,1.01715
84,322,FALSE,3.0941,1.03133
84,323,FALSE,3.06053,1.03027
84,324,FALSE,3.11791,1.09389
84,325,FALSE,5.07545,1.00403
84,326,FALSE,3.009,1.05868
84,328,FALSE,5.13426,1.06617
84,329,FALSE,6.01522,1.13835
84,330,FALSE,5.13142,1.06671
84,331,FALSE,5.06499,1.03067
84,332,FALSE,5.10579,1.10583
84,333,FALSE,5.06454,3.05712
84,334,FALSE,1.14114,1.09646
84,335,FALSE,5.03541,1.07063
84,336,FALSE,5.1416,1.08145
84,337,FALSE,5.11374,1.09637
84,339,FALSE,5.14494,1.08232
84,340,TRUE,1.05844,1
84,341,TRUE,5.05082,1
84,342,FALSE,1.1388,6.07315
84,343,TRUE,1,1
84,346,FALSE,5.11231,1.05602
84,347,FALSE,6.01953,1.14263
84,348,FALSE,5.07506,1.0957
84,349,FALSE,5.11383,1.00957
84,350,FALSE,4.0522,3.02287
84,351,FALSE,5.06458,1.13704
84,352,FALSE,4.07485,1.14336
84,353,FALSE,7.05903,4.0878
84,354,FALSE,5.09059,4.03915
84,355,FALSE,3.13986,1.04552
84,357,FALSE,4.12556,1.06243
84,358,FALSE,3.08762,1.10025
84,359,FALSE,3.02204,1.11106
84,361,FALSE,5.11319,1.09151
84,363,FALSE,5.11611,5.11678
84,364,FALSE,5.07912,5.13816
84,365,FALSE,3.02802,1.09716
84,366,FALSE,1.09616,1.08496
84,367,FALSE,5.11001,5.03149
84,370,FALSE,3.11275,1.10559
84,371,FALSE,4.13507,1.14185
84,372,FALSE,6.14427,1.14566
84,373,FALSE,1.13611,1.1188
84,374,FALSE,7.01151,1.03815
84,375,FALSE,3.08703,1.08463
84,376,FALSE,1.10762,1.1026
84,377,FALSE,1.1393,1.06118
84,378,FALSE,3.11303,3.09588
84,379,FALSE,1.07965,3.10796
84,380,FALSE,3.09671,4.06512
84,381,FALSE,1.12314,1.06811
84,383,FALSE,5.1118,1.06856
84,384,FALSE,5.07994,1.13971
84,385,FALSE,5.14149,1.00465
84,386,FALSE,5.12645,1.00317
84,387,FALSE,4.03746,1.02534
84,388,FALSE,1.1246,1.02563
84,389,FALSE,2.07462,1.05782
84,390,FALSE,5.09965,1.05458
84,391,FALSE,3.00084,1.01028
84,394,FALSE,5.01613,1.01333
84,395,FALSE,1.08464,5.12236
84,396,FALSE,1.11044,5.095
84,397,FALSE,1.10372,5.08349
84,398,FALSE,3.00024,5.05881
84,403,FALSE,4.09162,1.06839
84,404,FALSE,4.04126,5.06697
84,405,FALSE,1.09667,5.04815
84,406,FALSE,1.06558,1.04038
84,407,FALSE,3.11389,4.00241
84,408,TRUE,1.13705,1
84,412,FALSE,6.13687,5.00047
84,413,FALSE,5.06853,5.00358
84,414,FALSE,6.07372,5.01363
84,415,FALSE,3.1308,5.00343
84,416,FALSE,3.09027,3.1013
84,417,FALSE,3.0565,1.13129
84,418,FALSE,5.00307,5.04789
84,419,FALSE,5.01249,3.12162
84,420,FALSE,3.01526,3.13171
84,421,FALSE,5.11338,3.10988
84,422,FALSE,3.05095,3.12998
84,423,FALSE,3.12299,1.14055
84,425,FALSE,7.05197,1.03716
84,426,FALSE,4.10659,1.07737
84,427,FALSE,1.14298,1.10865
84,428,FALSE,3.0658,3.09827
84,429,FALSE,3.00671,3.11646
85,1,FALSE,3.12839,1.09841
85,3,FALSE,1.01272,1.04168
85,5,FALSE,7.0511,1.04076
85,6,FALSE,3.10082,1.03853
85,7,FALSE,1,1.0192
85,9,FALSE,1.135,1.02558
85,10,FALSE,1.13201,1.05572
85,11,FALSE,1,1.06084
85,13,FALSE,1.12072,1.08768
85,17,FALSE,3.13431,1.04471
85,18,FALSE,1.14004,1.06331
85,19,TRUE,3.14593,1
85,21,FALSE,3.10517,1.07294
85,22,FALSE,1.14671,1.12918
85,25,FALSE,4.14314,1.04218
85,29,FALSE,1.13432,1.01445
85,30,FALSE,1.13543,1.0237
85,69,FALSE,4.10852,1.00326
85,70,FALSE,3.08048,3.01528
85,71,FALSE,3.13828,1.06579
85,72,FALSE,3.12388,3.02363
85,73,FALSE,3.10777,3.0442
85,74,FALSE,7.06844,3.04642
85,75,FALSE,3.13926,4.13883
85,76,FALSE,3.0028,1.14603
85,77,FALSE,1.14625,3.01149
85,78,FALSE,3.0529,1.10779
85,79,FALSE,1.13425,1.12112
85,82,FALSE,4.12929,1.0357
85,83,FALSE,3.09679,1.08243
85,84,FALSE,1,3.1415
85,85,TRUE,1.08336,1
85,86,TRUE,4.0794,1
85,91,FALSE,1.14681,1.02517
85,92,FALSE,1.14455,1.1166
85,93,FALSE,3.04816,1.13234
85,95,FALSE,1.14546,1.03101
85,98,FALSE,5.14473,1.05165
85,99,FALSE,5.10144,2.01504
85,100,FALSE,6.09644,1.11663
85,101,FALSE,3.13557,1.00667
85,103,FALSE,5.10164,1.09713
85,104,FALSE,5.03326,1.07385
85,106,FALSE,5.00483,1.00449
85,107,FALSE,6.08322,1.00804
85,109,FALSE,4.0613,1.1284
85,110,FALSE,3.02748,1.11484
85,111,FALSE,3.07226,1.00416
85,112,FALSE,2.1041,1.01204
85,113,FALSE,3.04459,1.08088
85,114,FALSE,1.14434,1.00487
85,115,FALSE,1.14303,1.11574
85,116,FALSE,3.03,1.00056
85,117,FALSE,1.13167,1.0386
85,118,FALSE,3.10729,1.02822
85,120,FALSE,4.07762,1.00459
85,121,FALSE,1.14143,1.00152
85,122,FALSE,1.13763,1.00426
85,123,FALSE,1.13313,1.01056
85,124,FALSE,7.14548,1.0011
85,125,FALSE,4.0619,5.03579
85,126,FALSE,5.00758,5.02444
85,127,FALSE,4.13519,1.13385
85,128,FALSE,5.06132,1.03324
85,129,FALSE,5.06976,1.13079
85,130,FALSE,5.12242,5.123
85,131,FALSE,1.12085,1.12463
85,133,FALSE,1.14236,1.00682
85,134,FALSE,1.12088,1.02899
85,135,FALSE,1.12254,1.01414
85,136,FALSE,1.11996,1.114
85,137,FALSE,1.11299,1.13923
85,139,FALSE,1.07573,1.06741
85,140,FALSE,1.12334,1.053
85,141,FALSE,1.0743,1.13273
85,142,FALSE,1.01265,1.06942
85,143,FALSE,1.11956,1.02613
85,144,FALSE,1.09668,1.07736
85,145,FALSE,1,5.05228
85,146,TRUE,1,1
85,147,FALSE,1,1.04791
85,148,TRUE,1,1
85,149,TRUE,3.06314,1
85,150,FALSE,1,5.03053
85,151,FALSE,1,1.01691
85,153,FALSE,1.14319,1.14438
85,154,FALSE,5.12734,1.10666
85,155,FALSE,3.03394,1.0186
85,156,FALSE,1.10469,1.07912
85,157,FALSE,1.12419,1.00276
85,158,FALSE,3.12935,1.10088
85,159,FALSE,3.13002,1.00657
85,160,FALSE,3.04224,1.04788
85,161,FALSE,3.08171,1.07276
85,162,FALSE,4.03486,4.10708
85,164,FALSE,7.08161,1.02085
85,165,FALSE,1.14063,5.04041
85,166,FALSE,5.10079,5.1308
85,167,FALSE,1.03598,1.05096
85,168,FALSE,1,5.02394
85,169,FALSE,5.02,5.06694
85,173,FALSE,4.13372,1.09023
85,175,FALSE,1.14684,1.04579
85,176,FALSE,1.13888,1.11456
85,177,FALSE,5.13006,1.10899
85,178,FALSE,5.12191,4.02428
85,179,FALSE,5.13961,1.14147
85,180,FALSE,5.01835,2.14405
85,181,FALSE,5.1474,3.08692
85,182,FALSE,5.00106,1.14286
85,183,FALSE,5.13494,1.12597
85,184,FALSE,7.0346,1.13014
85,185,FALSE,5.10839,1.13082
85,186,FALSE,7.13275,1.12306
85,188,FALSE,5.14403,1.00608
85,189,FALSE,6.07803,4.12947
85,190,FALSE,3.09682,3.06071
85,191,FALSE,5.02347,1.13352
85,192,FALSE,5.06073,1.13463
85,193,FALSE,5.05264,6.03984
85,194,FALSE,5.00408,1.10903
85,195,FALSE,3.0503,1.1163
85,197,FALSE,5.1334,1.0044
85,198,FALSE,5.03771,1.09276
85,199,FALSE,3.10102,3.02934
85,200,FALSE,1.09779,1.11197
85,201,FALSE,1.13753,1.12012
85,202,FALSE,7.06772,7.06829
85,203,FALSE,5.09943,4.11976
85,204,FALSE,5.1265,1.0179
85,206,FALSE,5.06766,1.00289
85,207,FALSE,3.11807,1.10315
85,208,FALSE,1.13801,1.04405
85,209,FALSE,3.04963,3.0199
85,210,FALSE,3.11839,3.04663
85,211,FALSE,3.01221,3.05376
85,212,FALSE,1.13342,1.07207
85,213,FALSE,3.07426,1.07318
85,216,FALSE,6.01654,1.10883
85,217,FALSE,4.02356,1.13762
85,218,FALSE,5.10061,1.12709
85,219,FALSE,5.11714,3.09415
85,222,FALSE,3.02847,1.1186
85,225,FALSE,3.13633,4.05981
85,226,FALSE,5.12984,1.0959
85,227,FALSE,7.14355,4.00979
85,229,FALSE,4.08968,3.11424
85,230,FALSE,3.07118,3.07651
85,233,FALSE,5.13928,1.01476
85,234,FALSE,5.09956,3.0137
85,235,FALSE,3.0023,3.10501
85,236,FALSE,1.08795,1.14537
85,237,FALSE,1.09664,1.11115
85,242,FALSE,4.07388,1.01457
85,243,FALSE,1.02305,1.1216
85,251,FALSE,4.06907,4.0664
85,252,FALSE,3.09336,1.14514
85,253,FALSE,5.11091,1.02084
85,254,FALSE,1.10598,1.0198
85,255,FALSE,3.12691,1.04817
85,256,FALSE,5.06425,1.00456
85,257,FALSE,5.08028,1.00036
85,258,FALSE,3.00442,1.03229
85,259,FALSE,1.0898,3.06903
85,260,FALSE,1.13852,1.06114
85,262,FALSE,6.10587,1.0032
85,263,FALSE,1.14372,1.00083
85,264,FALSE,4.09206,1.13997
85,265,FALSE,1.11915,1.13387
85,270,FALSE,1.14496,3.08127
85,271,FALSE,3.10448,1.1405
85,272,FALSE,1.14038,1.12827
85,273,FALSE,1.13375,1.11527
85,274,FALSE,1.12093,1.07963
85,275,FALSE,1.1436,3.06906
85,280,FALSE,1.14492,1.00427
85,289,FALSE,3.04559,1.0687
85,290,FALSE,1.14542,1.13307
85,291,FALSE,1.13661,1.14541
85,292,FALSE,1.10881,1.11122
85,293,FALSE,5.14432,5.00074
85,294,FALSE,5.08953,5.05276
85,295,FALSE,6.14196,5.02767
85,296,FALSE,5.1123,5.01871
85,297,FALSE,5.13331,1.12427
85,298,FALSE,5.13588,1.00696
85,299,FALSE,4.0874,1.06226
85,300,FALSE,5.1458,1.07471
85,301,FALSE,3.07076,1.04878
85,302,FALSE,5.14078,1.07727
85,303,FALSE,3.08812,3.10706
85,308,FALSE,6.11567,1.01026
85,317,FALSE,3.14259,1.03464
85,318,FALSE,6.07265,1.08674
85,319,FALSE,5.14284,1.02448
85,320,FALSE,2.09786,1.01558
85,321,FALSE,4.05174,1.01232
85,322,FALSE,3.06757,1.03284
85,323,FALSE,3.13514,1.00529
85,324,FALSE,3.11891,1.00162
85,325,FALSE,5.09482,1.03428
85,326,FALSE,3.13656,1.01672
85,328,FALSE,5.09022,1.101
85,329,FALSE,6.06097,1.1441
85,330,FALSE,5.13345,1.12262
85,331,FALSE,5.06169,1.03248
85,332,FALSE,5.14051,1.12872
85,333,FALSE,5.06305,3.04402
85,334,FALSE,1.13879,1.10332
85,335,FALSE,5.14325,1.08847
85,336,FALSE,5.12105,1.09566
85,337,FALSE,5.12579,1.11371
85,339,FALSE,5.14225,1.01325
85,340,TRUE,1.13059,1
85,341,TRUE,5.13069,1
85,342,FALSE,1.05262,6.07604
85,343,TRUE,1,1
85,346,FALSE,5.02035,1.10607
85,347,FALSE,6.10632,1.11961
85,348,FALSE,5.1182,1.08371
85,349,FALSE,5.00341,1.04491
85,350,FALSE,4.12807,3.08244
85,351,FALSE,5.08143,1.13664
85,352,FALSE,4.06037,1.10149
85,353,FALSE,7.05492,4.0963
85,354,FALSE,5.1358,4.1299
85,355,FALSE,3.14408,1.07814
85,357,FALSE,4.06032,1.06875
85,358,FALSE,3.03044,1.04605
85,359,FALSE,3.00214,1.13204
85,361,FALSE,5.07111,1.08486
85,363,FALSE,5.1159,5.11991
85,364,FALSE,5.09035,5.10059
85,365,FALSE,3.09798,1.08842
85,366,FALSE,1.12617,1.1222
85,367,FALSE,5.04227,5.03898
85,370,FALSE,3.12866,1.1088
85,371,FALSE,3.01003,1.13897
85,372,FALSE,6.03143,1.14613
85,373,FALSE,1.12613,1.12525
85,374,FALSE,7.02749,1.00054
85,375,FALSE,3.13906,1.05749
85,376,FALSE,1.05665,1.1093
85,377,FALSE,1.01442,1.06623
85,378,FALSE,3.14737,3.08328
85,379,FALSE,1.12609,3.12908
85,380,FALSE,3.07293,4.0505
85,381,FALSE,1.14282,1.10613
85,383,FALSE,5.13249,1.07669
85,384,FALSE,5.02689,1.14288
85,385,FALSE,5.13847,1.00987
85,386,FALSE,5.11112,1.01411
85,387,FALSE,4.14736,1.03379
85,388,FALSE,1.14606,1.05364
85,389,FALSE,2.14058,1.02202
85,390,FALSE,2.10462,1.02671
85,391,FALSE,3.11494,1.03483
85,394,FALSE,5.11886,1.00989
85,395,FALSE,1.10933,5.02366
85,396,FALSE,1.02033,5.03868
85,397,FALSE,1.13516,5.06387
85,398,FALSE,3.04705,5.14368
85,403,FALSE,4.13807,1.05214
85,404,FALSE,4.14477,5.1107
85,405,FALSE,1.06188,5.12543
85,406,FALSE,1,1.04592
85,407,FALSE,3.11904,4.11939
85,408,TRUE,1.12359,1
85,412,FALSE,6.14624,5.00531
85,413,FALSE,5.13157,5.00184
85,414,FALSE,6.05772,5.04761
85,415,FALSE,3.07225,5.00201
85,416,FALSE,3.0232,3.04715
85,417,FALSE,3.07981,1.13001
85,418,FALSE,5.10215,5.10976
85,419,FALSE,3.14224,4.03388
85,420,FALSE,3.01954,3.03021
85,421,FALSE,5.03411,3.09845
85,422,FALSE,5.09761,3.04058
85,423,FALSE,3.01047,1.11724
85,425,FALSE,7.07397,1.02724
85,426,FALSE,4.09739,1.07355
85,427,FALSE,1.13873,1.05999
85,428,FALSE,3.14597,3.05157
85,429,FALSE,3.01206,3.08559
86,1,FALSE,3.10633,1.09859
86,3,FALSE,1.10087,1.01542
86,5,FALSE,7.02507,1.05169
86,6,FALSE,3.033,1.08493
86,7,FALSE,1,1.02252
86,9,FALSE,1.11591,1.00879
86,10,FALSE,1.10791,1.06361
86,11,FALSE,1,1.04705
86,13,FALSE,1.13478,1.0973
86,17,FALSE,3.0648,1.04753
86,18,FALSE,1.08428,1.02293
86,19,TRUE,3.06905,1
86,21,FALSE,4.07274,1.09592
86,22,FALSE,1.14211,1.14393
86,25,FALSE,4.08383,1.05011
86,29,FALSE,1.14019,1.00004
86,30,FALSE,1.11845,1.09207
86,69,FALSE,4.1458,1.00288
86,70,FALSE,3.06671,3.08595
86,71,FALSE,3.10569,1.05663
86,72,FALSE,3.12324,3.12615
86,73,FALSE,3.04103,3.00537
86,74,FALSE,7.02502,3.04601
86,75,FALSE,3.1233,4.03257
86,76,FALSE,1.13938,1.14253
86,77,FALSE,1.14468,3.04952
86,78,FALSE,3.11618,1.10232
86,79,FALSE,3.11113,1.13194
86,82,FALSE,4.06244,1.00374
86,83,FALSE,3.01885,1.0067
86,84,FALSE,1,3.13245
86,85,FALSE,1,1.07153
86,86,TRUE,4.08832,1
86,91,FALSE,1.13449,1.07192
86,92,FALSE,1.14109,1.11885
86,93,FALSE,3.12083,1.13431
86,95,FALSE,1.11804,1.01857
86,98,FALSE,5.06961,1.06053
86,99,FALSE,5.08811,2.01103
86,100,FALSE,6.00133,1.13069
86,101,FALSE,3.14552,1.07834
86,103,FALSE,5.09593,1.14532
86,104,FALSE,5.09591,1.09058
86,106,FALSE,5.07422,1.06597
86,107,FALSE,6.081,1.00897
86,109,FALSE,4.07632,1.12382
86,110,FALSE,3.0214,1.11418
86,111,FALSE,3.11628,1.00949
86,112,FALSE,2.0449,1.02629
86,113,FALSE,3.10403,1.00713
86,114,FALSE,1.14695,1.00864
86,115,FALSE,1.14704,1.06424
86,116,FALSE,3.0497,1.03678
86,117,FALSE,1.14455,1.05238
86,118,FALSE,3.08717,1.03523
86,120,FALSE,4.07364,1.00051
86,121,FALSE,1.13552,1.00038
86,122,FALSE,1.14072,1.00726
86,123,FALSE,1.13822,1.00397
86,124,FALSE,7.08854,1.02318
86,125,FALSE,4.14369,5.10127
86,126,FALSE,5.04422,5.06195
86,127,FALSE,4.06386,1.10865
86,128,FALSE,5.12258,1.01331
86,129,FALSE,5.02119,1.1196
86,130,FALSE,5.08257,5.08661
86,131,FALSE,1.05329,1.02358
86,133,FALSE,1.14375,1.01526
86,134,FALSE,1.10898,1.0158
86,135,FALSE,1.11444,1.01281
86,136,FALSE,1.13614,1.01075
86,137,FALSE,1.07578,1.12096
86,139,FALSE,1.09501,1.06823
86,140,FALSE,1.13764,1.08806
86,141,FALSE,1.12167,1.13059
86,142,FALSE,1.12733,1.0184
86,143,FALSE,1.12439,1.11468
86,144,FALSE,1.1194,1.14445
86,145,FALSE,1,5.07626
86,146,TRUE,1,1
86,147,FALSE,1,1.02766
86,148,TRUE,1,1
86,149,TRUE,3.05503,1
86,150,FALSE,1,5.0745
86,151,FALSE,1,1.05974
86,153,FALSE,1.14201,1.11959
86,154,FALSE,5.10867,1.09092
86,155,FALSE,7.08913,1.0159
86,156,FALSE,1.12044,1.07463
86,157,FALSE,1.11905,1.00559
86,158,FALSE,3.00519,1.01669
86,159,FALSE,3.07135,1.01692
86,160,FALSE,3.01453,1.0269
86,161,FALSE,3.01168,1.04418
86,162,FALSE,4.03443,4.11504
86,164,FALSE,7.06227,1.01446
86,165,FALSE,1.13169,5.09169
86,166,FALSE,5.11155,5.11464
86,167,FALSE,1.08274,1.13697
86,168,FALSE,1,5.1019
86,169,FALSE,5.04353,5.139
86,173,FALSE,4.11826,1.08351
86,175,FALSE,1.11357,1.06448
86,176,FALSE,1.0189,1.0563
86,177,FALSE,5.10158,1.12556
86,178,FALSE,6.03437,4.00008
86,179,FALSE,5.13105,1.1466
86,180,FALSE,5.09176,2.11289
86,181,FALSE,5.08812,3.04265
86,182,FALSE,5.01024,1.14682
86,183,FALSE,5.1407,1.11533
86,184,FALSE,7.12817,1.09645
86,185,FALSE,5.14352,1.14481
86,186,FALSE,7.10026,1.07334
86,188,FALSE,7.13475,1.00226
86,189,FALSE,6.03894,4.14642
86,190,FALSE,3.12082,3.05947
86,191,FALSE,5.14396,1.08244
86,192,FALSE,5.12697,1.101
86,193,FALSE,5.10301,6.14395
86,194,FALSE,5.0953,1.14442
86,195,FALSE,3.02527,1.1081
86,197,FALSE,5.075,1.01914
86,198,FALSE,5.09903,1.12425
86,199,FALSE,4.11945,3.04051
86,200,FALSE,1.14505,1.14665
86,201,FALSE,1.14255,1.11897
86,202,FALSE,7.13964,7.04971
86,203,FALSE,5.08719,4.04906
86,204,FALSE,5.00999,1.05207
86,206,FALSE,5.06881,1.00478
86,207,FALSE,3.14085,1.10052
86,208,FALSE,1.14693,1.01897
86,209,FALSE,3.10999,3.03022
86,210,FALSE,3.0574,3.05143
86,211,FALSE,3.00479,3.06094
86,212,FALSE,1.10115,1.05872
86,213,FALSE,3.13212,1.11041
86,216,FALSE,6.06516,1.11621
86,217,FALSE,4.1131,1.14064
86,218,FALSE,5.12859,1.11961
86,219,FALSE,5.02342,1.13127
86,222,FALSE,3.00842,1.12806
86,225,FALSE,3.05888,4.01567
86,226,FALSE,5.02274,1.1076
86,227,FALSE,7.10667,4.07474
86,229,FALSE,4.03374,3.08204
86,230,FALSE,3.09108,3.0981
86,233,FALSE,5.13259,1.01598
86,234,FALSE,5.11515,3.04824
86,235,FALSE,5.06618,3.02912
86,236,FALSE,1.10741,1.13642
86,237,FALSE,1.10587,1.07825
86,242,FALSE,4.06214,1.00953
86,243,FALSE,1.10944,1.14741
86,251,FALSE,4.09014,4.11889
86,252,FALSE,3.10268,1.12964
86,253,FALSE,5.05542,1.01475
86,254,FALSE,1.06643,1.02141
86,255,FALSE,3.07757,1.02327
86,256,FALSE,5.09781,1.02412
86,257,FALSE,5.03585,1.12742
86,258,FALSE,3.08931,1.02891
86,259,FALSE,1.14372,1.08729
86,260,FALSE,1.09676,1.00122
86,262,FALSE,6.06941,1.00255
86,263,FALSE,1.14727,1.00626
86,264,FALSE,4.0675,1.09572
86,265,FALSE,1.13848,1.11052
86,270,FALSE,1.12729,3.05156
86,271,FALSE,3.09221,1.13816
86,272,FALSE,1.13972,1.10476
86,273,FALSE,1.10988,1.10874
86,274,FALSE,1.14713,1.09919
86,275,FALSE,1.14675,3.01194
86,280,FALSE,1.13781,1.03606
86,289,FALSE,4.07464,1.05552
86,290,FALSE,1.14223,1.09295
86,291,FALSE,1.14181,1.1472
86,292,FALSE,1.13843,1.02357
86,293,FALSE,6.08564,5.00069
86,294,FALSE,5.12545,5.01485
86,295,FALSE,6.0626,5.02025
86,296,FALSE,1.11415,5.02535
86,297,FALSE,5.0961,1.09419
86,298,FALSE,5.11703,1.03962
86,299,FALSE,4.06453,1.02557
86,300,FALSE,5.10905,1.06716
86,301,FALSE,3.1176,1.04136
86,302,FALSE,5.14077,1.09956
86,303,FALSE,3.14462,1.1455
86,308,FALSE,6.04153,1.00144
86,317,FALSE,5.01186,1.008
86,318,FALSE,6.07167,1.08809
86,319,FALSE,5.13088,1.04959
86,320,FALSE,5.1365,1.0288
86,321,FALSE,4.0901,1.03513
86,322,FALSE,3.03001,1.02496
86,323,FALSE,3.11232,1.03787
86,324,FALSE,3.11346,1.01432
86,325,FALSE,5.02786,1.08694
86,326,FALSE,3.08573,1.01746
86,328,FALSE,5.13995,1.07957
86,329,FALSE,6.11977,2.07183
86,330,FALSE,5.14313,1.09877
86,331,FALSE,5.01622,1.08847
86,332,FALSE,5.12062,1.129
86,333,FALSE,5.14739,3.13458
86,334,FALSE,1.14643,1.10585
86,335,FALSE,5.02458,1.12132
86,336,FALSE,5.04417,1.10069
86,337,FALSE,5.11727,1.10847
86,339,FALSE,5.09704,1.13316
86,340,TRUE,1.12048,1
86,341,TRUE,5.12711,1
86,342,FALSE,1.08343,6.06705
86,343,TRUE,1,1
86,346,FALSE,5.00292,1.10148
86,347,FALSE,6.14062,1.1327
86,348,FALSE,5.07833,1.10566
86,349,FALSE,5.03431,1.04148
86,350,FALSE,4.0894,1.14594
86,351,FALSE,5.0558,1.14315
86,352,FALSE,4.01802,1.04327
86,353,FALSE,7.06553,4.05582
86,354,FALSE,5.12643,4.09846
86,355,FALSE,3.09987,1.08685
86,357,FALSE,4.09734,1.05938
86,358,FALSE,3.11984,1.05059
86,359,FALSE,3.1433,1.12206
86,361,FALSE,5.13283,1.06915
86,363,FALSE,5.05006,5.05089
86,364,FALSE,5.03235,5.10658
86,365,FALSE,3.11807,1.08916
86,366,FALSE,1.12905,1.1108
86,367,FALSE,5.12668,5.01797
86,370,FALSE,3.1015,1.1033
86,371,FALSE,4.03154,1.1408
86,372,FALSE,6.11877,1.14628
86,373,FALSE,1.13363,1.12631
86,374,FALSE,7.0662,1.01838
86,375,FALSE,1.13296,1.072
86,376,FALSE,1.09476,1.01759
86,377,FALSE,1.06633,1.03747
86,378,FALSE,3.08247,3.08326
86,379,FALSE,1.09861,3.09539
86,380,FALSE,3.00993,4.13048
86,381,FALSE,1.10511,1.08552
86,383,FALSE,5.12306,1.07768
86,384,FALSE,5.00768,1.14647
86,385,FALSE,5.11115,1.00617
86,386,FALSE,5.10312,1.03438
86,387,FALSE,4.04218,1.04141
86,388,FALSE,1.12882,1.00353
86,389,FALSE,2.10696,1.06294
86,390,FALSE,2.12927,1.00502
86,391,FALSE,3.06532,1.0193
86,394,FALSE,5.07717,1.0237
86,395,FALSE,1.00733,5.0179
86,396,FALSE,1.0811,5.14319
86,397,FALSE,1.05536,5.01356
86,398,FALSE,3.02755,5.12553
86,403,FALSE,4.07416,1.03806
86,404,FALSE,4.05511,5.13424
86,405,FALSE,1.08862,5.13665
86,406,FALSE,1.13324,1.09063
86,407,FALSE,3.03167,4.0948
86,408,TRUE,1.10644,1
86,412,FALSE,6.10561,5.00103
86,413,FALSE,5.08823,5.00969
86,414,FALSE,6.07703,5.03804
86,415,FALSE,3.13188,5.02976
86,416,FALSE,3.04702,3.0814
86,417,FALSE,3.13734,1.12593
86,418,FALSE,5.0178,5.04433
86,419,FALSE,5.13079,3.07299
86,420,FALSE,3.00775,3.10504
86,421,FALSE,5.12233,3.03162
86,422,FALSE,3.14269,3.04902
86,423,FALSE,3.03066,1.13523
86,425,FALSE,1.06141,1.00179
86,426,FALSE,4.07321,1.07554
86,427,FALSE,1.14705,1.11134
86,428,FALSE,3.03928,3.05579
86,429,FALSE,3.07536,3.12759
87,1,FALSE,3.07571,1.09075
87,3,FALSE,1.03958,1.05048
87,5,FALSE,7.00222,1.04668
87,6,FALSE,3.07256,1.10739
87,7,FALSE,1,1.00711
87,9,FALSE,1.09943,1.00704
87,10,FALSE,1.13581,1.01653
87,11,FALSE,1,1.13278
87,13,FALSE,1.12669,1.12725
87,17,FALSE,4.11142,1.06276
87,18,FALSE,1.05111,1.07264
87,19,TRUE,3.00606,1
87,21,FALSE,4.14664,1.0814
87,22,FALSE,1.14615,1.13415
87,25,FALSE,4.10276,1.04727
87,29,FALSE,1.14553,1.00058
87,30,FALSE,1.14454,1.0793
87,69,FALSE,4.13553,1.00354
87,70,FALSE,3.10973,3.09136
87,71,FALSE,3.12861,1.07056
87,72,FALSE,3.14313,3.03662
87,73,FALSE,3.05251,3.037
87,74,FALSE,7.08013,3.01617
87,75,FALSE,3.14175,4.01453
87,76,FALSE,3.06076,1.13062
87,77,FALSE,1.14734,3.07612
87,78,FALSE,3.05471,1.09392
87,79,FALSE,3.11148,1.12284
87,82,FALSE,4.05621,1.01329
87,83,FALSE,3.0285,1.04196
87,84,FALSE,1,3.06318
87,85,TRUE,1.05055,1
87,86,TRUE,4.13611,1
87,91,FALSE,1.14199,1.05203
87,92,FALSE,1.14329,1.11735
87,93,FALSE,3.11288,1.13487
87,95,FALSE,1.13399,1.01553
87,98,FALSE,5.09432,1.03666
87,99,FALSE,5.06067,2.03911
87,100,FALSE,6.01676,1.09274
87,101,FALSE,3.1443,1.02329
87,103,FALSE,5.08773,1.10756
87,104,FALSE,5.06481,1.12795
87,106,FALSE,5.08273,1.10603
87,107,FALSE,6.07863,1.04736
87,109,FALSE,4.03415,1.11899
87,110,FALSE,3.10473,1.08544
87,111,FALSE,3.12059,1.02655
87,112,FALSE,2.11733,1.02255
87,113,FALSE,3.12816,1.05413
87,114,FALSE,1.13639,1.0236
87,115,FALSE,1.13831,1.1102
87,116,FALSE,3.06922,1.0268
87,117,FALSE,1.14665,1.03095
87,118,FALSE,3.01904,1.05636
87,120,FALSE,4.08623,1.01091
87,121,FALSE,1.14054,1.00522
87,122,FALSE,1.13779,1.00521
87,123,FALSE,1.12028,1.0002
87,124,FALSE,7.13294,1.02909
87,125,FALSE,4.13572,5.00089
87,126,FALSE,5.13466,5.02152
87,127,FALSE,4.09116,1.06001
87,128,FALSE,5.05508,1.0114
87,129,FALSE,5.00478,1.09206
87,130,FALSE,5.02808,5.13849
87,131,FALSE,1.09083,1.00687
87,133,FALSE,1.13537,1.02116
87,134,FALSE,1.09978,1.01713
87,135,FALSE,1.14019,1.02097
87,136,FALSE,1.1127,1.01047
87,137,TRUE,1.14667,1
87,139,FALSE,1.06769,1.0104
87,140,FALSE,1.11209,1.01061
87,141,FALSE,1.03156,1.0352
87,142,FALSE,1.08121,1.11522
87,143,FALSE,1.11357,1.00019
87,144,FALSE,1.05922,1.01657
87,145,FALSE,1,5.0241
87,146,TRUE,1,1
87,147,FALSE,1,1.02354
87,148,TRUE,1,1
87,149,TRUE,3.08237,1
87,150,FALSE,1,5.11452
87,151,TRUE,1.02283,1
87,153,FALSE,1.12826,1.12944
87,154,FALSE,5.12449,1.08707
87,155,FALSE,3.04872,1.02493
87,156,FALSE,3.10059,1.08738
87,157,FALSE,1.14227,1.00907
87,158,FALSE,3.0622,1.05149
87,159,FALSE,3.14684,1.05042
87,160,FALSE,3.06886,1.04583
87,161,FALSE,3.03622,1.03298
87,162,FALSE,4.1421,4.11225
87,164,FALSE,7.11765,1.00574
87,165,FALSE,1.1142,5.07689
87,166,FALSE,5.10418,5.11907
87,167,FALSE,1.05879,1.08161
87,168,FALSE,1,5.02119
87,169,FALSE,5.07274,5.13125
87,173,FALSE,4.12436,1.09456
87,175,FALSE,1.09062,1.06661
87,176,FALSE,1.09445,1.02057
87,177,FALSE,5.13337,1.12275
87,178,FALSE,5.13187,4.01232
87,179,FALSE,5.12545,1.1241
87,180,FALSE,5.01407,2.08542
87,181,FALSE,5.12257,3.06998
87,182,FALSE,5.00242,1.13644
87,183,FALSE,5.05129,1.09148
87,184,FALSE,7.10102,1.12375
87,185,FALSE,5.1069,1.13132
87,186,FALSE,7.08031,1.10872
87,188,FALSE,7.07052,1.00032
87,189,FALSE,6.14654,4.1257
87,190,FALSE,3.11613,1.14718
87,191,FALSE,5.1384,1.09378
87,192,FALSE,5.0435,1.08586
87,193,FALSE,5.12106,6.00563
87,194,FALSE,5.0631,1.13111
87,195,FALSE,3.12634,1.10088
87,197,FALSE,5.14405,1.00528
87,198,FALSE,5.08262,1.08139
87,199,FALSE,5.12321,3.06332
87,200,FALSE,1.13939,1.1357
87,201,FALSE,1.12582,1.12943
87,202,FALSE,7.02886,7.04034
87,203,FALSE,5.07449,4.09814
87,204,FALSE,5.11033,1.04866
87,206,FALSE,5.01483,1.00345
87,207,FALSE,3.05497,1.12863
87,208,FALSE,1.10947,1.1105
87,209,FALSE,3.13645,3.03056
87,210,FALSE,3.04505,3.0131
87,211,FALSE,3.06012,3.06119
87,212,FALSE,1.11947,1.06847
87,213,FALSE,3.12964,1.10157
87,216,FALSE,6.04805,1.11076
87,217,FALSE,4.1285,1.14298
87,218,FALSE,5.11993,1.12032
87,219,FALSE,5.01569,3.02089
87,222,FALSE,3.10164,1.13363
87,225,FALSE,3.09407,4.0915
87,226,FALSE,5.03398,1.10678
87,227,FALSE,7.11415,4.07979
87,229,FALSE,4.00221,3.1118
87,230,FALSE,3.07177,3.06858
87,233,FALSE,5.13584,1.00744
87,234,FALSE,5.11498,3.02908
87,235,FALSE,3.08198,3.08847
87,236,FALSE,1.14074,1.12135
87,237,FALSE,1.13281,1.0681
87,242,FALSE,4.07381,1.02601
87,243,FALSE,1.07535,1.09527
87,251,FALSE,4.116,4.07761
87,252,FALSE,3.08061,1.14561
87,253,FALSE,5.10168,1.03559
87,254,FALSE,1.10286,1.00009
87,255,FALSE,3.06213,1.04416
87,256,FALSE,5.13797,1.0345
87,257,FALSE,5.13298,1.02735
87,258,FALSE,3.04692,1.09673
87,259,FALSE,1.10229,1.04854
87,260,FALSE,1.13333,1.03449
87,262,FALSE,6.1366,1.00308
87,263,FALSE,1.13567,1.01456
87,264,FALSE,4.07196,1.11756
87,265,FALSE,1.13665,1.13688
87,270,FALSE,1.1469,3.02404
87,271,FALSE,3.12346,1.12738
87,272,FALSE,1.1342,1.12691
87,273,FALSE,1.12499,1.11773
87,274,FALSE,1.1081,1.10974
87,275,FALSE,1.14623,3.00855
87,280,FALSE,1.1347,1.00126
87,289,FALSE,4.06908,1.08298
87,290,FALSE,1.13314,1.11811
87,291,FALSE,1.14114,1.13542
87,292,FALSE,1.11291,1.02388
87,293,FALSE,6.0983,5.00062
87,294,FALSE,5.14059,5.02568
87,295,FALSE,6.0827,5.02325
87,296,FALSE,5.13735,5.03494
87,297,FALSE,5.06627,1.08232
87,298,FALSE,5.14514,1.05219
87,299,FALSE,4.02074,1.07623
87,300,FALSE,5.06368,1.11946
87,301,FALSE,3.10401,1.11802
87,302,FALSE,5.14271,1.00647
87,303,FALSE,3.08312,1.1369
87,308,FALSE,6.03703,1.0256
87,317,FALSE,5.03034,1.02053
87,318,FALSE,6.12469,1.10709
87,319,FALSE,5.14435,1.05564
87,320,FALSE,2.14437,1.00111
87,321,FALSE,4.13346,1.02341
87,322,FALSE,3.0231,1.04209
87,323,FALSE,3.10576,1.00317
87,324,FALSE,3.04165,1.0052
87,325,FALSE,5.12704,1.04351
87,326,FALSE,3.09946,1.00054
87,328,FALSE,5.07927,1.08672
87,329,FALSE,6.09815,2.03452
87,330,FALSE,5.13053,1.10356
87,331,FALSE,3.14376,1.04191
87,332,FALSE,5.13601,1.10182
87,333,FALSE,5.06427,3.04346
87,334,FALSE,1.14588,1.13349
87,335,FALSE,5.00916,1.08485
87,336,FALSE,5.12424,1.03738
87,337,FALSE,5.0826,1.12305
87,339,FALSE,5.07585,1.02385
87,340,TRUE,1.08035,1
87,341,TRUE,5.0418,1
87,342,FALSE,1.14135,6.03856
87,343,TRUE,1,1
87,346,FALSE,5.08027,1.11398
87,347,FALSE,6.08915,1.1152
87,348,FALSE,5.02708,1.07798
87,349,FALSE,5.11599,1.03633
87,350,FALSE,4.07991,3.06973
87,351,FALSE,5.10073,1.1339
87,352,FALSE,4.06095,1.13803
87,353,FALSE,7.0101,4.02827
87,354,FALSE,5.11134,4.07891
87,355,FALSE,3.1424,1.05443
87,357,FALSE,4.12052,1.06145
87,358,FALSE,3.04718,1.05333
87,359,FALSE,3.1128,1.11138
87,361,FALSE,5.07275,1.08504
87,363,FALSE,5.05232,5.06281
87,364,FALSE,5.09454,5.11917
87,365,FALSE,3.11009,1.04859
87,366,FALSE,1.12048,1.13533
87,367,FALSE,5.04757,5.06668
87,370,FALSE,3.11565,1.09199
87,371,FALSE,3.03488,1.1137
87,372,FALSE,6.09987,1.14689
87,373,FALSE,1.14431,1.12682
87,374,FALSE,7.10581,1.01322
87,375,FALSE,1.01982,1.02921
87,376,FALSE,1.13034,1.00951
87,377,FALSE,1.13269,1.04271
87,378,FALSE,3.09484,3.03891
87,379,FALSE,1.12288,3.07968
87,380,FALSE,3.01682,4.1091
87,381,FALSE,1.09178,1.11392
87,383,FALSE,5.08905,1.03953
87,384,FALSE,5.12815,1.13396
87,385,FALSE,5.10462,1.01891
87,386,FALSE,5.09758,1.00987
87,387,FALSE,4.05891,1.00906
87,388,FALSE,1.12997,1.01131
87,389,FALSE,2.03998,1.05909
87,390,FALSE,2.09238,1.00284
87,391,FALSE,3.089,1.04253
87,394,FALSE,5.0702,1.01452
87,395,FALSE,1.09811,5.0235
87,396,FALSE,1.03468,5.06568
87,397,FALSE,1.07725,5.05925
87,398,FALSE,3.14349,5.14016
87,403,FALSE,4.06359,1.00018
87,404,FALSE,4.11363,5.05563
87,405,FALSE,1.13974,5.03178
87,406,FALSE,1.00437,1.02002
87,407,FALSE,3.12077,4.1225
87,408,TRUE,1.02742,1
87,412,FALSE,6.07704,5.00043
87,413,FALSE,5.14228,5.00677
87,414,FALSE,6.06521,5.02896
87,415,FALSE,3.08903,5.03889
87,416,FALSE,3.097,3.11975
87,417,FALSE,3.13593,1.13319
87,418,FALSE,5.13447,5.13615
87,419,FALSE,5.14683,3.11038
87,420,FALSE,3.10523,3.14282
87,421,FALSE,5.06294,3.13821
87,422,FALSE,5.0286,3.09828
87,423,FALSE,3.0986,1.14544
87,425,FALSE,7.00977,1.00493
87,426,FALSE,4.1474,1.09107
87,427,FALSE,1.13266,1.12374
87,428,FALSE,3.05627,3.07793
87,429,FALSE,3.03313,3.04208
88,1,FALSE,3.05076,1.08878
88,3,FALSE,1.00114,1.05414
88,5,FALSE,7.04836,1.09149
88,6,FALSE,3.12124,1.04661
88,7,FALSE,1,1.00288
88,9,FALSE,1.10648,1.00098
88,10,FALSE,1.03036,1.0377
88,11,FALSE,1,1.01101
88,13,FALSE,1.12925,1.10456
88,17,FALSE,3.08496,1.06046
88,18,FALSE,1.10266,1.0726
88,19,TRUE,3.14456,1
88,21,FALSE,3.02765,1.09198
88,22,FALSE,1.10748,1.10028
88,25,FALSE,4.05134,1.04169
88,29,FALSE,1.14609,1.00202
88,30,FALSE,1.13756,1.06016
88,69,FALSE,4.05487,1.00268
88,70,FALSE,3.10348,3.04729
88,71,FALSE,3.08379,1.08502
88,72,FALSE,3.14718,3.04298
88,73,FALSE,3.08701,3.03233
88,74,FALSE,7.02789,3.01996
88,75,FALSE,3.05908,4.01914
88,76,FALSE,1.1431,1.13498
88,77,FALSE,1.13116,3.01283
88,78,FALSE,3.13555,1.09531
88,79,FALSE,3.13409,1.12594
88,82,FALSE,4.08719,1.07082
88,83,FALSE,3.06695,1.05038
88,84,FALSE,1,3.11928
88,85,FALSE,1,1.13119
88,86,TRUE,4.14514,1
88,91,FALSE,1.14579,1.05525
88,92,FALSE,3.04234,1.12337
88,93,FALSE,3.13536,1.12664
88,95,FALSE,1.13802,1.05302
88,98,FALSE,5.05916,1.03864
88,99,FALSE,5.03569,2.04499
88,100,FALSE,6.11698,1.07307
88,101,FALSE,3.06013,1.0301
88,103,FALSE,5.10802,1.0929
88,104,FALSE,5.05089,1.13523
88,106,FALSE,5.08527,1.11994
88,107,FALSE,6.1277,1.06012
88,109,FALSE,4.03281,1.10476
88,110,FALSE,3.11428,1.11282
88,111,FALSE,3.09013,1.00079
88,112,FALSE,2.05866,1.01092
88,113,FALSE,3.091,1.06448
88,114,FALSE,1.13742,1.01551
88,115,FALSE,1.1463,1.04572
88,116,FALSE,3.03796,1.0169
88,117,FALSE,1.10599,1.01489
88,118,FALSE,3.13826,1.0661
88,120,FALSE,4.07393,1.00303
88,121,FALSE,1.14293,1.0056
88,122,FALSE,1.14598,1.00057
88,123,FALSE,1.14229,1.0189
88,124,FALSE,7.14335,1.01936
88,125,FALSE,4.07225,5.04626
88,126,FALSE,5.08302,5.09061
88,127,FALSE,4.01478,1.05725
88,128,FALSE,5.04497,1.07801
88,129,FALSE,5.08744,1.13087
88,130,FALSE,5.09646,5.14333
88,131,FALSE,1.02006,1.1062
88,133,FALSE,1.14715,1.04054
88,134,FALSE,1.14326,1.00305
88,135,FALSE,1.11286,1.02609
88,136,FALSE,1.13052,1.01922
88,137,FALSE,1.1436,1.10095
88,139,FALSE,1.06906,1.0645
88,140,FALSE,1.13937,1.07037
88,141,FALSE,1.11834,1.07531
88,142,FALSE,1.10664,1.08373
88,143,FALSE,1.09751,1.03519
88,144,FALSE,1.11517,1.10701
88,145,TRUE,5.01599,1
88,146,TRUE,1,1
88,147,FALSE,1,1.03767
88,148,TRUE,1,1
88,149,TRUE,3.11265,1
88,150,FALSE,1,5.03857
88,151,TRUE,1.12981,1
88,153,FALSE,1.14319,1.14039
88,154,FALSE,5.06773,1.11135
88,155,FALSE,3.00087,1.02087
88,156,FALSE,3.12804,1.0916
88,157,FALSE,1.14286,1.05655
88,158,FALSE,3.06085,1.00496
88,159,FALSE,3.03605,1.11528
88,160,FALSE,3.14258,1.08773
88,161,FALSE,3.05543,1.02408
88,162,FALSE,4.03851,4.13357
88,164,FALSE,7.03,1.0262
88,165,FALSE,1.07421,5.03467
88,166,FALSE,5.12293,5.1425
88,167,FALSE,1.01776,1.14312
88,168,FALSE,1,5.07778
88,169,FALSE,5.05465,5.0777
88,173,FALSE,4.08827,1.09041
88,175,FALSE,1.14078,1.05271
88,176,FALSE,1.01349,1.08099
88,177,FALSE,5.13607,1.11433
88,178,FALSE,5.1306,4.00516
88,179,FALSE,5.13413,1.13468
88,180,FALSE,5.11645,2.13025
88,181,FALSE,5.03531,3.03801
88,182,FALSE,5.00762,1.11121
88,183,FALSE,5.05919,1.13085
88,184,FALSE,7.06262,1.11359
88,185,FALSE,5.00846,1.12697
88,186,FALSE,7.11088,1.10867
88,188,FALSE,7.05419,1.00246
88,189,FALSE,6.00117,4.14671
88,190,FALSE,3.09461,1.12652
88,191,FALSE,5.08339,1.08343
88,192,FALSE,5.04415,1.09735
88,193,FALSE,5.13313,6.02072
88,194,FALSE,5.11354,1.12014
88,195,FALSE,3.07998,1.13155
88,197,FALSE,5.14538,1.01974
88,198,FALSE,5.12134,1.10407
88,199,FALSE,5.08027,1.13659
88,200,FALSE,1.13735,1.14496
88,201,FALSE,5.08627,1.12545
88,202,FALSE,7.05958,7.06138
88,203,FALSE,5.10738,4.05154
88,204,FALSE,5.08766,1.05738
88,206,FALSE,5.07168,1.00003
88,207,FALSE,3.06933,1.12006
88,208,FALSE,1.12331,1.05219
88,209,FALSE,3.01109,3.04004
88,210,FALSE,3.0649,3.00507
88,211,FALSE,3.04591,3.07139
88,212,FALSE,1.12222,1.07652
88,213,FALSE,3.00607,1.06254
88,216,FALSE,6.09031,1.11144
88,217,FALSE,4.11369,1.13974
88,218,FALSE,5.128,1.12722
88,219,FALSE,5.04606,3.06836
88,222,FALSE,3.12069,1.10905
88,225,FALSE,3.06741,4.07976
88,226,FALSE,5.14727,1.09252
88,227,FALSE,7.12982,4.03713
88,229,FALSE,4.09567,3.09099
88,230,FALSE,3.08275,3.08723
88,233,FALSE,5.13824,1.05316
88,234,FALSE,5.00816,3.06807
88,235,FALSE,3.05028,3.09799
88,236,FALSE,1.1244,1.11882
88,237,FALSE,1.13958,1.13837
88,242,FALSE,4.1106,1.00524
88,243,FALSE,1.09728,1.10499
88,251,FALSE,4.09967,4.10677
88,252,FALSE,3.04654,1.13653
88,253,FALSE,5.12414,1.00174
88,254,FALSE,1.11315,1.03929
88,255,FALSE,3.00552,1.11275
88,256,FALSE,5.03779,1.03803
88,257,FALSE,5.10739,1.00235
88,258,FALSE,3.03687,1.00916
88,259,FALSE,1.14631,1.08922
88,260,FALSE,1.12639,1.01108
88,262,FALSE,6.08325,1.01939
88,263,FALSE,1.14011,1.04727
88,264,FALSE,4.03845,1.11293
88,265,FALSE,1.14036,1.12923
88,270,FALSE,1.12582,3.05994
88,271,FALSE,3.14217,1.09767
88,272,FALSE,1.13976,1.09759
88,273,FALSE,1.14186,1.11662
88,274,FALSE,1.14396,1.10257
88,275,FALSE,1.13452,3.12092
88,280,FALSE,1.08058,1.00183
88,289,FALSE,4.12494,1.05483
88,290,FALSE,1.13961,1.11668
88,291,FALSE,1.12992,1.13073
88,292,FALSE,1.14178,1.07782
88,293,FALSE,6.02389,5.00113
88,294,FALSE,5.10546,5.00163
88,295,FALSE,6.10296,5.02147
88,296,FALSE,5.1238,5.04822
88,297,FALSE,5.13364,1.12203
88,298,FALSE,5.11508,1.01086
88,299,FALSE,4.01328,1.06713
88,300,FALSE,5.1169,1.09543
88,301,FALSE,3.12502,1.0523
88,302,FALSE,5.05336,1.06844
88,303,FALSE,3.13276,1.0242
88,308,FALSE,6.07408,1.00693
88,317,FALSE,3.11534,1.00452
88,318,FALSE,6.12641,1.10883
88,319,FALSE,5.11856,1.07617
88,320,FALSE,5.01364,1.0176
88,321,FALSE,4.02648,1.02049
88,322,FALSE,3.03527,1.04178
88,323,FALSE,3.05522,1.01309
88,324,FALSE,3.0394,1.0145
88,325,FALSE,5.09926,1.07142
88,326,FALSE,3.03404,1.04656
88,328,FALSE,5.13237,1.06504
88,329,FALSE,6.02526,2.04538
88,330,FALSE,5.13678,1.05775
88,331,FALSE,5.09236,1.06282
88,332,FALSE,5.13122,1.12781
88,333,FALSE,5.12686,3.03638
88,334,FALSE,1.11842,1.13904
88,335,FALSE,5.13932,1.10115
88,336,FALSE,5.08629,1.02192
88,337,FALSE,5.0752,1.13158
88,339,FALSE,5.03484,1.05898
88,340,TRUE,1.0241,1
88,341,TRUE,5.06981,1
88,342,FALSE,1.09913,6.12442
88,343,TRUE,1,1
88,346,FALSE,5.13665,1.09685
88,347,FALSE,6.09682,1.11171
88,348,FALSE,5.07864,1.08232
88,349,FALSE,5.07836,1.0013
88,350,FALSE,4.06723,1.14434
88,351,FALSE,5.09203,1.14184
88,352,FALSE,4.00051,1.1048
88,353,FALSE,7.02915,4.08019
88,354,FALSE,5.14626,4.14085
88,355,FALSE,3.04576,1.09538
88,357,FALSE,4.12831,1.05535
88,358,FALSE,3.06132,1.05556
88,359,FALSE,3.04439,1.12733
88,361,FALSE,5.13738,1.07816
88,363,FALSE,5.05091,5.11423
88,364,FALSE,5.13679,5.14371
88,365,FALSE,3.02628,1.09446
88,366,FALSE,1.08321,1.0844
88,367,FALSE,5.0614,5.09316
88,370,FALSE,3.12743,1.1152
88,371,FALSE,3.06546,1.14664
88,372,FALSE,6.01578,1.14731
88,373,FALSE,1.12852,1.12907
88,374,FALSE,7.04531,1.06032
88,375,FALSE,1.09219,1.0725
88,376,FALSE,1.06753,1.07979
88,377,FALSE,1.14089,1.051
88,378,FALSE,3.05798,3.10637
88,379,FALSE,1.13605,3.10564
88,380,FALSE,3.01196,4.05277
88,381,FALSE,1.14146,1.12728
88,383,FALSE,5.08225,1.08705
88,384,FALSE,5.1336,2.06944
88,385,FALSE,5.14242,1.00943
88,386,FALSE,5.11811,1.00589
88,387,FALSE,4.00692,1.04113
88,388,FALSE,1.13625,1.00477
88,389,FALSE,2.14193,1.02579
88,390,FALSE,2.10186,1.02668
88,391,FALSE,3.05298,1.05402
88,394,FALSE,5.10198,1.01746
88,395,FALSE,1.12322,5.07842
88,396,FALSE,1.09094,5.11647
88,397,FALSE,1.12858,5.09522
88,398,FALSE,3.11387,5.00813
88,403,FALSE,4.09416,1.00902
88,404,FALSE,4.11633,5.03088
88,405,FALSE,1.13795,5.09614
88,406,FALSE,1,1.00292
88,407,FALSE,3.09339,4.03094
88,408,TRUE,1.09283,1
88,412,FALSE,6.12064,5.00293
88,413,FALSE,5.06279,5.00265
88,414,FALSE,6.0175,5.01752
88,415,FALSE,3.06622,5.00521
88,416,FALSE,3.02464,3.09345
88,417,FALSE,3.05771,1.12139
88,418,FALSE,5.09542,5.10218
88,419,FALSE,5.00965,3.11992
88,420,FALSE,3.02101,3.03673
88,421,FALSE,5.07282,3.13331
88,422,FALSE,5.08591,3.01301
88,423,FALSE,3.12251,1.13294
88,425,FALSE,7.14347,1.05086
88,426,FALSE,4.13923,1.08097
88,427,FALSE,1.13592,1.05705
88,428,FALSE,3.09872,3.07559
88,429,FALSE,3.10452,3.07557
89,1,FALSE,3.02055,1.07835
89,3,FALSE,1.02363,1.04801
89,5,FALSE,7.09244,1.02514
89,6,FALSE,3.04534,1.04198
89,7,FALSE,1,1.00452
89,9,FALSE,1.11333,1.00832
89,10,FALSE,1.11844,1.01544
89,11,FALSE,1,1.07578
89,13,FALSE,1.11431,1.09637
89,17,FALSE,3.13196,1.0729
89,18,FALSE,1.0705,1.04025
89,19,TRUE,3.04486,1
89,21,FALSE,3.14188,1.10444
89,22,FALSE,1.14165,1.14385
89,25,FALSE,4.04654,1.01082
89,29,FALSE,1.12234,1.01613
89,30,FALSE,1.12056,1.06663
89,69,FALSE,4.09816,1.00087
89,70,FALSE,3.10453,3.01114
89,71,FALSE,3.14013,1.07195
89,72,FALSE,3.12391,3.10159
89,73,FALSE,3.04265,3.04844
89,74,FALSE,3.02894,3.03628
89,75,FALSE,3.12436,4.04512
89,76,FALSE,1.14118,1.14095
89,77,FALSE,1.1357,3.00761
89,78,FALSE,3.13138,1.10257
89,79,FALSE,3.01224,1.13103
89,82,FALSE,4.1164,1.02179
89,83,FALSE,3.00742,1.09687
89,84,FALSE,1,3.00332
89,85,FALSE,1,1.14158
89,86,TRUE,4.00491,1
89,91,FALSE,1.13904,1.05849
89,92,FALSE,3.02037,1.09802
89,93,FALSE,3.02345,1.11679
89,95,FALSE,1.12793,1.05896
89,98,FALSE,5.10075,1.07284
89,99,FALSE,5.02638,2.05496
89,100,FALSE,6.03583,1.05835
89,101,FALSE,3.11295,1.06831
89,103,FALSE,5.14024,1.12138
89,104,FALSE,5.10641,1.11221
89,106,FALSE,5.08124,1.05145
89,107,FALSE,6.13191,1.01852
89,109,FALSE,4.04764,1.1328
89,110,FALSE,3.11047,1.10888
89,111,FALSE,3.13339,1.00437
89,112,FALSE,2.00221,1.06931
89,113,FALSE,3.13968,1.07366
89,114,FALSE,1.14705,1.0111
89,115,FALSE,1.11899,1.07272
89,116,FALSE,3.07577,1.0084
89,117,FALSE,1.14429,1.06789
89,118,FALSE,3.1465,1.06889
89,120,FALSE,4.0739,1.00075
89,121,FALSE,1.12294,1.00582
89,122,FALSE,1.13657,1.00264
89,123,FALSE,1.09908,1.01143
89,124,FALSE,7.0522,1.00219
89,125,FALSE,4.13272,5.11894
89,126,FALSE,5.04809,5.04464
89,127,FALSE,4.06351,1.04172
89,128,FALSE,5.06316,1.00026
89,129,FALSE,5.09846,1.07488
89,130,FALSE,5.04214,5.12015
89,131,FALSE,1.08565,1.04167
89,133,FALSE,1.14736,1.01088
89,134,FALSE,1.14207,1.01586
89,135,FALSE,1.07302,1.07206
89,136,FALSE,1.14511,1.0452
89,137,FALSE,1.12813,1.02731
89,139,FALSE,1.1107,1.11156
89,140,FALSE,1.13741,1.06083
89,141,FALSE,1.03306,1.10439
89,142,FALSE,1.08354,1.00387
89,143,FALSE,1.12981,1.03602
89,144,FALSE,1.08892,4.062
89,145,TRUE,5.11014,1
89,146,TRUE,1,1
89,147,FALSE,1,1.08609
89,148,TRUE,1,1
89,149,TRUE,3.1268,1
89,150,FALSE,1,5.11962
89,151,FALSE,1,1.09501
89,153,FALSE,1.14395,1.1169
89,154,FALSE,5.08299,1.11135
89,155,FALSE,7.0451,1.02859
89,156,FALSE,1.14616,1.13036
89,157,FALSE,1.13331,1.00251
89,158,FALSE,3.07041,1.00721
89,159,FALSE,3.07827,1.02531
89,160,FALSE,3.11682,1.05804
89,161,FALSE,3.09628,1.00736
89,162,FALSE,4.03977,4.08718
89,164,FALSE,7.10773,1.06513
89,165,FALSE,1.13174,5.00378
89,166,FALSE,5.022,5.13736
89,167,FALSE,1.05994,1.10685
89,168,FALSE,1,5.02266
89,169,FALSE,5.11967,5.1401
89,173,FALSE,4.04642,1.08534
89,175,FALSE,1.06311,1.08799
89,176,FALSE,1.10207,1.10454
89,177,FALSE,5.13447,1.11349
89,178,FALSE,6.12583,4.01655
89,179,FALSE,5.08978,1.14071
89,180,FALSE,5.08358,2.05702
89,181,FALSE,5.08527,3.05047
89,182,FALSE,5.01752,1.12226
89,183,FALSE,5.12955,1.04498
89,184,FALSE,7.10804,1.13706
89,185,FALSE,5.06433,1.14584
89,186,FALSE,7.06741,1.09859
89,188,FALSE,5.13886,1.00367
89,189,FALSE,6.13204,4.12098
89,190,FALSE,3.13286,1.13748
89,191,FALSE,5.08417,1.07953
89,192,FALSE,5.04672,1.10714
89,193,FALSE,5.04789,6.03788
89,194,FALSE,5.12515,1.12755
89,195,FALSE,3.05655,1.11228
89,197,FALSE,5.1255,1.01545
89,198,FALSE,5.01926,1.10785
89,199,FALSE,5.09866,1.0819
89,200,FALSE,1.13894,1.14276
89,201,FALSE,1.11575,1.06296
89,202,FALSE,7.06616,7.08518
89,203,FALSE,5.08443,4.01873
89,204,FALSE,5.08158,1.04746
89,206,FALSE,5.06313,1.00088
89,207,FALSE,3.12682,1.13661
89,208,FALSE,1.11376,1.08879
89,209,FALSE,3.12895,3.00659
89,210,FALSE,3.13793,3.02822
89,211,FALSE,3.02738,3.04377
89,212,FALSE,1.14473,1.08243
89,213,FALSE,3.07946,1.06989
89,216,FALSE,6.13669,1.11077
89,217,FALSE,4.13319,1.14451
89,218,FALSE,5.04424,1.11828
89,219,FALSE,5.11153,3.05173
89,222,FALSE,3.0536,1.12348
89,225,FALSE,3.11075,4.01727
89,226,FALSE,5.08954,1.06161
89,227,FALSE,7.08092,4.1307
89,229,FALSE,4.06878,3.06757
89,230,FALSE,3.08302,3.09081
89,233,FALSE,5.12542,1.00498
89,234,FALSE,5.03216,3.04676
89,235,FALSE,3.0022,3.07653
89,236,FALSE,1.07427,1.12181
89,237,FALSE,1.07063,1.09641
89,242,FALSE,4.13822,1.00993
89,243,FALSE,1.13312,1.1327
89,251,FALSE,4.13932,4.07096
89,252,FALSE,3.09031,1.13876
89,253,FALSE,5.08347,1.02751
89,254,FALSE,1.1375,1.03562
89,255,FALSE,3.01728,1.01597
89,256,FALSE,5.01796,1.02191
89,257,FALSE,5.03106,1.06787
89,258,FALSE,3.0064,1.03606
89,259,FALSE,1.13922,3.07662
89,260,FALSE,1.14673,1.02739
89,262,FALSE,6.07453,1.00383
89,263,FALSE,1.13491,1.05178
89,264,FALSE,4.08509,1.14036
89,265,FALSE,1.13116,1.13317
89,270,FALSE,1.1466,3.05114
89,271,FALSE,3.1342,1.13963
89,272,FALSE,1.14344,1.11246
89,273,FALSE,1.13386,1.09406
89,274,FALSE,1.14577,1.06762
89,275,FALSE,1.14626,3.11953
89,280,FALSE,1.13823,1.01141
89,289,FALSE,4.07562,1.06178
89,290,FALSE,1.14316,1.13011
89,291,FALSE,1.14563,1.13224
89,292,FALSE,1.12509,1.10026
89,293,FALSE,6.14615,5.00213
89,294,FALSE,5.08554,5.01125
89,295,FALSE,6.01157,5.00581
89,296,FALSE,5.13353,5.02298
89,297,FALSE,5.12779,1.07075
89,298,FALSE,5.06487,1.01991
89,299,FALSE,4.06266,1.05392
89,300,FALSE,5.0719,1.01219
89,301,FALSE,3.0122,1.06911
89,302,FALSE,5.12548,1.0734
89,303,FALSE,3.09884,3.12096
89,308,FALSE,6.10503,1.03349
89,317,FALSE,5.045,1.00541
89,318,FALSE,6.06194,1.08797
89,319,FALSE,5.12212,1.04724
89,320,FALSE,5.08957,1.00239
89,321,FALSE,4.01148,1.07383
89,322,FALSE,3.02159,1.06368
89,323,FALSE,3.03389,1.01033
89,324,FALSE,3.07787,1.02364
89,325,FALSE,5.00977,1.03148
89,326,FALSE,3.08855,1.07951
89,328,FALSE,5.07499,1.06516
89,329,FALSE,6.12902,1.13846
89,330,FALSE,5.11802,1.09372
89,331,FALSE,3.08244,1.06499
89,332,FALSE,5.14627,1.13592
89,333,FALSE,5.09833,3.03793
89,334,FALSE,1.14283,1.10621
89,335,FALSE,5.07767,1.1202
89,336,FALSE,5.14322,1.03245
89,337,FALSE,5.12094,1.10211
89,339,FALSE,5.01183,1.08272
89,340,TRUE,1.06073,1
89,341,TRUE,5.13603,1
89,342,FALSE,1.12662,6.11872
89,343,TRUE,1,1
89,346,FALSE,5.11898,1.12054
89,347,FALSE,6.12441,1.12725
89,348,FALSE,5.02889,1.06836
89,349,FALSE,5.01792,1.00955
89,350,FALSE,4.00543,3.00153
89,351,FALSE,5.12809,1.13271
89,352,FALSE,4.03394,1.04158
89,353,FALSE,7.0829,4.07088
89,354,FALSE,5.11551,4.14466
89,355,FALSE,3.09134,1.08201
89,357,FALSE,4.13387,1.03067
89,358,FALSE,3.11903,1.10831
89,359,FALSE,3.01539,1.11195
89,361,FALSE,5.03479,1.08902
89,363,FALSE,5.07354,5.10538
89,364,FALSE,5.04135,5.0526
89,365,FALSE,3.07813,1.06622
89,366,FALSE,1.08144,1.08505
89,367,FALSE,5.08306,5.08455
89,370,FALSE,3.13375,1.10433
89,371,FALSE,3.0375,1.14326
89,372,FALSE,6.00758,1.14719
89,373,FALSE,1.14193,1.10077
89,374,FALSE,7.07747,1.01254
89,375,FALSE,1.1377,1.0676
89,376,FALSE,1.14208,1.14693
89,377,FALSE,1.06276,1.04085
89,378,FALSE,3.0652,3.07465
89,379,FALSE,1.10047,3.05774
89,380,FALSE,3.05401,4.01163
89,381,FALSE,1.13844,1.10271
89,383,FALSE,5.09499,1.05903
89,384,FALSE,5.09659,1.1473
89,385,FALSE,5.07381,1.02676
89,386,FALSE,5.06892,1.01277
89,387,FALSE,4.01139,1.00406
89,388,FALSE,1.07181,1.00762
89,389,FALSE,2.09168,1.01165
89,390,FALSE,2.06768,1.01878
89,391,FALSE,3.04688,1.00674
89,394,FALSE,5.04118,1.00801
89,395,FALSE,1.14612,5.03041
89,396,FALSE,1.10181,5.10703
89,397,FALSE,1.09919,5.1005
89,398,FALSE,3.04773,5.04182
89,403,FALSE,4.01904,1.01956
89,404,FALSE,4.11439,5.00838
89,405,FALSE,1.14496,5.06873
89,406,FALSE,1,1.03018
89,407,FALSE,3.00148,4.05592
89,408,TRUE,1.0087,1
89,412,FALSE,6.07887,5.00628
89,413,FALSE,5.07929,5.01537
89,414,FALSE,6.06574,5.05032
89,415,FALSE,3.04332,5.01854
89,416,FALSE,3.10013,3.13983
89,417,FALSE,3.06087,1.13615
89,418,FALSE,5.07536,5.11176
89,419,FALSE,3.08494,4.08055
89,420,FALSE,3.02342,3.03257
89,421,FALSE,5.1198,3.12975
89,422,FALSE,5.00629,3.08577
89,423,FALSE,3.11692,1.13302
89,425,FALSE,7.1315,1.06242
89,426,FALSE,4.09249,1.07825
89,427,FALSE,1.14122,1.12225
89,428,FALSE,3.13577,3.02802
89,429,FALSE,3.02466,3.08475
90,1,FALSE,3.0479,1.07145
90,3,FALSE,1.02108,1.05107
90,5,FALSE,7.12534,1.03725
90,6,FALSE,3.04601,1.05289
90,7,FALSE,1,1.02797
90,9,FALSE,1.12965,1.02408
90,10,FALSE,1.13208,1.07186
90,11,FALSE,1,1.08968
90,13,FALSE,1.12727,1.11394
90,17,FALSE,3.14565,1.02475
90,18,FALSE,1.11881,1.05568
90,19,TRUE,3.08733,1
90,21,FALSE,3.11333,1.07543
90,22,FALSE,1.12453,1.127
90,25,FALSE,1.14037,1.05913
90,29,FALSE,1.14146,1.02597
90,30,FALSE,1.14622,1.1389
90,69,FALSE,4.13109,1.00518
90,70,FALSE,3.0833,3.00749
90,71,FALSE,3.00334,1.06881
90,72,FALSE,3.07613,3.07685
90,73,FALSE,3.09653,3.01042
90,74,FALSE,7.05749,3.09466
90,75,FALSE,3.12385,4.0086
90,76,FALSE,3.14379,1.11896
90,77,FALSE,1.14255,3.03152
90,78,FALSE,4.10013,1.09501
90,79,FALSE,1.14697,1.12913
90,82,FALSE,4.10586,1.02943
90,83,FALSE,3.03424,1.10445
90,84,FALSE,1,3.02143
90,85,TRUE,1.0464,1
90,86,TRUE,4.1329,1
90,91,FALSE,1.14507,1.03431
90,92,FALSE,1.13643,1.09987
90,93,FALSE,3.13224,1.12217
90,95,FALSE,1.11887,1.04186
90,98,FALSE,5.11808,1.09346
90,99,FALSE,5.13699,2.00181
90,100,FALSE,6.10579,1.10437
90,101,FALSE,3.04099,1.07566
90,103,FALSE,5.07617,1.12218
90,104,FALSE,5.03413,1.06575
90,106,FALSE,5.02172,1.13588
90,107,FALSE,6.12365,1.04597
90,109,FALSE,4.07105,1.12893
90,110,FALSE,3.04753,1.1071
90,111,FALSE,3.12458,1.02158
90,112,FALSE,2.0335,1.0557
90,113,FALSE,3.12333,1.13399
90,114,FALSE,1.14639,1.01635
90,115,FALSE,1.13807,1.06016
90,116,FALSE,3.05632,1.00657
90,117,FALSE,1.13768,1.0301
90,118,FALSE,3.11062,1.05263
90,120,FALSE,4.09716,1.00745
90,121,FALSE,1.14719,1.0073
90,122,FALSE,1.13153,1.01849
90,123,FALSE,1.11175,1.00787
90,124,FALSE,7.12653,1.00106
90,125,FALSE,4.07814,5.13518
90,126,FALSE,5.08612,5.08997
90,127,FALSE,4.09767,1.10944
90,128,FALSE,5.03901,1.02207
90,129,FALSE,5.1358,1.0943
90,130,FALSE,5.08032,5.13167
90,131,FALSE,1.1072,1.00278
90,133,FALSE,1.13482,1.01329
90,134,FALSE,1.11705,1.00399
90,135,FALSE,1.13218,1.04809
90,136,FALSE,1.14512,1.00542
90,137,TRUE,1.10962,1
90,139,FALSE,1.04523,1.06244
90,140,FALSE,1.12952,1.07223
90,141,FALSE,1.05387,1.06006
90,142,FALSE,1.05762,1.07256
90,143,FALSE,1.13434,1.00826
90,144,FALSE,1.11485,1.0132
90,145,FALSE,1,5.10671
90,146,TRUE,1,1
90,147,FALSE,1,1.11837
90,148,TRUE,1,1
90,149,TRUE,3.12824,1
90,150,FALSE,1,5.03802
90,151,TRUE,1.10679,1
90,153,FALSE,1.14492,1.13155
90,154,FALSE,5.01187,1.08751
90,155,FALSE,7.08872,1.0177
90,156,FALSE,3.14331,1.09548
90,157,FALSE,1.10674,1.00778
90,158,FALSE,3.14265,1.11665
90,159,FALSE,3.13335,1.06833
90,160,FALSE,3.11152,1.03322
90,161,FALSE,3.01601,1.11689
90,162,FALSE,4.08472,4.13122
90,164,FALSE,7.04128,1.0172
90,165,FALSE,1.08537,5.04289
90,166,FALSE,5.12928,5.13285
90,167,FALSE,1.09739,1.1385
90,168,FALSE,1,5.07777
90,169,FALSE,5.11994,5.14006
90,173,FALSE,3.13072,1.09447
90,175,FALSE,1.14705,1.07423
90,176,FALSE,1.12133,1.0896
90,177,FALSE,5.1423,1.10155
90,178,FALSE,6.10223,4.00788
90,179,FALSE,5.13403,1.13979
90,180,FALSE,5.01511,2.09356
90,181,FALSE,5.14322,3.08175
90,182,FALSE,5.0188,1.13754
90,183,FALSE,5.10647,1.11833
90,184,FALSE,7.03338,1.1376
90,185,FALSE,5.09107,1.12841
90,186,FALSE,7.12755,1.08978
90,188,FALSE,5.11831,1.012
90,189,FALSE,6.11332,4.12985
90,190,FALSE,3.03699,1.09684
90,191,FALSE,5.08197,1.02869
90,192,FALSE,5.13987,1.13542
90,193,FALSE,5.06497,6.01639
90,194,FALSE,5.08061,1.13936
90,195,FALSE,3.0897,1.09881
90,197,FALSE,5.14196,1.00804
90,198,FALSE,5.02694,1.11767
90,199,FALSE,5.1367,3.03482
90,200,FALSE,1.12861,1.14128
90,201,FALSE,1.11144,1.14558
90,202,FALSE,7.0581,7.07891
90,203,FALSE,5.13543,4.05172
90,204,FALSE,5.09747,1.00506
90,206,FALSE,5.03337,1.00445
90,207,FALSE,3.02092,1.12351
90,208,FALSE,1.14649,1.11026
90,209,FALSE,3.12173,3.00984
90,210,FALSE,3.12789,3.05075
90,211,FALSE,3.02309,3.09287
90,212,FALSE,1.07451,1.07711
90,213,FALSE,3.04117,1.09452
90,216,FALSE,6.01097,1.10078
90,217,FALSE,4.017,1.13932
90,218,FALSE,5.10374,1.10531
90,219,FALSE,5.1163,1.14589
90,222,FALSE,3.05822,1.13499
90,225,FALSE,3.14211,4.02519
90,226,FALSE,5.02825,1.09364
90,227,FALSE,7.01124,4.0609
90,229,FALSE,4.05488,3.12661
90,230,FALSE,3.13834,3.12455
90,233,FALSE,5.11214,1.01128
90,234,FALSE,5.09633,3.05639
90,235,FALSE,5.06807,3.05691
90,236,FALSE,1.09938,1.06793
90,237,FALSE,1.05812,1.08308
90,242,FALSE,4.12542,1.00738
90,243,FALSE,1.07661,1.09049
90,251,FALSE,4.08906,4.05064
90,252,FALSE,3.10436,1.14538
90,253,FALSE,5.06366,1.01452
90,254,FALSE,1.12232,1.01423
90,255,FALSE,3.14444,1.03674
90,256,FALSE,5.07341,1.01352
90,257,FALSE,5.06786,1.0508
90,258,FALSE,3.0566,1.11092
90,259,FALSE,1.13595,1.07706
90,260,FALSE,1.09266,1.07494
90,262,FALSE,6.01285,1.01443
90,263,FALSE,1.14472,1.04453
90,264,FALSE,4.03114,1.08051
90,265,FALSE,1.11076,1.11741
90,270,FALSE,1.13867,3.04962
90,271,FALSE,3.08495,1.12155
90,272,FALSE,1.13765,1.13664
90,273,FALSE,1.14643,1.11121
90,274,FALSE,1.13922,1.09816
90,275,FALSE,1.13149,3.03785
90,280,FALSE,1.09678,1.03974
90,289,FALSE,4.10839,1.06778
90,290,FALSE,1.13137,1.12648
90,291,FALSE,1.14439,1.13494
90,292,FALSE,1.1458,1.05816
90,293,FALSE,6.0986,5.0043
90,294,FALSE,5.12468,5.01419
90,295,FALSE,6.06071,5.01045
90,296,FALSE,5.07979,5.00078
90,297,FALSE,5.13293,1.11398
90,298,FALSE,5.12306,1.0037
90,299,FALSE,4.02304,1.09153
90,300,FALSE,5.12882,1.00155
90,301,FALSE,3.11492,1.11192
90,302,FALSE,5.08414,1.12571
90,303,FALSE,3.07929,1.12126
90,308,FALSE,6.0767,1.00612
90,317,FALSE,5.07125,1.02163
90,318,FALSE,6.02517,1.11183
90,319,FALSE,5.10092,1.04431
90,320,FALSE,5.04556,1.00952
90,321,FALSE,4.1347,1.00621
90,322,FALSE,3.12764,1.05268
90,323,FALSE,3.1115,1.03669
90,324,FALSE,3.06148,1.04646
90,325,FALSE,5.12156,1.07466
90,326,FALSE,3.04908,1.01915
90,328,FALSE,5.089,1.08377
90,329,FALSE,6.09631,1.14706
90,330,FALSE,5.11882,1.10675
90,331,FALSE,5.02912,1.03732
90,332,FALSE,5.08774,1.13337
90,333,FALSE,5.03767,3.09818
90,334,FALSE,1.14566,1.07838
90,335,FALSE,5.10149,1.12863
90,336,FALSE,5.12483,1.08661
90,337,FALSE,5.10797,1.08407
90,339,FALSE,5.05599,1.02078
90,340,TRUE,1.02671,1
90,341,TRUE,5.06002,1
90,342,FALSE,1.11802,6.10006
90,343,TRUE,1,1
90,346,FALSE,5.06286,1.11254
90,347,FALSE,6.06451,1.13828
90,348,FALSE,5.0822,1.10691
90,349,FALSE,5.04225,1.01805
90,350,FALSE,4.13512,3.02529
90,351,FALSE,5.08005,1.1388
90,352,FALSE,4.0562,1.13277
90,353,FALSE,7.09622,4.10139
90,354,FALSE,5.13207,4.07828
90,355,FALSE,3.10996,1.03716
90,357,FALSE,4.0801,1.05704
90,358,FALSE,3.10022,1.06292
90,359,FALSE,3.10597,1.13026
90,361,FALSE,5.06971,1.10339
90,363,FALSE,5.05278,5.07657
90,364,FALSE,5.02056,5.04896
90,365,FALSE,3.00706,1.04567
90,366,FALSE,1.12506,1.12668
90,367,FALSE,5.10908,5.07403
90,370,FALSE,3.13462,1.09432
90,371,FALSE,3.07351,1.1287
90,372,FALSE,6.11267,1.14641
90,373,FALSE,1.14276,1.12902
90,374,FALSE,7.10738,1.03992
90,375,FALSE,3.01799,1.13856
90,376,FALSE,1.13722,1.06515
90,377,FALSE,1.01918,1.14362
90,378,FALSE,3.11904,3.11568
90,379,FALSE,1.1167,3.00847
90,380,FALSE,3.09212,4.02976
90,381,FALSE,1.10861,1.09249
90,383,FALSE,5.10469,1.02798
90,384,FALSE,5.13213,1.13073
90,385,FALSE,5.11773,1.01529
90,386,FALSE,5.1294,1.06773
90,387,FALSE,4.11617,1.00562
90,388,FALSE,1.1134,1.01375
90,389,FALSE,2.06273,1.03284
90,390,FALSE,5.12892,1.01597
90,391,FALSE,3.0988,1.00191
90,394,FALSE,5.10394,1.01444
90,395,FALSE,1.08638,5.12594
90,396,FALSE,1.106,5.12216
90,397,FALSE,1.07027,5.12315
90,398,FALSE,3.09656,5.09831
90,403,FALSE,4.14066,1.00307
90,404,FALSE,4.02944,5.00179
90,405,FALSE,1.11874,5.01193
90,406,FALSE,1.03166,1.00037
90,407,FALSE,3.11789,4.14435
90,408,TRUE,1.01566,1
90,412,FALSE,6.14588,5.0026
90,413,FALSE,5.11462,5.01726
90,414,FALSE,6.13809,5.03921
90,415,FALSE,3.0204,5.01361
90,416,FALSE,3.01916,3.0756
90,417,FALSE,3.11362,1.14578
90,418,FALSE,5.02755,5.08953
90,419,FALSE,5.00466,3.13087
90,420,FALSE,3.07926,3.08629
90,421,FALSE,5.06255,3.12347
90,422,FALSE,5.04413,3.0552
90,423,FALSE,3.04882,1.11888
90,425,FALSE,7.08952,1.10589
90,426,FALSE,4.03116,1.08298
90,427,FALSE,1.14289,1.10583
90,428,FALSE,3.03534,3.06151
90,429,FALSE,3.11137,3.03707
91,1,FALSE,3.13884,1.07031
91,3,FALSE,1.00577,1.04185
91,5,FALSE,7.02345,1.06499
91,6,FALSE,3.01879,1.02317
91,7,FALSE,1,1.00832
91,9,FALSE,1.08175,1.04518
91,10,FALSE,1.14203,1.01345
91,11,FALSE,1,1.10868
91,13,FALSE,1.14401,1.10402
91,17,FALSE,3.02214,1.06081
91,18,FALSE,1.13725,1.04744
91,19,TRUE,3.01937,1
91,21,FALSE,4.10949,1.08857
91,22,FALSE,1.13551,1.13416
91,25,FALSE,4.03357,1.0706
91,29,FALSE,1.13321,1.00288
91,30,FALSE,1.14477,1.08417
91,69,FALSE,4.13909,1.00087
91,70,FALSE,3.14007,3.07281
91,71,FALSE,1.14676,1.08313
91,72,FALSE,3.14511,3.06355
91,73,FALSE,3.13444,3.00002
91,74,FALSE,3.02189,3.05979
91,75,FALSE,3.13456,4.05338
91,76,FALSE,3.0828,1.11962
91,77,FALSE,1.13205,3.03192
91,78,FALSE,4.14032,1.09796
91,79,FALSE,3.06035,1.12852
91,82,FALSE,4.07374,1.07129
91,83,FALSE,3.11565,1.0595
91,84,FALSE,1,3.05422
91,85,TRUE,1.02954,1
91,86,TRUE,4.11745,1
91,91,FALSE,1.14155,1.05683
91,92,FALSE,1.14575,1.10369
91,93,FALSE,3.07756,1.1369
91,95,FALSE,1.1472,1.06822
91,98,FALSE,5.09106,1.07578
91,99,FALSE,5.04017,2.01008
91,100,FALSE,6.02715,1.12038
91,101,FALSE,3.11194,1.0324
91,103,FALSE,5.1188,1.09606
91,104,FALSE,5.05828,1.11643
91,106,FALSE,5.10464,1.08552
91,107,FALSE,6.06664,1.00226
91,109,FALSE,4.04339,1.14103
91,110,FALSE,3.12837,1.12568
91,111,FALSE,3.11318,1.02072
91,112,FALSE,2.08439,1.04988
91,113,FALSE,3.09403,1.06278
91,114,FALSE,1.1281,1.00531
91,115,FALSE,1.12503,1.02989
91,116,FALSE,3.03655,1.10934
91,117,FALSE,1.13138,1.07108
91,118,FALSE,3.13443,1.00436
91,120,FALSE,4.10917,1.00433
91,121,FALSE,1.13923,1.00015
91,122,FALSE,1.14647,1.00147
91,123,FALSE,1.14361,1.00758
91,124,FALSE,7.13511,1.01825
91,125,FALSE,4.13975,5.01515
91,126,FALSE,5.0464,5.06139
91,127,FALSE,4.07269,1.01259
91,128,FALSE,5.10137,1.0169
91,129,FALSE,5.08111,1.12648
91,130,FALSE,5.12298,5.14169
91,131,FALSE,1.07011,1.01872
91,133,FALSE,1.14741,1.00265
91,134,FALSE,1.14043,1.00606
91,135,FALSE,1.13018,1.08718
91,136,FALSE,1.14189,1.12875
91,137,TRUE,1.0635,1
91,139,FALSE,1.05753,1.02355
91,140,FALSE,1.13171,1.02827
91,141,FALSE,1.12725,1.01602
91,142,FALSE,1.13536,1.05564
91,143,FALSE,1.11264,1.0501
91,144,FALSE,6.12225,1.04798
91,145,TRUE,5.03175,1
91,146,TRUE,1,1
91,147,FALSE,1,1.07664
91,148,TRUE,1,1
91,149,TRUE,3.10265,1
91,150,FALSE,1,5.1027
91,151,TRUE,1.14055,1
91,153,FALSE,1.14371,1.12218
91,154,FALSE,5.09331,1.09215
91,155,FALSE,7.01827,1.01492
91,156,FALSE,1.13151,1.10981
91,157,FALSE,1.12142,1.00495
91,158,FALSE,3.13515,1.00244
91,159,FALSE,3.02771,1.11657
91,160,FALSE,3.12341,1.01233
91,161,FALSE,3.05647,1.00248
91,162,FALSE,4.01158,4.08685
91,164,FALSE,7.11394,1.05978
91,165,FALSE,1.01662,5.14724
91,166,FALSE,5.05045,5.13648
91,167,FALSE,1.08866,1.12567
91,168,FALSE,1,5.13766
91,169,FALSE,5.04219,5.10472
91,173,FALSE,4.09039,1.09214
91,175,FALSE,1.03404,1.04001
91,176,FALSE,1.11921,1.06983
91,177,FALSE,5.13106,1.12153
91,178,FALSE,6.01711,4.00171
91,179,FALSE,5.13589,1.14122
91,180,FALSE,5.0091,2.07345
91,181,FALSE,5.06352,3.13981
91,182,FALSE,5.0489,1.14737
91,183,FALSE,5.08226,1.12681
91,184,FALSE,7.09315,1.12963
91,185,FALSE,5.01458,1.14147
91,186,FALSE,7.0967,1.10431
91,188,FALSE,5.13856,1.00167
91,189,FALSE,6.07473,4.12927
91,190,FALSE,3.12814,1.14544
91,191,FALSE,5.13481,1.09473
91,192,FALSE,5.01347,1.13127
91,193,FALSE,5.13159,6.092
91,194,FALSE,5.06141,1.09721
91,195,FALSE,3.09543,1.14106
91,197,FALSE,5.10781,1.00539
91,198,FALSE,5.05712,1.09742
91,199,FALSE,4.1327,1.13034
91,200,FALSE,1.1278,1.14154
91,201,FALSE,1.11897,1.0566
91,202,FALSE,7.02331,7.05303
91,203,FALSE,5.08779,4.01134
91,204,FALSE,5.03606,1.07944
91,206,FALSE,5.0856,1.00219
91,207,FALSE,3.03225,1.10768
91,208,FALSE,1.13584,1.0097
91,209,FALSE,3.12719,3.00341
91,210,FALSE,3.08846,3.0695
91,211,FALSE,3.01344,3.08683
91,212,FALSE,1.12583,1.04146
91,213,FALSE,3.07187,1.11782
91,216,FALSE,6.12263,1.11497
91,217,FALSE,4.04771,1.14166
91,218,FALSE,5.14685,1.12584
91,219,FALSE,5.11197,1.11119
91,222,FALSE,3.02375,1.10008
91,225,FALSE,3.13624,4.11137
91,226,FALSE,5.09286,1.09076
91,227,FALSE,7.05843,4.00694
91,229,FALSE,4.01085,3.0586
91,230,FALSE,3.13812,3.06506
91,233,FALSE,5.12796,1.04814
91,234,FALSE,5.01174,3.02719
91,235,FALSE,5.00791,3.05521
91,236,FALSE,1.13123,1.00673
91,237,FALSE,1.13618,1.11593
91,242,FALSE,4.09371,1.01588
91,243,FALSE,1.08557,1.11611
91,251,FALSE,4.10655,4.07677
91,252,FALSE,3.10437,1.13147
91,253,FALSE,5.13279,1.03637
91,254,FALSE,1.14413,1.01898
91,255,FALSE,3.08044,1.10418
91,256,FALSE,5.06679,1.07934
91,257,FALSE,5.12025,1.04721
91,258,FALSE,3.10924,1.04249
91,259,FALSE,1.11576,1.02679
91,260,FALSE,1.13253,1.12212
91,262,FALSE,6.09541,1.00062
91,263,FALSE,1.1471,1.00645
91,264,FALSE,4.04993,1.12137
91,265,FALSE,1.13801,1.13154
91,270,FALSE,1.13927,3.01042
91,271,FALSE,3.08037,1.1253
91,272,FALSE,1.13942,1.11672
91,273,FALSE,1.14404,1.13306
91,274,FALSE,1.12061,1.12718
91,275,FALSE,1.14602,3.09374
91,280,FALSE,1.12405,1.00221
91,289,FALSE,4.12065,1.09316
91,290,FALSE,1.12897,1.10453
91,291,FALSE,1.14132,1.13255
91,292,FALSE,1.13851,1.11666
91,293,FALSE,5.12778,5.00903
91,294,FALSE,5.13407,5.01911
91,295,FALSE,6.12597,5.00032
91,296,FALSE,5.04566,5.01868
91,297,FALSE,5.07562,1.08812
91,298,FALSE,5.13868,1.01239
91,299,FALSE,4.0498,1.0609
91,300,FALSE,5.07885,1.04534
91,301,FALSE,3.11925,1.02049
91,302,FALSE,5.10452,1.10334
91,303,FALSE,3.05268,1.12816
91,308,FALSE,6.10135,1.02583
91,317,FALSE,5.13811,1.02766
91,318,FALSE,6.09395,1.11686
91,319,FALSE,5.10094,1.07589
91,320,FALSE,2.12048,1.04225
91,321,FALSE,4.05003,1.00874
91,322,FALSE,3.01111,1.03084
91,323,FALSE,3.03563,1.0658
91,324,FALSE,3.023,1.01184
91,325,FALSE,5.03847,1.0457
91,326,FALSE,3.03227,1.03706
91,328,FALSE,5.12771,1.06172
91,329,FALSE,6.11414,1.13342
91,330,FALSE,5.11606,1.08922
91,331,FALSE,5.06168,1.06672
91,332,FALSE,5.14458,1.07173
91,333,FALSE,5.11386,3.12293
91,334,FALSE,1.12214,1.08909
91,335,FALSE,5.13532,1.11065
91,336,FALSE,5.13026,1.06497
91,337,FALSE,5.1063,1.09569
91,339,FALSE,5.01972,1.04147
91,340,TRUE,1.03471,1
91,341,TRUE,5.07335,1
91,342,FALSE,1.05323,6.04812
91,343,TRUE,1,1
91,346,FALSE,5.0168,1.09172
91,347,FALSE,6.07231,1.11416
91,348,FALSE,5.11684,1.09012
91,349,FALSE,5.07243,1.0155
91,350,FALSE,4.13179,1.14263
91,351,FALSE,5.14683,1.12363
91,352,FALSE,4.06149,1.03932
91,353,FALSE,7.04561,4.04259
91,354,FALSE,5.13875,4.12764
91,355,FALSE,3.07638,1.05782
91,357,FALSE,4.12074,1.05911
91,358,FALSE,3.08257,1.07829
91,359,FALSE,3.12056,1.11056
91,361,FALSE,5.14613,1.0962
91,363,FALSE,5.07042,5.09112
91,364,FALSE,5.09411,5.10998
91,365,FALSE,3.03425,1.05677
91,366,FALSE,1.10807,1.11325
91,367,FALSE,5.04821,5.06161
91,370,FALSE,3.12893,1.10502
91,371,FALSE,3.03748,1.14574
91,372,FALSE,6.05098,1.14449
91,373,FALSE,1.14091,1.13005
91,374,FALSE,7.13862,1.00365
91,375,FALSE,1.04939,1.11509
91,376,FALSE,1.0708,1.02918
91,377,FALSE,1.10916,1.14014
91,378,FALSE,3.05837,3.07412
91,379,FALSE,1.13461,3.00993
91,380,FALSE,3.10177,4.03408
91,381,FALSE,1.13417,1.12643
91,383,FALSE,5.13836,1.07947
91,384,FALSE,5.06974,1.12644
91,385,FALSE,5.11937,1.00129
91,386,FALSE,5.04405,1.05008
91,387,FALSE,4.06346,1.00698
91,388,FALSE,1.11443,1.02148
91,389,FALSE,2.12751,1.03029
91,390,FALSE,5.04395,1.0135
91,391,FALSE,3.11876,1.00669
91,394,FALSE,5.10788,1.03452
91,395,FALSE,1.0964,5.01846
91,396,FALSE,1.13495,5.10702
91,397,FALSE,1.10388,5.10695
91,398,FALSE,3.11051,5.08772
91,403,FALSE,4.07851,1.07267
91,404,FALSE,4.07257,5.0843
91,405,FALSE,1.13672,5.13695
91,406,FALSE,1,1.09336
91,407,FALSE,3.14432,4.11554
91,408,TRUE,1.11953,1
91,412,FALSE,6.06657,5.0015
91,413,FALSE,5.09307,5.00001
91,414,FALSE,6.08444,5.00594
91,415,FALSE,3.06886,5.01945
91,416,FALSE,3.04823,3.07215
91,417,FALSE,3.02204,1.13064
91,418,FALSE,5.03853,5.07161
91,419,FALSE,5.13344,3.11351
91,420,FALSE,3.03407,3.07395
91,421,FALSE,5.04195,3.11147
91,422,FALSE,3.0581,3.09025
91,423,FALSE,3.06814,1.11604
91,425,FALSE,1.11305,1.01814
91,426,FALSE,4.09994,1.07169
91,427,FALSE,1.13838,1.10374
91,428,FALSE,3.07547,3.1131
91,429,FALSE,3.11815,3.11312
92,1,FALSE,3.02916,1.09666
92,3,FALSE,1.04375,1.11072
92,5,FALSE,7.0205,1.07217
92,6,FALSE,3.08891,1.04527
92,7,FALSE,1,1.02729
92,9,FALSE,1.14144,1.04252
92,10,FALSE,1.03099,1.00796
92,11,FALSE,1,1.03561
92,13,FALSE,1.14409,1.09504
92,17,FALSE,3.0945,1.05073
92,18,FALSE,1.06708,1.04661
92,19,TRUE,3.10545,1
92,21,FALSE,3.07507,1.08921
92,22,FALSE,1.14705,1.12343
92,25,FALSE,4.04786,1.03438
92,29,FALSE,1.13361,1.00591
92,30,FALSE,1.12613,1.08478
92,69,FALSE,4.08238,1.00152
92,70,FALSE,3.12833,3.02111
92,71,FALSE,1.13492,1.10303
92,72,FALSE,3.11393,3.06335
92,73,FALSE,3.10643,3.05229
92,74,FALSE,3.04623,3.06975
92,75,FALSE,3.10629,4.01788
92,76,FALSE,1.14688,1.14377
92,77,FALSE,1.14353,3.02679
92,78,FALSE,4.07356,1.09338
92,79,FALSE,3.08622,1.1174
92,82,FALSE,4.09336,1.08104
92,83,FALSE,3.07996,1.08007
92,84,FALSE,1,3.12744
92,85,FALSE,1,1.12858
92,86,TRUE,4.07462,1
92,91,FALSE,1.14534,1.05643
92,92,FALSE,1.14724,1.11567
92,93,FALSE,3.0627,1.13037
92,95,FALSE,1.14023,1.01875
92,98,FALSE,5.09359,1.09085
92,99,FALSE,5.11716,2.06182
92,100,FALSE,6.07683,1.09643
92,101,FALSE,3.1332,1.02378
92,103,FALSE,5.04962,1.08945
92,104,FALSE,5.14239,1.09724
92,106,FALSE,5.04034,1.12055
92,107,FALSE,6.12432,1.04712
92,109,FALSE,4.05867,1.14159
92,110,FALSE,3.10266,1.09612
92,111,FALSE,3.08682,1.00487
92,112,FALSE,2.11454,1.04685
92,113,FALSE,3.13439,1.02033
92,114,FALSE,1.14271,1.04027
92,115,FALSE,1.13818,1.0881
92,116,FALSE,3.06264,1.00394
92,117,FALSE,1.13397,1.0298
92,118,FALSE,3.11773,1.01055
92,120,FALSE,4.05289,1.00296
92,121,FALSE,1.14453,1.00883
92,122,FALSE,1.13866,1.00196
92,123,FALSE,1.07566,1.00476
92,124,FALSE,7.07775,1.01593
92,125,FALSE,4.05488,5.10809
92,126,FALSE,5.03667,5.02261
92,127,FALSE,4.00755,1.14123
92,128,FALSE,5.13032,1.02395
92,129,FALSE,5.07245,1.05122
92,130,FALSE,5.10617,5.11176
92,131,FALSE,1.06664,1.0772
92,133,FALSE,1.13903,1.02272
92,134,FALSE,1.08733,1.01272
92,135,FALSE,1.10513,1.03531
92,136,FALSE,1.12181,1.05567
92,137,TRUE,1.07434,1
92,139,FALSE,1.115,1.0104
92,140,FALSE,1.12194,1.0049
92,141,FALSE,1.12648,1.01807
92,142,FALSE,1.09443,1.13943
92,143,FALSE,1.12286,1.04306
92,144,FALSE,6.00232,1.08383
92,145,FALSE,1,5.08806
92,146,TRUE,1,1
92,147,FALSE,1,1.1233
92,148,TRUE,1,1
92,149,TRUE,3.12919,1
92,150,FALSE,1,5.02855
92,151,FALSE,1,1.09018
92,153,FALSE,1.143,1.14308
92,154,FALSE,5.09123,1.11131
92,155,FALSE,7.08359,1.00284
92,156,FALSE,1.1224,1.13038
92,157,FALSE,1.14342,1.02886
92,158,FALSE,3.04344,1.06634
92,159,FALSE,3.06624,1.00453
92,160,FALSE,3.06589,1.06748
92,161,FALSE,3.08229,1.01373
92,162,FALSE,4.01589,4.09203
92,164,FALSE,7.01118,1.00543
92,165,FALSE,1.10402,5.07373
92,166,FALSE,5.09072,5.11264
92,167,FALSE,1.02087,1.10831
92,168,FALSE,1,5.07059
92,169,FALSE,5.0562,5.12887
92,173,FALSE,3.07322,1.08572
92,175,FALSE,1.14235,1.03968
92,176,FALSE,1.02106,1.06511
92,177,FALSE,5.11838,1.11952
92,178,FALSE,5.08508,4.00102
92,179,FALSE,5.12374,1.14696
92,180,FALSE,5.0626,2.11297
92,181,FALSE,5.10044,3.10783
92,182,FALSE,5.02296,1.13215
92,183,FALSE,5.13512,1.08059
92,184,FALSE,7.09075,1.13164
92,185,FALSE,5.13276,1.12647
92,186,FALSE,7.08384,1.12196
92,188,FALSE,5.13061,1.00096
92,189,FALSE,6.0726,4.14262
92,190,FALSE,3.02615,1.1227
92,191,FALSE,5.04815,1.07033
92,192,FALSE,5.03171,1.07486
92,193,FALSE,5.05907,6.07279
92,194,FALSE,5.08285,1.12143
92,195,FALSE,3.01012,1.14326
92,197,FALSE,5.14152,1.00367
92,198,FALSE,5.02034,1.12763
92,199,FALSE,5.09628,1.1234
92,200,FALSE,1.12247,1.13635
92,201,FALSE,5.13562,1.06704
92,202,FALSE,7.09879,7.02003
92,203,FALSE,5.13682,4.01381
92,204,FALSE,5.13627,1.14083
92,206,FALSE,5.05413,1.00166
92,207,FALSE,3.12306,1.1138
92,208,FALSE,1.09692,1.08393
92,209,FALSE,3.07949,3.04036
92,210,FALSE,3.13288,3.00631
92,211,FALSE,3.01044,3.03769
92,212,FALSE,1.10965,1.08545
92,213,FALSE,3.12235,1.10305
92,216,FALSE,6.10971,1.11427
92,217,FALSE,4.03952,1.1437
92,218,FALSE,5.07084,1.12073
92,219,FALSE,5.08556,1.13871
92,222,FALSE,3.14455,1.1189
92,225,FALSE,3.14737,4.07041
92,226,FALSE,5.09179,1.08678
92,227,FALSE,7.13887,4.12636
92,229,FALSE,4.02115,3.10644
92,230,FALSE,3.08711,3.03028
92,233,FALSE,5.13621,1.00008
92,234,FALSE,5.03435,3.00782
92,235,FALSE,5.05658,3.10366
92,236,FALSE,1.11745,1.09469
92,237,FALSE,1.0929,1.00533
92,242,FALSE,4.10231,1.00083
92,243,FALSE,1.06366,1.10483
92,251,FALSE,4.13318,4.11172
92,252,FALSE,3.08794,1.12482
92,253,FALSE,5.00463,1.02471
92,254,FALSE,1.10464,1.00072
92,255,FALSE,3.14675,1.01624
92,256,FALSE,5.03265,1.10905
92,257,FALSE,5.01941,1.0113
92,258,FALSE,3.11563,1.13161
92,259,FALSE,1.12847,3.08659
92,260,FALSE,1.12754,1.09425
92,262,FALSE,6.07075,1.00705
92,263,FALSE,1.14376,1.01776
92,264,FALSE,4.01804,1.12916
92,265,FALSE,1.13528,1.14126
92,270,FALSE,1.13908,3.09711
92,271,FALSE,3.06348,1.08413
92,272,FALSE,1.14207,1.11516
92,273,FALSE,1.13654,1.12204
92,274,FALSE,1.14266,1.12342
92,275,FALSE,1.13632,3.01366
92,280,FALSE,1.13266,1.00727
92,289,FALSE,4.09279,1.06258
92,290,FALSE,1.14364,1.10011
92,291,FALSE,1.13644,1.14189
92,292,FALSE,1.14063,1.05821
92,293,FALSE,6.12818,5.0019
92,294,FALSE,5.02941,5.00038
92,295,FALSE,6.12921,5.00234
92,296,FALSE,1.03934,5.01387
92,297,FALSE,5.12624,1.08789
92,298,FALSE,5.0882,1.00547
92,299,FALSE,4.09869,1.04778
92,300,FALSE,5.00804,1.01606
92,301,FALSE,3.13113,1.0339
92,302,FALSE,5.04485,1.12545
92,303,FALSE,3.12995,1.1036
92,308,FALSE,6.03922,1.02198
92,317,FALSE,3.13209,1.02425
92,318,FALSE,6.03014,1.11923
92,319,FALSE,5.14586,1.04019
92,320,FALSE,5.01987,1.03459
92,321,FALSE,4.05879,1.01434
92,322,FALSE,3.01043,1.08112
92,323,FALSE,3.0798,1.00053
92,324,FALSE,3.02681,1.02714
92,325,FALSE,5.0196,1.00684
92,326,FALSE,3.10396,1.00817
92,328,FALSE,5.12597,1.08409
92,329,FALSE,6.07258,1.14608
92,330,FALSE,5.12187,1.07537
92,331,FALSE,5.12288,1.06913
92,332,FALSE,5.10478,1.10267
92,333,FALSE,5.06388,3.13692
92,334,FALSE,1.14093,1.09194
92,335,FALSE,5.12393,1.11973
92,336,FALSE,5.08193,1.06858
92,337,FALSE,5.07636,1.09352
92,339,FALSE,5.0902,1.07744
92,340,TRUE,1.14175,1
92,341,TRUE,5.0064,1
92,342,FALSE,1.04423,6.03132
92,343,TRUE,1,1
92,346,FALSE,5.1401,1.12107
92,347,FALSE,6.01329,1.13901
92,348,FALSE,5.02302,1.06495
92,349,FALSE,5.12504,1.00248
92,350,FALSE,4.08922,3.08314
92,351,FALSE,5.0897,1.12981
92,352,FALSE,4.05135,1.09918
92,353,FALSE,7.08226,4.05198
92,354,FALSE,5.12931,4.06583
92,355,FALSE,3.11384,1.07694
92,357,FALSE,4.13007,1.06599
92,358,FALSE,3.02703,1.10797
92,359,FALSE,3.05713,1.09824
92,361,FALSE,5.14237,1.07455
92,363,FALSE,5.05694,5.0704
92,364,FALSE,5.09248,5.12681
92,365,FALSE,3.1172,1.07254
92,366,FALSE,1.11607,1.13385
92,367,FALSE,5.12479,5.00666
92,370,FALSE,3.14039,1.09391
92,371,FALSE,3.06684,1.14424
92,372,FALSE,6.01175,1.14645
92,373,FALSE,1.12539,1.12426
92,374,FALSE,7.07386,1.00745
92,375,FALSE,1.03057,1.09756
92,376,FALSE,1.08755,1.04346
92,377,FALSE,1.05835,1.00983
92,378,FALSE,3.07801,3.11414
92,379,FALSE,1.12897,3.09582
92,380,FALSE,3.03986,4.13435
92,381,FALSE,1.11026,1.04631
92,383,FALSE,5.11032,1.04506
92,384,FALSE,5.11887,1.1371
92,385,FALSE,5.10229,1.01102
92,386,FALSE,5.09499,1.02835
92,387,FALSE,4.0722,1.00071
92,388,FALSE,1.11192,1.01166
92,389,FALSE,2.09941,1.00355
92,390,FALSE,5.13423,1.03517
92,391,FALSE,3.01562,1.00931
92,394,FALSE,5.1322,1.00405
92,395,FALSE,1.08887,5.09405
92,396,FALSE,1.01477,5.03177
92,397,FALSE,1.07668,5.03315
92,398,FALSE,3.07416,5.11306
92,403,FALSE,4.1081,1.01569
92,404,FALSE,4.12928,5.09771
92,405,FALSE,1.11931,5.01011
92,406,FALSE,1.03446,1.04756
92,407,FALSE,3.08963,4.07213
92,408,TRUE,1.12126,1
92,412,FALSE,6.09635,5.00186
92,413,FALSE,1.14201,5.02616
92,414,FALSE,6.05211,5.00076
92,415,FALSE,3.0609,5.01004
92,416,FALSE,3.04105,3.08345
92,417,FALSE,3.1349,1.13565
92,418,FALSE,5.03222,5.08089
92,419,FALSE,5.10298,3.11996
92,420,FALSE,3.052,3.06043
92,421,FALSE,5.05804,3.14551
92,422,FALSE,5.07343,3.03133
92,423,FALSE,3.03384,1.11708
92,425,FALSE,7.13321,1.04982
92,426,FALSE,4.12856,1.08898
92,427,FALSE,1.137,1.09104
92,428,FALSE,3.08111,3.06491
92,429,FALSE,3.09455,3.038
93,1,FALSE,3.08504,1.11411
93,3,FALSE,1.01146,1.03788
93,5,FALSE,7.02497,1.064
93,6,FALSE,3.03256,1.04466
93,7,FALSE,1,1.0102
93,9,FALSE,1.1406,1.03158
93,10,FALSE,1.12367,1.04101
93,11,FALSE,1,1.0116
93,13,FALSE,1.12076,1.13153
93,17,FALSE,3.04037,1.06228
93,18,FALSE,1.11311,1.06547
93,19,TRUE,3.03173,1
93,21,FALSE,3.02607,1.06162
93,22,FALSE,1.14019,1.11551
93,25,FALSE,4.05933,1.03304
93,29,FALSE,1.14187,1.02
93,30,FALSE,1.12743,1.10917
93,69,FALSE,4.04124,1.0075
93,70,FALSE,3.14295,3.0022
93,71,FALSE,3.02323,1.06491
93,72,FALSE,3.13979,3.09565
93,73,FALSE,3.06006,3.01446
93,74,FALSE,7.02254,3.04544
93,75,FALSE,3.11223,4.07213
93,76,FALSE,1.13558,1.14092
93,77,FALSE,1.12716,3.02114
93,78,FALSE,4.04322,1.08767
93,79,FALSE,1.12611,1.12783
93,82,FALSE,4.12391,1.04487
93,83,FALSE,3.0136,1.13397
93,84,FALSE,1,3.06243
93,85,FALSE,1,1.07622
93,86,TRUE,4.01726,1
93,91,FALSE,1.13739,1.04047
93,92,FALSE,1.139,1.1089
93,93,FALSE,3.09336,1.12169
93,95,FALSE,1.12196,1.04301
93,98,FALSE,5.1351,1.04176
93,99,FALSE,5.12063,2.00246
93,100,FALSE,6.10804,1.12807
93,101,FALSE,3.08651,1.06406
93,103,FALSE,5.12898,1.12538
93,104,FALSE,5.0818,1.09088
93,106,FALSE,5.11668,1.06676
93,107,FALSE,6.07465,1.01159
93,109,FALSE,4.01258,1.14299
93,110,FALSE,3.11629,1.11607
93,111,FALSE,3.1188,1.03188
93,112,FALSE,2.14385,1.05873
93,113,FALSE,3.1157,1.03728
93,114,FALSE,1.12275,1.00844
93,115,FALSE,1.14518,1.06231
93,116,FALSE,3.10924,1.03239
93,117,FALSE,1.12293,1.0625
93,118,FALSE,3.11444,1.02371
93,120,FALSE,4.07359,1.01123
93,121,FALSE,1.12597,1.00642
93,122,FALSE,1.13821,1.00615
93,123,FALSE,1.11177,1.00361
93,124,FALSE,7.08313,1.00314
93,125,FALSE,4.11688,5.03946
93,126,FALSE,5.08227,5.0623
93,127,FALSE,4.13392,1.07509
93,128,FALSE,5.13594,1.1134
93,129,FALSE,5.04712,1.12753
93,130,FALSE,5.07608,5.14514
93,131,FALSE,1.04651,1.00656
93,133,FALSE,1.14446,1.00204
93,134,FALSE,1.11518,1.02571
93,135,FALSE,1.11172,1.06531
93,136,FALSE,1.1402,1.02238
93,137,FALSE,1.0603,1.03895
93,139,FALSE,1.04553,1.03919
93,140,FALSE,1.06934,1.0139
93,141,FALSE,1.09872,1.07855
93,142,FALSE,1.04746,1.05886
93,143,FALSE,1.11476,1.00155
93,144,FALSE,1.09492,1.01044
93,145,TRUE,5.05787,1
93,146,TRUE,1,1
93,147,FALSE,1,1.04655
93,148,TRUE,1,1
93,149,TRUE,3.05004,1
93,150,FALSE,1,5.11024
93,151,TRUE,1.11811,1
93,153,FALSE,1.14402,1.1358
93,154,FALSE,5.015,1.11853
93,155,FALSE,1.14741,1.0115
93,156,FALSE,3.10808,1.07163
93,157,FALSE,1.10641,1.00173
93,158,FALSE,3.08841,1.11176
93,159,FALSE,3.03563,1.00647
93,160,FALSE,3.07479,1.06049
93,161,FALSE,3.08973,1.06285
93,162,FALSE,4.02385,4.0523
93,164,FALSE,7.12933,1.05526
93,165,FALSE,1.1059,5.00478
93,166,FALSE,5.09693,5.10772
93,167,FALSE,1.0645,1.08246
93,168,FALSE,1,5.13527
93,169,FALSE,5.04459,5.1391
93,173,FALSE,3.08872,1.09679
93,175,FALSE,1.13759,1.07507
93,176,FALSE,1.07929,1.04638
93,177,FALSE,5.12285,1.10777
93,178,FALSE,5.11544,4.01021
93,179,FALSE,5.07036,1.14403
93,180,FALSE,5.12852,2.01306
93,181,FALSE,5.04956,3.0386
93,182,FALSE,5.0425,1.12446
93,183,FALSE,5.06776,1.13972
93,184,FALSE,7.14125,1.12195
93,185,FALSE,5.06839,1.12954
93,186,FALSE,7.11096,1.10818
93,188,FALSE,5.14084,1.0097
93,189,FALSE,6.08659,4.1083
93,190,FALSE,3.0859,1.12406
93,191,FALSE,5.11471,1.09268
93,192,FALSE,5.13839,1.12088
93,193,FALSE,5.12158,6.04315
93,194,FALSE,5.02943,1.11268
93,195,FALSE,3.07988,1.13105
93,197,FALSE,5.14725,1.01579
93,198,FALSE,5.10255,1.08752
93,199,FALSE,5.12676,1.13247
93,200,FALSE,1.10902,1.14224
93,201,FALSE,1.11839,1.07905
93,202,FALSE,7.01257,7.05834
93,203,FALSE,5.13487,1.10566
93,204,FALSE,5.13767,1.13228
93,206,FALSE,5.00047,1.0015
93,207,FALSE,3.03479,1.13526
93,208,FALSE,1.1447,1.07541
93,209,FALSE,3.09444,3.00505
93,210,FALSE,3.04285,3.072
93,211,FALSE,3.0535,3.1318
93,212,FALSE,1.13626,1.10909
93,213,FALSE,3.01651,1.11772
93,216,FALSE,6.06691,1.11033
93,217,FALSE,4.02197,1.12627
93,218,FALSE,5.14428,1.12283
93,219,FALSE,5.07893,1.14694
93,222,FALSE,3.12653,1.10022
93,225,FALSE,3.11886,4.00023
93,226,FALSE,5.1427,1.09832
93,227,FALSE,7.12505,4.04893
93,229,FALSE,4.10351,3.10046
93,230,FALSE,3.07901,3.07843
93,233,FALSE,5.14398,1.00781
93,234,FALSE,3.05183,3.10353
93,235,FALSE,3.0483,3.0734
93,236,FALSE,1.09306,1.11731
93,237,FALSE,1.11975,1.10172
93,242,FALSE,4.04982,1.02874
93,243,FALSE,1.10716,1.11958
93,251,FALSE,4.141,4.13485
93,252,FALSE,3.11925,1.12478
93,253,FALSE,5.0495,1.00044
93,254,FALSE,1.12817,1.01683
93,255,FALSE,3.05624,1.11713
93,256,FALSE,5.1307,1.02252
93,257,FALSE,5.00464,1.11046
93,258,FALSE,3.11326,1.02526
93,259,FALSE,1.14561,3.01201
93,260,FALSE,1.04889,1.07426
93,262,FALSE,6.07735,1.00139
93,263,FALSE,1.14533,1.013
93,264,FALSE,4.02284,1.08493
93,265,FALSE,1.12981,1.10965
93,270,FALSE,1.12719,3.04484
93,271,FALSE,3.06059,1.14449
93,272,FALSE,1.14592,1.10136
93,273,FALSE,1.1467,1.10947
93,274,FALSE,1.11195,1.08441
93,275,FALSE,1.13828,3.00559
93,280,FALSE,1.10281,1.00127
93,289,FALSE,4.10195,1.07371
93,290,FALSE,1.12938,1.12368
93,291,FALSE,1.14708,1.13973
93,292,FALSE,1.12482,1.12826
93,293,FALSE,5.11032,5.00313
93,294,FALSE,5.01099,5.01125
93,295,FALSE,6.06595,5.00286
93,296,FALSE,5.13901,5.0362
93,297,FALSE,5.11874,1.06143
93,298,FALSE,5.13113,1.00606
93,299,FALSE,4.04334,1.06952
93,300,FALSE,5.10124,1.01326
93,301,FALSE,3.06721,1.06217
93,302,FALSE,5.10307,1.09207
93,303,FALSE,3.08612,1.13678
93,308,FALSE,6.00603,1.00042
93,317,FALSE,5.12454,1.00783
93,318,FALSE,6.05061,1.11635
93,319,FALSE,5.1378,1.06038
93,320,FALSE,5.00495,1.01617
93,321,FALSE,4.08676,1.04838
93,322,FALSE,3.07947,1.04362
93,323,FALSE,3.00672,1.00319
93,324,FALSE,3.12749,1.00524
93,325,FALSE,5.14517,1.04185
93,326,FALSE,3.04699,1.02367
93,328,FALSE,5.14016,1.0736
93,329,FALSE,6.11657,2.07389
93,330,FALSE,5.12851,1.08265
93,331,FALSE,3.1242,1.06586
93,332,FALSE,5.10596,1.11756
93,333,FALSE,5.05242,3.11931
93,334,FALSE,1.12347,1.10316
93,335,FALSE,5.11606,1.11305
93,336,FALSE,5.13098,1.01418
93,337,FALSE,5.13607,1.03194
93,339,FALSE,5.1308,1.11575
93,340,TRUE,1.10298,1
93,341,TRUE,5.11876,1
93,342,FALSE,1.10943,6.1029
93,343,TRUE,1,1
93,346,FALSE,3.08371,1.09341
93,347,FALSE,6.13999,1.14454
93,348,FALSE,5.01415,1.10866
93,349,FALSE,5.0983,1.01895
93,350,FALSE,4.08549,1.13877
93,351,FALSE,5.03054,1.12642
93,352,FALSE,4.0206,1.07369
93,353,FALSE,7.10705,4.09043
93,354,FALSE,5.08907,4.14257
93,355,FALSE,3.1165,1.05724
93,357,FALSE,4.12847,1.0715
93,358,FALSE,3.1021,1.09155
93,359,FALSE,3.06138,1.12071
93,361,FALSE,5.12737,1.07791
93,363,FALSE,5.0424,5.09553
93,364,FALSE,5.08758,5.10816
93,365,FALSE,3.12312,1.00981
93,366,FALSE,1.13163,1.12089
93,367,FALSE,5.06128,5.06254
93,370,FALSE,3.12595,1.10478
93,371,FALSE,3.04457,1.13664
93,372,FALSE,6.08117,1.14641
93,373,FALSE,1.14553,1.12814
93,374,FALSE,7.05406,1.02544
93,375,FALSE,3.10078,1.01709
93,376,FALSE,1.02878,1.03314
93,377,FALSE,1.12172,1.13061
93,378,FALSE,3.02865,3.05453
93,379,FALSE,1.11892,3.04599
93,380,FALSE,3.12765,4.03288
93,381,FALSE,1.12146,1.11598
93,383,FALSE,5.13512,1.05977
93,384,FALSE,5.13174,1.13332
93,385,FALSE,5.13855,1.01511
93,386,FALSE,5.12927,1.00378
93,387,FALSE,4.11415,1.02347
93,388,FALSE,1.09886,1.00843
93,389,FALSE,2.08079,1.09036
93,390,FALSE,5.06207,1.04637
93,391,FALSE,3.12692,1.01561
93,394,FALSE,5.1384,1.00618
93,395,FALSE,1.08133,5.028
93,396,FALSE,1.10151,5.04034
93,397,FALSE,1.13612,5.07754
93,398,FALSE,3.04448,5.09629
93,403,FALSE,4.03529,1.07095
93,404,FALSE,4.06731,5.10197
93,405,FALSE,1.12727,5.06133
93,406,FALSE,1,1.03258
93,407,FALSE,3.12291,4.09515
93,408,TRUE,1.08927,1
93,412,FALSE,6.02395,5.00283
93,413,FALSE,5.12735,5.00135
93,414,FALSE,6.02712,5.04345
93,415,FALSE,3.06634,5.00297
93,416,FALSE,3.03462,3.05254
93,417,FALSE,3.08635,1.1359
93,418,FALSE,5.00472,5.01663
93,419,FALSE,5.09196,3.06581
93,420,FALSE,3.12559,3.13435
93,421,FALSE,5.11592,3.09955
93,422,FALSE,5.06263,3.02363
93,423,FALSE,3.04998,1.10476
93,425,FALSE,7.10393,1.0263
93,426,FALSE,4.11793,1.08397
93,427,FALSE,1.1396,1.1037
93,428,FALSE,3.10929,3.09695
93,429,FALSE,3.06304,3.00821
94,1,FALSE,3.01882,1.08238
94,3,FALSE,1.00258,1.0143
94,5,FALSE,7.11979,1.03036
94,6,FALSE,3.073,1.06821
94,7,FALSE,1,1.00491
94,9,FALSE,1.12446,1.00213
94,10,FALSE,1.09383,1.08668
94,11,FALSE,1,1.00305
94,13,FALSE,1.12312,1.08226
94,17,FALSE,3.13379,1.06164
94,18,FALSE,1.08369,1.03332
94,19,TRUE,3.13793,1
94,21,FALSE,3.01129,1.07847
94,22,FALSE,1.13248,1.11991
94,25,FALSE,4.06818,1.02718
94,29,FALSE,1.14383,1.00774
94,30,FALSE,1.13783,1.07291
94,69,FALSE,4.11632,1.00204
94,70,FALSE,3.11794,3.03582
94,71,FALSE,3.05671,1.07236
94,72,FALSE,3.12434,3.04037
94,73,FALSE,3.1276,3.0182
94,74,FALSE,3.03871,3.04584
94,75,FALSE,3.13824,4.00703
94,76,FALSE,3.00321,1.14285
94,77,FALSE,1.14364,3.0262
94,78,FALSE,3.07314,1.10409
94,79,FALSE,3.00978,1.12229
94,82,FALSE,4.11603,1.06436
94,83,FALSE,3.05855,1.06236
94,84,FALSE,1,3.03301
94,85,TRUE,1.08029,1
94,86,TRUE,4.03803,1
94,91,FALSE,1.14345,1.03372
94,92,FALSE,1.14628,1.10249
94,93,FALSE,3.11842,1.12233
94,95,FALSE,1.14228,1.06188
94,98,FALSE,5.00287,1.04144
94,99,FALSE,5.13719,2.01587
94,100,FALSE,6.0204,1.13588
94,101,FALSE,3.07714,1.02498
94,103,FALSE,5.11027,1.10787
94,104,FALSE,5.00517,1.09532
94,106,FALSE,5.08376,1.11908
94,107,FALSE,6.12739,1.05942
94,109,FALSE,4.08777,1.10796
94,110,FALSE,3.05865,1.11177
94,111,FALSE,3.13303,1.01576
94,112,FALSE,2.00329,1.02867
94,113,FALSE,3.13263,1.09776
94,114,FALSE,1.11498,1.02637
94,115,FALSE,1.13562,1.10677
94,116,FALSE,3.02142,1.00352
94,117,FALSE,1.14439,1.0455
94,118,FALSE,3.11946,1.10413
94,120,FALSE,4.08601,1.00503
94,121,FALSE,1.11383,1.00706
94,122,FALSE,1.13393,1.0029
94,123,FALSE,1.1305,1.00055
94,124,FALSE,7.10799,1.00413
94,125,FALSE,4.10387,5.02921
94,126,FALSE,5.06075,5.05527
94,127,FALSE,4.14616,1.05487
94,128,FALSE,5.13995,1.00432
94,129,FALSE,5.03255,1.11022
94,130,FALSE,5.11808,5.12881
94,131,FALSE,1.14306,1.13025
94,133,FALSE,1.14536,1.03887
94,134,FALSE,1.12238,1.00642
94,135,FALSE,1.11145,1.07494
94,136,FALSE,1.11651,1.00113
94,137,FALSE,1.11162,1.03173
94,139,FALSE,1.13629,1.03182
94,140,FALSE,1.14522,1.00969
94,141,FALSE,1.1239,1.01436
94,142,FALSE,1.12199,1.01372
94,143,FALSE,1.13107,1.04559
94,144,FALSE,1.08535,1.08073
94,145,TRUE,5.01912,1
94,146,TRUE,1,1
94,147,FALSE,1,1.10785
94,148,TRUE,1,1
94,149,TRUE,3.06625,1
94,150,FALSE,1,5.10583
94,151,TRUE,1.05728,1
94,153,FALSE,1.13198,1.13608
94,154,FALSE,5.01679,1.0639
94,155,FALSE,7.01942,1.04913
94,156,FALSE,3.01875,1.07941
94,157,FALSE,1.11622,1.00601
94,158,FALSE,3.0898,1.0028
94,159,FALSE,3.01683,1.08559
94,160,FALSE,3.13592,1.03691
94,161,FALSE,3.02644,1.0751
94,162,FALSE,4.04457,4.13708
94,164,FALSE,7.13363,1.00798
94,165,FALSE,1.11725,5.14334
94,166,FALSE,5.0531,5.12117
94,167,FALSE,1.12005,1.12247
94,168,FALSE,1,5.13915
94,169,FALSE,5.08475,5.10718
94,173,FALSE,4.11914,1.08352
94,175,FALSE,1.09239,1.10193
94,176,FALSE,1.07282,1.0373
94,177,FALSE,5.10365,1.10314
94,178,FALSE,5.12569,4.00051
94,179,FALSE,5.1055,1.14685
94,180,FALSE,5.00865,2.07196
94,181,FALSE,5.08946,3.06519
94,182,FALSE,5.00705,1.14267
94,183,FALSE,5.03915,1.03919
94,184,FALSE,7.05788,1.1368
94,185,FALSE,5.11,1.13789
94,186,FALSE,7.00344,1.06301
94,188,FALSE,5.07653,1.00697
94,189,FALSE,6.00012,4.13435
94,190,FALSE,3.07308,1.09744
94,191,FALSE,5.06592,1.13094
94,192,FALSE,5.00185,1.05711
94,193,FALSE,5.09834,6.06337
94,194,FALSE,5.0926,1.10509
94,195,FALSE,3.00201,1.14282
94,197,FALSE,5.08111,1.00233
94,198,FALSE,5.0026,1.13073
94,199,FALSE,5.07898,1.07526
94,200,FALSE,1.13309,1.14585
94,201,FALSE,1.09806,1.11613
94,202,FALSE,7.0521,7.07208
94,203,FALSE,5.12967,4.10777
94,204,FALSE,5.099,1.13148
94,206,FALSE,5.12594,1.00439
94,207,FALSE,3.0723,1.12393
94,208,FALSE,1.14414,1.00708
94,209,FALSE,3.10161,3.00529
94,210,FALSE,3.0599,3.0661
94,211,FALSE,3.04441,3.08097
94,212,FALSE,1.1367,1.07475
94,213,FALSE,3.14473,1.07364
94,216,FALSE,6.11693,1.11239
94,217,FALSE,4.11125,1.13445
94,218,FALSE,5.12807,1.11775
94,219,FALSE,5.06939,1.12825
94,222,FALSE,3.13155,1.1095
94,225,FALSE,3.11748,4.00109
94,226,FALSE,5.00651,1.09437
94,227,FALSE,7.00117,4.0365
94,229,FALSE,4.03513,3.09354
94,230,FALSE,3.03185,3.02763
94,233,FALSE,5.14111,1.02181
94,234,FALSE,5.10079,3.02288
94,235,FALSE,5.10639,3.01015
94,236,FALSE,1.13612,1.03079
94,237,FALSE,1.09983,1.10706
94,242,FALSE,4.02822,1.01055
94,243,FALSE,1.11332,1.13135
94,251,FALSE,4.13921,4.07315
94,252,FALSE,3.12731,1.12856
94,253,FALSE,5.07493,1.04281
94,254,FALSE,1.14261,1.02209
94,255,FALSE,3.02785,1.02584
94,256,FALSE,5.0781,1.07739
94,257,FALSE,5.04953,1.07763
94,258,FALSE,3.04521,1.10496
94,259,FALSE,1.14634,3.12727
94,260,FALSE,1.11341,1.02552
94,262,FALSE,6.09131,1.00069
94,263,FALSE,1.1449,1.01175
94,264,FALSE,4.09995,1.11836
94,265,FALSE,1.14173,1.11704
94,270,FALSE,1.14523,3.01902
94,271,FALSE,3.14354,1.09292
94,272,FALSE,1.14644,1.08841
94,273,FALSE,1.13808,1.12293
94,274,FALSE,1.14279,1.11713
94,275,FALSE,1.13711,3.1213
94,280,FALSE,1.11815,1.02556
94,289,FALSE,4.05075,1.06584
94,290,FALSE,1.14741,1.11598
94,291,FALSE,1.14612,1.14613
94,292,FALSE,1.11213,1.09331
94,293,FALSE,6.03057,5.00415
94,294,FALSE,5.13746,5.01841
94,295,FALSE,6.01289,5.00414
94,296,FALSE,1.05869,5.00026
94,297,FALSE,5.12618,1.08977
94,298,FALSE,5.12599,1.02448
94,299,FALSE,4.03819,1.11225
94,300,FALSE,5.12898,1.04703
94,301,FALSE,3.11477,1.09547
94,302,FALSE,5.14353,1.0291
94,303,FALSE,3.12985,1.07337
94,308,FALSE,6.07626,1.00082
94,317,FALSE,5.10036,1.02315
94,318,FALSE,6.02646,1.04203
94,319,FALSE,5.10947,1.01164
94,320,FALSE,2.14113,1.01438
94,321,FALSE,4.09518,1.06483
94,322,FALSE,3.02914,1.03194
94,323,FALSE,3.0207,1.0045
94,324,FALSE,3.03535,1.00252
94,325,FALSE,5.13141,1.09276
94,326,FALSE,3.09021,1.02252
94,328,FALSE,5.10004,1.0718
94,329,FALSE,6.14229,1.1359
94,330,FALSE,5.1306,1.094
94,331,FALSE,5.08057,1.04916
94,332,FALSE,5.13468,1.12666
94,333,FALSE,5.0242,3.09707
94,334,FALSE,1.12909,1.10516
94,335,FALSE,5.14028,1.12445
94,336,FALSE,5.04384,1.10013
94,337,FALSE,5.10614,1.11202
94,339,FALSE,5.00249,1.07103
94,340,TRUE,1.0869,1
94,341,TRUE,5.07427,1
94,342,FALSE,1.05652,6.06647
94,343,TRUE,1,1
94,346,FALSE,5.00501,1.1138
94,347,FALSE,6.13156,1.12651
94,348,FALSE,5.13014,1.09883
94,349,FALSE,5.13283,1.01099
94,350,FALSE,4.06937,1.14707
94,351,FALSE,5.12132,1.14174
94,352,FALSE,4.05136,1.09248
94,353,FALSE,7.09877,4.06192
94,354,FALSE,5.14056,4.09972
94,355,FALSE,3.06577,1.09668
94,357,FALSE,4.13154,1.04557
94,358,FALSE,3.0783,1.07843
94,359,FALSE,3.13613,1.10807
94,361,FALSE,5.1128,1.10317
94,363,FALSE,5.09513,5.118
94,364,FALSE,5.08487,5.10734
94,365,FALSE,3.04689,1.07662
94,366,FALSE,1.10635,1.12799
94,367,FALSE,5.09839,5.03311
94,370,FALSE,3.14246,1.0957
94,371,FALSE,4.0758,1.12816
94,372,FALSE,6.13511,1.14156
94,373,FALSE,1.13165,1.12681
94,374,FALSE,7.07122,1.02679
94,375,FALSE,3.06174,1.11121
94,376,FALSE,1.13175,1.01822
94,377,FALSE,1,1.00555
94,378,FALSE,3.12694,3.08687
94,379,FALSE,1.11418,3.09952
94,380,FALSE,3.0305,4.13086
94,381,FALSE,1.12821,1.08927
94,383,FALSE,5.10433,1.05343
94,384,FALSE,5.0438,1.12341
94,385,FALSE,5.12384,1.00339
94,386,FALSE,5.07837,1.03933
94,387,FALSE,4.14343,1.03632
94,388,FALSE,1.10729,1.01389
94,389,FALSE,2.01532,1.0175
94,390,FALSE,2.10559,1.01197
94,391,FALSE,3.11358,1.01476
94,394,FALSE,5.11582,1.02724
94,395,FALSE,1.12187,5.11694
94,396,FALSE,1.05965,5.09725
94,397,FALSE,1.03609,5.09805
94,398,FALSE,3.14715,5.07042
94,403,FALSE,4.11212,1.0049
94,404,FALSE,4.09987,5.03873
94,405,FALSE,1.14415,5.12994
94,406,FALSE,1,1.03266
94,407,FALSE,3.0478,4.03736
94,408,TRUE,1.03594,1
94,412,FALSE,6.12029,5.00057
94,413,FALSE,1.13448,5.00146
94,414,FALSE,6.05206,5.01519
94,415,FALSE,3.02037,5.00869
94,416,FALSE,3.06499,3.11786
94,417,FALSE,3.13458,1.14719
94,418,FALSE,5.01987,5.08868
94,419,FALSE,5.09457,3.11988
94,420,FALSE,3.08407,3.11325
94,421,FALSE,5.03902,3.02598
94,422,FALSE,5.08893,3.05256
94,423,FALSE,3.11758,1.13034
94,425,FALSE,1.10863,1.04198
94,426,FALSE,4.06088,1.07681
94,427,FALSE,1.13584,1.06056
94,428,FALSE,3.10084,3.11142
94,429,FALSE,3.06199,3.12258
95,1,FALSE,3.025,1.05635
95,3,FALSE,1.10098,1.11229
95,5,FALSE,7.08044,1.04123
95,6,FALSE,3.02101,1.01382
95,7,FALSE,1,1.01069
95,9,FALSE,1.08615,1.0077
95,10,FALSE,1.02047,1.06105
95,11,FALSE,1,1.08311
95,13,FALSE,1.13453,1.11282
95,17,FALSE,3.04421,1.05982
95,18,FALSE,1.11927,1.04878
95,19,TRUE,3.10368,1
95,21,FALSE,3.06487,1.1058
95,22,FALSE,1.13265,1.14323
95,25,FALSE,4.04851,1.03306
95,29,FALSE,1.14151,1.01051
95,30,FALSE,1.13992,1.04827
95,69,FALSE,4.12973,1.00273
95,70,FALSE,3.03075,3.02876
95,71,FALSE,1.13824,1.08127
95,72,FALSE,3.0916,3.10009
95,73,FALSE,3.14343,3.01406
95,74,FALSE,3.05653,3.06753
95,75,FALSE,3.05572,4.04208
95,76,FALSE,3.11471,1.11104
95,77,FALSE,1.12275,3.00492
95,78,FALSE,4.00448,1.10662
95,79,FALSE,3.07559,1.11961
95,82,FALSE,4.09867,1.05573
95,83,FALSE,3.02769,1.01459
95,84,FALSE,1,3.12289
95,85,FALSE,1,1.06343
95,86,TRUE,4.04633,1
95,91,FALSE,1.13449,1.03753
95,92,FALSE,1.1432,1.12251
95,93,FALSE,3.10756,1.1227
95,95,FALSE,1.13529,1.03641
95,98,FALSE,5.10907,1.06173
95,99,FALSE,5.12676,2.01909
95,100,FALSE,6.12893,1.12333
95,101,FALSE,3.11511,1.08175
95,103,FALSE,5.12786,1.13162
95,104,FALSE,5.03216,1.09859
95,106,FALSE,5.11764,1.09089
95,107,FALSE,6.02949,1.02003
95,109,FALSE,4.03481,1.10379
95,110,FALSE,3.11539,1.11237
95,111,FALSE,3.09924,1.01317
95,112,FALSE,2.05095,1.01337
95,113,FALSE,3.12281,1.01207
95,114,FALSE,1.09986,1.04938
95,115,FALSE,1.14372,1.08224
95,116,FALSE,3.0795,1.08673
95,117,FALSE,1.13363,1.03791
95,118,FALSE,3.14176,1.07491
95,120,FALSE,4.04481,1.00145
95,121,FALSE,1.13499,1.00716
95,122,FALSE,1.13082,1.01388
95,123,FALSE,1.08831,1.00958
95,124,FALSE,7.12371,1.02735
95,125,FALSE,4.04996,5.02004
95,126,FALSE,5.03204,5.03956
95,127,FALSE,4.12501,1.13622
95,128,FALSE,5.13072,1.00503
95,129,FALSE,5.01026,1.13313
95,130,FALSE,5.09629,5.14505
95,131,FALSE,1.13197,1.00883
95,133,FALSE,1.12435,1.00381
95,134,FALSE,1.14228,1.01021
95,135,FALSE,1.14275,1.0213
95,136,FALSE,1.1215,1.00397
95,137,FALSE,1.09741,1.00995
95,139,FALSE,1.10743,1.00012
95,140,FALSE,1.07273,1.00685
95,141,FALSE,1.14219,1.08011
95,142,FALSE,1.04815,1.02081
95,143,FALSE,1.12569,1.10049
95,144,FALSE,1.10947,1.10447
95,145,FALSE,1,5.06335
95,146,TRUE,1,1
95,147,FALSE,1,1.14737
95,148,TRUE,1,1
95,149,TRUE,3.10771,1
95,150,FALSE,1,5.0014
95,151,TRUE,1.07037,1
95,153,FALSE,1.13854,1.13667
95,154,FALSE,5.05968,1.08444
95,155,FALSE,3.03746,1.02352
95,156,FALSE,1.14211,1.07741
95,157,FALSE,1.07977,1.00542
95,158,FALSE,3.01097,1.02029
95,159,FALSE,3.0446,1.07727
95,160,FALSE,3.0732,1.06989
95,161,FALSE,3.13149,1.07186
95,162,FALSE,4.09465,4.14714
95,164,FALSE,7.13737,1.023
95,165,FALSE,1.00653,5.07897
95,166,FALSE,5.04184,5.08164
95,167,FALSE,1.04527,1.10303
95,168,FALSE,1,5.10318
95,169,FALSE,5.05068,5.1137
95,173,FALSE,3.06246,1.09423
95,175,FALSE,1.03308,1.03532
95,176,FALSE,1.01608,1.02416
95,177,FALSE,5.13614,1.08146
95,178,FALSE,5.1094,4.0307
95,179,FALSE,5.11473,1.14585
95,180,FALSE,5.10227,2.00986
95,181,FALSE,5.13724,3.04735
95,182,FALSE,5.02882,1.14694
95,183,FALSE,5.12433,1.09912
95,184,FALSE,7.06908,1.09372
95,185,FALSE,5.01759,1.14041
95,186,FALSE,7.12434,1.09892
95,188,FALSE,7.09339,1.00097
95,189,FALSE,6.11439,4.08472
95,190,FALSE,3.06164,1.14354
95,191,FALSE,5.10136,1.11143
95,192,FALSE,5.06506,1.13048
95,193,FALSE,5.10212,6.02443
95,194,FALSE,5.06488,1.1382
95,195,FALSE,3.08237,1.14066
95,197,FALSE,5.118,1.0055
95,198,FALSE,5.02779,1.08024
95,199,FALSE,4.11902,1.11634
95,200,FALSE,1.14365,1.14723
95,201,FALSE,5.11747,1.02901
95,202,FALSE,7.01241,7.05593
95,203,FALSE,5.13639,4.13849
95,204,FALSE,5.14048,1.06011
95,206,FALSE,5.06088,1.0048
95,207,FALSE,3.12658,1.13287
95,208,FALSE,1.14554,1.10714
95,209,FALSE,3.05992,3.03673
95,210,FALSE,3.1326,3.03017
95,211,FALSE,3.05708,3.05914
95,212,FALSE,1.14611,1.09022
95,213,FALSE,3.09082,1.09613
95,216,FALSE,6.10035,1.11358
95,217,FALSE,4.06281,1.13625
95,218,FALSE,5.13372,1.10192
95,219,FALSE,5.08678,1.14541
95,222,FALSE,3.14282,1.11132
95,225,FALSE,3.12945,4.00702
95,226,FALSE,5.02237,1.10556
95,227,FALSE,7.00591,4.04061
95,229,FALSE,4.10918,3.11597
95,230,FALSE,3.10836,3.08944
95,233,FALSE,5.11321,1.03399
95,234,FALSE,5.06361,3.05245
95,235,FALSE,3.02827,3.11697
95,236,FALSE,1.12211,1.13708
95,237,FALSE,1.06459,1.13445
95,242,FALSE,4.06077,1.00991
95,243,FALSE,1.13624,1.07215
95,251,FALSE,4.07638,4.1019
95,252,FALSE,3.14649,1.14251
95,253,FALSE,5.145,1.01415
95,254,FALSE,1.14644,1.06992
95,255,FALSE,3.02151,1.01485
95,256,FALSE,5.07596,1.01723
95,257,FALSE,5.00755,1.02552
95,258,FALSE,3.05614,1.09932
95,259,FALSE,1.14126,3.13269
95,260,FALSE,1.04603,1.05724
95,262,FALSE,6.03649,1.00787
95,263,FALSE,1.13888,1.03078
95,264,FALSE,4.00303,1.12605
95,265,FALSE,1.14093,1.14341
95,270,FALSE,1.13886,3.11592
95,271,FALSE,3.1307,1.11658
95,272,FALSE,1.14593,1.12614
95,273,FALSE,1.11235,1.12432
95,274,FALSE,1.12589,1.06245
95,275,FALSE,1.14124,3.04343
95,280,FALSE,1.1322,1.00233
95,289,FALSE,4.13498,1.06802
95,290,FALSE,1.13994,1.11289
95,291,FALSE,1.13637,1.1372
95,292,FALSE,1.13944,1.00836
95,293,FALSE,5.14135,5.00659
95,294,FALSE,5.13502,5.02209
95,295,FALSE,6.01506,5.01124
95,296,FALSE,1.03831,5.02362
95,297,FALSE,5.10315,1.13166
95,298,FALSE,5.10765,1.03702
95,299,FALSE,4.01436,1.07234
95,300,FALSE,5.06822,1.02887
95,301,FALSE,3.12284,1.08643
95,302,FALSE,5.09627,1.10506
95,303,FALSE,3.12246,1.0377
95,308,FALSE,6.05866,1.00115
95,317,FALSE,5.11554,1.01476
95,318,FALSE,6.11032,1.07524
95,319,FALSE,5.08349,1.05776
95,320,FALSE,5.11305,1.05729
95,321,FALSE,4.11632,1.05356
95,322,FALSE,3.00886,1.0558
95,323,FALSE,3.06981,1.00891
95,324,FALSE,3.0679,1.0095
95,325,FALSE,5.02486,1.06118
95,326,FALSE,3.14356,1.00853
95,328,FALSE,5.13759,1.07845
95,329,FALSE,6.09923,1.12652
95,330,FALSE,5.13088,1.08263
95,331,FALSE,5.04161,1.0567
95,332,FALSE,5.06362,1.11727
95,333,FALSE,5.09386,3.10609
95,334,FALSE,1.13815,1.1076
95,335,FALSE,5.09919,1.10248
95,336,FALSE,5.04185,1.03714
95,337,FALSE,5.07122,1.09055
95,339,FALSE,5.02337,1.00862
95,340,TRUE,1.14214,1
95,341,TRUE,5.01322,1
95,342,FALSE,1.1463,6.07704
95,343,TRUE,1,1
95,346,FALSE,5.11628,1.12428
95,347,FALSE,6.00765,1.13978
95,348,FALSE,5.14489,1.11639
95,349,FALSE,5.04298,1.0431
95,350,FALSE,4.06261,3.01504
95,351,FALSE,5.11719,1.14609
95,352,FALSE,4.01323,1.14175
95,353,FALSE,7.08423,4.0366
95,354,FALSE,5.10616,4.11774
95,355,FALSE,3.12795,1.08965
95,357,FALSE,4.01692,1.04927
95,358,FALSE,3.09366,1.02112
95,359,FALSE,3.13179,1.13104
95,361,FALSE,5.12057,1.0697
95,363,FALSE,5.02461,5.03094
95,364,FALSE,5.08363,5.08946
95,365,FALSE,3.03901,1.05354
95,366,FALSE,1.10581,1.10634
95,367,FALSE,5.09724,5.04616
95,370,FALSE,3.12717,1.08515
95,371,FALSE,4.05956,1.12164
95,372,FALSE,6.07825,1.14392
95,373,FALSE,1.13704,1.11655
95,374,FALSE,7.05066,1.00087
95,375,FALSE,3.13632,1.04848
95,376,FALSE,1.11821,1.11757
95,377,FALSE,1.12768,1.03769
95,378,FALSE,3.12324,3.07083
95,379,FALSE,1.10328,3.13541
95,380,FALSE,3.06641,4.09393
95,381,FALSE,1.14705,1.0882
95,383,FALSE,5.09554,1.08662
95,384,FALSE,5.11462,1.14531
95,385,FALSE,5.07757,1.00988
95,386,FALSE,5.09609,1.00345
95,387,FALSE,4.13953,1.0292
95,388,FALSE,1.13123,1.00094
95,389,FALSE,2.07138,1.01584
95,390,FALSE,5.0409,1.01511
95,391,FALSE,3.1377,1.00255
95,394,FALSE,5.1005,1.01944
95,395,FALSE,1.13697,5.05642
95,396,FALSE,1.01008,5.08256
95,397,FALSE,1.12751,5.10358
95,398,FALSE,3.00949,5.14641
95,403,FALSE,4.08405,1.05552
95,404,FALSE,4.08505,5.04765
95,405,FALSE,1.12978,5.03634
95,406,FALSE,1,1.02062
95,407,FALSE,3.13477,4.11567
95,408,TRUE,1.09675,1
95,412,FALSE,6.14362,5.0022
95,413,FALSE,5.0343,5.00066
95,414,FALSE,6.14368,5.01872
95,415,FALSE,3.05146,5.03212
95,416,FALSE,3.04389,3.07217
95,417,FALSE,3.11934,1.14377
95,418,FALSE,5.0635,5.06899
95,419,FALSE,5.00075,3.0394
95,420,FALSE,3.10392,3.12093
95,421,FALSE,5.04052,3.09791
95,422,FALSE,5.03429,3.04275
95,423,FALSE,3.10981,1.10473
95,425,FALSE,1.13124,1.11317
95,426,FALSE,4.11109,1.09025
95,427,FALSE,1.14607,1.11403
95,428,FALSE,3.06797,3.09234
95,429,FALSE,3.03545,3.10197
96,1,FALSE,3.09727,1.11402
96,3,FALSE,1.03663,1.0843
96,5,FALSE,7.0273,1.03372
96,6,FALSE,3.09519,1.07824
96,7,FALSE,1,1.00358
96,9,FALSE,1.05075,1.02686
96,10,FALSE,1.04695,1.04862
96,11,FALSE,1,1.00547
96,13,FALSE,1.13866,1.1289
96,17,FALSE,3.06554,1.04722
96,18,FALSE,1.08027,1.07141
96,19,TRUE,3.14419,1
96,21,FALSE,4.11948,1.09206
96,22,FALSE,1.13067,1.13465
96,25,FALSE,4.07217,1.04018
96,29,FALSE,1.14678,1.01864
96,30,FALSE,1.11936,1.0951
96,69,FALSE,4.11921,1.00142
96,70,FALSE,3.02536,3.03348
96,71,FALSE,3.09606,1.06521
96,72,FALSE,3.13525,3.06371
96,73,FALSE,3.04047,3.04224
96,74,FALSE,3.05907,3.06452
96,75,FALSE,3.14479,4.06829
96,76,FALSE,1.13963,1.14582
96,77,FALSE,1.13419,3.01107
96,78,FALSE,3.01118,1.08654
96,79,FALSE,3.00372,1.12072
96,82,FALSE,4.08988,1.02741
96,83,FALSE,3.01391,1.03214
96,84,FALSE,1,3.14361
96,85,FALSE,1,1.05526
96,86,TRUE,4.05355,1
96,91,FALSE,1.14712,1.0618
96,92,FALSE,1.13287,1.11099
96,93,FALSE,3.13861,1.1115
96,95,FALSE,1.12245,1.02723
96,98,FALSE,5.09009,1.07994
96,99,FALSE,5.1381,2.05082
96,100,FALSE,6.08742,1.12582
96,101,FALSE,3.09432,1.01839
96,103,FALSE,5.06564,1.12036
96,104,FALSE,5.08782,1.09114
96,106,FALSE,5.06058,1.13078
96,107,FALSE,6.05972,1.06463
96,109,FALSE,4.05246,1.12926
96,110,FALSE,3.10269,1.11755
96,111,FALSE,3.02439,1.01061
96,112,FALSE,2.01086,1.0376
96,113,FALSE,3.09251,1.11987
96,114,FALSE,1.11444,1.00438
96,115,FALSE,1.1436,1.0511
96,116,FALSE,3.04475,1.05431
96,117,FALSE,1.1393,1.02702
96,118,FALSE,3.13432,1.06467
96,120,FALSE,4.09632,1.00311
96,121,FALSE,1.1396,1.00315
96,122,FALSE,1.14555,1.00039
96,123,FALSE,1.06731,1.01771
96,124,FALSE,7.12141,1.00091
96,125,FALSE,4.05978,5.06403
96,126,FALSE,5.06544,5.06727
96,127,FALSE,4.00012,1.12793
96,128,FALSE,5.0234,1.04824
96,129,FALSE,5.14505,1.12462
96,130,FALSE,5.11237,5.14637
96,131,FALSE,1.11911,1.07053
96,133,FALSE,1.14322,1.00556
96,134,FALSE,1.12684,1.00398
96,135,FALSE,1.13574,1.07433
96,136,FALSE,1.12646,1.01338
96,137,TRUE,1.09917,1
96,139,FALSE,1.12198,1.0012
96,140,FALSE,1.12786,1.03276
96,141,FALSE,1.11806,1.05405
96,142,FALSE,1.13291,1.11685
96,143,FALSE,1.1027,1.02674
96,144,FALSE,1.09717,1.01709
96,145,FALSE,1,5.00425
96,146,TRUE,1,1
96,147,FALSE,1,1.0718
96,148,TRUE,1,1
96,149,TRUE,3.02589,1
96,150,FALSE,1,5.09853
96,151,TRUE,1.07495,1
96,153,FALSE,1.14562,1.12828
96,154,FALSE,5.00724,1.09848
96,155,FALSE,7.10497,1.01287
96,156,FALSE,1.12066,1.07575
96,157,FALSE,1.11306,1.04172
96,158,FALSE,3.09804,1.04915
96,159,FALSE,3.08186,1.02251
96,160,FALSE,3.081,1.06513
96,161,FALSE,3.01612,1.05413
96,162,FALSE,4.10095,4.083
96,164,FALSE,7.04549,1.03187
96,165,FALSE,1.09371,5.05143
96,166,FALSE,5.09139,5.11185
96,167,FALSE,1.01125,1.1439
96,168,FALSE,1,5.05643
96,169,FALSE,5.02763,5.07694
96,173,FALSE,4.05241,1.09443
96,175,FALSE,1.1334,1.06657
96,176,FALSE,1.04269,1.06781
96,177,FALSE,5.13271,1.10194
96,178,FALSE,6.13794,4.01108
96,179,FALSE,5.14547,1.14401
96,180,FALSE,5.02902,2.10849
96,181,FALSE,5.07212,3.09112
96,182,FALSE,5.04201,1.14365
96,183,FALSE,5.08815,1.11713
96,184,FALSE,7.113,1.13792
96,185,FALSE,5.09766,1.1221
96,186,FALSE,7.11153,1.10981
96,188,FALSE,5.14026,1.0104
96,189,FALSE,6.05137,4.13448
96,190,FALSE,3.10655,1.13857
96,191,FALSE,5.13169,1.12151
96,192,FALSE,5.14563,1.09993
96,193,FALSE,5.05519,6.12305
96,194,FALSE,5.01885,1.14336
96,195,FALSE,3.06596,1.12487
96,197,FALSE,5.13156,1.0009
96,198,FALSE,5.06639,1.13998
96,199,FALSE,5.06178,1.128
96,200,FALSE,1.13182,1.13431
96,201,FALSE,1.14343,1.03215
96,202,FALSE,7.05174,7.09217
96,203,FALSE,5.13482,4.10717
96,204,FALSE,5.03471,1.07163
96,206,FALSE,5.02159,1.0036
96,207,FALSE,3.07001,1.13754
96,208,FALSE,1.12852,1.07116
96,209,FALSE,3.10583,3.03477
96,210,FALSE,3.14596,3.06647
96,211,FALSE,3.02002,3.02631
96,212,FALSE,1.13636,1.08326
96,213,FALSE,3.02025,1.07817
96,216,FALSE,6.12784,1.11447
96,217,FALSE,4.09649,1.14508
96,218,FALSE,5.07103,1.11268
96,219,FALSE,5.01528,3.03724
96,222,FALSE,3.10258,1.13253
96,225,FALSE,3.12682,4.04249
96,226,FALSE,5.12641,1.09685
96,227,FALSE,7.07218,4.0067
96,229,FALSE,4.0444,3.07636
96,230,FALSE,3.12664,3.06883
96,233,FALSE,5.14086,1.01144
96,234,FALSE,5.10478,3.06137
96,235,FALSE,3.00725,3.1288
96,236,FALSE,1.12379,1.04412
96,237,FALSE,1.13791,1.13666
96,242,FALSE,4.12815,1.0019
96,243,FALSE,1.10088,1.10606
96,251,FALSE,4.10079,4.09187
96,252,FALSE,3.11119,1.13245
96,253,FALSE,5.05892,1.04942
96,254,FALSE,1.12184,1.02154
96,255,FALSE,3.11454,1.03069
96,256,FALSE,5.06182,1.02896
96,257,FALSE,5.00158,1.02693
96,258,FALSE,3.12706,1.00383
96,259,FALSE,1.12523,3.14085
96,260,FALSE,1.11024,1.09976
96,262,FALSE,6.14196,1.00812
96,263,FALSE,1.14375,1.001
96,264,FALSE,4.00006,1.05005
96,265,FALSE,1.13341,1.11298
96,270,FALSE,1.1464,3.08935
96,271,FALSE,3.09192,1.12213
96,272,FALSE,1.14114,1.10366
96,273,FALSE,1.11822,1.13152
96,274,FALSE,1.12007,1.12271
96,275,FALSE,1.13124,3.03956
96,280,FALSE,1.09966,1.02087
96,289,FALSE,4.14057,1.06533
96,290,FALSE,1.14032,1.1075
96,291,FALSE,1.14281,1.13596
96,292,FALSE,1.11633,1.05104
96,293,FALSE,6.12457,5.00434
96,294,FALSE,5.1079,5.02061
96,295,FALSE,6.078,5.0058
96,296,FALSE,1.05011,5.00575
96,297,FALSE,5.11184,1.08851
96,298,FALSE,5.10358,1.00148
96,299,FALSE,4.00817,1.12221
96,300,FALSE,5.13289,1.08267
96,301,FALSE,3.14252,1.01671
96,302,FALSE,5.05845,1.02708
96,303,FALSE,3.1055,1.06158
96,308,FALSE,6.06698,1.0062
96,317,FALSE,5.08558,1.0176
96,318,FALSE,6.04226,1.10777
96,319,FALSE,5.11862,1.06352
96,320,FALSE,2.14095,1.0018
96,321,FALSE,4.07714,1.05263
96,322,FALSE,3.02636,1.03095
96,323,FALSE,3.08435,1.01422
96,324,FALSE,3.10979,1.0527
96,325,FALSE,5.14462,1.0884
96,326,FALSE,3.05436,1.00259
96,328,FALSE,5.1282,1.03052
96,329,FALSE,6.12622,1.13929
96,330,FALSE,5.1412,1.13563
96,331,FALSE,5.03732,1.08808
96,332,FALSE,5.13878,1.13845
96,333,FALSE,5.07483,3.06859
96,334,FALSE,1.14657,1.09152
96,335,FALSE,5.02639,1.11155
96,336,FALSE,5.11616,1.04346
96,337,FALSE,5.11261,1.07421
96,339,FALSE,5.06525,1.07971
96,340,TRUE,1.01147,1
96,341,TRUE,5.14094,1
96,342,FALSE,1.11162,6.06914
96,343,TRUE,1,1
96,346,FALSE,5.13158,1.09309
96,347,FALSE,6.01796,1.1333
96,348,FALSE,5.05266,1.10338
96,349,FALSE,5.06367,1.0198
96,350,FALSE,4.06943,1.14644
96,351,FALSE,5.07044,1.1466
96,352,FALSE,4.10408,1.11569
96,353,FALSE,7.04786,4.05136
96,354,FALSE,5.10998,4.08826
96,355,FALSE,3.08399,1.07134
96,357,FALSE,4.06737,1.05594
96,358,FALSE,3.04826,1.08657
96,359,FALSE,3.11199,1.10056
96,361,FALSE,5.13102,1.04968
96,363,FALSE,5.0664,5.09311
96,364,FALSE,5.07274,5.11498
96,365,FALSE,3.08063,1.0325
96,366,FALSE,1.10148,1.10212
96,367,FALSE,5.12609,5.03945
96,370,FALSE,3.10739,1.09507
96,371,FALSE,4.05669,1.14045
96,372,FALSE,6.13992,1.1429
96,373,FALSE,1.14511,1.09375
96,374,FALSE,7.12335,1.00522
96,375,FALSE,1.11371,1.07597
96,376,FALSE,1.0326,1.13231
96,377,FALSE,1.00349,1.09838
96,378,FALSE,3.12522,3.08712
96,379,FALSE,1.11828,3.04381
96,380,FALSE,3.07106,4.0552
96,381,FALSE,1.13543,1.12003
96,383,FALSE,5.09452,1.00754
96,384,FALSE,5.12636,1.13965
96,385,FALSE,5.11462,1.00178
96,386,FALSE,5.14694,1.01365
96,387,FALSE,4.07341,1.00435
96,388,FALSE,1.01715,1.00323
96,389,FALSE,2.14727,1.06009
96,390,FALSE,5.14449,1.05339
96,391,FALSE,3.02645,1.00591
96,394,FALSE,5.14226,1.01262
96,395,FALSE,1.11176,5.14636
96,396,FALSE,1.10479,5.11947
96,397,FALSE,1.09817,5.07
96,398,FALSE,3.0837,5.13348
96,403,FALSE,4.04335,1.06869
96,404,FALSE,4.08281,5.08189
96,405,FALSE,1.14389,5.06157
96,406,FALSE,1.11467,1.05516
96,407,FALSE,3.10944,4.00626
96,408,TRUE,1.04177,1
96,412,FALSE,6.12026,5.00109
96,413,FALSE,5.07783,5.01033
96,414,FALSE,6.02733,5.01053
96,415,FALSE,3.09513,5.00735
96,416,FALSE,3.01893,3.11909
96,417,FALSE,3.03239,1.1341
96,418,FALSE,5.09268,5.13314
96,419,FALSE,5.0137,3.10838
96,420,FALSE,3.02942,3.06292
96,421,FALSE,5.01534,3.06021
96,422,FALSE,5.13508,1.134
96,423,FALSE,3.05803,1.13676
96,425,FALSE,1.11907,1.01419
96,426,FALSE,4.12938,1.09127
96,427,FALSE,1.13719,1.07493
96,428,FALSE,3.06329,3.07883
96,429,FALSE,3.02425,3.01803
97,1,FALSE,3.00824,1.10022
97,3,FALSE,1.01826,1.08575
97,5,FALSE,7.10295,1.07404
97,6,FALSE,3.04917,1.06623
97,7,FALSE,1,1.01529
97,9,FALSE,1.13615,1.02246
97,10,FALSE,1.106,1.00358
97,11,FALSE,1,1.00858
97,13,FALSE,1.12644,1.10765
97,17,FALSE,3.05209,1.05408
97,18,FALSE,1.10514,1.07378
97,19,TRUE,3.0292,1
97,21,FALSE,4.01528,1.07061
97,22,FALSE,1.13354,1.13389
97,25,FALSE,4.06736,1.0003
97,29,FALSE,1.12868,1.0282
97,30,FALSE,1.11989,1.07078
97,69,FALSE,4.08147,1.00119
97,70,FALSE,3.12754,3.00877
97,71,FALSE,3.04212,1.09652
97,72,FALSE,3.13745,3.04814
97,73,FALSE,3.0851,3.01003
97,74,FALSE,7.03213,3.04491
97,75,FALSE,3.14198,4.07481
97,76,FALSE,1.14708,1.14398
97,77,FALSE,1.14352,3.00271
97,78,FALSE,3.01506,1.09527
97,79,FALSE,3.00283,1.10865
97,82,FALSE,4.08813,1.10392
97,83,FALSE,3.04694,1.12319
97,84,FALSE,1,3.13305
97,85,TRUE,1.04837,1
97,86,TRUE,4.04257,1
97,91,FALSE,1.14082,1.06783
97,92,FALSE,1.1372,1.08913
97,93,FALSE,3.00411,1.1367
97,95,FALSE,1.13459,1.03321
97,98,FALSE,5.03719,1.08289
97,99,FALSE,5.12881,2.07419
97,100,FALSE,6.01444,1.13553
97,101,FALSE,3.08227,1.04872
97,103,FALSE,5.13506,1.12385
97,104,FALSE,5.12189,1.0696
97,106,FALSE,5.07564,1.11146
97,107,FALSE,6.04683,1.00087
97,109,FALSE,4.09141,1.13565
97,110,FALSE,3.13116,1.10023
97,111,FALSE,3.11964,1.00777
97,112,FALSE,2.08357,1.05974
97,113,FALSE,3.07497,1.10102
97,114,FALSE,1.14214,1.0206
97,115,FALSE,1.11104,1.12036
97,116,FALSE,3.11367,1.04966
97,117,FALSE,1.11248,1.05967
97,118,FALSE,3.11765,1.01461
97,120,FALSE,4.01293,1.00144
97,121,FALSE,1.13767,1.00426
97,122,FALSE,1.14035,1.00558
97,123,FALSE,1.11589,1.00251
97,124,FALSE,7.05823,1.03909
97,125,FALSE,4.13951,5.12435
97,126,FALSE,5.14206,5.08568
97,127,FALSE,4.06525,1.12669
97,128,FALSE,5.02877,1.04733
97,129,FALSE,5.03013,1.11819
97,130,FALSE,5.08897,5.13025
97,131,FALSE,1.05919,1.04369
97,133,FALSE,1.14587,1.01277
97,134,FALSE,1.13795,1.01546
97,135,FALSE,1.14672,1.02026
97,136,FALSE,1.13744,1.11047
97,137,FALSE,1.10557,1.08397
97,139,FALSE,1.10882,1.01553
97,140,FALSE,1.11122,1.0226
97,141,FALSE,1.07286,1.06061
97,142,FALSE,1.09997,1.00773
97,143,FALSE,1.13805,1.04415
97,144,FALSE,1.09813,4.01727
97,145,FALSE,1,5.0083
97,146,TRUE,1,1
97,147,FALSE,1,1.1469
97,148,TRUE,1,1
97,149,TRUE,3.09014,1
97,150,FALSE,1,5.13945
97,151,TRUE,1.04422,1
97,153,FALSE,1.13497,1.1139
97,154,FALSE,5.05424,1.09208
97,155,FALSE,7.11298,1.01394
97,156,FALSE,1.1443,1.11417
97,157,FALSE,1.13311,1.00415
97,158,FALSE,3.04375,1.00993
97,159,FALSE,3.12095,1.04015
97,160,FALSE,3.07824,1.06923
97,161,FALSE,3.07853,1.04746
97,162,FALSE,4.09148,4.13808
97,164,FALSE,7.14684,1.07105
97,165,FALSE,1.11235,5.09843
97,166,FALSE,5.08504,5.12207
97,167,FALSE,1.00356,1.0907
97,168,FALSE,1,5.10565
97,169,FALSE,5.11616,5.13909
97,173,FALSE,4.09602,1.09355
97,175,FALSE,1.09939,1.0473
97,176,FALSE,1.0231,1.06549
97,177,FALSE,5.11475,1.13764
97,178,FALSE,5.1065,4.01027
97,179,FALSE,5.14096,1.13891
97,180,FALSE,5.10052,2.10832
97,181,FALSE,5.08354,3.05104
97,182,FALSE,5.01488,1.14246
97,183,FALSE,5.06942,1.12817
97,184,FALSE,7.14673,1.12028
97,185,FALSE,5.12222,1.12389
97,186,FALSE,7.09806,1.11016
97,188,FALSE,5.11809,1.00304
97,189,FALSE,6.07175,4.14695
97,190,FALSE,3.11504,3.10921
97,191,FALSE,5.04583,1.08798
97,192,FALSE,5.09942,1.07788
97,193,FALSE,5.08186,6.08187
97,194,FALSE,5.1107,1.11195
97,195,FALSE,3.10653,1.12684
97,197,FALSE,5.11233,1.00139
97,198,FALSE,5.12402,1.06751
97,199,FALSE,4.12876,1.10498
97,200,FALSE,1.13505,1.13703
97,201,FALSE,1.12581,1.08862
97,202,FALSE,7.01675,7.01393
97,203,FALSE,5.11058,4.05961
97,204,FALSE,5.07613,1.06868
97,206,FALSE,5.10835,1.0024
97,207,FALSE,3.1193,1.12608
97,208,FALSE,1.14036,1.0888
97,209,FALSE,3.12052,3.00417
97,210,FALSE,3.10129,3.04909
97,211,FALSE,3.01586,3.06003
97,212,FALSE,1.10936,1.07602
97,213,FALSE,3.06423,1.07448
97,216,FALSE,6.00893,1.11982
97,217,FALSE,4.05556,1.14143
97,218,FALSE,5.12412,1.13038
97,219,FALSE,5.04724,1.1397
97,222,FALSE,3.11642,1.09044
97,225,FALSE,3.11609,4.07219
97,226,FALSE,5.02949,1.0938
97,227,FALSE,7.11294,4.1302
97,229,FALSE,4.03885,3.10278
97,230,FALSE,3.09594,3.09993
97,233,FALSE,5.12922,1.0319
97,234,FALSE,5.02239,3.03927
97,235,FALSE,5.02959,3.03896
97,236,FALSE,1.11857,1.09493
97,237,FALSE,1.12614,1.08696
97,242,FALSE,4.1236,1.01156
97,243,FALSE,1.12144,1.12523
97,251,FALSE,4.11794,4.05454
97,252,FALSE,3.06492,1.11561
97,253,FALSE,5.0747,1.02589
97,254,FALSE,1.12367,1.00052
97,255,FALSE,3.00325,1.03659
97,256,FALSE,5.01342,1.07195
97,257,FALSE,5.08762,1.01476
97,258,FALSE,3.05129,1.13237
97,259,FALSE,1.11761,3.00798
97,260,FALSE,1.13317,1.01523
97,262,FALSE,6.09046,1.00886
97,263,FALSE,1.14721,1.01669
97,264,FALSE,4.12235,1.12844
97,265,FALSE,1.11644,1.08847
97,270,FALSE,1.14704,3.02915
97,271,FALSE,3.12871,1.12559
97,272,FALSE,1.10977,1.1208
97,273,FALSE,1.13283,1.13818
97,274,FALSE,1.13959,1.08736
97,275,FALSE,1.13377,3.03705
97,280,FALSE,1.11153,1.02254
97,289,FALSE,4.11853,1.07922
97,290,FALSE,1.14165,1.09895
97,291,FALSE,1.14654,1.14136
97,292,FALSE,1.11228,1.05658
97,293,FALSE,5.13384,5.00814
97,294,FALSE,5.06468,5.02846
97,295,FALSE,6.09296,5.01535
97,296,FALSE,1.13627,5.00126
97,297,FALSE,5.11574,1.13295
97,298,FALSE,5.09809,1.02536
97,299,FALSE,4.05539,1.10447
97,300,FALSE,5.11281,1.08689
97,301,FALSE,3.13913,1.05644
97,302,FALSE,5.12598,1.05738
97,303,FALSE,3.06023,1.14094
97,308,FALSE,6.1352,1.03445
97,317,FALSE,3.05598,1.02032
97,318,FALSE,6.00506,1.09781
97,319,FALSE,5.14197,1.07794
97,320,FALSE,5.05124,1.00137
97,321,FALSE,4.11341,1.03552
97,322,FALSE,3.0721,1.04025
97,323,FALSE,3.06946,1.0088
97,324,FALSE,3.00215,1.01874
97,325,FALSE,5.11971,1.08549
97,326,FALSE,3.13394,1.00422
97,328,FALSE,5.08727,1.09922
97,329,FALSE,6.05906,1.14328
97,330,FALSE,5.11076,1.07405
97,331,FALSE,5.09181,1.04168
97,332,FALSE,5.12215,1.11786
97,333,FALSE,5.01098,3.1413
97,334,FALSE,1.12159,1.11071
97,335,FALSE,5.05762,1.10567
97,336,FALSE,5.06999,1.03982
97,337,FALSE,5.14139,1.05926
97,339,FALSE,5.06437,1.05491
97,340,TRUE,1.14541,1
97,341,TRUE,5.00025,1
97,342,FALSE,1.09194,6.0982
97,343,TRUE,1,1
97,346,FALSE,5.03617,1.08825
97,347,FALSE,6.0801,1.13527
97,348,FALSE,5.02828,1.09494
97,349,FALSE,5.02563,1.00922
97,350,FALSE,4.13484,3.01581
97,351,FALSE,5.02756,1.13845
97,352,FALSE,4.01346,1.1444
97,353,FALSE,7.09567,4.04778
97,354,FALSE,5.10399,4.10469
97,355,FALSE,3.13975,1.05316
97,357,FALSE,4.00891,1.06157
97,358,FALSE,3.01851,1.07222
97,359,FALSE,3.07752,1.12517
97,361,FALSE,5.13176,1.05514
97,363,FALSE,5.08515,5.09079
97,364,FALSE,5.08428,5.12277
97,365,FALSE,3.00455,1.10035
97,366,FALSE,1.12572,1.1036
97,367,FALSE,5.06267,5.06478
97,370,FALSE,3.12162,1.10642
97,371,FALSE,4.12102,1.14487
97,372,FALSE,6.11608,1.14652
97,373,FALSE,1.13395,1.10667
97,374,FALSE,7.04712,1.02042
97,375,FALSE,3.10213,1.05112
97,376,FALSE,1.14607,1.12273
97,377,FALSE,1.06617,1.11886
97,378,FALSE,3.05078,3.04238
97,379,FALSE,1.11926,3.12444
97,380,FALSE,3.10534,4.11659
97,381,FALSE,1.14616,1.11179
97,383,FALSE,5.04543,1.06575
97,384,FALSE,4.01091,1.14495
97,385,FALSE,5.14248,1.00103
97,386,FALSE,5.11938,1.00669
97,387,FALSE,4.13495,1.01022
97,388,FALSE,1.10502,1.01981
97,389,FALSE,2.04942,1.06151
97,390,FALSE,2.05003,1.00974
97,391,FALSE,3.04739,1.01706
97,394,FALSE,5.09967,1.00151
97,395,FALSE,1.14375,5.07006
97,396,FALSE,1.08812,5.12018
97,397,FALSE,1.06394,5.04274
97,398,FALSE,3.12859,5.1468
97,403,FALSE,4.12152,1.02323
97,404,FALSE,4.12515,5.03099
97,405,FALSE,1.08782,5.13539
97,406,FALSE,1.03152,1.03222
97,407,FALSE,3.081,4.02841
97,408,TRUE,1.04853,1
97,412,FALSE,6.13462,5.00147
97,413,FALSE,1.13896,5.00937
97,414,FALSE,6.05581,5.00618
97,415,FALSE,3.04082,5.02389
97,416,FALSE,3.0428,3.13897
97,417,FALSE,3.10326,1.12924
97,418,FALSE,5.03771,5.05027
97,419,FALSE,3.1411,4.00793
97,420,FALSE,3.08379,3.10097
97,421,FALSE,5.09305,3.08026
97,422,FALSE,5.03182,3.03566
97,423,FALSE,3.0743,1.12281
97,425,FALSE,7.11,1.13408
97,426,FALSE,4.08933,1.06758
97,427,FALSE,1.14264,1.09837
97,428,FALSE,3.11205,3.1362
97,429,FALSE,3.08869,3.05263
98,1,FALSE,3.12004,1.04613
98,3,FALSE,1.03111,1.06837
98,5,FALSE,7.01655,1.0627
98,6,FALSE,3.01835,1.12485
98,7,FALSE,1,1.0327
98,9,FALSE,1.12995,1.00533
98,10,FALSE,1.08792,1.05148
98,11,FALSE,1,1.01321
98,13,FALSE,1.14339,1.0804
98,17,FALSE,3.10209,1.05067
98,18,FALSE,1.14491,1.01612
98,19,TRUE,3.14738,1
98,21,FALSE,4.06119,1.07951
98,22,FALSE,1.11878,1.11013
98,25,FALSE,4.14244,1.00966
98,29,FALSE,1.14548,1.019
98,30,FALSE,1.12138,1.12932
98,69,FALSE,4.12062,1.0019
98,70,FALSE,3.01296,3.05802
98,71,FALSE,3.10643,1.06761
98,72,FALSE,3.1391,3.04419
98,73,FALSE,3.13737,3.03152
98,74,FALSE,7.00462,3.01423
98,75,FALSE,3.13126,4.04706
98,76,FALSE,3.06998,1.12354
98,77,FALSE,1.13978,3.0105
98,78,FALSE,3.06355,1.09259
98,79,FALSE,1.14675,1.1299
98,82,FALSE,4.1372,1.09406
98,83,FALSE,3.02257,1.00167
98,84,FALSE,1,3.00135
98,85,TRUE,1.11596,1
98,86,TRUE,4.14081,1
98,91,FALSE,1.14295,1.06353
98,92,FALSE,1.14143,1.097
98,93,FALSE,3.11164,1.12425
98,95,FALSE,1.14311,1.06
98,98,FALSE,5.07065,1.07421
98,99,FALSE,5.14646,2.00386
98,100,FALSE,6.03936,1.12098
98,101,FALSE,3.14044,1.04349
98,103,FALSE,5.09649,1.1453
98,104,FALSE,5.12694,1.10646
98,106,FALSE,5.10575,1.03311
98,107,FALSE,6.09644,1.0636
98,109,FALSE,4.12109,1.07424
98,110,FALSE,3.0486,1.11074
98,111,FALSE,3.13054,1.01971
98,112,FALSE,2.07481,1.06068
98,113,FALSE,3.10647,1.08985
98,114,FALSE,1.14663,1.00266
98,115,FALSE,1.14205,1.05748
98,116,FALSE,3.04491,1.0322
98,117,FALSE,1.11366,1.01158
98,118,FALSE,3.10962,1.02627
98,120,FALSE,4.09855,1.00097
98,121,FALSE,1.1446,1.0048
98,122,FALSE,1.14293,1.00042
98,123,FALSE,1.08878,1.00822
98,124,FALSE,7.09987,1.00429
98,125,FALSE,4.14156,5.02346
98,126,FALSE,5.11023,5.03136
98,127,FALSE,4.0474,1.05451
98,128,FALSE,5.05354,1.05429
98,129,FALSE,5.05746,1.13825
98,130,FALSE,5.08205,5.12689
98,131,FALSE,1.13418,1.1317
98,133,FALSE,1.1454,1.00476
98,134,FALSE,1.13334,1.01182
98,135,FALSE,1.14611,1.06656
98,136,FALSE,1.09882,1.0074
98,137,FALSE,1.10534,1.10897
98,139,FALSE,1.0585,1.01529
98,140,FALSE,1.14128,1.00985
98,141,FALSE,1.09929,1.04766
98,142,FALSE,1,1.01871
98,143,FALSE,1.14371,1.0038
98,144,FALSE,6.07556,1.06473
98,145,TRUE,5.00289,1
98,146,TRUE,1,1
98,147,FALSE,1,1.11818
98,148,TRUE,1,1
98,149,TRUE,3.13108,1
98,150,FALSE,1,5.12077
98,151,FALSE,1,1.14323
98,153,FALSE,1.14103,1.13189
98,154,FALSE,5.04241,1.11836
98,155,FALSE,7.07027,1.03403
98,156,FALSE,1.12785,1.06734
98,157,FALSE,1.12807,1.01041
98,158,FALSE,3.03899,1.06264
98,159,FALSE,3.01607,1.04333
98,160,FALSE,3.00397,1.06308
98,161,FALSE,3.05408,1.00669
98,162,FALSE,4.09099,4.12392
98,164,FALSE,7.12281,1.01356
98,165,FALSE,1.04274,5.13345
98,166,FALSE,5.08941,5.1063
98,167,FALSE,1.06767,1.11895
98,168,FALSE,1,5.06596
98,169,FALSE,5.06883,5.09601
98,173,FALSE,4.12303,1.09115
98,175,FALSE,1.13633,1.02932
98,176,FALSE,1.06992,1.05724
98,177,FALSE,5.12955,1.10322
98,178,FALSE,5.14726,4.00657
98,179,FALSE,5.1375,1.14622
98,180,FALSE,5.01176,2.08815
98,181,FALSE,5.07156,3.12196
98,182,FALSE,5.13588,1.14569
98,183,FALSE,5.10166,1.12839
98,184,FALSE,7.0908,1.11383
98,185,FALSE,5.04146,1.11296
98,186,FALSE,7.13395,1.1042
98,188,FALSE,5.1335,1.00888
98,189,FALSE,6.14383,4.11492
98,190,FALSE,3.09551,1.14226
98,191,FALSE,5.12599,1.10384
98,192,FALSE,5.01795,1.12789
98,193,FALSE,5.12771,6.01558
98,194,FALSE,5.11333,1.13182
98,195,FALSE,3.11881,1.1452
98,197,FALSE,5.1198,1.01368
98,198,FALSE,5.03821,1.10527
98,199,FALSE,5.05391,3.00992
98,200,FALSE,1.10662,1.10802
98,201,FALSE,1.12575,1.13346
98,202,FALSE,7.06113,7.02412
98,203,FALSE,5.14002,4.06467
98,204,FALSE,5.10318,1.07163
98,206,FALSE,5.03609,1.00118
98,207,FALSE,3.04567,1.14322
98,208,FALSE,1.12104,1.04269
98,209,FALSE,3.14009,3.02997
98,210,FALSE,3.13192,3.01837
98,211,FALSE,3.0101,3.01262
98,212,FALSE,1.1365,1.07299
98,213,FALSE,3.12129,1.08374
98,216,FALSE,6.00111,1.10175
98,217,FALSE,4.13064,1.1385
98,218,FALSE,5.09262,1.10748
98,219,FALSE,5.00401,1.14737
98,222,FALSE,3.10489,1.10094
98,225,FALSE,3.10234,4.02398
98,226,FALSE,5.11211,1.0818
98,227,FALSE,7.05483,4.07996
98,229,FALSE,4.02582,3.10614
98,230,FALSE,3.13598,3.07541
98,233,FALSE,5.12833,1.02378
98,234,FALSE,5.14349,3.05278
98,235,FALSE,5.00061,3.03797
98,236,FALSE,1.08644,1.04819
98,237,FALSE,1.11822,1.06274
98,242,FALSE,4.07041,1.02215
98,243,FALSE,1.13688,1.14412
98,251,FALSE,4.1455,4.06335
98,252,FALSE,3.14024,1.13738
98,253,FALSE,5.09948,1.00158
98,254,FALSE,1.07325,1.00614
98,255,FALSE,3.01243,1.01463
98,256,FALSE,5.10637,1.00939
98,257,FALSE,5.01952,1.06629
98,258,FALSE,3.0981,1.09859
98,259,FALSE,1.14434,3.09449
98,260,FALSE,1.1294,1.00997
98,262,FALSE,6.1464,1.00018
98,263,FALSE,1.14133,1.00094
98,264,FALSE,4.11677,1.13998
98,265,FALSE,1.14379,1.14522
98,270,FALSE,1.1353,3.00511
98,271,FALSE,3.06278,1.03969
98,272,FALSE,1.13924,1.11732
98,273,FALSE,1.14409,1.10919
98,274,FALSE,1.13763,1.09729
98,275,FALSE,1.13768,3.06405
98,280,FALSE,1.14176,1.01636
98,289,FALSE,4.12868,1.06853
98,290,FALSE,1.14069,1.14381
98,291,FALSE,1.14134,1.14608
98,292,FALSE,1.12306,1.07968
98,293,FALSE,6.10875,5.00463
98,294,FALSE,5.14197,5.00886
98,295,FALSE,6.12492,5.02695
98,296,FALSE,1.12991,5.05346
98,297,FALSE,5.09924,1.10577
98,298,FALSE,5.11994,1.00586
98,299,FALSE,4.01868,1.06778
98,300,FALSE,5.09034,1.08131
98,301,FALSE,3.12289,1.06064
98,302,FALSE,5.12533,1.04082
98,303,FALSE,3.103,1.00054
98,308,FALSE,6.13906,1.00102
98,317,FALSE,5.14275,1.00894
98,318,FALSE,6.02351,1.12174
98,319,FALSE,5.13023,1.07512
98,320,FALSE,5.0081,1.09321
98,321,FALSE,4.09357,1.02817
98,322,FALSE,3.03671,1.03049
98,323,FALSE,3.1471,1.04883
98,324,FALSE,3.04523,1.01341
98,325,FALSE,5.09218,1.06425
98,326,FALSE,3.04788,1.02896
98,328,FALSE,5.09621,1.06523
98,329,FALSE,6.03404,1.12484
98,330,FALSE,5.1307,1.09963
98,331,FALSE,3.051,1.09971
98,332,FALSE,5.1343,1.12429
98,333,FALSE,5.14174,3.13689
98,334,FALSE,1.14681,1.081
98,335,FALSE,5.14487,1.10856
98,336,FALSE,5.13371,1.11865
98,337,FALSE,5.06744,1.12069
98,339,FALSE,5.01665,1.01883
98,340,TRUE,1.11954,1
98,341,TRUE,5.1009,1
98,342,FALSE,1.11041,6.14716
98,343,TRUE,1,1
98,346,FALSE,5.12966,1.06275
98,347,FALSE,6.10514,1.1272
98,348,FALSE,5.09017,1.11141
98,349,FALSE,5.08407,1.00592
98,350,FALSE,4.10399,1.14117
98,351,FALSE,5.03366,1.13865
98,352,FALSE,4.0044,1.10524
98,353,FALSE,7.0707,4.12928
98,354,FALSE,5.06882,4.10547
98,355,FALSE,3.13425,1.06091
98,357,FALSE,4.13724,1.05902
98,358,FALSE,3.07487,1.11085
98,359,FALSE,3.12954,1.13466
98,361,FALSE,5.11986,1.07676
98,363,FALSE,5.03836,5.0976
98,364,FALSE,5.08625,5.0867
98,365,FALSE,3.14116,1.02463
98,366,FALSE,1.13946,1.05543
98,367,FALSE,5.07884,5.0907
98,370,FALSE,3.13791,1.10706
98,371,FALSE,3.1127,1.14062
98,372,FALSE,6.07564,1.13854
98,373,FALSE,1.1418,1.12507
98,374,FALSE,7.07493,1.02308
98,375,FALSE,1.09547,1.00523
98,376,FALSE,1.11471,1.03484
98,377,FALSE,1.1062,1.03605
98,378,FALSE,3.12315,3.08446
98,379,FALSE,1.12657,3.13923
98,380,FALSE,3.00899,4.03667
98,381,FALSE,1.12912,1.13566
98,383,FALSE,5.12569,1.02513
98,384,FALSE,5.07736,1.13131
98,385,FALSE,5.07625,1.00392
98,386,FALSE,5.05441,1.06636
98,387,FALSE,4.10523,1.02325
98,388,FALSE,1.1092,1.01191
98,389,FALSE,2.01892,1.05879
98,390,FALSE,2.10859,1.02
98,391,FALSE,3.00205,1.01146
98,394,FALSE,5.13561,1.00125
98,395,FALSE,1.10346,5.02644
98,396,FALSE,1.05349,5.02371
98,397,FALSE,1.14164,5.11505
98,398,FALSE,3.04377,5.01722
98,403,FALSE,4.10801,1.01417
98,404,FALSE,4.08975,5.14357
98,405,FALSE,1.11418,5.01694
98,406,FALSE,1,1.07297
98,407,FALSE,3.07587,4.01865
98,408,TRUE,1.06482,1
98,412,FALSE,6.13028,5.00159
98,413,FALSE,1.14289,5.0006
98,414,FALSE,6.10731,5.01523
98,415,FALSE,3.04932,5.00834
98,416,FALSE,3.07186,3.12748
98,417,FALSE,3.09267,1.13447
98,418,FALSE,5.07758,5.08252
98,419,FALSE,3.0217,4.06959
98,420,FALSE,3.01482,3.05192
98,421,FALSE,5.11957,3.13455
98,422,FALSE,5.13321,3.0487
98,423,FALSE,3.12799,1.12163
98,425,FALSE,7.0412,1.01219
98,426,FALSE,4.07555,1.07727
98,427,FALSE,1.14207,1.10182
98,428,FALSE,3.13427,3.08016
98,429,FALSE,3.14146,3.10698
99,1,FALSE,3.01898,1.08038
99,3,FALSE,1.03222,1.04974
99,5,FALSE,7.03346,1.06876
99,6,FALSE,3.02935,1.00541
99,7,FALSE,1,1.04675
99,9,FALSE,1.12929,1.01852
99,10,FALSE,1.1284,1.0106
99,11,FALSE,1,1.06596
99,13,FALSE,1.10636,1.12569
99,17,FALSE,4.14193,1.05511
99,18,FALSE,1.07051,1.05253
99,19,TRUE,3.00117,1
99,21,FALSE,4.0617,1.08951
99,22,FALSE,1.1264,1.1393
99,25,FALSE,4.11643,1.02156
99,29,FALSE,1.13561,1.00765
99,30,FALSE,1.12225,1.10903
99,69,FALSE,4.02406,1.00052
99,70,FALSE,3.04932,3.01049
99,71,FALSE,3.00355,1.08537
99,72,FALSE,3.08422,3.07082
99,73,FALSE,3.05068,3.01596
99,74,FALSE,3.02882,3.05197
99,75,FALSE,3.12885,4.03987
99,76,FALSE,3.04541,1.13297
99,77,FALSE,1.12966,3.00611
99,78,FALSE,3.04259,1.09415
99,79,FALSE,3.10198,1.13779
99,82,FALSE,4.09292,1.02722
99,83,FALSE,3.0983,1.01541
99,84,FALSE,1,3.07437
99,85,TRUE,1.01018,1
99,86,TRUE,4.01228,1
99,91,FALSE,1.13719,1.05298
99,92,FALSE,1.14326,1.12189
99,93,FALSE,3.13285,1.13022
99,95,FALSE,1.13679,1.0461
99,98,FALSE,5.07108,1.07252
99,99,FALSE,5.10897,2.0003
99,100,FALSE,6.1103,1.10485
99,101,FALSE,3.04773,1.08146
99,103,FALSE,5.13782,1.13606
99,104,FALSE,5.04987,1.08334
99,106,FALSE,5.05701,1.146
99,107,FALSE,6.00057,1.0017
99,109,FALSE,4.03343,1.13268
99,110,FALSE,3.05684,1.1189
99,111,FALSE,3.11428,1.00766
99,112,FALSE,2.10724,1.04114
99,113,FALSE,3.11775,1.08827
99,114,FALSE,1.14283,1.00711
99,115,FALSE,1.09265,1.09224
99,116,FALSE,3.10917,1.02243
99,117,FALSE,1.13672,1.0774
99,118,FALSE,3.1335,1.0092
99,120,FALSE,4.09996,1.00312
99,121,FALSE,1.1298,1.00531
99,122,FALSE,1.14503,1.00079
99,123,FALSE,1.10351,1.02043
99,124,FALSE,7.11558,1.01094
99,125,FALSE,4.06221,5.0981
99,126,FALSE,5.09925,5.10673
99,127,FALSE,4.0464,1.01996
99,128,FALSE,5.08922,1.03475
99,129,FALSE,5.1042,1.11732
99,130,FALSE,5.01966,5.11096
99,131,FALSE,1.0123,1.03004
99,133,FALSE,1.14334,1.01355
99,134,FALSE,1.13886,1.00516
99,135,FALSE,1.11056,1.09664
99,136,FALSE,1.1129,1.12293
99,137,FALSE,1.0037,1.13139
99,139,FALSE,1.1289,1.03339
99,140,FALSE,1.04696,1.00183
99,141,FALSE,1.089,1.0379
99,142,FALSE,1.09316,1.06239
99,143,FALSE,1.1101,1.00973
99,144,FALSE,1.14078,1.024
99,145,FALSE,1,5.05678
99,146,TRUE,1,1
99,147,FALSE,1,1.04341
99,148,TRUE,1,1
99,149,TRUE,3.01838,1
99,150,FALSE,1,5.09596
99,151,FALSE,1,1.01315
99,153,FALSE,1.13576,1.13324
99,154,FALSE,5.09076,1.1095
99,155,FALSE,3.02821,1.00698
99,156,FALSE,3.11203,1.01684
99,157,FALSE,1.12358,1.01926
99,158,FALSE,3.11953,1.021
99,159,FALSE,3.02588,1.02359
99,160,FALSE,3.14043,1.08934
99,161,FALSE,3.05453,1.09756
99,162,FALSE,4.07358,4.11571
99,164,FALSE,7.07135,1.03694
99,165,FALSE,1.11548,5.0984
99,166,FALSE,5.07952,5.12209
99,167,FALSE,1.07239,1.10425
99,168,FALSE,1,5.03543
99,169,FALSE,5.03345,5.0567
99,173,FALSE,4.06573,1.08976
99,175,FALSE,1.10933,1.07371
99,176,FALSE,1.06495,1.07533
99,177,FALSE,5.13211,1.11411
99,178,FALSE,6.02249,4.00392
99,179,FALSE,5.06486,1.14229
99,180,FALSE,5.01264,2.02855
99,181,FALSE,5.1116,3.07604
99,182,FALSE,5.00873,1.12643
99,183,FALSE,5.13395,1.1092
99,184,FALSE,7.14463,1.07024
99,185,FALSE,5.14199,1.14707
99,186,FALSE,7.07667,1.11906
99,188,FALSE,5.10399,1.0022
99,189,FALSE,6.09028,4.06661
99,190,FALSE,3.09474,3.07615
99,191,FALSE,5.14076,1.09777
99,192,FALSE,5.09027,1.12162
99,193,FALSE,5.06424,6.11981
99,194,FALSE,5.0486,1.12535
99,195,FALSE,3.13623,1.11292
99,197,FALSE,5.12661,1.01052
99,198,FALSE,5.0416,1.13966
99,199,FALSE,5.01552,3.02381
99,200,FALSE,1.13017,1.14189
99,201,FALSE,1.13003,1.11823
99,202,FALSE,7.11825,7.06526
99,203,FALSE,5.0728,4.02025
99,204,FALSE,5.13079,1.11617
99,206,FALSE,5.086,1.00036
99,207,FALSE,3.12379,1.12298
99,208,FALSE,1.1134,1.0474
99,209,FALSE,3.03452,3.01434
99,210,FALSE,3.13847,3.00816
99,211,FALSE,3.00538,3.04076
99,212,FALSE,1.08831,1.08574
99,213,FALSE,3.05006,1.09126
99,216,FALSE,6.05159,1.11696
99,217,FALSE,4.01979,1.13875
99,218,FALSE,5.07551,1.09868
99,219,FALSE,5.11407,1.13097
99,222,FALSE,3.10028,1.08899
99,225,FALSE,3.13253,4.04809
99,226,FALSE,5.00702,1.07819
99,227,FALSE,7.07918,4.08267
99,229,FALSE,4.03131,3.12433
99,230,FALSE,3.10056,3.04194
99,233,FALSE,5.13393,1.01364
99,234,FALSE,5.0789,3.03058
99,235,FALSE,5.12469,3.05484
99,236,FALSE,1.05683,1.12764
99,237,FALSE,1.14593,1.13805
99,242,FALSE,4.13133,1.03622
99,243,FALSE,1.14439,1.12095
99,251,FALSE,4.09364,4.06954
99,252,FALSE,3.0998,1.14006
99,253,FALSE,5.13585,1.01804
99,254,FALSE,1.14244,1.05901
99,255,FALSE,3.0045,1.03776
99,256,FALSE,5.13888,1.01645
99,257,FALSE,5.07166,1.04113
99,258,FALSE,3.06847,1.05856
99,259,FALSE,1.12021,1.04256
99,260,FALSE,1.09502,1.03246
99,262,FALSE,6.14304,1.00779
99,263,FALSE,1.13654,1.07383
99,264,FALSE,4.04759,1.1074
99,265,FALSE,1.11216,1.14419
99,270,FALSE,1.13929,3.03405
99,271,FALSE,3.04855,1.07087
99,272,FALSE,1.13307,1.13983
99,273,FALSE,1.13392,1.12904
99,274,FALSE,1.12564,1.08586
99,275,FALSE,1.11454,3.08747
99,280,FALSE,1.13592,1.00509
99,289,FALSE,4.10799,1.08203
99,290,FALSE,1.12057,1.09468
99,291,FALSE,1.13608,1.13996
99,292,FALSE,1.11903,1.11212
99,293,FALSE,5.13674,5.0247
99,294,FALSE,5.10741,5.02713
99,295,FALSE,6.07228,5.01868
99,296,FALSE,5.00212,5.01691
99,297,FALSE,5.11298,1.12917
99,298,FALSE,5.14383,1.00441
99,299,FALSE,4.0206,1.07994
99,300,FALSE,5.14075,1.08368
99,301,FALSE,3.13827,1.00806
99,302,FALSE,5.12698,1.01346
99,303,FALSE,3.13154,3.12006
99,308,FALSE,6.0553,1.00461
99,317,FALSE,5.12444,1.03039
99,318,FALSE,6.04436,1.09146
99,319,FALSE,5.06203,1.03927
99,320,FALSE,5.08909,1.04511
99,321,FALSE,4.09934,1.00395
99,322,FALSE,3.11524,1.03503
99,323,FALSE,3.02766,1.01386
99,324,FALSE,3.01153,1.0305
99,325,FALSE,5.09636,1.06825
99,326,FALSE,3.0694,1.04482
99,328,FALSE,3.07762,1.08168
99,329,FALSE,6.04952,1.13747
99,330,FALSE,5.12581,1.08955
99,331,FALSE,5.11659,1.05953
99,332,FALSE,5.04939,1.10824
99,333,FALSE,5.07205,3.03835
99,334,FALSE,1.14169,1.11036
99,335,FALSE,5.01529,1.10402
99,336,FALSE,5.1111,1.08265
99,337,FALSE,5.0757,1.10467
99,339,FALSE,5.05803,1.12523
99,340,TRUE,1.10044,1
99,341,TRUE,5.1321,1
99,342,FALSE,1.13321,6.12037
99,343,TRUE,1,1
99,346,FALSE,5.05046,1.10633
99,347,FALSE,6.1089,1.1371
99,348,FALSE,5.03964,1.08972
99,349,FALSE,5.01432,1.02267
99,350,FALSE,4.115,3.07116
99,351,FALSE,5.02015,1.12398
99,352,FALSE,4.09326,1.12133
99,353,FALSE,7.01464,4.04654
99,354,FALSE,5.07878,4.1225
99,355,FALSE,3.13303,1.07811
99,357,FALSE,4.14063,1.0412
99,358,FALSE,3.04969,1.09169
99,359,FALSE,3.10445,1.12817
99,361,FALSE,5.14469,1.05814
99,363,FALSE,5.05727,5.05952
99,364,FALSE,5.05305,5.08786
99,365,FALSE,3.14479,1.14632
99,366,FALSE,1.1084,1.11178
99,367,FALSE,5.14266,5.01756
99,370,FALSE,3.1431,1.11365
99,371,FALSE,4.09141,1.1459
99,372,FALSE,6.01526,1.13872
99,373,FALSE,1.12983,1.12788
99,374,FALSE,7.12582,1.03232
99,375,FALSE,1.06975,1.08897
99,376,FALSE,1.07424,1.12296
99,377,FALSE,1.13206,1.0408
99,378,FALSE,3.06139,3.10599
99,379,FALSE,1.14257,3.13075
99,380,FALSE,3.12238,4.09599
99,381,FALSE,1.13811,1.07281
99,383,FALSE,5.02568,1.06272
99,384,FALSE,5.08031,1.13675
99,385,FALSE,5.1385,1.01126
99,386,FALSE,5.06776,1.02172
99,387,FALSE,4.09231,1.00768
99,388,FALSE,1.13435,1.00425
99,389,FALSE,2.05688,1.0295
99,390,FALSE,2.0401,1.01561
99,391,FALSE,3.02831,1.00272
99,394,FALSE,5.10325,1.0097
99,395,FALSE,1.07787,5.00058
99,396,FALSE,1.02933,5.07229
99,397,FALSE,1.06523,5.03263
99,398,FALSE,3.08735,5.116
99,403,FALSE,4.08889,1.05847
99,404,FALSE,4.09538,5.07854
99,405,FALSE,1.00132,1.10764
99,406,FALSE,1.10272,1.00217
99,407,FALSE,3.10836,4.14457
99,408,TRUE,1.10234,1
99,412,FALSE,6.13971,5.00105
99,413,FALSE,5.14238,5.00206
99,414,FALSE,6.14029,5.03518
99,415,FALSE,3.14581,5.0245
99,416,FALSE,3.03512,3.07056
99,417,FALSE,3.13083,1.13651
99,418,FALSE,5.07866,5.09899
99,419,FALSE,5.08793,3.05157
99,420,FALSE,3.00022,3.01247
99,421,FALSE,5.0466,3.14686
99,422,FALSE,5.12792,3.10482
99,423,FALSE,3.0082,1.13394
99,425,FALSE,7.04922,1.02514
99,426,FALSE,4.14356,1.07909
99,427,FALSE,1.14687,1.06832
99,428,FALSE,3.13692,3.07264
99,429,FALSE,3.04856,3.09383
100,1,FALSE,3.12992,1.0609
100,3,FALSE,1.03342,1.10723
100,5,FALSE,7.07598,1.06388
100,6,FALSE,3.01761,1.0241
100,7,FALSE,1,1.01118
100,9,FALSE,1.03923,1.055
100,10,FALSE,1.13561,1.02074
100,11,FALSE,1,1.10425
100,13,FALSE,1.13388,1.13996
100,17,FALSE,3.1433,1.06854
100,18,FALSE,1.08685,1.0635
100,19,TRUE,3.14082,1
100,21,FALSE,3.08742,1.07947
100,22,FALSE,1.1407,1.13975
100,25,FALSE,4.04565,1.06828
100,29,FALSE,1.12558,1.00481
100,30,FALSE,1.13646,1.12678
100,69,FALSE,4.07917,1.00326
100,70,FALSE,3.08042,3.02574
100,71,FALSE,3.12786,1.0618
100,72,FALSE,3.07462,3.09117
100,73,FALSE,3.12543,3.00175
100,74,FALSE,3.07045,3.08981
100,75,FALSE,3.13997,4.03291
100,76,FALSE,1.12344,1.13102
100,77,FALSE,1.13994,3.06554
100,78,FALSE,3.10741,1.0918
100,79,FALSE,3.09023,1.11488
100,82,FALSE,4.09488,1.02784
100,83,FALSE,3.05601,1.00293
100,84,FALSE,1,3.02854
100,85,FALSE,1,1.00014
100,86,TRUE,4.07029,1
100,91,FALSE,1.11874,1.06619
100,92,FALSE,3.02544,1.10043
100,93,FALSE,3.03714,1.10583
100,95,FALSE,1.13405,1.0382
100,98,FALSE,5.07486,1.11427
100,99,FALSE,5.07996,2.02892
100,100,FALSE,6.10686,1.1138
100,101,FALSE,3.1379,1.02394
100,103,FALSE,5.01744,1.13782
100,104,FALSE,5.01749,1.07346
100,106,FALSE,5.04449,1.12804
100,107,FALSE,6.05944,1.01316
100,109,FALSE,4.03284,1.09631
100,110,FALSE,3.13662,1.13233
100,111,FALSE,3.11398,1.01682
100,112,FALSE,2.002,1.02973
100,113,FALSE,3.12953,1.06622
100,114,FALSE,1.13355,1.02424
100,115,FALSE,1.13549,1.04435
100,116,FALSE,3.05612,1.01346
100,117,FALSE,1.1467,1.01099
100,118,FALSE,3.0776,1.01595
100,120,FALSE,4.07508,1.00012
100,121,FALSE,1.14115,1.00524
100,122,FALSE,1.13717,1.01345
100,123,FALSE,1.10357,1.00546
100,124,FALSE,7.10008,1.02183
100,125,FALSE,4.13729,5.02475
100,126,FALSE,5.05906,5.09759
100,127,FALSE,4.03408,1.10773
100,128,FALSE,5.07982,1.00291
100,129,FALSE,5.14615,1.08259
100,130,FALSE,5.09191,5.14266
100,131,FALSE,1.1217,1.0215
100,133,FALSE,1.14694,1.00296
100,134,FALSE,1.12837,1.00077
100,135,FALSE,1.05373,1.03266
100,136,FALSE,1.12093,1.069
100,137,FALSE,1.11236,1.06
100,139,FALSE,1.13551,1.0659
100,140,FALSE,1.14547,1.03913
100,141,FALSE,1.013,1.09175
100,142,FALSE,1.03824,1.11829
100,143,FALSE,1.12779,1.01505
100,144,FALSE,1.10098,1.06178
100,145,TRUE,5.13622,1
100,146,TRUE,1,1
100,147,TRUE,1.05538,1
100,148,TRUE,1,1
100,149,TRUE,3.01529,1
100,150,FALSE,1,5.13624
100,151,FALSE,1,1.04807
100,153,FALSE,1.14654,1.12676
100,154,FALSE,5.14491,1.09771
100,155,FALSE,3.01385,1.00687
100,156,FALSE,1.14462,1.0786
100,157,FALSE,1.13756,1.03683
100,158,FALSE,3.05505,1.03899
100,159,FALSE,3.05437,1.05782
100,160,FALSE,3.02689,1.05159
100,161,FALSE,3.10748,1.05072
100,162,FALSE,4.12162,4.13708
100,164,FALSE,7.04112,1.00292
100,165,FALSE,1.12335,5.01112
100,166,FALSE,5.09416,5.11742
100,167,FALSE,1.09407,1.125
100,168,FALSE,1,5.05484
100,169,FALSE,5.10536,5.13924
100,173,FALSE,4.14445,1.08511
100,175,FALSE,1.05918,1.06596
100,176,FALSE,1.05084,1.05411
100,177,FALSE,5.12564,1.12798
100,178,FALSE,5.13727,4.03907
100,179,FALSE,5.14658,1.1385
100,180,FALSE,5.03892,2.14076
100,181,FALSE,5.08936,3.08674
100,182,FALSE,5.14075,1.13106
100,183,FALSE,5.04375,1.12367
100,184,FALSE,7.12268,1.13423
100,185,FALSE,5.1301,1.13933
100,186,FALSE,7.14274,1.0661
100,188,FALSE,5.14207,1.00503
100,189,FALSE,6.07115,4.10529
100,190,FALSE,3.12605,1.13411
100,191,FALSE,5.13395,1.10156
100,192,FALSE,5.09179,1.07152
100,193,FALSE,5.04969,6.01579
100,194,FALSE,5.00332,1.10478
100,195,FALSE,3.07368,1.13312
100,197,FALSE,5.13287,1.0087
100,198,FALSE,5.05752,1.13126
100,199,FALSE,3.12601,3.04371
100,200,FALSE,1.1047,1.11809
100,201,FALSE,1.14525,1.13812
100,202,FALSE,7.01907,7.02822
100,203,FALSE,5.11217,4.11646
100,204,FALSE,5.09431,1.07058
100,206,FALSE,5.0358,1.00545
100,207,FALSE,3.14588,1.11781
100,208,FALSE,1.08115,1.04732
100,209,FALSE,3.04716,3.00379
100,210,FALSE,3.12391,3.01023
100,211,FALSE,3.02223,3.05287
100,212,FALSE,1.12009,1.08971
100,213,FALSE,3.11214,1.06438
100,216,FALSE,6.03974,1.11629
100,217,FALSE,4.04622,1.13736
100,218,FALSE,5.13691,1.12508
100,219,FALSE,5.05029,1.12244
100,222,FALSE,3.12599,1.09888
100,225,FALSE,3.10229,4.06446
100,226,FALSE,5.04408,1.08566
100,227,FALSE,7.04641,4.08182
100,229,FALSE,4.0277,3.13159
100,230,FALSE,3.06696,3.06026
100,233,FALSE,5.13753,1.0065
100,234,FALSE,5.13424,3.01824
100,235,FALSE,5.07428,3.0994
100,236,FALSE,1.14429,1.13556
100,237,FALSE,1.14228,1.12812
100,242,FALSE,4.11287,1.01804
100,243,FALSE,1.14696,1.14667
100,251,FALSE,4.10034,4.07167
100,252,FALSE,3.07492,1.12901
100,253,FALSE,5.06395,1.01916
100,254,FALSE,1.09079,1.00519
100,255,FALSE,3.09703,1.01337
100,256,FALSE,5.0881,1.04468
100,257,FALSE,5.14731,1.03164
100,258,FALSE,3.09313,1.00066
100,259,FALSE,1.14624,3.0289
100,260,FALSE,1.11174,1.01967
100,262,FALSE,6.09345,1.00659
100,263,FALSE,1.1464,1.0049
100,264,FALSE,4.11423,1.09553
100,265,FALSE,1.14192,1.14336
100,270,FALSE,1.14345,3.07815
100,271,FALSE,3.13236,1.10336
100,272,FALSE,1.12614,1.10395
100,273,FALSE,1.14352,1.12655
100,274,FALSE,1.12472,1.10261
100,275,FALSE,1.1294,3.05488
100,280,FALSE,1.09493,1.03216
100,289,FALSE,4.06712,1.07056
100,290,FALSE,1.13944,1.11379
100,291,FALSE,1.14143,1.13814
100,292,FALSE,1.14581,1.09138
100,293,FALSE,6.08346,5.0006
100,294,FALSE,5.11645,5.02375
100,295,FALSE,6.08857,5.0002
100,296,FALSE,5.1008,5.01646
100,297,FALSE,5.09492,1.14028
100,298,FALSE,5.11595,1.02162
100,299,FALSE,4.03486,1.0535
100,300,FALSE,5.13821,1.10665
100,301,FALSE,3.12699,1.10627
100,302,FALSE,5.10333,1.02203
100,303,FALSE,3.12562,1.10502
100,308,FALSE,6.14324,1.00027
100,317,FALSE,5.13462,1.0156
100,318,FALSE,6.03336,1.09264
100,319,FALSE,5.13608,1.02883
100,320,FALSE,2.03587,1.00844
100,321,FALSE,4.14211,1.05474
100,322,FALSE,3.06459,1.06348
100,323,FALSE,3.12068,1.01354
100,324,FALSE,3.13149,1.00246
100,325,FALSE,5.02527,1.03521
100,326,FALSE,3.00626,1.0336
100,328,FALSE,5.03861,1.04794
100,329,FALSE,6.13179,2.05388
100,330,FALSE,5.1376,1.07718
100,331,FALSE,5.01294,1.06924
100,332,FALSE,5.10949,1.09716
100,333,FALSE,5.12887,3.10943
100,334,FALSE,1.14018,1.1202
100,335,FALSE,5.09481,1.09659
100,336,FALSE,5.08759,1.06633
100,337,FALSE,5.12702,1.11196
100,339,FALSE,5.01686,1.06956
100,340,TRUE,1.08454,1
100,341,TRUE,5.06437,1
100,342,FALSE,1.12288,6.01448
100,343,TRUE,1,1
100,346,FALSE,5.04393,1.08007
100,347,FALSE,6.13397,1.10303
100,348,FALSE,5.0368,1.07427
100,349,FALSE,5.09415,1.00686
100,350,FALSE,4.07443,3.00771
100,351,FALSE,5.05666,1.11371
100,352,FALSE,4.01442,1.09484
100,353,FALSE,7.08629,4.01702
100,354,FALSE,5.0562,4.13169
100,355,FALSE,3.09131,1.04072
100,357,FALSE,4.09125,1.05569
100,358,FALSE,3.07465,1.0391
100,359,FALSE,3.07782,1.13435
100,361,FALSE,5.14432,1.09805
100,363,FALSE,5.07552,5.08767
100,364,FALSE,5.09155,5.11522
100,365,FALSE,3.12703,1.0199
100,366,FALSE,1.14031,1.11374
100,367,FALSE,5.05563,5.09609
100,370,FALSE,3.14089,1.10915
100,371,FALSE,4.07403,1.13867
100,372,FALSE,6.14441,1.14505
100,373,FALSE,1.13744,1.13557
100,374,FALSE,7.08698,1.00058
100,375,FALSE,1.05899,1.11711
100,376,FALSE,1.11188,1.12229
100,377,FALSE,1.09883,1.07712
100,378,FALSE,3.10248,3.0146
100,379,FALSE,1.13965,3.00571
100,380,FALSE,3.04733,4.03673
100,381,FALSE,1.13459,1.06768
100,383,FALSE,5.13528,1.08136
100,384,FALSE,5.00263,1.12825
100,385,FALSE,5.13915,1.00969
100,386,FALSE,5.05651,1.00453
100,387,FALSE,4.139,1.043
100,388,FALSE,1.14493,1.0377
100,389,FALSE,2.02868,1.02962
100,390,FALSE,5.13573,1.00647
100,391,FALSE,3.01157,1.03077
100,394,FALSE,5.11835,1.00975
100,395,FALSE,1.10302,5.00389
100,396,FALSE,1.04751,5.02919
100,397,FALSE,1.13122,5.02309
100,398,FALSE,3.08912,5.11352
100,403,FALSE,4.09,1.08995
100,404,FALSE,4.09791,5.11132
100,405,FALSE,1.0374,5.08533
100,406,FALSE,1.14351,1.05043
100,407,FALSE,3.14607,4.09295
100,408,TRUE,1.01542,1
100,412,FALSE,6.12494,5.00251
100,413,FALSE,5.12358,5.00417
100,414,FALSE,6.10162,5.00907
100,415,FALSE,3.03664,5.00392
100,416,FALSE,3.01093,3.1191
100,417,FALSE,3.12088,1.13081
100,418,FALSE,5.07801,5.08575
100,419,FALSE,5.08545,3.10027
100,420,FALSE,3.09217,3.14235
100,421,FALSE,5.14489,3.10841
100,422,FALSE,3.04321,3.1036
100,423,FALSE,3.11849,1.12426
100,425,FALSE,1.05025,1.05001
100,426,FALSE,4.09061,1.09072
100,427,FALSE,1.1416,1.11064
100,428,FALSE,3.12224,3.14437
100,429,FALSE,3.14513,3.08555
