program_id,upper_cutoff,lower_cutoff,not_filled,iter
1,6.04667,23.04528,False,1
3,4.11546,4.09603,False,1
5,6.02668,37.01784,False,1
6,5.0551,33.02089,False,1
7,4.00649,1.0,False,1
9,4.09409,5.08909,False,1
10,5.05398,4.13413,False,1
11,6.10501,1.0,False,1
13,6.06574,6.065,False,1
17,6.0108,29.02802,False,1
18,6.03388,6.03685,False,1
19,1.0,33.06253,True,1
21,6.0792,18.04945,False,1
22,6.12917,6.1344,False,1
25,6.02636,19.12744,False,1
29,2.03344,5.09816,False,1
30,6.13109,6.11811,False,1
69,2.11322,24.13023,False,1
70,28.0411,23.00473,False,1
71,6.11171,6.08332,False,1
72,33.07328,33.0576,False,1
73,28.00914,28.1166,False,1
74,33.03539,33.01245,False,1
75,34.04192,33.12446,False,1
76,6.11534,6.10911,False,1
77,18.09162,6.1419,False,1
78,6.04211,23.11953,False,1
79,6.09748,6.09701,False,1
82,6.09584,29.01436,False,1
83,3.0864,18.02175,False,1
84,33.1432,1.0,False,1
85,1.0,2.01445,True,1
86,1.0,29.05358,True,1
91,5.0741,5.11407,False,1
92,6.05991,28.01649,False,1
93,6.11622,23.07591,False,1
95,4.09911,5.01025,False,1
98,4.12335,30.13448,False,1
99,22.00184,34.10527,False,1
100,6.1184,35.02064,False,1
101,3.07249,23.11523,False,1
103,6.13316,25.10546,False,1
104,6.01039,30.07133,False,1
106,3.07943,28.03239,False,1
107,4.03851,26.08796,False,1
109,6.1365,34.1059,False,1
110,6.06643,28.09439,False,1
111,5.06052,33.12805,False,1
112,4.0374,22.03523,False,1
113,5.04122,28.10154,False,1
114,2.14243,5.075,False,1
115,6.05669,5.13978,False,1
116,3.08593,28.06965,False,1
117,3.07844,5.03106,False,1
118,2.00809,18.12644,False,1
120,2.08999,34.13791,False,1
121,3.02439,5.08799,False,1
122,2.05615,5.14675,False,1
123,2.0553,6.13842,False,1
124,5.0101,37.12948,False,1
125,35.03701,34.13379,False,1
126,35.03775,30.08515,False,1
127,6.0687,24.08318,False,1
128,6.03096,30.01161,False,1
129,6.08023,30.01662,False,1
130,35.1248,35.11981,False,1
131,4.13582,5.11342,False,1
133,3.11292,5.14638,False,1
134,4.06721,5.11451,False,1
135,2.04102,4.02737,False,1
136,4.0658,4.12075,False,1
137,1.0,5.11015,True,1
139,5.0046,5.09978,False,1
140,4.09263,3.05736,False,1
141,6.02149,2.04607,False,1
142,3.13781,3.04573,False,1
143,1.05793,5.08557,False,1
144,4.01743,5.12786,False,1
145,30.07622,1.0,False,1
146,1.0,1.0,True,1
147,2.04663,1.0,False,1
148,1.0,1.0,True,1
149,1.0,18.04996,True,1
150,35.08358,1.0,False,1
151,1.0,1.13595,True,1
153,6.12737,6.1143,False,1
154,6.06123,23.12488,False,1
155,4.08747,23.00015,False,1
156,6.00877,5.04887,False,1
157,2.12889,5.07683,False,1
158,4.04298,18.04006,False,1
159,3.07939,23.11375,False,1
160,4.04841,23.11798,False,1
161,4.01978,18.03463,False,1
162,34.02431,29.10585,False,1
164,5.04764,37.13822,False,1
165,35.00047,6.01654,False,1
166,35.04772,30.11248,False,1
167,6.0647,5.10778,False,1
168,35.12724,1.0,False,1
169,35.12178,30.00793,False,1
173,6.02989,29.01425,False,1
175,3.1235,3.12331,False,1
176,5.0612,5.02532,False,1
177,6.04815,30.10775,False,1
178,34.02234,35.00826,False,1
179,6.14585,34.00907,False,1
180,28.14611,28.02858,False,1
181,33.03526,35.01644,False,1
182,6.1462,10.04636,False,1
183,6.10231,35.11954,False,1
184,6.13798,37.05705,False,1
185,6.12915,28.07003,False,1
186,6.03969,37.07473,False,1
188,1.07081,30.13536,False,1
189,34.12935,34.10743,False,1
190,6.14433,23.06487,False,1
191,6.05,30.12256,False,1
192,6.12979,25.09895,False,1
193,36.03966,35.10878,False,1
194,6.07445,25.07627,False,1
195,6.01749,28.07715,False,1
197,2.0343,30.12493,False,1
198,6.02623,25.05308,False,1
199,6.11823,30.04899,False,1
200,6.11397,6.05205,False,1
201,6.05461,5.05146,False,1
202,37.06874,37.06387,False,1
203,30.05007,30.11828,False,1
204,4.1256,30.12799,False,1
206,2.03281,30.1225,False,1
207,6.08815,28.04937,False,1
208,5.04907,5.14209,False,1
209,28.09797,28.11278,False,1
210,28.11191,28.14469,False,1
211,33.03262,28.02505,False,1
212,4.14134,5.04286,False,1
213,5.08322,13.06474,False,1
216,6.08539,28.13819,False,1
217,6.13997,29.0489,False,1
218,6.09852,30.1303,False,1
219,6.12776,25.04042,False,1
222,5.0817,28.04833,False,1
225,33.11509,33.06775,False,1
226,6.08281,35.07788,False,1
227,34.13586,37.09487,False,1
229,33.10201,33.11058,False,1
230,33.02112,33.06191,False,1
233,6.00393,30.10491,False,1
234,33.0633,30.12545,False,1
235,33.02028,30.13604,False,1
236,4.05424,4.13276,False,1
237,6.07293,5.11889,False,1
242,4.11842,24.14053,False,1
243,6.07811,6.02482,False,1
251,34.05215,34.02384,False,1
252,6.13311,28.12196,False,1
253,4.03939,30.08495,False,1
254,1.07426,4.00358,False,1
255,3.02494,13.02961,False,1
256,2.0964,30.03794,False,1
257,4.03198,20.08889,False,1
258,1.02731,18.11731,False,1
259,33.09123,5.0143,False,1
260,5.03122,5.13606,False,1
262,1.00078,36.12984,False,1
263,3.04981,6.00858,False,1
264,6.05212,29.0431,False,1
265,5.1157,6.0907,False,1
270,33.01786,6.04207,False,1
271,6.04373,28.13351,False,1
272,6.0539,5.07061,False,1
273,6.04168,5.06598,False,1
274,6.00675,5.11594,False,1
275,33.01544,6.07037,False,1
280,3.01853,5.1044599999999996,False,1
289,5.13521,29.12931,False,1
290,6.09621,6.1204,False,1
291,6.14458,6.14407,False,1
292,5.10447,6.13166,False,1
293,15.12897,30.10214,False,1
294,10.06083,6.12369,False,1
295,25.07886,36.07435,False,1
296,20.0465,4.12973,False,1
297,6.12453,35.10116,False,1
298,1.0402,33.1374,False,1
299,6.05977,34.04659,False,1
300,4.1232,33.09013,False,1
301,4.12591,33.02148,False,1
302,5.1065,35.03767,False,1
303,5.03703,33.08752,False,1
308,3.06491,31.10126,False,1
317,4.10506,22.09755,False,1
318,6.03358,36.14249,False,1
319,5.08371,30.11257,False,1
320,4.01892,27.10222,False,1
321,4.0724,34.09038,False,1
322,5.05628,18.10442,False,1
323,2.08756,17.07932,False,1
324,2.13383,23.09084,False,1
325,2.09438,25.09611,False,1
326,3.14073,28.10784,False,1
328,5.13272,25.12064,False,1
329,20.09767,31.02755,False,1
330,6.07108,30.02111,False,1
331,5.03451,20.0437,False,1
332,5.14347,30.1316,False,1
333,33.0905,30.11689,False,1
334,6.06737,6.06546,False,1
335,5.05691,30.02761,False,1
336,5.06455,30.14074,False,1
337,6.05997,25.08087,False,1
339,5.07556,28.07332,False,1
340,1.0,1.04802,True,1
341,1.0,25.09448,True,1
342,36.02564,5.04199,False,1
343,1.0,1.0,True,1
346,6.02676,27.03766,False,1
347,6.07407,33.06725,False,1
348,6.03379,27.09411,False,1
349,2.14677,25.06748,False,1
350,6.13014,29.02517,False,1
351,6.14385,25.06499,False,1
352,6.0962,34.0002,False,1
353,34.09648,37.09145,False,1
354,34.08754,34.08739,False,1
355,4.059,23.12022,False,1
357,5.09608,29.12654,False,1
358,6.04233,28.10758,False,1
359,6.05827,32.09278,False,1
361,6.06594,25.05733,False,1
363,35.07959,35.06897,False,1
364,35.06372,35.05813,False,1
365,3.05104,23.0369,False,1
366,5.12834,5.13824,False,1
367,35.03777,35.01337,False,1
370,6.08529,28.11167,False,1
371,6.14152,33.09121,False,1
372,6.1407,33.05057,False,1
373,6.01542,6.12666,False,1
374,1.10395,37.09844,False,1
375,5.00988,23.03134,False,1
376,6.11567,5.14482,False,1
377,6.05356,2.01907,False,1
378,33.05759,28.0816,False,1
379,28.10834,5.03508,False,1
380,34.09585,33.10583,False,1
381,6.06799,5.06844,False,1
383,5.04579,29.00772,False,1
384,6.1412700000000005,30.13424,False,1
385,3.13009,25.05661,False,1
386,4.08386,27.10703,False,1
387,1.01621,34.07158,False,1
388,3.05006,5.12602,False,1
389,2.01929,7.07204,False,1
390,3.01987,27.05594,False,1
391,4.08295,23.02939,False,1
394,5.05899,30.02305,False,1
395,35.05102,2.0059,False,1
396,35.13786,3.10476,False,1
397,35.00409,4.03607,False,1
398,35.08737,33.05839,False,1
403,6.03589,19.10234,False,1
404,35.01403,34.00235,False,1
405,35.08787,5.11362,False,1
406,4.07701,1.0,False,1
407,29.01561,28.04393,False,1
408,1.0,4.02361,True,1
412,10.00247,34.11677,False,1
413,20.06951,15.02959,False,1
414,10.09566,31.08054,False,1
415,30.11582,28.06065,False,1
416,33.06114,20.06484,False,1
417,6.12475,28.0024,False,1
418,35.07115,35.03225,False,1
419,33.12439,33.05539,False,1
420,33.0814,33.06575,False,1
421,33.13139,33.08736,False,1
422,6.14698,30.07179,False,1
423,6.05357,23.08778,False,1
425,6.10048,5.13029,False,1
426,6.06634,33.13256,False,1
427,6.04881,6.14122,False,1
428,33.10632,33.07521,False,1
429,33.1012,28.04545,False,1
1,6.09502,23.04987,False,2
3,4.09668,4.05619,False,2
5,6.03611,37.09541,False,2
6,5.12826,33.04143,False,2
7,4.02852,1.0,False,2
9,5.06691,5.10206,False,2
10,4.04884,4.10401,False,2
11,6.05275,1.0,False,2
13,6.05031,6.08773,False,2
17,6.02742,29.10424,False,2
18,6.00425,6.0056,False,2
19,1.0,33.09065,True,2
21,6.07368,18.14173,False,2
22,6.13385,6.1435,False,2
25,6.03084,19.00253,False,2
29,4.01497,5.14447,False,2
30,6.01959,6.11496,False,2
69,2.09839,24.11815,False,2
70,28.00118,23.06923,False,2
71,6.10504,6.08537,False,2
72,33.05381,33.03976,False,2
73,28.12663,28.04199,False,2
74,33.01884,37.04128,False,2
75,34.02926,33.13649,False,2
76,6.1393,6.12016,False,2
77,18.04116,6.12169,False,2
78,6.02153,29.1387,False,2
79,6.11073,6.08494,False,2
82,6.06748,29.0209,False,2
83,3.07821,18.0651,False,2
84,33.01749,1.0,False,2
85,2.13646,1.0,False,2
86,1.0,29.03414,True,2
91,5.10405,5.14619,False,2
92,6.07223,6.06529,False,2
93,6.12319,23.07492,False,2
95,4.13368,5.11157,False,2
98,5.10943,30.06405,False,2
99,22.089480000000002,34.11524,False,2
100,6.11853,35.00604,False,2
101,5.00399,23.09251,False,2
103,6.12501,25.09423,False,2
104,6.04411,30.09194,False,2
106,3.1455,28.13946,False,2
107,4.00466,26.09706,False,2
109,6.10126,34.06109,False,2
110,6.09671,28.09969,False,2
111,3.04905,33.11174,False,2
112,4.06467,22.14393,False,2
113,5.11985,28.07962,False,2
114,2.10574,5.13175,False,2
115,6.03841,5.1198,False,2
116,3.04331,28.10307,False,2
117,4.09122,5.10669,False,2
118,2.04201,18.08652,False,2
120,2.01883,34.1167,False,2
121,3.06088,5.08111,False,2
122,2.10134,5.14117,False,2
123,2.0587,6.06043,False,2
124,4.05732,37.08805,False,2
125,35.04306,34.11654,False,2
126,35.07568,30.13811,False,2
127,6.05551,24.12542,False,2
128,4.07163,30.11308,False,2
129,6.12145,30.10803,False,2
130,35.14201,35.08413,False,2
131,4.14199,5.1032,False,2
133,3.02515,5.14573,False,2
134,4.09518,4.00233,False,2
135,4.04775,4.03898,False,2
136,4.03374,4.09793,False,2
137,1.0,5.12072,True,2
139,5.05564,5.09802,False,2
140,4.03629,3.07024,False,2
141,6.11854,2.00147,False,2
142,3.0859,3.09432,False,2
143,1.03938,5.00012,False,2
144,4.14172,5.08214,False,2
145,30.08212,1.0,False,2
146,1.0,1.0,True,2
147,2.05189,1.0,False,2
148,1.0,1.0,True,2
149,1.0,18.00703,True,2
150,35.03999,1.0,False,2
151,1.0,1.00377,True,2
153,6.09886,6.08732,False,2
154,6.03878,28.02074,False,2
155,4.10616,37.09021,False,2
156,6.00098,5.12007,False,2
157,1.07673,5.04718,False,2
158,4.12903,18.12365,False,2
159,3.05378,23.0686,False,2
160,4.10985,23.09459,False,2
161,4.05975,18.10006,False,2
162,34.13876,29.14094,False,2
164,5.10704,37.10906,False,2
165,35.0561,6.12931,False,2
166,35.03951,30.02243,False,2
167,6.04713,5.03149,False,2
168,35.0522,1.0,False,2
169,35.0671,30.01237,False,2
173,6.02731,29.05137,False,2
175,3.07416,4.08135,False,2
176,5.10103,5.0991,False,2
177,6.09054,30.13765,False,2
178,34.00519,35.01314,False,2
179,6.14391,34.0636,False,2
180,28.13964,28.09089,False,2
181,33.08489,35.03262,False,2
182,6.1236,25.04059,False,2
183,6.08023,35.12795,False,2
184,6.10841,37.06888,False,2
185,6.1216,28.09142,False,2
186,6.01318,37.02996,False,2
188,1.02819,37.0239,False,2
189,34.11468,34.09995,False,2
190,6.08541,23.09882,False,2
191,6.08495,30.12607,False,2
192,6.11269,25.03709,False,2
193,36.11784,35.09892,False,2
194,6.10535,25.02409,False,2
195,6.00297,28.11042,False,2
197,2.03356,29.11223,False,2
198,6.07108,25.00507,False,2
199,6.04531,30.03311,False,2
200,6.0705,6.02706,False,2
201,6.05216,5.14019,False,2
202,37.07155,37.10613,False,2
203,30.07929,30.13082,False,2
204,4.07882,30.10072,False,2
206,2.05893,30.00434,False,2
207,6.07404,28.10315,False,2
208,5.06624,5.10079,False,2
209,28.12214,28.05585,False,2
210,28.08907,28.12121,False,2
211,33.01363,28.04588,False,2
212,5.00302,4.14126,False,2
213,5.12152,13.10728,False,2
216,6.10414,28.14086,False,2
217,6.12699,29.00925,False,2
218,6.08177,30.1419,False,2
219,6.14714,25.14202,False,2
222,5.06491,28.09874,False,2
225,33.12282,33.1095,False,2
226,6.08207,35.10156,False,2
227,34.14014,37.09259,False,2
229,33.10113,33.10983,False,2
230,33.06282,33.05355,False,2
233,6.009,30.13331,False,2
234,33.00934,30.09515,False,2
235,33.07868,30.07642,False,2
236,4.05321,4.07201,False,2
237,6.04866,5.0882,False,2
242,4.08431,24.08113,False,2
243,6.07348,6.03812,False,2
251,34.04625,34.03945,False,2
252,6.08233,28.07805,False,2
253,4.00101,30.05252,False,2
254,1.07566,4.08817,False,2
255,3.09789,13.00208,False,2
256,2.10758,30.1371,False,2
257,4.05353,20.05138,False,2
258,1.07424,18.1185,False,2
259,33.12983,5.04737,False,2
260,5.0836500000000004,5.05792,False,2
262,1.08193,36.13383,False,2
263,3.10783,6.04313,False,2
264,6.11152,29.07449,False,2
265,5.12639,6.10657,False,2
270,33.02446,6.11833,False,2
271,6.07988,28.11835,False,2
272,6.02361,5.09761,False,2
273,6.06353,5.06653,False,2
274,6.08065,5.10136,False,2
275,33.03742,6.12921,False,2
280,3.08015,5.13794,False,2
289,5.14541,29.02072,False,2
290,6.09475,6.12146,False,2
291,6.1474,6.14443,False,2
292,5.13797,6.07407,False,2
293,15.13345,30.1384,False,2
294,10.00032,6.14741,False,2
295,25.0998,36.05412,False,2
296,20.04805,4.08653,False,2
297,6.09763,35.02707,False,2
298,1.02541,33.06091,False,2
299,6.08866,34.0833,False,2
300,6.05328,33.13256,False,2
301,4.07392,33.13109,False,2
302,6.03429,35.0295,False,2
303,33.09643,33.14274,False,2
308,3.04109,31.14428,False,2
317,4.06439,22.08251,False,2
318,4.07008,36.05221,False,2
319,5.1081,30.14088,False,2
320,4.14397,27.10252,False,2
321,4.01316,34.06905,False,2
322,5.01933,18.03138,False,2
323,2.01276,17.07289,False,2
324,2.0991400000000002,23.02592,False,2
325,2.05011,25.00521,False,2
326,4.01571,18.02765,False,2
328,5.1062899999999996,25.06275,False,2
329,6.11689,31.09747,False,2
330,6.08272,28.09999,False,2
331,5.06438,20.09309,False,2
332,5.11188,30.09618,False,2
333,33.03702,30.12872,False,2
334,6.08532,6.07951,False,2
335,5.05919,30.04983,False,2
336,5.06135,30.14075,False,2
337,6.07632,25.13822,False,2
339,5.07304,28.12414,False,2
340,1.0,1.02213,True,2
341,1.0,25.10117,True,2
342,36.03054,5.08077,False,2
343,1.0,1.0,True,2
346,6.03731,27.01708,False,2
347,6.10174,33.08168,False,2
348,6.06271,27.03646,False,2
349,2.06302,25.05968,False,2
350,6.10684,29.05158,False,2
351,6.13288,25.00837,False,2
352,6.05823,34.01654,False,2
353,34.00665,37.078,False,2
354,34.12647,34.08935,False,2
355,5.05169,23.13761,False,2
357,5.10017,29.13476,False,2
358,6.02718,28.0095,False,2
359,6.01243,32.09522,False,2
361,6.0899,25.11008,False,2
363,35.0812,35.07907,False,2
364,35.11178,35.08484,False,2
365,3.13187,23.02396,False,2
366,5.14403,5.09206,False,2
367,35.06136,35.02628,False,2
370,6.08385,28.06656,False,2
371,6.11816,33.05778,False,2
372,6.1404,33.08717,False,2
373,6.0455,6.05462,False,2
374,1.03543,37.13567,False,2
375,5.03409,4.14423,False,2
376,6.13234,5.05054,False,2
377,6.03552,2.07293,False,2
378,33.10604,28.10802,False,2
379,28.01771,5.0194,False,2
380,34.08616,33.05431,False,2
381,6.03297,5.07529,False,2
383,5.11238,29.06335,False,2
384,6.14085,28.04082,False,2
385,2.07598,25.0968,False,2
386,4.02093,27.1292,False,2
387,1.09692,34.01197,False,2
388,2.06247,5.08488,False,2
389,2.08339,7.13359,False,2
390,3.11852,27.14147,False,2
391,4.14479,23.06453,False,2
394,5.08574,30.10119,False,2
395,35.05196,2.07764,False,2
396,35.07998,3.14294,False,2
397,35.10291,4.12069,False,2
398,35.02618,33.06025,False,2
403,6.07609,19.07199,False,2
404,35.13117,34.11628,False,2
405,35.07303,5.05873,False,2
406,6.0386,4.00491,False,2
407,29.05885,28.0169,False,2
408,1.0,4.14482,True,2
412,10.04103,34.03083,False,2
413,15.0926,25.12955,False,2
414,10.12344,31.02392,False,2
415,30.0846,28.05725,False,2
416,33.11125,20.06347,False,2
417,6.09451,28.10621,False,2
418,35.05979,35.04953,False,2
419,33.08583,33.05653,False,2
420,33.09097,33.04157,False,2
421,33.03587,33.02631,False,2
422,28.12135,30.08691,False,2
423,6.06057,23.00063,False,2
425,6.04928,5.14508,False,2
426,6.06574,33.10067,False,2
427,6.09677,6.12943,False,2
428,33.11473,33.10121,False,2
429,33.14025,28.13836,False,2
1,6.04502,23.14432,False,3
3,4.04373,4.01313,False,3
5,6.02256,37.00601,False,3
6,5.13918,33.10587,False,3
7,4.08395,1.0,False,3
9,5.00198,5.08037,False,3
10,4.11067,4.10701,False,3
11,6.05319,1.0,False,3
13,6.04603,6.06032,False,3
17,6.02625,28.02346,False,3
18,6.03943,6.01063,False,3
19,1.0,33.10014,True,3
21,6.05003,29.00824,False,3
22,6.13637,6.12187,False,3
25,6.00732,19.12655,False,3
29,2.01061,5.09069,False,3
30,6.06241,6.10037,False,3
69,2.10958,24.10047,False,3
70,28.02028,23.04683,False,3
71,6.06423,28.03288,False,3
72,33.06858,33.00809,False,3
73,28.00218,28.05424,False,3
74,33.09606,37.04828,False,3
75,34.03976,33.13795,False,3
76,6.11752,28.00295,False,3
77,18.06897,6.13122,False,3
78,6.02898,23.13381,False,3
79,6.10427,6.088,False,3
82,6.00606,29.13384,False,3
83,3.02444,18.06498,False,3
84,33.01825,1.0,False,3
85,1.0,2.09613,True,3
86,1.0,29.00376,True,3
91,5.10338,5.12616,False,3
92,6.06781,6.06209,False,3
93,6.09283,23.03301,False,3
95,4.00421,5.12455,False,3
98,5.00634,30.06298,False,3
99,22.002,34.07274,False,3
100,6.11773,35.06668,False,3
101,3.06081,23.11707,False,3
103,6.10548,25.11037,False,3
104,6.01448,30.02379,False,3
106,3.11836,28.06344,False,3
107,4.10119,26.08303,False,3
109,6.11439,34.05581,False,3
110,6.04669,28.10612,False,3
111,3.07172,33.06272,False,3
112,3.0823,22.01792,False,3
113,5.05602,28.1309,False,3
114,2.07901,5.13707,False,3
115,6.0924,5.13704,False,3
116,3.03673,28.07207,False,3
117,4.07203,5.12986,False,3
118,2.0646,18.13757,False,3
120,2.13436,34.01764,False,3
121,3.00694,5.02648,False,3
122,2.04771,5.128,False,3
123,2.09327,6.09889,False,3
124,2.12383,37.10189,False,3
125,35.07347,34.08901,False,3
126,35.0347,30.03677,False,3
127,6.09231,24.11763,False,3
128,6.04265,30.02127,False,3
129,6.08834,30.13345,False,3
130,35.13735,35.04459,False,3
131,4.12197,5.0691,False,3
133,3.02739,5.0836,False,3
134,4.05939,4.03439,False,3
135,6.00743,4.13705,False,3
136,4.05358,4.10676,False,3
137,4.1216,5.07334,False,3
139,5.07072,5.0967,False,3
140,4.08847,3.1206,False,3
141,6.00069,2.05642,False,3
142,3.10039,3.00156,False,3
143,1.11477,5.11305,False,3
144,31.03531,5.1465,False,3
145,1.0,30.07328,True,3
146,1.0,1.0,True,3
147,2.0067,1.0,False,3
148,1.0,1.0,True,3
149,1.0,18.07232,True,3
150,35.02579,1.0,False,3
151,1.0,1.03226,True,3
153,6.12846,6.12017,False,3
154,6.0117,28.10401,False,3
155,4.04673,37.05294,False,3
156,6.02802,5.13647,False,3
157,1.1218,5.02982,False,3
158,4.13276,18.06881,False,3
159,3.12763,23.07115,False,3
160,4.098,23.06937,False,3
161,4.09975,18.08883,False,3
162,34.11861,29.11414,False,3
164,5.10602,37.02595,False,3
165,35.04236,6.13627,False,3
166,35.11794,30.08027,False,3
167,6.09749,5.04741,False,3
168,35.09114,1.0,False,3
169,35.12422,30.05614,False,3
173,6.02673,28.02225,False,3
175,3.09144,3.14235,False,3
176,5.06386,5.00517,False,3
177,6.07966,30.11715,False,3
178,34.00209,35.01556,False,3
179,6.11475,34.09073,False,3
180,28.11049,28.07329,False,3
181,33.03517,35.00964,False,3
182,6.14174,25.02847,False,3
183,6.11695,35.06132,False,3
184,6.05175,37.12252,False,3
185,6.13878,28.022,False,3
186,6.07342,37.00513,False,3
188,1.02306,30.06066,False,3
189,34.14364,34.11934,False,3
190,6.10105,23.05836,False,3
191,6.05102,30.07997,False,3
192,6.09559,25.06777,False,3
193,36.11644,35.07041,False,3
194,6.08428,25.05896,False,3
195,6.00687,28.09907,False,3
197,2.0108,29.0498,False,3
198,6.09153,25.10718,False,3
199,23.09214,30.04932,False,3
200,6.09273,6.00394,False,3
201,6.13164,5.13649,False,3
202,37.02425,37.07255,False,3
203,30.06382,30.06381,False,3
204,4.01712,30.02233,False,3
206,2.02285,30.007,False,3
207,6.06977,28.11129,False,3
208,4.1409,5.12496,False,3
209,28.1225,28.04132,False,3
210,28.14585,28.05962,False,3
211,33.0452,28.0643,False,3
212,4.12927,5.09356,False,3
213,5.14433,13.0382,False,3
216,6.09022,28.13802,False,3
217,6.14349,29.13607,False,3
218,6.03791,30.02212,False,3
219,6.14095,25.01223,False,3
222,5.10475,28.08925,False,3
225,33.13156,33.10315,False,3
226,6.09746,35.09878,False,3
227,34.05568,37.08835,False,3
229,33.1283,33.1252,False,3
230,33.09117,33.06245,False,3
233,6.032,30.14286,False,3
234,33.03707,30.11605,False,3
235,33.02618,30.05545,False,3
236,4.01328,4.06444,False,3
237,6.04637,5.10145,False,3
242,4.04538,24.12379,False,3
243,6.08661,6.03551,False,3
251,34.06556,34.04615,False,3
252,6.09015,28.01547,False,3
253,4.01095,30.02806,False,3
254,1.09895,4.02269,False,3
255,3.01988,13.01782,False,3
256,2.07049,30.08527,False,3
257,4.01056,20.06567,False,3
258,5.01519,18.04282,False,3
259,33.01331,5.04245,False,3
260,5.12158,5.03182,False,3
262,1.13911,36.0989,False,3
263,3.04379,6.03622,False,3
264,6.1108,29.09711,False,3
265,5.0748,6.00927,False,3
270,33.01306,6.09642,False,3
271,6.10889,28.08593,False,3
272,6.02983,5.12545,False,3
273,6.01532,5.13184,False,3
274,6.00139,5.10269,False,3
275,33.02102,6.05845,False,3
280,3.0367,5.07148,False,3
289,5.13099,29.12627,False,3
290,6.08185,6.1002,False,3
291,6.14402,6.13763,False,3
292,5.11319,6.13119,False,3
293,15.10035,30.1261,False,3
294,10.04569,10.03085,False,3
295,25.04699,36.09184,False,3
296,20.02573,4.01844,False,3
297,6.01118,35.07691,False,3
298,2.01747,33.14029,False,3
299,6.08754,34.02723,False,3
300,6.03399,33.10197,False,3
301,4.08799,33.10703,False,3
302,5.05281,35.01577,False,3
303,5.12475,33.06755,False,3
308,3.04105,31.118,False,3
317,3.03914,22.05963,False,3
318,4.13332,36.02757,False,3
319,5.12043,30.13335,False,3
320,4.03362,27.07493,False,3
321,3.08998,34.03724,False,3
322,5.12767,18.11691,False,3
323,4.00851,17.12863,False,3
324,2.07081,23.01415,False,3
325,4.07684,25.07923,False,3
326,3.06433,18.12053,False,3
328,5.11314,25.11633,False,3
329,6.14208,31.1329,False,3
330,6.01954,30.06589,False,3
331,5.06879,20.11003,False,3
332,6.05595,20.13875,False,3
333,33.02118,30.03361,False,3
334,6.04007,6.09872,False,3
335,5.06133,30.08676,False,3
336,5.02097,30.10897,False,3
337,6.0227,25.05157,False,3
339,5.02403,28.03289,False,3
340,1.0,1.12178,True,3
341,1.0,25.09777,True,3
342,36.04174,5.01156,False,3
343,1.0,1.0,True,3
346,6.03188,27.085,False,3
347,6.07213,33.10433,False,3
348,6.03941,27.03489,False,3
349,2.01756,25.05463,False,3
350,6.14722,29.11327,False,3
351,6.14694,25.06478,False,3
352,6.12449,34.09518,False,3
353,34.13426,37.0685,False,3
354,34.134,34.10069,False,3
355,4.13321,23.12855,False,3
357,5.09934,28.11809,False,3
358,6.0304,28.05207,False,3
359,6.00051,32.07868,False,3
361,6.03515,30.1264,False,3
363,35.064,35.05956,False,3
364,35.09457,35.07994,False,3
365,3.0214,23.04122,False,3
366,5.08995,5.0741,False,3
367,35.02695,35.00081,False,3
370,6.06949,28.14369,False,3
371,6.13803,33.02012,False,3
372,6.12812,33.00726,False,3
373,6.02894,6.07981,False,3
374,1.10918,37.11956,False,3
375,5.08896,4.00186,False,3
376,6.08982,5.09528,False,3
377,2.00065,1.0,False,3
378,33.06197,28.08405,False,3
379,28.10187,5.09496,False,3
380,34.08967,33.0439,False,3
381,6.07644,5.06797,False,3
383,5.06063,28.13041,False,3
384,6.11588,30.01381,False,3
385,1.03374,25.12009,False,3
386,1.0948,27.08434,False,3
387,1.13418,34.09894,False,3
388,3.06422,5.02776,False,3
389,2.02014,7.08401,False,3
390,3.11068,27.07568,False,3
391,5.05701,23.08628,False,3
394,5.05679,30.04657,False,3
395,35.04608,2.14069,False,3
396,35.04867,3.02541,False,3
397,35.08372,4.03464,False,3
398,35.02828,33.09178,False,3
403,6.08783,19.00739,False,3
404,35.11995,34.06146,False,3
405,35.13898,5.0412,False,3
406,4.13936,1.0,False,3
407,29.14409,28.05449,False,3
408,1.0,4.00982,True,3
412,10.05159,34.10886,False,3
413,20.00184,25.09075,False,3
414,10.08442,31.11146,False,3
415,30.12241,28.1262,False,3
416,33.06671,20.06229,False,3
417,6.14155,28.11595,False,3
418,35.07778,35.05529,False,3
419,33.1346,33.04835,False,3
420,33.07392,33.04714,False,3
421,33.13914,33.04843,False,3
422,30.06446,28.04949,False,3
423,6.06407,23.12726,False,3
425,5.1007,37.09331,False,3
426,6.0659,33.08482,False,3
427,6.07992,6.13886,False,3
428,33.09725,33.0751,False,3
429,33.0449,28.01895,False,3
1,6.04465,23.03346,False,4
3,4.07506,4.00052,False,4
5,6.02791,37.11749,False,4
6,5.13955,33.00816,False,4
7,4.00482,1.0,False,4
9,5.06086,5.12968,False,4
10,4.0078,4.12943,False,4
11,6.05566,1.0,False,4
13,6.07775,6.08088,False,4
17,6.02755,28.09387,False,4
18,6.06516,6.04702,False,4
19,1.0,33.00457,True,4
21,6.05045,18.0227,False,4
22,6.13489,6.13892,False,4
25,6.02065,19.06976,False,4
29,2.13692,5.12498,False,4
30,6.0495,6.14388,False,4
69,2.10696,24.10229,False,4
70,28.06564,23.04074,False,4
71,6.07816,6.06346,False,4
72,33.02768,33.00751,False,4
73,28.05711,28.05574,False,4
74,33.02106,37.03529,False,4
75,34.08416,33.14267,False,4
76,6.12108,28.08701,False,4
77,18.06097,6.10781,False,4
78,6.02784,23.01983,False,4
79,6.12595,6.112,False,4
82,6.05281,29.06092,False,4
83,3.13618,18.13253,False,4
84,33.02866,1.0,False,4
85,1.0,2.10255,True,4
86,1.0,29.04397,True,4
91,5.05295,5.10669,False,4
92,6.07912,28.07818,False,4
93,6.10914,23.14169,False,4
95,4.1336,5.14488,False,4
98,5.12391,30.01417,False,4
99,22.04327,34.10905,False,4
100,6.05637,35.024,False,4
101,3.05121,23.14451,False,4
103,6.14207,25.10245,False,4
104,6.02871,30.0968,False,4
106,3.14141,28.08469,False,4
107,4.0021,26.09879,False,4
109,6.11582,34.05378,False,4
110,6.0873,28.13682,False,4
111,3.13968,33.12252,False,4
112,3.00179,22.03814,False,4
113,5.07422,28.1359,False,4
114,2.10647,5.13857,False,4
115,6.00878,5.10234,False,4
116,3.08003,28.13112,False,4
117,4.07424,5.07255,False,4
118,2.01177,18.03629,False,4
120,2.06234,34.07562,False,4
121,3.0838,5.13247,False,4
122,2.06424,5.13797,False,4
123,2.08399,6.10729,False,4
124,2.01761,37.05285,False,4
125,35.01217,34.00252,False,4
126,35.01354,30.13233,False,4
127,6.08212,24.03263,False,4
128,4.11364,30.14521,False,4
129,6.1405,30.12134,False,4
130,35.14534,35.0816,False,4
131,4.02143,5.09188,False,4
133,3.11066,5.13608,False,4
134,4.04053,5.07734,False,4
135,2.12494,4.10509,False,4
136,4.09133,4.09383,False,4
137,4.0202,5.1411,False,4
139,5.1193,5.08362,False,4
140,4.03023,3.08743,False,4
141,6.12219,2.10797,False,4
142,3.11039,3.11871,False,4
143,1.03254,5.08252,False,4
144,4.03211,5.0941,False,4
145,30.12092,1.0,False,4
146,1.0,1.0,True,4
147,2.13391,1.0,False,4
148,1.0,1.0,True,4
149,1.0,18.05943,True,4
150,35.10156,1.0,False,4
151,1.0,1.0426,True,4
153,6.11341,6.11029,False,4
154,6.02745,23.11476,False,4
155,4.09442,5.14036,False,4
156,6.00316,5.12765,False,4
157,1.03031,5.13369,False,4
158,4.09246,18.00731,False,4
159,1.05052,23.00752,False,4
160,4.11911,23.02298,False,4
161,4.14266,18.02758,False,4
162,34.08061,29.09498,False,4
164,5.11913,37.01946,False,4
165,35.01348,6.06144,False,4
166,35.08727,30.04663,False,4
167,6.06651,5.05021,False,4
168,35.07043,1.0,False,4
169,35.07903,30.10405,False,4
173,6.0131,29.03055,False,4
175,3.11274,3.05437,False,4
176,5.05114,5.13775,False,4
177,6.10283,30.12634,False,4
178,34.00295,35.03025,False,4
179,6.14179,34.06261,False,4
180,28.11437,28.0932,False,4
181,33.08932,35.01077,False,4
182,6.14611,10.07261,False,4
183,6.13615,35.08677,False,4
184,6.12041,37.12672,False,4
185,6.13783,28.04527,False,4
186,6.05826,37.05647,False,4
188,1.13639,30.11586,False,4
189,34.12566,34.09067,False,4
190,6.14648,23.13145,False,4
191,6.12646,30.11074,False,4
192,6.02477,25.06584,False,4
193,36.01249,35.05474,False,4
194,6.1111,25.03432,False,4
195,6.13225,28.06146,False,4
197,1.02881,29.01604,False,4
198,6.00345,25.04236,False,4
199,6.13207,30.07159,False,4
200,6.13118,6.12886,False,4
201,6.05304,5.07551,False,4
202,37.05596,37.12099,False,4
203,30.0758,30.08352,False,4
204,4.00167,30.09961,False,4
206,2.0325,30.03359,False,4
207,6.08501,28.04267,False,4
208,5.02037,5.12439,False,4
209,28.03324,28.02574,False,4
210,28.06231,28.00786,False,4
211,33.11975,28.12532,False,4
212,4.12654,5.12383,False,4
213,5.14495,13.02802,False,4
216,6.11557,28.09349,False,4
217,6.11914,29.03316,False,4
218,6.11958,30.11365,False,4
219,6.13218,25.11492,False,4
222,5.11611,28.13201,False,4
225,33.14688,33.13522,False,4
226,6.08283,35.02778,False,4
227,34.10737,37.01238,False,4
229,33.11498,33.10655,False,4
230,33.03183,33.077,False,4
233,6.04879,30.12639,False,4
234,33.01179,30.10242,False,4
235,33.01246,30.12462,False,4
236,4.05662,4.08645,False,4
237,6.08715,5.05775,False,4
242,4.04163,24.14601,False,4
243,6.10543,6.042,False,4
251,34.06579,34.05223,False,4
252,6.09038,28.03406,False,4
253,4.09723,30.0903,False,4
254,1.07443,4.11159,False,4
255,3.1367,13.08736,False,4
256,2.00743,30.10796,False,4
257,4.10089,20.05636,False,4
258,5.05431,18.0777,False,4
259,33.04209,5.02044,False,4
260,5.06717,5.08922,False,4
262,1.00808,36.09423,False,4
263,4.0113,6.02152,False,4
264,6.14176,29.03295,False,4
265,5.05651,6.09234,False,4
270,33.02274,6.05752,False,4
271,6.01116,28.06959,False,4
272,6.04597,5.13795,False,4
273,6.05951,5.13464,False,4
274,6.05488,5.06866,False,4
275,33.06247,6.06934,False,4
280,3.12833,5.08766,False,4
289,5.12998,29.04269,False,4
290,6.12037,6.11593,False,4
291,6.13262,6.12808,False,4
292,5.12664,6.14002,False,4
293,15.0482,30.11366,False,4
294,10.012,6.06066,False,4
295,25.01981,36.12695,False,4
296,20.00997,4.0623,False,4
297,6.13927,35.07244,False,4
298,2.01987,33.10501,False,4
299,6.04015,34.0096,False,4
300,4.08723,33.13912,False,4
301,4.13804,33.1143,False,4
302,5.02667,35.03169,False,4
303,5.12447,33.03781,False,4
308,3.11623,31.00898,False,4
317,3.13706,22.11101,False,4
318,6.03153,36.11183,False,4
319,5.11126,30.13628,False,4
320,4.00579,27.03545,False,4
321,3.09872,34.08689,False,4
322,5.01607,18.14226,False,4
323,2.09767,17.02231,False,4
324,1.06753,23.00803,False,4
325,2.14691,25.01403,False,4
326,3.00294,28.1174,False,4
328,5.13597,25.03355,False,4
329,6.11375,31.01867,False,4
330,6.08619,30.04253,False,4
331,5.01949,20.06903,False,4
332,5.06796,30.05074,False,4
333,33.07181,30.07501,False,4
334,6.08875,6.11713,False,4
335,5.02594,30.0537,False,4
336,5.06469,30.05663,False,4
337,6.03271,25.04045,False,4
339,5.11891,28.09196,False,4
340,1.0,1.04811,True,4
341,1.0,25.06609,True,4
342,36.06482,5.13737,False,4
343,1.0,1.0,True,4
346,6.01697,27.05151,False,4
347,6.05895,33.06106,False,4
348,6.00826,27.04459,False,4
349,4.13598,25.12651,False,4
350,28.0735,29.14731,False,4
351,6.14418,25.02025,False,4
352,6.11151,34.03422,False,4
353,34.11247,37.03711,False,4
354,34.13537,34.08402,False,4
355,5.0242,23.06969,False,4
357,5.1173,29.10512,False,4
358,6.00438,28.03996,False,4
359,6.02885,32.10212,False,4
361,6.06289,25.05129,False,4
363,35.13134,35.10948,False,4
364,35.08241,35.06188,False,4
365,3.0036,23.03551,False,4
366,5.10025,5.091,False,4
367,35.02735,35.01103,False,4
370,6.07569,28.11526,False,4
371,6.14436,33.02221,False,4
372,6.14464,33.08939,False,4
373,6.02616,6.02244,False,4
374,1.1268799999999999,37.0069,False,4
375,5.07828,23.12838,False,4
376,6.12071,5.03333,False,4
377,6.00638,2.08978,False,4
378,33.03498,28.14694,False,4
379,28.13341,5.02045,False,4
380,34.04581,33.01663,False,4
381,6.05787,5.08868,False,4
383,5.00105,28.10292,False,4
384,6.08603,30.09604,False,4
385,3.089,25.13944,False,4
386,1.01721,27.12038,False,4
387,2.11175,34.0744,False,4
388,2.0433,5.1335,False,4
389,2.12509,7.07446,False,4
390,3.04418,27.03546,False,4
391,4.02707,23.11155,False,4
394,5.03881,30.11337,False,4
395,35.0975,2.04248,False,4
396,35.1316,3.1459,False,4
397,35.07999,4.10721,False,4
398,35.06373,33.08946,False,4
403,6.04919,19.07639,False,4
404,35.0254,34.04062,False,4
405,35.10855,5.05168,False,4
406,6.0395,4.07992,False,4
407,29.04661,28.0151,False,4
408,1.0,4.11099,True,4
412,10.01366,34.13119,False,4
413,15.13059,25.03288,False,4
414,10.08663,31.00905,False,4
415,30.06504,28.07253,False,4
416,33.03707,20.02425,False,4
417,6.12641,28.01934,False,4
418,35.07833,35.05402,False,4
419,33.08937,33.0753,False,4
420,33.02682,33.00779,False,4
421,33.12056,33.05649,False,4
422,28.10801,30.08842,False,4
423,6.09777,23.13864,False,4
425,6.0377,5.146,False,4
426,6.05713,33.12962,False,4
427,6.04866,6.13915,False,4
428,33.09348,33.05373,False,4
429,33.08975,28.09612,False,4
1,6.10205,23.07075,False,5
3,4.02507,4.11525,False,5
5,6.02651,37.04917,False,5
6,5.14222,33.00175,False,5
7,4.01456,1.0,False,5
9,5.03517,5.10304,False,5
10,5.01469,4.08764,False,5
11,6.00772,1.0,False,5
13,6.11454,6.09439,False,5
17,6.01958,28.09797,False,5
18,6.03104,6.02763,False,5
19,1.0,33.05768,True,5
21,6.07751,29.02821,False,5
22,6.1347,6.1047,False,5
25,6.01912,19.12204,False,5
29,3.00253,5.09545,False,5
30,6.04269,6.1108,False,5
69,2.06524,24.06146,False,5
70,28.07305,23.14138,False,5
71,6.04578,28.08091,False,5
72,33.01675,33.00967,False,5
73,28.04503,28.14389,False,5
74,33.03058,33.0257,False,5
75,34.05567,33.13109,False,5
76,6.12115,28.00821,False,5
77,18.07793,6.12051,False,5
78,6.02794,23.02967,False,5
79,6.12028,6.11718,False,5
82,3.14413,29.11041,False,5
83,3.13733,18.0311,False,5
84,33.14434,1.0,False,5
85,2.10875,1.0,False,5
86,1.0,29.01114,True,5
91,5.07872,5.12985,False,5
92,6.09779,28.03406,False,5
93,6.12608,23.05947,False,5
95,4.03308,5.08127,False,5
98,5.0696,30.01904,False,5
99,22.00955,34.11747,False,5
100,6.12022,35.00101,False,5
101,5.05918,23.13765,False,5
103,6.11393,25.06141,False,5
104,6.11141,30.14307,False,5
106,3.02783,28.10928,False,5
107,4.08312,26.13001,False,5
109,6.08497,34.02761,False,5
110,6.07347,28.07274,False,5
111,5.07469,33.00852,False,5
112,4.05613,22.10031,False,5
113,5.041,28.05399,False,5
114,2.05653,5.12976,False,5
115,6.03138,5.10082,False,5
116,3.00793,28.10219,False,5
117,4.14043,5.06167,False,5
118,2.10681,18.00366,False,5
120,2.06357,34.10068,False,5
121,3.04714,5.08488,False,5
122,1.12941,5.13849,False,5
123,2.08538,6.13341,False,5
124,2.0653,37.09499,False,5
125,35.01987,34.03669,False,5
126,35.02188,30.10983,False,5
127,6.08505,24.00814,False,5
128,4.10586,30.01393,False,5
129,6.10535,30.04197,False,5
130,35.13746,35.05856,False,5
131,4.1162,5.11626,False,5
133,3.12447,5.12596,False,5
134,4.02807,5.11569,False,5
135,6.03271,4.13504,False,5
136,4.00538,4.01031,False,5
137,1.0,5.00871,True,5
139,5.04994,5.09116,False,5
140,4.0293,3.12449,False,5
141,6.05138,2.14489,False,5
142,3.12988,3.13403,False,5
143,1.04675,5.09114,False,5
144,4.04617,5.14414,False,5
145,30.12568,1.0,False,5
146,1.0,1.0,True,5
147,2.1414,1.0,False,5
148,1.0,1.0,True,5
149,1.0,18.01924,True,5
150,35.09698,1.0,False,5
151,1.0,1.00533,True,5
153,6.10076,6.09174,False,5
154,6.01666,28.06422,False,5
155,4.08036,5.13483,False,5
156,6.0026,5.09939,False,5
157,1.08549,5.13334,False,5
158,4.10003,18.03191,False,5
159,3.1183899999999998,23.06359,False,5
160,4.12015,23.02169,False,5
161,4.05597,18.01741,False,5
162,34.08755,29.09287,False,5
164,5.06993,37.03596,False,5
165,35.11334,6.08734,False,5
166,35.07901,30.10463,False,5
167,6.12326,5.01111,False,5
168,35.10514,1.0,False,5
169,35.06829,30.01211,False,5
173,6.00512,28.01453,False,5
175,3.11659,3.11468,False,5
176,5.08219,5.10655,False,5
177,6.12153,30.08364,False,5
178,34.00595,35.02993,False,5
179,6.13333,34.00524,False,5
180,28.14314,28.14069,False,5
181,33.09075,35.01321,False,5
182,6.1401,10.09039,False,5
183,6.1083,35.13199,False,5
184,6.13475,37.00711,False,5
185,6.12357,28.01125,False,5
186,6.06334,37.13766,False,5
188,1.01258,30.02966,False,5
189,34.07732,34.06583,False,5
190,6.11794,23.0416,False,5
191,6.11309,30.10032,False,5
192,6.08444,25.13999,False,5
193,36.01288,35.08282,False,5
194,6.11692,25.03742,False,5
195,6.08779,28.13637,False,5
197,1.02889,30.0786,False,5
198,6.02474,25.07053,False,5
199,23.13053,30.08662,False,5
200,6.12034,6.07713,False,5
201,6.04291,5.14388,False,5
202,37.08314,37.0753,False,5
203,6.14628,30.1468,False,5
204,4.02788,30.10965,False,5
206,2.12337,30.09088,False,5
207,6.08961,28.05991,False,5
208,5.00266,5.13119,False,5
209,28.07754,28.13104,False,5
210,28.00146,28.14057,False,5
211,33.03166,28.12403,False,5
212,5.01859,4.13223,False,5
213,5.09356,13.02073,False,5
216,6.08413,28.12182,False,5
217,6.13651,29.06586,False,5
218,6.08833,30.13393,False,5
219,6.12837,25.12401,False,5
222,5.13671,28.04996,False,5
225,33.12302,33.09541,False,5
226,6.0735,35.00765,False,5
227,34.09932,37.04952,False,5
229,33.06173,33.09702,False,5
230,33.04654,33.05852,False,5
233,6.02445,30.08308,False,5
234,33.0055,30.06773,False,5
235,33.00162,30.01889,False,5
236,4.1423,4.03613,False,5
237,6.02538,5.02299,False,5
242,4.10964,24.04093,False,5
243,6.13786,6.03584,False,5
251,34.14153,34.11397,False,5
252,6.12895,28.08117,False,5
253,4.08866,30.05014,False,5
254,1.04415,4.09012,False,5
255,3.09973,13.02065,False,5
256,2.14048,30.13554,False,5
257,4.04017,20.13468,False,5
258,5.00576,18.09731,False,5
259,33.1116,5.08136,False,5
260,5.14516,5.11768,False,5
262,1.03991,36.04152,False,5
263,3.02718,6.01045,False,5
264,6.11975,29.08301,False,5
265,5.14577,6.02075,False,5
270,33.01688,6.12068,False,5
271,6.12557,28.12883,False,5
272,6.09055,5.07083,False,5
273,6.02381,5.08434,False,5
274,6.05608,5.12699,False,5
275,33.00598,6.00371,False,5
280,3.02449,5.01339,False,5
289,5.13855,29.1087,False,5
290,6.10625,6.10518,False,5
291,6.144,6.1373,False,5
292,5.11541,6.02308,False,5
293,20.0957,30.12749,False,5
294,10.00622,15.1105,False,5
295,25.10125,36.04414,False,5
296,20.04724,4.07909,False,5
297,6.02007,35.04677,False,5
298,2.10591,33.11948,False,5
299,6.03043,34.01502,False,5
300,4.11492,33.11987,False,5
301,4.1339,33.08031,False,5
302,5.10948,35.10728,False,5
303,33.08291,33.09999,False,5
308,5.05336,31.12114,False,5
317,3.01474,22.04627,False,5
318,6.03885,36.04545,False,5
319,5.13894,30.08705,False,5
320,4.0424,27.07373,False,5
321,3.02394,34.13619,False,5
322,5.08195,18.00532,False,5
323,2.09085,17.02454,False,5
324,1.07707,23.14035,False,5
325,2.14743,25.01154,False,5
326,4.00319,18.11036,False,5
328,5.12702,25.09589,False,5
329,20.07758,31.07487,False,5
330,6.07014,30.01484,False,5
331,5.01025,20.00012,False,5
332,6.10645,20.11048,False,5
333,33.07458,30.08391,False,5
334,6.11076,6.07564,False,5
335,5.02883,30.10919,False,5
336,5.13124,30.14558,False,5
337,6.04735,25.12924,False,5
339,5.04875,28.00239,False,5
340,1.0,1.11954,True,5
341,1.0,25.09445,True,5
342,36.10266,5.08727,False,5
343,1.0,1.0,True,5
346,6.08169,27.02579,False,5
347,6.08638,33.12524,False,5
348,6.02707,27.00359,False,5
349,2.12378,25.13034,False,5
350,6.12189,29.02785,False,5
351,6.1242,25.11031,False,5
352,6.13242,34.01528,False,5
353,34.08561,37.12464,False,5
354,34.0936,34.08199,False,5
355,5.0458,23.1241,False,5
357,5.10503,29.07641,False,5
358,6.02424,28.03049,False,5
359,6.03614,32.03417,False,5
361,6.07601,25.12828,False,5
363,35.09657,35.08372,False,5
364,35.10226,35.03167,False,5
365,3.08663,23.14506,False,5
366,5.13414,5.06155,False,5
367,35.03601,35.02043,False,5
370,6.07928,28.091,False,5
371,6.14021,33.05258,False,5
372,6.14321,33.03947,False,5
373,6.01476,6.02727,False,5
374,1.09928,37.11667,False,5
375,5.10636,23.07089,False,5
376,6.08353,5.00948,False,5
377,2.05728,1.0,False,5
378,33.06666,28.05334,False,5
379,28.02992,5.1155,False,5
380,34.0174,33.08891,False,5
381,6.06224,5.06887,False,5
383,5.04919,28.10279,False,5
384,6.09377,30.05865,False,5
385,2.03985,25.13906,False,5
386,1.08029,27.01082,False,5
387,2.02062,34.051,False,5
388,2.13374,5.03466,False,5
389,2.05646,7.03505,False,5
390,3.10926,27.00063,False,5
391,5.03894,23.14144,False,5
394,5.07592,30.04676,False,5
395,35.03165,2.10977,False,5
396,35.06048,3.00523,False,5
397,35.03792,4.14435,False,5
398,35.10373,33.089,False,5
403,6.09609,19.0216,False,5
404,35.13514,34.0056,False,5
405,35.01247,5.14358,False,5
406,4.07782,1.0,False,5
407,29.08077,28.09066,False,5
408,1.0,4.01072,True,5
412,10.05794,34.13875,False,5
413,20.02068,25.10766,False,5
414,10.13585,31.13044,False,5
415,30.09388,28.12845,False,5
416,33.0914,20.05872,False,5
417,6.11283,28.12866,False,5
418,35.05091,35.04723,False,5
419,33.08608,33.02561,False,5
420,33.09516,33.09189,False,5
421,33.12589,33.11019,False,5
422,28.01576,30.14542,False,5
423,6.06338,23.1042,False,5
425,5.04748,37.07931,False,5
426,6.05282,33.05338,False,5
427,6.09143,24.06529,False,5
428,33.1197,33.14355,False,5
429,33.01167,28.00264,False,5
1,6.05382,23.0678,False,6
3,4.03746,4.09307,False,6
5,6.00702,37.00697,False,6
6,5.07945,33.02088,False,6
7,4.03497,1.0,False,6
9,5.03492,5.13554,False,6
10,4.08659,4.12325,False,6
11,6.00908,1.0,False,6
13,6.11601,6.14376,False,6
17,6.01374,28.08126,False,6
18,6.07594,6.07478,False,6
19,1.0,33.12622,True,6
21,6.07372,18.03742,False,6
22,6.1382200000000005,6.1442499999999995,False,6
25,6.04063,19.00508,False,6
29,2.01612,5.13596,False,6
30,6.06952,6.13489,False,6
69,2.07189,24.1268,False,6
70,28.08793,23.12167,False,6
71,6.0723,6.07063,False,6
72,33.08243,33.01518,False,6
73,28.05422,28.03078,False,6
74,33.07706,33.07205,False,6
75,34.14531,33.13768,False,6
76,6.12314,28.04558,False,6
77,18.06724,6.14165,False,6
78,6.04545,23.120730000000002,False,6
79,6.05043,6.04756,False,6
82,6.03857,29.02125,False,6
83,3.11179,18.14289,False,6
84,33.13224,1.0,False,6
85,1.0,2.08527,True,6
86,1.0,29.07001,True,6
91,5.10372,5.13724,False,6
92,6.09423,6.0912,False,6
93,6.11084,23.08933,False,6
95,3.04485,5.1058,False,6
98,5.10393,30.10905,False,6
99,22.02385,34.07059,False,6
100,6.11061,35.02723,False,6
101,5.1448,23.12753,False,6
103,6.10631,25.0881,False,6
104,6.0213,30.03502,False,6
106,3.03615,28.03518,False,6
107,4.06157,26.11109,False,6
109,6.10828,34.02937,False,6
110,6.08061,28.02615,False,6
111,3.03858,33.03657,False,6
112,3.02496,22.13159,False,6
113,5.10482,28.12244,False,6
114,2.10782,5.07161,False,6
115,6.0299,5.13221,False,6
116,3.03623,28.1287,False,6
117,4.11512,5.13029,False,6
118,2.10618,18.09724,False,6
120,2.00137,34.09383,False,6
121,3.1205,5.08354,False,6
122,1.04687,5.14616,False,6
123,2.00941,6.038,False,6
124,2.11125,37.12485,False,6
125,35.01521,34.10417,False,6
126,35.05936,30.0292,False,6
127,6.07099,24.04287,False,6
128,6.03818,30.09545,False,6
129,6.06606,30.06881,False,6
130,35.14037,35.116,False,6
131,4.03599,5.13893,False,6
133,3.13578,5.11932,False,6
134,4.02612,4.01409,False,6
135,6.0408,4.12412,False,6
136,4.08034,4.08373,False,6
137,4.1388,5.12852,False,6
139,5.11633,5.09039,False,6
140,4.11078,3.11528,False,6
141,6.08133,2.08176,False,6
142,3.00518,3.13566,False,6
143,1.01067,5.0253,False,6
144,4.12854,5.12216,False,6
145,30.11777,1.0,False,6
146,1.0,1.0,True,6
147,2.09754,1.0,False,6
148,1.0,1.0,True,6
149,1.0,18.05236,True,6
150,35.00254,1.0,False,6
151,1.0,1.09167,True,6
153,6.13922,6.13859,False,6
154,6.0688,28.1466,False,6
155,4.05901,37.09136,False,6
156,5.02437,28.13274,False,6
157,1.0208,5.02563,False,6
158,4.10448,18.02715,False,6
159,3.11899,23.03297,False,6
160,4.03684,23.10324,False,6
161,4.10702,18.0666,False,6
162,34.06885,29.10633,False,6
164,5.03329,37.10405,False,6
165,35.11814,6.06612,False,6
166,35.13676,30.12589,False,6
167,6.02952,5.1102,False,6
168,35.13743,1.0,False,6
169,35.03356,30.09038,False,6
173,6.03316,28.09916,False,6
175,3.12354,3.11325,False,6
176,5.0104,5.03036,False,6
177,6.04002,30.10224,False,6
178,34.0103,35.00643,False,6
179,6.13925,34.03561,False,6
180,28.09443,28.01325,False,6
181,33.07679,35.02112,False,6
182,6.14719,25.13506,False,6
183,6.09901,35.02713,False,6
184,6.12001,37.03389,False,6
185,6.14263,28.14381,False,6
186,6.03744,37.06339,False,6
188,1.11432,30.07738,False,6
189,34.10544,34.05987,False,6
190,6.14014,23.05746,False,6
191,6.01614,30.10124,False,6
192,6.09199,25.09401,False,6
193,36.12376,35.06698,False,6
194,6.13843,25.10182,False,6
195,6.12788,28.03681,False,6
197,2.07364,29.12619,False,6
198,6.058,25.03903,False,6
199,6.12801,30.05902,False,6
200,6.12853,6.08491,False,6
201,6.09787,5.09841,False,6
202,37.05431,37.03882,False,6
203,30.11217,30.09933,False,6
204,4.11834,30.06987,False,6
206,2.07385,30.07929,False,6
207,6.09042,28.05419,False,6
208,5.08434,5.13019,False,6
209,28.12189,28.11202,False,6
210,28.12762,28.13183,False,6
211,33.00907,28.08137,False,6
212,5.03811,4.13401,False,6
213,5.12909,13.05863,False,6
216,6.09084,28.13606,False,6
217,6.13984,29.06104,False,6
218,6.10181,30.13375,False,6
219,6.14643,25.07625,False,6
222,5.11891,28.14312,False,6
225,33.14127,33.09935,False,6
226,6.09389,35.14205,False,6
227,34.05184,37.03734,False,6
229,33.07014,33.12241,False,6
230,33.02769,33.05698,False,6
233,6.07637,30.09809,False,6
234,33.04289,30.05907,False,6
235,33.00231,30.1459,False,6
236,4.06697,4.07118,False,6
237,6.06035,5.12722,False,6
242,4.03285,24.14613,False,6
243,6.07868,6.00207,False,6
251,34.10977,34.09671,False,6
252,6.13783,28.03583,False,6
253,4.01126,30.0709,False,6
254,1.12945,4.07837,False,6
255,3.10797,13.08142,False,6
256,2.02711,30.10893,False,6
257,4.08821,20.04279,False,6
258,5.06172,18.06039,False,6
259,33.03115,5.14121,False,6
260,5.11892,5.04786,False,6
262,1.00608,36.06428,False,6
263,3.02895,6.05801,False,6
264,6.11394,29.13277,False,6
265,5.11014,6.06091,False,6
270,33.01558,6.04296,False,6
271,6.13722,28.09551,False,6
272,6.04495,5.03571,False,6
273,6.07872,5.14221,False,6
274,6.00308,5.11055,False,6
275,33.05333,6.07723,False,6
280,3.01014,5.09421,False,6
289,5.14157,29.13798,False,6
290,6.11287,6.13831,False,6
291,6.14492,6.12139,False,6
292,5.13547,6.09907,False,6
293,15.01004,31.13653,False,6
294,10.07878,6.09655,False,6
295,25.09369,36.1349,False,6
296,20.12594,4.13094,False,6
297,6.00862,35.09402,False,6
298,2.09826,33.14237,False,6
299,6.05889,34.10135,False,6
300,4.06538,33.04745,False,6
301,4.0739,33.01554,False,6
302,6.02991,35.04288,False,6
303,5.03861,33.12031,False,6
308,5.08334,31.11711,False,6
317,1.03535,22.10041,False,6
318,6.00353,36.05752,False,6
319,5.10936,30.04616,False,6
320,4.10598,27.05293,False,6
321,4.07052,34.00181,False,6
322,5.12624,18.02517,False,6
323,3.00761,17.03579,False,6
324,2.04136,23.04197,False,6
325,2.01777,25.03991,False,6
326,3.07535,18.05391,False,6
328,5.13135,25.02779,False,6
329,6.11568,31.0931,False,6
330,6.09416,30.14258,False,6
331,5.07025,20.08824,False,6
332,6.13936,20.14213,False,6
333,33.00162,30.07315,False,6
334,6.08203,6.10993,False,6
335,5.12593,30.03224,False,6
336,5.10683,30.14698,False,6
337,6.03632,25.14743,False,6
339,5.07056,28.06582,False,6
340,1.0,1.09813,True,6
341,1.0,25.08031,True,6
342,36.11023,5.02917,False,6
343,1.0,1.0,True,6
346,6.03519,27.01354,False,6
347,6.08048,33.07774,False,6
348,6.01575,27.04293,False,6
349,2.11826,25.14714,False,6
350,6.12131,29.04601,False,6
351,6.14545,25.01783,False,6
352,6.09977,34.05522,False,6
353,34.05665,37.09794,False,6
354,34.09749,34.07304,False,6
355,5.01604,23.07933,False,6
357,5.10118,29.14172,False,6
358,6.02017,28.00864,False,6
359,6.00999,32.0239,False,6
361,6.0750399999999996,25.12343,False,6
363,35.11724,35.10973,False,6
364,35.10304,35.07053,False,6
365,3.11359,23.12596,False,6
366,5.12944,5.11191,False,6
367,35.04486,35.0185,False,6
370,6.06489,28.13045,False,6
371,6.1418,33.1094,False,6
372,6.14123,33.08493,False,6
373,6.05504,6.08986,False,6
374,1.07523,37.06567,False,6
375,5.03127,23.02692,False,6
376,6.10475,5.13726,False,6
377,6.14573,2.04126,False,6
378,33.13068,28.12424,False,6
379,28.09104,5.14262,False,6
380,34.06162,33.05453,False,6
381,6.12658,5.13071,False,6
383,5.05832,29.06853,False,6
384,6.09138,28.11853,False,6
385,2.0117,25.14403,False,6
386,1.14639,27.09164,False,6
387,1.14059,34.08768,False,6
388,3.13316,5.04618,False,6
389,2.03102,7.0999,False,6
390,3.01825,27.14549,False,6
391,4.08234,23.04075,False,6
394,5.00612,30.12957,False,6
395,35.01841,2.14647,False,6
396,35.0357,3.06473,False,6
397,35.08572,4.05468,False,6
398,35.09047,33.10616,False,6
403,6.07038,19.1164,False,6
404,35.13521,34.14539,False,6
405,35.00007,5.12735,False,6
406,4.03664,1.0,False,6
407,29.1222,28.14054,False,6
408,1.0,4.09721,True,6
412,10.07653,34.14005,False,6
413,20.02513,25.09209,False,6
414,10.08189,31.10685,False,6
415,30.05138,28.0923,False,6
416,33.04226,20.02771,False,6
417,6.14126,23.03671,False,6
418,35.09311,35.08758,False,6
419,33.11967,33.00661,False,6
420,33.09676,33.04896,False,6
421,33.12827,33.11916,False,6
422,30.11675,28.07467,False,6
423,6.10668,23.11425,False,6
425,6.01713,37.06977,False,6
426,6.05514,33.11468,False,6
427,6.08308,6.1382,False,6
428,33.07224,33.13725,False,6
429,33.02006,28.08405,False,6
1,6.04887,23.07402,False,7
3,4.06069,4.05316,False,7
5,6.01317,37.09541,False,7
6,5.05274,33.04955,False,7
7,4.00012,1.0,False,7
9,5.00959,5.14702,False,7
10,4.10923,4.122,False,7
11,6.08612,1.0,False,7
13,6.0778,6.0568,False,7
17,6.01576,28.12197,False,7
18,6.03219,6.04011,False,7
19,1.0,33.09007,True,7
21,6.0527,18.03953,False,7
22,6.11348,6.14211,False,7
25,6.01735,19.02531,False,7
29,2.02194,5.13146,False,7
30,6.05852,6.12963,False,7
69,2.04227,24.10331,False,7
70,28.05517,23.03208,False,7
71,6.08247,28.07575,False,7
72,33.07816,33.04346,False,7
73,28.05204,28.09903,False,7
74,33.07282,33.05289,False,7
75,34.01111,33.13545,False,7
76,6.09321,28.12441,False,7
77,18.07091,6.13567,False,7
78,6.03794,29.05624,False,7
79,6.10945,6.10451,False,7
82,6.05219,29.023,False,7
83,3.03839,18.03554,False,7
84,33.10423,1.0,False,7
85,2.00474,1.0,False,7
86,1.0,29.01595,True,7
91,5.07361,5.13752,False,7
92,6.06893,6.06795,False,7
93,6.11651,23.10842,False,7
95,4.01412,5.13059,False,7
98,5.11891,30.13279,False,7
99,22.02513,34.12877,False,7
100,6.10837,35.01593,False,7
101,3.00124,23.10789,False,7
103,6.13943,25.04153,False,7
104,6.08073,30.0466,False,7
106,3.00471,28.01682,False,7
107,4.03961,26.09834,False,7
109,6.09994,34.09447,False,7
110,6.07109,28.03984,False,7
111,3.11423,33.10433,False,7
112,4.05854,22.08064,False,7
113,5.03454,28.13201,False,7
114,2.05555,5.13434,False,7
115,6.06006,5.13851,False,7
116,3.09258,28.09201,False,7
117,4.06933,5.13729,False,7
118,2.14158,18.03114,False,7
120,2.02988,34.05419,False,7
121,3.02843,5.10381,False,7
122,1.1263,5.14531,False,7
123,2.02862,6.09428,False,7
124,4.07691,37.10347,False,7
125,35.01679,34.1007,False,7
126,35.11376,30.0402,False,7
127,6.06957,24.01583,False,7
128,6.01074,30.03174,False,7
129,6.02156,30.06594,False,7
130,35.1264,35.07917,False,7
131,4.02053,5.1196,False,7
133,3.02333,5.14562,False,7
134,4.0007,5.01724,False,7
135,6.05254,4.13195,False,7
136,4.09751,4.07944,False,7
137,4.00857,5.02636,False,7
139,5.09538,5.08962,False,7
140,4.09309,3.14453,False,7
141,6.12333,2.04739,False,7
142,3.06308,3.04389,False,7
143,1.01598,5.04081,False,7
144,31.07629,31.06418,False,7
145,1.0,30.02543,True,7
146,1.0,1.0,True,7
147,2.1299,1.0,False,7
148,1.0,1.0,True,7
149,1.0,18.04367,True,7
150,35.14254,1.0,False,7
151,1.0,1.02399,True,7
153,6.12807,6.12266,False,7
154,6.03256,23.08253,False,7
155,4.11181,23.06118,False,7
156,6.01848,5.09509,False,7
157,1.12601,5.03221,False,7
158,4.00003,18.03489,False,7
159,1.10068,23.10631,False,7
160,4.07949,23.10543,False,7
161,4.14238,18.03042,False,7
162,34.08138,29.10168,False,7
164,5.09462,37.0138,False,7
165,35.11427,6.09487,False,7
166,35.01301,30.11698,False,7
167,6.13228,5.03381,False,7
168,35.0397,1.0,False,7
169,35.07743,30.02761,False,7
173,6.01731,29.12494,False,7
175,3.11046,3.06997,False,7
176,5.00053,5.14174,False,7
177,6.08436,30.06162,False,7
178,34.00593,35.0381,False,7
179,6.12788,34.09923,False,7
180,28.14617,28.13971,False,7
181,33.12656,35.01969,False,7
182,6.1376,25.11535,False,7
183,6.05057,35.11132,False,7
184,6.03281,37.04553,False,7
185,6.14698,28.1253,False,7
186,6.08879,37.00849,False,7
188,1.01971,30.13839,False,7
189,34.13375,34.10266,False,7
190,6.13287,23.05081,False,7
191,6.06596,30.14111,False,7
192,6.02634,25.05792,False,7
193,36.11673,35.13916,False,7
194,6.05005,25.08299,False,7
195,6.0214,28.03057,False,7
197,2.05055,29.1173,False,7
198,6.02931,25.10418,False,7
199,6.02605,30.03319,False,7
200,6.13559,6.13093,False,7
201,6.1460799999999995,5.14545,False,7
202,37.03089,37.02654,False,7
203,30.03414,30.08595,False,7
204,6.03772,30.12195,False,7
206,2.09148,30.06104,False,7
207,6.13431,28.01764,False,7
208,5.06911,5.10135,False,7
209,28.02597,28.11432,False,7
210,28.07885,28.05742,False,7
211,33.03329,28.03684,False,7
212,5.02348,4.14122,False,7
213,5.12354,13.08577,False,7
216,6.10667,28.13993,False,7
217,6.14436,29.00441,False,7
218,6.06412,30.08944,False,7
219,6.13459,25.05631,False,7
222,5.0714,28.04193,False,7
225,33.13385,33.12404,False,7
226,6.09964,35.14513,False,7
227,34.07567,37.11365,False,7
229,33.07169,33.10021,False,7
230,33.03897,33.0676,False,7
233,6.02741,30.11851,False,7
234,33.04068,30.06332,False,7
235,33.0079,30.02856,False,7
236,4.12434,4.07489,False,7
237,6.03417,5.0812,False,7
242,4.04096,24.05008,False,7
243,6.02848,6.00917,False,7
251,34.10812,34.07345,False,7
252,6.10855,28.07661,False,7
253,4.0747,30.06722,False,7
254,1.00742,4.09884,False,7
255,3.11447,13.13487,False,7
256,2.14198,30.04438,False,7
257,4.11895,20.07907,False,7
258,5.00922,18.01794,False,7
259,33.08392,5.13734,False,7
260,5.00685,5.03528,False,7
262,1.04297,36.02691,False,7
263,3.12837,6.02177,False,7
264,6.07074,29.115,False,7
265,5.10715,6.02474,False,7
270,33.04912,6.07939,False,7
271,6.14652,28.0144,False,7
272,6.06119,5.12326,False,7
273,6.0196,5.1385,False,7
274,6.09585,5.11422,False,7
275,33.0072,6.06715,False,7
280,3.13428,5.0804,False,7
289,5.13226,28.03086,False,7
290,6.09846,6.11077,False,7
291,6.14694,6.14674,False,7
292,5.07444,6.0756499999999996,False,7
293,15.02694,30.12308,False,7
294,10.01936,6.11782,False,7
295,25.04025,36.11139,False,7
296,20.11036,4.08283,False,7
297,6.05548,35.07238,False,7
298,2.14272,33.08361,False,7
299,6.05214,34.0418,False,7
300,6.05045,33.10555,False,7
301,4.09525,33.11911,False,7
302,5.08935,35.14229,False,7
303,33.0195,33.14166,False,7
308,5.01747,31.07272,False,7
317,3.13043,22.10515,False,7
318,4.11267,36.00396,False,7
319,5.08393,30.09696,False,7
320,4.13443,27.07985,False,7
321,3.13252,34.03361,False,7
322,5.10753,18.04545,False,7
323,2.03819,17.08527,False,7
324,1.05091,23.14454,False,7
325,2.03481,25.08336,False,7
326,4.09743,18.0012,False,7
328,5.1312,25.02524,False,7
329,6.14709,31.14326,False,7
330,6.05056,30.10769,False,7
331,5.01557,20.01953,False,7
332,6.12572,20.09103,False,7
333,33.06797,30.14407,False,7
334,6.08258,6.12196,False,7
335,5.05924,30.03818,False,7
336,5.07991,30.08383,False,7
337,6.08519,25.09178,False,7
339,6.14214,28.07338,False,7
340,1.0,1.05222,True,7
341,1.0,25.04664,True,7
342,36.10302,5.04076,False,7
343,1.0,1.0,True,7
346,6.03602,27.12423,False,7
347,6.1163,33.07139,False,7
348,6.04215,27.12583,False,7
349,4.10296,25.04803,False,7
350,6.10685,29.07913,False,7
351,6.14027,25.08677,False,7
352,6.11026,34.01877,False,7
353,34.06389,37.11131,False,7
354,34.07758,34.00567,False,7
355,4.12231,23.07713,False,7
357,5.09794,29.0249,False,7
358,6.0229,28.13661,False,7
359,6.02561,32.11108,False,7
361,6.07293,30.11705,False,7
363,35.07164,35.03286,False,7
364,35.10518,35.10405,False,7
365,3.11577,23.08219,False,7
366,5.12041,5.10808,False,7
367,35.0348,35.03369,False,7
370,6.06581,28.1423,False,7
371,6.1468,33.02565,False,7
372,6.14739,33.13457,False,7
373,6.03247,6.08312,False,7
374,1.01229,37.11312,False,7
375,5.04886,4.04442,False,7
376,6.03304,5.0949,False,7
377,6.09773,2.05734,False,7
378,33.10953,28.13193,False,7
379,28.0054,5.07701,False,7
380,34.04375,33.04055,False,7
381,6.07065,5.12842,False,7
383,5.02359,30.00029,False,7
384,6.07205,30.02928,False,7
385,2.00924,25.14397,False,7
386,4.00993,27.14297,False,7
387,1.07258,34.0407,False,7
388,2.10284,5.0282,False,7
389,2.02839,7.11572,False,7
390,3.0064,27.10721,False,7
391,2.10328,23.02631,False,7
394,5.02226,30.01835,False,7
395,35.09061,2.11725,False,7
396,35.03336,3.13532,False,7
397,35.09688,4.00644,False,7
398,35.05931,33.01467,False,7
403,6.06276,19.10626,False,7
404,35.01718,34.04452,False,7
405,35.11813,5.07588,False,7
406,6.1057,4.08927,False,7
407,29.031,28.00443,False,7
408,1.0,4.02827,True,7
412,10.0612,34.13653,False,7
413,20.02996,25.078,False,7
414,10.01265,31.11677,False,7
415,30.06762,28.07525,False,7
416,33.00732,20.04308,False,7
417,6.12331,28.05438,False,7
418,35.09957,35.04734,False,7
419,33.07244,33.06861,False,7
420,33.0737,33.00847,False,7
421,33.09633,33.07087,False,7
422,6.12653,30.04929,False,7
423,6.06583,23.02912,False,7
425,6.08721,37.03921,False,7
426,6.05407,33.08478,False,7
427,6.0855,6.13547,False,7
428,33.0968,33.12488,False,7
429,33.00781,28.07476,False,7
1,6.06417,23.12502,False,8
3,4.10947,4.04204,False,8
5,6.0129,37.14301,False,8
6,5.14123,33.00175,False,8
7,4.03739,1.0,False,8
9,5.00505,5.07278,False,8
10,4.06514,4.12373,False,8
11,6.00527,1.0,False,8
13,6.11741,6.07592,False,8
17,6.02578,28.12417,False,8
18,6.01516,6.00583,False,8
19,1.0,33.10855,True,8
21,6.07917,29.05238,False,8
22,6.13989,6.13764,False,8
25,6.00101,19.00945,False,8
29,4.03788,5.14671,False,8
30,6.09649,6.13262,False,8
69,2.02751,24.1464,False,8
70,28.02009,23.03292,False,8
71,6.10824,6.10172,False,8
72,33.00379,33.00294,False,8
73,28.13521,28.09777,False,8
74,33.07709,33.02139,False,8
75,34.0043,33.12456,False,8
76,6.13713,28.00536,False,8
77,18.11071,6.14203,False,8
78,6.02862,23.07781,False,8
79,6.09142,6.08195,False,8
82,3.14686,29.06935,False,8
83,3.06226,18.13927,False,8
84,33.0086,1.0,False,8
85,1.0,2.00006,True,8
86,1.0,29.13009,True,8
91,5.10004,5.13658,False,8
92,6.06699,6.05638,False,8
93,6.10609,23.03656,False,8
95,4.08765,5.09674,False,8
98,5.04696,30.06879,False,8
99,22.09803,34.1102,False,8
100,6.06184,35.05194,False,8
101,5.02892,23.10112,False,8
103,6.12789,25.09126,False,8
104,6.05393,30.07178,False,8
106,3.00108,28.11285,False,8
107,4.05296,26.07964,False,8
109,6.0844,34.02583,False,8
110,6.11177,28.12525,False,8
111,3.03029,33.12431,False,8
112,4.02463,22.00912,False,8
113,5.034,28.09307,False,8
114,2.08243,5.14095,False,8
115,6.04332,5.13436,False,8
116,3.08824,28.1369,False,8
117,4.08698,5.11127,False,8
118,2.08437,18.02669,False,8
120,2.00812,34.13758,False,8
121,4.01656,5.03837,False,8
122,2.00359,5.14003,False,8
123,2.05383,6.13408,False,8
124,2.05535,37.07385,False,8
125,35.06805,34.11896,False,8
126,35.00999,30.08659,False,8
127,6.04848,24.03769,False,8
128,6.01943,30.07208,False,8
129,6.11567,30.0612,False,8
130,35.09684,35.09189,False,8
131,4.0687,5.12027,False,8
133,3.0956,5.04614,False,8
134,4.08049,5.11973,False,8
135,2.0508,4.03312,False,8
136,4.06334,4.12237,False,8
137,4.13567,5.13061,False,8
139,5.12551,5.03726,False,8
140,4.05884,3.10674,False,8
141,6.04573,2.09895,False,8
142,3.14313,3.02529,False,8
143,1.01292,5.09502,False,8
144,4.05968,5.08149,False,8
145,30.09765,1.0,False,8
146,1.0,1.0,True,8
147,2.04529,1.0,False,8
148,1.0,1.0,True,8
149,1.0,18.04554,True,8
150,35.06618,1.0,False,8
151,1.0,1.02542,True,8
153,6.12702,6.12312,False,8
154,6.02133,28.14135,False,8
155,4.06304,23.00534,False,8
156,5.13326,28.00969,False,8
157,1.01067,5.14084,False,8
158,4.08676,18.08173,False,8
159,1.11883,23.10648,False,8
160,4.13095,23.03782,False,8
161,4.03497,18.06386,False,8
162,34.03166,29.13104,False,8
164,5.05294,37.00041,False,8
165,35.03794,6.10205,False,8
166,35.01477,30.09365,False,8
167,6.00704,5.13375,False,8
168,35.03982,1.0,False,8
169,35.0405,30.12711,False,8
173,6.01135,29.03289,False,8
175,3.11653,3.1048999999999998,False,8
176,5.10623,5.01896,False,8
177,6.09588,30.1044,False,8
178,34.00895,35.04223,False,8
179,6.11899,34.11645,False,8
180,28.0983,28.05247,False,8
181,33.13892,35.01704,False,8
182,6.13396,10.06176,False,8
183,6.09882,35.08599,False,8
184,6.11412,37.11666,False,8
185,6.14602,28.06557,False,8
186,6.0365,37.06468,False,8
188,1.13364,30.10869,False,8
189,34.14244,34.13603,False,8
190,6.10943,23.05382,False,8
191,6.05012,30.07426,False,8
192,6.06868,25.11918,False,8
193,36.13662,35.01808,False,8
194,6.06066,25.11312,False,8
195,6.0638,28.0251,False,8
197,2.08598,29.02501,False,8
198,6.09459,25.08719,False,8
199,6.02396,30.04345,False,8
200,6.10897,6.07886,False,8
201,6.11535,5.09044,False,8
202,37.06767,37.06672,False,8
203,20.04216,30.14501,False,8
204,6.03164,30.02775,False,8
206,2.13953,30.01825,False,8
207,6.05245,28.12943,False,8
208,5.01314,5.1353,False,8
209,28.00968,28.06179,False,8
210,28.09121,28.03954,False,8
211,33.07729,28.10434,False,8
212,5.0054,4.10376,False,8
213,5.09783,13.07381,False,8
216,6.08454,28.04167,False,8
217,6.13443,29.12566,False,8
218,6.1201,30.07882,False,8
219,6.11929,25.13639,False,8
222,5.08731,28.09152,False,8
225,33.14279,33.14115,False,8
226,6.08394,35.11669,False,8
227,34.01354,37.08233,False,8
229,33.07173,33.09981,False,8
230,33.0449,33.03326,False,8
233,5.08069,30.14567,False,8
234,33.01809,30.05115,False,8
235,33.01034,30.08005,False,8
236,4.04323,4.10075,False,8
237,6.12506,5.13574,False,8
242,4.10215,24.14252,False,8
243,6.13257,6.1095,False,8
251,34.10662,34.08341,False,8
252,6.10913,28.1236,False,8
253,4.03217,30.03233,False,8
254,1.02338,4.08968,False,8
255,3.127,13.1417,False,8
256,2.09875,30.06416,False,8
257,4.02982,20.04897,False,8
258,5.07409,18.07594,False,8
259,33.06212,5.08379,False,8
260,5.05945,5.05926,False,8
262,1.07845,36.08513,False,8
263,3.10946,6.02579,False,8
264,6.13699,29.06981,False,8
265,5.07905,6.07641,False,8
270,33.07856,6.05272,False,8
271,6.11223,28.06999,False,8
272,6.12386,5.06688,False,8
273,6.07642,5.08449,False,8
274,6.07038,5.04886,False,8
275,33.01227,6.08715,False,8
280,3.0987,5.13716,False,8
289,5.14335,29.03274,False,8
290,6.08398,6.12193,False,8
291,6.12668,6.1211,False,8
292,5.10064,6.08374,False,8
293,15.00183,30.11524,False,8
294,10.12912,6.11963,False,8
295,25.00089,36.11599,False,8
296,20.01144,4.04832,False,8
297,6.07734,35.09141,False,8
298,1.05707,33.00474,False,8
299,6.05568,34.04947,False,8
300,4.08837,33.13701,False,8
301,4.09945,33.06107,False,8
302,6.02289,35.04056,False,8
303,5.12896,33.11904,False,8
308,5.07014,31.09807,False,8
317,1.05398,22.01468,False,8
318,6.03098,36.1415,False,8
319,5.10981,30.1255,False,8
320,4.11031,27.12066,False,8
321,3.10858,34.01652,False,8
322,5.10158,18.0173,False,8
323,2.04243,17.06735,False,8
324,1.08283,23.06944,False,8
325,2.00784,25.0252,False,8
326,3.06955,18.13414,False,8
328,5.11377,25.06378,False,8
329,6.1454699999999995,31.05841,False,8
330,6.05223,30.10459,False,8
331,5.00281,20.08121,False,8
332,5.1154,30.0611,False,8
333,33.06353,30.12545,False,8
334,6.07383,6.04975,False,8
335,5.07115,30.01895,False,8
336,5.06588,30.05579,False,8
337,6.0141,25.14712,False,8
339,5.12627,28.03746,False,8
340,1.0,1.00495,True,8
341,1.0,25.02255,True,8
342,36.05218,5.10124,False,8
343,1.0,1.0,True,8
346,6.06332,27.07075,False,8
347,6.10147,33.0978,False,8
348,6.05931,27.11475,False,8
349,2.01594,25.10565,False,8
350,28.11081,29.14549,False,8
351,6.13913,25.08256,False,8
352,6.14068,34.05796,False,8
353,34.10766,37.05629,False,8
354,34.12172,34.09222,False,8
355,5.02865,23.0988,False,8
357,5.09414,29.08749,False,8
358,6.02931,28.05685,False,8
359,6.02839,32.01562,False,8
361,6.06841,25.04417,False,8
363,35.10034,35.09496,False,8
364,35.07722,35.06533,False,8
365,3.00026,23.11022,False,8
366,5.05284,5.12624,False,8
367,35.04664,35.00542,False,8
370,6.09958,28.13535,False,8
371,6.12853,33.02673,False,8
372,6.14429,33.06875,False,8
373,6.00684,6.07291,False,8
374,1.03872,37.09332,False,8
375,5.01123,23.13163,False,8
376,6.02909,5.12146,False,8
377,2.1265,1.0,False,8
378,33.04798,28.10786,False,8
379,28.02029,5.12422,False,8
380,34.03894,33.00364,False,8
381,6.06782,5.0275,False,8
383,5.02672,28.05427,False,8
384,6.11302,28.10504,False,8
385,2.07454,25.0413,False,8
386,1.03809,27.08113,False,8
387,2.07796,34.09371,False,8
388,2.08764,5.12953,False,8
389,2.00097,7.06185,False,8
390,3.14262,27.02388,False,8
391,2.01382,23.03156,False,8
394,5.02187,30.04004,False,8
395,35.06685,2.0886,False,8
396,35.05671,3.10358,False,8
397,35.08614,4.04045,False,8
398,35.02837,33.13679,False,8
403,3.09568,19.08468,False,8
404,35.0727,34.06405,False,8
405,35.06769,5.00345,False,8
406,4.09055,1.0,False,8
407,29.02663,28.08568,False,8
408,1.0,4.14578,True,8
412,10.07519,34.07,False,8
413,20.04619,25.08315,False,8
414,10.03247,31.08276,False,8
415,30.13936,28.146,False,8
416,33.04811,20.07176,False,8
417,6.13319,28.08613,False,8
418,35.07548,35.06434,False,8
419,33.10108,33.06751,False,8
420,33.1213,33.11811,False,8
421,33.06181,33.01329,False,8
422,28.12379,30.1448,False,8
423,6.11451,23.02371,False,8
425,6.00795,37.00566,False,8
426,6.06021,33.07288,False,8
427,6.12105,6.11977,False,8
428,33.10703,33.10525,False,8
429,33.12733,28.08046,False,8
1,6.02939,23.04344,False,9
3,4.12819,4.04756,False,9
5,6.0271,37.08728,False,9
6,5.04444,33.07646,False,9
7,4.05154,1.0,False,9
9,4.11252,5.12622,False,9
10,5.07284,4.1318,False,9
11,6.14307,1.0,False,9
13,6.11436,6.1042,False,9
17,6.02599,28.13968,False,9
18,6.04623,6.03228,False,9
19,1.0,33.08898,True,9
21,6.05676,29.11546,False,9
22,6.12074,6.11365,False,9
25,6.01307,19.07532,False,9
29,2.03685,5.14716,False,9
30,6.08194,6.12978,False,9
69,2.0265,24.1081,False,9
70,28.00197,23.14342,False,9
71,6.07437,6.03953,False,9
72,33.04377,33.00211,False,9
73,28.04066,28.06153,False,9
74,33.10695,33.05993,False,9
75,34.02801,33.14103,False,9
76,6.14403,6.09497,False,9
77,18.0353,6.12974,False,9
78,6.03536,29.07963,False,9
79,6.05606,6.05554,False,9
82,3.12264,29.00368,False,9
83,3.04696,18.10291,False,9
84,33.13475,1.0,False,9
85,1.0,2.00508,True,9
86,1.0,29.08107,True,9
91,5.09743,5.14049,False,9
92,6.06854,6.06434,False,9
93,6.11344,23.09473,False,9
95,4.00942,5.13244,False,9
98,5.06104,30.06929,False,9
99,22.05404,34.1291,False,9
100,6.0845,35.04197,False,9
101,5.09369,23.13831,False,9
103,6.03636,25.14569,False,9
104,6.01738,30.11174,False,9
106,3.0589,28.08822,False,9
107,4.10141,26.07276,False,9
109,6.10333,34.07568,False,9
110,6.03252,28.00686,False,9
111,3.08777,33.02015,False,9
112,4.00229,22.0433,False,9
113,5.0906,28.13207,False,9
114,2.02956,5.14573,False,9
115,6.05735,5.12725,False,9
116,3.09522,28.04844,False,9
117,4.00203,5.11099,False,9
118,2.01632,18.14094,False,9
120,2.00546,34.04947,False,9
121,3.01507,5.12507,False,9
122,1.01403,5.13376,False,9
123,2.07779,6.08109,False,9
124,2.12335,37.07319,False,9
125,35.0417,34.08464,False,9
126,35.12479,30.00524,False,9
127,6.05875,24.1363,False,9
128,4.03496,30.10246,False,9
129,6.09362,30.00297,False,9
130,35.14687,35.14473,False,9
131,4.06173,5.10676,False,9
133,3.07402,5.12842,False,9
134,4.0567,5.08625,False,9
135,4.12801,4.0047,False,9
136,4.13443,4.04705,False,9
137,1.0,5.06478,True,9
139,5.03788,5.06711,False,9
140,4.11578,3.01982,False,9
141,6.01262,2.07251,False,9
142,3.04401,3.08929,False,9
143,1.00529,5.08263,False,9
144,4.04335,31.01608,False,9
145,1.0,30.05618,True,9
146,1.0,1.0,True,9
147,2.03537,1.0,False,9
148,1.0,1.0,True,9
149,1.0,18.04226,True,9
150,35.0656,1.0,False,9
151,1.0,1.12452,True,9
153,6.08171,6.06925,False,9
154,6.02623,28.01298,False,9
155,4.06607,23.10204,False,9
156,5.05654,28.12939,False,9
157,1.07074,5.05748,False,9
158,4.10551,18.09993,False,9
159,1.04131,23.06947,False,9
160,4.10555,23.10399,False,9
161,4.006,18.0388,False,9
162,34.05254,29.14668,False,9
164,5.0452,37.01148,False,9
165,35.00974,6.13272,False,9
166,35.07566,30.11461,False,9
167,6.10062,5.13136,False,9
168,35.10412,1.0,False,9
169,35.03903,30.13465,False,9
173,6.01879,29.04154,False,9
175,3.07079,3.13358,False,9
176,5.01356,5.04187,False,9
177,6.07697,30.08943,False,9
178,34.03481,35.0267,False,9
179,6.14558,34.06764,False,9
180,28.05609,28.0431,False,9
181,33.03785,35.03579,False,9
182,6.14113,10.06005,False,9
183,6.10634,35.07113,False,9
184,6.11566,37.08189,False,9
185,6.14012,28.12221,False,9
186,6.04457,37.07544,False,9
188,1.08483,30.12627,False,9
189,34.11804,34.08764,False,9
190,6.0918,23.03009,False,9
191,6.07734,30.0638,False,9
192,6.12252,25.13195,False,9
193,36.0549,35.08932,False,9
194,6.08313,25.08907,False,9
195,6.08924,28.13277,False,9
197,2.11357,30.09139,False,9
198,6.04478,25.00921,False,9
199,6.11127,30.0211,False,9
200,6.12964,6.04737,False,9
201,6.08178,5.0383,False,9
202,37.08661,37.05858,False,9
203,6.096,30.07881,False,9
204,4.07932,30.00867,False,9
206,2.14087,30.13123,False,9
207,6.12785,28.07619,False,9
208,5.0244,5.13334,False,9
209,28.11318,28.09535,False,9
210,28.11699,28.14534,False,9
211,33.02185,28.01634,False,9
212,5.0235,4.14289,False,9
213,5.1405,13.12593,False,9
216,6.10605,28.12459,False,9
217,6.12947,29.10273,False,9
218,6.07356,30.05621,False,9
219,18.11695,25.05196,False,9
222,5.13384,28.08,False,9
225,33.14279,33.11466,False,9
226,6.07683,35.11025,False,9
227,34.06841,37.01872,False,9
229,33.05528,33.09614,False,9
230,33.05631,33.04736,False,9
233,6.02554,30.12642,False,9
234,33.06518,30.12565,False,9
235,33.03262,30.06856,False,9
236,4.07977,4.13108,False,9
237,6.00878,5.1384,False,9
242,4.14591,24.14263,False,9
243,6.09512,6.05081,False,9
251,34.0965,34.06793,False,9
252,6.10504,28.0447,False,9
253,4.01594,30.05668,False,9
254,1.0114,4.09291,False,9
255,3.10738,13.14193,False,9
256,2.14441,30.13388,False,9
257,4.13275,20.14365,False,9
258,5.02123,18.08776,False,9
259,33.13975,5.06904,False,9
260,5.10462,5.02983,False,9
262,1.02109,36.0803,False,9
263,3.05505,6.04619,False,9
264,6.03079,29.07545,False,9
265,5.07657,6.01377,False,9
270,33.02775,6.0834,False,9
271,6.02607,28.10401,False,9
272,6.00566,5.10175,False,9
273,6.03574,5.13866,False,9
274,6.01342,5.10573,False,9
275,33.08416,6.09608,False,9
280,3.07119,5.11975,False,9
289,5.11587,29.03807,False,9
290,6.10964,6.11233,False,9
291,6.1333,6.12776,False,9
292,5.02286,6.13564,False,9
293,15.11744,31.03631,False,9
294,10.00121,10.03758,False,9
295,25.09892,36.1328,False,9
296,20.07438,4.04207,False,9
297,6.04273,35.10992,False,9
298,2.03871,33.11259,False,9
299,6.05506,34.02952,False,9
300,4.14622,33.09165,False,9
301,4.10233,33.00805,False,9
302,5.13057,35.14498,False,9
303,5.05688,33.04509,False,9
308,5.0008,31.0604,False,9
317,3.10818,22.0073,False,9
318,6.00863,36.01846,False,9
319,5.14236,30.07009,False,9
320,4.1355,27.02198,False,9
321,4.03509,34.04812,False,9
322,5.04729,18.07479,False,9
323,2.04314,17.02595,False,9
324,2.13105,23.08494,False,9
325,2.12168,25.05682,False,9
326,4.07631,18.00035,False,9
328,5.11826,25.03004,False,9
329,6.10085,31.07928,False,9
330,6.04578,30.08093,False,9
331,5.03607,20.07674,False,9
332,6.09208,20.14424,False,9
333,33.00163,30.10492,False,9
334,6.09562,6.1064,False,9
335,5.09408,30.02215,False,9
336,1.04908,30.07803,False,9
337,6.1284,25.0818,False,9
339,5.06367,28.08448,False,9
340,1.0,1.13798,True,9
341,1.0,25.07877,True,9
342,36.1449,5.10271,False,9
343,1.0,1.0,True,9
346,6.04926,27.13367,False,9
347,6.10397,33.034909999999996,False,9
348,6.06985,27.05512,False,9
349,1.101,25.07408,False,9
350,6.14508,29.09678,False,9
351,6.14401,25.03761,False,9
352,6.12644,34.0227,False,9
353,34.05097,37.12616,False,9
354,34.13415,34.06727,False,9
355,5.02024,23.02925,False,9
357,5.08958,29.10006,False,9
358,6.03305,28.04898,False,9
359,6.00699,32.08453,False,9
361,6.06157,25.12496,False,9
363,35.11833,35.03681,False,9
364,35.10096,35.10078,False,9
365,3.0593,23.09672,False,9
366,5.12417,5.10063,False,9
367,35.02671,35.01379,False,9
370,6.0788,28.10347,False,9
371,6.14071,33.00676,False,9
372,6.14638,33.02886,False,9
373,6.01026,6.14531,False,9
374,1.02009,37.14555,False,9
375,5.03362,4.01582,False,9
376,6.0282,5.03642,False,9
377,2.003,1.0,False,9
378,33.04716,28.14523,False,9
379,28.03025,5.13542,False,9
380,34.05561,33.04987,False,9
381,6.14436,5.00916,False,9
383,5.00991,28.03794,False,9
384,6.12955,28.07632,False,9
385,3.05221,25.10467,False,9
386,1.03518,27.01726,False,9
387,1.00666,34.13979,False,9
388,2.0617,5.14349,False,9
389,2.01683,7.14072,False,9
390,3.10828,27.07971,False,9
391,2.06134,23.11693,False,9
394,5.11061,30.12637,False,9
395,35.09996,2.02383,False,9
396,35.00184,3.12712,False,9
397,35.11366,4.11629,False,9
398,35.10511,33.01462,False,9
403,6.07711,19.12834,False,9
404,35.04258,34.00381,False,9
405,35.08889,5.07054,False,9
406,6.03703,4.05101,False,9
407,29.12359,28.06114,False,9
408,1.0,4.07763,True,9
412,10.09701,34.11999,False,9
413,20.06473,25.00964,False,9
414,10.14719,31.12449,False,9
415,30.10251,28.05138,False,9
416,33.0092,20.00084,False,9
417,6.13156,28.09454,False,9
418,35.10449,35.06649,False,9
419,33.08143,33.01007,False,9
420,33.04492,33.02911,False,9
421,33.13809,33.01749,False,9
422,28.1047,30.04018,False,9
423,6.06213,23.13918,False,9
425,6.01912,37.11017,False,9
426,6.05466,33.13102,False,9
427,6.10107,6.1283,False,9
428,33.12613,33.10566,False,9
429,33.0117,28.13635,False,9
1,6.10297,23.01566,False,10
3,4.04954,4.04275,False,10
5,6.02362,37.06596,False,10
6,5.10005,33.02758,False,10
7,4.00172,1.0,False,10
9,5.01667,5.12991,False,10
10,4.00125,4.04809,False,10
11,6.06499,1.0,False,10
13,6.1181,6.06795,False,10
17,6.02406,28.08678,False,10
18,6.03554,6.03188,False,10
19,1.0,33.01304,True,10
21,6.04447,29.12741,False,10
22,6.13014,6.13223,False,10
25,6.00162,19.14229,False,10
29,2.03408,5.11661,False,10
30,6.07546,6.09516,False,10
69,2.13938,24.13729,False,10
70,28.07562,23.09828,False,10
71,6.05735,6.03132,False,10
72,33.04557,33.00672,False,10
73,28.09004,28.08056,False,10
74,33.04046,37.08068,False,10
75,34.03356,33.12922,False,10
76,6.1382,6.11168,False,10
77,18.00569,6.13263,False,10
78,6.02715,29.059,False,10
79,6.12056,6.10606,False,10
82,3.05441,29.1218,False,10
83,3.03689,18.06603,False,10
84,33.08243,1.0,False,10
85,1.0,2.01546,True,10
86,1.0,29.06872,True,10
91,5.08585,5.14573,False,10
92,6.08339,28.09659,False,10
93,6.10223,23.04418,False,10
95,4.05317,5.10377,False,10
98,5.00971,30.09984,False,10
99,22.05816,34.08089,False,10
100,6.1057,35.03723,False,10
101,5.03024,23.13872,False,10
103,6.14054,25.12606,False,10
104,6.0118,30.14257,False,10
106,3.06587,28.11478,False,10
107,4.08948,26.02845,False,10
109,6.10186,34.06672,False,10
110,6.09063,28.10091,False,10
111,5.00978,33.11816,False,10
112,3.0006,22.01328,False,10
113,5.06457,28.12119,False,10
114,2.02182,5.1308,False,10
115,6.01333,5.1124600000000004,False,10
116,3.00623,28.13754,False,10
117,5.08933,5.13749,False,10
118,2.09053,18.13609,False,10
120,2.11201,34.12534,False,10
121,2.00737,5.13763,False,10
122,2.01808,5.12385,False,10
123,2.04246,6.06839,False,10
124,2.12843,37.12624,False,10
125,35.04516,34.13772,False,10
126,35.00788,30.0492,False,10
127,6.03066,24.11051,False,10
128,6.02261,30.03282,False,10
129,6.11882,30.00799,False,10
130,35.11593,35.0777,False,10
131,4.03774,5.05947,False,10
133,3.06113,5.10503,False,10
134,4.0206,5.01859,False,10
135,4.07809,4.02881,False,10
136,4.02956,4.12481,False,10
137,4.07672,5.09046,False,10
139,5.05229,5.13299,False,10
140,4.05562,3.01648,False,10
141,6.01636,2.037,False,10
142,3.01415,3.07971,False,10
143,1.10292,5.07451,False,10
144,4.11988,5.08483,False,10
145,1.0,30.01269,True,10
146,1.0,1.0,True,10
147,2.14672,1.0,False,10
148,1.0,1.0,True,10
149,1.0,18.01387,True,10
150,35.12392,1.0,False,10
151,1.0,1.12669,True,10
153,6.11655,6.10423,False,10
154,6.0448,23.00251,False,10
155,4.00348,37.06213,False,10
156,5.13866,28.04664,False,10
157,1.13647,5.1467,False,10
158,4.12492,18.14246,False,10
159,3.08134,23.06006,False,10
160,4.03189,23.14089,False,10
161,4.013,18.13193,False,10
162,34.1407,29.12729,False,10
164,5.05479,37.09439,False,10
165,35.11651,6.08736,False,10
166,35.13383,30.10949,False,10
167,6.12363,5.0627,False,10
168,35.04282,1.0,False,10
169,35.13651,30.08902,False,10
173,6.01047,28.01943,False,10
175,3.09526,3.09759,False,10
176,5.01065,5.03784,False,10
177,6.10904,30.13247,False,10
178,34.01201,35.008,False,10
179,6.14344,34.00885,False,10
180,28.09541,28.05828,False,10
181,33.06061,35.00171,False,10
182,6.13589,10.04729,False,10
183,6.10371,35.11557,False,10
184,6.10042,37.06951,False,10
185,6.12929,28.08079,False,10
186,6.05342,37.00266,False,10
188,1.04676,37.10787,False,10
189,34.03891,34.03772,False,10
190,6.13649,23.01145,False,10
191,6.04373,30.05795,False,10
192,6.103,25.06226,False,10
193,36.06098,35.01575,False,10
194,6.05905,25.10304,False,10
195,6.13361,28.07642,False,10
197,2.00009,29.04912,False,10
198,6.09687,25.01067,False,10
199,6.09502,30.07112,False,10
200,6.12258,6.10733,False,10
201,6.12171,5.07021,False,10
202,37.01955,37.06694,False,10
203,30.06368,30.02903,False,10
204,4.08603,30.04635,False,10
206,2.09083,30.14247,False,10
207,6.09559,28.12443,False,10
208,4.08184,5.09783,False,10
209,28.07605,28.03401,False,10
210,28.06482,28.13259,False,10
211,33.06537,28.04934,False,10
212,5.01424,4.14405,False,10
213,5.06939,13.0148,False,10
216,6.10206,28.04003,False,10
217,6.127,29.03457,False,10
218,6.03782,30.02544,False,10
219,6.08155,25.10523,False,10
222,5.04829,28.03749,False,10
225,33.12968,33.10799,False,10
226,6.1179,35.06359,False,10
227,34.12103,37.00717,False,10
229,33.06891,33.12716,False,10
230,33.02883,33.07361,False,10
233,6.00499,30.09803,False,10
234,33.01477,30.01536,False,10
235,33.03871,30.09989,False,10
236,4.01395,4.0814,False,10
237,6.03821,5.06778,False,10
242,4.00614,24.11481,False,10
243,6.01174,6.00158,False,10
251,34.12799,34.06996,False,10
252,6.13878,28.07284,False,10
253,4.03649,30.14381,False,10
254,1.1145100000000001,4.06059,False,10
255,3.12173,13.04231,False,10
256,2.0181,30.00634,False,10
257,4.06323,20.0166,False,10
258,1.03249,18.03655,False,10
259,33.14137,5.14368,False,10
260,5.07847,5.03275,False,10
262,1.14164,36.1403,False,10
263,3.12562,6.02521,False,10
264,6.11582,29.09861,False,10
265,5.01602,6.05826,False,10
270,33.01381,6.11914,False,10
271,6.13155,28.08952,False,10
272,6.01824,5.1302,False,10
273,6.01057,5.0929,False,10
274,6.01183,5.12995,False,10
275,33.04199,6.02456,False,10
280,3.13482,5.13587,False,10
289,5.09402,29.011,False,10
290,6.10965,6.11227,False,10
291,6.13625,6.13532,False,10
292,5.05464,6.09406,False,10
293,15.087,30.11306,False,10
294,10.08965,30.11185,False,10
295,25.0737,36.03377,False,10
296,20.11573,4.03478,False,10
297,6.02061,35.1194,False,10
298,1.03529,33.02114,False,10
299,6.03394,34.03403,False,10
300,4.09881,33.11868,False,10
301,4.03897,33.11153,False,10
302,5.09511,35.08052,False,10
303,33.02804,33.07377,False,10
308,5.02676,31.04776,False,10
317,3.10748,22.13845,False,10
318,6.07346,36.01352,False,10
319,5.11523,30.08157,False,10
320,4.01969,27.04691,False,10
321,3.13764,34.07537,False,10
322,5.02927,18.07079,False,10
323,2.03111,17.02615,False,10
324,2.14095,23.1148,False,10
325,4.08834,25.0754,False,10
326,3.10896,18.01372,False,10
328,5.1015,25.02198,False,10
329,20.118,31.00768,False,10
330,6.01799,30.12107,False,10
331,5.03013,20.12249,False,10
332,5.10024,30.10229,False,10
333,33.08064,30.10849,False,10
334,6.09719,6.02949,False,10
335,5.07367,30.11367,False,10
336,5.03946,30.08366,False,10
337,6.08847,25.07666,False,10
339,5.05527,28.13041,False,10
340,1.0,1.0587,True,10
341,1.0,25.05618,True,10
342,36.08123,5.11458,False,10
343,1.0,1.0,True,10
346,6.00805,27.07516,False,10
347,6.10048,33.03978,False,10
348,6.03376,27.08884,False,10
349,2.09738,25.04174,False,10
350,6.12071,29.0849,False,10
351,6.10785,25.09336,False,10
352,6.12037,34.01484,False,10
353,34.08308,37.03931,False,10
354,34.0834,34.07623,False,10
355,5.04949,23.05953,False,10
357,5.09664,29.06128,False,10
358,6.03766,28.11188,False,10
359,6.03453,32.10621,False,10
361,6.05103,25.08844,False,10
363,35.10877,35.10153,False,10
364,35.08141,35.08086,False,10
365,3.07122,23.00243,False,10
366,5.0838,5.14215,False,10
367,35.06086,35.02156,False,10
370,6.08259,28.05466,False,10
371,6.14317,33.12376,False,10
372,6.14408,33.02951,False,10
373,6.05083,6.10633,False,10
374,1.10376,37.11581,False,10
375,5.00343,4.09459,False,10
376,6.14628,5.05384,False,10
377,2.0794,1.0,False,10
378,33.12233,28.10222,False,10
379,28.10256,5.14294,False,10
380,34.11409,33.01033,False,10
381,6.12963,5.09845,False,10
383,5.11203,29.09009,False,10
384,6.14738,28.05778,False,10
385,2.09026,25.06481,False,10
386,1.1044,27.13619,False,10
387,1.05901,34.14279,False,10
388,2.02101,5.0914,False,10
389,2.09025,7.07762,False,10
390,3.02242,27.06742,False,10
391,4.08509,23.07131,False,10
394,5.08972,30.07235,False,10
395,35.02923,2.12623,False,10
396,35.12911,3.13302,False,10
397,35.0831,4.01947,False,10
398,35.09256,33.08722,False,10
403,6.0779,19.03359,False,10
404,35.12706,34.10224,False,10
405,35.06554,5.02232,False,10
406,6.00339,4.00874,False,10
407,29.06787,28.09023,False,10
408,1.0,4.07465,True,10
412,10.00203,34.06558,False,10
413,15.1011,25.10221,False,10
414,10.03663,31.06981,False,10
415,30.10533,28.01591,False,10
416,33.02091,20.13645,False,10
417,6.14359,23.09003,False,10
418,35.10504,35.0991,False,10
419,33.10298,33.0514,False,10
420,33.1195,33.09722,False,10
421,33.06009,33.01793,False,10
422,30.05799,28.00449,False,10
423,6.05318,23.0736,False,10
425,6.04718,37.13167,False,10
426,6.06917,33.104,False,10
427,6.11519,6.13871,False,10
428,33.07104,33.06199,False,10
429,33.04187,28.06307,False,10
1,6.06396,23.04653,False,11
3,4.05739,4.03057,False,11
5,6.01165,37.03264,False,11
6,6.0848700000000004,33.02696,False,11
7,4.01967,1.0,False,11
9,4.02911,5.13529,False,11
10,5.05813,4.10325,False,11
11,6.04289,1.0,False,11
13,6.11602,6.11478,False,11
17,6.01801,29.02579,False,11
18,6.06787,6.03303,False,11
19,1.0,33.11344,True,11
21,6.08428,29.05427,False,11
22,6.10279,6.12593,False,11
25,6.01073,19.0839,False,11
29,2.14685,5.10794,False,11
30,6.12019,6.13892,False,11
69,2.05291,24.1338,False,11
70,28.13632,23.0238,False,11
71,6.09435,28.11865,False,11
72,33.12295,33.09911,False,11
73,28.11969,28.01703,False,11
74,33.04588,33.03931,False,11
75,34.00016,33.12915,False,11
76,6.12269,28.03722,False,11
77,18.10363,6.10786,False,11
78,6.03257,23.1327,False,11
79,6.10099,6.08666,False,11
82,3.0385,29.12186,False,11
83,3.09851,18.08872,False,11
84,33.01235,1.0,False,11
85,2.09147,1.0,False,11
86,1.0,29.11179,True,11
91,5.07784,5.1089,False,11
92,6.07789,6.06747,False,11
93,6.12329,23.0672,False,11
95,4.06527,5.09166,False,11
98,5.08637,30.05368,False,11
99,22.03329,34.11501,False,11
100,6.07618,35.03795,False,11
101,5.08417,23.03954,False,11
103,6.13003,25.05878,False,11
104,6.01071,30.02194,False,11
106,3.00957,28.01224,False,11
107,4.0289,26.14496,False,11
109,6.13804,34.07464,False,11
110,6.05993,28.00259,False,11
111,3.02953,33.02449,False,11
112,4.00118,22.04638,False,11
113,5.07984,28.10917,False,11
114,2.0286,5.00538,False,11
115,6.0507,5.10496,False,11
116,3.01201,28.10371,False,11
117,4.04415,5.13165,False,11
118,2.04283,18.0871,False,11
120,2.07783,34.12692,False,11
121,4.13766,5.11568,False,11
122,1.04387,5.12244,False,11
123,2.01481,6.10296,False,11
124,2.03704,37.12493,False,11
125,35.00214,34.11839,False,11
126,35.00563,30.08471,False,11
127,6.0788,24.0168,False,11
128,4.1245,30.08608,False,11
129,6.14627,30.14538,False,11
130,35.1266,35.11429,False,11
131,4.11526,5.0738,False,11
133,3.04361,5.13871,False,11
134,4.03982,5.03509,False,11
135,4.02446,4.13487,False,11
136,4.02929,4.12765,False,11
137,4.05785,5.0516,False,11
139,5.02638,5.03244,False,11
140,4.01891,3.0598,False,11
141,6.08409,2.07722,False,11
142,3.04147,3.10292,False,11
143,1.03,5.03011,False,11
144,4.00496,31.02089,False,11
145,1.0,30.06997,True,11
146,1.0,1.0,True,11
147,2.02837,1.0,False,11
148,1.0,1.0,True,11
149,1.0,18.09941,True,11
150,35.10388,1.0,False,11
151,1.0,1.11765,True,11
153,6.08863,6.06559,False,11
154,6.05527,28.08324,False,11
155,4.11496,5.14028,False,11
156,6.03304,5.08403,False,11
157,1.13387,5.02618,False,11
158,4.1122,18.12852,False,11
159,3.09083,23.09077,False,11
160,4.04539,23.03128,False,11
161,4.1132,18.10729,False,11
162,34.11117,29.08702,False,11
164,5.00242,37.11756,False,11
165,35.13059,6.09678,False,11
166,35.03816,30.1359,False,11
167,6.06015,5.00189,False,11
168,35.10858,1.0,False,11
169,35.13717,30.13994,False,11
173,6.01766,29.10154,False,11
175,3.0534499999999998,3.05815,False,11
176,5.09689,5.01573,False,11
177,6.04298,30.14701,False,11
178,34.00229,35.03395,False,11
179,6.11516,34.08192,False,11
180,28.03512,28.08709,False,11
181,33.06123,35.02912,False,11
182,6.1466899999999995,10.02021,False,11
183,6.07947,35.12364,False,11
184,6.07317,37.08489,False,11
185,6.1462,28.03794,False,11
186,6.00806,37.04165,False,11
188,1.01964,30.09402,False,11
189,34.09473,34.02602,False,11
190,6.09831,23.00854,False,11
191,6.03691,30.05933,False,11
192,6.01699,25.1204,False,11
193,36.11115,35.10727,False,11
194,6.08748,25.06781,False,11
195,6.03325,28.10745,False,11
197,2.12926,29.0569,False,11
198,6.05024,25.1105,False,11
199,23.00283,30.09238,False,11
200,6.11701,6.07076,False,11
201,6.04773,5.12235,False,11
202,37.05894,37.02764,False,11
203,20.05244,30.12802,False,11
204,6.12671,30.08164,False,11
206,2.07322,30.0298,False,11
207,6.1298,28.02644,False,11
208,5.01627,5.14023,False,11
209,28.10219,28.03481,False,11
210,28.14136,28.07987,False,11
211,33.06273,28.02924,False,11
212,5.00994,4.12337,False,11
213,5.10167,13.10119,False,11
216,6.10634,28.09419,False,11
217,6.13115,29.07485,False,11
218,6.08455,30.08282,False,11
219,6.14575,25.09833,False,11
222,5.04244,28.13062,False,11
225,33.07548,33.07542,False,11
226,6.09306,35.05859,False,11
227,34.13194,37.0741,False,11
229,33.08574,33.10847,False,11
230,33.04047,33.05274,False,11
233,6.01872,30.05845,False,11
234,33.10452,30.0938,False,11
235,33.01867,30.09545,False,11
236,4.04176,4.06345,False,11
237,6.06688,5.10156,False,11
242,4.07014,24.06726,False,11
243,6.11116,6.02215,False,11
251,34.10139,34.09787,False,11
252,6.10808,28.0084,False,11
253,4.03541,30.08004,False,11
254,1.09583,4.04101,False,11
255,3.11844,13.12737,False,11
256,2.0687699999999998,30.06424,False,11
257,4.12158,20.02461,False,11
258,5.13408,18.06417,False,11
259,33.02457,5.05398,False,11
260,5.0071,5.09703,False,11
262,1.07577,36.11348,False,11
263,3.13893,6.00962,False,11
264,6.09158,29.05638,False,11
265,5.14097,6.0332,False,11
270,33.00079,6.04171,False,11
271,6.05529,28.05798,False,11
272,6.00726,5.09752,False,11
273,6.02974,5.06394,False,11
274,6.03643,5.09637,False,11
275,33.04724,6.11849,False,11
280,3.11617,5.08989,False,11
289,5.14289,29.00564,False,11
290,6.09887,6.09989,False,11
291,6.14232,6.14286,False,11
292,5.14402,6.06414,False,11
293,15.14492,30.12408,False,11
294,10.11041,10.05901,False,11
295,25.03398,36.12951,False,11
296,20.08195,4.02682,False,11
297,6.09955,35.06166,False,11
298,2.13765,33.06869,False,11
299,6.06929,34.06943,False,11
300,6.10603,33.13983,False,11
301,4.09427,33.01876,False,11
302,5.03104,35.14712,False,11
303,5.08064,33.1184,False,11
308,3.01909,31.04601,False,11
317,3.0852,22.09729,False,11
318,6.00655,36.00662,False,11
319,5.07697,30.13272,False,11
320,4.05884,27.06421,False,11
321,4.01669,34.04471,False,11
322,5.09744,18.09816,False,11
323,2.14215,17.11088,False,11
324,2.01206,23.12047,False,11
325,2.03294,25.12034,False,11
326,3.06147,18.03953,False,11
328,5.11452,25.05789,False,11
329,6.11896,31.03502,False,11
330,6.02662,30.0407,False,11
331,5.00045,20.14003,False,11
332,5.11893,30.01433,False,11
333,33.01169,30.07371,False,11
334,6.09013,6.12048,False,11
335,5.10839,30.04136,False,11
336,5.04375,30.1151,False,11
337,6.06482,25.13321,False,11
339,5.06162,28.11014,False,11
340,1.0,1.05648,True,11
341,1.0,25.0983,True,11
342,36.00672,5.08701,False,11
343,1.0,1.0,True,11
346,6.03714,27.05308,False,11
347,6.09146,33.07057,False,11
348,6.03881,27.0349,False,11
349,2.00855,25.11535,False,11
350,6.14355,29.02072,False,11
351,6.12919,25.02179,False,11
352,6.1081,34.0296,False,11
353,34.01041,37.06007,False,11
354,34.0833,34.04124,False,11
355,5.00152,23.14039,False,11
357,5.0837,29.02979,False,11
358,6.01093,28.10723,False,11
359,6.0239,32.08667,False,11
361,6.07282,30.11624,False,11
363,35.08354,35.0495,False,11
364,35.1366,35.13467,False,11
365,3.14418,23.06546,False,11
366,5.12635,5.11643,False,11
367,35.02027,35.01023,False,11
370,6.09171,28.10714,False,11
371,6.10704,33.05959,False,11
372,6.1332699999999996,33.10315,False,11
373,6.03027,6.1376,False,11
374,1.01212,37.13312,False,11
375,5.08614,4.04187,False,11
376,6.06465,5.02896,False,11
377,6.04953,2.08834,False,11
378,33.07258,28.01895,False,11
379,28.14319,5.09262,False,11
380,34.06164,33.05573,False,11
381,6.08305,5.02039,False,11
383,5.09015,30.04624,False,11
384,6.09726,28.06468,False,11
385,2.13664,25.13649,False,11
386,4.08782,27.039,False,11
387,1.04642,34.11503,False,11
388,2.1254,5.05401,False,11
389,2.06567,7.06341,False,11
390,3.10682,27.07138,False,11
391,4.1044599999999996,23.05137,False,11
394,5.0072,30.14212,False,11
395,35.00713,2.11166,False,11
396,35.11161,3.0236,False,11
397,35.10989,4.08333,False,11
398,35.09302,33.06514,False,11
403,6.06028,19.03718,False,11
404,35.1085,34.04708,False,11
405,35.05164,5.00954,False,11
406,4.1454,1.0,False,11
407,29.04631,28.00573,False,11
408,1.0,4.08537,True,11
412,10.01125,34.09914,False,11
413,20.09707,15.06115,False,11
414,10.0142,31.1452,False,11
415,30.07845,28.14493,False,11
416,33.08207,20.11981,False,11
417,6.12598,23.04339,False,11
418,35.0774,35.06289,False,11
419,33.13968,33.00263,False,11
420,33.12965,33.05489,False,11
421,33.10107,33.01365,False,11
422,6.12894,30.13746,False,11
423,6.09082,23.09782,False,11
425,6.08188,37.02386,False,11
426,6.0505,33.09504,False,11
427,6.11169,6.12746,False,11
428,33.13243,33.12005,False,11
429,33.0292,28.06016,False,11
1,6.08334,23.07208,False,12
3,4.14479,4.05571,False,12
5,6.01629,37.07173,False,12
6,5.08619,33.06166,False,12
7,4.0887,1.0,False,12
9,4.01938,5.12198,False,12
10,5.03238,4.10481,False,12
11,6.06357,1.0,False,12
13,6.08227,6.04962,False,12
17,6.03181,28.04906,False,12
18,6.02695,6.09166,False,12
19,1.0,33.0057,True,12
21,6.06534,29.10637,False,12
22,6.10989,6.13438,False,12
25,6.01093,19.06115,False,12
29,3.08237,5.13194,False,12
30,6.10593,6.08741,False,12
69,2.08599,24.13423,False,12
70,28.08976,23.06911,False,12
71,6.07262,28.05613,False,12
72,33.08034,33.07771,False,12
73,28.11027,28.01848,False,12
74,33.04997,33.04499,False,12
75,34.04578,33.13892,False,12
76,6.12798,28.03345,False,12
77,18.06847,6.14661,False,12
78,6.053,29.05289,False,12
79,6.1237,6.10019,False,12
82,3.14362,29.05541,False,12
83,3.06382,18.10222,False,12
84,33.06061,1.0,False,12
85,1.0,2.14594,True,12
86,1.0,29.06416,True,12
91,5.06954,5.14471,False,12
92,6.0487,28.00043,False,12
93,6.13062,23.10946,False,12
95,4.10488,5.14148,False,12
98,5.13136,30.08352,False,12
99,22.01968,34.12142,False,12
100,6.10917,35.08363,False,12
101,5.1013,23.11287,False,12
103,6.11733,25.10776,False,12
104,6.03185,30.06699,False,12
106,3.03904,28.03536,False,12
107,4.04517,26.06628,False,12
109,6.13389,34.04535,False,12
110,6.05162,28.03039,False,12
111,3.09369,33.02241,False,12
112,3.12663,22.10851,False,12
113,5.01398,28.03097,False,12
114,2.03494,5.13824,False,12
115,6.02694,5.10022,False,12
116,3.00017,28.09949,False,12
117,4.09245,5.12977,False,12
118,2.14108,18.14612,False,12
120,2.02845,34.02498,False,12
121,3.07987,5.11358,False,12
122,1.02638,5.12358,False,12
123,2.07252,6.07408,False,12
124,2.13896,37.14255,False,12
125,35.02956,34.08839,False,12
126,35.00255,30.06301,False,12
127,6.08143,24.05528,False,12
128,4.13679,30.04631,False,12
129,6.09134,30.03125,False,12
130,35.05839,35.0449,False,12
131,4.08085,5.03032,False,12
133,3.12182,5.10758,False,12
134,4.01716,4.0527,False,12
135,6.10101,4.13869,False,12
136,6.06262,4.10696,False,12
137,1.0,5.05543,True,12
139,5.03294,5.06501,False,12
140,4.02692,3.06212,False,12
141,6.08358,2.11691,False,12
142,3.04503,3.04109,False,12
143,1.00084,5.11107,False,12
144,4.05769,5.06515,False,12
145,1.0,30.12774,True,12
146,1.0,1.0,True,12
147,2.05517,1.0,False,12
148,1.0,1.0,True,12
149,1.0,18.00056,True,12
150,35.03487,1.0,False,12
151,1.0,1.04291,True,12
153,6.13753,6.12512,False,12
154,6.02437,28.06914,False,12
155,4.12782,23.0105,False,12
156,5.09123,28.08036,False,12
157,1.02536,5.02745,False,12
158,4.12294,18.12389,False,12
159,3.09699,23.02119,False,12
160,4.09605,23.01857,False,12
161,4.07097,18.11967,False,12
162,34.02093,29.11415,False,12
164,6.01314,37.06109,False,12
165,35.02029,6.08366,False,12
166,35.07673,30.12778,False,12
167,6.01417,5.05273,False,12
168,35.00517,1.0,False,12
169,35.10658,30.08065,False,12
173,6.01418,28.11928,False,12
175,3.13168,3.0802,False,12
176,5.03328,5.11618,False,12
177,6.08074,30.13573,False,12
178,34.0015,35.00444,False,12
179,6.11322,34.01436,False,12
180,28.10482,28.13418,False,12
181,33.03429,35.01369,False,12
182,6.12968,10.01669,False,12
183,6.10802,35.05307,False,12
184,6.09759,37.06216,False,12
185,6.13839,28.08021,False,12
186,6.05199,37.1276,False,12
188,1.14291,30.11589,False,12
189,34.04628,34.04067,False,12
190,6.10517,23.0792,False,12
191,6.04738,30.13853,False,12
192,6.13321,25.14589,False,12
193,36.05355,35.01644,False,12
194,6.10782,25.02718,False,12
195,6.13638,28.01021,False,12
197,2.10077,30.12715,False,12
198,6.06772,25.0679,False,12
199,23.13162,29.08529,False,12
200,6.12891,6.12096,False,12
201,6.1301,5.06793,False,12
202,37.05871,37.02871,False,12
203,30.0767,30.13439,False,12
204,4.03545,30.0842,False,12
206,2.13332,30.09672,False,12
207,6.1226,28.05493,False,12
208,5.00206,5.10545,False,12
209,28.01637,28.06506,False,12
210,28.11281,28.08557,False,12
211,33.00064,28.05812,False,12
212,4.12593,5.11574,False,12
213,5.0841,13.05667,False,12
216,6.08456,28.14296,False,12
217,6.1348,29.02324,False,12
218,6.05142,30.08793,False,12
219,6.12929,25.05132,False,12
222,5.10882,28.06763,False,12
225,33.11812,33.11542,False,12
226,6.08554,35.14632,False,12
227,34.00473,37.10323,False,12
229,33.10728,33.12158,False,12
230,33.03756,33.07924,False,12
233,6.03232,30.1282,False,12
234,33.04662,30.06134,False,12
235,33.00981,30.00095,False,12
236,4.00023,4.08509,False,12
237,6.04218,5.13732,False,12
242,4.01285,24.1402,False,12
243,6.08102,6.05966,False,12
251,34.09838,34.07811,False,12
252,6.09788,28.09229,False,12
253,4.00664,30.10885,False,12
254,1.08132,4.04903,False,12
255,3.01523,13.08503,False,12
256,2.12341,30.10431,False,12
257,4.13954,20.00936,False,12
258,1.04613,18.04978,False,12
259,33.03853,5.11469,False,12
260,5.10577,5.05119,False,12
262,1.07192,36.09191,False,12
263,3.01505,6.03497,False,12
264,6.07667,29.12237,False,12
265,5.05732,6.04734,False,12
270,33.03483,6.09006,False,12
271,6.02896,28.10918,False,12
272,6.02973,5.12179,False,12
273,6.02264,5.07179,False,12
274,6.0803,5.1287,False,12
275,33.03047,6.03839,False,12
280,3.04413,5.14618,False,12
289,5.14386,29.10737,False,12
290,6.07951,6.12554,False,12
291,6.13647,6.13311,False,12
292,5.03475,6.09463,False,12
293,15.03791,31.06818,False,12
294,10.01029,15.02287,False,12
295,25.04574,36.07984,False,12
296,20.05291,4.07457,False,12
297,6.04616,35.02526,False,12
298,2.01383,33.13078,False,12
299,6.0794,34.05963,False,12
300,4.09962,33.14654,False,12
301,4.0872,33.11889,False,12
302,5.09757,35.14483,False,12
303,5.12491,33.05432,False,12
308,3.14359,31.10861,False,12
317,4.05247,22.13898,False,12
318,4.13125,36.0822,False,12
319,5.09631,30.12647,False,12
320,4.09652,27.04604,False,12
321,4.04775,34.0815,False,12
322,5.038,18.1163,False,12
323,3.08391,17.02514,False,12
324,1.14652,23.13399,False,12
325,2.08578,25.02315,False,12
326,3.12032,18.13669,False,12
328,5.06697,25.05861,False,12
329,6.1441,31.10169,False,12
330,6.07149,30.01803,False,12
331,5.07959,20.08298,False,12
332,6.14208,20.10138,False,12
333,33.03371,30.04111,False,12
334,6.10132,6.08712,False,12
335,5.07577,30.06116,False,12
336,5.13373,30.11302,False,12
337,6.04092,25.1146,False,12
339,5.14101,28.01485,False,12
340,1.0,1.04212,True,12
341,1.0,25.07203,True,12
342,36.05765,5.14524,False,12
343,1.0,1.0,True,12
346,6.0791,27.12085,False,12
347,6.09865,33.10208,False,12
348,6.03481,27.10509,False,12
349,2.00526,25.11702,False,12
350,6.10912,29.13375,False,12
351,6.06623,25.11916,False,12
352,6.13755,34.03609,False,12
353,34.12739,37.08506,False,12
354,34.12309,34.02768,False,12
355,5.03913,23.04438,False,12
357,5.09279,29.03635,False,12
358,6.06687,28.09282,False,12
359,6.00126,32.03423,False,12
361,6.07342,25.07164,False,12
363,35.12468,35.11868,False,12
364,35.12318,35.07423,False,12
365,3.06076,23.09964,False,12
366,5.106,5.10031,False,12
367,35.02989,35.0127,False,12
370,6.07726,28.13787,False,12
371,6.14494,33.12181,False,12
372,6.13091,33.0254,False,12
373,6.02433,6.11567,False,12
374,1.02586,37.10327,False,12
375,5.13132,4.02067,False,12
376,6.02505,5.07201,False,12
377,6.01091,2.02447,False,12
378,33.08016,28.02303,False,12
379,28.04102,5.09831,False,12
380,34.03898,33.05789,False,12
381,6.1357800000000005,5.09412,False,12
383,5.01292,30.07583,False,12
384,6.12259,30.04159,False,12
385,2.02902,25.10283,False,12
386,1.10033,27.13672,False,12
387,1.11539,34.09222,False,12
388,2.03927,5.13973,False,12
389,2.08745,7.0146,False,12
390,3.01443,27.06884,False,12
391,3.0528399999999998,23.11874,False,12
394,5.05988,30.07189,False,12
395,35.02205,2.07157,False,12
396,35.13114,3.1205600000000002,False,12
397,35.0295,4.01919,False,12
398,35.01129,33.10212,False,12
403,6.04209,19.12638,False,12
404,35.08145,34.05689,False,12
405,35.0472,5.0445,False,12
406,6.00794,4.1091,False,12
407,29.02085,28.10702,False,12
408,1.0,4.06208,True,12
412,10.05217,34.0824,False,12
413,20.09198,25.02014,False,12
414,10.06255,31.05947,False,12
415,30.03172,28.00179,False,12
416,33.01863,20.12031,False,12
417,6.14416,23.06682,False,12
418,35.09476,35.08945,False,12
419,33.08248,33.04593,False,12
420,33.08057,33.03204,False,12
421,33.05354,33.02762,False,12
422,6.08967,30.14648,False,12
423,6.11402,23.08626,False,12
425,6.10376,37.02265,False,12
426,6.05425,33.09064,False,12
427,6.11221,6.13452,False,12
428,33.12207,33.03529,False,12
429,33.12996,28.13269,False,12
1,6.02191,23.14213,False,13
3,4.14571,4.01477,False,13
5,6.01752,37.14678,False,13
6,5.07692,33.05436,False,13
7,4.03371,1.0,False,13
9,5.02863,5.13613,False,13
10,4.13525,4.07962,False,13
11,6.09829,1.0,False,13
13,6.0354,6.1152,False,13
17,6.01938,29.05903,False,13
18,6.05282,6.04649,False,13
19,1.0,33.02446,True,13
21,6.07041,29.13991,False,13
22,6.12472,6.13552,False,13
25,6.02732,19.10496,False,13
29,2.13435,5.13034,False,13
30,6.10638,6.1305,False,13
69,2.01223,24.10884,False,13
70,28.14639,23.0761,False,13
71,6.07122,28.10431,False,13
72,33.10128,33.0251,False,13
73,28.04754,28.10209,False,13
74,33.06434,33.04206,False,13
75,34.03367,33.14625,False,13
76,6.08155,28.14502,False,13
77,18.12832,6.12635,False,13
78,6.03492,29.12043,False,13
79,6.08119,6.07216,False,13
82,3.1374,29.03726,False,13
83,3.02817,18.09473,False,13
84,33.05017,1.0,False,13
85,1.0,2.01639,True,13
86,1.0,29.02044,True,13
91,5.04914,5.11578,False,13
92,6.05633,28.10735,False,13
93,6.09427,23.09053,False,13
95,4.13161,5.1247,False,13
98,5.07525,30.01156,False,13
99,22.07427,34.04732,False,13
100,6.07233,35.03544,False,13
101,5.10192,23.10283,False,13
103,6.10062,25.11859,False,13
104,6.01543,30.03605,False,13
106,3.01147,28.09302,False,13
107,4.07153,26.07745,False,13
109,6.11225,34.00999,False,13
110,6.06805,28.08733,False,13
111,3.10018,33.06556,False,13
112,3.08395,22.10275,False,13
113,5.11453,28.14589,False,13
114,2.00773,5.04422,False,13
115,6.01249,5.0918,False,13
116,3.00894,28.07609,False,13
117,4.12709,5.07873,False,13
118,2.03594,18.10905,False,13
120,2.09594,34.09326,False,13
121,2.04437,5.11914,False,13
122,1.10669,5.14144,False,13
123,2.09337,6.01318,False,13
124,2.01547,37.06319,False,13
125,35.00895,34.10304,False,13
126,35.00274,30.01339,False,13
127,6.12118,24.06708,False,13
128,4.08502,30.03779,False,13
129,6.13915,30.047,False,13
130,35.09641,35.07284,False,13
131,4.0414,5.02799,False,13
133,3.1026,5.11309,False,13
134,4.07721,4.0885,False,13
135,4.00079,4.13844,False,13
136,4.13128,4.02634,False,13
137,1.0,5.13219,True,13
139,5.06687,5.00409,False,13
140,4.06503,3.11529,False,13
141,6.02448,2.04271,False,13
142,3.00396,3.13669,False,13
143,1.04688,5.07479,False,13
144,4.13652,5.06981,False,13
145,1.0,30.13095,True,13
146,1.0,1.0,True,13
147,2.05207,1.0,False,13
148,1.0,1.0,True,13
149,1.0,18.07838,True,13
150,35.0867,1.0,False,13
151,1.0,1.02401,True,13
153,6.10801,6.1022,False,13
154,6.0613,23.1453,False,13
155,4.14354,5.14118,False,13
156,6.0523,5.13745,False,13
157,1.0673300000000001,5.04139,False,13
158,4.01766,18.06898,False,13
159,3.14322,23.1174,False,13
160,4.06376,23.02528,False,13
161,4.07044,18.0978,False,13
162,34.07915,29.03871,False,13
164,5.06774,37.03518,False,13
165,35.05654,6.07191,False,13
166,35.02639,30.06284,False,13
167,6.11082,5.03336,False,13
168,35.09299,1.0,False,13
169,35.07799,30.06396,False,13
173,6.01125,29.03959,False,13
175,3.12752,3.11789,False,13
176,5.05075,5.09723,False,13
177,6.08639,30.1283,False,13
178,34.03459,35.03754,False,13
179,6.14449,34.01414,False,13
180,28.12893,28.07268,False,13
181,33.08372,35.00861,False,13
182,6.14245,10.10435,False,13
183,6.03265,35.02606,False,13
184,6.09106,37.00714,False,13
185,6.10693,28.06526,False,13
186,6.10802,37.00219,False,13
188,1.04758,30.11939,False,13
189,34.132,34.09789,False,13
190,6.07466,23.14243,False,13
191,6.07378,30.08325,False,13
192,6.12574,25.1266,False,13
193,36.03467,35.01351,False,13
194,6.03224,25.06409,False,13
195,6.02897,28.14461,False,13
197,1.06047,29.13202,False,13
198,6.14156,25.04359,False,13
199,23.08904,29.07048,False,13
200,6.13474,6.03119,False,13
201,6.10403,5.06468,False,13
202,37.08269,37.11695,False,13
203,30.00343,30.13792,False,13
204,6.03905,30.05973,False,13
206,2.10426,30.05754,False,13
207,6.12805,28.05136,False,13
208,5.0976,5.13419,False,13
209,28.12158,28.01925,False,13
210,28.14615,28.07055,False,13
211,33.08992,28.14195,False,13
212,4.1436399999999995,5.0799,False,13
213,5.0656,13.0321,False,13
216,6.09796,28.13749,False,13
217,6.1335,29.13601,False,13
218,6.09801,30.03422,False,13
219,6.10723,25.02847,False,13
222,5.09021,28.10034,False,13
225,33.14311,33.10841,False,13
226,6.05166,35.04127,False,13
227,34.02868,37.04603,False,13
229,33.12374,33.11278,False,13
230,33.07329,33.09024,False,13
233,6.00331,30.12094,False,13
234,33.03808,30.01151,False,13
235,33.10536,30.01076,False,13
236,4.0693,4.04467,False,13
237,6.14278,5.1189,False,13
242,4.11636,24.13594,False,13
243,6.11815,6.01096,False,13
251,34.04949,34.0272,False,13
252,6.10688,28.13121,False,13
253,4.08401,30.00735,False,13
254,1.11842,4.0898,False,13
255,3.02558,13.14248,False,13
256,2.08252,30.12924,False,13
257,4.08884,20.14008,False,13
258,1.11015,18.05931,False,13
259,33.06293,5.04064,False,13
260,5.06707,5.06338,False,13
262,1.09199,36.11285,False,13
263,3.13619,6.05666,False,13
264,6.08793,29.05971,False,13
265,5.14518,6.05108,False,13
270,33.05647,6.00482,False,13
271,6.11553,28.05003,False,13
272,6.04936,5.13066,False,13
273,6.01167,5.1123,False,13
274,6.06817,5.14183,False,13
275,33.03481,6.00666,False,13
280,3.10082,5.13368,False,13
289,5.13396,29.06076,False,13
290,6.09592,6.10028,False,13
291,6.14665,6.14396,False,13
292,5.03785,6.05129,False,13
293,15.09923,31.01254,False,13
294,10.01178,30.07081,False,13
295,25.0036,36.04344,False,13
296,20.04077,4.03133,False,13
297,6.05705,35.13338,False,13
298,1.02111,33.08814,False,13
299,6.03433,34.03631,False,13
300,6.09034,33.10952,False,13
301,4.12549,33.07795,False,13
302,5.0792,35.04376,False,13
303,5.08672,33.01804,False,13
308,5.01827,31.02567,False,13
317,3.12399,22.09239,False,13
318,6.00836,36.09221,False,13
319,5.14485,30.12598,False,13
320,4.01932,27.14387,False,13
321,4.04259,34.13958,False,13
322,5.05618,18.03861,False,13
323,2.06567,17.13301,False,13
324,2.11712,23.14171,False,13
325,2.03314,25.11411,False,13
326,4.08902,18.1085,False,13
328,5.14287,25.07702,False,13
329,20.05728,31.12397,False,13
330,6.01819,30.03952,False,13
331,5.03634,20.07667,False,13
332,5.08318,30.14718,False,13
333,33.00487,30.02242,False,13
334,6.12222,6.07438,False,13
335,5.09186,30.00696,False,13
336,5.07387,30.04322,False,13
337,6.04464,25.0994,False,13
339,6.0979,28.06845,False,13
340,1.0,1.11517,True,13
341,1.0,25.10098,True,13
342,36.10155,5.04529,False,13
343,1.0,1.0,True,13
346,6.0694,27.12034,False,13
347,6.07734,33.05393,False,13
348,6.06073,27.0464,False,13
349,2.09039,25.05884,False,13
350,6.13775,29.14087,False,13
351,6.11342,25.11164,False,13
352,6.03906,34.10016,False,13
353,34.04889,37.08074,False,13
354,34.07391,34.06261,False,13
355,5.00503,23.03249,False,13
357,5.09878,29.11742,False,13
358,6.0218,28.07598,False,13
359,6.04363,32.04463,False,13
361,6.02344,25.02196,False,13
363,35.05247,35.04726,False,13
364,35.13816,35.13811,False,13
365,3.02295,23.08631,False,13
366,5.07295,5.09104,False,13
367,35.02444,35.01314,False,13
370,6.06153,28.14381,False,13
371,6.13945,33.06086,False,13
372,6.14208,33.0159,False,13
373,6.02132,6.12296,False,13
374,1.07211,37.09699,False,13
375,5.04624,4.14549,False,13
376,6.04435,5.03705,False,13
377,6.11527,2.13155,False,13
378,33.1332,28.11831,False,13
379,28.0503,5.14685,False,13
380,34.02594,33.14495,False,13
381,6.12756,5.03699,False,13
383,5.08535,30.04433,False,13
384,6.14116,30.14657,False,13
385,3.0325,25.14499,False,13
386,1.02853,27.10605,False,13
387,1.01612,34.04354,False,13
388,2.1429,5.1161200000000004,False,13
389,2.08701,7.10135,False,13
390,3.13677,27.0436,False,13
391,4.11617,23.00063,False,13
394,5.10958,30.00596,False,13
395,35.06549,2.07195,False,13
396,35.02227,3.1064,False,13
397,35.01633,4.08607,False,13
398,35.10077,33.02265,False,13
403,6.03164,19.05369,False,13
404,35.08003,34.13796,False,13
405,35.02527,5.0134,False,13
406,6.04047,4.02098,False,13
407,29.14423,28.14401,False,13
408,1.0,4.06003,True,13
412,10.11196,34.03722,False,13
413,20.00106,25.11157,False,13
414,10.08027,31.01835,False,13
415,30.03148,28.11452,False,13
416,33.03195,20.07549,False,13
417,6.13137,28.1212,False,13
418,35.06464,35.04409,False,13
419,33.1197,33.10728,False,13
420,33.12378,33.02727,False,13
421,33.0903,33.08334,False,13
422,30.03007,28.0606,False,13
423,6.1122,23.11813,False,13
425,6.00983,5.0942,False,13
426,6.04824,33.12692,False,13
427,6.10953,6.13855,False,13
428,33.07739,33.13042,False,13
429,33.03351,28.0557,False,13
1,6.06315,23.13411,False,14
3,4.09806,4.01804,False,14
5,6.01154,37.08219,False,14
6,5.09942,33.00963,False,14
7,4.00224,1.0,False,14
9,4.00417,5.13354,False,14
10,5.0593,4.06212,False,14
11,6.07738,1.0,False,14
13,6.0832,6.09628,False,14
17,6.02146,28.04518,False,14
18,6.00095,6.00123,False,14
19,1.0,33.09979,True,14
21,6.0687,29.03129,False,14
22,6.12837,6.13584,False,14
25,6.03123,19.12802,False,14
29,2.02891,5.13678,False,14
30,6.07051,6.09485,False,14
69,2.11008,24.12506,False,14
70,28.03556,23.1278,False,14
71,6.05543,28.10104,False,14
72,33.05322,33.05116,False,14
73,28.02767,28.01983,False,14
74,33.06025,33.04689,False,14
75,34.00061,33.14652,False,14
76,6.13375,28.1182,False,14
77,18.01711,6.14416,False,14
78,6.03735,23.00894,False,14
79,6.06736,6.06579,False,14
82,6.03154,29.06359,False,14
83,3.12749,18.13739,False,14
84,33.08693,1.0,False,14
85,1.0,2.03481,True,14
86,1.0,29.0376,True,14
91,5.08174,5.08529,False,14
92,6.05212,28.11476,False,14
93,6.12432,23.11934,False,14
95,3.12843,5.12218,False,14
98,5.01529,30.11597,False,14
99,22.02537,34.08047,False,14
100,6.08228,35.02497,False,14
101,3.12777,23.06691,False,14
103,6.12433,25.0198,False,14
104,6.00076,30.07598,False,14
106,3.07863,28.01702,False,14
107,4.01438,26.04488,False,14
109,6.11837,34.13344,False,14
110,6.08602,28.069209999999998,False,14
111,3.13677,33.04862,False,14
112,4.05615,22.11758,False,14
113,5.00038,28.13763,False,14
114,2.02764,5.11507,False,14
115,6.0255,5.13126,False,14
116,3.07946,28.11547,False,14
117,4.1462,5.11956,False,14
118,2.03689,18.13296,False,14
120,2.01942,34.14466,False,14
121,2.01173,5.12155,False,14
122,2.02411,5.12654,False,14
123,2.07807,6.00758,False,14
124,2.00905,37.11761,False,14
125,35.00011,34.06698,False,14
126,35.05428,30.12403,False,14
127,6.09864,24.01643,False,14
128,6.04451,30.14053,False,14
129,6.07725,30.09569,False,14
130,35.11846,35.11763,False,14
131,4.03491,5.07822,False,14
133,3.13535,5.10494,False,14
134,4.04664,4.10258,False,14
135,6.10983,4.0798,False,14
136,4.10039,4.12946,False,14
137,1.0,5.1085,True,14
139,5.07978,5.1159,False,14
140,4.05583,3.07342,False,14
141,6.12826,2.0722,False,14
142,3.12621,3.04845,False,14
143,1.02831,5.07502,False,14
144,4.12909,5.11376,False,14
145,30.04796,1.0,False,14
146,1.0,1.0,True,14
147,2.05968,1.0,False,14
148,1.0,1.0,True,14
149,1.0,18.03712,True,14
150,35.07365,1.0,False,14
151,1.0,1.07248,True,14
153,6.10282,6.08698,False,14
154,6.06746,23.00803,False,14
155,4.08857,23.11404,False,14
156,6.00315,5.14382,False,14
157,1.12745,5.05477,False,14
158,4.03219,18.02838,False,14
159,1.12557,23.02213,False,14
160,4.05264,23.04258,False,14
161,4.08981,18.10793,False,14
162,34.14627,29.08167,False,14
164,5.04823,37.11804,False,14
165,35.08243,6.0479,False,14
166,35.1429,30.13874,False,14
167,6.07537,5.06198,False,14
168,35.07158,1.0,False,14
169,35.13631,30.09919,False,14
173,6.01088,29.12391,False,14
175,3.12708,3.09661,False,14
176,5.05073,5.07982,False,14
177,6.11813,30.1368,False,14
178,34.00398,35.00919,False,14
179,6.14574,34.02448,False,14
180,28.04867,28.04864,False,14
181,33.04186,35.03989,False,14
182,6.1444,10.00805,False,14
183,6.08778,35.01143,False,14
184,6.10654,37.03489,False,14
185,6.14104,28.05711,False,14
186,6.01613,37.0403,False,14
188,1.06385,37.10111,False,14
189,34.10526,34.03508,False,14
190,6.09678,23.01713,False,14
191,6.0533,30.12393,False,14
192,6.12922,25.09339,False,14
193,36.12224,35.06947,False,14
194,6.06377,25.06274,False,14
195,6.10077,28.04693,False,14
197,2.10798,30.14303,False,14
198,6.05223,25.08265,False,14
199,23.02018,29.06575,False,14
200,6.12806,6.08913,False,14
201,6.09375,5.11831,False,14
202,37.02036,37.01688,False,14
203,30.04079,30.14193,False,14
204,4.00467,30.08473,False,14
206,2.10003,30.10543,False,14
207,6.1129,28.09676,False,14
208,5.13399,5.13514,False,14
209,28.12467,28.08763,False,14
210,28.06768,28.14014,False,14
211,33.10363,28.09693,False,14
212,4.09824,5.11428,False,14
213,5.10546,13.13099,False,14
216,6.08621,28.11328,False,14
217,6.14084,29.12642,False,14
218,6.04313,30.06867,False,14
219,6.12602,25.12193,False,14
222,5.06013,28.11126,False,14
225,33.12509,33.06873,False,14
226,6.11411,35.12644,False,14
227,34.01142,37.02004,False,14
229,33.07882,33.11454,False,14
230,33.06951,33.10371,False,14
233,6.03951,30.06134,False,14
234,33.0164,30.02883,False,14
235,33.03099,30.09732,False,14
236,4.04785,4.0305,False,14
237,6.00138,5.12397,False,14
242,4.04887,24.07244,False,14
243,6.12428,6.00658,False,14
251,34.0749,34.06372,False,14
252,6.11988,28.07696,False,14
253,4.02481,30.09523,False,14
254,1.0206,4.10092,False,14
255,3.06103,13.01361,False,14
256,2.07058,30.00518,False,14
257,4.09311,20.1089,False,14
258,5.07275,18.05367,False,14
259,33.04311,5.10834,False,14
260,5.10277,5.09965,False,14
262,1.02139,36.04259,False,14
263,3.11147,6.00489,False,14
264,6.12566,29.10941,False,14
265,5.12822,6.0129,False,14
270,33.05518,6.12572,False,14
271,6.06662,28.05798,False,14
272,6.06028,5.14032,False,14
273,6.00122,5.13648,False,14
274,6.00812,5.07789,False,14
275,33.0535,6.08237,False,14
280,3.10007,5.07368,False,14
289,5.13708,29.11048,False,14
290,6.11436,6.10936,False,14
291,6.13522,6.12106,False,14
292,5.05129,6.13278,False,14
293,15.11675,30.13422,False,14
294,10.01356,6.01999,False,14
295,25.07225,36.0519,False,14
296,20.09028,4.12058,False,14
297,6.04589,35.08064,False,14
298,1.0245,33.10975,False,14
299,6.09099,34.06404,False,14
300,6.07612,33.14241,False,14
301,4.06519,33.05168,False,14
302,5.02185,35.06524,False,14
303,5.13531,33.01306,False,14
308,3.08532,31.08449,False,14
317,3.12852,22.00869,False,14
318,4.13539,36.02159,False,14
319,5.07939,30.1081,False,14
320,4.07056,27.05471,False,14
321,4.08216,34.00162,False,14
322,5.09995,18.02818,False,14
323,2.134,17.0446,False,14
324,1.06478,23.04384,False,14
325,2.09652,25.11708,False,14
326,3.12676,18.07523,False,14
328,5.13773,25.13077,False,14
329,20.13191,31.00582,False,14
330,6.02906,30.14383,False,14
331,5.03637,20.13211,False,14
332,6.13526,20.13121,False,14
333,33.02859,30.11949,False,14
334,6.0939,6.09334,False,14
335,5.12903,30.0805,False,14
336,5.10634,30.13054,False,14
337,6.0389,25.13633,False,14
339,5.12871,28.0619,False,14
340,1.0,1.09019,True,14
341,1.0,25.13456,True,14
342,36.11433,5.13607,False,14
343,1.0,1.0,True,14
346,6.03492,27.13374,False,14
347,6.13471,33.10473,False,14
348,6.06343,27.07922,False,14
349,2.10911,25.04289,False,14
350,6.12781,29.06577,False,14
351,6.12764,25.11874,False,14
352,6.06773,34.00117,False,14
353,34.06421,37.09191,False,14
354,34.07125,34.06241,False,14
355,5.10413,23.08469,False,14
357,5.11202,29.09463,False,14
358,6.03263,28.00776,False,14
359,6.02312,32.07512,False,14
361,6.07286,25.1183,False,14
363,35.11321,35.08328,False,14
364,35.036,35.03242,False,14
365,3.08865,23.025,False,14
366,5.09711,5.13844,False,14
367,35.02137,35.00472,False,14
370,6.07474,28.07919,False,14
371,6.14725,33.0844,False,14
372,6.12978,33.07327,False,14
373,6.03716,6.11772,False,14
374,1.08683,37.11904,False,14
375,5.02321,23.01748,False,14
376,6.11175,5.05795,False,14
377,2.13302,1.0,False,14
378,33.08487,28.10325,False,14
379,28.04043,5.08403,False,14
380,34.03241,33.09848,False,14
381,6.13304,5.01777,False,14
383,5.07713,29.03458,False,14
384,6.12278,28.03495,False,14
385,2.09618,25.13963,False,14
386,1.07221,27.0096,False,14
387,1.08959,34.07663,False,14
388,2.14008,5.13118,False,14
389,2.09997,7.00427,False,14
390,3.14342,27.0297,False,14
391,2.05999,23.06004,False,14
394,5.07287,30.04953,False,14
395,35.0011,2.13686,False,14
396,35.05772,3.03977,False,14
397,35.00047,4.14337,False,14
398,35.08524,33.06159,False,14
403,6.07689,19.03511,False,14
404,35.07572,34.01126,False,14
405,35.0319,5.04606,False,14
406,6.01513,4.08969,False,14
407,29.08272,28.11463,False,14
408,1.0,4.02052,True,14
412,10.01614,34.12571,False,14
413,20.05179,25.09154,False,14
414,10.03904,31.06346,False,14
415,30.10553,28.05333,False,14
416,33.0466,20.11599,False,14
417,6.1334,28.11439,False,14
418,35.10682,35.07851,False,14
419,33.09305,33.08295,False,14
420,33.11654,33.05228,False,14
421,33.14211,33.10366,False,14
422,30.02108,28.12139,False,14
423,6.05699,23.12213,False,14
425,6.01759,37.08013,False,14
426,6.05691,33.11344,False,14
427,6.07258,6.14244,False,14
428,33.08773,33.1186,False,14
429,33.00218,28.14339,False,14
1,6.02847,23.12348,False,15
3,4.07493,4.04902,False,15
5,6.01115,37.13498,False,15
6,5.08755,33.02214,False,15
7,4.06361,1.0,False,15
9,5.01086,5.06712,False,15
10,5.0182,4.04988,False,15
11,6.13193,1.0,False,15
13,6.10083,6.0851,False,15
17,6.03843,28.09121,False,15
18,6.04556,6.01462,False,15
19,1.0,33.00884,True,15
21,6.02935,18.08613,False,15
22,6.10625,6.09202,False,15
25,6.01152,19.02734,False,15
29,3.11918,5.1391,False,15
30,6.08185,6.14674,False,15
69,2.11334,24.05126,False,15
70,28.13784,23.0752,False,15
71,6.09659,6.0904,False,15
72,33.09603,33.05256,False,15
73,28.14295,28.13375,False,15
74,33.04007,37.07856,False,15
75,34.01745,33.13322,False,15
76,6.13848,6.12481,False,15
77,18.03613,6.07074,False,15
78,6.05802,23.11297,False,15
79,6.11249,6.09491,False,15
82,6.00798,29.14472,False,15
83,3.09077,18.00169,False,15
84,33.11272,1.0,False,15
85,1.0,2.04444,True,15
86,1.0,29.0397,True,15
91,5.07803,5.12944,False,15
92,6.07422,28.00382,False,15
93,6.11115,23.13149,False,15
95,3.09122,5.11913,False,15
98,5.05425,30.00165,False,15
99,22.07502,34.12345,False,15
100,6.11227,35.01912,False,15
101,5.13537,23.13896,False,15
103,6.04197,25.12634,False,15
104,6.03471,30.12105,False,15
106,3.09811,28.03936,False,15
107,4.00059,26.04669,False,15
109,6.14082,34.01596,False,15
110,6.08127,28.00111,False,15
111,5.03481,33.10713,False,15
112,4.00087,22.14117,False,15
113,5.09196,28.14297,False,15
114,2.01946,5.14404,False,15
115,6.04416,5.14563,False,15
116,3.13361,28.1156,False,15
117,4.04776,5.10607,False,15
118,2.08569,18.10368,False,15
120,2.04671,34.1224,False,15
121,2.0457,5.12159,False,15
122,2.02048,5.13973,False,15
123,2.00924,6.14285,False,15
124,2.11726,37.13875,False,15
125,35.0016,34.01387,False,15
126,35.0141,30.12682,False,15
127,6.10595,24.12391,False,15
128,6.03092,30.1163,False,15
129,6.09404,30.13119,False,15
130,35.11863,35.09866,False,15
131,4.00681,5.00239,False,15
133,3.00653,5.13097,False,15
134,4.02841,5.14124,False,15
135,4.0477,4.01824,False,15
136,4.01874,4.12918,False,15
137,4.04843,5.1364,False,15
139,5.12283,5.00807,False,15
140,4.05079,3.01158,False,15
141,6.05516,2.13687,False,15
142,3.09347,3.07115,False,15
143,1.0037,5.13557,False,15
144,4.14442,5.07552,False,15
145,1.0,30.08692,True,15
146,1.0,1.0,True,15
147,2.01237,1.0,False,15
148,1.0,1.0,True,15
149,1.0,18.01788,True,15
150,35.1222,1.0,False,15
151,1.0,1.09533,True,15
153,6.12512,6.11916,False,15
154,6.05063,23.05836,False,15
155,4.1161200000000004,23.07716,False,15
156,6.03618,5.14137,False,15
157,1.0603,5.09766,False,15
158,4.12945,18.14529,False,15
159,3.09687,23.04981,False,15
160,4.10988,23.03298,False,15
161,4.12086,18.07528,False,15
162,34.12669,29.04244,False,15
164,5.06683,37.13013,False,15
165,35.05309,6.03869,False,15
166,35.03997,30.07171,False,15
167,6.11463,5.00363,False,15
168,35.12597,1.0,False,15
169,35.01852,30.08056,False,15
173,6.02136,29.10714,False,15
175,3.10789,3.05553,False,15
176,5.07479,5.11749,False,15
177,6.11074,30.03454,False,15
178,34.00655,35.0448,False,15
179,6.14323,34.11075,False,15
180,28.02223,28.1238,False,15
181,33.05119,35.01702,False,15
182,6.14058,10.02334,False,15
183,6.11533,35.142,False,15
184,6.07607,37.00836,False,15
185,6.0806000000000004,28.02988,False,15
186,6.03795,37.0698,False,15
188,1.0267,30.09749,False,15
189,34.14223,34.08214,False,15
190,6.11697,23.02424,False,15
191,6.07997,30.02932,False,15
192,6.13956,25.13969,False,15
193,36.09926,35.0081,False,15
194,6.09569,25.09368,False,15
195,6.1448,28.04434,False,15
197,1.00218,29.12028,False,15
198,6.02853,25.09644,False,15
199,6.10969,30.03389,False,15
200,6.0626,6.05437,False,15
201,6.01831,5.14639,False,15
202,37.07281,37.05222,False,15
203,30.05267,30.09079,False,15
204,4.06684,30.12774,False,15
206,2.07168,30.00398,False,15
207,6.09425,28.13463,False,15
208,5.012,5.07547,False,15
209,28.01721,28.08547,False,15
210,28.02901,28.13899,False,15
211,33.11485,28.09755,False,15
212,5.06857,4.1344899999999996,False,15
213,5.14213,13.09385,False,15
216,6.10929,28.08277,False,15
217,6.13825,29.00092,False,15
218,6.07951,30.02099,False,15
219,6.13122,25.05561,False,15
222,5.10373,28.12414,False,15
225,33.13163,33.12935,False,15
226,6.06992,35.08196,False,15
227,34.01755,37.01239,False,15
229,33.10805,33.09351,False,15
230,33.08425,33.10729,False,15
233,6.06594,30.12821,False,15
234,33.01907,30.07162,False,15
235,33.03995,30.06488,False,15
236,4.01402,4.06577,False,15
237,6.08358,5.07345,False,15
242,4.04229,24.13766,False,15
243,6.04945,6.0028,False,15
251,34.11335,34.03553,False,15
252,6.10619,28.00279,False,15
253,4.08989,30.12912,False,15
254,1.08484,4.03548,False,15
255,3.10704,13.14121,False,15
256,2.10331,30.04456,False,15
257,4.04121,20.00736,False,15
258,5.13866,18.035,False,15
259,33.02787,5.05848,False,15
260,5.14142,5.13441,False,15
262,1.00155,36.02393,False,15
263,3.10468,6.02467,False,15
264,6.14294,29.13109,False,15
265,5.13479,6.12852,False,15
270,33.07201,6.07106,False,15
271,6.0296,28.07586,False,15
272,6.00922,5.03807,False,15
273,6.03758,5.13812,False,15
274,6.01013,5.08814,False,15
275,33.01491,6.01309,False,15
280,3.04772,5.08725,False,15
289,5.12785,29.08239,False,15
290,6.10914,6.09227,False,15
291,6.14703,6.13609,False,15
292,5.00861,6.06624,False,15
293,15.11242,30.10916,False,15
294,10.00557,15.01646,False,15
295,25.04178,36.12653,False,15
296,20.02094,4.12883,False,15
297,6.1053,35.09373,False,15
298,1.07986,33.04095,False,15
299,6.07037,34.04078,False,15
300,6.07289,33.10991,False,15
301,4.11468,33.09772,False,15
302,5.06105,35.05721,False,15
303,5.00613,33.11276,False,15
308,3.03419,31.1035,False,15
317,4.04025,22.08694,False,15
318,4.07812,36.05937,False,15
319,5.12009,30.11925,False,15
320,4.05235,27.02766,False,15
321,3.07166,34.00729,False,15
322,5.08339,18.12246,False,15
323,2.02171,17.14517,False,15
324,2.01017,23.04506,False,15
325,2.00148,25.12397,False,15
326,4.10294,18.09699,False,15
328,5.07038,25.07896,False,15
329,6.11235,31.05594,False,15
330,6.08435,30.08628,False,15
331,5.03989,20.09123,False,15
332,6.1466899999999995,20.08426,False,15
333,33.05193,30.14288,False,15
334,6.08746,6.10039,False,15
335,5.0353,30.12599,False,15
336,5.11917,30.14103,False,15
337,6.0006,25.13407,False,15
339,5.09023,28.0243,False,15
340,1.0,1.09703,True,15
341,1.0,25.13666,True,15
342,36.06924,5.0216,False,15
343,1.0,1.0,True,15
346,6.06245,27.09895,False,15
347,6.06895,33.12161,False,15
348,6.05115,27.14019,False,15
349,2.06,25.12649,False,15
350,6.1388,29.02354,False,15
351,6.13579,25.1155,False,15
352,6.04359,34.06463,False,15
353,34.0619,37.05864,False,15
354,34.07193,34.01349,False,15
355,5.0363,23.04033,False,15
357,5.08623,28.01042,False,15
358,6.06066,28.11595,False,15
359,6.03156,32.00126,False,15
361,6.03787,25.12093,False,15
363,35.11624,35.11156,False,15
364,35.09246,35.08895,False,15
365,3.05531,23.0395,False,15
366,5.11663,5.09002,False,15
367,35.06154,35.05109,False,15
370,6.07373,28.12092,False,15
371,6.14533,33.01642,False,15
372,6.1294,33.12729,False,15
373,6.0012,6.14228,False,15
374,1.09798,37.14164,False,15
375,5.04371,4.11707,False,15
376,6.08481,5.08751,False,15
377,2.09658,1.0,False,15
378,33.08233,28.10892,False,15
379,28.07624,5.11951,False,15
380,34.01278,33.10765,False,15
381,6.14362,5.07628,False,15
383,5.10679,28.12782,False,15
384,6.14089,30.07747,False,15
385,2.0186,30.00645,False,15
386,4.02685,27.09094,False,15
387,2.1256,34.14723,False,15
388,2.09008,5.13377,False,15
389,2.06009,7.05731,False,15
390,3.04953,27.11248,False,15
391,2.14101,23.01471,False,15
394,5.13535,30.09941,False,15
395,35.13026,2.14281,False,15
396,35.11404,3.08418,False,15
397,35.07324,4.05786,False,15
398,35.13379,33.09978,False,15
403,6.02065,19.01911,False,15
404,35.06153,34.11107,False,15
405,35.14501,5.0631,False,15
406,4.0642,1.0,False,15
407,29.11438,28.14518,False,15
408,1.0,4.10628,True,15
412,10.11772,34.07429,False,15
413,15.08134,25.03661,False,15
414,10.0571,31.00584,False,15
415,30.06445,28.09845,False,15
416,33.02816,20.07245,False,15
417,6.12555,28.05643,False,15
418,35.01224,35.00413,False,15
419,33.11374,33.04051,False,15
420,33.09238,33.0273,False,15
421,33.14325,33.03514,False,15
422,30.06729,28.12055,False,15
423,6.08222,23.12663,False,15
425,6.01661,5.12201,False,15
426,6.05082,33.13818,False,15
427,6.09129,6.12492,False,15
428,33.04537,33.12251,False,15
429,33.08729,28.07128,False,15
1,6.04465,23.13606,False,16
3,4.05637,4.04516,False,16
5,6.01287,37.04478,False,16
6,5.13771,33.01114,False,16
7,4.09603,1.0,False,16
9,5.02462,5.14125,False,16
10,4.08093,4.03405,False,16
11,6.13929,1.0,False,16
13,6.11795,6.07901,False,16
17,6.04149,28.03858,False,16
18,6.0346,6.03411,False,16
19,1.0,33.12094,True,16
21,6.07122,29.04713,False,16
22,6.12853,6.13504,False,16
25,6.01073,19.11921,False,16
29,3.10779,5.1158,False,16
30,6.06555,6.14308,False,16
69,2.06313,24.11309,False,16
70,28.12396,23.02637,False,16
71,6.06523,6.06457,False,16
72,33.04096,33.01801,False,16
73,28.0323,28.05389,False,16
74,33.04553,37.0266,False,16
75,34.0262,33.1154,False,16
76,6.12075,28.04803,False,16
77,18.06124,6.08898,False,16
78,6.0261,29.04242,False,16
79,6.1225,6.12222,False,16
82,6.03318,29.05017,False,16
83,3.11601,18.0474,False,16
84,33.0716,1.0,False,16
85,1.0,2.0118,True,16
86,1.0,29.07089,True,16
91,5.12003,5.13158,False,16
92,6.07965,6.07718,False,16
93,6.11875,23.02856,False,16
95,4.03583,5.08534,False,16
98,5.01003,30.12114,False,16
99,22.07323,34.07612,False,16
100,6.07281,35.03842,False,16
101,5.14514,23.10313,False,16
103,6.14409,25.10348,False,16
104,6.02454,30.14726,False,16
106,3.02437,28.10647,False,16
107,4.0629,26.14593,False,16
109,6.1014,34.091,False,16
110,6.09212,28.05589,False,16
111,3.13691,33.07345,False,16
112,4.08502,22.00696,False,16
113,5.06311,28.11752,False,16
114,2.09178,5.08386,False,16
115,6.04085,5.08382,False,16
116,3.1166,28.12477,False,16
117,4.00804,5.12379,False,16
118,2.13059,18.11785,False,16
120,2.11063,34.10812,False,16
121,2.07009,5.14318,False,16
122,2.05482,5.13981,False,16
123,2.1246,6.0712,False,16
124,5.05233,37.13419,False,16
125,35.04766,34.00616,False,16
126,35.07097,30.12685,False,16
127,6.02816,24.06607,False,16
128,4.08209,30.05238,False,16
129,6.14396,30.04645,False,16
130,35.11822,35.10499,False,16
131,4.0759,5.09113,False,16
133,3.0055,5.04926,False,16
134,4.00294,5.12356,False,16
135,6.04496,4.06599,False,16
136,4.08497,4.05013,False,16
137,4.04122,5.11532,False,16
139,5.02995,5.002,False,16
140,4.0036,3.0166,False,16
141,6.06642,2.14354,False,16
142,3.0344,3.02247,False,16
143,1.0039,5.00128,False,16
144,4.00029,5.12501,False,16
145,30.03812,1.0,False,16
146,1.0,1.0,True,16
147,2.02733,1.0,False,16
148,1.0,1.0,True,16
149,1.0,18.04076,True,16
150,35.12829,1.0,False,16
151,1.0,1.02956,True,16
153,6.1311,6.11237,False,16
154,6.01927,28.12968,False,16
155,4.07992,23.01688,False,16
156,5.04829,28.04823,False,16
157,1.01836,5.01175,False,16
158,4.04435,18.13969,False,16
159,1.01686,23.04283,False,16
160,4.12055,23.09103,False,16
161,4.11983,18.0571,False,16
162,34.12338,29.01377,False,16
164,5.08514,37.13418,False,16
165,35.09392,6.06828,False,16
166,35.06095,30.08459,False,16
167,6.05738,5.05977,False,16
168,35.14711,1.0,False,16
169,35.09146,30.0014,False,16
173,6.01433,28.1321,False,16
175,3.13672,3.13157,False,16
176,5.0483,5.07882,False,16
177,6.09404,30.14718,False,16
178,34.00335,35.01826,False,16
179,6.14453,34.11543,False,16
180,28.11747,28.03256,False,16
181,33.10942,35.03916,False,16
182,6.14167,25.10044,False,16
183,6.02597,35.14451,False,16
184,6.10123,37.0184,False,16
185,6.13801,28.02779,False,16
186,6.0234,37.06156,False,16
188,1.02129,30.13887,False,16
189,34.14478,34.11715,False,16
190,6.11444,23.1038,False,16
191,6.0279,30.06503,False,16
192,6.07378,25.07174,False,16
193,36.07864,35.05413,False,16
194,6.13331,25.08522,False,16
195,6.09915,28.02916,False,16
197,1.10089,30.11168,False,16
198,6.10091,25.07644,False,16
199,6.12097,30.08222,False,16
200,6.12721,6.09271,False,16
201,6.13285,5.11087,False,16
202,37.00578,37.07464,False,16
203,30.01204,30.11283,False,16
204,6.07161,30.09405,False,16
206,2.11931,30.12806,False,16
207,6.0964,28.0589,False,16
208,5.01131,5.12151,False,16
209,28.03574,28.14413,False,16
210,28.01054,28.14225,False,16
211,33.01173,28.02874,False,16
212,5.07613,4.14216,False,16
213,5.11954,13.09195,False,16
216,6.11241,28.1319,False,16
217,6.13657,29.06576,False,16
218,6.13687,30.10005,False,16
219,6.12875,25.1451,False,16
222,5.0455,28.1286,False,16
225,33.12965,33.04562,False,16
226,6.08772,35.03664,False,16
227,34.06918,37.02653,False,16
229,33.08846,33.12221,False,16
230,33.04446,33.06229,False,16
233,6.01026,30.12565,False,16
234,33.05814,30.05875,False,16
235,33.07963,30.03614,False,16
236,4.10653,4.06923,False,16
237,6.0412,5.04425,False,16
242,4.12812,24.09083,False,16
243,6.08677,6.01678,False,16
251,34.11218,34.10837,False,16
252,6.13028,28.13846,False,16
253,4.0418,30.08204,False,16
254,1.08471,4.07288,False,16
255,3.06139,13.01918,False,16
256,2.14256,30.03408,False,16
257,4.00264,20.05695,False,16
258,5.00641,18.08385,False,16
259,33.03946,5.0391,False,16
260,5.10792,5.00921,False,16
262,1.00009,36.11489,False,16
263,3.13485,6.02396,False,16
264,6.06465,29.04774,False,16
265,5.14528,6.14518,False,16
270,33.03279,6.09316,False,16
271,6.09163,28.04793,False,16
272,6.05209,5.11397,False,16
273,6.02763,5.13377,False,16
274,6.05491,5.08287,False,16
275,33.03076,6.12797,False,16
280,3.07985,5.1406,False,16
289,5.12632,29.06485,False,16
290,6.07194,6.07819,False,16
291,6.11257,6.1258,False,16
292,5.026,6.05258,False,16
293,15.09294,30.13535,False,16
294,10.05126,10.02009,False,16
295,25.10746,36.03806,False,16
296,20.00925,4.12171,False,16
297,6.00346,35.12566,False,16
298,1.1183,33.00864,False,16
299,6.06499,34.02677,False,16
300,4.1422,33.11572,False,16
301,4.1381499999999996,33.04868,False,16
302,5.07163,35.01586,False,16
303,5.12988,33.10184,False,16
308,3.03804,31.07712,False,16
317,4.01673,22.0445,False,16
318,6.00547,36.06254,False,16
319,5.1369299999999996,30.13665,False,16
320,4.09429,27.12807,False,16
321,4.02177,34.1121,False,16
322,5.02181,18.06491,False,16
323,2.07395,17.00025,False,16
324,1.0916,23.13159,False,16
325,2.06557,25.02283,False,16
326,3.10552,18.13918,False,16
328,5.11799,25.00225,False,16
329,6.14679,31.03162,False,16
330,6.08731,30.137,False,16
331,5.02444,20.05779,False,16
332,5.12959,30.0499,False,16
333,33.12506,30.01452,False,16
334,6.02193,6.05127,False,16
335,5.05,30.14513,False,16
336,5.08161,30.08754,False,16
337,6.00391,25.1119,False,16
339,5.07919,28.13051,False,16
340,1.0,1.1181,True,16
341,1.0,25.06093,True,16
342,36.11465,5.12494,False,16
343,1.0,1.0,True,16
346,6.06891,27.05624,False,16
347,6.11719,33.0817,False,16
348,6.03592,27.09496,False,16
349,2.03986,25.07129,False,16
350,6.13777,29.12787,False,16
351,6.10315,25.08615,False,16
352,6.09581,34.0843,False,16
353,34.0138,37.07319,False,16
354,34.08839,34.0682,False,16
355,5.01091,23.12063,False,16
357,5.08907,29.11915,False,16
358,6.00721,28.1006,False,16
359,6.01635,32.12865,False,16
361,6.02195,25.12505,False,16
363,35.11392,35.09498,False,16
364,35.08373,35.04238,False,16
365,3.05595,23.13686,False,16
366,5.12041,5.11313,False,16
367,35.08165,35.08056,False,16
370,6.07603,28.12198,False,16
371,6.13095,33.11102,False,16
372,6.11351,33.12034,False,16
373,6.02442,6.07437,False,16
374,1.01217,37.11342,False,16
375,5.06514,4.03923,False,16
376,6.07903,5.03511,False,16
377,6.03285,2.06635,False,16
378,33.0963,28.04142,False,16
379,28.00567,5.13389,False,16
380,34.02075,33.07046,False,16
381,6.128,5.0545,False,16
383,5.10641,28.064329999999998,False,16
384,6.0983,30.0538,False,16
385,2.11562,25.12136,False,16
386,4.00907,27.1091,False,16
387,1.07026,34.00406,False,16
388,2.0998,5.12029,False,16
389,2.11411,7.06873,False,16
390,3.09266,27.04968,False,16
391,4.08414,23.14031,False,16
394,5.10662,30.04002,False,16
395,35.04349,2.06709,False,16
396,35.00103,3.11018,False,16
397,35.02459,4.12377,False,16
398,35.12958,33.053,False,16
403,6.0464,19.04527,False,16
404,35.12885,34.14229,False,16
405,35.10081,5.07723,False,16
406,4.00502,1.0,False,16
407,29.00544,28.00841,False,16
408,1.0,4.14039,True,16
412,10.09454,34.12175,False,16
413,20.00795,25.14191,False,16
414,10.04719,31.04365,False,16
415,30.03959,28.01585,False,16
416,33.01809,20.04567,False,16
417,6.12582,28.08177,False,16
418,35.05374,35.04707,False,16
419,33.12282,33.06331,False,16
420,33.05582,33.01958,False,16
421,33.05665,33.00522,False,16
422,28.07141,30.04037,False,16
423,6.02503,23.07266,False,16
425,5.006,37.12987,False,16
426,6.07977,33.11181,False,16
427,6.11127,6.12878,False,16
428,33.05722,33.04819,False,16
429,33.02545,28.1251,False,16
1,6.06478,23.0226,False,17
3,4.09424,4.02861,False,17
5,6.00852,37.04298,False,17
6,5.08893,33.0283,False,17
7,4.00658,1.0,False,17
9,5.02533,5.10732,False,17
10,4.02838,4.12715,False,17
11,6.11858,1.0,False,17
13,6.08616,6.05549,False,17
17,6.01906,28.12036,False,17
18,6.08733,6.07564,False,17
19,1.0,33.11869,True,17
21,6.06486,18.12112,False,17
22,6.13661,6.10682,False,17
25,6.02659,19.0341,False,17
29,2.06577,5.13219,False,17
30,6.06212,6.09519,False,17
69,2.12029,24.12814,False,17
70,28.02892,23.07413,False,17
71,6.07213,28.12452,False,17
72,33.0858,33.00964,False,17
73,28.07747,28.01716,False,17
74,33.03843,37.08672,False,17
75,34.02978,33.13339,False,17
76,6.13977,6.122,False,17
77,18.11327,6.1338,False,17
78,6.04043,29.04913,False,17
79,6.08333,6.07353,False,17
82,3.03849,29.1211,False,17
83,3.06016,18.04875,False,17
84,33.08166,1.0,False,17
85,1.0,2.0849,True,17
86,1.0,29.05618,True,17
91,5.10024,5.13528,False,17
92,6.09474,28.13546,False,17
93,6.10666,23.1356,False,17
95,4.03305,5.13708,False,17
98,5.1042,30.01131,False,17
99,22.06393,34.12828,False,17
100,6.11125,35.05022,False,17
101,5.11413,23.10166,False,17
103,6.12676,25.05725,False,17
104,6.01929,30.00079,False,17
106,3.07014,28.13251,False,17
107,4.03325,26.09283,False,17
109,6.13461,34.03898,False,17
110,6.062,28.12197,False,17
111,5.05698,33.00918,False,17
112,4.05398,22.0568,False,17
113,5.10509,28.09178,False,17
114,2.07303,5.06106,False,17
115,6.02819,5.08311,False,17
116,3.13582,28.13925,False,17
117,4.01571,5.1203,False,17
118,2.00001,18.12381,False,17
120,2.10795,34.00008,False,17
121,3.04251,5.11974,False,17
122,1.06799,5.09117,False,17
123,2.06203,6.05375,False,17
124,2.07846,37.07933,False,17
125,35.10559,34.14705,False,17
126,35.03942,30.14564,False,17
127,6.03733,24.05916,False,17
128,4.11439,30.0412,False,17
129,6.13929,30.14405,False,17
130,35.10442,35.08724,False,17
131,4.00306,5.04912,False,17
133,3.03275,5.14074,False,17
134,4.00594,5.11022,False,17
135,2.13534,4.13615,False,17
136,4.0536200000000004,4.11176,False,17
137,1.0,5.11787,True,17
139,5.1352,5.06602,False,17
140,4.00513,3.03602,False,17
141,6.08097,2.10264,False,17
142,3.12116,3.03705,False,17
143,1.1202,5.06804,False,17
144,4.08084,5.10915,False,17
145,1.0,30.0612,True,17
146,1.0,1.0,True,17
147,2.02113,1.0,False,17
148,1.0,1.0,True,17
149,1.0,18.02765,True,17
150,35.01869,1.0,False,17
151,1.0,1.08328,True,17
153,6.10317,6.08783,False,17
154,6.02054,23.09498,False,17
155,4.11596,5.10943,False,17
156,6.03542,5.14659,False,17
157,1.06094,5.03429,False,17
158,4.14506,18.063,False,17
159,3.10415,23.09114,False,17
160,4.0993,23.1115,False,17
161,4.10879,18.00693,False,17
162,34.08875,29.07315,False,17
164,5.02059,37.08353,False,17
165,35.06243,6.035,False,17
166,35.09564,30.11955,False,17
167,6.10887,5.13564,False,17
168,35.06275,1.0,False,17
169,35.06668,30.0676,False,17
173,6.01159,29.10997,False,17
175,3.0806,3.0815,False,17
176,5.02047,5.05888,False,17
177,6.1139,30.09137,False,17
178,34.01741,35.01035,False,17
179,6.14519,34.00133,False,17
180,28.1144,28.09157,False,17
181,33.05107,35.06011,False,17
182,6.14228,25.1422,False,17
183,6.12416,35.10621,False,17
184,6.1398,37.09468,False,17
185,6.12326,28.08059,False,17
186,6.01956,37.14201,False,17
188,1.06175,30.09889,False,17
189,34.12658,34.02376,False,17
190,6.14573,23.06655,False,17
191,6.06433,30.08188,False,17
192,6.0901,25.03664,False,17
193,36.06916,35.0241,False,17
194,6.13446,25.10851,False,17
195,6.0229800000000004,28.04437,False,17
197,1.01162,30.1082,False,17
198,6.0545,25.01111,False,17
199,23.02251,29.07456,False,17
200,6.10909,6.02724,False,17
201,6.0013,5.09877,False,17
202,37.04307,37.03865,False,17
203,30.09524,30.08803,False,17
204,4.08842,30.14048,False,17
206,2.00648,30.07125,False,17
207,6.0719899999999996,28.12191,False,17
208,5.07047,5.14689,False,17
209,28.05255,28.03339,False,17
210,28.13214,28.1246,False,17
211,33.00242,28.0617,False,17
212,5.05718,4.12244,False,17
213,5.13412,13.05021,False,17
216,6.1081,28.11765,False,17
217,6.13972,29.00826,False,17
218,6.09065,30.11959,False,17
219,6.14172,25.0703,False,17
222,5.13731,28.13841,False,17
225,33.11503,33.08911,False,17
226,6.11287,35.13459,False,17
227,34.11068,37.02509,False,17
229,33.05118,33.11637,False,17
230,33.03002,33.06462,False,17
233,6.01703,30.14221,False,17
234,33.00225,30.00566,False,17
235,33.12637,30.1186,False,17
236,4.06958,4.02185,False,17
237,6.03169,5.07759,False,17
242,4.04189,24.09962,False,17
243,6.01847,6.01338,False,17
251,34.07245,34.07196,False,17
252,6.07027,28.04745,False,17
253,4.00972,30.02385,False,17
254,1.00626,4.11985,False,17
255,3.06748,13.08768,False,17
256,2.00298,30.146,False,17
257,4.05954,20.02239,False,17
258,5.06121,18.12331,False,17
259,33.11474,5.06878,False,17
260,5.0347,5.03492,False,17
262,1.06034,36.02249,False,17
263,3.11379,6.04741,False,17
264,6.14685,29.10744,False,17
265,5.14256,6.12339,False,17
270,33.02944,6.12942,False,17
271,6.14663,28.11319,False,17
272,6.07399,5.10103,False,17
273,6.05445,5.08217,False,17
274,6.07712,5.12097,False,17
275,33.04732,6.04057,False,17
280,3.11752,5.13914,False,17
289,5.14218,29.14185,False,17
290,6.07316,6.09929,False,17
291,6.13296,6.13655,False,17
292,5.00283,6.07072,False,17
293,15.09426,31.06481,False,17
294,10.02854,10.1337,False,17
295,25.02406,36.09149,False,17
296,20.01937,4.03171,False,17
297,6.06543,35.06831,False,17
298,1.01789,33.00774,False,17
299,6.08964,34.06073,False,17
300,6.09317,33.14567,False,17
301,4.11126,33.08388,False,17
302,5.09039,35.02534,False,17
303,5.01442,33.11608,False,17
308,3.11166,31.04137,False,17
317,4.00062,22.00885,False,17
318,4.01576,36.06904,False,17
319,5.11042,30.11189,False,17
320,4.07205,27.10294,False,17
321,3.03953,34.05405,False,17
322,5.02058,18.06165,False,17
323,2.13974,17.04554,False,17
324,2.04747,23.12634,False,17
325,2.01867,25.06879,False,17
326,3.13152,18.09418,False,17
328,5.06267,25.11884,False,17
329,20.13996,31.0575,False,17
330,6.02094,30.14734,False,17
331,5.00985,20.13067,False,17
332,6.10443,20.13959,False,17
333,33.02904,30.01608,False,17
334,6.08326,6.06561,False,17
335,5.05407,30.10347,False,17
336,5.10937,30.10892,False,17
337,6.07328,25.009,False,17
339,5.10136,28.04016,False,17
340,1.0,1.03587,True,17
341,1.0,25.11584,True,17
342,36.03228,5.09737,False,17
343,1.0,1.0,True,17
346,6.03592,27.12908,False,17
347,6.10935,33.07611,False,17
348,6.05169,27.06286,False,17
349,2.05492,25.04105,False,17
350,28.0793,29.01401,False,17
351,6.13953,25.07215,False,17
352,6.06439,34.01562,False,17
353,34.09437,37.0882,False,17
354,34.05058,34.03975,False,17
355,5.011,23.05002,False,17
357,5.11822,29.14324,False,17
358,6.00171,28.09864,False,17
359,6.02005,32.08795,False,17
361,6.07544,25.10074,False,17
363,35.06527,35.0609,False,17
364,35.13174,35.10492,False,17
365,3.05471,23.11873,False,17
366,5.0821,5.06471,False,17
367,35.08933,35.0072,False,17
370,6.087,28.13604,False,17
371,6.11911,33.09168,False,17
372,6.14407,33.0314,False,17
373,6.0323,6.14671,False,17
374,1.01004,37.13618,False,17
375,5.13889,23.10055,False,17
376,6.14155,5.06268,False,17
377,2.02304,1.0,False,17
378,33.07539,28.0759,False,17
379,28.12525,5.07018,False,17
380,34.09036,33.02501,False,17
381,6.01351,5.01297,False,17
383,5.09082,29.00647,False,17
384,6.07071,30.14448,False,17
385,2.08001,25.13033,False,17
386,1.04106,27.08151,False,17
387,2.06766,34.13854,False,17
388,3.14579,5.14309,False,17
389,2.08574,7.01298,False,17
390,3.12518,27.09412,False,17
391,4.00932,23.10787,False,17
394,5.06345,30.02305,False,17
395,35.0046,2.10944,False,17
396,35.14476,3.08495,False,17
397,35.01834,4.0744299999999996,False,17
398,35.04162,33.07469,False,17
403,6.05508,19.07324,False,17
404,35.06334,34.1435,False,17
405,35.07964,5.14087,False,17
406,6.01072,4.06311,False,17
407,29.01612,28.08167,False,17
408,1.0,4.02908,True,17
412,10.01479,34.08952,False,17
413,20.1264,15.13338,False,17
414,10.14712,31.00324,False,17
415,30.11367,28.05522,False,17
416,33.01141,20.11699,False,17
417,6.126,28.00252,False,17
418,35.12208,35.09133,False,17
419,33.11241,33.09749,False,17
420,33.10239,33.02479,False,17
421,33.02569,33.00618,False,17
422,28.09838,30.08421,False,17
423,6.11774,23.06781,False,17
425,6.03597,37.13645,False,17
426,6.05394,33.13455,False,17
427,6.09686,6.12032,False,17
428,33.10265,33.0924,False,17
429,33.02321,28.0624,False,17
1,6.07888,23.00504,False,18
3,4.14643,4.10013,False,18
5,6.02857,37.06812,False,18
6,5.09449,33.01945,False,18
7,4.0166,1.0,False,18
9,4.01228,5.12533,False,18
10,4.07451,4.04773,False,18
11,6.093,1.0,False,18
13,6.06238,6.11521,False,18
17,6.02791,28.00086,False,18
18,6.02878,6.02703,False,18
19,1.0,33.09667,True,18
21,6.04629,29.12944,False,18
22,6.1128,6.13289,False,18
25,6.00604,19.07964,False,18
29,4.01691,5.12703,False,18
30,6.07728,6.12252,False,18
69,2.06994,24.06571,False,18
70,28.02721,23.09322,False,18
71,6.11037,28.01148,False,18
72,33.0328,33.01382,False,18
73,28.00348,28.12312,False,18
74,33.06719,37.02072,False,18
75,34.04543,33.14262,False,18
76,6.14474,6.14095,False,18
77,18.00224,6.13252,False,18
78,6.02194,29.00049,False,18
79,6.07838,6.07769,False,18
82,3.08303,29.04965,False,18
83,3.11374,18.00574,False,18
84,33.14495,1.0,False,18
85,1.0,2.05322,True,18
86,1.0,29.04093,True,18
91,5.09688,5.0893,False,18
92,6.10668,6.09751,False,18
93,6.09515,23.00925,False,18
95,4.0476,5.02659,False,18
98,5.14401,30.00267,False,18
99,22.12441,34.11416,False,18
100,6.12714,35.10691,False,18
101,3.12772,23.06064,False,18
103,6.12689,25.0894,False,18
104,6.0108,30.13119,False,18
106,3.12008,28.09477,False,18
107,4.04667,26.14327,False,18
109,6.07978,34.1206,False,18
110,6.08203,28.05832,False,18
111,3.14381,33.06389,False,18
112,3.09854,22.13307,False,18
113,5.10397,28.06525,False,18
114,2.07422,5.11722,False,18
115,6.02669,5.1392,False,18
116,3.04041,28.10396,False,18
117,4.14279,5.06729,False,18
118,2.0137,18.12954,False,18
120,2.13202,34.01803,False,18
121,2.14587,5.13272,False,18
122,1.05064,5.14241,False,18
123,2.09374,6.09472,False,18
124,2.02453,37.1411,False,18
125,35.07771,34.09709,False,18
126,35.11463,30.13439,False,18
127,6.03665,24.12089,False,18
128,6.0219,30.08071,False,18
129,6.06239,30.09473,False,18
130,35.10438,35.10125,False,18
131,4.08871,5.10738,False,18
133,3.08417,5.12988,False,18
134,4.11517,5.09802,False,18
135,6.08554,4.10431,False,18
136,4.04768,4.08028,False,18
137,1.0,5.12402,True,18
139,5.09787,5.06475,False,18
140,4.008,3.08282,False,18
141,6.14106,2.02457,False,18
142,3.13736,3.10172,False,18
143,1.09883,5.1058,False,18
144,4.11454,5.10597,False,18
145,30.05941,1.0,False,18
146,1.0,1.0,True,18
147,2.14058,1.0,False,18
148,1.0,1.0,True,18
149,1.0,18.08811,True,18
150,35.0916,1.0,False,18
151,1.0,1.06313,True,18
153,6.06785,6.0656,False,18
154,6.05141,28.00443,False,18
155,4.05654,23.14649,False,18
156,6.02998,5.13366,False,18
157,1.02197,5.10789,False,18
158,4.06209,18.033079999999998,False,18
159,1.03741,23.13144,False,18
160,4.12433,23.09122,False,18
161,4.0491,18.0063,False,18
162,34.13991,29.13192,False,18
164,5.13002,37.0289,False,18
165,35.01953,6.00843,False,18
166,35.07039,30.10827,False,18
167,6.00067,5.09496,False,18
168,35.11757,1.0,False,18
169,35.01785,30.06053,False,18
173,6.01107,29.05324,False,18
175,3.09649,3.09615,False,18
176,5.08535,5.04121,False,18
177,6.05863,30.14728,False,18
178,34.00012,35.03467,False,18
179,6.14063,34.12242,False,18
180,28.07966,28.05015,False,18
181,33.0086,35.03447,False,18
182,6.14465,10.0755,False,18
183,6.10631,35.0157,False,18
184,6.12259,37.04978,False,18
185,6.13903,28.13572,False,18
186,6.02065,37.09173,False,18
188,1.09104,30.14482,False,18
189,34.08444,34.05231,False,18
190,6.10584,23.00695,False,18
191,6.00784,30.12776,False,18
192,6.08356,25.02147,False,18
193,36.06931,35.07044,False,18
194,6.03009,25.07106,False,18
195,6.01642,28.09567,False,18
197,2.02483,29.08389,False,18
198,6.07854,25.10356,False,18
199,23.00366,29.14294,False,18
200,6.08395,6.07868,False,18
201,6.01999,5.13979,False,18
202,37.06544,37.05313,False,18
203,30.01702,30.07291,False,18
204,4.03271,30.06065,False,18
206,2.06845,30.03076,False,18
207,6.06938,28.1174,False,18
208,5.09844,5.14522,False,18
209,28.12651,28.08999,False,18
210,28.0125,28.07336,False,18
211,33.1074,28.04849,False,18
212,5.00996,4.09141,False,18
213,5.13326,13.0315,False,18
216,6.10031,28.03695,False,18
217,6.13756,29.00505,False,18
218,6.0871,30.09719,False,18
219,6.09146,25.10225,False,18
222,5.14442,28.11438,False,18
225,33.12984,33.09995,False,18
226,6.10907,35.02344,False,18
227,34.00145,37.06995,False,18
229,33.0921,33.09168,False,18
230,33.06929,33.03405,False,18
233,6.00864,30.07793,False,18
234,33.10954,30.12148,False,18
235,33.06809,30.07551,False,18
236,4.13719,4.06965,False,18
237,6.00785,5.07113,False,18
242,4.02918,24.11461,False,18
243,6.0586,6.0383,False,18
251,34.11977,34.1098,False,18
252,6.11278,28.00149,False,18
253,4.00371,30.11964,False,18
254,1.06964,4.05068,False,18
255,3.00882,13.08234,False,18
256,2.04517,30.00208,False,18
257,4.12303,20.09363,False,18
258,1.13795,18.1314,False,18
259,33.04604,5.03236,False,18
260,5.04203,5.07358,False,18
262,1.10493,36.04015,False,18
263,3.05098,6.02098,False,18
264,6.12491,29.04283,False,18
265,5.12184,6.01077,False,18
270,33.05201,6.07097,False,18
271,6.02033,28.0585,False,18
272,6.03861,5.09063,False,18
273,6.0251,5.12253,False,18
274,6.00068,5.09966,False,18
275,33.02369,6.08951,False,18
280,3.04119,5.04958,False,18
289,5.13895,28.10928,False,18
290,6.12349,6.12204,False,18
291,6.14092,6.10876,False,18
292,5.08541,6.04953,False,18
293,15.0897,30.04867,False,18
294,10.01684,15.10157,False,18
295,25.00638,36.00378,False,18
296,20.10466,4.14244,False,18
297,6.06977,35.12896,False,18
298,2.11905,33.0467,False,18
299,6.07818,34.05345,False,18
300,4.05543,33.11584,False,18
301,4.08237,33.02224,False,18
302,6.09875,35.00802,False,18
303,33.03349,33.12367,False,18
308,5.02042,31.06372,False,18
317,3.1285,22.13497,False,18
318,4.07649,36.14503,False,18
319,5.11636,30.07708,False,18
320,4.00034,27.05296,False,18
321,4.03891,34.12423,False,18
322,5.02795,18.02966,False,18
323,2.02723,17.02285,False,18
324,1.0131000000000001,23.02889,False,18
325,2.11795,25.11851,False,18
326,3.09885,18.00673,False,18
328,5.07977,25.07774,False,18
329,6.13849,31.1454,False,18
330,6.02906,30.03583,False,18
331,5.0151,20.06926,False,18
332,6.05315,20.12093,False,18
333,33.02253,30.05783,False,18
334,6.03013,6.01535,False,18
335,5.03147,30.08101,False,18
336,1.08564,30.13408,False,18
337,6.05146,25.04202,False,18
339,5.13014,28.02365,False,18
340,1.0,1.02717,True,18
341,1.0,25.08419,True,18
342,36.01292,5.07019,False,18
343,1.0,1.0,True,18
346,6.04797,27.12674,False,18
347,6.13016,33.05348,False,18
348,6.01037,27.13021,False,18
349,2.09691,25.05587,False,18
350,6.1357099999999996,29.13468,False,18
351,6.10541,25.04273,False,18
352,6.02887,34.01831,False,18
353,34.09259,37.06851,False,18
354,34.14139,34.13829,False,18
355,4.10049,23.03953,False,18
357,5.1255,29.13911,False,18
358,6.02935,28.03846,False,18
359,6.01488,32.08647,False,18
361,6.07794,25.10918,False,18
363,35.07338,35.06426,False,18
364,35.04542,35.01248,False,18
365,3.08094,23.07432,False,18
366,5.12057,5.1155,False,18
367,35.08412,35.02355,False,18
370,6.07042,28.14128,False,18
371,6.13254,33.04992,False,18
372,6.1455,33.12927,False,18
373,6.1014,6.10344,False,18
374,1.09282,37.10698,False,18
375,5.10424,4.05716,False,18
376,6.10555,5.10004,False,18
377,2.03449,1.0,False,18
378,33.09186,28.10774,False,18
379,28.05169,5.14516,False,18
380,34.05287,33.09708,False,18
381,6.00918,5.00625,False,18
383,5.05183,28.11259,False,18
384,6.09636,30.11649,False,18
385,2.03358,25.05984,False,18
386,4.05785,27.03524,False,18
387,1.11214,34.14672,False,18
388,2.05966,5.13848,False,18
389,2.06827,7.03471,False,18
390,3.03904,27.13273,False,18
391,5.04943,23.04686,False,18
394,5.08135,30.03097,False,18
395,35.12979,2.06836,False,18
396,35.05851,3.01824,False,18
397,35.02009,4.02625,False,18
398,35.03226,33.01204,False,18
403,6.06236,19.04158,False,18
404,35.13291,34.13108,False,18
405,35.05271,5.03816,False,18
406,6.05194,4.08296,False,18
407,29.14086,28.02832,False,18
408,1.0,4.14681,True,18
412,10.01023,34.1222,False,18
413,20.08722,25.10329,False,18
414,10.00971,31.06529,False,18
415,30.13306,28.13436,False,18
416,33.01409,20.0456,False,18
417,6.11201,28.03892,False,18
418,35.038,35.01009,False,18
419,33.13674,33.00978,False,18
420,33.11658,33.03714,False,18
421,33.04685,33.04001,False,18
422,30.00038,28.0475,False,18
423,6.06821,23.05108,False,18
425,5.07928,37.13558,False,18
426,6.06362,33.11811,False,18
427,6.10296,6.13622,False,18
428,33.05383,33.04394,False,18
429,33.09481,28.00188,False,18
1,6.04363,23.10213,False,19
3,4.13175,4.08456,False,19
5,6.04242,37.11436,False,19
6,5.10235,33.05694,False,19
7,4.07697,1.0,False,19
9,5.00141,5.14298,False,19
10,5.04572,4.11106,False,19
11,6.08377,1.0,False,19
13,6.08748,6.0758,False,19
17,6.03541,28.01588,False,19
18,6.07054,6.06331,False,19
19,1.0,33.02189,True,19
21,6.05854,29.12017,False,19
22,6.11161,6.12848,False,19
25,6.0045,19.01435,False,19
29,3.0512,5.06842,False,19
30,6.07818,6.11448,False,19
69,2.07133,24.12134,False,19
70,28.10752,23.03543,False,19
71,6.04624,28.02786,False,19
72,33.06368,33.05558,False,19
73,28.06851,28.04244,False,19
74,33.05957,33.05447,False,19
75,34.13594,33.08035,False,19
76,6.11538,28.0301,False,19
77,18.11606,6.12127,False,19
78,6.03028,23.04446,False,19
79,6.11897,6.10718,False,19
82,6.00767,29.08767,False,19
83,3.0604,18.06271,False,19
84,33.11266,1.0,False,19
85,1.0,2.0759,True,19
86,1.0,29.07889,True,19
91,5.07528,5.12385,False,19
92,6.03365,28.09323,False,19
93,6.11822,23.10168,False,19
95,3.10082,5.13415,False,19
98,5.06474,30.12308,False,19
99,22.062,34.10606,False,19
100,6.08085,35.02201,False,19
101,5.1446,23.11717,False,19
103,6.10923,25.09236,False,19
104,6.02988,30.00364,False,19
106,3.11649,28.09454,False,19
107,4.04824,26.08327,False,19
109,6.11471,34.01827,False,19
110,6.09461,28.02112,False,19
111,3.13318,33.06867,False,19
112,4.05912,22.05174,False,19
113,5.06107,28.10775,False,19
114,2.14325,5.05619,False,19
115,6.00363,5.11643,False,19
116,3.06628,28.09711,False,19
117,4.0584,5.12506,False,19
118,2.14216,18.07296,False,19
120,2.04376,34.14096,False,19
121,3.00878,5.10717,False,19
122,1.01989,5.13424,False,19
123,2.13297,6.10191,False,19
124,2.12755,37.12743,False,19
125,35.01873,34.03272,False,19
126,35.08339,30.02251,False,19
127,6.05458,24.03833,False,19
128,4.02665,30.09779,False,19
129,6.10008,30.13582,False,19
130,35.09747,35.08871,False,19
131,4.12076,5.0983,False,19
133,3.03155,5.11878,False,19
134,4.01367,5.05658,False,19
135,2.08769,4.07186,False,19
136,4.01365,4.06993,False,19
137,1.0,5.08753,True,19
139,5.13925,5.02301,False,19
140,4.04019,3.04578,False,19
141,6.14518,2.07278,False,19
142,3.0408,3.01551,False,19
143,1.03231,5.02284,False,19
144,31.13718,31.02564,False,19
145,1.0,30.08887,True,19
146,1.0,1.0,True,19
147,2.06358,1.0,False,19
148,1.0,1.0,True,19
149,1.0,18.01282,True,19
150,35.07299,1.0,False,19
151,1.0,1.13419,True,19
153,6.10704,6.07968,False,19
154,6.03522,28.0046,False,19
155,4.07306,5.13481,False,19
156,5.14494,28.02276,False,19
157,1.1360999999999999,5.03264,False,19
158,4.0858,18.04641,False,19
159,1.03458,23.01904,False,19
160,4.06494,23.14107,False,19
161,4.08554,18.12975,False,19
162,34.11992,29.12371,False,19
164,5.10242,37.071,False,19
165,35.06594,6.11663,False,19
166,35.13958,30.08511,False,19
167,6.0984,5.02517,False,19
168,35.10688,1.0,False,19
169,35.14114,30.00676,False,19
173,6.01732,28.08656,False,19
175,3.05852,3.0373,False,19
176,5.05263,5.04676,False,19
177,6.11159,30.10313,False,19
178,34.0021,35.03745,False,19
179,6.12721,34.01982,False,19
180,28.13808,28.11695,False,19
181,33.06843,35.0443,False,19
182,6.12572,10.01394,False,19
183,6.04644,35.01212,False,19
184,6.10153,37.11841,False,19
185,6.14735,28.06411,False,19
186,6.04156,37.10665,False,19
188,1.08544,37.08008,False,19
189,34.12078,34.11128,False,19
190,6.09212,23.07838,False,19
191,6.03528,30.11186,False,19
192,6.10113,25.04139,False,19
193,36.09178,35.10054,False,19
194,6.10842,25.06928,False,19
195,6.09705,28.0362,False,19
197,1.12581,29.05974,False,19
198,6.01708,25.00761,False,19
199,23.01609,29.05036,False,19
200,6.10487,6.0469,False,19
201,6.08576,5.05829,False,19
202,37.06681,37.04838,False,19
203,30.06886,30.12165,False,19
204,6.00503,30.0625,False,19
206,2.1162,30.11511,False,19
207,6.0819,28.11704,False,19
208,5.0495,5.13169,False,19
209,28.07916,28.01964,False,19
210,28.00662,28.07089,False,19
211,33.08705,28.10851,False,19
212,5.02012,4.1397,False,19
213,5.14675,13.03879,False,19
216,6.09419,28.04851,False,19
217,6.12873,29.10661,False,19
218,6.09478,30.03961,False,19
219,6.10149,25.09062,False,19
222,5.12038,28.05373,False,19
225,33.13426,33.06683,False,19
226,6.08617,35.04444,False,19
227,34.0684,37.00348,False,19
229,33.09201,33.11567,False,19
230,33.06689,33.0873,False,19
233,6.02817,30.12168,False,19
234,33.00205,30.05304,False,19
235,33.05906,30.07417,False,19
236,4.02874,4.08978,False,19
237,6.00389,5.10359,False,19
242,4.04387,24.12039,False,19
243,6.14125,6.03595,False,19
251,34.07569,34.07292,False,19
252,6.04393,28.04351,False,19
253,4.01412,30.02277,False,19
254,1.0377,4.13529,False,19
255,3.03949,13.06832,False,19
256,2.07307,30.01815,False,19
257,4.02779,20.12153,False,19
258,5.05941,18.00712,False,19
259,33.09844,5.08938,False,19
260,5.08111,5.0713,False,19
262,1.0371,36.07486,False,19
263,4.02464,6.03267,False,19
264,6.11601,29.0036,False,19
265,5.09001,6.14644,False,19
270,33.03539,6.09813,False,19
271,6.03505,28.13289,False,19
272,6.01152,5.0832,False,19
273,6.00941,5.10799,False,19
274,6.04382,5.07392,False,19
275,33.02701,6.05599,False,19
280,3.00797,5.08987,False,19
289,5.1328,29.06976,False,19
290,6.10478,6.09724,False,19
291,6.14621,6.14512,False,19
292,5.08618,6.09282,False,19
293,15.04391,30.11103,False,19
294,10.04161,6.09376,False,19
295,25.11435,36.14098,False,19
296,20.02311,4.01234,False,19
297,6.0325,35.08435,False,19
298,2.102,33.14375,False,19
299,6.0607,34.04092,False,19
300,6.0626,33.11534,False,19
301,4.13288,33.07386,False,19
302,5.09937,35.04454,False,19
303,5.06804,33.07787,False,19
308,5.03336,31.03628,False,19
317,3.0171,22.00566,False,19
318,6.00924,36.09525,False,19
319,5.11135,30.08112,False,19
320,4.0812100000000004,27.02455,False,19
321,3.14382,34.09206,False,19
322,5.04039,18.12774,False,19
323,3.11942,17.13514,False,19
324,2.07195,23.05868,False,19
325,2.12933,25.09752,False,19
326,4.12956,18.06838,False,19
328,5.12981,25.00976,False,19
329,6.11946,31.08853,False,19
330,6.06339,30.04413,False,19
331,5.04152,20.12388,False,19
332,5.13863,30.05921,False,19
333,33.03686,30.01044,False,19
334,6.10527,6.0974,False,19
335,5.09334,30.00891,False,19
336,5.06794,30.04592,False,19
337,6.00533,25.09255,False,19
339,5.11549,28.00307,False,19
340,1.0,1.10969,True,19
341,1.0,25.07501,True,19
342,36.08472,5.11363,False,19
343,1.0,1.0,True,19
346,6.06029,27.14648,False,19
347,6.10785,33.09592,False,19
348,6.03684,27.06866,False,19
349,2.06785,25.13139,False,19
350,28.03718,29.14342,False,19
351,6.12758,25.13933,False,19
352,6.05937,34.03004,False,19
353,34.0893,37.05274,False,19
354,34.13639,34.10945,False,19
355,4.09923,23.043,False,19
357,5.07926,29.11254,False,19
358,6.03695,28.06602,False,19
359,6.00744,32.08898,False,19
361,6.06508,25.08857,False,19
363,35.1046,35.08572,False,19
364,35.12546,35.09811,False,19
365,3.02044,23.02038,False,19
366,5.11564,5.08024,False,19
367,35.05002,35.0151,False,19
370,6.06753,28.07005,False,19
371,6.10862,33.11763,False,19
372,6.13399,33.12604,False,19
373,6.02716,6.116,False,19
374,1.12984,37.12983,False,19
375,5.1463,4.14716,False,19
376,6.08642,5.05195,False,19
377,6.01573,2.11325,False,19
378,33.09968,28.06966,False,19
379,28.14048,5.13802,False,19
380,34.04054,33.00043,False,19
381,6.05309,5.06349,False,19
383,5.07982,30.10563,False,19
384,6.13585,30.12853,False,19
385,3.00463,30.01929,False,19
386,1.14646,27.00718,False,19
387,1.10767,34.08289,False,19
388,2.0428,5.14311,False,19
389,2.02578,7.01897,False,19
390,3.06393,27.03133,False,19
391,4.0907,23.09233,False,19
394,5.00024,30.11709,False,19
395,35.12825,2.1404,False,19
396,35.14727,3.05184,False,19
397,35.05273,4.08788,False,19
398,35.03156,33.0487,False,19
403,6.05861,19.05485,False,19
404,35.03071,34.12858,False,19
405,35.13966,5.13317,False,19
406,6.07224,4.1207,False,19
407,29.08226,28.09644,False,19
408,1.0,4.02627,True,19
412,10.11204,34.07092,False,19
413,20.11865,15.13217,False,19
414,10.02393,31.13281,False,19
415,30.07984,28.07317,False,19
416,33.06234,20.13179,False,19
417,6.14489,23.01878,False,19
418,35.0897,35.05916,False,19
419,33.08325,33.07452,False,19
420,33.14579,33.07965,False,19
421,33.11906,33.03159,False,19
422,30.05382,28.10535,False,19
423,6.09569,23.13088,False,19
425,5.12844,37.08414,False,19
426,6.05984,33.13036,False,19
427,6.06201,6.13152,False,19
428,33.14017,33.10951,False,19
429,33.0335,28.12631,False,19
1,6.07659,23.14207,False,20
3,4.05921,4.04825,False,20
5,6.01022,37.05965,False,20
6,5.10928,33.02386,False,20
7,4.04602,1.0,False,20
9,4.12196,5.1218,False,20
10,5.14411,4.05317,False,20
11,6.06971,1.0,False,20
13,6.0879,6.11986,False,20
17,6.03409,28.09208,False,20
18,6.03219,6.02223,False,20
19,1.0,33.10977,True,20
21,6.09327,29.13403,False,20
22,6.09669,6.14567,False,20
25,6.00279,19.11717,False,20
29,4.00626,5.08771,False,20
30,6.06481,6.10994,False,20
69,2.06387,24.01821,False,20
70,28.03285,23.03794,False,20
71,6.07553,28.09433,False,20
72,33.00868,33.00591,False,20
73,28.02525,28.12627,False,20
74,33.04845,33.0438,False,20
75,34.03745,33.13838,False,20
76,6.11833,6.11398,False,20
77,18.01075,6.13535,False,20
78,6.03174,29.02513,False,20
79,6.13673,6.13329,False,20
82,6.03302,29.08857,False,20
83,3.01249,18.11404,False,20
84,33.11994,1.0,False,20
85,2.12445,1.0,False,20
86,1.0,29.03154,True,20
91,5.09227,5.13703,False,20
92,6.06871,28.00193,False,20
93,6.10057,23.04291,False,20
95,4.11809,5.11681,False,20
98,5.03737,30.07733,False,20
99,22.01649,34.08509,False,20
100,6.10576,35.0097,False,20
101,5.14634,23.07299,False,20
103,6.12551,25.07023,False,20
104,6.01511,30.12348,False,20
106,3.03105,28.14386,False,20
107,4.00125,26.03914,False,20
109,6.10639,34.06886,False,20
110,6.07907,28.07384,False,20
111,3.10396,33.13608,False,20
112,4.0888,22.02984,False,20
113,5.06471,28.10087,False,20
114,2.09864,5.14183,False,20
115,6.0683,5.09171,False,20
116,3.01882,28.09237,False,20
117,4.09474,5.13646,False,20
118,2.08445,18.11536,False,20
120,2.03811,34.11448,False,20
121,2.02879,5.13831,False,20
122,1.13153,5.13441,False,20
123,2.05698,6.13147,False,20
124,2.10031,37.14542,False,20
125,35.0541,34.09981,False,20
126,35.00773,30.05257,False,20
127,6.14168,24.0517,False,20
128,4.02773,30.0734,False,20
129,6.14631,30.04822,False,20
130,35.12453,35.08853,False,20
131,4.06648,5.02916,False,20
133,3.0443,5.07203,False,20
134,4.01372,4.1209,False,20
135,4.05052,4.04068,False,20
136,4.04202,4.11909,False,20
137,4.1405,5.02171,False,20
139,5.11701,5.12894,False,20
140,4.01319,3.11075,False,20
141,6.01812,2.14699,False,20
142,3.08497,3.1391,False,20
143,1.05251,5.11622,False,20
144,4.10459,5.11678,False,20
145,30.05232,1.0,False,20
146,1.0,1.0,True,20
147,2.04706,1.0,False,20
148,1.0,1.0,True,20
149,1.0,18.11124,True,20
150,35.10956,1.0,False,20
151,1.0,1.04011,True,20
153,6.13957,6.10495,False,20
154,6.07329,28.14298,False,20
155,4.00646,23.01485,False,20
156,6.05248,5.14195,False,20
157,1.03153,5.0259,False,20
158,4.01622,18.05623,False,20
159,1.13598,23.10121,False,20
160,4.09699,23.03783,False,20
161,4.05783,18.13284,False,20
162,34.13372,29.05522,False,20
164,5.04924,37.03245,False,20
165,35.05779,6.08802,False,20
166,35.06074,30.10481,False,20
167,6.05283,5.0303,False,20
168,35.08974,1.0,False,20
169,35.13683,30.11997,False,20
173,6.01341,29.03976,False,20
175,3.1038,3.14459,False,20
176,5.03532,5.02762,False,20
177,6.07943,30.0855,False,20
178,34.01234,35.04981,False,20
179,6.14185,34.13858,False,20
180,28.0684,28.04743,False,20
181,33.04383,35.00659,False,20
182,6.12882,10.07345,False,20
183,6.07491,35.12821,False,20
184,6.05663,37.05801,False,20
185,6.1258,28.05664,False,20
186,6.03271,37.09038,False,20
188,1.00857,30.037,False,20
189,34.13566,34.12439,False,20
190,6.12677,23.06049,False,20
191,6.13106,30.14295,False,20
192,6.03848,25.01697,False,20
193,36.07044,35.01184,False,20
194,6.06815,25.03022,False,20
195,6.00638,28.13842,False,20
197,2.06385,29.10825,False,20
198,6.00953,25.09201,False,20
199,23.08225,29.07509,False,20
200,6.09855,6.0582,False,20
201,6.13047,5.08953,False,20
202,37.03025,37.03895,False,20
203,6.09326,30.14543,False,20
204,4.08376,30.02889,False,20
206,2.12682,30.05531,False,20
207,6.10058,28.03139,False,20
208,5.03669,5.14454,False,20
209,28.14449,28.02034,False,20
210,28.09572,28.10679,False,20
211,33.03971,28.09492,False,20
212,5.04141,4.12533,False,20
213,5.11772,13.02459,False,20
216,6.08849,28.11759,False,20
217,6.13107,29.03254,False,20
218,6.114,30.13928,False,20
219,6.11914,25.02905,False,20
222,5.07247,28.07424,False,20
225,33.12614,33.02986,False,20
226,6.08444,35.07582,False,20
227,34.03148,37.02103,False,20
229,33.07868,33.09907,False,20
230,33.03373,33.07335,False,20
233,6.02345,30.07253,False,20
234,33.08425,30.04339,False,20
235,33.00628,30.12782,False,20
236,4.11626,4.08224,False,20
237,6.09493,5.01062,False,20
242,4.01791,24.12012,False,20
243,6.1146,6.09301,False,20
251,34.12135,34.08043,False,20
252,6.12488,28.01133,False,20
253,4.00257,30.05063,False,20
254,1.13338,4.11032,False,20
255,3.00765,13.04234,False,20
256,2.12806,30.12984,False,20
257,4.04739,20.07833,False,20
258,1.05156,18.0161,False,20
259,33.09339,5.14323,False,20
260,5.07904,5.01512,False,20
262,1.01489,36.06793,False,20
263,3.04865,6.04441,False,20
264,6.08732,29.13155,False,20
265,5.12509,6.12266,False,20
270,33.02723,6.1201,False,20
271,6.06572,28.13865,False,20
272,6.02892,5.04761,False,20
273,6.02284,5.08269,False,20
274,6.03509,5.11976,False,20
275,33.02212,6.06144,False,20
280,3.05106,5.08806,False,20
289,5.13202,29.09883,False,20
290,6.11202,6.11987,False,20
291,6.1328,6.13009,False,20
292,5.13466,6.12895,False,20
293,15.07167,30.13847,False,20
294,10.02155,6.14598,False,20
295,25.02025,36.035,False,20
296,20.06465,4.13857,False,20
297,6.12743,35.08942,False,20
298,2.14742,33.0143,False,20
299,6.07992,34.06657,False,20
300,4.10408,33.13023,False,20
301,4.08431,33.00565,False,20
302,5.13728,35.08983,False,20
303,5.10019,33.04992,False,20
308,3.09258,31.05261,False,20
317,3.09055,22.07267,False,20
318,6.01185,36.03853,False,20
319,5.1132,30.06453,False,20
320,4.12981,27.14236,False,20
321,4.03995,34.13687,False,20
322,5.01733,18.12904,False,20
323,3.0634,17.04784,False,20
324,2.12946,23.06726,False,20
325,4.0344,25.03304,False,20
326,3.09057,18.1444,False,20
328,5.12318,25.12567,False,20
329,6.14118,31.00463,False,20
330,6.07682,28.08198,False,20
331,5.08683,20.07949,False,20
332,5.14064,30.11168,False,20
333,33.01644,30.12013,False,20
334,6.07291,6.08763,False,20
335,5.08995,30.08317,False,20
336,5.0343,30.0467,False,20
337,6.03316,25.12986,False,20
339,5.10781,28.14635,False,20
340,1.0,1.07875,True,20
341,1.0,25.13519,True,20
342,36.03359,5.0567,False,20
343,1.0,1.0,True,20
346,6.05964,27.08831,False,20
347,6.07427,33.11494,False,20
348,6.01641,27.04151,False,20
349,2.10756,25.056,False,20
350,6.13135,29.08258,False,20
351,6.12194,25.04831,False,20
352,6.13266,34.00918,False,20
353,34.03461,37.07816,False,20
354,34.14628,34.0577,False,20
355,5.02421,23.0893,False,20
357,5.10757,29.01156,False,20
358,6.02936,28.06835,False,20
359,6.0146,32.13286,False,20
361,6.05001,25.14624,False,20
363,35.1202,35.10561,False,20
364,35.0674,35.06535,False,20
365,3.02435,23.0005,False,20
366,5.08101,5.14652,False,20
367,35.06318,35.0362,False,20
370,6.09497,28.08418,False,20
371,6.13956,33.11667,False,20
372,6.12245,33.05627,False,20
373,6.02167,6.0874,False,20
374,1.02844,37.00692,False,20
375,5.1378,23.05528,False,20
376,6.02775,5.0784,False,20
377,2.04266,1.0,False,20
378,33.1287,28.03012,False,20
379,28.07587,5.0557,False,20
380,34.00299,33.05946,False,20
381,6.06525,5.01055,False,20
383,5.10464,29.0373,False,20
384,6.10095,28.0317,False,20
385,2.14587,25.11296,False,20
386,4.05773,27.13727,False,20
387,1.09304,34.10918,False,20
388,3.12531,5.13061,False,20
389,2.04778,7.06879,False,20
390,3.0975,27.11745,False,20
391,4.09422,23.11586,False,20
394,5.11862,30.05072,False,20
395,35.00938,2.02006,False,20
396,35.05173,3.04368,False,20
397,35.07709,4.14382,False,20
398,35.07249,33.00712,False,20
403,6.03011,19.0578,False,20
404,35.11439,34.00603,False,20
405,35.02625,5.08704,False,20
406,6.10038,4.04484,False,20
407,29.02819,28.07174,False,20
408,1.0,4.09667,True,20
412,10.05281,34.06923,False,20
413,20.04748,25.09703,False,20
414,10.09015,31.04564,False,20
415,30.02191,28.06204,False,20
416,33.0086,20.07488,False,20
417,6.13623,28.06172,False,20
418,35.06652,35.04095,False,20
419,33.10233,33.03033,False,20
420,33.12334,33.12063,False,20
421,33.13481,33.04385,False,20
422,28.07609,30.10967,False,20
423,6.08669,23.08089,False,20
425,6.07757,37.08237,False,20
426,6.06655,33.14348,False,20
427,6.07785,6.14342,False,20
428,33.07258,33.11091,False,20
429,33.09294,28.00502,False,20
1,6.05811,23.10111,False,21
3,4.09283,4.04127,False,21
5,6.00718,37.11735,False,21
6,5.09905,33.09152,False,21
7,4.02541,1.0,False,21
9,4.05673,5.12696,False,21
10,4.05109,4.06318,False,21
11,6.00119,1.0,False,21
13,6.13539,6.10727,False,21
17,6.05131,28.05934,False,21
18,6.03043,6.02647,False,21
19,1.0,33.02971,True,21
21,6.03203,18.03959,False,21
22,6.13672,6.14105,False,21
25,6.00978,19.09541,False,21
29,2.09324,5.14002,False,21
30,6.11328,6.1418,False,21
69,2.02334,24.06632,False,21
70,28.08437,23.11088,False,21
71,6.04532,28.13031,False,21
72,33.04057,33.00888,False,21
73,28.06287,28.06403,False,21
74,33.02796,33.01781,False,21
75,34.02038,33.10439,False,21
76,6.12778,28.09327,False,21
77,18.04025,6.14222,False,21
78,6.03319,29.02482,False,21
79,6.10523,6.08809,False,21
82,6.13768,29.10283,False,21
83,3.02737,18.05497,False,21
84,33.12549,1.0,False,21
85,2.12499,1.0,False,21
86,1.0,29.12938,True,21
91,5.10107,5.10366,False,21
92,6.08903,6.08399,False,21
93,6.12028,23.14549,False,21
95,4.11807,5.0755,False,21
98,5.10022,30.05493,False,21
99,22.10365,34.09762,False,21
100,6.10072,35.04077,False,21
101,5.00725,23.14716,False,21
103,6.12576,25.09836,False,21
104,6.02862,30.06434,False,21
106,3.02854,28.09417,False,21
107,4.0584,26.09757,False,21
109,6.13992,34.03863,False,21
110,6.04952,28.09668,False,21
111,3.12346,33.14402,False,21
112,3.09542,22.1167,False,21
113,5.02527,28.13187,False,21
114,2.06368,5.07703,False,21
115,6.01226,5.14616,False,21
116,3.05721,28.13457,False,21
117,4.10792,5.06807,False,21
118,2.1006,18.10377,False,21
120,2.11486,34.00801,False,21
121,2.08016,5.14264,False,21
122,2.01475,5.13375,False,21
123,2.13431,6.11719,False,21
124,2.06003,37.11766,False,21
125,35.01269,34.0217,False,21
126,35.07621,30.07092,False,21
127,6.07606,24.05847,False,21
128,4.02133,30.0794,False,21
129,6.06358,30.11298,False,21
130,35.12237,35.07753,False,21
131,4.14656,5.03247,False,21
133,3.10369,5.11666,False,21
134,4.03939,5.12508,False,21
135,6.00185,4.08326,False,21
136,4.05799,4.0703,False,21
137,1.0,5.14183,True,21
139,5.12697,5.08567,False,21
140,4.04039,3.06621,False,21
141,6.04547,2.04957,False,21
142,3.09353,3.00541,False,21
143,1.06279,5.01619,False,21
144,4.05781,5.03497,False,21
145,30.01612,1.0,False,21
146,1.0,1.0,True,21
147,2.13465,1.0,False,21
148,1.0,1.0,True,21
149,1.0,18.10743,True,21
150,35.09793,1.0,False,21
151,1.0,1.0429599999999999,True,21
153,6.12535,6.10514,False,21
154,6.03754,28.01687,False,21
155,4.01426,37.08705,False,21
156,6.00462,5.11655,False,21
157,2.00749,5.03585,False,21
158,4.08224,18.11323,False,21
159,3.03146,23.13418,False,21
160,4.1094,23.02108,False,21
161,4.00131,18.11956,False,21
162,34.13904,29.01701,False,21
164,5.05378,37.07479,False,21
165,35.09065,6.14369,False,21
166,35.03487,30.01032,False,21
167,6.09706,5.11682,False,21
168,35.05672,1.0,False,21
169,35.0396,30.04316,False,21
173,6.00668,29.13401,False,21
175,3.12639,4.00573,False,21
176,5.04817,5.08563,False,21
177,6.07975,30.0901,False,21
178,34.00733,35.00824,False,21
179,6.14128,34.01724,False,21
180,28.13126,28.10696,False,21
181,33.13901,35.04965,False,21
182,6.14083,10.00986,False,21
183,6.04631,35.04359,False,21
184,6.06982,37.09892,False,21
185,6.14098,28.01264,False,21
186,6.00864,37.14576,False,21
188,2.00794,30.1099,False,21
189,34.13759,34.10977,False,21
190,6.13626,23.14129,False,21
191,6.03807,30.03287,False,21
192,6.1337,25.01994,False,21
193,36.11942,35.03743,False,21
194,6.07422,25.12693,False,21
195,6.01144,28.12917,False,21
197,2.03628,29.0314,False,21
198,6.06605,25.04018,False,21
199,23.12849,29.07424,False,21
200,6.14393,6.02877,False,21
201,6.05311,5.125,False,21
202,37.06951,37.06458,False,21
203,6.14118,30.13746,False,21
204,6.05568,30.10795,False,21
206,2.12923,30.06839,False,21
207,6.0985,28.14527,False,21
208,5.03337,5.13043,False,21
209,28.1297,28.03,False,21
210,28.08855,28.13935,False,21
211,33.02221,28.06852,False,21
212,4.1432,5.01035,False,21
213,5.09099,13.10471,False,21
216,6.09257,28.11233,False,21
217,6.13379,29.12699,False,21
218,6.14363,30.09256,False,21
219,6.1302,25.02601,False,21
222,5.12365,28.11228,False,21
225,33.12611,33.10329,False,21
226,6.08735,35.1104,False,21
227,34.05059,37.05008,False,21
229,33.1014,33.09523,False,21
230,33.0657,33.0501,False,21
233,5.08434,30.1102,False,21
234,33.03371,30.02902,False,21
235,33.07265,30.09154,False,21
236,4.14684,4.14499,False,21
237,6.11101,5.14007,False,21
242,4.0658,24.03223,False,21
243,6.06327,6.05398,False,21
251,34.07882,34.06847,False,21
252,6.10215,28.0638,False,21
253,4.00207,30.06457,False,21
254,1.02002,4.00139,False,21
255,3.12469,13.09981,False,21
256,2.04798,30.05387,False,21
257,4.02204,20.0444,False,21
258,5.0729,18.04909,False,21
259,33.07516,5.13908,False,21
260,5.1003,5.09813,False,21
262,1.02916,36.00851,False,21
263,3.0856500000000002,6.01747,False,21
264,6.13545,29.02519,False,21
265,5.1002,6.06068,False,21
270,33.03854,6.04517,False,21
271,6.07589,28.11689,False,21
272,6.07952,5.07812,False,21
273,6.00076,5.07387,False,21
274,6.02815,5.09339,False,21
275,33.0632,6.07061,False,21
280,3.02662,5.12286,False,21
289,5.14198,29.07314,False,21
290,6.09923,6.1187,False,21
291,6.14248,6.138,False,21
292,5.13188,6.13387,False,21
293,15.02144,30.06798,False,21
294,10.00703,6.07489,False,21
295,25.08512,36.08364,False,21
296,20.04634,4.07341,False,21
297,6.13239,35.05166,False,21
298,2.10393,33.03121,False,21
299,6.02447,34.02958,False,21
300,4.04244,33.10152,False,21
301,4.11278,33.10271,False,21
302,5.075,35.1109,False,21
303,5.13025,33.01564,False,21
308,5.06487,31.06323,False,21
317,3.13775,22.12145,False,21
318,4.09223,36.07907,False,21
319,5.11502,30.08089,False,21
320,4.03519,27.07627,False,21
321,4.00193,34.10742,False,21
322,5.06352,18.02604,False,21
323,3.0528399999999998,17.14262,False,21
324,2.11517,23.01285,False,21
325,2.07947,25.09148,False,21
326,3.09269,18.09769,False,21
328,5.13001,25.03697,False,21
329,6.14273,31.14209,False,21
330,6.0317,30.13474,False,21
331,5.0413,20.01512,False,21
332,6.1454,20.10948,False,21
333,33.00106,30.00229,False,21
334,6.10935,6.03878,False,21
335,5.00711,30.12136,False,21
336,5.06964,30.13446,False,21
337,6.0385,25.0234,False,21
339,5.00571,28.03769,False,21
340,1.0,1.08318,True,21
341,1.0,25.13394,True,21
342,36.0066,5.05472,False,21
343,1.0,1.0,True,21
346,6.05535,27.05385,False,21
347,6.09675,33.08403,False,21
348,6.03841,27.00413,False,21
349,2.12959,25.02782,False,21
350,6.13946,29.12154,False,21
351,6.13898,25.06257,False,21
352,6.03762,34.00982,False,21
353,34.07619,37.03401,False,21
354,34.14628,34.14106,False,21
355,5.02167,23.01919,False,21
357,5.09794,29.07113,False,21
358,6.00492,28.12157,False,21
359,6.04628,32.0843,False,21
361,6.07967,25.0143,False,21
363,35.11067,35.08429,False,21
364,35.00989,35.00804,False,21
365,3.11499,23.06628,False,21
366,5.11222,5.08892,False,21
367,35.02899,35.00202,False,21
370,6.08261,28.12586,False,21
371,6.1113,33.02116,False,21
372,6.14539,33.01675,False,21
373,6.0365,6.06147,False,21
374,1.09458,37.13254,False,21
375,5.12462,23.08026,False,21
376,6.038,5.12596,False,21
377,2.1046300000000002,1.0,False,21
378,33.03249,28.11337,False,21
379,28.09378,5.10114,False,21
380,34.06855,33.12439,False,21
381,6.11463,5.12266,False,21
383,5.00301,28.0285,False,21
384,6.08453,28.05506,False,21
385,1.0874,25.0982,False,21
386,4.08476,27.13333,False,21
387,1.07413,34.05857,False,21
388,2.06681,5.12178,False,21
389,2.02855,7.09658,False,21
390,3.09,27.04678,False,21
391,5.0017,23.04999,False,21
394,5.09377,30.14679,False,21
395,35.07896,2.11984,False,21
396,35.01273,3.06229,False,21
397,35.04322,4.04419,False,21
398,35.08834,33.12777,False,21
403,6.08256,19.03418,False,21
404,35.10504,34.05504,False,21
405,35.04794,5.04645,False,21
406,4.06027,1.0,False,21
407,29.11936,28.08178,False,21
408,1.0,4.06722,True,21
412,10.04781,34.12837,False,21
413,20.03964,30.05046,False,21
414,10.00298,31.00397,False,21
415,30.12485,28.14401,False,21
416,33.10146,20.09126,False,21
417,6.08772,28.14728,False,21
418,35.08194,35.08112,False,21
419,33.10166,33.08184,False,21
420,33.13988,33.09961,False,21
421,33.05984,33.01409,False,21
422,28.12265,30.07764,False,21
423,6.08035,23.09713,False,21
425,6.04237,37.12036,False,21
426,6.06226,33.11104,False,21
427,6.05893,6.13057,False,21
428,33.09413,33.08924,False,21
429,33.13615,28.06169,False,21
1,6.05585,23.04114,False,22
3,4.10065,4.063,False,22
5,6.00874,37.10275,False,22
6,5.08592,33.12738,False,22
7,4.02909,1.0,False,22
9,4.06937,5.13263,False,22
10,5.11622,4.14713,False,22
11,6.07602,1.0,False,22
13,6.05503,6.10084,False,22
17,6.03655,28.04218,False,22
18,6.01165,6.02196,False,22
19,1.0,33.14219,True,22
21,6.05225,29.10312,False,22
22,6.1257,6.13979,False,22
25,6.01407,19.05303,False,22
29,2.14283,5.14631,False,22
30,6.03397,6.13009,False,22
69,2.03705,24.13336,False,22
70,28.00299,23.04711,False,22
71,6.09296,28.11626,False,22
72,33.06919,33.0389,False,22
73,28.04766,28.09463,False,22
74,33.03508,33.02065,False,22
75,34.08603,33.10533,False,22
76,6.14305,28.10901,False,22
77,18.02424,6.11072,False,22
78,6.02906,29.03785,False,22
79,6.08517,6.05822,False,22
82,6.05406,29.10564,False,22
83,3.09983,18.0593,False,22
84,33.08712,1.0,False,22
85,1.0,2.11631,True,22
86,1.0,29.08998,True,22
91,5.09273,5.1423,False,22
92,6.0708,6.06316,False,22
93,6.06334,23.10977,False,22
95,4.07954,5.13936,False,22
98,5.08507,30.12885,False,22
99,22.05104,34.10136,False,22
100,6.06404,35.02234,False,22
101,3.11796,23.07893,False,22
103,6.11584,25.06239,False,22
104,6.00605,30.11015,False,22
106,3.07311,28.10574,False,22
107,4.03383,26.13037,False,22
109,6.11191,34.02476,False,22
110,6.07477,28.14062,False,22
111,3.1255100000000002,33.10848,False,22
112,4.01296,22.08578,False,22
113,5.00368,28.13498,False,22
114,2.12625,5.11223,False,22
115,6.04941,5.08748,False,22
116,3.00196,28.12214,False,22
117,4.08364,5.05739,False,22
118,2.02301,18.06514,False,22
120,2.1126,34.04936,False,22
121,3.00595,5.09972,False,22
122,1.01447,5.10973,False,22
123,2.0828,6.04834,False,22
124,2.0488,37.07692,False,22
125,35.03371,34.13639,False,22
126,35.09922,30.0341,False,22
127,6.03137,24.07703,False,22
128,6.06258,30.11564,False,22
129,6.14178,30.0094,False,22
130,35.12118,35.10497,False,22
131,4.04572,5.00845,False,22
133,3.01677,5.1446,False,22
134,4.11575,4.12962,False,22
135,2.03613,4.08408,False,22
136,4.14648,4.10322,False,22
137,1.0,5.01359,True,22
139,5.05802,5.09325,False,22
140,4.01541,3.13139,False,22
141,6.0226,2.02834,False,22
142,3.01101,3.12909,False,22
143,1.00386,5.13712,False,22
144,4.11758,5.07279,False,22
145,1.0,30.05115,True,22
146,1.0,1.0,True,22
147,2.00009,1.0,False,22
148,1.0,1.0,True,22
149,1.0,18.11473,True,22
150,35.13996,1.0,False,22
151,1.0,1.06668,True,22
153,6.09831,6.0974,False,22
154,6.06223,28.02652,False,22
155,4.13095,23.10228,False,22
156,6.01241,5.14686,False,22
157,1.07243,5.13807,False,22
158,4.05004,18.07117,False,22
159,3.08174,23.09388,False,22
160,4.12689,23.12338,False,22
161,4.11495,18.10486,False,22
162,34.05076,29.10826,False,22
164,5.06179,37.05777,False,22
165,35.06434,6.13845,False,22
166,35.09984,30.07079,False,22
167,6.04878,5.04483,False,22
168,35.0486,1.0,False,22
169,35.02807,30.1006,False,22
173,6.02716,28.10169,False,22
175,3.13951,3.1409,False,22
176,5.01599,5.01109,False,22
177,6.09049,30.06215,False,22
178,34.0102,35.02495,False,22
179,6.14166,34.1467,False,22
180,28.07975,28.06042,False,22
181,33.09301,35.00238,False,22
182,6.1408,10.01513,False,22
183,6.07173,35.04485,False,22
184,6.11132,37.0929,False,22
185,6.13384,28.09445,False,22
186,6.07143,37.02071,False,22
188,1.07729,30.09623,False,22
189,34.12223,34.09008,False,22
190,6.07888,23.09005,False,22
191,6.02284,30.05765,False,22
192,6.01295,25.0262,False,22
193,36.04702,35.03056,False,22
194,6.09406,25.13026,False,22
195,6.14266,28.10117,False,22
197,2.00909,30.04421,False,22
198,6.02417,25.08069,False,22
199,23.10284,29.10122,False,22
200,6.1269,6.09439,False,22
201,6.04574,5.10425,False,22
202,37.05712,37.05146,False,22
203,30.0103,30.11062,False,22
204,2.01349,30.06646,False,22
206,2.04578,30.06177,False,22
207,6.11093,28.02819,False,22
208,5.0281,5.14437,False,22
209,28.04642,28.01748,False,22
210,28.02989,28.08355,False,22
211,33.07045,28.03737,False,22
212,4.12021,5.12948,False,22
213,5.04403,13.12323,False,22
216,6.1167300000000004,28.08095,False,22
217,6.13338,29.03042,False,22
218,6.08453,30.06605,False,22
219,6.13038,25.01184,False,22
222,5.13161,28.10919,False,22
225,33.14138,33.12793,False,22
226,6.078,35.02551,False,22
227,34.0289,37.10253,False,22
229,33.09921,33.10708,False,22
230,33.03386,33.05669,False,22
233,6.0586,30.09712,False,22
234,33.0509,30.0206,False,22
235,33.00824,30.12514,False,22
236,4.0254,4.06408,False,22
237,6.12911,5.14165,False,22
242,4.0768,24.07676,False,22
243,6.05261,6.01521,False,22
251,34.13367,34.11779,False,22
252,6.12821,28.06306,False,22
253,4.047,30.11063,False,22
254,1.01436,4.13378,False,22
255,3.00759,13.0783,False,22
256,2.09713,30.09077,False,22
257,4.0238,20.05605,False,22
258,1.04846,18.08209,False,22
259,33.04823,5.13221,False,22
260,5.1309,5.03763,False,22
262,1.00279,36.12365,False,22
263,4.08082,6.05147,False,22
264,6.12136,29.0146,False,22
265,5.0447,6.09762,False,22
270,33.01708,6.11001,False,22
271,6.00649,28.10467,False,22
272,6.09351,5.13864,False,22
273,6.0576,5.12082,False,22
274,6.05306,5.11395,False,22
275,33.11247,6.12154,False,22
280,3.03158,5.05346,False,22
289,5.13732,28.08117,False,22
290,6.11411,6.11347,False,22
291,6.14738,6.1461500000000004,False,22
292,5.07935,6.09566,False,22
293,15.00493,30.11177,False,22
294,10.03264,30.00548,False,22
295,25.06809,36.08306,False,22
296,20.1009,4.05384,False,22
297,6.00497,35.0609,False,22
298,2.05317,33.00464,False,22
299,6.05017,34.00592,False,22
300,4.0529,33.14328,False,22
301,4.10583,33.01676,False,22
302,5.08917,35.03531,False,22
303,5.13846,33.13061,False,22
308,3.00816,31.12076,False,22
317,4.04106,22.03959,False,22
318,6.02774,36.07753,False,22
319,5.12597,30.11405,False,22
320,4.01782,27.00653,False,22
321,3.13651,34.07471,False,22
322,5.09046,18.01835,False,22
323,2.14095,17.08358,False,22
324,1.13065,23.0095,False,22
325,4.13435,25.00002,False,22
326,4.13643,18.10171,False,22
328,5.14659,25.01889,False,22
329,6.12193,31.02228,False,22
330,6.05272,30.04616,False,22
331,5.00104,20.01522,False,22
332,5.08618,30.10816,False,22
333,33.14136,30.03505,False,22
334,6.11769,6.11943,False,22
335,5.05751,30.12064,False,22
336,5.1026299999999996,30.11536,False,22
337,6.02965,25.08633,False,22
339,5.05873,28.07502,False,22
340,1.0,1.12872,True,22
341,1.0,25.01974,True,22
342,36.10996,5.06546,False,22
343,1.0,1.0,True,22
346,6.02025,27.13537,False,22
347,6.12612,33.12391,False,22
348,6.04373,27.14355,False,22
349,2.10706,25.02334,False,22
350,28.12547,29.00795,False,22
351,6.11812,25.10158,False,22
352,6.14527,34.06231,False,22
353,34.04487,37.06695,False,22
354,34.12097,34.05985,False,22
355,5.01139,23.13992,False,22
357,5.08466,29.05561,False,22
358,6.02155,28.07174,False,22
359,6.0078,32.0216,False,22
361,6.08816,25.09668,False,22
363,35.10566,35.10382,False,22
364,35.12929,35.12896,False,22
365,3.11037,23.1371,False,22
366,5.1168,5.07398,False,22
367,35.07053,35.00788,False,22
370,6.08485,28.14704,False,22
371,6.13243,33.07372,False,22
372,6.14369,33.01649,False,22
373,6.01328,6.06101,False,22
374,1.05562,37.06246,False,22
375,5.00757,23.02028,False,22
376,6.02897,5.07895,False,22
377,2.14481,1.0,False,22
378,33.09438,28.13773,False,22
379,28.00016,5.09338,False,22
380,34.06611,33.07845,False,22
381,6.09115,5.02715,False,22
383,5.07023,29.13444,False,22
384,6.11541,28.08052,False,22
385,3.0534,25.07247,False,22
386,1.13504,27.13911,False,22
387,1.12277,34.09251,False,22
388,2.01018,5.04518,False,22
389,2.01854,7.06762,False,22
390,3.0873,27.07246,False,22
391,5.02953,23.03411,False,22
394,5.04715,30.05469,False,22
395,35.07493,2.00389,False,22
396,35.0889,3.04025,False,22
397,35.02761,4.10017,False,22
398,35.13122,33.09274,False,22
403,6.07832,19.09202,False,22
404,35.05693,34.07432,False,22
405,35.08131,5.14501,False,22
406,4.06271,1.0,False,22
407,29.03767,28.11607,False,22
408,1.0,4.05358,True,22
412,10.05801,34.07941,False,22
413,20.0031,15.08313,False,22
414,10.04764,31.03164,False,22
415,30.1435,28.13573,False,22
416,33.11858,20.11932,False,22
417,6.12072,28.01842,False,22
418,35.07487,35.0427,False,22
419,33.09833,33.03205,False,22
420,33.07185,33.01875,False,22
421,33.13706,33.11358,False,22
422,30.08848,28.02925,False,22
423,6.11227,23.09664,False,22
425,6.01281,5.14276,False,22
426,6.06832,33.07413,False,22
427,6.12054,6.12088,False,22
428,33.12856,33.14057,False,22
429,33.05426,28.114,False,22
1,6.06332,23.02833,False,23
3,4.08456,4.13177,False,23
5,6.01846,37.06617,False,23
6,5.06947,33.0739,False,23
7,4.02164,1.0,False,23
9,4.07571,5.13098,False,23
10,4.1121,4.04404,False,23
11,6.0288,1.0,False,23
13,6.09938,6.1138,False,23
17,6.03644,28.0275,False,23
18,6.01126,6.00983,False,23
19,1.0,33.05999,True,23
21,6.05894,29.12176,False,23
22,6.13651,6.13234,False,23
25,6.00657,19.11527,False,23
29,4.00577,5.11418,False,23
30,6.06957,6.13706,False,23
69,2.04054,24.09963,False,23
70,28.03188,23.03464,False,23
71,6.08049,6.07883,False,23
72,33.11665,33.04856,False,23
73,28.1303,28.02386,False,23
74,33.09625,33.07341,False,23
75,34.06048,33.12535,False,23
76,6.13562,28.08541,False,23
77,18.04006,6.14572,False,23
78,6.03477,23.13682,False,23
79,6.08554,6.08177,False,23
82,3.07646,29.04368,False,23
83,3.01956,18.12874,False,23
84,33.11092,1.0,False,23
85,1.0,2.00248,True,23
86,1.0,29.05171,True,23
91,5.09349,5.13925,False,23
92,6.09405,6.06324,False,23
93,6.12017,23.10823,False,23
95,4.12701,5.10117,False,23
98,5.07148,30.07907,False,23
99,22.04135,34.09355,False,23
100,6.06497,35.02635,False,23
101,5.14504,23.07574,False,23
103,6.01921,25.04057,False,23
104,6.04033,30.13221,False,23
106,3.00006,28.1286,False,23
107,4.06327,26.06012,False,23
109,6.12396,34.08169,False,23
110,6.09313,28.13755,False,23
111,3.07448,33.13788,False,23
112,3.10796,22.11609,False,23
113,5.12156,28.0664,False,23
114,2.04375,5.09579,False,23
115,6.00464,5.09087,False,23
116,3.06485,28.0733,False,23
117,4.00685,5.08656,False,23
118,2.045,18.06603,False,23
120,2.08862,34.07216,False,23
121,3.08302,5.14019,False,23
122,1.09642,5.12217,False,23
123,2.09092,6.04681,False,23
124,4.04542,37.13434,False,23
125,35.10936,34.04589,False,23
126,35.08332,30.09912,False,23
127,6.00227,24.08241,False,23
128,6.05264,30.00736,False,23
129,6.02118,30.07791,False,23
130,35.14224,35.11245,False,23
131,4.03206,5.13545,False,23
133,3.1237,5.11749,False,23
134,4.00583,5.09267,False,23
135,4.04224,4.11351,False,23
136,4.08796,4.07766,False,23
137,4.09032,5.05798,False,23
139,5.13431,5.14526,False,23
140,4.0393,3.11627,False,23
141,6.11105,2.11647,False,23
142,3.01002,3.10288,False,23
143,1.01319,5.10701,False,23
144,4.00532,5.10967,False,23
145,1.0,30.09761,True,23
146,1.0,1.0,True,23
147,2.0017,1.0,False,23
148,1.0,1.0,True,23
149,1.0,18.06821,True,23
150,35.11713,1.0,False,23
151,1.0,1.13233,True,23
153,6.11197,6.11145,False,23
154,6.06226,23.07862,False,23
155,4.12998,5.13674,False,23
156,5.07731,28.07432,False,23
157,1.02263,5.09621,False,23
158,4.06781,18.04092,False,23
159,1.07159,23.02924,False,23
160,4.05418,23.04361,False,23
161,4.14243,18.01441,False,23
162,34.11918,29.04583,False,23
164,5.00993,37.14446,False,23
165,35.07772,6.01424,False,23
166,35.01865,30.14287,False,23
167,6.01941,5.07786,False,23
168,35.14693,1.0,False,23
169,35.05474,30.08078,False,23
173,6.00788,29.10969,False,23
175,3.09212,3.1462,False,23
176,5.00061,5.00457,False,23
177,6.0849,30.13963,False,23
178,34.00992,35.02662,False,23
179,6.14667,34.04771,False,23
180,28.04279,28.10053,False,23
181,33.04173,35.02328,False,23
182,6.11701,10.0317,False,23
183,6.10312,35.10297,False,23
184,6.11304,37.00007,False,23
185,6.12359,28.09834,False,23
186,6.00366,37.11838,False,23
188,1.04001,30.14159,False,23
189,34.14108,34.13845,False,23
190,6.05647,23.06639,False,23
191,6.00321,30.04261,False,23
192,6.10457,25.00103,False,23
193,36.10005,35.11764,False,23
194,6.07095,25.11432,False,23
195,6.01759,28.04651,False,23
197,1.01475,29.04599,False,23
198,6.03816,25.02468,False,23
199,6.08776,30.13182,False,23
200,6.11927,6.0162,False,23
201,6.05289,5.0368,False,23
202,37.03357,37.02588,False,23
203,30.02343,30.08488,False,23
204,6.08515,30.06622,False,23
206,2.1175100000000002,30.00136,False,23
207,6.12859,28.10437,False,23
208,5.0771,5.08732,False,23
209,28.13574,28.0353,False,23
210,28.14104,28.1367,False,23
211,33.03402,28.04301,False,23
212,4.13135,5.10658,False,23
213,5.14148,13.03153,False,23
216,6.09967,28.10516,False,23
217,6.1103,29.13222,False,23
218,6.10164,30.03952,False,23
219,18.04192,25.03659,False,23
222,5.04902,28.14448,False,23
225,33.13787,33.12004,False,23
226,6.10573,35.11087,False,23
227,34.00017,37.03369,False,23
229,33.07313,33.11619,False,23
230,33.036,33.05228,False,23
233,6.0193,30.09733,False,23
234,33.00508,30.10235,False,23
235,33.02474,30.03118,False,23
236,4.00837,4.11329,False,23
237,6.05386,5.12425,False,23
242,4.12824,24.13383,False,23
243,6.14276,6.13618,False,23
251,34.12496,34.09713,False,23
252,6.07577,28.01149,False,23
253,4.01716,30.04298,False,23
254,1.03748,4.01831,False,23
255,3.08761,13.09091,False,23
256,2.1364,30.06869,False,23
257,4.13324,20.08056,False,23
258,5.06355,18.02671,False,23
259,33.02168,5.10999,False,23
260,5.06084,5.14184,False,23
262,1.11887,36.11766,False,23
263,3.08871,6.05627,False,23
264,6.13723,29.13746,False,23
265,5.12866,6.04402,False,23
270,33.01838,6.12089,False,23
271,6.14031,28.11335,False,23
272,6.05279,5.11653,False,23
273,6.03455,5.13923,False,23
274,6.04909,5.13148,False,23
275,33.01661,6.07807,False,23
280,3.00683,5.13888,False,23
289,5.13384,29.10062,False,23
290,6.11471,6.10954,False,23
291,6.14729,6.1411,False,23
292,5.00753,6.13904,False,23
293,15.04252,30.14379,False,23
294,10.12774,10.06824,False,23
295,25.08808,36.13338,False,23
296,20.03928,4.12071,False,23
297,6.07388,35.10389,False,23
298,1.00891,33.13385,False,23
299,6.09166,34.04096,False,23
300,4.05461,33.09145,False,23
301,4.12696,33.01578,False,23
302,5.1393699999999995,35.02079,False,23
303,5.0973,33.03801,False,23
308,5.01195,31.06262,False,23
317,4.02978,22.1336,False,23
318,6.03454,36.06375,False,23
319,5.14621,30.1402,False,23
320,4.03225,27.01152,False,23
321,3.07106,34.10191,False,23
322,5.13869,18.0634,False,23
323,2.09572,17.13167,False,23
324,1.06517,23.05079,False,23
325,4.13154,25.05303,False,23
326,4.07233,28.02354,False,23
328,5.14268,25.03599,False,23
329,6.14422,31.1421,False,23
330,6.04785,30.05655,False,23
331,5.08464,20.09708,False,23
332,6.14643,20.13262,False,23
333,33.02945,30.02431,False,23
334,6.07519,6.06263,False,23
335,5.05998,30.06508,False,23
336,5.107,30.147,False,23
337,6.0156,25.13138,False,23
339,5.06521,28.09759,False,23
340,1.0,1.06315,True,23
341,1.0,25.06757,True,23
342,36.14354,5.08668,False,23
343,1.0,1.0,True,23
346,6.08663,27.12829,False,23
347,6.0917,33.05103,False,23
348,6.03874,27.1346,False,23
349,2.00806,25.01213,False,23
350,28.01088,29.12973,False,23
351,6.13281,25.01145,False,23
352,6.10716,34.02426,False,23
353,34.0995,37.04596,False,23
354,34.11959,34.09606,False,23
355,5.02882,23.12309,False,23
357,5.07429,29.01478,False,23
358,6.02141,28.02573,False,23
359,6.06052,32.11664,False,23
361,6.0869,25.09627,False,23
363,35.11379,35.11356,False,23
364,35.11843,35.07843,False,23
365,3.03322,23.01708,False,23
366,5.06808,5.0881,False,23
367,35.04038,35.02119,False,23
370,6.08478,28.09965,False,23
371,6.14428,33.00805,False,23
372,6.14064,33.11848,False,23
373,6.03337,6.06156,False,23
374,1.04338,37.02659,False,23
375,5.03143,4.12934,False,23
376,6.12672,5.13127,False,23
377,6.09346,2.01959,False,23
378,33.00265,28.00263,False,23
379,28.12855,5.10272,False,23
380,34.02616,33.03354,False,23
381,6.14436,5.11681,False,23
383,5.02906,29.01575,False,23
384,6.11401,28.04194,False,23
385,1.10261,25.04102,False,23
386,4.01281,27.05144,False,23
387,2.0484,34.02687,False,23
388,2.1323,5.02123,False,23
389,2.08943,7.09994,False,23
390,3.05526,27.07668,False,23
391,4.06848,23.11165,False,23
394,5.02993,30.01017,False,23
395,35.09977,2.02391,False,23
396,35.13273,3.12307,False,23
397,35.10251,4.07625,False,23
398,35.02965,33.1458,False,23
403,6.01562,19.14594,False,23
404,35.05175,34.08843,False,23
405,35.05583,5.04775,False,23
406,6.04773,4.11906,False,23
407,29.02893,28.12606,False,23
408,1.0,4.08673,True,23
412,10.03746,34.13607,False,23
413,15.09753,25.13741,False,23
414,10.05519,31.1366,False,23
415,30.12522,28.12466,False,23
416,33.04045,20.04967,False,23
417,6.14622,23.14356,False,23
418,35.13803,35.05396,False,23
419,33.1102,33.09325,False,23
420,33.13595,33.13021,False,23
421,33.11489,33.07951,False,23
422,6.10133,30.01547,False,23
423,6.1008,23.00074,False,23
425,6.03159,37.04494,False,23
426,6.05974,33.11179,False,23
427,6.10916,6.13347,False,23
428,33.06973,33.03679,False,23
429,33.06216,28.08936,False,23
1,6.03899,23.07324,False,24
3,4.06206,4.02183,False,24
5,6.01268,37.09558,False,24
6,5.0838,33.07914,False,24
7,4.00165,1.0,False,24
9,4.10308,5.13099,False,24
10,4.08556,4.02211,False,24
11,6.00674,1.0,False,24
13,6.10518,6.09293,False,24
17,6.03347,28.12175,False,24
18,6.03251,6.02954,False,24
19,1.0,33.00332,True,24
21,6.07264,18.03459,False,24
22,6.12297,6.12036,False,24
25,6.00632,19.03934,False,24
29,4.02067,5.14053,False,24
30,6.0201,6.10436,False,24
69,2.10166,24.11872,False,24
70,28.08281,23.11526,False,24
71,6.05297,28.0641,False,24
72,33.10542,33.04322,False,24
73,28.11952,28.12657,False,24
74,33.06921,33.05122,False,24
75,34.003,33.11986,False,24
76,6.11857,28.00093,False,24
77,18.1204,6.13284,False,24
78,6.03324,29.13672,False,24
79,6.1182,6.11591,False,24
82,6.08987,29.08474,False,24
83,3.14065,18.05203,False,24
84,33.14131,1.0,False,24
85,1.0,2.09753,True,24
86,1.0,29.12456,True,24
91,5.10121,5.1435,False,24
92,6.07636,28.136,False,24
93,6.08496,23.00508,False,24
95,3.07229,5.09018,False,24
98,4.06603,30.01445,False,24
99,22.00374,34.11048,False,24
100,6.08889,35.01237,False,24
101,3.12157,23.12105,False,24
103,6.06314,25.09545,False,24
104,6.00338,30.12392,False,24
106,3.00757,28.14355,False,24
107,4.07585,26.02862,False,24
109,6.10976,34.0808,False,24
110,6.08199,28.03522,False,24
111,3.13831,33.00799,False,24
112,3.04176,22.04865,False,24
113,5.0935,28.10857,False,24
114,2.12857,5.12449,False,24
115,6.02879,5.11795,False,24
116,3.10145,28.12884,False,24
117,4.01332,5.05929,False,24
118,2.07646,18.00161,False,24
120,2.1411,34.12725,False,24
121,3.0204,5.1124600000000004,False,24
122,1.12754,5.12853,False,24
123,2.05213,6.0025,False,24
124,2.08102,37.06107,False,24
125,35.00283,34.14508,False,24
126,35.10331,30.00688,False,24
127,6.01395,24.07691,False,24
128,6.02965,30.12639,False,24
129,6.07759,30.08125,False,24
130,35.09223,35.08214,False,24
131,4.13027,5.08511,False,24
133,3.10694,5.14245,False,24
134,4.00552,5.08248,False,24
135,4.11451,4.14641,False,24
136,6.06674,4.12386,False,24
137,1.0,5.04652,True,24
139,5.04382,5.14207,False,24
140,4.0795,3.05696,False,24
141,6.10746,2.12846,False,24
142,3.01673,3.03483,False,24
143,1.09032,5.10098,False,24
144,4.09868,5.09538,False,24
145,30.04308,1.0,False,24
146,1.0,1.0,True,24
147,2.0734,1.0,False,24
148,1.0,1.0,True,24
149,1.0,18.014,True,24
150,35.10239,1.0,False,24
151,1.0,1.13423,True,24
153,6.10366,6.10099,False,24
154,6.02617,28.04452,False,24
155,4.09705,37.06831,False,24
156,5.0645,28.09307,False,24
157,1.03081,5.14096,False,24
158,4.06514,18.08447,False,24
159,3.08383,23.02111,False,24
160,4.06635,23.05444,False,24
161,4.03669,18.07623,False,24
162,34.02532,29.09932,False,24
164,5.07262,37.07707,False,24
165,35.07187,6.00176,False,24
166,35.07065,30.10867,False,24
167,6.05171,5.14156,False,24
168,35.11754,1.0,False,24
169,35.08162,30.07502,False,24
173,6.01972,29.13605,False,24
175,3.11557,3.10738,False,24
176,5.01986,5.07708,False,24
177,6.10045,30.12968,False,24
178,34.00062,35.00239,False,24
179,6.14376,34.08356,False,24
180,28.08815,28.07521,False,24
181,33.13603,35.0072,False,24
182,6.13374,10.04954,False,24
183,6.10715,35.02449,False,24
184,6.06718,37.03723,False,24
185,6.13615,28.07109,False,24
186,6.06204,37.02184,False,24
188,1.07879,30.12285,False,24
189,34.11294,34.07034,False,24
190,6.12757,23.04969,False,24
191,6.04601,30.125,False,24
192,6.03645,25.02107,False,24
193,36.00456,35.11648,False,24
194,6.06955,25.05271,False,24
195,6.07816,28.0229,False,24
197,2.1047,30.06936,False,24
198,6.03134,25.02367,False,24
199,23.09993,29.04715,False,24
200,6.10174,6.05012,False,24
201,6.09486,5.13518,False,24
202,37.05969,37.03438,False,24
203,30.03992,30.13349,False,24
204,4.12954,30.1402,False,24
206,2.08104,30.08967,False,24
207,6.11346,28.00502,False,24
208,4.13276,5.13195,False,24
209,28.08381,28.00467,False,24
210,28.11889,28.12796,False,24
211,33.00774,28.10899,False,24
212,5.03159,4.12366,False,24
213,5.04132,13.08172,False,24
216,6.10733,28.10026,False,24
217,6.13384,29.1084,False,24
218,6.11031,30.07641,False,24
219,6.13334,25.10324,False,24
222,5.10111,28.12189,False,24
225,33.09601,33.09544,False,24
226,6.08522,35.10875,False,24
227,34.13074,37.13259,False,24
229,33.11838,33.08574,False,24
230,33.05353,33.0448,False,24
233,6.03034,30.1404,False,24
234,33.00158,30.09074,False,24
235,33.01828,30.14009,False,24
236,4.06735,4.10444,False,24
237,6.0415,5.1406600000000005,False,24
242,4.13468,24.13203,False,24
243,6.078,6.06407,False,24
251,34.11457,34.09497,False,24
252,6.04184,28.14377,False,24
253,4.1349,30.08117,False,24
254,1.14607,4.09799,False,24
255,3.04269,13.06934,False,24
256,2.08332,30.1037,False,24
257,4.03132,20.06202,False,24
258,5.14639,18.12643,False,24
259,33.01114,5.11291,False,24
260,5.102,5.00007,False,24
262,1.00253,36.10913,False,24
263,3.08762,6.05247,False,24
264,6.07492,29.14398,False,24
265,5.08192,6.00805,False,24
270,33.04711,6.08482,False,24
271,6.12267,28.05241,False,24
272,6.1339500000000005,5.1466,False,24
273,6.03135,5.13939,False,24
274,6.01863,5.12752,False,24
275,33.12706,6.01291,False,24
280,3.05614,5.07804,False,24
289,5.11671,29.1185,False,24
290,6.12885,6.12608,False,24
291,6.1418,6.12002,False,24
292,5.06117,6.09672,False,24
293,15.13882,30.05392,False,24
294,10.00154,6.10814,False,24
295,25.05764,36.07035,False,24
296,20.04659,4.08903,False,24
297,6.0747,35.1078,False,24
298,1.13355,33.04389,False,24
299,6.08174,34.03875,False,24
300,4.12379,33.10604,False,24
301,4.05277,33.09527,False,24
302,5.00661,35.02229,False,24
303,5.00041,33.02158,False,24
308,3.11331,31.14705,False,24
317,4.02136,22.02143,False,24
318,4.1436,36.09571,False,24
319,5.10109,30.11253,False,24
320,4.08091,27.09764,False,24
321,3.14139,34.10669,False,24
322,5.14438,18.04964,False,24
323,2.14101,17.14688,False,24
324,2.10053,23.07681,False,24
325,4.07564,25.01983,False,24
326,4.02757,18.03098,False,24
328,5.13563,25.00817,False,24
329,20.14657,31.01783,False,24
330,6.04136,30.11267,False,24
331,5.03498,20.09766,False,24
332,6.11895,28.0946,False,24
333,33.05047,30.0383,False,24
334,6.02485,6.04708,False,24
335,5.0825,30.12998,False,24
336,5.00121,30.1439,False,24
337,6.04511,25.12845,False,24
339,5.01316,28.12143,False,24
340,1.0,1.0152,True,24
341,1.0,25.03067,True,24
342,36.07318,5.10427,False,24
343,1.0,1.0,True,24
346,6.01278,27.1233,False,24
347,6.0754,33.08394,False,24
348,6.05746,27.02091,False,24
349,2.06145,25.02826,False,24
350,28.02401,29.02648,False,24
351,6.14115,25.00402,False,24
352,6.11416,34.00606,False,24
353,34.11934,37.06658,False,24
354,34.12932,34.08048,False,24
355,5.02589,23.1049,False,24
357,5.07891,29.11845,False,24
358,6.02831,28.12233,False,24
359,6.00518,32.13575,False,24
361,6.05705,30.076,False,24
363,35.09694,35.08791,False,24
364,35.10276,35.09041,False,24
365,3.11192,23.02301,False,24
366,5.08835,5.08106,False,24
367,35.01842,35.01621,False,24
370,6.06726,28.10347,False,24
371,6.14648,33.09518,False,24
372,6.13521,33.02779,False,24
373,6.06852,6.06341,False,24
374,1.05766,37.07144,False,24
375,5.06944,23.00251,False,24
376,6.01589,5.02055,False,24
377,6.09556,2.00145,False,24
378,33.0347,28.09619,False,24
379,28.1021,5.13146,False,24
380,34.00973,33.04205,False,24
381,6.03374,5.00832,False,24
383,5.10979,28.0862,False,24
384,6.12788,28.09994,False,24
385,2.05024,25.06669,False,24
386,1.12517,27.12545,False,24
387,1.14611,34.12176,False,24
388,2.09661,5.10726,False,24
389,2.10106,7.12136,False,24
390,3.06208,27.10974,False,24
391,2.05179,23.13126,False,24
394,5.0534,30.07516,False,24
395,35.03543,2.14049,False,24
396,35.14426,3.04647,False,24
397,35.07179,4.07509,False,24
398,35.14008,33.04514,False,24
403,6.02985,19.04688,False,24
404,35.14148,34.03563,False,24
405,35.03497,5.11089,False,24
406,6.06681,4.08959,False,24
407,29.11381,28.04418,False,24
408,1.0,4.06439,True,24
412,10.01186,34.07182,False,24
413,20.07969,25.06891,False,24
414,10.04517,31.13237,False,24
415,30.03676,28.1259,False,24
416,33.0271,20.10819,False,24
417,6.12185,28.08182,False,24
418,35.10064,35.06728,False,24
419,33.132,33.04676,False,24
420,33.02822,33.02204,False,24
421,33.13294,33.03591,False,24
422,28.13549,30.09528,False,24
423,6.0931,23.07232,False,24
425,6.0532,37.05619,False,24
426,6.06785,33.13795,False,24
427,6.10787,6.14529,False,24
428,33.08255,33.13223,False,24
429,33.14322,28.13157,False,24
1,6.06062,23.10058,False,25
3,4.13298,4.08036,False,25
5,6.00794,37.04108,False,25
6,5.14704,33.0253,False,25
7,4.02477,1.0,False,25
9,5.02361,5.14003,False,25
10,5.14525,4.10236,False,25
11,6.00046,1.0,False,25
13,6.07767,6.06315,False,25
17,6.02293,28.06035,False,25
18,6.0323,6.0104,False,25
19,1.0,33.00615,True,25
21,6.06706,29.01322,False,25
22,6.1107,6.09373,False,25
25,6.0248,19.05456,False,25
29,2.07772,5.14593,False,25
30,6.03338,6.13909,False,25
69,2.0335,24.09908,False,25
70,28.106,23.12341,False,25
71,6.02774,28.1383,False,25
72,33.09364,33.02826,False,25
73,28.04878,28.14604,False,25
74,33.0456,33.03349,False,25
75,34.0751,33.13828,False,25
76,6.07511,28.11708,False,25
77,18.0474,6.05452,False,25
78,6.03378,23.10384,False,25
79,6.11523,6.1024,False,25
82,6.03179,29.0095,False,25
83,3.01371,18.10777,False,25
84,33.04319,1.0,False,25
85,1.0,2.1444900000000002,True,25
86,1.0,29.13719,True,25
91,5.07737,5.10947,False,25
92,6.08976,28.01651,False,25
93,6.13288,23.0513,False,25
95,3.05287,5.12921,False,25
98,5.11873,30.0536,False,25
99,22.08486,34.14045,False,25
100,6.11073,35.00274,False,25
101,5.01919,23.07004,False,25
103,6.1467600000000004,25.12076,False,25
104,6.04012,30.0403,False,25
106,3.07572,28.0936,False,25
107,4.11226,26.03296,False,25
109,6.11411,34.0469,False,25
110,6.05621,28.12886,False,25
111,3.10784,33.07235,False,25
112,4.04791,22.01344,False,25
113,5.04216,28.09195,False,25
114,2.13126,5.12431,False,25
115,6.03907,5.13803,False,25
116,3.02492,28.09991,False,25
117,4.13484,5.13382,False,25
118,2.12008,18.04357,False,25
120,2.02678,34.11768,False,25
121,3.12377,5.13608,False,25
122,1.0944099999999999,5.08643,False,25
123,2.14046,6.06587,False,25
124,2.05533,37.13868,False,25
125,35.03878,34.14068,False,25
126,35.04936,30.12596,False,25
127,6.01996,24.01051,False,25
128,6.01882,30.04853,False,25
129,6.1350999999999996,30.14664,False,25
130,35.14272,35.14205,False,25
131,4.08975,5.13842,False,25
133,3.05159,5.11608,False,25
134,4.08445,5.11917,False,25
135,6.01973,4.14174,False,25
136,4.02676,4.09703,False,25
137,1.0,5.03412,True,25
139,5.06134,5.04899,False,25
140,4.07391,3.11092,False,25
141,6.14462,2.07908,False,25
142,3.04631,3.07497,False,25
143,1.05411,5.10838,False,25
144,4.1167300000000004,5.04826,False,25
145,1.0,30.04365,True,25
146,1.0,1.0,True,25
147,2.11614,1.0,False,25
148,1.0,1.0,True,25
149,1.0,18.01526,True,25
150,35.12428,1.0,False,25
151,1.0,1.09453,True,25
153,6.09236,6.07268,False,25
154,6.04205,28.14666,False,25
155,4.09537,23.12714,False,25
156,6.00799,5.14714,False,25
157,1.03554,5.11794,False,25
158,4.03831,18.04567,False,25
159,1.10018,23.08513,False,25
160,4.04732,23.11719,False,25
161,4.11336,18.00373,False,25
162,34.00452,29.13899,False,25
164,5.0498,37.04597,False,25
165,35.14576,6.08966,False,25
166,35.10593,30.08011,False,25
167,6.10319,5.08497,False,25
168,35.14192,1.0,False,25
169,35.12149,30.06571,False,25
173,6.01116,29.10146,False,25
175,3.08572,3.0492,False,25
176,5.02814,5.1047,False,25
177,6.04102,30.08623,False,25
178,34.00438,35.01697,False,25
179,6.13739,34.05459,False,25
180,28.11662,28.08465,False,25
181,33.05542,35.02474,False,25
182,6.10196,10.13545,False,25
183,6.09671,35.12192,False,25
184,6.11876,37.02237,False,25
185,6.13568,28.09034,False,25
186,6.03403,37.04107,False,25
188,2.11288,30.11061,False,25
189,34.14099,34.12348,False,25
190,6.06994,23.10598,False,25
191,6.0317,30.13263,False,25
192,6.1067,25.07546,False,25
193,36.03285,35.05806,False,25
194,6.09472,25.13823,False,25
195,6.04358,28.12019,False,25
197,2.07525,29.14339,False,25
198,6.00522,25.07044,False,25
199,23.05865,30.12795,False,25
200,6.08038,6.03778,False,25
201,6.09019,5.12172,False,25
202,37.01995,37.01639,False,25
203,30.10582,30.14472,False,25
204,4.04521,30.07747,False,25
206,2.01172,30.01831,False,25
207,6.09954,28.13455,False,25
208,5.03049,5.09333,False,25
209,28.02976,28.02185,False,25
210,28.13444,28.08542,False,25
211,33.11533,28.01453,False,25
212,5.02393,4.14705,False,25
213,5.14094,13.06605,False,25
216,6.10608,28.05475,False,25
217,6.13826,29.07031,False,25
218,6.05751,30.12991,False,25
219,6.13627,25.08268,False,25
222,5.1419,28.11176,False,25
225,33.0601,33.05344,False,25
226,6.09883,35.13938,False,25
227,34.03673,37.05061,False,25
229,33.10511,33.1064,False,25
230,33.06001,33.07427,False,25
233,6.0052,30.10039,False,25
234,33.00128,30.10749,False,25
235,33.02342,30.14054,False,25
236,4.02119,4.11831,False,25
237,6.06536,5.13729,False,25
242,4.02336,24.14152,False,25
243,6.09797,6.08406,False,25
251,34.06382,34.04832,False,25
252,6.09888,28.13775,False,25
253,4.08326,30.05701,False,25
254,1.10173,4.01203,False,25
255,3.09796,13.08982,False,25
256,2.11947,30.06808,False,25
257,4.05368,20.03521,False,25
258,5.14212,18.06868,False,25
259,33.05513,5.13214,False,25
260,5.01795,5.07939,False,25
262,1.02216,36.08719,False,25
263,3.07315,6.01662,False,25
264,6.13934,29.06149,False,25
265,5.10993,6.03989,False,25
270,33.03636,6.03149,False,25
271,6.03127,28.11089,False,25
272,6.1065,5.12776,False,25
273,6.07207,5.13984,False,25
274,6.01872,5.11844,False,25
275,33.1037,6.09943,False,25
280,3.12369,5.10016,False,25
289,5.14716,29.02451,False,25
290,6.09379,6.11332,False,25
291,6.14636,6.13282,False,25
292,5.09845,6.06782,False,25
293,15.08002,30.10849,False,25
294,10.00092,30.00026,False,25
295,25.02558,36.09581,False,25
296,20.00578,4.04523,False,25
297,6.04452,35.04033,False,25
298,2.08579,33.03899,False,25
299,6.06337,34.03915,False,25
300,4.04353,33.11901,False,25
301,4.08876,33.09242,False,25
302,5.04838,35.1454,False,25
303,33.09626,33.08067,False,25
308,5.05959,31.07024,False,25
317,4.05472,22.01205,False,25
318,5.02667,36.0892,False,25
319,5.09524,30.03437,False,25
320,4.02295,27.11026,False,25
321,3.02223,34.09782,False,25
322,5.04565,18.00516,False,25
323,2.00585,17.13801,False,25
324,1.10718,23.06166,False,25
325,4.11099,25.11285,False,25
326,4.05915,28.06743,False,25
328,5.10811,25.14435,False,25
329,6.12478,31.03734,False,25
330,6.08667,28.01869,False,25
331,5.00907,20.09293,False,25
332,5.11008,30.1084,False,25
333,33.04617,30.09559,False,25
334,6.10283,6.06796,False,25
335,5.08885,30.06927,False,25
336,5.14252,30.06699,False,25
337,6.03873,25.11665,False,25
339,5.03828,28.06008,False,25
340,1.0,1.09345,True,25
341,1.0,25.06855,True,25
342,36.01328,5.00591,False,25
343,1.0,1.0,True,25
346,6.03103,27.09127,False,25
347,6.09878,33.1274,False,25
348,6.03632,27.13142,False,25
349,2.11829,25.00791,False,25
350,28.11012,29.14571,False,25
351,6.1061,25.068,False,25
352,6.05917,34.09854,False,25
353,34.06591,37.06074,False,25
354,34.14438,34.10956,False,25
355,5.08951,23.08303,False,25
357,5.11624,29.05228,False,25
358,6.03389,28.10691,False,25
359,6.02248,32.04766,False,25
361,6.05918,25.1251,False,25
363,35.09906,35.09474,False,25
364,35.10599,35.06261,False,25
365,3.01247,23.01333,False,25
366,5.09727,5.11203,False,25
367,35.05877,35.04911,False,25
370,6.06102,28.08057,False,25
371,6.13913,33.0212,False,25
372,6.14148,33.11369,False,25
373,6.07547,6.12354,False,25
374,1.11325,37.09495,False,25
375,5.11676,4.06731,False,25
376,6.05943,5.00465,False,25
377,2.10531,1.0,False,25
378,33.08402,28.03541,False,25
379,28.0893,5.10218,False,25
380,34.03824,33.1043,False,25
381,6.06434,5.14319,False,25
383,5.0045,30.0567,False,25
384,6.13936,28.0526,False,25
385,2.08274,25.14164,False,25
386,1.07396,27.07125,False,25
387,2.0938,34.02255,False,25
388,2.10382,5.14496,False,25
389,2.00334,7.07518,False,25
390,3.12422,27.02447,False,25
391,5.02433,23.05268,False,25
394,5.02467,30.05675,False,25
395,35.07042,2.09865,False,25
396,35.06067,3.02751,False,25
397,35.10366,4.12568,False,25
398,35.08242,33.01865,False,25
403,6.06657,19.08384,False,25
404,35.03549,34.06514,False,25
405,35.06135,5.08929,False,25
406,4.06301,1.0,False,25
407,29.032,28.12258,False,25
408,1.0,4.08853,True,25
412,10.06687,34.12872,False,25
413,20.0296,25.09098,False,25
414,10.07714,31.00731,False,25
415,30.13637,28.05429,False,25
416,33.03386,20.1432,False,25
417,6.13791,28.09061,False,25
418,35.02623,35.02619,False,25
419,33.11241,33.01005,False,25
420,33.06089,33.04502,False,25
421,33.14546,33.12796,False,25
422,28.06957,30.10622,False,25
423,6.09688,23.13334,False,25
425,6.06457,37.03761,False,25
426,6.05852,33.12756,False,25
427,6.12262,6.12912,False,25
428,33.08314,33.12075,False,25
429,33.07414,28.0302,False,25
1,6.07088,23.06717,False,26
3,4.13763,4.00949,False,26
5,6.00417,37.11541,False,26
6,5.1246,33.01812,False,26
7,4.10952,1.0,False,26
9,4.00239,5.14351,False,26
10,5.09504,4.13689,False,26
11,6.09679,1.0,False,26
13,6.07291,6.08591,False,26
17,6.02287,28.0603,False,26
18,6.04588,6.03719,False,26
19,1.0,33.04601,True,26
21,6.05864,29.09824,False,26
22,6.0982,6.12474,False,26
25,6.01822,19.13062,False,26
29,2.13175,5.11932,False,26
30,6.06481,6.13652,False,26
69,2.04715,24.04995,False,26
70,28.06592,23.05348,False,26
71,6.06073,6.04936,False,26
72,33.1097,33.07323,False,26
73,28.12064,28.1027,False,26
74,33.07182,33.03084,False,26
75,34.02247,33.11757,False,26
76,6.06571,28.01369,False,26
77,18.12045,6.13141,False,26
78,6.03453,23.07681,False,26
79,6.07175,6.06485,False,26
82,6.00097,29.12411,False,26
83,3.00427,18.11526,False,26
84,33.02495,1.0,False,26
85,1.0,2.01541,True,26
86,1.0,29.07933,True,26
91,5.08614,5.11797,False,26
92,6.07528,6.07515,False,26
93,6.12702,23.04793,False,26
95,4.10861,5.1163,False,26
98,5.06646,30.04717,False,26
99,22.00401,34.14187,False,26
100,6.03176,35.00934,False,26
101,3.03958,23.06991,False,26
103,6.08253,25.0574,False,26
104,6.06816,30.07763,False,26
106,3.09162,28.08392,False,26
107,4.07868,26.06763,False,26
109,6.1369,34.03412,False,26
110,6.07407,28.11407,False,26
111,3.00386,33.04419,False,26
112,3.07242,22.12712,False,26
113,5.1003,28.12585,False,26
114,2.02313,5.0612,False,26
115,6.04691,5.14347,False,26
116,3.05494,28.09574,False,26
117,4.04637,5.12546,False,26
118,2.05186,18.13324,False,26
120,2.10115,34.13879,False,26
121,3.02865,5.12082,False,26
122,2.02857,5.12176,False,26
123,2.04187,6.06864,False,26
124,2.05841,37.06029,False,26
125,35.00391,34.00978,False,26
126,35.06125,30.10991,False,26
127,6.05462,24.11551,False,26
128,6.12942,30.0755,False,26
129,6.06856,30.06478,False,26
130,35.10388,35.02914,False,26
131,4.06431,5.13507,False,26
133,3.00623,5.14455,False,26
134,4.05266,5.02295,False,26
135,4.14322,4.04694,False,26
136,4.10718,4.07554,False,26
137,4.11121,5.09126,False,26
139,5.05547,5.03834,False,26
140,4.01956,3.03117,False,26
141,6.03685,2.03558,False,26
142,3.0381299999999998,3.0762,False,26
143,1.06005,5.06754,False,26
144,4.09921,5.07225,False,26
145,30.07878,1.0,False,26
146,1.0,1.0,True,26
147,2.02201,1.0,False,26
148,1.0,1.0,True,26
149,1.0,18.09132,True,26
150,35.01506,1.0,False,26
151,1.0,1.00312,True,26
153,6.11506,6.10979,False,26
154,6.02859,23.12097,False,26
155,4.11326,23.0947,False,26
156,6.01248,5.13707,False,26
157,1.08866,5.14087,False,26
158,4.09293,18.08055,False,26
159,1.00347,23.03549,False,26
160,4.03136,23.0831,False,26
161,4.13366,18.05003,False,26
162,34.03051,29.09833,False,26
164,5.00628,37.05598,False,26
165,35.06241,6.13203,False,26
166,35.06281,30.11765,False,26
167,6.11279,5.08459,False,26
168,35.10516,1.0,False,26
169,35.0426,30.06999,False,26
173,6.01356,29.09481,False,26
175,3.07877,4.13186,False,26
176,5.03199,5.07688,False,26
177,6.10826,30.13003,False,26
178,34.00025,35.02697,False,26
179,6.14177,34.0869,False,26
180,28.11361,28.02049,False,26
181,33.06058,35.04045,False,26
182,6.12301,10.0462,False,26
183,6.08146,35.04686,False,26
184,6.03369,37.12413,False,26
185,6.12159,28.03744,False,26
186,6.03196,37.11373,False,26
188,2.09453,30.11197,False,26
189,34.12824,34.0716,False,26
190,6.12108,23.03709,False,26
191,6.08203,30.11769,False,26
192,6.0643,25.01849,False,26
193,36.04827,35.04678,False,26
194,6.06049,25.06216,False,26
195,6.0866,28.03585,False,26
197,2.06359,30.11647,False,26
198,6.04199,25.12209,False,26
199,6.094,30.09907,False,26
200,6.14482,6.0811,False,26
201,6.07506,5.14478,False,26
202,37.07611,37.07535,False,26
203,30.07724,30.14429,False,26
204,4.10729,30.021,False,26
206,2.08371,30.07969,False,26
207,6.10409,28.11459,False,26
208,5.08354,5.1368,False,26
209,28.04322,28.12013,False,26
210,28.10992,28.11138,False,26
211,33.00972,28.11293,False,26
212,5.03168,4.13642,False,26
213,5.13816,13.06883,False,26
216,6.10749,28.09194,False,26
217,6.13264,29.09514,False,26
218,6.1133,30.10906,False,26
219,6.12972,25.06589,False,26
222,5.14372,28.11406,False,26
225,33.13337,33.12478,False,26
226,6.08784,35.04315,False,26
227,34.02216,37.03806,False,26
229,33.07119,33.11904,False,26
230,33.05024,33.1274,False,26
233,6.02521,30.07052,False,26
234,33.02106,30.04962,False,26
235,33.09079,30.06572,False,26
236,4.0328,4.13173,False,26
237,6.10784,5.1375399999999996,False,26
242,4.05755,24.09945,False,26
243,6.08807,6.0573,False,26
251,34.10376,34.06506,False,26
252,6.08564,28.01349,False,26
253,4.06232,30.07941,False,26
254,1.0523,4.14607,False,26
255,3.00351,13.03374,False,26
256,2.03946,30.0283,False,26
257,4.01858,20.13702,False,26
258,5.11066,18.01997,False,26
259,33.1345,5.13996,False,26
260,5.00015,5.14718,False,26
262,1.024,36.14364,False,26
263,3.00182,6.00562,False,26
264,6.14051,29.01573,False,26
265,5.1433,6.13492,False,26
270,33.02005,6.11454,False,26
271,6.06473,28.02596,False,26
272,6.07517,5.12586,False,26
273,6.02607,5.02029,False,26
274,6.00072,5.08391,False,26
275,33.03455,6.00867,False,26
280,3.0468,5.13163,False,26
289,5.14616,29.06003,False,26
290,6.11908,6.11718,False,26
291,6.14634,6.13907,False,26
292,5.08232,6.12414,False,26
293,15.0039,30.12603,False,26
294,10.01497,6.08486,False,26
295,25.07139,36.13555,False,26
296,20.01961,4.07684,False,26
297,6.02384,35.06459,False,26
298,1.05966,33.01475,False,26
299,6.05986,34.09918,False,26
300,4.10036,33.04053,False,26
301,4.12374,33.08958,False,26
302,5.05459,35.09952,False,26
303,5.00209,33.03899,False,26
308,3.02781,31.06976,False,26
317,4.00197,22.01503,False,26
318,6.01806,36.09097,False,26
319,5.11884,30.13905,False,26
320,4.13543,27.07199,False,26
321,4.03927,34.06926,False,26
322,5.07329,18.12001,False,26
323,3.04012,17.00722,False,26
324,2.11108,23.03654,False,26
325,4.11159,25.04675,False,26
326,3.06831,18.06526,False,26
328,5.0494,25.08657,False,26
329,20.13795,31.00616,False,26
330,6.01183,30.03868,False,26
331,5.07273,20.13514,False,26
332,5.08479,30.04312,False,26
333,33.04001,30.09666,False,26
334,6.06833,6.14128,False,26
335,5.11905,30.14628,False,26
336,3.12206,30.03045,False,26
337,6.01962,25.13917,False,26
339,5.13101,28.05357,False,26
340,1.0,1.12318,True,26
341,1.0,25.13562,True,26
342,36.0937,5.04966,False,26
343,1.0,1.0,True,26
346,6.01447,27.03262,False,26
347,6.07951,33.06113,False,26
348,6.04342,27.10878,False,26
349,4.1400500000000005,25.09243,False,26
350,6.13024,29.07472,False,26
351,6.12701,25.09212,False,26
352,6.05762,34.02987,False,26
353,34.03285,37.08619,False,26
354,34.13481,34.05373,False,26
355,4.01631,23.01148,False,26
357,5.07998,29.14585,False,26
358,6.09218,28.01294,False,26
359,6.03322,32.04385,False,26
361,6.0387,25.0498,False,26
363,35.11787,35.07192,False,26
364,35.12767,35.09111,False,26
365,3.11221,23.04418,False,26
366,5.11604,5.11321,False,26
367,35.09171,35.04072,False,26
370,6.09692,28.06539,False,26
371,6.128,33.09708,False,26
372,6.14344,33.08917,False,26
373,6.01652,6.06889,False,26
374,1.00992,37.12364,False,26
375,5.12856,4.03076,False,26
376,6.03189,5.1387,False,26
377,6.09008,2.0550100000000002,False,26
378,33.13187,28.0099,False,26
379,28.0452,5.09719,False,26
380,34.096,33.12694,False,26
381,6.00857,5.02209,False,26
383,5.08823,28.14088,False,26
384,6.13256,28.04206,False,26
385,3.0957,25.12213,False,26
386,1.06822,27.04168,False,26
387,1.10011,34.05984,False,26
388,2.08572,5.0793800000000005,False,26
389,2.03937,7.00205,False,26
390,3.05256,27.11309,False,26
391,2.12436,23.09657,False,26
394,5.11018,30.07997,False,26
395,35.13626,2.03302,False,26
396,35.05794,3.06984,False,26
397,35.01241,4.04818,False,26
398,35.10961,33.13898,False,26
403,6.08191,19.02114,False,26
404,35.10742,34.08671,False,26
405,35.09602,5.11814,False,26
406,6.00799,4.06502,False,26
407,29.08302,28.08465,False,26
408,1.0,4.01638,True,26
412,10.06117,34.04055,False,26
413,20.00359,25.00285,False,26
414,10.06964,31.03804,False,26
415,30.11498,28.07068,False,26
416,33.10097,20.07947,False,26
417,6.12772,28.08304,False,26
418,35.05042,35.03781,False,26
419,33.09531,33.07144,False,26
420,33.08802,33.01924,False,26
421,33.13828,33.12633,False,26
422,28.10262,30.11226,False,26
423,6.05836,23.11412,False,26
425,5.06772,37.05504,False,26
426,6.0536,33.12161,False,26
427,6.04724,6.12339,False,26
428,33.04963,33.14311,False,26
429,33.05507,28.05903,False,26
1,6.0719899999999996,23.11786,False,27
3,4.0893,4.0508,False,27
5,6.02505,37.06051,False,27
6,5.1142,33.03659,False,27
7,4.0652,1.0,False,27
9,4.11454,5.12411,False,27
10,5.10566,4.04421,False,27
11,6.14648,1.0,False,27
13,6.12996,6.12096,False,27
17,6.01756,28.09712,False,27
18,6.05372,6.03972,False,27
19,1.0,33.02946,True,27
21,6.03021,29.00131,False,27
22,6.12705,6.11013,False,27
25,6.00119,19.06712,False,27
29,2.14307,5.10301,False,27
30,6.09805,6.14706,False,27
69,2.10424,24.0728,False,27
70,28.05919,23.09323,False,27
71,6.04478,28.03082,False,27
72,33.11675,33.05464,False,27
73,28.04762,28.02244,False,27
74,33.05627,33.05416,False,27
75,34.01089,33.14522,False,27
76,6.13266,28.0686,False,27
77,18.04987,6.09378,False,27
78,6.03598,29.09042,False,27
79,6.07013,6.05793,False,27
82,6.0674,29.03864,False,27
83,3.06667,18.08309,False,27
84,33.01199,1.0,False,27
85,1.0,2.11969,True,27
86,1.0,29.10564,True,27
91,5.07603,5.1324,False,27
92,6.05689,28.04,False,27
93,6.128,23.01871,False,27
95,4.11568,5.01048,False,27
98,5.12688,30.11614,False,27
99,22.054,34.12952,False,27
100,6.0951,35.00794,False,27
101,3.00536,23.10355,False,27
103,6.14651,25.14422,False,27
104,6.00863,30.07745,False,27
106,3.07809,28.08342,False,27
107,4.04885,26.06089,False,27
109,6.11419,34.02559,False,27
110,6.06367,28.02785,False,27
111,3.12053,33.07426,False,27
112,3.06031,22.06386,False,27
113,5.12722,28.09278,False,27
114,2.00639,5.12073,False,27
115,6.04202,5.10168,False,27
116,3.10228,28.133,False,27
117,4.09655,5.0446,False,27
118,2.09804,18.13564,False,27
120,2.09361,34.03955,False,27
121,2.07863,5.05852,False,27
122,2.10376,5.12523,False,27
123,2.0761,6.02495,False,27
124,2.12338,37.06551,False,27
125,35.01213,34.01763,False,27
126,35.08512,30.04671,False,27
127,6.06422,24.13929,False,27
128,4.12068,30.00766,False,27
129,6.13547,30.04561,False,27
130,35.1377,35.12989,False,27
131,4.09865,5.10491,False,27
133,3.13879,5.11674,False,27
134,4.01582,5.10212,False,27
135,6.02063,4.02435,False,27
136,4.06822,4.12658,False,27
137,4.0811,5.1118,False,27
139,5.12156,5.07581,False,27
140,4.03028,3.04764,False,27
141,6.0588,2.00174,False,27
142,3.08073,3.12132,False,27
143,1.11182,5.08687,False,27
144,4.06604,5.13889,False,27
145,30.07817,1.0,False,27
146,1.0,1.0,True,27
147,2.09682,1.0,False,27
148,1.0,1.0,True,27
149,1.0,18.11398,True,27
150,35.11298,1.0,False,27
151,1.0,1.05609,True,27
153,6.10319,6.08017,False,27
154,6.02231,23.01132,False,27
155,4.02227,37.11645,False,27
156,5.1138,28.14258,False,27
157,2.03681,5.12215,False,27
158,4.04698,18.09479,False,27
159,3.0214,23.10305,False,27
160,4.13141,23.03702,False,27
161,4.06364,18.14209,False,27
162,34.14548,29.12382,False,27
164,5.115,37.04393,False,27
165,35.05134,6.07164,False,27
166,35.01451,30.14583,False,27
167,6.01692,5.12141,False,27
168,35.07657,1.0,False,27
169,35.13827,30.00912,False,27
173,6.01989,29.03835,False,27
175,3.06504,3.07682,False,27
176,5.11577,5.13802,False,27
177,6.08245,30.02307,False,27
178,34.00706,35.01874,False,27
179,6.1357,34.00682,False,27
180,28.11103,28.09332,False,27
181,33.1001,35.03813,False,27
182,6.11543,25.04947,False,27
183,6.10956,35.03292,False,27
184,6.10715,37.06001,False,27
185,6.11798,28.04498,False,27
186,6.1068,37.12389,False,27
188,1.10279,30.13262,False,27
189,34.11847,34.09126,False,27
190,6.11924,23.04308,False,27
191,6.05107,30.06049,False,27
192,6.09911,25.0389,False,27
193,36.01679,35.05894,False,27
194,6.08729,25.12807,False,27
195,6.05922,28.07103,False,27
197,2.09799,30.14317,False,27
198,6.01825,25.13582,False,27
199,6.10162,30.13387,False,27
200,6.08688,6.06516,False,27
201,6.12491,5.12953,False,27
202,37.10918,37.03392,False,27
203,30.01753,30.11579,False,27
204,4.0552,30.09047,False,27
206,2.01964,30.02078,False,27
207,6.11115,28.12167,False,27
208,5.07467,5.1136,False,27
209,28.07125,28.01192,False,27
210,28.09243,28.12228,False,27
211,33.02941,28.08141,False,27
212,4.09695,5.06683,False,27
213,5.09586,13.08282,False,27
216,6.08163,28.12693,False,27
217,6.14329,29.09091,False,27
218,6.11807,30.12129,False,27
219,6.12695,25.01344,False,27
222,5.14488,28.09448,False,27
225,33.10306,33.03326,False,27
226,6.10606,35.01234,False,27
227,34.1306,37.03674,False,27
229,33.10738,33.11537,False,27
230,33.02625,33.04531,False,27
233,6.00707,30.1252,False,27
234,33.02384,30.01394,False,27
235,33.05572,30.11475,False,27
236,4.02867,4.07421,False,27
237,6.11294,5.0983,False,27
242,4.0729,24.13998,False,27
243,6.14086,6.1085,False,27
251,34.08274,34.05938,False,27
252,6.13016,28.08735,False,27
253,4.00629,30.06682,False,27
254,1.08343,4.13534,False,27
255,3.06184,13.1451,False,27
256,2.02529,30.04521,False,27
257,4.05804,20.08156,False,27
258,1.00186,18.03722,False,27
259,33.12476,5.1117,False,27
260,5.1472999999999995,5.02552,False,27
262,1.05495,36.04182,False,27
263,3.04583,6.02467,False,27
264,6.07959,29.08424,False,27
265,5.12085,6.06503,False,27
270,33.09596,6.10795,False,27
271,6.08737,28.03636,False,27
272,6.08069,5.03627,False,27
273,6.08476,5.13644,False,27
274,6.00787,5.11442,False,27
275,33.01326,6.01482,False,27
280,3.01219,5.05918,False,27
289,5.1197,28.03364,False,27
290,6.10025,6.12924,False,27
291,6.13721,6.12783,False,27
292,5.11688,6.06678,False,27
293,15.08632,30.14615,False,27
294,10.04227,10.00026,False,27
295,25.00323,36.08445,False,27
296,20.00795,4.13637,False,27
297,6.04142,35.03037,False,27
298,2.10516,33.11415,False,27
299,6.08327,34.02844,False,27
300,6.0514,33.13614,False,27
301,4.10984,33.10558,False,27
302,5.02951,35.09578,False,27
303,5.1311,33.13621,False,27
308,3.01317,31.02432,False,27
317,4.05856,22.01104,False,27
318,4.12151,36.02947,False,27
319,5.13324,30.07195,False,27
320,4.14694,27.00824,False,27
321,3.05977,34.11571,False,27
322,5.03691,18.00492,False,27
323,3.02304,17.02409,False,27
324,2.0505,23.07055,False,27
325,4.12242,25.14635,False,27
326,3.03303,18.07887,False,27
328,5.14469,25.07963,False,27
329,24.12368,31.00704,False,27
330,6.03939,30.05356,False,27
331,5.081,20.09704,False,27
332,6.10499,30.11129,False,27
333,33.04434,30.08272,False,27
334,6.06774,6.05716,False,27
335,5.0856,30.07864,False,27
336,5.12363,30.0282,False,27
337,6.05958,25.12165,False,27
339,5.10112,28.14068,False,27
340,1.0,1.10042,True,27
341,1.0,25.0048,True,27
342,36.07514,5.12668,False,27
343,1.0,1.0,True,27
346,6.03851,27.00085,False,27
347,6.11565,33.05981,False,27
348,6.02102,27.0609,False,27
349,2.01859,25.02648,False,27
350,28.08868,29.06317,False,27
351,6.07118,25.03264,False,27
352,6.08753,34.06773,False,27
353,34.02751,37.10572,False,27
354,34.0993,34.08865,False,27
355,5.04742,23.14177,False,27
357,5.08401,29.1364,False,27
358,6.03034,28.10268,False,27
359,6.03293,32.10194,False,27
361,6.04171,25.14212,False,27
363,35.12041,35.11463,False,27
364,35.05401,35.04396,False,27
365,3.0958,23.04795,False,27
366,5.11036,5.11213,False,27
367,35.00857,35.00257,False,27
370,6.07896,28.10078,False,27
371,6.13786,33.00351,False,27
372,6.14682,33.11939,False,27
373,6.04862,6.12625,False,27
374,1.04859,37.08022,False,27
375,5.05373,23.06616,False,27
376,6.10282,5.14063,False,27
377,6.10647,2.10762,False,27
378,33.03731,28.1309,False,27
379,28.13421,5.10849,False,27
380,34.02831,33.01033,False,27
381,6.03765,5.02905,False,27
383,5.04423,28.08461,False,27
384,6.12884,28.02744,False,27
385,3.03355,25.1458,False,27
386,1.14473,27.05586,False,27
387,2.12603,34.0549,False,27
388,2.09098,5.11201,False,27
389,2.11143,7.05834,False,27
390,3.02757,27.02248,False,27
391,2.09073,23.01183,False,27
394,5.12967,30.12558,False,27
395,35.05972,2.05003,False,27
396,35.01286,3.11079,False,27
397,35.09889,4.05421,False,27
398,35.01963,33.05426,False,27
403,6.01893,19.13743,False,27
404,35.07406,34.13363,False,27
405,35.10248,5.12089,False,27
406,6.02813,4.11128,False,27
407,29.02531,28.06941,False,27
408,1.0,4.07487,True,27
412,10.0994,34.14004,False,27
413,20.0864,25.13289,False,27
414,10.01985,31.05375,False,27
415,30.08051,28.10521,False,27
416,33.07951,20.02787,False,27
417,6.14295,28.0628,False,27
418,35.08611,35.08326,False,27
419,33.05074,33.03131,False,27
420,33.13652,33.08269,False,27
421,33.08585,33.01929,False,27
422,28.12399,30.05434,False,27
423,6.09364,23.11264,False,27
425,6.04377,37.03053,False,27
426,6.04768,33.13337,False,27
427,6.11025,6.13257,False,27
428,33.1284,33.11338,False,27
429,33.1371,28.09255,False,27
1,6.05627,23.02223,False,28
3,4.13078,4.0207,False,28
5,6.04448,37.14089,False,28
6,5.12505,33.05701,False,28
7,4.00025,1.0,False,28
9,4.10541,5.13797,False,28
10,5.13946,4.05747,False,28
11,6.10639,1.0,False,28
13,6.10725,6.09172,False,28
17,6.03177,28.09874,False,28
18,6.0089,6.01944,False,28
19,1.0,33.004,True,28
21,6.05235,29.04105,False,28
22,6.10065,6.10698,False,28
25,6.00451,19.03412,False,28
29,2.12646,5.11198,False,28
30,6.12286,6.11778,False,28
69,2.00548,24.0445,False,28
70,28.08628,23.06703,False,28
71,6.12057,6.11906,False,28
72,33.03738,33.03295,False,28
73,28.13425,28.04801,False,28
74,33.07896,33.06448,False,28
75,34.00986,33.12958,False,28
76,6.14528,6.14367,False,28
77,18.07544,6.1297,False,28
78,6.02901,29.04671,False,28
79,6.10125,6.08882,False,28
82,6.02626,29.03987,False,28
83,3.0902,18.11021,False,28
84,33.11662,1.0,False,28
85,1.0,2.12464,True,28
86,1.0,29.10713,True,28
91,5.0702,5.13491,False,28
92,6.09035,6.07989,False,28
93,6.12673,23.10052,False,28
95,4.12887,5.04893,False,28
98,5.13949,30.13714,False,28
99,22.08805,34.11992,False,28
100,6.08147,35.02191,False,28
101,5.04646,23.01734,False,28
103,6.07524,25.04892,False,28
104,6.04603,30.12937,False,28
106,3.1145,28.02532,False,28
107,4.01989,26.053,False,28
109,6.06776,34.07753,False,28
110,6.08197,28.13216,False,28
111,3.08584,33.02448,False,28
112,3.05175,22.08246,False,28
113,5.05525,28.11524,False,28
114,2.10323,5.09453,False,28
115,6.01782,5.11987,False,28
116,3.02423,28.14705,False,28
117,4.13837,5.14035,False,28
118,2.00549,18.11682,False,28
120,2.12273,34.12151,False,28
121,3.02466,5.07472,False,28
122,1.09683,5.14061,False,28
123,2.08318,6.10934,False,28
124,4.04504,37.12905,False,28
125,35.11621,34.01814,False,28
126,35.05161,30.1325,False,28
127,6.00804,24.01686,False,28
128,6.01801,30.10467,False,28
129,6.1035,30.07926,False,28
130,35.1143,35.09248,False,28
131,4.11925,5.11617,False,28
133,3.06663,5.12423,False,28
134,4.02064,4.02649,False,28
135,4.00909,4.02493,False,28
136,4.00933,4.04288,False,28
137,4.0078,5.08801,False,28
139,5.07137,5.08262,False,28
140,4.04717,3.10046,False,28
141,6.09495,2.12676,False,28
142,3.1144,3.13767,False,28
143,1.06056,5.03118,False,28
144,4.11679,31.03294,False,28
145,30.00478,1.0,False,28
146,1.0,1.0,True,28
147,2.10358,1.0,False,28
148,1.0,1.0,True,28
149,1.0,18.09224,True,28
150,35.05344,1.0,False,28
151,1.0,1.05511,True,28
153,6.10592,6.09137,False,28
154,6.04687,28.00864,False,28
155,4.11084,5.14083,False,28
156,5.05946,28.01784,False,28
157,1.13617,5.08283,False,28
158,4.07638,18.14296,False,28
159,1.05173,23.04396,False,28
160,4.04104,23.12859,False,28
161,4.1442,18.03103,False,28
162,34.10593,29.1128,False,28
164,5.00613,37.0156,False,28
165,35.0222,6.0579,False,28
166,35.09196,30.11596,False,28
167,6.0148,5.06538,False,28
168,35.11458,1.0,False,28
169,35.00321,30.08435,False,28
173,6.00272,29.02634,False,28
175,3.12942,3.09594,False,28
176,5.01195,5.00351,False,28
177,6.06868,30.10368,False,28
178,34.00597,35.0242,False,28
179,6.13898,34.06161,False,28
180,28.12805,28.14283,False,28
181,33.11528,35.01111,False,28
182,6.127,10.04505,False,28
183,6.11702,35.1028,False,28
184,6.03961,37.08053,False,28
185,6.11899,28.08481,False,28
186,6.0697,37.06706,False,28
188,2.01038,37.10526,False,28
189,34.138,34.12298,False,28
190,6.06194,23.1101,False,28
191,6.04748,30.07521,False,28
192,6.11154,25.10837,False,28
193,36.04064,35.08982,False,28
194,6.07457,25.14132,False,28
195,6.07581,28.02453,False,28
197,2.01548,30.13109,False,28
198,6.02708,25.03859,False,28
199,6.06176,30.04226,False,28
200,6.13461,6.03125,False,28
201,6.07158,5.05795,False,28
202,37.06299,37.03817,False,28
203,30.04973,30.00805,False,28
204,6.03445,30.00803,False,28
206,2.12928,30.14045,False,28
207,6.08933,28.12554,False,28
208,5.10194,5.12466,False,28
209,28.02783,28.09288,False,28
210,28.00469,28.14368,False,28
211,33.05181,28.09869,False,28
212,5.06128,4.11932,False,28
213,5.08575,13.02104,False,28
216,6.09349,28.13737,False,28
217,6.1358,29.10798,False,28
218,6.10153,30.14413,False,28
219,6.13981,25.02438,False,28
222,5.09091,28.09566,False,28
225,33.14195,33.12755,False,28
226,6.0929,35.08709,False,28
227,34.08744,37.00619,False,28
229,33.06688,33.11368,False,28
230,33.03719,33.09707,False,28
233,6.05031,30.08818,False,28
234,33.04764,30.14077,False,28
235,33.07833,30.01697,False,28
236,4.06042,4.05941,False,28
237,6.00244,5.10663,False,28
242,4.14401,24.02345,False,28
243,6.13569,6.11123,False,28
251,34.12876,34.12614,False,28
252,6.12989,28.10576,False,28
253,4.05983,30.01272,False,28
254,1.14286,4.01584,False,28
255,3.02744,13.0881,False,28
256,2.13361,30.12919,False,28
257,4.06948,20.11584,False,28
258,5.11426,18.10414,False,28
259,33.0935,5.03032,False,28
260,5.05289,5.05345,False,28
262,1.00518,36.10793,False,28
263,3.07767,6.00918,False,28
264,6.05864,29.02687,False,28
265,5.10439,6.00141,False,28
270,33.00647,6.12374,False,28
271,6.13733,28.14654,False,28
272,6.07162,5.11714,False,28
273,6.00289,5.12999,False,28
274,6.09497,5.09564,False,28
275,33.09753,6.04497,False,28
280,3.09165,5.0765,False,28
289,5.14079,28.082,False,28
290,6.11071,6.11974,False,28
291,6.14393,6.14711,False,28
292,5.05759,6.13528,False,28
293,15.06865,31.13664,False,28
294,10.09648,30.04251,False,28
295,25.03841,36.09209,False,28
296,20.11392,4.10727,False,28
297,6.00522,35.03704,False,28
298,1.09645,33.00008,False,28
299,6.05068,34.06659,False,28
300,4.11031,33.13828,False,28
301,4.1076,33.03664,False,28
302,5.02033,35.04544,False,28
303,5.05064,33.00691,False,28
308,5.03882,31.11322,False,28
317,3.05179,22.04392,False,28
318,6.02007,36.03418,False,28
319,5.1349,30.08547,False,28
320,4.13011,27.10096,False,28
321,4.06705,34.13827,False,28
322,5.06178,18.07423,False,28
323,4.11382,17.07404,False,28
324,2.03557,23.00154,False,28
325,4.02004,25.0463,False,28
326,4.06465,18.11712,False,28
328,5.10834,25.12277,False,28
329,6.14189,31.01826,False,28
330,6.05166,28.06305,False,28
331,5.05331,20.04868,False,28
332,5.0723,30.0469,False,28
333,33.02662,30.07625,False,28
334,6.0515,6.10432,False,28
335,5.1155100000000004,30.07325,False,28
336,5.10546,30.14237,False,28
337,6.01861,25.10561,False,28
339,5.07227,28.02654,False,28
340,1.0,1.01263,True,28
341,1.0,25.08014,True,28
342,36.02476,5.00111,False,28
343,1.0,1.0,True,28
346,6.01987,27.12556,False,28
347,6.11826,33.0488,False,28
348,6.03588,27.0074,False,28
349,2.04014,25.04948,False,28
350,6.14743,29.05129,False,28
351,6.12689,25.01431,False,28
352,6.07037,34.04362,False,28
353,34.08039,37.09821,False,28
354,34.10753,34.05405,False,28
355,4.1071,23.05174,False,28
357,5.07979,29.11566,False,28
358,6.0287,28.13012,False,28
359,6.00767,32.05275,False,28
361,6.07187,25.10032,False,28
363,35.09273,35.07963,False,28
364,35.09862,35.0971,False,28
365,3.07475,23.12545,False,28
366,5.10845,5.08926,False,28
367,35.04247,35.0212,False,28
370,6.10484,28.09439,False,28
371,6.11772,33.09839,False,28
372,6.14634,33.11834,False,28
373,6.05669,6.02212,False,28
374,1.02057,37.14546,False,28
375,5.05186,4.02917,False,28
376,6.0717,5.11797,False,28
377,2.10693,1.0,False,28
378,33.08398,28.09624,False,28
379,28.06813,5.12602,False,28
380,34.00381,33.02611,False,28
381,6.04191,5.1339500000000005,False,28
383,5.01831,29.08608,False,28
384,6.13615,30.05936,False,28
385,2.13126,30.03996,False,28
386,1.07734,27.02723,False,28
387,1.02405,34.12587,False,28
388,2.05471,5.1235,False,28
389,2.1238,7.08174,False,28
390,3.04343,27.13025,False,28
391,2.09279,23.10132,False,28
394,5.11487,30.11166,False,28
395,35.08791,2.0362,False,28
396,35.12857,3.09233,False,28
397,35.12117,4.10579,False,28
398,35.01269,33.06043,False,28
403,6.06986,19.03943,False,28
404,35.02108,34.06512,False,28
405,35.0092,5.12002,False,28
406,6.03496,4.056,False,28
407,29.00052,28.10829,False,28
408,1.0,4.02629,True,28
412,10.07052,34.03381,False,28
413,20.00962,30.13627,False,28
414,10.13498,31.09917,False,28
415,30.01118,28.10426,False,28
416,33.03432,20.09231,False,28
417,6.14577,23.01763,False,28
418,35.05972,35.05416,False,28
419,33.06744,33.03514,False,28
420,33.01147,33.01101,False,28
421,33.03413,33.03193,False,28
422,28.07409,30.01475,False,28
423,6.07331,23.14567,False,28
425,6.03636,5.04117,False,28
426,6.06529,33.119,False,28
427,6.06974,6.13587,False,28
428,33.09815,33.0696,False,28
429,33.02067,28.08401,False,28
1,6.06188,23.02016,False,29
3,4.10662,4.09561,False,29
5,6.00663,37.12028,False,29
6,5.05992,33.10287,False,29
7,4.08955,1.0,False,29
9,5.00839,5.11446,False,29
10,5.1366,4.09479,False,29
11,6.10097,1.0,False,29
13,6.05321,6.06012,False,29
17,6.01512,29.06127,False,29
18,6.04451,6.02778,False,29
19,1.0,33.04491,True,29
21,6.06536,29.03819,False,29
22,6.11701,6.10702,False,29
25,6.00213,19.10321,False,29
29,4.032,5.14007,False,29
30,6.05114,6.10261,False,29
69,2.10207,24.11873,False,29
70,28.0308,23.06991,False,29
71,6.05031,28.03751,False,29
72,33.11837,33.03868,False,29
73,28.00171,28.06532,False,29
74,33.05352,33.04534,False,29
75,34.06156,33.06892,False,29
76,6.14623,6.1381,False,29
77,18.00863,6.12428,False,29
78,6.02726,23.11957,False,29
79,6.11424,6.06652,False,29
82,6.01877,29.06352,False,29
83,3.04428,18.05333,False,29
84,33.0568,1.0,False,29
85,1.0,2.03326,True,29
86,1.0,29.09995,True,29
91,5.12312,5.14049,False,29
92,6.09506,6.08077,False,29
93,6.12447,23.04624,False,29
95,4.09637,5.14189,False,29
98,5.14634,30.02411,False,29
99,22.04087,34.12783,False,29
100,6.06202,35.01642,False,29
101,5.01895,23.11934,False,29
103,6.13798,25.10243,False,29
104,6.01225,30.05394,False,29
106,3.11772,28.02486,False,29
107,4.05322,26.06627,False,29
109,6.11367,34.06164,False,29
110,6.08822,28.14264,False,29
111,3.1384,33.07356,False,29
112,3.0117,22.11527,False,29
113,5.10335,28.0665,False,29
114,2.04866,5.14625,False,29
115,6.00695,5.11332,False,29
116,3.002,28.07266,False,29
117,3.13657,5.09808,False,29
118,2.12359,18.04974,False,29
120,2.06602,34.11761,False,29
121,3.08635,5.05613,False,29
122,1.00407,5.11678,False,29
123,2.02526,6.03732,False,29
124,2.01046,37.08317,False,29
125,35.07219,34.065,False,29
126,35.04042,30.12611,False,29
127,6.02587,24.06336,False,29
128,4.04271,30.04574,False,29
129,6.14519,30.11114,False,29
130,35.09358,35.04826,False,29
131,4.07422,5.11493,False,29
133,3.08371,5.10848,False,29
134,4.00385,5.11572,False,29
135,2.07731,4.07364,False,29
136,4.05319,4.03869,False,29
137,4.08147,5.0133,False,29
139,5.1448,5.12204,False,29
140,4.02291,3.00862,False,29
141,6.0056,2.06854,False,29
142,3.11094,3.02001,False,29
143,1.10257,5.11265,False,29
144,4.01685,5.12397,False,29
145,1.0,30.08541,True,29
146,1.0,1.0,True,29
147,2.0681,1.0,False,29
148,1.0,1.0,True,29
149,1.0,18.03286,True,29
150,35.01514,1.0,False,29
151,1.0,1.12326,True,29
153,6.07094,6.06292,False,29
154,6.03337,28.02469,False,29
155,4.04179,23.12033,False,29
156,6.00194,5.10268,False,29
157,1.09085,5.14037,False,29
158,4.13733,18.0756,False,29
159,3.14269,23.0658,False,29
160,4.12015,23.01773,False,29
161,4.06122,18.07854,False,29
162,34.00661,29.10972,False,29
164,5.03118,37.13604,False,29
165,35.10363,6.07633,False,29
166,35.03141,30.13921,False,29
167,6.03343,5.04967,False,29
168,35.12809,1.0,False,29
169,35.07088,30.03904,False,29
173,6.01375,29.14385,False,29
175,3.03838,3.02969,False,29
176,5.1100200000000005,5.11544,False,29
177,6.08444,30.1446,False,29
178,34.01385,35.00175,False,29
179,6.14492,34.10629,False,29
180,28.14303,28.12637,False,29
181,33.0792,35.03766,False,29
182,6.13852,10.01243,False,29
183,6.09273,35.02521,False,29
184,6.11148,37.10404,False,29
185,6.10765,28.12112,False,29
186,6.06638,37.13413,False,29
188,1.14578,37.02387,False,29
189,34.14105,34.13052,False,29
190,6.13873,23.01201,False,29
191,6.06123,30.11705,False,29
192,6.03683,25.06379,False,29
193,36.03349,35.08831,False,29
194,6.1217,25.00126,False,29
195,6.08665,28.09757,False,29
197,2.11536,29.00402,False,29
198,6.08609,25.11995,False,29
199,6.10741,30.05024,False,29
200,6.03055,6.02223,False,29
201,6.1223,5.10905,False,29
202,37.08307,37.07895,False,29
203,30.1111,30.12904,False,29
204,4.04915,30.13549,False,29
206,2.12258,30.0589,False,29
207,6.08026,28.13429,False,29
208,5.07415,5.14399,False,29
209,28.07398,28.08505,False,29
210,28.10968,28.14198,False,29
211,33.05559,28.01553,False,29
212,4.14322,5.09795,False,29
213,5.10949,13.10084,False,29
216,6.09735,28.11691,False,29
217,6.14094,29.12657,False,29
218,6.07441,30.07425,False,29
219,6.1221,25.01189,False,29
222,5.14278,28.09839,False,29
225,33.14416,33.09408,False,29
226,6.099,35.02802,False,29
227,34.10448,37.05116,False,29
229,33.07046,33.13636,False,29
230,33.04069,33.07599,False,29
233,6.01127,30.12298,False,29
234,33.00247,30.04898,False,29
235,33.05851,30.04241,False,29
236,4.01418,4.03903,False,29
237,6.11555,5.02758,False,29
242,4.00376,24.053,False,29
243,6.06305,6.05212,False,29
251,34.0844,34.08314,False,29
252,6.14112,28.10628,False,29
253,4.0842600000000004,30.00978,False,29
254,1.00719,4.07792,False,29
255,3.09157,13.04606,False,29
256,2.00639,30.0609,False,29
257,4.11104,20.10223,False,29
258,5.09289,18.00254,False,29
259,33.02366,5.05712,False,29
260,5.10056,5.0536200000000004,False,29
262,1.07307,36.14481,False,29
263,3.05566,6.09881,False,29
264,6.122,29.09791,False,29
265,5.14163,6.13047,False,29
270,33.06037,6.08837,False,29
271,6.02363,28.0803,False,29
272,6.11622,5.1424199999999995,False,29
273,6.02813,5.10829,False,29
274,6.04322,5.14511,False,29
275,33.0491,6.04647,False,29
280,3.11543,5.07689,False,29
289,5.13716,29.08374,False,29
290,6.12574,6.13002,False,29
291,6.14479,6.1433,False,29
292,5.01298,6.12094,False,29
293,15.05355,30.14719,False,29
294,10.01763,10.02225,False,29
295,25.05247,36.12917,False,29
296,20.01055,4.12125,False,29
297,6.02408,35.09775,False,29
298,2.03263,33.14606,False,29
299,6.09404,34.08237,False,29
300,4.12848,33.12865,False,29
301,4.10548,33.12791,False,29
302,5.10394,35.04205,False,29
303,5.08983,33.12596,False,29
308,5.0416,31.0657,False,29
317,4.01006,22.13753,False,29
318,4.12192,36.09107,False,29
319,5.0573,30.14718,False,29
320,4.11608,27.04985,False,29
321,3.11676,34.00883,False,29
322,5.09091,18.12237,False,29
323,2.1004,17.04346,False,29
324,1.03582,23.03595,False,29
325,2.14589,25.09794,False,29
326,3.13814,18.09063,False,29
328,5.14647,25.03602,False,29
329,6.14027,31.03282,False,29
330,6.06895,28.0141,False,29
331,5.07811,20.09625,False,29
332,6.09117,20.09997,False,29
333,33.08617,30.10584,False,29
334,6.05897,6.03685,False,29
335,5.03561,30.0944,False,29
336,5.0067,30.14513,False,29
337,6.03499,25.09463,False,29
339,5.00386,28.10326,False,29
340,1.0,1.06919,True,29
341,1.0,25.0159,True,29
342,36.07383,5.08286,False,29
343,1.0,1.0,True,29
346,6.02192,27.09391,False,29
347,6.06396,33.06026,False,29
348,6.05353,27.07754,False,29
349,1.03737,25.05009,False,29
350,28.14414,29.12067,False,29
351,6.12805,25.05588,False,29
352,6.1339500000000005,34.02035,False,29
353,34.11371,37.08116,False,29
354,34.11991,34.04402,False,29
355,4.06998,23.11522,False,29
357,5.09324,29.12856,False,29
358,6.06915,28.14146,False,29
359,6.00425,32.13669,False,29
361,6.06378,25.10291,False,29
363,35.11203,35.0519,False,29
364,35.08526,35.07721,False,29
365,3.06063,23.14001,False,29
366,5.13197,5.12681,False,29
367,35.02809,35.00528,False,29
370,6.09548,28.12706,False,29
371,6.13767,33.04047,False,29
372,6.14622,33.0072,False,29
373,6.09727,6.09883,False,29
374,1.06086,37.02048,False,29
375,5.00342,23.07937,False,29
376,6.09043,5.12012,False,29
377,2.08978,1.0,False,29
378,33.01596,28.1068,False,29
379,28.05672,5.11201,False,29
380,34.00432,33.03387,False,29
381,6.01638,5.0921,False,29
383,5.10233,30.11599,False,29
384,6.11158,28.04581,False,29
385,3.10283,25.14649,False,29
386,1.04599,27.11796,False,29
387,1.0766499999999999,34.12851,False,29
388,4.07905,5.05858,False,29
389,2.0377,7.10733,False,29
390,3.0734,27.12337,False,29
391,2.03404,23.02124,False,29
394,5.06439,30.01562,False,29
395,35.03049,2.06218,False,29
396,35.10556,3.12214,False,29
397,35.12121,4.12391,False,29
398,35.11517,33.02104,False,29
403,6.05315,19.05648,False,29
404,35.06084,34.13306,False,29
405,35.0959,5.14731,False,29
406,6.07272,4.0152,False,29
407,29.11588,28.07111,False,29
408,1.0,4.10405,True,29
412,10.08066,34.14495,False,29
413,20.10437,15.0154,False,29
414,10.11386,31.05004,False,29
415,30.07512,28.04855,False,29
416,33.06334,20.05612,False,29
417,6.14091,23.14248,False,29
418,35.08896,35.03671,False,29
419,33.13393,33.06073,False,29
420,33.08649,33.07097,False,29
421,33.0979,33.08575,False,29
422,6.09058,30.05622,False,29
423,6.09315,23.01283,False,29
425,6.01623,5.07911,False,29
426,6.04302,33.14223,False,29
427,6.05719,6.11863,False,29
428,33.11119,33.1264,False,29
429,33.14405,28.03092,False,29
1,6.06315,23.0749,False,30
3,4.04182,4.00089,False,30
5,6.01276,37.03597,False,30
6,5.11592,33.00189,False,30
7,4.03002,1.0,False,30
9,5.00457,5.12484,False,30
10,5.07329,4.10571,False,30
11,6.13492,1.0,False,30
13,6.08564,6.0545,False,30
17,6.03759,28.11353,False,30
18,6.02574,6.05774,False,30
19,1.0,33.1062,True,30
21,6.08405,18.11576,False,30
22,6.12634,6.12435,False,30
25,6.007,19.0603,False,30
29,4.03983,5.10208,False,30
30,6.08645,6.1328,False,30
69,2.05855,24.07716,False,30
70,28.06213,23.0945,False,30
71,6.06495,6.0632,False,30
72,33.0226,33.01956,False,30
73,28.12501,28.14396,False,30
74,33.06684,33.05411,False,30
75,34.04032,33.13757,False,30
76,6.12049,28.08075,False,30
77,18.1429,6.12373,False,30
78,6.03128,29.08983,False,30
79,6.09296,6.08958,False,30
82,3.07478,29.02239,False,30
83,3.10296,18.12126,False,30
84,33.08704,1.0,False,30
85,2.07718,1.0,False,30
86,1.0,29.06308,True,30
91,5.10482,5.12683,False,30
92,6.05606,6.05538,False,30
93,6.11527,23.1227,False,30
95,4.04055,5.13676,False,30
98,5.09219,30.10297,False,30
99,22.00824,34.11044,False,30
100,6.06804,35.06773,False,30
101,3.03693,23.02022,False,30
103,6.13827,25.12288,False,30
104,6.0537,30.03995,False,30
106,3.01959,28.13568,False,30
107,4.10349,26.0197,False,30
109,6.12184,34.08035,False,30
110,6.09236,28.03521,False,30
111,3.08708,33.03048,False,30
112,3.09082,22.13081,False,30
113,5.03293,28.05634,False,30
114,2.00078,5.11076,False,30
115,6.04735,5.13472,False,30
116,3.0865,28.1385,False,30
117,4.02464,5.0851,False,30
118,2.12695,18.04779,False,30
120,2.02908,34.13284,False,30
121,3.06525,5.14009,False,30
122,2.00074,5.12242,False,30
123,2.05317,6.04147,False,30
124,2.01612,37.09737,False,30
125,35.0294,34.1442,False,30
126,35.06787,30.00552,False,30
127,6.06506,24.02898,False,30
128,6.01464,30.14051,False,30
129,6.11693,30.02019,False,30
130,35.13761,35.12835,False,30
131,4.05066,5.1025,False,30
133,3.05255,5.14043,False,30
134,4.03582,5.14556,False,30
135,6.00751,4.11415,False,30
136,4.13053,4.0841,False,30
137,4.03088,5.04228,False,30
139,5.11492,5.0388,False,30
140,4.00795,3.06307,False,30
141,6.03735,2.02859,False,30
142,3.10337,3.08823,False,30
143,1.04034,5.03257,False,30
144,4.05493,31.02635,False,30
145,1.0,30.07991,True,30
146,1.0,1.0,True,30
147,2.14,1.0,False,30
148,1.0,1.0,True,30
149,1.0,18.08341,True,30
150,35.01355,1.0,False,30
151,1.0,1.02529,True,30
153,6.11881,6.11324,False,30
154,6.05603,23.07368,False,30
155,4.02899,5.13658,False,30
156,6.07705,5.13642,False,30
157,1.10957,5.1256,False,30
158,4.08793,18.03235,False,30
159,3.09189,23.05206,False,30
160,4.09167,23.09656,False,30
161,4.04605,18.14078,False,30
162,34.05479,29.13033,False,30
164,5.10556,37.0857,False,30
165,35.08762,6.12026,False,30
166,35.02764,30.12884,False,30
167,6.04302,5.13191,False,30
168,35.03141,1.0,False,30
169,35.06638,30.03243,False,30
173,6.01294,29.08785,False,30
175,3.07812,4.01326,False,30
176,5.10523,5.11765,False,30
177,6.11294,30.1342,False,30
178,34.00286,35.02343,False,30
179,6.1394,34.00884,False,30
180,28.07004,28.12157,False,30
181,33.10262,35.01499,False,30
182,6.14398,10.11419,False,30
183,6.07076,35.10447,False,30
184,6.11151,37.00162,False,30
185,6.13582,28.11052,False,30
186,6.0323,37.07202,False,30
188,1.04129,30.09767,False,30
189,34.09572,34.04512,False,30
190,6.10065,23.08655,False,30
191,6.09819,30.13281,False,30
192,6.07265,25.07525,False,30
193,36.00054,35.01004,False,30
194,6.10408,25.04559,False,30
195,6.12337,28.07907,False,30
197,2.1324899999999998,29.12253,False,30
198,6.00969,25.11675,False,30
199,6.14558,30.13344,False,30
200,6.11216,6.05551,False,30
201,6.05424,5.08998,False,30
202,37.03585,37.02879,False,30
203,30.00009,30.08626,False,30
204,4.00419,30.07479,False,30
206,2.13864,30.05116,False,30
207,6.07648,28.00964,False,30
208,5.04064,5.14378,False,30
209,28.11375,28.02932,False,30
210,28.05678,28.08714,False,30
211,33.04558,28.04175,False,30
212,4.12879,5.00236,False,30
213,5.08709,13.08438,False,30
216,6.1027,28.07112,False,30
217,6.14342,29.09697,False,30
218,6.13734,30.12419,False,30
219,6.14252,25.12631,False,30
222,5.12342,28.10095,False,30
225,33.13751,33.12665,False,30
226,6.11138,35.12656,False,30
227,34.08542,37.03244,False,30
229,33.08881,33.13294,False,30
230,33.00853,33.09166,False,30
233,6.00478,30.14652,False,30
234,33.03508,30.02928,False,30
235,33.10751,30.10174,False,30
236,4.13457,4.13475,False,30
237,6.07067,5.02585,False,30
242,4.07366,24.12134,False,30
243,6.14032,6.10077,False,30
251,34.08649,34.05751,False,30
252,6.0532,28.07287,False,30
253,4.03562,30.02849,False,30
254,1.09128,4.09338,False,30
255,3.0623,13.14026,False,30
256,2.07896,30.10711,False,30
257,4.11606,20.07519,False,30
258,5.13995,18.0673,False,30
259,33.11498,5.02522,False,30
260,5.1370000000000005,5.08893,False,30
262,1.13335,36.12992,False,30
263,3.1404199999999998,6.02714,False,30
264,6.05413,29.04286,False,30
265,5.1133,6.05778,False,30
270,33.02404,6.01061,False,30
271,6.07333,28.12889,False,30
272,6.00433,5.05251,False,30
273,6.03332,5.1321,False,30
274,6.01234,5.13242,False,30
275,33.10382,6.081,False,30
280,3.11591,5.12084,False,30
289,5.14739,29.1016,False,30
290,6.10271,6.12623,False,30
291,6.14247,6.12294,False,30
292,5.02453,6.06809,False,30
293,15.07801,31.01033,False,30
294,10.02735,6.10247,False,30
295,25.09277,36.02552,False,30
296,20.04959,4.03616,False,30
297,6.01125,35.08028,False,30
298,2.10438,33.09044,False,30
299,6.10145,34.05708,False,30
300,4.07584,33.10697,False,30
301,4.09294,33.14655,False,30
302,5.09657,35.08873,False,30
303,5.00425,33.09421,False,30
308,5.05902,31.09596,False,30
317,4.00698,22.0292,False,30
318,6.01644,36.03992,False,30
319,5.12577,30.13031,False,30
320,4.02926,27.04269,False,30
321,4.04709,34.04687,False,30
322,5.03399,18.04449,False,30
323,2.12225,17.08092,False,30
324,1.13238,23.09438,False,30
325,2.01313,25.05985,False,30
326,3.13991,18.0574,False,30
328,5.0658,25.01226,False,30
329,6.1312,31.06636,False,30
330,6.04527,30.00127,False,30
331,5.04832,20.09256,False,30
332,6.10643,20.07103,False,30
333,33.01165,30.13393,False,30
334,6.04942,6.04422,False,30
335,5.09794,30.04526,False,30
336,5.03443,30.05666,False,30
337,6.03679,25.03396,False,30
339,5.05177,28.03784,False,30
340,1.0,1.0802,True,30
341,1.0,25.11465,True,30
342,36.04226,5.04785,False,30
343,1.0,1.0,True,30
346,6.0396,27.02419,False,30
347,6.10436,33.08406,False,30
348,6.0514,27.11125,False,30
349,2.05315,25.0364,False,30
350,6.14363,29.06164,False,30
351,6.10961,25.06852,False,30
352,6.10504,34.03614,False,30
353,34.02967,37.03107,False,30
354,34.14226,34.1146,False,30
355,5.03372,23.02156,False,30
357,5.08646,29.13709,False,30
358,6.02481,28.06239,False,30
359,6.00724,32.00243,False,30
361,6.05611,25.12176,False,30
363,35.06245,35.05415,False,30
364,35.10862,35.05619,False,30
365,3.07189,23.12412,False,30
366,5.07122,5.11494,False,30
367,35.07671,35.02599,False,30
370,6.09206,28.11582,False,30
371,6.13605,33.03356,False,30
372,6.14521,33.00678,False,30
373,6.0236,6.08393,False,30
374,1.11915,37.06205,False,30
375,5.04371,23.14107,False,30
376,6.00484,5.04028,False,30
377,2.07824,1.0,False,30
378,33.07181,28.07221,False,30
379,28.03808,5.06665,False,30
380,34.02703,33.02725,False,30
381,6.04803,5.09251,False,30
383,5.07244,30.06089,False,30
384,6.11207,28.09116,False,30
385,1.055,25.11777,False,30
386,4.02347,27.05968,False,30
387,1.07009,34.14699,False,30
388,2.11685,5.06967,False,30
389,2.00259,7.09602,False,30
390,3.13574,27.09541,False,30
391,4.0643,23.07614,False,30
394,5.07761,30.0597,False,30
395,35.01178,2.05719,False,30
396,35.09826,3.09944,False,30
397,35.05147,4.12263,False,30
398,35.09045,33.07036,False,30
403,6.06535,19.05959,False,30
404,35.0222,34.00633,False,30
405,35.05398,5.04202,False,30
406,6.04088,4.14448,False,30
407,29.04668,28.06417,False,30
408,1.0,4.14402,True,30
412,10.00699,34.1055,False,30
413,20.01243,15.09008,False,30
414,10.13616,31.02812,False,30
415,30.11019,28.07997,False,30
416,33.03211,20.03925,False,30
417,6.12155,28.10146,False,30
418,35.10821,35.10047,False,30
419,33.11947,33.08194,False,30
420,33.0628,33.04392,False,30
421,33.06814,33.03254,False,30
422,28.13862,30.09509,False,30
423,6.12413,23.02881,False,30
425,6.0057,37.05395,False,30
426,6.04715,33.10952,False,30
427,6.05425,6.12329,False,30
428,33.09722,33.05738,False,30
429,33.00396,28.07911,False,30
1,6.07344,23.02524,False,31
3,4.08734,4.03119,False,31
5,6.02753,37.09026,False,31
6,5.05951,33.09542,False,31
7,4.06129,1.0,False,31
9,4.08823,5.0949,False,31
10,4.06936,5.01016,False,31
11,6.05999,1.0,False,31
13,6.12086,6.07702,False,31
17,6.02898,28.08882,False,31
18,6.02878,6.03388,False,31
19,1.0,33.13997,True,31
21,6.05795,29.01603,False,31
22,6.11613,6.10952,False,31
25,6.00875,19.03467,False,31
29,4.03194,5.07133,False,31
30,6.02648,6.11941,False,31
69,2.00066,24.14266,False,31
70,28.05663,23.01397,False,31
71,6.03962,28.04665,False,31
72,33.11811,33.0705,False,31
73,28.00768,28.08817,False,31
74,33.07678,37.07322,False,31
75,34.03924,33.123,False,31
76,6.10738,28.07995,False,31
77,18.11488,6.09129,False,31
78,6.02813,23.08217,False,31
79,6.12383,6.09823,False,31
82,6.04536,29.11949,False,31
83,3.01884,18.13753,False,31
84,33.05512,1.0,False,31
85,1.0,2.10781,True,31
86,1.0,29.06916,True,31
91,5.07934,5.14034,False,31
92,6.06424,28.14189,False,31
93,6.11807,23.0648,False,31
95,4.13689,5.09654,False,31
98,5.07477,30.14512,False,31
99,22.02282,34.13224,False,31
100,6.10043,35.02244,False,31
101,5.0025,23.09705,False,31
103,6.10914,25.01865,False,31
104,6.08039,30.1019,False,31
106,3.11077,28.01531,False,31
107,4.02239,26.0522,False,31
109,6.12661,34.08633,False,31
110,6.07273,28.1166,False,31
111,3.13959,33.00331,False,31
112,4.04934,22.04897,False,31
113,5.10203,28.08553,False,31
114,2.03636,5.07187,False,31
115,6.01726,5.07369,False,31
116,3.07134,28.14581,False,31
117,4.11217,5.09665,False,31
118,2.09527,18.0938,False,31
120,2.04118,34.11704,False,31
121,3.0109,5.05637,False,31
122,2.01909,5.13191,False,31
123,2.04759,6.05784,False,31
124,2.07115,37.11705,False,31
125,35.05185,34.12962,False,31
126,35.00954,30.06636,False,31
127,6.1016,24.01613,False,31
128,6.02818,30.07129,False,31
129,6.01048,30.07594,False,31
130,35.11999,35.11238,False,31
131,4.09861,5.10525,False,31
133,3.03568,5.12758,False,31
134,4.02943,5.12838,False,31
135,4.08135,4.11249,False,31
136,4.06794,4.02532,False,31
137,1.0,5.142,True,31
139,5.03343,5.11662,False,31
140,4.01912,3.11879,False,31
141,6.01072,2.07615,False,31
142,3.06501,3.13443,False,31
143,1.01155,5.11122,False,31
144,4.14358,5.07732,False,31
145,1.0,30.11011,True,31
146,1.0,1.0,True,31
147,2.00829,1.0,False,31
148,1.0,1.0,True,31
149,1.0,18.06374,True,31
150,35.14424,1.0,False,31
151,1.0,1.1465,True,31
153,6.13759,6.12833,False,31
154,6.01541,28.09621,False,31
155,4.08139,5.14068,False,31
156,6.00014,5.13623,False,31
157,1.0927,5.0166,False,31
158,4.01949,18.10975,False,31
159,3.06751,23.01991,False,31
160,4.03555,23.10288,False,31
161,4.13306,18.05127,False,31
162,34.11775,29.14115,False,31
164,5.03804,37.12131,False,31
165,35.13334,6.02932,False,31
166,35.12672,30.02752,False,31
167,6.00094,5.14307,False,31
168,35.06888,1.0,False,31
169,35.12557,30.0108,False,31
173,6.01699,29.00952,False,31
175,3.10705,3.10332,False,31
176,5.00674,5.08862,False,31
177,6.06206,30.09354,False,31
178,34.02419,35.02066,False,31
179,6.12671,34.05966,False,31
180,28.09544,28.07895,False,31
181,33.10245,35.00649,False,31
182,6.12564,10.00557,False,31
183,6.10785,35.09675,False,31
184,6.1057,37.03862,False,31
185,6.1386,28.1152,False,31
186,6.05739,37.1414,False,31
188,1.09787,37.11269,False,31
189,34.11099,34.07447,False,31
190,6.1161200000000004,23.10493,False,31
191,6.07267,30.07414,False,31
192,6.055,25.12984,False,31
193,36.01225,35.06911,False,31
194,6.10557,25.03532,False,31
195,6.05152,28.02461,False,31
197,1.07987,30.05074,False,31
198,6.01419,25.10877,False,31
199,6.0494,30.121,False,31
200,6.04807,6.02541,False,31
201,6.04804,5.07963,False,31
202,37.03031,37.07512,False,31
203,30.05877,30.06957,False,31
204,4.02026,30.11969,False,31
206,2.07196,30.05356,False,31
207,6.06861,28.086,False,31
208,5.0451,5.14525,False,31
209,28.12843,28.06877,False,31
210,28.14604,28.05151,False,31
211,33.03071,28.13444,False,31
212,4.14321,5.11819,False,31
213,5.13887,13.11475,False,31
216,6.1036,28.07578,False,31
217,6.13417,29.02414,False,31
218,6.07023,30.13918,False,31
219,6.11031,25.05814,False,31
222,5.1205,28.12027,False,31
225,33.14016,33.10816,False,31
226,6.09386,35.1399,False,31
227,34.11272,37.01457,False,31
229,33.08551,33.13194,False,31
230,33.09964,33.04519,False,31
233,5.09645,30.12959,False,31
234,33.00477,30.00804,False,31
235,33.08296,30.10429,False,31
236,4.10545,4.01605,False,31
237,6.02049,5.05355,False,31
242,4.13702,24.13136,False,31
243,6.12964,6.00916,False,31
251,34.11424,34.0859,False,31
252,6.08599,28.04818,False,31
253,4.03217,30.04285,False,31
254,1.04942,4.02363,False,31
255,3.09859,13.02701,False,31
256,2.12232,30.12096,False,31
257,4.04136,20.0977,False,31
258,1.10454,18.13868,False,31
259,33.00637,5.00343,False,31
260,5.13667,5.076,False,31
262,1.14438,36.01608,False,31
263,3.02867,6.0246,False,31
264,6.12453,29.0305,False,31
265,5.06963,6.04133,False,31
270,33.10662,6.0608,False,31
271,6.00838,28.06742,False,31
272,6.08634,5.10941,False,31
273,6.01887,5.11788,False,31
274,6.04453,5.14471,False,31
275,33.06026,6.09316,False,31
280,3.0719,5.07081,False,31
289,5.14515,29.07069,False,31
290,6.11965,6.11581,False,31
291,6.13872,6.13798,False,31
292,5.1172,6.1363,False,31
293,15.03426,31.03573,False,31
294,10.10698,30.05169,False,31
295,25.13217,36.03692,False,31
296,20.05894,4.02077,False,31
297,6.13248,35.05301,False,31
298,2.13213,33.06312,False,31
299,6.08008,34.02656,False,31
300,6.02914,33.13943,False,31
301,4.07533,33.00692,False,31
302,5.06494,35.03041,False,31
303,5.08195,33.02649,False,31
308,3.09663,31.06113,False,31
317,3.09545,22.12537,False,31
318,6.00251,36.04155,False,31
319,5.1304,30.11849,False,31
320,4.07564,27.05714,False,31
321,3.11139,34.07726,False,31
322,5.01389,18.01649,False,31
323,2.06613,17.04569,False,31
324,2.12558,23.1072,False,31
325,4.10302,25.05111,False,31
326,4.07266,18.07449,False,31
328,5.14732,25.01101,False,31
329,6.12246,31.04987,False,31
330,6.03743,30.02362,False,31
331,5.031,20.07818,False,31
332,5.02214,30.10309,False,31
333,33.0188,30.01938,False,31
334,6.03764,6.00672,False,31
335,5.11934,30.08338,False,31
336,5.0467,30.01774,False,31
337,6.06254,25.11377,False,31
339,5.05654,28.12324,False,31
340,1.0,1.07372,True,31
341,1.0,25.13808,True,31
342,36.0105,5.01455,False,31
343,1.0,1.0,True,31
346,6.02012,27.04773,False,31
347,6.08815,33.06189,False,31
348,6.02492,27.13621,False,31
349,2.08983,25.0583,False,31
350,6.12728,29.06085,False,31
351,6.12004,25.07385,False,31
352,6.09368,34.03129,False,31
353,34.02797,37.04776,False,31
354,34.14616,34.12168,False,31
355,5.01762,23.04518,False,31
357,5.08275,29.06054,False,31
358,6.04554,28.10172,False,31
359,6.05261,32.07888,False,31
361,6.05186,25.1201,False,31
363,35.03234,35.0292,False,31
364,35.05306,35.05137,False,31
365,3.09223,23.08828,False,31
366,5.13495,5.13177,False,31
367,35.01002,35.00305,False,31
370,6.10305,28.14043,False,31
371,6.1417,33.03159,False,31
372,6.14736,33.06149,False,31
373,6.00177,6.0842,False,31
374,1.11402,37.0957,False,31
375,5.01359,4.02096,False,31
376,6.12064,5.00498,False,31
377,6.12112,2.00712,False,31
378,33.03464,28.05668,False,31
379,28.1454,5.08421,False,31
380,34.00325,33.07167,False,31
381,6.03661,5.04712,False,31
383,5.07043,28.01898,False,31
384,6.09766,30.02477,False,31
385,1.07474,25.10989,False,31
386,1.1021,27.01057,False,31
387,2.07099,34.0023,False,31
388,2.1144,5.00341,False,31
389,2.0676,7.14032,False,31
390,3.1414400000000002,27.0155,False,31
391,5.02963,23.02384,False,31
394,5.06229,30.06542,False,31
395,35.13012,2.09938,False,31
396,35.00789,3.03658,False,31
397,35.10529,4.03228,False,31
398,35.12311,33.11008,False,31
403,6.0625,19.06188,False,31
404,35.01438,34.05781,False,31
405,35.13802,5.05712,False,31
406,6.01085,4.09269,False,31
407,29.09282,28.13156,False,31
408,1.0,4.10452,True,31
412,10.00685,34.12191,False,31
413,15.07481,25.13897,False,31
414,10.00561,31.03393,False,31
415,30.13145,28.04744,False,31
416,33.122,20.13081,False,31
417,6.11363,28.03578,False,31
418,35.1039,35.07799,False,31
419,33.14393,33.09992,False,31
420,33.11001,33.01781,False,31
421,33.09868,33.06541,False,31
422,28.13585,30.01792,False,31
423,6.06389,23.10642,False,31
425,6.00203,37.08561,False,31
426,6.05338,33.13604,False,31
427,6.10488,6.1392,False,31
428,33.12549,33.11738,False,31
429,33.00893,28.0589,False,31
1,6.04434,23.03942,False,32
3,4.10858,4.07977,False,32
5,6.00928,37.1197,False,32
6,5.02931,33.01967,False,32
7,4.07264,1.0,False,32
9,5.01882,5.13181,False,32
10,4.12299,4.01845,False,32
11,6.00568,1.0,False,32
13,6.05424,6.07086,False,32
17,6.03489,28.00932,False,32
18,6.09368,6.09039,False,32
19,1.0,33.11753,True,32
21,6.05337,29.08967,False,32
22,6.13484,6.09499,False,32
25,6.01616,19.03883,False,32
29,3.04731,5.14051,False,32
30,6.06202,6.10251,False,32
69,2.08771,24.06707,False,32
70,28.05132,23.04554,False,32
71,6.05793,28.04141,False,32
72,33.01834,33.01661,False,32
73,28.02553,28.01782,False,32
74,33.08872,33.0524,False,32
75,34.08115,33.12862,False,32
76,6.12535,28.09404,False,32
77,18.0724,6.13631,False,32
78,6.03321,29.02802,False,32
79,6.11526,6.0986,False,32
82,3.1248,29.03071,False,32
83,3.06272,18.12459,False,32
84,33.0257,1.0,False,32
85,2.0446,1.0,False,32
86,1.0,29.09016,True,32
91,5.0796,5.10514,False,32
92,6.06578,6.06017,False,32
93,6.10717,23.13614,False,32
95,4.11332,5.06731,False,32
98,5.05749,30.033,False,32
99,22.11241,34.09946,False,32
100,6.10767,35.00941,False,32
101,3.11919,23.11194,False,32
103,6.11512,25.00077,False,32
104,6.01609,30.02368,False,32
106,3.11942,28.05019,False,32
107,4.05051,26.10781,False,32
109,6.10646,34.01756,False,32
110,6.07046,28.09034,False,32
111,5.02815,33.14572,False,32
112,4.07524,22.1147,False,32
113,5.05579,28.12323,False,32
114,2.0115,5.12338,False,32
115,6.01248,5.11739,False,32
116,3.02899,28.09431,False,32
117,3.01691,5.14032,False,32
118,2.05549,18.12266,False,32
120,2.00205,34.00446,False,32
121,3.0603,5.07307,False,32
122,1.13091,5.11795,False,32
123,2.07542,6.03067,False,32
124,4.12006,37.09729,False,32
125,35.05691,34.02779,False,32
126,35.01411,30.12933,False,32
127,6.02146,24.0678,False,32
128,6.07203,30.02219,False,32
129,6.095,30.06237,False,32
130,35.12796,35.10823,False,32
131,4.11635,5.11169,False,32
133,3.04607,5.13382,False,32
134,4.08597,4.07098,False,32
135,6.01676,4.0859,False,32
136,4.04019,4.04345,False,32
137,4.04198,5.05204,False,32
139,5.08599,5.00562,False,32
140,4.01841,3.10852,False,32
141,6.07642,2.02408,False,32
142,3.10934,3.0443,False,32
143,1.0625499999999999,5.05907,False,32
144,4.06315,5.08254,False,32
145,30.09666,1.0,False,32
146,1.0,1.0,True,32
147,2.0647,1.0,False,32
148,1.0,1.0,True,32
149,1.0,18.05036,True,32
150,35.00586,1.0,False,32
151,1.0,1.00575,True,32
153,6.09343,6.09333,False,32
154,6.01747,28.1219,False,32
155,4.02732,23.07886,False,32
156,6.04943,5.12251,False,32
157,2.12236,5.11042,False,32
158,4.03082,18.0447,False,32
159,3.03073,23.02489,False,32
160,4.06899,23.02888,False,32
161,4.12096,18.09551,False,32
162,34.1292,29.03273,False,32
164,5.06463,37.01231,False,32
165,35.13351,6.02397,False,32
166,35.05827,30.14503,False,32
167,6.07035,5.09913,False,32
168,35.08755,1.0,False,32
169,35.00142,30.05226,False,32
173,6.01666,29.07037,False,32
175,3.13861,3.11142,False,32
176,5.12936,5.13139,False,32
177,6.04907,30.13128,False,32
178,34.0046,35.01138,False,32
179,6.146,34.05008,False,32
180,28.13914,28.0968,False,32
181,33.0816,35.02188,False,32
182,6.14171,10.02,False,32
183,6.07685,35.07015,False,32
184,6.09115,37.07663,False,32
185,6.1396,28.07503,False,32
186,6.03166,37.01678,False,32
188,1.03266,30.10923,False,32
189,34.07785,34.03318,False,32
190,6.14722,23.0139,False,32
191,6.08744,30.14481,False,32
192,6.07788,25.07629,False,32
193,36.06385,35.02321,False,32
194,6.08455,25.02621,False,32
195,6.10516,28.08045,False,32
197,2.1244,30.10611,False,32
198,6.04588,25.03566,False,32
199,23.14585,30.01374,False,32
200,6.13193,6.11252,False,32
201,6.06897,5.1178,False,32
202,37.03514,37.0674,False,32
203,30.00559,30.1033,False,32
204,4.14042,30.09009,False,32
206,2.13722,30.12557,False,32
207,6.08489,28.04717,False,32
208,5.04405,5.11398,False,32
209,28.10276,28.0287,False,32
210,28.02873,28.1389,False,32
211,33.02006,28.06989,False,32
212,4.1035,5.1023,False,32
213,5.13014,13.09569,False,32
216,6.09285,28.07824,False,32
217,6.1350999999999996,29.13536,False,32
218,6.10866,30.01638,False,32
219,6.13439,25.11792,False,32
222,5.1473700000000004,28.13122,False,32
225,33.13513,33.1034,False,32
226,6.09301,35.13228,False,32
227,34.05539,37.03437,False,32
229,33.09181,33.09245,False,32
230,33.05294,33.05124,False,32
233,6.00701,30.11375,False,32
234,33.00756,30.07081,False,32
235,33.06824,30.14324,False,32
236,4.0858,4.12227,False,32
237,6.02973,5.08741,False,32
242,4.12608,24.11227,False,32
243,6.07586,6.01116,False,32
251,34.08139,34.07729,False,32
252,6.04326,28.14215,False,32
253,4.03334,30.11305,False,32
254,1.04001,4.02009,False,32
255,3.13897,13.05028,False,32
256,2.11023,30.02747,False,32
257,4.1015,20.02156,False,32
258,5.05644,18.11261,False,32
259,33.07731,5.05631,False,32
260,5.00599,5.00139,False,32
262,1.0982,36.03597,False,32
263,3.09672,6.03543,False,32
264,6.09671,29.01001,False,32
265,5.11218,6.03083,False,32
270,33.01345,6.12302,False,32
271,6.09469,28.11557,False,32
272,6.01918,5.10498,False,32
273,6.10466,5.07766,False,32
274,6.08253,5.10245,False,32
275,33.11629,6.1109,False,32
280,3.01529,5.13393,False,32
289,5.14717,29.00186,False,32
290,6.11617,6.12612,False,32
291,6.14165,6.13279,False,32
292,5.09787,6.05704,False,32
293,15.08394,31.03438,False,32
294,10.02767,6.12272,False,32
295,25.02196,36.01695,False,32
296,20.05613,4.00254,False,32
297,6.05052,35.09898,False,32
298,1.13558,33.08635,False,32
299,6.0841,34.01483,False,32
300,6.03074,33.05665,False,32
301,4.09803,33.03615,False,32
302,5.04924,35.12804,False,32
303,5.05347,33.14473,False,32
308,3.00194,31.13898,False,32
317,4.00346,22.02057,False,32
318,6.04357,36.11421,False,32
319,5.10335,30.12556,False,32
320,4.13346,27.02001,False,32
321,3.09748,34.08664,False,32
322,5.07275,18.00234,False,32
323,2.13104,17.14033,False,32
324,2.05999,23.14252,False,32
325,4.0755,25.12341,False,32
326,4.12391,18.14336,False,32
328,5.02232,25.01712,False,32
329,6.11993,31.0148,False,32
330,6.03293,30.01869,False,32
331,5.0133,20.09288,False,32
332,6.13908,20.12055,False,32
333,33.02724,30.0003,False,32
334,6.07816,6.07338,False,32
335,5.11048,30.00197,False,32
336,5.02243,30.12664,False,32
337,6.01277,25.09169,False,32
339,5.14664,28.02429,False,32
340,1.0,1.00588,True,32
341,1.0,25.12084,True,32
342,36.04276,5.05795,False,32
343,1.0,1.0,True,32
346,6.04217,27.10968,False,32
347,6.08937,33.09791,False,32
348,6.09413,27.01434,False,32
349,2.13441,25.1112,False,32
350,6.0999,29.13196,False,32
351,6.12347,25.05401,False,32
352,6.13506,34.05111,False,32
353,34.02632,37.08538,False,32
354,34.12119,34.06945,False,32
355,4.01052,23.03184,False,32
357,5.1145,29.07969,False,32
358,6.0339,28.08654,False,32
359,6.0106,32.10144,False,32
361,6.04075,25.09101,False,32
363,35.08511,35.06887,False,32
364,35.08948,35.04476,False,32
365,3.05258,23.09401,False,32
366,5.13785,5.11128,False,32
367,35.01211,35.002,False,32
370,6.0641,28.11817,False,32
371,6.14305,33.13775,False,32
372,6.13426,33.08305,False,32
373,6.03281,6.14174,False,32
374,1.10344,37.07359,False,32
375,5.07384,4.09307,False,32
376,6.08333,5.03787,False,32
377,2.10378,1.0,False,32
378,33.10043,28.11181,False,32
379,28.08475,5.11371,False,32
380,34.07919,33.08916,False,32
381,6.14246,5.07482,False,32
383,5.0256,28.02969,False,32
384,6.13911,28.04525,False,32
385,1.03622,25.07912,False,32
386,1.1305399999999999,27.12345,False,32
387,2.02376,34.00653,False,32
388,3.08759,5.13138,False,32
389,2.03279,7.09693,False,32
390,3.04944,27.03358,False,32
391,4.01665,23.00193,False,32
394,5.00608,30.0258,False,32
395,35.13968,2.03962,False,32
396,35.05229,3.05071,False,32
397,35.13663,4.05519,False,32
398,35.11689,33.13174,False,32
403,6.12412,19.04634,False,32
404,35.13292,34.02793,False,32
405,35.10477,5.08738,False,32
406,4.14433,1.0,False,32
407,29.13334,28.143,False,32
408,1.0,4.07011,True,32
412,10.06575,34.08314,False,32
413,20.00964,25.13715,False,32
414,10.02857,31.11095,False,32
415,30.10873,28.02409,False,32
416,33.00659,20.04279,False,32
417,6.10266,28.08512,False,32
418,35.08757,35.01971,False,32
419,33.10746,33.09487,False,32
420,33.0175,33.00576,False,32
421,33.13912,33.08382,False,32
422,6.12057,30.07067,False,32
423,6.0895,23.11583,False,32
425,5.0073,37.13661,False,32
426,6.05346,33.13119,False,32
427,6.0812,6.1233,False,32
428,33.13629,33.10409,False,32
429,33.01295,28.11738,False,32
1,6.04647,23.10079,False,33
3,4.0569,4.0281,False,33
5,6.02075,37.01348,False,33
6,5.09943,33.06061,False,33
7,4.08036,1.0,False,33
9,4.03777,5.08704,False,33
10,4.01955,4.11081,False,33
11,6.12004,1.0,False,33
13,6.09945,6.08148,False,33
17,6.03662,29.04364,False,33
18,6.01696,6.00854,False,33
19,1.0,33.08507,True,33
21,6.05695,18.00346,False,33
22,6.10419,6.13624,False,33
25,6.00741,19.12522,False,33
29,3.05548,5.14157,False,33
30,6.10705,6.14614,False,33
69,2.09374,24.07123,False,33
70,28.07327,23.11827,False,33
71,6.06458,28.11609,False,33
72,33.11341,33.10907,False,33
73,28.02421,28.13362,False,33
74,33.06778,33.05457,False,33
75,34.13702,33.14047,False,33
76,6.14639,6.11842,False,33
77,18.10561,6.09417,False,33
78,6.04101,23.11066,False,33
79,6.11059,6.09811,False,33
82,6.0889,29.07571,False,33
83,3.08829,18.06461,False,33
84,33.10684,1.0,False,33
85,1.0,2.13427,True,33
86,1.0,29.115,True,33
91,5.07765,5.1388300000000005,False,33
92,6.05611,28.00411,False,33
93,6.13227,23.1231,False,33
95,4.02495,5.12441,False,33
98,4.13905,30.01913,False,33
99,22.03828,34.11822,False,33
100,6.08852,35.00013,False,33
101,3.00708,23.13584,False,33
103,6.12148,25.10946,False,33
104,6.00232,30.0507,False,33
106,3.10518,28.14098,False,33
107,4.10659,26.11329,False,33
109,6.10554,34.02951,False,33
110,6.09541,28.08121,False,33
111,3.05097,33.09902,False,33
112,3.14735,22.06534,False,33
113,5.0258,28.07005,False,33
114,2.1408,5.08929,False,33
115,6.00734,5.13087,False,33
116,3.03804,28.14306,False,33
117,3.11588,5.14107,False,33
118,2.12454,18.03075,False,33
120,2.04453,34.08209,False,33
121,3.08739,5.04183,False,33
122,2.04818,5.11473,False,33
123,2.01761,6.00678,False,33
124,4.00421,37.13217,False,33
125,35.02528,34.09431,False,33
126,35.09517,30.06841,False,33
127,6.04474,24.00468,False,33
128,4.14577,30.06257,False,33
129,6.0484,30.04806,False,33
130,35.06799,35.06224,False,33
131,4.09694,5.03361,False,33
133,3.14003,5.11443,False,33
134,4.02711,4.00988,False,33
135,4.10784,4.02001,False,33
136,4.00874,4.0274,False,33
137,1.0,5.0749,True,33
139,5.1232,5.05645,False,33
140,4.00832,3.14307,False,33
141,6.0709,2.04127,False,33
142,3.07957,3.11268,False,33
143,1.02694,5.0407399999999996,False,33
144,4.02247,5.09983,False,33
145,1.0,30.14327,True,33
146,1.0,1.0,True,33
147,2.0893,1.0,False,33
148,1.0,1.0,True,33
149,1.0,18.03604,True,33
150,35.07861,1.0,False,33
151,1.0,1.04134,True,33
153,6.11099,6.09474,False,33
154,6.06247,23.00096,False,33
155,5.00071,5.14406,False,33
156,6.02665,5.13182,False,33
157,1.07963,5.01962,False,33
158,4.12995,18.04407,False,33
159,1.09701,23.13719,False,33
160,4.08104,23.01538,False,33
161,4.11525,18.09986,False,33
162,34.14703,29.04948,False,33
164,5.11928,37.11941,False,33
165,35.06751,6.14566,False,33
166,35.05316,30.13094,False,33
167,6.08222,5.09141,False,33
168,35.05011,1.0,False,33
169,35.13246,30.1217,False,33
173,6.00997,29.04866,False,33
175,3.14368,3.13579,False,33
176,5.08045,5.0136,False,33
177,6.09665,30.12124,False,33
178,34.01376,35.00893,False,33
179,6.14152,34.07086,False,33
180,28.11077,28.03854,False,33
181,33.04967,35.04874,False,33
182,6.14125,10.09325,False,33
183,6.09566,35.12882,False,33
184,6.1227,37.07984,False,33
185,6.14418,28.13429,False,33
186,6.01063,37.12499,False,33
188,1.13498,30.08385,False,33
189,34.14001,34.12521,False,33
190,6.09612,23.00538,False,33
191,6.02094,30.00277,False,33
192,6.08259,25.11381,False,33
193,36.1312,35.09968,False,33
194,6.09569,25.0524,False,33
195,6.1313,28.0689,False,33
197,1.06517,30.02584,False,33
198,6.05523,25.0443,False,33
199,23.01765,30.00992,False,33
200,6.12899,6.11351,False,33
201,6.0177,5.07892,False,33
202,37.07643,37.01501,False,33
203,20.1338,30.09544,False,33
204,4.06117,30.06589,False,33
206,2.06814,30.05629,False,33
207,6.12319,28.00527,False,33
208,4.03321,5.12558,False,33
209,28.13712,28.13606,False,33
210,28.04203,28.04645,False,33
211,33.06057,28.04215,False,33
212,5.01909,4.10862,False,33
213,5.12275,13.0334,False,33
216,6.09828,28.10444,False,33
217,6.139,29.06049,False,33
218,6.09435,30.06648,False,33
219,6.12557,25.11752,False,33
222,5.01481,28.14124,False,33
225,33.11199,33.10458,False,33
226,6.09537,35.063,False,33
227,34.07505,37.10275,False,33
229,33.10324,33.11885,False,33
230,33.02521,33.01957,False,33
233,6.00775,30.10871,False,33
234,33.08905,30.10235,False,33
235,33.08664,30.02196,False,33
236,4.1209,4.111,False,33
237,6.11837,5.08319,False,33
242,4.0455,24.13999,False,33
243,6.05119,6.04943,False,33
251,34.09789,34.04265,False,33
252,6.05063,28.03018,False,33
253,4.09874,30.00833,False,33
254,1.04971,4.06036,False,33
255,3.07176,13.09,False,33
256,2.03792,30.13533,False,33
257,4.07362,20.10858,False,33
258,5.08425,18.02343,False,33
259,33.10744,5.03335,False,33
260,5.07941,5.00697,False,33
262,1.04342,36.13578,False,33
263,3.03309,6.03448,False,33
264,6.12802,29.0163,False,33
265,5.0987,6.12205,False,33
270,33.05832,6.09922,False,33
271,6.136,28.04951,False,33
272,6.08979,5.08208,False,33
273,6.02914,5.04306,False,33
274,6.092,5.0943,False,33
275,33.01674,6.01583,False,33
280,3.05137,5.11619,False,33
289,5.13384,29.14244,False,33
290,6.10981,6.108,False,33
291,6.14191,6.13489,False,33
292,5.10258,6.1189,False,33
293,15.03782,30.0793,False,33
294,10.06169,15.08241,False,33
295,25.06566,36.07125,False,33
296,20.01207,4.08835,False,33
297,6.07557,35.03417,False,33
298,2.10682,33.04862,False,33
299,6.04343,34.02337,False,33
300,6.039,33.14109,False,33
301,4.11496,33.03725,False,33
302,5.07988,35.12265,False,33
303,5.04276,33.0422,False,33
308,5.13333,31.12973,False,33
317,3.05919,22.05214,False,33
318,6.02933,36.06039,False,33
319,5.14133,30.1391,False,33
320,4.12201,27.0357,False,33
321,3.04498,34.14048,False,33
322,5.1158,18.04056,False,33
323,2.01624,17.02199,False,33
324,1.07409,23.12746,False,33
325,2.10234,25.0801,False,33
326,4.11061,18.13197,False,33
328,4.1071,25.07415,False,33
329,20.038,31.02877,False,33
330,6.03778,28.10425,False,33
331,5.07965,20.08003,False,33
332,6.11321,20.11731,False,33
333,33.02376,30.05417,False,33
334,6.08805,6.07105,False,33
335,5.09998,30.09079,False,33
336,5.12256,30.13993,False,33
337,6.04437,25.11207,False,33
339,5.08144,28.07219,False,33
340,1.0,1.07451,True,33
341,1.0,25.12426,True,33
342,36.13092,5.01485,False,33
343,1.0,1.0,True,33
346,6.03016,27.01229,False,33
347,6.1277,33.07004,False,33
348,6.02201,27.06447,False,33
349,2.01455,25.06299,False,33
350,28.00056,29.06706,False,33
351,6.1274,25.13798,False,33
352,6.11939,34.04539,False,33
353,34.04917,37.02439,False,33
354,34.13016,34.01995,False,33
355,5.03876,23.00843,False,33
357,5.10895,29.01907,False,33
358,6.00123,28.05547,False,33
359,6.02437,32.02009,False,33
361,6.05471,25.09203,False,33
363,35.10163,35.0907,False,33
364,35.04817,35.04482,False,33
365,3.00506,23.0294,False,33
366,5.11611,5.14593,False,33
367,35.02331,35.01969,False,33
370,6.07536,28.13295,False,33
371,6.1455,33.09637,False,33
372,6.14681,33.13754,False,33
373,6.08165,6.11382,False,33
374,1.08125,37.08724,False,33
375,5.01474,4.0451,False,33
376,6.06641,5.0707699999999996,False,33
377,2.1213,1.0,False,33
378,33.1469,28.07258,False,33
379,28.12262,5.13211,False,33
380,34.07581,33.12667,False,33
381,6.04509,5.09999,False,33
383,5.02232,28.02161,False,33
384,6.12744,28.03791,False,33
385,2.02432,25.14002,False,33
386,1.08356,27.00807,False,33
387,2.02243,34.11175,False,33
388,2.08667,5.1464,False,33
389,2.0074,7.05378,False,33
390,3.01202,27.01921,False,33
391,5.05778,23.01284,False,33
394,5.01242,30.14322,False,33
395,35.12033,2.06112,False,33
396,35.06466,3.1004,False,33
397,35.06638,4.13834,False,33
398,35.06855,33.10417,False,33
403,6.02355,19.0751,False,33
404,35.02921,34.0885,False,33
405,35.13091,5.06995,False,33
406,6.02271,4.10703,False,33
407,29.07344,28.11459,False,33
408,1.0,4.00299,True,33
412,10.0038,34.14491,False,33
413,20.0738,15.08868,False,33
414,10.0938,31.09113,False,33
415,30.07146,28.02354,False,33
416,33.05526,20.12814,False,33
417,6.12422,28.03091,False,33
418,35.04346,35.0342,False,33
419,33.13297,33.00004,False,33
420,33.13844,33.04694,False,33
421,33.10576,33.09016,False,33
422,28.14101,30.04266,False,33
423,6.08712,23.00743,False,33
425,6.00524,5.07071,False,33
426,6.06097,33.09118,False,33
427,6.10796,6.13367,False,33
428,33.04804,33.03164,False,33
429,33.00471,28.13351,False,33
1,6.05924,23.14707,False,34
3,4.11146,4.00704,False,34
5,6.0214,37.08166,False,34
6,5.07728,33.1001,False,34
7,4.02065,1.0,False,34
9,5.05349,5.14337,False,34
10,5.11854,4.14618,False,34
11,6.12424,1.0,False,34
13,6.04396,6.06987,False,34
17,6.01875,29.01257,False,34
18,6.00566,6.0041,False,34
19,1.0,33.04265,True,34
21,6.05037,29.10714,False,34
22,6.13095,6.1336,False,34
25,6.02911,19.02535,False,34
29,2.02217,5.14734,False,34
30,6.05595,6.11175,False,34
69,2.05812,24.14123,False,34
70,28.0427,23.14462,False,34
71,6.08637,28.06331,False,34
72,33.02283,33.01864,False,34
73,28.1265,28.10305,False,34
74,33.06675,37.10691,False,34
75,34.0429,33.11,False,34
76,6.13194,28.10957,False,34
77,18.04599,6.11586,False,34
78,6.03967,23.08588,False,34
79,6.0986,6.08225,False,34
82,6.04704,29.13137,False,34
83,3.04207,18.07547,False,34
84,33.11103,1.0,False,34
85,1.0,2.11372,True,34
86,1.0,29.07528,True,34
91,5.08483,5.12214,False,34
92,6.05406,28.01219,False,34
93,6.10121,23.08231,False,34
95,3.1195,5.14016,False,34
98,5.12936,30.07194,False,34
99,22.12595,34.07193,False,34
100,6.06451,35.03196,False,34
101,3.03635,23.13594,False,34
103,6.11369,25.09904,False,34
104,6.03213,30.07823,False,34
106,3.07851,28.06512,False,34
107,4.04097,26.02339,False,34
109,6.1186,34.02728,False,34
110,6.09034,28.08153,False,34
111,3.08585,33.03699,False,34
112,3.13847,22.09705,False,34
113,5.00231,28.1385,False,34
114,2.00367,5.09128,False,34
115,6.0184,5.10601,False,34
116,3.08167,28.11288,False,34
117,4.00047,5.11005,False,34
118,2.12108,18.07737,False,34
120,2.13926,34.0645,False,34
121,3.03309,5.13939,False,34
122,1.12574,5.11012,False,34
123,2.08073,6.13171,False,34
124,2.11639,37.12903,False,34
125,35.02739,34.06743,False,34
126,35.06891,30.03389,False,34
127,6.04574,24.06328,False,34
128,4.09386,30.02809,False,34
129,6.01136,30.0845,False,34
130,35.14078,35.07361,False,34
131,4.03948,5.11935,False,34
133,3.09099,5.12879,False,34
134,4.07982,4.06064,False,34
135,6.11718,4.05951,False,34
136,4.00901,4.1293,False,34
137,4.06104,5.06619,False,34
139,5.1231,5.02857,False,34
140,4.03012,3.14324,False,34
141,6.01332,2.07131,False,34
142,3.05246,3.0555,False,34
143,1.05022,5.03544,False,34
144,4.12828,5.1411999999999995,False,34
145,30.01758,1.0,False,34
146,1.0,1.0,True,34
147,2.0489,1.0,False,34
148,1.0,1.0,True,34
149,1.0,18.04397,True,34
150,35.10294,1.0,False,34
151,1.0,1.07035,True,34
153,6.12801,6.1117,False,34
154,6.02648,23.08089,False,34
155,4.02168,5.1386,False,34
156,6.00419,5.10208,False,34
157,1.03715,5.05454,False,34
158,4.08112,18.03077,False,34
159,1.00789,23.01904,False,34
160,4.07578,23.09431,False,34
161,4.03032,18.02904,False,34
162,34.06231,29.09294,False,34
164,5.06603,37.10383,False,34
165,35.1395,6.00599,False,34
166,35.14402,30.12262,False,34
167,6.01805,5.02495,False,34
168,35.0099,1.0,False,34
169,35.14117,30.12681,False,34
173,6.00562,29.14051,False,34
175,3.07311,3.06259,False,34
176,5.00107,5.14139,False,34
177,6.07189,30.0587,False,34
178,34.02314,35.03129,False,34
179,6.09663,34.03393,False,34
180,28.13867,28.11893,False,34
181,33.01878,35.02718,False,34
182,6.14008,10.12064,False,34
183,6.03831,35.10059,False,34
184,6.12667,37.07349,False,34
185,6.14559,28.05387,False,34
186,6.02433,37.03027,False,34
188,1.0379,30.01566,False,34
189,34.10196,34.0495,False,34
190,6.11049,23.14113,False,34
191,6.04403,30.12537,False,34
192,6.11886,25.01729,False,34
193,36.11431,35.11333,False,34
194,6.08401,25.11633,False,34
195,6.06089,28.09122,False,34
197,2.14345,29.0843,False,34
198,6.04113,25.06977,False,34
199,6.05133,30.11685,False,34
200,6.11878,6.09824,False,34
201,6.05651,5.10998,False,34
202,37.04928,37.06087,False,34
203,30.09776,30.0615,False,34
204,4.12968,30.03222,False,34
206,2.00822,30.02046,False,34
207,6.05996,28.04293,False,34
208,5.01808,5.12138,False,34
209,28.08594,28.02276,False,34
210,28.0113,28.10585,False,34
211,33.0906,28.06601,False,34
212,4.06425,5.05009,False,34
213,5.1444,13.005,False,34
216,6.09416,28.08541,False,34
217,6.14333,29.14681,False,34
218,6.11298,30.07092,False,34
219,18.06091,25.00912,False,34
222,5.11059,28.14534,False,34
225,33.07513,33.03153,False,34
226,6.09443,35.11845,False,34
227,34.0296,37.0862,False,34
229,33.11469,33.11495,False,34
230,33.0655,33.08419,False,34
233,6.02913,30.14202,False,34
234,33.02019,30.08768,False,34
235,33.00386,30.0078,False,34
236,4.02554,4.04651,False,34
237,6.06507,5.09748,False,34
242,4.00951,24.10531,False,34
243,6.1283,6.11562,False,34
251,34.09462,34.08303,False,34
252,6.09434,28.11644,False,34
253,4.06223,30.00547,False,34
254,1.0007,4.07585,False,34
255,3.12503,13.03098,False,34
256,2.14355,30.02368,False,34
257,4.01531,20.07638,False,34
258,1.12116,18.02421,False,34
259,33.04393,5.02555,False,34
260,5.0973,5.00997,False,34
262,1.12193,36.01418,False,34
263,4.00121,6.00458,False,34
264,6.10313,29.13329,False,34
265,5.04404,6.04115,False,34
270,33.08032,6.00133,False,34
271,6.1454699999999995,28.00722,False,34
272,6.04944,5.10344,False,34
273,6.01865,5.08732,False,34
274,6.00236,5.05474,False,34
275,33.05205,6.12326,False,34
280,3.03976,5.14437,False,34
289,5.14466,29.04277,False,34
290,6.12774,6.1196,False,34
291,6.14177,6.13489,False,34
292,5.12076,6.13925,False,34
293,15.07949,30.14175,False,34
294,10.01048,6.10604,False,34
295,25.00577,36.08421,False,34
296,20.07162,4.03004,False,34
297,6.00775,35.10403,False,34
298,1.02912,33.1057,False,34
299,6.06421,34.01842,False,34
300,4.01169,33.13165,False,34
301,4.13408,33.07146,False,34
302,6.09372,35.01911,False,34
303,33.05211,33.04452,False,34
308,5.06887,31.12513,False,34
317,4.01992,22.10693,False,34
318,6.02589,36.09088,False,34
319,5.1441,30.0824,False,34
320,4.13343,27.08123,False,34
321,3.0059,34.07381,False,34
322,5.13366,18.07994,False,34
323,2.04014,17.02221,False,34
324,2.10075,23.13281,False,34
325,4.06228,25.12332,False,34
326,3.13069,18.05126,False,34
328,5.1426,25.0989,False,34
329,20.14653,31.05389,False,34
330,6.05378,30.11341,False,34
331,5.09281,20.00457,False,34
332,5.13495,30.00168,False,34
333,33.01198,30.08511,False,34
334,6.02839,6.03795,False,34
335,5.06888,30.0158,False,34
336,5.12885,30.07219,False,34
337,6.00287,25.06877,False,34
339,5.06006,28.14176,False,34
340,1.0,1.05836,True,34
341,1.0,25.04182,True,34
342,36.02543,5.09442,False,34
343,1.0,1.0,True,34
346,6.03229,27.09145,False,34
347,6.08908,33.0285,False,34
348,6.01268,27.03501,False,34
349,2.13296,25.00603,False,34
350,28.05713,29.00078,False,34
351,6.13918,25.01817,False,34
352,6.06211,34.12084,False,34
353,34.10277,37.09532,False,34
354,34.13249,34.10977,False,34
355,4.05252,23.03604,False,34
357,5.08901,29.07218,False,34
358,6.00271,28.03858,False,34
359,6.0114,32.07624,False,34
361,6.06378,25.07111,False,34
363,35.11614,35.08894,False,34
364,35.09608,35.06358,False,34
365,3.05825,23.07812,False,34
366,5.1118,5.1052,False,34
367,35.03197,35.01494,False,34
370,6.07783,28.14171,False,34
371,6.14481,33.09446,False,34
372,6.1472,33.12882,False,34
373,6.06802,6.05354,False,34
374,1.0144,37.10482,False,34
375,5.01234,4.09029,False,34
376,6.02574,5.10191,False,34
377,6.05888,2.10115,False,34
378,33.03176,28.1077,False,34
379,28.1373,5.11864,False,34
380,34.01767,33.09193,False,34
381,6.13252,5.09044,False,34
383,5.06584,30.14523,False,34
384,6.1435,30.0462,False,34
385,1.01216,25.09654,False,34
386,4.11363,27.01456,False,34
387,2.14697,34.09473,False,34
388,2.04054,5.09252,False,34
389,2.05314,7.04964,False,34
390,3.06955,27.03116,False,34
391,5.04847,23.14305,False,34
394,5.04506,30.09766,False,34
395,35.06663,2.08677,False,34
396,35.0707,3.09166,False,34
397,35.11697,4.08154,False,34
398,35.13352,33.0942,False,34
403,6.01997,19.12622,False,34
404,35.14698,34.07106,False,34
405,35.08104,5.02329,False,34
406,4.03688,1.0,False,34
407,29.12699,28.14073,False,34
408,1.0,4.098,True,34
412,10.10162,34.09802,False,34
413,20.08858,25.00829,False,34
414,10.02561,31.13985,False,34
415,30.02223,28.08747,False,34
416,33.07143,20.10354,False,34
417,6.1422,28.0435,False,34
418,35.0608,35.04143,False,34
419,33.13178,33.09042,False,34
420,33.1193,33.0415,False,34
421,33.13906,33.00377,False,34
422,28.07586,30.05634,False,34
423,6.09206,23.09449,False,34
425,6.1007,37.05532,False,34
426,6.04197,33.14739,False,34
427,6.06896,6.12807,False,34
428,33.11339,33.1177,False,34
429,33.11181,28.08779,False,34
1,6.08138,23.04011,False,35
3,4.12583,4.0137,False,35
5,6.01186,37.02256,False,35
6,5.14019,33.00645,False,35
7,4.04181,1.0,False,35
9,4.05977,5.06347,False,35
10,4.02115,4.1177,False,35
11,6.07438,1.0,False,35
13,6.08064,6.12654,False,35
17,6.03349,28.03083,False,35
18,6.0406,6.02114,False,35
19,1.0,33.0437,True,35
21,6.06804,18.0151,False,35
22,6.11085,6.12295,False,35
25,6.02474,19.00732,False,35
29,2.05052,5.12676,False,35
30,6.06459,6.12437,False,35
69,2.05904,24.11423,False,35
70,28.06642,23.07295,False,35
71,6.07868,28.08821,False,35
72,33.02726,33.01629,False,35
73,28.08978,28.01526,False,35
74,33.057,33.02848,False,35
75,34.0208,33.11714,False,35
76,6.11048,28.09534,False,35
77,18.13641,6.12505,False,35
78,6.02567,29.11951,False,35
79,6.10719,6.10595,False,35
82,6.1056799999999996,29.12106,False,35
83,3.10546,18.06958,False,35
84,33.00965,1.0,False,35
85,1.0,2.06655,True,35
86,1.0,29.07428,True,35
91,5.08451,5.14532,False,35
92,6.06682,6.05869,False,35
93,6.11081,23.11495,False,35
95,4.09416,5.1435,False,35
98,5.03743,30.11721,False,35
99,22.07545,34.1156,False,35
100,6.08042,35.01663,False,35
101,5.10105,23.10446,False,35
103,6.13435,25.12349,False,35
104,6.03375,30.14714,False,35
106,3.1087,28.10684,False,35
107,4.09596,26.03232,False,35
109,6.08922,34.01921,False,35
110,6.08724,28.11885,False,35
111,3.03257,33.04753,False,35
112,4.0602,22.05798,False,35
113,5.06664,28.10994,False,35
114,2.04812,5.09093,False,35
115,6.01518,5.13728,False,35
116,3.07802,28.05972,False,35
117,4.0361,5.09679,False,35
118,2.09529,18.0263,False,35
120,2.06934,34.03135,False,35
121,3.02289,5.13897,False,35
122,1.14674,5.14114,False,35
123,2.00693,6.02283,False,35
124,2.00824,37.0528,False,35
125,35.07154,34.03539,False,35
126,35.0216,30.02036,False,35
127,6.03201,24.08558,False,35
128,6.00773,30.056,False,35
129,6.12763,30.13819,False,35
130,35.12507,35.0364,False,35
131,4.13425,5.09858,False,35
133,3.10702,5.1376,False,35
134,4.07708,4.02373,False,35
135,2.1283,4.11937,False,35
136,4.11972,4.12778,False,35
137,4.02747,5.12458,False,35
139,5.13106,5.12824,False,35
140,4.01918,3.03653,False,35
141,6.09562,2.1465899999999998,False,35
142,3.04995,3.08664,False,35
143,1.04046,5.06742,False,35
144,4.01097,5.09929,False,35
145,30.05192,1.0,False,35
146,1.0,1.0,True,35
147,2.12472,1.0,False,35
148,1.0,1.0,True,35
149,1.0,18.0143,True,35
150,35.00596,1.0,False,35
151,1.0,1.09362,True,35
153,6.1092,6.1052,False,35
154,6.03849,23.0731,False,35
155,4.07971,23.13558,False,35
156,5.09345,28.01482,False,35
157,1.04855,5.13363,False,35
158,4.12835,18.01533,False,35
159,1.08731,23.02869,False,35
160,4.026,23.14669,False,35
161,4.00738,18.06476,False,35
162,34.06633,29.14264,False,35
164,5.07357,37.11737,False,35
165,35.07716,6.07625,False,35
166,35.05119,30.10329,False,35
167,6.13497,5.11944,False,35
168,35.02299,1.0,False,35
169,35.13398,30.06931,False,35
173,6.00967,29.09789,False,35
175,3.11101,3.09572,False,35
176,5.06775,5.02523,False,35
177,6.08346,30.09849,False,35
178,34.03307,35.02665,False,35
179,6.13934,34.07859,False,35
180,28.13185,28.08148,False,35
181,33.09405,35.01092,False,35
182,6.1382200000000005,10.05894,False,35
183,6.1068999999999996,35.00507,False,35
184,6.05941,37.06191,False,35
185,6.13287,28.1368,False,35
186,6.05155,37.04025,False,35
188,1.12173,30.08785,False,35
189,34.13791,34.09303,False,35
190,6.14262,23.13919,False,35
191,6.08902,30.03869,False,35
192,6.10731,25.00014,False,35
193,36.14004,35.01278,False,35
194,6.11693,25.11086,False,35
195,6.08084,28.11882,False,35
197,2.07929,30.10618,False,35
198,6.02922,25.0191,False,35
199,23.09964,30.0181,False,35
200,6.09919,6.09582,False,35
201,6.13102,5.13265,False,35
202,37.03075,37.12513,False,35
203,30.01969,30.0935,False,35
204,6.07649,30.06181,False,35
206,2.14052,30.13379,False,35
207,6.08341,28.08797,False,35
208,5.09158,5.09653,False,35
209,28.01771,28.12675,False,35
210,28.00267,28.11374,False,35
211,33.07541,28.06941,False,35
212,4.1298,5.07264,False,35
213,5.11479,13.11041,False,35
216,6.08062,28.06866,False,35
217,6.13072,29.04894,False,35
218,6.12281,30.13795,False,35
219,6.14535,25.00692,False,35
222,5.13073,28.05752,False,35
225,33.08474,33.07435,False,35
226,6.10976,35.10387,False,35
227,34.08007,37.11796,False,35
229,33.07884,33.10666,False,35
230,33.0187,33.06863,False,35
233,6.00227,30.12409,False,35
234,33.0046,30.11559,False,35
235,33.14616,30.03925,False,35
236,4.08939,4.09972,False,35
237,6.01944,5.10426,False,35
242,4.12536,24.14022,False,35
243,6.12171,6.05998,False,35
251,34.09911,34.05507,False,35
252,6.11489,28.10785,False,35
253,4.12722,30.10094,False,35
254,1.11067,4.08714,False,35
255,3.07091,13.14255,False,35
256,2.06873,30.02596,False,35
257,4.08213,20.01707,False,35
258,1.00256,18.05824,False,35
259,33.04915,5.12054,False,35
260,5.02613,5.10236,False,35
262,1.12567,36.09564,False,35
263,3.11817,6.07257,False,35
264,6.12667,29.09754,False,35
265,5.10729,6.07447,False,35
270,33.03447,6.01664,False,35
271,6.03815,28.01979,False,35
272,6.10795,5.05143,False,35
273,6.01502,5.1413,False,35
274,6.01565,5.1336,False,35
275,33.06082,6.08306,False,35
280,3.11419,5.06502,False,35
289,5.13724,29.00467,False,35
290,6.12932,6.13582,False,35
291,6.14328,6.14164,False,35
292,5.13344,6.12073,False,35
293,15.03915,30.14482,False,35
294,10.0374,6.11456,False,35
295,25.09215,36.01202,False,35
296,20.01716,4.09783,False,35
297,6.06103,35.03995,False,35
298,2.0742,33.0026,False,35
299,6.06536,34.02536,False,35
300,6.04176,33.06504,False,35
301,4.01256,33.13227,False,35
302,6.00849,35.05346,False,35
303,33.00345,33.10509,False,35
308,3.03249,31.03208,False,35
317,3.13716,22.13805,False,35
318,4.1259,36.08089,False,35
319,5.11248,30.12635,False,35
320,4.07234,27.1176,False,35
321,4.05007,34.13702,False,35
322,5.03037,18.14677,False,35
323,2.01267,17.05094,False,35
324,2.11779,23.07516,False,35
325,2.05048,25.1262,False,35
326,4.03645,28.08692,False,35
328,5.13695,25.1385,False,35
329,20.13303,31.04311,False,35
330,6.09012,30.00863,False,35
331,5.02836,20.10842,False,35
332,5.04674,30.08288,False,35
333,33.06397,30.12248,False,35
334,6.11833,6.13532,False,35
335,5.09278,30.0281,False,35
336,5.11092,30.01549,False,35
337,6.07987,25.08985,False,35
339,6.04211,28.03024,False,35
340,1.0,1.11797,True,35
341,1.0,25.13908,True,35
342,36.05027,5.09462,False,35
343,1.0,1.0,True,35
346,6.08535,27.11636,False,35
347,6.11359,33.05207,False,35
348,6.06284,27.02332,False,35
349,2.12152,25.02469,False,35
350,6.12805,29.11184,False,35
351,6.11502,25.07841,False,35
352,6.08513,34.07404,False,35
353,34.10019,37.08623,False,35
354,34.13187,34.04315,False,35
355,5.08189,23.13871,False,35
357,5.09413,29.13813,False,35
358,6.01718,28.05793,False,35
359,6.0156,32.06405,False,35
361,6.07661,25.13147,False,35
363,35.10569,35.07127,False,35
364,35.05203,35.01812,False,35
365,3.09409,23.01314,False,35
366,5.05262,5.05571,False,35
367,35.05258,35.04793,False,35
370,6.07225,28.0909,False,35
371,6.13677,33.07008,False,35
372,6.13141,33.09791,False,35
373,6.01248,6.09081,False,35
374,1.06654,37.04679,False,35
375,5.10706,23.05254,False,35
376,6.13585,5.06152,False,35
377,2.10364,1.0,False,35
378,33.02181,28.04704,False,35
379,28.00479,5.06967,False,35
380,34.01909,33.02363,False,35
381,6.10049,5.0856,False,35
383,5.11681,30.05965,False,35
384,6.08314,28.09956,False,35
385,2.04927,25.13397,False,35
386,4.12665,27.07004,False,35
387,1.11169,34.07142,False,35
388,2.10125,5.12309,False,35
389,2.06156,7.08888,False,35
390,3.00237,27.05556,False,35
391,4.00194,23.05201,False,35
394,5.02889,30.0688,False,35
395,35.08994,2.05581,False,35
396,35.14484,3.05847,False,35
397,35.11336,4.06747,False,35
398,35.14583,33.07683,False,35
403,6.04138,19.08612,False,35
404,35.01121,34.04009,False,35
405,35.11286,5.10466,False,35
406,6.01903,4.06013,False,35
407,29.04978,28.04692,False,35
408,1.0,4.09018,True,35
412,10.00048,34.10143,False,35
413,20.0277,25.12819,False,35
414,10.09151,31.06715,False,35
415,30.04279,28.01728,False,35
416,33.01754,20.12499,False,35
417,6.14315,23.13201,False,35
418,35.01122,35.0062,False,35
419,33.11058,33.04461,False,35
420,33.09939,33.01773,False,35
421,33.13347,33.02356,False,35
422,28.08625,30.03092,False,35
423,6.07429,23.1021,False,35
425,6.01001,37.08506,False,35
426,6.05166,33.13847,False,35
427,6.05058,6.12371,False,35
428,33.13453,33.1337,False,35
429,33.12768,28.05132,False,35
1,6.09897,23.02109,False,36
3,4.0793800000000005,4.04576,False,36
5,6.01167,37.13003,False,36
6,5.04239,33.04816,False,36
7,4.00889,1.0,False,36
9,4.00862,5.0677,False,36
10,4.06158,4.11538,False,36
11,6.01474,1.0,False,36
13,6.08068,6.1197,False,36
17,6.0187,28.04531,False,36
18,6.02319,6.0191,False,36
19,1.0,33.11324,True,36
21,6.05537,18.00112,False,36
22,6.12218,6.10021,False,36
25,6.02839,19.08587,False,36
29,2.05676,5.13531,False,36
30,6.07853,6.14056,False,36
69,2.08278,24.13701,False,36
70,28.13928,23.07273,False,36
71,6.04325,6.04131,False,36
72,33.04545,33.00861,False,36
73,28.0397,28.10686,False,36
74,33.05674,33.05493,False,36
75,34.05823,33.09454,False,36
76,6.1231,28.12538,False,36
77,18.10412,6.12404,False,36
78,6.03713,29.05463,False,36
79,6.10396,6.09921,False,36
82,6.01835,29.08628,False,36
83,3.13773,18.03005,False,36
84,33.02191,1.0,False,36
85,1.0,2.01807,True,36
86,1.0,29.09998,True,36
91,5.08573,5.1452,False,36
92,6.08078,28.10221,False,36
93,6.10913,23.12437,False,36
95,4.03581,5.04967,False,36
98,5.10167,30.06251,False,36
99,22.00378,34.10385,False,36
100,6.06761,35.01333,False,36
101,5.0599,23.07056,False,36
103,6.08582,25.06662,False,36
104,6.00318,30.12677,False,36
106,3.02124,28.0018,False,36
107,4.09812,26.0177,False,36
109,6.12874,34.03241,False,36
110,6.08936,28.12417,False,36
111,3.13168,33.04732,False,36
112,4.02991,22.03206,False,36
113,5.00736,28.04269,False,36
114,2.03235,5.13725,False,36
115,6.03,5.12653,False,36
116,3.12008,28.12387,False,36
117,4.08947,5.07356,False,36
118,2.10536,18.00816,False,36
120,2.07767,34.13982,False,36
121,3.00904,5.14106,False,36
122,1.1317,5.12042,False,36
123,2.13078,6.09703,False,36
124,2.13529,37.05138,False,36
125,35.06007,34.09143,False,36
126,35.10434,30.09917,False,36
127,6.02121,24.06645,False,36
128,6.10007,30.06983,False,36
129,6.10978,30.01577,False,36
130,35.097409999999996,35.0762,False,36
131,4.03357,5.06729,False,36
133,3.00236,5.07929,False,36
134,4.07176,4.11746,False,36
135,6.06539,4.13486,False,36
136,4.01601,4.12798,False,36
137,4.14513,5.00829,False,36
139,5.03072,5.10322,False,36
140,4.03325,3.08115,False,36
141,6.11276,2.11048,False,36
142,3.02585,3.07692,False,36
143,1.00671,5.10196,False,36
144,4.03515,5.07413,False,36
145,30.088,1.0,False,36
146,1.0,1.0,True,36
147,2.07452,1.0,False,36
148,1.0,1.0,True,36
149,1.0,18.03384,True,36
150,35.03213,1.0,False,36
151,1.0,1.02836,True,36
153,6.09048,6.08007,False,36
154,6.02539,28.12272,False,36
155,4.0515,23.10132,False,36
156,6.04252,5.12981,False,36
157,1.10274,5.1068,False,36
158,4.11567,18.04694,False,36
159,3.04829,23.03833,False,36
160,4.06617,23.02804,False,36
161,4.04026,18.0023,False,36
162,34.0091,29.09025,False,36
164,5.14673,37.0076,False,36
165,35.00126,6.0251,False,36
166,35.08129,30.06872,False,36
167,6.07274,5.03123,False,36
168,35.13539,1.0,False,36
169,35.12445,30.11412,False,36
173,6.01301,29.05614,False,36
175,3.14406,3.09589,False,36
176,5.01805,5.00415,False,36
177,6.1128,30.0553,False,36
178,34.00709,35.02081,False,36
179,6.14369,34.10951,False,36
180,28.10537,28.06937,False,36
181,33.02383,35.00499,False,36
182,6.12751,10.01443,False,36
183,6.09556,35.09824,False,36
184,6.02017,37.04994,False,36
185,6.13771,28.14476,False,36
186,6.00515,37.13792,False,36
188,1.00583,37.13482,False,36
189,34.1342,34.12769,False,36
190,6.14648,23.13573,False,36
191,6.03623,30.12539,False,36
192,6.06504,25.00365,False,36
193,36.13563,35.08774,False,36
194,6.07991,25.02822,False,36
195,6.07959,28.04193,False,36
197,1.04619,30.05911,False,36
198,6.002,25.04132,False,36
199,6.04779,30.05654,False,36
200,6.05442,6.03214,False,36
201,6.09135,5.1115,False,36
202,37.0525,37.05027,False,36
203,30.02743,30.01858,False,36
204,6.10618,30.04734,False,36
206,2.11665,30.03977,False,36
207,6.05566,28.08193,False,36
208,5.10615,5.13414,False,36
209,28.13236,28.09868,False,36
210,28.00689,28.06899,False,36
211,33.01526,28.14658,False,36
212,5.07044,4.1233,False,36
213,5.08403,13.03385,False,36
216,6.09552,28.01681,False,36
217,6.13518,29.12422,False,36
218,6.0718,30.13589,False,36
219,6.13522,25.07123,False,36
222,5.14488,28.0986,False,36
225,33.11866,33.05198,False,36
226,6.10231,35.06319,False,36
227,34.08382,37.0198,False,36
229,33.06653,33.11402,False,36
230,33.03712,33.02962,False,36
233,6.02255,30.13687,False,36
234,33.01013,30.00777,False,36
235,33.00277,30.09022,False,36
236,4.00173,4.05311,False,36
237,6.1391,5.12679,False,36
242,4.0676,24.0992,False,36
243,6.08545,6.07358,False,36
251,34.0721,34.05419,False,36
252,6.09779,28.13469,False,36
253,4.01431,30.06254,False,36
254,1.13229,4.09573,False,36
255,3.08304,13.0784,False,36
256,2.09522,30.07677,False,36
257,4.08025,20.09997,False,36
258,5.04481,18.04219,False,36
259,33.12087,5.03025,False,36
260,5.09447,5.12943,False,36
262,1.0305,36.11118,False,36
263,3.01335,6.03317,False,36
264,6.13455,29.11617,False,36
265,5.06959,6.09819,False,36
270,33.12654,6.05465,False,36
271,6.10058,28.06453,False,36
272,6.04832,5.13261,False,36
273,6.08271,5.1171,False,36
274,6.017,5.09631,False,36
275,33.02931,6.11935,False,36
280,3.13785,5.14397,False,36
289,5.11526,29.13296,False,36
290,6.11967,6.1262,False,36
291,6.1395,6.13551,False,36
292,5.11403,6.1225,False,36
293,15.08906,30.14086,False,36
294,10.00071,6.12711,False,36
295,25.04837,36.11825,False,36
296,20.05077,4.03693,False,36
297,6.10066,35.06913,False,36
298,1.09145,33.00466,False,36
299,6.05262,34.00792,False,36
300,6.01944,33.0875,False,36
301,4.03892,33.02325,False,36
302,5.09797,35.11881,False,36
303,33.07285,33.0434,False,36
308,3.06965,31.10389,False,36
317,4.00541,22.07091,False,36
318,6.03141,36.08831,False,36
319,5.13891,30.0887,False,36
320,4.06882,27.10293,False,36
321,4.06484,34.00321,False,36
322,5.06642,18.11751,False,36
323,2.06231,17.09212,False,36
324,1.13578,23.09845,False,36
325,2.03527,25.07276,False,36
326,3.11789,18.00931,False,36
328,5.09529,25.13942,False,36
329,20.07852,31.01125,False,36
330,6.03818,28.0081,False,36
331,5.01979,20.08286,False,36
332,5.14153,30.12722,False,36
333,33.01981,30.0238,False,36
334,6.07169,6.0619,False,36
335,5.07204,30.00253,False,36
336,5.09394,30.07147,False,36
337,6.00858,25.12941,False,36
339,5.01239,28.13624,False,36
340,1.0,1.10639,True,36
341,1.0,25.0978,True,36
342,36.1227,5.10276,False,36
343,1.0,1.0,True,36
346,6.05029,27.10515,False,36
347,6.08319,33.08005,False,36
348,6.02606,27.09175,False,36
349,2.11099,25.07332,False,36
350,6.14614,29.05387,False,36
351,6.13434,25.14272,False,36
352,6.05582,34.06962,False,36
353,34.12585,37.034909999999996,False,36
354,34.11491,34.09367,False,36
355,5.01073,23.08117,False,36
357,5.08988,28.03615,False,36
358,6.02513,28.07917,False,36
359,6.02258,32.11926,False,36
361,6.03667,25.10542,False,36
363,35.08953,35.08785,False,36
364,35.08652,35.08127,False,36
365,3.11688,23.04649,False,36
366,5.11424,5.0775,False,36
367,35.02186,35.0145,False,36
370,6.06859,28.12821,False,36
371,6.13293,33.12592,False,36
372,6.14482,33.11642,False,36
373,6.01468,6.03351,False,36
374,1.0285,37.1152,False,36
375,5.13273,4.0393,False,36
376,6.13345,5.02796,False,36
377,6.01645,2.07818,False,36
378,33.11457,28.06547,False,36
379,28.06969,5.09665,False,36
380,34.03571,33.02079,False,36
381,6.09803,5.07618,False,36
383,5.00979,29.12192,False,36
384,6.13602,28.14051,False,36
385,3.09622,25.1385,False,36
386,1.13809,27.14281,False,36
387,1.08813,34.07875,False,36
388,2.04682,5.06966,False,36
389,2.03261,7.13082,False,36
390,3.09308,27.05336,False,36
391,2.02199,23.00852,False,36
394,5.04354,30.10402,False,36
395,35.11669,2.04291,False,36
396,35.13873,3.11401,False,36
397,35.10898,4.06058,False,36
398,35.03546,33.0474,False,36
403,6.08982,19.0919,False,36
404,35.14573,34.00718,False,36
405,35.02193,5.14136,False,36
406,6.06674,4.07783,False,36
407,29.03343,28.13662,False,36
408,1.0,4.07672,True,36
412,10.03338,34.07944,False,36
413,15.01417,30.0717,False,36
414,10.13683,31.01487,False,36
415,30.02243,28.11087,False,36
416,33.06632,20.02665,False,36
417,6.13652,23.07008,False,36
418,35.07606,35.04328,False,36
419,33.07382,33.02119,False,36
420,33.06822,33.03771,False,36
421,33.13653,33.059,False,36
422,28.12734,30.13838,False,36
423,6.08429,23.08731,False,36
425,6.08915,37.09962,False,36
426,6.06797,33.11395,False,36
427,6.1076,6.10874,False,36
428,33.05821,33.07841,False,36
429,33.04218,28.14041,False,36
1,6.07473,23.00392,False,37
3,4.13755,4.10951,False,37
5,6.02429,37.09796,False,37
6,5.11492,33.02258,False,37
7,4.00696,1.0,False,37
9,5.04075,5.12658,False,37
10,4.00876,4.01283,False,37
11,6.06262,1.0,False,37
13,6.11306,6.09645,False,37
17,6.03335,28.0365,False,37
18,6.021,6.01953,False,37
19,1.0,33.08083,True,37
21,6.07288,18.01969,False,37
22,6.12402,6.14535,False,37
25,6.01133,19.08715,False,37
29,2.11201,5.10353,False,37
30,6.04546,6.12571,False,37
69,2.02512,24.10291,False,37
70,28.13898,23.06396,False,37
71,6.08835,6.08818,False,37
72,33.07941,33.03603,False,37
73,28.10975,28.06414,False,37
74,33.09184,33.06263,False,37
75,34.00854,33.14286,False,37
76,6.12016,6.11334,False,37
77,18.11258,6.10625,False,37
78,6.03169,29.07377,False,37
79,6.12153,6.10335,False,37
82,6.0121,29.11663,False,37
83,3.10568,18.0998,False,37
84,33.08081,1.0,False,37
85,1.0,2.1113,True,37
86,1.0,29.01716,True,37
91,5.04969,5.13415,False,37
92,6.07749,6.05928,False,37
93,6.12218,23.01219,False,37
95,4.05412,5.05532,False,37
98,5.12192,30.04438,False,37
99,22.11366,34.09825,False,37
100,6.10305,35.00237,False,37
101,3.13816,23.14361,False,37
103,6.12505,25.1014,False,37
104,6.056,30.10927,False,37
106,3.05319,28.07061,False,37
107,4.05448,26.08318,False,37
109,6.11212,34.09283,False,37
110,6.08405,28.06079,False,37
111,3.08157,33.09764,False,37
112,3.04527,22.09515,False,37
113,5.11514,28.09076,False,37
114,2.09913,5.13378,False,37
115,6.00225,5.13682,False,37
116,3.10465,28.10628,False,37
117,4.11316,5.04463,False,37
118,2.01508,18.00747,False,37
120,2.0822599999999998,34.00452,False,37
121,3.0726,5.04502,False,37
122,1.00399,5.12485,False,37
123,2.08168,6.06465,False,37
124,5.05773,37.09201,False,37
125,35.01119,34.14437,False,37
126,35.04428,30.03382,False,37
127,6.13721,24.09137,False,37
128,6.07384,30.10447,False,37
129,6.1061,30.08858,False,37
130,35.10198,35.07622,False,37
131,4.03892,5.09166,False,37
133,3.1299,5.11714,False,37
134,4.01558,5.14142,False,37
135,2.12128,4.08469,False,37
136,4.12047,4.07058,False,37
137,4.13526,5.14475,False,37
139,5.02241,5.11226,False,37
140,4.05281,3.07685,False,37
141,6.0101,2.08202,False,37
142,3.06105,3.04,False,37
143,1.05843,5.07274,False,37
144,4.14452,5.09369,False,37
145,1.0,30.11712,True,37
146,1.0,1.0,True,37
147,2.11117,1.0,False,37
148,1.0,1.0,True,37
149,1.0,18.10475,True,37
150,35.01606,1.0,False,37
151,1.0,1.01844,True,37
153,6.12036,6.10227,False,37
154,6.0447,28.01941,False,37
155,5.05171,5.11799,False,37
156,6.03987,5.12912,False,37
157,1.11662,5.13704,False,37
158,4.00124,18.0352,False,37
159,1.13819,23.11168,False,37
160,4.01749,23.03486,False,37
161,4.13881,18.08419,False,37
162,34.06452,29.12625,False,37
164,5.11045,37.05331,False,37
165,35.12969,6.06758,False,37
166,35.02956,30.09043,False,37
167,6.02228,5.14659,False,37
168,35.04495,1.0,False,37
169,35.00132,30.12393,False,37
173,6.00722,29.05824,False,37
175,3.02663,3.03726,False,37
176,5.01255,5.12921,False,37
177,6.10006,30.0899,False,37
178,34.06496,35.03214,False,37
179,6.14715,34.07397,False,37
180,28.13353,28.13073,False,37
181,33.05547,35.09405,False,37
182,6.13486,10.09445,False,37
183,6.13342,35.00651,False,37
184,6.11114,37.04535,False,37
185,6.13051,28.11746,False,37
186,6.08518,37.12908,False,37
188,1.0418,30.04041,False,37
189,34.1377,34.1209,False,37
190,6.04725,23.01197,False,37
191,6.13153,30.06205,False,37
192,6.12326,25.09804,False,37
193,36.0905,35.14683,False,37
194,6.03964,25.13004,False,37
195,6.01395,28.01059,False,37
197,1.06237,30.07933,False,37
198,6.01188,25.04826,False,37
199,6.14459,30.01144,False,37
200,6.11227,6.01242,False,37
201,6.01064,5.12636,False,37
202,37.0354,37.03526,False,37
203,30.09257,30.08485,False,37
204,6.05507,30.03515,False,37
206,2.13693,30.04925,False,37
207,6.0949,28.1375,False,37
208,4.12438,5.10109,False,37
209,28.14294,28.06599,False,37
210,28.00206,28.11414,False,37
211,33.01676,28.02536,False,37
212,4.11922,5.09774,False,37
213,5.1443200000000004,13.02587,False,37
216,6.10832,28.08584,False,37
217,6.13339,29.08566,False,37
218,6.04658,30.10862,False,37
219,6.13477,25.00424,False,37
222,5.14003,28.08651,False,37
225,33.11484,33.07252,False,37
226,6.07376,35.02585,False,37
227,34.0567,37.09378,False,37
229,33.10476,33.11002,False,37
230,33.04385,33.07142,False,37
233,6.00315,30.07733,False,37
234,33.08329,30.10779,False,37
235,33.04229,30.04731,False,37
236,4.00712,4.02009,False,37
237,6.07555,5.12384,False,37
242,4.01601,24.13736,False,37
243,6.07087,6.02641,False,37
251,34.11739,34.06762,False,37
252,6.1029,28.11388,False,37
253,4.10539,30.02863,False,37
254,1.01285,4.01758,False,37
255,3.13832,13.14353,False,37
256,2.05098,30.13255,False,37
257,4.13435,20.14569,False,37
258,1.1458,18.10105,False,37
259,33.00629,5.01684,False,37
260,5.11155,5.03666,False,37
262,1.01253,36.12298,False,37
263,3.00189,6.00994,False,37
264,6.12949,29.00562,False,37
265,5.12268,6.06166,False,37
270,33.00511,6.11877,False,37
271,6.11704,28.10072,False,37
272,6.06267,5.14442,False,37
273,6.00203,5.11559,False,37
274,6.01623,5.08939,False,37
275,33.06389,6.0106,False,37
280,3.09322,5.04822,False,37
289,5.14713,29.0409,False,37
290,6.11502,6.129,False,37
291,6.14704,6.1454699999999995,False,37
292,5.04349,6.13376,False,37
293,16.03072,30.13472,False,37
294,10.02578,15.0353,False,37
295,25.008,36.11545,False,37
296,20.06742,4.02162,False,37
297,6.13145,35.07017,False,37
298,2.13416,33.06044,False,37
299,6.09575,34.10107,False,37
300,4.1136800000000004,33.01357,False,37
301,4.0946,33.08986,False,37
302,5.02841,35.12876,False,37
303,5.04037,33.07967,False,37
308,5.06084,31.07699,False,37
317,3.14695,22.06791,False,37
318,4.11028,36.02968,False,37
319,5.12299,30.08115,False,37
320,4.01776,27.12464,False,37
321,4.0055,34.06566,False,37
322,5.00306,18.09987,False,37
323,2.13705,17.08133,False,37
324,1.07658,23.01083,False,37
325,4.10739,25.10646,False,37
326,4.14175,18.00772,False,37
328,5.14411,25.14716,False,37
329,20.03324,31.13956,False,37
330,6.03042,30.03927,False,37
331,5.03708,20.04841,False,37
332,6.09292,28.07921,False,37
333,33.03818,30.07753,False,37
334,6.12236,6.03534,False,37
335,5.05995,30.08788,False,37
336,1.07725,30.11974,False,37
337,6.0078,25.06422,False,37
339,5.09327,28.13837,False,37
340,1.0,1.02752,True,37
341,1.0,25.14598,True,37
342,36.13815,5.11331,False,37
343,1.0,1.0,True,37
346,6.01505,27.1391,False,37
347,6.11696,33.05298,False,37
348,6.07822,27.11623,False,37
349,2.07284,25.07765,False,37
350,6.08125,29.03211,False,37
351,6.13893,25.00435,False,37
352,6.0035,34.11018,False,37
353,34.08674,37.08983,False,37
354,34.07784,34.03791,False,37
355,4.08877,23.11053,False,37
357,5.09574,29.08557,False,37
358,6.04068,28.07854,False,37
359,6.0317,32.03893,False,37
361,6.07516,25.06715,False,37
363,35.10685,35.10357,False,37
364,35.10192,35.08769,False,37
365,3.13713,23.09027,False,37
366,5.08222,5.07732,False,37
367,35.04876,35.01298,False,37
370,6.08794,28.12086,False,37
371,6.10326,33.06624,False,37
372,6.14466,33.03888,False,37
373,6.01625,6.0828,False,37
374,1.04318,37.03975,False,37
375,5.07738,23.03507,False,37
376,6.1255,5.06103,False,37
377,6.12864,2.02427,False,37
378,33.10718,28.10545,False,37
379,28.09119,5.09786,False,37
380,34.08645,33.04216,False,37
381,6.08955,5.03908,False,37
383,5.06677,29.11868,False,37
384,6.12874,28.13463,False,37
385,2.10024,25.07047,False,37
386,1.03282,27.06789,False,37
387,1.0927,34.10083,False,37
388,2.02632,5.09626,False,37
389,2.01231,7.11911,False,37
390,3.13711,27.10071,False,37
391,2.14609,23.08581,False,37
394,5.01399,30.03838,False,37
395,35.11701,2.04652,False,37
396,35.04319,3.12189,False,37
397,35.05868,4.0721,False,37
398,35.0231,33.05962,False,37
403,6.10077,19.06886,False,37
404,35.00979,34.08676,False,37
405,35.04043,5.12528,False,37
406,4.13663,1.0,False,37
407,29.04572,28.07727,False,37
408,1.0,4.02385,True,37
412,10.05135,34.10661,False,37
413,15.09152,25.10286,False,37
414,10.01907,31.10341,False,37
415,30.02319,28.13525,False,37
416,33.03377,20.03208,False,37
417,6.14495,23.13796,False,37
418,35.07414,35.01423,False,37
419,33.14107,33.05956,False,37
420,33.12842,33.01336,False,37
421,33.10154,33.01794,False,37
422,28.05785,30.12932,False,37
423,6.09633,23.04352,False,37
425,6.01358,5.13343,False,37
426,6.06417,33.13572,False,37
427,6.0952,6.13714,False,37
428,33.09898,33.10028,False,37
429,33.13113,28.11263,False,37
1,6.05434,23.02067,False,38
3,4.04628,4.02289,False,38
5,6.01661,37.04926,False,38
6,5.14206,33.00716,False,38
7,4.05619,1.0,False,38
9,4.04002,5.1342,False,38
10,5.13584,4.0812,False,38
11,6.08606,1.0,False,38
13,6.09098,6.12098,False,38
17,6.02401,28.01493,False,38
18,6.03516,6.02998,False,38
19,1.0,33.01418,True,38
21,6.06552,29.0521,False,38
22,6.13749,6.14582,False,38
25,6.00922,19.07705,False,38
29,2.04254,5.10282,False,38
30,6.09866,6.116,False,38
69,2.11368,24.11902,False,38
70,28.09195,23.05021,False,38
71,6.0403,28.04858,False,38
72,33.04086,33.02558,False,38
73,28.0093,28.1212,False,38
74,33.10008,33.04366,False,38
75,34.01968,33.11549,False,38
76,6.13041,6.12805,False,38
77,18.09582,6.14185,False,38
78,6.04118,23.09853,False,38
79,6.12277,6.1145,False,38
82,6.12085,29.01312,False,38
83,3.02049,18.11527,False,38
84,33.07519,1.0,False,38
85,2.04663,1.0,False,38
86,1.0,29.09839,True,38
91,5.08213,5.14732,False,38
92,6.06223,28.13385,False,38
93,6.11627,23.14639,False,38
95,4.10827,5.14201,False,38
98,5.04794,30.08658,False,38
99,22.04421,34.0956,False,38
100,6.10504,35.01013,False,38
101,3.02868,23.06166,False,38
103,6.14419,25.03519,False,38
104,6.07847,30.0233,False,38
106,3.13244,28.00273,False,38
107,4.04887,26.00531,False,38
109,6.13398,34.04534,False,38
110,6.07277,28.06828,False,38
111,3.11435,33.04488,False,38
112,3.0562,22.06571,False,38
113,5.0416,28.13286,False,38
114,2.00727,5.12769,False,38
115,6.0126,5.14497,False,38
116,3.1322200000000002,28.13735,False,38
117,3.06436,5.05782,False,38
118,2.06951,18.09764,False,38
120,2.03963,34.08487,False,38
121,3.08271,5.12092,False,38
122,1.12449,5.11746,False,38
123,2.13687,6.12105,False,38
124,5.10911,37.00091,False,38
125,35.00369,34.03833,False,38
126,35.0608,30.07196,False,38
127,6.0637,24.10996,False,38
128,6.07487,30.11138,False,38
129,6.106,30.1438,False,38
130,35.13898,35.12446,False,38
131,4.11873,5.04976,False,38
133,3.01448,5.14485,False,38
134,4.06831,5.04293,False,38
135,2.06632,4.11894,False,38
136,4.12849,4.13826,False,38
137,1.0,5.08647,True,38
139,5.06084,5.08962,False,38
140,4.01889,3.14216,False,38
141,6.12426,2.07267,False,38
142,3.1221,3.1052,False,38
143,1.01567,5.09595,False,38
144,4.06577,31.09648,False,38
145,1.0,30.08066,True,38
146,1.0,1.0,True,38
147,2.07073,1.0,False,38
148,1.0,1.0,True,38
149,1.0,18.04046,True,38
150,35.10557,1.0,False,38
151,1.0,1.12076,True,38
153,6.11969,6.09682,False,38
154,6.00551,28.0531,False,38
155,4.0122,37.03761,False,38
156,6.04879,5.14549,False,38
157,2.02744,5.07699,False,38
158,4.04777,18.10983,False,38
159,1.01282,23.03118,False,38
160,4.10002,23.12698,False,38
161,4.02009,18.09217,False,38
162,34.10664,29.11402,False,38
164,5.00158,37.04301,False,38
165,35.08747,6.08901,False,38
166,35.109,30.08259,False,38
167,6.02149,5.0862,False,38
168,35.13997,1.0,False,38
169,35.14542,30.03881,False,38
173,6.007,28.06322,False,38
175,3.11249,3.09378,False,38
176,5.10731,5.0707699999999996,False,38
177,6.06643,30.14255,False,38
178,34.00173,35.05885,False,38
179,6.14151,34.00924,False,38
180,28.12471,28.12873,False,38
181,33.10402,35.00353,False,38
182,6.12492,25.07239,False,38
183,6.13411,35.11528,False,38
184,6.12552,37.06974,False,38
185,6.14653,28.01646,False,38
186,6.02417,37.1392,False,38
188,1.09983,37.07288,False,38
189,34.13224,34.01654,False,38
190,6.12874,23.04838,False,38
191,6.06705,30.03706,False,38
192,6.07025,25.11694,False,38
193,36.14172,35.02409,False,38
194,6.08562,25.12719,False,38
195,6.02266,28.06676,False,38
197,2.13204,29.04815,False,38
198,6.03759,25.00087,False,38
199,23.1234,29.03597,False,38
200,6.08915,6.06925,False,38
201,6.06502,5.08238,False,38
202,37.02419,37.02041,False,38
203,30.01413,30.12658,False,38
204,4.0893,30.05436,False,38
206,2.08746,30.05729,False,38
207,6.07943,28.01076,False,38
208,4.09122,5.1031,False,38
209,28.08568,28.07392,False,38
210,28.12215,28.04388,False,38
211,33.09066,28.03448,False,38
212,5.04345,4.12612,False,38
213,5.14138,13.03975,False,38
216,6.09203,28.10991,False,38
217,6.13088,29.10868,False,38
218,6.12462,30.02951,False,38
219,6.14504,25.06085,False,38
222,5.13996,28.07454,False,38
225,33.14246,33.13897,False,38
226,6.09962,35.07343,False,38
227,34.13301,37.01659,False,38
229,33.12293,33.12755,False,38
230,33.06157,33.06923,False,38
233,6.00978,30.14591,False,38
234,33.04612,30.06126,False,38
235,33.06595,30.04593,False,38
236,4.06431,4.06806,False,38
237,6.07746,5.08574,False,38
242,4.09534,24.0528,False,38
243,6.12637,6.04939,False,38
251,34.09985,34.06286,False,38
252,6.05974,28.06779,False,38
253,4.08564,30.03104,False,38
254,1.02336,4.11345,False,38
255,3.02455,13.10787,False,38
256,2.00202,30.13572,False,38
257,4.08147,20.02939,False,38
258,5.03465,18.06174,False,38
259,33.12568,5.12397,False,38
260,5.14015,5.02584,False,38
262,1.12,36.00215,False,38
263,3.08318,6.04546,False,38
264,6.08091,29.0716,False,38
265,5.07798,6.05266,False,38
270,33.08947,6.07173,False,38
271,6.02541,28.14626,False,38
272,6.0559,5.10453,False,38
273,6.00676,5.07825,False,38
274,6.01916,5.13752,False,38
275,33.10003,6.09611,False,38
280,3.10433,5.08758,False,38
289,5.12448,29.08886,False,38
290,6.0715,6.1218,False,38
291,6.13288,6.12377,False,38
292,5.10114,6.14293,False,38
293,15.099,31.00803,False,38
294,10.05612,6.1454699999999995,False,38
295,25.00776,36.08625,False,38
296,20.00565,4.05325,False,38
297,6.00348,35.08733,False,38
298,1.09475,33.12775,False,38
299,6.11123,34.03475,False,38
300,4.02046,33.13744,False,38
301,4.13942,33.00595,False,38
302,5.12982,35.14647,False,38
303,5.13671,33.03028,False,38
308,3.12218,31.1451,False,38
317,4.05159,22.05116,False,38
318,6.02549,36.12154,False,38
319,5.1372,30.12595,False,38
320,4.0842,27.02831,False,38
321,3.01988,34.13338,False,38
322,5.09929,18.13083,False,38
323,2.12584,17.11295,False,38
324,1.05293,23.11946,False,38
325,4.06801,25.09283,False,38
326,4.03221,18.11807,False,38
328,5.0705,25.09411,False,38
329,6.13263,31.03502,False,38
330,6.08477,28.00918,False,38
331,5.04872,20.0728,False,38
332,6.13034,20.10712,False,38
333,33.0045,30.13314,False,38
334,6.09923,6.05312,False,38
335,5.06189,30.01251,False,38
336,5.0533,30.147100000000002,False,38
337,6.04933,25.13104,False,38
339,5.08131,28.0821,False,38
340,1.0,1.04846,True,38
341,1.0,25.11469,True,38
342,36.02942,5.04468,False,38
343,1.0,1.0,True,38
346,6.03585,27.131,False,38
347,6.09485,33.10566,False,38
348,6.02751,27.08424,False,38
349,2.09093,25.00537,False,38
350,28.13633,29.06065,False,38
351,6.1295,25.11589,False,38
352,6.06641,34.03424,False,38
353,34.06775,37.05715,False,38
354,34.098,34.08425,False,38
355,4.12004,23.11904,False,38
357,5.08344,29.11472,False,38
358,6.00793,28.12035,False,38
359,6.06009,32.12761,False,38
361,6.05849,25.03807,False,38
363,35.0995,35.09279,False,38
364,35.08379,35.06148,False,38
365,3.0427400000000002,23.11683,False,38
366,5.09228,5.06644,False,38
367,35.00403,35.00093,False,38
370,6.09085,28.13173,False,38
371,6.13743,33.143,False,38
372,6.14338,33.14311,False,38
373,6.07719,6.08523,False,38
374,1.08512,37.12246,False,38
375,5.11419,4.0023,False,38
376,6.03721,5.12921,False,38
377,2.12906,1.0,False,38
378,33.02555,28.06732,False,38
379,28.13982,5.01385,False,38
380,34.07752,33.00449,False,38
381,6.05077,5.1206,False,38
383,5.07725,28.08811,False,38
384,6.14455,28.02424,False,38
385,3.00165,25.10589,False,38
386,4.0077,27.10879,False,38
387,2.03453,34.12808,False,38
388,2.01594,5.12222,False,38
389,2.00989,7.03378,False,38
390,3.02947,27.06333,False,38
391,4.08436,23.12847,False,38
394,5.0059,30.02973,False,38
395,35.01274,2.07321,False,38
396,35.0007,3.10365,False,38
397,35.0421,4.03602,False,38
398,35.07229,33.13792,False,38
403,6.00421,19.13604,False,38
404,35.02971,34.08481,False,38
405,35.00628,5.08421,False,38
406,6.03567,4.07537,False,38
407,29.14458,28.14027,False,38
408,1.0,4.1054,True,38
412,10.07333,34.07423,False,38
413,20.01464,25.0497,False,38
414,10.10595,31.02505,False,38
415,30.01112,28.03313,False,38
416,33.03423,20.14148,False,38
417,6.13206,23.04818,False,38
418,35.04278,35.04231,False,38
419,33.08332,33.06303,False,38
420,33.10666,33.00392,False,38
421,33.12544,33.06252,False,38
422,6.12856,30.00035,False,38
423,6.1354,23.07952,False,38
425,6.07136,37.07728,False,38
426,6.05908,33.07513,False,38
427,6.08335,6.13849,False,38
428,33.12487,33.0793,False,38
429,33.00946,28.02082,False,38
1,6.06117,23.03639,False,39
3,4.10712,4.00529,False,39
5,6.02815,37.10312,False,39
6,5.14384,33.08206,False,39
7,4.05352,1.0,False,39
9,4.10586,5.05815,False,39
10,4.08714,4.06954,False,39
11,6.05776,1.0,False,39
13,6.03359,6.09547,False,39
17,6.02084,28.0686,False,39
18,6.02744,6.03933,False,39
19,1.0,33.08679,True,39
21,6.04603,29.00191,False,39
22,6.11946,6.13452,False,39
25,6.006,19.04717,False,39
29,4.00141,5.12273,False,39
30,6.04373,6.11406,False,39
69,2.04411,24.11631,False,39
70,28.14655,23.09644,False,39
71,6.05148,28.02524,False,39
72,33.04926,33.02916,False,39
73,28.09988,28.07803,False,39
74,33.07365,33.04588,False,39
75,34.10651,33.14573,False,39
76,6.08611,28.05497,False,39
77,18.01046,6.13081,False,39
78,6.0276,23.14094,False,39
79,6.12717,6.11964,False,39
82,3.05696,29.06366,False,39
83,3.12954,18.10763,False,39
84,33.0854,1.0,False,39
85,2.01699,1.0,False,39
86,1.0,29.10747,True,39
91,5.04894,5.12476,False,39
92,6.07777,6.0688,False,39
93,6.10591,23.14675,False,39
95,4.01713,5.06914,False,39
98,5.10317,30.06058,False,39
99,22.08686,34.09601,False,39
100,6.0426,35.00121,False,39
101,3.1074,23.06201,False,39
103,6.13178,25.13079,False,39
104,6.00923,30.05979,False,39
106,3.03836,28.02647,False,39
107,4.0082,26.05662,False,39
109,6.1301,34.06546,False,39
110,6.09643,28.07351,False,39
111,3.1212,33.09442,False,39
112,4.11143,22.01838,False,39
113,5.00158,28.11267,False,39
114,2.09322,5.13372,False,39
115,6.01827,5.13579,False,39
116,3.09619,28.07569,False,39
117,4.10875,5.01045,False,39
118,2.01082,18.06327,False,39
120,2.0078,34.07427,False,39
121,3.02512,5.11904,False,39
122,1.0611,5.14649,False,39
123,2.06595,6.07292,False,39
124,4.06631,37.08656,False,39
125,35.01404,34.05032,False,39
126,35.01115,30.05167,False,39
127,6.0282,24.05171,False,39
128,4.0375,30.08799,False,39
129,6.09204,30.0047,False,39
130,35.10603,35.0843,False,39
131,4.13148,5.13507,False,39
133,3.06248,5.0936,False,39
134,4.01071,5.06866,False,39
135,6.07,4.11769,False,39
136,4.12937,4.10511,False,39
137,1.0,5.11513,True,39
139,5.13074,5.03533,False,39
140,4.03932,3.05996,False,39
141,6.07942,2.03297,False,39
142,3.00894,3.10919,False,39
143,1.0493999999999999,5.02316,False,39
144,4.00114,5.11896,False,39
145,30.04023,1.0,False,39
146,1.0,1.0,True,39
147,2.03301,1.0,False,39
148,1.0,1.0,True,39
149,1.0,18.01825,True,39
150,35.10964,1.0,False,39
151,1.0,1.11321,True,39
153,6.13547,6.13302,False,39
154,6.03989,28.10514,False,39
155,4.10941,5.13024,False,39
156,6.01921,5.13607,False,39
157,1.14114,5.06032,False,39
158,4.0363,18.08111,False,39
159,1.00033,23.01595,False,39
160,4.10715,23.06255,False,39
161,4.14304,18.09033,False,39
162,34.05748,29.09447,False,39
164,5.0816,37.03602,False,39
165,35.03881,6.09947,False,39
166,35.07224,30.14083,False,39
167,6.08585,5.07501,False,39
168,35.02119,1.0,False,39
169,35.04157,30.10506,False,39
173,6.01009,29.08315,False,39
175,3.05545,3.06427,False,39
176,5.02334,5.10196,False,39
177,6.09532,30.07842,False,39
178,34.00719,35.00968,False,39
179,6.14574,34.08877,False,39
180,28.09931,28.04414,False,39
181,33.07874,35.04266,False,39
182,6.13563,25.10372,False,39
183,6.13105,35.1321,False,39
184,6.12288,37.1162,False,39
185,6.08599,28.03473,False,39
186,6.02626,37.13697,False,39
188,1.01727,30.05062,False,39
189,34.13139,34.07671,False,39
190,6.12446,23.04209,False,39
191,6.01612,30.1284,False,39
192,6.06907,25.00161,False,39
193,36.07004,35.02251,False,39
194,6.09018,25.05069,False,39
195,6.05379,28.04558,False,39
197,1.08528,29.02138,False,39
198,6.03919,25.13961,False,39
199,23.08007,29.09983,False,39
200,6.10792,6.06539,False,39
201,6.06933,5.10965,False,39
202,37.01582,37.13684,False,39
203,20.06417,30.06854,False,39
204,6.0867,30.13871,False,39
206,2.06636,30.04813,False,39
207,6.11091,28.03546,False,39
208,5.01736,5.10556,False,39
209,28.09591,28.09607,False,39
210,28.04927,28.10329,False,39
211,33.05046,28.09799,False,39
212,5.08619,4.14607,False,39
213,5.10866,13.11377,False,39
216,6.09913,28.07822,False,39
217,6.13282,29.10183,False,39
218,6.09783,30.09246,False,39
219,6.14537,25.0286,False,39
222,5.13804,28.10374,False,39
225,33.13861,33.04678,False,39
226,6.08034,35.07889,False,39
227,34.10739,37.13038,False,39
229,33.08597,33.12797,False,39
230,33.00921,33.02387,False,39
233,6.0036,30.12148,False,39
234,33.0467,30.07594,False,39
235,33.01981,30.14214,False,39
236,4.06056,4.03864,False,39
237,6.00478,5.13453,False,39
242,4.03536,24.10505,False,39
243,6.13981,6.11746,False,39
251,34.0707,34.06961,False,39
252,6.11571,28.00701,False,39
253,4.02252,30.02426,False,39
254,1.07592,4.01342,False,39
255,3.00849,13.13077,False,39
256,2.07451,30.14197,False,39
257,4.03852,20.0979,False,39
258,5.09231,18.00011,False,39
259,33.03912,5.01356,False,39
260,5.02752,5.02641,False,39
262,1.05403,36.02216,False,39
263,3.03096,6.01385,False,39
264,6.11281,29.05661,False,39
265,5.12383,6.06692,False,39
270,33.00159,6.00833,False,39
271,6.13555,28.06793,False,39
272,6.00713,5.00157,False,39
273,6.09449,5.12035,False,39
274,6.03437,5.05896,False,39
275,33.02493,6.07337,False,39
280,3.09751,5.11663,False,39
289,5.14665,29.00455,False,39
290,6.11815,6.11905,False,39
291,6.12851,6.12115,False,39
292,5.05297,6.09229,False,39
293,15.11563,30.1259,False,39
294,10.0257,6.12047,False,39
295,25.05005,36.08523,False,39
296,20.1423,4.10199,False,39
297,6.01491,35.08455,False,39
298,2.05172,33.01924,False,39
299,6.08278,34.07626,False,39
300,6.02981,33.14622,False,39
301,4.12384,33.14406,False,39
302,5.00022,35.12357,False,39
303,5.09309,33.0758,False,39
308,3.0583,31.10676,False,39
317,3.06823,22.07112,False,39
318,6.02487,36.10293,False,39
319,5.11981,30.14421,False,39
320,4.09014,27.11948,False,39
321,4.02249,34.13911,False,39
322,5.0989,18.09504,False,39
323,2.05025,17.04965,False,39
324,2.13025,23.02605,False,39
325,2.03585,25.09186,False,39
326,4.01448,18.13968,False,39
328,5.13243,25.07026,False,39
329,20.10824,31.01541,False,39
330,6.0406,30.00741,False,39
331,5.01359,20.03416,False,39
332,6.12076,20.12522,False,39
333,33.04243,30.07288,False,39
334,6.02064,6.07934,False,39
335,5.08942,30.09288,False,39
336,5.10733,30.14462,False,39
337,6.06519,25.14642,False,39
339,5.08073,28.00551,False,39
340,1.0,1.02367,True,39
341,1.0,25.03906,True,39
342,36.03219,5.0409,False,39
343,1.0,1.0,True,39
346,6.03689,27.1215,False,39
347,6.12268,33.08802,False,39
348,6.02262,27.0482,False,39
349,2.08843,25.07577,False,39
350,6.13893,29.02226,False,39
351,6.12645,25.13944,False,39
352,6.1473700000000004,34.03622,False,39
353,34.07074,37.02036,False,39
354,34.1442,34.11106,False,39
355,5.01159,23.0559,False,39
357,5.0712,29.00009,False,39
358,6.04302,28.08687,False,39
359,6.02643,32.14024,False,39
361,6.0561,25.05457,False,39
363,35.06068,35.0405,False,39
364,35.08678,35.06868,False,39
365,3.09104,23.01245,False,39
366,5.12949,5.09785,False,39
367,35.00056,35.00028,False,39
370,6.0836,28.12675,False,39
371,6.13742,33.11227,False,39
372,6.14544,33.00441,False,39
373,6.04304,6.11128,False,39
374,1.03016,37.03249,False,39
375,5.04234,4.00624,False,39
376,6.14468,5.11529,False,39
377,2.049,1.0,False,39
378,33.07029,28.10681,False,39
379,28.09822,5.11289,False,39
380,34.01793,33.13585,False,39
381,6.05346,5.13422,False,39
383,5.02975,29.08956,False,39
384,6.08423,28.00053,False,39
385,2.09916,25.08581,False,39
386,1.10388,27.12714,False,39
387,1.13542,34.01625,False,39
388,2.08741,5.12938,False,39
389,2.02271,7.01553,False,39
390,3.01397,27.09395,False,39
391,5.07042,23.10229,False,39
394,5.04232,30.10977,False,39
395,35.11392,2.12361,False,39
396,35.06766,3.00092,False,39
397,35.08304,4.0901,False,39
398,35.06402,33.01692,False,39
403,6.05023,19.04593,False,39
404,35.11291,34.14202,False,39
405,35.1271,5.09787,False,39
406,4.1397,1.0,False,39
407,29.06159,28.09625,False,39
408,1.0,4.11282,True,39
412,10.02913,34.13722,False,39
413,15.12544,25.09832,False,39
414,10.09041,31.05043,False,39
415,30.02834,28.13093,False,39
416,33.00884,20.02871,False,39
417,6.09341,28.10541,False,39
418,35.04052,35.03083,False,39
419,33.14341,33.10774,False,39
420,33.12397,33.08433,False,39
421,33.1253,33.07768,False,39
422,28.05048,30.02323,False,39
423,6.09082,23.06653,False,39
425,6.03828,37.0965,False,39
426,6.04638,33.11366,False,39
427,6.07262,6.12984,False,39
428,33.08144,33.08933,False,39
429,33.09368,28.10956,False,39
1,6.06127,23.0138,False,40
3,4.13469,4.12474,False,40
5,6.0245,37.10647,False,40
6,5.13711,33.03342,False,40
7,4.00277,1.0,False,40
9,5.05142,5.12733,False,40
10,5.10307,4.02341,False,40
11,6.05537,1.0,False,40
13,6.05717,6.10727,False,40
17,6.02402,28.03359,False,40
18,6.04087,6.0504,False,40
19,1.0,33.04916,True,40
21,6.10015,29.08733,False,40
22,6.11112,6.13886,False,40
25,6.00448,19.01733,False,40
29,2.11331,5.08729,False,40
30,6.09675,6.1433,False,40
69,2.00585,24.14039,False,40
70,28.08308,23.0878,False,40
71,6.08631,28.0514,False,40
72,33.06618,33.01214,False,40
73,28.13521,28.07818,False,40
74,33.05051,33.03236,False,40
75,34.00201,33.08887,False,40
76,6.11916,28.01863,False,40
77,18.1302,6.13592,False,40
78,6.03422,29.09735,False,40
79,6.0768,6.07103,False,40
82,6.00427,29.11285,False,40
83,3.01717,18.12313,False,40
84,33.03786,1.0,False,40
85,2.02571,1.0,False,40
86,1.0,29.12935,True,40
91,5.08811,5.11814,False,40
92,6.06058,6.05982,False,40
93,6.1368,23.05714,False,40
95,4.02472,5.13501,False,40
98,5.06466,30.05533,False,40
99,22.04532,34.12317,False,40
100,6.07984,35.0037,False,40
101,3.10397,23.12437,False,40
103,6.05445,25.06868,False,40
104,6.02683,30.07324,False,40
106,3.12407,28.04699,False,40
107,4.00132,26.10437,False,40
109,6.11422,34.06075,False,40
110,6.07522,28.12195,False,40
111,3.03687,33.13264,False,40
112,4.06807,22.03036,False,40
113,5.02415,28.12606,False,40
114,2.04695,5.06832,False,40
115,6.02817,5.14053,False,40
116,3.0123,28.06541,False,40
117,4.05296,5.13843,False,40
118,2.05689,18.06892,False,40
120,2.03138,34.0935,False,40
121,2.04673,5.1113,False,40
122,2.04743,5.13712,False,40
123,2.12981,6.12721,False,40
124,2.02574,37.0236,False,40
125,35.0445,34.02911,False,40
126,35.05829,30.00418,False,40
127,6.09248,24.0717,False,40
128,4.07902,30.05906,False,40
129,6.10964,30.13444,False,40
130,35.13349,35.13155,False,40
131,4.0588,5.13718,False,40
133,3.05935,5.134,False,40
134,4.00838,5.07417,False,40
135,4.00076,4.14361,False,40
136,4.03814,4.07203,False,40
137,1.0,5.09386,True,40
139,5.0931,5.0785,False,40
140,4.03901,3.00849,False,40
141,6.01803,2.04879,False,40
142,3.00223,3.00014,False,40
143,1.08764,5.1424,False,40
144,4.01134,5.08315,False,40
145,1.0,30.05526,True,40
146,1.0,1.0,True,40
147,2.136,1.0,False,40
148,1.0,1.0,True,40
149,1.0,18.05613,True,40
150,35.02526,1.0,False,40
151,1.0,1.06441,True,40
153,6.11801,6.11158,False,40
154,6.04511,23.02155,False,40
155,4.11139,23.14289,False,40
156,6.05429,5.06993,False,40
157,2.06586,5.06374,False,40
158,4.05033,18.04925,False,40
159,1.06113,23.08446,False,40
160,4.05133,23.00107,False,40
161,4.09191,18.00334,False,40
162,34.12741,29.01491,False,40
164,5.05111,37.03111,False,40
165,35.04579,6.14643,False,40
166,35.09893,30.04777,False,40
167,6.07053,5.0293,False,40
168,35.0774,1.0,False,40
169,35.09794,30.05622,False,40
173,6.01551,28.13193,False,40
175,3.10853,3.09529,False,40
176,5.07214,5.07654,False,40
177,6.09782,30.10773,False,40
178,34.01422,35.04237,False,40
179,6.14072,34.02414,False,40
180,28.12441,28.11062,False,40
181,33.01046,35.08344,False,40
182,6.12808,25.02209,False,40
183,6.12992,35.10564,False,40
184,6.08912,37.10734,False,40
185,6.14087,28.08633,False,40
186,6.0604,37.0242,False,40
188,1.05874,30.11174,False,40
189,34.14429,34.11785,False,40
190,6.10033,23.06554,False,40
191,6.06598,30.06456,False,40
192,6.0315,25.12094,False,40
193,36.08817,35.08341,False,40
194,6.08092,25.00235,False,40
195,6.02738,28.06017,False,40
197,2.12953,30.11293,False,40
198,6.04862,25.01016,False,40
199,6.08695,30.04287,False,40
200,6.13951,6.12818,False,40
201,6.12026,5.10861,False,40
202,37.09519,37.09226,False,40
203,30.06481,30.13135,False,40
204,4.12126,30.09787,False,40
206,2.05414,30.03852,False,40
207,6.12922,28.10959,False,40
208,5.10258,5.13504,False,40
209,28.03542,28.02482,False,40
210,28.05275,28.10513,False,40
211,33.00526,28.1212,False,40
212,5.04969,4.13597,False,40
213,5.11553,13.0493,False,40
216,6.09114,28.11664,False,40
217,6.14374,29.07438,False,40
218,6.06336,30.14594,False,40
219,6.14646,25.13244,False,40
222,5.05878,28.14217,False,40
225,33.09845,33.08018,False,40
226,6.06432,35.12557,False,40
227,34.07597,37.03587,False,40
229,33.10646,33.09907,False,40
230,33.01348,33.02731,False,40
233,6.01883,30.12165,False,40
234,33.05946,30.03072,False,40
235,33.04917,30.08181,False,40
236,4.07633,4.14282,False,40
237,6.1096,5.1221,False,40
242,4.03987,24.12975,False,40
243,6.01558,6.00626,False,40
251,34.09999,34.09442,False,40
252,6.04685,28.07442,False,40
253,4.08798,30.1144,False,40
254,1.06828,4.0906,False,40
255,3.08394,13.10238,False,40
256,2.05996,30.13044,False,40
257,4.1286,20.0889,False,40
258,5.06039,18.03305,False,40
259,33.12608,5.07059,False,40
260,5.07179,5.01467,False,40
262,1.0332,36.12361,False,40
263,4.01476,6.02647,False,40
264,6.12551,29.094,False,40
265,5.08501,6.04649,False,40
270,33.02266,6.0798,False,40
271,6.02672,28.09644,False,40
272,6.00945,5.12698,False,40
273,6.0448,5.12767,False,40
274,6.01167,5.13767,False,40
275,33.03203,6.02537,False,40
280,3.03162,5.08188,False,40
289,5.147,29.02094,False,40
290,6.07122,6.09669,False,40
291,6.1403,6.14074,False,40
292,5.06576,6.07009,False,40
293,15.06781,31.13055,False,40
294,10.05172,6.10063,False,40
295,25.03026,36.09884,False,40
296,20.02827,4.13181,False,40
297,6.05027,35.05802,False,40
298,1.09009,33.07446,False,40
299,6.04127,34.05443,False,40
300,4.13605,33.12182,False,40
301,4.07893,33.07609,False,40
302,6.05848,35.03278,False,40
303,5.09511,33.05696,False,40
308,3.04319,31.09206,False,40
317,4.00815,22.00466,False,40
318,6.04098,36.02645,False,40
319,5.10184,30.12,False,40
320,4.06902,27.06552,False,40
321,3.14107,34.01534,False,40
322,5.12134,18.10873,False,40
323,2.07234,17.12716,False,40
324,2.08317,23.00712,False,40
325,3.05869,25.12473,False,40
326,4.04181,18.06979,False,40
328,5.11188,25.07612,False,40
329,6.1041,31.07096,False,40
330,6.05662,30.09156,False,40
331,5.07252,20.10687,False,40
332,6.14344,20.08585,False,40
333,33.00471,30.10084,False,40
334,6.1304,6.12621,False,40
335,5.08442,30.08808,False,40
336,5.13285,30.14457,False,40
337,6.0051,25.09714,False,40
339,5.06945,28.00462,False,40
340,1.0,1.03116,True,40
341,1.0,25.09952,True,40
342,36.0107,5.08321,False,40
343,1.0,1.0,True,40
346,6.03609,27.01469,False,40
347,6.04179,33.04651,False,40
348,6.04308,27.02287,False,40
349,2.06996,25.09663,False,40
350,28.03878,29.11701,False,40
351,6.09448,25.13837,False,40
352,6.13059,34.02165,False,40
353,34.0786,37.06451,False,40
354,34.12255,34.1136,False,40
355,5.00056,23.01162,False,40
357,5.07813,29.01595,False,40
358,6.00039,28.01057,False,40
359,6.00732,32.04382,False,40
361,6.04811,25.04041,False,40
363,35.10374,35.08684,False,40
364,35.07499,35.04572,False,40
365,3.14251,23.12913,False,40
366,5.10534,5.12301,False,40
367,35.04926,35.0088,False,40
370,6.09203,28.07235,False,40
371,6.12916,33.11792,False,40
372,6.13896,33.1106,False,40
373,6.02601,6.10274,False,40
374,1.03276,37.09707,False,40
375,5.12583,23.12581,False,40
376,6.05178,5.0161,False,40
377,2.00622,1.0,False,40
378,33.13464,28.04033,False,40
379,28.03346,5.11637,False,40
380,34.01694,33.00385,False,40
381,6.0608,5.05504,False,40
383,5.04218,28.04309,False,40
384,6.14395,30.02903,False,40
385,2.01917,25.11523,False,40
386,1.03255,27.0922,False,40
387,2.04979,34.06829,False,40
388,2.11033,5.14516,False,40
389,2.06245,7.04037,False,40
390,3.07977,27.14485,False,40
391,2.14546,23.03926,False,40
394,5.11281,30.1007,False,40
395,35.09878,2.02633,False,40
396,35.1135,3.04298,False,40
397,35.02726,4.01215,False,40
398,35.06423,33.03169,False,40
403,6.11255,19.13591,False,40
404,35.12043,34.07527,False,40
405,35.04875,5.09931,False,40
406,6.02592,4.04604,False,40
407,29.03201,28.06262,False,40
408,1.0,4.0168,True,40
412,10.00802,34.11187,False,40
413,20.02344,15.10656,False,40
414,10.14637,31.11166,False,40
415,30.11769,28.04738,False,40
416,33.00414,20.05817,False,40
417,6.14203,28.11154,False,40
418,35.08322,35.02086,False,40
419,33.0827,33.06637,False,40
420,33.08681,33.02646,False,40
421,33.13278,33.03874,False,40
422,28.05441,30.04163,False,40
423,6.10673,23.08883,False,40
425,6.01495,37.10241,False,40
426,6.0639,33.09043,False,40
427,6.11148,6.13389,False,40
428,33.02778,33.05409,False,40
429,33.04338,28.10535,False,40
1,6.07801,23.02834,False,41
3,4.11678,4.05209,False,41
5,6.00187,37.06035,False,41
6,5.02254,33.00813,False,41
7,4.02694,1.0,False,41
9,4.00539,5.10258,False,41
10,5.10973,4.07512,False,41
11,6.06874,1.0,False,41
13,6.08024,6.11854,False,41
17,6.06045,28.13379,False,41
18,6.03072,6.03117,False,41
19,1.0,33.12318,True,41
21,6.05485,18.0078,False,41
22,6.13401,6.1328,False,41
25,6.01141,19.02273,False,41
29,3.05465,5.12872,False,41
30,6.01939,6.1443,False,41
69,2.06246,24.12017,False,41
70,28.00353,23.00176,False,41
71,6.08169,28.14536,False,41
72,33.04229,33.01383,False,41
73,28.02317,28.03422,False,41
74,33.06193,37.09736,False,41
75,34.02963,33.13196,False,41
76,6.12654,28.12175,False,41
77,18.10217,6.13677,False,41
78,6.02585,29.11557,False,41
79,6.1,6.08938,False,41
82,6.02144,29.00026,False,41
83,3.09986,18.12618,False,41
84,33.0446,1.0,False,41
85,1.0,2.09742,True,41
86,1.0,29.06244,True,41
91,5.10228,5.1011,False,41
92,6.05972,6.05707,False,41
93,6.10012,23.05903,False,41
95,3.14657,5.09826,False,41
98,5.00307,30.00702,False,41
99,22.06614,34.10272,False,41
100,6.03191,35.03726,False,41
101,3.03336,23.05538,False,41
103,6.12386,25.03058,False,41
104,6.04295,30.13173,False,41
106,3.07506,28.04655,False,41
107,4.07015,26.05172,False,41
109,6.11932,34.08673,False,41
110,6.10479,28.11163,False,41
111,3.05407,33.04718,False,41
112,4.09074,22.14364,False,41
113,5.04474,28.04338,False,41
114,2.00609,5.0768699999999995,False,41
115,6.05503,5.13368,False,41
116,3.03312,28.144,False,41
117,4.06648,5.11499,False,41
118,2.09516,18.06995,False,41
120,2.09109,34.12051,False,41
121,3.0064,5.12894,False,41
122,2.03654,5.13996,False,41
123,2.08894,6.00513,False,41
124,2.00527,37.07762,False,41
125,35.08476,34.12115,False,41
126,35.01465,30.02513,False,41
127,6.0021,24.10813,False,41
128,6.06842,30.00108,False,41
129,6.04509,30.13846,False,41
130,35.14422,35.14134,False,41
131,4.13405,5.0703,False,41
133,3.12911,5.12075,False,41
134,4.00153,4.13697,False,41
135,4.08605,4.13244,False,41
136,4.05119,4.12092,False,41
137,4.1402,5.01972,False,41
139,5.08736,5.14544,False,41
140,4.03182,3.02977,False,41
141,6.07544,2.01107,False,41
142,3.09685,3.113,False,41
143,1.11944,5.01659,False,41
144,4.12943,5.02097,False,41
145,1.0,30.05683,True,41
146,1.0,1.0,True,41
147,2.01596,1.0,False,41
148,1.0,1.0,True,41
149,1.0,18.09867,True,41
150,35.00466,1.0,False,41
151,1.0,1.09622,True,41
153,6.10124,6.08408,False,41
154,6.03378,28.01823,False,41
155,4.13404,23.01879,False,41
156,6.00589,5.1172,False,41
157,1.09433,5.02727,False,41
158,4.07817,18.09385,False,41
159,3.01974,23.12845,False,41
160,4.09745,23.10689,False,41
161,4.12603,18.02341,False,41
162,34.08671,29.11249,False,41
164,5.14302,37.09453,False,41
165,35.02859,6.03095,False,41
166,35.0461,30.09954,False,41
167,6.00525,5.02987,False,41
168,35.03954,1.0,False,41
169,35.1311,30.00899,False,41
173,6.01228,28.03891,False,41
175,3.10094,3.0886,False,41
176,5.01227,5.10748,False,41
177,6.09053,30.12862,False,41
178,34.00888,35.0126,False,41
179,6.1363,34.04109,False,41
180,28.14568,28.1293,False,41
181,33.0326,35.00652,False,41
182,6.14639,10.12875,False,41
183,6.08472,35.07622,False,41
184,6.03488,37.11925,False,41
185,6.1383,28.11279,False,41
186,6.09841,37.05509,False,41
188,1.07496,37.0838,False,41
189,34.11194,34.10981,False,41
190,6.0291,23.04173,False,41
191,6.11152,30.13382,False,41
192,6.11126,25.09308,False,41
193,36.08089,35.01554,False,41
194,6.07433,25.08639,False,41
195,6.04546,28.02579,False,41
197,1.02952,30.10737,False,41
198,6.0901,25.06726,False,41
199,6.09885,30.07837,False,41
200,6.12355,6.11653,False,41
201,6.02109,5.12812,False,41
202,37.07832,37.03524,False,41
203,30.0663,30.09487,False,41
204,4.04265,30.13452,False,41
206,2.10878,30.06906,False,41
207,6.11823,28.06319,False,41
208,5.09473,5.13332,False,41
209,28.05484,28.00249,False,41
210,28.09729,28.05524,False,41
211,33.05182,28.09189,False,41
212,5.02766,4.12208,False,41
213,5.0938,13.01548,False,41
216,6.08416,28.07119,False,41
217,6.13227,29.07112,False,41
218,6.12567,30.01636,False,41
219,6.14217,25.11267,False,41
222,5.14335,28.0701,False,41
225,33.07833,33.0528,False,41
226,6.09412,35.03756,False,41
227,34.01585,37.12444,False,41
229,33.06986,33.11711,False,41
230,33.00673,33.05806,False,41
233,6.03575,30.13658,False,41
234,33.01892,30.01874,False,41
235,33.0145,30.047,False,41
236,4.01281,4.14375,False,41
237,6.00748,5.12118,False,41
242,4.07982,24.09834,False,41
243,6.05697,6.01606,False,41
251,34.11313,34.11078,False,41
252,6.11362,28.07028,False,41
253,4.06701,30.08987,False,41
254,1.14701,4.10042,False,41
255,3.05481,13.12859,False,41
256,2.14258,30.02779,False,41
257,4.08195,20.03296,False,41
258,1.00758,18.03071,False,41
259,33.03066,5.00876,False,41
260,5.002,5.05221,False,41
262,1.00202,36.06813,False,41
263,3.08893,6.0099,False,41
264,6.14146,29.07214,False,41
265,5.03582,6.09376,False,41
270,33.03612,6.12116,False,41
271,6.1093,28.09845,False,41
272,6.11907,5.10832,False,41
273,6.0659,5.09009,False,41
274,6.00982,5.14721,False,41
275,33.01406,6.08785,False,41
280,3.14235,5.09967,False,41
289,5.12716,29.14722,False,41
290,6.03028,6.12981,False,41
291,6.1471,6.14481,False,41
292,5.06715,6.10978,False,41
293,15.00767,30.11125,False,41
294,10.0079,6.05908,False,41
295,25.11263,36.02345,False,41
296,20.04103,4.06551,False,41
297,6.03703,35.05719,False,41
298,1.03625,33.05678,False,41
299,6.06921,34.10064,False,41
300,6.04335,33.11174,False,41
301,4.07764,33.09126,False,41
302,5.01506,35.13824,False,41
303,5.08575,33.12108,False,41
308,3.02908,31.1218,False,41
317,3.0831,22.05231,False,41
318,6.00371,36.05816,False,41
319,5.14315,30.08384,False,41
320,4.13072,27.13399,False,41
321,4.06799,34.07703,False,41
322,5.02071,18.00369,False,41
323,2.05533,17.02895,False,41
324,2.12535,23.13634,False,41
325,2.03893,25.02356,False,41
326,4.03101,18.08617,False,41
328,5.11818,25.12677,False,41
329,6.13365,31.05248,False,41
330,6.06137,30.09311,False,41
331,5.00654,20.0968,False,41
332,6.14407,20.13924,False,41
333,33.06953,30.13702,False,41
334,6.06488,6.12189,False,41
335,5.12119,30.13397,False,41
336,5.00403,30.1138,False,41
337,6.08714,25.09281,False,41
339,6.01471,28.12247,False,41
340,1.0,1.12522,True,41
341,1.0,25.09524,True,41
342,36.07663,5.0085,False,41
343,1.0,1.0,True,41
346,6.02769,27.09735,False,41
347,6.06265,33.04769,False,41
348,6.02333,27.10758,False,41
349,2.06234,25.07842,False,41
350,6.13818,29.06062,False,41
351,6.14333,25.12953,False,41
352,6.10835,34.05561,False,41
353,34.11774,37.05278,False,41
354,34.0782,34.06967,False,41
355,5.06304,23.04604,False,41
357,5.10355,29.03683,False,41
358,6.0401,28.13258,False,41
359,6.04947,32.0295,False,41
361,6.06999,25.08881,False,41
363,35.05223,35.05122,False,41
364,35.07657,35.06588,False,41
365,3.06616,23.09864,False,41
366,5.122,5.10499,False,41
367,35.1039,35.04523,False,41
370,6.06728,28.08784,False,41
371,6.11835,33.01315,False,41
372,6.14489,33.02662,False,41
373,6.03276,6.0752,False,41
374,1.0908,37.0056,False,41
375,5.07695,23.05967,False,41
376,6.08031,5.10021,False,41
377,2.07177,1.0,False,41
378,33.12418,28.11034,False,41
379,28.07313,5.11659,False,41
380,34.07478,33.00563,False,41
381,6.10509,5.13539,False,41
383,5.06057,29.03953,False,41
384,6.12109,30.00675,False,41
385,3.07298,30.10108,False,41
386,4.02051,27.0588,False,41
387,1.10364,34.08825,False,41
388,2.08447,5.03075,False,41
389,2.05253,7.0433,False,41
390,3.04679,27.05867,False,41
391,2.11432,23.13102,False,41
394,5.09806,30.05722,False,41
395,35.05646,2.11547,False,41
396,35.04808,3.03718,False,41
397,35.13055,4.08725,False,41
398,35.02855,33.09112,False,41
403,6.004,19.03986,False,41
404,35.07988,34.02831,False,41
405,35.00879,5.01785,False,41
406,6.1131,4.13789,False,41
407,29.01492,28.01995,False,41
408,1.0,4.09839,True,41
412,10.11319,34.0405,False,41
413,20.10539,30.03842,False,41
414,10.12192,31.06825,False,41
415,30.11699,28.08228,False,41
416,33.00736,20.12525,False,41
417,6.10791,28.07651,False,41
418,35.06042,35.05599,False,41
419,33.03801,33.02034,False,41
420,33.12994,33.06691,False,41
421,33.09665,33.06897,False,41
422,28.09488,30.14679,False,41
423,6.12462,23.01859,False,41
425,6.07374,37.02408,False,41
426,6.06633,33.13829,False,41
427,6.08744,6.11901,False,41
428,33.06199,33.0504,False,41
429,33.05127,28.00414,False,41
1,6.07826,23.13872,False,42
3,4.11352,4.10047,False,42
5,6.0237,37.08336,False,42
6,5.00365,33.01945,False,42
7,4.01556,1.0,False,42
9,5.04756,5.14237,False,42
10,4.11195,4.13793,False,42
11,6.10342,1.0,False,42
13,6.10978,6.06652,False,42
17,6.01861,28.06792,False,42
18,6.03151,6.05205,False,42
19,1.0,33.03083,True,42
21,6.062,29.04553,False,42
22,6.11475,6.10443,False,42
25,6.02261,19.09194,False,42
29,4.04377,5.06957,False,42
30,6.08375,6.1406600000000005,False,42
69,2.0664,24.12233,False,42
70,28.06347,23.13236,False,42
71,6.05752,28.03163,False,42
72,33.06882,33.04978,False,42
73,28.05343,28.03616,False,42
74,33.06081,37.10176,False,42
75,34.06672,33.14647,False,42
76,6.14046,28.09623,False,42
77,18.08352,6.11633,False,42
78,6.02606,29.13016,False,42
79,6.11112,6.10492,False,42
82,6.00138,29.13234,False,42
83,3.09846,18.05771,False,42
84,33.08166,1.0,False,42
85,1.0,2.14119,True,42
86,1.0,29.08338,True,42
91,5.12431,5.14411,False,42
92,6.05913,6.05807,False,42
93,6.12339,23.09981,False,42
95,3.02257,5.11406,False,42
98,5.13834,30.06306,False,42
99,22.01035,34.08953,False,42
100,6.08573,35.01241,False,42
101,5.02317,23.13481,False,42
103,6.11993,25.04944,False,42
104,6.01253,30.05499,False,42
106,3.093,28.03648,False,42
107,4.03363,26.08881,False,42
109,6.09094,34.09397,False,42
110,6.06412,28.13525,False,42
111,3.13372,33.05992,False,42
112,3.01764,22.09716,False,42
113,5.11887,28.11174,False,42
114,2.03434,5.09779,False,42
115,6.01625,5.08266,False,42
116,3.00113,28.09457,False,42
117,4.14718,5.12691,False,42
118,2.09597,18.11734,False,42
120,2.05414,34.02326,False,42
121,3.04722,5.04138,False,42
122,1.0729,5.07433,False,42
123,2.04097,6.13942,False,42
124,2.12119,37.12036,False,42
125,35.02667,34.00244,False,42
126,35.02821,30.08901,False,42
127,6.07763,24.05095,False,42
128,6.10343,30.06712,False,42
129,6.10754,30.14004,False,42
130,35.06692,35.06225,False,42
131,4.12152,5.14621,False,42
133,3.05935,5.13409,False,42
134,4.01303,5.12796,False,42
135,2.07409,4.13696,False,42
136,4.00459,4.10813,False,42
137,4.0512,5.11454,False,42
139,5.07496,5.04611,False,42
140,4.04136,3.12286,False,42
141,6.01902,2.1018499999999998,False,42
142,3.12307,3.02495,False,42
143,1.00567,5.07856,False,42
144,31.0471,5.09587,False,42
145,1.0,30.06842,True,42
146,1.0,1.0,True,42
147,2.10698,1.0,False,42
148,1.0,1.0,True,42
149,1.0,18.08541,True,42
150,35.03793,1.0,False,42
151,1.0,1.13752,True,42
153,6.12409,6.11871,False,42
154,6.01512,28.09979,False,42
155,4.03853,23.08693,False,42
156,5.04656,28.1236,False,42
157,1.09129,5.07786,False,42
158,4.07385,18.14197,False,42
159,1.10346,23.01683,False,42
160,4.12386,23.12556,False,42
161,4.08613,18.12039,False,42
162,34.02715,29.11785,False,42
164,5.01399,37.01061,False,42
165,35.13429,6.0179,False,42
166,35.12701,30.01807,False,42
167,6.05309,5.12481,False,42
168,35.09357,1.0,False,42
169,35.08906,30.05991,False,42
173,6.01317,29.13682,False,42
175,3.13135,3.11395,False,42
176,5.11014,5.08398,False,42
177,6.09512,30.10747,False,42
178,34.00342,35.00632,False,42
179,6.12669,34.13061,False,42
180,28.06644,28.10456,False,42
181,33.0119,35.00063,False,42
182,6.1247,25.12172,False,42
183,6.06495,35.02676,False,42
184,6.13319,37.14193,False,42
185,6.12574,28.09234,False,42
186,6.11925,37.07964,False,42
188,1.08657,37.00478,False,42
189,34.13823,34.11416,False,42
190,6.1350999999999996,23.11904,False,42
191,6.04964,30.08168,False,42
192,6.07455,25.08438,False,42
193,36.08475,35.07839,False,42
194,6.08714,25.14501,False,42
195,6.0293,28.00489,False,42
197,2.02004,30.00413,False,42
198,6.06309,25.0351,False,42
199,23.02966,29.09238,False,42
200,6.1283,6.0614,False,42
201,6.12321,5.0897,False,42
202,37.0462,37.01742,False,42
203,30.0656,30.14681,False,42
204,2.03789,30.05575,False,42
206,2.13225,30.09474,False,42
207,6.08547,28.06362,False,42
208,5.07706,5.12449,False,42
209,28.13464,28.12169,False,42
210,28.0785,28.0454,False,42
211,33.12427,28.09675,False,42
212,5.01488,4.08441,False,42
213,5.11309,13.09763,False,42
216,6.09212,28.0654,False,42
217,6.12865,29.1447,False,42
218,6.0846,30.04674,False,42
219,6.13694,25.04456,False,42
222,5.11972,28.13763,False,42
225,33.1248,33.11869,False,42
226,6.10731,35.12316,False,42
227,34.06023,37.10067,False,42
229,33.10266,33.09514,False,42
230,33.05391,33.09341,False,42
233,6.0066,30.12051,False,42
234,33.00074,30.1051,False,42
235,33.00961,30.03005,False,42
236,4.01221,4.0969,False,42
237,6.08411,5.00432,False,42
242,4.10298,24.14224,False,42
243,6.04479,6.01205,False,42
251,34.10578,34.07167,False,42
252,6.1286,28.07608,False,42
253,4.03036,30.02306,False,42
254,1.0838,4.13739,False,42
255,3.12212,13.04728,False,42
256,2.00696,30.03235,False,42
257,4.11035,20.04482,False,42
258,5.02886,18.14306,False,42
259,33.12049,5.07294,False,42
260,5.00931,5.07808,False,42
262,1.10946,36.08448,False,42
263,3.06153,6.0216,False,42
264,6.11166,29.04694,False,42
265,5.08333,6.03782,False,42
270,33.06513,6.13263,False,42
271,6.09699,28.08119,False,42
272,6.01105,5.14574,False,42
273,6.09951,5.14244,False,42
274,6.00033,5.13631,False,42
275,33.02384,6.05325,False,42
280,3.0896,5.13186,False,42
289,5.1239,29.04458,False,42
290,6.11733,6.10766,False,42
291,6.11527,6.13261,False,42
292,5.13187,6.13514,False,42
293,15.07558,30.04691,False,42
294,10.01573,10.11261,False,42
295,25.06094,36.00889,False,42
296,20.03481,4.08301,False,42
297,6.08717,35.09185,False,42
298,1.1312,33.13762,False,42
299,6.06242,34.08342,False,42
300,4.09304,33.13569,False,42
301,4.10236,33.14708,False,42
302,6.0525,35.0126,False,42
303,5.08436,33.03181,False,42
308,5.0266,31.01713,False,42
317,3.09379,22.12127,False,42
318,6.03624,36.07627,False,42
319,5.13083,30.1467,False,42
320,4.06701,27.06037,False,42
321,3.01509,34.01389,False,42
322,5.13385,18.11794,False,42
323,3.0377,17.1305,False,42
324,1.05574,23.04661,False,42
325,2.00563,25.03371,False,42
326,3.02917,18.08876,False,42
328,5.0854800000000004,25.04845,False,42
329,6.09291,31.00146,False,42
330,6.04513,30.02011,False,42
331,5.02929,20.02454,False,42
332,5.13467,30.10213,False,42
333,33.003,30.12743,False,42
334,6.05797,6.04921,False,42
335,5.07997,30.02103,False,42
336,5.00447,30.14351,False,42
337,6.05702,25.10011,False,42
339,5.13816,28.09753,False,42
340,1.0,1.05298,True,42
341,1.0,25.00364,True,42
342,36.01996,5.06709,False,42
343,1.0,1.0,True,42
346,6.032,27.01659,False,42
347,6.07563,33.03205,False,42
348,6.07488,27.09667,False,42
349,2.09392,25.13364,False,42
350,28.12883,29.08822,False,42
351,6.11991,25.09684,False,42
352,6.10722,34.01948,False,42
353,34.07835,37.10919,False,42
354,34.1096,34.09269,False,42
355,5.0657,23.14701,False,42
357,5.0709,28.07804,False,42
358,6.04225,28.07315,False,42
359,6.00394,32.04919,False,42
361,6.05496,25.13296,False,42
363,35.11054,35.1033,False,42
364,35.09037,35.06794,False,42
365,3.12344,23.02742,False,42
366,5.11949,5.1141,False,42
367,35.03531,35.00951,False,42
370,6.07662,28.11421,False,42
371,6.1353,33.12768,False,42
372,6.14483,33.12867,False,42
373,6.11951,6.13633,False,42
374,1.12728,37.11326,False,42
375,5.09184,4.02305,False,42
376,6.11478,5.03305,False,42
377,2.00639,1.0,False,42
378,33.13761,28.12726,False,42
379,28.10153,5.04955,False,42
380,34.02976,33.07132,False,42
381,6.03384,5.06006,False,42
383,5.08501,29.07924,False,42
384,6.13127,30.1385,False,42
385,1.08446,25.14139,False,42
386,1.02687,27.11939,False,42
387,2.08457,34.10648,False,42
388,2.06374,5.14363,False,42
389,2.04468,7.1061,False,42
390,3.04435,27.03704,False,42
391,4.01578,23.02097,False,42
394,5.0352,30.13928,False,42
395,35.07515,2.02031,False,42
396,35.07402,3.0396900000000002,False,42
397,35.05912,4.09022,False,42
398,35.14689,33.09847,False,42
403,6.08771,19.01796,False,42
404,35.07651,34.06456,False,42
405,35.01844,5.01271,False,42
406,6.09104,4.12636,False,42
407,29.05526,28.10673,False,42
408,1.0,4.11803,True,42
412,10.138,34.05417,False,42
413,20.10395,15.06137,False,42
414,10.08373,31.06715,False,42
415,30.14395,28.12306,False,42
416,33.05673,20.06682,False,42
417,6.13419,28.01335,False,42
418,35.10354,35.03026,False,42
419,33.03996,33.00513,False,42
420,33.09516,33.07431,False,42
421,33.13808,33.13678,False,42
422,28.14514,30.05618,False,42
423,6.04819,23.00786,False,42
425,6.09939,37.00466,False,42
426,6.05521,33.09086,False,42
427,6.06521,6.13687,False,42
428,33.10444,33.05757,False,42
429,33.03859,28.14132,False,42
1,6.01914,23.10428,False,43
3,4.12953,4.00215,False,43
5,6.02292,37.14573,False,43
6,5.07832,33.10657,False,43
7,4.0536200000000004,1.0,False,43
9,5.06316,5.14255,False,43
10,4.13821,4.02946,False,43
11,6.09698,1.0,False,43
13,6.03609,6.05786,False,43
17,6.02302,28.13338,False,43
18,6.03614,6.03237,False,43
19,1.0,33.04279,True,43
21,6.03637,29.04035,False,43
22,6.12891,6.10495,False,43
25,6.02335,19.11104,False,43
29,2.1023,5.1253,False,43
30,6.10856,6.13814,False,43
69,2.01965,24.09008,False,43
70,28.09092,23.0028,False,43
71,6.09041,28.06009,False,43
72,33.02208,33.0184,False,43
73,28.00826,28.06279,False,43
74,33.05715,33.05338,False,43
75,34.01994,33.12985,False,43
76,6.10746,6.10408,False,43
77,18.0064,6.08841,False,43
78,6.02465,29.03372,False,43
79,6.11767,6.10995,False,43
82,6.08326,29.0014,False,43
83,3.03899,18.00278,False,43
84,33.07632,1.0,False,43
85,2.08058,1.0,False,43
86,1.0,29.1258,True,43
91,5.07805,5.10267,False,43
92,6.07383,28.08082,False,43
93,6.11946,23.07777,False,43
95,3.0163,5.1303,False,43
98,5.08802,30.12069,False,43
99,22.02733,34.09171,False,43
100,6.11563,35.04196,False,43
101,5.11409,23.11559,False,43
103,6.14026,25.05871,False,43
104,6.03162,30.14407,False,43
106,3.1299,28.10666,False,43
107,4.00271,26.04856,False,43
109,6.1357099999999996,34.10626,False,43
110,6.06918,28.07325,False,43
111,5.01828,33.13623,False,43
112,4.08684,22.03417,False,43
113,5.06887,28.11922,False,43
114,2.03067,5.13663,False,43
115,6.01632,5.12763,False,43
116,3.14413,28.10951,False,43
117,3.1024,5.13652,False,43
118,2.09816,18.10243,False,43
120,2.0077,34.14353,False,43
121,2.02635,5.0854800000000004,False,43
122,2.05859,5.12757,False,43
123,2.05682,6.1129,False,43
124,2.04108,37.08832,False,43
125,35.04952,34.07175,False,43
126,35.10341,30.00539,False,43
127,6.0027,24.01755,False,43
128,4.10716,30.10913,False,43
129,6.1161200000000004,30.11497,False,43
130,35.13206,35.07893,False,43
131,4.06724,5.01478,False,43
133,3.09138,5.14686,False,43
134,4.00439,5.11284,False,43
135,2.08117,4.12132,False,43
136,4.13415,4.11835,False,43
137,4.09102,5.0503,False,43
139,5.06201,5.13547,False,43
140,4.04581,3.12203,False,43
141,6.12277,2.00645,False,43
142,3.14378,3.03285,False,43
143,1.0342500000000001,5.10369,False,43
144,4.12355,5.06477,False,43
145,1.0,30.0206,True,43
146,1.0,1.0,True,43
147,2.03288,1.0,False,43
148,1.0,1.0,True,43
149,1.0,18.0364,True,43
150,35.00496,1.0,False,43
151,1.0,1.0688,True,43
153,6.14196,6.13331,False,43
154,6.05219,28.13409,False,43
155,4.00061,5.12688,False,43
156,6.00156,5.12397,False,43
157,2.14416,5.12816,False,43
158,4.08886,18.06461,False,43
159,1.11735,23.10143,False,43
160,4.13033,23.04747,False,43
161,4.04246,18.01944,False,43
162,34.02595,29.13915,False,43
164,5.0256,37.0654,False,43
165,35.14,6.06138,False,43
166,35.06322,30.07123,False,43
167,6.09157,5.06366,False,43
168,35.09306,1.0,False,43
169,35.05444,30.03135,False,43
173,6.00951,29.00326,False,43
175,3.11086,3.05269,False,43
176,5.01357,5.06123,False,43
177,6.11331,30.14018,False,43
178,34.00604,35.01835,False,43
179,6.13901,34.0879,False,43
180,28.12986,28.11434,False,43
181,33.05747,35.01772,False,43
182,6.14219,10.03928,False,43
183,6.11579,35.11069,False,43
184,6.12795,37.05539,False,43
185,6.14204,28.05074,False,43
186,6.0775,37.00841,False,43
188,1.07167,30.11258,False,43
189,34.14114,34.13833,False,43
190,6.12051,23.01838,False,43
191,6.09083,30.09043,False,43
192,6.08771,25.06836,False,43
193,36.07076,35.05134,False,43
194,6.10393,25.13303,False,43
195,6.12156,28.08261,False,43
197,2.1259,30.06371,False,43
198,6.00559,25.12622,False,43
199,23.03406,29.08961,False,43
200,6.10135,6.07457,False,43
201,6.11426,5.13279,False,43
202,37.08698,37.07349,False,43
203,30.03804,30.11127,False,43
204,6.08331,30.0042,False,43
206,2.14606,30.10791,False,43
207,6.12759,28.02636,False,43
208,5.10034,5.14459,False,43
209,28.11912,28.00143,False,43
210,28.05172,28.09119,False,43
211,33.00827,28.13782,False,43
212,5.02912,4.14644,False,43
213,5.10335,13.09518,False,43
216,6.10044,28.11802,False,43
217,6.12328,29.0062,False,43
218,6.11009,30.03095,False,43
219,6.14551,25.07834,False,43
222,5.08546,28.14234,False,43
225,33.13533,33.13427,False,43
226,6.08486,35.11608,False,43
227,34.02862,37.04094,False,43
229,33.07259,33.1168,False,43
230,33.03082,33.05785,False,43
233,6.01812,30.11605,False,43
234,33.02379,30.05208,False,43
235,33.01471,30.07388,False,43
236,4.01654,4.13085,False,43
237,6.07971,5.07009,False,43
242,4.09154,24.11051,False,43
243,6.06348,6.0192,False,43
251,34.11385,34.06647,False,43
252,6.13656,28.12205,False,43
253,4.04684,30.09865,False,43
254,1.01041,4.11481,False,43
255,3.09074,13.11149,False,43
256,2.07013,30.00264,False,43
257,4.13253,20.14067,False,43
258,5.06173,18.12863,False,43
259,33.09836,5.11092,False,43
260,5.13562,5.11936,False,43
262,1.00523,36.02663,False,43
263,4.06673,6.03794,False,43
264,6.1311,29.04355,False,43
265,5.14316,6.02385,False,43
270,33.04711,6.1013,False,43
271,6.11974,28.11438,False,43
272,6.00981,5.07027,False,43
273,6.02641,5.13477,False,43
274,6.048,5.09584,False,43
275,33.00367,6.13049,False,43
280,3.03393,5.07432,False,43
289,5.14656,28.04522,False,43
290,6.12787,6.1275,False,43
291,6.13807,6.14284,False,43
292,5.01909,6.04875,False,43
293,15.08296,30.13516,False,43
294,10.06387,6.05284,False,43
295,25.01892,36.09276,False,43
296,20.04001,4.1153,False,43
297,6.1148,35.05525,False,43
298,2.06559,33.11013,False,43
299,6.0219,34.00178,False,43
300,6.09733,33.07892,False,43
301,4.06074,33.12474,False,43
302,6.01292,35.09989,False,43
303,5.09411,33.00846,False,43
308,5.12068,31.14273,False,43
317,3.00465,22.12663,False,43
318,4.12926,36.09756,False,43
319,5.12407,30.03869,False,43
320,4.04899,27.021,False,43
321,4.07377,34.04858,False,43
322,5.01688,18.11832,False,43
323,2.10096,17.07699,False,43
324,2.00232,23.08582,False,43
325,2.03163,25.08672,False,43
326,3.10915,18.09382,False,43
328,5.05232,25.10756,False,43
329,6.12082,31.10239,False,43
330,6.03955,30.11233,False,43
331,5.0379,20.12344,False,43
332,6.09414,20.02737,False,43
333,33.01891,30.13645,False,43
334,6.07459,6.12791,False,43
335,5.08738,30.06593,False,43
336,5.134,30.08947,False,43
337,6.07086,25.08132,False,43
339,5.00582,28.06933,False,43
340,1.0,1.04773,True,43
341,1.0,25.00831,True,43
342,36.09269,5.08562,False,43
343,1.0,1.0,True,43
346,6.06766,27.0811,False,43
347,6.11425,33.04815,False,43
348,6.07613,27.05468,False,43
349,2.06365,25.09203,False,43
350,6.1136800000000004,29.07555,False,43
351,6.14389,25.11715,False,43
352,6.09527,34.00136,False,43
353,34.1105,37.10886,False,43
354,34.07514,34.07296,False,43
355,5.04723,23.08312,False,43
357,5.09108,29.10537,False,43
358,6.0486,28.13686,False,43
359,6.0196,32.04513,False,43
361,6.0587,25.05184,False,43
363,35.0737,35.01856,False,43
364,35.13486,35.12714,False,43
365,3.02083,23.1219,False,43
366,5.12253,5.06852,False,43
367,35.06964,35.03174,False,43
370,6.10192,28.10522,False,43
371,6.14578,33.12356,False,43
372,6.14479,33.11831,False,43
373,6.07513,6.1155100000000004,False,43
374,1.01236,37.12347,False,43
375,5.02305,4.06977,False,43
376,6.10032,5.13918,False,43
377,6.10785,2.11056,False,43
378,33.08165,28.08636,False,43
379,28.0255,5.13199,False,43
380,34.11064,33.10449,False,43
381,6.13132,5.14651,False,43
383,5.08807,30.05287,False,43
384,6.11964,30.07315,False,43
385,2.1333,25.11187,False,43
386,1.02913,27.10157,False,43
387,1.12339,34.14512,False,43
388,2.04136,5.04206,False,43
389,2.00806,7.06427,False,43
390,3.0749,27.11646,False,43
391,2.05677,23.00085,False,43
394,5.08501,30.12385,False,43
395,35.13091,2.03811,False,43
396,35.09884,3.08828,False,43
397,35.11032,4.13104,False,43
398,35.11822,33.01035,False,43
403,6.04694,19.12369,False,43
404,35.02846,34.00048,False,43
405,35.11732,5.04305,False,43
406,4.09637,1.0,False,43
407,29.11639,28.02255,False,43
408,1.0,4.10124,True,43
412,10.10251,34.13107,False,43
413,20.06659,30.10358,False,43
414,10.0867,31.13261,False,43
415,30.11243,28.13026,False,43
416,33.03721,20.04786,False,43
417,6.12346,28.00568,False,43
418,35.08091,35.06837,False,43
419,33.14377,33.08544,False,43
420,33.14118,33.0384,False,43
421,33.1361,33.12503,False,43
422,6.13893,30.09323,False,43
423,6.05414,23.12877,False,43
425,5.09598,37.10338,False,43
426,6.07191,33.12367,False,43
427,6.06474,6.13931,False,43
428,33.06259,33.06076,False,43
429,33.06994,28.1459,False,43
1,6.06766,23.13402,False,44
3,4.12353,4.01513,False,44
5,6.02921,37.01184,False,44
6,5.07839,33.08917,False,44
7,4.08571,1.0,False,44
9,4.12617,5.1437,False,44
10,5.0362,4.06603,False,44
11,6.08443,1.0,False,44
13,6.10927,6.10069,False,44
17,6.0511800000000004,28.13921,False,44
18,6.0274,6.06096,False,44
19,1.0,33.10359,True,44
21,6.04964,18.09406,False,44
22,6.12124,6.12247,False,44
25,6.00418,19.05221,False,44
29,2.08086,5.11906,False,44
30,6.05897,6.09916,False,44
69,2.11715,24.09049,False,44
70,28.05608,23.07453,False,44
71,6.08959,28.09283,False,44
72,33.05834,33.00036,False,44
73,28.02606,28.02663,False,44
74,33.04027,37.097,False,44
75,34.09502,33.07929,False,44
76,6.08538,28.02153,False,44
77,18.14617,6.14227,False,44
78,6.0291,29.14491,False,44
79,6.10243,6.10225,False,44
82,6.03726,29.06989,False,44
83,3.14372,18.0886,False,44
84,33.01805,1.0,False,44
85,1.0,2.03115,True,44
86,1.0,29.02105,True,44
91,5.10149,5.10223,False,44
92,6.07926,28.11413,False,44
93,6.1255,23.10457,False,44
95,4.11274,5.05336,False,44
98,5.0535,30.00577,False,44
99,22.07,34.09592,False,44
100,6.12221,35.07515,False,44
101,5.09173,23.06545,False,44
103,6.11857,25.13617,False,44
104,6.00803,30.08399,False,44
106,3.08225,28.12413,False,44
107,4.04071,26.01911,False,44
109,6.10533,34.07566,False,44
110,6.05388,28.04666,False,44
111,3.09392,33.13266,False,44
112,3.01065,22.12379,False,44
113,5.0158,28.05159,False,44
114,2.0155,5.04209,False,44
115,6.0263,5.14022,False,44
116,3.09943,28.04205,False,44
117,4.07242,5.14135,False,44
118,2.07127,18.00309,False,44
120,2.06451,34.1275,False,44
121,3.05396,5.11024,False,44
122,1.07401,5.13863,False,44
123,2.09448,6.01547,False,44
124,4.02078,37.11323,False,44
125,35.07301,34.10659,False,44
126,35.09162,30.01891,False,44
127,6.11269,24.14494,False,44
128,4.04103,30.03733,False,44
129,6.09609,30.07645,False,44
130,35.08756,35.06486,False,44
131,4.13828,5.12548,False,44
133,3.00534,5.11333,False,44
134,4.00022,5.11419,False,44
135,4.0828,4.07726,False,44
136,4.02431,4.14595,False,44
137,4.06763,5.09792,False,44
139,5.11664,5.00252,False,44
140,4.00109,3.03347,False,44
141,6.00497,2.05677,False,44
142,3.03822,3.1278,False,44
143,1.00129,5.03948,False,44
144,4.08918,5.02137,False,44
145,30.02376,1.0,False,44
146,1.0,1.0,True,44
147,2.10529,1.0,False,44
148,1.0,1.0,True,44
149,1.0,18.10217,True,44
150,35.07592,1.0,False,44
151,1.0,1.07938,True,44
153,6.11168,6.07864,False,44
154,6.06019,23.11061,False,44
155,4.0654,23.10947,False,44
156,5.01003,28.0055,False,44
157,1.00442,5.01731,False,44
158,4.02158,18.07183,False,44
159,3.12192,23.10993,False,44
160,4.05645,23.08342,False,44
161,4.11044,18.05501,False,44
162,34.12337,29.13246,False,44
164,5.04253,37.10687,False,44
165,35.01875,6.0203,False,44
166,35.12,30.07287,False,44
167,6.08124,5.02357,False,44
168,35.04626,1.0,False,44
169,35.10552,30.00605,False,44
173,6.01058,29.04779,False,44
175,3.10367,3.11208,False,44
176,5.01627,5.07179,False,44
177,6.0853,30.13248,False,44
178,34.01326,35.01107,False,44
179,6.13719,34.07244,False,44
180,28.13688,28.1222,False,44
181,33.00476,35.02573,False,44
182,6.13172,10.02244,False,44
183,6.10475,35.01102,False,44
184,6.09474,37.05115,False,44
185,6.13076,28.05099,False,44
186,6.03313,37.07973,False,44
188,2.0649,30.09816,False,44
189,34.07603,34.06881,False,44
190,6.12585,23.08885,False,44
191,6.06011,30.14621,False,44
192,6.1012,25.00163,False,44
193,36.10219,35.12099,False,44
194,6.10677,25.0255,False,44
195,6.02571,28.01716,False,44
197,2.12482,29.08957,False,44
198,6.10454,25.09607,False,44
199,6.10374,30.04984,False,44
200,6.13144,6.03032,False,44
201,6.14539,5.1020199999999996,False,44
202,37.07921,37.05742,False,44
203,30.04925,30.08639,False,44
204,4.03306,30.14652,False,44
206,2.05042,30.11247,False,44
207,6.08924,28.09848,False,44
208,5.10847,5.1347,False,44
209,28.1005,28.07447,False,44
210,28.04969,28.14725,False,44
211,33.00495,28.04888,False,44
212,5.07311,4.14549,False,44
213,5.14666,13.05861,False,44
216,6.09581,28.13997,False,44
217,6.13184,29.023,False,44
218,6.11756,30.04483,False,44
219,6.11941,25.04258,False,44
222,5.11667,28.14427,False,44
225,33.12281,33.08712,False,44
226,6.10673,35.03618,False,44
227,34.09754,37.04106,False,44
229,33.09655,33.11161,False,44
230,33.00677,33.05356,False,44
233,5.1142,30.14506,False,44
234,33.00469,30.0859,False,44
235,33.05373,30.12282,False,44
236,4.09948,4.04597,False,44
237,6.03978,5.09532,False,44
242,4.12478,24.12133,False,44
243,6.12347,6.06341,False,44
251,34.14337,34.13164,False,44
252,6.08799,28.08569,False,44
253,4.03151,30.12378,False,44
254,1.11001,4.06175,False,44
255,3.10651,13.04781,False,44
256,2.10681,30.10607,False,44
257,4.14301,20.04757,False,44
258,1.05283,18.05471,False,44
259,33.10599,5.12483,False,44
260,5.03182,5.04549,False,44
262,1.09399,36.12797,False,44
263,3.0334,6.02541,False,44
264,6.0762,29.12814,False,44
265,5.13397,6.01763,False,44
270,33.03362,6.08874,False,44
271,6.11094,28.08915,False,44
272,6.04305,5.12895,False,44
273,6.04948,5.11169,False,44
274,6.01403,5.14282,False,44
275,33.01935,6.13715,False,44
280,3.05196,5.09506,False,44
289,5.14473,28.03639,False,44
290,6.1068999999999996,6.12021,False,44
291,6.13993,6.12881,False,44
292,5.02745,6.12747,False,44
293,15.07829,30.1086,False,44
294,10.03898,6.08774,False,44
295,25.00113,36.14303,False,44
296,20.09058,4.0236,False,44
297,6.01198,35.04551,False,44
298,1.0727,33.02747,False,44
299,6.07316,34.04916,False,44
300,4.09763,33.12182,False,44
301,4.10977,33.10274,False,44
302,5.06995,35.090090000000004,False,44
303,5.1451,33.07561,False,44
308,3.08506,31.1061,False,44
317,4.04643,22.0253,False,44
318,4.10177,36.04821,False,44
319,5.03406,30.11674,False,44
320,4.13311,27.1133,False,44
321,3.14012,34.08516,False,44
322,5.06552,18.05489,False,44
323,2.03516,17.04544,False,44
324,2.08077,23.10962,False,44
325,2.12897,25.07833,False,44
326,3.08841,28.01526,False,44
328,5.13316,25.05692,False,44
329,6.11774,31.14147,False,44
330,6.06065,30.12062,False,44
331,5.09821,20.12605,False,44
332,6.06809,20.14382,False,44
333,33.02011,30.07431,False,44
334,6.10204,6.08519,False,44
335,5.0731,30.05497,False,44
336,5.10547,30.09567,False,44
337,6.01245,25.05147,False,44
339,6.07224,28.12763,False,44
340,1.0,1.01392,True,44
341,1.0,25.02407,True,44
342,36.01823,5.08036,False,44
343,1.0,1.0,True,44
346,6.02737,27.06531,False,44
347,6.06899,33.09729,False,44
348,6.03651,27.02696,False,44
349,2.12346,25.10296,False,44
350,6.12885,29.02776,False,44
351,6.1295,25.04961,False,44
352,6.09289,34.13161,False,44
353,34.02791,37.03838,False,44
354,34.1306,34.0934,False,44
355,5.0133,23.14592,False,44
357,5.09122,29.13747,False,44
358,6.00039,28.06485,False,44
359,6.00837,32.02927,False,44
361,6.05971,25.09274,False,44
363,35.08939,35.0861,False,44
364,35.09361,35.03421,False,44
365,3.07688,23.05931,False,44
366,5.14238,5.10169,False,44
367,35.03378,35.03283,False,44
370,6.08493,28.11308,False,44
371,6.13528,33.09337,False,44
372,6.14616,33.06078,False,44
373,6.03366,6.13712,False,44
374,1.12053,37.04194,False,44
375,5.05392,23.11046,False,44
376,6.13361,5.05758,False,44
377,6.13282,2.03625,False,44
378,33.0613,28.05394,False,44
379,28.08523,5.0783,False,44
380,34.09061,33.01757,False,44
381,6.0225,5.07484,False,44
383,5.03134,30.10424,False,44
384,6.06622,30.11157,False,44
385,2.07325,25.12624,False,44
386,4.12143,27.09516,False,44
387,1.06572,34.10751,False,44
388,2.01038,5.09759,False,44
389,2.00833,7.11936,False,44
390,3.13165,27.01253,False,44
391,2.09104,23.05687,False,44
394,5.11829,30.01361,False,44
395,35.14397,2.06716,False,44
396,35.07283,3.09358,False,44
397,35.06366,4.13868,False,44
398,35.06281,33.10891,False,44
403,6.00529,19.13947,False,44
404,35.07577,34.0728,False,44
405,35.07939,5.09765,False,44
406,4.11618,1.0,False,44
407,29.09773,28.09492,False,44
408,1.0,4.0534,True,44
412,10.05405,34.11163,False,44
413,20.02321,25.04054,False,44
414,10.01371,31.03677,False,44
415,30.05704,28.00341,False,44
416,33.01281,20.09113,False,44
417,6.13091,28.03528,False,44
418,35.08356,35.05763,False,44
419,33.05178,33.02572,False,44
420,33.14345,33.04525,False,44
421,33.13033,33.12912,False,44
422,6.14013,30.14153,False,44
423,6.06806,23.11346,False,44
425,5.02724,5.02535,False,44
426,6.07699,33.08349,False,44
427,6.07825,6.12551,False,44
428,33.07595,33.14023,False,44
429,33.00255,28.02276,False,44
1,6.04819,23.07403,False,45
3,4.11205,4.0467,False,45
5,6.00432,37.10833,False,45
6,5.14304,33.01748,False,45
7,4.02152,1.0,False,45
9,4.07727,5.11782,False,45
10,4.11826,4.10609,False,45
11,6.04515,1.0,False,45
13,6.11869,6.10541,False,45
17,6.01443,28.00611,False,45
18,6.01488,6.01357,False,45
19,1.0,33.02109,True,45
21,6.0591,29.05603,False,45
22,6.11839,6.12987,False,45
25,6.01482,19.13516,False,45
29,4.08253,5.09817,False,45
30,6.07391,6.13648,False,45
69,2.02203,24.07682,False,45
70,28.12265,23.11194,False,45
71,6.05421,28.12306,False,45
72,33.05451,33.03661,False,45
73,28.01886,28.0736,False,45
74,33.03454,37.05046,False,45
75,34.02496,33.14068,False,45
76,6.11915,6.11501,False,45
77,18.0728,6.12613,False,45
78,6.04728,29.04702,False,45
79,6.12189,6.11761,False,45
82,6.12173,29.13422,False,45
83,3.03598,18.07623,False,45
84,33.10193,1.0,False,45
85,1.0,2.06012,True,45
86,1.0,29.05865,True,45
91,5.05827,5.13929,False,45
92,6.0808,6.07316,False,45
93,6.11319,23.09633,False,45
95,4.02678,5.06466,False,45
98,5.14452,30.12979,False,45
99,22.10953,34.13216,False,45
100,6.11025,35.05158,False,45
101,5.02395,23.1258,False,45
103,6.129,25.0956,False,45
104,6.0043,30.09301,False,45
106,3.1014,28.0397,False,45
107,4.09171,26.07895,False,45
109,6.14002,34.06656,False,45
110,6.07821,28.07781,False,45
111,3.0437,33.02899,False,45
112,3.09381,22.09059,False,45
113,5.02852,28.11512,False,45
114,2.08481,5.07489,False,45
115,6.00979,5.11141,False,45
116,3.12235,28.10562,False,45
117,4.01808,5.12079,False,45
118,2.10926,18.11362,False,45
120,2.09091,34.1033,False,45
121,3.02788,5.10194,False,45
122,2.02624,5.14507,False,45
123,2.07786,6.04722,False,45
124,2.10678,37.07361,False,45
125,35.11867,34.02962,False,45
126,35.1031,30.10428,False,45
127,6.12789,24.01015,False,45
128,6.00051,30.03884,False,45
129,6.109,30.02939,False,45
130,35.11778,35.10937,False,45
131,4.09413,5.05338,False,45
133,3.02832,5.10133,False,45
134,4.00282,4.05672,False,45
135,2.08143,4.08967,False,45
136,4.04467,4.11585,False,45
137,4.01416,5.03765,False,45
139,5.1047,5.00483,False,45
140,4.01577,3.02721,False,45
141,6.09208,2.02916,False,45
142,3.09872,3.09449,False,45
143,1.1091199999999999,5.08983,False,45
144,31.07205,5.13613,False,45
145,30.04511,1.0,False,45
146,1.0,1.0,True,45
147,2.04098,1.0,False,45
148,1.0,1.0,True,45
149,1.0,18.08694,True,45
150,35.13579,1.0,False,45
151,1.0,1.06804,True,45
153,6.07948,6.078,False,45
154,6.06915,28.09007,False,45
155,4.1418,37.08252,False,45
156,6.00938,5.11754,False,45
157,1.13202,5.08902,False,45
158,4.06214,18.04463,False,45
159,1.13504,23.04545,False,45
160,4.09699,23.01021,False,45
161,4.0799,18.07515,False,45
162,34.0651,29.04689,False,45
164,5.10956,37.02057,False,45
165,35.01718,6.01294,False,45
166,35.09286,30.1041,False,45
167,6.07862,5.01708,False,45
168,35.00221,1.0,False,45
169,35.00788,30.05089,False,45
173,6.01252,28.03145,False,45
175,3.0379,3.13912,False,45
176,5.07909,5.01982,False,45
177,6.12701,30.0787,False,45
178,34.01373,35.0036,False,45
179,6.13359,34.1075,False,45
180,28.14568,28.12556,False,45
181,33.03092,35.03524,False,45
182,6.1194,10.0357,False,45
183,6.0505,35.06046,False,45
184,6.12542,37.02239,False,45
185,6.14116,28.0562,False,45
186,6.03003,37.12652,False,45
188,1.11525,30.14401,False,45
189,34.14449,34.08674,False,45
190,6.14494,23.08814,False,45
191,6.08485,30.08038,False,45
192,6.09462,25.02977,False,45
193,36.08059,35.01338,False,45
194,6.05988,25.03731,False,45
195,6.12671,28.04978,False,45
197,2.03244,29.1101,False,45
198,6.05306,25.12406,False,45
199,23.13674,29.0093,False,45
200,6.1063,6.07772,False,45
201,6.01496,5.11828,False,45
202,37.05353,37.04954,False,45
203,30.10785,30.11068,False,45
204,6.13065,30.02517,False,45
206,2.0586,30.09995,False,45
207,6.11415,28.0444,False,45
208,5.00422,5.1276,False,45
209,28.11609,28.00887,False,45
210,28.09102,28.11114,False,45
211,33.04513,28.06676,False,45
212,5.06625,4.14559,False,45
213,5.11382,13.09813,False,45
216,6.09591,28.07457,False,45
217,6.13448,29.02775,False,45
218,6.05769,30.07734,False,45
219,6.14086,25.11371,False,45
222,5.1424900000000004,28.10484,False,45
225,33.11434,33.09965,False,45
226,6.08518,35.13867,False,45
227,34.02319,37.02684,False,45
229,33.06966,33.08421,False,45
230,33.07274,33.13254,False,45
233,5.00215,30.08583,False,45
234,33.06016,30.01541,False,45
235,33.03387,30.09329,False,45
236,4.02752,4.11161,False,45
237,6.09001,5.14148,False,45
242,4.13472,24.09927,False,45
243,6.09383,6.03325,False,45
251,34.08812,34.07527,False,45
252,6.12871,28.05823,False,45
253,4.0073,30.09083,False,45
254,1.12708,4.00107,False,45
255,3.09233,13.05964,False,45
256,2.12287,30.01788,False,45
257,4.13924,20.0053,False,45
258,5.06666,18.09024,False,45
259,33.08093,5.09678,False,45
260,5.1338,5.13408,False,45
262,1.09912,36.09227,False,45
263,3.12499,6.01266,False,45
264,6.12024,29.03169,False,45
265,5.14738,6.08322,False,45
270,33.07932,6.12192,False,45
271,6.0252,28.10729,False,45
272,6.08456,5.07368,False,45
273,6.00729,5.10993,False,45
274,6.07312,5.11026,False,45
275,33.07263,6.01045,False,45
280,3.08632,5.14644,False,45
289,5.14655,29.14533,False,45
290,6.10415,6.1264,False,45
291,6.14451,6.13293,False,45
292,5.07574,6.14221,False,45
293,15.10247,30.08076,False,45
294,10.01887,6.11271,False,45
295,25.00013,36.11957,False,45
296,20.07998,4.11748,False,45
297,6.0496,35.05295,False,45
298,1.02973,33.12951,False,45
299,6.02482,34.06255,False,45
300,4.12891,33.09088,False,45
301,4.12134,33.0671,False,45
302,6.07396,35.00457,False,45
303,5.08915,33.10608,False,45
308,3.14553,31.12261,False,45
317,3.07143,22.03827,False,45
318,4.139,36.01922,False,45
319,5.14438,30.09372,False,45
320,4.01633,27.10964,False,45
321,3.10814,34.04805,False,45
322,5.11327,18.01986,False,45
323,2.07077,17.13238,False,45
324,1.1413,23.05068,False,45
325,4.0475,25.0906,False,45
326,3.09207,28.00943,False,45
328,5.13497,25.02648,False,45
329,6.10337,31.09561,False,45
330,6.0254,28.01574,False,45
331,5.04747,20.1198,False,45
332,5.12089,30.10173,False,45
333,33.03722,30.11715,False,45
334,6.06766,6.02734,False,45
335,5.02776,30.09677,False,45
336,5.05109,30.09191,False,45
337,6.07871,25.08827,False,45
339,5.02552,28.10869,False,45
340,1.0,1.13135,True,45
341,1.0,25.05779,True,45
342,36.05648,5.13595,False,45
343,1.0,1.0,True,45
346,6.03716,27.13806,False,45
347,6.08424,33.01876,False,45
348,6.03537,27.02838,False,45
349,2.01131,25.02866,False,45
350,6.13836,29.10766,False,45
351,6.14155,25.00028,False,45
352,6.07703,34.00839,False,45
353,34.09655,37.06712,False,45
354,34.08493,34.05612,False,45
355,5.01424,23.02308,False,45
357,5.05911,29.02533,False,45
358,6.00596,28.12901,False,45
359,6.00131,32.00831,False,45
361,6.04832,25.05301,False,45
363,35.08196,35.06204,False,45
364,35.11343,35.09724,False,45
365,3.06803,23.09903,False,45
366,5.11129,5.09257,False,45
367,35.02373,35.01927,False,45
370,6.07896,28.11405,False,45
371,6.13698,33.13035,False,45
372,6.13568,33.00967,False,45
373,6.05619,6.13882,False,45
374,1.11643,37.0733,False,45
375,5.09878,23.09937,False,45
376,6.11554,5.10933,False,45
377,2.0684,1.0,False,45
378,33.11154,28.05265,False,45
379,28.02611,5.06659,False,45
380,34.01475,33.1388,False,45
381,6.12223,5.12778,False,45
383,5.0512,30.05659,False,45
384,6.05034,30.09309,False,45
385,3.06183,25.12801,False,45
386,4.13646,27.00538,False,45
387,2.02429,34.04803,False,45
388,2.0008,5.12884,False,45
389,2.0548,7.04784,False,45
390,3.07916,27.02362,False,45
391,2.06572,23.07837,False,45
394,5.04639,30.0659,False,45
395,35.07926,2.11523,False,45
396,35.02343,3.02293,False,45
397,35.01902,4.03853,False,45
398,35.08627,33.14118,False,45
403,6.01324,19.06541,False,45
404,35.03042,34.06999,False,45
405,35.11741,5.07348,False,45
406,6.03582,4.13367,False,45
407,29.12922,28.1147,False,45
408,1.0,4.09472,True,45
412,10.02736,34.04797,False,45
413,15.04939,25.07029,False,45
414,10.11316,31.04412,False,45
415,30.0076,28.06662,False,45
416,33.00952,20.03686,False,45
417,6.09331,28.10601,False,45
418,35.08336,35.06028,False,45
419,33.093,33.00622,False,45
420,33.01456,33.01019,False,45
421,33.09646,33.02185,False,45
422,30.00445,28.11544,False,45
423,6.04448,23.12191,False,45
425,6.06186,37.1081,False,45
426,6.053,33.07296,False,45
427,6.10028,6.13127,False,45
428,33.06969,33.05583,False,45
429,33.105,28.00697,False,45
1,6.06588,23.00798,False,46
3,4.11603,4.04618,False,46
5,6.01154,37.04077,False,46
6,5.11361,33.12448,False,46
7,4.08622,1.0,False,46
9,5.04499,5.14228,False,46
10,4.10139,4.08598,False,46
11,6.06474,1.0,False,46
13,6.13689,6.12501,False,46
17,6.03259,28.10085,False,46
18,6.02733,6.03585,False,46
19,1.0,33.00826,True,46
21,6.05461,18.00479,False,46
22,6.0876,6.08805,False,46
25,6.01668,19.06058,False,46
29,2.0838200000000002,5.14294,False,46
30,6.02487,6.10779,False,46
69,2.09217,24.13663,False,46
70,28.0647,23.00065,False,46
71,6.03361,6.03266,False,46
72,33.04357,33.03756,False,46
73,28.00995,28.00183,False,46
74,33.0434,33.02551,False,46
75,34.05112,33.12606,False,46
76,6.11029,28.09824,False,46
77,18.09086,6.12437,False,46
78,6.02132,23.12608,False,46
79,6.08982,6.08235,False,46
82,6.03583,29.02493,False,46
83,3.12173,18.00689,False,46
84,33.00256,1.0,False,46
85,1.0,2.01743,True,46
86,1.0,29.07295,True,46
91,5.05135,5.09784,False,46
92,6.07479,28.00774,False,46
93,6.11915,23.11211,False,46
95,4.10934,5.10961,False,46
98,5.02372,30.04111,False,46
99,22.05428,34.07711,False,46
100,6.12633,35.00344,False,46
101,3.0311,23.1171,False,46
103,6.11681,25.11427,False,46
104,6.03764,30.06875,False,46
106,3.05322,28.08514,False,46
107,4.0719899999999996,26.13426,False,46
109,6.11145,34.04845,False,46
110,6.08227,28.08578,False,46
111,5.02607,33.0281,False,46
112,3.11262,22.10705,False,46
113,5.08521,28.11805,False,46
114,2.10049,5.0781,False,46
115,6.00795,5.12622,False,46
116,3.10548,28.1368,False,46
117,4.05567,5.07123,False,46
118,2.03937,18.11457,False,46
120,2.10916,34.11705,False,46
121,3.08613,5.12963,False,46
122,1.04164,5.14176,False,46
123,2.07554,6.05637,False,46
124,2.11754,37.08883,False,46
125,35.09673,34.0943,False,46
126,35.10156,30.08519,False,46
127,6.13174,24.02591,False,46
128,6.01292,30.08742,False,46
129,6.12757,30.13079,False,46
130,35.13534,35.08926,False,46
131,4.08081,5.09681,False,46
133,3.01165,5.14733,False,46
134,4.04917,5.06025,False,46
135,2.07498,4.09205,False,46
136,4.00285,4.11928,False,46
137,4.04043,5.00216,False,46
139,5.13072,5.11798,False,46
140,4.09299,3.05221,False,46
141,6.07981,2.06458,False,46
142,3.01894,3.04932,False,46
143,1.01146,5.04353,False,46
144,4.06944,5.01226,False,46
145,30.13081,1.0,False,46
146,1.0,1.0,True,46
147,2.13884,1.0,False,46
148,1.0,1.0,True,46
149,1.0,18.13496,True,46
150,35.043,1.0,False,46
151,1.0,1.04283,True,46
153,6.1201,6.10709,False,46
154,6.06835,23.07973,False,46
155,5.00678,5.06606,False,46
156,5.04035,28.05226,False,46
157,1.03873,5.07103,False,46
158,4.06311,18.05531,False,46
159,3.02105,23.09819,False,46
160,4.10063,23.05364,False,46
161,4.0397,18.1074,False,46
162,34.14715,29.11067,False,46
164,5.02035,37.07913,False,46
165,35.04376,6.00284,False,46
166,35.10469,30.05045,False,46
167,6.12681,5.05025,False,46
168,35.08463,1.0,False,46
169,35.10296,30.11755,False,46
173,6.01832,29.10838,False,46
175,3.08958,4.06629,False,46
176,5.01167,5.04582,False,46
177,6.10363,30.1197,False,46
178,34.00962,35.04335,False,46
179,6.14219,34.04265,False,46
180,28.14174,28.0551,False,46
181,33.04641,35.05762,False,46
182,6.14518,10.0847,False,46
183,6.06794,35.08163,False,46
184,6.10549,37.01876,False,46
185,6.14658,28.05949,False,46
186,6.03812,37.00013,False,46
188,1.03448,30.10337,False,46
189,34.10274,34.0938,False,46
190,6.13812,23.01798,False,46
191,6.03057,30.11634,False,46
192,6.09238,25.13772,False,46
193,36.01029,35.00869,False,46
194,6.13779,25.02706,False,46
195,6.14213,28.12212,False,46
197,1.02895,30.09732,False,46
198,6.0498,25.06143,False,46
199,6.12037,30.11345,False,46
200,6.11181,6.10418,False,46
201,6.13437,5.08563,False,46
202,37.04508,37.04386,False,46
203,30.04367,30.0635,False,46
204,6.14443,30.07569,False,46
206,2.12135,30.04766,False,46
207,6.10305,28.04984,False,46
208,5.08782,5.12204,False,46
209,28.01282,28.05044,False,46
210,28.12459,28.1202,False,46
211,33.00088,28.05873,False,46
212,5.10941,4.07533,False,46
213,5.07599,13.11823,False,46
216,6.08774,28.10614,False,46
217,6.14063,29.07831,False,46
218,6.0784,30.14288,False,46
219,6.12206,25.13256,False,46
222,5.13221,28.14341,False,46
225,33.13995,33.10414,False,46
226,6.09668,35.0294,False,46
227,34.10907,37.12985,False,46
229,33.09796,33.09373,False,46
230,33.03176,33.03056,False,46
233,6.00923,30.14606,False,46
234,33.01519,30.01948,False,46
235,33.03127,30.01447,False,46
236,4.13738,4.03852,False,46
237,6.01707,5.10564,False,46
242,4.14229,24.09475,False,46
243,6.10338,6.02925,False,46
251,34.09567,34.07749,False,46
252,6.11708,28.10117,False,46
253,4.04036,30.0189,False,46
254,1.12403,4.1303,False,46
255,3.03606,13.06334,False,46
256,2.11776,30.03556,False,46
257,4.10806,20.09831,False,46
258,1.03004,18.12731,False,46
259,33.11719,5.06568,False,46
260,5.0706,5.11178,False,46
262,1.0114,36.12617,False,46
263,3.09406,6.02333,False,46
264,6.07068,29.09486,False,46
265,5.14183,6.10984,False,46
270,33.07032,6.13595,False,46
271,6.07516,28.05826,False,46
272,6.01421,5.1109,False,46
273,6.00042,5.12423,False,46
274,6.09825,5.08699,False,46
275,33.11306,6.03168,False,46
280,3.12041,5.03405,False,46
289,5.13673,29.07503,False,46
290,6.097,6.11543,False,46
291,6.14489,6.14243,False,46
292,5.1341,6.08056,False,46
293,15.10399,30.10257,False,46
294,10.02684,6.09844,False,46
295,25.00006,36.1011,False,46
296,20.1139,4.11471,False,46
297,6.01672,35.05132,False,46
298,2.13233,33.13024,False,46
299,6.04655,34.11022,False,46
300,4.04218,33.0934,False,46
301,4.0667,33.11536,False,46
302,5.05375,35.11759,False,46
303,33.01032,33.11111,False,46
308,3.016,31.14284,False,46
317,4.04082,22.13045,False,46
318,6.04736,36.08795,False,46
319,5.12836,30.09355,False,46
320,4.0021,27.01351,False,46
321,3.07467,34.12965,False,46
322,5.09527,18.12172,False,46
323,2.05282,17.14245,False,46
324,2.13708,23.11473,False,46
325,2.04811,25.11333,False,46
326,3.03682,28.09106,False,46
328,5.12751,25.14355,False,46
329,6.12413,31.1024,False,46
330,6.0555,30.09487,False,46
331,5.06353,20.09014,False,46
332,5.14257,30.05996,False,46
333,33.01809,30.01896,False,46
334,6.12761,6.07725,False,46
335,5.08692,30.11226,False,46
336,5.0791,30.09157,False,46
337,6.03232,25.07995,False,46
339,5.07254,28.05006,False,46
340,1.0,1.01238,True,46
341,1.0,25.00807,True,46
342,36.11421,5.09748,False,46
343,1.0,1.0,True,46
346,6.03803,27.08152,False,46
347,6.08351,33.02914,False,46
348,6.04456,27.12743,False,46
349,2.13622,25.06445,False,46
350,28.04746,29.06618,False,46
351,6.11865,25.00244,False,46
352,6.10859,34.09327,False,46
353,34.04592,37.08105,False,46
354,34.11379,34.0634,False,46
355,4.01819,23.12272,False,46
357,5.07587,29.10497,False,46
358,6.02887,28.1276,False,46
359,6.04186,32.06411,False,46
361,6.05645,25.01131,False,46
363,35.09081,35.07365,False,46
364,35.09513,35.05944,False,46
365,3.00709,23.07914,False,46
366,5.09099,5.11578,False,46
367,35.0358,35.01663,False,46
370,6.09195,28.13756,False,46
371,6.11734,33.09201,False,46
372,6.14304,33.04603,False,46
373,6.05976,6.11137,False,46
374,1.06302,37.11549,False,46
375,5.10415,23.09371,False,46
376,6.09325,5.01517,False,46
377,6.04568,2.10702,False,46
378,33.08244,28.08263,False,46
379,28.00895,5.13201,False,46
380,34.13432,33.07707,False,46
381,6.09094,5.04698,False,46
383,5.11121,28.10516,False,46
384,6.13874,28.04633,False,46
385,1.10446,25.14253,False,46
386,1.0162,27.0914,False,46
387,1.0875,34.08634,False,46
388,2.03269,5.09632,False,46
389,2.12027,7.02111,False,46
390,3.0637,27.02155,False,46
391,4.05439,23.00715,False,46
394,5.08223,30.03648,False,46
395,35.05253,2.10918,False,46
396,35.10981,3.04931,False,46
397,35.13735,4.03458,False,46
398,35.11506,33.1119,False,46
403,6.0091,19.14507,False,46
404,35.05933,34.05516,False,46
405,35.06741,5.10387,False,46
406,4.14128,1.0,False,46
407,29.1098,28.01394,False,46
408,1.0,4.00675,True,46
412,10.04597,34.06573,False,46
413,20.07748,15.13938,False,46
414,10.09274,31.11172,False,46
415,30.00685,28.01933,False,46
416,33.07977,20.12361,False,46
417,6.14072,23.11621,False,46
418,35.05218,35.0488,False,46
419,33.1386,33.00085,False,46
420,33.08354,33.04356,False,46
421,33.12675,33.08905,False,46
422,28.08024,30.02601,False,46
423,6.11462,23.07456,False,46
425,6.02438,37.11995,False,46
426,6.05548,33.14726,False,46
427,6.12138,6.13645,False,46
428,33.11874,33.09919,False,46
429,33.00955,28.12046,False,46
1,6.08752,23.10203,False,47
3,4.12724,4.01416,False,47
5,6.00883,37.01406,False,47
6,5.09234,33.00204,False,47
7,4.04001,1.0,False,47
9,4.11944,5.12523,False,47
10,4.06516,4.00064,False,47
11,6.00606,1.0,False,47
13,6.05708,6.06008,False,47
17,6.02523,28.01919,False,47
18,6.0425699999999996,6.03827,False,47
19,1.0,33.12068,True,47
21,6.06878,18.08427,False,47
22,6.12746,6.12236,False,47
25,6.01435,19.04402,False,47
29,4.01206,5.12817,False,47
30,6.09605,6.11654,False,47
69,2.0521,24.03612,False,47
70,28.00363,23.1143,False,47
71,6.05982,28.00208,False,47
72,33.00379,33.00302,False,47
73,28.03619,28.06503,False,47
74,33.10996,33.10725,False,47
75,34.03675,33.14584,False,47
76,6.13862,28.00795,False,47
77,18.09008,6.14018,False,47
78,6.03834,23.04836,False,47
79,6.11167,6.10356,False,47
82,6.11072,29.08109,False,47
83,3.04147,18.03209,False,47
84,33.13397,1.0,False,47
85,2.08837,1.0,False,47
86,1.0,29.02815,True,47
91,5.06505,5.1394400000000005,False,47
92,6.06034,6.05641,False,47
93,6.09844,23.06424,False,47
95,4.09006,5.06061,False,47
98,5.06914,30.05128,False,47
99,22.00643,34.12735,False,47
100,6.07392,35.01535,False,47
101,3.11423,23.10574,False,47
103,6.10322,25.06714,False,47
104,6.01251,30.01735,False,47
106,3.06609,28.05333,False,47
107,4.02789,26.14669,False,47
109,6.11419,34.11469,False,47
110,6.07247,28.1437,False,47
111,3.12822,33.12872,False,47
112,4.10016,22.09186,False,47
113,5.08793,28.13328,False,47
114,2.05838,5.0891,False,47
115,6.01555,5.14292,False,47
116,3.03094,28.13897,False,47
117,3.04619,5.05636,False,47
118,2.02252,18.05109,False,47
120,2.10058,34.07968,False,47
121,3.0028,5.08144,False,47
122,1.01784,5.13773,False,47
123,2.0257,6.05798,False,47
124,2.08483,37.12385,False,47
125,35.00181,34.08566,False,47
126,35.00725,30.03197,False,47
127,6.04883,24.02964,False,47
128,6.04181,30.03318,False,47
129,6.12511,30.06633,False,47
130,35.09465,35.0918,False,47
131,4.01834,5.11835,False,47
133,3.05187,5.12635,False,47
134,4.02003,5.12997,False,47
135,2.05027,4.13407,False,47
136,4.05902,4.14357,False,47
137,4.09848,5.01757,False,47
139,5.12955,5.13622,False,47
140,4.07721,3.00344,False,47
141,6.13988,2.01475,False,47
142,3.11275,3.10548,False,47
143,1.06443,5.08815,False,47
144,4.11782,5.14626,False,47
145,30.06945,1.0,False,47
146,1.0,1.0,True,47
147,2.0055,1.0,False,47
148,1.0,1.0,True,47
149,1.0,18.11254,True,47
150,35.09127,1.0,False,47
151,1.0,1.00975,True,47
153,6.12655,6.10194,False,47
154,6.04636,28.00487,False,47
155,4.12806,23.1036,False,47
156,5.05504,28.11588,False,47
157,2.08441,5.13545,False,47
158,4.05345,18.10961,False,47
159,1.0293,23.05343,False,47
160,4.05736,23.12094,False,47
161,4.10343,18.13932,False,47
162,34.1066,29.13508,False,47
164,5.02271,37.14621,False,47
165,35.08695,6.13755,False,47
166,35.00884,30.11421,False,47
167,6.00945,5.08924,False,47
168,35.00809,1.0,False,47
169,35.13815,30.14079,False,47
173,6.01127,28.11151,False,47
175,3.12207,3.0209799999999998,False,47
176,5.09693,5.06098,False,47
177,6.0931,30.07957,False,47
178,34.00868,35.01654,False,47
179,6.14578,34.01873,False,47
180,28.1414,28.1107,False,47
181,33.0472,35.02811,False,47
182,6.13928,10.06563,False,47
183,6.09571,35.04126,False,47
184,6.06851,37.03723,False,47
185,6.12505,28.11775,False,47
186,6.08468,37.04722,False,47
188,1.11521,30.13933,False,47
189,34.13846,34.04924,False,47
190,6.12889,23.10477,False,47
191,6.04371,30.11041,False,47
192,6.08543,25.01876,False,47
193,36.11892,35.08563,False,47
194,6.07916,25.019,False,47
195,6.03778,28.1208,False,47
197,2.0191,30.12555,False,47
198,6.08582,25.08827,False,47
199,6.07642,30.09996,False,47
200,6.10339,6.05122,False,47
201,6.02088,5.12483,False,47
202,37.06244,37.04362,False,47
203,30.03782,30.14239,False,47
204,4.08611,30.10148,False,47
206,2.06627,30.04586,False,47
207,6.11298,28.13543,False,47
208,5.0948,5.1351700000000005,False,47
209,28.05661,28.03727,False,47
210,28.12674,28.0682,False,47
211,33.01054,28.12177,False,47
212,5.0789,4.13922,False,47
213,5.10638,13.05178,False,47
216,6.10437,28.14253,False,47
217,6.14381,29.08136,False,47
218,6.02827,30.08403,False,47
219,6.11853,25.07881,False,47
222,5.14393,28.08275,False,47
225,33.0718,33.06326,False,47
226,6.07943,35.12687,False,47
227,34.06594,37.05473,False,47
229,33.11258,33.10953,False,47
230,33.07602,33.06055,False,47
233,6.04833,30.1307,False,47
234,33.02795,30.0141,False,47
235,33.05811,30.01256,False,47
236,4.01697,4.07829,False,47
237,6.04031,5.11173,False,47
242,4.07984,24.14191,False,47
243,6.03101,6.00712,False,47
251,34.08321,34.08098,False,47
252,6.06114,28.11609,False,47
253,4.13675,30.08182,False,47
254,1.02244,4.05455,False,47
255,3.10591,13.1147,False,47
256,2.0127,30.01265,False,47
257,4.02785,20.0401,False,47
258,5.02442,18.11291,False,47
259,33.0797,5.13123,False,47
260,5.11999,5.14406,False,47
262,1.03117,36.09659,False,47
263,3.04477,6.05594,False,47
264,6.13792,29.02734,False,47
265,5.05339,6.03387,False,47
270,33.0998,6.04355,False,47
271,6.04396,28.08608,False,47
272,6.02057,5.14565,False,47
273,6.00645,5.12334,False,47
274,6.05653,5.14102,False,47
275,33.03331,6.11819,False,47
280,3.09634,5.14057,False,47
289,5.13573,28.04736,False,47
290,6.07093,6.13291,False,47
291,6.14217,6.13741,False,47
292,5.0771,6.06097,False,47
293,15.0786,30.13726,False,47
294,10.09355,10.08724,False,47
295,25.06015,36.01415,False,47
296,20.04385,4.13285,False,47
297,6.00401,35.07646,False,47
298,1.07738,33.10684,False,47
299,6.0603,34.06243,False,47
300,4.13525,33.10272,False,47
301,4.0973,33.1351,False,47
302,6.09128,35.02197,False,47
303,5.01782,33.01021,False,47
308,5.0358,31.12275,False,47
317,4.01182,22.14377,False,47
318,5.0202,36.14518,False,47
319,5.13434,30.14048,False,47
320,4.09224,27.02971,False,47
321,4.00218,34.0628,False,47
322,5.00744,18.05084,False,47
323,3.08913,17.12852,False,47
324,1.03794,23.02188,False,47
325,4.09627,25.08173,False,47
326,3.07711,18.06641,False,47
328,5.1079,25.09653,False,47
329,6.12556,31.00722,False,47
330,6.0544,28.05257,False,47
331,5.02199,20.09278,False,47
332,6.11824,20.09076,False,47
333,33.01038,30.07504,False,47
334,6.12538,6.1465,False,47
335,5.0527,30.11963,False,47
336,5.05643,30.09276,False,47
337,6.0479,25.11126,False,47
339,5.11924,28.01716,False,47
340,1.0,1.0195,True,47
341,1.0,25.10828,True,47
342,36.08769,5.03508,False,47
343,1.0,1.0,True,47
346,6.07493,27.08062,False,47
347,6.11243,33.04813,False,47
348,6.07809,27.00597,False,47
349,2.1117,25.00153,False,47
350,6.13666,29.08963,False,47
351,6.12992,25.03147,False,47
352,6.12349,34.01081,False,47
353,34.04691,37.03065,False,47
354,34.09133,34.0532,False,47
355,5.01977,23.06643,False,47
357,5.09868,28.03316,False,47
358,6.03424,28.04507,False,47
359,6.04035,32.02724,False,47
361,6.05243,25.1438,False,47
363,35.09825,35.08229,False,47
364,35.06517,35.05448,False,47
365,3.10603,23.02224,False,47
366,5.06653,5.05613,False,47
367,35.06647,35.01581,False,47
370,6.0904,28.11977,False,47
371,6.14226,33.05518,False,47
372,6.13654,33.02679,False,47
373,6.05439,6.0897,False,47
374,1.12756,37.01495,False,47
375,5.02575,4.04642,False,47
376,6.09087,5.05435,False,47
377,2.07458,1.0,False,47
378,33.03862,28.05735,False,47
379,28.10468,5.09034,False,47
380,34.06263,33.0722,False,47
381,6.14265,5.14278,False,47
383,5.03706,30.02222,False,47
384,6.13348,30.08844,False,47
385,2.00196,25.14729,False,47
386,1.09765,27.03206,False,47
387,1.03026,34.0063,False,47
388,2.1159499999999998,5.01277,False,47
389,2.03729,7.08421,False,47
390,3.01734,27.05805,False,47
391,4.02004,23.02839,False,47
394,5.09438,30.09923,False,47
395,35.07864,2.13796,False,47
396,35.07634,3.06603,False,47
397,35.06361,4.06547,False,47
398,35.04863,33.13293,False,47
403,6.12757,19.09939,False,47
404,35.01645,34.03274,False,47
405,35.04637,5.1112400000000004,False,47
406,6.08111,4.02162,False,47
407,29.07092,28.11113,False,47
408,1.0,4.00037,True,47
412,10.062,34.11992,False,47
413,20.00131,30.01549,False,47
414,10.13927,31.06912,False,47
415,30.13977,28.01937,False,47
416,33.09766,20.10479,False,47
417,6.12286,28.08778,False,47
418,35.11457,35.02671,False,47
419,33.08243,33.06,False,47
420,33.11939,33.02289,False,47
421,33.13453,33.06637,False,47
422,28.04112,30.08444,False,47
423,6.0497,23.0738,False,47
425,6.06475,37.11668,False,47
426,6.05131,33.13195,False,47
427,6.11695,6.13023,False,47
428,33.1305,33.12712,False,47
429,33.14412,28.05365,False,47
1,6.09043,23.02018,False,48
3,4.04055,4.01003,False,48
5,6.05894,37.04847,False,48
6,5.03304,33.13099,False,48
7,4.00756,1.0,False,48
9,5.01841,5.03857,False,48
10,5.08383,4.11349,False,48
11,6.00895,1.0,False,48
13,6.11904,6.09879,False,48
17,6.01404,28.01006,False,48
18,6.03825,6.05164,False,48
19,1.0,33.02244,True,48
21,6.06744,18.02127,False,48
22,6.13117,6.14697,False,48
25,6.01367,19.1237,False,48
29,3.04923,5.14008,False,48
30,6.07803,6.13221,False,48
69,2.00274,24.13556,False,48
70,28.08651,23.05002,False,48
71,6.07634,28.11083,False,48
72,33.0319,33.01095,False,48
73,28.0462,28.06541,False,48
74,33.05535,37.01397,False,48
75,34.06863,33.14358,False,48
76,6.12585,28.08434,False,48
77,18.14262,6.03512,False,48
78,6.03932,23.04261,False,48
79,6.11818,6.11491,False,48
82,6.02707,29.04442,False,48
83,3.01156,18.13746,False,48
84,33.13658,1.0,False,48
85,2.06423,1.0,False,48
86,1.0,29.10904,True,48
91,5.06298,5.13416,False,48
92,6.0847,28.01332,False,48
93,6.12692,23.14035,False,48
95,3.1159499999999998,5.12661,False,48
98,5.04779,30.12,False,48
99,22.07014,34.12094,False,48
100,6.08473,35.02094,False,48
101,5.08605,23.14637,False,48
103,6.14565,25.0098,False,48
104,6.09886,30.0701,False,48
106,3.14181,28.06127,False,48
107,4.08933,26.11488,False,48
109,6.10594,34.0329,False,48
110,6.09332,28.02532,False,48
111,3.12982,33.05366,False,48
112,3.10515,22.12616,False,48
113,5.10244,28.06965,False,48
114,2.10011,5.14177,False,48
115,6.00071,5.14445,False,48
116,3.13671,28.12792,False,48
117,4.13378,5.13326,False,48
118,2.02448,18.09203,False,48
120,2.09269,34.07823,False,48
121,3.04712,5.14571,False,48
122,2.03929,5.14451,False,48
123,2.13936,6.03591,False,48
124,2.13304,37.00261,False,48
125,35.00137,34.10078,False,48
126,35.03351,30.03699,False,48
127,6.13654,24.06265,False,48
128,6.06142,30.08694,False,48
129,6.11708,30.00318,False,48
130,35.14441,35.12656,False,48
131,4.00842,5.07285,False,48
133,3.03961,5.14253,False,48
134,4.02533,5.11643,False,48
135,4.10404,4.0961,False,48
136,4.0077,4.1059,False,48
137,4.10145,5.13076,False,48
139,5.02508,5.05091,False,48
140,4.00884,3.07124,False,48
141,6.04467,2.13923,False,48
142,3.04792,3.13332,False,48
143,1.01188,5.10734,False,48
144,4.0564,5.09129,False,48
145,30.00042,1.0,False,48
146,1.0,1.0,True,48
147,2.07587,1.0,False,48
148,1.0,1.0,True,48
149,1.0,18.14113,True,48
150,35.07097,1.0,False,48
151,1.0,1.11914,True,48
153,6.11425,6.10578,False,48
154,6.05514,23.04526,False,48
155,4.05127,37.09915,False,48
156,5.02021,28.03788,False,48
157,1.1232,5.11732,False,48
158,4.08394,18.137,False,48
159,3.01871,23.03352,False,48
160,4.09073,23.06696,False,48
161,4.08457,18.05879,False,48
162,34.08414,29.07734,False,48
164,5.0786,37.06208,False,48
165,35.10282,6.1057,False,48
166,35.02572,30.10661,False,48
167,6.13192,5.03295,False,48
168,35.13873,1.0,False,48
169,35.08917,30.08845,False,48
173,6.00861,29.10164,False,48
175,3.0855,3.09901,False,48
176,5.02108,5.04696,False,48
177,6.06693,30.13267,False,48
178,34.02665,35.02099,False,48
179,6.11967,34.06087,False,48
180,28.08516,28.07183,False,48
181,33.11743,35.01213,False,48
182,6.12748,10.02392,False,48
183,6.12571,35.02703,False,48
184,6.12076,37.07377,False,48
185,6.14713,28.05268,False,48
186,6.05789,37.06829,False,48
188,1.14137,30.03753,False,48
189,34.13302,34.10102,False,48
190,6.0987,23.134149999999998,False,48
191,6.02368,30.055,False,48
192,6.06347,25.09308,False,48
193,36.07038,35.07088,False,48
194,6.08268,25.08437,False,48
195,6.04826,28.11612,False,48
197,2.00109,29.03869,False,48
198,6.05223,25.01303,False,48
199,23.12376,30.10101,False,48
200,6.09083,6.05213,False,48
201,6.08122,5.13063,False,48
202,37.04778,37.04181,False,48
203,30.08918,30.01313,False,48
204,2.13773,30.14048,False,48
206,2.04473,30.09368,False,48
207,6.12508,28.14244,False,48
208,4.12185,5.14683,False,48
209,28.10003,28.003,False,48
210,28.07305,28.13535,False,48
211,33.01151,28.03259,False,48
212,4.13594,5.01263,False,48
213,5.13991,13.13002,False,48
216,6.09253,28.11578,False,48
217,6.13702,29.01136,False,48
218,6.08821,30.10537,False,48
219,6.10583,25.05704,False,48
222,5.12148,28.11347,False,48
225,33.13081,33.07959,False,48
226,6.08106,35.07737,False,48
227,34.03241,37.00151,False,48
229,33.09072,33.13031,False,48
230,33.04231,33.05245,False,48
233,6.0019,30.06492,False,48
234,33.00235,30.00469,False,48
235,33.01988,30.08649,False,48
236,4.1137,4.10196,False,48
237,6.02716,5.12603,False,48
242,4.04597,24.05168,False,48
243,6.02421,6.0178,False,48
251,34.11585,34.08769,False,48
252,6.09599,28.03103,False,48
253,4.00326,30.07065,False,48
254,1.04674,4.05922,False,48
255,3.11118,13.02163,False,48
256,2.04503,30.03716,False,48
257,4.1093,20.03847,False,48
258,5.05161,18.04468,False,48
259,33.06372,5.06859,False,48
260,5.13502,5.06643,False,48
262,1.00504,36.00541,False,48
263,3.09298,6.0106,False,48
264,6.07144,29.03807,False,48
265,5.05955,6.11323,False,48
270,33.07546,6.09146,False,48
271,6.10343,28.1308,False,48
272,6.10584,5.07957,False,48
273,6.02318,5.14141,False,48
274,6.06929,5.1467,False,48
275,33.00762,6.0038,False,48
280,3.06059,5.14214,False,48
289,5.14184,29.02444,False,48
290,6.07676,6.11881,False,48
291,6.1407,6.1353,False,48
292,5.12822,6.08525,False,48
293,15.00188,31.12734,False,48
294,10.02849,10.14222,False,48
295,25.05995,36.11762,False,48
296,20.08496,4.12066,False,48
297,6.06576,35.02758,False,48
298,1.04207,33.14001,False,48
299,6.0029,34.03368,False,48
300,6.0494,33.08277,False,48
301,4.13527,33.09783,False,48
302,5.01066,35.03624,False,48
303,5.0033,33.01128,False,48
308,5.05487,31.0975,False,48
317,3.05035,22.14693,False,48
318,4.07373,36.06466,False,48
319,5.11536,30.13591,False,48
320,4.14566,27.09305,False,48
321,3.08179,34.11341,False,48
322,5.07461,18.12228,False,48
323,3.06881,17.08441,False,48
324,1.05881,23.1473,False,48
325,2.10064,25.07996,False,48
326,4.06091,18.06215,False,48
328,5.04299,25.14271,False,48
329,6.13713,31.06835,False,48
330,6.05294,28.10034,False,48
331,5.06549,20.04563,False,48
332,6.08029,28.04948,False,48
333,33.02069,30.05173,False,48
334,6.07226,6.04774,False,48
335,5.0949,30.08855,False,48
336,5.07608,30.13597,False,48
337,6.01856,25.111,False,48
339,5.11764,28.08331,False,48
340,1.0,1.08373,True,48
341,1.0,25.10673,True,48
342,36.04069,5.10755,False,48
343,1.0,1.0,True,48
346,6.07812,27.1462,False,48
347,6.06745,33.0536,False,48
348,6.05673,27.14031,False,48
349,1.09461,25.11802,False,48
350,28.12417,29.04223,False,48
351,6.11978,25.00141,False,48
352,6.09392,34.00485,False,48
353,34.06519,37.08165,False,48
354,34.13994,34.04964,False,48
355,5.02638,23.03321,False,48
357,5.08536,29.04144,False,48
358,6.03201,28.00812,False,48
359,6.00263,32.04584,False,48
361,6.05391,25.10106,False,48
363,35.0761,35.07256,False,48
364,35.10905,35.07735,False,48
365,3.0171,23.10707,False,48
366,5.05369,5.04689,False,48
367,35.06052,35.0452,False,48
370,6.06533,28.12679,False,48
371,6.14173,33.12973,False,48
372,6.1454,33.13032,False,48
373,6.03511,6.06627,False,48
374,1.11287,37.01836,False,48
375,5.09347,4.12136,False,48
376,6.04891,5.11165,False,48
377,6.00096,2.1117,False,48
378,33.14033,28.09565,False,48
379,28.09307,5.10863,False,48
380,34.00335,33.03501,False,48
381,6.1194,5.12788,False,48
383,5.05024,28.01515,False,48
384,6.1324,28.08829,False,48
385,2.12579,25.04388,False,48
386,1.12608,27.07423,False,48
387,2.00621,34.13563,False,48
388,3.1377,5.03187,False,48
389,2.05985,7.03296,False,48
390,3.08035,27.07442,False,48
391,2.04474,23.1292,False,48
394,5.13256,30.00779,False,48
395,35.06055,2.05902,False,48
396,35.01001,3.10671,False,48
397,35.10932,4.13686,False,48
398,35.09086,33.1172,False,48
403,6.06327,19.13303,False,48
404,35.03414,34.00122,False,48
405,35.0996,5.09338,False,48
406,4.04414,1.0,False,48
407,29.12639,28.09264,False,48
408,1.0,4.13112,True,48
412,10.022,34.05525,False,48
413,20.02034,30.08326,False,48
414,10.04452,31.06725,False,48
415,30.13219,28.10038,False,48
416,33.00804,20.06196,False,48
417,6.12767,28.01491,False,48
418,35.03398,35.02618,False,48
419,33.07385,33.0222,False,48
420,33.1395,33.03181,False,48
421,33.04821,33.03872,False,48
422,28.01099,30.06255,False,48
423,6.05401,23.12225,False,48
425,5.02653,37.0575,False,48
426,6.07427,33.12242,False,48
427,6.09076,6.14324,False,48
428,33.12645,33.06687,False,48
429,33.09794,28.02566,False,48
1,6.0885,23.05492,False,49
3,4.10612,4.01683,False,49
5,6.0176,37.06005,False,49
6,5.04702,33.04262,False,49
7,4.02465,1.0,False,49
9,5.04289,5.0818,False,49
10,4.14624,4.01664,False,49
11,6.11455,1.0,False,49
13,6.10388,6.06872,False,49
17,6.0278,28.03596,False,49
18,6.00585,6.0213,False,49
19,1.0,33.02621,True,49
21,6.06714,29.09629,False,49
22,6.13978,6.12887,False,49
25,6.00363,19.0432,False,49
29,2.10309,5.12961,False,49
30,6.10964,6.11864,False,49
69,2.11119,24.0709,False,49
70,28.03348,23.05192,False,49
71,6.04582,28.14374,False,49
72,33.05881,33.04885,False,49
73,28.13054,28.07349,False,49
74,33.07587,33.0337,False,49
75,34.07451,33.07601,False,49
76,6.10523,28.02206,False,49
77,18.08913,6.12096,False,49
78,6.04152,23.12792,False,49
79,6.10392,6.0762,False,49
82,6.00033,29.1329,False,49
83,3.11951,18.12527,False,49
84,33.03953,1.0,False,49
85,1.0,2.11552,True,49
86,1.0,29.1443,True,49
91,5.09073,5.11776,False,49
92,6.09039,28.02383,False,49
93,6.10996,23.03922,False,49
95,3.06407,5.11735,False,49
98,5.00059,30.11806,False,49
99,22.03504,34.10818,False,49
100,6.11465,35.03074,False,49
101,3.13004,23.13507,False,49
103,6.0753,25.09012,False,49
104,6.08081,30.07022,False,49
106,3.01838,28.11094,False,49
107,4.10243,26.05912,False,49
109,6.14166,34.06215,False,49
110,6.05841,28.00133,False,49
111,5.05146,33.03054,False,49
112,4.01545,22.03954,False,49
113,5.03211,28.1431,False,49
114,2.0832100000000002,5.1308,False,49
115,6.00832,5.1426,False,49
116,3.05737,28.12242,False,49
117,4.0429,5.1430299999999995,False,49
118,2.13957,18.02672,False,49
120,2.09878,34.06037,False,49
121,3.03238,5.13211,False,49
122,1.08939,5.1467,False,49
123,2.06316,6.06722,False,49
124,2.02131,37.09317,False,49
125,35.115,34.02454,False,49
126,35.09697,30.05906,False,49
127,6.04022,24.00226,False,49
128,4.01957,30.12068,False,49
129,6.05441,30.05862,False,49
130,35.11569,35.08225,False,49
131,4.12006,5.0084,False,49
133,3.04393,5.08634,False,49
134,4.0316,5.0402,False,49
135,6.0032,4.12812,False,49
136,4.01476,4.14304,False,49
137,1.0,5.12986,True,49
139,5.13721,5.13509,False,49
140,4.01284,3.13514,False,49
141,6.08108,2.10254,False,49
142,3.03527,3.09395,False,49
143,1.04237,5.08783,False,49
144,4.10141,5.01536,False,49
145,30.08384,1.0,False,49
146,1.0,1.0,True,49
147,2.04749,1.0,False,49
148,1.0,1.0,True,49
149,1.0,18.03669,True,49
150,35.01129,1.0,False,49
151,1.0,1.06163,True,49
153,6.13071,6.12786,False,49
154,6.02874,28.09181,False,49
155,4.03384,23.11046,False,49
156,5.07837,28.0268,False,49
157,2.01433,5.00049,False,49
158,4.00637,18.1214,False,49
159,3.01057,23.04671,False,49
160,4.07532,23.07143,False,49
161,4.11151,18.03871,False,49
162,34.00576,29.08126,False,49
164,5.11086,37.07009,False,49
165,35.01052,6.04868,False,49
166,35.02037,30.12909,False,49
167,6.05551,5.07617,False,49
168,35.11531,1.0,False,49
169,35.07372,30.07893,False,49
173,6.01397,29.0487,False,49
175,3.14134,3.10408,False,49
176,5.07454,5.02525,False,49
177,6.08483,30.13496,False,49
178,34.01262,35.04319,False,49
179,6.13922,34.11058,False,49
180,28.07439,28.07295,False,49
181,33.05242,35.07093,False,49
182,6.14635,25.00547,False,49
183,6.06883,35.08159,False,49
184,6.09876,37.0153,False,49
185,6.13716,28.11149,False,49
186,6.03076,37.00259,False,49
188,1.09836,30.10728,False,49
189,34.14599,34.1416,False,49
190,6.12282,23.13061,False,49
191,6.01708,30.12819,False,49
192,6.1138,25.02592,False,49
193,36.03356,35.0585,False,49
194,6.08223,25.14673,False,49
195,6.07016,28.12991,False,49
197,2.05721,30.03378,False,49
198,6.07413,25.0922,False,49
199,6.09065,30.03901,False,49
200,6.1457,6.02714,False,49
201,6.01862,5.13523,False,49
202,37.01613,37.14294,False,49
203,6.13867,30.10509,False,49
204,6.11925,30.07541,False,49
206,2.0207,30.01697,False,49
207,6.08772,28.11176,False,49
208,5.00044,5.13909,False,49
209,28.00242,28.07764,False,49
210,28.12465,28.09849,False,49
211,33.01669,28.11385,False,49
212,5.00988,4.11231,False,49
213,5.06366,13.04628,False,49
216,6.10881,28.07994,False,49
217,6.1267,29.04372,False,49
218,6.12649,30.09964,False,49
219,6.14449,25.0186,False,49
222,5.0536200000000004,28.08732,False,49
225,33.1025,33.08936,False,49
226,6.06191,35.09015,False,49
227,34.03124,37.02597,False,49
229,33.09399,33.11422,False,49
230,33.01949,33.06243,False,49
233,6.03214,30.0627,False,49
234,33.01456,30.0234,False,49
235,33.0896,30.12143,False,49
236,4.08597,4.09104,False,49
237,6.07144,5.04822,False,49
242,4.10083,24.11661,False,49
243,6.09984,6.0327,False,49
251,34.07058,34.06712,False,49
252,6.09824,28.02983,False,49
253,4.01685,30.00125,False,49
254,1.01044,4.12262,False,49
255,3.08574,13.07087,False,49
256,2.03065,30.10673,False,49
257,4.03702,20.12818,False,49
258,5.01971,18.03044,False,49
259,33.1194,5.13255,False,49
260,5.02044,5.07876,False,49
262,1.07688,36.03278,False,49
263,3.098,6.00889,False,49
264,6.13205,29.07432,False,49
265,5.14281,6.07151,False,49
270,33.07199,6.13087,False,49
271,6.06108,28.13549,False,49
272,6.03259,5.13879,False,49
273,6.0399,5.1016,False,49
274,6.00293,5.1163,False,49
275,33.02885,6.07273,False,49
280,3.09818,5.09795,False,49
289,5.12853,29.06315,False,49
290,6.08386,6.11405,False,49
291,6.14607,6.14501,False,49
292,5.06729,6.05098,False,49
293,15.00835,30.13553,False,49
294,10.02922,6.07379,False,49
295,25.05966,36.0787,False,49
296,20.02192,4.08113,False,49
297,6.09095,35.10516,False,49
298,2.01722,33.09422,False,49
299,6.08798,34.02601,False,49
300,4.02903,33.13554,False,49
301,4.06825,33.05837,False,49
302,5.1412700000000005,35.01886,False,49
303,33.07697,33.03376,False,49
308,5.0117,31.14365,False,49
317,4.00027,22.04471,False,49
318,4.03294,36.0719,False,49
319,5.13175,30.10043,False,49
320,4.00852,27.09728,False,49
321,4.00439,34.10434,False,49
322,5.05986,18.11852,False,49
323,2.03655,17.04028,False,49
324,1.09062,23.13787,False,49
325,4.10481,25.07361,False,49
326,3.10582,18.02684,False,49
328,5.14285,25.14209,False,49
329,20.10621,31.14672,False,49
330,6.05599,30.07301,False,49
331,5.08688,20.01596,False,49
332,6.05873,28.02778,False,49
333,33.01464,30.0921,False,49
334,6.08192,6.04847,False,49
335,5.04618,30.03404,False,49
336,5.07644,30.13624,False,49
337,6.00209,25.0982,False,49
339,5.05676,28.05679,False,49
340,1.0,1.00706,True,49
341,1.0,25.14645,True,49
342,36.08354,5.03887,False,49
343,1.0,1.0,True,49
346,6.06162,27.06398,False,49
347,6.08284,33.06959,False,49
348,6.03861,27.0968,False,49
349,4.06188,25.00384,False,49
350,6.13283,29.0604,False,49
351,6.126,25.13358,False,49
352,6.10761,34.04552,False,49
353,34.06487,37.09006,False,49
354,34.09119,34.04586,False,49
355,5.00115,23.03918,False,49
357,5.10645,29.06669,False,49
358,6.03295,28.11084,False,49
359,6.00718,32.08103,False,49
361,6.03084,25.08642,False,49
363,35.07658,35.05796,False,49
364,35.10988,35.10613,False,49
365,3.10603,23.01583,False,49
366,5.07189,5.11721,False,49
367,35.07202,35.02253,False,49
370,6.08883,28.12492,False,49
371,6.1357099999999996,33.05829,False,49
372,6.1451,33.08088,False,49
373,6.02045,6.1217,False,49
374,1.10413,37.07462,False,49
375,5.05329,4.12719,False,49
376,6.08679,5.12248,False,49
377,2.11519,1.0,False,49
378,33.08199,28.03689,False,49
379,28.12617,5.14282,False,49
380,34.11534,33.11629,False,49
381,6.02472,5.10745,False,49
383,5.03883,30.08691,False,49
384,6.07302,30.00095,False,49
385,2.02058,25.10519,False,49
386,1.00287,27.11965,False,49
387,1.07039,34.06727,False,49
388,2.14452,5.02421,False,49
389,2.02839,7.07572,False,49
390,3.04947,27.03936,False,49
391,2.06644,23.03616,False,49
394,5.11291,30.08421,False,49
395,35.09259,2.04269,False,49
396,35.11492,3.09115,False,49
397,35.053,4.04927,False,49
398,35.12714,33.09578,False,49
403,6.02662,19.13885,False,49
404,35.05822,34.0995,False,49
405,35.12104,5.08482,False,49
406,6.07912,4.03551,False,49
407,29.04747,28.09447,False,49
408,1.0,4.10266,True,49
412,10.00726,34.10504,False,49
413,20.04051,25.07618,False,49
414,10.01352,31.0962,False,49
415,30.12629,28.0435,False,49
416,33.04298,20.11923,False,49
417,6.1332,23.04381,False,49
418,35.07411,35.04079,False,49
419,33.14447,33.12062,False,49
420,33.13431,33.12583,False,49
421,33.02316,33.01258,False,49
422,6.13896,30.06831,False,49
423,6.0801,23.05237,False,49
425,6.01783,5.09608,False,49
426,6.04945,33.12388,False,49
427,6.09595,6.13707,False,49
428,33.12422,33.09258,False,49
429,33.01572,28.05157,False,49
1,6.07062,23.09513,False,50
3,4.128,4.11232,False,50
5,6.0188,37.14508,False,50
6,5.13453,33.01592,False,50
7,4.03611,1.0,False,50
9,4.02379,5.11013,False,50
10,4.08519,4.06353,False,50
11,6.11174,1.0,False,50
13,6.09992,6.09403,False,50
17,6.03337,29.06568,False,50
18,6.00655,6.02659,False,50
19,1.0,33.08973,True,50
21,6.06459,18.07387,False,50
22,6.12785,6.13009,False,50
25,6.01728,19.11189,False,50
29,3.03322,5.14517,False,50
30,6.08135,6.12972,False,50
69,2.12474,24.10254,False,50
70,28.07057,23.11668,False,50
71,6.07233,28.11283,False,50
72,33.09918,33.07805,False,50
73,28.10478,28.06898,False,50
74,33.02881,33.02208,False,50
75,34.01282,33.14689,False,50
76,6.14562,6.09455,False,50
77,18.10599,6.12719,False,50
78,6.03582,23.03402,False,50
79,6.1064,6.09355,False,50
82,6.04003,29.08745,False,50
83,3.03895,18.08491,False,50
84,33.09383,1.0,False,50
85,2.05612,1.0,False,50
86,1.0,29.02414,True,50
91,5.08239,5.12957,False,50
92,6.09017,6.06711,False,50
93,6.0857,23.14307,False,50
95,4.144,5.10095,False,50
98,5.01169,30.07254,False,50
99,22.01384,34.04012,False,50
100,6.077,35.01678,False,50
101,5.011,23.1364,False,50
103,6.12494,25.09305,False,50
104,6.02211,30.06905,False,50
106,3.02044,28.00376,False,50
107,4.01986,26.10158,False,50
109,6.13524,34.05664,False,50
110,6.07151,28.10136,False,50
111,3.11049,33.07828,False,50
112,3.13714,22.1345,False,50
113,5.09389,28.09642,False,50
114,2.03627,5.1461,False,50
115,6.02093,5.10915,False,50
116,3.09645,28.1073,False,50
117,3.10561,5.09079,False,50
118,2.00681,18.13541,False,50
120,2.08638,34.08381,False,50
121,3.03788,5.10502,False,50
122,2.04247,5.12755,False,50
123,2.07699,6.06257,False,50
124,2.04254,37.0093,False,50
125,35.05683,34.14102,False,50
126,35.08033,30.12003,False,50
127,6.00795,24.00887,False,50
128,6.06959,30.04261,False,50
129,6.10101,30.09585,False,50
130,35.13328,35.08903,False,50
131,4.11706,5.0637,False,50
133,3.06757,5.08607,False,50
134,4.01631,5.13008,False,50
135,6.01944,4.03014,False,50
136,4.13849,4.06207,False,50
137,1.0,5.04433,True,50
139,5.09276,5.13151,False,50
140,4.01526,3.07722,False,50
141,6.06217,2.06846,False,50
142,3.11646,3.02334,False,50
143,1.11405,5.13186,False,50
144,4.13467,5.1196,False,50
145,30.14235,1.0,False,50
146,1.0,1.0,True,50
147,2.13895,1.0,False,50
148,1.0,1.0,True,50
149,1.0,18.0767,True,50
150,35.06398,1.0,False,50
151,1.0,1.0429599999999999,True,50
153,6.13947,6.12436,False,50
154,6.0462,28.14485,False,50
155,4.07419,37.00202,False,50
156,5.09272,28.09384,False,50
157,1.02257,5.03084,False,50
158,4.05732,18.13804,False,50
159,3.0802,23.12638,False,50
160,4.06657,23.04388,False,50
161,4.06964,18.11184,False,50
162,34.11312,29.12604,False,50
164,5.04403,37.0184,False,50
165,35.00559,6.00057,False,50
166,35.13489,30.05778,False,50
167,6.08212,5.04075,False,50
168,35.07403,1.0,False,50
169,35.12631,30.14339,False,50
173,6.01311,29.00492,False,50
175,3.13261,3.13885,False,50
176,5.07183,5.12125,False,50
177,6.10922,30.07606,False,50
178,34.00597,35.02011,False,50
179,6.1447,34.10196,False,50
180,28.12953,28.10836,False,50
181,33.08633,35.02397,False,50
182,6.14147,25.09936,False,50
183,6.09781,35.03294,False,50
184,6.0732099999999996,37.11212,False,50
185,6.12246,28.0339,False,50
186,6.03446,37.06575,False,50
188,1.08911,30.14566,False,50
189,34.08436,34.06807,False,50
190,6.09364,23.10426,False,50
191,6.06129,30.0196,False,50
192,6.11332,25.07861,False,50
193,36.01478,35.00819,False,50
194,6.06728,25.09133,False,50
195,6.10607,28.11862,False,50
197,2.0486,30.08125,False,50
198,6.05425,25.06397,False,50
199,23.125,30.00627,False,50
200,6.10981,6.09959,False,50
201,6.03853,5.09882,False,50
202,37.09523,37.06926,False,50
203,30.0565,30.08862,False,50
204,4.07873,30.04417,False,50
206,2.01345,30.0138,False,50
207,6.08705,28.11895,False,50
208,5.03945,5.14336,False,50
209,28.04706,28.03585,False,50
210,28.04217,28.09893,False,50
211,33.10625,28.11356,False,50
212,4.11514,5.0079,False,50
213,5.0903,13.0818,False,50
216,6.1037,28.08169,False,50
217,6.1386,29.13589,False,50
218,6.05687,30.12091,False,50
219,6.1472,25.12819,False,50
222,5.11582,28.07969,False,50
225,33.14536,33.12174,False,50
226,6.0933,35.02625,False,50
227,34.04425,37.09579,False,50
229,33.10288,33.10913,False,50
230,33.03711,33.09153,False,50
233,6.0114,30.1173,False,50
234,33.00093,30.06975,False,50
235,33.00444,30.07358,False,50
236,4.00131,4.08611,False,50
237,6.08405,5.10542,False,50
242,4.00362,24.13477,False,50
243,6.06942,6.00521,False,50
251,34.12955,34.10215,False,50
252,6.11281,28.07232,False,50
253,4.03191,30.02628,False,50
254,1.12808,4.02329,False,50
255,3.0873,13.06102,False,50
256,2.01509,30.11956,False,50
257,4.08437,20.00496,False,50
258,5.00556,18.08725,False,50
259,33.05111,5.07712,False,50
260,5.00829,5.12951,False,50
262,1.02959,36.01895,False,50
263,3.12064,6.0155,False,50
264,6.13956,29.03979,False,50
265,5.13863,6.04342,False,50
270,33.03208,6.09673,False,50
271,6.08566,28.00095,False,50
272,6.06532,5.13305,False,50
273,6.06432,5.13192,False,50
274,6.08261,5.12636,False,50
275,33.04426,6.05818,False,50
280,3.11465,5.06935,False,50
289,5.14609,29.12475,False,50
290,6.0783,6.13544,False,50
291,6.13097,6.13077,False,50
292,5.13507,6.07888,False,50
293,15.09531,30.09338,False,50
294,10.02803,6.06783,False,50
295,25.02024,36.04206,False,50
296,20.01685,4.08863,False,50
297,6.03252,35.08902,False,50
298,1.04731,33.02912,False,50
299,6.09469,34.05176,False,50
300,4.00595,33.10482,False,50
301,4.12221,33.02111,False,50
302,5.07573,35.02556,False,50
303,33.00016,33.05448,False,50
308,3.0874800000000002,31.14695,False,50
317,4.01317,22.12912,False,50
318,4.1081199999999995,36.07816,False,50
319,5.11977,30.1473,False,50
320,4.05788,27.05203,False,50
321,4.02415,34.12947,False,50
322,5.0421,18.00544,False,50
323,2.04073,17.01873,False,50
324,2.08055,23.0828,False,50
325,2.02663,25.12726,False,50
326,3.06994,28.04442,False,50
328,5.0619,25.02096,False,50
329,20.04639,31.14248,False,50
330,6.02725,30.04198,False,50
331,5.04326,20.13682,False,50
332,6.13323,20.11192,False,50
333,33.04568,30.09204,False,50
334,6.12434,6.12817,False,50
335,5.09288,30.05099,False,50
336,5.12847,30.12911,False,50
337,6.02554,25.09029,False,50
339,5.04751,28.0557,False,50
340,1.0,1.06691,True,50
341,1.0,25.01143,True,50
342,36.14281,5.10186,False,50
343,1.0,1.0,True,50
346,6.00799,27.06069,False,50
347,6.12834,33.04521,False,50
348,6.06261,27.05455,False,50
349,2.1284,25.08004,False,50
350,6.1344,29.14535,False,50
351,6.1418,25.08346,False,50
352,6.03237,34.01857,False,50
353,34.04982,37.09511,False,50
354,34.13709,34.08877,False,50
355,5.05922,23.09131,False,50
357,5.09023,29.12353,False,50
358,6.0639,28.13932,False,50
359,6.00003,32.06689,False,50
361,6.07133,25.06584,False,50
363,35.10442,35.07166,False,50
364,35.1179,35.10237,False,50
365,3.04295,23.05428,False,50
366,5.08896,5.08641,False,50
367,35.03106,35.0233,False,50
370,6.08569,28.13723,False,50
371,6.10319,33.01043,False,50
372,6.14661,33.06577,False,50
373,6.02368,6.12977,False,50
374,1.13802,37.12986,False,50
375,5.01543,4.10716,False,50
376,6.13339,5.08627,False,50
377,6.09869,2.10342,False,50
378,33.03067,28.11964,False,50
379,28.01195,5.05815,False,50
380,34.08131,33.11769,False,50
381,6.03223,5.12245,False,50
383,5.08473,30.06444,False,50
384,6.13893,28.08814,False,50
385,3.03065,25.13883,False,50
386,1.05313,27.04258,False,50
387,1.1043,34.10622,False,50
388,2.1293,5.10997,False,50
389,2.04072,7.00701,False,50
390,3.1365,27.08836,False,50
391,2.04607,23.0295,False,50
394,5.06174,30.13417,False,50
395,35.001,2.01435,False,50
396,35.06109,3.05232,False,50
397,35.10357,4.10076,False,50
398,35.12968,33.08495,False,50
403,6.00717,19.11749,False,50
404,35.13641,34.01829,False,50
405,35.01152,5.1157,False,50
406,6.05435,4.01467,False,50
407,29.01302,28.14195,False,50
408,1.0,4.02482,True,50
412,10.03185,34.0733,False,50
413,20.03609,25.08792,False,50
414,10.00782,31.05386,False,50
415,30.08136,28.07589,False,50
416,33.09187,20.09548,False,50
417,6.12615,28.12312,False,50
418,35.09825,35.01191,False,50
419,33.02893,33.01694,False,50
420,33.12906,33.02612,False,50
421,33.14526,33.04212,False,50
422,28.03717,30.08475,False,50
423,6.06977,23.12226,False,50
425,6.0051,37.01998,False,50
426,6.06117,33.12183,False,50
427,6.10784,6.12607,False,50
428,33.03758,33.07376,False,50
429,33.01348,28.06316,False,50
1,6.06599,23.0251,False,51
3,4.06946,4.0169,False,51
5,6.0431,37.00619,False,51
6,5.07175,33.09359,False,51
7,4.01599,1.0,False,51
9,5.0157,5.12055,False,51
10,5.1181,4.12437,False,51
11,6.13887,1.0,False,51
13,6.03502,6.11358,False,51
17,6.03948,28.08097,False,51
18,6.04593,6.03417,False,51
19,1.0,33.08586,True,51
21,6.07501,29.10751,False,51
22,6.1452,6.12588,False,51
25,6.007,19.14306,False,51
29,2.02835,5.09716,False,51
30,6.07499,6.13414,False,51
69,2.12442,24.1188,False,51
70,28.05126,23.05621,False,51
71,6.09238,6.09211,False,51
72,33.10178,33.01848,False,51
73,28.11378,28.09973,False,51
74,33.02766,37.08516,False,51
75,34.06864,33.14331,False,51
76,6.10621,6.10405,False,51
77,18.04035,6.14133,False,51
78,6.02781,29.06407,False,51
79,6.11533,6.08931,False,51
82,3.07191,29.02714,False,51
83,3.00385,18.09619,False,51
84,33.00185,1.0,False,51
85,1.0,2.01379,True,51
86,1.0,29.11868,True,51
91,5.06354,5.12514,False,51
92,6.10334,6.1031,False,51
93,6.12517,23.07021,False,51
95,4.0029,5.12912,False,51
98,5.13134,30.13056,False,51
99,22.03992,34.09709,False,51
100,6.09732,35.06265,False,51
101,3.1427,23.06414,False,51
103,6.13814,25.12714,False,51
104,6.02274,30.04243,False,51
106,3.10668,28.12531,False,51
107,4.06666,26.09736,False,51
109,6.10277,34.02187,False,51
110,6.08232,28.04277,False,51
111,3.10083,33.00373,False,51
112,4.01828,22.14537,False,51
113,5.0804,28.09958,False,51
114,2.13387,5.13166,False,51
115,6.00495,5.1093,False,51
116,3.06486,28.09921,False,51
117,4.1247,5.09157,False,51
118,2.01575,18.07662,False,51
120,2.03424,34.09126,False,51
121,2.02282,5.11705,False,51
122,2.09568,5.12765,False,51
123,2.10288,6.0885,False,51
124,2.09806,37.06699,False,51
125,35.11354,34.02146,False,51
126,35.03525,30.0448,False,51
127,6.0082,24.1219,False,51
128,6.04342,30.05124,False,51
129,6.10856,30.033079999999998,False,51
130,35.13377,35.09305,False,51
131,4.06696,5.08085,False,51
133,3.02398,5.10777,False,51
134,4.05267,5.10143,False,51
135,2.14703,4.09738,False,51
136,4.02331,4.13389,False,51
137,4.06872,5.1403,False,51
139,5.0606,5.0611,False,51
140,4.00943,3.10174,False,51
141,6.10831,2.07912,False,51
142,3.04856,3.01209,False,51
143,1.01281,5.0879,False,51
144,4.13276,5.04311,False,51
145,30.13157,1.0,False,51
146,1.0,1.0,True,51
147,2.03165,1.0,False,51
148,1.0,1.0,True,51
149,1.0,18.13543,True,51
150,35.14416,1.0,False,51
151,1.0,1.04127,True,51
153,6.12424,6.10449,False,51
154,6.02687,23.06539,False,51
155,4.06855,23.04117,False,51
156,6.02498,5.14672,False,51
157,1.12023,5.10504,False,51
158,4.08874,18.12864,False,51
159,1.09559,23.10663,False,51
160,4.0588,23.13942,False,51
161,4.09643,18.09185,False,51
162,34.10181,29.07641,False,51
164,5.01652,37.05735,False,51
165,35.01689,6.04495,False,51
166,35.03694,30.13494,False,51
167,6.13978,5.00388,False,51
168,35.14425,1.0,False,51
169,35.12922,30.03634,False,51
173,6.01114,29.10044,False,51
175,3.12776,3.01152,False,51
176,5.0294,5.14439,False,51
177,6.11944,30.07609,False,51
178,34.00509,35.01352,False,51
179,6.13341,34.13337,False,51
180,28.12931,28.10736,False,51
181,33.14481,35.0587,False,51
182,6.13963,10.10338,False,51
183,6.09981,35.1061,False,51
184,6.05548,37.05331,False,51
185,6.14541,28.12753,False,51
186,6.08486,37.05537,False,51
188,1.13493,30.14593,False,51
189,34.14295,34.12854,False,51
190,6.12499,23.08352,False,51
191,6.07431,30.08621,False,51
192,6.10403,25.08201,False,51
193,36.04512,35.10512,False,51
194,6.09953,25.05376,False,51
195,6.0561,28.14373,False,51
197,2.08475,30.0461,False,51
198,6.07042,25.06627,False,51
199,6.13811,30.12992,False,51
200,6.12787,6.11166,False,51
201,6.054,5.13709,False,51
202,37.04331,37.0393,False,51
203,30.05087,30.14489,False,51
204,2.04074,30.09484,False,51
206,2.10401,30.00703,False,51
207,6.10817,28.0259,False,51
208,5.09426,5.12257,False,51
209,28.03689,28.06426,False,51
210,28.08902,28.14261,False,51
211,33.05017,28.11886,False,51
212,5.00668,4.10731,False,51
213,5.08983,13.08825,False,51
216,6.11123,28.0898,False,51
217,6.13522,29.00404,False,51
218,6.05353,30.02116,False,51
219,6.09468,25.02902,False,51
222,5.1436,28.04245,False,51
225,33.09294,33.07723,False,51
226,6.08289,35.11573,False,51
227,34.08936,37.1306,False,51
229,33.07372,33.115,False,51
230,33.03721,33.04225,False,51
233,6.01137,30.09383,False,51
234,33.01756,30.14079,False,51
235,33.04845,30.03477,False,51
236,4.04111,4.12899,False,51
237,6.02077,5.08637,False,51
242,4.01319,24.12119,False,51
243,6.07031,6.06757,False,51
251,34.12343,34.09855,False,51
252,6.07755,28.01149,False,51
253,4.03049,30.14231,False,51
254,1.08256,4.1372,False,51
255,3.06683,13.09043,False,51
256,2.06373,30.02755,False,51
257,4.1335,20.02775,False,51
258,5.01165,18.10538,False,51
259,33.03858,5.09758,False,51
260,5.00782,5.0829,False,51
262,1.08641,36.13735,False,51
263,4.03311,6.01894,False,51
264,6.0647,29.00236,False,51
265,5.13145,6.02668,False,51
270,33.01855,6.09087,False,51
271,6.10081,28.06274,False,51
272,6.07625,5.1438,False,51
273,6.00229,5.12381,False,51
274,6.02393,5.10927,False,51
275,33.07818,6.05781,False,51
280,3.08419,5.08102,False,51
289,5.14017,29.01359,False,51
290,6.07931,6.10683,False,51
291,6.14053,6.1384,False,51
292,5.14686,6.06495,False,51
293,15.11279,30.10367,False,51
294,10.06082,6.10246,False,51
295,25.13937,36.14504,False,51
296,20.07509,4.0341,False,51
297,6.04039,35.11345,False,51
298,2.09896,33.12422,False,51
299,6.04863,34.0353,False,51
300,4.02473,33.11425,False,51
301,4.03859,33.13149,False,51
302,5.09655,35.03969,False,51
303,5.01754,33.06834,False,51
308,5.03592,31.03815,False,51
317,3.12391,22.07549,False,51
318,6.01206,36.127,False,51
319,5.09309,30.14339,False,51
320,4.12891,27.05067,False,51
321,4.11939,34.01564,False,51
322,5.07296,18.05304,False,51
323,2.05158,17.12938,False,51
324,2.03728,23.03734,False,51
325,2.09789,25.0301,False,51
326,3.1069,18.0768,False,51
328,5.13828,25.04925,False,51
329,6.13651,31.14581,False,51
330,6.04462,30.01098,False,51
331,5.00903,20.0046,False,51
332,5.12135,30.08182,False,51
333,33.05842,30.02737,False,51
334,6.08873,6.08635,False,51
335,5.07892,30.10937,False,51
336,5.01778,30.12202,False,51
337,6.01508,25.06508,False,51
339,5.14319,28.09679,False,51
340,1.0,1.04193,True,51
341,1.0,25.04315,True,51
342,36.03468,5.01801,False,51
343,1.0,1.0,True,51
346,6.0244,27.12798,False,51
347,6.09405,33.03906,False,51
348,6.03005,27.01453,False,51
349,2.0527,25.07093,False,51
350,6.12349,29.13353,False,51
351,6.10628,25.00527,False,51
352,6.13119,34.05873,False,51
353,34.076,37.0524,False,51
354,34.10834,34.03407,False,51
355,5.01495,23.14357,False,51
357,5.09465,29.10459,False,51
358,6.01194,28.11419,False,51
359,6.00379,32.02383,False,51
361,6.05348,25.09186,False,51
363,35.09975,35.07336,False,51
364,35.09899,35.07964,False,51
365,3.07651,23.11982,False,51
366,5.10235,5.09941,False,51
367,35.06248,35.00775,False,51
370,6.0732099999999996,28.03729,False,51
371,6.11715,33.03079,False,51
372,6.14165,33.02171,False,51
373,6.01896,6.12786,False,51
374,1.10281,37.00184,False,51
375,5.07432,23.08839,False,51
376,6.04005,5.0047,False,51
377,2.03464,1.0,False,51
378,33.1397,28.12048,False,51
379,28.02988,5.12816,False,51
380,34.00357,33.07325,False,51
381,6.0502,5.03835,False,51
383,5.04676,30.08428,False,51
384,6.07268,30.01616,False,51
385,3.0914,25.10097,False,51
386,1.01941,27.01384,False,51
387,1.017,34.05927,False,51
388,2.10093,5.03413,False,51
389,2.07098,7.04737,False,51
390,3.1199,27.02162,False,51
391,5.10748,23.12779,False,51
394,5.05774,30.09644,False,51
395,35.07534,2.07327,False,51
396,35.0582,3.0125,False,51
397,35.09478,4.14557,False,51
398,35.03303,33.00172,False,51
403,6.00857,19.06776,False,51
404,35.06246,34.07729,False,51
405,35.10147,5.14105,False,51
406,6.00751,4.06103,False,51
407,29.02076,28.02788,False,51
408,1.0,4.02199,True,51
412,10.05506,34.12268,False,51
413,15.0174,30.07294,False,51
414,10.10611,31.1302,False,51
415,30.13975,28.10194,False,51
416,33.05367,20.09974,False,51
417,6.1364,28.0195,False,51
418,35.04598,35.03917,False,51
419,33.12857,33.10966,False,51
420,33.06669,33.025,False,51
421,33.09618,33.05765,False,51
422,28.13603,30.1139,False,51
423,6.1232,23.03581,False,51
425,5.106,37.02764,False,51
426,6.05687,33.04882,False,51
427,6.07445,6.13075,False,51
428,33.11862,33.13169,False,51
429,33.05104,28.00227,False,51
1,6.06101,23.11408,False,52
3,4.07406,4.0275,False,52
5,6.03031,37.02479,False,52
6,5.13495,33.11094,False,52
7,4.01709,1.0,False,52
9,5.06265,5.13386,False,52
10,5.13393,4.10535,False,52
11,6.00954,1.0,False,52
13,6.09857,6.08552,False,52
17,6.03577,28.05368,False,52
18,6.05956,6.09504,False,52
19,1.0,33.12912,True,52
21,6.0759,18.02275,False,52
22,6.13213,6.12921,False,52
25,6.02991,19.064,False,52
29,4.03358,5.14499,False,52
30,6.05927,6.13334,False,52
69,2.00621,24.09252,False,52
70,28.10927,23.00705,False,52
71,6.07653,28.01003,False,52
72,33.08431,33.0634,False,52
73,28.01531,28.03776,False,52
74,33.05864,33.03708,False,52
75,34.09035,33.14471,False,52
76,6.14542,28.00326,False,52
77,18.09313,6.13069,False,52
78,6.01891,29.04547,False,52
79,6.07945,6.06083,False,52
82,6.01082,29.03955,False,52
83,3.03512,18.09028,False,52
84,33.08836,1.0,False,52
85,2.0112,1.0,False,52
86,1.0,29.08081,True,52
91,5.12101,5.14363,False,52
92,6.04571,6.04336,False,52
93,6.11845,23.1298,False,52
95,4.002,5.10013,False,52
98,5.1345,30.04494,False,52
99,22.07395,34.097409999999996,False,52
100,6.08505,35.0004,False,52
101,5.04529,23.08494,False,52
103,6.13085,25.01707,False,52
104,6.02233,30.14417,False,52
106,3.13446,28.13431,False,52
107,4.09909,26.00038,False,52
109,6.12917,34.06738,False,52
110,6.09458,28.00212,False,52
111,3.12342,33.02326,False,52
112,4.03004,22.04633,False,52
113,5.02096,28.13596,False,52
114,2.05784,5.05895,False,52
115,6.00387,5.14224,False,52
116,3.0213,28.14075,False,52
117,3.12,5.05542,False,52
118,2.04852,18.11624,False,52
120,2.0547,34.05647,False,52
121,3.06211,5.14399,False,52
122,2.03456,5.11456,False,52
123,2.14012,6.07785,False,52
124,2.00914,37.06822,False,52
125,35.05022,34.10598,False,52
126,35.07261,30.13148,False,52
127,6.04873,24.03705,False,52
128,4.01607,30.13825,False,52
129,6.08484,30.08178,False,52
130,35.13853,35.06191,False,52
131,4.05625,5.11099,False,52
133,3.12326,5.12976,False,52
134,4.01088,5.1238,False,52
135,4.04932,4.11973,False,52
136,4.02507,4.13786,False,52
137,4.10587,5.04832,False,52
139,5.01148,5.12751,False,52
140,4.0044,3.09257,False,52
141,6.05163,2.01021,False,52
142,3.05645,3.11072,False,52
143,1.02031,5.00675,False,52
144,4.05396,5.00668,False,52
145,30.10904,1.0,False,52
146,1.0,1.0,True,52
147,2.0902,1.0,False,52
148,1.0,1.0,True,52
149,1.0,18.03687,True,52
150,35.14114,1.0,False,52
151,1.0,1.02619,True,52
153,6.11505,6.10336,False,52
154,6.04418,23.08371,False,52
155,4.03777,23.02928,False,52
156,5.14427,28.05726,False,52
157,1.01412,5.04516,False,52
158,4.09825,18.03203,False,52
159,3.03799,23.06118,False,52
160,4.051,23.0008,False,52
161,4.00468,18.1107,False,52
162,34.10711,29.09714,False,52
164,5.10276,37.08936,False,52
165,35.07759,6.04434,False,52
166,35.04912,30.10595,False,52
167,6.13842,5.11733,False,52
168,35.13355,1.0,False,52
169,35.09715,30.10446,False,52
173,6.02225,29.10946,False,52
175,3.08845,4.14454,False,52
176,5.06051,5.06317,False,52
177,6.06895,30.1134,False,52
178,34.00259,35.01244,False,52
179,6.14631,34.05125,False,52
180,28.02442,28.14557,False,52
181,33.08136,35.03079,False,52
182,6.10395,25.0477,False,52
183,6.02821,35.1033,False,52
184,6.07217,37.14116,False,52
185,6.13892,28.11909,False,52
186,6.08801,37.07586,False,52
188,1.14006,30.11708,False,52
189,34.1051,34.09993,False,52
190,6.0767,23.03244,False,52
191,6.01778,30.13089,False,52
192,6.11062,25.12197,False,52
193,36.00417,35.12868,False,52
194,6.06197,25.13622,False,52
195,6.11873,28.10756,False,52
197,1.07491,30.07303,False,52
198,6.10134,25.0823,False,52
199,23.00699,29.02988,False,52
200,6.14407,6.11286,False,52
201,6.10344,5.08665,False,52
202,37.03718,37.0618,False,52
203,6.08847,30.11691,False,52
204,6.06416,30.07793,False,52
206,2.02508,30.11539,False,52
207,6.06559,28.12953,False,52
208,5.05972,5.13866,False,52
209,28.033,28.06194,False,52
210,28.01904,28.04496,False,52
211,33.07153,28.12208,False,52
212,5.01472,4.13418,False,52
213,5.12016,13.07037,False,52
216,6.1178,28.07855,False,52
217,6.14035,29.08822,False,52
218,6.12058,30.0668,False,52
219,6.14726,25.13485,False,52
222,5.1441,28.05431,False,52
225,33.14045,33.09105,False,52
226,6.1094,35.11315,False,52
227,34.04003,37.14056,False,52
229,33.09921,33.11699,False,52
230,33.05863,33.07875,False,52
233,6.04113,30.12296,False,52
234,33.03793,30.10786,False,52
235,33.00785,30.0993,False,52
236,4.08664,4.11837,False,52
237,6.02661,5.13721,False,52
242,4.1472999999999995,24.10623,False,52
243,6.13142,6.06127,False,52
251,34.12144,34.11128,False,52
252,6.07213,28.07225,False,52
253,4.06592,30.08778,False,52
254,1.13952,4.02565,False,52
255,3.00696,13.1176,False,52
256,2.11189,30.13024,False,52
257,4.02216,20.13819,False,52
258,5.07828,18.04977,False,52
259,33.10094,5.0339,False,52
260,5.0624,5.01488,False,52
262,1.12033,36.08521,False,52
263,3.03548,6.05314,False,52
264,6.08791,29.11994,False,52
265,5.12025,6.07254,False,52
270,33.0218,6.0532,False,52
271,6.07607,28.14339,False,52
272,6.05815,5.1332,False,52
273,6.10758,5.14574,False,52
274,6.00391,5.13536,False,52
275,33.0776,6.03407,False,52
280,3.07746,5.14095,False,52
289,5.13404,29.0564,False,52
290,6.11651,6.11672,False,52
291,6.13288,6.12407,False,52
292,5.1419,6.12787,False,52
293,15.10705,30.14391,False,52
294,10.03171,6.0875,False,52
295,25.08641,36.07779,False,52
296,20.10785,4.03903,False,52
297,6.00343,35.05789,False,52
298,2.00732,33.01535,False,52
299,6.05063,34.02725,False,52
300,4.04379,33.13698,False,52
301,4.09604,33.07107,False,52
302,6.01166,35.06418,False,52
303,5.10307,33.01711,False,52
308,3.13587,31.08032,False,52
317,3.09094,22.07795,False,52
318,6.04864,36.08143,False,52
319,5.09175,30.09029,False,52
320,4.11533,27.14182,False,52
321,4.04635,34.06092,False,52
322,5.0756499999999996,18.00355,False,52
323,2.01668,17.14529,False,52
324,2.11734,23.06243,False,52
325,2.10789,25.13483,False,52
326,4.00444,18.06224,False,52
328,5.11731,25.03304,False,52
329,20.1024,31.12557,False,52
330,6.06111,30.14032,False,52
331,5.04987,20.00896,False,52
332,5.05098,30.1101,False,52
333,33.04058,30.04371,False,52
334,6.031,6.13247,False,52
335,5.12794,30.01673,False,52
336,5.12627,30.0814,False,52
337,6.07602,25.11797,False,52
339,5.11426,28.07229,False,52
340,1.0,1.14555,True,52
341,1.0,25.07681,True,52
342,36.02277,5.05715,False,52
343,1.0,1.0,True,52
346,6.01976,27.04044,False,52
347,6.10874,33.04468,False,52
348,6.03915,27.10355,False,52
349,2.1263199999999998,25.04117,False,52
350,6.14057,29.07447,False,52
351,6.14153,25.10143,False,52
352,6.10999,34.02493,False,52
353,34.08444,37.11411,False,52
354,34.0332,34.01471,False,52
355,5.02682,23.00427,False,52
357,5.12162,29.05649,False,52
358,6.03225,28.12646,False,52
359,6.00731,32.11254,False,52
361,6.05556,30.11985,False,52
363,35.05773,35.04706,False,52
364,35.06348,35.04708,False,52
365,3.05776,23.1456,False,52
366,5.12354,5.09511,False,52
367,35.02051,35.01911,False,52
370,6.0939,28.1252,False,52
371,6.1237,33.11671,False,52
372,6.13869,33.06223,False,52
373,6.04684,6.14205,False,52
374,1.05809,37.08607,False,52
375,5.1085,23.00654,False,52
376,6.0986,5.1427,False,52
377,6.0489,2.1259,False,52
378,33.1451,28.10342,False,52
379,28.11655,5.11221,False,52
380,34.11819,33.11861,False,52
381,6.05684,5.07202,False,52
383,5.02994,30.12589,False,52
384,6.12312,30.08471,False,52
385,2.03375,25.14365,False,52
386,1.12601,27.0574,False,52
387,1.03771,34.03706,False,52
388,3.02511,5.13539,False,52
389,2.10592,7.07515,False,52
390,3.14698,27.029,False,52
391,5.08042,23.03291,False,52
394,5.11587,30.00119,False,52
395,35.13038,2.11163,False,52
396,35.14741,3.07058,False,52
397,35.0556,4.12671,False,52
398,35.09405,33.0016,False,52
403,6.02265,19.00771,False,52
404,35.08263,34.07248,False,52
405,35.07008,5.0793800000000005,False,52
406,6.03424,4.09185,False,52
407,29.07687,28.12094,False,52
408,1.0,4.03018,True,52
412,10.03183,34.10235,False,52
413,20.0672,25.06903,False,52
414,10.11749,31.07503,False,52
415,30.13852,28.07782,False,52
416,33.07285,20.00062,False,52
417,6.10301,28.06354,False,52
418,35.08358,35.05446,False,52
419,33.09279,33.04265,False,52
420,33.07077,33.02269,False,52
421,33.07139,33.00497,False,52
422,30.09564,28.09444,False,52
423,6.10104,23.03609,False,52
425,6.03863,5.07731,False,52
426,6.06533,33.13876,False,52
427,6.11911,6.14334,False,52
428,33.09592,33.14245,False,52
429,33.10225,28.12392,False,52
1,6.07843,23.09866,False,53
3,4.10624,4.07196,False,53
5,6.00835,37.07702,False,53
6,5.10138,33.02802,False,53
7,4.06505,1.0,False,53
9,4.12393,5.03344,False,53
10,4.02891,4.10813,False,53
11,6.141,1.0,False,53
13,6.08428,6.14244,False,53
17,6.02075,28.00521,False,53
18,6.02556,6.03932,False,53
19,1.0,33.04583,True,53
21,6.06252,18.02897,False,53
22,6.11572,6.12853,False,53
25,6.00802,19.12517,False,53
29,3.10355,5.1434,False,53
30,6.05306,6.12965,False,53
69,2.06919,24.09422,False,53
70,28.00368,23.05672,False,53
71,6.06959,28.04611,False,53
72,33.12435,33.00622,False,53
73,28.01923,28.06196,False,53
74,33.02952,37.11042,False,53
75,34.07436,33.13677,False,53
76,6.13188,28.00727,False,53
77,18.11652,6.12663,False,53
78,6.02656,29.12216,False,53
79,6.12755,6.12178,False,53
82,6.0298,29.13115,False,53
83,3.03189,18.06142,False,53
84,33.01784,1.0,False,53
85,2.05222,1.0,False,53
86,1.0,29.07907,True,53
91,5.10752,5.14452,False,53
92,6.05884,28.06912,False,53
93,6.11659,23.12842,False,53
95,4.14527,5.12646,False,53
98,5.13691,30.08575,False,53
99,22.00187,34.14341,False,53
100,6.05413,35.02282,False,53
101,5.06069,23.06626,False,53
103,6.13711,25.08999,False,53
104,6.03881,30.06319,False,53
106,3.01276,28.14014,False,53
107,4.08398,26.06002,False,53
109,6.13308,34.03797,False,53
110,6.0443,28.06039,False,53
111,3.05916,33.08056,False,53
112,3.08765,22.10979,False,53
113,5.03978,28.12613,False,53
114,2.09883,5.1276,False,53
115,6.05979,5.13716,False,53
116,3.06553,28.1264,False,53
117,4.08599,5.1454,False,53
118,2.04209,18.09539,False,53
120,2.05279,34.07384,False,53
121,2.0688,5.13278,False,53
122,1.00286,5.11276,False,53
123,2.1366,6.0557,False,53
124,5.05826,37.09334,False,53
125,35.0199,34.1117,False,53
126,35.04839,30.0821,False,53
127,6.08451,24.11136,False,53
128,6.02847,30.03731,False,53
129,6.0805,30.09615,False,53
130,35.12562,35.10428,False,53
131,4.07192,5.00626,False,53
133,3.09803,5.0709,False,53
134,4.04448,5.10675,False,53
135,4.1235,4.03116,False,53
136,4.02784,4.04921,False,53
137,4.10865,5.1357800000000005,False,53
139,5.05562,5.12511,False,53
140,4.02581,3.11144,False,53
141,6.10465,2.12966,False,53
142,3.045,3.0563,False,53
143,1.06684,5.01998,False,53
144,4.00008,5.11628,False,53
145,30.13045,1.0,False,53
146,1.0,1.0,True,53
147,2.04024,1.0,False,53
148,1.0,1.0,True,53
149,1.0,18.03993,True,53
150,35.06085,1.0,False,53
151,1.0,1.0218,True,53
153,6.12953,6.10451,False,53
154,6.04057,28.03345,False,53
155,4.0117,23.1223,False,53
156,5.01214,28.03231,False,53
157,1.03868,5.06344,False,53
158,4.13992,18.00522,False,53
159,3.01017,23.00601,False,53
160,4.11708,23.13497,False,53
161,4.09964,18.01603,False,53
162,34.05148,29.14683,False,53
164,5.05108,37.06321,False,53
165,35.02854,6.09635,False,53
166,35.07043,30.06372,False,53
167,6.07852,5.13556,False,53
168,35.02433,1.0,False,53
169,35.01498,30.04726,False,53
173,6.02878,29.11045,False,53
175,3.08791,4.12756,False,53
176,5.05111,5.00013,False,53
177,6.12315,30.04167,False,53
178,34.00769,35.04147,False,53
179,6.138,34.12364,False,53
180,28.14185,28.12244,False,53
181,33.05814,35.0054,False,53
182,6.1432,25.04843,False,53
183,6.12348,35.01802,False,53
184,6.13047,37.07519,False,53
185,6.12397,28.02281,False,53
186,6.0525,37.02409,False,53
188,1.09371,37.08008,False,53
189,34.0829,34.06294,False,53
190,6.12925,23.12246,False,53
191,6.06514,30.1071,False,53
192,6.03037,25.10522,False,53
193,36.07909,35.07836,False,53
194,6.12343,25.00281,False,53
195,6.13378,28.14137,False,53
197,2.13248,30.01689,False,53
198,6.0365,25.02352,False,53
199,23.04476,30.14321,False,53
200,6.14614,6.08433,False,53
201,6.03161,5.0651,False,53
202,37.02703,37.02065,False,53
203,30.05291,30.11479,False,53
204,6.04436,30.05271,False,53
206,2.13231,30.02576,False,53
207,6.0789,28.08045,False,53
208,5.10261,5.14084,False,53
209,28.11801,28.13105,False,53
210,28.00154,28.05529,False,53
211,33.00003,28.05089,False,53
212,5.00018,4.11526,False,53
213,5.09861,13.07021,False,53
216,6.08221,28.10333,False,53
217,6.13846,29.09455,False,53
218,6.08967,30.05042,False,53
219,6.12349,25.02502,False,53
222,5.11589,28.04505,False,53
225,33.14093,33.13657,False,53
226,6.0917,35.043,False,53
227,34.06308,37.0745,False,53
229,33.10811,33.12655,False,53
230,33.07525,33.08136,False,53
233,6.02681,30.13417,False,53
234,33.00502,30.03625,False,53
235,33.126,30.12016,False,53
236,4.11833,4.09664,False,53
237,6.0666,5.10903,False,53
242,4.12195,24.04469,False,53
243,6.1139,6.03734,False,53
251,34.13192,34.09839,False,53
252,6.07928,28.08418,False,53
253,4.00505,30.00436,False,53
254,1.04392,4.01325,False,53
255,3.11188,13.05028,False,53
256,2.09098,30.10516,False,53
257,4.11015,20.04814,False,53
258,5.12243,18.05596,False,53
259,33.12417,5.02583,False,53
260,5.01886,5.02471,False,53
262,1.13453,36.09307,False,53
263,3.12814,6.02798,False,53
264,6.09024,29.05601,False,53
265,5.08748,6.0725999999999996,False,53
270,33.00836,6.1065,False,53
271,6.08906,28.10828,False,53
272,6.01687,5.10126,False,53
273,6.03809,5.11424,False,53
274,6.02141,5.13365,False,53
275,33.00723,6.13377,False,53
280,3.10775,5.13616,False,53
289,5.14699,29.02382,False,53
290,6.1026299999999996,6.12279,False,53
291,6.14123,6.13426,False,53
292,5.03785,6.03151,False,53
293,15.02431,30.11264,False,53
294,10.01275,6.06206,False,53
295,25.07816,36.13559,False,53
296,20.0542,4.0067,False,53
297,6.09179,35.10594,False,53
298,1.04966,33.14577,False,53
299,6.04918,34.0499,False,53
300,4.05877,33.07489,False,53
301,4.13006,33.04332,False,53
302,6.05005,35.12234,False,53
303,5.13,33.07561,False,53
308,5.08379,31.04928,False,53
317,3.06342,22.07182,False,53
318,4.13676,36.081,False,53
319,5.13445,30.0923,False,53
320,4.12014,27.01295,False,53
321,3.1390000000000002,34.11528,False,53
322,5.09509,18.11366,False,53
323,3.04275,17.10501,False,53
324,1.1168,23.08033,False,53
325,2.05274,25.12909,False,53
326,3.11806,18.14568,False,53
328,5.0477,25.06589,False,53
329,20.07054,31.03952,False,53
330,6.00653,28.01407,False,53
331,5.0529,20.05507,False,53
332,5.12544,30.11548,False,53
333,33.00832,30.11239,False,53
334,6.11905,6.13406,False,53
335,5.08757,30.11626,False,53
336,5.09353,30.07897,False,53
337,6.01743,25.10234,False,53
339,5.10872,28.00077,False,53
340,1.0,1.05083,True,53
341,1.0,25.02074,True,53
342,36.09027,5.04807,False,53
343,1.0,1.0,True,53
346,6.05539,27.13081,False,53
347,6.06115,33.06976,False,53
348,6.0397,27.10165,False,53
349,2.07987,25.03659,False,53
350,28.07965,29.11326,False,53
351,6.09333,25.13872,False,53
352,6.12488,34.07758,False,53
353,34.02668,37.09566,False,53
354,34.06676,34.02767,False,53
355,5.0191,23.0339,False,53
357,5.07708,29.06881,False,53
358,6.04413,28.07003,False,53
359,6.00532,32.11241,False,53
361,6.05381,25.14335,False,53
363,35.10085,35.09099,False,53
364,35.1299,35.06332,False,53
365,3.12696,23.06502,False,53
366,5.11785,5.11668,False,53
367,35.04596,35.01092,False,53
370,6.07755,28.13943,False,53
371,6.14671,33.05325,False,53
372,6.14179,33.13409,False,53
373,6.07573,6.05616,False,53
374,1.1286100000000001,37.09816,False,53
375,5.14733,4.0373,False,53
376,6.1167,5.11094,False,53
377,2.09624,1.0,False,53
378,33.00843,28.02586,False,53
379,28.08671,5.14714,False,53
380,34.00031,33.05734,False,53
381,6.02316,5.05056,False,53
383,5.07285,28.02036,False,53
384,6.07391,28.063,False,53
385,2.0717,25.11921,False,53
386,1.06224,27.02679,False,53
387,2.05949,34.04688,False,53
388,2.10921,5.11914,False,53
389,2.07145,7.03092,False,53
390,3.13538,27.09319,False,53
391,3.0349,23.04936,False,53
394,5.06988,30.07798,False,53
395,35.03129,2.13599,False,53
396,35.1034,3.10133,False,53
397,35.05343,4.01832,False,53
398,35.0552,33.11539,False,53
403,6.1009,19.1007,False,53
404,35.13147,34.10658,False,53
405,35.07035,5.0266,False,53
406,6.00942,4.11926,False,53
407,29.05872,28.0527,False,53
408,1.0,4.0963,True,53
412,10.05395,34.03057,False,53
413,20.03498,25.02828,False,53
414,10.03687,31.10679,False,53
415,30.14588,28.03788,False,53
416,33.032,20.02669,False,53
417,6.12457,28.04621,False,53
418,35.05762,35.03808,False,53
419,33.07828,33.0374,False,53
420,33.13878,33.1124,False,53
421,33.0904,33.03742,False,53
422,28.11313,30.04651,False,53
423,6.06941,23.03876,False,53
425,5.00285,37.09291,False,53
426,6.05803,33.12571,False,53
427,6.05697,6.11881,False,53
428,33.05323,33.08979,False,53
429,33.1377,28.09548,False,53
1,6.05455,23.02212,False,54
3,4.1454,4.0184,False,54
5,6.00889,37.13814,False,54
6,5.04366,33.02992,False,54
7,4.03596,1.0,False,54
9,5.0226,5.12729,False,54
10,5.00694,4.0725999999999996,False,54
11,6.10358,1.0,False,54
13,6.13374,6.06635,False,54
17,6.01948,28.08492,False,54
18,6.00905,6.01488,False,54
19,1.0,33.01108,True,54
21,6.05474,29.07442,False,54
22,6.13538,6.13393,False,54
25,6.00406,19.12192,False,54
29,4.07303,5.14256,False,54
30,6.05184,6.06862,False,54
69,2.02442,24.06441,False,54
70,28.05552,23.03562,False,54
71,6.05238,28.07657,False,54
72,33.05979,33.02808,False,54
73,28.10519,28.05111,False,54
74,33.02842,37.00764,False,54
75,34.0504,33.13683,False,54
76,6.14427,6.14083,False,54
77,18.03885,6.13171,False,54
78,6.02145,29.01182,False,54
79,6.10147,6.10031,False,54
82,3.12158,29.07569,False,54
83,3.00998,18.12685,False,54
84,33.00938,1.0,False,54
85,2.00857,1.0,False,54
86,1.0,29.03682,True,54
91,5.1018,5.1189,False,54
92,6.09269,28.13275,False,54
93,6.13437,23.02922,False,54
95,4.01046,5.05966,False,54
98,5.12164,30.01586,False,54
99,22.06582,34.1167,False,54
100,6.08073,35.03314,False,54
101,3.00416,23.00344,False,54
103,6.13544,25.09804,False,54
104,6.03147,30.08529,False,54
106,3.01987,28.07714,False,54
107,4.12332,26.09139,False,54
109,6.11789,34.01392,False,54
110,6.08237,28.02341,False,54
111,5.09409,33.00997,False,54
112,4.11615,22.12584,False,54
113,5.08515,28.05033,False,54
114,2.05319,5.14159,False,54
115,6.00707,5.13095,False,54
116,3.04014,28.13717,False,54
117,3.08159,5.06712,False,54
118,2.02189,18.02219,False,54
120,2.08883,34.13153,False,54
121,3.0366,5.13697,False,54
122,2.11638,5.14407,False,54
123,2.05581,6.07401,False,54
124,2.02227,37.1233,False,54
125,35.04312,34.12995,False,54
126,35.0976,30.01669,False,54
127,6.13258,24.08342,False,54
128,4.06824,30.1265,False,54
129,6.12861,30.02873,False,54
130,35.06047,35.05997,False,54
131,4.13728,5.08898,False,54
133,3.12408,5.13537,False,54
134,4.0559,4.0496,False,54
135,4.07982,4.0325,False,54
136,6.00083,4.12662,False,54
137,4.06463,5.00139,False,54
139,5.1474,5.14446,False,54
140,4.02102,3.10821,False,54
141,6.10877,2.03888,False,54
142,3.12708,3.02994,False,54
143,1.03533,5.02539,False,54
144,4.03505,5.10412,False,54
145,1.0,30.14114,True,54
146,1.0,1.0,True,54
147,2.08105,1.0,False,54
148,1.0,1.0,True,54
149,1.0,18.10192,True,54
150,35.04322,1.0,False,54
151,1.0,1.07123,True,54
153,6.11659,6.11106,False,54
154,6.03991,28.05442,False,54
155,4.12011,23.08135,False,54
156,6.08028,5.13504,False,54
157,1.11906,5.05558,False,54
158,4.06064,18.11888,False,54
159,1.02571,23.0767,False,54
160,4.04506,23.14574,False,54
161,4.09043,18.00315,False,54
162,34.14422,29.03746,False,54
164,5.09691,37.09108,False,54
165,35.02217,6.03106,False,54
166,35.02417,30.11461,False,54
167,6.1323,5.04207,False,54
168,35.0537,1.0,False,54
169,35.00934,30.09879,False,54
173,6.00882,29.09749,False,54
175,3.06655,4.09929,False,54
176,5.01257,5.04536,False,54
177,6.12514,30.12523,False,54
178,34.00417,35.01679,False,54
179,6.14564,34.10644,False,54
180,28.126829999999998,28.11649,False,54
181,33.08952,35.01816,False,54
182,6.14402,25.11392,False,54
183,6.10176,35.02149,False,54
184,6.10823,37.06257,False,54
185,6.11589,28.10467,False,54
186,6.0788,37.07729,False,54
188,1.145,37.13336,False,54
189,34.14733,34.1235,False,54
190,6.11999,23.0992,False,54
191,6.02701,30.13499,False,54
192,6.09921,25.05139,False,54
193,36.11242,35.08487,False,54
194,6.01088,25.07751,False,54
195,6.11758,28.05006,False,54
197,1.04856,30.10256,False,54
198,6.04886,25.07764,False,54
199,23.07617,29.07116,False,54
200,6.10829,6.09808,False,54
201,6.12142,5.13626,False,54
202,37.05166,37.04705,False,54
203,30.09466,30.12376,False,54
204,4.06731,30.08094,False,54
206,2.01102,30.12399,False,54
207,6.13307,28.05398,False,54
208,5.03908,5.14203,False,54
209,28.11526,28.07098,False,54
210,28.05104,28.11299,False,54
211,33.11328,28.03217,False,54
212,5.04992,4.14187,False,54
213,5.13392,13.01226,False,54
216,6.11082,28.10439,False,54
217,6.12783,29.08563,False,54
218,6.12071,30.12205,False,54
219,6.10179,25.12191,False,54
222,5.05481,28.08269,False,54
225,33.0812,33.04514,False,54
226,6.07022,35.02664,False,54
227,34.02833,37.00337,False,54
229,33.10117,33.11556,False,54
230,33.01829,33.06512,False,54
233,5.06134,30.12649,False,54
234,33.004,30.03309,False,54
235,33.04808,30.07075,False,54
236,4.12074,4.09623,False,54
237,6.06303,5.13072,False,54
242,4.09569,24.02715,False,54
243,6.09816,6.0418,False,54
251,34.09666,34.07785,False,54
252,6.08594,28.11678,False,54
253,4.08973,30.1111,False,54
254,1.10115,4.04943,False,54
255,3.09633,13.11839,False,54
256,2.0901,30.01415,False,54
257,4.09818,20.07226,False,54
258,5.02859,18.02855,False,54
259,33.01731,5.08317,False,54
260,5.0031,5.04148,False,54
262,1.03658,36.05824,False,54
263,3.14682,6.01729,False,54
264,6.13198,29.1033,False,54
265,5.12059,6.00399,False,54
270,33.0473,6.00993,False,54
271,6.14618,28.10298,False,54
272,6.11401,5.13525,False,54
273,6.0349,5.09767,False,54
274,6.02643,5.129,False,54
275,33.01806,6.11419,False,54
280,3.1315,5.07177,False,54
289,5.14356,29.098,False,54
290,6.05825,6.12833,False,54
291,6.14322,6.13074,False,54
292,5.03029,6.08867,False,54
293,15.10963,31.1037,False,54
294,10.06627,10.10278,False,54
295,25.02473,36.07885,False,54
296,20.02564,4.05239,False,54
297,6.02115,35.05329,False,54
298,1.14575,33.07873,False,54
299,6.07746,34.06198,False,54
300,6.00738,33.07155,False,54
301,4.09903,33.01963,False,54
302,5.03623,35.11854,False,54
303,5.03404,33.10457,False,54
308,3.10154,31.12719,False,54
317,4.05839,22.01277,False,54
318,4.12674,36.0172,False,54
319,5.10139,30.12269,False,54
320,4.11777,27.09185,False,54
321,3.08141,34.03645,False,54
322,5.00876,18.13573,False,54
323,2.08267,17.0324,False,54
324,1.07035,23.02345,False,54
325,4.11208,25.09825,False,54
326,3.08892,28.06362,False,54
328,5.07072,25.07849,False,54
329,6.12711,31.03399,False,54
330,6.04755,30.10133,False,54
331,5.06716,20.10164,False,54
332,5.13526,30.02302,False,54
333,33.04464,30.02076,False,54
334,6.10743,6.09916,False,54
335,5.10135,30.11626,False,54
336,5.0884,30.13314,False,54
337,6.05574,25.09281,False,54
339,5.06077,28.04801,False,54
340,1.0,1.111,True,54
341,1.0,25.0127,True,54
342,36.03223,5.00808,False,54
343,1.0,1.0,True,54
346,6.0663,27.10769,False,54
347,6.12578,33.08786,False,54
348,6.04765,27.06681,False,54
349,4.09159,25.13607,False,54
350,6.13295,29.12693,False,54
351,6.10623,25.00219,False,54
352,6.09639,34.03327,False,54
353,34.06112,37.07214,False,54
354,34.12767,34.08358,False,54
355,5.05598,23.0354,False,54
357,5.11171,28.13223,False,54
358,6.04045,28.04838,False,54
359,6.00751,32.07485,False,54
361,6.07517,25.09323,False,54
363,35.1099,35.08691,False,54
364,35.1225,35.12018,False,54
365,3.12535,23.12473,False,54
366,5.08082,5.09372,False,54
367,35.07707,35.01828,False,54
370,6.10831,28.12993,False,54
371,6.13848,33.06471,False,54
372,6.14197,33.08298,False,54
373,6.03832,6.06901,False,54
374,1.0019,37.0507,False,54
375,5.00277,4.0301,False,54
376,6.11262,5.01262,False,54
377,6.02957,2.03492,False,54
378,33.12378,28.01614,False,54
379,28.06044,5.13204,False,54
380,34.00447,33.11523,False,54
381,6.10591,5.12546,False,54
383,5.03853,28.08669,False,54
384,6.12732,28.01483,False,54
385,2.1214,25.13389,False,54
386,1.091,27.07739,False,54
387,2.021,34.02238,False,54
388,2.1253,5.05227,False,54
389,2.0131,7.08012,False,54
390,3.04026,27.14414,False,54
391,2.05348,23.01761,False,54
394,5.01562,30.00746,False,54
395,35.06564,2.13369,False,54
396,35.05908,3.0931,False,54
397,35.04667,4.03559,False,54
398,35.02911,33.14505,False,54
403,6.02358,19.06379,False,54
404,35.11832,34.09855,False,54
405,35.04168,5.06221,False,54
406,6.08389,4.01305,False,54
407,29.02486,28.1115,False,54
408,1.0,4.11515,True,54
412,10.03471,34.1207,False,54
413,20.12788,25.04299,False,54
414,10.09472,31.0181,False,54
415,30.0119,28.11133,False,54
416,33.07647,20.12947,False,54
417,6.13068,28.11846,False,54
418,35.12601,35.10858,False,54
419,33.12588,33.09165,False,54
420,33.13807,33.11397,False,54
421,33.11458,33.05331,False,54
422,28.09876,30.11403,False,54
423,6.08481,23.11407,False,54
425,6.08948,37.0308,False,54
426,6.04583,33.14259,False,54
427,6.10513,6.12275,False,54
428,33.06613,33.10433,False,54
429,33.0007,28.13243,False,54
1,6.04334,23.06533,False,55
3,4.08549,4.02297,False,55
5,6.05813,37.04066,False,55
6,5.08599,33.12242,False,55
7,4.04124,1.0,False,55
9,4.04872,5.1455400000000004,False,55
10,4.04088,4.09913,False,55
11,6.13165,1.0,False,55
13,6.09292,6.07623,False,55
17,6.0156,28.12358,False,55
18,6.04222,6.05311,False,55
19,1.0,33.02538,True,55
21,6.0747,18.14736,False,55
22,6.14356,6.14313,False,55
25,6.0408,19.13661,False,55
29,3.07625,5.1131,False,55
30,6.05162,6.07916,False,55
69,2.0472,24.112,False,55
70,28.07569,23.09957,False,55
71,6.10075,6.07734,False,55
72,33.02684,33.01954,False,55
73,28.03207,28.06666,False,55
74,33.03143,37.09985,False,55
75,34.02324,33.05415,False,55
76,6.11552,28.05126,False,55
77,18.10931,6.12814,False,55
78,6.02942,29.12908,False,55
79,6.1306,6.12018,False,55
82,6.04609,29.04271,False,55
83,3.06996,18.06364,False,55
84,33.00118,1.0,False,55
85,1.0,2.03991,True,55
86,1.0,29.09277,True,55
91,5.07219,5.14278,False,55
92,6.06625,6.06242,False,55
93,6.13603,23.03267,False,55
95,4.04298,5.12951,False,55
98,5.1254,30.06637,False,55
99,22.06743,34.09891,False,55
100,6.09429,35.06831,False,55
101,3.10778,23.06093,False,55
103,6.10484,25.03598,False,55
104,6.07923,30.13064,False,55
106,3.00103,28.05569,False,55
107,4.06449,26.12118,False,55
109,6.09013,34.03697,False,55
110,6.06514,28.14576,False,55
111,5.0345,33.03949,False,55
112,3.03583,22.13117,False,55
113,5.09237,28.0159,False,55
114,2.10137,5.11698,False,55
115,6.00877,5.09147,False,55
116,3.03859,28.11939,False,55
117,4.05777,5.09714,False,55
118,2.09021,18.04308,False,55
120,2.02103,34.05757,False,55
121,3.02906,5.12286,False,55
122,2.08478,5.13979,False,55
123,2.08936,6.05482,False,55
124,2.13643,37.12786,False,55
125,35.06639,34.03203,False,55
126,35.02628,30.08714,False,55
127,6.10039,24.07914,False,55
128,4.13848,30.04201,False,55
129,6.14111,30.05387,False,55
130,35.12129,35.10887,False,55
131,4.0529,5.00361,False,55
133,3.07878,5.14487,False,55
134,4.03255,5.0743,False,55
135,2.07044,4.13552,False,55
136,4.06921,4.12655,False,55
137,4.01089,5.09544,False,55
139,5.06729,5.03707,False,55
140,4.09496,3.08471,False,55
141,6.00844,2.07195,False,55
142,3.02729,3.09173,False,55
143,1.00909,5.1193,False,55
144,4.09641,5.13835,False,55
145,30.14434,1.0,False,55
146,1.0,1.0,True,55
147,2.01201,1.0,False,55
148,1.0,1.0,True,55
149,1.0,18.11672,True,55
150,35.14677,1.0,False,55
151,1.0,1.07476,True,55
153,6.1226,6.10412,False,55
154,6.03103,28.03198,False,55
155,4.07015,5.12563,False,55
156,5.10662,28.11189,False,55
157,1.02299,5.0124,False,55
158,4.06235,18.07892,False,55
159,3.10766,23.06882,False,55
160,4.11241,23.08116,False,55
161,4.11725,18.08045,False,55
162,34.05392,29.14533,False,55
164,5.08911,37.06459,False,55
165,35.08376,6.02462,False,55
166,35.05376,30.09394,False,55
167,6.13527,5.0382,False,55
168,35.02751,1.0,False,55
169,35.08097,30.04277,False,55
173,6.02653,28.09479,False,55
175,3.14158,3.14057,False,55
176,5.01895,5.04213,False,55
177,6.09984,30.14532,False,55
178,34.02786,35.01524,False,55
179,6.14735,34.0228,False,55
180,28.03048,28.05585,False,55
181,33.06775,35.02281,False,55
182,6.13676,10.03633,False,55
183,6.1166,35.11827,False,55
184,6.05847,37.09304,False,55
185,6.08508,28.09358,False,55
186,6.02933,37.10431,False,55
188,1.12221,37.07556,False,55
189,34.09687,34.07675,False,55
190,6.13774,23.09413,False,55
191,6.08501,30.12123,False,55
192,6.13487,25.12773,False,55
193,36.13815,35.13336,False,55
194,6.03945,25.02193,False,55
195,6.04797,28.07738,False,55
197,2.0978,29.10276,False,55
198,6.09999,25.13688,False,55
199,6.11696,30.0418,False,55
200,6.08651,6.03195,False,55
201,6.10122,5.08568,False,55
202,37.0268,37.12332,False,55
203,30.12705,30.06904,False,55
204,4.08913,30.11678,False,55
206,2.02643,30.14208,False,55
207,6.12835,28.04601,False,55
208,5.07664,5.12889,False,55
209,28.10609,28.09824,False,55
210,28.05029,28.07767,False,55
211,33.04942,28.04101,False,55
212,5.05476,4.12462,False,55
213,5.14332,13.10621,False,55
216,6.11079,28.1464,False,55
217,6.13378,29.03749,False,55
218,6.0641,30.12937,False,55
219,6.13989,25.12804,False,55
222,5.10327,28.09224,False,55
225,33.14512,33.12226,False,55
226,6.08713,35.12856,False,55
227,34.1418,37.04144,False,55
229,33.08991,33.10962,False,55
230,33.06649,33.05819,False,55
233,6.03168,30.13719,False,55
234,33.01192,30.0531,False,55
235,33.01376,30.05373,False,55
236,4.12198,4.10678,False,55
237,6.09505,5.10725,False,55
242,4.01085,24.09459,False,55
243,6.03956,6.02249,False,55
251,34.06494,34.04472,False,55
252,6.04588,28.09035,False,55
253,4.01719,30.09195,False,55
254,1.06684,4.05,False,55
255,3.1117,13.02999,False,55
256,2.08631,30.09592,False,55
257,4.09493,20.10869,False,55
258,1.12512,18.03926,False,55
259,33.01047,5.10951,False,55
260,5.10171,5.06334,False,55
262,1.10519,36.12763,False,55
263,3.05747,6.01782,False,55
264,6.10305,29.12516,False,55
265,5.02037,6.01124,False,55
270,33.06938,6.06079,False,55
271,6.08521,28.05226,False,55
272,6.01461,5.14122,False,55
273,6.04152,5.11058,False,55
274,6.02824,5.10872,False,55
275,33.04499,6.01979,False,55
280,3.0435,5.14595,False,55
289,5.14288,29.01698,False,55
290,6.08503,6.12595,False,55
291,6.11906,6.14525,False,55
292,5.10416,6.09071,False,55
293,15.06849,30.08011,False,55
294,10.03465,30.11206,False,55
295,25.01648,36.09174,False,55
296,20.03441,4.05326,False,55
297,6.08678,35.07735,False,55
298,1.13879,33.01657,False,55
299,6.08196,34.00898,False,55
300,6.10022,33.07836,False,55
301,4.11821,33.02087,False,55
302,5.03736,35.08234,False,55
303,33.03586,33.02617,False,55
308,3.045,31.10539,False,55
317,4.04112,22.14218,False,55
318,6.02894,36.05354,False,55
319,5.14291,30.12648,False,55
320,4.08342,27.09471,False,55
321,3.13212,34.14456,False,55
322,5.02535,18.1468,False,55
323,3.00439,17.06815,False,55
324,2.14238,23.04414,False,55
325,4.05036,25.08305,False,55
326,3.14466,28.06073,False,55
328,5.00831,25.04495,False,55
329,20.04934,31.04759,False,55
330,6.00995,30.05675,False,55
331,5.05678,20.12329,False,55
332,5.03505,30.08702,False,55
333,33.07524,30.11194,False,55
334,6.04707,6.1046,False,55
335,5.06064,30.14392,False,55
336,5.08173,30.07397,False,55
337,6.00184,25.11969,False,55
339,6.02695,28.12991,False,55
340,1.0,1.06084,True,55
341,1.0,25.1255,True,55
342,36.08159,5.0979,False,55
343,1.0,1.0,True,55
346,6.10247,27.05888,False,55
347,6.10268,33.05643,False,55
348,6.01263,27.03866,False,55
349,2.11578,25.10316,False,55
350,28.10015,29.11918,False,55
351,6.1358,25.08254,False,55
352,6.13641,34.01382,False,55
353,34.09176,37.03801,False,55
354,34.09701,34.07159,False,55
355,5.06075,23.02704,False,55
357,5.08505,29.10108,False,55
358,6.00147,28.09055,False,55
359,6.00586,32.12783,False,55
361,6.05886,25.12014,False,55
363,35.08993,35.07853,False,55
364,35.10135,35.05601,False,55
365,3.00262,23.02178,False,55
366,5.07251,5.13669,False,55
367,35.03154,35.0224,False,55
370,6.065,28.09382,False,55
371,6.13017,33.0066,False,55
372,6.14311,33.10111,False,55
373,6.05407,6.04433,False,55
374,1.03061,37.07376,False,55
375,5.06168,4.11451,False,55
376,6.05637,5.05408,False,55
377,6.10282,2.03959,False,55
378,33.11495,28.0635,False,55
379,28.0759,5.12289,False,55
380,34.08178,33.0132,False,55
381,6.10508,5.03029,False,55
383,5.07876,28.08997,False,55
384,6.14114,30.10155,False,55
385,2.01421,25.12273,False,55
386,4.11166,27.10314,False,55
387,2.01757,34.07243,False,55
388,2.00271,5.10043,False,55
389,2.01956,7.03557,False,55
390,3.02097,27.1473,False,55
391,2.068,23.0824,False,55
394,5.07178,30.14194,False,55
395,35.06327,2.13129,False,55
396,35.04796,3.03851,False,55
397,35.02907,4.0387,False,55
398,35.07528,33.00254,False,55
403,6.05567,19.08089,False,55
404,35.00079,34.06362,False,55
405,35.08408,5.00333,False,55
406,6.02646,4.01137,False,55
407,29.02025,28.01035,False,55
408,1.0,4.1324,True,55
412,10.09741,34.10689,False,55
413,20.01403,15.0753,False,55
414,10.14452,31.01142,False,55
415,30.08693,28.09172,False,55
416,33.02816,20.11148,False,55
417,6.12791,28.13175,False,55
418,35.03001,35.01831,False,55
419,33.13257,33.01889,False,55
420,33.11907,33.07627,False,55
421,33.03464,33.01893,False,55
422,28.02312,30.09857,False,55
423,6.11564,23.08323,False,55
425,6.09512,5.12052,False,55
426,6.07043,33.13855,False,55
427,6.05653,6.13892,False,55
428,33.1143,33.14029,False,55
429,33.05913,28.12295,False,55
1,6.0869,23.00481,False,56
3,4.06982,4.01345,False,56
5,6.02635,37.11861,False,56
6,5.14397,33.05641,False,56
7,4.01335,1.0,False,56
9,5.03889,5.14652,False,56
10,5.02994,4.07633,False,56
11,6.06394,1.0,False,56
13,6.11414,6.07703,False,56
17,6.01842,28.10994,False,56
18,6.00162,6.04072,False,56
19,1.0,33.11391,True,56
21,6.06822,29.02937,False,56
22,6.10234,6.12606,False,56
25,6.02115,19.06079,False,56
29,2.09685,5.14011,False,56
30,6.06211,6.12559,False,56
69,2.13977,24.094,False,56
70,28.11109,23.07588,False,56
71,6.04443,6.03739,False,56
72,33.0811,33.00093,False,56
73,28.06918,28.11728,False,56
74,33.07206,33.06719,False,56
75,34.02981,33.11992,False,56
76,6.13678,28.03912,False,56
77,18.11362,6.11328,False,56
78,6.03954,23.10455,False,56
79,6.11239,6.11096,False,56
82,6.09584,29.08834,False,56
83,3.08395,18.0803,False,56
84,33.05969,1.0,False,56
85,1.0,2.0865,True,56
86,1.0,29.09869,True,56
91,5.07707,5.1315,False,56
92,6.07295,6.06895,False,56
93,6.11088,23.04703,False,56
95,4.06248,5.1296,False,56
98,5.08055,30.13586,False,56
99,22.04249,34.09327,False,56
100,6.11772,35.08766,False,56
101,3.08171,23.1181,False,56
103,6.03522,25.11352,False,56
104,6.05211,30.06679,False,56
106,3.05612,28.06713,False,56
107,4.02644,26.00181,False,56
109,6.12183,34.04352,False,56
110,6.06141,28.00582,False,56
111,5.14347,33.13915,False,56
112,4.0102,22.0467,False,56
113,5.0452,28.12314,False,56
114,2.10904,5.07076,False,56
115,6.01973,5.06607,False,56
116,3.07875,28.12705,False,56
117,4.02035,5.02848,False,56
118,2.13313,18.09146,False,56
120,2.07066,34.13884,False,56
121,3.03653,5.14497,False,56
122,2.00384,5.1421,False,56
123,2.09069,6.09843,False,56
124,4.01273,37.03538,False,56
125,35.01893,34.05508,False,56
126,35.0221,30.122,False,56
127,6.08494,24.06564,False,56
128,4.10935,30.14365,False,56
129,6.14578,30.10096,False,56
130,35.11646,35.08808,False,56
131,4.11671,5.05428,False,56
133,3.13642,5.13249,False,56
134,4.01839,5.11605,False,56
135,6.0986,4.05547,False,56
136,4.1339500000000005,4.06787,False,56
137,1.0,5.018,True,56
139,5.12899,5.06646,False,56
140,4.04914,3.0783,False,56
141,6.07722,2.04568,False,56
142,3.12004,3.03877,False,56
143,1.01391,5.0246,False,56
144,4.10064,5.13485,False,56
145,30.06722,1.0,False,56
146,1.0,1.0,True,56
147,2.0421,1.0,False,56
148,1.0,1.0,True,56
149,1.0,18.08663,True,56
150,35.13928,1.0,False,56
151,1.0,1.00509,True,56
153,6.1309,6.09596,False,56
154,6.05271,23.02328,False,56
155,4.13389,23.14086,False,56
156,6.06036,5.13748,False,56
157,1.10879,5.08876,False,56
158,4.10242,18.05887,False,56
159,1.00332,23.04176,False,56
160,4.04922,23.10685,False,56
161,4.1233,18.02248,False,56
162,34.14687,29.02519,False,56
164,5.03512,37.03451,False,56
165,35.06318,6.0305,False,56
166,35.13154,30.02239,False,56
167,6.00402,5.00707,False,56
168,35.03016,1.0,False,56
169,35.054,30.10163,False,56
173,6.03916,29.03986,False,56
175,3.06593,3.10826,False,56
176,5.1406,5.01649,False,56
177,6.07213,30.11249,False,56
178,34.01338,35.01844,False,56
179,6.13565,34.09945,False,56
180,28.10513,28.12488,False,56
181,33.00989,35.00624,False,56
182,6.14464,10.06085,False,56
183,6.0995,35.14286,False,56
184,6.12299,37.03427,False,56
185,6.12571,28.04359,False,56
186,6.08562,37.08879,False,56
188,1.03293,30.06364,False,56
189,34.09451,34.07048,False,56
190,6.12228,23.08884,False,56
191,6.02622,30.09499,False,56
192,6.03906,25.05519,False,56
193,36.12632,35.13883,False,56
194,6.05326,25.08054,False,56
195,6.01286,28.08818,False,56
197,2.11841,29.01067,False,56
198,6.06758,25.0737,False,56
199,6.11826,30.0599,False,56
200,6.14233,6.07176,False,56
201,6.00236,5.12282,False,56
202,37.02398,37.10729,False,56
203,30.1237,30.08769,False,56
204,4.13745,30.01007,False,56
206,2.01424,30.02212,False,56
207,6.06659,28.12217,False,56
208,5.08466,5.07068,False,56
209,28.14395,28.10877,False,56
210,28.0367,28.14052,False,56
211,33.0125,28.13161,False,56
212,4.14101,5.11803,False,56
213,5.10642,13.07945,False,56
216,6.09433,28.143,False,56
217,6.14418,29.14716,False,56
218,6.07075,30.13155,False,56
219,6.13948,25.02537,False,56
222,5.10067,28.10396,False,56
225,33.08702,33.05078,False,56
226,6.08865,35.13234,False,56
227,34.14732,37.08367,False,56
229,33.09632,33.12085,False,56
230,33.08534,33.07133,False,56
233,6.0052,30.0912,False,56
234,33.0071,30.05499,False,56
235,33.01956,30.04009,False,56
236,4.05918,4.12861,False,56
237,6.1332699999999996,5.07582,False,56
242,4.00487,24.06148,False,56
243,6.12135,6.10451,False,56
251,34.06859,34.05606,False,56
252,6.08693,28.11571,False,56
253,4.04879,30.07982,False,56
254,1.06881,4.10357,False,56
255,3.03679,13.00248,False,56
256,2.00678,30.14416,False,56
257,4.02361,20.00671,False,56
258,5.0574,18.07341,False,56
259,33.03027,5.13128,False,56
260,5.10469,5.08301,False,56
262,1.00721,36.05431,False,56
263,4.03442,6.00886,False,56
264,6.14485,29.10717,False,56
265,5.08873,6.04449,False,56
270,33.02617,6.11147,False,56
271,6.13889,28.13184,False,56
272,6.07673,5.13288,False,56
273,6.03091,5.12014,False,56
274,6.07872,5.10649,False,56
275,33.01751,6.06179,False,56
280,3.08158,5.11032,False,56
289,5.14008,29.10911,False,56
290,6.09727,6.11384,False,56
291,6.13765,6.13321,False,56
292,5.03837,6.11616,False,56
293,25.00273,30.11828,False,56
294,10.05052,6.10157,False,56
295,25.09754,36.08425,False,56
296,20.02161,4.04006,False,56
297,6.00486,35.0886,False,56
298,1.08416,33.11543,False,56
299,6.0408,34.04219,False,56
300,6.02346,33.13742,False,56
301,4.1418099999999995,33.02028,False,56
302,5.0622,35.03561,False,56
303,33.07717,33.09696,False,56
308,3.13104,31.11753,False,56
317,3.14149,22.08109,False,56
318,4.0968,36.11237,False,56
319,5.10205,30.07293,False,56
320,4.08543,27.09255,False,56
321,3.02728,34.03282,False,56
322,5.1271,18.08641,False,56
323,3.01679,17.01829,False,56
324,1.01459,23.13985,False,56
325,3.08678,25.08822,False,56
326,3.06189,18.06278,False,56
328,5.07762,25.07425,False,56
329,6.0721,31.04986,False,56
330,6.0445,30.07781,False,56
331,5.09394,20.05965,False,56
332,6.08741,20.1146,False,56
333,33.04584,30.04409,False,56
334,6.05964,6.09305,False,56
335,5.06266,30.081,False,56
336,5.11808,30.03492,False,56
337,6.01747,25.06275,False,56
339,5.01159,28.1,False,56
340,1.0,1.02077,True,56
341,1.0,25.02015,True,56
342,36.13127,5.14256,False,56
343,1.0,1.0,True,56
346,6.0067,27.134,False,56
347,6.047,33.12,False,56
348,6.05345,27.10522,False,56
349,2.09813,25.08393,False,56
350,28.09873,29.00037,False,56
351,6.12061,25.0934,False,56
352,6.12972,34.02679,False,56
353,34.0742,37.07793,False,56
354,34.14634,34.08657,False,56
355,5.00809,23.05424,False,56
357,5.09527,29.1239,False,56
358,6.00513,28.03291,False,56
359,6.00442,32.01331,False,56
361,6.06845,25.13975,False,56
363,35.11044,35.08984,False,56
364,35.10082,35.08285,False,56
365,3.07555,23.06518,False,56
366,5.09964,5.08794,False,56
367,35.04925,35.02521,False,56
370,6.09051,28.13069,False,56
371,6.1382,33.14272,False,56
372,6.14038,33.10379,False,56
373,6.0117,6.11742,False,56
374,1.05205,37.00485,False,56
375,5.1175,4.14581,False,56
376,6.14018,5.09427,False,56
377,6.12235,2.06225,False,56
378,33.13293,28.05336,False,56
379,28.13939,5.04146,False,56
380,34.07218,33.14046,False,56
381,6.12608,5.08484,False,56
383,5.08937,30.04592,False,56
384,6.12584,28.05137,False,56
385,1.03869,30.07013,False,56
386,4.12342,27.0245,False,56
387,2.03814,34.07518,False,56
388,2.05397,5.1399,False,56
389,2.02013,7.10987,False,56
390,3.08968,27.09845,False,56
391,5.03749,23.03257,False,56
394,5.00915,30.08799,False,56
395,35.07737,2.12273,False,56
396,35.00954,3.04582,False,56
397,35.00097,4.11034,False,56
398,35.05781,33.09951,False,56
403,6.01808,19.1344,False,56
404,35.06012,34.08187,False,56
405,35.00088,5.035,False,56
406,4.09407,1.0,False,56
407,29.03463,28.12719,False,56
408,1.0,4.00003,True,56
412,10.04348,34.13866,False,56
413,20.02936,25.0905,False,56
414,10.06287,31.00411,False,56
415,30.07202,28.10236,False,56
416,33.00812,20.12159,False,56
417,6.11505,28.11511,False,56
418,35.00831,35.00518,False,56
419,33.10036,33.08527,False,56
420,33.02534,33.00517,False,56
421,33.10365,33.06475,False,56
422,28.14574,30.02916,False,56
423,6.10975,23.13652,False,56
425,6.01135,37.13462,False,56
426,6.0528,33.10677,False,56
427,6.0799,6.1327,False,56
428,33.0708,33.09286,False,56
429,33.05566,28.07014,False,56
1,6.04543,23.07149,False,57
3,4.10465,4.08967,False,57
5,6.01088,37.06702,False,57
6,5.07574,33.06383,False,57
7,4.01574,1.0,False,57
9,5.0179,5.13552,False,57
10,4.07672,4.14422,False,57
11,6.13404,1.0,False,57
13,6.08586,6.05188,False,57
17,6.01939,29.13336,False,57
18,6.02532,6.07195,False,57
19,1.0,33.07585,True,57
21,6.03343,18.02709,False,57
22,6.13658,6.12441,False,57
25,6.00638,19.06621,False,57
29,4.03199,5.13742,False,57
30,6.06559,6.09207,False,57
69,2.11164,24.0361,False,57
70,28.1085,23.12031,False,57
71,6.04324,28.13282,False,57
72,33.05844,33.0362,False,57
73,28.09144,28.06785,False,57
74,33.02104,37.04161,False,57
75,34.01512,33.14046,False,57
76,6.13038,28.12566,False,57
77,18.05615,6.12866,False,57
78,6.03744,29.03113,False,57
79,6.1083,6.07393,False,57
82,3.07266,29.01826,False,57
83,3.10111,18.087,False,57
84,33.09363,1.0,False,57
85,1.0,2.1407,True,57
86,1.0,29.09227,True,57
91,5.11878,5.13559,False,57
92,6.06734,6.05173,False,57
93,6.10805,23.07156,False,57
95,4.02148,5.13646,False,57
98,5.0979,30.10028,False,57
99,22.00294,34.11325,False,57
100,6.1258,35.07669,False,57
101,5.00642,23.13477,False,57
103,6.06869,25.14183,False,57
104,6.02021,30.0057,False,57
106,3.01312,28.08159,False,57
107,4.01863,26.05004,False,57
109,6.13358,34.05855,False,57
110,6.09769,28.014,False,57
111,5.01968,33.0304,False,57
112,3.11195,22.10422,False,57
113,5.1041,28.14658,False,57
114,2.06488,5.11832,False,57
115,6.01168,5.14122,False,57
116,3.02535,28.1416,False,57
117,4.03746,5.1186,False,57
118,2.11502,18.1074,False,57
120,2.07726,34.07175,False,57
121,2.10423,5.10434,False,57
122,1.04094,5.14605,False,57
123,2.10534,6.04565,False,57
124,2.02158,37.14708,False,57
125,35.089,34.12032,False,57
126,35.05572,30.06153,False,57
127,6.07281,24.05607,False,57
128,4.12942,30.0244,False,57
129,6.0984,30.0968,False,57
130,35.13878,35.12574,False,57
131,4.06574,5.14333,False,57
133,3.07261,5.13441,False,57
134,4.04127,5.0481,False,57
135,4.09977,4.01218,False,57
136,4.14691,4.14285,False,57
137,1.0,5.03,True,57
139,5.12098,5.14724,False,57
140,4.03297,3.07075,False,57
141,6.0073,2.03589,False,57
142,3.00259,3.0949,False,57
143,1.12772,5.11477,False,57
144,4.12502,5.10843,False,57
145,30.07589,1.0,False,57
146,1.0,1.0,True,57
147,2.0758,1.0,False,57
148,1.0,1.0,True,57
149,1.0,18.00517,True,57
150,35.02939,1.0,False,57
151,1.0,1.00351,True,57
153,6.12036,6.10693,False,57
154,6.02189,28.03472,False,57
155,5.0196,5.13445,False,57
156,5.00937,28.06277,False,57
157,2.08375,5.0333,False,57
158,4.07912,18.0506,False,57
159,1.12077,23.02088,False,57
160,4.10639,23.07693,False,57
161,4.13874,18.10001,False,57
162,34.06486,29.14393,False,57
164,5.07652,37.05093,False,57
165,35.02143,6.10431,False,57
166,35.08145,30.11085,False,57
167,6.07113,5.04533,False,57
168,35.12997,1.0,False,57
169,35.01537,30.03948,False,57
173,6.01245,28.06783,False,57
175,3.14003,3.03155,False,57
176,5.02795,5.0367,False,57
177,6.09591,30.08587,False,57
178,34.03866,35.01963,False,57
179,6.143,34.06237,False,57
180,28.11291,28.07298,False,57
181,33.03983,35.02448,False,57
182,6.14574,10.06503,False,57
183,6.09483,35.10114,False,57
184,6.07823,37.14497,False,57
185,6.14579,28.00102,False,57
186,6.0558,37.01622,False,57
188,1.0003,30.12299,False,57
189,34.07544,34.06974,False,57
190,6.10643,23.05629,False,57
191,6.05801,30.06858,False,57
192,6.0661,25.12788,False,57
193,36.02167,35.06742,False,57
194,6.0401,25.07933,False,57
195,6.11556,28.13414,False,57
197,1.07978,29.08946,False,57
198,6.05017,25.05244,False,57
199,23.02545,29.10244,False,57
200,6.10921,6.08643,False,57
201,6.017,5.11476,False,57
202,37.04734,37.04352,False,57
203,20.00904,30.10539,False,57
204,6.03381,30.03023,False,57
206,2.05791,30.02839,False,57
207,6.10601,28.03567,False,57
208,5.01897,5.1336,False,57
209,28.04294,28.07245,False,57
210,28.07872,28.08086,False,57
211,33.01589,28.00414,False,57
212,5.05384,4.12971,False,57
213,5.13285,13.05403,False,57
216,6.09151,28.13459,False,57
217,6.12717,29.1006,False,57
218,6.10049,30.05808,False,57
219,6.14603,25.08522,False,57
222,5.11893,28.0967,False,57
225,33.0872,33.06215,False,57
226,6.09479,35.04761,False,57
227,34.08424,37.00341,False,57
229,33.06687,33.10274,False,57
230,33.05876,33.12671,False,57
233,6.00079,30.10598,False,57
234,33.05269,30.04037,False,57
235,33.05365,30.11823,False,57
236,4.07665,4.0521,False,57
237,6.07107,5.09789,False,57
242,4.01084,24.13937,False,57
243,6.07028,6.03917,False,57
251,34.09526,34.05702,False,57
252,6.11079,28.06707,False,57
253,4.04063,30.05908,False,57
254,1.09733,4.07843,False,57
255,3.13644,13.06173,False,57
256,2.09868,30.12335,False,57
257,4.03533,20.1091,False,57
258,5.01414,18.03693,False,57
259,33.10375,5.02958,False,57
260,5.02805,5.07074,False,57
262,1.10481,36.00318,False,57
263,3.02895,6.03369,False,57
264,6.11149,29.03608,False,57
265,5.10917,6.02421,False,57
270,33.02636,6.1192,False,57
271,6.04609,28.0993,False,57
272,6.08428,5.10336,False,57
273,6.0294,5.10117,False,57
274,6.00623,5.12944,False,57
275,33.00991,6.03974,False,57
280,3.05398,5.13607,False,57
289,5.13621,29.07832,False,57
290,6.10771,6.11639,False,57
291,6.14725,6.14426,False,57
292,5.0513,6.12514,False,57
293,15.03188,30.13764,False,57
294,10.00334,6.11789,False,57
295,25.08467,36.09954,False,57
296,20.00798,4.02013,False,57
297,6.02207,35.06325,False,57
298,2.11073,33.0999,False,57
299,6.09158,34.04924,False,57
300,4.06083,33.10326,False,57
301,4.14726,33.035,False,57
302,5.018,35.116,False,57
303,5.06694,33.0773,False,57
308,3.09241,31.01157,False,57
317,4.06039,22.00674,False,57
318,4.12449,36.00077,False,57
319,5.14016,30.09906,False,57
320,4.1333,27.08197,False,57
321,3.07056,34.04559,False,57
322,5.11435,18.11921,False,57
323,2.11621,17.10503,False,57
324,2.09317,23.03584,False,57
325,2.09599,25.12239,False,57
326,3.11532,28.03814,False,57
328,5.14277,25.10445,False,57
329,6.1318,31.06959,False,57
330,6.03497,30.10151,False,57
331,5.01825,20.11977,False,57
332,6.05108,20.09053,False,57
333,33.01086,30.0989,False,57
334,6.06349,6.03291,False,57
335,5.09888,30.14464,False,57
336,5.10021,30.08179,False,57
337,6.00035,25.09549,False,57
339,5.10752,28.1339,False,57
340,1.0,1.08731,True,57
341,1.0,25.09232,True,57
342,36.03455,5.09031,False,57
343,1.0,1.0,True,57
346,6.07427,27.01947,False,57
347,6.08134,33.07084,False,57
348,6.07793,27.10518,False,57
349,2.1404,25.08843,False,57
350,6.13136,29.06736,False,57
351,6.13591,25.07518,False,57
352,6.09257,34.02543,False,57
353,34.08788,37.02242,False,57
354,34.14335,34.10976,False,57
355,5.03726,23.07407,False,57
357,5.10908,29.04041,False,57
358,6.00031,28.04703,False,57
359,6.01568,32.08241,False,57
361,6.08386,25.03647,False,57
363,35.10304,35.04973,False,57
364,35.12796,35.09816,False,57
365,3.05453,23.05745,False,57
366,5.12656,5.12319,False,57
367,35.04787,35.02892,False,57
370,6.08274,28.13436,False,57
371,6.1462,33.14363,False,57
372,6.14245,33.12577,False,57
373,6.0016,6.10074,False,57
374,1.12133,37.04117,False,57
375,5.03569,23.12641,False,57
376,6.04321,5.00056,False,57
377,2.0408,1.0,False,57
378,33.07607,28.13298,False,57
379,28.11704,5.0499,False,57
380,34.06184,33.06213,False,57
381,6.03141,5.05076,False,57
383,5.08777,30.11379,False,57
384,6.04993,28.00581,False,57
385,2.0254,30.05606,False,57
386,1.01161,27.10249,False,57
387,2.10395,34.05619,False,57
388,2.10086,5.0242,False,57
389,2.03059,7.08702,False,57
390,3.02573,27.02941,False,57
391,2.07816,23.02287,False,57
394,5.06044,30.09413,False,57
395,35.09566,2.10345,False,57
396,35.06513,3.05208,False,57
397,35.1174,4.10052,False,57
398,35.07538,33.07619,False,57
403,6.07262,19.09727,False,57
404,35.14374,34.13157,False,57
405,35.03714,5.00354,False,57
406,6.02227,4.09048,False,57
407,29.01882,28.05591,False,57
408,1.0,4.08303,True,57
412,10.01749,34.13727,False,57
413,20.07799,25.11608,False,57
414,10.0727,31.11671,False,57
415,30.14629,28.13645,False,57
416,33.01891,20.08154,False,57
417,6.13665,28.07174,False,57
418,35.03754,35.00168,False,57
419,33.12306,33.00409,False,57
420,33.01321,33.01018,False,57
421,33.14372,33.05382,False,57
422,6.1373,30.12144,False,57
423,6.12485,23.01059,False,57
425,5.04216,37.13513,False,57
426,6.05809,33.11836,False,57
427,6.0879,6.13114,False,57
428,33.05088,33.13258,False,57
429,33.06377,28.03759,False,57
1,6.08119,23.08354,False,58
3,4.07299,4.00294,False,58
5,6.00986,37.14672,False,58
6,5.13274,33.06857,False,58
7,4.00148,1.0,False,58
9,5.02612,5.03134,False,58
10,5.01818,4.04118,False,58
11,6.11402,1.0,False,58
13,6.09535,6.07798,False,58
17,6.02509,28.13045,False,58
18,6.00132,6.03938,False,58
19,1.0,33.01415,True,58
21,6.06116,18.06564,False,58
22,6.10528,6.12036,False,58
25,6.00061,19.0764,False,58
29,2.02864,5.13279,False,58
30,6.04752,6.0694,False,58
69,2.09242,24.13613,False,58
70,28.09381,23.13617,False,58
71,6.09462,28.06425,False,58
72,33.08093,33.07918,False,58
73,28.14548,28.06641,False,58
74,33.05242,33.04631,False,58
75,34.06046,33.14082,False,58
76,6.11427,28.04743,False,58
77,18.07493,6.10838,False,58
78,6.04112,23.1401,False,58
79,6.07337,6.06677,False,58
82,6.00691,29.00725,False,58
83,3.05205,18.02811,False,58
84,33.11664,1.0,False,58
85,1.0,2.03105,True,58
86,1.0,29.07332,True,58
91,5.07875,5.1223,False,58
92,6.0824300000000004,6.07708,False,58
93,6.08671,23.09557,False,58
95,3.13262,5.10118,False,58
98,5.08691,30.13632,False,58
99,22.04511,34.08689,False,58
100,6.12028,35.02881,False,58
101,3.01572,23.1469,False,58
103,6.13987,25.03032,False,58
104,6.10466,30.12532,False,58
106,3.02547,28.06849,False,58
107,4.06014,26.08466,False,58
109,6.10431,34.0508,False,58
110,6.09039,28.11176,False,58
111,3.12756,33.01382,False,58
112,4.03295,22.04981,False,58
113,5.10552,28.09263,False,58
114,2.05062,5.12178,False,58
115,6.00166,5.14233,False,58
116,3.10176,28.13701,False,58
117,4.01898,5.14333,False,58
118,2.10753,18.07267,False,58
120,2.04231,34.01875,False,58
121,3.07285,5.13778,False,58
122,1.0718,5.12049,False,58
123,2.05098,6.14525,False,58
124,2.01172,37.01039,False,58
125,35.10804,34.04494,False,58
126,35.11239,30.02137,False,58
127,6.13688,24.01866,False,58
128,4.00771,30.11333,False,58
129,6.11376,30.12644,False,58
130,35.12744,35.07651,False,58
131,4.1318,5.02066,False,58
133,3.02197,5.13226,False,58
134,4.00399,5.08869,False,58
135,6.03444,4.13982,False,58
136,4.05297,4.01903,False,58
137,1.0,5.09469,True,58
139,5.12578,5.07469,False,58
140,4.00256,3.08452,False,58
141,6.08491,2.09207,False,58
142,3.09824,3.06423,False,58
143,1.00892,5.12784,False,58
144,4.0337,5.13955,False,58
145,30.14027,1.0,False,58
146,1.0,1.0,True,58
147,2.0147,1.0,False,58
148,1.0,1.0,True,58
149,1.0,18.11034,True,58
150,35.02266,1.0,False,58
151,1.0,1.10937,True,58
153,6.10447,6.09877,False,58
154,6.04253,28.05912,False,58
155,4.05566,37.13548,False,58
156,6.0276,5.1403,False,58
157,2.00014,5.12884,False,58
158,4.11495,18.14262,False,58
159,1.14719,23.12074,False,58
160,4.12217,23.00314,False,58
161,4.08392,18.07786,False,58
162,34.03729,29.07822,False,58
164,5.11435,37.04155,False,58
165,35.02933,6.13259,False,58
166,35.12543,30.02854,False,58
167,6.05526,5.08596,False,58
168,35.04852,1.0,False,58
169,35.06468,30.03548,False,58
173,6.01711,29.08063,False,58
175,3.13322,3.07816,False,58
176,5.05624,5.03557,False,58
177,6.07614,30.0572,False,58
178,34.00705,35.01306,False,58
179,6.14559,34.04759,False,58
180,28.06466,28.1031,False,58
181,33.08415,35.00528,False,58
182,6.14389,10.01765,False,58
183,6.04882,35.07181,False,58
184,6.10074,37.13944,False,58
185,6.13403,28.08751,False,58
186,6.09336,37.07336,False,58
188,1.10221,30.12743,False,58
189,34.13994,34.06088,False,58
190,6.12333,23.11069,False,58
191,6.08552,30.14274,False,58
192,6.12824,25.03385,False,58
193,36.13561,35.01022,False,58
194,6.11599,25.06951,False,58
195,6.07365,28.07143,False,58
197,2.04039,30.13429,False,58
198,6.07075,25.08609,False,58
199,6.12139,30.06909,False,58
200,6.11647,6.08588,False,58
201,6.02324,5.04742,False,58
202,37.03435,37.02766,False,58
203,30.04853,30.08957,False,58
204,4.03446,30.12182,False,58
206,2.03923,30.06329,False,58
207,6.08718,28.01001,False,58
208,5.07258,5.14626,False,58
209,28.07031,28.06196,False,58
210,28.03416,28.0613,False,58
211,33.05226,28.12134,False,58
212,5.02277,4.10149,False,58
213,5.13398,13.07945,False,58
216,6.10274,28.09927,False,58
217,6.13315,29.13437,False,58
218,6.09729,30.12423,False,58
219,6.13348,25.04564,False,58
222,5.12879,28.08798,False,58
225,33.14131,33.11818,False,58
226,6.07577,35.07838,False,58
227,34.08447,37.1285,False,58
229,33.10713,33.13064,False,58
230,33.07721,33.0999,False,58
233,5.04795,30.10935,False,58
234,33.0479,30.01324,False,58
235,33.09994,30.07781,False,58
236,4.11409,4.12596,False,58
237,6.12102,5.13354,False,58
242,4.03096,24.11199,False,58
243,6.08981,6.00164,False,58
251,34.12934,34.08211,False,58
252,6.11158,28.1049,False,58
253,4.04658,30.06354,False,58
254,1.02224,4.124,False,58
255,3.01119,13.04813,False,58
256,2.11622,30.00387,False,58
257,4.02954,20.14507,False,58
258,5.07257,18.05057,False,58
259,33.1362,5.12125,False,58
260,5.14353,5.1427,False,58
262,1.06629,36.07297,False,58
263,4.08008,6.02586,False,58
264,6.13097,29.12103,False,58
265,5.14334,6.13138,False,58
270,33.10196,6.14634,False,58
271,6.14113,28.1291,False,58
272,6.0019,5.09985,False,58
273,6.05632,5.09562,False,58
274,6.01764,5.11024,False,58
275,33.027,6.04636,False,58
280,3.11242,5.10514,False,58
289,5.13491,29.11745,False,58
290,6.12012,6.12007,False,58
291,6.13079,6.12896,False,58
292,5.00958,6.13342,False,58
293,15.06234,31.14725,False,58
294,10.00518,6.10025,False,58
295,25.06297,36.07714,False,58
296,20.06266,4.00643,False,58
297,6.12816,35.03035,False,58
298,1.11702,33.0443,False,58
299,6.078,34.01958,False,58
300,4.00887,33.09641,False,58
301,4.10673,33.14237,False,58
302,5.0166,35.1165,False,58
303,5.09852,33.08726,False,58
308,3.1062,31.05336,False,58
317,3.06248,22.07441,False,58
318,6.03598,36.09806,False,58
319,5.09156,30.13349,False,58
320,4.13774,27.08002,False,58
321,4.00877,34.10428,False,58
322,5.04584,18.08226,False,58
323,2.0976,17.11125,False,58
324,2.14346,23.02728,False,58
325,4.04268,25.08075,False,58
326,3.13201,28.14733,False,58
328,5.04401,25.08429,False,58
329,6.10628,31.06025,False,58
330,6.06419,28.14483,False,58
331,5.00185,20.00959,False,58
332,6.13711,20.11008,False,58
333,33.06496,30.07007,False,58
334,6.05546,6.13068,False,58
335,5.0788,30.04672,False,58
336,5.0671,30.09075,False,58
337,6.04716,25.07295,False,58
339,6.00801,28.06797,False,58
340,1.0,1.12878,True,58
341,1.0,25.09743,True,58
342,36.00331,5.0831,False,58
343,1.0,1.0,True,58
346,6.02262,27.12429,False,58
347,6.10435,33.0665,False,58
348,6.02756,27.09425,False,58
349,2.05452,25.06055,False,58
350,6.07688,29.01277,False,58
351,6.13844,25.0371,False,58
352,6.10162,34.09965,False,58
353,34.11546,37.06323,False,58
354,34.09451,34.00453,False,58
355,4.14011,23.01402,False,58
357,5.10159,29.10295,False,58
358,6.02361,28.05695,False,58
359,6.02069,32.01326,False,58
361,6.05782,25.12475,False,58
363,35.11088,35.08994,False,58
364,35.06682,35.06461,False,58
365,3.0955,23.07047,False,58
366,5.13525,5.07417,False,58
367,35.01351,35.00343,False,58
370,6.08764,28.09709,False,58
371,6.14271,33.10511,False,58
372,6.14709,33.11743,False,58
373,6.0795,6.07953,False,58
374,1.06357,37.00912,False,58
375,5.14144,4.03504,False,58
376,6.00371,5.10987,False,58
377,2.06748,1.0,False,58
378,33.07463,28.08189,False,58
379,28.02699,5.14401,False,58
380,34.02726,33.11124,False,58
381,6.05344,5.12521,False,58
383,5.06567,28.12186,False,58
384,6.07705,28.12615,False,58
385,3.11448,25.03305,False,58
386,1.1397599999999999,27.07523,False,58
387,1.12998,34.10778,False,58
388,3.01888,5.0507,False,58
389,2.01498,7.03218,False,58
390,3.07524,27.08135,False,58
391,2.02405,23.12047,False,58
394,5.07625,30.09107,False,58
395,35.08249,2.02759,False,58
396,35.10158,3.07411,False,58
397,35.11268,4.03387,False,58
398,35.03313,33.04531,False,58
403,6.09733,19.10369,False,58
404,35.09146,34.0196,False,58
405,35.01946,5.14279,False,58
406,6.00943,4.1068,False,58
407,29.07952,28.10452,False,58
408,1.0,4.01016,True,58
412,10.01034,34.08021,False,58
413,20.13402,25.10361,False,58
414,10.11951,31.0824,False,58
415,30.14677,28.00383,False,58
416,33.02068,20.06953,False,58
417,6.13931,28.06606,False,58
418,35.07034,35.04952,False,58
419,33.12389,33.07323,False,58
420,33.04625,33.03664,False,58
421,33.07426,33.00442,False,58
422,6.1454,30.06465,False,58
423,6.0954,23.10378,False,58
425,6.02248,37.12839,False,58
426,6.03848,33.04345,False,58
427,6.08201,6.12354,False,58
428,33.05101,33.04061,False,58
429,33.11796,28.11695,False,58
1,6.05304,23.01246,False,59
3,4.09921,4.05126,False,59
5,6.01863,37.10443,False,59
6,5.12836,33.01567,False,59
7,4.00461,1.0,False,59
9,5.08178,5.13012,False,59
10,5.01482,4.09642,False,59
11,6.13168,1.0,False,59
13,6.11872,6.11174,False,59
17,6.03784,28.1266,False,59
18,6.0155,6.01489,False,59
19,1.0,33.04414,True,59
21,6.0779,29.0731,False,59
22,6.13965,6.13919,False,59
25,6.00553,19.10154,False,59
29,4.0094,5.12914,False,59
30,6.01534,6.12238,False,59
69,2.08311,24.06518,False,59
70,28.12863,23.03406,False,59
71,6.06549,28.1456,False,59
72,33.0446,33.02919,False,59
73,28.03381,28.00196,False,59
74,33.04767,37.10127,False,59
75,34.02474,33.14635,False,59
76,6.14721,6.11985,False,59
77,18.14432,6.13984,False,59
78,6.03678,23.00197,False,59
79,6.10906,6.10411,False,59
82,3.00089,29.09413,False,59
83,3.06491,18.0104,False,59
84,33.09064,1.0,False,59
85,1.0,2.08636,True,59
86,1.0,29.00665,True,59
91,5.0847,5.11724,False,59
92,6.05461,28.11027,False,59
93,6.11422,23.05403,False,59
95,4.08042,5.1413,False,59
98,5.07976,30.04018,False,59
99,22.05297,34.11977,False,59
100,6.08431,35.02685,False,59
101,5.10022,23.07906,False,59
103,6.07826,25.09546,False,59
104,6.00058,30.11601,False,59
106,3.02762,28.09543,False,59
107,4.01959,26.08667,False,59
109,6.13176,34.05156,False,59
110,6.06928,28.0367,False,59
111,3.08873,33.14642,False,59
112,4.00582,22.07145,False,59
113,5.0037,28.102,False,59
114,2.00732,5.09387,False,59
115,6.00985,5.10445,False,59
116,3.04724,28.14581,False,59
117,4.03285,5.07391,False,59
118,4.08643,18.07168,False,59
120,2.12269,34.12989,False,59
121,3.06507,5.06493,False,59
122,1.02446,5.1401,False,59
123,2.05189,6.04355,False,59
124,2.13941,37.10532,False,59
125,35.02207,34.09512,False,59
126,35.03367,30.07565,False,59
127,6.09283,24.03071,False,59
128,6.09923,30.14252,False,59
129,6.12724,30.12302,False,59
130,35.08224,35.0614,False,59
131,4.12667,5.12404,False,59
133,3.01331,5.11842,False,59
134,4.06129,5.04707,False,59
135,2.02562,4.07782,False,59
136,4.0081,4.11032,False,59
137,4.06843,5.01155,False,59
139,5.07833,5.01814,False,59
140,4.08327,3.03133,False,59
141,6.08377,2.05464,False,59
142,3.06979,3.11368,False,59
143,1.05429,5.03469,False,59
144,4.07182,5.05257,False,59
145,1.0,30.00302,True,59
146,1.0,1.0,True,59
147,2.07055,1.0,False,59
148,1.0,1.0,True,59
149,1.0,18.00691,True,59
150,35.09376,1.0,False,59
151,1.0,1.10762,True,59
153,6.10436,6.09595,False,59
154,6.03375,28.01013,False,59
155,4.11899,23.03272,False,59
156,5.05031,28.01457,False,59
157,1.00482,5.08094,False,59
158,4.0911,18.11384,False,59
159,3.06488,23.02575,False,59
160,4.097,23.09403,False,59
161,4.0959,18.13442,False,59
162,34.07212,29.13513,False,59
164,5.01965,37.1174,False,59
165,35.09867,6.04883,False,59
166,35.14067,30.11252,False,59
167,6.13316,5.05438,False,59
168,35.08048,1.0,False,59
169,35.04394,30.07643,False,59
173,6.0206,28.12847,False,59
175,3.11633,3.12901,False,59
176,5.06566,5.13486,False,59
177,6.081,30.1178,False,59
178,34.00547,35.01611,False,59
179,6.12785,34.13592,False,59
180,28.11551,28.07537,False,59
181,33.04826,35.03931,False,59
182,6.11187,10.05151,False,59
183,6.07984,35.05901,False,59
184,6.10306,37.03323,False,59
185,6.12665,28.06206,False,59
186,6.02208,37.06228,False,59
188,1.04763,30.06271,False,59
189,34.1339,34.1279,False,59
190,6.10794,23.03427,False,59
191,6.08886,30.08147,False,59
192,6.10705,25.06364,False,59
193,36.06647,35.09685,False,59
194,6.12366,25.05862,False,59
195,6.00452,28.02384,False,59
197,1.13365,29.10882,False,59
198,6.02561,25.05631,False,59
199,6.11796,30.05094,False,59
200,6.14561,6.06103,False,59
201,6.0303,5.06779,False,59
202,37.02257,37.0084,False,59
203,30.02935,30.11536,False,59
204,2.14467,30.11511,False,59
206,2.08805,30.09747,False,59
207,6.13225,28.11116,False,59
208,5.05649,5.12935,False,59
209,28.05893,28.1332,False,59
210,28.02662,28.14104,False,59
211,33.04977,28.09465,False,59
212,5.07583,4.14593,False,59
213,5.06086,13.09677,False,59
216,6.09643,28.11458,False,59
217,6.13566,29.06367,False,59
218,6.08227,30.12651,False,59
219,6.10915,25.10208,False,59
222,5.10677,28.13816,False,59
225,33.10917,33.10561,False,59
226,6.10588,35.12251,False,59
227,34.08032,37.06937,False,59
229,33.11497,33.10706,False,59
230,33.05391,33.05176,False,59
233,6.00291,30.14037,False,59
234,33.04982,30.0894,False,59
235,33.0068,30.13113,False,59
236,4.03131,4.12398,False,59
237,6.07636,5.11674,False,59
242,4.04333,24.13065,False,59
243,6.05379,6.00091,False,59
251,34.0753,34.05324,False,59
252,6.07358,28.04195,False,59
253,4.02603,30.09929,False,59
254,1.06309,4.11709,False,59
255,3.08367,13.01255,False,59
256,2.14005,30.11354,False,59
257,4.11181,20.13089,False,59
258,1.04111,18.11484,False,59
259,33.03022,5.07487,False,59
260,5.09368,5.03527,False,59
262,1.08295,36.02926,False,59
263,3.04966,6.02971,False,59
264,6.1173,29.03422,False,59
265,5.06532,6.02654,False,59
270,33.01514,6.11207,False,59
271,6.055,28.0707,False,59
272,6.00757,5.10614,False,59
273,6.02686,5.07452,False,59
274,6.00531,5.08538,False,59
275,33.00126,6.02288,False,59
280,3.1473,5.11399,False,59
289,5.14328,29.07295,False,59
290,6.11487,6.12957,False,59
291,6.13518,6.13285,False,59
292,5.08276,6.09294,False,59
293,15.00388,30.12761,False,59
294,10.06537,10.10232,False,59
295,25.03141,36.08744,False,59
296,20.04968,4.01699,False,59
297,6.0192,35.0612,False,59
298,2.04178,33.0737,False,59
299,6.03842,34.03662,False,59
300,6.08615,33.13179,False,59
301,4.12345,33.08286,False,59
302,6.05522,35.01685,False,59
303,5.00971,33.10496,False,59
308,5.12276,31.09136,False,59
317,3.04057,22.02827,False,59
318,4.1385,36.05436,False,59
319,5.13786,30.12567,False,59
320,4.09328,27.01437,False,59
321,3.11379,34.12552,False,59
322,5.07359,18.14498,False,59
323,3.09978,17.00549,False,59
324,2.05514,23.10838,False,59
325,2.06708,25.04487,False,59
326,3.13726,18.11427,False,59
328,5.05705,25.11257,False,59
329,6.13881,31.10338,False,59
330,6.10599,30.07799,False,59
331,5.04042,20.01673,False,59
332,5.11102,30.09797,False,59
333,33.00338,30.03053,False,59
334,6.08626,6.05344,False,59
335,5.11632,30.01718,False,59
336,5.10367,30.07912,False,59
337,6.00218,25.09426,False,59
339,5.05132,28.02966,False,59
340,1.0,1.03636,True,59
341,1.0,25.10839,True,59
342,36.00398,5.05781,False,59
343,1.0,1.0,True,59
346,6.08134,27.07475,False,59
347,6.10511,33.10522,False,59
348,6.04897,27.00066,False,59
349,2.04134,25.08297,False,59
350,28.09618,29.11209,False,59
351,6.13985,25.13473,False,59
352,6.14492,34.03614,False,59
353,34.08249,37.03617,False,59
354,34.14533,34.11357,False,59
355,5.06604,23.03278,False,59
357,5.09018,29.10383,False,59
358,6.01448,28.00796,False,59
359,6.01476,32.12132,False,59
361,6.05108,25.05755,False,59
363,35.06348,35.05863,False,59
364,35.08968,35.03908,False,59
365,3.0647,23.11735,False,59
366,5.13899,5.14474,False,59
367,35.0634,35.00078,False,59
370,6.08363,28.09782,False,59
371,6.12784,33.10683,False,59
372,6.13294,33.12477,False,59
373,6.03742,6.10279,False,59
374,1.08312,37.1169,False,59
375,5.085,23.01838,False,59
376,6.0795,5.04932,False,59
377,6.07251,2.11965,False,59
378,33.04514,28.07064,False,59
379,28.09968,5.09781,False,59
380,34.04483,33.0994,False,59
381,6.05083,5.11225,False,59
383,5.07149,29.0751,False,59
384,6.10006,28.12809,False,59
385,1.09737,25.12093,False,59
386,1.06293,27.0611,False,59
387,2.00415,34.00488,False,59
388,2.05519,5.00562,False,59
389,2.06022,7.04541,False,59
390,3.10149,27.0301,False,59
391,2.1324899999999998,23.01234,False,59
394,5.141,30.1179,False,59
395,35.14184,2.0307,False,59
396,35.05868,3.03877,False,59
397,35.13,4.0543,False,59
398,35.13128,33.14504,False,59
403,6.00094,19.13955,False,59
404,35.0391,34.03479,False,59
405,35.11606,5.1348,False,59
406,6.11355,4.04068,False,59
407,29.01171,28.07234,False,59
408,1.0,4.02921,True,59
412,10.01904,34.11515,False,59
413,20.03144,30.14655,False,59
414,10.111,31.1146,False,59
415,30.0148,28.00278,False,59
416,33.077,20.10124,False,59
417,6.11806,28.02823,False,59
418,35.01556,35.00263,False,59
419,33.04169,33.01326,False,59
420,33.10409,33.09659,False,59
421,33.13454,33.01578,False,59
422,28.08318,30.00389,False,59
423,6.07326,23.11579,False,59
425,6.08719,37.01761,False,59
426,6.05932,33.0944,False,59
427,6.09716,6.14149,False,59
428,33.08669,33.08532,False,59
429,33.01173,28.14171,False,59
1,6.10719,23.05415,False,60
3,4.13454,4.11313,False,60
5,6.03704,37.10288,False,60
6,5.07072,33.05648,False,60
7,4.11253,1.0,False,60
9,5.03905,5.141,False,60
10,5.13712,4.12401,False,60
11,6.00028,1.0,False,60
13,6.11562,6.12396,False,60
17,6.03416,28.04423,False,60
18,6.062,6.01312,False,60
19,1.0,33.04585,True,60
21,6.05378,29.02235,False,60
22,6.12878,6.138,False,60
25,6.01006,19.10745,False,60
29,2.06902,5.11294,False,60
30,6.05193,6.12826,False,60
69,2.11781,24.08745,False,60
70,28.01883,23.10254,False,60
71,6.07758,28.08206,False,60
72,33.08713,33.08207,False,60
73,28.13046,28.03483,False,60
74,33.05183,37.06153,False,60
75,34.05594,33.14429,False,60
76,6.13276,6.09287,False,60
77,18.053,6.08457,False,60
78,6.02448,23.03917,False,60
79,6.11038,6.07671,False,60
82,3.09447,29.13981,False,60
83,3.03525,18.01636,False,60
84,33.1323,1.0,False,60
85,1.0,2.08089,True,60
86,1.0,29.13383,True,60
91,5.07357,5.12159,False,60
92,6.05755,6.05637,False,60
93,6.08598,23.06282,False,60
95,4.07348,5.10939,False,60
98,5.1113,30.13,False,60
99,22.05233,34.09898,False,60
100,6.07549,35.05392,False,60
101,3.1226,23.12232,False,60
103,6.14477,25.14453,False,60
104,6.07678,30.12315,False,60
106,3.10717,28.12328,False,60
107,4.02676,26.0142,False,60
109,6.11488,34.03421,False,60
110,6.03982,28.1453,False,60
111,3.14506,33.08535,False,60
112,4.06338,22.01151,False,60
113,5.03796,28.05317,False,60
114,2.06551,5.14666,False,60
115,6.0111,5.08192,False,60
116,3.02565,28.131,False,60
117,4.0602,5.13052,False,60
118,2.02874,18.10746,False,60
120,2.11609,34.05007,False,60
121,3.01858,5.13315,False,60
122,1.09347,5.14735,False,60
123,2.02159,6.0625,False,60
124,4.03715,37.13802,False,60
125,35.04889,34.03129,False,60
126,35.09777,30.03309,False,60
127,6.10756,24.07949,False,60
128,6.03265,30.11158,False,60
129,6.08306,30.1176,False,60
130,35.1273,35.10903,False,60
131,4.14648,5.00594,False,60
133,3.03105,5.14521,False,60
134,4.0163,4.04511,False,60
135,4.12699,4.13313,False,60
136,4.08877,4.02084,False,60
137,4.13846,5.0645,False,60
139,5.10627,5.07794,False,60
140,4.10661,3.06253,False,60
141,6.10649,2.0262000000000002,False,60
142,3.02568,3.02769,False,60
143,1.07571,5.04721,False,60
144,4.06102,5.08716,False,60
145,1.0,30.12717,True,60
146,1.0,1.0,True,60
147,2.11105,1.0,False,60
148,1.0,1.0,True,60
149,1.0,18.00198,True,60
150,35.12399,1.0,False,60
151,1.0,1.05137,True,60
153,6.09331,6.09129,False,60
154,6.05679,23.13492,False,60
155,4.14264,23.13926,False,60
156,5.12339,28.04752,False,60
157,2.06065,5.14551,False,60
158,4.12514,18.12688,False,60
159,1.01379,23.09059,False,60
160,4.06897,23.06518,False,60
161,4.04053,18.09608,False,60
162,34.01453,29.10557,False,60
164,5.08981,37.01506,False,60
165,35.07639,6.02082,False,60
166,35.10513,30.08209,False,60
167,6.05034,5.03412,False,60
168,35.01563,1.0,False,60
169,35.08588,30.04414,False,60
173,6.01347,29.11262,False,60
175,3.12981,3.13112,False,60
176,5.06666,5.01642,False,60
177,6.09441,30.11838,False,60
178,34.00128,35.03605,False,60
179,6.14692,34.13185,False,60
180,28.08747,28.0889,False,60
181,33.10478,35.01927,False,60
182,6.1438,25.06374,False,60
183,6.11749,35.1452,False,60
184,6.11381,37.13716,False,60
185,6.13615,28.02543,False,60
186,6.03232,37.14456,False,60
188,1.00139,37.13426,False,60
189,34.11727,34.04672,False,60
190,6.11986,23.06134,False,60
191,6.04614,30.144,False,60
192,6.11939,25.06116,False,60
193,36.06916,35.05617,False,60
194,6.05942,25.0842,False,60
195,6.08646,28.05953,False,60
197,2.0388,29.139,False,60
198,6.0916,25.02809,False,60
199,6.14458,30.02904,False,60
200,6.06487,6.03024,False,60
201,6.13433,5.12275,False,60
202,37.04253,37.11264,False,60
203,30.05627,30.09594,False,60
204,2.00907,30.11001,False,60
206,2.01657,30.05949,False,60
207,6.0973,28.11872,False,60
208,5.07855,5.10232,False,60
209,28.01143,28.11595,False,60
210,28.07196,28.13661,False,60
211,33.08141,28.05983,False,60
212,5.01983,4.13451,False,60
213,5.06909,13.0267,False,60
216,6.10318,28.1359,False,60
217,6.11302,29.03931,False,60
218,6.12175,30.0089,False,60
219,6.1271,25.09271,False,60
222,5.07799,28.11526,False,60
225,33.11764,33.11452,False,60
226,6.09187,35.00427,False,60
227,34.08786,37.10416,False,60
229,33.08055,33.12248,False,60
230,33.03367,33.05436,False,60
233,5.11082,30.10411,False,60
234,33.07592,30.14685,False,60
235,33.00568,30.04134,False,60
236,4.05649,4.06401,False,60
237,6.11994,5.0744299999999996,False,60
242,4.09764,24.10687,False,60
243,6.14286,6.0043,False,60
251,34.09717,34.08149,False,60
252,6.14116,28.11807,False,60
253,4.02554,30.02656,False,60
254,1.0808200000000001,4.00933,False,60
255,3.05576,13.14418,False,60
256,2.12527,30.04697,False,60
257,4.06591,20.09531,False,60
258,5.01025,18.09641,False,60
259,33.05987,5.08585,False,60
260,5.06808,5.01954,False,60
262,1.09067,36.06385,False,60
263,3.09404,6.02387,False,60
264,6.11909,29.08873,False,60
265,5.10663,6.07993,False,60
270,33.05213,6.04275,False,60
271,6.14051,28.10422,False,60
272,6.03419,5.0547,False,60
273,6.11218,5.12098,False,60
274,6.03463,5.08231,False,60
275,33.03882,6.0319,False,60
280,3.08191,5.07834,False,60
289,5.13043,28.14734,False,60
290,6.10657,6.11835,False,60
291,6.14318,6.13698,False,60
292,5.10388,6.09218,False,60
293,15.00284,30.07136,False,60
294,10.00934,15.14065,False,60
295,25.02548,36.1357,False,60
296,20.05878,4.05223,False,60
297,6.03434,35.11799,False,60
298,2.03828,33.04464,False,60
299,6.07895,34.0823,False,60
300,6.09712,33.13732,False,60
301,4.12992,33.02608,False,60
302,5.00782,35.11054,False,60
303,5.02465,33.08542,False,60
308,5.00317,31.05492,False,60
317,3.03289,22.01972,False,60
318,6.05187,36.11678,False,60
319,5.12416,30.13941,False,60
320,4.0752,27.14539,False,60
321,3.12,34.05977,False,60
322,5.03446,18.12257,False,60
323,3.00087,17.11443,False,60
324,1.08069,23.06954,False,60
325,2.04594,25.01508,False,60
326,3.00181,18.02604,False,60
328,5.14604,25.11077,False,60
329,6.10258,31.01189,False,60
330,6.04355,30.00499,False,60
331,5.03776,20.02421,False,60
332,6.13194,20.11284,False,60
333,33.08451,30.0377,False,60
334,6.09334,6.12761,False,60
335,5.03769,30.0371,False,60
336,5.06209,30.08282,False,60
337,6.11654,25.05665,False,60
339,5.07152,28.12191,False,60
340,1.0,1.09881,True,60
341,1.0,25.11897,True,60
342,36.1214,5.03711,False,60
343,1.0,1.0,True,60
346,6.01738,27.05395,False,60
347,6.11074,33.09282,False,60
348,6.05467,27.05451,False,60
349,2.13651,25.00429,False,60
350,6.14682,29.11587,False,60
351,6.14511,25.09406,False,60
352,6.09464,34.01098,False,60
353,34.10409,37.10714,False,60
354,34.13709,34.11534,False,60
355,5.00161,23.1095,False,60
357,5.10998,28.02528,False,60
358,6.02454,28.10325,False,60
359,6.02191,32.12182,False,60
361,6.06593,30.09519,False,60
363,35.08014,35.07177,False,60
364,35.09403,35.0698,False,60
365,3.01979,23.10523,False,60
366,5.09045,5.07914,False,60
367,35.06703,35.00432,False,60
370,6.07526,28.08465,False,60
371,6.1332699999999996,33.04272,False,60
372,6.13978,33.14257,False,60
373,6.04579,6.02484,False,60
374,1.02913,37.06452,False,60
375,5.14564,23.12475,False,60
376,6.03177,5.1215,False,60
377,6.0672,2.13902,False,60
378,33.029,28.1203,False,60
379,28.02404,5.11016,False,60
380,34.01202,33.13413,False,60
381,6.04542,5.01907,False,60
383,5.04972,28.06332,False,60
384,6.14618,28.05616,False,60
385,2.03005,25.14373,False,60
386,1.05083,27.05779,False,60
387,2.09543,34.11343,False,60
388,3.12636,5.0223700000000004,False,60
389,2.04256,7.09178,False,60
390,3.02595,27.05745,False,60
391,2.09645,23.03348,False,60
394,5.02626,30.01852,False,60
395,35.06794,2.06522,False,60
396,35.09416,3.01487,False,60
397,35.07846,4.05815,False,60
398,35.01911,33.06221,False,60
403,3.0405,19.0761,False,60
404,35.00776,34.00303,False,60
405,35.01815,5.10245,False,60
406,4.13123,1.0,False,60
407,29.08695,28.02123,False,60
408,1.0,4.09243,True,60
412,10.04218,34.09948,False,60
413,20.02492,25.06965,False,60
414,10.1336,31.07727,False,60
415,30.07306,28.11647,False,60
416,33.11405,20.06743,False,60
417,6.14502,23.03388,False,60
418,35.09966,35.02107,False,60
419,33.14216,33.09711,False,60
420,33.08274,33.07389,False,60
421,33.01047,33.00846,False,60
422,28.13757,30.05273,False,60
423,6.06894,23.10606,False,60
425,6.0247,37.00084,False,60
426,6.05846,33.11917,False,60
427,6.10482,6.13668,False,60
428,33.06609,33.04567,False,60
429,33.00547,28.10823,False,60
1,6.05046,23.12631,False,61
3,4.10423,4.0367,False,61
5,6.00471,37.07829,False,61
6,5.13561,33.05128,False,61
7,4.02756,1.0,False,61
9,5.00611,5.00995,False,61
10,4.04277,4.01136,False,61
11,6.11822,1.0,False,61
13,6.06624,6.06398,False,61
17,6.03585,28.03234,False,61
18,6.07535,6.07198,False,61
19,1.0,33.10642,True,61
21,6.08466,18.09174,False,61
22,6.12816,6.14479,False,61
25,6.04037,19.1073,False,61
29,2.12651,5.09937,False,61
30,6.1253,6.1155100000000004,False,61
69,2.07367,24.11324,False,61
70,28.0032,23.0572,False,61
71,6.04202,28.11379,False,61
72,33.01689,33.00662,False,61
73,28.08649,28.07073,False,61
74,33.10166,33.07046,False,61
75,34.05251,33.12461,False,61
76,6.08049,28.03396,False,61
77,18.10475,6.12127,False,61
78,6.03507,23.03281,False,61
79,6.11644,6.10903,False,61
82,6.06222,29.01588,False,61
83,3.13878,18.09208,False,61
84,33.12644,1.0,False,61
85,1.0,2.06962,True,61
86,1.0,29.0576,True,61
91,5.06965,5.13681,False,61
92,6.05438,28.07398,False,61
93,6.11716,23.14085,False,61
95,3.03908,5.0723,False,61
98,5.07512,30.09672,False,61
99,22.06649,34.08037,False,61
100,6.06999,35.03836,False,61
101,5.10159,23.07035,False,61
103,6.14573,25.07208,False,61
104,6.02555,30.00442,False,61
106,3.03122,28.14555,False,61
107,4.06758,26.00736,False,61
109,6.11909,34.08717,False,61
110,6.08077,28.07815,False,61
111,5.03842,33.12009,False,61
112,4.0178,22.09273,False,61
113,5.1215,28.03092,False,61
114,2.03534,5.14721,False,61
115,6.03592,5.14696,False,61
116,3.09572,28.13988,False,61
117,3.04977,5.11119,False,61
118,2.03422,18.04232,False,61
120,2.12767,34.08678,False,61
121,2.12608,5.1051,False,61
122,1.05232,5.13546,False,61
123,2.13623,6.10929,False,61
124,2.10139,37.08969,False,61
125,35.05693,34.09428,False,61
126,35.0293,30.04773,False,61
127,6.04085,24.0302,False,61
128,6.08621,30.11976,False,61
129,6.13265,30.00485,False,61
130,35.08509,35.08344,False,61
131,4.01164,5.00502,False,61
133,3.08478,5.14638,False,61
134,4.04421,5.14742,False,61
135,4.00036,4.08972,False,61
136,4.09851,4.14322,False,61
137,1.0,5.01505,True,61
139,5.06429,5.12775,False,61
140,4.00271,3.07379,False,61
141,6.04338,2.03896,False,61
142,3.12722,3.12611,False,61
143,1.00182,5.05035,False,61
144,4.06369,5.11172,False,61
145,30.00726,1.0,False,61
146,1.0,1.0,True,61
147,2.09015,1.0,False,61
148,1.0,1.0,True,61
149,1.0,18.05562,True,61
150,35.01282,1.0,False,61
151,1.0,1.08118,True,61
153,6.0807,6.07888,False,61
154,6.02059,23.08392,False,61
155,4.06451,23.09202,False,61
156,5.06953,28.0512,False,61
157,1.05299,5.09795,False,61
158,4.057,18.139029999999998,False,61
159,1.0972,23.14624,False,61
160,4.03084,23.02499,False,61
161,4.13856,18.0823,False,61
162,34.1295,29.1142,False,61
164,5.01446,37.13185,False,61
165,35.05624,6.02602,False,61
166,35.05506,30.13653,False,61
167,6.04298,5.05572,False,61
168,35.05803,1.0,False,61
169,35.13086,30.06692,False,61
173,6.00756,29.09563,False,61
175,3.14501,3.13362,False,61
176,5.00057,5.13855,False,61
177,6.09384,30.12185,False,61
178,34.00412,35.05718,False,61
179,6.13439,34.01617,False,61
180,28.08095,28.04918,False,61
181,33.04281,35.05141,False,61
182,6.13212,10.04048,False,61
183,6.12427,35.0107,False,61
184,6.1111,37.05472,False,61
185,6.13313,28.04516,False,61
186,6.0812,37.088,False,61
188,1.05312,30.09165,False,61
189,34.13632,34.07847,False,61
190,6.10013,23.06995,False,61
191,6.04579,30.11022,False,61
192,6.05456,25.029420000000002,False,61
193,36.01523,35.03,False,61
194,6.13111,25.11933,False,61
195,6.05009,28.11676,False,61
197,2.00829,29.01427,False,61
198,6.00104,25.08252,False,61
199,23.09846,29.03065,False,61
200,6.07469,6.06904,False,61
201,6.02434,5.08209,False,61
202,37.06208,37.05383,False,61
203,20.00172,30.11709,False,61
204,4.10155,30.09166,False,61
206,2.02861,30.11395,False,61
207,6.10219,28.0728,False,61
208,5.09744,5.14341,False,61
209,28.10053,28.09967,False,61
210,28.0629,28.12864,False,61
211,33.12735,28.02928,False,61
212,5.11599,4.14481,False,61
213,5.08177,13.01763,False,61
216,6.08566,28.0411,False,61
217,6.13077,29.01217,False,61
218,6.08206,30.13382,False,61
219,6.14106,25.00215,False,61
222,5.0546,28.1135,False,61
225,33.11099,33.10275,False,61
226,6.10158,35.10364,False,61
227,34.03012,37.04348,False,61
229,33.11322,33.13946,False,61
230,33.02573,33.01748,False,61
233,6.00971,30.12244,False,61
234,33.00901,30.03193,False,61
235,33.04705,30.12251,False,61
236,4.04252,4.04924,False,61
237,6.04382,5.05595,False,61
242,4.1311,24.12684,False,61
243,6.12112,6.00793,False,61
251,34.1074,34.09707,False,61
252,6.11236,28.11958,False,61
253,4.08272,30.00954,False,61
254,1.05998,4.08563,False,61
255,3.0731,13.09611,False,61
256,2.10807,30.09308,False,61
257,4.13564,20.02791,False,61
258,5.07009,18.01329,False,61
259,33.04253,5.05912,False,61
260,5.06355,5.0789,False,61
262,1.02292,36.13518,False,61
263,3.0016,6.08723,False,61
264,6.10082,29.02017,False,61
265,5.04422,6.14049,False,61
270,33.06146,6.11038,False,61
271,6.08679,28.00487,False,61
272,6.02531,5.08932,False,61
273,6.04965,5.14492,False,61
274,6.03923,5.1091,False,61
275,33.00548,6.03616,False,61
280,3.08093,5.0462,False,61
289,5.14328,29.01185,False,61
290,6.09986,6.11912,False,61
291,6.13683,6.1377,False,61
292,5.13486,6.08244,False,61
293,15.13922,30.0826,False,61
294,10.02045,6.13524,False,61
295,25.04438,36.04812,False,61
296,20.05751,4.13825,False,61
297,6.05231,35.05944,False,61
298,1.02475,33.00754,False,61
299,6.08108,34.08148,False,61
300,4.05614,33.10991,False,61
301,4.12255,33.10091,False,61
302,5.00322,35.03502,False,61
303,5.00308,33.092,False,61
308,5.07201,31.00878,False,61
317,3.11502,22.08803,False,61
318,6.03851,36.0273,False,61
319,5.14704,30.12482,False,61
320,4.05832,27.01108,False,61
321,4.03163,34.0321,False,61
322,5.00727,18.07133,False,61
323,3.07253,17.00768,False,61
324,2.05627,23.00383,False,61
325,2.03446,25.04112,False,61
326,4.09509,28.09831,False,61
328,5.07314,25.1193,False,61
329,6.14412,31.06601,False,61
330,6.02653,30.04019,False,61
331,5.01285,20.14613,False,61
332,5.11391,30.03606,False,61
333,33.00779,30.10647,False,61
334,6.02988,6.01806,False,61
335,5.06577,30.01743,False,61
336,5.0663,30.13928,False,61
337,6.01304,25.04138,False,61
339,6.13126,28.14357,False,61
340,1.0,1.0278100000000001,True,61
341,1.0,25.04013,True,61
342,36.05389,5.14604,False,61
343,1.0,1.0,True,61
346,6.01917,27.0086,False,61
347,6.10644,33.07022,False,61
348,6.04146,27.05077,False,61
349,2.10105,25.09693,False,61
350,6.07862,29.01047,False,61
351,6.12217,25.1259,False,61
352,6.12262,34.13579,False,61
353,34.11406,37.07611,False,61
354,34.06461,34.058840000000004,False,61
355,5.05759,23.10517,False,61
357,5.09029,29.12958,False,61
358,6.00265,28.10487,False,61
359,6.00731,32.11508,False,61
361,6.07691,25.11832,False,61
363,35.09213,35.08208,False,61
364,35.07566,35.06268,False,61
365,3.12407,23.06276,False,61
366,5.09853,5.14607,False,61
367,35.02773,35.01508,False,61
370,6.08197,28.12394,False,61
371,6.12275,33.07337,False,61
372,6.14462,33.08016,False,61
373,6.03253,6.0503,False,61
374,1.03888,37.04415,False,61
375,5.12044,4.036,False,61
376,6.11439,5.04061,False,61
377,6.0323,2.00839,False,61
378,33.06757,28.0718,False,61
379,28.10742,5.13113,False,61
380,34.02368,33.09838,False,61
381,6.05278,5.01171,False,61
383,5.11739,29.10182,False,61
384,6.08999,30.10376,False,61
385,2.02005,25.13503,False,61
386,1.11765,27.01133,False,61
387,1.12429,34.02493,False,61
388,2.11256,5.07601,False,61
389,2.05531,7.04703,False,61
390,3.05741,27.08645,False,61
391,2.03145,23.07955,False,61
394,5.09801,30.09474,False,61
395,35.05719,2.14454,False,61
396,35.0579,3.02674,False,61
397,35.12787,4.13667,False,61
398,35.08545,33.03058,False,61
403,6.001,19.08039,False,61
404,35.029,34.01258,False,61
405,35.0487,5.12395,False,61
406,4.05676,1.0,False,61
407,29.04509,28.1346,False,61
408,1.0,4.06321,True,61
412,10.09214,34.13337,False,61
413,20.00231,25.13745,False,61
414,10.12205,31.04835,False,61
415,30.00201,28.01732,False,61
416,33.02467,20.05615,False,61
417,6.13555,28.12531,False,61
418,35.09412,35.05365,False,61
419,33.08155,33.06805,False,61
420,33.12248,33.06023,False,61
421,33.06997,33.06334,False,61
422,28.09299,30.14141,False,61
423,6.11992,23.05849,False,61
425,5.05341,37.08365,False,61
426,6.03793,33.12486,False,61
427,6.08176,6.1332699999999996,False,61
428,33.01912,33.06895,False,61
429,33.05064,28.13045,False,61
1,6.08677,23.09356,False,62
3,4.10931,4.09477,False,62
5,6.01837,37.02271,False,62
6,5.05435,33.02302,False,62
7,4.03137,1.0,False,62
9,4.14656,5.10306,False,62
10,4.03042,4.00427,False,62
11,6.13896,1.0,False,62
13,6.09292,6.05832,False,62
17,6.05364,28.00028,False,62
18,6.03375,6.04032,False,62
19,1.0,33.02856,True,62
21,6.06261,18.06561,False,62
22,6.12748,6.12751,False,62
25,6.02179,19.01349,False,62
29,2.09988,5.12338,False,62
30,6.12801,6.14139,False,62
69,2.07225,24.11855,False,62
70,28.14283,23.12497,False,62
71,6.04321,28.02123,False,62
72,33.02138,33.0052,False,62
73,28.03361,28.02249,False,62
74,33.06848,33.06641,False,62
75,34.02805,33.12946,False,62
76,6.1357099999999996,28.1367,False,62
77,18.08171,6.10593,False,62
78,6.0177,23.12509,False,62
79,6.07181,6.06668,False,62
82,6.00905,29.07135,False,62
83,3.0466,18.13029,False,62
84,33.03778,1.0,False,62
85,1.0,2.13564,True,62
86,1.0,29.01992,True,62
91,5.09078,5.1458,False,62
92,6.06108,6.05411,False,62
93,6.13673,23.08343,False,62
95,4.03868,5.08298,False,62
98,5.10044,30.13123,False,62
99,22.00478,34.13728,False,62
100,6.07808,35.00029,False,62
101,3.02396,23.14136,False,62
103,6.0945,25.06827,False,62
104,6.00175,30.06656,False,62
106,3.0293,28.0137,False,62
107,4.06488,26.01251,False,62
109,6.13538,34.03158,False,62
110,6.08567,28.1265,False,62
111,3.03679,33.07595,False,62
112,4.00988,22.11173,False,62
113,5.02934,28.08885,False,62
114,2.0275,5.08897,False,62
115,6.01622,5.05571,False,62
116,3.05262,28.13756,False,62
117,3.12763,5.14445,False,62
118,2.03472,18.03653,False,62
120,2.03578,34.00301,False,62
121,3.1296,5.10318,False,62
122,1.10266,5.12972,False,62
123,2.09964,6.07835,False,62
124,2.09454,37.08876,False,62
125,35.03126,34.02598,False,62
126,35.04177,30.08831,False,62
127,6.13407,24.05392,False,62
128,4.043,30.11991,False,62
129,6.1212,30.06605,False,62
130,35.13193,35.12619,False,62
131,4.08245,5.1197,False,62
133,3.02582,5.12417,False,62
134,4.02042,4.13093,False,62
135,6.00159,4.05537,False,62
136,6.04876,4.14,False,62
137,1.0,5.02201,True,62
139,5.06091,5.12372,False,62
140,4.06927,3.13337,False,62
141,6.01892,2.0453,False,62
142,3.00552,3.11793,False,62
143,1.10803,5.14027,False,62
144,4.03616,5.05643,False,62
145,30.06196,1.0,False,62
146,1.0,1.0,True,62
147,2.11617,1.0,False,62
148,1.0,1.0,True,62
149,1.0,18.03764,True,62
150,35.00767,1.0,False,62
151,1.0,1.03174,True,62
153,6.14038,6.13206,False,62
154,6.05493,23.00203,False,62
155,4.00786,23.0055,False,62
156,6.0084,5.12781,False,62
157,1.00135,5.0195,False,62
158,4.1201,18.05372,False,62
159,1.04121,23.01976,False,62
160,4.07083,23.06622,False,62
161,4.02095,18.02073,False,62
162,34.12034,29.13653,False,62
164,5.04249,37.00259,False,62
165,35.04869,6.05824,False,62
166,35.07313,30.12047,False,62
167,6.0832,5.12673,False,62
168,35.03153,1.0,False,62
169,35.11574,30.03914,False,62
173,6.00692,29.10855,False,62
175,3.05472,3.04083,False,62
176,5.13523,5.06834,False,62
177,6.08232,30.10911,False,62
178,34.01613,35.01607,False,62
179,6.14512,34.04518,False,62
180,28.1274,28.08502,False,62
181,33.08992,35.0278,False,62
182,6.12986,10.04005,False,62
183,6.12764,35.08948,False,62
184,6.08026,37.10176,False,62
185,6.14314,28.11824,False,62
186,6.08608,37.12456,False,62
188,1.01207,30.07321,False,62
189,34.1078,34.09445,False,62
190,6.12841,23.03024,False,62
191,6.06967,30.10513,False,62
192,6.0988,25.14208,False,62
193,36.00402,35.08131,False,62
194,6.10982,25.01362,False,62
195,6.0437,28.12,False,62
197,2.0391,30.06737,False,62
198,6.1358,25.00243,False,62
199,23.02128,29.11578,False,62
200,6.05924,6.04008,False,62
201,6.13842,5.13651,False,62
202,37.02426,37.13462,False,62
203,30.01128,30.14368,False,62
204,4.00777,30.06571,False,62
206,2.00897,30.12697,False,62
207,6.10438,28.03032,False,62
208,5.00557,5.14714,False,62
209,28.106,28.03692,False,62
210,28.0499,28.11593,False,62
211,33.02886,28.14275,False,62
212,5.00853,4.10427,False,62
213,5.10055,13.11484,False,62
216,6.09041,28.12024,False,62
217,6.14043,29.11866,False,62
218,6.10271,30.12961,False,62
219,6.1326,25.05954,False,62
222,5.12154,28.07491,False,62
225,33.14054,33.13401,False,62
226,6.10037,35.04235,False,62
227,34.04261,37.06494,False,62
229,33.07078,33.08688,False,62
230,33.01057,33.12341,False,62
233,6.02775,30.1215,False,62
234,33.05422,30.07978,False,62
235,33.03401,30.08574,False,62
236,4.07758,4.0462,False,62
237,6.05028,5.13105,False,62
242,4.04871,24.13164,False,62
243,6.10029,6.06112,False,62
251,34.03424,34.02139,False,62
252,6.10117,28.0398,False,62
253,4.01907,30.035,False,62
254,1.13919,4.13519,False,62
255,3.1112,13.13942,False,62
256,2.0336,30.07156,False,62
257,4.1249,20.14033,False,62
258,5.00255,18.07016,False,62
259,33.12129,5.02554,False,62
260,5.09461,5.08943,False,62
262,1.01277,36.06558,False,62
263,3.08111,6.05005,False,62
264,6.05772,29.07754,False,62
265,5.07358,6.14434,False,62
270,33.04278,6.13574,False,62
271,6.09378,28.03018,False,62
272,6.09215,5.13663,False,62
273,6.10074,5.13641,False,62
274,6.01028,5.07972,False,62
275,33.10425,6.05344,False,62
280,3.02793,5.07873,False,62
289,5.13379,29.02429,False,62
290,6.10373,6.12279,False,62
291,6.14668,6.14736,False,62
292,5.00293,6.0806000000000004,False,62
293,16.00113,30.0835,False,62
294,10.00977,6.06887,False,62
295,25.00312,36.11139,False,62
296,20.00404,4.1259,False,62
297,6.02243,35.01104,False,62
298,2.07407,33.03828,False,62
299,6.0739,34.04299,False,62
300,6.08759,33.08766,False,62
301,4.13566,33.12092,False,62
302,6.01091,35.11335,False,62
303,5.07271,33.11949,False,62
308,5.00016,31.08643,False,62
317,4.07018,22.091,False,62
318,4.1331,36.08882,False,62
319,5.12116,30.10179,False,62
320,4.11008,27.00108,False,62
321,3.12746,34.13956,False,62
322,5.09449,18.04215,False,62
323,2.14692,17.00937,False,62
324,1.04648,23.0205,False,62
325,4.12466,25.10749,False,62
326,3.14549,28.0597,False,62
328,5.14215,25.12493,False,62
329,6.1191,31.03535,False,62
330,6.04357,30.03528,False,62
331,5.05498,20.01831,False,62
332,5.10895,30.13127,False,62
333,33.12582,30.06563,False,62
334,6.11337,6.05266,False,62
335,5.09227,30.10178,False,62
336,5.01752,30.06904,False,62
337,6.00431,25.07715,False,62
339,5.14191,28.10434,False,62
340,1.0,1.03835,True,62
341,1.0,25.10533,True,62
342,36.14459,5.13101,False,62
343,1.0,1.0,True,62
346,6.0641,27.04218,False,62
347,6.09753,33.06364,False,62
348,6.0371,27.08508,False,62
349,2.05812,25.06977,False,62
350,28.07291,29.11291,False,62
351,6.10225,25.02645,False,62
352,6.13457,34.00426,False,62
353,34.08814,37.03103,False,62
354,34.13445,34.12661,False,62
355,4.05373,23.08676,False,62
357,5.11199,29.04356,False,62
358,6.03377,28.08842,False,62
359,6.01289,32.0023,False,62
361,6.02503,25.14093,False,62
363,35.05649,35.04898,False,62
364,35.06523,35.05369,False,62
365,3.05544,23.07618,False,62
366,5.11839,5.11071,False,62
367,35.06891,35.01706,False,62
370,6.09164,28.11452,False,62
371,6.13032,33.08086,False,62
372,6.14212,33.07462,False,62
373,6.01015,6.11771,False,62
374,1.00515,37.02523,False,62
375,5.0079,23.0976,False,62
376,6.01372,5.05555,False,62
377,2.10629,1.0,False,62
378,33.10984,28.14436,False,62
379,28.12596,5.11912,False,62
380,34.11628,33.04381,False,62
381,6.03813,5.12548,False,62
383,5.0995,28.13328,False,62
384,6.09945,30.12309,False,62
385,1.1437599999999999,25.09541,False,62
386,1.07337,27.10122,False,62
387,2.13697,34.02941,False,62
388,2.10377,5.05708,False,62
389,2.01274,7.0598,False,62
390,3.06806,27.14507,False,62
391,4.13361,23.09333,False,62
394,5.06333,30.03245,False,62
395,35.00298,2.01227,False,62
396,35.06449,3.08622,False,62
397,35.13998,4.00072,False,62
398,35.05006,33.11306,False,62
403,6.1117,19.13282,False,62
404,35.096,34.10193,False,62
405,35.04365,5.14028,False,62
406,6.06631,4.07235,False,62
407,29.07507,28.02067,False,62
408,1.0,4.05306,True,62
412,10.0082,34.08682,False,62
413,15.06389,25.06362,False,62
414,10.13096,31.07604,False,62
415,30.07844,28.06851,False,62
416,33.04248,20.01685,False,62
417,6.12623,23.11557,False,62
418,35.11538,35.10052,False,62
419,33.07426,33.02508,False,62
420,33.09616,33.08259,False,62
421,33.08223,33.05697,False,62
422,28.00371,30.1029,False,62
423,6.06296,23.04649,False,62
425,6.07179,37.01725,False,62
426,6.03887,33.13132,False,62
427,6.10801,6.13785,False,62
428,33.13752,33.08007,False,62
429,33.1276,28.13256,False,62
1,6.08008,23.1061,False,63
3,4.11992,4.03568,False,63
5,6.00885,37.04395,False,63
6,5.09482,33.0572,False,63
7,4.01022,1.0,False,63
9,5.0058,5.05308,False,63
10,5.12,4.11322,False,63
11,6.14716,1.0,False,63
13,6.09528,6.09094,False,63
17,6.02292,28.12691,False,63
18,6.04885,6.06358,False,63
19,1.0,33.11317,True,63
21,6.0725999999999996,29.0883,False,63
22,6.11118,6.10854,False,63
25,6.01456,19.12392,False,63
29,3.10092,5.14707,False,63
30,6.12542,6.11969,False,63
69,2.03567,24.04025,False,63
70,28.13917,23.13452,False,63
71,6.07225,28.02764,False,63
72,33.07057,33.06735,False,63
73,28.05747,28.11559,False,63
74,33.0585,33.05214,False,63
75,34.08258,33.13247,False,63
76,6.14543,6.13497,False,63
77,18.08576,6.13479,False,63
78,6.03747,23.12285,False,63
79,6.12114,6.11482,False,63
82,6.12101,29.10338,False,63
83,3.13775,18.01869,False,63
84,33.08751,1.0,False,63
85,1.0,2.14679,True,63
86,1.0,29.10202,True,63
91,5.0648,5.14077,False,63
92,6.07142,28.11339,False,63
93,6.13641,23.02795,False,63
95,3.01057,5.08586,False,63
98,5.02772,30.13342,False,63
99,22.02973,34.07669,False,63
100,6.10871,35.00855,False,63
101,5.03698,23.11732,False,63
103,6.10494,25.02191,False,63
104,6.01802,30.07277,False,63
106,3.11867,28.09418,False,63
107,4.04145,26.01805,False,63
109,6.11815,34.04152,False,63
110,6.06918,28.14615,False,63
111,3.14389,33.12936,False,63
112,4.01175,22.02815,False,63
113,5.04789,28.09631,False,63
114,2.05871,5.10196,False,63
115,6.03358,5.12597,False,63
116,3.09501,28.13148,False,63
117,4.09678,5.09588,False,63
118,2.09174,18.06389,False,63
120,2.0436,34.10656,False,63
121,3.03344,5.08765,False,63
122,2.02817,5.11492,False,63
123,2.11101,6.08446,False,63
124,2.03673,37.10305,False,63
125,35.02653,34.14651,False,63
126,35.007,30.06991,False,63
127,6.02343,24.11329,False,63
128,4.03886,30.08566,False,63
129,6.10082,30.12365,False,63
130,35.12314,35.08419,False,63
131,4.13498,5.06686,False,63
133,3.10403,5.12387,False,63
134,4.02174,5.13382,False,63
135,4.04509,4.1371,False,63
136,6.06366,4.12399,False,63
137,1.0,5.00517,True,63
139,5.0262,5.04563,False,63
140,4.03372,3.01971,False,63
141,6.09281,2.03222,False,63
142,3.102,3.02602,False,63
143,1.07952,5.09584,False,63
144,4.0496,5.12777,False,63
145,30.02874,1.0,False,63
146,1.0,1.0,True,63
147,2.05025,1.0,False,63
148,1.0,1.0,True,63
149,1.0,18.07276,True,63
150,35.06377,1.0,False,63
151,1.0,1.09193,True,63
153,6.09639,6.06411,False,63
154,6.03865,23.11479,False,63
155,4.03297,23.06816,False,63
156,5.07609,28.02348,False,63
157,1.0248,5.10597,False,63
158,4.03435,18.03045,False,63
159,1.03694,23.05859,False,63
160,4.10754,23.00738,False,63
161,4.01864,18.10179,False,63
162,34.12312,29.12453,False,63
164,5.124,37.05432,False,63
165,35.14739,6.0544,False,63
166,35.08523,30.11424,False,63
167,6.01987,5.03758,False,63
168,35.04979,1.0,False,63
169,35.10838,30.14368,False,63
173,6.03754,28.11011,False,63
175,3.0978,3.06872,False,63
176,5.01792,5.07169,False,63
177,6.05019,30.14294,False,63
178,34.00499,35.01552,False,63
179,6.14279,34.12147,False,63
180,28.12646,28.04867,False,63
181,33.03465,35.02536,False,63
182,6.13681,10.05724,False,63
183,6.09894,35.06294,False,63
184,6.1145,37.12222,False,63
185,6.13482,28.10658,False,63
186,6.01497,37.08336,False,63
188,1.00358,37.00993,False,63
189,34.11006,34.05503,False,63
190,6.11779,23.11634,False,63
191,6.09803,30.10624,False,63
192,6.10911,25.10882,False,63
193,36.08018,35.02603,False,63
194,6.08635,25.10966,False,63
195,6.08937,28.12198,False,63
197,1.10955,30.12276,False,63
198,6.01491,25.00092,False,63
199,23.04741,30.07668,False,63
200,6.01715,6.00563,False,63
201,6.08429,5.12872,False,63
202,37.0351,37.02999,False,63
203,30.05414,30.07361,False,63
204,4.13622,30.03298,False,63
206,2.05074,30.0239,False,63
207,6.0912,28.08096,False,63
208,5.08262,5.10561,False,63
209,28.14216,28.06444,False,63
210,28.13503,28.13194,False,63
211,33.10383,28.08869,False,63
212,4.13022,5.07468,False,63
213,5.12902,13.12705,False,63
216,6.09967,28.14621,False,63
217,6.13201,29.11365,False,63
218,6.05461,30.05096,False,63
219,6.14064,25.06507,False,63
222,5.13043,28.09658,False,63
225,33.06349,33.05501,False,63
226,6.08602,35.13856,False,63
227,34.09536,37.01337,False,63
229,33.05512,33.09971,False,63
230,33.03645,33.0931,False,63
233,6.01778,30.13347,False,63
234,33.07451,30.11114,False,63
235,33.0224,30.1282,False,63
236,4.01761,4.10329,False,63
237,6.08295,5.0724,False,63
242,4.06477,24.04008,False,63
243,6.08585,6.04716,False,63
251,34.10726,34.10268,False,63
252,6.11053,28.05319,False,63
253,4.01806,30.0061,False,63
254,1.06853,4.02933,False,63
255,3.02185,13.03524,False,63
256,2.08428,30.12892,False,63
257,4.01737,20.12013,False,63
258,5.05655,18.07436,False,63
259,33.13566,5.01402,False,63
260,5.12287,5.13564,False,63
262,1.01256,36.02124,False,63
263,3.01776,6.06922,False,63
264,6.0581,29.01539,False,63
265,5.13294,6.11742,False,63
270,33.0339,6.07465,False,63
271,6.13425,28.13483,False,63
272,6.10549,5.11671,False,63
273,6.03286,5.11527,False,63
274,6.03374,5.12482,False,63
275,33.00542,6.05008,False,63
280,3.06837,5.1308,False,63
289,5.12111,29.0894,False,63
290,6.09299,6.12585,False,63
291,6.13589,6.13341,False,63
292,5.10708,6.13655,False,63
293,15.14433,30.12665,False,63
294,10.07862,6.10296,False,63
295,25.04972,36.04733,False,63
296,20.05379,4.08406,False,63
297,6.06306,35.06781,False,63
298,2.10893,33.04833,False,63
299,6.09742,34.04663,False,63
300,6.07657,33.13783,False,63
301,4.06665,33.01152,False,63
302,5.03739,35.01702,False,63
303,5.12502,33.04465,False,63
308,5.12456,31.0844,False,63
317,3.05897,22.0507,False,63
318,6.00617,36.02592,False,63
319,5.1159,30.08414,False,63
320,4.02256,27.11272,False,63
321,3.09231,34.07885,False,63
322,5.14435,18.02276,False,63
323,2.06554,17.10564,False,63
324,1.1375,23.09323,False,63
325,2.04428,25.04136,False,63
326,3.07692,18.04046,False,63
328,5.12746,25.09644,False,63
329,6.12038,31.09576,False,63
330,6.04844,30.05563,False,63
331,5.04374,20.03054,False,63
332,5.13429,30.14103,False,63
333,33.06373,30.04235,False,63
334,6.02583,6.02436,False,63
335,5.09896,30.01768,False,63
336,5.129,30.13719,False,63
337,6.02017,25.05653,False,63
339,5.11812,28.03719,False,63
340,1.0,1.10839,True,63
341,1.0,25.0157,True,63
342,36.08221,5.01883,False,63
343,1.0,1.0,True,63
346,6.03816,27.04478,False,63
347,6.08516,33.10757,False,63
348,6.03814,27.13815,False,63
349,2.0698,25.10189,False,63
350,6.1366,29.01084,False,63
351,6.11016,25.0736,False,63
352,6.04784,34.04869,False,63
353,34.00413,37.09368,False,63
354,34.13684,34.07077,False,63
355,5.03863,23.13315,False,63
357,5.09058,29.05703,False,63
358,6.02081,28.03973,False,63
359,6.00541,32.06625,False,63
361,6.04822,25.10491,False,63
363,35.06712,35.05674,False,63
364,35.11805,35.05698,False,63
365,3.11237,23.08991,False,63
366,5.13184,5.12234,False,63
367,35.06305,35.00308,False,63
370,6.06029,28.06088,False,63
371,6.13119,33.13303,False,63
372,6.14283,33.11299,False,63
373,6.02659,6.12594,False,63
374,1.10224,37.11268,False,63
375,5.021,4.13202,False,63
376,6.00961,5.01636,False,63
377,6.12445,2.04126,False,63
378,33.06714,28.12239,False,63
379,28.11587,5.05691,False,63
380,34.03496,33.01158,False,63
381,6.10159,5.13344,False,63
383,5.03966,30.05281,False,63
384,6.14009,28.02089,False,63
385,1.05237,25.12773,False,63
386,1.02995,27.01925,False,63
387,2.00685,34.10759,False,63
388,2.08146,5.00596,False,63
389,2.03268,7.10692,False,63
390,3.04143,27.12743,False,63
391,5.0077,23.06869,False,63
394,5.04387,30.08542,False,63
395,35.03118,2.06419,False,63
396,35.02273,3.0163,False,63
397,35.01211,4.04057,False,63
398,35.14295,33.0527,False,63
403,6.00865,19.12228,False,63
404,35.09915,34.05687,False,63
405,35.09643,5.02478,False,63
406,4.09924,1.0,False,63
407,29.05374,28.02707,False,63
408,1.0,4.08766,True,63
412,10.00626,34.09785,False,63
413,20.02028,25.03224,False,63
414,10.00824,31.07371,False,63
415,30.01637,28.02014,False,63
416,33.02482,20.0293,False,63
417,6.12842,28.03488,False,63
418,35.09376,35.06795,False,63
419,33.13399,33.13095,False,63
420,33.133,33.12495,False,63
421,33.09366,33.06574,False,63
422,28.11186,30.03123,False,63
423,6.11457,23.07714,False,63
425,6.00144,37.10431,False,63
426,6.05527,33.1076,False,63
427,6.09913,6.13239,False,63
428,33.1304,33.10589,False,63
429,33.00929,28.08465,False,63
1,6.0646,23.10476,False,64
3,4.13782,4.04109,False,64
5,6.00565,37.01625,False,64
6,5.11402,33.03717,False,64
7,4.03492,1.0,False,64
9,4.09611,5.09564,False,64
10,5.10032,4.14187,False,64
11,6.0638,1.0,False,64
13,6.02471,6.04145,False,64
17,6.0298,28.11024,False,64
18,6.01995,6.0432,False,64
19,1.0,33.06276,True,64
21,6.05545,29.06829,False,64
22,6.10437,6.13041,False,64
25,6.01016,19.11328,False,64
29,2.07769,5.14443,False,64
30,6.127,6.14558,False,64
69,2.09034,24.0489,False,64
70,28.04551,23.00919,False,64
71,6.07338,28.03526,False,64
72,33.07968,33.01057,False,64
73,28.11997,28.09687,False,64
74,33.03588,37.13489,False,64
75,34.07071,33.08304,False,64
76,6.1262,28.043,False,64
77,18.06951,6.12503,False,64
78,6.03421,29.10189,False,64
79,6.11325,6.11065,False,64
82,6.08173,29.12797,False,64
83,3.04968,18.03812,False,64
84,33.01131,1.0,False,64
85,1.0,2.04375,True,64
86,1.0,29.09246,True,64
91,5.08389,5.14295,False,64
92,6.11198,6.10445,False,64
93,6.11836,23.11834,False,64
95,3.12234,5.11008,False,64
98,5.11296,30.06476,False,64
99,22.11476,34.12724,False,64
100,6.10513,35.04346,False,64
101,5.0326,23.11171,False,64
103,6.13503,25.01942,False,64
104,6.00831,30.10287,False,64
106,3.03614,28.06727,False,64
107,4.08154,26.00976,False,64
109,6.13044,34.0632,False,64
110,6.08275,28.14714,False,64
111,3.0879,33.02212,False,64
112,4.06337,22.1272,False,64
113,5.00354,28.04548,False,64
114,2.00573,5.13508,False,64
115,6.03136,5.14653,False,64
116,3.01901,28.14288,False,64
117,4.07985,5.1185,False,64
118,2.01397,18.05536,False,64
120,2.00339,34.03576,False,64
121,3.00742,5.05856,False,64
122,1.03618,5.14644,False,64
123,2.0971,6.04097,False,64
124,4.03114,37.13323,False,64
125,35.03877,34.06528,False,64
126,35.11882,30.0353,False,64
127,6.04701,24.14267,False,64
128,6.04809,30.13379,False,64
129,6.14382,30.06468,False,64
130,35.14158,35.12119,False,64
131,4.08675,5.12866,False,64
133,3.10482,5.13863,False,64
134,4.00434,4.02279,False,64
135,4.02559,4.05457,False,64
136,4.12251,4.1064,False,64
137,1.0,5.00156,True,64
139,5.0245,5.01899,False,64
140,4.01309,3.12965,False,64
141,6.1402,2.11102,False,64
142,3.13234,3.02622,False,64
143,1.14182,5.02823,False,64
144,4.11271,5.06549,False,64
145,1.0,30.02453,True,64
146,1.0,1.0,True,64
147,2.07187,1.0,False,64
148,1.0,1.0,True,64
149,1.0,18.10644,True,64
150,35.11863,1.0,False,64
151,1.0,1.01406,True,64
153,6.13494,6.12689,False,64
154,6.04901,23.05405,False,64
155,4.10313,37.02327,False,64
156,6.02472,5.14046,False,64
157,1.02582,5.05344,False,64
158,4.02477,18.04611,False,64
159,1.07138,23.06316,False,64
160,4.06612,23.0324,False,64
161,4.10163,18.00071,False,64
162,34.03931,29.09268,False,64
164,6.03562,37.06331,False,64
165,35.1435,6.13135,False,64
166,35.10172,30.1159,False,64
167,6.11241,5.03291,False,64
168,35.13363,1.0,False,64
169,35.12413,30.14032,False,64
173,6.00835,29.05473,False,64
175,3.0457,3.03809,False,64
176,5.11554,5.02798,False,64
177,6.06616,30.10988,False,64
178,34.02248,35.01435,False,64
179,6.14466,34.06029,False,64
180,28.14709,28.11969,False,64
181,33.03272,35.00068,False,64
182,6.14353,25.10381,False,64
183,6.07979,35.08432,False,64
184,6.02069,37.05329,False,64
185,6.1445,28.08786,False,64
186,6.03943,37.06518,False,64
188,1.00274,30.14429,False,64
189,34.12691,34.12376,False,64
190,6.12953,23.09721,False,64
191,6.00739,30.13571,False,64
192,6.06969,25.04593,False,64
193,36.11504,35.02116,False,64
194,6.05602,25.095579999999998,False,64
195,6.14212,28.13516,False,64
197,2.01478,29.12308,False,64
198,6.04506,25.07052,False,64
199,23.09111,30.00534,False,64
200,6.14546,6.10593,False,64
201,6.10443,5.12507,False,64
202,37.04668,37.04564,False,64
203,20.04857,30.12233,False,64
204,4.11873,30.13119,False,64
206,2.13611,30.11035,False,64
207,6.09114,28.01394,False,64
208,5.04415,5.13524,False,64
209,28.10749,28.04712,False,64
210,28.06739,28.05521,False,64
211,33.02007,28.09282,False,64
212,5.01101,4.10766,False,64
213,5.1039,13.05372,False,64
216,6.11545,28.12163,False,64
217,6.13902,29.01875,False,64
218,6.12314,30.09539,False,64
219,6.10574,25.11158,False,64
222,5.12223,28.05051,False,64
225,33.10354,33.097,False,64
226,6.09296,35.03484,False,64
227,34.14243,37.14627,False,64
229,33.08091,33.09103,False,64
230,33.01472,33.10553,False,64
233,6.01849,30.08369,False,64
234,33.05118,30.05443,False,64
235,33.10552,30.06102,False,64
236,4.0657,4.10175,False,64
237,6.02089,5.01579,False,64
242,4.08725,24.14111,False,64
243,6.03365,6.00521,False,64
251,34.1186,34.11611,False,64
252,6.11895,28.04187,False,64
253,4.07418,30.06707,False,64
254,1.1050200000000001,4.12798,False,64
255,3.0481,13.0548,False,64
256,2.08137,30.02794,False,64
257,4.02639,20.01216,False,64
258,1.03222,18.01836,False,64
259,33.06944,5.13027,False,64
260,5.02565,5.03559,False,64
262,1.02507,36.07753,False,64
263,3.12684,6.01012,False,64
264,6.08669,29.03625,False,64
265,5.13651,6.12232,False,64
270,33.04726,6.02301,False,64
271,6.02314,28.00936,False,64
272,6.03313,5.116,False,64
273,6.04081,5.09652,False,64
274,6.02297,5.07887,False,64
275,33.01988,6.13557,False,64
280,3.02051,5.14715,False,64
289,5.13052,29.0671,False,64
290,6.11454,6.1275,False,64
291,6.13965,6.13628,False,64
292,5.05936,6.10569,False,64
293,15.05787,31.08112,False,64
294,10.05375,10.0173,False,64
295,25.01021,36.02345,False,64
296,20.0278,4.0889,False,64
297,6.01514,35.13567,False,64
298,2.08754,33.07298,False,64
299,6.05556,34.04494,False,64
300,4.06489,33.02682,False,64
301,4.14217,33.04335,False,64
302,5.05162,35.05581,False,64
303,33.00499,33.02668,False,64
308,5.05586,31.12674,False,64
317,3.1391999999999998,22.0019,False,64
318,4.12777,36.11985,False,64
319,5.13832,30.14322,False,64
320,4.00924,27.00405,False,64
321,3.03107,34.03393,False,64
322,5.1075099999999996,18.01668,False,64
323,2.12109,17.0131,False,64
324,1.06575,23.09871,False,64
325,4.14543,25.11346,False,64
326,3.0732,18.10818,False,64
328,5.07751,25.14132,False,64
329,20.03893,31.03199,False,64
330,6.04122,28.0715,False,64
331,5.04195,20.10157,False,64
332,6.12736,20.091920000000002,False,64
333,33.02652,30.01635,False,64
334,6.10762,6.09651,False,64
335,5.06516,30.05339,False,64
336,5.11386,30.1365,False,64
337,6.00581,25.05002,False,64
339,5.09183,28.08918,False,64
340,1.0,1.11448,True,64
341,1.0,25.06154,True,64
342,36.08663,5.08005,False,64
343,1.0,1.0,True,64
346,6.04723,27.12389,False,64
347,6.09283,33.08975,False,64
348,6.03768,27.14073,False,64
349,2.14086,25.14666,False,64
350,6.14199,29.14328,False,64
351,6.10922,25.08225,False,64
352,6.13555,34.08436,False,64
353,34.06901,37.11579,False,64
354,34.14223,34.11379,False,64
355,5.0145,23.12365,False,64
357,5.10122,29.13411,False,64
358,6.01351,28.13598,False,64
359,6.016,32.05425,False,64
361,6.03658,25.07208,False,64
363,35.08653,35.05487,False,64
364,35.10838,35.10511,False,64
365,3.0123,23.07065,False,64
366,5.06896,5.03335,False,64
367,35.02781,35.01822,False,64
370,6.06863,28.10036,False,64
371,6.14528,33.07335,False,64
372,6.13069,33.04177,False,64
373,6.05593,6.08642,False,64
374,1.05103,37.08437,False,64
375,5.1053,23.10582,False,64
376,6.03319,5.10829,False,64
377,2.07323,1.0,False,64
378,33.06806,28.00236,False,64
379,28.04899,5.11998,False,64
380,34.0102,33.09649,False,64
381,6.00554,5.0475,False,64
383,5.11626,29.03582,False,64
384,6.14511,30.0125,False,64
385,2.07241,25.12321,False,64
386,1.07098,27.10155,False,64
387,1.04869,34.00685,False,64
388,2.12088,5.08346,False,64
389,2.09849,7.14723,False,64
390,3.01821,27.01217,False,64
391,2.0216,23.13885,False,64
394,5.06385,30.0802,False,64
395,35.12072,2.09638,False,64
396,35.07872,3.14095,False,64
397,35.08509,4.10531,False,64
398,35.0333,33.0539,False,64
403,6.0969,19.06821,False,64
404,35.05183,34.03086,False,64
405,35.09117,5.13952,False,64
406,6.04614,4.02535,False,64
407,29.13374,28.08713,False,64
408,1.0,4.11463,True,64
412,10.01511,34.12063,False,64
413,20.03359,25.10975,False,64
414,10.08483,31.13675,False,64
415,30.08073,28.05476,False,64
416,33.11358,20.0239,False,64
417,6.13491,28.04146,False,64
418,35.03025,35.02536,False,64
419,33.0611,33.00358,False,64
420,33.05555,33.05548,False,64
421,33.10814,33.00795,False,64
422,30.00442,28.09423,False,64
423,6.0417,23.08802,False,64
425,6.03118,5.0956,False,64
426,6.06451,33.12672,False,64
427,6.06297,6.13644,False,64
428,33.09506,33.07878,False,64
429,33.07262,28.07775,False,64
1,6.05887,23.06702,False,65
3,4.01863,4.01719,False,65
5,6.01516,37.01708,False,65
6,5.09319,33.00324,False,65
7,4.10415,1.0,False,65
9,4.07851,5.13103,False,65
10,5.10598,4.05129,False,65
11,6.07349,1.0,False,65
13,6.0729,6.11387,False,65
17,6.02355,29.09267,False,65
18,6.032,6.02403,False,65
19,1.0,33.03099,True,65
21,6.0606,29.04032,False,65
22,6.0935,6.13088,False,65
25,6.00945,19.09239,False,65
29,4.03711,5.10772,False,65
30,6.10898,6.0805,False,65
69,2.12791,24.13232,False,65
70,28.07486,23.0333,False,65
71,6.06712,28.12601,False,65
72,33.04999,33.0455,False,65
73,28.02542,28.03563,False,65
74,33.04457,33.03725,False,65
75,34.03742,33.14286,False,65
76,6.14046,28.14096,False,65
77,18.11523,6.12566,False,65
78,6.03489,29.09361,False,65
79,6.11955,6.11925,False,65
82,6.00961,29.01951,False,65
83,3.11005,18.00707,False,65
84,33.13997,1.0,False,65
85,2.03047,1.0,False,65
86,1.0,29.10835,True,65
91,5.09185,5.14377,False,65
92,6.09272,28.07694,False,65
93,6.10878,23.00247,False,65
95,4.09817,5.11132,False,65
98,5.11599,30.02742,False,65
99,22.10119,34.09901,False,65
100,6.12433,35.00955,False,65
101,5.03568,23.0768,False,65
103,6.14597,25.08803,False,65
104,6.05337,30.07718,False,65
106,3.13972,28.14014,False,65
107,4.06345,26.00251,False,65
109,6.08705,34.008,False,65
110,6.06832,28.08259,False,65
111,3.09401,33.02825,False,65
112,4.0111,22.06736,False,65
113,5.07201,28.07912,False,65
114,2.05945,5.14682,False,65
115,6.0161,5.05312,False,65
116,3.09206,28.13229,False,65
117,3.11194,5.10133,False,65
118,2.00902,18.0678,False,65
120,2.08137,34.09621,False,65
121,3.04379,5.08598,False,65
122,1.11651,5.1195,False,65
123,2.04302,6.12305,False,65
124,2.03072,37.12636,False,65
125,35.09905,34.11289,False,65
126,35.00663,30.06686,False,65
127,6.14168,24.07019,False,65
128,4.06135,30.00219,False,65
129,6.04688,30.13374,False,65
130,35.14035,35.10298,False,65
131,4.08059,5.0948,False,65
133,3.04331,5.1243,False,65
134,4.01309,5.13601,False,65
135,6.00726,4.1434,False,65
136,4.01695,4.13836,False,65
137,1.0,5.00514,True,65
139,5.09599,5.04954,False,65
140,4.01283,3.13334,False,65
141,6.05475,2.11554,False,65
142,3.11954,3.14424,False,65
143,1.00337,5.06156,False,65
144,4.01465,5.104,False,65
145,30.08183,1.0,False,65
146,1.0,1.0,True,65
147,2.05738,1.0,False,65
148,1.0,1.0,True,65
149,1.0,18.0647,True,65
150,35.11915,1.0,False,65
151,1.0,1.12632,True,65
153,6.09761,6.09468,False,65
154,6.04269,28.05282,False,65
155,4.07812,37.08104,False,65
156,5.10153,28.09843,False,65
157,1.08149,5.00708,False,65
158,4.04173,18.11087,False,65
159,1.01201,23.03084,False,65
160,4.06454,23.09694,False,65
161,4.14722,18.00486,False,65
162,34.10294,29.11258,False,65
164,5.0382,37.12662,False,65
165,35.06405,6.02248,False,65
166,35.05418,30.08223,False,65
167,6.01792,5.13637,False,65
168,35.0315,1.0,False,65
169,35.00039,30.1384,False,65
173,6.01491,29.02028,False,65
175,3.13919,3.03648,False,65
176,5.07411,5.12073,False,65
177,6.09707,30.11749,False,65
178,34.00625,35.04374,False,65
179,6.13741,34.10348,False,65
180,28.12061,28.07186,False,65
181,33.11818,35.01083,False,65
182,6.14549,10.02327,False,65
183,6.07445,35.04603,False,65
184,6.0798,37.06341,False,65
185,6.14231,28.07185,False,65
186,6.03091,37.06173,False,65
188,1.08219,30.12265,False,65
189,34.08724,34.08489,False,65
190,6.11143,23.09096,False,65
191,6.08472,30.12203,False,65
192,6.08393,25.04593,False,65
193,36.01779,35.05119,False,65
194,6.09035,25.12887,False,65
195,6.03273,28.04997,False,65
197,2.08163,30.01225,False,65
198,6.01906,25.04252,False,65
199,6.04491,30.04475,False,65
200,6.13654,6.12669,False,65
201,6.02418,5.11875,False,65
202,37.04432,37.11519,False,65
203,20.04389,30.07583,False,65
204,4.07147,30.12084,False,65
206,2.05026,30.10336,False,65
207,6.09221,28.02527,False,65
208,5.05462,5.13477,False,65
209,28.04595,28.11453,False,65
210,28.09999,28.12582,False,65
211,33.03237,28.02277,False,65
212,5.11366,4.13444,False,65
213,5.09127,13.03135,False,65
216,6.11275,28.10354,False,65
217,6.1262,29.00974,False,65
218,6.08414,30.12179,False,65
219,6.1418800000000005,25.07982,False,65
222,5.11296,28.14279,False,65
225,33.12596,33.0897,False,65
226,6.09916,35.07217,False,65
227,34.04267,37.10367,False,65
229,33.07174,33.07423,False,65
230,33.02702,33.12686,False,65
233,6.0061,30.13023,False,65
234,33.00682,30.09147,False,65
235,33.048,30.09113,False,65
236,4.1238,4.04,False,65
237,6.09379,5.04766,False,65
242,4.04377,24.00804,False,65
243,6.14058,6.09092,False,65
251,34.08386,34.08352,False,65
252,6.07344,28.01261,False,65
253,4.02043,30.12871,False,65
254,1.0106,4.00829,False,65
255,3.02458,13.02233,False,65
256,2.08632,30.08107,False,65
257,4.0021,20.08943,False,65
258,5.02113,18.13026,False,65
259,33.01402,5.11975,False,65
260,5.11243,5.0275,False,65
262,1.02826,36.03992,False,65
263,3.09405,6.01676,False,65
264,6.13992,29.12704,False,65
265,5.13379,6.04706,False,65
270,33.04542,6.06696,False,65
271,6.12434,28.13842,False,65
272,6.00524,5.14019,False,65
273,6.00379,5.13322,False,65
274,6.02438,5.11377,False,65
275,33.02011,6.02764,False,65
280,3.12245,5.12547,False,65
289,5.14099,29.10814,False,65
290,6.09215,6.11027,False,65
291,6.14562,6.14735,False,65
292,5.05873,6.12018,False,65
293,15.02526,30.11107,False,65
294,10.05444,10.08805,False,65
295,25.07914,36.00994,False,65
296,20.03649,4.02786,False,65
297,6.02262,35.02765,False,65
298,2.06648,33.09729,False,65
299,6.09199,34.04468,False,65
300,4.03437,33.12721,False,65
301,4.05818,33.10593,False,65
302,5.07557,35.08858,False,65
303,33.103,33.09829,False,65
308,5.03085,31.13748,False,65
317,4.06514,22.01461,False,65
318,6.03088,36.03461,False,65
319,5.13262,30.13018,False,65
320,4.04071,27.02641,False,65
321,3.04668,34.13037,False,65
322,5.09419,18.09115,False,65
323,2.09663,17.0342,False,65
324,2.0591,23.04225,False,65
325,2.07104,25.14718,False,65
326,4.03031,18.06569,False,65
328,5.13435,25.07143,False,65
329,20.14458,31.06102,False,65
330,6.0356,30.09504,False,65
331,5.03732,20.01932,False,65
332,6.12937,20.00844,False,65
333,33.02942,30.06177,False,65
334,6.10976,6.09193,False,65
335,5.1173,30.10442,False,65
336,5.0219,30.11383,False,65
337,6.00361,25.14536,False,65
339,5.02533,28.01377,False,65
340,1.0,1.04624,True,65
341,1.0,25.09765,True,65
342,36.04552,5.01626,False,65
343,1.0,1.0,True,65
346,6.03131,27.04336,False,65
347,6.10204,33.05355,False,65
348,6.01998,27.1313,False,65
349,2.01373,25.05496,False,65
350,28.06958,29.12567,False,65
351,6.13546,25.02761,False,65
352,6.09826,34.01658,False,65
353,34.06804,37.08994,False,65
354,34.12412,34.10243,False,65
355,5.00487,23.0176,False,65
357,5.09056,28.08002,False,65
358,6.03262,28.14578,False,65
359,6.03744,32.13352,False,65
361,6.03567,25.01541,False,65
363,35.11578,35.07805,False,65
364,35.12462,35.1107,False,65
365,3.12088,23.07129,False,65
366,5.11844,5.1081199999999995,False,65
367,35.01328,35.00271,False,65
370,6.09098,28.11234,False,65
371,6.12454,33.11331,False,65
372,6.1423,33.07005,False,65
373,6.05049,6.1157,False,65
374,1.05918,37.05278,False,65
375,5.064,4.14398,False,65
376,6.00205,5.1075,False,65
377,6.10782,2.07558,False,65
378,33.09525,28.1405,False,65
379,28.10893,5.1028,False,65
380,34.04204,33.0913,False,65
381,6.05776,5.07239,False,65
383,5.0471,30.02311,False,65
384,6.11881,28.0778,False,65
385,1.14401,25.08746,False,65
386,4.11872,27.13101,False,65
387,2.0568,34.02877,False,65
388,2.07916,5.02708,False,65
389,2.02989,7.04785,False,65
390,3.08524,27.06309,False,65
391,5.04913,23.14542,False,65
394,5.119,30.0965,False,65
395,35.10836,2.09492,False,65
396,35.10973,3.0096,False,65
397,35.08633,4.09195,False,65
398,35.0888,33.08079,False,65
403,6.04423,19.01056,False,65
404,35.08525,34.05191,False,65
405,35.00818,5.03617,False,65
406,4.04916,1.0,False,65
407,29.02124,28.09773,False,65
408,1.0,4.05427,True,65
412,10.00065,34.09615,False,65
413,20.0774,25.1159,False,65
414,10.00333,31.03675,False,65
415,30.07929,28.11763,False,65
416,33.0646,20.00566,False,65
417,6.14571,23.01705,False,65
418,35.02167,35.01757,False,65
419,33.02211,33.01274,False,65
420,33.08072,33.04372,False,65
421,33.14406,33.10799,False,65
422,28.00071,30.01143,False,65
423,6.06091,23.11173,False,65
425,6.00191,37.11048,False,65
426,6.04899,33.11674,False,65
427,6.09263,6.13545,False,65
428,33.06809,33.04201,False,65
429,33.06347,28.13336,False,65
1,6.04781,23.0647,False,66
3,4.04496,4.00724,False,66
5,6.01446,37.05786,False,66
6,5.07168,33.08276,False,66
7,4.07053,1.0,False,66
9,4.04133,5.14017,False,66
10,5.00849,4.14494,False,66
11,6.01751,1.0,False,66
13,6.11109,6.0753,False,66
17,6.00776,28.13423,False,66
18,6.01339,6.01109,False,66
19,1.0,33.01982,True,66
21,6.07414,18.09939,False,66
22,6.11953,6.11326,False,66
25,6.00135,19.00461,False,66
29,4.00319,5.141,False,66
30,6.05899,6.1142,False,66
69,2.00066,24.1063,False,66
70,28.08262,23.10335,False,66
71,6.0669,6.05051,False,66
72,33.0744,33.06166,False,66
73,28.09377,28.08507,False,66
74,33.099,33.09134,False,66
75,34.04828,33.06281,False,66
76,6.10937,28.04282,False,66
77,18.13196,6.14623,False,66
78,6.02484,29.12744,False,66
79,6.1067,6.09093,False,66
82,6.03433,29.09342,False,66
83,3.0449,18.04169,False,66
84,33.06586,1.0,False,66
85,2.09447,1.0,False,66
86,1.0,29.14728,True,66
91,5.10096,5.12118,False,66
92,6.06383,6.05389,False,66
93,6.12255,23.09851,False,66
95,4.08686,5.08919,False,66
98,5.14207,30.0245,False,66
99,22.08559,34.11693,False,66
100,6.11142,35.04897,False,66
101,5.09537,23.14184,False,66
103,6.12757,25.12347,False,66
104,6.09763,30.06121,False,66
106,3.13384,28.00442,False,66
107,4.05801,26.09586,False,66
109,6.13333,34.04127,False,66
110,6.0878,28.03859,False,66
111,5.03304,33.14162,False,66
112,3.11874,22.07074,False,66
113,5.05981,28.13626,False,66
114,2.04731,5.12524,False,66
115,6.00829,5.14264,False,66
116,3.02864,28.14282,False,66
117,4.11701,5.09043,False,66
118,2.13412,18.11474,False,66
120,2.11718,34.14598,False,66
121,3.03628,5.1356,False,66
122,2.06149,5.14415,False,66
123,2.04915,6.07417,False,66
124,2.1297800000000002,37.13062,False,66
125,35.02832,34.05674,False,66
126,35.05493,30.06115,False,66
127,6.14155,24.03851,False,66
128,4.03129,30.08549,False,66
129,6.08483,30.02909,False,66
130,35.09754,35.09581,False,66
131,4.09925,5.05351,False,66
133,3.11403,5.12638,False,66
134,4.00039,5.08225,False,66
135,2.07071,4.14031,False,66
136,4.10285,4.14161,False,66
137,1.0,5.03498,True,66
139,5.11115,5.13336,False,66
140,4.06145,3.10852,False,66
141,6.02934,2.0317,False,66
142,3.08768,3.06388,False,66
143,1.12914,5.13284,False,66
144,4.1302,5.0173,False,66
145,1.0,30.13426,True,66
146,1.0,1.0,True,66
147,2.13999,1.0,False,66
148,1.0,1.0,True,66
149,1.0,18.06995,True,66
150,35.14146,1.0,False,66
151,1.0,1.04535,True,66
153,6.10561,6.09927,False,66
154,6.07919,23.03674,False,66
155,4.03888,23.03567,False,66
156,6.03702,5.13222,False,66
157,1.04797,5.13835,False,66
158,4.01634,18.10071,False,66
159,1.1404,23.0311,False,66
160,4.07799,23.00131,False,66
161,4.03617,18.05294,False,66
162,34.08557,29.14536,False,66
164,5.00747,37.06486,False,66
165,35.01279,6.01553,False,66
166,35.09556,30.01692,False,66
167,6.12479,5.10162,False,66
168,35.07948,1.0,False,66
169,35.0686,30.11538,False,66
173,6.01334,29.06806,False,66
175,3.12559,3.0914,False,66
176,5.12498,5.06168,False,66
177,6.10146,30.10329,False,66
178,34.02158,35.00665,False,66
179,6.1371,34.12605,False,66
180,28.14642,28.07977,False,66
181,33.04264,35.00346,False,66
182,6.14743,10.02135,False,66
183,6.08952,35.13583,False,66
184,6.11234,37.03504,False,66
185,6.11773,28.09305,False,66
186,6.0574,37.01563,False,66
188,1.12802,37.04963,False,66
189,34.08723,34.08247,False,66
190,6.11277,23.13953,False,66
191,6.0488,30.12313,False,66
192,6.09139,25.09158,False,66
193,36.11078,35.01186,False,66
194,6.02672,25.10942,False,66
195,6.00139,28.03519,False,66
197,1.08292,29.12655,False,66
198,6.06654,25.08094,False,66
199,6.06282,30.02581,False,66
200,6.1444,6.11772,False,66
201,6.04994,5.04499,False,66
202,37.04545,37.04161,False,66
203,30.03412,30.09552,False,66
204,6.05467,30.06056,False,66
206,2.01465,30.00107,False,66
207,6.11533,28.09987,False,66
208,5.00246,5.11714,False,66
209,28.0587,28.0133,False,66
210,28.00468,28.09519,False,66
211,33.05197,28.069209999999998,False,66
212,5.06591,4.04028,False,66
213,5.11467,13.00081,False,66
216,6.09395,28.09251,False,66
217,6.14151,29.03884,False,66
218,6.09943,30.0624,False,66
219,6.09034,25.05153,False,66
222,5.06555,28.14738,False,66
225,33.14656,33.12228,False,66
226,6.10977,35.0829,False,66
227,34.01668,37.09224,False,66
229,33.07819,33.08407,False,66
230,33.05175,33.04103,False,66
233,6.0416,30.10542,False,66
234,33.02203,30.14593,False,66
235,33.05558,30.02152,False,66
236,4.06203,4.14287,False,66
237,6.07584,5.1263,False,66
242,4.14047,24.07747,False,66
243,6.12833,6.09984,False,66
251,34.10233,34.0727,False,66
252,6.11963,28.03726,False,66
253,4.03508,30.07673,False,66
254,1.05505,4.07829,False,66
255,3.06041,13.04304,False,66
256,2.02425,30.01336,False,66
257,4.12393,20.0675,False,66
258,5.04859,18.005,False,66
259,33.02691,5.10514,False,66
260,5.14395,5.09359,False,66
262,1.02996,36.14121,False,66
263,3.01034,6.04709,False,66
264,6.12218,29.11279,False,66
265,5.09792,6.04197,False,66
270,33.03535,6.11946,False,66
271,6.11292,28.09545,False,66
272,6.01514,5.10085,False,66
273,6.05286,5.13893,False,66
274,6.01287,5.09211,False,66
275,33.00374,6.02752,False,66
280,3.05689,5.1172,False,66
289,5.11761,29.01513,False,66
290,6.08382,6.09801,False,66
291,6.14169,6.13259,False,66
292,5.07006,6.114,False,66
293,15.112,30.13782,False,66
294,10.00069,10.03927,False,66
295,25.05824,36.13539,False,66
296,20.08703,4.13039,False,66
297,6.03467,35.06847,False,66
298,2.00839,33.016,False,66
299,6.08499,34.04573,False,66
300,6.02893,33.08482,False,66
301,4.02604,33.12342,False,66
302,5.0599,35.08488,False,66
303,5.08674,33.06188,False,66
308,3.06859,31.06454,False,66
317,4.02208,22.03064,False,66
318,6.01229,36.02199,False,66
319,5.11995,30.08539,False,66
320,4.08166,27.03273,False,66
321,3.09339,34.05187,False,66
322,5.00813,18.11146,False,66
323,2.0925,17.10473,False,66
324,2.0767,23.1193,False,66
325,4.09908,25.00163,False,66
326,4.05209,18.05289,False,66
328,5.12134,25.06828,False,66
329,6.12847,31.08294,False,66
330,6.04423,30.0342,False,66
331,5.05495,20.01039,False,66
332,6.0439,20.03597,False,66
333,33.03551,30.14141,False,66
334,6.09509,6.14523,False,66
335,5.07688,30.1284,False,66
336,5.06139,30.12333,False,66
337,6.08194,25.11912,False,66
339,5.09708,28.05735,False,66
340,1.0,1.07703,True,66
341,1.0,25.10034,True,66
342,36.11525,5.14073,False,66
343,1.0,1.0,True,66
346,6.07325,27.00191,False,66
347,6.08555,33.08136,False,66
348,6.02499,27.10868,False,66
349,2.07514,25.12027,False,66
350,28.13755,29.12826,False,66
351,6.13988,25.08358,False,66
352,6.05661,34.00974,False,66
353,34.13221,37.1165,False,66
354,34.08947,34.08251,False,66
355,5.02063,23.04049,False,66
357,5.08395,29.05299,False,66
358,6.02474,28.071,False,66
359,6.08185,32.12077,False,66
361,6.04958,25.09766,False,66
363,35.08606,35.06308,False,66
364,35.08471,35.03789,False,66
365,3.04452,23.0478,False,66
366,5.10976,5.08672,False,66
367,35.02993,35.00593,False,66
370,6.09177,28.1427,False,66
371,6.12165,33.14316,False,66
372,6.13495,33.05723,False,66
373,6.03376,6.11015,False,66
374,1.10844,37.08872,False,66
375,5.08698,23.13909,False,66
376,6.02656,5.02688,False,66
377,2.14483,1.0,False,66
378,33.07049,28.13592,False,66
379,28.00052,5.13418,False,66
380,34.01213,33.11887,False,66
381,6.06047,5.00668,False,66
383,5.12219,30.03844,False,66
384,6.14202,28.09631,False,66
385,1.11962,30.1355,False,66
386,4.0364,27.01115,False,66
387,2.02686,34.1343,False,66
388,2.08083,5.1157,False,66
389,2.11312,7.03331,False,66
390,3.10458,27.03447,False,66
391,2.05893,23.08685,False,66
394,5.03857,30.03933,False,66
395,35.02166,2.10975,False,66
396,35.10564,3.09761,False,66
397,35.1206,4.07809,False,66
398,35.13731,33.11122,False,66
403,6.01484,19.10099,False,66
404,35.08127,34.14129,False,66
405,35.09178,5.07693,False,66
406,6.01603,4.07332,False,66
407,29.0891,28.00664,False,66
408,1.0,4.07795,True,66
412,10.05098,34.11765,False,66
413,20.05781,25.05182,False,66
414,10.13613,31.08491,False,66
415,30.03055,28.05471,False,66
416,33.12679,20.07617,False,66
417,6.11966,28.09005,False,66
418,35.0859,35.07989,False,66
419,33.04176,33.01317,False,66
420,33.1267,33.0959,False,66
421,33.09538,33.08082,False,66
422,28.08708,30.14712,False,66
423,6.0993,23.11192,False,66
425,6.09567,5.04303,False,66
426,6.06361,33.14246,False,66
427,6.04647,6.14149,False,66
428,33.05805,33.05795,False,66
429,33.07852,28.05996,False,66
1,6.07482,23.01931,False,67
3,4.10403,4.0922,False,67
5,6.02575,37.13455,False,67
6,5.03627,33.0382,False,67
7,4.074,1.0,False,67
9,5.00311,5.12117,False,67
10,4.10539,4.03441,False,67
11,6.09868,1.0,False,67
13,6.09019,6.11792,False,67
17,6.0197,28.02539,False,67
18,6.00615,6.04981,False,67
19,1.0,33.11138,True,67
21,6.06309,29.07258,False,67
22,6.12699,6.10167,False,67
25,6.00549,19.09621,False,67
29,3.06025,5.14549,False,67
30,6.06855,6.13163,False,67
69,2.07676,24.0486,False,67
70,28.07467,23.02979,False,67
71,6.07732,28.07416,False,67
72,33.07717,33.00237,False,67
73,28.11965,28.07524,False,67
74,33.06514,37.10159,False,67
75,34.00253,33.12038,False,67
76,6.14044,28.11896,False,67
77,18.13563,6.147,False,67
78,6.03998,29.0102,False,67
79,6.10241,6.09833,False,67
82,6.03316,29.01018,False,67
83,3.12031,18.00901,False,67
84,33.07894,1.0,False,67
85,1.0,2.02434,True,67
86,1.0,29.09335,True,67
91,5.11007,5.14559,False,67
92,6.05932,28.10592,False,67
93,6.12512,23.06353,False,67
95,4.02065,5.08029,False,67
98,5.09527,30.06852,False,67
99,22.12144,34.11091,False,67
100,6.10048,35.05193,False,67
101,3.06214,23.14302,False,67
103,6.14474,25.08143,False,67
104,6.00157,30.10644,False,67
106,3.04591,28.02387,False,67
107,4.10256,26.01836,False,67
109,6.13605,34.08124,False,67
110,6.09268,28.12903,False,67
111,3.0284,33.06132,False,67
112,3.08579,22.07139,False,67
113,5.00626,28.04934,False,67
114,2.0264,5.11678,False,67
115,6.00687,5.13044,False,67
116,3.05368,28.09453,False,67
117,4.03819,5.06202,False,67
118,2.03494,18.07282,False,67
120,2.08106,34.09947,False,67
121,2.02853,5.1308,False,67
122,2.04297,5.10898,False,67
123,2.0237,6.14357,False,67
124,2.09307,37.05053,False,67
125,35.06417,34.139,False,67
126,35.0814,30.01809,False,67
127,6.01583,24.02815,False,67
128,4.03899,30.11533,False,67
129,6.11297,30.11344,False,67
130,35.13371,35.11587,False,67
131,4.10399,5.06264,False,67
133,3.091,5.1235,False,67
134,4.03417,5.07933,False,67
135,4.10423,4.12609,False,67
136,4.11645,4.11778,False,67
137,4.09206,5.06022,False,67
139,5.04872,5.05765,False,67
140,4.04094,3.1185,False,67
141,6.07918,2.05229,False,67
142,3.08267,3.01234,False,67
143,1.04165,5.12891,False,67
144,4.03528,5.04041,False,67
145,30.076,1.0,False,67
146,1.0,1.0,True,67
147,2.12089,1.0,False,67
148,1.0,1.0,True,67
149,1.0,18.11651,True,67
150,35.05162,1.0,False,67
151,1.0,1.06556,True,67
153,6.12633,6.12375,False,67
154,6.01382,28.11831,False,67
155,4.04215,37.04599,False,67
156,5.10467,28.03016,False,67
157,1.03898,5.00145,False,67
158,4.00925,18.05362,False,67
159,3.0187,23.12771,False,67
160,4.13965,23.02911,False,67
161,4.03063,18.09337,False,67
162,34.14563,29.06766,False,67
164,5.06568,37.02584,False,67
165,35.14319,6.06569,False,67
166,35.05594,30.0957,False,67
167,6.11461,5.0174,False,67
168,35.10464,1.0,False,67
169,35.00388,30.08488,False,67
173,6.00718,29.07244,False,67
175,3.1279,3.0744,False,67
176,5.05157,5.07747,False,67
177,6.11503,30.1059,False,67
178,34.00462,35.01685,False,67
179,6.14714,34.14442,False,67
180,28.064,28.11556,False,67
181,33.03307,35.01941,False,67
182,6.13058,10.09656,False,67
183,6.10248,35.08142,False,67
184,6.00369,37.08159,False,67
185,6.14258,28.11436,False,67
186,6.02118,37.02269,False,67
188,2.10844,30.04848,False,67
189,34.1413,34.12681,False,67
190,6.13606,23.0423,False,67
191,6.06774,30.14634,False,67
192,6.06129,25.14009,False,67
193,36.02117,35.09091,False,67
194,6.09269,25.13891,False,67
195,6.07085,28.009,False,67
197,2.08716,29.05207,False,67
198,6.06487,25.00074,False,67
199,6.11051,30.07099,False,67
200,6.1307,6.10653,False,67
201,6.01552,5.10315,False,67
202,37.06748,37.04797,False,67
203,30.11593,30.13603,False,67
204,4.06392,30.07883,False,67
206,2.0417,30.00186,False,67
207,6.10572,28.14359,False,67
208,5.03577,5.1109,False,67
209,28.08202,28.07146,False,67
210,28.01684,28.13656,False,67
211,33.01316,28.05767,False,67
212,5.00783,4.12555,False,67
213,5.12654,13.06651,False,67
216,6.10475,28.09767,False,67
217,6.13497,29.01453,False,67
218,6.07203,30.11222,False,67
219,6.14435,25.12157,False,67
222,5.08795,28.14235,False,67
225,33.10577,33.09253,False,67
226,6.09653,35.06654,False,67
227,34.03436,37.00278,False,67
229,33.10964,33.11046,False,67
230,33.10582,33.05259,False,67
233,6.05661,30.08669,False,67
234,33.0002,30.04445,False,67
235,33.06576,30.08999,False,67
236,4.06355,4.03297,False,67
237,6.01952,5.11318,False,67
242,4.05666,24.11112,False,67
243,6.13135,6.1239,False,67
251,34.07197,34.06867,False,67
252,6.10952,28.02319,False,67
253,4.11191,30.12957,False,67
254,1.01083,4.1224,False,67
255,3.12208,13.04838,False,67
256,2.11816,30.05898,False,67
257,4.01135,20.0228,False,67
258,5.12894,18.13786,False,67
259,33.10664,5.14189,False,67
260,5.12818,5.02323,False,67
262,1.08659,36.04343,False,67
263,4.05475,6.0302,False,67
264,6.04993,29.11365,False,67
265,5.07286,6.11675,False,67
270,33.09277,6.0694,False,67
271,6.0566,28.05199,False,67
272,6.02923,5.05736,False,67
273,6.02663,5.14196,False,67
274,6.10347,5.09243,False,67
275,33.10247,6.04003,False,67
280,3.09989,5.06228,False,67
289,5.14243,29.14704,False,67
290,6.06415,6.1312,False,67
291,6.14675,6.14032,False,67
292,5.06799,6.07022,False,67
293,15.04034,31.09168,False,67
294,10.00001,6.1169,False,67
295,25.021,36.0053,False,67
296,20.11662,4.1231,False,67
297,6.0009,35.03854,False,67
298,1.09625,33.08305,False,67
299,6.04429,34.05854,False,67
300,6.03391,33.11109,False,67
301,4.08313,33.09805,False,67
302,5.07448,35.08079,False,67
303,33.07014,33.14493,False,67
308,5.05389,31.13491,False,67
317,3.10826,22.03126,False,67
318,6.03786,36.10239,False,67
319,5.08819,30.14174,False,67
320,4.11421,27.07684,False,67
321,3.11158,34.04994,False,67
322,5.01634,18.08129,False,67
323,2.02715,17.14227,False,67
324,2.12342,23.03939,False,67
325,4.11907,25.02505,False,67
326,3.01243,18.12886,False,67
328,5.12629,25.04027,False,67
329,20.08146,31.0675,False,67
330,6.01037,30.13818,False,67
331,5.07373,20.06533,False,67
332,5.14053,30.08037,False,67
333,33.03249,30.11756,False,67
334,6.08281,6.0686,False,67
335,5.03226,30.05109,False,67
336,5.08412,30.10872,False,67
337,6.05493,25.13209,False,67
339,5.09276,28.08495,False,67
340,1.0,1.00016,True,67
341,1.0,25.00313,True,67
342,36.09702,5.13552,False,67
343,1.0,1.0,True,67
346,6.03852,27.10957,False,67
347,6.0772,33.08862,False,67
348,6.0555,27.03859,False,67
349,2.02622,25.03276,False,67
350,28.08721,29.08183,False,67
351,6.13169,25.12778,False,67
352,6.13228,34.01474,False,67
353,34.13942,37.05899,False,67
354,34.08551,34.06181,False,67
355,5.01308,23.00451,False,67
357,5.10339,29.13443,False,67
358,6.016,28.00965,False,67
359,6.00365,32.14264,False,67
361,6.06424,25.13641,False,67
363,35.08934,35.07254,False,67
364,35.12159,35.09668,False,67
365,3.06157,23.06785,False,67
366,5.11545,5.1125,False,67
367,35.03975,35.00136,False,67
370,6.09223,28.12725,False,67
371,6.1142,33.10652,False,67
372,6.14671,33.00821,False,67
373,6.02884,6.12138,False,67
374,1.13663,37.09783,False,67
375,5.01697,4.03666,False,67
376,6.13623,5.13254,False,67
377,6.09073,2.02791,False,67
378,33.00393,28.11045,False,67
379,28.14154,5.12189,False,67
380,34.0163,33.13022,False,67
381,6.08692,5.04977,False,67
383,5.07437,29.06501,False,67
384,6.10771,28.06625,False,67
385,3.10992,25.08479,False,67
386,1.10497,27.00765,False,67
387,2.02701,34.01525,False,67
388,3.09878,5.07556,False,67
389,2.02449,7.05407,False,67
390,3.13498,27.1412,False,67
391,4.00635,23.01701,False,67
394,5.10628,30.05535,False,67
395,35.00831,2.02972,False,67
396,35.03199,3.02292,False,67
397,35.13882,4.13692,False,67
398,35.03035,33.05691,False,67
403,6.09041,19.07988,False,67
404,35.06864,34.00384,False,67
405,35.12032,5.10739,False,67
406,6.0115,4.09184,False,67
407,29.07356,28.11714,False,67
408,1.0,4.02633,True,67
412,10.12082,34.10086,False,67
413,20.01692,25.01496,False,67
414,10.10325,31.11888,False,67
415,30.03529,28.08335,False,67
416,33.04657,20.02966,False,67
417,6.12642,28.08441,False,67
418,35.0381,35.03692,False,67
419,33.03538,33.02001,False,67
420,33.05762,33.01511,False,67
421,33.14681,33.08284,False,67
422,28.07453,30.07638,False,67
423,6.03908,23.0692,False,67
425,5.0728,37.04004,False,67
426,6.06896,33.07898,False,67
427,6.05941,6.1354,False,67
428,33.1091,33.10723,False,67
429,33.10564,28.01406,False,67
1,6.10176,23.08012,False,68
3,4.05576,4.03391,False,68
5,6.01554,37.06237,False,68
6,6.02439,33.04785,False,68
7,4.02076,1.0,False,68
9,4.12621,5.14128,False,68
10,4.09732,4.11138,False,68
11,6.13695,1.0,False,68
13,6.03559,6.08572,False,68
17,6.04269,28.04083,False,68
18,6.01692,6.01115,False,68
19,1.0,33.14135,True,68
21,6.04542,18.05471,False,68
22,6.11945,6.13408,False,68
25,6.00554,19.01602,False,68
29,3.01193,5.1186,False,68
30,6.05425,6.14212,False,68
69,2.11576,24.11889,False,68
70,28.06221,23.13486,False,68
71,6.10885,28.04296,False,68
72,33.04156,33.00434,False,68
73,28.05839,28.02635,False,68
74,33.06595,33.06437,False,68
75,34.05671,33.10071,False,68
76,6.14404,6.12939,False,68
77,18.10246,6.13777,False,68
78,6.02406,29.12432,False,68
79,6.09973,6.09928,False,68
82,6.08257,29.06075,False,68
83,3.04908,18.07898,False,68
84,33.14356,1.0,False,68
85,1.0,2.02269,True,68
86,1.0,29.08405,True,68
91,5.06451,5.11644,False,68
92,6.07655,6.06822,False,68
93,6.1343,23.08881,False,68
95,4.12741,5.09549,False,68
98,5.05113,30.01569,False,68
99,22.02662,34.12251,False,68
100,6.06695,35.06144,False,68
101,3.02819,23.10209,False,68
103,6.12654,25.02117,False,68
104,6.02059,30.03284,False,68
106,3.00257,28.12646,False,68
107,4.05111,26.03909,False,68
109,6.09943,34.08123,False,68
110,6.0715,28.11326,False,68
111,3.06622,33.08029,False,68
112,4.03933,22.11025,False,68
113,5.00807,28.1379,False,68
114,2.03164,5.12816,False,68
115,6.04929,5.08302,False,68
116,3.10656,28.111,False,68
117,4.04347,5.07159,False,68
118,2.07435,18.11244,False,68
120,2.06588,34.05865,False,68
121,3.06289,5.12409,False,68
122,2.00421,5.10487,False,68
123,2.12064,6.1085,False,68
124,2.09336,37.10818,False,68
125,35.0822,34.00272,False,68
126,35.00846,30.05589,False,68
127,6.01598,24.13284,False,68
128,4.04841,30.06126,False,68
129,6.05129,30.03621,False,68
130,35.11493,35.10802,False,68
131,4.12256,5.04168,False,68
133,3.05792,5.12394,False,68
134,4.02905,5.00225,False,68
135,2.11804,4.07452,False,68
136,4.12056,4.10277,False,68
137,1.0,5.04832,True,68
139,5.04404,5.04903,False,68
140,4.08015,3.1242,False,68
141,6.05173,2.08406,False,68
142,3.08556,3.04783,False,68
143,1.01167,5.05809,False,68
144,4.04247,5.08493,False,68
145,30.08859,1.0,False,68
146,1.0,1.0,True,68
147,2.05962,1.0,False,68
148,1.0,1.0,True,68
149,1.0,18.05964,True,68
150,35.07637,1.0,False,68
151,1.0,1.07431,True,68
153,6.10545,6.10022,False,68
154,6.05176,28.00698,False,68
155,4.09424,23.06729,False,68
156,5.0505,28.12896,False,68
157,1.02295,5.07029,False,68
158,4.04976,18.04396,False,68
159,3.00033,23.00953,False,68
160,4.06444,23.01901,False,68
161,4.09862,18.06001,False,68
162,34.00323,29.13471,False,68
164,5.05618,37.00492,False,68
165,35.04744,6.08565,False,68
166,35.0551,30.10335,False,68
167,6.04508,5.07268,False,68
168,35.09577,1.0,False,68
169,35.06825,30.03783,False,68
173,6.01939,29.01389,False,68
175,3.0987,3.04151,False,68
176,5.11619,5.00721,False,68
177,6.11145,30.13148,False,68
178,34.00097,35.01604,False,68
179,6.14726,34.12198,False,68
180,28.10758,28.01659,False,68
181,33.01812,35.05388,False,68
182,6.1445,25.13327,False,68
183,6.08747,35.07368,False,68
184,6.09988,37.02377,False,68
185,6.1373,28.11191,False,68
186,6.03466,37.02785,False,68
188,1.05016,30.08244,False,68
189,34.13335,34.06093,False,68
190,6.12175,23.14675,False,68
191,6.09793,30.08282,False,68
192,6.12128,25.13252,False,68
193,36.13812,35.13277,False,68
194,6.0884,25.06416,False,68
195,6.10978,28.12237,False,68
197,1.03542,29.02776,False,68
198,6.03056,25.12571,False,68
199,23.11774,30.05696,False,68
200,6.074,6.06211,False,68
201,6.13299,5.12259,False,68
202,37.03293,37.05532,False,68
203,30.11012,30.0535,False,68
204,4.01285,30.13564,False,68
206,2.03748,30.1382,False,68
207,6.10524,28.12526,False,68
208,5.12324,5.1276,False,68
209,28.11845,28.04978,False,68
210,28.08006,28.07408,False,68
211,33.03528,28.00134,False,68
212,4.12093,5.01648,False,68
213,5.08694,13.11265,False,68
216,6.09762,28.11557,False,68
217,6.14583,29.13116,False,68
218,6.08895,30.11288,False,68
219,6.13375,25.1293,False,68
222,5.11275,28.14006,False,68
225,33.09755,33.08657,False,68
226,6.09381,35.07691,False,68
227,34.01257,37.07826,False,68
229,33.09636,33.11966,False,68
230,33.01003,33.08548,False,68
233,6.05459,30.11669,False,68
234,33.03538,30.04722,False,68
235,33.03813,30.07022,False,68
236,4.1016,4.02874,False,68
237,6.04604,5.09571,False,68
242,4.10543,24.09246,False,68
243,6.06006,6.03858,False,68
251,34.08559,34.0789,False,68
252,6.13197,28.0167,False,68
253,4.05325,30.1217,False,68
254,1.11258,4.03352,False,68
255,3.02563,13.02486,False,68
256,2.03333,30.01678,False,68
257,4.01928,20.02243,False,68
258,5.05602,18.01294,False,68
259,33.04615,5.14339,False,68
260,5.03796,5.02694,False,68
262,1.05854,36.11408,False,68
263,3.05626,6.05019,False,68
264,6.12968,29.03108,False,68
265,5.14298,6.02916,False,68
270,33.02582,6.05942,False,68
271,6.13653,28.02042,False,68
272,6.0095,5.12531,False,68
273,6.04171,5.06698,False,68
274,6.00979,5.13634,False,68
275,33.05659,6.00077,False,68
280,3.0813,5.13329,False,68
289,5.13556,29.14648,False,68
290,6.10098,6.11386,False,68
291,6.14656,6.09543,False,68
292,5.07532,6.13037,False,68
293,15.13135,30.05941,False,68
294,10.08072,10.02561,False,68
295,25.11711,36.1321,False,68
296,20.10761,4.01462,False,68
297,6.00521,35.0742,False,68
298,1.1331,33.12453,False,68
299,6.06805,34.0365,False,68
300,4.02926,33.07955,False,68
301,4.11209,33.00153,False,68
302,5.02904,35.04914,False,68
303,33.00978,33.07811,False,68
308,5.0376,31.13087,False,68
317,4.06493,22.0269,False,68
318,6.00893,36.0859,False,68
319,5.12911,30.10875,False,68
320,4.08458,27.12242,False,68
321,3.10491,34.03366,False,68
322,5.12196,18.02283,False,68
323,2.00143,17.11991,False,68
324,2.11652,23.03154,False,68
325,2.01998,25.12441,False,68
326,4.05234,18.04772,False,68
328,5.03412,25.10465,False,68
329,20.12163,31.13215,False,68
330,6.04305,28.09015,False,68
331,5.05216,20.02939,False,68
332,5.14377,30.07713,False,68
333,33.12694,30.10388,False,68
334,6.06491,6.1459,False,68
335,5.08504,30.01662,False,68
336,5.01085,30.13723,False,68
337,6.0189,25.11964,False,68
339,5.10218,28.0202,False,68
340,1.0,1.14308,True,68
341,1.0,25.14673,True,68
342,36.06818,5.04049,False,68
343,1.0,1.0,True,68
346,6.02025,27.10387,False,68
347,6.06195,33.09575,False,68
348,6.04592,27.03007,False,68
349,2.11306,25.10031,False,68
350,6.14048,29.06059,False,68
351,6.14353,25.02159,False,68
352,6.07564,34.00445,False,68
353,34.04606,37.04177,False,68
354,34.11374,34.08304,False,68
355,5.0164,23.08884,False,68
357,5.11023,29.09292,False,68
358,6.03939,28.07545,False,68
359,6.00275,32.0978,False,68
361,6.07636,25.06989,False,68
363,35.06234,35.03492,False,68
364,35.121340000000004,35.06685,False,68
365,3.01843,23.11168,False,68
366,5.12404,5.1236,False,68
367,35.08321,35.05139,False,68
370,6.09201,28.09094,False,68
371,6.10248,33.11377,False,68
372,6.14662,33.09449,False,68
373,6.00126,6.11512,False,68
374,1.04619,37.00677,False,68
375,5.0932,4.01825,False,68
376,6.13171,5.11173,False,68
377,6.13416,2.0652,False,68
378,33.00217,28.0293,False,68
379,28.04202,5.11007,False,68
380,34.02847,33.09849,False,68
381,6.03923,5.05783,False,68
383,5.04662,29.12293,False,68
384,6.13307,30.00558,False,68
385,1.1001400000000001,25.13267,False,68
386,4.081,27.0119,False,68
387,2.08216,34.1064,False,68
388,2.07384,5.09291,False,68
389,2.01436,7.01096,False,68
390,3.1252,27.05925,False,68
391,2.01152,23.06443,False,68
394,5.02128,30.14033,False,68
395,35.13945,2.13572,False,68
396,35.13857,3.02858,False,68
397,35.03315,4.13929,False,68
398,35.13279,33.013,False,68
403,6.05616,19.02697,False,68
404,35.11165,34.06485,False,68
405,35.11589,5.12684,False,68
406,6.08372,4.05561,False,68
407,29.04521,28.12602,False,68
408,1.0,4.1395,True,68
412,10.0005,34.00704,False,68
413,20.00101,25.13311,False,68
414,10.05107,31.06634,False,68
415,30.09614,28.07158,False,68
416,33.05882,20.03109,False,68
417,6.12147,28.13228,False,68
418,35.03929,35.01328,False,68
419,33.09719,33.00737,False,68
420,33.14696,33.09597,False,68
421,33.03935,33.03465,False,68
422,30.0259,28.02641,False,68
423,6.07784,23.0145,False,68
425,6.00999,5.0576,False,68
426,6.05816,33.11683,False,68
427,6.11401,6.13141,False,68
428,33.13459,33.12445,False,68
429,33.01794,28.00837,False,68
1,6.07425,23.03875,False,69
3,4.05181,4.02847,False,69
5,6.0121,37.11129,False,69
6,5.02025,33.02231,False,69
7,4.04756,1.0,False,69
9,4.05161,5.13915,False,69
10,4.09895,4.10848,False,69
11,6.11776,1.0,False,69
13,6.08833,6.07666,False,69
17,6.02305,29.00255,False,69
18,6.08971,6.10954,False,69
19,1.0,33.02147,True,69
21,6.07053,29.01853,False,69
22,6.11425,6.14483,False,69
25,6.00552,19.00179,False,69
29,2.09147,5.14177,False,69
30,6.11242,6.13246,False,69
69,2.06986,24.12713,False,69
70,28.03213,23.04005,False,69
71,6.07158,28.05128,False,69
72,33.0546,33.0334,False,69
73,28.09018,28.11834,False,69
74,33.07393,33.0229,False,69
75,34.06274,33.12791,False,69
76,6.07313,28.06674,False,69
77,18.00735,6.12986,False,69
78,6.04491,29.07046,False,69
79,6.10725,6.09779,False,69
82,6.07615,29.02636,False,69
83,3.07862,18.01927,False,69
84,33.00939,1.0,False,69
85,1.0,2.11737,True,69
86,1.0,29.06456,True,69
91,5.08513,5.10944,False,69
92,6.0714,6.071,False,69
93,6.13545,23.09044,False,69
95,4.09574,5.10445,False,69
98,5.12332,30.13544,False,69
99,22.13721,34.05792,False,69
100,6.10248,35.007,False,69
101,3.00109,23.14232,False,69
103,6.10626,25.13814,False,69
104,6.113,30.11255,False,69
106,3.0305,28.00315,False,69
107,4.04347,26.09512,False,69
109,6.0787700000000005,34.08204,False,69
110,6.08792,28.00664,False,69
111,5.002,33.10399,False,69
112,3.02943,22.10844,False,69
113,5.03884,28.05283,False,69
114,2.11851,5.13892,False,69
115,6.02687,5.12959,False,69
116,3.07636,28.04649,False,69
117,4.04854,5.14023,False,69
118,2.11026,18.03349,False,69
120,2.00247,34.01163,False,69
121,2.0157,5.09279,False,69
122,2.01648,5.13538,False,69
123,2.12643,6.05152,False,69
124,4.03292,37.1266,False,69
125,35.07398,34.09508,False,69
126,35.02101,30.06178,False,69
127,6.07496,24.05776,False,69
128,4.13498,30.09199,False,69
129,6.09823,30.14726,False,69
130,35.14171,35.08649,False,69
131,4.01719,5.03027,False,69
133,3.0534499999999998,5.14024,False,69
134,4.03355,5.10411,False,69
135,6.07519,4.11682,False,69
136,4.00488,4.13516,False,69
137,1.0,5.05083,True,69
139,5.05553,5.14162,False,69
140,4.01016,3.07542,False,69
141,6.03576,2.0864,False,69
142,3.00173,3.03353,False,69
143,1.0535,5.11421,False,69
144,31.07419,5.10293,False,69
145,1.0,30.00999,True,69
146,1.0,1.0,True,69
147,2.14655,1.0,False,69
148,1.0,1.0,True,69
149,1.0,18.10932,True,69
150,35.0117,1.0,False,69
151,1.0,1.09438,True,69
153,6.13188,6.09676,False,69
154,6.04437,23.03195,False,69
155,4.05104,5.13872,False,69
156,5.05054,28.08121,False,69
157,1.13002,5.04647,False,69
158,4.07389,18.1121,False,69
159,3.02834,23.01268,False,69
160,4.07536,23.01546,False,69
161,4.072,18.10136,False,69
162,34.13502,29.11615,False,69
164,5.06876,37.04193,False,69
165,35.03703,6.03137,False,69
166,35.05723,30.12867,False,69
167,6.00277,5.13895,False,69
168,35.0816,1.0,False,69
169,35.09848,30.00496,False,69
173,6.01705,29.10406,False,69
175,3.1102,3.08265,False,69
176,5.01201,5.07395,False,69
177,6.10856,30.08951,False,69
178,34.02235,35.03617,False,69
179,6.14545,34.03866,False,69
180,28.1387,28.10279,False,69
181,33.05579,35.00621,False,69
182,6.07022,10.04271,False,69
183,6.04747,35.05455,False,69
184,6.07308,37.11223,False,69
185,6.14168,28.14193,False,69
186,6.11676,37.07264,False,69
188,1.05426,30.09343,False,69
189,34.11655,34.06961,False,69
190,6.14183,23.09786,False,69
191,6.04256,30.11626,False,69
192,6.11803,25.11232,False,69
193,36.03393,35.02001,False,69
194,6.07193,25.04215,False,69
195,6.05006,28.07734,False,69
197,2.03335,29.03918,False,69
198,6.0346,25.06388,False,69
199,23.03338,29.06091,False,69
200,6.14701,6.1267,False,69
201,6.05644,5.13807,False,69
202,37.04909,37.01794,False,69
203,6.11327,30.03378,False,69
204,6.05832,30.03972,False,69
206,2.06496,30.12997,False,69
207,6.07047,28.03519,False,69
208,5.07633,5.12769,False,69
209,28.07671,28.03518,False,69
210,28.09266,28.07839,False,69
211,33.04834,28.11632,False,69
212,5.0573,4.09109,False,69
213,5.1284,13.10931,False,69
216,6.08622,28.08432,False,69
217,6.12473,29.14075,False,69
218,6.0815,30.12633,False,69
219,6.13223,25.08358,False,69
222,5.14693,28.12531,False,69
225,33.12637,33.08845,False,69
226,6.09349,35.02385,False,69
227,34.00949,37.05173,False,69
229,33.10568,33.10133,False,69
230,33.03687,33.05184,False,69
233,6.02164,30.14522,False,69
234,33.06601,30.09985,False,69
235,33.06118,30.0422,False,69
236,4.09927,4.07113,False,69
237,6.14077,5.10504,False,69
242,4.00048,24.05231,False,69
243,6.11355,6.06057,False,69
251,34.10546,34.07358,False,69
252,6.06932,28.01309,False,69
253,4.05367,30.10455,False,69
254,1.12232,4.05614,False,69
255,3.01122,13.08894,False,69
256,2.03953,30.00865,False,69
257,4.02799,20.07707,False,69
258,1.02441,18.06951,False,69
259,33.12657,5.11881,False,69
260,5.04219,5.06728,False,69
262,1.01453,36.04867,False,69
263,4.03794,6.01507,False,69
264,6.09287,29.06292,False,69
265,5.0684,6.03791,False,69
270,33.12463,6.13219,False,69
271,6.05602,28.11727,False,69
272,6.05434,5.09066,False,69
273,6.05499,5.13641,False,69
274,6.10359,5.14213,False,69
275,33.12118,6.04091,False,69
280,3.06772,5.12559,False,69
289,5.12927,29.13624,False,69
290,6.1218,6.12702,False,69
291,6.14352,6.13834,False,69
292,5.03228,6.14591,False,69
293,15.03134,30.13322,False,69
294,10.00673,6.11756,False,69
295,25.10308,36.05195,False,69
296,20.14325,4.1202,False,69
297,6.08017,35.10125,False,69
298,2.02892,33.06744,False,69
299,6.09671,34.05758,False,69
300,4.03316,33.12417,False,69
301,4.08976,33.03277,False,69
302,6.05895,35.06339,False,69
303,33.0209,33.04192,False,69
308,5.024,31.08434,False,69
317,4.00752,22.04616,False,69
318,5.06801,36.12974,False,69
319,5.12331,30.10572,False,69
320,4.12037,27.03188,False,69
321,3.07055,34.14712,False,69
322,5.10817,18.08088,False,69
323,2.12758,17.0685,False,69
324,2.11133,23.02865,False,69
325,2.02096,25.13762,False,69
326,3.0751,18.02453,False,69
328,5.11597,25.02242,False,69
329,20.07608,31.04485,False,69
330,6.02875,28.08309,False,69
331,5.10691,20.00153,False,69
332,6.09754,20.14396,False,69
333,33.01575,30.10217,False,69
334,6.05934,6.05751,False,69
335,5.11431,30.06295,False,69
336,5.0525,30.06202,False,69
337,6.00201,25.05855,False,69
339,5.12071,28.13134,False,69
340,1.0,1.10925,True,69
341,1.0,25.09334,True,69
342,36.10381,5.13759,False,69
343,1.0,1.0,True,69
346,6.06294,27.06525,False,69
347,6.0945,33.06893,False,69
348,6.0852,27.07191,False,69
349,2.11361,25.02845,False,69
350,6.13732,29.05125,False,69
351,6.12289,25.04882,False,69
352,6.14021,34.07657,False,69
353,34.10981,37.0888,False,69
354,34.12824,34.11886,False,69
355,5.02874,23.05292,False,69
357,5.07509,29.02728,False,69
358,6.00958,28.14678,False,69
359,6.01276,32.02895,False,69
361,6.03388,25.04189,False,69
363,35.08037,35.06359,False,69
364,35.12422,35.05671,False,69
365,3.13518,23.12816,False,69
366,5.12101,5.1119,False,69
367,35.03862,35.00832,False,69
370,6.10082,28.11894,False,69
371,6.10945,33.0081,False,69
372,6.14659,33.08315,False,69
373,6.00203,6.05417,False,69
374,1.08024,37.10881,False,69
375,5.11854,23.13375,False,69
376,6.10501,5.01592,False,69
377,2.0547,1.0,False,69
378,33.02278,28.00682,False,69
379,28.14071,5.13737,False,69
380,34.04897,33.04333,False,69
381,6.05746,5.06894,False,69
383,5.11419,29.11418,False,69
384,6.09713,28.03197,False,69
385,1.12355,25.13723,False,69
386,4.1357800000000005,27.12455,False,69
387,1.02127,34.04817,False,69
388,2.09906,5.06804,False,69
389,2.00312,7.06501,False,69
390,3.12522,27.08694,False,69
391,5.08273,23.10662,False,69
394,5.14009,30.01656,False,69
395,35.03403,2.02134,False,69
396,35.06516,3.05939,False,69
397,35.00644,4.06806,False,69
398,35.12353,33.05347,False,69
403,6.00003,19.08829,False,69
404,35.02923,34.0046,False,69
405,35.08614,5.13097,False,69
406,6.00376,4.12917,False,69
407,29.02582,28.13187,False,69
408,1.0,4.12923,True,69
412,10.07335,34.13961,False,69
413,20.03924,25.03568,False,69
414,10.0994,31.07985,False,69
415,30.11533,28.06442,False,69
416,33.0694,20.02118,False,69
417,6.13269,28.07136,False,69
418,35.03251,35.02705,False,69
419,33.06884,33.03941,False,69
420,33.13078,33.03212,False,69
421,33.09519,33.00081,False,69
422,28.13427,30.06159,False,69
423,6.09492,23.07148,False,69
425,6.06734,37.00564,False,69
426,6.06165,33.11732,False,69
427,6.05994,6.12864,False,69
428,33.09974,33.0688,False,69
429,33.08502,28.00092,False,69
1,6.07122,23.04712,False,70
3,4.07785,4.04453,False,70
5,6.01574,37.00557,False,70
6,5.13098,33.05963,False,70
7,4.02623,1.0,False,70
9,5.03459,5.1244,False,70
10,4.08513,4.02988,False,70
11,6.05086,1.0,False,70
13,6.09333,6.04008,False,70
17,6.03044,28.08081,False,70
18,6.04954,6.02502,False,70
19,1.0,33.09107,True,70
21,6.06989,29.05914,False,70
22,6.08317,6.13858,False,70
25,6.01679,19.01143,False,70
29,4.05494,5.13179,False,70
30,6.09021,6.12672,False,70
69,2.10739,24.11825,False,70
70,28.01205,23.08493,False,70
71,6.08509,28.03934,False,70
72,33.08196,33.04026,False,70
73,28.08514,28.04862,False,70
74,33.07936,37.03805,False,70
75,34.03613,33.08663,False,70
76,6.08799,28.11311,False,70
77,18.11912,6.13635,False,70
78,6.05126,23.14635,False,70
79,6.09845,6.0867,False,70
82,3.04406,29.11469,False,70
83,3.13935,18.13403,False,70
84,33.14435,1.0,False,70
85,2.05966,1.0,False,70
86,1.0,29.11646,True,70
91,5.09165,5.1369299999999996,False,70
92,6.04916,6.04295,False,70
93,6.12147,23.14702,False,70
95,3.1127,5.11114,False,70
98,5.05058,30.06488,False,70
99,22.07696,34.12737,False,70
100,6.08819,35.0047,False,70
101,5.09961,23.0567,False,70
103,6.14067,25.01808,False,70
104,6.05057,30.02718,False,70
106,3.13113,28.04998,False,70
107,4.00244,26.07516,False,70
109,6.06809,34.08168,False,70
110,6.06446,28.09244,False,70
111,3.1437,33.09818,False,70
112,3.08862,22.12177,False,70
113,5.12825,28.02713,False,70
114,2.00307,5.09388,False,70
115,6.00374,5.12847,False,70
116,3.09952,28.07079,False,70
117,4.08421,5.13913,False,70
118,2.11167,18.10477,False,70
120,2.01908,34.00348,False,70
121,3.03209,5.06723,False,70
122,1.02343,5.1179,False,70
123,2.06276,6.12393,False,70
124,4.00636,37.10488,False,70
125,35.06783,34.04824,False,70
126,35.04455,30.09387,False,70
127,6.10265,24.09917,False,70
128,4.02391,30.10882,False,70
129,6.13341,30.00424,False,70
130,35.10677,35.08879,False,70
131,4.1155,5.11382,False,70
133,3.07827,5.09729,False,70
134,4.0377,5.13689,False,70
135,6.09239,4.13543,False,70
136,4.10644,4.0299,False,70
137,4.13054,5.10581,False,70
139,5.01467,5.01278,False,70
140,4.02153,3.07764,False,70
141,6.01074,2.12523,False,70
142,3.02702,3.09939,False,70
143,1.1403699999999999,5.10031,False,70
144,4.12506,5.11709,False,70
145,30.04927,1.0,False,70
146,1.0,1.0,True,70
147,2.13633,1.0,False,70
148,1.0,1.0,True,70
149,1.0,18.13371,True,70
150,35.0518,1.0,False,70
151,1.0,1.14542,True,70
153,6.10153,6.0784,False,70
154,6.041,28.09474,False,70
155,4.03244,23.07951,False,70
156,5.10738,28.01707,False,70
157,1.06691,5.14073,False,70
158,4.07281,18.06306,False,70
159,1.06558,23.12216,False,70
160,4.00742,23.03159,False,70
161,4.00355,18.11447,False,70
162,34.12778,29.05437,False,70
164,5.07793,37.02022,False,70
165,35.08985,6.06105,False,70
166,35.05027,30.14368,False,70
167,6.1263,5.01136,False,70
168,35.01232,1.0,False,70
169,35.11844,30.01429,False,70
173,6.02111,29.13825,False,70
175,3.09187,3.12015,False,70
176,5.04757,5.03644,False,70
177,6.08289,30.0365,False,70
178,34.00259,35.04497,False,70
179,6.10012,34.06176,False,70
180,28.13576,28.12347,False,70
181,33.05247,35.01154,False,70
182,6.08189,25.05542,False,70
183,6.09374,35.05184,False,70
184,6.10983,37.07164,False,70
185,6.13563,28.04172,False,70
186,6.01681,37.10688,False,70
188,2.02831,30.11627,False,70
189,34.10547,34.05706,False,70
190,6.14226,23.0861,False,70
191,6.08845,30.04677,False,70
192,6.12604,25.03406,False,70
193,36.05354,35.11146,False,70
194,6.11346,25.04717,False,70
195,6.00191,28.12251,False,70
197,2.04287,29.04965,False,70
198,6.06212,25.02328,False,70
199,23.01887,30.12687,False,70
200,6.14372,6.02084,False,70
201,6.09571,5.13008,False,70
202,37.03939,37.03657,False,70
203,30.09246,30.09955,False,70
204,6.04931,30.1366,False,70
206,2.03038,30.04566,False,70
207,6.07346,28.02609,False,70
208,5.09975,5.1168,False,70
209,28.01338,28.0258,False,70
210,28.01704,28.12131,False,70
211,33.02133,28.12281,False,70
212,5.0368,4.11767,False,70
213,5.12239,13.1422,False,70
216,6.09071,28.11894,False,70
217,6.14,29.08156,False,70
218,6.09848,30.07145,False,70
219,6.13592,25.05471,False,70
222,5.11676,28.08432,False,70
225,33.1139,33.07454,False,70
226,6.11252,35.04841,False,70
227,34.06307,37.13949,False,70
229,33.10486,33.13838,False,70
230,33.03569,33.09343,False,70
233,5.08624,30.13771,False,70
234,33.02179,30.05113,False,70
235,33.00654,30.1208,False,70
236,4.11876,4.06304,False,70
237,6.0198,5.12682,False,70
242,4.05589,24.1191,False,70
243,6.14341,6.00697,False,70
251,34.08919,34.05422,False,70
252,6.0488,28.11744,False,70
253,4.09432,30.03809,False,70
254,1.01151,4.14328,False,70
255,3.10876,13.05433,False,70
256,2.10227,30.14063,False,70
257,4.0655,20.00957,False,70
258,5.03424,18.02551,False,70
259,33.08632,5.14179,False,70
260,5.14381,5.04245,False,70
262,1.03683,36.0701,False,70
263,3.14162,6.01955,False,70
264,6.07554,29.00446,False,70
265,5.1429,6.08368,False,70
270,33.03797,6.0997,False,70
271,6.13797,28.02199,False,70
272,6.06568,5.10944,False,70
273,6.01596,5.13589,False,70
274,6.00151,5.14355,False,70
275,33.01107,6.11999,False,70
280,3.00808,5.08173,False,70
289,5.14197,29.03398,False,70
290,6.06551,6.09795,False,70
291,6.13459,6.13006,False,70
292,5.05388,6.10322,False,70
293,15.04158,31.07085,False,70
294,10.04081,30.08636,False,70
295,25.03359,36.13816,False,70
296,20.11538,4.09017,False,70
297,6.02102,35.06059,False,70
298,2.0778,33.09852,False,70
299,6.06451,34.12775,False,70
300,4.03356,33.1466,False,70
301,4.09956,33.12568,False,70
302,5.13455,35.10287,False,70
303,5.01514,33.09564,False,70
308,5.04681,31.07036,False,70
317,3.04633,22.07787,False,70
318,6.02427,36.09052,False,70
319,5.13026,30.12318,False,70
320,4.02803,27.01645,False,70
321,4.01296,34.06593,False,70
322,5.07408,18.02785,False,70
323,2.04675,17.04214,False,70
324,1.02228,23.14657,False,70
325,4.05949,25.13488,False,70
326,4.10529,18.06818,False,70
328,5.03922,25.03771,False,70
329,6.13764,31.11781,False,70
330,6.04055,30.14204,False,70
331,5.10068,20.0087,False,70
332,5.08025,30.10741,False,70
333,33.01117,30.04305,False,70
334,6.07716,6.10513,False,70
335,5.10822,30.09724,False,70
336,1.01961,30.04449,False,70
337,6.03636,25.12732,False,70
339,5.14523,28.13796,False,70
340,1.0,1.00109,True,70
341,1.0,25.13889,True,70
342,36.0036,5.09781,False,70
343,1.0,1.0,True,70
346,6.01792,27.00078,False,70
347,6.09697,33.0375,False,70
348,6.03001,27.0523,False,70
349,2.12418,25.11839,False,70
350,6.14103,29.02717,False,70
351,6.13502,25.06997,False,70
352,6.1356,34.00162,False,70
353,34.06679,37.08274,False,70
354,34.13408,34.05209,False,70
355,5.09222,23.11932,False,70
357,5.11013,29.13655,False,70
358,6.01328,28.10103,False,70
359,6.04044,32.01299,False,70
361,6.07611,25.09533,False,70
363,35.09805,35.08186,False,70
364,35.11505,35.09263,False,70
365,3.00637,23.1078,False,70
366,5.10789,5.10476,False,70
367,35.03658,35.01169,False,70
370,6.08188,28.11256,False,70
371,6.14426,33.04908,False,70
372,6.14277,33.08465,False,70
373,6.03798,6.13134,False,70
374,1.1113,37.11327,False,70
375,5.02919,4.09557,False,70
376,6.07153,5.05203,False,70
377,6.07274,2.01034,False,70
378,33.0104,28.0325,False,70
379,28.04205,5.09965,False,70
380,34.0066,33.0785,False,70
381,6.03353,5.08914,False,70
383,5.10934,30.103,False,70
384,6.13886,28.02834,False,70
385,1.01371,30.02566,False,70
386,4.06875,27.06656,False,70
387,1.09499,34.06955,False,70
388,2.07435,5.0537,False,70
389,2.07218,7.0921,False,70
390,3.09265,27.13867,False,70
391,2.06367,23.07151,False,70
394,5.12263,30.13762,False,70
395,35.10059,2.10819,False,70
396,35.11653,3.01256,False,70
397,35.10078,4.12919,False,70
398,35.12995,33.04046,False,70
403,6.02844,19.08248,False,70
404,35.14489,34.12402,False,70
405,35.03594,5.11569,False,70
406,6.07038,4.14295,False,70
407,29.13631,28.06127,False,70
408,1.0,4.07479,True,70
412,10.03181,34.04753,False,70
413,15.14147,25.10552,False,70
414,10.05559,31.09127,False,70
415,30.13907,28.08318,False,70
416,33.09574,20.12815,False,70
417,6.13904,23.02596,False,70
418,35.0989,35.04756,False,70
419,33.11575,33.10873,False,70
420,33.13938,33.01813,False,70
421,33.13091,33.06079,False,70
422,28.13572,30.08668,False,70
423,6.08972,23.0185,False,70
425,6.03844,5.10817,False,70
426,6.06859,33.08611,False,70
427,6.06759,6.12709,False,70
428,33.10753,33.11201,False,70
429,33.0663,28.08107,False,70
1,6.01777,23.06037,False,71
3,4.08533,4.03428,False,71
5,6.04245,37.1008,False,71
6,5.12112,33.05639,False,71
7,4.00194,1.0,False,71
9,4.06108,5.1199,False,71
10,4.05062,4.0779,False,71
11,6.04007,1.0,False,71
13,6.07326,6.13478,False,71
17,6.04598,29.09718,False,71
18,6.01125,6.01623,False,71
19,1.0,33.00144,True,71
21,6.08434,29.1031,False,71
22,6.13055,6.13602,False,71
25,6.02469,19.07848,False,71
29,3.10772,5.12614,False,71
30,6.02221,6.13728,False,71
69,2.04171,24.12735,False,71
70,28.07825,23.02859,False,71
71,6.07584,28.0204,False,71
72,33.05028,33.0355,False,71
73,28.07364,28.12221,False,71
74,33.03037,33.02967,False,71
75,34.00942,33.09321,False,71
76,6.13772,28.0088,False,71
77,18.14038,6.12816,False,71
78,6.03881,23.00296,False,71
79,6.12986,6.10708,False,71
82,6.07966,29.14046,False,71
83,3.02477,18.08231,False,71
84,33.1426,1.0,False,71
85,1.0,2.00859,True,71
86,1.0,29.04734,True,71
91,5.07624,5.12262,False,71
92,6.09185,28.01191,False,71
93,6.10669,23.02241,False,71
95,3.12802,5.12189,False,71
98,5.14709,30.10438,False,71
99,22.06664,34.12405,False,71
100,6.03295,35.01315,False,71
101,5.00656,23.11677,False,71
103,6.13038,25.12546,False,71
104,6.01622,30.14737,False,71
106,3.13604,28.06837,False,71
107,4.00261,26.04806,False,71
109,6.11749,34.04887,False,71
110,6.08289,28.09927,False,71
111,3.10184,33.05805,False,71
112,4.00696,22.06466,False,71
113,5.10765,28.10457,False,71
114,2.04617,5.07844,False,71
115,6.06663,5.04795,False,71
116,3.03144,28.14572,False,71
117,4.00792,5.11464,False,71
118,2.10094,18.03989,False,71
120,2.01325,34.10852,False,71
121,3.07543,5.07559,False,71
122,1.06749,5.08251,False,71
123,2.09811,6.07497,False,71
124,2.12655,37.14707,False,71
125,35.02907,34.05998,False,71
126,35.054,30.10479,False,71
127,6.03644,24.14,False,71
128,4.04071,30.14195,False,71
129,6.11964,30.02465,False,71
130,35.14649,35.12683,False,71
131,4.00912,5.13425,False,71
133,3.13172,5.12714,False,71
134,4.00328,5.11802,False,71
135,2.06962,4.06637,False,71
136,6.01401,4.13341,False,71
137,1.0,5.14296,True,71
139,5.12356,5.13036,False,71
140,4.03087,3.11554,False,71
141,6.09035,2.13843,False,71
142,3.14437,3.02079,False,71
143,1.08138,5.04267,False,71
144,4.12329,5.1444,False,71
145,1.0,30.00137,True,71
146,1.0,1.0,True,71
147,2.13734,1.0,False,71
148,1.0,1.0,True,71
149,1.0,18.05647,True,71
150,35.12532,1.0,False,71
151,1.0,1.05528,True,71
153,6.10504,6.10103,False,71
154,6.07398,23.1297,False,71
155,5.05555,5.14525,False,71
156,6.00673,5.10594,False,71
157,2.04583,5.01494,False,71
158,4.10533,18.11785,False,71
159,1.02188,23.13048,False,71
160,4.14292,23.04468,False,71
161,4.14139,18.04821,False,71
162,34.1186,29.09807,False,71
164,5.03036,37.0391,False,71
165,35.00128,6.12801,False,71
166,35.06265,30.11649,False,71
167,6.1154,5.04475,False,71
168,35.09248,1.0,False,71
169,35.1106,30.01542,False,71
173,6.01663,29.07378,False,71
175,3.11935,3.03704,False,71
176,5.03461,5.13096,False,71
177,6.12632,30.12423,False,71
178,34.00298,35.02315,False,71
179,6.1442,34.08055,False,71
180,28.14016,28.05384,False,71
181,33.09526,35.04642,False,71
182,6.12497,25.10795,False,71
183,6.11342,35.06313,False,71
184,6.10387,37.10337,False,71
185,6.13076,28.11883,False,71
186,6.05434,37.05959,False,71
188,1.0495,30.128,False,71
189,34.10589,34.04325,False,71
190,6.13674,23.04982,False,71
191,6.09723,30.09025,False,71
192,6.08659,25.10244,False,71
193,36.0918,35.0254,False,71
194,6.08068,25.03332,False,71
195,6.03173,28.14321,False,71
197,1.06016,30.07566,False,71
198,6.04856,25.07898,False,71
199,23.06712,30.00821,False,71
200,6.10844,6.06976,False,71
201,6.05159,5.09358,False,71
202,37.06622,37.09317,False,71
203,20.07718,30.11056,False,71
204,4.07204,30.13984,False,71
206,2.07735,30.13621,False,71
207,6.1339,28.06777,False,71
208,5.06197,5.12525,False,71
209,28.13078,28.13009,False,71
210,28.115,28.0818,False,71
211,33.10162,28.11625,False,71
212,4.13073,5.06149,False,71
213,5.1344,13.01331,False,71
216,6.09754,28.11314,False,71
217,6.13409,29.11957,False,71
218,6.05557,30.05792,False,71
219,6.12566,25.0058,False,71
222,5.10782,28.08577,False,71
225,33.14451,33.1365,False,71
226,6.08147,35.03404,False,71
227,34.05591,37.03025,False,71
229,33.1262,33.1249,False,71
230,33.05523,33.08192,False,71
233,6.00844,30.14644,False,71
234,33.08763,30.1043,False,71
235,33.03143,30.0614,False,71
236,4.10318,4.07736,False,71
237,6.0557,5.1466899999999995,False,71
242,4.07771,24.0791,False,71
243,6.11805,6.09324,False,71
251,34.12638,34.09102,False,71
252,6.11313,28.12783,False,71
253,4.10168,30.0274,False,71
254,1.02389,4.00849,False,71
255,3.08086,13.12402,False,71
256,2.10583,30.00705,False,71
257,4.08129,20.11856,False,71
258,1.14155,18.04465,False,71
259,33.05002,5.0519,False,71
260,5.0158,5.11491,False,71
262,1.12644,36.01762,False,71
263,3.03578,6.01976,False,71
264,6.11848,29.02147,False,71
265,5.10904,6.01557,False,71
270,33.04234,6.08511,False,71
271,6.12502,28.13151,False,71
272,6.06648,5.14284,False,71
273,6.07667,5.12793,False,71
274,6.01015,5.04277,False,71
275,33.07287,6.10003,False,71
280,3.01552,5.0654,False,71
289,5.14423,29.04333,False,71
290,6.11515,6.12622,False,71
291,6.14531,6.14063,False,71
292,5.14455,6.10614,False,71
293,15.12745,31.05653,False,71
294,10.00542,10.12317,False,71
295,25.03889,36.06532,False,71
296,20.00079,4.13337,False,71
297,6.00078,35.05022,False,71
298,1.02263,33.14376,False,71
299,6.07281,34.08732,False,71
300,4.00345,33.12178,False,71
301,4.10555,33.12918,False,71
302,6.00648,35.00907,False,71
303,5.04424,33.02171,False,71
308,5.03798,31.08099,False,71
317,4.01855,22.14642,False,71
318,6.02151,36.06101,False,71
319,5.13373,30.08158,False,71
320,4.06866,27.1053,False,71
321,4.04148,34.07913,False,71
322,5.03029,18.13249,False,71
323,2.11247,17.02311,False,71
324,2.06549,23.13262,False,71
325,2.10563,25.11452,False,71
326,3.05984,18.02362,False,71
328,5.01417,25.09595,False,71
329,6.13938,31.05282,False,71
330,6.04006,30.07139,False,71
331,5.02515,20.02309,False,71
332,5.10352,30.01529,False,71
333,33.12261,30.13346,False,71
334,6.08755,6.0754,False,71
335,5.02964,30.0678,False,71
336,5.01045,30.10437,False,71
337,6.04282,25.09022,False,71
339,5.03063,28.10549,False,71
340,1.0,1.04025,True,71
341,1.0,25.08392,True,71
342,36.09756,5.03817,False,71
343,1.0,1.0,True,71
346,6.027,27.06237,False,71
347,6.10512,33.06858,False,71
348,6.0182,27.10931,False,71
349,2.03449,25.11898,False,71
350,6.12564,29.02244,False,71
351,6.14452,25.07665,False,71
352,6.05964,34.02773,False,71
353,34.05321,37.05294,False,71
354,34.0813,34.04889,False,71
355,4.04279,23.06264,False,71
357,5.09242,29.05053,False,71
358,6.00884,28.0107,False,71
359,6.03921,32.13908,False,71
361,6.05617,25.11723,False,71
363,35.1181,35.09932,False,71
364,35.09995,35.08983,False,71
365,3.03076,23.1419,False,71
366,5.13129,5.13068,False,71
367,35.011,35.00971,False,71
370,6.06584,28.11237,False,71
371,6.14628,33.14122,False,71
372,6.14691,33.03794,False,71
373,6.01547,6.10822,False,71
374,1.00527,37.13806,False,71
375,5.1442499999999995,23.04736,False,71
376,6.00671,5.07583,False,71
377,6.0206,2.13729,False,71
378,33.07193,28.01099,False,71
379,28.10681,5.04908,False,71
380,34.04976,33.11899,False,71
381,6.01081,5.14022,False,71
383,5.09047,29.04264,False,71
384,6.12106,28.07403,False,71
385,3.06626,25.13598,False,71
386,1.00383,27.04764,False,71
387,1.11806,34.03593,False,71
388,2.01281,5.13894,False,71
389,2.06175,7.08979,False,71
390,3.08102,27.12935,False,71
391,2.02653,23.10306,False,71
394,5.04192,30.09304,False,71
395,35.04876,2.0858,False,71
396,35.09774,3.07072,False,71
397,35.14573,4.12303,False,71
398,35.09042,33.00896,False,71
403,6.05902,19.08019,False,71
404,35.0132,34.10288,False,71
405,35.12264,5.0229800000000004,False,71
406,6.00237,4.1006,False,71
407,29.12457,28.03039,False,71
408,1.0,4.04288,True,71
412,10.05856,34.13448,False,71
413,15.01382,25.03098,False,71
414,10.113,31.045,False,71
415,30.02855,28.09507,False,71
416,33.01287,20.0417,False,71
417,6.1443,28.06595,False,71
418,35.0778,35.07183,False,71
419,33.09053,33.07707,False,71
420,33.11791,33.05285,False,71
421,33.0715,33.02638,False,71
422,30.09799,28.07649,False,71
423,6.07092,23.11853,False,71
425,5.07902,37.06121,False,71
426,6.06354,33.14647,False,71
427,6.08802,6.139,False,71
428,33.07812,33.07095,False,71
429,33.02781,28.07805,False,71
1,6.08081,23.054,False,72
3,4.12147,4.0352,False,72
5,6.00613,37.00389,False,72
6,5.13554,33.01827,False,72
7,4.04954,1.0,False,72
9,5.04506,5.14407,False,72
10,5.10865,4.1218,False,72
11,6.09385,1.0,False,72
13,6.05192,6.07703,False,72
17,6.03257,28.06298,False,72
18,6.00768,6.06088,False,72
19,1.0,33.13014,True,72
21,6.06564,29.10081,False,72
22,6.1224,6.11636,False,72
25,6.03534,19.00717,False,72
29,2.02969,5.1254,False,72
30,6.12387,6.12427,False,72
69,2.11848,24.02141,False,72
70,28.06016,23.03406,False,72
71,6.07287,28.01642,False,72
72,33.04235,33.02587,False,72
73,28.08617,28.01697,False,72
74,33.04262,37.10398,False,72
75,34.0233,33.11518,False,72
76,6.12396,6.09637,False,72
77,18.08921,6.10096,False,72
78,6.02152,23.0672,False,72
79,6.07643,6.06935,False,72
82,6.09599,29.0947,False,72
83,3.0105,18.03234,False,72
84,33.13099,1.0,False,72
85,1.0,2.12436,True,72
86,1.0,29.02255,True,72
91,5.08746,5.13939,False,72
92,6.08206,6.0782,False,72
93,6.12934,23.13168,False,72
95,4.12794,5.09737,False,72
98,5.14566,30.07926,False,72
99,22.07106,34.14551,False,72
100,6.1284,35.03409,False,72
101,5.08341,23.09458,False,72
103,6.06589,25.08093,False,72
104,6.03922,30.1154,False,72
106,3.04835,28.00905,False,72
107,4.00251,26.04335,False,72
109,6.09755,34.05679,False,72
110,6.08166,28.03196,False,72
111,5.08209,33.04883,False,72
112,4.00513,22.12651,False,72
113,5.02778,28.10068,False,72
114,2.13381,5.09685,False,72
115,6.04056,5.14318,False,72
116,3.14063,28.1364,False,72
117,4.14107,5.09909,False,72
118,2.02735,18.06191,False,72
120,2.06268,34.11765,False,72
121,3.05834,5.11042,False,72
122,1.06114,5.13752,False,72
123,2.07933,6.11044,False,72
124,2.1461,37.02651,False,72
125,35.06586,34.09202,False,72
126,35.0027,30.03725,False,72
127,6.11098,24.14324,False,72
128,4.0671,30.0843,False,72
129,6.05762,30.12461,False,72
130,35.13726,35.11908,False,72
131,4.07686,5.12831,False,72
133,3.04339,5.13231,False,72
134,4.00085,5.01202,False,72
135,6.01774,4.08731,False,72
136,4.03512,4.05449,False,72
137,4.03651,5.01923,False,72
139,5.05467,5.03216,False,72
140,4.03709,3.0229,False,72
141,6.07824,2.13444,False,72
142,3.12977,3.08639,False,72
143,1.14615,5.03334,False,72
144,4.12287,5.11069,False,72
145,1.0,30.08697,True,72
146,1.0,1.0,True,72
147,2.06923,1.0,False,72
148,1.0,1.0,True,72
149,1.0,18.00589,True,72
150,35.01517,1.0,False,72
151,1.0,1.10832,True,72
153,6.12947,6.10123,False,72
154,6.05477,23.04546,False,72
155,4.08474,23.06026,False,72
156,6.01616,5.13729,False,72
157,1.13907,5.02342,False,72
158,4.017,18.04749,False,72
159,1.08739,23.13049,False,72
160,4.1332,23.06132,False,72
161,4.01869,18.12613,False,72
162,34.05035,29.08442,False,72
164,5.0926,37.1041,False,72
165,35.05406,6.04351,False,72
166,35.07924,30.12245,False,72
167,6.0821,5.04913,False,72
168,35.04096,1.0,False,72
169,35.00124,30.00621,False,72
173,6.00944,29.12203,False,72
175,3.10255,3.12576,False,72
176,5.0377,5.05605,False,72
177,6.09998,30.14451,False,72
178,34.04766,35.00178,False,72
179,6.13878,34.12321,False,72
180,28.08906,28.06907,False,72
181,33.0535,35.02376,False,72
182,6.13034,10.05348,False,72
183,6.11702,35.13051,False,72
184,6.10575,37.04176,False,72
185,6.1422,28.0634,False,72
186,6.04384,37.09918,False,72
188,1.00677,30.09217,False,72
189,34.14268,34.1036,False,72
190,6.13252,23.11249,False,72
191,6.05219,30.12592,False,72
192,6.11569,25.1223,False,72
193,36.06753,35.05596,False,72
194,6.12879,25.1283,False,72
195,6.10961,28.03496,False,72
197,2.07234,29.13515,False,72
198,6.06185,25.0048,False,72
199,23.08574,30.09138,False,72
200,6.12079,6.09239,False,72
201,6.02312,5.12812,False,72
202,37.06173,37.06056,False,72
203,20.08502,30.12485,False,72
204,4.06824,30.00641,False,72
206,2.07212,30.04655,False,72
207,6.08475,28.02183,False,72
208,4.13391,5.13064,False,72
209,28.14476,28.11836,False,72
210,28.06761,28.11849,False,72
211,33.0258,28.10645,False,72
212,5.07492,4.14475,False,72
213,5.14128,13.10766,False,72
216,6.10274,28.11327,False,72
217,6.14389,29.11487,False,72
218,6.11481,30.08947,False,72
219,6.11624,25.0315,False,72
222,5.14478,28.10062,False,72
225,33.10373,33.07961,False,72
226,6.0922,35.08458,False,72
227,34.07367,37.1112,False,72
229,33.04567,33.08634,False,72
230,33.03031,33.03058,False,72
233,6.00353,30.10483,False,72
234,33.06075,30.07709,False,72
235,33.02131,30.1055,False,72
236,4.06792,4.08934,False,72
237,6.04214,5.11322,False,72
242,4.05848,24.14668,False,72
243,6.13656,6.00529,False,72
251,34.10135,34.08996,False,72
252,6.08951,28.05263,False,72
253,4.10125,30.08982,False,72
254,1.13825,4.0491,False,72
255,3.0387,13.14125,False,72
256,2.03588,30.06748,False,72
257,4.01302,20.03098,False,72
258,5.12337,18.05963,False,72
259,33.05196,5.12537,False,72
260,5.1451,5.06617,False,72
262,1.08112,36.08251,False,72
263,3.02708,6.01505,False,72
264,6.06208,29.03984,False,72
265,5.111,6.07976,False,72
270,33.04229,6.06278,False,72
271,6.02718,28.03367,False,72
272,6.13196,5.11802,False,72
273,6.00182,5.09592,False,72
274,6.03949,5.07189,False,72
275,33.02864,6.12197,False,72
280,3.078,5.11828,False,72
289,5.1466899999999995,28.08894,False,72
290,6.06843,6.11319,False,72
291,6.13079,6.1469,False,72
292,5.03736,6.05524,False,72
293,20.03738,30.12559,False,72
294,10.04158,6.08163,False,72
295,25.06679,36.09232,False,72
296,20.03972,4.07253,False,72
297,6.07169,35.08273,False,72
298,1.09828,33.01652,False,72
299,6.08323,34.02072,False,72
300,6.02158,33.11539,False,72
301,4.12887,33.08745,False,72
302,5.06648,35.04021,False,72
303,33.05234,33.13886,False,72
308,5.00307,31.1095,False,72
317,4.0056,22.05096,False,72
318,6.02876,36.03536,False,72
319,5.13722,30.07826,False,72
320,4.10626,27.11383,False,72
321,4.0765,34.07854,False,72
322,5.1294,18.01661,False,72
323,2.03983,17.03598,False,72
324,2.11161,23.07373,False,72
325,2.10567,25.11163,False,72
326,4.01224,28.14408,False,72
328,5.03848,25.07671,False,72
329,6.13789,31.0591,False,72
330,6.04305,30.12877,False,72
331,5.05931,20.05694,False,72
332,5.1454699999999995,30.08204,False,72
333,33.03481,30.01888,False,72
334,6.06269,6.10097,False,72
335,5.11973,30.13646,False,72
336,5.09882,30.08236,False,72
337,6.00715,25.11025,False,72
339,5.0253,28.01223,False,72
340,1.0,1.13593,True,72
341,1.0,25.00556,True,72
342,36.05885,5.04213,False,72
343,1.0,1.0,True,72
346,6.0354,27.02204,False,72
347,6.09073,33.03577,False,72
348,6.02142,27.12211,False,72
349,2.06715,25.06624,False,72
350,6.13502,29.06484,False,72
351,6.09655,25.06187,False,72
352,6.07739,34.0076,False,72
353,34.06975,37.11183,False,72
354,34.04116,34.03971,False,72
355,5.00266,23.14095,False,72
357,5.10187,29.07312,False,72
358,6.01192,28.01149,False,72
359,6.00451,32.13616,False,72
361,6.0575,25.01894,False,72
363,35.13583,35.10214,False,72
364,35.06961,35.06926,False,72
365,3.06192,23.00904,False,72
366,5.10191,5.08534,False,72
367,35.0378,35.00428,False,72
370,6.07453,28.12864,False,72
371,6.12347,33.07044,False,72
372,6.14735,33.09795,False,72
373,6.06573,6.14648,False,72
374,1.07366,37.06372,False,72
375,5.13214,23.06632,False,72
376,6.06426,5.0481,False,72
377,6.14115,2.14071,False,72
378,33.14714,28.03475,False,72
379,28.0642,5.10076,False,72
380,34.02883,33.01717,False,72
381,6.14265,5.03942,False,72
383,5.01954,30.1312,False,72
384,6.05948,30.09041,False,72
385,2.0799,30.05564,False,72
386,1.09778,27.10739,False,72
387,1.12572,34.02024,False,72
388,2.08146,5.04565,False,72
389,2.03584,7.05977,False,72
390,3.10421,27.05877,False,72
391,2.12425,23.13532,False,72
394,5.0523,30.05826,False,72
395,35.13089,2.03712,False,72
396,35.11708,3.05325,False,72
397,35.04112,4.00761,False,72
398,35.13914,33.09506,False,72
403,6.02605,19.13078,False,72
404,35.06837,34.09709,False,72
405,35.11155,5.11906,False,72
406,6.04181,4.08572,False,72
407,29.02391,28.14144,False,72
408,1.0,4.12684,True,72
412,10.0169,34.07615,False,72
413,20.09407,15.03786,False,72
414,10.10052,31.03918,False,72
415,30.03596,28.13735,False,72
416,33.04431,20.01504,False,72
417,6.12303,28.00712,False,72
418,35.06162,35.04292,False,72
419,33.05103,33.01751,False,72
420,33.14022,33.05045,False,72
421,33.14479,33.03101,False,72
422,30.00121,28.00675,False,72
423,6.05407,23.01563,False,72
425,6.10658,37.08886,False,72
426,6.04799,33.08801,False,72
427,6.07425,6.13243,False,72
428,33.10136,33.08026,False,72
429,33.09078,28.09783,False,72
1,6.03956,23.03746,False,73
3,4.11019,4.06073,False,73
5,6.00778,37.11362,False,73
6,5.066,33.10301,False,73
7,4.01739,1.0,False,73
9,4.08195,5.06998,False,73
10,5.05304,4.08371,False,73
11,6.0133,1.0,False,73
13,6.08326,6.06139,False,73
17,6.01775,28.06288,False,73
18,6.01984,6.01479,False,73
19,1.0,33.10413,True,73
21,6.07516,18.09538,False,73
22,6.12929,6.12834,False,73
25,6.03494,19.02731,False,73
29,2.03169,5.1245,False,73
30,6.06296,6.12844,False,73
69,2.05219,24.1041,False,73
70,28.13931,23.08315,False,73
71,6.04786,28.0167,False,73
72,33.1294,33.01544,False,73
73,28.0556,28.08882,False,73
74,33.03885,37.009,False,73
75,34.03217,33.1269,False,73
76,6.13725,6.11028,False,73
77,18.133,6.07526,False,73
78,6.02368,29.09012,False,73
79,6.09196,6.08717,False,73
82,6.07462,29.03628,False,73
83,3.05485,18.06713,False,73
84,33.05302,1.0,False,73
85,1.0,2.11602,True,73
86,1.0,29.09145,True,73
91,5.10399,5.14473,False,73
92,6.06757,6.05661,False,73
93,6.10719,23.0138,False,73
95,4.11717,5.04326,False,73
98,5.0393,30.04506,False,73
99,22.03823,34.11043,False,73
100,6.05503,35.01171,False,73
101,5.04878,23.11399,False,73
103,6.09445,25.06326,False,73
104,6.08511,30.11331,False,73
106,3.04644,28.01687,False,73
107,4.07486,26.13811,False,73
109,6.10426,34.0142,False,73
110,6.0683,28.04739,False,73
111,3.08898,33.07541,False,73
112,4.00393,22.11116,False,73
113,5.04187,28.0835,False,73
114,2.04924,5.12459,False,73
115,6.00193,5.08482,False,73
116,3.13397,28.11024,False,73
117,4.10388,5.1074,False,73
118,2.1206,18.14601,False,73
120,2.02492,34.12734,False,73
121,3.07058,5.12504,False,73
122,1.0917,5.14224,False,73
123,2.10371,6.11921,False,73
124,2.09021,37.12451,False,73
125,35.02451,34.09301,False,73
126,35.06875,30.02602,False,73
127,6.07794,24.0829,False,73
128,4.06518,30.13762,False,73
129,6.07915,30.11031,False,73
130,35.14717,35.14326,False,73
131,4.09813,5.0079,False,73
133,3.00843,5.13633,False,73
134,4.0162,5.10791,False,73
135,2.03688,4.09998,False,73
136,4.04947,4.11969,False,73
137,4.07145,5.07049,False,73
139,5.12414,5.14533,False,73
140,4.07288,3.01241,False,73
141,6.01887,2.0674,False,73
142,3.03719,3.05696,False,73
143,1.13879,5.02104,False,73
144,4.06665,5.09506,False,73
145,1.0,30.09869,True,73
146,1.0,1.0,True,73
147,2.11593,1.0,False,73
148,1.0,1.0,True,73
149,1.0,18.02717,True,73
150,35.13441,1.0,False,73
151,1.0,1.04923,True,73
153,6.12251,6.0944,False,73
154,6.05197,23.04025,False,73
155,4.1325,5.13509,False,73
156,6.02233,5.12198,False,73
157,1.10173,5.0443,False,73
158,4.00717,18.06138,False,73
159,1.03114,23.01897,False,73
160,4.12467,23.08408,False,73
161,4.09504,18.05144,False,73
162,34.03632,29.09778,False,73
164,5.08312,37.11038,False,73
165,35.06398,6.11815,False,73
166,35.03022,30.13499,False,73
167,6.11519,5.13282,False,73
168,35.08318,1.0,False,73
169,35.1328,30.13318,False,73
173,6.01658,29.13329,False,73
175,3.12914,3.11562,False,73
176,5.06069,5.08817,False,73
177,6.10244,30.12394,False,73
178,34.00752,35.0628,False,73
179,6.13855,34.12121,False,73
180,28.14593,28.04958,False,73
181,33.06758,35.02496,False,73
182,6.1373,10.03466,False,73
183,6.1226,35.00076,False,73
184,6.02709,37.1046,False,73
185,6.12471,28.13643,False,73
186,6.04634,37.1227,False,73
188,1.07853,37.01209,False,73
189,34.14702,34.10604,False,73
190,6.1286,23.12452,False,73
191,6.04737,30.12896,False,73
192,6.08271,25.09049,False,73
193,36.14486,35.10157,False,73
194,6.11693,25.12874,False,73
195,6.1357800000000005,28.00035,False,73
197,1.01478,30.12322,False,73
198,6.0468,25.01276,False,73
199,6.12534,30.02456,False,73
200,6.13156,6.12853,False,73
201,6.11941,5.12078,False,73
202,37.04386,37.13882,False,73
203,20.03754,30.14652,False,73
204,4.08026,30.03263,False,73
206,2.14149,30.0387,False,73
207,6.09038,28.00091,False,73
208,5.04011,5.1351700000000005,False,73
209,28.02929,28.04673,False,73
210,28.1436,28.12718,False,73
211,33.12454,28.00386,False,73
212,5.0008,4.14588,False,73
213,5.13424,13.10915,False,73
216,6.1159,28.05648,False,73
217,6.12492,29.08214,False,73
218,6.0928,30.13512,False,73
219,6.11244,25.00962,False,73
222,5.1408,28.08853,False,73
225,33.14465,33.14158,False,73
226,6.10995,35.00122,False,73
227,34.01178,37.05236,False,73
229,33.09352,33.1056,False,73
230,33.02461,33.09363,False,73
233,6.06746,30.12071,False,73
234,33.04158,30.00178,False,73
235,33.05743,30.02657,False,73
236,4.11385,4.0169,False,73
237,6.07406,5.13415,False,73
242,4.07331,24.07903,False,73
243,6.09072,6.03666,False,73
251,34.10568,34.05409,False,73
252,6.07783,28.13726,False,73
253,4.05662,30.07377,False,73
254,1.08767,4.12797,False,73
255,3.09654,13.0558,False,73
256,2.11315,30.01535,False,73
257,4.05491,20.01385,False,73
258,5.09672,18.04526,False,73
259,33.11195,5.08896,False,73
260,5.09195,5.02603,False,73
262,1.00437,36.06076,False,73
263,3.033,6.03074,False,73
264,6.10558,29.14627,False,73
265,5.07905,6.03622,False,73
270,33.01933,6.03107,False,73
271,6.12931,28.13259,False,73
272,6.06068,5.11033,False,73
273,6.03942,5.09912,False,73
274,6.13635,5.08708,False,73
275,33.06129,6.09747,False,73
280,3.08794,5.11709,False,73
289,5.14629,29.02654,False,73
290,6.09533,6.10198,False,73
291,6.11812,6.10891,False,73
292,5.01531,6.1112400000000004,False,73
293,15.02653,30.11952,False,73
294,10.00335,10.13784,False,73
295,25.05464,36.01381,False,73
296,20.00927,4.05803,False,73
297,6.01359,35.08273,False,73
298,2.03257,33.06257,False,73
299,6.07297,34.07209,False,73
300,4.0448,33.08403,False,73
301,4.13326,33.0305,False,73
302,6.07587,35.10569,False,73
303,5.14535,33.12085,False,73
308,5.09143,31.10025,False,73
317,4.09205,22.13987,False,73
318,6.07194,36.11334,False,73
319,5.14428,30.09804,False,73
320,4.13127,27.04753,False,73
321,3.10937,34.07298,False,73
322,5.00727,18.09246,False,73
323,2.02878,17.023,False,73
324,1.13496,23.06301,False,73
325,4.1372,25.0371,False,73
326,4.08602,18.03771,False,73
328,5.03662,25.05034,False,73
329,6.14566,31.06487,False,73
330,6.0834,28.13813,False,73
331,5.01819,20.08859,False,73
332,6.13228,30.04368,False,73
333,33.02548,30.00146,False,73
334,6.13268,6.0732,False,73
335,5.0426,30.11227,False,73
336,5.12005,30.11226,False,73
337,6.07246,25.08852,False,73
339,5.07922,28.03166,False,73
340,1.0,1.00097,True,73
341,1.0,25.11498,True,73
342,36.04724,5.01613,False,73
343,1.0,1.0,True,73
346,6.04468,27.09239,False,73
347,6.06936,33.07409,False,73
348,6.04601,27.07148,False,73
349,2.02387,25.03701,False,73
350,6.13263,29.01836,False,73
351,6.14178,25.11256,False,73
352,6.09027,34.03013,False,73
353,34.07314,37.09354,False,73
354,34.09553,34.03869,False,73
355,5.01862,23.08679,False,73
357,5.10532,29.11908,False,73
358,6.01417,28.12089,False,73
359,6.02777,32.09774,False,73
361,6.04172,25.07483,False,73
363,35.11583,35.10139,False,73
364,35.13455,35.12474,False,73
365,3.13482,23.02296,False,73
366,5.10409,5.08956,False,73
367,35.04566,35.02252,False,73
370,6.08664,28.08311,False,73
371,6.14458,33.0165,False,73
372,6.14663,33.14206,False,73
373,6.08489,6.10768,False,73
374,1.02874,37.11174,False,73
375,5.01286,4.13721,False,73
376,6.02137,5.05436,False,73
377,6.13548,2.02192,False,73
378,33.13497,28.12641,False,73
379,28.09315,5.1249,False,73
380,34.06668,33.11131,False,73
381,6.06035,5.01006,False,73
383,5.02917,28.01907,False,73
384,6.08385,28.00897,False,73
385,2.04259,25.14019,False,73
386,4.08218,27.02849,False,73
387,2.04447,34.06352,False,73
388,2.02422,5.12031,False,73
389,2.08877,7.03686,False,73
390,3.09308,27.06179,False,73
391,2.05536,23.04501,False,73
394,5.13025,30.10625,False,73
395,35.01053,2.14575,False,73
396,35.14639,3.00969,False,73
397,35.10874,4.05668,False,73
398,35.00724,33.05725,False,73
403,6.09327,19.05975,False,73
404,35.1106,34.02526,False,73
405,35.13218,5.06941,False,73
406,6.04035,4.14538,False,73
407,29.13877,28.01901,False,73
408,1.0,4.11824,True,73
412,10.12841,34.09841,False,73
413,15.10042,6.14716,False,73
414,10.14242,31.08591,False,73
415,30.1224,28.0813,False,73
416,33.02954,20.04133,False,73
417,6.14,23.12484,False,73
418,35.10353,35.02117,False,73
419,33.1093,33.0194,False,73
420,33.06428,33.04512,False,73
421,33.10852,33.05719,False,73
422,28.14192,30.02016,False,73
423,6.0409,23.05886,False,73
425,6.056,5.09636,False,73
426,6.06204,33.12693,False,73
427,6.13296,6.14082,False,73
428,33.03157,33.02807,False,73
429,33.01224,28.03859,False,73
1,6.08238,23.03406,False,74
3,4.04364,4.00495,False,74
5,6.00962,37.10934,False,74
6,5.02678,33.00272,False,74
7,4.03551,1.0,False,74
9,4.0113,5.12439,False,74
10,4.06619,4.1009,False,74
11,6.0502,1.0,False,74
13,6.07717,6.06334,False,74
17,6.01889,29.01426,False,74
18,6.00765,6.04334,False,74
19,1.0,33.02639,True,74
21,6.07422,29.05739,False,74
22,6.13276,6.13771,False,74
25,6.016,19.04906,False,74
29,2.14288,5.12663,False,74
30,6.07545,6.1344899999999996,False,74
69,2.11179,24.12605,False,74
70,28.02743,23.07294,False,74
71,6.03165,28.03186,False,74
72,33.07193,33.01052,False,74
73,28.04221,28.00932,False,74
74,33.05437,33.03839,False,74
75,34.06587,33.08903,False,74
76,6.11101,28.08951,False,74
77,18.00615,6.10444,False,74
78,6.03262,29.03583,False,74
79,6.09365,6.06893,False,74
82,6.00783,29.12424,False,74
83,3.14158,18.0075,False,74
84,33.1188,1.0,False,74
85,2.11232,1.0,False,74
86,1.0,29.07894,True,74
91,5.07253,5.12925,False,74
92,6.07056,28.04851,False,74
93,6.11408,23.10518,False,74
95,4.07778,5.04278,False,74
98,5.0832,30.14075,False,74
99,22.04873,34.09062,False,74
100,6.0694,35.04555,False,74
101,5.0793800000000005,23.12951,False,74
103,6.14257,25.03902,False,74
104,6.00217,30.00253,False,74
106,3.06935,28.09899,False,74
107,4.01689,26.06049,False,74
109,6.13325,34.09759,False,74
110,6.08898,28.04832,False,74
111,5.0314,33.12175,False,74
112,3.0422,22.07214,False,74
113,5.14023,28.06949,False,74
114,2.05736,5.09983,False,74
115,6.0607,5.1369299999999996,False,74
116,3.0416,28.14064,False,74
117,4.10197,5.11911,False,74
118,2.11585,18.13747,False,74
120,2.01822,34.13101,False,74
121,2.01145,5.1145,False,74
122,1.07696,5.10254,False,74
123,2.12024,6.13471,False,74
124,2.10206,37.0241,False,74
125,35.00826,34.11224,False,74
126,35.09778,30.12343,False,74
127,6.08766,24.12245,False,74
128,6.0088,30.10838,False,74
129,6.08093,30.00466,False,74
130,35.13936,35.12318,False,74
131,4.12897,5.06467,False,74
133,3.07312,5.12829,False,74
134,4.00097,5.0555,False,74
135,4.1016,4.08601,False,74
136,4.12843,4.045,False,74
137,1.0,5.06944,True,74
139,5.12246,5.13003,False,74
140,4.05378,3.05698,False,74
141,6.04896,2.03215,False,74
142,3.08935,3.00696,False,74
143,1.0953,5.09587,False,74
144,4.03857,5.10678,False,74
145,30.00078,1.0,False,74
146,1.0,1.0,True,74
147,2.05247,1.0,False,74
148,1.0,1.0,True,74
149,1.0,18.13046,True,74
150,35.12756,1.0,False,74
151,1.0,1.10397,True,74
153,6.11361,6.10456,False,74
154,6.0401,23.10916,False,74
155,4.11908,37.06157,False,74
156,5.07428,28.01824,False,74
157,2.05139,5.01248,False,74
158,4.0543,18.00546,False,74
159,1.01131,23.0277,False,74
160,4.08775,23.11919,False,74
161,4.07323,18.09812,False,74
162,34.0764,29.0805,False,74
164,5.09701,37.07442,False,74
165,35.128659999999996,6.14353,False,74
166,35.01449,30.08166,False,74
167,6.13458,5.03746,False,74
168,35.10145,1.0,False,74
169,35.13063,30.10779,False,74
173,6.01094,29.01004,False,74
175,3.1428,3.05176,False,74
176,5.07307,5.07798,False,74
177,6.09462,30.06866,False,74
178,34.02592,35.00547,False,74
179,6.12537,34.12211,False,74
180,28.05991,28.05791,False,74
181,33.06653,35.03613,False,74
182,6.12585,10.05451,False,74
183,6.06339,35.04097,False,74
184,6.08424,37.0659,False,74
185,6.14712,28.10016,False,74
186,6.06687,37.07819,False,74
188,1.13886,30.05207,False,74
189,34.10504,34.08164,False,74
190,6.09302,23.04575,False,74
191,6.05148,30.11373,False,74
192,6.13862,25.11339,False,74
193,36.09335,35.01319,False,74
194,6.09947,25.14331,False,74
195,6.04772,28.03199,False,74
197,1.03832,30.10537,False,74
198,6.06026,25.12007,False,74
199,23.10224,29.04682,False,74
200,6.05826,6.02868,False,74
201,6.00591,5.0872,False,74
202,37.05783,37.04156,False,74
203,30.0123,30.09907,False,74
204,6.00835,30.1326,False,74
206,2.09293,30.00959,False,74
207,6.07231,28.10631,False,74
208,5.02323,5.12731,False,74
209,28.06579,28.08467,False,74
210,28.01981,28.14416,False,74
211,33.09628,28.05201,False,74
212,5.03496,4.14218,False,74
213,5.14434,13.02297,False,74
216,6.0982,28.07743,False,74
217,6.13627,29.07083,False,74
218,6.13887,30.13502,False,74
219,6.11099,25.09897,False,74
222,5.13662,28.09489,False,74
225,33.13052,33.07443,False,74
226,6.10383,35.12407,False,74
227,34.02832,37.02589,False,74
229,33.09688,33.11969,False,74
230,33.04897,33.07361,False,74
233,6.01796,30.13864,False,74
234,33.01053,30.11546,False,74
235,33.0065,30.02739,False,74
236,4.0662,4.0838,False,74
237,6.05775,5.11645,False,74
242,4.05281,24.09657,False,74
243,6.11001,6.00721,False,74
251,34.09042,34.05995,False,74
252,6.14455,28.07576,False,74
253,4.04752,30.01511,False,74
254,1.05629,4.00706,False,74
255,3.05706,13.04599,False,74
256,2.03934,30.02827,False,74
257,4.12011,20.00933,False,74
258,5.03939,18.00513,False,74
259,33.0747,5.0893,False,74
260,5.06691,5.10905,False,74
262,1.05794,36.10326,False,74
263,3.08406,6.02641,False,74
264,6.08519,29.10987,False,74
265,5.14245,6.05901,False,74
270,33.0879,6.03779,False,74
271,6.11441,28.11929,False,74
272,6.06394,5.11411,False,74
273,6.0975,5.1436399999999995,False,74
274,6.02588,5.13396,False,74
275,33.02402,6.09991,False,74
280,3.13762,5.13332,False,74
289,5.14681,29.12129,False,74
290,6.10752,6.10704,False,74
291,6.14306,6.13428,False,74
292,5.08186,6.11683,False,74
293,15.10832,31.0433,False,74
294,10.04182,6.10434,False,74
295,25.01753,36.1167,False,74
296,20.01977,4.0876,False,74
297,6.01209,35.05767,False,74
298,2.1308,33.09556,False,74
299,6.10299,34.00628,False,74
300,6.0595,33.0647,False,74
301,4.09712,33.10863,False,74
302,5.01594,35.02063,False,74
303,5.13804,33.05511,False,74
308,5.01239,31.13381,False,74
317,4.03974,22.01112,False,74
318,6.03433,36.11895,False,74
319,5.09595,30.14342,False,74
320,4.13983,27.09904,False,74
321,3.06421,34.09282,False,74
322,5.07524,18.07585,False,74
323,2.12943,17.01512,False,74
324,2.1012,23.12809,False,74
325,2.02454,25.01411,False,74
326,3.00737,28.01675,False,74
328,5.07882,25.13909,False,74
329,6.13433,31.12492,False,74
330,6.11209,30.00527,False,74
331,5.05781,20.01538,False,74
332,6.10774,30.05663,False,74
333,33.0236,30.12396,False,74
334,6.08703,6.11827,False,74
335,5.0979,30.13399,False,74
336,5.03137,30.08671,False,74
337,6.05287,25.12958,False,74
339,5.0794,28.11755,False,74
340,1.0,1.06681,True,74
341,1.0,25.12438,True,74
342,36.11365,5.04554,False,74
343,1.0,1.0,True,74
346,6.0469,27.13806,False,74
347,6.12456,33.07249,False,74
348,6.02403,27.01832,False,74
349,1.02459,25.01771,False,74
350,28.07469,29.14252,False,74
351,6.13326,25.05951,False,74
352,6.11702,34.08986,False,74
353,34.05375,37.00967,False,74
354,34.02056,34.01617,False,74
355,5.02807,23.12848,False,74
357,5.11136,29.13497,False,74
358,6.02787,28.10926,False,74
359,6.01579,32.0684,False,74
361,6.0327,25.10125,False,74
363,35.0591,35.05083,False,74
364,35.0753,35.07142,False,74
365,3.08125,23.13687,False,74
366,5.14519,5.14487,False,74
367,35.04392,35.01932,False,74
370,6.09494,28.08856,False,74
371,6.14511,33.05872,False,74
372,6.14286,33.07064,False,74
373,6.00539,6.08085,False,74
374,1.00658,37.0658,False,74
375,5.12871,4.00298,False,74
376,6.10104,5.03463,False,74
377,6.10261,2.10736,False,74
378,33.06941,28.12192,False,74
379,28.07736,5.08154,False,74
380,34.00463,33.10461,False,74
381,6.02299,5.06817,False,74
383,5.08599,28.13382,False,74
384,6.1199,30.08452,False,74
385,2.09878,30.03803,False,74
386,1.11778,27.04584,False,74
387,2.07067,34.0343,False,74
388,3.01342,5.04106,False,74
389,2.10051,7.11311,False,74
390,3.04131,27.08325,False,74
391,4.06452,23.11631,False,74
394,5.07411,30.0752,False,74
395,35.11769,2.01989,False,74
396,35.10688,3.00142,False,74
397,35.04308,4.01686,False,74
398,35.10027,33.14259,False,74
403,6.00398,19.06438,False,74
404,35.04259,34.04726,False,74
405,35.00897,5.07512,False,74
406,6.03479,4.03402,False,74
407,29.03049,28.10663,False,74
408,1.0,4.08718,True,74
412,10.05497,34.09186,False,74
413,20.00583,25.13603,False,74
414,10.14591,31.13705,False,74
415,30.11475,28.06322,False,74
416,33.03417,20.0252,False,74
417,6.09719,28.03673,False,74
418,35.04892,35.04313,False,74
419,33.07729,33.01802,False,74
420,33.08428,33.01437,False,74
421,33.0619,33.0293,False,74
422,30.0847,28.01904,False,74
423,6.05536,23.04521,False,74
425,6.03935,5.14565,False,74
426,6.05667,33.14403,False,74
427,6.1127,6.14494,False,74
428,33.03254,33.02723,False,74
429,33.13102,28.07088,False,74
1,6.09331,23.02755,False,75
3,4.10303,4.07412,False,75
5,6.00523,37.01009,False,75
6,5.14443,33.01236,False,75
7,4.01367,1.0,False,75
9,5.01552,5.10355,False,75
10,5.04275,4.03555,False,75
11,6.044,1.0,False,75
13,6.08328,6.05763,False,75
17,6.01409,29.05724,False,75
18,6.05307,6.04757,False,75
19,1.0,33.07199,True,75
21,6.03237,29.04626,False,75
22,6.1365,6.14278,False,75
25,6.01957,19.10116,False,75
29,2.08193,5.14683,False,75
30,6.06704,6.13895,False,75
69,2.00258,24.13081,False,75
70,28.03502,23.09912,False,75
71,6.10532,28.07525,False,75
72,33.0096,33.00448,False,75
73,28.09879,28.13955,False,75
74,33.04312,33.02918,False,75
75,34.09245,33.10233,False,75
76,6.14692,6.13546,False,75
77,18.03822,6.12331,False,75
78,6.02599,23.01381,False,75
79,6.0787,6.0751,False,75
82,3.02179,29.11766,False,75
83,3.10886,18.08171,False,75
84,33.01655,1.0,False,75
85,1.0,2.0687699999999998,True,75
86,1.0,29.05445,True,75
91,5.0924,5.14618,False,75
92,6.06891,6.0672,False,75
93,6.11559,23.0882,False,75
95,4.04081,5.12551,False,75
98,5.01197,30.06862,False,75
99,22.012,34.12214,False,75
100,6.08554,35.02478,False,75
101,5.0829,23.10858,False,75
103,6.13644,25.11793,False,75
104,6.00612,30.08138,False,75
106,3.08682,28.02622,False,75
107,4.0521,26.07883,False,75
109,6.06126,34.09143,False,75
110,6.0775,28.06861,False,75
111,5.02808,33.10011,False,75
112,4.03902,22.0233,False,75
113,5.04618,28.08333,False,75
114,2.00588,5.14313,False,75
115,6.1157,5.11078,False,75
116,3.05711,28.14285,False,75
117,4.13046,5.04852,False,75
118,2.14597,18.0928,False,75
120,2.03814,34.0488,False,75
121,3.09505,5.09909,False,75
122,1.05779,5.13625,False,75
123,2.12507,6.12377,False,75
124,2.04668,37.10668,False,75
125,35.03436,34.01439,False,75
126,35.01815,30.0347,False,75
127,6.01534,24.14112,False,75
128,4.04308,30.04571,False,75
129,6.1348,30.00159,False,75
130,35.10838,35.07951,False,75
131,4.12888,5.09308,False,75
133,3.11712,5.06597,False,75
134,4.01767,4.09833,False,75
135,2.05691,4.0919,False,75
136,4.0686,4.0662,False,75
137,4.1405,5.11973,False,75
139,5.134,5.0048,False,75
140,4.09329,3.06184,False,75
141,6.07429,2.0639,False,75
142,3.03317,3.13016,False,75
143,1.10606,5.14033,False,75
144,4.09854,31.03326,False,75
145,1.0,30.00824,True,75
146,1.0,1.0,True,75
147,2.07513,1.0,False,75
148,1.0,1.0,True,75
149,1.0,18.08581,True,75
150,35.13171,1.0,False,75
151,1.0,1.02456,True,75
153,6.11497,6.1149000000000004,False,75
154,6.06817,23.13578,False,75
155,4.02877,5.14507,False,75
156,6.05208,5.10689,False,75
157,1.08625,5.07985,False,75
158,4.05306,18.09929,False,75
159,1.10359,23.00816,False,75
160,4.10693,23.06959,False,75
161,4.03359,18.12541,False,75
162,34.10494,29.14136,False,75
164,5.14037,37.0381,False,75
165,35.04579,6.08407,False,75
166,35.14668,30.07637,False,75
167,6.11952,5.0166,False,75
168,35.12663,1.0,False,75
169,35.07106,30.05452,False,75
173,6.00712,29.04422,False,75
175,3.09233,3.0832100000000002,False,75
176,5.00642,5.12415,False,75
177,6.10054,30.08691,False,75
178,34.01207,35.01081,False,75
179,6.13804,34.073,False,75
180,28.12533,28.14471,False,75
181,33.05417,35.03887,False,75
182,6.06534,10.02284,False,75
183,6.11471,35.11159,False,75
184,6.07493,37.04428,False,75
185,6.14329,28.04263,False,75
186,6.07988,37.12408,False,75
188,1.11891,30.13482,False,75
189,34.12539,34.12211,False,75
190,6.12574,23.11347,False,75
191,6.02797,30.08829,False,75
192,6.01807,25.13254,False,75
193,36.12063,35.01885,False,75
194,6.07381,25.10619,False,75
195,6.04961,28.09662,False,75
197,2.11251,30.04954,False,75
198,6.05289,25.07745,False,75
199,6.06607,30.11741,False,75
200,6.08681,6.05243,False,75
201,6.11921,5.13703,False,75
202,37.06019,37.1006,False,75
203,30.07726,30.04985,False,75
204,2.09055,30.0266,False,75
206,2.01714,30.07416,False,75
207,6.13765,28.05768,False,75
208,5.07464,5.11632,False,75
209,28.03711,28.0275,False,75
210,28.12498,28.11662,False,75
211,33.03139,28.05402,False,75
212,4.14341,5.09609,False,75
213,5.09697,13.0593,False,75
216,6.09826,28.1355,False,75
217,6.13782,29.06448,False,75
218,6.10214,30.06757,False,75
219,6.11379,25.03785,False,75
222,5.04977,28.13114,False,75
225,33.12549,33.08868,False,75
226,6.0991,35.05762,False,75
227,34.0171,37.12704,False,75
229,33.12471,33.12759,False,75
230,33.00511,33.0877,False,75
233,6.0101,30.14585,False,75
234,33.04748,30.0577,False,75
235,33.03527,30.02231,False,75
236,4.0436,4.06492,False,75
237,6.09821,5.08937,False,75
242,4.04538,24.08265,False,75
243,6.06985,6.05974,False,75
251,34.05822,34.04278,False,75
252,6.10916,28.03575,False,75
253,4.09006,30.0008,False,75
254,1.07967,4.09959,False,75
255,3.1431,13.00978,False,75
256,2.10212,30.07113,False,75
257,4.05285,20.08142,False,75
258,1.03264,18.0894,False,75
259,33.08155,5.14568,False,75
260,5.02986,5.09008,False,75
262,1.02623,36.06474,False,75
263,3.101,6.03832,False,75
264,6.12431,29.00163,False,75
265,5.04991,6.12499,False,75
270,33.11853,6.13834,False,75
271,6.10582,28.06069,False,75
272,6.01784,5.03872,False,75
273,6.00296,5.10237,False,75
274,6.01485,5.13808,False,75
275,33.06008,6.02134,False,75
280,3.00749,5.11923,False,75
289,5.13623,29.09358,False,75
290,6.09404,6.12662,False,75
291,6.1336,6.14561,False,75
292,5.09322,6.12487,False,75
293,15.01783,30.146,False,75
294,10.04337,6.11603,False,75
295,25.04417,36.01621,False,75
296,20.10781,4.08362,False,75
297,6.11047,35.09081,False,75
298,2.10972,33.0055,False,75
299,6.00669,34.08687,False,75
300,6.06424,33.0404,False,75
301,4.08415,33.01929,False,75
302,6.03452,35.08954,False,75
303,5.04413,33.07652,False,75
308,3.05789,31.08644,False,75
317,4.005,22.02519,False,75
318,4.1221,36.06733,False,75
319,5.0509,30.0971,False,75
320,4.1057,27.10527,False,75
321,3.11252,34.03641,False,75
322,5.00906,18.14342,False,75
323,3.06276,17.05814,False,75
324,2.12314,23.02949,False,75
325,4.07108,25.05948,False,75
326,3.02452,18.05182,False,75
328,5.09638,25.12482,False,75
329,6.13498,31.01143,False,75
330,6.05012,30.13328,False,75
331,5.0065,20.08143,False,75
332,5.14672,30.01457,False,75
333,33.03768,30.03693,False,75
334,6.046,6.07536,False,75
335,5.05153,30.00387,False,75
336,5.10716,30.09889,False,75
337,6.00683,25.14171,False,75
339,5.01313,28.08617,False,75
340,1.0,1.03162,True,75
341,1.0,25.08592,True,75
342,36.06585,5.00647,False,75
343,1.0,1.0,True,75
346,6.04238,27.10141,False,75
347,6.08769,33.08154,False,75
348,6.03461,27.04764,False,75
349,1.00534,25.0336,False,75
350,28.01849,29.02091,False,75
351,6.1395,25.05856,False,75
352,6.13466,34.04633,False,75
353,34.0678,37.07086,False,75
354,34.1413,34.04627,False,75
355,5.004,23.01357,False,75
357,5.06418,29.13691,False,75
358,6.03427,28.12201,False,75
359,6.00888,32.02632,False,75
361,6.0536200000000004,25.0945,False,75
363,35.10763,35.06048,False,75
364,35.13192,35.11203,False,75
365,3.04642,23.08961,False,75
366,5.12857,5.07563,False,75
367,35.05105,35.01719,False,75
370,6.09258,28.07725,False,75
371,6.14086,33.08898,False,75
372,6.13928,33.01633,False,75
373,6.00048,6.05128,False,75
374,1.07946,37.14662,False,75
375,5.07818,23.08318,False,75
376,6.00527,5.01299,False,75
377,6.13448,2.07499,False,75
378,33.03017,28.0832,False,75
379,28.14728,5.11435,False,75
380,34.00608,33.08238,False,75
381,6.13109,5.04127,False,75
383,5.10572,30.03114,False,75
384,6.1268,28.04345,False,75
385,1.01919,25.08035,False,75
386,4.03399,27.0034,False,75
387,2.00501,34.08734,False,75
388,2.07165,5.02283,False,75
389,2.06196,7.13101,False,75
390,3.03176,27.02787,False,75
391,5.10597,23.0932,False,75
394,5.11509,30.02174,False,75
395,35.06387,2.01163,False,75
396,35.12817,3.0705,False,75
397,35.02118,4.07132,False,75
398,35.10529,33.11234,False,75
403,6.05539,19.11936,False,75
404,35.06049,34.07659,False,75
405,35.02586,5.14238,False,75
406,4.03414,1.0,False,75
407,29.01643,28.13358,False,75
408,1.0,4.02994,True,75
412,10.03716,34.08515,False,75
413,15.1121,6.1398,False,75
414,10.10071,31.02041,False,75
415,30.12543,28.09394,False,75
416,33.00235,20.02486,False,75
417,6.09715,28.10671,False,75
418,35.04419,35.03559,False,75
419,33.12269,33.10367,False,75
420,33.13568,33.0534,False,75
421,33.11041,33.05995,False,75
422,28.12261,30.08526,False,75
423,6.13297,23.0284,False,75
425,5.04329,37.04272,False,75
426,6.05835,33.14146,False,75
427,6.11689,6.13914,False,75
428,33.11204,33.10515,False,75
429,33.1343,28.05023,False,75
1,6.07053,23.03424,False,76
3,4.13308,4.05427,False,76
5,6.01722,37.09655,False,76
6,5.03934,33.00081,False,76
7,4.02293,1.0,False,76
9,4.11098,5.06423,False,76
10,5.03267,4.03139,False,76
11,6.05391,1.0,False,76
13,6.08025,6.08363,False,76
17,6.02007,28.0637,False,76
18,6.01964,6.03576,False,76
19,1.0,33.0802,True,76
21,6.07501,18.0032,False,76
22,6.12233,6.12826,False,76
25,6.03041,19.0484,False,76
29,2.05756,5.14197,False,76
30,6.09385,6.13707,False,76
69,2.06953,24.08506,False,76
70,28.08979,23.07107,False,76
71,6.10024,28.02484,False,76
72,33.07528,33.05396,False,76
73,28.1467,28.12295,False,76
74,33.05919,33.05107,False,76
75,34.03762,33.10544,False,76
76,6.14559,6.14203,False,76
77,18.04185,6.14219,False,76
78,6.03717,23.13667,False,76
79,6.11519,6.11496,False,76
82,3.0735,29.12051,False,76
83,3.1391999999999998,18.08051,False,76
84,33.01723,1.0,False,76
85,2.01747,1.0,False,76
86,1.0,29.10684,True,76
91,5.07844,5.13082,False,76
92,6.06368,28.05567,False,76
93,6.12406,23.12321,False,76
95,3.07647,5.14337,False,76
98,5.10204,30.00776,False,76
99,22.00566,34.1388,False,76
100,6.06416,35.02303,False,76
101,3.12367,23.13133,False,76
103,6.13478,25.12362,False,76
104,6.02541,30.13096,False,76
106,3.02671,28.04364,False,76
107,4.08038,26.13623,False,76
109,6.10383,34.08877,False,76
110,6.07689,28.00462,False,76
111,3.04467,33.02166,False,76
112,3.08161,22.10879,False,76
113,5.04779,28.12117,False,76
114,2.03347,5.09299,False,76
115,6.00036,5.13678,False,76
116,3.07715,28.12336,False,76
117,3.04101,5.12158,False,76
118,2.0669,18.05652,False,76
120,2.02739,34.02792,False,76
121,3.03286,5.09776,False,76
122,1.13194,5.04525,False,76
123,2.13906,6.11897,False,76
124,2.03724,37.12997,False,76
125,35.034909999999996,34.01141,False,76
126,35.02756,30.01618,False,76
127,6.14586,24.03673,False,76
128,6.02453,30.10639,False,76
129,6.08897,30.11988,False,76
130,35.1346,35.10297,False,76
131,4.07666,5.07832,False,76
133,3.09089,5.06623,False,76
134,4.00114,5.12543,False,76
135,4.14503,4.07571,False,76
136,4.06778,4.12344,False,76
137,4.05731,5.11994,False,76
139,5.10491,5.03366,False,76
140,4.04853,3.0596,False,76
141,6.0167,2.13808,False,76
142,3.07741,3.10773,False,76
143,1.0952,5.13919,False,76
144,4.08149,5.14104,False,76
145,30.14273,1.0,False,76
146,1.0,1.0,True,76
147,2.02386,1.0,False,76
148,1.0,1.0,True,76
149,1.0,18.0675,True,76
150,35.05091,1.0,False,76
151,1.0,1.06748,True,76
153,6.1239,6.11738,False,76
154,6.03819,28.05783,False,76
155,3.02074,37.08527,False,76
156,6.02577,5.12058,False,76
157,1.05869,5.12831,False,76
158,4.0095,18.11147,False,76
159,3.00209,23.09201,False,76
160,4.1123,23.116,False,76
161,4.11387,18.0227,False,76
162,34.05699,29.02804,False,76
164,5.03557,37.00688,False,76
165,35.02889,6.05464,False,76
166,35.07976,30.10064,False,76
167,6.11656,5.12972,False,76
168,35.12191,1.0,False,76
169,35.11269,30.06734,False,76
173,6.02527,29.11444,False,76
175,3.10336,3.07141,False,76
176,5.02018,5.02142,False,76
177,6.07761,30.05586,False,76
178,34.00431,35.01249,False,76
179,6.13839,34.01998,False,76
180,28.10432,28.13611,False,76
181,33.10091,35.10257,False,76
182,6.1318,10.00272,False,76
183,6.04678,35.1341,False,76
184,6.10469,37.03131,False,76
185,6.13339,28.1407,False,76
186,6.0721,37.11351,False,76
188,2.01916,37.12243,False,76
189,34.11431,34.08946,False,76
190,6.10757,23.08345,False,76
191,6.04687,30.01215,False,76
192,6.02715,25.05898,False,76
193,36.07259,35.03387,False,76
194,6.09269,25.00803,False,76
195,6.07128,28.04359,False,76
197,2.03172,29.06177,False,76
198,6.00488,25.01515,False,76
199,6.14053,30.01931,False,76
200,6.1464,6.13299,False,76
201,6.03953,5.14172,False,76
202,37.02362,37.04588,False,76
203,30.08515,30.05515,False,76
204,4.07043,30.02746,False,76
206,2.09828,30.14494,False,76
207,6.13023,28.10682,False,76
208,5.11778,5.1262,False,76
209,28.1106,28.05412,False,76
210,28.09493,28.11391,False,76
211,33.05491,28.10275,False,76
212,5.09898,4.132,False,76
213,5.13642,13.05047,False,76
216,6.09255,28.09661,False,76
217,6.13788,29.11331,False,76
218,6.07971,30.09061,False,76
219,6.12903,25.03297,False,76
222,5.10814,28.11183,False,76
225,33.12867,33.10454,False,76
226,6.08696,35.05893,False,76
227,34.11275,37.09279,False,76
229,33.10201,33.11092,False,76
230,33.06555,33.07846,False,76
233,6.04512,30.12339,False,76
234,33.01605,30.0342,False,76
235,33.00121,30.02144,False,76
236,4.11356,4.05826,False,76
237,6.07724,5.10349,False,76
242,4.05966,24.11271,False,76
243,6.03589,6.03507,False,76
251,34.10397,34.05944,False,76
252,6.09291,28.12907,False,76
253,4.03149,30.09389,False,76
254,1.08349,4.0784,False,76
255,3.14386,13.03957,False,76
256,2.10947,30.13602,False,76
257,4.11408,20.05071,False,76
258,5.14074,18.10311,False,76
259,33.08605,5.01645,False,76
260,5.05351,5.1294,False,76
262,1.03661,36.09378,False,76
263,3.0022,6.01963,False,76
264,6.12697,29.0393,False,76
265,5.12442,6.10411,False,76
270,33.03884,6.09079,False,76
271,6.11291,28.06997,False,76
272,6.06446,5.04127,False,76
273,6.09652,5.07892,False,76
274,6.09322,5.11978,False,76
275,33.0316,6.10609,False,76
280,3.11679,5.06956,False,76
289,5.14304,29.08511,False,76
290,6.09046,6.12147,False,76
291,6.1454699999999995,6.14106,False,76
292,5.00887,6.12297,False,76
293,15.08431,30.13494,False,76
294,10.06553,6.1054,False,76
295,25.07539,36.10647,False,76
296,20.04412,4.14567,False,76
297,6.0275,35.03519,False,76
298,1.00298,33.0503,False,76
299,6.06914,34.08624,False,76
300,4.0222,33.07707,False,76
301,4.12744,33.12633,False,76
302,6.06762,35.135,False,76
303,5.03759,33.03495,False,76
308,5.02936,31.13085,False,76
317,3.04799,22.0924,False,76
318,4.08699,36.04825,False,76
319,5.11583,30.11545,False,76
320,4.1026,27.1432,False,76
321,4.08352,34.1198,False,76
322,5.08397,18.08544,False,76
323,2.03815,17.0699,False,76
324,2.0378,23.0755,False,76
325,3.06757,25.01683,False,76
326,4.123,28.0756,False,76
328,5.00399,25.00915,False,76
329,6.14711,31.10014,False,76
330,6.06743,30.07178,False,76
331,5.02645,20.09251,False,76
332,5.11161,30.03544,False,76
333,33.04823,30.13796,False,76
334,6.06471,6.08549,False,76
335,5.09424,30.12759,False,76
336,5.10506,30.07782,False,76
337,6.04557,25.12709,False,76
339,5.07387,28.03194,False,76
340,1.0,1.02331,True,76
341,1.0,25.1401,True,76
342,36.11316,5.1299,False,76
343,1.0,1.0,True,76
346,6.0442,27.13138,False,76
347,6.11516,33.08986,False,76
348,6.02469,27.04808,False,76
349,2.09737,25.07739,False,76
350,6.12151,29.1373,False,76
351,6.13075,25.13631,False,76
352,6.09709,34.02818,False,76
353,34.06047,37.08898,False,76
354,34.06572,34.06537,False,76
355,5.05751,23.03969,False,76
357,5.09552,28.13643,False,76
358,6.04305,28.00326,False,76
359,6.00981,32.1021,False,76
361,6.04921,25.08679,False,76
363,35.1059,35.09649,False,76
364,35.13169,35.12731,False,76
365,3.12761,23.06307,False,76
366,5.09274,5.14487,False,76
367,35.05974,35.01974,False,76
370,6.07158,28.13341,False,76
371,6.14084,33.00967,False,76
372,6.13192,33.12054,False,76
373,6.02846,6.0979,False,76
374,1.13763,37.12437,False,76
375,5.1125,4.09619,False,76
376,6.1408,5.09543,False,76
377,2.13552,1.0,False,76
378,33.11258,28.02661,False,76
379,28.11232,5.05169,False,76
380,34.00767,33.04147,False,76
381,6.01321,5.06445,False,76
383,5.0806000000000004,28.10122,False,76
384,6.12612,30.12178,False,76
385,3.00094,25.02038,False,76
386,1.06143,27.07685,False,76
387,1.07084,34.12268,False,76
388,2.1255100000000002,5.05218,False,76
389,2.03282,7.13836,False,76
390,3.05476,27.02352,False,76
391,5.08245,23.1018,False,76
394,5.10483,30.0614,False,76
395,35.12361,2.07308,False,76
396,35.10663,3.14448,False,76
397,35.00569,4.10977,False,76
398,35.14609,33.10389,False,76
403,6.01736,19.00923,False,76
404,35.04343,34.04835,False,76
405,35.13845,5.07996,False,76
406,6.02021,4.09955,False,76
407,29.04765,28.1415,False,76
408,1.0,4.14205,True,76
412,10.02409,34.13787,False,76
413,15.14057,25.05465,False,76
414,10.05913,31.00455,False,76
415,30.00877,28.0604,False,76
416,33.09549,20.11304,False,76
417,6.12619,28.09221,False,76
418,35.07987,35.05838,False,76
419,33.14426,33.03105,False,76
420,33.1409,33.00916,False,76
421,33.10189,33.02259,False,76
422,28.08724,30.02823,False,76
423,6.0904,23.08753,False,76
425,5.06659,37.00697,False,76
426,6.05298,33.14331,False,76
427,6.11339,6.14062,False,76
428,33.10292,33.06879,False,76
429,33.11319,28.12222,False,76
1,6.08101,23.10541,False,77
3,4.14446,4.12477,False,77
5,6.00842,37.00983,False,77
6,5.12849,33.0038,False,77
7,4.04319,1.0,False,77
9,5.04765,5.12993,False,77
10,4.01755,4.06654,False,77
11,6.04418,1.0,False,77
13,6.1193,6.12581,False,77
17,6.02545,29.05239,False,77
18,6.04594,6.01811,False,77
19,1.0,33.07632,True,77
21,6.04713,29.13693,False,77
22,6.11016,6.10863,False,77
25,6.00562,19.08925,False,77
29,2.06684,5.13957,False,77
30,6.05813,6.1463,False,77
69,2.08102,24.08857,False,77
70,28.0237,23.09087,False,77
71,6.05559,6.05042,False,77
72,33.04277,33.02453,False,77
73,28.08655,28.05766,False,77
74,33.05113,33.01464,False,77
75,34.02124,33.10884,False,77
76,6.14227,28.01915,False,77
77,18.10638,6.14308,False,77
78,6.03041,29.08385,False,77
79,6.13142,6.11431,False,77
82,6.01239,29.05438,False,77
83,3.12672,18.14378,False,77
84,33.12358,1.0,False,77
85,1.0,2.09788,True,77
86,1.0,29.09162,True,77
91,5.1121,5.12972,False,77
92,6.05728,6.04705,False,77
93,6.11749,23.08865,False,77
95,4.06691,5.13279,False,77
98,5.06909,30.04513,False,77
99,22.06756,34.10797,False,77
100,6.09967,35.01294,False,77
101,5.05496,23.08374,False,77
103,6.1225,25.12566,False,77
104,6.00287,30.07786,False,77
106,3.0612,28.03444,False,77
107,4.0578,26.10491,False,77
109,6.13611,34.04719,False,77
110,6.10667,28.03549,False,77
111,3.01302,33.09694,False,77
112,3.09047,22.12889,False,77
113,5.03564,28.11674,False,77
114,2.12757,5.09543,False,77
115,6.03348,5.14612,False,77
116,3.03965,28.13938,False,77
117,4.06384,5.0141,False,77
118,2.07602,18.09393,False,77
120,2.02202,34.12431,False,77
121,2.12119,5.07055,False,77
122,2.0382,5.14739,False,77
123,2.11207,6.05384,False,77
124,2.14277,37.07776,False,77
125,35.03792,34.01905,False,77
126,35.05455,30.08433,False,77
127,6.05031,24.07137,False,77
128,4.01626,30.06688,False,77
129,6.13244,30.01829,False,77
130,35.11048,35.07912,False,77
131,4.01657,5.07268,False,77
133,3.05516,5.10372,False,77
134,4.00731,5.09034,False,77
135,6.07025,4.01778,False,77
136,4.04915,4.05513,False,77
137,1.0,5.04912,True,77
139,5.03493,5.01945,False,77
140,4.00125,3.03223,False,77
141,6.11323,2.10979,False,77
142,3.14009,3.05714,False,77
143,1.00985,5.0523,False,77
144,4.1286,5.11772,False,77
145,1.0,30.12922,True,77
146,1.0,1.0,True,77
147,2.06096,1.0,False,77
148,1.0,1.0,True,77
149,1.0,18.07061,True,77
150,35.09531,1.0,False,77
151,1.0,1.14083,True,77
153,6.12154,6.09641,False,77
154,6.05171,23.09596,False,77
155,4.09307,37.07722,False,77
156,6.07837,5.14136,False,77
157,1.00147,5.1181,False,77
158,4.14154,18.11632,False,77
159,3.05889,23.00721,False,77
160,4.10141,23.02369,False,77
161,4.01359,18.05882,False,77
162,34.03264,29.12698,False,77
164,5.03757,37.09894,False,77
165,35.12649,6.09644,False,77
166,35.0032,30.07635,False,77
167,6.08069,5.10028,False,77
168,35.04085,1.0,False,77
169,35.02671,30.0287,False,77
173,6.01257,28.0979,False,77
175,3.08475,4.13359,False,77
176,5.09896,5.03589,False,77
177,6.10231,30.13533,False,77
178,34.01365,35.03405,False,77
179,6.14502,34.11133,False,77
180,28.06903,28.13758,False,77
181,33.05224,35.06959,False,77
182,6.13344,10.00077,False,77
183,6.13654,35.07541,False,77
184,6.10785,37.03706,False,77
185,6.13372,28.10874,False,77
186,6.05485,37.0095,False,77
188,1.02127,37.044,False,77
189,34.13273,34.10183,False,77
190,6.14421,23.07518,False,77
191,6.10036,30.10807,False,77
192,6.09128,25.02446,False,77
193,36.14067,35.03906,False,77
194,6.05763,25.08094,False,77
195,6.08801,28.00181,False,77
197,2.06411,30.06656,False,77
198,6.00011,25.07113,False,77
199,6.03022,30.08648,False,77
200,6.11773,6.09754,False,77
201,6.04297,5.12346,False,77
202,37.05961,37.05593,False,77
203,30.01167,30.13885,False,77
204,2.01079,30.13572,False,77
206,2.14653,30.02417,False,77
207,6.07366,28.12793,False,77
208,5.12009,5.10691,False,77
209,28.03781,28.04205,False,77
210,28.14464,28.09014,False,77
211,33.04018,28.10845,False,77
212,4.11407,5.00314,False,77
213,5.1414,13.03478,False,77
216,6.09904,28.07197,False,77
217,6.14138,29.03013,False,77
218,6.09744,30.06175,False,77
219,6.14056,25.11705,False,77
222,5.07557,28.03011,False,77
225,33.09653,33.08762,False,77
226,6.08738,35.00686,False,77
227,34.08049,37.13511,False,77
229,33.10748,33.12483,False,77
230,33.01871,33.04405,False,77
233,6.00508,30.10838,False,77
234,33.01546,30.01934,False,77
235,33.06365,30.06671,False,77
236,4.09542,4.07192,False,77
237,6.11974,5.0352,False,77
242,4.0091,24.13016,False,77
243,6.10099,6.05342,False,77
251,34.10486,34.0955,False,77
252,6.10854,28.08747,False,77
253,4.01418,30.0834,False,77
254,1.00296,4.1038,False,77
255,3.10042,13.08158,False,77
256,2.06215,30.14037,False,77
257,4.09113,20.04948,False,77
258,5.06772,18.11356,False,77
259,33.05299,5.00896,False,77
260,5.05048,5.14642,False,77
262,1.00669,36.1153,False,77
263,3.09669,6.04127,False,77
264,6.09732,29.08141,False,77
265,5.06602,6.08764,False,77
270,33.07376,6.10411,False,77
271,6.05687,28.0302,False,77
272,6.03243,5.07957,False,77
273,6.03705,5.14616,False,77
274,6.01121,5.03545,False,77
275,33.01539,6.1391,False,77
280,3.03486,5.10659,False,77
289,5.14063,29.13143,False,77
290,6.10905,6.10727,False,77
291,6.14728,6.11813,False,77
292,5.106,6.1345600000000005,False,77
293,15.00054,30.14233,False,77
294,10.01661,30.06385,False,77
295,25.12203,36.00864,False,77
296,20.09011,4.08165,False,77
297,6.0182,35.0294,False,77
298,1.03552,33.09608,False,77
299,6.05675,34.03795,False,77
300,6.08927,33.13278,False,77
301,4.14272,33.13865,False,77
302,5.08338,35.08975,False,77
303,5.13263,33.08527,False,77
308,5.00852,31.13361,False,77
317,4.11503,22.04234,False,77
318,6.02805,36.10817,False,77
319,5.10299,30.11935,False,77
320,4.00364,27.12058,False,77
321,4.06033,34.11142,False,77
322,5.11371,18.03797,False,77
323,3.02394,17.03988,False,77
324,2.07814,23.00754,False,77
325,2.00839,25.03296,False,77
326,3.06454,18.04665,False,77
328,5.06505,25.14248,False,77
329,6.10774,31.0661,False,77
330,6.09088,28.13653,False,77
331,5.01981,20.13505,False,77
332,5.13429,30.14258,False,77
333,33.00882,30.11545,False,77
334,6.06355,6.11387,False,77
335,5.10737,30.08353,False,77
336,5.1215,30.03551,False,77
337,6.01169,25.07043,False,77
339,5.12095,28.0282,False,77
340,1.0,1.06758,True,77
341,1.0,25.09188,True,77
342,36.11948,5.01327,False,77
343,1.0,1.0,True,77
346,6.03608,27.06483,False,77
347,6.09394,33.10115,False,77
348,6.01038,27.03327,False,77
349,2.01064,25.03106,False,77
350,6.14543,29.03072,False,77
351,6.08319,25.09877,False,77
352,6.1471,34.04224,False,77
353,34.09342,37.04923,False,77
354,34.10722,34.08833,False,77
355,4.12401,23.03681,False,77
357,5.0998,29.02316,False,77
358,6.01128,28.06929,False,77
359,6.02978,32.03451,False,77
361,6.05502,30.0053,False,77
363,35.08652,35.07938,False,77
364,35.08161,35.06154,False,77
365,3.08611,23.08811,False,77
366,5.13463,5.13328,False,77
367,35.03632,35.01528,False,77
370,6.08438,28.02454,False,77
371,6.14489,33.06141,False,77
372,6.14492,33.0136,False,77
373,6.01045,6.10668,False,77
374,1.08234,37.08283,False,77
375,5.04775,4.01265,False,77
376,6.06907,5.1241,False,77
377,2.04692,1.0,False,77
378,33.04355,28.07087,False,77
379,28.06193,5.11252,False,77
380,34.06555,33.08807,False,77
381,6.06109,5.07481,False,77
383,5.08886,28.07248,False,77
384,6.0705,30.06259,False,77
385,2.10912,25.11776,False,77
386,1.12775,27.1231,False,77
387,1.07971,34.02192,False,77
388,2.06765,5.1032,False,77
389,2.07958,7.0399,False,77
390,3.1367599999999998,27.08755,False,77
391,2.03865,23.12758,False,77
394,5.03835,30.00523,False,77
395,35.11511,2.1318,False,77
396,35.13834,3.11217,False,77
397,35.10943,4.07579,False,77
398,35.02391,33.03627,False,77
403,6.07353,19.07752,False,77
404,35.07996,34.08884,False,77
405,35.01347,5.05658,False,77
406,6.00389,4.01474,False,77
407,29.11077,28.09749,False,77
408,1.0,4.04646,True,77
412,10.00656,34.09725,False,77
413,20.03908,25.0554,False,77
414,10.02607,31.13679,False,77
415,30.02826,28.09168,False,77
416,33.07163,20.10715,False,77
417,6.14727,23.10603,False,77
418,35.05392,35.03378,False,77
419,33.10217,33.05682,False,77
420,33.13256,33.03761,False,77
421,33.054,33.01932,False,77
422,30.0434,28.09976,False,77
423,6.11358,23.08895,False,77
425,6.09193,37.07402,False,77
426,6.05558,33.1273,False,77
427,6.11361,6.14148,False,77
428,33.08413,33.11847,False,77
429,33.04926,28.05759,False,77
1,6.0621,23.05931,False,78
3,4.12755,4.02126,False,78
5,6.03262,37.09315,False,78
6,5.05227,33.00621,False,78
7,4.03676,1.0,False,78
9,5.04145,5.08264,False,78
10,4.02609,4.00302,False,78
11,6.03101,1.0,False,78
13,6.12207,6.11347,False,78
17,6.03305,29.0454,False,78
18,6.01113,6.00505,False,78
19,1.0,33.09721,True,78
21,6.05036,18.07882,False,78
22,6.08995,6.08186,False,78
25,6.04056,19.14524,False,78
29,2.06069,5.12155,False,78
30,6.06703,6.13784,False,78
69,2.03774,24.11124,False,78
70,28.00957,23.00933,False,78
71,6.10905,6.0953,False,78
72,33.02082,33.01724,False,78
73,28.07939,28.11853,False,78
74,33.05272,37.04267,False,78
75,34.09799,33.12265,False,78
76,6.13057,6.11176,False,78
77,18.0612,6.13636,False,78
78,6.03376,29.14148,False,78
79,6.11473,6.11376,False,78
82,3.11693,29.09025,False,78
83,3.11653,18.06506,False,78
84,33.05732,1.0,False,78
85,1.0,2.06626,True,78
86,1.0,29.05513,True,78
91,5.06787,5.1411,False,78
92,6.08545,6.08325,False,78
93,6.10166,23.09555,False,78
95,4.04466,5.14455,False,78
98,5.12786,30.07852,False,78
99,22.06979,34.1357,False,78
100,6.09287,35.01294,False,78
101,5.11586,23.12125,False,78
103,6.11669,25.01227,False,78
104,6.04691,30.08075,False,78
106,3.04585,28.05128,False,78
107,4.0223700000000004,26.02261,False,78
109,6.06184,34.05089,False,78
110,6.08647,28.1244,False,78
111,3.0171,33.07423,False,78
112,4.07208,22.02725,False,78
113,5.11922,28.11661,False,78
114,2.00168,5.05628,False,78
115,6.01249,5.0843,False,78
116,3.05681,28.12225,False,78
117,4.09889,5.14602,False,78
118,2.11286,18.02148,False,78
120,2.00902,34.02219,False,78
121,3.00294,5.12464,False,78
122,1.05341,5.13941,False,78
123,2.05515,6.00497,False,78
124,4.13722,37.08461,False,78
125,35.10911,34.07119,False,78
126,35.05153,30.1,False,78
127,6.0585,24.10724,False,78
128,6.06304,30.01351,False,78
129,6.04283,30.09533,False,78
130,35.12608,35.05814,False,78
131,4.09969,5.09601,False,78
133,3.03011,5.08327,False,78
134,4.00113,5.00109,False,78
135,2.0489,4.09893,False,78
136,4.11829,4.10309,False,78
137,4.06905,5.00758,False,78
139,5.05621,5.09473,False,78
140,4.01767,3.03034,False,78
141,6.02413,2.09806,False,78
142,3.08855,3.07787,False,78
143,1.07669,5.05869,False,78
144,4.01678,5.14353,False,78
145,1.0,30.02996,True,78
146,1.0,1.0,True,78
147,2.02177,1.0,False,78
148,1.0,1.0,True,78
149,1.0,18.04349,True,78
150,35.10394,1.0,False,78
151,1.0,1.00557,True,78
153,6.10027,6.09602,False,78
154,6.07913,23.09754,False,78
155,4.12167,23.1282,False,78
156,5.0908,28.00367,False,78
157,1.10368,5.08437,False,78
158,4.01103,18.13955,False,78
159,3.09509,23.14091,False,78
160,4.07275,23.05977,False,78
161,4.11031,18.09933,False,78
162,34.12041,29.12796,False,78
164,5.01719,37.10876,False,78
165,35.13168,6.10084,False,78
166,35.01455,30.10717,False,78
167,6.02188,5.06524,False,78
168,35.08615,1.0,False,78
169,35.02278,30.02028,False,78
173,6.00856,29.14258,False,78
175,3.12143,3.12063,False,78
176,5.05488,5.12872,False,78
177,6.08063,30.05201,False,78
178,34.00369,35.03386,False,78
179,6.14499,34.0485,False,78
180,28.10884,28.06088,False,78
181,33.10689,35.05058,False,78
182,6.14209,10.05414,False,78
183,6.13207,35.05922,False,78
184,6.04336,37.04204,False,78
185,6.14373,28.13628,False,78
186,6.08622,37.03346,False,78
188,1.0378,30.1022,False,78
189,34.14737,34.14042,False,78
190,6.13698,23.04269,False,78
191,6.04839,30.10977,False,78
192,6.0456,25.10673,False,78
193,36.12317,35.06714,False,78
194,6.11112,25.08115,False,78
195,6.10561,28.01843,False,78
197,2.0875,30.01318,False,78
198,6.07383,25.09028,False,78
199,6.13898,30.0837,False,78
200,6.13262,6.1295,False,78
201,6.08166,5.12173,False,78
202,37.0291,37.11869,False,78
203,30.08789,30.01233,False,78
204,4.08471,30.04214,False,78
206,2.00428,30.04153,False,78
207,6.05686,28.09014,False,78
208,5.10068,5.12399,False,78
209,28.07822,28.04857,False,78
210,28.13362,28.0919,False,78
211,33.10574,28.03268,False,78
212,4.14468,5.10422,False,78
213,5.07584,13.10815,False,78
216,6.10508,28.05367,False,78
217,6.1354,29.12566,False,78
218,6.11356,30.14106,False,78
219,6.13577,25.05958,False,78
222,5.14131,28.14316,False,78
225,33.10929,33.06748,False,78
226,6.10405,35.01669,False,78
227,34.02984,37.02646,False,78
229,33.10603,33.11828,False,78
230,33.02637,33.05008,False,78
233,6.00064,30.121,False,78
234,33.00841,30.13812,False,78
235,33.08754,30.09864,False,78
236,4.14093,4.09078,False,78
237,6.13128,5.02786,False,78
242,4.12879,24.1087,False,78
243,6.01896,6.007,False,78
251,34.13268,34.08013,False,78
252,6.10942,28.04221,False,78
253,4.01053,30.09811,False,78
254,1.14429,4.04559,False,78
255,3.06214,13.05362,False,78
256,2.10973,30.04481,False,78
257,4.05105,20.07832,False,78
258,5.10517,18.12964,False,78
259,33.09914,5.1257,False,78
260,5.03842,5.00077,False,78
262,1.03582,36.10074,False,78
263,3.07291,6.03951,False,78
264,6.0682,29.04193,False,78
265,5.14442,6.04309,False,78
270,33.00145,6.06543,False,78
271,6.08704,28.09726,False,78
272,6.02672,5.08388,False,78
273,6.01,5.10283,False,78
274,6.02737,5.14018,False,78
275,33.00079,6.11174,False,78
280,3.09623,5.13886,False,78
289,5.14254,29.09261,False,78
290,6.08424,6.12692,False,78
291,6.14661,6.14564,False,78
292,5.02734,6.14725,False,78
293,15.05775,30.05875,False,78
294,10.06571,6.12438,False,78
295,25.09377,36.1231,False,78
296,20.09528,4.10436,False,78
297,6.08917,35.0961,False,78
298,1.06818,33.10991,False,78
299,6.12227,34.03639,False,78
300,6.04209,33.13412,False,78
301,4.09597,33.05863,False,78
302,6.01308,35.05848,False,78
303,33.10387,33.02277,False,78
308,5.049,31.05297,False,78
317,3.09043,22.06909,False,78
318,6.03653,36.08807,False,78
319,5.14519,30.05084,False,78
320,4.06475,27.0684,False,78
321,4.00179,34.12003,False,78
322,5.13567,18.08695,False,78
323,2.13774,17.01577,False,78
324,2.0178,23.13254,False,78
325,2.0195,25.11792,False,78
326,3.02625,18.12534,False,78
328,5.08096,25.05871,False,78
329,6.10683,31.05985,False,78
330,6.03889,30.00945,False,78
331,5.02021,20.11061,False,78
332,5.13902,30.03185,False,78
333,33.04174,30.08477,False,78
334,6.10238,6.07867,False,78
335,5.09773,30.0198,False,78
336,5.0854800000000004,30.12453,False,78
337,6.08289,25.0579,False,78
339,6.14331,28.11398,False,78
340,1.0,1.09077,True,78
341,1.0,25.05439,True,78
342,36.10162,5.13732,False,78
343,1.0,1.0,True,78
346,6.0442,27.08502,False,78
347,6.09016,33.06585,False,78
348,6.06098,27.1285,False,78
349,2.0241,25.08815,False,78
350,6.14567,29.03881,False,78
351,6.10243,25.02898,False,78
352,6.08527,34.00301,False,78
353,34.07772,37.06516,False,78
354,34.09157,34.0723,False,78
355,5.03246,23.13417,False,78
357,5.09019,29.14428,False,78
358,6.00082,28.05095,False,78
359,6.03016,32.08086,False,78
361,6.06781,25.08105,False,78
363,35.06647,35.06014,False,78
364,35.11369,35.10056,False,78
365,3.1085,23.13454,False,78
366,5.11791,5.06653,False,78
367,35.02749,35.00219,False,78
370,6.07763,28.11484,False,78
371,6.14601,33.05277,False,78
372,6.14288,33.00461,False,78
373,6.04028,6.0815,False,78
374,1.07601,37.13853,False,78
375,5.06246,23.07035,False,78
376,6.12651,5.08479,False,78
377,6.12302,2.01898,False,78
378,33.01698,28.02252,False,78
379,28.06789,5.12523,False,78
380,34.03877,33.1394,False,78
381,6.12255,5.1308,False,78
383,5.03784,28.09289,False,78
384,6.0836,30.12201,False,78
385,2.09087,25.14108,False,78
386,1.07259,27.05185,False,78
387,1.13547,34.11127,False,78
388,2.11533,5.11835,False,78
389,2.00441,7.07681,False,78
390,3.1051,27.07093,False,78
391,2.10215,23.01884,False,78
394,5.0174,30.10385,False,78
395,35.02108,2.04833,False,78
396,35.03249,3.13123,False,78
397,35.04638,4.039,False,78
398,35.11494,33.00627,False,78
403,6.04216,19.02606,False,78
404,35.04394,34.07857,False,78
405,35.09151,5.1298,False,78
406,4.08865,1.0,False,78
407,29.01527,28.09026,False,78
408,1.0,4.1369299999999996,True,78
412,10.03524,34.11826,False,78
413,20.11724,25.14362,False,78
414,10.01215,31.12938,False,78
415,30.0989,28.08961,False,78
416,33.02178,20.10117,False,78
417,6.12121,28.13447,False,78
418,35.0858,35.03234,False,78
419,33.12139,33.034,False,78
420,33.11087,33.02103,False,78
421,33.09013,33.07708,False,78
422,30.05409,28.120730000000002,False,78
423,6.11526,23.1194,False,78
425,6.10055,37.08566,False,78
426,6.06005,33.12742,False,78
427,6.09231,6.13687,False,78
428,33.12658,33.13852,False,78
429,33.01048,28.05468,False,78
1,6.07364,23.13004,False,79
3,4.02305,4.0018,False,79
5,6.01763,37.12304,False,79
6,5.14004,33.01127,False,79
7,4.02823,1.0,False,79
9,4.01194,5.14671,False,79
10,4.09767,4.09973,False,79
11,6.07489,1.0,False,79
13,6.0708,6.12711,False,79
17,6.02493,28.13166,False,79
18,6.00786,6.00525,False,79
19,1.0,33.1426,True,79
21,6.0571,18.04377,False,79
22,6.11282,6.1267,False,79
25,6.01559,19.14269,False,79
29,2.07904,5.12316,False,79
30,6.14143,6.10327,False,79
69,2.08785,24.04873,False,79
70,28.05549,23.00005,False,79
71,6.0396,28.03656,False,79
72,33.07071,33.06764,False,79
73,28.019,28.12231,False,79
74,33.03735,33.02684,False,79
75,34.0014,33.09793,False,79
76,6.09972,28.02208,False,79
77,18.04478,6.12558,False,79
78,6.04686,29.09943,False,79
79,6.11887,6.11158,False,79
82,6.04211,29.02961,False,79
83,3.09728,18.1233,False,79
84,33.11693,1.0,False,79
85,2.04738,1.0,False,79
86,1.0,29.03506,True,79
91,5.10411,5.14696,False,79
92,6.08065,28.06671,False,79
93,6.11084,23.00313,False,79
95,4.00648,5.14373,False,79
98,5.04778,30.022,False,79
99,22.01254,34.13802,False,79
100,6.09686,35.06847,False,79
101,5.08087,23.11959,False,79
103,6.14096,25.13437,False,79
104,6.0092,30.09518,False,79
106,3.08268,28.02866,False,79
107,4.09856,26.01311,False,79
109,6.12471,34.02093,False,79
110,6.08099,28.05091,False,79
111,5.01975,33.06666,False,79
112,3.08336,22.06827,False,79
113,5.05604,28.10513,False,79
114,2.11952,5.13021,False,79
115,6.03125,5.12296,False,79
116,3.0391,28.1269,False,79
117,4.0651,5.04578,False,79
118,2.02644,18.00039,False,79
120,2.0965,34.09126,False,79
121,2.05315,5.14386,False,79
122,1.08499,5.09156,False,79
123,2.01223,6.03898,False,79
124,2.03312,37.03776,False,79
125,35.0565,34.09976,False,79
126,35.00423,30.05241,False,79
127,6.14396,24.00638,False,79
128,6.01668,30.02486,False,79
129,6.04889,30.08203,False,79
130,35.11281,35.087,False,79
131,4.06811,5.07734,False,79
133,3.07445,5.13895,False,79
134,4.04549,5.06296,False,79
135,2.01629,4.12249,False,79
136,4.0528,4.0183,False,79
137,4.02006,5.08315,False,79
139,5.04588,5.10014,False,79
140,4.01754,3.02984,False,79
141,6.01631,2.06082,False,79
142,3.04499,3.01908,False,79
143,1.05482,5.07611,False,79
144,4.02601,5.10086,False,79
145,30.04111,1.0,False,79
146,1.0,1.0,True,79
147,2.07235,1.0,False,79
148,1.0,1.0,True,79
149,1.0,18.04132,True,79
150,35.11615,1.0,False,79
151,1.0,1.11487,True,79
153,6.13504,6.13433,False,79
154,6.00928,28.02938,False,79
155,4.08877,5.14461,False,79
156,5.06838,28.051,False,79
157,1.00181,5.04981,False,79
158,4.11968,18.12156,False,79
159,3.03681,23.11884,False,79
160,4.08931,23.02252,False,79
161,4.12262,18.13401,False,79
162,34.04107,29.09589,False,79
164,5.08281,37.00271,False,79
165,35.06828,6.01774,False,79
166,35.01995,30.12688,False,79
167,6.10244,5.12356,False,79
168,35.12883,1.0,False,79
169,35.1079,30.08265,False,79
173,6.02622,29.07198,False,79
175,3.04521,3.04056,False,79
176,5.0143,5.1049,False,79
177,6.08899,30.0725,False,79
178,34.00266,35.01506,False,79
179,6.11892,34.10271,False,79
180,28.09747,28.10989,False,79
181,33.08467,35.02074,False,79
182,6.11321,10.08657,False,79
183,6.1344,35.00144,False,79
184,6.0499,37.08672,False,79
185,6.12699,28.13367,False,79
186,6.02689,37.10003,False,79
188,1.11632,37.03664,False,79
189,34.14259,34.11547,False,79
190,6.1244,23.04875,False,79
191,6.05851,30.13527,False,79
192,6.04854,25.01678,False,79
193,36.14665,35.0659,False,79
194,6.11724,25.13152,False,79
195,6.06941,28.13713,False,79
197,2.0065,30.03406,False,79
198,6.08318,25.13846,False,79
199,23.07692,29.11812,False,79
200,6.09307,6.01982,False,79
201,6.11524,5.14192,False,79
202,37.0289,37.01834,False,79
203,6.08951,30.13525,False,79
204,4.01184,30.1363,False,79
206,2.01729,30.12299,False,79
207,6.06109,28.11859,False,79
208,5.00911,5.13256,False,79
209,28.03844,28.12779,False,79
210,28.09324,28.0904,False,79
211,33.03327,28.1157,False,79
212,4.13291,5.13043,False,79
213,5.06087,13.09911,False,79
216,6.09135,28.12803,False,79
217,6.13881,29.08126,False,79
218,6.05411,30.03397,False,79
219,6.13035,25.13607,False,79
222,5.14107,28.11604,False,79
225,33.11736,33.09416,False,79
226,6.09546,35.12685,False,79
227,34.14433,37.07328,False,79
229,33.06037,33.09051,False,79
230,33.05813,33.08033,False,79
233,6.00237,30.14489,False,79
234,33.02045,30.13055,False,79
235,33.02557,30.08424,False,79
236,4.08008,4.09652,False,79
237,6.13796,5.07185,False,79
242,4.06373,24.12,False,79
243,6.11335,6.05351,False,79
251,34.11002,34.03034,False,79
252,6.10538,28.03561,False,79
253,4.10797,30.11621,False,79
254,1.01789,4.09913,False,79
255,3.13998,13.1113,False,79
256,2.06896,30.12795,False,79
257,4.0806000000000004,20.12855,False,79
258,1.06505,18.0809,False,79
259,33.08784,5.02428,False,79
260,5.13993,5.12343,False,79
262,1.01351,36.09899,False,79
263,3.04463,6.03941,False,79
264,6.0337,29.04448,False,79
265,5.14111,6.08934,False,79
270,33.0186,6.05381,False,79
271,6.1246,28.12844,False,79
272,6.0624,5.06075,False,79
273,6.00893,5.08723,False,79
274,6.0463,5.12165,False,79
275,33.12988,6.11861,False,79
280,3.04477,5.06813,False,79
289,5.14348,29.11506,False,79
290,6.10643,6.10486,False,79
291,6.13085,6.10856,False,79
292,5.04351,6.08416,False,79
293,15.01573,30.12051,False,79
294,10.04829,6.08307,False,79
295,25.11246,36.08868,False,79
296,20.01632,4.07651,False,79
297,6.03394,35.10221,False,79
298,2.08206,33.13395,False,79
299,6.07997,34.04098,False,79
300,4.0887,33.11078,False,79
301,4.02271,33.07565,False,79
302,5.11742,35.09612,False,79
303,5.07189,33.0064,False,79
308,3.10793,31.08911,False,79
317,3.05657,22.00492,False,79
318,6.02618,36.12709,False,79
319,5.1262,30.13394,False,79
320,4.04946,27.05078,False,79
321,4.11334,34.00705,False,79
322,5.08916,18.08512,False,79
323,2.01967,17.04414,False,79
324,1.04341,23.07634,False,79
325,2.11592,25.04915,False,79
326,4.03773,18.08147,False,79
328,5.09641,25.05889,False,79
329,20.03806,31.10773,False,79
330,6.08107,30.094,False,79
331,5.01488,20.03084,False,79
332,5.07275,30.02054,False,79
333,33.06194,30.02824,False,79
334,6.05294,6.11083,False,79
335,5.06053,30.10851,False,79
336,5.12704,30.08204,False,79
337,6.04298,25.078,False,79
339,5.02896,28.06186,False,79
340,1.0,1.12682,True,79
341,1.0,25.14108,True,79
342,36.02674,5.04315,False,79
343,1.0,1.0,True,79
346,6.02109,27.00302,False,79
347,6.11292,33.04029,False,79
348,6.02664,27.09761,False,79
349,2.04165,25.07665,False,79
350,6.1445,29.11966,False,79
351,6.13125,25.01953,False,79
352,6.09268,34.08993,False,79
353,34.09425,37.13629,False,79
354,34.09955,34.09036,False,79
355,4.00764,23.11085,False,79
357,5.08991,29.14382,False,79
358,6.00621,28.0657,False,79
359,6.02827,32.06522,False,79
361,6.05336,30.0051,False,79
363,35.08981,35.0596,False,79
364,35.1003,35.06166,False,79
365,3.11053,23.11068,False,79
366,5.11767,5.12159,False,79
367,35.0294,35.00959,False,79
370,6.0798,28.13028,False,79
371,6.13308,33.08421,False,79
372,6.13958,33.03608,False,79
373,6.01241,6.08192,False,79
374,1.11327,37.13939,False,79
375,5.09995,23.03536,False,79
376,6.05644,5.05681,False,79
377,2.1398099999999998,1.0,False,79
378,33.06131,28.11174,False,79
379,28.07036,5.14623,False,79
380,34.00097,33.08543,False,79
381,6.07581,5.10027,False,79
383,5.0242,28.10957,False,79
384,6.11869,28.03805,False,79
385,2.03304,25.1453,False,79
386,1.07613,27.05286,False,79
387,1.09055,34.05638,False,79
388,2.04635,5.06535,False,79
389,2.0368,7.017,False,79
390,3.03356,27.06066,False,79
391,5.00577,23.01431,False,79
394,5.08338,30.03906,False,79
395,35.01238,2.07331,False,79
396,35.11795,3.04486,False,79
397,35.0926,4.02344,False,79
398,35.02712,33.14497,False,79
403,6.06537,19.00944,False,79
404,35.11086,34.09601,False,79
405,35.10462,5.09153,False,79
406,6.0428,4.02571,False,79
407,29.0244,28.11619,False,79
408,1.0,4.12251,True,79
412,10.012,34.14313,False,79
413,20.05106,25.07815,False,79
414,10.12243,31.09473,False,79
415,30.1031,28.10405,False,79
416,33.06887,20.04931,False,79
417,6.11241,28.1084,False,79
418,35.07777,35.07482,False,79
419,33.13853,33.12959,False,79
420,33.10428,33.00664,False,79
421,33.10814,33.00331,False,79
422,28.01261,30.05221,False,79
423,6.1174,23.08861,False,79
425,6.06054,5.01969,False,79
426,6.03972,33.10864,False,79
427,6.10916,6.13455,False,79
428,33.11098,33.10765,False,79
429,33.08159,28.13752,False,79
1,6.08929,23.0936,False,80
3,4.05804,4.05624,False,80
5,6.03593,37.08056,False,80
6,5.03639,33.10551,False,80
7,4.00739,1.0,False,80
9,5.00859,5.13716,False,80
10,4.0353,4.14277,False,80
11,6.11019,1.0,False,80
13,6.08762,6.09009,False,80
17,6.02555,28.08817,False,80
18,6.00486,6.01066,False,80
19,1.0,33.12236,True,80
21,6.03678,29.05418,False,80
22,6.10001,6.12263,False,80
25,6.0548,19.07608,False,80
29,2.11411,5.11452,False,80
30,6.06482,6.08667,False,80
69,2.12523,24.0751,False,80
70,28.09589,23.14128,False,80
71,6.08268,6.07536,False,80
72,33.03946,33.03863,False,80
73,28.08206,28.08643,False,80
74,33.03474,33.03134,False,80
75,34.11733,33.06209,False,80
76,6.13767,28.05503,False,80
77,18.03916,6.14722,False,80
78,6.03176,23.09165,False,80
79,6.12515,6.11127,False,80
82,6.05278,29.02236,False,80
83,3.11546,18.00243,False,80
84,33.02524,1.0,False,80
85,1.0,2.11332,True,80
86,1.0,29.11107,True,80
91,5.09363,5.13222,False,80
92,6.08419,6.07348,False,80
93,6.12324,23.07639,False,80
95,4.01235,5.1054,False,80
98,5.11989,30.04077,False,80
99,22.00163,34.12943,False,80
100,6.11288,35.01799,False,80
101,5.11494,23.10953,False,80
103,6.1186,25.04938,False,80
104,6.08807,30.03407,False,80
106,3.10726,28.0909,False,80
107,4.10149,26.01372,False,80
109,6.14426,34.02281,False,80
110,6.07192,28.13881,False,80
111,3.06849,33.00709,False,80
112,3.06698,22.04484,False,80
113,5.01735,28.09816,False,80
114,2.04813,5.13337,False,80
115,6.06708,5.14675,False,80
116,3.0345,28.13016,False,80
117,4.14339,5.0615,False,80
118,2.11377,18.01808,False,80
120,2.01514,34.02773,False,80
121,2.0209799999999998,5.05817,False,80
122,1.03836,5.14382,False,80
123,2.08381,6.11983,False,80
124,5.04724,37.1248,False,80
125,35.0758,34.14592,False,80
126,35.01312,30.1309,False,80
127,6.11443,24.01465,False,80
128,4.11097,30.07013,False,80
129,6.10733,30.00685,False,80
130,35.11359,35.0835,False,80
131,4.08382,5.09944,False,80
133,3.00969,5.0894,False,80
134,4.00541,4.12462,False,80
135,4.08652,4.12333,False,80
136,6.05001,4.11851,False,80
137,4.10205,5.1097,False,80
139,5.10502,5.08677,False,80
140,4.0507,3.13074,False,80
141,6.11236,2.06501,False,80
142,3.05663,3.07792,False,80
143,1.06829,5.05952,False,80
144,4.06956,31.0772,False,80
145,1.0,30.09114,True,80
146,1.0,1.0,True,80
147,2.14114,1.0,False,80
148,1.0,1.0,True,80
149,1.0,18.08991,True,80
150,35.02177,1.0,False,80
151,1.0,1.11499,True,80
153,6.11647,6.10183,False,80
154,6.02969,23.08942,False,80
155,4.01141,23.03969,False,80
156,6.00635,5.14662,False,80
157,1.0947,5.1244,False,80
158,4.00562,18.08159,False,80
159,1.12116,23.0613,False,80
160,4.07068,23.12955,False,80
161,4.11876,18.07408,False,80
162,34.03941,29.12993,False,80
164,5.01078,37.07963,False,80
165,35.09192,6.01036,False,80
166,35.01049,30.13012,False,80
167,6.08885,5.06251,False,80
168,35.03409,1.0,False,80
169,35.0463,30.0022,False,80
173,6.00621,29.11026,False,80
175,3.04367,4.00904,False,80
176,5.03693,5.12292,False,80
177,6.09576,30.12776,False,80
178,34.02371,35.03377,False,80
179,6.13515,34.07871,False,80
180,28.14182,28.1402,False,80
181,33.08601,35.0441,False,80
182,6.14691,10.02933,False,80
183,6.08824,35.03647,False,80
184,6.09593,37.00845,False,80
185,6.11222,28.05317,False,80
186,6.06997,37.03867,False,80
188,1.11854,30.08015,False,80
189,34.1167,34.04511,False,80
190,6.05819,23.12742,False,80
191,6.08108,30.09776,False,80
192,6.13015,25.14041,False,80
193,36.01001,35.04401,False,80
194,6.12187,25.13983,False,80
195,6.09374,28.01646,False,80
197,2.06793,29.09905,False,80
198,6.09592,25.02355,False,80
199,6.09854,30.1144,False,80
200,6.14351,6.12824,False,80
201,6.01388,5.11507,False,80
202,37.03901,37.05472,False,80
203,30.06911,30.14472,False,80
204,6.07691,30.03259,False,80
206,2.07716,30.02631,False,80
207,6.12071,28.04987,False,80
208,4.1423,5.14605,False,80
209,28.01906,28.03277,False,80
210,28.11486,28.07204,False,80
211,33.10113,28.04622,False,80
212,5.04503,4.14195,False,80
213,5.12311,13.02067,False,80
216,6.10275,28.08489,False,80
217,6.13205,29.04228,False,80
218,6.08498,30.13926,False,80
219,6.1455,25.03414,False,80
222,5.09784,28.01531,False,80
225,33.12015,33.094,False,80
226,6.07894,35.01522,False,80
227,34.07217,37.12616,False,80
229,33.10676,33.12235,False,80
230,33.01503,33.07912,False,80
233,6.01041,30.06848,False,80
234,33.03558,30.11111,False,80
235,33.03281,30.11434,False,80
236,4.0836,4.09082,False,80
237,6.00526,5.13615,False,80
242,4.13362,24.09967,False,80
243,6.12024,6.05065,False,80
251,34.11209,34.08227,False,80
252,6.05402,28.03796,False,80
253,4.1413,30.00075,False,80
254,1.02471,4.023,False,80
255,3.00742,13.1374,False,80
256,2.11833,30.13211,False,80
257,4.03354,20.13073,False,80
258,5.06358,18.10707,False,80
259,33.0864,5.12406,False,80
260,5.13019,5.01687,False,80
262,1.00674,36.0108,False,80
263,3.13543,6.01598,False,80
264,6.02318,29.03312,False,80
265,5.13681,6.08101,False,80
270,33.09502,6.00867,False,80
271,6.01371,28.13574,False,80
272,6.09205,5.13299,False,80
273,6.13386,5.13798,False,80
274,6.01591,5.1343,False,80
275,33.00952,6.01101,False,80
280,3.05883,5.0892,False,80
289,5.14288,29.0638,False,80
290,6.09464,6.13849,False,80
291,6.12788,6.12102,False,80
292,5.14666,6.14529,False,80
293,15.00856,30.07866,False,80
294,10.00274,30.12278,False,80
295,25.00821,36.08261,False,80
296,20.09671,4.01348,False,80
297,6.03792,35.05321,False,80
298,1.10784,33.08466,False,80
299,6.13009,34.08502,False,80
300,4.1132,33.09839,False,80
301,4.13066,33.04495,False,80
302,5.04562,35.08166,False,80
303,5.06364,33.08592,False,80
308,5.06101,31.08733,False,80
317,4.04069,22.01228,False,80
318,5.04344,36.00144,False,80
319,5.06224,30.12986,False,80
320,4.13794,27.07795,False,80
321,3.07067,34.04456,False,80
322,5.07833,18.01937,False,80
323,3.07512,17.03707,False,80
324,1.07048,23.00879,False,80
325,2.02596,25.1393,False,80
326,4.12795,18.10212,False,80
328,5.02417,25.09617,False,80
329,20.05266,31.02617,False,80
330,6.04042,30.06053,False,80
331,5.08501,20.01188,False,80
332,5.13675,30.11819,False,80
333,33.03094,30.01713,False,80
334,6.08614,6.07944,False,80
335,5.02138,30.05393,False,80
336,5.01172,30.13887,False,80
337,6.01197,25.14002,False,80
339,5.06783,28.00407,False,80
340,1.0,1.00482,True,80
341,1.0,25.11085,True,80
342,36.0389,5.10731,False,80
343,1.0,1.0,True,80
346,6.04697,27.00461,False,80
347,6.0991,33.07922,False,80
348,6.03029,27.06916,False,80
349,2.06665,25.00864,False,80
350,28.12416,29.06622,False,80
351,6.14495,25.10187,False,80
352,6.14118,34.00315,False,80
353,34.11077,37.03716,False,80
354,34.12652,34.1058,False,80
355,4.08052,23.0673,False,80
357,5.11125,28.00652,False,80
358,6.00198,28.01957,False,80
359,6.00909,32.10123,False,80
361,6.04758,25.09821,False,80
363,35.07869,35.0635,False,80
364,35.07751,35.0698,False,80
365,3.03712,23.03203,False,80
366,5.09597,5.12401,False,80
367,35.05448,35.01044,False,80
370,6.08832,28.14403,False,80
371,6.09269,33.02944,False,80
372,6.13854,33.14646,False,80
373,6.05485,6.10825,False,80
374,1.14585,37.09918,False,80
375,5.10305,23.09065,False,80
376,6.00307,5.00236,False,80
377,6.03198,2.10481,False,80
378,33.02218,28.11641,False,80
379,28.07326,5.07667,False,80
380,34.0205,33.12658,False,80
381,6.10827,5.08449,False,80
383,5.04325,30.00458,False,80
384,6.13086,28.14532,False,80
385,1.06064,25.12095,False,80
386,4.14094,27.10786,False,80
387,2.10122,34.08363,False,80
388,3.0043,5.03722,False,80
389,2.08388,7.05997,False,80
390,3.10021,27.13325,False,80
391,5.01669,23.11671,False,80
394,5.00273,30.1204,False,80
395,35.00337,2.01416,False,80
396,35.09881,3.13105,False,80
397,35.08565,4.12758,False,80
398,35.11275,33.05299,False,80
403,6.02412,19.01411,False,80
404,35.07857,34.13243,False,80
405,35.07296,5.08894,False,80
406,6.10029,4.13633,False,80
407,29.03715,28.05748,False,80
408,1.0,4.1298,True,80
412,10.04983,34.07089,False,80
413,20.02665,25.08389,False,80
414,10.03783,31.14001,False,80
415,30.11639,28.05077,False,80
416,33.03452,20.05643,False,80
417,6.13745,23.06924,False,80
418,35.05562,35.04922,False,80
419,33.10926,33.08209,False,80
420,33.0534,33.00338,False,80
421,33.07605,33.02051,False,80
422,28.06211,30.12274,False,80
423,6.1213,23.05743,False,80
425,6.05704,37.06359,False,80
426,6.05091,33.13839,False,80
427,6.07584,6.12177,False,80
428,33.0792,33.13308,False,80
429,33.07993,28.08961,False,80
1,6.07693,23.0993,False,81
3,4.07955,4.04472,False,81
5,6.01759,37.08594,False,81
6,5.11504,33.08153,False,81
7,4.02272,1.0,False,81
9,4.02661,5.13306,False,81
10,4.02736,4.02102,False,81
11,6.12944,1.0,False,81
13,6.06667,6.04815,False,81
17,6.03111,28.08657,False,81
18,6.0791,6.05152,False,81
19,1.0,33.12425,True,81
21,6.06105,18.10351,False,81
22,6.13262,6.1469,False,81
25,6.03517,19.0999,False,81
29,3.11565,5.14587,False,81
30,6.02875,6.13864,False,81
69,2.07514,24.11415,False,81
70,28.01521,23.0609,False,81
71,6.0526,28.00161,False,81
72,33.08006,33.07953,False,81
73,28.02805,28.06869,False,81
74,33.02098,33.01803,False,81
75,34.02982,33.04904,False,81
76,6.14513,6.14479,False,81
77,18.14225,6.14034,False,81
78,6.02938,29.08476,False,81
79,6.09584,6.08281,False,81
82,6.00895,29.14199,False,81
83,3.01415,18.1114,False,81
84,33.06245,1.0,False,81
85,2.00178,1.0,False,81
86,1.0,29.01156,True,81
91,5.07054,5.13968,False,81
92,6.07778,6.07366,False,81
93,6.10612,23.01695,False,81
95,4.02442,5.13539,False,81
98,5.14505,30.04552,False,81
99,22.05268,34.13066,False,81
100,6.07465,35.08636,False,81
101,5.00778,23.0571,False,81
103,6.14195,25.08435,False,81
104,6.04183,30.11038,False,81
106,3.02327,28.05062,False,81
107,4.05247,26.02125,False,81
109,6.11219,34.08092,False,81
110,6.06762,28.03942,False,81
111,3.03461,33.0262,False,81
112,4.01427,22.04057,False,81
113,5.08607,28.12645,False,81
114,2.06979,5.11477,False,81
115,6.01574,5.12797,False,81
116,3.01676,28.08462,False,81
117,4.0428,5.11953,False,81
118,2.12381,18.02305,False,81
120,2.14212,34.08994,False,81
121,4.12226,5.13441,False,81
122,1.11221,5.14346,False,81
123,2.14733,6.10396,False,81
124,2.03468,37.13608,False,81
125,35.13269,34.1186,False,81
126,35.10819,30.04115,False,81
127,6.1272,24.10348,False,81
128,6.08819,30.05898,False,81
129,6.09892,30.1029,False,81
130,35.12283,35.12167,False,81
131,4.02699,5.05309,False,81
133,3.01372,5.13796,False,81
134,4.00003,4.10314,False,81
135,4.10577,4.06649,False,81
136,4.11364,4.09108,False,81
137,4.05404,5.03153,False,81
139,5.12896,5.04673,False,81
140,4.00912,3.05719,False,81
141,6.11626,2.13079,False,81
142,3.14451,3.02746,False,81
143,1.04595,5.06332,False,81
144,4.13145,5.05078,False,81
145,1.0,30.00148,True,81
146,1.0,1.0,True,81
147,2.0029,1.0,False,81
148,1.0,1.0,True,81
149,1.0,18.08709,True,81
150,35.09342,1.0,False,81
151,1.0,1.13814,True,81
153,6.13118,6.10587,False,81
154,6.04474,23.06968,False,81
155,4.07334,23.0739,False,81
156,6.01713,5.13206,False,81
157,1.03892,5.03163,False,81
158,4.04987,18.00457,False,81
159,1.12385,23.10063,False,81
160,4.0872,23.11788,False,81
161,4.07289,18.06826,False,81
162,34.08192,29.12065,False,81
164,5.11309,37.0124,False,81
165,35.07395,6.12107,False,81
166,35.1291,30.09555,False,81
167,6.1197,5.00876,False,81
168,35.04647,1.0,False,81
169,35.09837,30.03424,False,81
173,6.01872,28.07193,False,81
175,3.14185,3.08774,False,81
176,5.04244,5.07279,False,81
177,6.04583,30.1189,False,81
178,34.00382,35.06694,False,81
179,6.14115,34.02726,False,81
180,28.10169,28.07731,False,81
181,33.1168,35.00292,False,81
182,6.14627,25.0044,False,81
183,6.08292,35.03738,False,81
184,6.11317,37.07775,False,81
185,6.13985,28.13166,False,81
186,6.04719,37.02923,False,81
188,2.01846,30.05505,False,81
189,34.10546,34.08718,False,81
190,6.13393,23.10599,False,81
191,6.01634,30.12411,False,81
192,6.03544,25.07308,False,81
193,36.04939,35.07974,False,81
194,6.10199,25.06481,False,81
195,6.05428,28.08516,False,81
197,2.14582,30.12672,False,81
198,6.02433,25.12905,False,81
199,23.06639,29.02639,False,81
200,6.13528,6.03951,False,81
201,6.13379,5.0644,False,81
202,37.06572,37.05834,False,81
203,6.12423,30.10932,False,81
204,4.09633,30.09436,False,81
206,2.14688,30.09359,False,81
207,6.136,28.00808,False,81
208,5.1304,5.13826,False,81
209,28.14018,28.01959,False,81
210,28.0941,28.06442,False,81
211,33.10294,28.03196,False,81
212,5.03597,4.14317,False,81
213,5.14379,13.03043,False,81
216,6.10771,28.09362,False,81
217,6.13685,29.08343,False,81
218,6.0572,30.08939,False,81
219,6.14682,25.03212,False,81
222,5.0268,28.10425,False,81
225,33.13648,33.13128,False,81
226,6.0807,35.12091,False,81
227,34.01038,37.05869,False,81
229,33.10564,33.10356,False,81
230,33.02861,33.10675,False,81
233,6.00098,30.0922,False,81
234,33.01629,30.11215,False,81
235,33.00898,30.08205,False,81
236,4.10857,4.13519,False,81
237,6.09186,5.10895,False,81
242,4.00599,24.11629,False,81
243,6.13193,6.04306,False,81
251,34.09723,34.08837,False,81
252,6.12854,28.06795,False,81
253,4.02585,30.12353,False,81
254,1.03712,4.03843,False,81
255,3.08999,13.06153,False,81
256,2.14383,30.04666,False,81
257,4.02579,20.03646,False,81
258,5.02548,18.12122,False,81
259,33.02589,5.12774,False,81
260,5.09459,5.03031,False,81
262,1.0478,36.13639,False,81
263,3.11851,6.03733,False,81
264,6.11337,29.02507,False,81
265,5.07502,6.09726,False,81
270,33.08519,6.09965,False,81
271,6.14382,28.06395,False,81
272,6.09505,5.09161,False,81
273,6.03018,5.08811,False,81
274,6.0694,5.12197,False,81
275,33.06544,6.05117,False,81
280,3.11721,5.1357,False,81
289,5.13072,29.0964,False,81
290,6.10485,6.10207,False,81
291,6.13694,6.14063,False,81
292,5.01247,6.12344,False,81
293,15.05579,30.06888,False,81
294,10.08149,15.1427,False,81
295,25.03038,36.064,False,81
296,20.03383,4.11357,False,81
297,6.00704,35.13218,False,81
298,2.07267,33.09252,False,81
299,6.0484,34.07036,False,81
300,6.02858,33.11525,False,81
301,4.0832,33.02149,False,81
302,6.02575,35.11277,False,81
303,5.03997,33.13216,False,81
308,3.05924,31.12392,False,81
317,4.00533,22.00911,False,81
318,6.03162,36.02145,False,81
319,5.13856,30.14353,False,81
320,4.0183,27.08692,False,81
321,3.07419,34.11375,False,81
322,5.07553,18.13939,False,81
323,3.01651,17.07784,False,81
324,1.09138,23.11523,False,81
325,2.10066,25.09618,False,81
326,3.00425,18.07855,False,81
328,5.07793,25.05629,False,81
329,6.13464,31.07015,False,81
330,6.02724,28.13151,False,81
331,5.01775,20.0821,False,81
332,6.03386,20.08406,False,81
333,33.00116,30.1131,False,81
334,6.06098,6.06345,False,81
335,5.07735,30.10843,False,81
336,5.02789,30.129,False,81
337,6.08135,25.07722,False,81
339,5.13572,28.03599,False,81
340,1.0,1.12416,True,81
341,1.0,25.01373,True,81
342,36.04437,5.05913,False,81
343,1.0,1.0,True,81
346,6.07788,27.07859,False,81
347,6.06726,33.03126,False,81
348,6.03188,27.06303,False,81
349,2.04341,25.1072,False,81
350,28.09536,29.11613,False,81
351,6.12643,25.03358,False,81
352,6.14098,34.07791,False,81
353,34.09613,37.07245,False,81
354,34.1179,34.06404,False,81
355,5.08745,23.13114,False,81
357,5.11573,29.05051,False,81
358,6.07042,28.0742,False,81
359,6.00616,32.10113,False,81
361,6.06879,25.10849,False,81
363,35.0946,35.06536,False,81
364,35.11229,35.11124,False,81
365,3.0822,23.09626,False,81
366,5.13645,5.13129,False,81
367,35.06777,35.06288,False,81
370,6.07661,28.12322,False,81
371,6.12794,33.07934,False,81
372,6.14367,33.1058,False,81
373,6.02567,6.13651,False,81
374,1.11148,37.04023,False,81
375,5.11919,4.00781,False,81
376,6.10794,5.09173,False,81
377,2.10683,1.0,False,81
378,33.08038,28.02408,False,81
379,28.13663,5.14481,False,81
380,34.03159,33.05532,False,81
381,6.04869,5.09912,False,81
383,5.02063,30.11362,False,81
384,6.08728,28.1382,False,81
385,2.03801,25.13643,False,81
386,1.02696,27.06156,False,81
387,2.00439,34.12759,False,81
388,2.04365,5.06943,False,81
389,2.00302,7.14388,False,81
390,3.12789,27.14525,False,81
391,4.0021,23.14264,False,81
394,5.09136,30.04544,False,81
395,35.05181,2.12514,False,81
396,35.13529,3.0903,False,81
397,35.1118,4.12496,False,81
398,35.06159,33.02743,False,81
403,6.05781,19.10548,False,81
404,35.04285,34.0323,False,81
405,35.03855,5.03737,False,81
406,4.12424,1.0,False,81
407,29.06349,28.04614,False,81
408,1.0,4.04786,True,81
412,10.07646,34.11161,False,81
413,20.0426,25.07177,False,81
414,10.11119,31.05118,False,81
415,30.02692,28.07184,False,81
416,33.00468,20.14208,False,81
417,6.11526,28.06775,False,81
418,35.09443,35.06463,False,81
419,33.10591,33.09464,False,81
420,33.07365,33.06695,False,81
421,33.08048,33.00937,False,81
422,28.13342,30.11011,False,81
423,6.06816,23.11106,False,81
425,6.00087,5.08454,False,81
426,6.05789,33.12518,False,81
427,6.08105,6.11854,False,81
428,33.10512,33.13636,False,81
429,33.11455,28.04311,False,81
1,6.07924,23.09075,False,82
3,4.05786,4.02722,False,82
5,6.00478,37.11079,False,82
6,5.10363,33.04733,False,82
7,4.0162,1.0,False,82
9,5.02883,5.10108,False,82
10,4.0588,4.06312,False,82
11,6.08044,1.0,False,82
13,6.11464,6.09166,False,82
17,6.02891,28.12533,False,82
18,6.04669,6.03824,False,82
19,1.0,33.10824,True,82
21,6.08433,18.05686,False,82
22,6.09017,6.13506,False,82
25,6.00904,19.0065,False,82
29,3.05379,5.12848,False,82
30,6.06576,6.12218,False,82
69,2.03872,24.11427,False,82
70,28.07483,23.0668,False,82
71,6.05203,28.01856,False,82
72,33.08896,33.02902,False,82
73,28.09719,28.11897,False,82
74,33.05198,37.14106,False,82
75,34.01433,33.14067,False,82
76,6.12541,6.10369,False,82
77,18.02341,6.06168,False,82
78,6.02367,29.14703,False,82
79,6.1273,6.11786,False,82
82,6.05983,29.09486,False,82
83,3.09606,18.09686,False,82
84,33.13561,1.0,False,82
85,2.08484,1.0,False,82
86,1.0,29.04708,True,82
91,5.06997,5.14633,False,82
92,6.09298,28.14186,False,82
93,6.11007,23.14688,False,82
95,3.06482,5.12332,False,82
98,5.08336,30.09003,False,82
99,22.05604,34.08854,False,82
100,6.12311,35.00142,False,82
101,3.05894,23.11874,False,82
103,6.07189,25.01265,False,82
104,6.08874,30.1288,False,82
106,3.0957,28.13908,False,82
107,4.09789,26.05287,False,82
109,6.11564,34.06198,False,82
110,6.06328,28.0118,False,82
111,3.01245,33.06543,False,82
112,4.08134,22.06596,False,82
113,5.07308,28.10292,False,82
114,2.02529,5.14727,False,82
115,6.04324,5.13407,False,82
116,3.05143,28.09626,False,82
117,4.12001,5.04339,False,82
118,2.04935,18.04282,False,82
120,2.05089,34.08603,False,82
121,2.04764,5.07792,False,82
122,2.01945,5.06384,False,82
123,2.11072,6.06458,False,82
124,2.0114900000000002,37.1316,False,82
125,35.03949,34.01216,False,82
126,35.05056,30.06607,False,82
127,6.14396,24.06707,False,82
128,4.09262,30.03488,False,82
129,6.06176,30.12453,False,82
130,35.09727,35.0331,False,82
131,4.00315,5.11394,False,82
133,3.0051,5.12504,False,82
134,4.04436,4.05763,False,82
135,4.01553,4.06398,False,82
136,4.02925,4.09908,False,82
137,4.08041,5.13165,False,82
139,5.08711,5.04898,False,82
140,4.04258,3.10604,False,82
141,6.07164,2.11638,False,82
142,3.04608,3.03381,False,82
143,1.0214,5.04157,False,82
144,4.0655,5.13865,False,82
145,30.07371,1.0,False,82
146,1.0,1.0,True,82
147,2.05094,1.0,False,82
148,1.0,1.0,True,82
149,1.0,18.12194,True,82
150,35.07244,1.0,False,82
151,1.0,1.11371,True,82
153,6.10983,6.08986,False,82
154,6.05527,28.10643,False,82
155,4.07906,5.1435,False,82
156,5.09477,28.14711,False,82
157,1.11945,5.02871,False,82
158,4.1118,18.08454,False,82
159,3.00303,23.12121,False,82
160,4.07442,23.01672,False,82
161,4.05526,18.08445,False,82
162,34.09033,29.11022,False,82
164,5.00366,37.01639,False,82
165,35.03307,6.07186,False,82
166,35.04271,30.09501,False,82
167,6.10635,5.01087,False,82
168,35.14634,1.0,False,82
169,35.05177,30.03138,False,82
173,6.00454,29.00687,False,82
175,3.14391,3.13895,False,82
176,5.1437100000000004,5.09567,False,82
177,6.0575,30.12128,False,82
178,34.02085,35.03071,False,82
179,6.13198,34.00137,False,82
180,28.13381,28.12004,False,82
181,33.06418,35.01529,False,82
182,6.11322,25.06386,False,82
183,6.1081199999999995,35.07511,False,82
184,6.09898,37.02077,False,82
185,6.14253,28.00895,False,82
186,6.07633,37.09823,False,82
188,1.07138,30.04231,False,82
189,34.13476,34.07232,False,82
190,6.10676,23.07977,False,82
191,6.1074,30.13696,False,82
192,6.06321,25.09451,False,82
193,36.12074,35.04222,False,82
194,6.06177,25.05926,False,82
195,6.07136,28.07051,False,82
197,1.05815,29.14266,False,82
198,6.02165,25.04261,False,82
199,23.00945,29.13684,False,82
200,6.07347,6.01072,False,82
201,6.14738,5.14628,False,82
202,37.05422,37.05139,False,82
203,30.11435,30.14041,False,82
204,4.08522,30.07202,False,82
206,2.0516,30.0111,False,82
207,6.0952,28.06481,False,82
208,5.03254,5.11375,False,82
209,28.06063,28.03756,False,82
210,28.06098,28.08784,False,82
211,33.00829,28.14053,False,82
212,5.00337,4.14714,False,82
213,5.13823,13.11112,False,82
216,6.08245,28.09164,False,82
217,6.13605,29.046,False,82
218,6.10889,30.14491,False,82
219,6.10554,25.1301,False,82
222,5.10441,28.11717,False,82
225,33.09496,33.06012,False,82
226,6.09351,35.12055,False,82
227,34.08319,37.0578,False,82
229,33.10919,33.13162,False,82
230,33.07328,33.12586,False,82
233,6.00203,30.11969,False,82
234,33.04114,30.12343,False,82
235,33.00598,30.051,False,82
236,4.03791,4.12103,False,82
237,6.00028,5.13528,False,82
242,4.1014,24.10136,False,82
243,6.03046,6.01408,False,82
251,34.09174,34.03911,False,82
252,6.09617,28.05549,False,82
253,4.08172,30.00088,False,82
254,1.06753,4.03905,False,82
255,3.01138,13.12463,False,82
256,2.11073,30.06309,False,82
257,4.12863,20.13596,False,82
258,5.12736,18.13721,False,82
259,33.0435,5.00377,False,82
260,5.02186,5.08099,False,82
262,1.06563,36.12601,False,82
263,3.04278,6.01995,False,82
264,6.10022,29.081,False,82
265,5.12638,6.05209,False,82
270,33.03774,6.01646,False,82
271,6.03373,28.12396,False,82
272,6.07299,5.07724,False,82
273,6.04295,5.1417,False,82
274,6.02889,5.13472,False,82
275,33.06139,6.09175,False,82
280,3.08848,5.13257,False,82
289,5.14394,29.05361,False,82
290,6.10253,6.13585,False,82
291,6.14663,6.13653,False,82
292,5.08749,6.13216,False,82
293,15.06214,31.02226,False,82
294,10.03655,6.11476,False,82
295,25.01466,36.13153,False,82
296,20.11497,4.05195,False,82
297,6.06588,35.07043,False,82
298,1.12186,33.0398,False,82
299,6.06471,34.01241,False,82
300,6.11809,33.14522,False,82
301,4.00741,33.09266,False,82
302,5.13213,35.09021,False,82
303,5.01797,33.11149,False,82
308,3.10042,31.12571,False,82
317,4.09594,22.10008,False,82
318,4.14325,36.13302,False,82
319,5.11655,30.05156,False,82
320,4.08325,27.01015,False,82
321,3.02091,34.12235,False,82
322,5.0363,18.00147,False,82
323,2.04139,17.02573,False,82
324,2.04009,23.11209,False,82
325,2.13863,25.05932,False,82
326,3.05042,18.11442,False,82
328,5.10819,25.04215,False,82
329,20.0768,31.03329,False,82
330,6.09984,30.03876,False,82
331,5.04251,20.13082,False,82
332,5.05497,30.07037,False,82
333,33.0708,30.13601,False,82
334,6.05627,6.10665,False,82
335,5.09074,30.02111,False,82
336,5.03556,30.14119,False,82
337,6.10167,25.10138,False,82
339,5.00796,28.0726,False,82
340,1.0,1.01135,True,82
341,1.0,25.04424,True,82
342,36.03442,5.02524,False,82
343,1.0,1.0,True,82
346,6.0528,27.00682,False,82
347,6.12287,33.09452,False,82
348,6.0283,27.10979,False,82
349,2.02978,25.08112,False,82
350,28.11104,29.13116,False,82
351,6.12118,25.01787,False,82
352,6.11364,34.021,False,82
353,34.08877,37.09911,False,82
354,34.1172,34.10715,False,82
355,5.054,23.05911,False,82
357,5.06907,29.1082,False,82
358,6.00954,28.07305,False,82
359,6.01233,32.094,False,82
361,6.07345,25.06396,False,82
363,35.10152,35.10007,False,82
364,35.14296,35.11144,False,82
365,3.13538,23.02138,False,82
366,5.11908,5.09278,False,82
367,35.04884,35.01584,False,82
370,6.07196,28.02754,False,82
371,6.13121,33.13134,False,82
372,6.13657,33.14732,False,82
373,6.01005,6.11316,False,82
374,1.14533,37.12773,False,82
375,5.01756,4.07424,False,82
376,6.11194,5.13839,False,82
377,6.13139,2.10848,False,82
378,33.07702,28.03385,False,82
379,28.10752,5.10171,False,82
380,34.05569,33.02593,False,82
381,6.02215,5.01389,False,82
383,5.07134,29.07107,False,82
384,6.08726,30.12836,False,82
385,2.0958,25.13772,False,82
386,1.02721,27.11447,False,82
387,2.03094,34.1204,False,82
388,2.10395,5.04581,False,82
389,2.00507,7.07912,False,82
390,3.02178,27.08825,False,82
391,2.07694,23.02296,False,82
394,5.09248,30.10454,False,82
395,35.09184,2.00083,False,82
396,35.07203,3.08708,False,82
397,35.05391,4.12342,False,82
398,35.04899,33.09275,False,82
403,6.04262,19.07035,False,82
404,35.00561,34.00626,False,82
405,35.13849,5.00805,False,82
406,6.03902,4.12835,False,82
407,29.11257,28.02632,False,82
408,1.0,4.08625,True,82
412,10.07078,34.12212,False,82
413,15.0527,25.12026,False,82
414,10.01479,31.11697,False,82
415,30.06247,28.00276,False,82
416,33.05186,20.11174,False,82
417,6.1152,28.06334,False,82
418,35.09937,35.08385,False,82
419,33.14113,33.0757,False,82
420,33.06925,33.01969,False,82
421,33.13516,33.06879,False,82
422,30.09836,28.07886,False,82
423,6.05126,23.10124,False,82
425,6.03829,37.04683,False,82
426,6.03762,33.14311,False,82
427,6.08924,6.12308,False,82
428,33.09299,33.07526,False,82
429,33.029,28.09427,False,82
1,6.09047,23.01997,False,83
3,4.04729,4.04652,False,83
5,6.04435,37.1035,False,83
6,5.05022,33.01937,False,83
7,4.0108,1.0,False,83
9,4.10551,5.09036,False,83
10,5.08153,4.14574,False,83
11,6.00122,1.0,False,83
13,6.09564,6.08102,False,83
17,6.04168,28.03803,False,83
18,6.03574,6.03419,False,83
19,1.0,33.06589,True,83
21,6.06417,18.05503,False,83
22,6.1213,6.08347,False,83
25,6.03456,19.14631,False,83
29,2.13545,5.11116,False,83
30,6.0656,6.13079,False,83
69,2.00263,24.10256,False,83
70,28.04319,23.12667,False,83
71,6.04018,28.04442,False,83
72,33.04528,33.02175,False,83
73,28.01789,28.01428,False,83
74,33.03596,37.08662,False,83
75,34.11852,33.14241,False,83
76,6.13489,28.00796,False,83
77,18.03986,6.13903,False,83
78,6.03815,23.04508,False,83
79,6.10738,6.09957,False,83
82,6.08933,29.11555,False,83
83,3.13996,18.12304,False,83
84,33.10251,1.0,False,83
85,1.0,2.07981,True,83
86,1.0,29.07514,True,83
91,5.0697,5.13943,False,83
92,6.07384,6.07119,False,83
93,6.10375,23.12305,False,83
95,4.01907,5.06994,False,83
98,5.04494,30.12732,False,83
99,22.03414,34.09994,False,83
100,6.05643,35.04468,False,83
101,5.11731,23.11551,False,83
103,6.09892,25.07895,False,83
104,6.00121,30.02782,False,83
106,3.11212,28.13582,False,83
107,4.06104,26.00177,False,83
109,6.10574,34.0229,False,83
110,6.0793,28.12641,False,83
111,3.10446,33.14636,False,83
112,4.02194,22.05866,False,83
113,5.04708,28.03006,False,83
114,2.03323,5.03868,False,83
115,6.01469,5.14348,False,83
116,3.08561,28.0766,False,83
117,4.14488,5.13848,False,83
118,2.00557,18.07717,False,83
120,2.00582,34.12118,False,83
121,3.03834,5.13572,False,83
122,2.08803,5.09384,False,83
123,2.0849,6.03736,False,83
124,2.02845,37.06605,False,83
125,35.01586,34.0457,False,83
126,35.05336,30.05623,False,83
127,6.09019,24.04655,False,83
128,6.0241,30.06927,False,83
129,6.08164,30.01605,False,83
130,35.11725,35.10916,False,83
131,4.06377,5.04617,False,83
133,3.04354,5.14125,False,83
134,4.13151,5.00888,False,83
135,4.0253,4.13422,False,83
136,4.06463,4.05606,False,83
137,4.02287,5.05294,False,83
139,5.02775,5.11492,False,83
140,4.00481,3.13236,False,83
141,6.11096,2.11154,False,83
142,3.0059,3.0923,False,83
143,1.0588899999999999,5.0206,False,83
144,31.08922,5.11999,False,83
145,30.06092,1.0,False,83
146,1.0,1.0,True,83
147,2.03656,1.0,False,83
148,1.0,1.0,True,83
149,1.0,18.07689,True,83
150,35.09982,1.0,False,83
151,1.0,1.12347,True,83
153,6.12583,6.07761,False,83
154,6.06337,23.07661,False,83
155,4.02226,23.00764,False,83
156,5.02933,28.02084,False,83
157,1.03108,5.1261,False,83
158,4.08117,18.07642,False,83
159,3.13852,23.03721,False,83
160,4.10557,23.12995,False,83
161,4.11155,18.11548,False,83
162,34.12666,29.12412,False,83
164,5.05915,37.08618,False,83
165,35.12526,6.01941,False,83
166,35.09338,30.13822,False,83
167,6.09369,5.00227,False,83
168,35.07462,1.0,False,83
169,35.07206,30.14213,False,83
173,6.0074,29.05418,False,83
175,3.1252,3.1420500000000002,False,83
176,5.02678,5.07869,False,83
177,6.13184,30.08255,False,83
178,34.00066,35.03565,False,83
179,6.13496,34.03627,False,83
180,28.08196,28.13615,False,83
181,33.03229,35.01368,False,83
182,6.1286,10.0006,False,83
183,6.08681,35.02157,False,83
184,6.11689,37.1006,False,83
185,6.14583,28.03127,False,83
186,6.041,37.04965,False,83
188,1.10229,30.09044,False,83
189,34.13088,34.11022,False,83
190,6.14312,23.07197,False,83
191,6.0409,30.12854,False,83
192,6.0824,25.01588,False,83
193,36.09454,35.02044,False,83
194,6.06411,25.05516,False,83
195,6.04131,28.10591,False,83
197,2.03298,29.10898,False,83
198,6.04296,25.0041,False,83
199,23.00987,30.12628,False,83
200,6.12015,6.08442,False,83
201,6.05231,5.03946,False,83
202,37.03738,37.02974,False,83
203,30.0503,30.12566,False,83
204,2.02965,30.10277,False,83
206,2.14532,30.13743,False,83
207,6.1255,28.02333,False,83
208,5.06535,5.10458,False,83
209,28.12266,28.03192,False,83
210,28.02908,28.09219,False,83
211,33.00195,28.0299,False,83
212,5.05365,4.12709,False,83
213,5.09672,13.00626,False,83
216,6.08547,28.10906,False,83
217,6.13068,29.06613,False,83
218,6.06305,30.09317,False,83
219,6.1293,25.0887,False,83
222,5.07646,28.0997,False,83
225,33.14014,33.13417,False,83
226,6.11317,35.09548,False,83
227,34.05974,37.0098,False,83
229,33.11864,33.12844,False,83
230,33.03051,33.04531,False,83
233,6.01682,30.09763,False,83
234,33.02662,30.03301,False,83
235,33.0266,30.08642,False,83
236,4.09974,4.07282,False,83
237,6.0966,5.07171,False,83
242,4.08805,24.10161,False,83
243,6.0937,6.02332,False,83
251,34.13684,34.03765,False,83
252,6.12283,28.12596,False,83
253,4.08018,30.01634,False,83
254,1.07151,4.03805,False,83
255,3.07266,13.09486,False,83
256,2.02515,30.13238,False,83
257,4.09894,20.01584,False,83
258,5.08303,18.10857,False,83
259,33.12267,5.00645,False,83
260,5.02238,5.02881,False,83
262,1.1036,36.05581,False,83
263,3.12476,6.01249,False,83
264,6.06071,29.14716,False,83
265,5.12886,6.13735,False,83
270,33.01556,6.02474,False,83
271,6.11019,28.08582,False,83
272,6.05205,5.10322,False,83
273,6.10602,5.1381499999999996,False,83
274,6.01753,5.13665,False,83
275,33.03349,6.07866,False,83
280,3.10212,5.14223,False,83
289,5.13616,29.10331,False,83
290,6.13942,6.13753,False,83
291,6.146,6.1405899999999995,False,83
292,5.11198,6.07108,False,83
293,15.0097,30.09918,False,83
294,10.01916,6.12479,False,83
295,25.04876,36.13445,False,83
296,20.04304,4.03709,False,83
297,6.01473,35.1063,False,83
298,2.09098,33.05383,False,83
299,6.05986,34.03703,False,83
300,6.00346,33.1441,False,83
301,4.06764,33.00229,False,83
302,5.14424,35.04057,False,83
303,33.09693,33.05277,False,83
308,5.02209,31.06357,False,83
317,4.08567,22.04411,False,83
318,6.0014,36.10514,False,83
319,5.09021,30.07705,False,83
320,4.0068,27.14264,False,83
321,4.02607,34.01188,False,83
322,5.02803,18.08058,False,83
323,2.09529,17.00173,False,83
324,2.08751,23.0034,False,83
325,4.1431000000000004,25.13158,False,83
326,3.04233,18.0872,False,83
328,5.0912,25.12689,False,83
329,20.02706,31.10779,False,83
330,6.03252,28.10314,False,83
331,5.03525,20.12326,False,83
332,5.02819,30.13975,False,83
333,33.03224,30.03644,False,83
334,6.05124,6.11857,False,83
335,5.07822,30.13944,False,83
336,5.079,30.09438,False,83
337,6.00425,25.13811,False,83
339,5.13313,28.14071,False,83
340,1.0,1.10545,True,83
341,1.0,25.14359,True,83
342,36.08413,5.04745,False,83
343,1.0,1.0,True,83
346,6.06256,27.05028,False,83
347,6.10192,33.07026,False,83
348,6.03858,27.06584,False,83
349,1.08578,25.07112,False,83
350,6.1442499999999995,29.03611,False,83
351,6.1472999999999995,25.03655,False,83
352,6.12513,34.08062,False,83
353,34.04193,37.07647,False,83
354,34.08994,34.07191,False,83
355,4.08455,23.10094,False,83
357,5.09967,29.13123,False,83
358,6.06703,28.09923,False,83
359,6.02445,32.02026,False,83
361,6.07368,25.08213,False,83
363,35.06736,35.0484,False,83
364,35.07288,35.06713,False,83
365,3.10933,23.13104,False,83
366,5.09602,5.11602,False,83
367,35.06284,35.02309,False,83
370,6.08532,28.05173,False,83
371,6.13774,33.03421,False,83
372,6.1407,33.09749,False,83
373,6.07792,6.08866,False,83
374,1.00361,37.08585,False,83
375,5.09904,4.03983,False,83
376,6.1115,5.05351,False,83
377,6.12764,2.0446,False,83
378,33.05995,28.0802,False,83
379,28.1018,5.12045,False,83
380,34.10807,33.10403,False,83
381,6.01076,5.09279,False,83
383,5.08489,30.13084,False,83
384,6.06468,28.13897,False,83
385,2.03016,30.00911,False,83
386,1.08308,27.01829,False,83
387,1.07098,34.07629,False,83
388,3.02125,5.04083,False,83
389,2.05751,7.13994,False,83
390,3.05482,27.01332,False,83
391,2.00559,23.11879,False,83
394,5.06859,30.0664,False,83
395,35.0315,2.12245,False,83
396,35.13566,3.03827,False,83
397,35.03678,4.09332,False,83
398,35.04051,33.09499,False,83
403,6.11978,19.06233,False,83
404,35.09108,34.09492,False,83
405,35.14011,5.03602,False,83
406,4.04547,1.0,False,83
407,29.07061,28.0551,False,83
408,1.0,4.07819,True,83
412,10.08641,34.1334,False,83
413,20.06006,25.09173,False,83
414,10.07117,31.124,False,83
415,30.13264,28.01559,False,83
416,33.00901,20.095,False,83
417,6.1313,28.04176,False,83
418,35.09116,35.0671,False,83
419,33.11043,33.08519,False,83
420,33.14134,33.03855,False,83
421,33.10008,33.06539,False,83
422,6.10617,30.10503,False,83
423,6.08787,23.07261,False,83
425,5.01803,37.04712,False,83
426,6.06534,33.13242,False,83
427,6.0746,6.12533,False,83
428,33.09512,33.13617,False,83
429,33.0975,28.04797,False,83
1,6.06339,23.13518,False,84
3,4.12539,4.07365,False,84
5,6.02796,37.08244,False,84
6,5.11573,33.10888,False,84
7,4.00063,1.0,False,84
9,5.02256,5.11606,False,84
10,5.13012,4.13604,False,84
11,6.077,1.0,False,84
13,6.10029,6.10368,False,84
17,6.01685,29.11548,False,84
18,6.0435,6.04116,False,84
19,1.0,33.09175,True,84
21,6.03664,18.04539,False,84
22,6.0847,6.11093,False,84
25,6.00716,19.07366,False,84
29,2.01951,5.11589,False,84
30,6.08267,6.14545,False,84
69,2.0368,24.02177,False,84
70,28.08855,23.07409,False,84
71,6.04259,28.14475,False,84
72,33.06958,33.06837,False,84
73,28.03538,28.05335,False,84
74,33.03668,33.0346,False,84
75,34.08964,33.13735,False,84
76,6.10491,28.12536,False,84
77,18.11583,6.12721,False,84
78,6.02251,29.06568,False,84
79,6.10299,6.102,False,84
82,6.09485,29.12084,False,84
83,3.05835,18.11616,False,84
84,33.06104,1.0,False,84
85,1.0,2.09044,True,84
86,1.0,29.01081,True,84
91,5.05248,5.12371,False,84
92,6.06824,28.12293,False,84
93,6.11685,23.00533,False,84
95,4.11872,5.06895,False,84
98,5.14624,30.05543,False,84
99,22.09045,34.12674,False,84
100,6.06265,35.00717,False,84
101,3.04553,23.08223,False,84
103,6.10156,25.08454,False,84
104,6.02429,30.1317,False,84
106,3.06007,28.04091,False,84
107,4.02076,26.13664,False,84
109,6.13046,34.06808,False,84
110,6.07339,28.11637,False,84
111,3.08997,33.06295,False,84
112,3.09099,22.08493,False,84
113,5.07536,28.08022,False,84
114,2.05635,5.04642,False,84
115,6.03425,5.11635,False,84
116,3.0506,28.08126,False,84
117,4.09538,5.11169,False,84
118,2.05204,18.10147,False,84
120,2.12111,34.04508,False,84
121,2.1448,5.08558,False,84
122,1.10764,5.13492,False,84
123,2.00447,6.07675,False,84
124,2.06684,37.13477,False,84
125,35.09585,34.02111,False,84
126,35.05446,30.12541,False,84
127,6.14072,24.0581,False,84
128,6.00177,30.08888,False,84
129,6.01571,30.12205,False,84
130,35.12513,35.0991,False,84
131,4.08112,5.01686,False,84
133,3.09445,5.11876,False,84
134,4.01566,5.00109,False,84
135,6.01937,4.05865,False,84
136,4.05594,4.06201,False,84
137,4.11366,5.11443,False,84
139,5.06608,5.04414,False,84
140,4.00312,3.07141,False,84
141,6.02483,2.01873,False,84
142,3.06064,3.07635,False,84
143,1.03587,5.05709,False,84
144,4.07208,31.12587,False,84
145,1.0,30.09289,True,84
146,1.0,1.0,True,84
147,2.06305,1.0,False,84
148,1.0,1.0,True,84
149,1.0,18.02297,True,84
150,35.13793,1.0,False,84
151,1.0,1.10731,True,84
153,6.11188,6.09726,False,84
154,6.02974,23.0464,False,84
155,4.09225,23.09179,False,84
156,5.10105,28.10043,False,84
157,1.12138,5.13699,False,84
158,4.07087,18.1019,False,84
159,3.00406,23.04636,False,84
160,4.0379,23.11513,False,84
161,4.08512,18.11135,False,84
162,34.05816,29.08949,False,84
164,5.06748,37.03512,False,84
165,35.14401,6.06498,False,84
166,35.09694,30.03286,False,84
167,6.0856,5.10938,False,84
168,35.04502,1.0,False,84
169,35.01152,30.02154,False,84
173,6.01782,29.0425,False,84
175,3.12463,3.1051,False,84
176,5.00901,5.10738,False,84
177,6.09837,30.10096,False,84
178,34.00158,35.03339,False,84
179,6.14292,34.10741,False,84
180,28.14695,28.04754,False,84
181,33.10087,35.06916,False,84
182,6.12698,25.10877,False,84
183,6.09663,35.06261,False,84
184,6.10775,37.08841,False,84
185,6.13659,28.11854,False,84
186,6.02434,37.09868,False,84
188,1.03144,37.03327,False,84
189,34.09675,34.09493,False,84
190,6.0678,23.02544,False,84
191,6.01347,30.09742,False,84
192,6.12338,25.10382,False,84
193,36.00536,35.08165,False,84
194,6.08007,25.05536,False,84
195,6.04964,28.11412,False,84
197,1.09284,30.04788,False,84
198,6.08072,25.12154,False,84
199,6.13781,30.02461,False,84
200,6.10419,6.0756499999999996,False,84
201,6.10509,5.12398,False,84
202,37.04845,37.03516,False,84
203,30.01314,30.1249,False,84
204,4.06101,30.13162,False,84
206,2.007,30.02182,False,84
207,6.0489,28.00747,False,84
208,5.09707,5.12264,False,84
209,28.1209,28.04967,False,84
210,28.12978,28.05833,False,84
211,33.1288,28.12616,False,84
212,5.01045,4.10221,False,84
213,5.13515,13.1439,False,84
216,6.0851,28.12091,False,84
217,6.12832,29.10879,False,84
218,6.05661,30.11425,False,84
219,6.14135,25.02367,False,84
222,5.11041,28.1163,False,84
225,33.12494,33.05084,False,84
226,6.07151,35.11267,False,84
227,34.08379,37.07397,False,84
229,33.0989,33.13879,False,84
230,33.00436,33.07264,False,84
233,6.00111,30.14734,False,84
234,33.02978,30.13976,False,84
235,33.00799,30.04343,False,84
236,4.08,4.06973,False,84
237,6.06394,5.13409,False,84
242,4.08118,24.05918,False,84
243,6.1179,6.0532,False,84
251,34.04342,34.04051,False,84
252,6.08883,28.089,False,84
253,4.09283,30.10225,False,84
254,1.02166,4.12905,False,84
255,3.13207,13.06418,False,84
256,2.09759,30.1191,False,84
257,4.10116,20.08966,False,84
258,5.03054,18.03575,False,84
259,33.12361,5.02819,False,84
260,5.08179,5.10166,False,84
262,1.05292,36.11808,False,84
263,3.14053,6.01898,False,84
264,6.06549,29.14082,False,84
265,5.1384,6.08415,False,84
270,33.09033,6.01417,False,84
271,6.04365,28.04715,False,84
272,6.02751,5.12374,False,84
273,6.08149,5.1309,False,84
274,6.0452,5.14038,False,84
275,33.09648,6.12718,False,84
280,3.09656,5.07619,False,84
289,5.12828,28.00753,False,84
290,6.13253,6.12508,False,84
291,6.14607,6.12267,False,84
292,5.12268,6.12742,False,84
293,15.11838,30.10161,False,84
294,10.02997,30.0057,False,84
295,25.02926,36.0575,False,84
296,20.10241,4.11878,False,84
297,6.08358,35.12069,False,84
298,1.0182,33.04937,False,84
299,6.03947,34.04877,False,84
300,6.13657,33.11488,False,84
301,4.13214,33.10159,False,84
302,5.01509,35.10409,False,84
303,5.0975,33.11035,False,84
308,5.03377,31.01103,False,84
317,4.01919,22.0421,False,84
318,5.07243,36.09602,False,84
319,5.14076,30.11812,False,84
320,4.12877,27.07822,False,84
321,3.11251,34.04658,False,84
322,5.09422,18.0941,False,84
323,2.12075,17.10612,False,84
324,2.13668,23.11791,False,84
325,4.11526,25.07545,False,84
326,4.00141,18.009,False,84
328,5.05786,25.13426,False,84
329,6.11223,31.01522,False,84
330,6.02085,30.12884,False,84
331,5.02155,20.06499,False,84
332,6.06337,30.10579,False,84
333,33.03678,30.06454,False,84
334,6.04454,6.08086,False,84
335,5.03768,30.00838,False,84
336,5.10915,30.1416,False,84
337,6.0666,25.11374,False,84
339,5.08232,28.00298,False,84
340,1.0,1.05844,True,84
341,1.0,25.05082,True,84
342,36.07315,5.1388,False,84
343,1.0,1.0,True,84
346,6.02125,27.01477,False,84
347,6.08897,33.07945,False,84
348,6.04825,27.0619,False,84
349,2.03943,25.11383,False,84
350,28.03482,29.0522,False,84
351,6.11626,25.06458,False,84
352,6.12891,34.07485,False,84
353,34.0878,37.05903,False,84
354,34.03915,34.02793,False,84
355,5.00644,23.01295,False,84
357,5.10772,29.12556,False,84
358,6.09395,28.08762,False,84
359,6.01846,32.128659999999996,False,84
361,6.05587,25.11319,False,84
363,35.11678,35.11611,False,84
364,35.13816,35.07912,False,84
365,3.00961,23.02802,False,84
366,5.08891,5.08496,False,84
367,35.00905,35.00205,False,84
370,6.09329,28.02348,False,84
371,6.12001,33.14571,False,84
372,6.14566,33.06175,False,84
373,6.05046,6.06596,False,84
374,1.05852,37.01151,False,84
375,5.08463,23.08703,False,84
376,6.1026,5.10762,False,84
377,2.1393,1.0,False,84
378,33.09588,28.08051,False,84
379,28.10796,5.07965,False,84
380,34.06512,33.09671,False,84
381,6.06811,5.08405,False,84
383,5.08767,28.10101,False,84
384,6.13971,28.02378,False,84
385,2.01049,30.11902,False,84
386,1.1421000000000001,27.01212,False,84
387,2.01933,34.03746,False,84
388,3.02563,5.01162,False,84
389,2.00739,7.07462,False,84
390,3.05541,27.03226,False,84
391,5.03571,23.00084,False,84
394,5.0959,30.01613,False,84
395,35.12236,2.07736,False,84
396,35.095,3.11044,False,84
397,35.08349,4.03921,False,84
398,35.05881,33.00024,False,84
403,6.06839,19.09162,False,84
404,35.06697,34.01387,False,84
405,35.04815,5.03401,False,84
406,6.04038,4.06558,False,84
407,29.00241,28.11389,False,84
408,1.0,4.13705,True,84
412,10.01456,34.04323,False,84
413,20.08252,15.06853,False,84
414,10.08617,31.05089,False,84
415,30.00343,28.1308,False,84
416,33.09027,20.06687,False,84
417,6.13129,28.0565,False,84
418,35.04789,35.00307,False,84
419,33.12162,33.03851,False,84
420,33.13171,33.01526,False,84
421,33.10988,33.02361,False,84
422,30.14512,28.05095,False,84
423,6.14055,23.12299,False,84
425,5.0419,37.05197,False,84
426,6.05943,33.14709,False,84
427,6.10865,6.13783,False,84
428,33.09827,33.0658,False,84
429,33.11646,28.00671,False,84
1,6.06709,23.12839,False,85
3,4.1393699999999995,4.01272,False,85
5,6.02143,37.0511,False,85
6,5.03853,33.10082,False,85
7,4.04113,1.0,False,85
9,5.00624,5.135,False,85
10,4.05572,4.13201,False,85
11,6.06084,1.0,False,85
13,6.08122,6.097,False,85
17,6.04192,28.13431,False,85
18,6.04377,6.02696,False,85
19,1.0,33.14593,True,85
21,6.05081,18.10517,False,85
22,6.11247,6.14671,False,85
25,6.01783,19.14314,False,85
29,2.12244,5.09817,False,85
30,6.0237,6.12887,False,85
69,2.13399,24.10852,False,85
70,28.09729,23.08048,False,85
71,6.05683,28.13828,False,85
72,33.02363,33.02124,False,85
73,28.12127,28.10777,False,85
74,33.04642,37.06844,False,85
75,34.13883,33.13926,False,85
76,6.14056,28.0028,False,85
77,18.12269,6.12836,False,85
78,6.04297,23.0529,False,85
79,6.1148,6.10445,False,85
82,3.11233,29.12459,False,85
83,3.08243,18.09679,False,85
84,33.1415,1.0,False,85
85,1.0,2.08336,True,85
86,1.0,29.0794,True,85
91,5.05918,5.12576,False,85
92,6.08905,6.05972,False,85
93,6.11466,23.04816,False,85
95,4.03101,5.07902,False,85
98,5.12342,30.05724,False,85
99,22.05255,34.06377,False,85
100,6.08991,35.00283,False,85
101,3.09976,23.13557,False,85
103,6.09713,25.10164,False,85
104,6.03277,30.03326,False,85
106,3.00098,28.0212,False,85
107,4.00804,26.08322,False,85
109,6.1284,34.0613,False,85
110,6.05732,28.02748,False,85
111,3.14461,33.07226,False,85
112,4.08728,22.1041,False,85
113,5.08088,28.08271,False,85
114,2.01751,5.12995,False,85
115,6.02955,5.09427,False,85
116,3.01624,28.03,False,85
117,4.00771,5.10309,False,85
118,2.13354,18.10729,False,85
120,2.00424,34.07762,False,85
121,2.07078,5.13866,False,85
122,1.08282,5.13475,False,85
123,2.02871,6.04852,False,85
124,5.0011,37.14548,False,85
125,35.03579,34.00953,False,85
126,35.00758,30.02444,False,85
127,6.13385,24.13519,False,85
128,6.03324,30.06132,False,85
129,6.06266,30.06976,False,85
130,35.123,35.12242,False,85
131,4.12463,5.03316,False,85
133,3.14184,5.13512,False,85
134,4.02899,5.12088,False,85
135,6.01414,4.07537,False,85
136,4.09749,4.11996,False,85
137,4.13923,5.11299,False,85
139,5.12399,5.02859,False,85
140,4.06365,3.12334,False,85
141,6.13273,2.0743,False,85
142,3.10742,3.06942,False,85
143,1.00097,5.01191,False,85
144,4.07736,5.09668,False,85
145,30.05228,1.0,False,85
146,1.0,1.0,True,85
147,2.04791,1.0,False,85
148,1.0,1.0,True,85
149,1.0,18.06314,True,85
150,35.03053,1.0,False,85
151,1.0,1.01691,True,85
153,6.13295,6.13152,False,85
154,6.03965,28.13785,False,85
155,4.01933,23.03394,False,85
156,6.07169,5.10469,False,85
157,1.02908,5.12419,False,85
158,4.12689,18.12935,False,85
159,1.01069,23.13002,False,85
160,4.13613,23.04224,False,85
161,4.08859,18.08171,False,85
162,34.02938,29.10708,False,85
164,5.08981,37.08161,False,85
165,35.04041,6.06622,False,85
166,35.10079,30.1308,False,85
167,6.03598,5.05096,False,85
168,35.02394,1.0,False,85
169,35.00469,30.06694,False,85
173,6.01345,29.13372,False,85
175,3.08568,3.14684,False,85
176,5.11456,5.13888,False,85
177,6.07347,30.05846,False,85
178,34.02428,35.02208,False,85
179,6.11879,34.12553,False,85
180,28.07993,28.0849,False,85
181,33.08692,35.03885,False,85
182,6.14077,10.00106,False,85
183,6.08804,35.13494,False,85
184,6.08846,37.0346,False,85
185,6.13082,28.00601,False,85
186,6.07851,37.13275,False,85
188,1.03123,30.14403,False,85
189,34.12947,34.07992,False,85
190,6.14398,23.06071,False,85
191,6.06631,30.02347,False,85
192,6.13463,25.06073,False,85
193,36.03984,35.05264,False,85
194,6.10903,25.00408,False,85
195,6.01376,28.0503,False,85
197,2.13701,30.07375,False,85
198,6.08571,25.03771,False,85
199,23.14011,30.0811,False,85
200,6.04007,6.03498,False,85
201,6.11144,5.09892,False,85
202,37.06829,37.06772,False,85
203,30.05128,30.09943,False,85
204,4.06161,30.1265,False,85
206,2.10629,30.06766,False,85
207,6.05408,28.11807,False,85
208,5.03184,5.14734,False,85
209,28.10891,28.0013,False,85
210,28.04663,28.11839,False,85
211,33.01221,28.08659,False,85
212,4.14211,5.04611,False,85
213,5.14175,13.07426,False,85
216,6.09906,28.0858,False,85
217,6.13261,29.02356,False,85
218,6.08987,30.10061,False,85
219,6.11238,25.11714,False,85
222,5.14003,28.02847,False,85
225,33.13633,33.12251,False,85
226,6.0959,35.12984,False,85
227,34.00979,37.14355,False,85
229,33.08537,33.09574,False,85
230,33.07118,33.06517,False,85
233,6.01476,30.13928,False,85
234,33.0137,30.09956,False,85
235,33.0023,30.05524,False,85
236,4.14537,4.06898,False,85
237,6.11115,5.09664,False,85
242,4.14084,24.07388,False,85
243,6.1216,6.02305,False,85
251,34.0664,34.06522,False,85
252,6.11083,28.02452,False,85
253,4.04259,30.11091,False,85
254,1.0796999999999999,4.10598,False,85
255,3.04817,13.12691,False,85
256,2.00456,30.06425,False,85
257,4.00742,20.08028,False,85
258,5.03229,18.00442,False,85
259,33.06903,5.00067,False,85
260,5.06114,5.04832,False,85
262,1.05403,36.10587,False,85
263,3.08733,6.04561,False,85
264,6.10723,29.09206,False,85
265,5.13387,6.0306,False,85
270,33.08127,6.11001,False,85
271,6.1405,28.04895,False,85
272,6.0056,5.1337,False,85
273,6.11146,5.11527,False,85
274,6.01764,5.06105,False,85
275,33.06906,6.1436,False,85
280,3.10212,5.05607,False,85
289,5.11351,28.04559,False,85
290,6.11343,6.12814,False,85
291,6.14541,6.13564,False,85
292,5.14662,6.10881,False,85
293,16.05912,30.10812,False,85
294,10.0451,10.01667,False,85
295,25.02767,36.14196,False,85
296,20.05765,4.11318,False,85
297,6.00495,35.13331,False,85
298,2.08395,33.12969,False,85
299,6.06226,34.0874,False,85
300,6.06915,33.07632,False,85
301,4.05786,33.01092,False,85
302,5.07727,35.14078,False,85
303,33.10706,33.08812,False,85
308,5.03752,31.11567,False,85
317,3.13652,22.11735,False,85
318,5.143,36.07265,False,85
319,5.12773,30.05805,False,85
320,4.08527,27.09786,False,85
321,3.04132,34.05174,False,85
322,5.09947,18.06757,False,85
323,2.03785,17.08958,False,85
324,2.0293,23.11891,False,85
325,2.09201,25.09482,False,85
326,3.09039,18.13656,False,85
328,5.02703,25.05809,False,85
329,6.1441,31.06097,False,85
330,6.10136,30.0238,False,85
331,5.03248,20.06169,False,85
332,6.0173,30.03254,False,85
333,33.00183,30.06305,False,85
334,6.07761,6.05498,False,85
335,5.08072,30.14325,False,85
336,5.01061,30.12105,False,85
337,6.08413,25.12579,False,85
339,5.01325,28.02141,False,85
340,1.0,1.13059,True,85
341,1.0,25.13069,True,85
342,36.07604,5.04939,False,85
343,1.0,1.0,True,85
346,6.01625,27.08852,False,85
347,6.0921,33.07444,False,85
348,6.05053,27.00361,False,85
349,2.06447,25.00341,False,85
350,28.13581,29.12807,False,85
351,6.13664,25.08143,False,85
352,6.10149,34.06037,False,85
353,34.0963,37.05492,False,85
354,34.1299,34.03055,False,85
355,4.02884,23.11406,False,85
357,5.08614,29.06032,False,85
358,6.04029,28.03044,False,85
359,6.0241,32.01187,False,85
361,6.08131,25.07111,False,85
363,35.11991,35.1159,False,85
364,35.10059,35.09035,False,85
365,3.08842,23.09798,False,85
366,5.12471,5.1222,False,85
367,35.02155,35.00857,False,85
370,6.08927,28.12866,False,85
371,6.13897,33.00008,False,85
372,6.14613,33.05246,False,85
373,6.00839,6.0846,False,85
374,1.1112,37.02749,False,85
375,5.05749,23.13906,False,85
376,6.1093,5.05665,False,85
377,6.06623,2.01442,False,85
378,33.08328,28.14737,False,85
379,28.12908,5.08313,False,85
380,34.0505,33.07293,False,85
381,6.10613,5.05627,False,85
383,5.12067,30.12384,False,85
384,6.04676,28.06134,False,85
385,2.1033,25.03188,False,85
386,4.04701,27.02002,False,85
387,2.03379,34.14736,False,85
388,3.03758,5.14606,False,85
389,2.04488,7.14058,False,85
390,3.04452,27.10462,False,85
391,2.04495,23.11494,False,85
394,5.05801,30.05553,False,85
395,35.02366,2.10933,False,85
396,35.03868,3.02033,False,85
397,35.06387,4.10476,False,85
398,35.14368,33.04705,False,85
403,6.05214,19.13807,False,85
404,35.1107,34.14477,False,85
405,35.12543,5.02497,False,85
406,6.12026,4.04592,False,85
407,29.11939,28.11904,False,85
408,1.0,4.12359,True,85
412,10.09009,34.09813,False,85
413,20.06546,25.12519,False,85
414,10.1203,31.00339,False,85
415,30.03368,28.07225,False,85
416,33.0232,20.0481,False,85
417,6.13001,28.01578,False,85
418,35.10976,35.10215,False,85
419,33.14224,33.07953,False,85
420,33.03021,33.01954,False,85
421,33.09845,33.09155,False,85
422,28.04472,30.09761,False,85
423,6.07509,23.01047,False,85
425,5.0816,37.07397,False,85
426,6.0419,33.11916,False,85
427,6.05999,6.13049,False,85
428,33.05157,33.14597,False,85
429,33.08559,28.01206,False,85
1,6.06654,23.10633,False,86
3,4.01542,4.10087,False,86
5,6.01209,37.02507,False,86
6,5.11263,33.033,False,86
7,4.02252,1.0,False,86
9,4.07007,5.07933,False,86
10,4.07563,4.10791,False,86
11,6.04705,1.0,False,86
13,6.03822,6.06839,False,86
17,6.04628,28.0648,False,86
18,6.01065,6.01592,False,86
19,1.0,33.06905,True,86
21,6.05027,29.07274,False,86
22,6.14211,6.11149,False,86
25,6.02013,19.08383,False,86
29,2.07359,5.14019,False,86
30,6.09207,6.11845,False,86
69,2.06517,24.1458,False,86
70,28.1391,23.13121,False,86
71,6.04071,28.10569,False,86
72,33.12615,33.07163,False,86
73,28.11246,28.04103,False,86
74,33.04601,37.02502,False,86
75,34.03257,33.1233,False,86
76,6.12952,6.12042,False,86
77,18.07013,6.14468,False,86
78,6.0367,23.11618,False,86
79,6.1174,6.10322,False,86
82,3.00747,29.06244,False,86
83,3.0067,18.01885,False,86
84,33.13245,1.0,False,86
85,2.07153,1.0,False,86
86,1.0,29.08832,True,86
91,5.11669,5.11471,False,86
92,6.07827,6.06168,False,86
93,6.11241,23.12083,False,86
95,3.1199500000000002,5.07576,False,86
98,4.12276,30.06961,False,86
99,22.01103,34.10044,False,86
100,6.09764,35.00695,False,86
101,5.07088,23.14552,False,86
103,6.14532,25.09593,False,86
104,6.03837,30.09591,False,86
106,3.00436,28.14633,False,86
107,4.00897,26.081,False,86
109,6.12382,34.07632,False,86
110,6.09586,28.01531,False,86
111,3.11065,33.11571,False,86
112,4.05568,22.0449,False,86
113,5.05889,28.10825,False,86
114,2.01667,5.11656,False,86
115,6.04081,5.05043,False,86
116,3.07594,28.10007,False,86
117,3.1006299999999998,5.14455,False,86
118,2.00756,18.00543,False,86
120,2.10619,34.07364,False,86
121,3.02571,5.11054,False,86
122,2.02202,5.14072,False,86
123,2.14437,6.046,False,86
124,2.04452,37.08854,False,86
125,35.10127,34.14369,False,86
126,35.04422,30.06195,False,86
127,6.10865,24.06386,False,86
128,6.01331,30.12258,False,86
129,6.1196,30.02119,False,86
130,35.08661,35.08257,False,86
131,4.02358,5.05329,False,86
133,3.01589,5.14375,False,86
134,4.04811,5.06707,False,86
135,2.03681,4.07191,False,86
136,4.01075,4.13614,False,86
137,4.12096,5.07578,False,86
139,5.08099,5.09501,False,86
140,4.1038499999999996,3.06841,False,86
141,6.13059,2.12167,False,86
142,3.08491,3.05264,False,86
143,1.04224,5.03222,False,86
144,4.14445,5.1194,False,86
145,30.07626,1.0,False,86
146,1.0,1.0,True,86
147,2.02766,1.0,False,86
148,1.0,1.0,True,86
149,1.0,18.05503,True,86
150,35.0745,1.0,False,86
151,1.0,1.05974,True,86
153,6.07845,6.07128,False,86
154,6.03796,28.09329,False,86
155,4.05115,23.12907,False,86
156,6.0108,5.08914,False,86
157,1.0479,5.11905,False,86
158,4.08025,18.00519,False,86
159,1.13983,23.07135,False,86
160,4.08229,23.01453,False,86
161,4.10683,18.01168,False,86
162,34.03077,29.11504,False,86
164,5.13625,37.06227,False,86
165,35.09169,6.09134,False,86
166,35.11155,30.11464,False,86
167,6.08274,5.13697,False,86
168,35.1019,1.0,False,86
169,35.04353,30.01559,False,86
173,6.00844,29.11826,False,86
175,3.11357,3.07727,False,86
176,5.0563,5.0189,False,86
177,6.08771,30.10158,False,86
178,34.00008,35.0775,False,86
179,6.1466,34.14133,False,86
180,28.11401,28.11812,False,86
181,33.04265,35.00338,False,86
182,6.13112,10.01024,False,86
183,6.06138,35.12349,False,86
184,6.07157,37.12817,False,86
185,6.14481,28.12596,False,86
186,6.05959,37.10026,False,86
188,1.05504,37.13475,False,86
189,34.14642,34.03986,False,86
190,6.11295,23.07488,False,86
191,6.08244,30.14396,False,86
192,6.06897,25.12697,False,86
193,36.14395,35.10301,False,86
194,6.03571,25.0953,False,86
195,6.04862,28.02527,False,86
197,2.02294,29.00193,False,86
198,6.00151,25.09903,False,86
199,23.09699,29.11945,False,86
200,6.14505,6.09753,False,86
201,6.11493,5.11897,False,86
202,37.04971,37.13964,False,86
203,30.14564,30.08719,False,86
204,4.05207,30.00999,False,86
206,2.07448,30.06881,False,86
207,6.08359,28.14085,False,86
208,5.0021,5.14693,False,86
209,28.13019,28.05779,False,86
210,28.05143,28.0574,False,86
211,33.00479,28.10084,False,86
212,4.13273,5.05652,False,86
213,5.13986,13.13212,False,86
216,6.09689,28.12999,False,86
217,6.14064,29.1131,False,86
218,6.10526,30.12859,False,86
219,6.13127,25.02342,False,86
222,5.13812,28.13767,False,86
225,33.05888,33.02971,False,86
226,6.10299,35.02274,False,86
227,34.07474,37.10667,False,86
229,33.08204,33.10261,False,86
230,33.01427,33.09108,False,86
233,6.01598,30.06916,False,86
234,33.04824,30.11515,False,86
235,33.02912,30.06618,False,86
236,4.13642,4.10741,False,86
237,6.02026,5.07825,False,86
242,4.07545,24.06214,False,86
243,6.08978,6.08453,False,86
251,34.11889,34.09014,False,86
252,6.08747,28.09273,False,86
253,4.05705,30.05542,False,86
254,1.00196,4.04282,False,86
255,3.03831,13.07757,False,86
256,2.02412,30.09781,False,86
257,4.07972,20.03585,False,86
258,5.02891,18.08931,False,86
259,33.04238,5.03071,False,86
260,5.01293,5.08989,False,86
262,1.02905,36.0202,False,86
263,3.07072,6.056,False,86
264,6.04318,29.0675,False,86
265,5.1079,6.06385,False,86
270,33.05156,6.00244,False,86
271,6.08789,28.09221,False,86
272,6.0747,5.11751,False,86
273,6.01221,5.13379,False,86
274,6.01845,5.14713,False,86
275,33.01194,6.1271,False,86
280,3.13486,5.13781,False,86
289,5.11166,29.07464,False,86
290,6.09204,6.13203,False,86
291,6.1472,6.13661,False,86
292,5.06033,6.059,False,86
293,15.01309,31.08564,False,86
294,10.01485,30.12545,False,86
295,25.06086,36.0626,False,86
296,20.02535,4.11415,False,86
297,6.04001,35.0961,False,86
298,2.12787,33.02583,False,86
299,6.02557,34.06453,False,86
300,6.06716,33.0759,False,86
301,4.13429,33.1176,False,86
302,5.13257,35.03414,False,86
303,5.1455,33.14462,False,86
308,5.02708,31.04153,False,86
317,4.01831,22.10072,False,86
318,6.02857,36.07167,False,86
319,5.14103,30.05411,False,86
320,4.09384,27.1189,False,86
321,4.10108,34.0901,False,86
322,5.0474,18.03001,False,86
323,2.0545,17.11659,False,86
324,2.0205,23.11346,False,86
325,2.14248,25.02786,False,86
326,3.01746,28.03945,False,86
328,5.12909,25.10848,False,86
329,6.13824,31.11977,False,86
330,6.08149,30.14313,False,86
331,5.08847,20.01622,False,86
332,5.129,30.04655,False,86
333,33.06357,30.0343,False,86
334,6.07543,6.03219,False,86
335,5.11382,30.01064,False,86
336,5.11017,30.04417,False,86
337,6.01172,25.11727,False,86
339,5.13496,28.0175,False,86
340,1.0,1.12048,True,86
341,1.0,25.12711,True,86
342,36.06705,5.05365,False,86
343,1.0,1.0,True,86
346,6.07048,27.12318,False,86
347,6.12269,33.09026,False,86
348,6.03358,27.01348,False,86
349,2.01815,25.03431,False,86
350,6.14594,29.0894,False,86
351,6.14315,25.0558,False,86
352,6.04327,34.01802,False,86
353,34.05582,37.06553,False,86
354,34.09846,34.04484,False,86
355,5.05529,23.09987,False,86
357,5.10285,29.02945,False,86
358,6.01901,28.11984,False,86
359,6.06108,32.07407,False,86
361,6.04415,25.13283,False,86
363,35.05089,35.05006,False,86
364,35.10658,35.03235,False,86
365,3.08916,23.11807,False,86
366,5.10329,5.08793,False,86
367,35.0157,35.00841,False,86
370,6.08331,28.09471,False,86
371,6.14029,33.10222,False,86
372,6.14628,33.03573,False,86
373,6.04099,6.0539,False,86
374,1.09625,37.0662,False,86
375,5.072,4.13296,False,86
376,6.01759,5.09476,False,86
377,2.06633,1.0,False,86
378,33.08326,28.08247,False,86
379,28.09539,5.09062,False,86
380,34.13048,33.00993,False,86
381,6.00837,5.10511,False,86
383,5.07768,30.01326,False,86
384,6.03205,28.01395,False,86
385,2.00265,30.01522,False,86
386,1.02195,27.08107,False,86
387,1.12951,34.04218,False,86
388,2.08752,5.01401,False,86
389,2.04261,7.10696,False,86
390,3.11035,27.129269999999998,False,86
391,2.05673,23.06532,False,86
394,5.12086,30.01265,False,86
395,35.0179,2.00733,False,86
396,35.14319,3.0811,False,86
397,35.01356,4.02944,False,86
398,35.12553,33.02755,False,86
403,6.03806,19.07416,False,86
404,35.13424,34.05511,False,86
405,35.13665,5.03773,False,86
406,6.09063,4.13324,False,86
407,29.0948,28.03167,False,86
408,1.0,4.10644,True,86
412,10.1239,34.03644,False,86
413,20.00969,25.08823,False,86
414,10.1377,31.03451,False,86
415,30.12115,28.13188,False,86
416,33.04702,20.13817,False,86
417,6.12593,28.13532,False,86
418,35.04433,35.0178,False,86
419,33.07299,33.01994,False,86
420,33.10504,33.00775,False,86
421,33.03162,33.01305,False,86
422,30.07907,28.14269,False,86
423,6.0832,23.03066,False,86
425,5.00179,5.06141,False,86
426,6.05544,33.09091,False,86
427,6.09469,6.12566,False,86
428,33.05579,33.03928,False,86
429,33.12759,28.07536,False,86
1,6.05018,23.07571,False,87
3,4.05048,4.03958,False,87
5,6.02079,37.00222,False,87
6,5.10739,33.07256,False,87
7,4.03343,1.0,False,87
9,5.00704,5.09943,False,87
10,4.13581,5.06334,False,87
11,6.13278,1.0,False,87
13,6.124,6.12186,False,87
17,6.0262,29.11142,False,87
18,6.00695,6.00398,False,87
19,1.0,33.00606,True,87
21,6.06498,29.14664,False,87
22,6.13056,6.13622,False,87
25,6.00526,19.10276,False,87
29,2.00519,5.14553,False,87
30,6.0793,6.14454,False,87
69,2.00354,24.13553,False,87
70,28.09136,23.08047,False,87
71,6.07056,28.12861,False,87
72,33.03662,33.02684,False,87
73,28.12258,28.05251,False,87
74,33.01617,37.08013,False,87
75,34.01453,33.14175,False,87
76,6.12888,28.06076,False,87
77,18.07612,6.14734,False,87
78,6.03292,23.05471,False,87
79,6.12284,6.11092,False,87
82,6.01329,29.05621,False,87
83,3.04196,18.0285,False,87
84,33.06318,1.0,False,87
85,1.0,2.05055,True,87
86,1.0,29.13611,True,87
91,5.09513,5.14199,False,87
92,6.09494,6.08886,False,87
93,6.1316,23.11288,False,87
95,3.13402,5.10903,False,87
98,5.13241,30.03672,False,87
99,22.09813,34.11882,False,87
100,6.08148,35.05464,False,87
101,5.00886,23.1443,False,87
103,6.10756,25.08773,False,87
104,6.01831,30.06481,False,87
106,3.07487,28.14413,False,87
107,4.04736,26.07863,False,87
109,6.11899,34.03415,False,87
110,6.05458,28.02284,False,87
111,5.02825,33.04352,False,87
112,4.03405,22.11733,False,87
113,5.01118,28.07191,False,87
114,2.06838,5.12461,False,87
115,6.01826,5.13831,False,87
116,3.04205,28.1083,False,87
117,3.02581,5.14665,False,87
118,2.09318,18.01635,False,87
120,2.09833,34.08623,False,87
121,3.05958,5.14054,False,87
122,1.0033,5.10296,False,87
123,2.0361,6.0315,False,87
124,2.12426,37.13294,False,87
125,35.00089,34.03315,False,87
126,35.01719,30.02152,False,87
127,6.06001,24.09116,False,87
128,4.11465,30.05508,False,87
129,6.09206,30.00478,False,87
130,35.13849,35.02808,False,87
131,4.00687,5.09083,False,87
133,3.10833,5.12924,False,87
134,4.03678,5.08476,False,87
135,6.02097,4.04591,False,87
136,4.1127,4.08021,False,87
137,1.0,5.10911,True,87
139,5.08566,5.06769,False,87
140,4.02177,3.0583,False,87
141,6.0352,2.03156,False,87
142,3.11522,3.08121,False,87
143,1.00019,5.11357,False,87
144,4.01657,5.05922,False,87
145,30.0241,1.0,False,87
146,1.0,1.0,True,87
147,2.02354,1.0,False,87
148,1.0,1.0,True,87
149,1.0,18.08237,True,87
150,35.11452,1.0,False,87
151,1.0,1.02283,True,87
153,6.11959,6.11694,False,87
154,6.04708,28.14472,False,87
155,4.14391,23.04872,False,87
156,5.08738,28.10059,False,87
157,1.00998,5.01988,False,87
158,4.05149,18.0622,False,87
159,1.11969,23.14684,False,87
160,4.10798,23.06886,False,87
161,4.10432,18.03622,False,87
162,34.11225,29.1421,False,87
164,5.00574,37.11765,False,87
165,35.07689,6.1142,False,87
166,35.10042,30.11907,False,87
167,6.08161,5.05879,False,87
168,35.02119,1.0,False,87
169,35.07274,30.05523,False,87
173,6.01074,29.12436,False,87
175,3.0865299999999998,3.11007,False,87
176,5.02057,5.09445,False,87
177,6.11278,30.13337,False,87
178,34.01232,35.03378,False,87
179,6.10512,34.09297,False,87
180,28.08387,28.02924,False,87
181,33.06998,35.00407,False,87
182,6.13644,10.00929,False,87
183,6.03827,35.0269,False,87
184,6.08851,37.10102,False,87
185,6.13132,28.07301,False,87
186,6.07175,37.08031,False,87
188,1.1262699999999999,37.07052,False,87
189,34.1257,34.09805,False,87
190,6.08145,23.11613,False,87
191,6.07352,30.1384,False,87
192,6.08586,25.0435,False,87
193,36.00563,35.12106,False,87
194,6.10394,25.0631,False,87
195,6.06392,28.12634,False,87
197,1.04257,30.09677,False,87
198,6.05297,25.08262,False,87
199,23.06332,30.12321,False,87
200,6.13197,6.06845,False,87
201,6.08555,5.12943,False,87
202,37.04034,37.02886,False,87
203,30.03367,30.07449,False,87
204,4.00524,30.11033,False,87
206,2.03149,30.01483,False,87
207,6.1204,28.05497,False,87
208,5.11143,5.1105,False,87
209,28.0913,28.02953,False,87
210,28.0131,28.04505,False,87
211,33.06012,28.06119,False,87
212,4.11947,5.06519,False,87
213,5.13413,13.12964,False,87
216,6.10883,28.08688,False,87
217,6.139,29.1285,False,87
218,6.08904,30.11993,False,87
219,18.02089,25.01569,False,87
222,5.12969,28.10164,False,87
225,33.09407,33.09308,False,87
226,6.08598,35.03398,False,87
227,34.07979,37.11415,False,87
229,33.10769,33.13659,False,87
230,33.02247,33.0641,False,87
233,6.00744,30.10838,False,87
234,33.02908,30.11498,False,87
235,33.08198,30.03893,False,87
236,4.12135,4.10203,False,87
237,6.02275,5.0681,False,87
242,4.06558,24.07381,False,87
243,6.09527,6.07535,False,87
251,34.07761,34.04301,False,87
252,6.11705,28.00746,False,87
253,4.10595,30.10168,False,87
254,1.08494,4.02499,False,87
255,3.0968,13.06213,False,87
256,2.0345,30.13797,False,87
257,4.13205,20.13298,False,87
258,1.06087,18.04692,False,87
259,33.12514,5.10229,False,87
260,5.12417,5.09597,False,87
262,1.04309,36.1366,False,87
263,3.06125,6.01874,False,87
264,6.11756,29.07196,False,87
265,5.13688,6.02716,False,87
270,33.02404,6.12804,False,87
271,6.12092,28.08694,False,87
272,6.01406,5.12656,False,87
273,6.0834,5.12499,False,87
274,6.01886,5.12282,False,87
275,33.00855,6.13769,False,87
280,3.12878,5.09873,False,87
289,5.14169,29.06908,False,87
290,6.11112,6.11783,False,87
291,6.13542,6.12657,False,87
292,5.01459,6.11291,False,87
293,15.05394,30.1185,False,87
294,10.03996,15.06792,False,87
295,25.04281,36.0827,False,87
296,20.12613,4.08636,False,87
297,6.0297,35.06627,False,87
298,2.05219,33.08909,False,87
299,6.0611,34.02074,False,87
300,6.08341,33.12889,False,87
301,4.10115,33.10401,False,87
302,5.00647,35.12843,False,87
303,5.1369,33.02614,False,87
308,3.036,31.03703,False,87
317,3.01485,22.00283,False,87
318,6.01267,36.12469,False,87
319,5.13912,30.14268,False,87
320,4.00111,27.13869,False,87
321,3.08774,34.13346,False,87
322,5.04209,18.0231,False,87
323,2.00317,17.09636,False,87
324,2.11732,23.04165,False,87
325,4.03304,25.12704,False,87
326,3.1198,18.09946,False,87
328,5.06337,25.07927,False,87
329,20.05263,31.09815,False,87
330,6.05169,30.04655,False,87
331,5.01026,20.05983,False,87
332,5.10182,30.04822,False,87
333,33.04346,30.06427,False,87
334,6.10653,6.03896,False,87
335,5.07914,30.00916,False,87
336,5.08078,30.12424,False,87
337,6.1062899999999996,25.0826,False,87
339,5.02385,28.10498,False,87
340,1.0,1.08035,True,87
341,1.0,25.0418,True,87
342,36.03856,5.05944,False,87
343,1.0,1.0,True,87
346,6.03796,27.04173,False,87
347,6.09243,33.07345,False,87
348,6.02939,27.04405,False,87
349,2.12478,25.11599,False,87
350,28.09663,29.07991,False,87
351,6.1339,25.10073,False,87
352,6.13803,34.06095,False,87
353,34.02827,37.0101,False,87
354,34.07891,34.03277,False,87
355,5.05443,23.1424,False,87
357,5.10333,29.12052,False,87
358,6.00056,28.04718,False,87
359,6.00925,32.03309,False,87
361,6.08504,25.07275,False,87
363,35.06281,35.05232,False,87
364,35.11917,35.09454,False,87
365,3.04859,23.11009,False,87
366,5.13533,5.11701,False,87
367,35.04427,35.01432,False,87
370,6.08776,28.11565,False,87
371,6.1137,33.00851,False,87
372,6.13982,33.04672,False,87
373,6.01596,6.10651,False,87
374,1.0772599999999999,37.10581,False,87
375,5.02921,4.01982,False,87
376,6.00951,5.02899,False,87
377,2.13269,1.0,False,87
378,33.03891,28.09484,False,87
379,28.07968,5.04096,False,87
380,34.1091,33.01682,False,87
381,6.04992,5.01549,False,87
383,5.10687,30.07027,False,87
384,6.082,28.03383,False,87
385,1.06939,25.10462,False,87
386,1.03031,27.0735,False,87
387,1.13889,34.05891,False,87
388,2.14142,5.12997,False,87
389,2.09397,7.03998,False,87
390,3.14714,27.09238,False,87
391,5.04253,23.089,False,87
394,5.09034,30.0702,False,87
395,35.0235,2.02334,False,87
396,35.06568,3.03468,False,87
397,35.05925,4.03119,False,87
398,35.14016,33.14349,False,87
403,6.00018,19.06359,False,87
404,35.05563,34.11363,False,87
405,35.03178,5.13974,False,87
406,6.02002,4.00437,False,87
407,29.1225,28.12077,False,87
408,1.0,4.02742,True,87
412,10.00256,34.12492,False,87
413,20.13075,25.09983,False,87
414,10.10024,31.0161,False,87
415,30.07252,28.08903,False,87
416,33.097,20.03172,False,87
417,6.1239,28.13593,False,87
418,35.13615,35.13447,False,87
419,33.11038,33.04006,False,87
420,33.14282,33.10523,False,87
421,33.13821,33.06422,False,87
422,28.11444,30.0286,False,87
423,6.13397,23.0986,False,87
425,6.00493,37.00977,False,87
426,6.06383,33.13485,False,87
427,6.12278,6.12119,False,87
428,33.07793,33.05627,False,87
429,33.04208,28.03313,False,87
1,6.07388,23.05076,False,88
3,4.05414,4.00114,False,88
5,6.03904,37.04836,False,88
6,5.04661,33.12124,False,88
7,4.01569,1.0,False,88
9,4.06096,5.10648,False,88
10,4.03036,4.06471,False,88
11,6.01101,1.0,False,88
13,6.0932,6.12085,False,88
17,6.02218,28.08496,False,88
18,6.0725999999999996,6.10266,False,88
19,1.0,33.14456,True,88
21,6.08528,29.14323,False,88
22,6.05557,6.08947,False,88
25,6.01311,19.05134,False,88
29,2.12146,5.13881,False,88
30,6.06016,6.09348,False,88
69,2.0378,24.05487,False,88
70,28.04729,23.10348,False,88
71,6.04929,28.08379,False,88
72,33.04298,33.04227,False,88
73,28.09268,28.05051,False,88
74,33.01996,37.02789,False,88
75,34.01914,33.05908,False,88
76,6.13498,6.12506,False,88
77,18.14062,6.13005,False,88
78,6.02818,29.02214,False,88
79,6.11229,6.10204,False,88
82,6.07082,29.08719,False,88
83,3.06501,18.06695,False,88
84,33.11928,1.0,False,88
85,1.0,2.13119,True,88
86,1.0,29.14514,True,88
91,5.0874,5.14278,False,88
92,6.0856,28.04234,False,88
93,6.11711,23.13536,False,88
95,4.1356,5.0838,False,88
98,5.06574,30.05916,False,88
99,22.12495,34.09196,False,88
100,6.06047,35.02883,False,88
101,5.04017,23.06013,False,88
103,6.06971,25.10802,False,88
104,6.08584,30.05089,False,88
106,3.00991,28.10638,False,88
107,4.06012,26.1277,False,88
109,6.09205,34.03281,False,88
110,6.07807,28.09617,False,88
111,3.02524,33.07982,False,88
112,3.06523,22.05866,False,88
113,5.14021,28.091,False,88
114,2.04703,5.09364,False,88
115,6.04572,5.14511,False,88
116,3.05824,28.11346,False,88
117,4.04477,5.09027,False,88
118,2.11372,18.05569,False,88
120,2.04938,34.07393,False,88
121,3.08646,5.08411,False,88
122,1.00685,5.11542,False,88
123,2.02392,6.11985,False,88
124,4.02986,37.14335,False,88
125,35.04626,34.07225,False,88
126,35.09061,30.08302,False,88
127,6.05725,24.01478,False,88
128,6.07801,30.04497,False,88
129,6.11598,30.08744,False,88
130,35.14333,35.09646,False,88
131,4.1062,5.02006,False,88
133,3.00914,5.10865,False,88
134,4.09241,5.14326,False,88
135,2.08189,4.11286,False,88
136,4.1467,4.13052,False,88
137,4.10095,5.1436,False,88
139,5.0645,5.01185,False,88
140,4.04472,3.1339,False,88
141,6.07531,2.11834,False,88
142,3.10664,3.0789,False,88
143,1.04483,5.03425,False,88
144,4.10701,5.11517,False,88
145,1.0,30.01599,True,88
146,1.0,1.0,True,88
147,2.03767,1.0,False,88
148,1.0,1.0,True,88
149,1.0,18.11265,True,88
150,35.03857,1.0,False,88
151,1.0,1.12981,True,88
153,6.12744,6.10478,False,88
154,6.04065,23.04809,False,88
155,4.14442,23.00087,False,88
156,5.02693,28.12804,False,88
157,1.1449,5.03766,False,88
158,4.04412,18.06085,False,88
159,3.14459,23.03605,False,88
160,4.11288,23.14258,False,88
161,4.02408,18.05543,False,88
162,34.03844,29.13357,False,88
164,5.0977,37.03,False,88
165,35.03467,6.00541,False,88
166,35.1425,30.12293,False,88
167,6.14312,5.01776,False,88
168,35.07778,1.0,False,88
169,35.04193,30.0777,False,88
173,6.00882,29.08827,False,88
175,3.05795,3.14078,False,88
176,5.08099,5.00818,False,88
177,6.11433,30.13607,False,88
178,34.00516,35.00873,False,88
179,6.13066,34.01477,False,88
180,28.13834,28.1291,False,88
181,33.03801,35.00907,False,88
182,6.10742,10.00762,False,88
183,6.13085,35.05919,False,88
184,6.04195,37.06262,False,88
185,6.12697,28.02762,False,88
186,6.08991,37.11088,False,88
188,1.08112,37.05419,False,88
189,34.14671,34.10508,False,88
190,6.11786,23.09461,False,88
191,6.07911,30.08339,False,88
192,6.08062,25.04415,False,88
193,36.02072,35.13313,False,88
194,6.10469,25.11354,False,88
195,6.06358,28.07998,False,88
197,2.01299,30.07768,False,88
198,6.0216,25.12134,False,88
199,23.13175,30.08027,False,88
200,6.06323,6.0277,False,88
201,6.0423,5.12545,False,88
202,37.06138,37.05958,False,88
203,30.07199,30.09361,False,88
204,4.11734,30.08766,False,88
206,2.05763,30.07168,False,88
207,6.07892,28.06933,False,88
208,5.05219,5.12331,False,88
209,28.07366,28.01109,False,88
210,28.03477,28.0649,False,88
211,33.07139,28.04591,False,88
212,4.12175,5.00108,False,88
213,5.12782,13.00607,False,88
216,6.10282,28.11241,False,88
217,6.13974,29.11369,False,88
218,6.08662,30.128,False,88
219,6.12985,25.04606,False,88
222,5.09226,28.14726,False,88
225,33.12334,33.06741,False,88
226,6.09252,35.14727,False,88
227,34.03713,37.12982,False,88
229,33.09099,33.10427,False,88
230,33.02423,33.08275,False,88
233,6.05316,30.13824,False,88
234,33.06807,30.00816,False,88
235,33.05028,30.14553,False,88
236,4.11882,4.1244,False,88
237,6.00533,5.13837,False,88
242,4.1065,24.1106,False,88
243,6.04464,6.02109,False,88
251,34.10677,34.09967,False,88
252,6.08794,28.004,False,88
253,4.02202,30.12414,False,88
254,1.02989,4.09096,False,88
255,3.11275,13.00552,False,88
256,2.03803,30.03779,False,88
257,4.02594,20.10739,False,88
258,5.00916,18.03687,False,88
259,33.01613,5.04902,False,88
260,5.02784,5.09039,False,88
262,1.0505,36.08325,False,88
263,3.09576,6.0541,False,88
264,6.0837,29.03845,False,88
265,5.09719,6.07368,False,88
270,33.05994,6.12214,False,88
271,6.02605,28.08754,False,88
272,6.03847,5.09759,False,88
273,6.0055,5.13069,False,88
274,6.01727,5.12165,False,88
275,33.12092,6.13257,False,88
280,3.10216,5.08058,False,88
289,5.1329,29.12494,False,88
290,6.10622,6.11106,False,88
291,6.13073,6.12992,False,88
292,5.1206,6.10758,False,88
293,15.03384,30.13598,False,88
294,10.00163,6.09102,False,88
295,25.0857,36.10296,False,88
296,20.09482,4.05083,False,88
297,6.0869,35.13364,False,88
298,1.05312,33.06952,False,88
299,6.03363,34.01328,False,88
300,6.09543,33.09842,False,88
301,4.09512,33.12502,False,88
302,5.06844,35.03935,False,88
303,5.0242,33.13276,False,88
308,3.00705,31.07408,False,88
317,4.00893,22.13273,False,88
318,4.07122,36.12641,False,88
319,5.13334,30.09867,False,88
320,4.11574,27.07735,False,88
321,4.02049,34.02648,False,88
322,5.04178,18.03527,False,88
323,2.00515,17.0085,False,88
324,2.13502,23.0394,False,88
325,2.04932,25.09926,False,88
326,4.10163,18.03404,False,88
328,5.10723,25.13237,False,88
329,6.13951,31.02526,False,88
330,6.04566,30.07775,False,88
331,5.01984,20.09236,False,88
332,6.07223,20.13122,False,88
333,33.03638,30.12686,False,88
334,6.09643,6.09235,False,88
335,5.10115,30.12801,False,88
336,5.09302,30.08629,False,88
337,6.0123,25.0752,False,88
339,5.05898,28.06301,False,88
340,1.0,1.0241,True,88
341,1.0,25.06981,True,88
342,36.12442,5.09913,False,88
343,1.0,1.0,True,88
346,6.03576,27.06459,False,88
347,6.09511,33.06987,False,88
348,6.0434,27.14721,False,88
349,1.14521,25.07836,False,88
350,6.14434,29.06723,False,88
351,6.14184,25.09203,False,88
352,6.1048,34.00051,False,88
353,34.08019,37.02915,False,88
354,34.14085,34.11403,False,88
355,5.04098,23.008,False,88
357,5.09698,29.12831,False,88
358,6.01825,28.06132,False,88
359,6.00832,32.11429,False,88
361,6.05242,25.13738,False,88
363,35.11423,35.05091,False,88
364,35.14371,35.13679,False,88
365,3.09446,23.02628,False,88
366,5.09105,5.0844,False,88
367,35.01087,35.00963,False,88
370,6.10223,28.05647,False,88
371,6.14664,33.06546,False,88
372,6.14731,33.03952,False,88
373,6.07306,6.04045,False,88
374,1.06032,37.04531,False,88
375,5.0725,4.09219,False,88
376,6.07979,5.06753,False,88
377,6.051,2.14089,False,88
378,33.10637,28.00874,False,88
379,28.10564,5.13605,False,88
380,34.05277,33.01196,False,88
381,6.12728,5.00446,False,88
383,5.08889,30.07231,False,88
384,6.06493,30.1336,False,88
385,3.08552,25.04362,False,88
386,1.13782,27.10528,False,88
387,1.07213,34.00692,False,88
388,2.08044,5.05934,False,88
389,2.04605,7.14193,False,88
390,3.04379,27.10186,False,88
391,2.00571,23.05298,False,88
394,5.0697,30.10198,False,88
395,35.07842,2.02089,False,88
396,35.11647,3.09094,False,88
397,35.09522,4.12689,False,88
398,35.00813,33.11387,False,88
403,3.00912,19.09416,False,88
404,35.03088,34.11302,False,88
405,35.09614,5.13795,False,88
406,6.02726,4.00292,False,88
407,29.03094,28.09339,False,88
408,1.0,4.09283,True,88
412,10.0337,34.04355,False,88
413,20.06279,30.04592,False,88
414,10.13312,31.0175,False,88
415,30.088,28.06622,False,88
416,33.02464,20.0209,False,88
417,6.11098,28.05771,False,88
418,35.10218,35.09542,False,88
419,33.11992,33.05237,False,88
420,33.03673,33.02101,False,88
421,33.13331,33.03082,False,88
422,28.13557,30.08591,False,88
423,6.12433,23.12251,False,88
425,6.05086,37.14347,False,88
426,6.06287,33.12151,False,88
427,6.05705,6.13565,False,88
428,33.07559,33.09872,False,88
429,33.07557,28.10452,False,88
1,6.06213,23.02055,False,89
3,4.04801,4.02363,False,89
5,6.00767,37.09244,False,89
6,6.04198,33.04534,False,89
7,4.00452,1.0,False,89
9,4.05744,5.11333,False,89
10,4.11844,4.0507,False,89
11,6.07578,1.0,False,89
13,6.09637,6.07917,False,89
17,6.04473,28.13196,False,89
18,6.03043,6.06136,False,89
19,1.0,33.04486,True,89
21,6.07309,18.14188,False,89
22,6.12039,6.12534,False,89
25,6.01082,19.04654,False,89
29,4.00147,5.09384,False,89
30,6.06663,6.11383,False,89
69,2.0629,24.09816,False,89
70,28.01114,23.10453,False,89
71,6.0551,28.14013,False,89
72,33.10159,33.09451,False,89
73,28.06346,28.00038,False,89
74,33.03628,33.02894,False,89
75,34.04512,33.12436,False,89
76,6.1408,6.12918,False,89
77,18.04082,6.11629,False,89
78,6.0278,23.13138,False,89
79,6.09385,6.0925,False,89
82,3.0462,29.08871,False,89
83,3.09391,18.00742,False,89
84,33.00332,1.0,False,89
85,2.14158,1.0,False,89
86,1.0,29.00491,True,89
91,5.09679,5.13904,False,89
92,6.05956,28.02037,False,89
93,6.10749,23.02345,False,89
95,4.07691,5.12793,False,89
98,5.14531,30.07257,False,89
99,22.08405,34.10907,False,89
100,6.02102,35.06695,False,89
101,5.14613,23.11295,False,89
103,6.09605,25.14024,False,89
104,6.02043,30.10641,False,89
106,3.05145,28.02161,False,89
107,4.01852,26.13191,False,89
109,6.1328,34.04764,False,89
110,6.07572,28.11005,False,89
111,5.10499,33.02914,False,89
112,3.00666,22.00221,False,89
113,5.07366,28.13968,False,89
114,2.0415,5.14705,False,89
115,6.04353,5.10405,False,89
116,3.02464,28.12438,False,89
117,4.09094,5.14429,False,89
118,2.07069,18.02088,False,89
120,2.14262,34.0739,False,89
121,2.06393,5.08161,False,89
122,1.04755,5.12956,False,89
123,2.08293,6.09908,False,89
124,2.06845,37.0522,False,89
125,35.11894,34.08881,False,89
126,35.03831,30.04464,False,89
127,6.04172,24.06351,False,89
128,4.10445,30.06316,False,89
129,6.07488,30.09846,False,89
130,35.12015,35.04214,False,89
131,4.04167,5.08565,False,89
133,3.07528,5.14736,False,89
134,4.07327,4.14207,False,89
135,4.11125,4.07223,False,89
136,4.09939,4.10818,False,89
137,1.0,5.12813,True,89
139,5.14441,5.06965,False,89
140,4.06083,3.13741,False,89
141,6.10439,2.03306,False,89
142,3.00387,3.03987,False,89
143,1.02014,5.02258,False,89
144,31.11837,5.08892,False,89
145,1.0,30.11014,True,89
146,1.0,1.0,True,89
147,2.08609,1.0,False,89
148,1.0,1.0,True,89
149,1.0,18.1268,True,89
150,35.11962,1.0,False,89
151,1.0,1.09501,True,89
153,6.072,6.04325,False,89
154,6.04263,23.07482,False,89
155,4.14649,23.04137,False,89
156,6.08972,5.1359,False,89
157,1.10584,5.11979,False,89
158,4.00721,18.07041,False,89
159,3.05188,23.07827,False,89
160,4.12922,23.11682,False,89
161,4.09013,18.09628,False,89
162,34.03977,29.08718,False,89
164,5.06513,37.10773,False,89
165,35.00378,6.13174,False,89
166,35.022,30.13736,False,89
167,6.10685,5.05994,False,89
168,35.02266,1.0,False,89
169,35.1401,30.03099,False,89
173,6.00786,29.04642,False,89
175,3.12751,3.12108,False,89
176,5.10454,5.10207,False,89
177,6.08167,30.13447,False,89
178,34.01655,35.01726,False,89
179,6.14071,34.08437,False,89
180,28.07108,28.04036,False,89
181,33.05047,35.02049,False,89
182,6.12226,10.01752,False,89
183,6.04498,35.12955,False,89
184,6.07795,37.10804,False,89
185,6.14584,28.14522,False,89
186,6.05309,37.06741,False,89
188,1.0464,30.13053,False,89
189,34.12098,34.09423,False,89
190,6.04474,23.05315,False,89
191,6.02521,30.08417,False,89
192,6.08826,25.04672,False,89
193,36.03788,35.04789,False,89
194,6.10819,25.12515,False,89
195,6.08536,28.05655,False,89
197,1.11947,29.07959,False,89
198,6.01448,25.01926,False,89
199,6.02243,30.09866,False,89
200,6.14276,6.04822,False,89
201,6.05161,5.1064,False,89
202,37.08518,37.066159999999996,False,89
203,30.0039,30.02478,False,89
204,4.09954,30.08158,False,89
206,2.13242,30.06313,False,89
207,6.13661,28.12682,False,89
208,5.08941,5.11376,False,89
209,28.12622,28.05008,False,89
210,28.02822,28.13793,False,89
211,33.04377,28.02738,False,89
212,4.12139,5.08809,False,89
213,5.10927,13.07946,False,89
216,6.08927,28.04848,False,89
217,6.14451,29.13319,False,89
218,6.0534,30.04424,False,89
219,6.14538,25.11153,False,89
222,5.13591,28.0536,False,89
225,33.11075,33.07216,False,89
226,6.05966,35.08954,False,89
227,34.1307,37.08092,False,89
229,33.06757,33.09593,False,89
230,33.01888,33.04695,False,89
233,6.00498,30.12305,False,89
234,33.04676,30.03216,False,89
235,33.0022,30.1043,False,89
236,4.12181,4.02649,False,89
237,6.07063,5.09641,False,89
242,4.07385,24.13822,False,89
243,6.1327,6.11001,False,89
251,34.07096,34.05297,False,89
252,6.07751,28.09031,False,89
253,4.06601,30.08347,False,89
254,1.02571,4.1375,False,89
255,3.07053,13.01728,False,89
256,2.02191,30.01796,False,89
257,4.13149,20.03106,False,89
258,1.12271,18.0064,False,89
259,33.07662,5.03092,False,89
260,5.02739,5.04004,False,89
262,1.03941,36.00329,False,89
263,3.05504,6.03026,False,89
264,6.13412,29.08509,False,89
265,5.13317,6.04369,False,89
270,33.05114,6.133,False,89
271,6.06667,28.1342,False,89
272,6.01915,5.13892,False,89
273,6.02742,5.12455,False,89
274,6.03213,5.06598,False,89
275,33.11953,6.12709,False,89
280,3.13474,5.09883,False,89
289,5.13415,29.07562,False,89
290,6.10899,6.10461,False,89
291,6.13224,6.12864,False,89
292,5.10026,6.10811,False,89
293,15.05093,30.11706,False,89
294,10.02735,6.12758,False,89
295,25.0335,36.01157,False,89
296,20.13353,4.12982,False,89
297,6.00739,35.12615,False,89
298,1.04375,33.07517,False,89
299,6.05392,34.06266,False,89
300,4.13938,33.12466,False,89
301,4.06911,33.01176,False,89
302,5.0734,35.12548,False,89
303,33.12096,33.08583,False,89
308,5.04992,31.10503,False,89
317,4.03417,22.1215,False,89
318,5.08157,36.06194,False,89
319,5.13202,30.10459,False,89
320,4.00239,27.10968,False,89
321,3.12723,34.01148,False,89
322,5.07619,18.02159,False,89
323,2.11669,17.08559,False,89
324,2.0907,23.07787,False,89
325,2.03148,25.00977,False,89
326,4.00301,18.08855,False,89
328,5.10886,25.07499,False,89
329,6.10689,31.12902,False,89
330,6.03407,30.11802,False,89
331,5.06499,20.05922,False,89
332,5.12765,30.10171,False,89
333,33.02435,30.0854,False,89
334,6.06984,6.08783,False,89
335,5.05596,30.07767,False,89
336,5.10909,30.14322,False,89
337,6.04171,25.12094,False,89
339,5.14633,28.05937,False,89
340,1.0,1.06073,True,89
341,1.0,25.13603,True,89
342,36.11872,5.04786,False,89
343,1.0,1.0,True,89
346,6.02857,27.0586,False,89
347,6.10478,33.04941,False,89
348,6.01683,27.08563,False,89
349,1.09881,25.01792,False,89
350,28.05493,29.00543,False,89
351,6.13271,25.12809,False,89
352,6.04158,34.03394,False,89
353,34.07088,37.0829,False,89
354,34.14466,34.07671,False,89
355,4.0224,23.09134,False,89
357,5.10006,29.13387,False,89
358,6.02354,28.11903,False,89
359,6.02462,32.13085,False,89
361,6.03964,25.03479,False,89
363,35.10538,35.07354,False,89
364,35.0526,35.04135,False,89
365,3.09789,23.07813,False,89
366,5.07458,5.06736,False,89
367,35.08306,35.03419,False,89
370,6.07979,28.11442,False,89
371,6.1332,33.00033,False,89
372,6.14672,33.0238,False,89
373,6.02585,6.13105,False,89
374,1.04493,37.07747,False,89
375,5.0676,4.1377,False,89
376,6.14693,5.14208,False,89
377,6.04085,2.06276,False,89
378,33.07465,28.02661,False,89
379,28.05774,5.10047,False,89
380,34.01163,33.05401,False,89
381,6.10271,5.04061,False,89
383,5.06184,30.09499,False,89
384,6.14574,30.09659,False,89
385,3.12482,25.02212,False,89
386,4.09136,27.04017,False,89
387,1.02997,34.01139,False,89
388,2.03021,5.0097,False,89
389,2.07591,7.09168,False,89
390,3.07643,27.06768,False,89
391,2.00674,23.04688,False,89
394,5.02762,30.04118,False,89
395,35.03041,2.14612,False,89
396,35.10703,3.10181,False,89
397,35.1005,4.00844,False,89
398,35.04182,33.04773,False,89
403,3.06261,19.01904,False,89
404,35.00838,34.05422,False,89
405,35.06873,5.14496,False,89
406,4.03018,1.0,False,89
407,29.05592,28.00148,False,89
408,1.0,4.0087,True,89
412,10.0428,34.1314,False,89
413,20.07929,25.09823,False,89
414,10.07617,31.00845,False,89
415,30.06415,28.04332,False,89
416,33.10013,20.06151,False,89
417,6.12121,28.01979,False,89
418,35.11176,35.07536,False,89
419,33.08494,33.004,False,89
420,33.03257,33.02342,False,89
421,33.12975,33.06154,False,89
422,28.08577,30.00629,False,89
423,6.08195,23.11692,False,89
425,6.06242,37.1315,False,89
426,6.05742,33.13238,False,89
427,6.12225,6.13444,False,89
428,33.02802,33.13577,False,89
429,33.08475,28.02466,False,89
1,6.05432,23.0479,False,90
3,4.06094,4.02108,False,90
5,6.01077,37.12534,False,90
6,5.11376,33.04601,False,90
7,4.02797,1.0,False,90
9,4.05219,5.12965,False,90
10,5.07186,4.13208,False,90
11,6.08968,1.0,False,90
13,6.11394,6.10606,False,90
17,6.02329,28.14565,False,90
18,6.03764,6.02655,False,90
19,1.0,33.08733,True,90
21,6.03957,18.11333,False,90
22,6.127,6.11993,False,90
25,6.03641,19.05229,False,90
29,2.05029,5.10874,False,90
30,6.1389,6.14622,False,90
69,2.07147,24.13109,False,90
70,28.11274,23.13247,False,90
71,6.06881,28.00334,False,90
72,33.07685,33.03936,False,90
73,28.07419,28.06585,False,90
74,33.09466,37.05749,False,90
75,34.0086,33.12385,False,90
76,6.11896,28.14379,False,90
77,18.04989,6.1419,False,90
78,6.02441,29.10013,False,90
79,6.11088,6.10764,False,90
82,6.02943,29.10586,False,90
83,3.10445,18.03424,False,90
84,33.02143,1.0,False,90
85,1.0,2.0464,True,90
86,1.0,29.1329,True,90
91,5.08994,5.14464,False,90
92,6.05551,6.05138,False,90
93,6.11955,23.13224,False,90
95,4.06134,5.06413,False,90
98,5.10057,30.11808,False,90
99,22.06489,34.13321,False,90
100,6.08433,35.04293,False,90
101,5.10601,23.04099,False,90
103,6.08823,25.07617,False,90
104,6.00247,30.03413,False,90
106,3.10711,28.03475,False,90
107,4.04597,26.12365,False,90
109,6.12893,34.07105,False,90
110,6.04569,28.04251,False,90
111,3.09782,33.10988,False,90
112,3.0557,22.0335,False,90
113,5.13399,28.12333,False,90
114,2.07823,5.09509,False,90
115,6.00459,5.13602,False,90
116,3.00657,28.06114,False,90
117,4.06689,5.04808,False,90
118,2.13926,18.0974,False,90
120,2.03122,34.09716,False,90
121,2.07362,5.05414,False,90
122,2.03576,5.09844,False,90
123,2.03036,6.11175,False,90
124,2.03777,37.12653,False,90
125,35.13518,34.07814,False,90
126,35.03932,30.09401,False,90
127,6.10944,24.09767,False,90
128,4.02207,30.03901,False,90
129,6.016,30.1358,False,90
130,35.13167,35.08032,False,90
131,4.00278,5.06369,False,90
133,3.10258,5.08454,False,90
134,4.02602,5.11705,False,90
135,4.11348,4.03379,False,90
136,4.00517,4.10712,False,90
137,1.0,5.10962,True,90
139,5.06284,5.00146,False,90
140,4.0521,3.07232,False,90
141,6.06006,2.05387,False,90
142,3.07334,3.05762,False,90
143,1.00826,5.11212,False,90
144,4.0132,5.11485,False,90
145,30.10671,1.0,False,90
146,1.0,1.0,True,90
147,2.11837,1.0,False,90
148,1.0,1.0,True,90
149,1.0,18.12824,True,90
150,35.03802,1.0,False,90
151,1.0,1.10679,True,90
153,6.11193,6.11158,False,90
154,6.01178,28.11624,False,90
155,4.05297,5.13645,False,90
156,5.11717,28.14331,False,90
157,1.00778,5.05713,False,90
158,4.13734,18.14265,False,90
159,1.01258,23.13335,False,90
160,4.07345,23.11152,False,90
161,4.11689,18.01601,False,90
162,34.13122,29.08472,False,90
164,5.0172,37.04128,False,90
165,35.04289,6.06233,False,90
166,35.00529,30.13285,False,90
167,6.09739,5.1385,False,90
168,35.07777,1.0,False,90
169,35.06712,30.14006,False,90
173,6.01248,28.00764,False,90
175,3.14705,3.1396,False,90
176,5.0896,5.12133,False,90
177,6.06378,30.11822,False,90
178,34.00788,35.04237,False,90
179,6.13979,34.08707,False,90
180,28.08275,28.14116,False,90
181,33.08175,35.03734,False,90
182,6.1375399999999996,10.0387,False,90
183,6.10164,35.10647,False,90
184,6.04504,37.03338,False,90
185,6.12841,28.01714,False,90
186,6.01427,37.12755,False,90
188,1.06541,30.11831,False,90
189,34.12985,34.11576,False,90
190,6.06867,23.03699,False,90
191,6.00499,30.08197,False,90
192,6.11712,25.13987,False,90
193,36.01639,35.06497,False,90
194,6.09619,25.08061,False,90
195,6.09881,28.0897,False,90
197,2.06058,29.01749,False,90
198,6.00618,25.02694,False,90
199,23.03482,30.1367,False,90
200,6.14128,6.06856,False,90
201,6.0328,5.14558,False,90
202,37.07891,37.0581,False,90
203,30.03149,30.13543,False,90
204,2.01085,30.09747,False,90
206,2.0382,30.03337,False,90
207,6.08103,28.02092,False,90
208,5.12986,5.1465,False,90
209,28.00984,28.12173,False,90
210,28.10909,28.12789,False,90
211,33.02309,28.11607,False,90
212,5.0588,4.14683,False,90
213,5.14333,13.04117,False,90
216,6.08964,28.11327,False,90
217,6.13932,29.017,False,90
218,6.05385,30.10374,False,90
219,6.1341,25.1163,False,90
222,5.04045,28.05822,False,90
225,33.14211,33.05798,False,90
226,6.09364,35.02825,False,90
227,34.0609,37.01124,False,90
229,33.12661,33.12307,False,90
230,33.09561,33.08077,False,90
233,6.01128,30.11214,False,90
234,33.05639,30.09633,False,90
235,33.05691,30.06807,False,90
236,4.06793,4.09938,False,90
237,6.00467,5.08308,False,90
242,4.1424900000000004,24.12542,False,90
243,6.05622,6.04142,False,90
251,34.05064,34.04456,False,90
252,6.07827,28.10436,False,90
253,4.0864,30.06366,False,90
254,1.12232,4.01423,False,90
255,3.03674,13.14444,False,90
256,2.13769,30.07341,False,90
257,4.05371,20.06786,False,90
258,5.11092,18.0566,False,90
259,33.09078,5.08804,False,90
260,5.07494,5.07094,False,90
262,1.04692,36.01285,False,90
263,3.03267,6.04647,False,90
264,6.08051,29.03114,False,90
265,5.11741,6.01859,False,90
270,33.04962,6.00174,False,90
271,6.12155,28.08299,False,90
272,6.03863,5.11905,False,90
273,6.01638,5.13404,False,90
274,6.00131,5.12443,False,90
275,33.03785,6.04043,False,90
280,3.07008,5.09678,False,90
289,5.1402,29.06829,False,90
290,6.12648,6.12969,False,90
291,6.13223,6.1166,False,90
292,5.05816,6.07774,False,90
293,15.01902,31.0986,False,90
294,10.12029,10.09768,False,90
295,25.04584,36.06071,False,90
296,20.07979,4.01709,False,90
297,6.09127,35.04974,False,90
298,1.02995,33.06465,False,90
299,6.06011,34.02304,False,90
300,6.00155,33.0582,False,90
301,4.08402,33.08339,False,90
302,5.13091,35.08409,False,90
303,5.12126,33.07015,False,90
308,5.05856,31.0767,False,90
317,4.09434,22.04942,False,90
318,6.03875,36.02517,False,90
319,5.14581,30.0567,False,90
320,4.13648,27.03819,False,90
321,3.12715,34.1347,False,90
322,5.05268,18.12764,False,90
323,2.07746,17.06496,False,90
324,1.04646,23.06148,False,90
325,4.12646,25.12156,False,90
326,3.12308,18.04908,False,90
328,5.08221,25.089,False,90
329,6.14706,31.09631,False,90
330,6.08295,28.0221,False,90
331,5.03481,20.02912,False,90
332,5.13337,30.06506,False,90
333,33.07734,30.03767,False,90
334,6.07838,6.06847,False,90
335,5.06995,30.10149,False,90
336,5.04937,30.12483,False,90
337,6.04759,25.10797,False,90
339,5.0266,28.08012,False,90
340,1.0,1.02671,True,90
341,1.0,25.06002,True,90
342,36.10006,5.09953,False,90
343,1.0,1.0,True,90
346,6.00819,27.12489,False,90
347,6.13805,33.08687,False,90
348,6.03857,27.07736,False,90
349,1.01805,25.04225,False,90
350,28.03076,29.13512,False,90
351,6.1388,25.08005,False,90
352,6.13277,34.0562,False,90
353,34.10139,37.09622,False,90
354,34.07828,34.06249,False,90
355,5.01171,23.10996,False,90
357,5.1003,29.0386,False,90
358,6.04183,28.10022,False,90
359,6.00026,32.11911,False,90
361,6.06661,25.06971,False,90
363,35.07657,35.05278,False,90
364,35.04896,35.02056,False,90
365,3.10567,23.00706,False,90
366,5.12506,5.07872,False,90
367,35.01798,35.01721,False,90
370,6.0811,28.13462,False,90
371,6.1287,33.07351,False,90
372,6.14641,33.01068,False,90
373,6.06978,6.06113,False,90
374,1.12513,37.10738,False,90
375,5.13856,23.01799,False,90
376,6.06515,5.00461,False,90
377,6.14362,2.01918,False,90
378,33.11568,28.11543,False,90
379,28.00847,5.11075,False,90
380,34.02976,33.09212,False,90
381,6.08273,5.02786,False,90
383,5.02236,28.00054,False,90
384,6.13317,28.0056,False,90
385,1.13319,25.0691,False,90
386,1.04677,27.1357,False,90
387,2.09995,34.11617,False,90
388,2.11244,5.1134,False,90
389,2.04032,7.06273,False,90
390,3.06339,27.06634,False,90
391,4.00487,23.0988,False,90
394,5.07379,30.10394,False,90
395,35.12594,2.08638,False,90
396,35.12216,3.106,False,90
397,35.12315,4.01471,False,90
398,35.09831,33.09656,False,90
403,6.00307,19.14066,False,90
404,35.00179,34.00948,False,90
405,35.01193,5.11874,False,90
406,6.00037,4.03166,False,90
407,29.14435,28.11789,False,90
408,1.0,4.01566,True,90
412,10.01132,34.0789,False,90
413,20.06593,15.11462,False,90
414,10.10215,31.10713,False,90
415,30.11413,28.0204,False,90
416,33.01916,20.09567,False,90
417,6.14578,23.11362,False,90
418,35.08953,35.02755,False,90
419,33.13087,33.0045,False,90
420,33.08629,33.07926,False,90
421,33.12347,33.04189,False,90
422,28.0552,30.04413,False,90
423,6.0455,23.04882,False,90
425,6.10589,37.08952,False,90
426,6.05634,33.10669,False,90
427,6.08815,6.13453,False,90
428,33.06151,33.03534,False,90
429,33.03707,28.11137,False,90
1,6.04517,23.13884,False,91
3,4.04185,4.00577,False,91
5,6.02212,37.02345,False,91
6,5.02317,33.01879,False,91
7,4.02289,1.0,False,91
9,4.06368,5.08175,False,91
10,5.01345,4.14203,False,91
11,6.10868,1.0,False,91
13,6.08128,6.06803,False,91
17,6.03212,28.02214,False,91
18,6.03426,6.02361,False,91
19,1.0,33.01937,True,91
21,6.05576,29.10949,False,91
22,6.13416,6.1129,False,91
25,6.02306,19.03357,False,91
29,2.0854,5.13321,False,91
30,6.08417,6.14477,False,91
69,2.07005,24.13909,False,91
70,28.10837,23.13211,False,91
71,6.06846,6.04958,False,91
72,33.06355,33.04868,False,91
73,28.04876,28.03457,False,91
74,33.05979,33.02189,False,91
75,34.05338,33.13456,False,91
76,6.09853,28.0828,False,91
77,18.03192,6.08043,False,91
78,6.03116,29.14032,False,91
79,6.12537,6.12086,False,91
82,3.01271,29.07374,False,91
83,3.0595,18.11565,False,91
84,33.05422,1.0,False,91
85,1.0,2.02954,True,91
86,1.0,29.11745,True,91
91,5.10531,5.14155,False,91
92,6.09109,6.05197,False,91
93,6.11709,23.07756,False,91
95,4.10136,5.1472,False,91
98,5.14084,30.09106,False,91
99,22.06267,34.13464,False,91
100,6.06682,35.00236,False,91
101,3.05816,23.11194,False,91
103,6.09256,25.1188,False,91
104,6.09546,30.05828,False,91
106,3.05556,28.06407,False,91
107,4.00572,26.06664,False,91
109,6.14103,34.04339,False,91
110,6.06302,28.09806,False,91
111,3.13366,33.11318,False,91
112,4.08587,22.08439,False,91
113,5.05878,28.0912,False,91
114,2.11737,5.11252,False,91
115,6.01197,5.13441,False,91
116,3.11511,28.0791,False,91
117,4.05853,5.07108,False,91
118,2.07378,18.04397,False,91
120,2.08239,34.10917,False,91
121,2.1283,5.06077,False,91
122,1.04156,5.09774,False,91
123,2.0832100000000002,6.14361,False,91
124,4.05868,37.13511,False,91
125,35.01515,34.13975,False,91
126,35.02876,30.06139,False,91
127,6.01259,24.07269,False,91
128,4.08227,30.10137,False,91
129,6.08979,30.08111,False,91
130,35.14169,35.12298,False,91
131,4.01872,5.07011,False,91
133,3.03674,5.14481,False,91
134,4.03154,5.03239,False,91
135,4.11053,4.05445,False,91
136,6.12875,4.14189,False,91
137,1.0,5.01728,True,91
139,5.13499,5.05753,False,91
140,4.06849,3.04783,False,91
141,6.01602,2.12725,False,91
142,3.05564,3.0676,False,91
143,1.0501,5.04482,False,91
144,4.04798,31.12225,False,91
145,1.0,30.03175,True,91
146,1.0,1.0,True,91
147,2.07664,1.0,False,91
148,1.0,1.0,True,91
149,1.0,18.10265,True,91
150,35.1027,1.0,False,91
151,1.0,1.14055,True,91
153,6.11259,6.07951,False,91
154,6.04859,28.05563,False,91
155,4.09149,37.01827,False,91
156,6.02539,5.13151,False,91
157,1.00767,5.12142,False,91
158,4.05241,18.13515,False,91
159,3.01601,23.02771,False,91
160,4.02557,23.12341,False,91
161,4.07891,18.05647,False,91
162,34.00157,29.08685,False,91
164,5.05978,37.03424,False,91
165,35.14724,6.01662,False,91
166,35.05045,30.13648,False,91
167,6.08866,5.12567,False,91
168,35.13766,1.0,False,91
169,35.10472,30.04219,False,91
173,6.01698,29.09039,False,91
175,3.14278,3.11506,False,91
176,5.06983,5.11921,False,91
177,6.10874,30.06747,False,91
178,34.00171,35.02227,False,91
179,6.14122,34.02504,False,91
180,28.1122,28.08224,False,91
181,33.13981,35.00182,False,91
182,6.13216,10.0489,False,91
183,6.12681,35.08226,False,91
184,6.07933,37.09315,False,91
185,6.12494,28.0147,False,91
186,6.01386,37.0967,False,91
188,1.10805,30.04683,False,91
189,34.12927,34.06476,False,91
190,6.12421,23.12814,False,91
191,6.07424,30.13481,False,91
192,6.13127,25.01347,False,91
193,36.092,35.13159,False,91
194,6.08698,25.06141,False,91
195,6.03672,28.09543,False,91
197,1.08481,30.10781,False,91
198,6.03999,25.05712,False,91
199,6.10089,30.09548,False,91
200,6.11977,6.08259,False,91
201,6.00106,5.11897,False,91
202,37.05303,37.02331,False,91
203,30.10729,30.0594,False,91
204,4.10296,30.03606,False,91
206,2.1211,30.0856,False,91
207,6.08961,28.03225,False,91
208,5.0067,5.13584,False,91
209,28.00465,28.12719,False,91
210,28.11066,28.08846,False,91
211,33.08683,28.01344,False,91
212,5.00043,4.13902,False,91
213,5.1343,13.07187,False,91
216,6.10893,28.14161,False,91
217,6.13328,29.04771,False,91
218,6.07284,30.14685,False,91
219,6.10732,25.11197,False,91
222,5.10008,28.02375,False,91
225,33.13624,33.12801,False,91
226,6.06684,35.09286,False,91
227,34.00694,37.05843,False,91
229,33.05793,33.12308,False,91
230,33.04866,33.03437,False,91
233,6.04814,30.05559,False,91
234,33.02719,30.01174,False,91
235,33.05521,30.00791,False,91
236,4.00673,4.13123,False,91
237,6.1106,5.13618,False,91
242,4.00132,24.09371,False,91
243,6.08557,6.05135,False,91
251,34.07677,34.05592,False,91
252,6.04525,28.10437,False,91
253,4.03637,30.13279,False,91
254,1.01332,4.14413,False,91
255,3.11569,13.08044,False,91
256,2.07934,30.06679,False,91
257,4.09329,20.12025,False,91
258,5.04249,18.10924,False,91
259,33.11878,5.07723,False,91
260,5.13535,5.13253,False,91
262,1.07504,36.07128,False,91
263,4.00645,6.02879,False,91
264,6.03181,29.04993,False,91
265,5.13154,6.13801,False,91
270,33.01042,6.07017,False,91
271,6.1253,28.02623,False,91
272,6.01746,5.11672,False,91
273,6.10115,5.14026,False,91
274,6.05382,5.12718,False,91
275,33.09374,6.08442,False,91
280,3.02074,5.10346,False,91
289,5.14,29.12065,False,91
290,6.10046,6.11164,False,91
291,6.13255,6.13196,False,91
292,5.01808,6.13851,False,91
293,15.09044,30.12778,False,91
294,10.12723,10.11619,False,91
295,25.10488,36.12597,False,91
296,20.04566,4.05211,False,91
297,6.01521,35.06364,False,91
298,2.04169,33.02236,False,91
299,6.04799,34.0498,False,91
300,6.04534,33.11938,False,91
301,4.0157,33.11925,False,91
302,5.10334,35.10452,False,91
303,5.12816,33.05268,False,91
308,3.04702,31.10135,False,91
317,4.03081,22.11697,False,91
318,6.03746,36.09395,False,91
319,5.11428,30.10094,False,91
320,4.01024,27.12048,False,91
321,4.03429,34.05003,False,91
322,5.0359,18.01111,False,91
323,2.0845,17.09658,False,91
324,2.07307,23.023,False,91
325,2.11533,25.03847,False,91
326,3.07285,18.03227,False,91
328,5.01543,25.02788,False,91
329,6.13656,31.11414,False,91
330,6.06795,30.0557,False,91
331,5.0283,20.06168,False,91
332,5.04713,30.14458,False,91
333,33.03556,30.0164,False,91
334,6.06874,6.09405,False,91
335,5.10139,30.08742,False,91
336,5.06497,30.13026,False,91
337,6.04354,25.1063,False,91
339,5.04147,28.08781,False,91
340,1.0,1.03471,True,91
341,1.0,25.07335,True,91
342,36.04812,5.0087,False,91
343,1.0,1.0,True,91
346,6.01758,27.02234,False,91
347,6.0851,33.03503,False,91
348,6.03043,27.09298,False,91
349,2.01628,25.07243,False,91
350,6.14263,29.13179,False,91
351,6.12363,25.14683,False,91
352,6.03932,34.06149,False,91
353,34.04259,37.04561,False,91
354,34.12764,34.12092,False,91
355,4.04728,23.00581,False,91
357,5.09084,28.0093,False,91
358,6.00479,28.08257,False,91
359,6.00453,32.11489,False,91
361,6.06151,25.14613,False,91
363,35.09112,35.07042,False,91
364,35.10998,35.09411,False,91
365,3.05855,23.03425,False,91
366,5.10807,5.08012,False,91
367,35.02155,35.00517,False,91
370,6.07164,28.12893,False,91
371,6.14574,33.03748,False,91
372,6.14326,33.10179,False,91
373,6.09423,6.14091,False,91
374,1.03406,37.13862,False,91
375,5.11509,4.04939,False,91
376,6.02918,5.05359,False,91
377,2.10916,1.0,False,91
378,33.07412,28.05837,False,91
379,28.00993,5.13461,False,91
380,34.03408,33.10177,False,91
381,6.07577,5.00344,False,91
383,5.07337,28.13311,False,91
384,6.08303,30.01432,False,91
385,3.01651,25.08283,False,91
386,1.0714299999999999,27.08834,False,91
387,1.12775,34.06346,False,91
388,2.0199,5.0036,False,91
389,2.03029,7.12751,False,91
390,3.05985,27.00483,False,91
391,2.13035,23.11876,False,91
394,5.13081,30.10788,False,91
395,35.01846,2.0964,False,91
396,35.10702,3.13495,False,91
397,35.10695,4.0225,False,91
398,35.08772,33.11051,False,91
403,6.07267,19.07851,False,91
404,35.0843,34.07257,False,91
405,35.13695,5.13672,False,91
406,4.11232,1.0,False,91
407,29.11554,28.14432,False,91
408,1.0,4.11953,True,91
412,10.11875,34.14677,False,91
413,20.0389,25.09307,False,91
414,10.10451,31.08444,False,91
415,30.08432,28.06886,False,91
416,33.04823,20.04606,False,91
417,6.11985,28.00003,False,91
418,35.07161,35.03853,False,91
419,33.11351,33.03085,False,91
420,33.07395,33.03407,False,91
421,33.11147,33.0231,False,91
422,30.02654,28.09025,False,91
423,6.10891,23.06814,False,91
425,6.01814,5.11305,False,91
426,6.04148,33.12977,False,91
427,6.10252,6.13085,False,91
428,33.1131,33.07547,False,91
429,33.11312,28.11815,False,91
1,6.05048,23.02916,False,92
3,4.14649,4.11072,False,92
5,6.01513,37.0205,False,92
6,5.04527,33.08891,False,92
7,4.03813,1.0,False,92
9,5.07573,5.10824,False,92
10,5.00796,4.07028,False,92
11,6.03561,1.0,False,92
13,6.09504,6.08904,False,92
17,6.01568,28.0945,False,92
18,6.00858,6.00831,False,92
19,1.0,33.10545,True,92
21,6.06601,18.07507,False,92
22,6.08704,6.14705,False,92
25,6.03438,19.04786,False,92
29,2.10481,5.11916,False,92
30,6.06863,6.10035,False,92
69,2.05025,24.08238,False,92
70,28.023,23.14276,False,92
71,6.09987,6.09775,False,92
72,33.06335,33.04454,False,92
73,28.00519,28.10643,False,92
74,33.06975,33.04623,False,92
75,34.01788,33.10629,False,92
76,6.13561,6.13273,False,92
77,18.13003,6.14353,False,92
78,6.02086,29.07356,False,92
79,6.09871,6.09487,False,92
82,6.08104,29.04954,False,92
83,3.08007,18.07996,False,92
84,33.12744,1.0,False,92
85,2.12858,1.0,False,92
86,1.0,29.07462,True,92
91,5.07793,5.1337,False,92
92,6.05302,6.05126,False,92
93,6.10844,23.0627,False,92
95,3.0864,5.13465,False,92
98,5.1044,30.07181,False,92
99,22.06182,34.09056,False,92
100,6.09534,35.03926,False,92
101,3.02378,23.1332,False,92
103,6.08854,25.04962,False,92
104,6.0396,30.14239,False,92
106,3.12269,28.0996,False,92
107,4.08404,26.12432,False,92
109,6.14159,34.05867,False,92
110,6.05905,28.10266,False,92
111,3.09636,33.08682,False,92
112,3.05755,22.11454,False,92
113,5.00504,28.13439,False,92
114,2.11267,5.09079,False,92
115,6.08153,5.14038,False,92
116,3.00394,28.06264,False,92
117,4.13672,5.11201,False,92
118,2.14069,18.10593,False,92
120,2.03794,34.05289,False,92
121,3.06046,5.1405,False,92
122,2.07789,5.13721,False,92
123,2.09055,6.03358,False,92
124,5.10062,37.07775,False,92
125,35.10809,34.02423,False,92
126,35.00891,30.11276,False,92
127,6.14123,24.00755,False,92
128,6.08593,30.13032,False,92
129,6.01705,30.07245,False,92
130,35.11176,35.10617,False,92
131,4.0772,5.03739,False,92
133,3.07933,5.06523,False,92
134,4.01378,5.08733,False,92
135,4.03531,4.07111,False,92
136,4.12516,4.12181,False,92
137,1.0,5.07434,True,92
139,5.0104,5.04868,False,92
140,4.01921,3.07954,False,92
141,6.01807,2.12648,False,92
142,3.00837,3.0293,False,92
143,1.00443,5.08475,False,92
144,4.08383,31.00232,False,92
145,30.08806,1.0,False,92
146,1.0,1.0,True,92
147,2.1233,1.0,False,92
148,1.0,1.0,True,92
149,1.0,18.12919,True,92
150,35.02855,1.0,False,92
151,1.0,1.09018,True,92
153,6.14308,6.143,False,92
154,6.05688,23.10294,False,92
155,4.01335,37.08359,False,92
156,6.08298,5.07867,False,92
157,1.05955,5.10424,False,92
158,4.06634,18.04344,False,92
159,3.03699,23.06624,False,92
160,4.10515,23.06589,False,92
161,4.02762,18.08229,False,92
162,34.09203,29.01589,False,92
164,5.12524,37.01118,False,92
165,35.07373,6.10402,False,92
166,35.09072,30.11264,False,92
167,6.02087,5.10831,False,92
168,35.07059,1.0,False,92
169,35.0562,30.12887,False,92
173,6.01525,28.07322,False,92
175,3.10565,3.14235,False,92
176,5.00865,5.02106,False,92
177,6.10788,30.1166,False,92
178,34.00102,35.06109,False,92
179,6.14696,34.01076,False,92
180,28.03183,28.13605,False,92
181,33.10783,35.04204,False,92
182,6.07868,25.02296,False,92
183,6.08059,35.13512,False,92
184,6.13164,37.09075,False,92
185,6.10244,28.12582,False,92
186,6.06331,37.08384,False,92
188,1.13776,30.13061,False,92
189,34.14262,34.13541,False,92
190,6.09804,23.01261,False,92
191,6.06183,30.04815,False,92
192,6.0444,25.03171,False,92
193,36.07279,35.05907,False,92
194,6.12143,25.08285,False,92
195,6.11025,28.01012,False,92
197,2.1006,30.02118,False,92
198,6.02379,25.02034,False,92
199,6.14292,30.09628,False,92
200,6.13635,6.11265,False,92
201,6.06704,5.12264,False,92
202,37.02003,37.09879,False,92
203,30.05597,30.07747,False,92
204,4.01727,30.13627,False,92
206,2.03224,30.05413,False,92
207,6.0977,28.12306,False,92
208,5.08393,5.07782,False,92
209,28.14505,28.12415,False,92
210,28.00631,28.13288,False,92
211,33.01044,28.03769,False,92
212,5.01158,4.11741,False,92
213,5.11177,13.12235,False,92
216,6.09605,28.10092,False,92
217,6.13727,29.03952,False,92
218,6.11184,30.07084,False,92
219,6.13871,25.08556,False,92
222,5.04518,28.14455,False,92
225,33.14737,33.13315,False,92
226,6.08678,35.09179,False,92
227,34.12636,37.13887,False,92
229,33.10644,33.12459,False,92
230,33.03028,33.06485,False,92
233,6.00008,30.13621,False,92
234,33.00782,30.03435,False,92
235,33.10366,30.05658,False,92
236,4.09469,4.09412,False,92
237,6.00081,5.0929,False,92
242,4.03351,24.10231,False,92
243,6.10483,6.06366,False,92
251,34.11172,34.07665,False,92
252,6.05034,28.01138,False,92
253,4.09779,30.00463,False,92
254,1.10464,4.05374,False,92
255,3.10925,13.14675,False,92
256,2.12559,30.03265,False,92
257,4.06749,20.01941,False,92
258,1.13285,18.11563,False,92
259,33.08659,5.11938,False,92
260,5.09425,5.02185,False,92
262,1.05056,36.05895,False,92
263,3.07465,6.01802,False,92
264,6.12156,29.01804,False,92
265,5.14126,6.01834,False,92
270,33.09711,6.0707699999999996,False,92
271,6.03317,28.06348,False,92
272,6.04911,5.14047,False,92
273,6.06567,5.10283,False,92
274,6.0365,5.08732,False,92
275,33.01366,6.04287,False,92
280,3.08694,5.12335,False,92
289,5.13295,29.09279,False,92
290,6.10011,6.10934,False,92
291,6.14189,6.1326,False,92
292,5.0751,6.06944,False,92
293,15.03798,31.11112,False,92
294,10.0045,6.1201,False,92
295,25.01959,36.12921,False,92
296,20.07515,4.03934,False,92
297,6.00395,35.12624,False,92
298,1.07712,33.07535,False,92
299,6.0473,34.09869,False,92
300,6.01606,33.1429,False,92
301,4.14058,33.02656,False,92
302,6.00969,35.00035,False,92
303,5.1036,33.01252,False,92
308,5.0326,31.03922,False,92
317,3.09071,22.13233,False,92
318,4.11923,36.03014,False,92
319,5.08897,30.14586,False,92
320,4.00159,27.06265,False,92
321,3.06625,34.05879,False,92
322,5.09349,18.01043,False,92
323,2.08213,17.05074,False,92
324,2.11992,23.02681,False,92
325,2.00684,25.0196,False,92
326,3.02402,18.10396,False,92
328,5.07924,25.10554,False,92
329,6.14228,31.07258,False,92
330,6.03949,30.02955,False,92
331,5.03836,20.12288,False,92
332,5.10425,30.08361,False,92
333,33.01863,30.04054,False,92
334,6.07837,6.03377,False,92
335,5.11973,30.12393,False,92
336,5.0812100000000004,30.08193,False,92
337,6.0071,25.07636,False,92
339,5.07744,28.14473,False,92
340,1.0,1.14175,True,92
341,1.0,25.0064,True,92
342,36.03132,5.04423,False,92
343,1.0,1.0,True,92
346,6.06167,27.09409,False,92
347,6.08434,33.06212,False,92
348,6.0493,27.07968,False,92
349,2.05695,25.12504,False,92
350,28.12846,29.08922,False,92
351,6.12354,25.0897,False,92
352,6.09918,34.05135,False,92
353,34.05198,37.08226,False,92
354,34.06583,34.04928,False,92
355,5.00434,23.08691,False,92
357,5.10936,29.10015,False,92
358,6.01521,28.02703,False,92
359,6.00351,32.11873,False,92
361,6.05324,25.14237,False,92
363,35.0704,35.05694,False,92
364,35.12681,35.09248,False,92
365,3.08796,23.1172,False,92
366,5.13415,5.13385,False,92
367,35.00666,35.00396,False,92
370,6.07937,28.09016,False,92
371,6.13399,33.06684,False,92
372,6.13568,33.14389,False,92
373,6.05466,6.07167,False,92
374,1.05724,37.07386,False,92
375,5.09756,4.03057,False,92
376,6.04346,5.00286,False,92
377,6.00983,2.05835,False,92
378,33.11414,28.07801,False,92
379,28.09582,5.03001,False,92
380,34.13435,33.03986,False,92
381,6.04631,5.04924,False,92
383,5.04037,28.12956,False,92
384,6.09479,28.14489,False,92
385,2.11063,25.10229,False,92
386,4.10336,27.05035,False,92
387,1.12808,34.0722,False,92
388,2.01166,5.05495,False,92
389,2.00355,7.09941,False,92
390,3.13378,27.01511,False,92
391,4.00931,23.01562,False,92
394,5.0386,30.12551,False,92
395,35.09405,2.08887,False,92
396,35.03177,3.01477,False,92
397,35.03315,4.07668,False,92
398,35.11306,33.07416,False,92
403,6.01569,19.1081,False,92
404,35.09771,34.12928,False,92
405,35.01011,5.03596,False,92
406,6.04756,4.03446,False,92
407,29.07213,28.08963,False,92
408,1.0,4.12126,True,92
412,10.09974,34.12133,False,92
413,20.02745,25.05738,False,92
414,10.03899,31.02456,False,92
415,30.11514,28.0609,False,92
416,33.04105,20.13897,False,92
417,6.13328,28.11627,False,92
418,35.08089,35.03222,False,92
419,33.11996,33.11161,False,92
420,33.06043,33.052,False,92
421,33.14551,33.05751,False,92
422,28.03133,30.07343,False,92
423,6.11378,23.03384,False,92
425,6.04982,37.13321,False,92
426,6.05104,33.12493,False,92
427,6.09104,6.12201,False,92
428,33.06491,33.08111,False,92
429,33.038,28.09455,False,92
1,6.08553,23.08504,False,93
3,4.03788,4.01146,False,93
5,6.02563,37.02497,False,93
6,5.04466,33.03256,False,93
7,4.0102,1.0,False,93
9,5.0316,5.1406,False,93
10,5.13032,4.12367,False,93
11,6.0116,1.0,False,93
13,6.07973,6.06597,False,93
17,6.03824,28.04037,False,93
18,6.06547,6.08995,False,93
19,1.0,33.03173,True,93
21,6.05606,18.02607,False,93
22,6.08749,6.13654,False,93
25,6.00157,19.05933,False,93
29,3.01908,5.14187,False,93
30,6.10917,6.12743,False,93
69,2.14453,24.04124,False,93
70,28.0022,23.14295,False,93
71,6.06131,28.02323,False,93
72,33.09565,33.01862,False,93
73,28.09905,28.06006,False,93
74,33.04544,37.02254,False,93
75,34.07213,33.11223,False,93
76,6.14092,6.12101,False,93
77,18.14371,6.10581,False,93
78,6.03252,29.04322,False,93
79,6.07027,6.06334,False,93
82,6.04487,29.09429,False,93
83,3.13967,18.0136,False,93
84,33.06243,1.0,False,93
85,2.07622,1.0,False,93
86,1.0,29.01726,True,93
91,5.07534,5.10208,False,93
92,6.04094,6.0333,False,93
93,6.11704,23.09336,False,93
95,4.07538,5.08235,False,93
98,5.10856,30.1351,False,93
99,22.00999,34.11256,False,93
100,6.11752,35.02898,False,93
101,5.06923,23.08651,False,93
103,6.12538,25.12898,False,93
104,6.07731,30.0818,False,93
106,3.10265,28.10832,False,93
107,4.01159,26.07465,False,93
109,6.14299,34.01258,False,93
110,6.0799900000000004,28.11629,False,93
111,3.02862,33.00507,False,93
112,3.05386,22.14385,False,93
113,5.01677,28.08968,False,93
114,2.00844,5.06641,False,93
115,6.03727,5.14307,False,93
116,3.0486,28.12093,False,93
117,4.11682,5.09293,False,93
118,4.02371,18.11444,False,93
120,2.0177,34.07359,False,93
121,3.08988,5.12597,False,93
122,2.00357,5.09989,False,93
123,2.05652,6.11177,False,93
124,2.10553,37.08313,False,93
125,35.03946,34.11688,False,93
126,35.03838,30.12703,False,93
127,6.07509,24.13392,False,93
128,6.1134,30.13594,False,93
129,6.12753,30.04712,False,93
130,35.14514,35.07608,False,93
131,4.00656,5.04651,False,93
133,3.02938,5.13015,False,93
134,4.02009,5.07529,False,93
135,2.03763,4.11172,False,93
136,4.06413,4.1402,False,93
137,4.03895,5.0603,False,93
139,5.13908,5.04553,False,93
140,4.0139,3.02046,False,93
141,6.07855,2.09872,False,93
142,3.1212,3.04746,False,93
143,1.11476,5.09507,False,93
144,4.01044,5.09492,False,93
145,1.0,30.05787,True,93
146,1.0,1.0,True,93
147,2.04655,1.0,False,93
148,1.0,1.0,True,93
149,1.0,18.05004,True,93
150,35.11024,1.0,False,93
151,1.0,1.11811,True,93
153,6.09977,6.08893,False,93
154,6.04111,23.10585,False,93
155,4.12261,5.147,False,93
156,5.00724,28.10808,False,93
157,1.06834,5.10641,False,93
158,4.13907,18.08841,False,93
159,3.00647,23.03563,False,93
160,4.1001,23.07479,False,93
161,4.06285,18.08973,False,93
162,34.02385,29.0523,False,93
164,5.14729,37.12933,False,93
165,35.00478,6.1059,False,93
166,35.01161,30.10772,False,93
167,6.08246,5.0645,False,93
168,35.13527,1.0,False,93
169,35.1391,30.04459,False,93
173,6.00997,28.08872,False,93
175,3.13546,4.11977,False,93
176,5.04638,5.07929,False,93
177,6.08336,30.098019999999998,False,93
178,34.01021,35.02311,False,93
179,6.12811,34.10539,False,93
180,28.08393,28.08847,False,93
181,33.0386,35.02423,False,93
182,6.11712,10.07502,False,93
183,6.13972,35.06776,False,93
184,6.12195,37.14125,False,93
185,6.12954,28.00963,False,93
186,6.03294,37.11096,False,93
188,1.02962,30.1062,False,93
189,34.1083,34.09368,False,93
190,6.12406,23.0859,False,93
191,6.082,30.11471,False,93
192,6.12088,25.13839,False,93
193,36.04315,35.12158,False,93
194,6.0674,25.02943,False,93
195,6.13105,28.07988,False,93
197,1.06315,30.04865,False,93
198,6.06169,25.10255,False,93
199,23.07425,30.12676,False,93
200,6.1054,6.10026,False,93
201,6.07905,5.11839,False,93
202,37.05834,37.01257,False,93
203,6.06703,30.13487,False,93
204,2.04423,30.13767,False,93
206,2.0253,30.00047,False,93
207,6.13526,28.03479,False,93
208,5.09023,5.13045,False,93
209,28.13913,28.03555,False,93
210,28.08167,28.04285,False,93
211,33.0535,28.13625,False,93
212,5.01499,4.13857,False,93
213,5.09189,13.01651,False,93
216,6.10527,28.10042,False,93
217,6.12627,29.02197,False,93
218,6.09309,30.14428,False,93
219,6.14011,25.07893,False,93
222,5.08929,28.12653,False,93
225,33.11886,33.08303,False,93
226,6.09731,35.1427,False,93
227,34.04893,37.12505,False,93
229,33.09999,33.10402,False,93
230,33.04335,33.05565,False,93
233,6.00781,30.14398,False,93
234,33.05183,30.04978,False,93
235,33.0483,30.08508,False,93
236,4.11731,4.05194,False,93
237,6.10172,5.07619,False,93
242,4.07902,24.04982,False,93
243,6.09733,6.00725,False,93
251,34.13485,34.1123,False,93
252,6.06625,28.09791,False,93
253,4.089,30.0495,False,93
254,1.05144,4.14469,False,93
255,3.14311,13.05624,False,93
256,2.09929,30.1307,False,93
257,4.13725,20.00464,False,93
258,1.03388,18.11326,False,93
259,33.01201,5.05082,False,93
260,5.07426,5.01402,False,93
262,1.02786,36.07735,False,93
263,3.0995,6.00852,False,93
264,6.08493,29.02284,False,93
265,5.10161,6.03436,False,93
270,33.04484,6.09044,False,93
271,6.13924,28.06059,False,93
272,6.03178,5.04354,False,93
273,6.1005,5.13109,False,93
274,6.00056,5.10569,False,93
275,33.00559,6.03419,False,93
280,3.0651,5.10281,False,93
289,5.13656,29.06714,False,93
290,6.11396,6.10951,False,93
291,6.11855,6.11108,False,93
292,5.12893,6.02107,False,93
293,15.0431,30.11032,False,93
294,10.09661,6.09091,False,93
295,25.01941,36.06595,False,93
296,20.13004,4.0126,False,93
297,6.02348,35.04713,False,93
298,1.05658,33.1103,False,93
299,6.0397,34.04334,False,93
300,4.06559,33.14063,False,93
301,4.12222,33.06721,False,93
302,6.04174,35.00356,False,93
303,5.13678,33.07207,False,93
308,5.03909,31.00603,False,93
317,4.01335,22.00587,False,93
318,4.12587,36.05061,False,93
319,5.14739,30.1378,False,93
320,4.11293,27.01602,False,93
321,3.13097,34.08676,False,93
322,5.09471,18.07947,False,93
323,2.14595,17.10275,False,93
324,2.13848,23.12749,False,93
325,2.07703,25.14517,False,93
326,3.11031,28.04699,False,93
328,5.12433,25.04742,False,93
329,6.1472999999999995,31.11657,False,93
330,6.03633,30.04268,False,93
331,5.05245,20.11902,False,93
332,6.1048,20.10596,False,93
333,33.11241,30.05242,False,93
334,6.07564,6.06345,False,93
335,5.10122,30.11606,False,93
336,5.00685,30.13098,False,93
337,6.01619,25.13607,False,93
339,5.11575,28.05193,False,93
340,1.0,1.10298,True,93
341,1.0,25.11876,True,93
342,36.1029,5.05964,False,93
343,1.0,1.0,True,93
346,6.02564,27.11782,False,93
347,6.09988,33.05205,False,93
348,6.06203,27.10655,False,93
349,2.13389,25.0983,False,93
350,6.13877,29.08549,False,93
351,6.10465,25.03054,False,93
352,6.07369,34.0206,False,93
353,34.09043,37.10705,False,93
354,34.14257,34.1329,False,93
355,5.0708,23.06158,False,93
357,5.10494,29.12847,False,93
358,6.00763,28.1021,False,93
359,6.00335,32.02039,False,93
361,6.05389,25.12737,False,93
363,35.09553,35.0424,False,93
364,35.10816,35.08758,False,93
365,3.06431,23.12312,False,93
366,5.13226,5.12089,False,93
367,35.03306,35.02897,False,93
370,6.08926,28.11777,False,93
371,6.11474,33.02552,False,93
372,6.14641,33.11536,False,93
373,6.00868,6.11979,False,93
374,1.02544,37.05406,False,93
375,5.01709,23.10078,False,93
376,6.03314,5.02878,False,93
377,6.13061,2.12172,False,93
378,33.05453,28.00425,False,93
379,28.04599,5.03189,False,93
380,34.03288,33.12765,False,93
381,6.11598,5.12146,False,93
383,5.09833,30.13512,False,93
384,6.12485,28.11257,False,93
385,2.0514,25.13855,False,93
386,1.01377,27.00022,False,93
387,2.00407,34.11415,False,93
388,2.07804,5.06851,False,93
389,2.02734,7.08079,False,93
390,3.07674,27.10341,False,93
391,4.01561,23.12692,False,93
394,5.06474,30.13271,False,93
395,35.028,2.03469,False,93
396,35.04034,3.10151,False,93
397,35.07754,4.07956,False,93
398,35.09629,33.04448,False,93
403,6.07095,19.03529,False,93
404,35.10197,34.01121,False,93
405,35.06133,5.12727,False,93
406,4.03258,1.0,False,93
407,29.09515,28.12291,False,93
408,1.0,4.08927,True,93
412,10.0963,34.1185,False,93
413,20.11733,25.02006,False,93
414,10.08416,31.00368,False,93
415,30.00297,28.06634,False,93
416,33.03462,20.12398,False,93
417,6.12607,23.08635,False,93
418,35.01663,35.00472,False,93
419,33.06581,33.02281,False,93
420,33.13435,33.12559,False,93
421,33.09955,33.03797,False,93
422,28.02363,30.06263,False,93
423,6.0911,23.04998,False,93
425,5.1351700000000005,37.10393,False,93
426,6.05956,33.13409,False,93
427,6.10189,6.1396,False,93
428,33.09695,33.10929,False,93
429,33.00821,28.06304,False,93
1,6.07075,23.01882,False,94
3,4.04096,4.00258,False,94
5,6.00616,37.11979,False,94
6,5.09653,33.073,False,94
7,4.09666,1.0,False,94
9,4.05289,5.12446,False,94
10,4.09383,4.11626,False,94
11,6.00305,1.0,False,94
13,6.08226,6.08801,False,94
17,6.02341,28.13379,False,94
18,6.01676,6.06875,False,94
19,1.0,33.13793,True,94
21,6.04956,18.01129,False,94
22,6.10885,6.10773,False,94
25,6.01619,19.06818,False,94
29,3.02422,5.14383,False,94
30,6.04458,6.12761,False,94
69,2.1340500000000002,24.11632,False,94
70,28.14256,23.00886,False,94
71,6.07236,28.05671,False,94
72,33.04037,33.03889,False,94
73,28.02086,28.1276,False,94
74,33.04584,33.03871,False,94
75,34.00703,33.13824,False,94
76,6.14285,28.00321,False,94
77,18.11816,6.0792,False,94
78,6.02809,23.07314,False,94
79,6.07561,6.07121,False,94
82,6.06436,29.11603,False,94
83,3.14309,18.05855,False,94
84,33.03301,1.0,False,94
85,1.0,2.08029,True,94
86,1.0,29.03803,True,94
91,5.0845,5.14345,False,94
92,6.07854,6.06435,False,94
93,6.11846,23.11842,False,94
95,4.07419,5.14228,False,94
98,5.04717,30.00287,False,94
99,22.02889,34.12451,False,94
100,6.08387,35.00125,False,94
101,3.02696,23.07714,False,94
103,6.0632,25.11027,False,94
104,6.00375,30.00517,False,94
106,3.11908,28.102,False,94
107,4.08294,26.12739,False,94
109,6.10796,34.08777,False,94
110,6.05956,28.01905,False,94
111,5.10304,33.13303,False,94
112,4.02872,22.00329,False,94
113,5.14114,28.13167,False,94
114,2.05297,5.10755,False,94
115,6.0219,5.11364,False,94
116,3.00352,28.07536,False,94
117,4.0455,5.14312,False,94
118,2.07432,18.11946,False,94
120,2.05477,34.08601,False,94
121,3.03179,5.09861,False,94
122,1.09005,5.13393,False,94
123,2.13318,6.02262,False,94
124,2.09826,37.10799,False,94
125,35.02921,34.06381,False,94
126,35.00383,30.05527,False,94
127,6.05487,24.14616,False,94
128,6.00432,30.13995,False,94
129,6.05532,30.03255,False,94
130,35.12881,35.11808,False,94
131,4.13025,5.14306,False,94
133,3.03415,5.1131,False,94
134,4.02628,4.01594,False,94
135,4.09905,4.03318,False,94
136,6.00715,4.11651,False,94
137,4.03173,5.11162,False,94
139,5.03182,5.13629,False,94
140,4.11106,3.13159,False,94
141,6.01436,2.1239,False,94
142,3.03891,3.12199,False,94
143,1.03667,5.11284,False,94
144,4.08073,5.08535,False,94
145,1.0,30.01912,True,94
146,1.0,1.0,True,94
147,2.10785,1.0,False,94
148,1.0,1.0,True,94
149,1.0,18.06625,True,94
150,35.10583,1.0,False,94
151,1.0,1.05728,True,94
153,6.11718,6.10192,False,94
154,6.01429,28.05515,False,94
155,4.05794,37.01942,False,94
156,5.05999,28.01875,False,94
157,2.04601,5.11622,False,94
158,4.0028,18.0898,False,94
159,1.05964,23.01683,False,94
160,4.04859,23.13592,False,94
161,4.0751,18.02644,False,94
162,34.02168,29.13708,False,94
164,5.00798,37.13363,False,94
165,35.14334,6.11725,False,94
166,35.12117,30.0531,False,94
167,6.12005,5.12247,False,94
168,35.13915,1.0,False,94
169,35.08475,30.10718,False,94
173,6.01678,29.11914,False,94
175,3.12497,3.13433,False,94
176,5.0373,5.07282,False,94
177,6.10119,30.10365,False,94
178,34.00051,35.0439,False,94
179,6.14685,34.01528,False,94
180,28.05932,28.04765,False,94
181,33.06519,35.04628,False,94
182,6.11868,10.04851,False,94
183,6.0144,35.03915,False,94
184,6.079,37.05788,False,94
185,6.13789,28.14671,False,94
186,6.02208,37.00344,False,94
188,1.07868,30.06654,False,94
189,34.13435,34.08015,False,94
190,6.06178,23.07308,False,94
191,6.03766,30.06592,False,94
192,6.05711,25.00185,False,94
193,36.06337,35.09834,False,94
194,6.01121,25.0926,False,94
195,6.14095,28.00201,False,94
197,1.01402,30.14674,False,94
198,6.04814,25.0026,False,94
199,6.12645,30.07898,False,94
200,6.14585,6.02739,False,94
201,6.00088,5.08302,False,94
202,37.07208,37.0521,False,94
203,30.06053,30.12967,False,94
204,6.13148,30.099,False,94
206,2.03702,30.12594,False,94
207,6.1003,28.0723,False,94
208,4.13407,5.14414,False,94
209,28.02979,28.10161,False,94
210,28.14187,28.0599,False,94
211,33.04441,28.14303,False,94
212,5.0253,4.14203,False,94
213,5.07429,13.14473,False,94
216,6.10586,28.10619,False,94
217,6.13153,29.11125,False,94
218,6.10769,30.12807,False,94
219,6.12825,25.06939,False,94
222,5.12827,28.13155,False,94
225,33.11748,33.0794,False,94
226,6.09098,35.00651,False,94
227,34.0365,37.00117,False,94
229,33.09354,33.10654,False,94
230,33.01127,33.03185,False,94
233,6.02181,30.12902,False,94
234,33.02288,30.10079,False,94
235,33.01015,30.10639,False,94
236,4.03079,4.05106,False,94
237,6.0214,5.10706,False,94
242,4.02106,24.02822,False,94
243,6.13135,6.0046,False,94
251,34.07315,34.05765,False,94
252,6.07569,28.08389,False,94
253,4.06251,30.07493,False,94
254,1.11236,4.0161,False,94
255,3.02584,13.02785,False,94
256,2.09141,30.0781,False,94
257,4.13173,20.04953,False,94
258,1.10486,18.04521,False,94
259,33.12727,5.01375,False,94
260,5.03113,5.00271,False,94
262,1.00652,36.09131,False,94
263,3.13479,6.02219,False,94
264,6.11836,29.09995,False,94
265,5.08586,6.09917,False,94
270,33.01902,6.12357,False,94
271,6.08722,28.14354,False,94
272,6.03567,5.08841,False,94
273,6.08194,5.14378,False,94
274,6.04182,5.10642,False,94
275,33.1213,6.01726,False,94
280,3.12468,5.08309,False,94
289,5.14546,29.05075,False,94
290,6.11598,6.11316,False,94
291,6.14613,6.14612,False,94
292,5.09331,6.06794,False,94
293,15.02146,30.14597,False,94
294,10.01841,6.09729,False,94
295,25.00414,36.01289,False,94
296,20.05152,4.05869,False,94
297,6.00426,35.09367,False,94
298,1.13473,33.01849,False,94
299,6.11225,34.03819,False,94
300,4.04703,33.13867,False,94
301,4.14423,33.11477,False,94
302,5.09648,35.11566,False,94
303,5.07337,33.09718,False,94
308,3.11594,31.07626,False,94
317,3.01971,22.11765,False,94
318,4.1454,36.02646,False,94
319,5.03365,30.10947,False,94
320,4.14399,27.0795,False,94
321,4.05116,34.09518,False,94
322,5.13892,18.02914,False,94
323,2.03808,17.04766,False,94
324,1.14254,23.03535,False,94
325,4.09276,25.13141,False,94
326,4.04478,18.09021,False,94
328,5.05072,25.04798,False,94
329,20.0404,31.14229,False,94
330,6.06095,28.00282,False,94
331,5.02133,20.08057,False,94
332,6.12666,20.13468,False,94
333,33.0338,30.0242,False,94
334,6.08249,6.06709,False,94
335,5.1171,30.03156,False,94
336,5.10013,30.04384,False,94
337,6.01976,25.10614,False,94
339,5.13487,28.10297,False,94
340,1.0,1.0869,True,94
341,1.0,25.07427,True,94
342,36.06647,5.05652,False,94
343,1.0,1.0,True,94
346,6.04211,27.02807,False,94
347,6.10305,33.066159999999996,False,94
348,6.02069,27.10529,False,94
349,2.07846,25.13283,False,94
350,6.14707,29.06937,False,94
351,6.09408,25.12132,False,94
352,6.09248,34.05136,False,94
353,34.06192,37.09877,False,94
354,34.09972,34.07647,False,94
355,5.08974,23.06577,False,94
357,5.09916,29.13154,False,94
358,6.00077,28.0783,False,94
359,6.03413,32.02686,False,94
361,6.09226,25.1128,False,94
363,35.118,35.09513,False,94
364,35.10734,35.08487,False,94
365,3.07662,23.04689,False,94
366,5.09827,5.08917,False,94
367,35.03311,35.01043,False,94
370,6.08554,28.14246,False,94
371,6.0571,33.0245,False,94
372,6.1350999999999996,33.02801,False,94
373,6.04804,6.117,False,94
374,1.02679,37.07122,False,94
375,5.11121,23.06174,False,94
376,6.01822,5.13175,False,94
377,2.00555,1.0,False,94
378,33.08687,28.03997,False,94
379,28.09952,5.11418,False,94
380,34.13086,33.0305,False,94
381,6.08927,5.10607,False,94
383,5.05343,30.10433,False,94
384,6.12341,28.11272,False,94
385,2.06317,25.0844,False,94
386,1.14604,27.10674,False,94
387,1.1169,34.14343,False,94
388,2.04319,5.1049,False,94
389,2.06098,7.01532,False,94
390,3.14232,27.10559,False,94
391,4.11194,23.11358,False,94
394,5.12135,30.07899,False,94
395,35.11694,2.12187,False,94
396,35.09725,3.05965,False,94
397,35.09805,4.01466,False,94
398,35.07042,33.14715,False,94
403,6.0049,19.11212,False,94
404,35.03873,34.09987,False,94
405,35.12994,5.0294,False,94
406,4.07713,1.0,False,94
407,29.03736,28.0478,False,94
408,1.0,4.03594,True,94
412,10.03949,34.05036,False,94
413,20.04451,15.01693,False,94
414,10.13172,31.04345,False,94
415,30.12897,28.02037,False,94
416,33.06499,20.04944,False,94
417,6.12149,23.13458,False,94
418,35.08868,35.01987,False,94
419,33.11988,33.03005,False,94
420,33.11325,33.08407,False,94
421,33.02598,33.01388,False,94
422,28.12995,30.08893,False,94
423,6.05503,23.11758,False,94
425,6.04198,5.10863,False,94
426,6.05497,33.06862,False,94
427,6.05753,6.13071,False,94
428,33.11142,33.10084,False,94
429,33.12258,28.06199,False,94
1,6.05635,23.025,False,95
3,4.11229,4.10098,False,95
5,6.03496,37.08044,False,95
6,5.01382,33.02101,False,95
7,4.0236,1.0,False,95
9,4.04108,5.08615,False,95
10,4.09006,4.02047,False,95
11,6.08311,1.0,False,95
13,6.11282,6.10858,False,95
17,6.02804,28.04421,False,95
18,6.02448,6.01897,False,95
19,1.0,33.10368,True,95
21,6.08606,18.06487,False,95
22,6.12573,6.11822,False,95
25,6.00491,19.04851,False,95
29,2.05454,5.13275,False,95
30,6.04827,6.13992,False,95
69,2.07544,24.12973,False,95
70,28.1331,23.08895,False,95
71,6.07003,6.05944,False,95
72,33.10009,33.024,False,95
73,28.09209,28.1274,False,95
74,33.06753,33.05653,False,95
75,34.04208,33.05572,False,95
76,6.11104,28.11471,False,95
77,18.06033,6.10458,False,95
78,6.04024,29.00448,False,95
79,6.1136800000000004,6.09102,False,95
82,3.03099,29.07306,False,95
83,3.09115,18.02769,False,95
84,33.12289,1.0,False,95
85,2.06343,1.0,False,95
86,1.0,29.04633,True,95
91,5.11123,5.12202,False,95
92,6.08751,6.07454,False,95
93,6.11722,23.10756,False,95
95,4.10866,5.09302,False,95
98,5.12431,30.08813,False,95
99,22.01294,34.09711,False,95
100,6.12333,35.01165,False,95
101,5.08511,23.11511,False,95
103,6.13162,25.12786,False,95
104,6.00326,30.03216,False,95
106,3.09089,28.14477,False,95
107,4.02003,26.02949,False,95
109,6.10176,34.03481,False,95
110,6.08196,28.11539,False,95
111,3.14318,33.04652,False,95
112,4.01337,22.05095,False,95
113,5.0857,28.12281,False,95
114,2.04938,5.0356,False,95
115,6.00184,5.14372,False,95
116,3.10592,28.0816,False,95
117,4.08763,5.08247,False,95
118,2.05352,18.14176,False,95
120,2.0536,34.04481,False,95
121,3.01245,5.12465,False,95
122,1.13082,5.07913,False,95
123,2.02035,6.03144,False,95
124,2.10501,37.12371,False,95
125,35.02004,34.04996,False,95
126,35.03956,30.03204,False,95
127,6.13622,24.12501,False,95
128,4.09198,30.13072,False,95
129,6.04171,30.01026,False,95
130,35.14505,35.09629,False,95
131,4.00883,5.13182,False,95
133,3.07191,5.12248,False,95
134,4.01424,5.14228,False,95
135,2.10673,4.12745,False,95
136,4.13857,4.1215,False,95
137,4.00995,5.09741,False,95
139,5.00012,5.10743,False,95
140,4.00685,3.01961,False,95
141,6.08011,2.14219,False,95
142,3.13668,3.04815,False,95
143,1.05508,5.00229,False,95
144,4.10447,5.04546,False,95
145,30.06335,1.0,False,95
146,1.0,1.0,True,95
147,2.14737,1.0,False,95
148,1.0,1.0,True,95
149,1.0,18.10771,True,95
150,35.0014,1.0,False,95
151,1.0,1.07037,True,95
153,6.10599,6.09183,False,95
154,6.022,28.02324,False,95
155,4.08089,23.03746,False,95
156,6.00223,5.06434,False,95
157,1.10535,5.01082,False,95
158,4.02719,18.01097,False,95
159,1.08169,23.0446,False,95
160,4.0789,23.0732,False,95
161,4.09812,18.13149,False,95
162,34.09465,29.14714,False,95
164,5.05658,37.13737,False,95
165,35.07897,6.00653,False,95
166,35.08164,30.04184,False,95
167,6.10303,5.04527,False,95
168,35.10318,1.0,False,95
169,35.05068,30.1137,False,95
173,6.00608,28.03276,False,95
175,3.05164,3.05975,False,95
176,5.02416,5.01608,False,95
177,6.052,30.08639,False,95
178,34.0307,35.009,False,95
179,6.14585,34.08372,False,95
180,28.02578,28.0656,False,95
181,33.04735,35.00017,False,95
182,6.14694,10.05579,False,95
183,6.08441,35.12433,False,95
184,6.06006,37.06908,False,95
185,6.14041,28.09125,False,95
186,6.05338,37.12434,False,95
188,1.11964,37.09339,False,95
189,34.08472,34.08021,False,95
190,6.14354,23.01724,False,95
191,6.08352,30.10136,False,95
192,6.11169,25.06506,False,95
193,36.02443,35.10212,False,95
194,6.07879,25.06488,False,95
195,6.11286,28.08237,False,95
197,2.04277,29.13845,False,95
198,6.00095,25.02779,False,95
199,6.04505,30.13195,False,95
200,6.1369,6.12557,False,95
201,6.02901,5.11973,False,95
202,37.05593,37.01241,False,95
203,30.09549,30.13639,False,95
204,4.06903,30.14048,False,95
206,2.06393,30.06088,False,95
207,6.04715,28.12658,False,95
208,5.10714,5.1455400000000004,False,95
209,28.08203,28.05506,False,95
210,28.03017,28.1326,False,95
211,33.05708,28.05914,False,95
212,5.07064,4.14611,False,95
213,5.1276,13.09082,False,95
216,6.10162,28.05638,False,95
217,6.13625,29.06281,False,95
218,6.09353,30.13372,False,95
219,6.12338,25.08678,False,95
222,5.1198,28.14282,False,95
225,33.13136,33.12945,False,95
226,6.07534,35.02237,False,95
227,34.04061,37.00591,False,95
229,33.10279,33.11301,False,95
230,33.06945,33.10836,False,95
233,6.03399,30.07351,False,95
234,33.05245,30.06361,False,95
235,33.02827,30.04839,False,95
236,4.13708,4.00594,False,95
237,6.13445,5.06459,False,95
242,4.03675,24.06077,False,95
243,6.0437,6.0195,False,95
251,34.1019,34.07638,False,95
252,6.10503,28.02134,False,95
253,4.08816,30.145,False,95
254,1.14644,4.04259,False,95
255,3.01485,13.02151,False,95
256,2.07254,30.07596,False,95
257,4.10163,20.00755,False,95
258,1.13545,18.05614,False,95
259,33.13269,5.02472,False,95
260,5.1341,5.00462,False,95
262,1.0793,36.00056,False,95
263,3.03845,6.04834,False,95
264,6.12605,29.00303,False,95
265,5.10449,6.06557,False,95
270,33.11592,6.02206,False,95
271,6.11658,28.1307,False,95
272,6.00605,5.07222,False,95
273,6.04097,5.11235,False,95
274,6.00129,5.13146,False,95
275,33.04343,6.07117,False,95
280,3.00713,5.12334,False,95
289,5.13739,29.13498,False,95
290,6.07368,6.11513,False,95
291,6.1372,6.13637,False,95
292,5.00836,6.13392,False,95
293,15.06831,30.08094,False,95
294,10.04427,30.13502,False,95
295,25.04064,36.01506,False,95
296,20.05791,4.03831,False,95
297,6.03483,35.06893,False,95
298,2.091,33.06068,False,95
299,6.07234,34.01436,False,95
300,4.1156,33.12483,False,95
301,4.14161,33.12284,False,95
302,6.03841,35.05108,False,95
303,5.0377,33.00116,False,95
308,5.03703,31.05866,False,95
317,3.07334,22.09267,False,95
318,6.02052,36.11032,False,95
319,5.09437,30.05351,False,95
320,4.05729,27.11427,False,95
321,3.11223,34.11632,False,95
322,5.11215,18.00886,False,95
323,2.01875,17.11309,False,95
324,2.12119,23.0679,False,95
325,2.01175,25.02486,False,95
326,3.11141,18.14356,False,95
328,5.0383,25.02914,False,95
329,6.12029,31.09923,False,95
330,6.02462,30.03069,False,95
331,5.05702,20.04161,False,95
332,5.08546,30.00622,False,95
333,33.01194,30.09386,False,95
334,6.09134,6.0444,False,95
335,5.07705,30.09919,False,95
336,5.03714,30.04185,False,95
337,6.04,25.07122,False,95
339,5.12966,28.07257,False,95
340,1.0,1.14214,True,95
341,1.0,25.01322,True,95
342,36.07704,5.06896,False,95
343,1.0,1.0,True,95
346,6.0617,27.09371,False,95
347,6.12609,33.09316,False,95
348,6.02582,27.02628,False,95
349,2.11953,25.04298,False,95
350,28.01636,29.06261,False,95
351,6.14609,25.11719,False,95
352,6.14175,34.01323,False,95
353,34.0366,37.08423,False,95
354,34.11774,34.06122,False,95
355,5.04954,23.12795,False,95
357,5.09349,28.01029,False,95
358,6.01547,28.09366,False,95
359,6.00901,32.01039,False,95
361,6.06419,25.12057,False,95
363,35.03094,35.02461,False,95
364,35.08946,35.08363,False,95
365,3.05354,23.03901,False,95
366,5.10634,5.10581,False,95
367,35.04616,35.00161,False,95
370,6.05765,28.12717,False,95
371,6.12076,33.10348,False,95
372,6.12967,33.0498,False,95
373,6.05307,6.0978,False,95
374,1.12471,37.05066,False,95
375,5.04848,23.13632,False,95
376,6.11757,5.08523,False,95
377,2.12768,1.0,False,95
378,33.07083,28.12324,False,95
379,28.13541,5.10328,False,95
380,34.09393,33.06641,False,95
381,6.02608,5.14705,False,95
383,5.08842,30.0508,False,95
384,6.14339,28.0106,False,95
385,2.09308,25.06865,False,95
386,4.14308,27.03668,False,95
387,1.0714,34.13953,False,95
388,2.00951,5.13123,False,95
389,2.02113,7.0713799999999996,False,95
390,3.07901,27.08274,False,95
391,2.06766,23.1377,False,95
394,5.11919,30.0451,False,95
395,35.05642,2.13697,False,95
396,35.08256,3.01008,False,95
397,35.10358,4.12751,False,95
398,35.14641,33.00949,False,95
403,6.05552,19.08405,False,95
404,35.04765,34.08505,False,95
405,35.03634,5.06448,False,95
406,4.07343,1.0,False,95
407,29.11567,28.13477,False,95
408,1.0,4.09675,True,95
412,10.09347,34.08252,False,95
413,20.02883,25.12864,False,95
414,10.08593,31.14368,False,95
415,30.12961,28.05146,False,95
416,33.04389,20.09976,False,95
417,6.1435,28.11934,False,95
418,35.06899,35.0635,False,95
419,33.0394,33.03052,False,95
420,33.12093,33.10392,False,95
421,33.09791,33.01923,False,95
422,28.12753,30.03429,False,95
423,6.07503,23.10981,False,95
425,6.11317,5.13124,False,95
426,6.06606,33.11432,False,95
427,6.11403,6.13662,False,95
428,33.09234,33.06797,False,95
429,33.10197,28.03545,False,95
1,6.08865,23.09727,False,96
3,4.09109,4.0843,False,96
5,6.02284,37.0273,False,96
6,5.11048,33.09519,False,96
7,4.0349,1.0,False,96
9,5.03725,5.05075,False,96
10,4.04452,4.04695,False,96
11,6.00547,1.0,False,96
13,6.12744,6.11758,False,96
17,6.02871,28.06554,False,96
18,6.0554,6.07799,False,96
19,1.0,33.14419,True,96
21,6.06938,29.11948,False,96
22,6.13067,6.11566,False,96
25,6.00734,19.07217,False,96
29,2.1084,5.14678,False,96
30,6.04323,6.06262,False,96
69,2.08972,24.11921,False,96
70,28.03348,23.09953,False,96
71,6.0530100000000004,28.09606,False,96
72,33.06371,33.03405,False,96
73,28.11128,28.04047,False,96
74,33.06452,33.05907,False,96
75,34.06829,33.14479,False,96
76,6.13963,6.13439,False,96
77,18.01634,6.13104,False,96
78,6.03798,23.01118,False,96
79,6.09529,6.08218,False,96
82,3.11857,29.05038,False,96
83,3.03214,18.01391,False,96
84,33.14361,1.0,False,96
85,2.05526,1.0,False,96
86,1.0,29.05355,True,96
91,5.08715,5.14356,False,96
92,6.08637,6.08616,False,96
93,6.11018,23.13861,False,96
95,4.12149,5.09208,False,96
98,5.06922,30.09009,False,96
99,22.05495,34.06177,False,96
100,6.12582,35.0502,False,96
101,5.0679,23.09432,False,96
103,6.12036,25.06564,False,96
104,6.02944,30.08782,False,96
106,3.13078,28.04387,False,96
107,4.07902,26.05972,False,96
109,6.12926,34.05246,False,96
110,6.07568,28.05957,False,96
111,3.10316,33.01126,False,96
112,4.10601,22.01086,False,96
113,5.0962,28.07528,False,96
114,2.08395,5.10532,False,96
115,6.01325,5.08837,False,96
116,3.02058,28.07264,False,96
117,4.02959,5.1393,False,96
118,2.14615,18.13432,False,96
120,2.03229,34.09632,False,96
121,3.01504,5.08303,False,96
122,1.12033,5.14092,False,96
123,2.04246,6.00065,False,96
124,2.13913,37.12141,False,96
125,35.06403,34.0391,False,96
126,35.06544,30.1004,False,96
127,6.12793,24.00012,False,96
128,4.0914,30.0234,False,96
129,6.12462,30.14505,False,96
130,35.14637,35.11237,False,96
131,4.07053,5.11911,False,96
133,3.14548,5.13957,False,96
134,4.00398,5.12227,False,96
135,6.07433,4.12313,False,96
136,4.12646,4.12073,False,96
137,1.0,5.09917,True,96
139,5.11548,5.02066,False,96
140,4.07343,3.05391,False,96
141,6.05405,2.11806,False,96
142,3.12019,3.04393,False,96
143,1.03882,5.05449,False,96
144,4.01709,5.09717,False,96
145,30.00425,1.0,False,96
146,1.0,1.0,True,96
147,2.0718,1.0,False,96
148,1.0,1.0,True,96
149,1.0,18.02589,True,96
150,35.09853,1.0,False,96
151,1.0,1.07495,True,96
153,6.12402,6.11979,False,96
154,6.02271,28.03652,False,96
155,4.08852,23.07083,False,96
156,6.01537,5.09345,False,96
157,1.11799,5.04622,False,96
158,4.04915,18.09804,False,96
159,3.03269,23.08186,False,96
160,4.10969,23.081,False,96
161,4.05413,18.01612,False,96
162,34.083,29.10095,False,96
164,5.03187,37.04549,False,96
165,35.05143,6.09371,False,96
166,35.11185,30.09139,False,96
167,6.01125,5.1439,False,96
168,35.05643,1.0,False,96
169,35.07694,30.02763,False,96
173,6.03255,29.05241,False,96
175,3.09083,3.1152,False,96
176,5.04269,5.06781,False,96
177,6.05766,30.1171,False,96
178,34.01108,35.015,False,96
179,6.14401,34.04319,False,96
180,28.12931,28.07758,False,96
181,33.09112,35.00989,False,96
182,6.14365,10.07622,False,96
183,6.11713,35.06706,False,96
184,6.09385,37.113,False,96
185,6.1221,28.13327,False,96
186,6.08585,37.11153,False,96
188,1.13583,30.08779,False,96
189,34.13448,34.03726,False,96
190,6.13857,23.10655,False,96
191,6.08492,30.13169,False,96
192,6.09993,25.14563,False,96
193,36.12305,35.05519,False,96
194,6.14336,25.01885,False,96
195,6.06478,28.06596,False,96
197,1.0025,30.12371,False,96
198,6.03804,25.06639,False,96
199,23.05074,30.06178,False,96
200,6.12038,6.03977,False,96
201,6.00903,5.14343,False,96
202,37.09217,37.05174,False,96
203,30.05148,30.13482,False,96
204,4.0712,30.03471,False,96
206,2.0036,30.02159,False,96
207,6.07852,28.07001,False,96
208,5.06384,5.12852,False,96
209,28.08208,28.02777,False,96
210,28.07088,28.14596,False,96
211,33.02002,28.02631,False,96
212,5.08326,4.13193,False,96
213,5.12929,13.02025,False,96
216,6.11034,28.14605,False,96
217,6.14508,29.09649,False,96
218,6.10907,30.07103,False,96
219,6.08042,25.01528,False,96
222,5.13776,28.10574,False,96
225,33.12682,33.1154,False,96
226,6.09576,35.12641,False,96
227,34.0067,37.07218,False,96
229,33.07636,33.10423,False,96
230,33.04608,33.09744,False,96
233,6.01144,30.1068,False,96
234,33.06137,30.10478,False,96
235,33.00725,30.11574,False,96
236,4.04412,4.12379,False,96
237,6.13666,5.13791,False,96
242,4.03283,24.12815,False,96
243,6.05464,6.00937,False,96
251,34.09187,34.04965,False,96
252,6.07848,28.03157,False,96
253,4.05276,30.05892,False,96
254,1.12184,4.06035,False,96
255,3.14233,13.11454,False,96
256,2.02896,30.06182,False,96
257,4.08589,20.00158,False,96
258,5.00383,18.12706,False,96
259,33.14085,5.05937,False,96
260,5.09976,5.01918,False,96
262,1.0182,36.14196,False,96
263,3.04555,6.01986,False,96
264,6.05005,29.00006,False,96
265,5.09076,6.02843,False,96
270,33.08935,6.05441,False,96
271,6.05679,28.04872,False,96
272,6.04413,5.10366,False,96
273,6.06141,5.13152,False,96
274,6.06173,5.12271,False,96
275,33.03956,6.08949,False,96
280,3.0425,5.05267,False,96
289,5.13256,29.14057,False,96
290,6.1075,6.09103,False,96
291,6.13596,6.12336,False,96
292,5.05212,6.09867,False,96
293,15.01292,30.0969,False,96
294,10.10089,10.10476,False,96
295,25.02151,36.078,False,96
296,20.03112,4.05011,False,96
297,6.00366,35.06962,False,96
298,1.00148,33.13012,False,96
299,6.06517,34.00817,False,96
300,4.08267,33.05512,False,96
301,4.05386,33.14252,False,96
302,6.00771,35.05345,False,96
303,5.06158,33.01234,False,96
308,5.03438,31.06698,False,96
317,3.0427,22.00319,False,96
318,6.03981,36.04226,False,96
319,5.14187,30.08979,False,96
320,4.04227,27.0491,False,96
321,3.06782,34.07714,False,96
322,5.08781,18.02636,False,96
323,2.0688,17.11964,False,96
324,2.13593,23.10979,False,96
325,2.0838200000000002,25.14462,False,96
326,3.0331,18.05436,False,96
328,5.07719,25.03906,False,96
329,6.13862,31.12622,False,96
330,6.09323,30.02203,False,96
331,5.08439,20.03732,False,96
332,6.09711,30.04398,False,96
333,33.0056,30.07483,False,96
334,6.07654,6.08899,False,96
335,5.07737,30.02639,False,96
336,5.12182,30.11616,False,96
337,6.02494,25.11261,False,96
339,5.09166,28.13058,False,96
340,1.0,1.01147,True,96
341,1.0,25.14094,True,96
342,36.06914,5.10581,False,96
343,1.0,1.0,True,96
346,6.04874,27.05094,False,96
347,6.11506,33.05976,False,96
348,6.02964,27.13578,False,96
349,2.0832,25.06367,False,96
350,6.12586,29.06943,False,96
351,6.1466,25.07044,False,96
352,6.11569,34.10408,False,96
353,34.05136,37.04786,False,96
354,34.08826,34.03685,False,96
355,5.07204,23.01801,False,96
357,5.08833,28.05844,False,96
358,6.03694,28.04826,False,96
359,6.05153,32.0549,False,96
361,6.03986,25.13102,False,96
363,35.09311,35.0664,False,96
364,35.11498,35.07274,False,96
365,3.0325,23.08063,False,96
366,5.10212,5.08882,False,96
367,35.03866,35.01356,False,96
370,6.08235,28.08531,False,96
371,6.14045,33.05936,False,96
372,6.12509,33.13607,False,96
373,6.0418,6.14266,False,96
374,1.06951,37.12335,False,96
375,5.07597,4.11371,False,96
376,6.13231,5.0181,False,96
377,6.09838,2.00349,False,96
378,33.08712,28.11062,False,96
379,28.04381,5.11828,False,96
380,34.0552,33.07106,False,96
381,6.05278,5.04563,False,96
383,5.00295,30.00003,False,96
384,6.1378,28.0807,False,96
385,2.13718,25.11462,False,96
386,1.03567,27.00756,False,96
387,2.0389,34.07341,False,96
388,2.09386,5.00028,False,96
389,2.0654,7.14727,False,96
390,3.05339,27.13758,False,96
391,4.00591,23.02645,False,96
394,5.04339,30.14226,False,96
395,35.14636,2.04052,False,96
396,35.11947,3.10479,False,96
397,35.07,4.02133,False,96
398,35.13348,33.0837,False,96
403,6.06869,19.04335,False,96
404,35.08189,34.08281,False,96
405,35.06157,5.05564,False,96
406,6.05516,4.11467,False,96
407,29.00626,28.10944,False,96
408,1.0,4.04177,True,96
412,10.14611,34.14105,False,96
413,20.09854,25.10673,False,96
414,10.06614,31.02733,False,96
415,30.10466,28.09513,False,96
416,33.01893,20.01669,False,96
417,6.12732,28.01998,False,96
418,35.13314,35.09268,False,96
419,33.10838,33.00826,False,96
420,33.06292,33.02942,False,96
421,33.06021,33.03336,False,96
422,6.08254,30.13508,False,96
423,6.13676,23.05803,False,96
425,6.01419,5.11907,False,96
426,6.07447,33.14499,False,96
427,6.04437,6.11896,False,96
428,33.07883,33.06329,False,96
429,33.01803,28.02425,False,96
1,6.0543,23.00824,False,97
3,4.08575,4.01826,False,97
5,6.00836,37.10295,False,97
6,5.06742,33.04917,False,97
7,4.12717,1.0,False,97
9,5.03059,5.13615,False,97
10,5.00358,4.106,False,97
11,6.00858,1.0,False,97
13,6.10765,6.10746,False,97
17,6.01916,28.05209,False,97
18,6.06035,6.05294,False,97
19,1.0,33.0292,True,97
21,6.04409,29.01528,False,97
22,6.12185,6.12091,False,97
25,6.0003,19.06736,False,97
29,3.0814,5.11755,False,97
30,6.07078,6.11989,False,97
69,2.09056,24.08147,False,97
70,28.01838,23.03811,False,97
71,6.07185,28.04212,False,97
72,33.04814,33.03449,False,97
73,28.10695,28.0851,False,97
74,33.04491,37.03213,False,97
75,34.07481,33.14198,False,97
76,6.14398,6.09866,False,97
77,18.05346,6.14015,False,97
78,6.02919,23.01506,False,97
79,6.09935,6.06333,False,97
82,3.12439,29.01908,False,97
83,3.12319,18.04694,False,97
84,33.13305,1.0,False,97
85,1.0,2.04837,True,97
86,1.0,29.04257,True,97
91,5.09016,5.14082,False,97
92,6.05638,6.05532,False,97
93,6.12646,23.00411,False,97
95,4.13212,5.13459,False,97
98,5.08289,30.03719,False,97
99,22.10004,34.11805,False,97
100,6.12487,35.01092,False,97
101,5.12573,23.08227,False,97
103,6.11881,25.13506,False,97
104,6.01112,30.12189,False,97
106,3.11146,28.13205,False,97
107,4.00087,26.04683,False,97
109,6.13565,34.09141,False,97
110,6.08676,28.13116,False,97
111,5.05982,33.01261,False,97
112,3.13708,22.08357,False,97
113,5.11628,28.07497,False,97
114,2.14129,5.14214,False,97
115,6.04586,5.14703,False,97
116,3.04966,28.13603,False,97
117,4.05967,5.1039,False,97
118,2.03455,18.11765,False,97
120,2.1091,34.01293,False,97
121,3.07236,5.06142,False,97
122,1.00756,5.09719,False,97
123,2.10813,6.04456,False,97
124,2.0868,37.05823,False,97
125,35.12435,34.03558,False,97
126,35.05185,30.11202,False,97
127,6.12669,24.06525,False,97
128,4.07106,30.02877,False,97
129,6.11819,30.03013,False,97
130,35.13025,35.08897,False,97
131,4.04369,5.0194,False,97
133,3.09067,5.14073,False,97
134,4.03136,4.13795,False,97
135,4.00338,4.06996,False,97
136,4.13744,4.01046,False,97
137,4.08397,5.10557,False,97
139,5.02132,5.04933,False,97
140,4.0226,3.05721,False,97
141,6.06061,2.07286,False,97
142,3.00773,3.09997,False,97
143,1.02856,5.13141,False,97
144,31.02155,5.09813,False,97
145,30.0083,1.0,False,97
146,1.0,1.0,True,97
147,2.1469,1.0,False,97
148,1.0,1.0,True,97
149,1.0,18.09014,True,97
150,35.13945,1.0,False,97
151,1.0,1.04422,True,97
153,6.08482,6.08215,False,97
154,6.04029,28.03319,False,97
155,4.08272,37.11298,False,97
156,6.1112,5.1443,False,97
157,1.07683,5.07578,False,97
158,4.10033,18.04375,False,97
159,3.1044,23.12095,False,97
160,4.12084,23.07824,False,97
161,4.05234,18.07853,False,97
162,34.09148,29.13808,False,97
164,5.12266,37.14684,False,97
165,35.09843,6.11235,False,97
166,35.12207,30.08504,False,97
167,6.00356,5.0907,False,97
168,35.10565,1.0,False,97
169,35.00738,30.11616,False,97
173,6.00879,29.09602,False,97
175,3.07141,3.06843,False,97
176,5.06549,5.02061,False,97
177,6.1184,30.11475,False,97
178,34.01027,35.02977,False,97
179,6.13891,34.12105,False,97
180,28.13203,28.10156,False,97
181,33.05104,35.0487,False,97
182,6.14246,10.01488,False,97
183,6.09433,35.06466,False,97
184,6.09634,37.14673,False,97
185,6.12389,28.03952,False,97
186,6.09443,37.09806,False,97
188,1.1172900000000001,30.11809,False,97
189,34.14695,34.10409,False,97
190,6.14315,23.13864,False,97
191,6.04559,30.04583,False,97
192,6.07788,25.09942,False,97
193,36.08187,35.08186,False,97
194,6.07341,25.1107,False,97
195,6.10543,28.10653,False,97
197,1.10283,29.10916,False,97
198,6.04353,25.12402,False,97
199,23.12393,29.12876,False,97
200,6.06229,6.03553,False,97
201,6.04112,5.08862,False,97
202,37.01393,37.01675,False,97
203,30.00987,30.11058,False,97
204,4.06868,30.07613,False,97
206,2.11983,30.10835,False,97
207,6.06315,28.1193,False,97
208,5.0888,5.14036,False,97
209,28.05515,28.0864,False,97
210,28.04909,28.10129,False,97
211,33.01586,28.06003,False,97
212,4.11452,5.10936,False,97
213,5.0525,13.06423,False,97
216,6.08246,28.14694,False,97
217,6.14143,29.05556,False,97
218,6.08051,30.12412,False,97
219,6.1397,25.04724,False,97
222,5.12524,28.11642,False,97
225,33.11609,33.10734,False,97
226,6.08873,35.02949,False,97
227,34.1302,37.11294,False,97
229,33.08866,33.11515,False,97
230,33.0594,33.06867,False,97
233,6.0319,30.12922,False,97
234,33.03927,30.02239,False,97
235,33.03896,30.02959,False,97
236,4.01497,4.11857,False,97
237,6.08696,5.078,False,97
242,4.08371,24.1236,False,97
243,6.12144,6.05386,False,97
251,34.05454,34.04048,False,97
252,6.09252,28.06492,False,97
253,4.06928,30.0747,False,97
254,1.12367,4.06024,False,97
255,3.03659,13.00325,False,97
256,2.07195,30.01342,False,97
257,4.09564,20.08762,False,97
258,5.13237,18.05129,False,97
259,33.00798,5.11761,False,97
260,5.03836,5.13317,False,97
262,1.09522,36.09046,False,97
263,3.01669,6.04976,False,97
264,6.11393,29.12235,False,97
265,5.03569,6.11644,False,97
270,33.02915,6.053,False,97
271,6.08615,28.12518,False,97
272,6.08195,5.12564,False,97
273,6.0839,5.1382,False,97
274,6.01326,5.11415,False,97
275,33.03705,6.13377,False,97
280,3.11522,5.10323,False,97
289,5.12694,29.11853,False,97
290,6.09895,6.11991,False,97
291,6.14136,6.12957,False,97
292,5.06467,6.11228,False,97
293,15.01923,30.13384,False,97
294,10.02846,6.10087,False,97
295,25.01535,36.09296,False,97
296,20.00529,4.13627,False,97
297,6.07367,35.11456,False,97
298,2.07951,33.00935,False,97
299,6.10447,34.05539,False,97
300,6.08689,33.11069,False,97
301,4.09764,33.13913,False,97
302,5.05738,35.12598,False,97
303,5.14094,33.03707,False,97
308,3.1042899999999998,31.1352,False,97
317,4.09714,22.09907,False,97
318,6.01813,36.00506,False,97
319,5.14719,30.12187,False,97
320,4.05402,27.06117,False,97
321,3.14442,34.11341,False,97
322,5.09762,18.0721,False,97
323,2.01172,17.09996,False,97
324,2.1216,23.00215,False,97
325,2.05852,25.11971,False,97
326,4.08702,28.05459,False,97
328,5.00802,25.0571,False,97
329,6.12299,31.05906,False,97
330,6.06176,30.0849,False,97
331,5.04168,20.09181,False,97
332,5.09357,30.0648,False,97
333,33.00511,30.01098,False,97
334,6.10675,6.10364,False,97
335,5.07053,30.05762,False,97
336,5.03824,30.06999,False,97
337,6.02543,25.14139,False,97
339,5.05491,28.12198,False,97
340,1.0,1.14541,True,97
341,1.0,25.00025,True,97
342,36.0982,5.09194,False,97
343,1.0,1.0,True,97
346,6.04028,27.11544,False,97
347,6.12239,33.09795,False,97
348,6.03655,27.05055,False,97
349,2.12842,25.02563,False,97
350,28.01581,29.13484,False,97
351,6.13845,25.02756,False,97
352,6.1444,34.01346,False,97
353,34.04778,37.09567,False,97
354,34.10469,34.09035,False,97
355,5.02635,23.13975,False,97
357,5.07366,29.00891,False,97
358,6.00167,28.01851,False,97
359,6.06483,32.0177,False,97
361,6.04461,25.13176,False,97
363,35.09079,35.08515,False,97
364,35.12277,35.08428,False,97
365,3.01649,23.00455,False,97
366,5.1036,5.12572,False,97
367,35.06267,35.0556,False,97
370,6.08581,28.12162,False,97
371,6.14487,33.05689,False,97
372,6.14595,33.12373,False,97
373,6.01929,6.11707,False,97
374,1.06259,37.04712,False,97
375,5.05112,23.10213,False,97
376,6.12273,5.14607,False,97
377,6.11886,2.06617,False,97
378,33.04238,28.05078,False,97
379,28.12444,5.10241,False,97
380,34.11659,33.10534,False,97
381,6.11179,5.09328,False,97
383,5.07685,28.03198,False,97
384,6.14495,28.14401,False,97
385,2.12053,25.14248,False,97
386,4.00669,27.06678,False,97
387,2.05433,34.13495,False,97
388,2.13348,5.02151,False,97
389,2.05002,7.04942,False,97
390,3.1434699999999998,27.05003,False,97
391,2.01706,23.04739,False,97
394,5.01705,30.09967,False,97
395,35.07006,2.14375,False,97
396,35.12018,3.08812,False,97
397,35.04274,4.04722,False,97
398,35.1468,33.12859,False,97
403,6.02323,19.12152,False,97
404,35.03099,34.12515,False,97
405,35.13539,5.08782,False,97
406,6.03222,4.03152,False,97
407,29.02841,28.081,False,97
408,1.0,4.04853,True,97
412,10.02058,34.07289,False,97
413,20.02606,25.03519,False,97
414,10.10423,31.00831,False,97
415,30.0535,28.04082,False,97
416,33.0428,20.03542,False,97
417,6.11567,28.10326,False,97
418,35.05027,35.03771,False,97
419,33.1411,33.11493,False,97
420,33.10097,33.08379,False,97
421,33.08026,33.03769,False,97
422,28.10254,30.03182,False,97
423,6.07886,23.0743,False,97
425,6.13408,37.11,False,97
426,6.05878,33.13144,False,97
427,6.09837,6.14208,False,97
428,33.1362,33.11205,False,97
429,33.05263,28.08869,False,97
1,6.04613,23.12004,False,98
3,4.10638,4.06837,False,98
5,6.04083,37.01655,False,98
6,5.14237,33.01835,False,98
7,4.11987,1.0,False,98
9,4.00533,5.12995,False,98
10,4.06178,5.00483,False,98
11,6.01321,1.0,False,98
13,6.06918,6.09541,False,98
17,6.04045,28.10209,False,98
18,6.01084,6.0696,False,98
19,1.0,33.14738,True,98
21,6.06362,29.06119,False,98
22,6.09548,6.11878,False,98
25,6.00966,19.14244,False,98
29,3.01765,5.14548,False,98
30,6.12932,6.12138,False,98
69,2.08707,24.12062,False,98
70,28.06439,23.11553,False,98
71,6.03443,28.10643,False,98
72,33.04419,33.00984,False,98
73,28.03152,28.13737,False,98
74,33.01423,37.00462,False,98
75,34.04706,33.13126,False,98
76,6.11891,28.06998,False,98
77,18.06724,6.1244,False,98
78,6.04696,23.06355,False,98
79,6.08096,6.07613,False,98
82,6.09406,29.1372,False,98
83,3.00167,18.02257,False,98
84,33.00135,1.0,False,98
85,1.0,2.11596,True,98
86,1.0,29.14081,True,98
91,5.10562,5.13301,False,98
92,6.07224,6.06497,False,98
93,6.11967,23.11164,False,98
95,4.03731,5.07308,False,98
98,5.07421,30.07065,False,98
99,22.00386,34.11584,False,98
100,6.09217,35.00035,False,98
101,5.04349,23.14044,False,98
103,6.1453,25.09649,False,98
104,6.00593,30.12694,False,98
106,3.03311,28.05283,False,98
107,4.0636,26.09644,False,98
109,6.07229,34.12109,False,98
110,6.08831,28.04294,False,98
111,3.06718,33.13054,False,98
112,3.0574500000000002,22.07481,False,98
113,5.09291,28.09524,False,98
114,2.13413,5.14445,False,98
115,6.02535,5.14205,False,98
116,3.14631,28.08199,False,98
117,4.00013,5.06868,False,98
118,2.00543,18.10962,False,98
120,2.05601,34.09855,False,98
121,2.03222,5.13843,False,98
122,2.02059,5.14293,False,98
123,2.06913,6.08878,False,98
124,5.0214,37.09987,False,98
125,35.02346,34.10536,False,98
126,35.03136,30.01848,False,98
127,6.05451,24.0474,False,98
128,4.123,30.05354,False,98
129,6.13825,30.05746,False,98
130,35.12689,35.08205,False,98
131,4.1317,5.13418,False,98
133,3.02581,5.1254,False,98
134,4.01182,4.13334,False,98
135,4.10943,4.06463,False,98
136,4.04309,4.09882,False,98
137,1.0,5.10534,True,98
139,5.14297,5.0024,False,98
140,4.00985,3.12287,False,98
141,6.04766,2.09929,False,98
142,3.01871,3.11058,False,98
143,1.04561,5.1437100000000004,False,98
144,4.06473,31.07556,False,98
145,1.0,30.00289,True,98
146,1.0,1.0,True,98
147,2.11818,1.0,False,98
148,1.0,1.0,True,98
149,1.0,18.13108,True,98
150,35.12077,1.0,False,98
151,1.0,1.14323,True,98
153,6.10319,6.09015,False,98
154,6.05621,23.07887,False,98
155,4.14397,5.14452,False,98
156,6.03215,5.08764,False,98
157,1.1308,5.09069,False,98
158,4.11756,18.03899,False,98
159,1.11455,23.01607,False,98
160,4.11098,23.00397,False,98
161,4.12065,18.05408,False,98
162,34.09099,29.12392,False,98
164,5.13573,37.12281,False,98
165,35.13345,6.00843,False,98
166,35.08941,30.1063,False,98
167,6.11895,5.06767,False,98
168,35.06596,1.0,False,98
169,35.06883,30.02345,False,98
173,6.02162,29.12303,False,98
175,3.06478,3.06508,False,98
176,5.05407,5.06992,False,98
177,6.10322,30.12955,False,98
178,34.00657,35.0173,False,98
179,6.14622,34.03289,False,98
180,28.10509,28.12297,False,98
181,33.12196,35.05231,False,98
182,6.12777,25.13588,False,98
183,6.12839,35.10166,False,98
184,6.10532,37.0908,False,98
185,6.11296,28.13145,False,98
186,6.0399,37.13395,False,98
188,1.14047,30.13163,False,98
189,34.11492,34.09287,False,98
190,6.14226,23.09551,False,98
191,6.02034,30.12599,False,98
192,6.11263,25.01795,False,98
193,36.01558,35.12771,False,98
194,6.12741,25.11333,False,98
195,6.14079,28.11881,False,98
197,1.10798,30.1198,False,98
198,6.00313,25.03821,False,98
199,23.0292,30.05391,False,98
200,6.10802,6.08921,False,98
201,6.03147,5.13346,False,98
202,37.02412,37.06113,False,98
203,20.12663,30.14002,False,98
204,2.03467,30.10318,False,98
206,2.08424,30.03609,False,98
207,6.14076,28.04567,False,98
208,5.04668,5.11266,False,98
209,28.07252,28.04091,False,98
210,28.01837,28.13192,False,98
211,33.0101,28.06421,False,98
212,5.04177,4.1365,False,98
213,5.10758,13.12129,False,98
216,6.08172,28.12497,False,98
217,6.13252,29.13064,False,98
218,6.07366,30.09262,False,98
219,6.11807,25.00401,False,98
222,5.1468,28.10489,False,98
225,33.10234,33.0857,False,98
226,6.07342,35.11211,False,98
227,34.07996,37.05483,False,98
229,33.10614,33.10193,False,98
230,33.06605,33.11433,False,98
233,5.04743,30.04758,False,98
234,33.05278,30.14349,False,98
235,33.03797,30.00061,False,98
236,4.04819,4.08644,False,98
237,6.05355,5.11822,False,98
242,4.04093,24.07041,False,98
243,6.02281,6.01518,False,98
251,34.06335,34.05812,False,98
252,6.11605,28.14024,False,98
253,4.02605,30.09948,False,98
254,1.01662,4.02547,False,98
255,3.01716,13.01243,False,98
256,2.09642,30.10637,False,98
257,4.12795,20.01952,False,98
258,5.09859,18.0981,False,98
259,33.09449,5.12728,False,98
260,5.14654,5.06841,False,98
262,1.00813,36.07919,False,98
263,3.0656,6.0057,False,98
264,6.13419,29.11677,False,98
265,5.14522,6.04047,False,98
270,33.00511,6.0286,False,98
271,6.00033,28.06278,False,98
272,6.00766,5.11591,False,98
273,6.00273,5.14519,False,98
274,6.07047,5.13763,False,98
275,33.06405,6.09429,False,98
280,3.09191,5.14176,False,98
289,5.14136,29.12868,False,98
290,6.13465,6.12479,False,98
291,6.1460799999999995,6.13619,False,98
292,5.04322,6.05522,False,98
293,15.00463,31.02235,False,98
294,10.09215,10.02176,False,98
295,25.02695,36.12492,False,98
296,20.05346,4.12991,False,98
297,6.03644,35.08293,False,98
298,1.0727,33.14121,False,98
299,6.06778,34.01868,False,98
300,4.08131,33.14673,False,98
301,4.08999,33.12289,False,98
302,5.04082,35.12533,False,98
303,5.00054,33.04976,False,98
308,3.046,31.13906,False,98
317,4.01027,22.03025,False,98
318,6.02107,36.02351,False,98
319,5.13377,30.13023,False,98
320,4.12185,27.12878,False,98
321,3.05816,34.09357,False,98
322,5.13925,18.03671,False,98
323,2.04438,17.05533,False,98
324,1.07897,23.04523,False,98
325,2.11631,25.09218,False,98
326,3.05643,18.04788,False,98
328,5.12259,25.09512,False,98
329,6.12484,31.03404,False,98
330,6.08962,28.01896,False,98
331,5.09971,20.03795,False,98
332,5.12429,30.02105,False,98
333,33.02648,30.00527,False,98
334,6.04774,6.0361,False,98
335,5.04634,30.08068,False,98
336,5.00193,30.13371,False,98
337,6.02015,25.06744,False,98
339,5.11209,28.13839,False,98
340,1.0,1.11954,True,98
341,1.0,25.1009,True,98
342,36.14716,5.11041,False,98
343,1.0,1.0,True,98
346,6.06275,27.00715,False,98
347,6.12419,33.09797,False,98
348,6.0311,27.01869,False,98
349,1.01561,25.08407,False,98
350,6.1387,29.10399,False,98
351,6.11461,25.03366,False,98
352,6.10524,34.0044,False,98
353,34.12928,37.0707,False,98
354,34.10547,34.07024,False,98
355,5.02675,23.13425,False,98
357,5.10625,29.13724,False,98
358,6.05447,28.07487,False,98
359,6.03503,32.13495,False,98
361,6.05892,25.11986,False,98
363,35.0976,35.03836,False,98
364,35.0867,35.08625,False,98
365,3.13807,23.14116,False,98
366,5.05543,5.06646,False,98
367,35.04928,35.01748,False,98
370,6.07922,28.13315,False,98
371,6.14062,33.1127,False,98
372,6.13854,33.00594,False,98
373,6.00902,6.11181,False,98
374,1.02308,37.07493,False,98
375,5.00523,4.09547,False,98
376,6.03484,5.11471,False,98
377,2.1062,1.0,False,98
378,33.08446,28.04727,False,98
379,28.13923,5.09378,False,98
380,34.03667,33.00899,False,98
381,6.13566,5.12912,False,98
383,5.02513,29.11345,False,98
384,6.13131,28.03171,False,98
385,2.06019,25.07625,False,98
386,1.02157,27.08714,False,98
387,1.10149,34.10523,False,98
388,3.11556,5.03697,False,98
389,2.00953,7.01892,False,98
390,3.13512,27.10859,False,98
391,2.13678,23.00205,False,98
394,5.1142,30.13561,False,98
395,35.02644,2.10346,False,98
396,35.02371,3.05349,False,98
397,35.11505,4.01594,False,98
398,35.01722,33.04377,False,98
403,6.01417,19.10801,False,98
404,35.14357,34.08975,False,98
405,35.01694,5.11418,False,98
406,6.10259,4.07297,False,98
407,29.01865,28.07587,False,98
408,1.0,4.06482,True,98
412,10.02232,34.11928,False,98
413,20.04649,25.0694,False,98
414,10.12681,31.07831,False,98
415,30.10715,28.04932,False,98
416,33.07186,20.10649,False,98
417,6.13307,28.09267,False,98
418,35.08252,35.07758,False,98
419,33.0217,33.00414,False,98
420,33.05192,33.01482,False,98
421,33.13455,33.08271,False,98
422,28.0487,30.13321,False,98
423,6.09216,23.12799,False,98
425,6.01219,37.0412,False,98
426,6.04998,33.10631,False,98
427,6.10182,6.14021,False,98
428,33.08016,33.13427,False,98
429,33.10698,28.14146,False,98
1,6.07417,23.01898,False,99
3,4.13112,4.04974,False,99
5,6.0454,37.03346,False,99
6,5.06714,33.02935,False,99
7,4.04675,1.0,False,99
9,5.008,5.12929,False,99
10,4.1284,4.00449,False,99
11,6.06596,1.0,False,99
13,6.12569,6.05748,False,99
17,6.01858,29.14193,False,99
18,6.05253,6.02197,False,99
19,1.0,33.00117,True,99
21,6.05703,29.0617,False,99
22,6.0828,6.10683,False,99
25,6.00322,19.11643,False,99
29,3.12463,5.13561,False,99
30,6.10903,6.12225,False,99
69,2.0023,24.02406,False,99
70,28.06362,23.05993,False,99
71,6.06658,28.00355,False,99
72,33.07082,33.02335,False,99
73,28.08133,28.05068,False,99
74,33.05197,33.02882,False,99
75,34.03987,33.12885,False,99
76,6.12155,28.04541,False,99
77,18.07322,6.09713,False,99
78,6.03362,23.04259,False,99
79,6.13244,6.12017,False,99
82,6.02722,29.09292,False,99
83,3.00865,18.0983,False,99
84,33.07437,1.0,False,99
85,1.0,2.01018,True,99
86,1.0,29.01228,True,99
91,5.10304,5.13719,False,99
92,6.07066,6.06733,False,99
93,6.12906,23.13285,False,99
95,4.06017,5.0838,False,99
98,5.02478,30.01881,False,99
99,22.0003,34.10823,False,99
100,6.09957,35.02993,False,99
101,3.11506,23.04773,False,99
103,6.13606,25.13782,False,99
104,6.06363,30.04987,False,99
106,3.04198,28.12721,False,99
107,4.0017,26.00057,False,99
109,6.1081,34.03343,False,99
110,6.10109,28.05602,False,99
111,3.05611,33.11428,False,99
112,3.06961,22.10724,False,99
113,5.01965,28.11775,False,99
114,2.07795,5.11703,False,99
115,6.0044,5.09224,False,99
116,3.05867,28.10983,False,99
117,4.08,5.0774,False,99
118,2.13762,18.01998,False,99
120,2.0550100000000002,34.09996,False,99
121,2.03936,5.08479,False,99
122,1.04886,5.14297,False,99
123,2.07965,6.02923,False,99
124,4.14511,37.11558,False,99
125,35.0981,34.06221,False,99
126,35.10673,30.01943,False,99
127,6.01996,24.0464,False,99
128,6.03475,30.08922,False,99
129,6.06161,30.1042,False,99
130,35.11096,35.01966,False,99
131,4.03004,5.00067,False,99
133,3.11766,5.13763,False,99
134,4.03239,5.0646,False,99
135,6.09664,4.07929,False,99
136,4.00302,4.10227,False,99
137,4.13139,5.0037,False,99
139,5.10857,5.01415,False,99
140,4.01737,3.04652,False,99
141,6.0379,2.089,False,99
142,3.07801,3.09316,False,99
143,1.09333,5.02048,False,99
144,4.024,5.14078,False,99
145,30.05678,1.0,False,99
146,1.0,1.0,True,99
147,2.04341,1.0,False,99
148,1.0,1.0,True,99
149,1.0,18.01838,True,99
150,35.09596,1.0,False,99
151,1.0,1.01315,True,99
153,6.09779,6.0958,False,99
154,6.06462,23.01562,False,99
155,4.07174,23.02821,False,99
156,5.00255,28.11203,False,99
157,1.08116,5.12358,False,99
158,4.07566,18.11953,False,99
159,1.06735,23.02588,False,99
160,4.13006,23.14043,False,99
161,4.09756,18.05453,False,99
162,34.04619,29.11571,False,99
164,5.03694,37.07135,False,99
165,35.0984,6.11548,False,99
166,35.01855,30.12209,False,99
167,6.10425,5.07239,False,99
168,35.03543,1.0,False,99
169,35.00274,30.0567,False,99
173,6.0142,29.06573,False,99
175,3.08865,3.07371,False,99
176,5.04336,5.07533,False,99
177,6.08102,30.11394,False,99
178,34.00392,35.05011,False,99
179,6.13201,34.13085,False,99
180,28.03432,28.08655,False,99
181,33.07604,35.05281,False,99
182,6.12643,10.08022,False,99
183,6.09369,35.13395,False,99
184,6.03086,37.14463,False,99
185,6.09419,28.13684,False,99
186,6.06516,37.07667,False,99
188,1.0102,30.10399,False,99
189,34.06661,34.05327,False,99
190,6.13134,23.07615,False,99
191,6.0428,30.14076,False,99
192,6.12162,25.09027,False,99
193,36.11981,35.06424,False,99
194,6.11717,25.0486,False,99
195,6.08228,28.13623,False,99
197,2.00663,30.10649,False,99
198,6.02489,25.0416,False,99
199,23.02381,30.01552,False,99
200,6.07696,6.04418,False,99
201,6.03326,5.11561,False,99
202,37.06526,37.11825,False,99
203,30.03331,30.0728,False,99
204,6.10769,30.13079,False,99
206,2.0211,30.086,False,99
207,6.03355,28.12379,False,99
208,5.0474,5.1134,False,99
209,28.01434,28.00135,False,99
210,28.14529,28.13847,False,99
211,33.04076,28.00538,False,99
212,5.00294,4.12248,False,99
213,5.11064,13.05006,False,99
216,6.10192,28.11769,False,99
217,6.13875,29.01979,False,99
218,6.08866,30.07551,False,99
219,6.0891,25.11407,False,99
222,5.11973,28.10028,False,99
225,33.13253,33.07106,False,99
226,6.07819,35.00702,False,99
227,34.08267,37.07918,False,99
229,33.11317,33.08475,False,99
230,33.04194,33.06126,False,99
233,6.01364,30.13393,False,99
234,33.03058,30.0789,False,99
235,33.05484,30.12469,False,99
236,4.03882,4.05683,False,99
237,6.13805,5.14593,False,99
242,4.07439,24.13133,False,99
243,6.07855,6.07691,False,99
251,34.06954,34.06252,False,99
252,6.08967,28.0998,False,99
253,4.01804,30.13585,False,99
254,1.1424400000000001,4.09537,False,99
255,3.03776,13.0045,False,99
256,2.01645,30.13888,False,99
257,4.06484,20.07166,False,99
258,1.14717,18.06847,False,99
259,33.06312,5.08242,False,99
260,5.11438,5.0088,False,99
262,1.01027,36.09155,False,99
263,3.05128,6.07805,False,99
264,6.1074,29.04759,False,99
265,5.09988,6.00642,False,99
270,33.03405,6.12262,False,99
271,6.05913,28.04855,False,99
272,6.01191,5.04753,False,99
273,6.07372,5.13509,False,99
274,6.0063,5.09025,False,99
275,33.08747,6.02187,False,99
280,3.0477,5.07101,False,99
289,5.14197,29.08592,False,99
290,6.09468,6.11156,False,99
291,6.13209,6.126,False,99
292,5.11212,6.11903,False,99
293,15.08617,30.13674,False,99
294,10.03468,6.06598,False,99
295,25.01868,36.07228,False,99
296,20.00212,4.02978,False,99
297,6.07262,35.04311,False,99
298,1.09046,33.14348,False,99
299,6.07994,34.0206,False,99
300,6.08368,33.14414,False,99
301,4.09877,33.13827,False,99
302,5.01346,35.06544,False,99
303,33.12006,33.01013,False,99
308,3.01384,31.0553,False,99
317,4.04071,22.0873,False,99
318,4.10129,36.04436,False,99
319,5.12115,30.0513,False,99
320,4.12549,27.07208,False,99
321,3.13326,34.09934,False,99
322,5.03536,18.11524,False,99
323,2.12237,17.08522,False,99
324,2.02748,23.01153,False,99
325,2.1024599999999998,25.09636,False,99
326,4.13828,18.0694,False,99
328,5.13758,25.11253,False,99
329,6.13747,31.04952,False,99
330,6.06918,30.03575,False,99
331,5.05953,20.11659,False,99
332,6.02934,28.03338,False,99
333,33.00712,30.01799,False,99
334,6.04345,6.04887,False,99
335,5.07708,30.01529,False,99
336,5.12152,30.1111,False,99
337,6.02552,25.0757,False,99
339,5.14205,28.02305,False,99
340,1.0,1.10044,True,99
341,1.0,25.1321,True,99
342,36.12037,5.13321,False,99
343,1.0,1.0,True,99
346,6.08938,27.02393,False,99
347,6.13004,33.05285,False,99
348,6.07268,27.10551,False,99
349,2.1032,25.01432,False,99
350,28.07116,29.115,False,99
351,6.12398,25.02015,False,99
352,6.07726,34.09326,False,99
353,34.04654,37.01464,False,99
354,34.1225,34.0866,False,99
355,5.00362,23.01276,False,99
357,5.09063,29.14063,False,99
358,6.03538,28.04969,False,99
359,6.02419,32.02113,False,99
361,6.04523,25.14469,False,99
363,35.05952,35.05727,False,99
364,35.08786,35.05305,False,99
365,3.04546,23.14479,False,99
366,5.0672,5.08778,False,99
367,35.00484,35.00315,False,99
370,6.09157,28.06134,False,99
371,6.1388,33.14447,False,99
372,6.12898,33.10557,False,99
373,6.04473,6.05918,False,99
374,1.1308,37.12582,False,99
375,5.08897,4.06975,False,99
376,6.12296,5.07424,False,99
377,2.13206,1.0,False,99
378,33.10599,28.06139,False,99
379,28.13075,5.13137,False,99
380,34.09599,33.12238,False,99
381,6.07281,5.10549,False,99
383,5.05183,30.0215,False,99
384,6.06553,28.01404,False,99
385,2.01126,25.1385,False,99
386,1.09097,27.00756,False,99
387,2.13484,34.09231,False,99
388,2.04926,5.13435,False,99
389,2.03502,7.05688,False,99
390,3.05643,27.0401,False,99
391,2.0345,23.02831,False,99
394,5.05937,30.092,False,99
395,35.00058,2.07787,False,99
396,35.07229,3.02933,False,99
397,35.03263,4.01468,False,99
398,35.116,33.08735,False,99
403,6.05847,19.08889,False,99
404,35.07854,34.05276,False,99
405,35.06256,5.00132,False,99
406,6.00217,4.10272,False,99
407,29.14457,28.10836,False,99
408,1.0,4.10234,True,99
412,10.0669,34.13855,False,99
413,15.06353,25.14238,False,99
414,10.09805,31.0877,False,99
415,30.02947,28.14581,False,99
416,33.03512,20.13105,False,99
417,6.12524,28.07618,False,99
418,35.09899,35.07866,False,99
419,33.05157,33.00747,False,99
420,33.01247,33.00022,False,99
421,33.14686,33.05315,False,99
422,28.14215,30.12792,False,99
423,6.03884,23.0082,False,99
425,5.02514,37.04922,False,99
426,6.05892,33.12264,False,99
427,6.06461,6.14024,False,99
428,33.07264,33.13692,False,99
429,33.09383,28.04856,False,99
1,6.03727,23.12992,False,100
3,4.11828,4.03342,False,100
5,6.02555,37.07598,False,100
6,5.13953,33.01761,False,100
7,4.01118,1.0,False,100
9,5.02606,5.03923,False,100
10,5.02074,4.13561,False,100
11,6.10425,1.0,False,100
13,6.10895,6.13285,False,100
17,6.02614,28.1433,False,100
18,6.02885,6.0323,False,100
19,1.0,33.14082,True,100
21,6.05124,18.08742,False,100
22,6.10209,6.09874,False,100
25,6.03481,19.04565,False,100
29,2.00475,5.10783,False,100
30,6.12678,6.12329,False,100
69,2.09976,24.07917,False,100
70,28.02574,23.05861,False,100
71,6.05504,28.12786,False,100
72,33.09117,33.07462,False,100
73,28.06389,28.12543,False,100
74,33.08981,33.07045,False,100
75,34.03291,33.13997,False,100
76,6.11493,6.10935,False,100
77,18.10921,6.12043,False,100
78,6.032,23.10741,False,100
79,6.10215,6.1009,False,100
82,6.02784,29.09488,False,100
83,3.06151,18.05601,False,100
84,33.02854,1.0,False,100
85,2.00014,1.0,False,100
86,1.0,29.07029,True,100
91,5.09435,5.09756,False,100
92,6.08119,28.02544,False,100
93,6.08804,23.03714,False,100
95,4.13009,5.13405,False,100
98,5.07746,30.00801,False,100
99,22.03757,34.11896,False,100
100,6.09615,35.0782,False,100
101,3.05459,23.1379,False,100
103,6.13782,25.01744,False,100
104,6.05109,30.01749,False,100
106,3.12804,28.14144,False,100
107,4.01316,26.05944,False,100
109,6.09631,34.03284,False,100
110,6.0815,28.03541,False,100
111,5.01682,33.03951,False,100
112,3.02973,22.002,False,100
113,5.06622,28.00941,False,100
114,2.09575,5.12455,False,100
115,6.014,5.13545,False,100
116,3.01346,28.08503,False,100
117,3.01099,5.12126,False,100
118,2.12483,18.03247,False,100
120,2.01603,34.07508,False,100
121,3.04414,5.14115,False,100
122,2.03226,5.09995,False,100
123,2.02752,6.10357,False,100
124,2.01306,37.10008,False,100
125,35.02475,34.13729,False,100
126,35.09759,30.03911,False,100
127,6.10773,24.03408,False,100
128,6.00291,30.07982,False,100
129,6.08259,30.14615,False,100
130,35.14266,35.09191,False,100
131,4.0215,5.1217,False,100
133,3.12243,5.12585,False,100
134,4.01706,5.12837,False,100
135,2.11526,4.02658,False,100
136,4.10868,4.12093,False,100
137,4.06,5.11236,False,100
139,5.14241,5.05278,False,100
140,4.03113,3.06639,False,100
141,6.09175,2.013,False,100
142,3.1279500000000002,3.03824,False,100
143,1.06814,5.12779,False,100
144,4.06178,5.10098,False,100
145,1.0,30.13622,True,100
146,1.0,1.0,True,100
147,2.05538,1.0,False,100
148,1.0,1.0,True,100
149,1.0,18.01529,True,100
150,35.13624,1.0,False,100
151,1.0,1.04807,True,100
153,6.11746,6.11531,False,100
154,6.05847,23.03124,False,100
155,4.00541,23.01385,False,100
156,6.04131,5.11107,False,100
157,1.06937,5.13756,False,100
158,4.0602,18.05505,False,100
159,1.05782,23.05437,False,100
160,4.0682,23.02689,False,100
161,4.05864,18.10748,False,100
162,34.12162,29.13708,False,100
164,5.00292,37.04112,False,100
165,35.01112,6.06852,False,100
166,35.05998,30.11742,False,100
167,6.09407,5.125,False,100
168,35.05484,1.0,False,100
169,35.13924,30.01676,False,100
173,6.01589,29.14445,False,100
175,3.13962,3.10833,False,100
176,5.05411,5.02889,False,100
177,6.05825,30.10059,False,100
178,34.03907,35.07764,False,100
179,6.12528,34.04588,False,100
180,28.10567,28.09448,False,100
181,33.08674,35.08026,False,100
182,6.13106,25.14075,False,100
183,6.12367,35.04375,False,100
184,6.02013,37.12268,False,100
185,6.1437100000000004,28.11036,False,100
186,6.03496,37.14274,False,100
188,1.12615,30.13407,False,100
189,34.10529,34.09105,False,100
190,6.1149000000000004,23.12605,False,100
191,6.07536,30.13395,False,100
192,6.03598,25.09179,False,100
193,36.01579,35.04969,False,100
194,6.06264,25.00332,False,100
195,6.10112,28.07368,False,100
197,2.03478,30.12418,False,100
198,6.07206,25.05752,False,100
199,23.00089,30.11524,False,100
200,6.10312,6.09031,False,100
201,6.07909,5.14525,False,100
202,37.02822,37.01907,False,100
203,30.05063,30.11217,False,100
204,4.11638,30.09431,False,100
206,2.02215,30.0358,False,100
207,6.11781,28.14588,False,100
208,5.06992,5.05908,False,100
209,28.11749,28.00254,False,100
210,28.04418,28.12391,False,100
211,33.05287,28.02223,False,100
212,5.08971,4.11773,False,100
213,5.14609,13.11214,False,100
216,6.10228,28.08762,False,100
217,6.13736,29.04622,False,100
218,6.11312,30.13691,False,100
219,6.12244,25.05029,False,100
222,5.02853,28.12599,False,100
225,33.10229,33.08474,False,100
226,6.0572,35.04408,False,100
227,34.08182,37.04641,False,100
229,33.11918,33.13079,False,100
230,33.01642,33.01899,False,100
233,6.0065,30.13753,False,100
234,33.01824,30.13424,False,100
235,33.0994,30.07428,False,100
236,4.13556,4.14429,False,100
237,6.12812,5.14228,False,100
242,4.0283,24.11287,False,100
243,6.13489,6.01818,False,100
251,34.07167,34.0128,False,100
252,6.06735,28.03741,False,100
253,4.02378,30.06395,False,100
254,1.02248,4.08523,False,100
255,3.00778,13.09703,False,100
256,2.04468,30.0881,False,100
257,4.10184,20.14731,False,100
258,5.00066,18.09313,False,100
259,33.0289,5.08763,False,100
260,5.08425,5.11137,False,100
262,1.04381,36.09345,False,100
263,3.0049,6.06337,False,100
264,6.07463,29.11423,False,100
265,5.14192,6.00743,False,100
270,33.07815,6.14345,False,100
271,6.10336,28.09559,False,100
272,6.03937,5.13534,False,100
273,6.01627,5.05253,False,100
274,6.00966,5.10261,False,100
275,33.05488,6.09218,False,100
280,3.11755,5.05802,False,100
289,5.14734,29.06712,False,100
290,6.11379,6.13613,False,100
291,6.1352,6.13371,False,100
292,5.03836,6.10967,False,100
293,15.11456,31.08346,False,100
294,10.02678,15.02572,False,100
295,25.0002,36.08857,False,100
296,20.01646,4.00249,False,100
297,6.01709,35.07691,False,100
298,2.02162,33.0237,False,100
299,6.0535,34.03486,False,100
300,4.11035,33.12657,False,100
301,4.12654,33.11771,False,100
302,5.07995,35.10333,False,100
303,5.10502,33.12562,False,100
308,5.01423,31.14324,False,100
317,3.0212,22.12413,False,100
318,6.04336,36.03336,False,100
319,5.13093,30.12271,False,100
320,4.08062,27.01606,False,100
321,3.06073,34.14211,False,100
322,5.06348,18.06459,False,100
323,2.02575,17.06373,False,100
324,1.09402,23.13149,False,100
325,2.05886,25.02527,False,100
326,3.136,18.00626,False,100
328,5.10708,25.0052,False,100
329,20.05527,31.13179,False,100
330,6.02896,28.13774,False,100
331,5.00792,20.01294,False,100
332,5.09716,30.08305,False,100
333,33.03704,30.12887,False,100
334,6.09478,6.08093,False,100
335,5.09659,30.04088,False,100
336,5.09424,30.08759,False,100
337,6.11196,25.12702,False,100
339,5.13161,28.12485,False,100
340,1.0,1.08454,True,100
341,1.0,25.06437,True,100
342,36.01448,5.12288,False,100
343,1.0,1.0,True,100
346,6.03571,27.1392,False,100
347,6.0582,33.03742,False,100
348,6.04162,27.05106,False,100
349,2.0154,25.09415,False,100
350,28.00771,29.07443,False,100
351,6.10786,25.05666,False,100
352,6.09484,34.01442,False,100
353,34.01702,37.08629,False,100
354,34.13169,34.08299,False,100
355,5.01186,23.06061,False,100
357,5.082,29.04401,False,100
358,6.02522,28.07465,False,100
359,6.04494,32.06642,False,100
361,6.08028,25.14432,False,100
363,35.08767,35.07552,False,100
364,35.11522,35.09155,False,100
365,3.13157,23.12703,False,100
366,5.09454,5.09363,False,100
367,35.05563,35.00808,False,100
370,6.08931,28.11182,False,100
371,6.13867,33.00797,False,100
372,6.13806,33.13141,False,100
373,6.01671,6.13744,False,100
374,1.00655,37.08698,False,100
375,5.11711,4.05899,False,100
376,6.12229,5.11188,False,100
377,2.09883,1.0,False,100
378,33.0146,28.03502,False,100
379,28.00571,5.13965,False,100
380,34.03673,33.04733,False,100
381,6.01725,5.07096,False,100
383,5.06016,30.13528,False,100
384,6.12825,28.04127,False,100
385,1.02521,25.13915,False,100
386,4.13403,27.00044,False,100
387,1.10761,34.139,False,100
388,3.04462,5.13973,False,100
389,2.02962,7.02868,False,100
390,3.10152,27.03893,False,100
391,2.04873,23.01157,False,100
394,5.13656,30.11529,False,100
395,35.00389,2.10302,False,100
396,35.02919,3.04751,False,100
397,35.02309,4.05928,False,100
398,35.11352,33.08912,False,100
403,6.08995,19.09,False,100
404,35.11132,34.02449,False,100
405,35.08533,5.0374,False,100
406,6.05043,4.14351,False,100
407,29.09295,28.14607,False,100
408,1.0,4.01542,True,100
412,10.06171,34.12469,False,100
413,20.00417,15.09688,False,100
414,10.08236,31.10162,False,100
415,30.01903,28.03664,False,100
416,33.01093,20.00038,False,100
417,6.13081,28.10951,False,100
418,35.08575,35.07801,False,100
419,33.10027,33.04412,False,100
420,33.14235,33.09217,False,100
421,33.10841,33.1077,False,100
422,30.02573,28.04321,False,100
423,6.04359,23.11849,False,100
425,6.05001,5.05025,False,100
426,6.04872,33.11992,False,100
427,6.11064,6.13878,False,100
428,33.14437,33.12224,False,100
429,33.08555,28.14513,False,100
