iter,program_id,not_filled,lower_cutoff,upper_cutoff
1,1,FALSE,23.04528,6.04667
1,3,FALSE,4.09603,4.11546
1,5,FALSE,37.01784,6.02668
1,6,FALSE,33.02089,5.0551
1,7,FALSE,1,4.00649
1,9,FALSE,5.08909,4.09409
1,10,FALSE,4.13413,5.05398
1,11,FALSE,1,6.10501
1,13,FALSE,6.065,6.06574
1,17,FALSE,29.02802,6.0108
1,18,FALSE,6.03685,6.03388
1,19,TRUE,33.06253,1
1,21,FALSE,18.04945,6.0792
1,22,FALSE,6.1344,6.12917
1,25,FALSE,19.12744,6.02636
1,29,FALSE,5.09816,2.03344
1,30,FALSE,6.11811,6.13109
1,69,FALSE,24.13023,2.11322
1,70,FALSE,23.00473,28.0411
1,71,FALSE,6.08332,6.11171
1,72,FALSE,33.0576,33.07328
1,73,FALSE,28.1166,28.00914
1,74,FALSE,33.01245,33.03539
1,75,FALSE,33.12446,34.04192
1,76,FALSE,6.10911,6.11534
1,77,FALSE,6.1419,18.09162
1,78,FALSE,23.11953,6.04211
1,79,FALSE,6.09701,6.09748
1,82,FALSE,29.01436,6.09584
1,83,FALSE,18.02175,3.0864
1,84,FALSE,1,33.1432
1,85,TRUE,2.01445,1
1,86,TRUE,29.05358,1
1,91,FALSE,5.11407,5.0741
1,92,FALSE,28.01649,6.05991
1,93,FALSE,23.07591,6.11622
1,95,FALSE,5.01025,4.09911
1,98,FALSE,30.13448,4.12335
1,99,FALSE,34.10527,22.00184
1,100,FALSE,35.02064,6.1184
1,101,FALSE,23.11523,3.07249
1,103,FALSE,25.10546,6.13316
1,104,FALSE,30.07133,6.01039
1,106,FALSE,28.03239,3.07943
1,107,FALSE,26.08796,4.03851
1,109,FALSE,34.1059,6.1365
1,110,FALSE,28.09439,6.06643
1,111,FALSE,33.12805,5.06052
1,112,FALSE,22.03523,4.0374
1,113,FALSE,28.10154,5.04122
1,114,FALSE,5.075,2.14243
1,115,FALSE,5.13978,6.05669
1,116,FALSE,28.06965,3.08593
1,117,FALSE,5.03106,3.07844
1,118,FALSE,18.12644,2.00809
1,120,FALSE,34.13791,2.08999
1,121,FALSE,5.08799,3.02439
1,122,FALSE,5.14675,2.05615
1,123,FALSE,6.13842,2.0553
1,124,FALSE,37.12948,5.0101
1,125,FALSE,34.13379,35.03701
1,126,FALSE,30.08515,35.03775
1,127,FALSE,24.08318,6.0687
1,128,FALSE,30.01161,6.03096
1,129,FALSE,30.01662,6.08023
1,130,FALSE,35.11981,35.1248
1,131,FALSE,5.11342,4.13582
1,133,FALSE,5.14638,3.11292
1,134,FALSE,5.11451,4.06721
1,135,FALSE,4.02737,2.04102
1,136,FALSE,4.12075,4.0658
1,137,TRUE,5.11015,1
1,139,FALSE,5.09978,5.0046
1,140,FALSE,3.05736,4.09263
1,141,FALSE,2.04607,6.02149
1,142,FALSE,3.04573,3.13781
1,143,FALSE,5.08557,1.05793
1,144,FALSE,5.12786,4.01743
1,145,FALSE,1,30.07622
1,146,TRUE,1,1
1,147,FALSE,1,2.04663
1,148,TRUE,1,1
1,149,TRUE,18.04996,1
1,150,FALSE,1,35.08358
1,151,TRUE,1.13595,1
1,153,FALSE,6.1143,6.12737
1,154,FALSE,23.12488,6.06123
1,155,FALSE,23.00015,4.08747
1,156,FALSE,5.04887,6.00877
1,157,FALSE,5.07683,2.12889
1,158,FALSE,18.04006,4.04298
1,159,FALSE,23.11375,3.07939
1,160,FALSE,23.11798,4.04841
1,161,FALSE,18.03463,4.01978
1,162,FALSE,29.10585,34.02431
1,164,FALSE,37.13822,5.04764
1,165,FALSE,6.01654,35.00047
1,166,FALSE,30.11248,35.04772
1,167,FALSE,5.10778,6.0647
1,168,FALSE,1,35.12724
1,169,FALSE,30.00793,35.12178
1,173,FALSE,29.01425,6.02989
1,175,FALSE,3.12331,3.1235
1,176,FALSE,5.02532,5.0612
1,177,FALSE,30.10775,6.04815
1,178,FALSE,35.00826,34.02234
1,179,FALSE,34.00907,6.14585
1,180,FALSE,28.02858,28.14611
1,181,FALSE,35.01644,33.03526
1,182,FALSE,10.04636,6.1462
1,183,FALSE,35.11954,6.10231
1,184,FALSE,37.05705,6.13798
1,185,FALSE,28.07003,6.12915
1,186,FALSE,37.07473,6.03969
1,188,FALSE,30.13536,1.07081
1,189,FALSE,34.10743,34.12935
1,190,FALSE,23.06487,6.14433
1,191,FALSE,30.12256,6.05
1,192,FALSE,25.09895,6.12979
1,193,FALSE,35.10878,36.03966
1,194,FALSE,25.07627,6.07445
1,195,FALSE,28.07715,6.01749
1,197,FALSE,30.12493,2.0343
1,198,FALSE,25.05308,6.02623
1,199,FALSE,30.04899,6.11823
1,200,FALSE,6.05205,6.11397
1,201,FALSE,5.05146,6.05461
1,202,FALSE,37.06387,37.06874
1,203,FALSE,30.11828,30.05007
1,204,FALSE,30.12799,4.1256
1,206,FALSE,30.1225,2.03281
1,207,FALSE,28.04937,6.08815
1,208,FALSE,5.14209,5.04907
1,209,FALSE,28.11278,28.09797
1,210,FALSE,28.14469,28.11191
1,211,FALSE,28.02505,33.03262
1,212,FALSE,5.04286,4.14134
1,213,FALSE,13.06474,5.08322
1,216,FALSE,28.13819,6.08539
1,217,FALSE,29.0489,6.13997
1,218,FALSE,30.1303,6.09852
1,219,FALSE,25.04042,6.12776
1,222,FALSE,28.04833,5.0817
1,225,FALSE,33.06775,33.11509
1,226,FALSE,35.07788,6.08281
1,227,FALSE,37.09487,34.13586
1,229,FALSE,33.11058,33.10201
1,230,FALSE,33.06191,33.02112
1,233,FALSE,30.10491,6.00393
1,234,FALSE,30.12545,33.0633
1,235,FALSE,30.13604,33.02028
1,236,FALSE,4.13276,4.05424
1,237,FALSE,5.11889,6.07293
1,242,FALSE,24.14053,4.11842
1,243,FALSE,6.02482,6.07811
1,251,FALSE,34.02384,34.05215
1,252,FALSE,28.12196,6.13311
1,253,FALSE,30.08495,4.03939
1,254,FALSE,4.00358,1.07426
1,255,FALSE,13.02961,3.02494
1,256,FALSE,30.03794,2.0964
1,257,FALSE,20.08889,4.03198
1,258,FALSE,18.11731,1.02731
1,259,FALSE,5.0143,33.09123
1,260,FALSE,5.13606,5.03122
1,262,FALSE,36.12984,1.00078
1,263,FALSE,6.00858,3.04981
1,264,FALSE,29.0431,6.05212
1,265,FALSE,6.0907,5.1157
1,270,FALSE,6.04207,33.01786
1,271,FALSE,28.13351,6.04373
1,272,FALSE,5.07061,6.0539
1,273,FALSE,5.06598,6.04168
1,274,FALSE,5.11594,6.00675
1,275,FALSE,6.07037,33.01544
1,280,FALSE,5.10446,3.01853
1,289,FALSE,29.12931,5.13521
1,290,FALSE,6.1204,6.09621
1,291,FALSE,6.14407,6.14458
1,292,FALSE,6.13166,5.10447
1,293,FALSE,30.10214,15.12897
1,294,FALSE,6.12369,10.06083
1,295,FALSE,36.07435,25.07886
1,296,FALSE,4.12973,20.0465
1,297,FALSE,35.10116,6.12453
1,298,FALSE,33.1374,1.0402
1,299,FALSE,34.04659,6.05977
1,300,FALSE,33.09013,4.1232
1,301,FALSE,33.02148,4.12591
1,302,FALSE,35.03767,5.1065
1,303,FALSE,33.08752,5.03703
1,308,FALSE,31.10126,3.06491
1,317,FALSE,22.09755,4.10506
1,318,FALSE,36.14249,6.03358
1,319,FALSE,30.11257,5.08371
1,320,FALSE,27.10222,4.01892
1,321,FALSE,34.09038,4.0724
1,322,FALSE,18.10442,5.05628
1,323,FALSE,17.07932,2.08756
1,324,FALSE,23.09084,2.13383
1,325,FALSE,25.09611,2.09438
1,326,FALSE,28.10784,3.14073
1,328,FALSE,25.12064,5.13272
1,329,FALSE,31.02755,20.09767
1,330,FALSE,30.02111,6.07108
1,331,FALSE,20.0437,5.03451
1,332,FALSE,30.1316,5.14347
1,333,FALSE,30.11689,33.0905
1,334,FALSE,6.06546,6.06737
1,335,FALSE,30.02761,5.05691
1,336,FALSE,30.14074,5.06455
1,337,FALSE,25.08087,6.05997
1,339,FALSE,28.07332,5.07556
1,340,TRUE,1.04802,1
1,341,TRUE,25.09448,1
1,342,FALSE,5.04199,36.02564
1,343,TRUE,1,1
1,346,FALSE,27.03766,6.02676
1,347,FALSE,33.06725,6.07407
1,348,FALSE,27.09411,6.03379
1,349,FALSE,25.06748,2.14677
1,350,FALSE,29.02517,6.13014
1,351,FALSE,25.06499,6.14385
1,352,FALSE,34.0002,6.0962
1,353,FALSE,37.09145,34.09648
1,354,FALSE,34.08739,34.08754
1,355,FALSE,23.12022,4.059
1,357,FALSE,29.12654,5.09608
1,358,FALSE,28.10758,6.04233
1,359,FALSE,32.09278,6.05827
1,361,FALSE,25.05733,6.06594
1,363,FALSE,35.06897,35.07959
1,364,FALSE,35.05813,35.06372
1,365,FALSE,23.0369,3.05104
1,366,FALSE,5.13824,5.12834
1,367,FALSE,35.01337,35.03777
1,370,FALSE,28.11167,6.08529
1,371,FALSE,33.09121,6.14152
1,372,FALSE,33.05057,6.1407
1,373,FALSE,6.12666,6.01542
1,374,FALSE,37.09844,1.10395
1,375,FALSE,23.03134,5.00988
1,376,FALSE,5.14482,6.11567
1,377,FALSE,2.01907,6.05356
1,378,FALSE,28.0816,33.05759
1,379,FALSE,5.03508,28.10834
1,380,FALSE,33.10583,34.09585
1,381,FALSE,5.06844,6.06799
1,383,FALSE,29.00772,5.04579
1,384,FALSE,30.13424,6.14127
1,385,FALSE,25.05661,3.13009
1,386,FALSE,27.10703,4.08386
1,387,FALSE,34.07158,1.01621
1,388,FALSE,5.12602,3.05006
1,389,FALSE,7.07204,2.01929
1,390,FALSE,27.05594,3.01987
1,391,FALSE,23.02939,4.08295
1,394,FALSE,30.02305,5.05899
1,395,FALSE,2.0059,35.05102
1,396,FALSE,3.10476,35.13786
1,397,FALSE,4.03607,35.00409
1,398,FALSE,33.05839,35.08737
1,403,FALSE,19.10234,6.03589
1,404,FALSE,34.00235,35.01403
1,405,FALSE,5.11362,35.08787
1,406,FALSE,1,4.07701
1,407,FALSE,28.04393,29.01561
1,408,TRUE,4.02361,1
1,412,FALSE,34.11677,10.00247
1,413,FALSE,15.02959,20.06951
1,414,FALSE,31.08054,10.09566
1,415,FALSE,28.06065,30.11582
1,416,FALSE,20.06484,33.06114
1,417,FALSE,28.0024,6.12475
1,418,FALSE,35.03225,35.07115
1,419,FALSE,33.05539,33.12439
1,420,FALSE,33.06575,33.0814
1,421,FALSE,33.08736,33.13139
1,422,FALSE,30.07179,6.14698
1,423,FALSE,23.08778,6.05357
1,425,FALSE,5.13029,6.10048
1,426,FALSE,33.13256,6.06634
1,427,FALSE,6.14122,6.04881
1,428,FALSE,33.07521,33.10632
1,429,FALSE,28.04545,33.1012
2,1,FALSE,23.04987,6.09502
2,3,FALSE,4.05619,4.09668
2,5,FALSE,37.09541,6.03611
2,6,FALSE,33.04143,5.12826
2,7,FALSE,1,4.02852
2,9,FALSE,5.10206,5.06691
2,10,FALSE,4.10401,4.04884
2,11,FALSE,1,6.05275
2,13,FALSE,6.08773,6.05031
2,17,FALSE,29.10424,6.02742
2,18,FALSE,6.0056,6.00425
2,19,TRUE,33.09065,1
2,21,FALSE,18.14173,6.07368
2,22,FALSE,6.1435,6.13385
2,25,FALSE,19.00253,6.03084
2,29,FALSE,5.14447,4.01497
2,30,FALSE,6.11496,6.01959
2,69,FALSE,24.11815,2.09839
2,70,FALSE,23.06923,28.00118
2,71,FALSE,6.08537,6.10504
2,72,FALSE,33.03976,33.05381
2,73,FALSE,28.04199,28.12663
2,74,FALSE,37.04128,33.01884
2,75,FALSE,33.13649,34.02926
2,76,FALSE,6.12016,6.1393
2,77,FALSE,6.12169,18.04116
2,78,FALSE,29.1387,6.02153
2,79,FALSE,6.08494,6.11073
2,82,FALSE,29.0209,6.06748
2,83,FALSE,18.0651,3.07821
2,84,FALSE,1,33.01749
2,85,FALSE,1,2.13646
2,86,TRUE,29.03414,1
2,91,FALSE,5.14619,5.10405
2,92,FALSE,6.06529,6.07223
2,93,FALSE,23.07492,6.12319
2,95,FALSE,5.11157,4.13368
2,98,FALSE,30.06405,5.10943
2,99,FALSE,34.11524,22.08948
2,100,FALSE,35.00604,6.11853
2,101,FALSE,23.09251,5.00399
2,103,FALSE,25.09423,6.12501
2,104,FALSE,30.09194,6.04411
2,106,FALSE,28.13946,3.1455
2,107,FALSE,26.09706,4.00466
2,109,FALSE,34.06109,6.10126
2,110,FALSE,28.09969,6.09671
2,111,FALSE,33.11174,3.04905
2,112,FALSE,22.14393,4.06467
2,113,FALSE,28.07962,5.11985
2,114,FALSE,5.13175,2.10574
2,115,FALSE,5.1198,6.03841
2,116,FALSE,28.10307,3.04331
2,117,FALSE,5.10669,4.09122
2,118,FALSE,18.08652,2.04201
2,120,FALSE,34.1167,2.01883
2,121,FALSE,5.08111,3.06088
2,122,FALSE,5.14117,2.10134
2,123,FALSE,6.06043,2.0587
2,124,FALSE,37.08805,4.05732
2,125,FALSE,34.11654,35.04306
2,126,FALSE,30.13811,35.07568
2,127,FALSE,24.12542,6.05551
2,128,FALSE,30.11308,4.07163
2,129,FALSE,30.10803,6.12145
2,130,FALSE,35.08413,35.14201
2,131,FALSE,5.1032,4.14199
2,133,FALSE,5.14573,3.02515
2,134,FALSE,4.00233,4.09518
2,135,FALSE,4.03898,4.04775
2,136,FALSE,4.09793,4.03374
2,137,TRUE,5.12072,1
2,139,FALSE,5.09802,5.05564
2,140,FALSE,3.07024,4.03629
2,141,FALSE,2.00147,6.11854
2,142,FALSE,3.09432,3.0859
2,143,FALSE,5.00012,1.03938
2,144,FALSE,5.08214,4.14172
2,145,FALSE,1,30.08212
2,146,TRUE,1,1
2,147,FALSE,1,2.05189
2,148,TRUE,1,1
2,149,TRUE,18.00703,1
2,150,FALSE,1,35.03999
2,151,TRUE,1.00377,1
2,153,FALSE,6.08732,6.09886
2,154,FALSE,28.02074,6.03878
2,155,FALSE,37.09021,4.10616
2,156,FALSE,5.12007,6.00098
2,157,FALSE,5.04718,1.07673
2,158,FALSE,18.12365,4.12903
2,159,FALSE,23.0686,3.05378
2,160,FALSE,23.09459,4.10985
2,161,FALSE,18.10006,4.05975
2,162,FALSE,29.14094,34.13876
2,164,FALSE,37.10906,5.10704
2,165,FALSE,6.12931,35.0561
2,166,FALSE,30.02243,35.03951
2,167,FALSE,5.03149,6.04713
2,168,FALSE,1,35.0522
2,169,FALSE,30.01237,35.0671
2,173,FALSE,29.05137,6.02731
2,175,FALSE,4.08135,3.07416
2,176,FALSE,5.0991,5.10103
2,177,FALSE,30.13765,6.09054
2,178,FALSE,35.01314,34.00519
2,179,FALSE,34.0636,6.14391
2,180,FALSE,28.09089,28.13964
2,181,FALSE,35.03262,33.08489
2,182,FALSE,25.04059,6.1236
2,183,FALSE,35.12795,6.08023
2,184,FALSE,37.06888,6.10841
2,185,FALSE,28.09142,6.1216
2,186,FALSE,37.02996,6.01318
2,188,FALSE,37.0239,1.02819
2,189,FALSE,34.09995,34.11468
2,190,FALSE,23.09882,6.08541
2,191,FALSE,30.12607,6.08495
2,192,FALSE,25.03709,6.11269
2,193,FALSE,35.09892,36.11784
2,194,FALSE,25.02409,6.10535
2,195,FALSE,28.11042,6.00297
2,197,FALSE,29.11223,2.03356
2,198,FALSE,25.00507,6.07108
2,199,FALSE,30.03311,6.04531
2,200,FALSE,6.02706,6.0705
2,201,FALSE,5.14019,6.05216
2,202,FALSE,37.10613,37.07155
2,203,FALSE,30.13082,30.07929
2,204,FALSE,30.10072,4.07882
2,206,FALSE,30.00434,2.05893
2,207,FALSE,28.10315,6.07404
2,208,FALSE,5.10079,5.06624
2,209,FALSE,28.05585,28.12214
2,210,FALSE,28.12121,28.08907
2,211,FALSE,28.04588,33.01363
2,212,FALSE,4.14126,5.00302
2,213,FALSE,13.10728,5.12152
2,216,FALSE,28.14086,6.10414
2,217,FALSE,29.00925,6.12699
2,218,FALSE,30.1419,6.08177
2,219,FALSE,25.14202,6.14714
2,222,FALSE,28.09874,5.06491
2,225,FALSE,33.1095,33.12282
2,226,FALSE,35.10156,6.08207
2,227,FALSE,37.09259,34.14014
2,229,FALSE,33.10983,33.10113
2,230,FALSE,33.05355,33.06282
2,233,FALSE,30.13331,6.009
2,234,FALSE,30.09515,33.00934
2,235,FALSE,30.07642,33.07868
2,236,FALSE,4.07201,4.05321
2,237,FALSE,5.0882,6.04866
2,242,FALSE,24.08113,4.08431
2,243,FALSE,6.03812,6.07348
2,251,FALSE,34.03945,34.04625
2,252,FALSE,28.07805,6.08233
2,253,FALSE,30.05252,4.00101
2,254,FALSE,4.08817,1.07566
2,255,FALSE,13.00208,3.09789
2,256,FALSE,30.1371,2.10758
2,257,FALSE,20.05138,4.05353
2,258,FALSE,18.1185,1.07424
2,259,FALSE,5.04737,33.12983
2,260,FALSE,5.05792,5.08365
2,262,FALSE,36.13383,1.08193
2,263,FALSE,6.04313,3.10783
2,264,FALSE,29.07449,6.11152
2,265,FALSE,6.10657,5.12639
2,270,FALSE,6.11833,33.02446
2,271,FALSE,28.11835,6.07988
2,272,FALSE,5.09761,6.02361
2,273,FALSE,5.06653,6.06353
2,274,FALSE,5.10136,6.08065
2,275,FALSE,6.12921,33.03742
2,280,FALSE,5.13794,3.08015
2,289,FALSE,29.02072,5.14541
2,290,FALSE,6.12146,6.09475
2,291,FALSE,6.14443,6.1474
2,292,FALSE,6.07407,5.13797
2,293,FALSE,30.1384,15.13345
2,294,FALSE,6.14741,10.00032
2,295,FALSE,36.05412,25.0998
2,296,FALSE,4.08653,20.04805
2,297,FALSE,35.02707,6.09763
2,298,FALSE,33.06091,1.02541
2,299,FALSE,34.0833,6.08866
2,300,FALSE,33.13256,6.05328
2,301,FALSE,33.13109,4.07392
2,302,FALSE,35.0295,6.03429
2,303,FALSE,33.14274,33.09643
2,308,FALSE,31.14428,3.04109
2,317,FALSE,22.08251,4.06439
2,318,FALSE,36.05221,4.07008
2,319,FALSE,30.14088,5.1081
2,320,FALSE,27.10252,4.14397
2,321,FALSE,34.06905,4.01316
2,322,FALSE,18.03138,5.01933
2,323,FALSE,17.07289,2.01276
2,324,FALSE,23.02592,2.09914
2,325,FALSE,25.00521,2.05011
2,326,FALSE,18.02765,4.01571
2,328,FALSE,25.06275,5.10629
2,329,FALSE,31.09747,6.11689
2,330,FALSE,28.09999,6.08272
2,331,FALSE,20.09309,5.06438
2,332,FALSE,30.09618,5.11188
2,333,FALSE,30.12872,33.03702
2,334,FALSE,6.07951,6.08532
2,335,FALSE,30.04983,5.05919
2,336,FALSE,30.14075,5.06135
2,337,FALSE,25.13822,6.07632
2,339,FALSE,28.12414,5.07304
2,340,TRUE,1.02213,1
2,341,TRUE,25.10117,1
2,342,FALSE,5.08077,36.03054
2,343,TRUE,1,1
2,346,FALSE,27.01708,6.03731
2,347,FALSE,33.08168,6.10174
2,348,FALSE,27.03646,6.06271
2,349,FALSE,25.05968,2.06302
2,350,FALSE,29.05158,6.10684
2,351,FALSE,25.00837,6.13288
2,352,FALSE,34.01654,6.05823
2,353,FALSE,37.078,34.00665
2,354,FALSE,34.08935,34.12647
2,355,FALSE,23.13761,5.05169
2,357,FALSE,29.13476,5.10017
2,358,FALSE,28.0095,6.02718
2,359,FALSE,32.09522,6.01243
2,361,FALSE,25.11008,6.0899
2,363,FALSE,35.07907,35.0812
2,364,FALSE,35.08484,35.11178
2,365,FALSE,23.02396,3.13187
2,366,FALSE,5.09206,5.14403
2,367,FALSE,35.02628,35.06136
2,370,FALSE,28.06656,6.08385
2,371,FALSE,33.05778,6.11816
2,372,FALSE,33.08717,6.1404
2,373,FALSE,6.05462,6.0455
2,374,FALSE,37.13567,1.03543
2,375,FALSE,4.14423,5.03409
2,376,FALSE,5.05054,6.13234
2,377,FALSE,2.07293,6.03552
2,378,FALSE,28.10802,33.10604
2,379,FALSE,5.0194,28.01771
2,380,FALSE,33.05431,34.08616
2,381,FALSE,5.07529,6.03297
2,383,FALSE,29.06335,5.11238
2,384,FALSE,28.04082,6.14085
2,385,FALSE,25.0968,2.07598
2,386,FALSE,27.1292,4.02093
2,387,FALSE,34.01197,1.09692
2,388,FALSE,5.08488,2.06247
2,389,FALSE,7.13359,2.08339
2,390,FALSE,27.14147,3.11852
2,391,FALSE,23.06453,4.14479
2,394,FALSE,30.10119,5.08574
2,395,FALSE,2.07764,35.05196
2,396,FALSE,3.14294,35.07998
2,397,FALSE,4.12069,35.10291
2,398,FALSE,33.06025,35.02618
2,403,FALSE,19.07199,6.07609
2,404,FALSE,34.11628,35.13117
2,405,FALSE,5.05873,35.07303
2,406,FALSE,4.00491,6.0386
2,407,FALSE,28.0169,29.05885
2,408,TRUE,4.14482,1
2,412,FALSE,34.03083,10.04103
2,413,FALSE,25.12955,15.0926
2,414,FALSE,31.02392,10.12344
2,415,FALSE,28.05725,30.0846
2,416,FALSE,20.06347,33.11125
2,417,FALSE,28.10621,6.09451
2,418,FALSE,35.04953,35.05979
2,419,FALSE,33.05653,33.08583
2,420,FALSE,33.04157,33.09097
2,421,FALSE,33.02631,33.03587
2,422,FALSE,30.08691,28.12135
2,423,FALSE,23.00063,6.06057
2,425,FALSE,5.14508,6.04928
2,426,FALSE,33.10067,6.06574
2,427,FALSE,6.12943,6.09677
2,428,FALSE,33.10121,33.11473
2,429,FALSE,28.13836,33.14025
3,1,FALSE,23.14432,6.04502
3,3,FALSE,4.01313,4.04373
3,5,FALSE,37.00601,6.02256
3,6,FALSE,33.10587,5.13918
3,7,FALSE,1,4.08395
3,9,FALSE,5.08037,5.00198
3,10,FALSE,4.10701,4.11067
3,11,FALSE,1,6.05319
3,13,FALSE,6.06032,6.04603
3,17,FALSE,28.02346,6.02625
3,18,FALSE,6.01063,6.03943
3,19,TRUE,33.10014,1
3,21,FALSE,29.00824,6.05003
3,22,FALSE,6.12187,6.13637
3,25,FALSE,19.12655,6.00732
3,29,FALSE,5.09069,2.01061
3,30,FALSE,6.10037,6.06241
3,69,FALSE,24.10047,2.10958
3,70,FALSE,23.04683,28.02028
3,71,FALSE,28.03288,6.06423
3,72,FALSE,33.00809,33.06858
3,73,FALSE,28.05424,28.00218
3,74,FALSE,37.04828,33.09606
3,75,FALSE,33.13795,34.03976
3,76,FALSE,28.00295,6.11752
3,77,FALSE,6.13122,18.06897
3,78,FALSE,23.13381,6.02898
3,79,FALSE,6.088,6.10427
3,82,FALSE,29.13384,6.00606
3,83,FALSE,18.06498,3.02444
3,84,FALSE,1,33.01825
3,85,TRUE,2.09613,1
3,86,TRUE,29.00376,1
3,91,FALSE,5.12616,5.10338
3,92,FALSE,6.06209,6.06781
3,93,FALSE,23.03301,6.09283
3,95,FALSE,5.12455,4.00421
3,98,FALSE,30.06298,5.00634
3,99,FALSE,34.07274,22.002
3,100,FALSE,35.06668,6.11773
3,101,FALSE,23.11707,3.06081
3,103,FALSE,25.11037,6.10548
3,104,FALSE,30.02379,6.01448
3,106,FALSE,28.06344,3.11836
3,107,FALSE,26.08303,4.10119
3,109,FALSE,34.05581,6.11439
3,110,FALSE,28.10612,6.04669
3,111,FALSE,33.06272,3.07172
3,112,FALSE,22.01792,3.0823
3,113,FALSE,28.1309,5.05602
3,114,FALSE,5.13707,2.07901
3,115,FALSE,5.13704,6.0924
3,116,FALSE,28.07207,3.03673
3,117,FALSE,5.12986,4.07203
3,118,FALSE,18.13757,2.0646
3,120,FALSE,34.01764,2.13436
3,121,FALSE,5.02648,3.00694
3,122,FALSE,5.128,2.04771
3,123,FALSE,6.09889,2.09327
3,124,FALSE,37.10189,2.12383
3,125,FALSE,34.08901,35.07347
3,126,FALSE,30.03677,35.0347
3,127,FALSE,24.11763,6.09231
3,128,FALSE,30.02127,6.04265
3,129,FALSE,30.13345,6.08834
3,130,FALSE,35.04459,35.13735
3,131,FALSE,5.0691,4.12197
3,133,FALSE,5.0836,3.02739
3,134,FALSE,4.03439,4.05939
3,135,FALSE,4.13705,6.00743
3,136,FALSE,4.10676,4.05358
3,137,FALSE,5.07334,4.1216
3,139,FALSE,5.0967,5.07072
3,140,FALSE,3.1206,4.08847
3,141,FALSE,2.05642,6.00069
3,142,FALSE,3.00156,3.10039
3,143,FALSE,5.11305,1.11477
3,144,FALSE,5.1465,31.03531
3,145,TRUE,30.07328,1
3,146,TRUE,1,1
3,147,FALSE,1,2.0067
3,148,TRUE,1,1
3,149,TRUE,18.07232,1
3,150,FALSE,1,35.02579
3,151,TRUE,1.03226,1
3,153,FALSE,6.12017,6.12846
3,154,FALSE,28.10401,6.0117
3,155,FALSE,37.05294,4.04673
3,156,FALSE,5.13647,6.02802
3,157,FALSE,5.02982,1.1218
3,158,FALSE,18.06881,4.13276
3,159,FALSE,23.07115,3.12763
3,160,FALSE,23.06937,4.098
3,161,FALSE,18.08883,4.09975
3,162,FALSE,29.11414,34.11861
3,164,FALSE,37.02595,5.10602
3,165,FALSE,6.13627,35.04236
3,166,FALSE,30.08027,35.11794
3,167,FALSE,5.04741,6.09749
3,168,FALSE,1,35.09114
3,169,FALSE,30.05614,35.12422
3,173,FALSE,28.02225,6.02673
3,175,FALSE,3.14235,3.09144
3,176,FALSE,5.00517,5.06386
3,177,FALSE,30.11715,6.07966
3,178,FALSE,35.01556,34.00209
3,179,FALSE,34.09073,6.11475
3,180,FALSE,28.07329,28.11049
3,181,FALSE,35.00964,33.03517
3,182,FALSE,25.02847,6.14174
3,183,FALSE,35.06132,6.11695
3,184,FALSE,37.12252,6.05175
3,185,FALSE,28.022,6.13878
3,186,FALSE,37.00513,6.07342
3,188,FALSE,30.06066,1.02306
3,189,FALSE,34.11934,34.14364
3,190,FALSE,23.05836,6.10105
3,191,FALSE,30.07997,6.05102
3,192,FALSE,25.06777,6.09559
3,193,FALSE,35.07041,36.11644
3,194,FALSE,25.05896,6.08428
3,195,FALSE,28.09907,6.00687
3,197,FALSE,29.0498,2.0108
3,198,FALSE,25.10718,6.09153
3,199,FALSE,30.04932,23.09214
3,200,FALSE,6.00394,6.09273
3,201,FALSE,5.13649,6.13164
3,202,FALSE,37.07255,37.02425
3,203,FALSE,30.06381,30.06382
3,204,FALSE,30.02233,4.01712
3,206,FALSE,30.007,2.02285
3,207,FALSE,28.11129,6.06977
3,208,FALSE,5.12496,4.1409
3,209,FALSE,28.04132,28.1225
3,210,FALSE,28.05962,28.14585
3,211,FALSE,28.0643,33.0452
3,212,FALSE,5.09356,4.12927
3,213,FALSE,13.0382,5.14433
3,216,FALSE,28.13802,6.09022
3,217,FALSE,29.13607,6.14349
3,218,FALSE,30.02212,6.03791
3,219,FALSE,25.01223,6.14095
3,222,FALSE,28.08925,5.10475
3,225,FALSE,33.10315,33.13156
3,226,FALSE,35.09878,6.09746
3,227,FALSE,37.08835,34.05568
3,229,FALSE,33.1252,33.1283
3,230,FALSE,33.06245,33.09117
3,233,FALSE,30.14286,6.032
3,234,FALSE,30.11605,33.03707
3,235,FALSE,30.05545,33.02618
3,236,FALSE,4.06444,4.01328
3,237,FALSE,5.10145,6.04637
3,242,FALSE,24.12379,4.04538
3,243,FALSE,6.03551,6.08661
3,251,FALSE,34.04615,34.06556
3,252,FALSE,28.01547,6.09015
3,253,FALSE,30.02806,4.01095
3,254,FALSE,4.02269,1.09895
3,255,FALSE,13.01782,3.01988
3,256,FALSE,30.08527,2.07049
3,257,FALSE,20.06567,4.01056
3,258,FALSE,18.04282,5.01519
3,259,FALSE,5.04245,33.01331
3,260,FALSE,5.03182,5.12158
3,262,FALSE,36.0989,1.13911
3,263,FALSE,6.03622,3.04379
3,264,FALSE,29.09711,6.1108
3,265,FALSE,6.00927,5.0748
3,270,FALSE,6.09642,33.01306
3,271,FALSE,28.08593,6.10889
3,272,FALSE,5.12545,6.02983
3,273,FALSE,5.13184,6.01532
3,274,FALSE,5.10269,6.00139
3,275,FALSE,6.05845,33.02102
3,280,FALSE,5.07148,3.0367
3,289,FALSE,29.12627,5.13099
3,290,FALSE,6.1002,6.08185
3,291,FALSE,6.13763,6.14402
3,292,FALSE,6.13119,5.11319
3,293,FALSE,30.1261,15.10035
3,294,FALSE,10.03085,10.04569
3,295,FALSE,36.09184,25.04699
3,296,FALSE,4.01844,20.02573
3,297,FALSE,35.07691,6.01118
3,298,FALSE,33.14029,2.01747
3,299,FALSE,34.02723,6.08754
3,300,FALSE,33.10197,6.03399
3,301,FALSE,33.10703,4.08799
3,302,FALSE,35.01577,5.05281
3,303,FALSE,33.06755,5.12475
3,308,FALSE,31.118,3.04105
3,317,FALSE,22.05963,3.03914
3,318,FALSE,36.02757,4.13332
3,319,FALSE,30.13335,5.12043
3,320,FALSE,27.07493,4.03362
3,321,FALSE,34.03724,3.08998
3,322,FALSE,18.11691,5.12767
3,323,FALSE,17.12863,4.00851
3,324,FALSE,23.01415,2.07081
3,325,FALSE,25.07923,4.07684
3,326,FALSE,18.12053,3.06433
3,328,FALSE,25.11633,5.11314
3,329,FALSE,31.1329,6.14208
3,330,FALSE,30.06589,6.01954
3,331,FALSE,20.11003,5.06879
3,332,FALSE,20.13875,6.05595
3,333,FALSE,30.03361,33.02118
3,334,FALSE,6.09872,6.04007
3,335,FALSE,30.08676,5.06133
3,336,FALSE,30.10897,5.02097
3,337,FALSE,25.05157,6.0227
3,339,FALSE,28.03289,5.02403
3,340,TRUE,1.12178,1
3,341,TRUE,25.09777,1
3,342,FALSE,5.01156,36.04174
3,343,TRUE,1,1
3,346,FALSE,27.085,6.03188
3,347,FALSE,33.10433,6.07213
3,348,FALSE,27.03489,6.03941
3,349,FALSE,25.05463,2.01756
3,350,FALSE,29.11327,6.14722
3,351,FALSE,25.06478,6.14694
3,352,FALSE,34.09518,6.12449
3,353,FALSE,37.0685,34.13426
3,354,FALSE,34.10069,34.134
3,355,FALSE,23.12855,4.13321
3,357,FALSE,28.11809,5.09934
3,358,FALSE,28.05207,6.0304
3,359,FALSE,32.07868,6.00051
3,361,FALSE,30.1264,6.03515
3,363,FALSE,35.05956,35.064
3,364,FALSE,35.07994,35.09457
3,365,FALSE,23.04122,3.0214
3,366,FALSE,5.0741,5.08995
3,367,FALSE,35.00081,35.02695
3,370,FALSE,28.14369,6.06949
3,371,FALSE,33.02012,6.13803
3,372,FALSE,33.00726,6.12812
3,373,FALSE,6.07981,6.02894
3,374,FALSE,37.11956,1.10918
3,375,FALSE,4.00186,5.08896
3,376,FALSE,5.09528,6.08982
3,377,FALSE,1,2.00065
3,378,FALSE,28.08405,33.06197
3,379,FALSE,5.09496,28.10187
3,380,FALSE,33.0439,34.08967
3,381,FALSE,5.06797,6.07644
3,383,FALSE,28.13041,5.06063
3,384,FALSE,30.01381,6.11588
3,385,FALSE,25.12009,1.03374
3,386,FALSE,27.08434,1.0948
3,387,FALSE,34.09894,1.13418
3,388,FALSE,5.02776,3.06422
3,389,FALSE,7.08401,2.02014
3,390,FALSE,27.07568,3.11068
3,391,FALSE,23.08628,5.05701
3,394,FALSE,30.04657,5.05679
3,395,FALSE,2.14069,35.04608
3,396,FALSE,3.02541,35.04867
3,397,FALSE,4.03464,35.08372
3,398,FALSE,33.09178,35.02828
3,403,FALSE,19.00739,6.08783
3,404,FALSE,34.06146,35.11995
3,405,FALSE,5.0412,35.13898
3,406,FALSE,1,4.13936
3,407,FALSE,28.05449,29.14409
3,408,TRUE,4.00982,1
3,412,FALSE,34.10886,10.05159
3,413,FALSE,25.09075,20.00184
3,414,FALSE,31.11146,10.08442
3,415,FALSE,28.1262,30.12241
3,416,FALSE,20.06229,33.06671
3,417,FALSE,28.11595,6.14155
3,418,FALSE,35.05529,35.07778
3,419,FALSE,33.04835,33.1346
3,420,FALSE,33.04714,33.07392
3,421,FALSE,33.04843,33.13914
3,422,FALSE,28.04949,30.06446
3,423,FALSE,23.12726,6.06407
3,425,FALSE,37.09331,5.1007
3,426,FALSE,33.08482,6.0659
3,427,FALSE,6.13886,6.07992
3,428,FALSE,33.0751,33.09725
3,429,FALSE,28.01895,33.0449
4,1,FALSE,23.03346,6.04465
4,3,FALSE,4.00052,4.07506
4,5,FALSE,37.11749,6.02791
4,6,FALSE,33.00816,5.13955
4,7,FALSE,1,4.00482
4,9,FALSE,5.12968,5.06086
4,10,FALSE,4.12943,4.0078
4,11,FALSE,1,6.05566
4,13,FALSE,6.08088,6.07775
4,17,FALSE,28.09387,6.02755
4,18,FALSE,6.04702,6.06516
4,19,TRUE,33.00457,1
4,21,FALSE,18.0227,6.05045
4,22,FALSE,6.13892,6.13489
4,25,FALSE,19.06976,6.02065
4,29,FALSE,5.12498,2.13692
4,30,FALSE,6.14388,6.0495
4,69,FALSE,24.10229,2.10696
4,70,FALSE,23.04074,28.06564
4,71,FALSE,6.06346,6.07816
4,72,FALSE,33.00751,33.02768
4,73,FALSE,28.05574,28.05711
4,74,FALSE,37.03529,33.02106
4,75,FALSE,33.14267,34.08416
4,76,FALSE,28.08701,6.12108
4,77,FALSE,6.10781,18.06097
4,78,FALSE,23.01983,6.02784
4,79,FALSE,6.112,6.12595
4,82,FALSE,29.06092,6.05281
4,83,FALSE,18.13253,3.13618
4,84,FALSE,1,33.02866
4,85,TRUE,2.10255,1
4,86,TRUE,29.04397,1
4,91,FALSE,5.10669,5.05295
4,92,FALSE,28.07818,6.07912
4,93,FALSE,23.14169,6.10914
4,95,FALSE,5.14488,4.1336
4,98,FALSE,30.01417,5.12391
4,99,FALSE,34.10905,22.04327
4,100,FALSE,35.024,6.05637
4,101,FALSE,23.14451,3.05121
4,103,FALSE,25.10245,6.14207
4,104,FALSE,30.0968,6.02871
4,106,FALSE,28.08469,3.14141
4,107,FALSE,26.09879,4.0021
4,109,FALSE,34.05378,6.11582
4,110,FALSE,28.13682,6.0873
4,111,FALSE,33.12252,3.13968
4,112,FALSE,22.03814,3.00179
4,113,FALSE,28.1359,5.07422
4,114,FALSE,5.13857,2.10647
4,115,FALSE,5.10234,6.00878
4,116,FALSE,28.13112,3.08003
4,117,FALSE,5.07255,4.07424
4,118,FALSE,18.03629,2.01177
4,120,FALSE,34.07562,2.06234
4,121,FALSE,5.13247,3.0838
4,122,FALSE,5.13797,2.06424
4,123,FALSE,6.10729,2.08399
4,124,FALSE,37.05285,2.01761
4,125,FALSE,34.00252,35.01217
4,126,FALSE,30.13233,35.01354
4,127,FALSE,24.03263,6.08212
4,128,FALSE,30.14521,4.11364
4,129,FALSE,30.12134,6.1405
4,130,FALSE,35.0816,35.14534
4,131,FALSE,5.09188,4.02143
4,133,FALSE,5.13608,3.11066
4,134,FALSE,5.07734,4.04053
4,135,FALSE,4.10509,2.12494
4,136,FALSE,4.09383,4.09133
4,137,FALSE,5.1411,4.0202
4,139,FALSE,5.08362,5.1193
4,140,FALSE,3.08743,4.03023
4,141,FALSE,2.10797,6.12219
4,142,FALSE,3.11871,3.11039
4,143,FALSE,5.08252,1.03254
4,144,FALSE,5.0941,4.03211
4,145,FALSE,1,30.12092
4,146,TRUE,1,1
4,147,FALSE,1,2.13391
4,148,TRUE,1,1
4,149,TRUE,18.05943,1
4,150,FALSE,1,35.10156
4,151,TRUE,1.0426,1
4,153,FALSE,6.11029,6.11341
4,154,FALSE,23.11476,6.02745
4,155,FALSE,5.14036,4.09442
4,156,FALSE,5.12765,6.00316
4,157,FALSE,5.13369,1.03031
4,158,FALSE,18.00731,4.09246
4,159,FALSE,23.00752,1.05052
4,160,FALSE,23.02298,4.11911
4,161,FALSE,18.02758,4.14266
4,162,FALSE,29.09498,34.08061
4,164,FALSE,37.01946,5.11913
4,165,FALSE,6.06144,35.01348
4,166,FALSE,30.04663,35.08727
4,167,FALSE,5.05021,6.06651
4,168,FALSE,1,35.07043
4,169,FALSE,30.10405,35.07903
4,173,FALSE,29.03055,6.0131
4,175,FALSE,3.05437,3.11274
4,176,FALSE,5.13775,5.05114
4,177,FALSE,30.12634,6.10283
4,178,FALSE,35.03025,34.00295
4,179,FALSE,34.06261,6.14179
4,180,FALSE,28.0932,28.11437
4,181,FALSE,35.01077,33.08932
4,182,FALSE,10.07261,6.14611
4,183,FALSE,35.08677,6.13615
4,184,FALSE,37.12672,6.12041
4,185,FALSE,28.04527,6.13783
4,186,FALSE,37.05647,6.05826
4,188,FALSE,30.11586,1.13639
4,189,FALSE,34.09067,34.12566
4,190,FALSE,23.13145,6.14648
4,191,FALSE,30.11074,6.12646
4,192,FALSE,25.06584,6.02477
4,193,FALSE,35.05474,36.01249
4,194,FALSE,25.03432,6.1111
4,195,FALSE,28.06146,6.13225
4,197,FALSE,29.01604,1.02881
4,198,FALSE,25.04236,6.00345
4,199,FALSE,30.07159,6.13207
4,200,FALSE,6.12886,6.13118
4,201,FALSE,5.07551,6.05304
4,202,FALSE,37.12099,37.05596
4,203,FALSE,30.08352,30.0758
4,204,FALSE,30.09961,4.00167
4,206,FALSE,30.03359,2.0325
4,207,FALSE,28.04267,6.08501
4,208,FALSE,5.12439,5.02037
4,209,FALSE,28.02574,28.03324
4,210,FALSE,28.00786,28.06231
4,211,FALSE,28.12532,33.11975
4,212,FALSE,5.12383,4.12654
4,213,FALSE,13.02802,5.14495
4,216,FALSE,28.09349,6.11557
4,217,FALSE,29.03316,6.11914
4,218,FALSE,30.11365,6.11958
4,219,FALSE,25.11492,6.13218
4,222,FALSE,28.13201,5.11611
4,225,FALSE,33.13522,33.14688
4,226,FALSE,35.02778,6.08283
4,227,FALSE,37.01238,34.10737
4,229,FALSE,33.10655,33.11498
4,230,FALSE,33.077,33.03183
4,233,FALSE,30.12639,6.04879
4,234,FALSE,30.10242,33.01179
4,235,FALSE,30.12462,33.01246
4,236,FALSE,4.08645,4.05662
4,237,FALSE,5.05775,6.08715
4,242,FALSE,24.14601,4.04163
4,243,FALSE,6.042,6.10543
4,251,FALSE,34.05223,34.06579
4,252,FALSE,28.03406,6.09038
4,253,FALSE,30.0903,4.09723
4,254,FALSE,4.11159,1.07443
4,255,FALSE,13.08736,3.1367
4,256,FALSE,30.10796,2.00743
4,257,FALSE,20.05636,4.10089
4,258,FALSE,18.0777,5.05431
4,259,FALSE,5.02044,33.04209
4,260,FALSE,5.08922,5.06717
4,262,FALSE,36.09423,1.00808
4,263,FALSE,6.02152,4.0113
4,264,FALSE,29.03295,6.14176
4,265,FALSE,6.09234,5.05651
4,270,FALSE,6.05752,33.02274
4,271,FALSE,28.06959,6.01116
4,272,FALSE,5.13795,6.04597
4,273,FALSE,5.13464,6.05951
4,274,FALSE,5.06866,6.05488
4,275,FALSE,6.06934,33.06247
4,280,FALSE,5.08766,3.12833
4,289,FALSE,29.04269,5.12998
4,290,FALSE,6.11593,6.12037
4,291,FALSE,6.12808,6.13262
4,292,FALSE,6.14002,5.12664
4,293,FALSE,30.11366,15.0482
4,294,FALSE,6.06066,10.012
4,295,FALSE,36.12695,25.01981
4,296,FALSE,4.0623,20.00997
4,297,FALSE,35.07244,6.13927
4,298,FALSE,33.10501,2.01987
4,299,FALSE,34.0096,6.04015
4,300,FALSE,33.13912,4.08723
4,301,FALSE,33.1143,4.13804
4,302,FALSE,35.03169,5.02667
4,303,FALSE,33.03781,5.12447
4,308,FALSE,31.00898,3.11623
4,317,FALSE,22.11101,3.13706
4,318,FALSE,36.11183,6.03153
4,319,FALSE,30.13628,5.11126
4,320,FALSE,27.03545,4.00579
4,321,FALSE,34.08689,3.09872
4,322,FALSE,18.14226,5.01607
4,323,FALSE,17.02231,2.09767
4,324,FALSE,23.00803,1.06753
4,325,FALSE,25.01403,2.14691
4,326,FALSE,28.1174,3.00294
4,328,FALSE,25.03355,5.13597
4,329,FALSE,31.01867,6.11375
4,330,FALSE,30.04253,6.08619
4,331,FALSE,20.06903,5.01949
4,332,FALSE,30.05074,5.06796
4,333,FALSE,30.07501,33.07181
4,334,FALSE,6.11713,6.08875
4,335,FALSE,30.0537,5.02594
4,336,FALSE,30.05663,5.06469
4,337,FALSE,25.04045,6.03271
4,339,FALSE,28.09196,5.11891
4,340,TRUE,1.04811,1
4,341,TRUE,25.06609,1
4,342,FALSE,5.13737,36.06482
4,343,TRUE,1,1
4,346,FALSE,27.05151,6.01697
4,347,FALSE,33.06106,6.05895
4,348,FALSE,27.04459,6.00826
4,349,FALSE,25.12651,4.13598
4,350,FALSE,29.14731,28.0735
4,351,FALSE,25.02025,6.14418
4,352,FALSE,34.03422,6.11151
4,353,FALSE,37.03711,34.11247
4,354,FALSE,34.08402,34.13537
4,355,FALSE,23.06969,5.0242
4,357,FALSE,29.10512,5.1173
4,358,FALSE,28.03996,6.00438
4,359,FALSE,32.10212,6.02885
4,361,FALSE,25.05129,6.06289
4,363,FALSE,35.10948,35.13134
4,364,FALSE,35.06188,35.08241
4,365,FALSE,23.03551,3.0036
4,366,FALSE,5.091,5.10025
4,367,FALSE,35.01103,35.02735
4,370,FALSE,28.11526,6.07569
4,371,FALSE,33.02221,6.14436
4,372,FALSE,33.08939,6.14464
4,373,FALSE,6.02244,6.02616
4,374,FALSE,37.0069,1.12688
4,375,FALSE,23.12838,5.07828
4,376,FALSE,5.03333,6.12071
4,377,FALSE,2.08978,6.00638
4,378,FALSE,28.14694,33.03498
4,379,FALSE,5.02045,28.13341
4,380,FALSE,33.01663,34.04581
4,381,FALSE,5.08868,6.05787
4,383,FALSE,28.10292,5.00105
4,384,FALSE,30.09604,6.08603
4,385,FALSE,25.13944,3.089
4,386,FALSE,27.12038,1.01721
4,387,FALSE,34.0744,2.11175
4,388,FALSE,5.1335,2.0433
4,389,FALSE,7.07446,2.12509
4,390,FALSE,27.03546,3.04418
4,391,FALSE,23.11155,4.02707
4,394,FALSE,30.11337,5.03881
4,395,FALSE,2.04248,35.0975
4,396,FALSE,3.1459,35.1316
4,397,FALSE,4.10721,35.07999
4,398,FALSE,33.08946,35.06373
4,403,FALSE,19.07639,6.04919
4,404,FALSE,34.04062,35.0254
4,405,FALSE,5.05168,35.10855
4,406,FALSE,4.07992,6.0395
4,407,FALSE,28.0151,29.04661
4,408,TRUE,4.11099,1
4,412,FALSE,34.13119,10.01366
4,413,FALSE,25.03288,15.13059
4,414,FALSE,31.00905,10.08663
4,415,FALSE,28.07253,30.06504
4,416,FALSE,20.02425,33.03707
4,417,FALSE,28.01934,6.12641
4,418,FALSE,35.05402,35.07833
4,419,FALSE,33.0753,33.08937
4,420,FALSE,33.00779,33.02682
4,421,FALSE,33.05649,33.12056
4,422,FALSE,30.08842,28.10801
4,423,FALSE,23.13864,6.09777
4,425,FALSE,5.146,6.0377
4,426,FALSE,33.12962,6.05713
4,427,FALSE,6.13915,6.04866
4,428,FALSE,33.05373,33.09348
4,429,FALSE,28.09612,33.08975
5,1,FALSE,23.07075,6.10205
5,3,FALSE,4.11525,4.02507
5,5,FALSE,37.04917,6.02651
5,6,FALSE,33.00175,5.14222
5,7,FALSE,1,4.01456
5,9,FALSE,5.10304,5.03517
5,10,FALSE,4.08764,5.01469
5,11,FALSE,1,6.00772
5,13,FALSE,6.09439,6.11454
5,17,FALSE,28.09797,6.01958
5,18,FALSE,6.02763,6.03104
5,19,TRUE,33.05768,1
5,21,FALSE,29.02821,6.07751
5,22,FALSE,6.1047,6.1347
5,25,FALSE,19.12204,6.01912
5,29,FALSE,5.09545,3.00253
5,30,FALSE,6.1108,6.04269
5,69,FALSE,24.06146,2.06524
5,70,FALSE,23.14138,28.07305
5,71,FALSE,28.08091,6.04578
5,72,FALSE,33.00967,33.01675
5,73,FALSE,28.14389,28.04503
5,74,FALSE,33.0257,33.03058
5,75,FALSE,33.13109,34.05567
5,76,FALSE,28.00821,6.12115
5,77,FALSE,6.12051,18.07793
5,78,FALSE,23.02967,6.02794
5,79,FALSE,6.11718,6.12028
5,82,FALSE,29.11041,3.14413
5,83,FALSE,18.0311,3.13733
5,84,FALSE,1,33.14434
5,85,FALSE,1,2.10875
5,86,TRUE,29.01114,1
5,91,FALSE,5.12985,5.07872
5,92,FALSE,28.03406,6.09779
5,93,FALSE,23.05947,6.12608
5,95,FALSE,5.08127,4.03308
5,98,FALSE,30.01904,5.0696
5,99,FALSE,34.11747,22.00955
5,100,FALSE,35.00101,6.12022
5,101,FALSE,23.13765,5.05918
5,103,FALSE,25.06141,6.11393
5,104,FALSE,30.14307,6.11141
5,106,FALSE,28.10928,3.02783
5,107,FALSE,26.13001,4.08312
5,109,FALSE,34.02761,6.08497
5,110,FALSE,28.07274,6.07347
5,111,FALSE,33.00852,5.07469
5,112,FALSE,22.10031,4.05613
5,113,FALSE,28.05399,5.041
5,114,FALSE,5.12976,2.05653
5,115,FALSE,5.10082,6.03138
5,116,FALSE,28.10219,3.00793
5,117,FALSE,5.06167,4.14043
5,118,FALSE,18.00366,2.10681
5,120,FALSE,34.10068,2.06357
5,121,FALSE,5.08488,3.04714
5,122,FALSE,5.13849,1.12941
5,123,FALSE,6.13341,2.08538
5,124,FALSE,37.09499,2.0653
5,125,FALSE,34.03669,35.01987
5,126,FALSE,30.10983,35.02188
5,127,FALSE,24.00814,6.08505
5,128,FALSE,30.01393,4.10586
5,129,FALSE,30.04197,6.10535
5,130,FALSE,35.05856,35.13746
5,131,FALSE,5.11626,4.1162
5,133,FALSE,5.12596,3.12447
5,134,FALSE,5.11569,4.02807
5,135,FALSE,4.13504,6.03271
5,136,FALSE,4.01031,4.00538
5,137,TRUE,5.00871,1
5,139,FALSE,5.09116,5.04994
5,140,FALSE,3.12449,4.0293
5,141,FALSE,2.14489,6.05138
5,142,FALSE,3.13403,3.12988
5,143,FALSE,5.09114,1.04675
5,144,FALSE,5.14414,4.04617
5,145,FALSE,1,30.12568
5,146,TRUE,1,1
5,147,FALSE,1,2.1414
5,148,TRUE,1,1
5,149,TRUE,18.01924,1
5,150,FALSE,1,35.09698
5,151,TRUE,1.00533,1
5,153,FALSE,6.09174,6.10076
5,154,FALSE,28.06422,6.01666
5,155,FALSE,5.13483,4.08036
5,156,FALSE,5.09939,6.0026
5,157,FALSE,5.13334,1.08549
5,158,FALSE,18.03191,4.10003
5,159,FALSE,23.06359,3.11839
5,160,FALSE,23.02169,4.12015
5,161,FALSE,18.01741,4.05597
5,162,FALSE,29.09287,34.08755
5,164,FALSE,37.03596,5.06993
5,165,FALSE,6.08734,35.11334
5,166,FALSE,30.10463,35.07901
5,167,FALSE,5.01111,6.12326
5,168,FALSE,1,35.10514
5,169,FALSE,30.01211,35.06829
5,173,FALSE,28.01453,6.00512
5,175,FALSE,3.11468,3.11659
5,176,FALSE,5.10655,5.08219
5,177,FALSE,30.08364,6.12153
5,178,FALSE,35.02993,34.00595
5,179,FALSE,34.00524,6.13333
5,180,FALSE,28.14069,28.14314
5,181,FALSE,35.01321,33.09075
5,182,FALSE,10.09039,6.1401
5,183,FALSE,35.13199,6.1083
5,184,FALSE,37.00711,6.13475
5,185,FALSE,28.01125,6.12357
5,186,FALSE,37.13766,6.06334
5,188,FALSE,30.02966,1.01258
5,189,FALSE,34.06583,34.07732
5,190,FALSE,23.0416,6.11794
5,191,FALSE,30.10032,6.11309
5,192,FALSE,25.13999,6.08444
5,193,FALSE,35.08282,36.01288
5,194,FALSE,25.03742,6.11692
5,195,FALSE,28.13637,6.08779
5,197,FALSE,30.0786,1.02889
5,198,FALSE,25.07053,6.02474
5,199,FALSE,30.08662,23.13053
5,200,FALSE,6.07713,6.12034
5,201,FALSE,5.14388,6.04291
5,202,FALSE,37.0753,37.08314
5,203,FALSE,30.1468,6.14628
5,204,FALSE,30.10965,4.02788
5,206,FALSE,30.09088,2.12337
5,207,FALSE,28.05991,6.08961
5,208,FALSE,5.13119,5.00266
5,209,FALSE,28.13104,28.07754
5,210,FALSE,28.14057,28.00146
5,211,FALSE,28.12403,33.03166
5,212,FALSE,4.13223,5.01859
5,213,FALSE,13.02073,5.09356
5,216,FALSE,28.12182,6.08413
5,217,FALSE,29.06586,6.13651
5,218,FALSE,30.13393,6.08833
5,219,FALSE,25.12401,6.12837
5,222,FALSE,28.04996,5.13671
5,225,FALSE,33.09541,33.12302
5,226,FALSE,35.00765,6.0735
5,227,FALSE,37.04952,34.09932
5,229,FALSE,33.09702,33.06173
5,230,FALSE,33.05852,33.04654
5,233,FALSE,30.08308,6.02445
5,234,FALSE,30.06773,33.0055
5,235,FALSE,30.01889,33.00162
5,236,FALSE,4.03613,4.1423
5,237,FALSE,5.02299,6.02538
5,242,FALSE,24.04093,4.10964
5,243,FALSE,6.03584,6.13786
5,251,FALSE,34.11397,34.14153
5,252,FALSE,28.08117,6.12895
5,253,FALSE,30.05014,4.08866
5,254,FALSE,4.09012,1.04415
5,255,FALSE,13.02065,3.09973
5,256,FALSE,30.13554,2.14048
5,257,FALSE,20.13468,4.04017
5,258,FALSE,18.09731,5.00576
5,259,FALSE,5.08136,33.1116
5,260,FALSE,5.11768,5.14516
5,262,FALSE,36.04152,1.03991
5,263,FALSE,6.01045,3.02718
5,264,FALSE,29.08301,6.11975
5,265,FALSE,6.02075,5.14577
5,270,FALSE,6.12068,33.01688
5,271,FALSE,28.12883,6.12557
5,272,FALSE,5.07083,6.09055
5,273,FALSE,5.08434,6.02381
5,274,FALSE,5.12699,6.05608
5,275,FALSE,6.00371,33.00598
5,280,FALSE,5.01339,3.02449
5,289,FALSE,29.1087,5.13855
5,290,FALSE,6.10518,6.10625
5,291,FALSE,6.1373,6.144
5,292,FALSE,6.02308,5.11541
5,293,FALSE,30.12749,20.0957
5,294,FALSE,15.1105,10.00622
5,295,FALSE,36.04414,25.10125
5,296,FALSE,4.07909,20.04724
5,297,FALSE,35.04677,6.02007
5,298,FALSE,33.11948,2.10591
5,299,FALSE,34.01502,6.03043
5,300,FALSE,33.11987,4.11492
5,301,FALSE,33.08031,4.1339
5,302,FALSE,35.10728,5.10948
5,303,FALSE,33.09999,33.08291
5,308,FALSE,31.12114,5.05336
5,317,FALSE,22.04627,3.01474
5,318,FALSE,36.04545,6.03885
5,319,FALSE,30.08705,5.13894
5,320,FALSE,27.07373,4.0424
5,321,FALSE,34.13619,3.02394
5,322,FALSE,18.00532,5.08195
5,323,FALSE,17.02454,2.09085
5,324,FALSE,23.14035,1.07707
5,325,FALSE,25.01154,2.14743
5,326,FALSE,18.11036,4.00319
5,328,FALSE,25.09589,5.12702
5,329,FALSE,31.07487,20.07758
5,330,FALSE,30.01484,6.07014
5,331,FALSE,20.00012,5.01025
5,332,FALSE,20.11048,6.10645
5,333,FALSE,30.08391,33.07458
5,334,FALSE,6.07564,6.11076
5,335,FALSE,30.10919,5.02883
5,336,FALSE,30.14558,5.13124
5,337,FALSE,25.12924,6.04735
5,339,FALSE,28.00239,5.04875
5,340,TRUE,1.11954,1
5,341,TRUE,25.09445,1
5,342,FALSE,5.08727,36.10266
5,343,TRUE,1,1
5,346,FALSE,27.02579,6.08169
5,347,FALSE,33.12524,6.08638
5,348,FALSE,27.00359,6.02707
5,349,FALSE,25.13034,2.12378
5,350,FALSE,29.02785,6.12189
5,351,FALSE,25.11031,6.1242
5,352,FALSE,34.01528,6.13242
5,353,FALSE,37.12464,34.08561
5,354,FALSE,34.08199,34.0936
5,355,FALSE,23.1241,5.0458
5,357,FALSE,29.07641,5.10503
5,358,FALSE,28.03049,6.02424
5,359,FALSE,32.03417,6.03614
5,361,FALSE,25.12828,6.07601
5,363,FALSE,35.08372,35.09657
5,364,FALSE,35.03167,35.10226
5,365,FALSE,23.14506,3.08663
5,366,FALSE,5.06155,5.13414
5,367,FALSE,35.02043,35.03601
5,370,FALSE,28.091,6.07928
5,371,FALSE,33.05258,6.14021
5,372,FALSE,33.03947,6.14321
5,373,FALSE,6.02727,6.01476
5,374,FALSE,37.11667,1.09928
5,375,FALSE,23.07089,5.10636
5,376,FALSE,5.00948,6.08353
5,377,FALSE,1,2.05728
5,378,FALSE,28.05334,33.06666
5,379,FALSE,5.1155,28.02992
5,380,FALSE,33.08891,34.0174
5,381,FALSE,5.06887,6.06224
5,383,FALSE,28.10279,5.04919
5,384,FALSE,30.05865,6.09377
5,385,FALSE,25.13906,2.03985
5,386,FALSE,27.01082,1.08029
5,387,FALSE,34.051,2.02062
5,388,FALSE,5.03466,2.13374
5,389,FALSE,7.03505,2.05646
5,390,FALSE,27.00063,3.10926
5,391,FALSE,23.14144,5.03894
5,394,FALSE,30.04676,5.07592
5,395,FALSE,2.10977,35.03165
5,396,FALSE,3.00523,35.06048
5,397,FALSE,4.14435,35.03792
5,398,FALSE,33.089,35.10373
5,403,FALSE,19.0216,6.09609
5,404,FALSE,34.0056,35.13514
5,405,FALSE,5.14358,35.01247
5,406,FALSE,1,4.07782
5,407,FALSE,28.09066,29.08077
5,408,TRUE,4.01072,1
5,412,FALSE,34.13875,10.05794
5,413,FALSE,25.10766,20.02068
5,414,FALSE,31.13044,10.13585
5,415,FALSE,28.12845,30.09388
5,416,FALSE,20.05872,33.0914
5,417,FALSE,28.12866,6.11283
5,418,FALSE,35.04723,35.05091
5,419,FALSE,33.02561,33.08608
5,420,FALSE,33.09189,33.09516
5,421,FALSE,33.11019,33.12589
5,422,FALSE,30.14542,28.01576
5,423,FALSE,23.1042,6.06338
5,425,FALSE,37.07931,5.04748
5,426,FALSE,33.05338,6.05282
5,427,FALSE,24.06529,6.09143
5,428,FALSE,33.14355,33.1197
5,429,FALSE,28.00264,33.01167
6,1,FALSE,23.0678,6.05382
6,3,FALSE,4.09307,4.03746
6,5,FALSE,37.00697,6.00702
6,6,FALSE,33.02088,5.07945
6,7,FALSE,1,4.03497
6,9,FALSE,5.13554,5.03492
6,10,FALSE,4.12325,4.08659
6,11,FALSE,1,6.00908
6,13,FALSE,6.14376,6.11601
6,17,FALSE,28.08126,6.01374
6,18,FALSE,6.07478,6.07594
6,19,TRUE,33.12622,1
6,21,FALSE,18.03742,6.07372
6,22,FALSE,6.14425,6.13822
6,25,FALSE,19.00508,6.04063
6,29,FALSE,5.13596,2.01612
6,30,FALSE,6.13489,6.06952
6,69,FALSE,24.1268,2.07189
6,70,FALSE,23.12167,28.08793
6,71,FALSE,6.07063,6.0723
6,72,FALSE,33.01518,33.08243
6,73,FALSE,28.03078,28.05422
6,74,FALSE,33.07205,33.07706
6,75,FALSE,33.13768,34.14531
6,76,FALSE,28.04558,6.12314
6,77,FALSE,6.14165,18.06724
6,78,FALSE,23.12073,6.04545
6,79,FALSE,6.04756,6.05043
6,82,FALSE,29.02125,6.03857
6,83,FALSE,18.14289,3.11179
6,84,FALSE,1,33.13224
6,85,TRUE,2.08527,1
6,86,TRUE,29.07001,1
6,91,FALSE,5.13724,5.10372
6,92,FALSE,6.0912,6.09423
6,93,FALSE,23.08933,6.11084
6,95,FALSE,5.1058,3.04485
6,98,FALSE,30.10905,5.10393
6,99,FALSE,34.07059,22.02385
6,100,FALSE,35.02723,6.11061
6,101,FALSE,23.12753,5.1448
6,103,FALSE,25.0881,6.10631
6,104,FALSE,30.03502,6.0213
6,106,FALSE,28.03518,3.03615
6,107,FALSE,26.11109,4.06157
6,109,FALSE,34.02937,6.10828
6,110,FALSE,28.02615,6.08061
6,111,FALSE,33.03657,3.03858
6,112,FALSE,22.13159,3.02496
6,113,FALSE,28.12244,5.10482
6,114,FALSE,5.07161,2.10782
6,115,FALSE,5.13221,6.0299
6,116,FALSE,28.1287,3.03623
6,117,FALSE,5.13029,4.11512
6,118,FALSE,18.09724,2.10618
6,120,FALSE,34.09383,2.00137
6,121,FALSE,5.08354,3.1205
6,122,FALSE,5.14616,1.04687
6,123,FALSE,6.038,2.00941
6,124,FALSE,37.12485,2.11125
6,125,FALSE,34.10417,35.01521
6,126,FALSE,30.0292,35.05936
6,127,FALSE,24.04287,6.07099
6,128,FALSE,30.09545,6.03818
6,129,FALSE,30.06881,6.06606
6,130,FALSE,35.116,35.14037
6,131,FALSE,5.13893,4.03599
6,133,FALSE,5.11932,3.13578
6,134,FALSE,4.01409,4.02612
6,135,FALSE,4.12412,6.0408
6,136,FALSE,4.08373,4.08034
6,137,FALSE,5.12852,4.1388
6,139,FALSE,5.09039,5.11633
6,140,FALSE,3.11528,4.11078
6,141,FALSE,2.08176,6.08133
6,142,FALSE,3.13566,3.00518
6,143,FALSE,5.0253,1.01067
6,144,FALSE,5.12216,4.12854
6,145,FALSE,1,30.11777
6,146,TRUE,1,1
6,147,FALSE,1,2.09754
6,148,TRUE,1,1
6,149,TRUE,18.05236,1
6,150,FALSE,1,35.00254
6,151,TRUE,1.09167,1
6,153,FALSE,6.13859,6.13922
6,154,FALSE,28.1466,6.0688
6,155,FALSE,37.09136,4.05901
6,156,FALSE,28.13274,5.02437
6,157,FALSE,5.02563,1.0208
6,158,FALSE,18.02715,4.10448
6,159,FALSE,23.03297,3.11899
6,160,FALSE,23.10324,4.03684
6,161,FALSE,18.0666,4.10702
6,162,FALSE,29.10633,34.06885
6,164,FALSE,37.10405,5.03329
6,165,FALSE,6.06612,35.11814
6,166,FALSE,30.12589,35.13676
6,167,FALSE,5.1102,6.02952
6,168,FALSE,1,35.13743
6,169,FALSE,30.09038,35.03356
6,173,FALSE,28.09916,6.03316
6,175,FALSE,3.11325,3.12354
6,176,FALSE,5.03036,5.0104
6,177,FALSE,30.10224,6.04002
6,178,FALSE,35.00643,34.0103
6,179,FALSE,34.03561,6.13925
6,180,FALSE,28.01325,28.09443
6,181,FALSE,35.02112,33.07679
6,182,FALSE,25.13506,6.14719
6,183,FALSE,35.02713,6.09901
6,184,FALSE,37.03389,6.12001
6,185,FALSE,28.14381,6.14263
6,186,FALSE,37.06339,6.03744
6,188,FALSE,30.07738,1.11432
6,189,FALSE,34.05987,34.10544
6,190,FALSE,23.05746,6.14014
6,191,FALSE,30.10124,6.01614
6,192,FALSE,25.09401,6.09199
6,193,FALSE,35.06698,36.12376
6,194,FALSE,25.10182,6.13843
6,195,FALSE,28.03681,6.12788
6,197,FALSE,29.12619,2.07364
6,198,FALSE,25.03903,6.058
6,199,FALSE,30.05902,6.12801
6,200,FALSE,6.08491,6.12853
6,201,FALSE,5.09841,6.09787
6,202,FALSE,37.03882,37.05431
6,203,FALSE,30.09933,30.11217
6,204,FALSE,30.06987,4.11834
6,206,FALSE,30.07929,2.07385
6,207,FALSE,28.05419,6.09042
6,208,FALSE,5.13019,5.08434
6,209,FALSE,28.11202,28.12189
6,210,FALSE,28.13183,28.12762
6,211,FALSE,28.08137,33.00907
6,212,FALSE,4.13401,5.03811
6,213,FALSE,13.05863,5.12909
6,216,FALSE,28.13606,6.09084
6,217,FALSE,29.06104,6.13984
6,218,FALSE,30.13375,6.10181
6,219,FALSE,25.07625,6.14643
6,222,FALSE,28.14312,5.11891
6,225,FALSE,33.09935,33.14127
6,226,FALSE,35.14205,6.09389
6,227,FALSE,37.03734,34.05184
6,229,FALSE,33.12241,33.07014
6,230,FALSE,33.05698,33.02769
6,233,FALSE,30.09809,6.07637
6,234,FALSE,30.05907,33.04289
6,235,FALSE,30.1459,33.00231
6,236,FALSE,4.07118,4.06697
6,237,FALSE,5.12722,6.06035
6,242,FALSE,24.14613,4.03285
6,243,FALSE,6.00207,6.07868
6,251,FALSE,34.09671,34.10977
6,252,FALSE,28.03583,6.13783
6,253,FALSE,30.0709,4.01126
6,254,FALSE,4.07837,1.12945
6,255,FALSE,13.08142,3.10797
6,256,FALSE,30.10893,2.02711
6,257,FALSE,20.04279,4.08821
6,258,FALSE,18.06039,5.06172
6,259,FALSE,5.14121,33.03115
6,260,FALSE,5.04786,5.11892
6,262,FALSE,36.06428,1.00608
6,263,FALSE,6.05801,3.02895
6,264,FALSE,29.13277,6.11394
6,265,FALSE,6.06091,5.11014
6,270,FALSE,6.04296,33.01558
6,271,FALSE,28.09551,6.13722
6,272,FALSE,5.03571,6.04495
6,273,FALSE,5.14221,6.07872
6,274,FALSE,5.11055,6.00308
6,275,FALSE,6.07723,33.05333
6,280,FALSE,5.09421,3.01014
6,289,FALSE,29.13798,5.14157
6,290,FALSE,6.13831,6.11287
6,291,FALSE,6.12139,6.14492
6,292,FALSE,6.09907,5.13547
6,293,FALSE,31.13653,15.01004
6,294,FALSE,6.09655,10.07878
6,295,FALSE,36.1349,25.09369
6,296,FALSE,4.13094,20.12594
6,297,FALSE,35.09402,6.00862
6,298,FALSE,33.14237,2.09826
6,299,FALSE,34.10135,6.05889
6,300,FALSE,33.04745,4.06538
6,301,FALSE,33.01554,4.0739
6,302,FALSE,35.04288,6.02991
6,303,FALSE,33.12031,5.03861
6,308,FALSE,31.11711,5.08334
6,317,FALSE,22.10041,1.03535
6,318,FALSE,36.05752,6.00353
6,319,FALSE,30.04616,5.10936
6,320,FALSE,27.05293,4.10598
6,321,FALSE,34.00181,4.07052
6,322,FALSE,18.02517,5.12624
6,323,FALSE,17.03579,3.00761
6,324,FALSE,23.04197,2.04136
6,325,FALSE,25.03991,2.01777
6,326,FALSE,18.05391,3.07535
6,328,FALSE,25.02779,5.13135
6,329,FALSE,31.0931,6.11568
6,330,FALSE,30.14258,6.09416
6,331,FALSE,20.08824,5.07025
6,332,FALSE,20.14213,6.13936
6,333,FALSE,30.07315,33.00162
6,334,FALSE,6.10993,6.08203
6,335,FALSE,30.03224,5.12593
6,336,FALSE,30.14698,5.10683
6,337,FALSE,25.14743,6.03632
6,339,FALSE,28.06582,5.07056
6,340,TRUE,1.09813,1
6,341,TRUE,25.08031,1
6,342,FALSE,5.02917,36.11023
6,343,TRUE,1,1
6,346,FALSE,27.01354,6.03519
6,347,FALSE,33.07774,6.08048
6,348,FALSE,27.04293,6.01575
6,349,FALSE,25.14714,2.11826
6,350,FALSE,29.04601,6.12131
6,351,FALSE,25.01783,6.14545
6,352,FALSE,34.05522,6.09977
6,353,FALSE,37.09794,34.05665
6,354,FALSE,34.07304,34.09749
6,355,FALSE,23.07933,5.01604
6,357,FALSE,29.14172,5.10118
6,358,FALSE,28.00864,6.02017
6,359,FALSE,32.0239,6.00999
6,361,FALSE,25.12343,6.07504
6,363,FALSE,35.10973,35.11724
6,364,FALSE,35.07053,35.10304
6,365,FALSE,23.12596,3.11359
6,366,FALSE,5.11191,5.12944
6,367,FALSE,35.0185,35.04486
6,370,FALSE,28.13045,6.06489
6,371,FALSE,33.1094,6.1418
6,372,FALSE,33.08493,6.14123
6,373,FALSE,6.08986,6.05504
6,374,FALSE,37.06567,1.07523
6,375,FALSE,23.02692,5.03127
6,376,FALSE,5.13726,6.10475
6,377,FALSE,2.04126,6.14573
6,378,FALSE,28.12424,33.13068
6,379,FALSE,5.14262,28.09104
6,380,FALSE,33.05453,34.06162
6,381,FALSE,5.13071,6.12658
6,383,FALSE,29.06853,5.05832
6,384,FALSE,28.11853,6.09138
6,385,FALSE,25.14403,2.0117
6,386,FALSE,27.09164,1.14639
6,387,FALSE,34.08768,1.14059
6,388,FALSE,5.04618,3.13316
6,389,FALSE,7.0999,2.03102
6,390,FALSE,27.14549,3.01825
6,391,FALSE,23.04075,4.08234
6,394,FALSE,30.12957,5.00612
6,395,FALSE,2.14647,35.01841
6,396,FALSE,3.06473,35.0357
6,397,FALSE,4.05468,35.08572
6,398,FALSE,33.10616,35.09047
6,403,FALSE,19.1164,6.07038
6,404,FALSE,34.14539,35.13521
6,405,FALSE,5.12735,35.00007
6,406,FALSE,1,4.03664
6,407,FALSE,28.14054,29.1222
6,408,TRUE,4.09721,1
6,412,FALSE,34.14005,10.07653
6,413,FALSE,25.09209,20.02513
6,414,FALSE,31.10685,10.08189
6,415,FALSE,28.0923,30.05138
6,416,FALSE,20.02771,33.04226
6,417,FALSE,23.03671,6.14126
6,418,FALSE,35.08758,35.09311
6,419,FALSE,33.00661,33.11967
6,420,FALSE,33.04896,33.09676
6,421,FALSE,33.11916,33.12827
6,422,FALSE,28.07467,30.11675
6,423,FALSE,23.11425,6.10668
6,425,FALSE,37.06977,6.01713
6,426,FALSE,33.11468,6.05514
6,427,FALSE,6.1382,6.08308
6,428,FALSE,33.13725,33.07224
6,429,FALSE,28.08405,33.02006
7,1,FALSE,23.07402,6.04887
7,3,FALSE,4.05316,4.06069
7,5,FALSE,37.09541,6.01317
7,6,FALSE,33.04955,5.05274
7,7,FALSE,1,4.00012
7,9,FALSE,5.14702,5.00959
7,10,FALSE,4.122,4.10923
7,11,FALSE,1,6.08612
7,13,FALSE,6.0568,6.0778
7,17,FALSE,28.12197,6.01576
7,18,FALSE,6.04011,6.03219
7,19,TRUE,33.09007,1
7,21,FALSE,18.03953,6.0527
7,22,FALSE,6.14211,6.11348
7,25,FALSE,19.02531,6.01735
7,29,FALSE,5.13146,2.02194
7,30,FALSE,6.12963,6.05852
7,69,FALSE,24.10331,2.04227
7,70,FALSE,23.03208,28.05517
7,71,FALSE,28.07575,6.08247
7,72,FALSE,33.04346,33.07816
7,73,FALSE,28.09903,28.05204
7,74,FALSE,33.05289,33.07282
7,75,FALSE,33.13545,34.01111
7,76,FALSE,28.12441,6.09321
7,77,FALSE,6.13567,18.07091
7,78,FALSE,29.05624,6.03794
7,79,FALSE,6.10451,6.10945
7,82,FALSE,29.023,6.05219
7,83,FALSE,18.03554,3.03839
7,84,FALSE,1,33.10423
7,85,FALSE,1,2.00474
7,86,TRUE,29.01595,1
7,91,FALSE,5.13752,5.07361
7,92,FALSE,6.06795,6.06893
7,93,FALSE,23.10842,6.11651
7,95,FALSE,5.13059,4.01412
7,98,FALSE,30.13279,5.11891
7,99,FALSE,34.12877,22.02513
7,100,FALSE,35.01593,6.10837
7,101,FALSE,23.10789,3.00124
7,103,FALSE,25.04153,6.13943
7,104,FALSE,30.0466,6.08073
7,106,FALSE,28.01682,3.00471
7,107,FALSE,26.09834,4.03961
7,109,FALSE,34.09447,6.09994
7,110,FALSE,28.03984,6.07109
7,111,FALSE,33.10433,3.11423
7,112,FALSE,22.08064,4.05854
7,113,FALSE,28.13201,5.03454
7,114,FALSE,5.13434,2.05555
7,115,FALSE,5.13851,6.06006
7,116,FALSE,28.09201,3.09258
7,117,FALSE,5.13729,4.06933
7,118,FALSE,18.03114,2.14158
7,120,FALSE,34.05419,2.02988
7,121,FALSE,5.10381,3.02843
7,122,FALSE,5.14531,1.1263
7,123,FALSE,6.09428,2.02862
7,124,FALSE,37.10347,4.07691
7,125,FALSE,34.1007,35.01679
7,126,FALSE,30.0402,35.11376
7,127,FALSE,24.01583,6.06957
7,128,FALSE,30.03174,6.01074
7,129,FALSE,30.06594,6.02156
7,130,FALSE,35.07917,35.1264
7,131,FALSE,5.1196,4.02053
7,133,FALSE,5.14562,3.02333
7,134,FALSE,5.01724,4.0007
7,135,FALSE,4.13195,6.05254
7,136,FALSE,4.07944,4.09751
7,137,FALSE,5.02636,4.00857
7,139,FALSE,5.08962,5.09538
7,140,FALSE,3.14453,4.09309
7,141,FALSE,2.04739,6.12333
7,142,FALSE,3.04389,3.06308
7,143,FALSE,5.04081,1.01598
7,144,FALSE,31.06418,31.07629
7,145,TRUE,30.02543,1
7,146,TRUE,1,1
7,147,FALSE,1,2.1299
7,148,TRUE,1,1
7,149,TRUE,18.04367,1
7,150,FALSE,1,35.14254
7,151,TRUE,1.02399,1
7,153,FALSE,6.12266,6.12807
7,154,FALSE,23.08253,6.03256
7,155,FALSE,23.06118,4.11181
7,156,FALSE,5.09509,6.01848
7,157,FALSE,5.03221,1.12601
7,158,FALSE,18.03489,4.00003
7,159,FALSE,23.10631,1.10068
7,160,FALSE,23.10543,4.07949
7,161,FALSE,18.03042,4.14238
7,162,FALSE,29.10168,34.08138
7,164,FALSE,37.0138,5.09462
7,165,FALSE,6.09487,35.11427
7,166,FALSE,30.11698,35.01301
7,167,FALSE,5.03381,6.13228
7,168,FALSE,1,35.0397
7,169,FALSE,30.02761,35.07743
7,173,FALSE,29.12494,6.01731
7,175,FALSE,3.06997,3.11046
7,176,FALSE,5.14174,5.00053
7,177,FALSE,30.06162,6.08436
7,178,FALSE,35.0381,34.00593
7,179,FALSE,34.09923,6.12788
7,180,FALSE,28.13971,28.14617
7,181,FALSE,35.01969,33.12656
7,182,FALSE,25.11535,6.1376
7,183,FALSE,35.11132,6.05057
7,184,FALSE,37.04553,6.03281
7,185,FALSE,28.1253,6.14698
7,186,FALSE,37.00849,6.08879
7,188,FALSE,30.13839,1.01971
7,189,FALSE,34.10266,34.13375
7,190,FALSE,23.05081,6.13287
7,191,FALSE,30.14111,6.06596
7,192,FALSE,25.05792,6.02634
7,193,FALSE,35.13916,36.11673
7,194,FALSE,25.08299,6.05005
7,195,FALSE,28.03057,6.0214
7,197,FALSE,29.1173,2.05055
7,198,FALSE,25.10418,6.02931
7,199,FALSE,30.03319,6.02605
7,200,FALSE,6.13093,6.13559
7,201,FALSE,5.14545,6.14608
7,202,FALSE,37.02654,37.03089
7,203,FALSE,30.08595,30.03414
7,204,FALSE,30.12195,6.03772
7,206,FALSE,30.06104,2.09148
7,207,FALSE,28.01764,6.13431
7,208,FALSE,5.10135,5.06911
7,209,FALSE,28.11432,28.02597
7,210,FALSE,28.05742,28.07885
7,211,FALSE,28.03684,33.03329
7,212,FALSE,4.14122,5.02348
7,213,FALSE,13.08577,5.12354
7,216,FALSE,28.13993,6.10667
7,217,FALSE,29.00441,6.14436
7,218,FALSE,30.08944,6.06412
7,219,FALSE,25.05631,6.13459
7,222,FALSE,28.04193,5.0714
7,225,FALSE,33.12404,33.13385
7,226,FALSE,35.14513,6.09964
7,227,FALSE,37.11365,34.07567
7,229,FALSE,33.10021,33.07169
7,230,FALSE,33.0676,33.03897
7,233,FALSE,30.11851,6.02741
7,234,FALSE,30.06332,33.04068
7,235,FALSE,30.02856,33.0079
7,236,FALSE,4.07489,4.12434
7,237,FALSE,5.0812,6.03417
7,242,FALSE,24.05008,4.04096
7,243,FALSE,6.00917,6.02848
7,251,FALSE,34.07345,34.10812
7,252,FALSE,28.07661,6.10855
7,253,FALSE,30.06722,4.0747
7,254,FALSE,4.09884,1.00742
7,255,FALSE,13.13487,3.11447
7,256,FALSE,30.04438,2.14198
7,257,FALSE,20.07907,4.11895
7,258,FALSE,18.01794,5.00922
7,259,FALSE,5.13734,33.08392
7,260,FALSE,5.03528,5.00685
7,262,FALSE,36.02691,1.04297
7,263,FALSE,6.02177,3.12837
7,264,FALSE,29.115,6.07074
7,265,FALSE,6.02474,5.10715
7,270,FALSE,6.07939,33.04912
7,271,FALSE,28.0144,6.14652
7,272,FALSE,5.12326,6.06119
7,273,FALSE,5.1385,6.0196
7,274,FALSE,5.11422,6.09585
7,275,FALSE,6.06715,33.0072
7,280,FALSE,5.0804,3.13428
7,289,FALSE,28.03086,5.13226
7,290,FALSE,6.11077,6.09846
7,291,FALSE,6.14674,6.14694
7,292,FALSE,6.07565,5.07444
7,293,FALSE,30.12308,15.02694
7,294,FALSE,6.11782,10.01936
7,295,FALSE,36.11139,25.04025
7,296,FALSE,4.08283,20.11036
7,297,FALSE,35.07238,6.05548
7,298,FALSE,33.08361,2.14272
7,299,FALSE,34.0418,6.05214
7,300,FALSE,33.10555,6.05045
7,301,FALSE,33.11911,4.09525
7,302,FALSE,35.14229,5.08935
7,303,FALSE,33.14166,33.0195
7,308,FALSE,31.07272,5.01747
7,317,FALSE,22.10515,3.13043
7,318,FALSE,36.00396,4.11267
7,319,FALSE,30.09696,5.08393
7,320,FALSE,27.07985,4.13443
7,321,FALSE,34.03361,3.13252
7,322,FALSE,18.04545,5.10753
7,323,FALSE,17.08527,2.03819
7,324,FALSE,23.14454,1.05091
7,325,FALSE,25.08336,2.03481
7,326,FALSE,18.0012,4.09743
7,328,FALSE,25.02524,5.1312
7,329,FALSE,31.14326,6.14709
7,330,FALSE,30.10769,6.05056
7,331,FALSE,20.01953,5.01557
7,332,FALSE,20.09103,6.12572
7,333,FALSE,30.14407,33.06797
7,334,FALSE,6.12196,6.08258
7,335,FALSE,30.03818,5.05924
7,336,FALSE,30.08383,5.07991
7,337,FALSE,25.09178,6.08519
7,339,FALSE,28.07338,6.14214
7,340,TRUE,1.05222,1
7,341,TRUE,25.04664,1
7,342,FALSE,5.04076,36.10302
7,343,TRUE,1,1
7,346,FALSE,27.12423,6.03602
7,347,FALSE,33.07139,6.1163
7,348,FALSE,27.12583,6.04215
7,349,FALSE,25.04803,4.10296
7,350,FALSE,29.07913,6.10685
7,351,FALSE,25.08677,6.14027
7,352,FALSE,34.01877,6.11026
7,353,FALSE,37.11131,34.06389
7,354,FALSE,34.00567,34.07758
7,355,FALSE,23.07713,4.12231
7,357,FALSE,29.0249,5.09794
7,358,FALSE,28.13661,6.0229
7,359,FALSE,32.11108,6.02561
7,361,FALSE,30.11705,6.07293
7,363,FALSE,35.03286,35.07164
7,364,FALSE,35.10405,35.10518
7,365,FALSE,23.08219,3.11577
7,366,FALSE,5.10808,5.12041
7,367,FALSE,35.03369,35.0348
7,370,FALSE,28.1423,6.06581
7,371,FALSE,33.02565,6.1468
7,372,FALSE,33.13457,6.14739
7,373,FALSE,6.08312,6.03247
7,374,FALSE,37.11312,1.01229
7,375,FALSE,4.04442,5.04886
7,376,FALSE,5.0949,6.03304
7,377,FALSE,2.05734,6.09773
7,378,FALSE,28.13193,33.10953
7,379,FALSE,5.07701,28.0054
7,380,FALSE,33.04055,34.04375
7,381,FALSE,5.12842,6.07065
7,383,FALSE,30.00029,5.02359
7,384,FALSE,30.02928,6.07205
7,385,FALSE,25.14397,2.00924
7,386,FALSE,27.14297,4.00993
7,387,FALSE,34.0407,1.07258
7,388,FALSE,5.0282,2.10284
7,389,FALSE,7.11572,2.02839
7,390,FALSE,27.10721,3.0064
7,391,FALSE,23.02631,2.10328
7,394,FALSE,30.01835,5.02226
7,395,FALSE,2.11725,35.09061
7,396,FALSE,3.13532,35.03336
7,397,FALSE,4.00644,35.09688
7,398,FALSE,33.01467,35.05931
7,403,FALSE,19.10626,6.06276
7,404,FALSE,34.04452,35.01718
7,405,FALSE,5.07588,35.11813
7,406,FALSE,4.08927,6.1057
7,407,FALSE,28.00443,29.031
7,408,TRUE,4.02827,1
7,412,FALSE,34.13653,10.0612
7,413,FALSE,25.078,20.02996
7,414,FALSE,31.11677,10.01265
7,415,FALSE,28.07525,30.06762
7,416,FALSE,20.04308,33.00732
7,417,FALSE,28.05438,6.12331
7,418,FALSE,35.04734,35.09957
7,419,FALSE,33.06861,33.07244
7,420,FALSE,33.00847,33.0737
7,421,FALSE,33.07087,33.09633
7,422,FALSE,30.04929,6.12653
7,423,FALSE,23.02912,6.06583
7,425,FALSE,37.03921,6.08721
7,426,FALSE,33.08478,6.05407
7,427,FALSE,6.13547,6.0855
7,428,FALSE,33.12488,33.0968
7,429,FALSE,28.07476,33.00781
8,1,FALSE,23.12502,6.06417
8,3,FALSE,4.04204,4.10947
8,5,FALSE,37.14301,6.0129
8,6,FALSE,33.00175,5.14123
8,7,FALSE,1,4.03739
8,9,FALSE,5.07278,5.00505
8,10,FALSE,4.12373,4.06514
8,11,FALSE,1,6.00527
8,13,FALSE,6.07592,6.11741
8,17,FALSE,28.12417,6.02578
8,18,FALSE,6.00583,6.01516
8,19,TRUE,33.10855,1
8,21,FALSE,29.05238,6.07917
8,22,FALSE,6.13764,6.13989
8,25,FALSE,19.00945,6.00101
8,29,FALSE,5.14671,4.03788
8,30,FALSE,6.13262,6.09649
8,69,FALSE,24.1464,2.02751
8,70,FALSE,23.03292,28.02009
8,71,FALSE,6.10172,6.10824
8,72,FALSE,33.00294,33.00379
8,73,FALSE,28.09777,28.13521
8,74,FALSE,33.02139,33.07709
8,75,FALSE,33.12456,34.0043
8,76,FALSE,28.00536,6.13713
8,77,FALSE,6.14203,18.11071
8,78,FALSE,23.07781,6.02862
8,79,FALSE,6.08195,6.09142
8,82,FALSE,29.06935,3.14686
8,83,FALSE,18.13927,3.06226
8,84,FALSE,1,33.0086
8,85,TRUE,2.00006,1
8,86,TRUE,29.13009,1
8,91,FALSE,5.13658,5.10004
8,92,FALSE,6.05638,6.06699
8,93,FALSE,23.03656,6.10609
8,95,FALSE,5.09674,4.08765
8,98,FALSE,30.06879,5.04696
8,99,FALSE,34.1102,22.09803
8,100,FALSE,35.05194,6.06184
8,101,FALSE,23.10112,5.02892
8,103,FALSE,25.09126,6.12789
8,104,FALSE,30.07178,6.05393
8,106,FALSE,28.11285,3.00108
8,107,FALSE,26.07964,4.05296
8,109,FALSE,34.02583,6.0844
8,110,FALSE,28.12525,6.11177
8,111,FALSE,33.12431,3.03029
8,112,FALSE,22.00912,4.02463
8,113,FALSE,28.09307,5.034
8,114,FALSE,5.14095,2.08243
8,115,FALSE,5.13436,6.04332
8,116,FALSE,28.1369,3.08824
8,117,FALSE,5.11127,4.08698
8,118,FALSE,18.02669,2.08437
8,120,FALSE,34.13758,2.00812
8,121,FALSE,5.03837,4.01656
8,122,FALSE,5.14003,2.00359
8,123,FALSE,6.13408,2.05383
8,124,FALSE,37.07385,2.05535
8,125,FALSE,34.11896,35.06805
8,126,FALSE,30.08659,35.00999
8,127,FALSE,24.03769,6.04848
8,128,FALSE,30.07208,6.01943
8,129,FALSE,30.0612,6.11567
8,130,FALSE,35.09189,35.09684
8,131,FALSE,5.12027,4.0687
8,133,FALSE,5.04614,3.0956
8,134,FALSE,5.11973,4.08049
8,135,FALSE,4.03312,2.0508
8,136,FALSE,4.12237,4.06334
8,137,FALSE,5.13061,4.13567
8,139,FALSE,5.03726,5.12551
8,140,FALSE,3.10674,4.05884
8,141,FALSE,2.09895,6.04573
8,142,FALSE,3.02529,3.14313
8,143,FALSE,5.09502,1.01292
8,144,FALSE,5.08149,4.05968
8,145,FALSE,1,30.09765
8,146,TRUE,1,1
8,147,FALSE,1,2.04529
8,148,TRUE,1,1
8,149,TRUE,18.04554,1
8,150,FALSE,1,35.06618
8,151,TRUE,1.02542,1
8,153,FALSE,6.12312,6.12702
8,154,FALSE,28.14135,6.02133
8,155,FALSE,23.00534,4.06304
8,156,FALSE,28.00969,5.13326
8,157,FALSE,5.14084,1.01067
8,158,FALSE,18.08173,4.08676
8,159,FALSE,23.10648,1.11883
8,160,FALSE,23.03782,4.13095
8,161,FALSE,18.06386,4.03497
8,162,FALSE,29.13104,34.03166
8,164,FALSE,37.00041,5.05294
8,165,FALSE,6.10205,35.03794
8,166,FALSE,30.09365,35.01477
8,167,FALSE,5.13375,6.00704
8,168,FALSE,1,35.03982
8,169,FALSE,30.12711,35.0405
8,173,FALSE,29.03289,6.01135
8,175,FALSE,3.1049,3.11653
8,176,FALSE,5.01896,5.10623
8,177,FALSE,30.1044,6.09588
8,178,FALSE,35.04223,34.00895
8,179,FALSE,34.11645,6.11899
8,180,FALSE,28.05247,28.0983
8,181,FALSE,35.01704,33.13892
8,182,FALSE,10.06176,6.13396
8,183,FALSE,35.08599,6.09882
8,184,FALSE,37.11666,6.11412
8,185,FALSE,28.06557,6.14602
8,186,FALSE,37.06468,6.0365
8,188,FALSE,30.10869,1.13364
8,189,FALSE,34.13603,34.14244
8,190,FALSE,23.05382,6.10943
8,191,FALSE,30.07426,6.05012
8,192,FALSE,25.11918,6.06868
8,193,FALSE,35.01808,36.13662
8,194,FALSE,25.11312,6.06066
8,195,FALSE,28.0251,6.0638
8,197,FALSE,29.02501,2.08598
8,198,FALSE,25.08719,6.09459
8,199,FALSE,30.04345,6.02396
8,200,FALSE,6.07886,6.10897
8,201,FALSE,5.09044,6.11535
8,202,FALSE,37.06672,37.06767
8,203,FALSE,30.14501,20.04216
8,204,FALSE,30.02775,6.03164
8,206,FALSE,30.01825,2.13953
8,207,FALSE,28.12943,6.05245
8,208,FALSE,5.1353,5.01314
8,209,FALSE,28.06179,28.00968
8,210,FALSE,28.03954,28.09121
8,211,FALSE,28.10434,33.07729
8,212,FALSE,4.10376,5.0054
8,213,FALSE,13.07381,5.09783
8,216,FALSE,28.04167,6.08454
8,217,FALSE,29.12566,6.13443
8,218,FALSE,30.07882,6.1201
8,219,FALSE,25.13639,6.11929
8,222,FALSE,28.09152,5.08731
8,225,FALSE,33.14115,33.14279
8,226,FALSE,35.11669,6.08394
8,227,FALSE,37.08233,34.01354
8,229,FALSE,33.09981,33.07173
8,230,FALSE,33.03326,33.0449
8,233,FALSE,30.14567,5.08069
8,234,FALSE,30.05115,33.01809
8,235,FALSE,30.08005,33.01034
8,236,FALSE,4.10075,4.04323
8,237,FALSE,5.13574,6.12506
8,242,FALSE,24.14252,4.10215
8,243,FALSE,6.1095,6.13257
8,251,FALSE,34.08341,34.10662
8,252,FALSE,28.1236,6.10913
8,253,FALSE,30.03233,4.03217
8,254,FALSE,4.08968,1.02338
8,255,FALSE,13.1417,3.127
8,256,FALSE,30.06416,2.09875
8,257,FALSE,20.04897,4.02982
8,258,FALSE,18.07594,5.07409
8,259,FALSE,5.08379,33.06212
8,260,FALSE,5.05926,5.05945
8,262,FALSE,36.08513,1.07845
8,263,FALSE,6.02579,3.10946
8,264,FALSE,29.06981,6.13699
8,265,FALSE,6.07641,5.07905
8,270,FALSE,6.05272,33.07856
8,271,FALSE,28.06999,6.11223
8,272,FALSE,5.06688,6.12386
8,273,FALSE,5.08449,6.07642
8,274,FALSE,5.04886,6.07038
8,275,FALSE,6.08715,33.01227
8,280,FALSE,5.13716,3.0987
8,289,FALSE,29.03274,5.14335
8,290,FALSE,6.12193,6.08398
8,291,FALSE,6.1211,6.12668
8,292,FALSE,6.08374,5.10064
8,293,FALSE,30.11524,15.00183
8,294,FALSE,6.11963,10.12912
8,295,FALSE,36.11599,25.00089
8,296,FALSE,4.04832,20.01144
8,297,FALSE,35.09141,6.07734
8,298,FALSE,33.00474,1.05707
8,299,FALSE,34.04947,6.05568
8,300,FALSE,33.13701,4.08837
8,301,FALSE,33.06107,4.09945
8,302,FALSE,35.04056,6.02289
8,303,FALSE,33.11904,5.12896
8,308,FALSE,31.09807,5.07014
8,317,FALSE,22.01468,1.05398
8,318,FALSE,36.1415,6.03098
8,319,FALSE,30.1255,5.10981
8,320,FALSE,27.12066,4.11031
8,321,FALSE,34.01652,3.10858
8,322,FALSE,18.0173,5.10158
8,323,FALSE,17.06735,2.04243
8,324,FALSE,23.06944,1.08283
8,325,FALSE,25.0252,2.00784
8,326,FALSE,18.13414,3.06955
8,328,FALSE,25.06378,5.11377
8,329,FALSE,31.05841,6.14547
8,330,FALSE,30.10459,6.05223
8,331,FALSE,20.08121,5.00281
8,332,FALSE,30.0611,5.1154
8,333,FALSE,30.12545,33.06353
8,334,FALSE,6.04975,6.07383
8,335,FALSE,30.01895,5.07115
8,336,FALSE,30.05579,5.06588
8,337,FALSE,25.14712,6.0141
8,339,FALSE,28.03746,5.12627
8,340,TRUE,1.00495,1
8,341,TRUE,25.02255,1
8,342,FALSE,5.10124,36.05218
8,343,TRUE,1,1
8,346,FALSE,27.07075,6.06332
8,347,FALSE,33.0978,6.10147
8,348,FALSE,27.11475,6.05931
8,349,FALSE,25.10565,2.01594
8,350,FALSE,29.14549,28.11081
8,351,FALSE,25.08256,6.13913
8,352,FALSE,34.05796,6.14068
8,353,FALSE,37.05629,34.10766
8,354,FALSE,34.09222,34.12172
8,355,FALSE,23.0988,5.02865
8,357,FALSE,29.08749,5.09414
8,358,FALSE,28.05685,6.02931
8,359,FALSE,32.01562,6.02839
8,361,FALSE,25.04417,6.06841
8,363,FALSE,35.09496,35.10034
8,364,FALSE,35.06533,35.07722
8,365,FALSE,23.11022,3.00026
8,366,FALSE,5.12624,5.05284
8,367,FALSE,35.00542,35.04664
8,370,FALSE,28.13535,6.09958
8,371,FALSE,33.02673,6.12853
8,372,FALSE,33.06875,6.14429
8,373,FALSE,6.07291,6.00684
8,374,FALSE,37.09332,1.03872
8,375,FALSE,23.13163,5.01123
8,376,FALSE,5.12146,6.02909
8,377,FALSE,1,2.1265
8,378,FALSE,28.10786,33.04798
8,379,FALSE,5.12422,28.02029
8,380,FALSE,33.00364,34.03894
8,381,FALSE,5.0275,6.06782
8,383,FALSE,28.05427,5.02672
8,384,FALSE,28.10504,6.11302
8,385,FALSE,25.0413,2.07454
8,386,FALSE,27.08113,1.03809
8,387,FALSE,34.09371,2.07796
8,388,FALSE,5.12953,2.08764
8,389,FALSE,7.06185,2.00097
8,390,FALSE,27.02388,3.14262
8,391,FALSE,23.03156,2.01382
8,394,FALSE,30.04004,5.02187
8,395,FALSE,2.0886,35.06685
8,396,FALSE,3.10358,35.05671
8,397,FALSE,4.04045,35.08614
8,398,FALSE,33.13679,35.02837
8,403,FALSE,19.08468,3.09568
8,404,FALSE,34.06405,35.0727
8,405,FALSE,5.00345,35.06769
8,406,FALSE,1,4.09055
8,407,FALSE,28.08568,29.02663
8,408,TRUE,4.14578,1
8,412,FALSE,34.07,10.07519
8,413,FALSE,25.08315,20.04619
8,414,FALSE,31.08276,10.03247
8,415,FALSE,28.146,30.13936
8,416,FALSE,20.07176,33.04811
8,417,FALSE,28.08613,6.13319
8,418,FALSE,35.06434,35.07548
8,419,FALSE,33.06751,33.10108
8,420,FALSE,33.11811,33.1213
8,421,FALSE,33.01329,33.06181
8,422,FALSE,30.1448,28.12379
8,423,FALSE,23.02371,6.11451
8,425,FALSE,37.00566,6.00795
8,426,FALSE,33.07288,6.06021
8,427,FALSE,6.11977,6.12105
8,428,FALSE,33.10525,33.10703
8,429,FALSE,28.08046,33.12733
9,1,FALSE,23.04344,6.02939
9,3,FALSE,4.04756,4.12819
9,5,FALSE,37.08728,6.0271
9,6,FALSE,33.07646,5.04444
9,7,FALSE,1,4.05154
9,9,FALSE,5.12622,4.11252
9,10,FALSE,4.1318,5.07284
9,11,FALSE,1,6.14307
9,13,FALSE,6.1042,6.11436
9,17,FALSE,28.13968,6.02599
9,18,FALSE,6.03228,6.04623
9,19,TRUE,33.08898,1
9,21,FALSE,29.11546,6.05676
9,22,FALSE,6.11365,6.12074
9,25,FALSE,19.07532,6.01307
9,29,FALSE,5.14716,2.03685
9,30,FALSE,6.12978,6.08194
9,69,FALSE,24.1081,2.0265
9,70,FALSE,23.14342,28.00197
9,71,FALSE,6.03953,6.07437
9,72,FALSE,33.00211,33.04377
9,73,FALSE,28.06153,28.04066
9,74,FALSE,33.05993,33.10695
9,75,FALSE,33.14103,34.02801
9,76,FALSE,6.09497,6.14403
9,77,FALSE,6.12974,18.0353
9,78,FALSE,29.07963,6.03536
9,79,FALSE,6.05554,6.05606
9,82,FALSE,29.00368,3.12264
9,83,FALSE,18.10291,3.04696
9,84,FALSE,1,33.13475
9,85,TRUE,2.00508,1
9,86,TRUE,29.08107,1
9,91,FALSE,5.14049,5.09743
9,92,FALSE,6.06434,6.06854
9,93,FALSE,23.09473,6.11344
9,95,FALSE,5.13244,4.00942
9,98,FALSE,30.06929,5.06104
9,99,FALSE,34.1291,22.05404
9,100,FALSE,35.04197,6.0845
9,101,FALSE,23.13831,5.09369
9,103,FALSE,25.14569,6.03636
9,104,FALSE,30.11174,6.01738
9,106,FALSE,28.08822,3.0589
9,107,FALSE,26.07276,4.10141
9,109,FALSE,34.07568,6.10333
9,110,FALSE,28.00686,6.03252
9,111,FALSE,33.02015,3.08777
9,112,FALSE,22.0433,4.00229
9,113,FALSE,28.13207,5.0906
9,114,FALSE,5.14573,2.02956
9,115,FALSE,5.12725,6.05735
9,116,FALSE,28.04844,3.09522
9,117,FALSE,5.11099,4.00203
9,118,FALSE,18.14094,2.01632
9,120,FALSE,34.04947,2.00546
9,121,FALSE,5.12507,3.01507
9,122,FALSE,5.13376,1.01403
9,123,FALSE,6.08109,2.07779
9,124,FALSE,37.07319,2.12335
9,125,FALSE,34.08464,35.0417
9,126,FALSE,30.00524,35.12479
9,127,FALSE,24.1363,6.05875
9,128,FALSE,30.10246,4.03496
9,129,FALSE,30.00297,6.09362
9,130,FALSE,35.14473,35.14687
9,131,FALSE,5.10676,4.06173
9,133,FALSE,5.12842,3.07402
9,134,FALSE,5.08625,4.0567
9,135,FALSE,4.0047,4.12801
9,136,FALSE,4.04705,4.13443
9,137,TRUE,5.06478,1
9,139,FALSE,5.06711,5.03788
9,140,FALSE,3.01982,4.11578
9,141,FALSE,2.07251,6.01262
9,142,FALSE,3.08929,3.04401
9,143,FALSE,5.08263,1.00529
9,144,FALSE,31.01608,4.04335
9,145,TRUE,30.05618,1
9,146,TRUE,1,1
9,147,FALSE,1,2.03537
9,148,TRUE,1,1
9,149,TRUE,18.04226,1
9,150,FALSE,1,35.0656
9,151,TRUE,1.12452,1
9,153,FALSE,6.06925,6.08171
9,154,FALSE,28.01298,6.02623
9,155,FALSE,23.10204,4.06607
9,156,FALSE,28.12939,5.05654
9,157,FALSE,5.05748,1.07074
9,158,FALSE,18.09993,4.10551
9,159,FALSE,23.06947,1.04131
9,160,FALSE,23.10399,4.10555
9,161,FALSE,18.0388,4.006
9,162,FALSE,29.14668,34.05254
9,164,FALSE,37.01148,5.0452
9,165,FALSE,6.13272,35.00974
9,166,FALSE,30.11461,35.07566
9,167,FALSE,5.13136,6.10062
9,168,FALSE,1,35.10412
9,169,FALSE,30.13465,35.03903
9,173,FALSE,29.04154,6.01879
9,175,FALSE,3.13358,3.07079
9,176,FALSE,5.04187,5.01356
9,177,FALSE,30.08943,6.07697
9,178,FALSE,35.0267,34.03481
9,179,FALSE,34.06764,6.14558
9,180,FALSE,28.0431,28.05609
9,181,FALSE,35.03579,33.03785
9,182,FALSE,10.06005,6.14113
9,183,FALSE,35.07113,6.10634
9,184,FALSE,37.08189,6.11566
9,185,FALSE,28.12221,6.14012
9,186,FALSE,37.07544,6.04457
9,188,FALSE,30.12627,1.08483
9,189,FALSE,34.08764,34.11804
9,190,FALSE,23.03009,6.0918
9,191,FALSE,30.0638,6.07734
9,192,FALSE,25.13195,6.12252
9,193,FALSE,35.08932,36.0549
9,194,FALSE,25.08907,6.08313
9,195,FALSE,28.13277,6.08924
9,197,FALSE,30.09139,2.11357
9,198,FALSE,25.00921,6.04478
9,199,FALSE,30.0211,6.11127
9,200,FALSE,6.04737,6.12964
9,201,FALSE,5.0383,6.08178
9,202,FALSE,37.05858,37.08661
9,203,FALSE,30.07881,6.096
9,204,FALSE,30.00867,4.07932
9,206,FALSE,30.13123,2.14087
9,207,FALSE,28.07619,6.12785
9,208,FALSE,5.13334,5.0244
9,209,FALSE,28.09535,28.11318
9,210,FALSE,28.14534,28.11699
9,211,FALSE,28.01634,33.02185
9,212,FALSE,4.14289,5.0235
9,213,FALSE,13.12593,5.1405
9,216,FALSE,28.12459,6.10605
9,217,FALSE,29.10273,6.12947
9,218,FALSE,30.05621,6.07356
9,219,FALSE,25.05196,18.11695
9,222,FALSE,28.08,5.13384
9,225,FALSE,33.11466,33.14279
9,226,FALSE,35.11025,6.07683
9,227,FALSE,37.01872,34.06841
9,229,FALSE,33.09614,33.05528
9,230,FALSE,33.04736,33.05631
9,233,FALSE,30.12642,6.02554
9,234,FALSE,30.12565,33.06518
9,235,FALSE,30.06856,33.03262
9,236,FALSE,4.13108,4.07977
9,237,FALSE,5.1384,6.00878
9,242,FALSE,24.14263,4.14591
9,243,FALSE,6.05081,6.09512
9,251,FALSE,34.06793,34.0965
9,252,FALSE,28.0447,6.10504
9,253,FALSE,30.05668,4.01594
9,254,FALSE,4.09291,1.0114
9,255,FALSE,13.14193,3.10738
9,256,FALSE,30.13388,2.14441
9,257,FALSE,20.14365,4.13275
9,258,FALSE,18.08776,5.02123
9,259,FALSE,5.06904,33.13975
9,260,FALSE,5.02983,5.10462
9,262,FALSE,36.0803,1.02109
9,263,FALSE,6.04619,3.05505
9,264,FALSE,29.07545,6.03079
9,265,FALSE,6.01377,5.07657
9,270,FALSE,6.0834,33.02775
9,271,FALSE,28.10401,6.02607
9,272,FALSE,5.10175,6.00566
9,273,FALSE,5.13866,6.03574
9,274,FALSE,5.10573,6.01342
9,275,FALSE,6.09608,33.08416
9,280,FALSE,5.11975,3.07119
9,289,FALSE,29.03807,5.11587
9,290,FALSE,6.11233,6.10964
9,291,FALSE,6.12776,6.1333
9,292,FALSE,6.13564,5.02286
9,293,FALSE,31.03631,15.11744
9,294,FALSE,10.03758,10.00121
9,295,FALSE,36.1328,25.09892
9,296,FALSE,4.04207,20.07438
9,297,FALSE,35.10992,6.04273
9,298,FALSE,33.11259,2.03871
9,299,FALSE,34.02952,6.05506
9,300,FALSE,33.09165,4.14622
9,301,FALSE,33.00805,4.10233
9,302,FALSE,35.14498,5.13057
9,303,FALSE,33.04509,5.05688
9,308,FALSE,31.0604,5.0008
9,317,FALSE,22.0073,3.10818
9,318,FALSE,36.01846,6.00863
9,319,FALSE,30.07009,5.14236
9,320,FALSE,27.02198,4.1355
9,321,FALSE,34.04812,4.03509
9,322,FALSE,18.07479,5.04729
9,323,FALSE,17.02595,2.04314
9,324,FALSE,23.08494,2.13105
9,325,FALSE,25.05682,2.12168
9,326,FALSE,18.00035,4.07631
9,328,FALSE,25.03004,5.11826
9,329,FALSE,31.07928,6.10085
9,330,FALSE,30.08093,6.04578
9,331,FALSE,20.07674,5.03607
9,332,FALSE,20.14424,6.09208
9,333,FALSE,30.10492,33.00163
9,334,FALSE,6.1064,6.09562
9,335,FALSE,30.02215,5.09408
9,336,FALSE,30.07803,1.04908
9,337,FALSE,25.0818,6.1284
9,339,FALSE,28.08448,5.06367
9,340,TRUE,1.13798,1
9,341,TRUE,25.07877,1
9,342,FALSE,5.10271,36.1449
9,343,TRUE,1,1
9,346,FALSE,27.13367,6.04926
9,347,FALSE,33.03491,6.10397
9,348,FALSE,27.05512,6.06985
9,349,FALSE,25.07408,1.101
9,350,FALSE,29.09678,6.14508
9,351,FALSE,25.03761,6.14401
9,352,FALSE,34.0227,6.12644
9,353,FALSE,37.12616,34.05097
9,354,FALSE,34.06727,34.13415
9,355,FALSE,23.02925,5.02024
9,357,FALSE,29.10006,5.08958
9,358,FALSE,28.04898,6.03305
9,359,FALSE,32.08453,6.00699
9,361,FALSE,25.12496,6.06157
9,363,FALSE,35.03681,35.11833
9,364,FALSE,35.10078,35.10096
9,365,FALSE,23.09672,3.0593
9,366,FALSE,5.10063,5.12417
9,367,FALSE,35.01379,35.02671
9,370,FALSE,28.10347,6.0788
9,371,FALSE,33.00676,6.14071
9,372,FALSE,33.02886,6.14638
9,373,FALSE,6.14531,6.01026
9,374,FALSE,37.14555,1.02009
9,375,FALSE,4.01582,5.03362
9,376,FALSE,5.03642,6.0282
9,377,FALSE,1,2.003
9,378,FALSE,28.14523,33.04716
9,379,FALSE,5.13542,28.03025
9,380,FALSE,33.04987,34.05561
9,381,FALSE,5.00916,6.14436
9,383,FALSE,28.03794,5.00991
9,384,FALSE,28.07632,6.12955
9,385,FALSE,25.10467,3.05221
9,386,FALSE,27.01726,1.03518
9,387,FALSE,34.13979,1.00666
9,388,FALSE,5.14349,2.0617
9,389,FALSE,7.14072,2.01683
9,390,FALSE,27.07971,3.10828
9,391,FALSE,23.11693,2.06134
9,394,FALSE,30.12637,5.11061
9,395,FALSE,2.02383,35.09996
9,396,FALSE,3.12712,35.00184
9,397,FALSE,4.11629,35.11366
9,398,FALSE,33.01462,35.10511
9,403,FALSE,19.12834,6.07711
9,404,FALSE,34.00381,35.04258
9,405,FALSE,5.07054,35.08889
9,406,FALSE,4.05101,6.03703
9,407,FALSE,28.06114,29.12359
9,408,TRUE,4.07763,1
9,412,FALSE,34.11999,10.09701
9,413,FALSE,25.00964,20.06473
9,414,FALSE,31.12449,10.14719
9,415,FALSE,28.05138,30.10251
9,416,FALSE,20.00084,33.0092
9,417,FALSE,28.09454,6.13156
9,418,FALSE,35.06649,35.10449
9,419,FALSE,33.01007,33.08143
9,420,FALSE,33.02911,33.04492
9,421,FALSE,33.01749,33.13809
9,422,FALSE,30.04018,28.1047
9,423,FALSE,23.13918,6.06213
9,425,FALSE,37.11017,6.01912
9,426,FALSE,33.13102,6.05466
9,427,FALSE,6.1283,6.10107
9,428,FALSE,33.10566,33.12613
9,429,FALSE,28.13635,33.0117
10,1,FALSE,23.01566,6.10297
10,3,FALSE,4.04275,4.04954
10,5,FALSE,37.06596,6.02362
10,6,FALSE,33.02758,5.10005
10,7,FALSE,1,4.00172
10,9,FALSE,5.12991,5.01667
10,10,FALSE,4.04809,4.00125
10,11,FALSE,1,6.06499
10,13,FALSE,6.06795,6.1181
10,17,FALSE,28.08678,6.02406
10,18,FALSE,6.03188,6.03554
10,19,TRUE,33.01304,1
10,21,FALSE,29.12741,6.04447
10,22,FALSE,6.13223,6.13014
10,25,FALSE,19.14229,6.00162
10,29,FALSE,5.11661,2.03408
10,30,FALSE,6.09516,6.07546
10,69,FALSE,24.13729,2.13938
10,70,FALSE,23.09828,28.07562
10,71,FALSE,6.03132,6.05735
10,72,FALSE,33.00672,33.04557
10,73,FALSE,28.08056,28.09004
10,74,FALSE,37.08068,33.04046
10,75,FALSE,33.12922,34.03356
10,76,FALSE,6.11168,6.1382
10,77,FALSE,6.13263,18.00569
10,78,FALSE,29.059,6.02715
10,79,FALSE,6.10606,6.12056
10,82,FALSE,29.1218,3.05441
10,83,FALSE,18.06603,3.03689
10,84,FALSE,1,33.08243
10,85,TRUE,2.01546,1
10,86,TRUE,29.06872,1
10,91,FALSE,5.14573,5.08585
10,92,FALSE,28.09659,6.08339
10,93,FALSE,23.04418,6.10223
10,95,FALSE,5.10377,4.05317
10,98,FALSE,30.09984,5.00971
10,99,FALSE,34.08089,22.05816
10,100,FALSE,35.03723,6.1057
10,101,FALSE,23.13872,5.03024
10,103,FALSE,25.12606,6.14054
10,104,FALSE,30.14257,6.0118
10,106,FALSE,28.11478,3.06587
10,107,FALSE,26.02845,4.08948
10,109,FALSE,34.06672,6.10186
10,110,FALSE,28.10091,6.09063
10,111,FALSE,33.11816,5.00978
10,112,FALSE,22.01328,3.0006
10,113,FALSE,28.12119,5.06457
10,114,FALSE,5.1308,2.02182
10,115,FALSE,5.11246,6.01333
10,116,FALSE,28.13754,3.00623
10,117,FALSE,5.13749,5.08933
10,118,FALSE,18.13609,2.09053
10,120,FALSE,34.12534,2.11201
10,121,FALSE,5.13763,2.00737
10,122,FALSE,5.12385,2.01808
10,123,FALSE,6.06839,2.04246
10,124,FALSE,37.12624,2.12843
10,125,FALSE,34.13772,35.04516
10,126,FALSE,30.0492,35.00788
10,127,FALSE,24.11051,6.03066
10,128,FALSE,30.03282,6.02261
10,129,FALSE,30.00799,6.11882
10,130,FALSE,35.0777,35.11593
10,131,FALSE,5.05947,4.03774
10,133,FALSE,5.10503,3.06113
10,134,FALSE,5.01859,4.0206
10,135,FALSE,4.02881,4.07809
10,136,FALSE,4.12481,4.02956
10,137,FALSE,5.09046,4.07672
10,139,FALSE,5.13299,5.05229
10,140,FALSE,3.01648,4.05562
10,141,FALSE,2.037,6.01636
10,142,FALSE,3.07971,3.01415
10,143,FALSE,5.07451,1.10292
10,144,FALSE,5.08483,4.11988
10,145,TRUE,30.01269,1
10,146,TRUE,1,1
10,147,FALSE,1,2.14672
10,148,TRUE,1,1
10,149,TRUE,18.01387,1
10,150,FALSE,1,35.12392
10,151,TRUE,1.12669,1
10,153,FALSE,6.10423,6.11655
10,154,FALSE,23.00251,6.0448
10,155,FALSE,37.06213,4.00348
10,156,FALSE,28.04664,5.13866
10,157,FALSE,5.1467,1.13647
10,158,FALSE,18.14246,4.12492
10,159,FALSE,23.06006,3.08134
10,160,FALSE,23.14089,4.03189
10,161,FALSE,18.13193,4.013
10,162,FALSE,29.12729,34.1407
10,164,FALSE,37.09439,5.05479
10,165,FALSE,6.08736,35.11651
10,166,FALSE,30.10949,35.13383
10,167,FALSE,5.0627,6.12363
10,168,FALSE,1,35.04282
10,169,FALSE,30.08902,35.13651
10,173,FALSE,28.01943,6.01047
10,175,FALSE,3.09759,3.09526
10,176,FALSE,5.03784,5.01065
10,177,FALSE,30.13247,6.10904
10,178,FALSE,35.008,34.01201
10,179,FALSE,34.00885,6.14344
10,180,FALSE,28.05828,28.09541
10,181,FALSE,35.00171,33.06061
10,182,FALSE,10.04729,6.13589
10,183,FALSE,35.11557,6.10371
10,184,FALSE,37.06951,6.10042
10,185,FALSE,28.08079,6.12929
10,186,FALSE,37.00266,6.05342
10,188,FALSE,37.10787,1.04676
10,189,FALSE,34.03772,34.03891
10,190,FALSE,23.01145,6.13649
10,191,FALSE,30.05795,6.04373
10,192,FALSE,25.06226,6.103
10,193,FALSE,35.01575,36.06098
10,194,FALSE,25.10304,6.05905
10,195,FALSE,28.07642,6.13361
10,197,FALSE,29.04912,2.00009
10,198,FALSE,25.01067,6.09687
10,199,FALSE,30.07112,6.09502
10,200,FALSE,6.10733,6.12258
10,201,FALSE,5.07021,6.12171
10,202,FALSE,37.06694,37.01955
10,203,FALSE,30.02903,30.06368
10,204,FALSE,30.04635,4.08603
10,206,FALSE,30.14247,2.09083
10,207,FALSE,28.12443,6.09559
10,208,FALSE,5.09783,4.08184
10,209,FALSE,28.03401,28.07605
10,210,FALSE,28.13259,28.06482
10,211,FALSE,28.04934,33.06537
10,212,FALSE,4.14405,5.01424
10,213,FALSE,13.0148,5.06939
10,216,FALSE,28.04003,6.10206
10,217,FALSE,29.03457,6.127
10,218,FALSE,30.02544,6.03782
10,219,FALSE,25.10523,6.08155
10,222,FALSE,28.03749,5.04829
10,225,FALSE,33.10799,33.12968
10,226,FALSE,35.06359,6.1179
10,227,FALSE,37.00717,34.12103
10,229,FALSE,33.12716,33.06891
10,230,FALSE,33.07361,33.02883
10,233,FALSE,30.09803,6.00499
10,234,FALSE,30.01536,33.01477
10,235,FALSE,30.09989,33.03871
10,236,FALSE,4.0814,4.01395
10,237,FALSE,5.06778,6.03821
10,242,FALSE,24.11481,4.00614
10,243,FALSE,6.00158,6.01174
10,251,FALSE,34.06996,34.12799
10,252,FALSE,28.07284,6.13878
10,253,FALSE,30.14381,4.03649
10,254,FALSE,4.06059,1.11451
10,255,FALSE,13.04231,3.12173
10,256,FALSE,30.00634,2.0181
10,257,FALSE,20.0166,4.06323
10,258,FALSE,18.03655,1.03249
10,259,FALSE,5.14368,33.14137
10,260,FALSE,5.03275,5.07847
10,262,FALSE,36.1403,1.14164
10,263,FALSE,6.02521,3.12562
10,264,FALSE,29.09861,6.11582
10,265,FALSE,6.05826,5.01602
10,270,FALSE,6.11914,33.01381
10,271,FALSE,28.08952,6.13155
10,272,FALSE,5.1302,6.01824
10,273,FALSE,5.0929,6.01057
10,274,FALSE,5.12995,6.01183
10,275,FALSE,6.02456,33.04199
10,280,FALSE,5.13587,3.13482
10,289,FALSE,29.011,5.09402
10,290,FALSE,6.11227,6.10965
10,291,FALSE,6.13532,6.13625
10,292,FALSE,6.09406,5.05464
10,293,FALSE,30.11306,15.087
10,294,FALSE,30.11185,10.08965
10,295,FALSE,36.03377,25.0737
10,296,FALSE,4.03478,20.11573
10,297,FALSE,35.1194,6.02061
10,298,FALSE,33.02114,1.03529
10,299,FALSE,34.03403,6.03394
10,300,FALSE,33.11868,4.09881
10,301,FALSE,33.11153,4.03897
10,302,FALSE,35.08052,5.09511
10,303,FALSE,33.07377,33.02804
10,308,FALSE,31.04776,5.02676
10,317,FALSE,22.13845,3.10748
10,318,FALSE,36.01352,6.07346
10,319,FALSE,30.08157,5.11523
10,320,FALSE,27.04691,4.01969
10,321,FALSE,34.07537,3.13764
10,322,FALSE,18.07079,5.02927
10,323,FALSE,17.02615,2.03111
10,324,FALSE,23.1148,2.14095
10,325,FALSE,25.0754,4.08834
10,326,FALSE,18.01372,3.10896
10,328,FALSE,25.02198,5.1015
10,329,FALSE,31.00768,20.118
10,330,FALSE,30.12107,6.01799
10,331,FALSE,20.12249,5.03013
10,332,FALSE,30.10229,5.10024
10,333,FALSE,30.10849,33.08064
10,334,FALSE,6.02949,6.09719
10,335,FALSE,30.11367,5.07367
10,336,FALSE,30.08366,5.03946
10,337,FALSE,25.07666,6.08847
10,339,FALSE,28.13041,5.05527
10,340,TRUE,1.0587,1
10,341,TRUE,25.05618,1
10,342,FALSE,5.11458,36.08123
10,343,TRUE,1,1
10,346,FALSE,27.07516,6.00805
10,347,FALSE,33.03978,6.10048
10,348,FALSE,27.08884,6.03376
10,349,FALSE,25.04174,2.09738
10,350,FALSE,29.0849,6.12071
10,351,FALSE,25.09336,6.10785
10,352,FALSE,34.01484,6.12037
10,353,FALSE,37.03931,34.08308
10,354,FALSE,34.07623,34.0834
10,355,FALSE,23.05953,5.04949
10,357,FALSE,29.06128,5.09664
10,358,FALSE,28.11188,6.03766
10,359,FALSE,32.10621,6.03453
10,361,FALSE,25.08844,6.05103
10,363,FALSE,35.10153,35.10877
10,364,FALSE,35.08086,35.08141
10,365,FALSE,23.00243,3.07122
10,366,FALSE,5.14215,5.0838
10,367,FALSE,35.02156,35.06086
10,370,FALSE,28.05466,6.08259
10,371,FALSE,33.12376,6.14317
10,372,FALSE,33.02951,6.14408
10,373,FALSE,6.10633,6.05083
10,374,FALSE,37.11581,1.10376
10,375,FALSE,4.09459,5.00343
10,376,FALSE,5.05384,6.14628
10,377,FALSE,1,2.0794
10,378,FALSE,28.10222,33.12233
10,379,FALSE,5.14294,28.10256
10,380,FALSE,33.01033,34.11409
10,381,FALSE,5.09845,6.12963
10,383,FALSE,29.09009,5.11203
10,384,FALSE,28.05778,6.14738
10,385,FALSE,25.06481,2.09026
10,386,FALSE,27.13619,1.1044
10,387,FALSE,34.14279,1.05901
10,388,FALSE,5.0914,2.02101
10,389,FALSE,7.07762,2.09025
10,390,FALSE,27.06742,3.02242
10,391,FALSE,23.07131,4.08509
10,394,FALSE,30.07235,5.08972
10,395,FALSE,2.12623,35.02923
10,396,FALSE,3.13302,35.12911
10,397,FALSE,4.01947,35.0831
10,398,FALSE,33.08722,35.09256
10,403,FALSE,19.03359,6.0779
10,404,FALSE,34.10224,35.12706
10,405,FALSE,5.02232,35.06554
10,406,FALSE,4.00874,6.00339
10,407,FALSE,28.09023,29.06787
10,408,TRUE,4.07465,1
10,412,FALSE,34.06558,10.00203
10,413,FALSE,25.10221,15.1011
10,414,FALSE,31.06981,10.03663
10,415,FALSE,28.01591,30.10533
10,416,FALSE,20.13645,33.02091
10,417,FALSE,23.09003,6.14359
10,418,FALSE,35.0991,35.10504
10,419,FALSE,33.0514,33.10298
10,420,FALSE,33.09722,33.1195
10,421,FALSE,33.01793,33.06009
10,422,FALSE,28.00449,30.05799
10,423,FALSE,23.0736,6.05318
10,425,FALSE,37.13167,6.04718
10,426,FALSE,33.104,6.06917
10,427,FALSE,6.13871,6.11519
10,428,FALSE,33.06199,33.07104
10,429,FALSE,28.06307,33.04187
11,1,FALSE,23.04653,6.06396
11,3,FALSE,4.03057,4.05739
11,5,FALSE,37.03264,6.01165
11,6,FALSE,33.02696,6.08487
11,7,FALSE,1,4.01967
11,9,FALSE,5.13529,4.02911
11,10,FALSE,4.10325,5.05813
11,11,FALSE,1,6.04289
11,13,FALSE,6.11478,6.11602
11,17,FALSE,29.02579,6.01801
11,18,FALSE,6.03303,6.06787
11,19,TRUE,33.11344,1
11,21,FALSE,29.05427,6.08428
11,22,FALSE,6.12593,6.10279
11,25,FALSE,19.0839,6.01073
11,29,FALSE,5.10794,2.14685
11,30,FALSE,6.13892,6.12019
11,69,FALSE,24.1338,2.05291
11,70,FALSE,23.0238,28.13632
11,71,FALSE,28.11865,6.09435
11,72,FALSE,33.09911,33.12295
11,73,FALSE,28.01703,28.11969
11,74,FALSE,33.03931,33.04588
11,75,FALSE,33.12915,34.00016
11,76,FALSE,28.03722,6.12269
11,77,FALSE,6.10786,18.10363
11,78,FALSE,23.1327,6.03257
11,79,FALSE,6.08666,6.10099
11,82,FALSE,29.12186,3.0385
11,83,FALSE,18.08872,3.09851
11,84,FALSE,1,33.01235
11,85,FALSE,1,2.09147
11,86,TRUE,29.11179,1
11,91,FALSE,5.1089,5.07784
11,92,FALSE,6.06747,6.07789
11,93,FALSE,23.0672,6.12329
11,95,FALSE,5.09166,4.06527
11,98,FALSE,30.05368,5.08637
11,99,FALSE,34.11501,22.03329
11,100,FALSE,35.03795,6.07618
11,101,FALSE,23.03954,5.08417
11,103,FALSE,25.05878,6.13003
11,104,FALSE,30.02194,6.01071
11,106,FALSE,28.01224,3.00957
11,107,FALSE,26.14496,4.0289
11,109,FALSE,34.07464,6.13804
11,110,FALSE,28.00259,6.05993
11,111,FALSE,33.02449,3.02953
11,112,FALSE,22.04638,4.00118
11,113,FALSE,28.10917,5.07984
11,114,FALSE,5.00538,2.0286
11,115,FALSE,5.10496,6.0507
11,116,FALSE,28.10371,3.01201
11,117,FALSE,5.13165,4.04415
11,118,FALSE,18.0871,2.04283
11,120,FALSE,34.12692,2.07783
11,121,FALSE,5.11568,4.13766
11,122,FALSE,5.12244,1.04387
11,123,FALSE,6.10296,2.01481
11,124,FALSE,37.12493,2.03704
11,125,FALSE,34.11839,35.00214
11,126,FALSE,30.08471,35.00563
11,127,FALSE,24.0168,6.0788
11,128,FALSE,30.08608,4.1245
11,129,FALSE,30.14538,6.14627
11,130,FALSE,35.11429,35.1266
11,131,FALSE,5.0738,4.11526
11,133,FALSE,5.13871,3.04361
11,134,FALSE,5.03509,4.03982
11,135,FALSE,4.13487,4.02446
11,136,FALSE,4.12765,4.02929
11,137,FALSE,5.0516,4.05785
11,139,FALSE,5.03244,5.02638
11,140,FALSE,3.0598,4.01891
11,141,FALSE,2.07722,6.08409
11,142,FALSE,3.10292,3.04147
11,143,FALSE,5.03011,1.03
11,144,FALSE,31.02089,4.00496
11,145,TRUE,30.06997,1
11,146,TRUE,1,1
11,147,FALSE,1,2.02837
11,148,TRUE,1,1
11,149,TRUE,18.09941,1
11,150,FALSE,1,35.10388
11,151,TRUE,1.11765,1
11,153,FALSE,6.06559,6.08863
11,154,FALSE,28.08324,6.05527
11,155,FALSE,5.14028,4.11496
11,156,FALSE,5.08403,6.03304
11,157,FALSE,5.02618,1.13387
11,158,FALSE,18.12852,4.1122
11,159,FALSE,23.09077,3.09083
11,160,FALSE,23.03128,4.04539
11,161,FALSE,18.10729,4.1132
11,162,FALSE,29.08702,34.11117
11,164,FALSE,37.11756,5.00242
11,165,FALSE,6.09678,35.13059
11,166,FALSE,30.1359,35.03816
11,167,FALSE,5.00189,6.06015
11,168,FALSE,1,35.10858
11,169,FALSE,30.13994,35.13717
11,173,FALSE,29.10154,6.01766
11,175,FALSE,3.05815,3.05345
11,176,FALSE,5.01573,5.09689
11,177,FALSE,30.14701,6.04298
11,178,FALSE,35.03395,34.00229
11,179,FALSE,34.08192,6.11516
11,180,FALSE,28.08709,28.03512
11,181,FALSE,35.02912,33.06123
11,182,FALSE,10.02021,6.14669
11,183,FALSE,35.12364,6.07947
11,184,FALSE,37.08489,6.07317
11,185,FALSE,28.03794,6.1462
11,186,FALSE,37.04165,6.00806
11,188,FALSE,30.09402,1.01964
11,189,FALSE,34.02602,34.09473
11,190,FALSE,23.00854,6.09831
11,191,FALSE,30.05933,6.03691
11,192,FALSE,25.1204,6.01699
11,193,FALSE,35.10727,36.11115
11,194,FALSE,25.06781,6.08748
11,195,FALSE,28.10745,6.03325
11,197,FALSE,29.0569,2.12926
11,198,FALSE,25.1105,6.05024
11,199,FALSE,30.09238,23.00283
11,200,FALSE,6.07076,6.11701
11,201,FALSE,5.12235,6.04773
11,202,FALSE,37.02764,37.05894
11,203,FALSE,30.12802,20.05244
11,204,FALSE,30.08164,6.12671
11,206,FALSE,30.0298,2.07322
11,207,FALSE,28.02644,6.1298
11,208,FALSE,5.14023,5.01627
11,209,FALSE,28.03481,28.10219
11,210,FALSE,28.07987,28.14136
11,211,FALSE,28.02924,33.06273
11,212,FALSE,4.12337,5.00994
11,213,FALSE,13.10119,5.10167
11,216,FALSE,28.09419,6.10634
11,217,FALSE,29.07485,6.13115
11,218,FALSE,30.08282,6.08455
11,219,FALSE,25.09833,6.14575
11,222,FALSE,28.13062,5.04244
11,225,FALSE,33.07542,33.07548
11,226,FALSE,35.05859,6.09306
11,227,FALSE,37.0741,34.13194
11,229,FALSE,33.10847,33.08574
11,230,FALSE,33.05274,33.04047
11,233,FALSE,30.05845,6.01872
11,234,FALSE,30.0938,33.10452
11,235,FALSE,30.09545,33.01867
11,236,FALSE,4.06345,4.04176
11,237,FALSE,5.10156,6.06688
11,242,FALSE,24.06726,4.07014
11,243,FALSE,6.02215,6.11116
11,251,FALSE,34.09787,34.10139
11,252,FALSE,28.0084,6.10808
11,253,FALSE,30.08004,4.03541
11,254,FALSE,4.04101,1.09583
11,255,FALSE,13.12737,3.11844
11,256,FALSE,30.06424,2.06877
11,257,FALSE,20.02461,4.12158
11,258,FALSE,18.06417,5.13408
11,259,FALSE,5.05398,33.02457
11,260,FALSE,5.09703,5.0071
11,262,FALSE,36.11348,1.07577
11,263,FALSE,6.00962,3.13893
11,264,FALSE,29.05638,6.09158
11,265,FALSE,6.0332,5.14097
11,270,FALSE,6.04171,33.00079
11,271,FALSE,28.05798,6.05529
11,272,FALSE,5.09752,6.00726
11,273,FALSE,5.06394,6.02974
11,274,FALSE,5.09637,6.03643
11,275,FALSE,6.11849,33.04724
11,280,FALSE,5.08989,3.11617
11,289,FALSE,29.00564,5.14289
11,290,FALSE,6.09989,6.09887
11,291,FALSE,6.14286,6.14232
11,292,FALSE,6.06414,5.14402
11,293,FALSE,30.12408,15.14492
11,294,FALSE,10.05901,10.11041
11,295,FALSE,36.12951,25.03398
11,296,FALSE,4.02682,20.08195
11,297,FALSE,35.06166,6.09955
11,298,FALSE,33.06869,2.13765
11,299,FALSE,34.06943,6.06929
11,300,FALSE,33.13983,6.10603
11,301,FALSE,33.01876,4.09427
11,302,FALSE,35.14712,5.03104
11,303,FALSE,33.1184,5.08064
11,308,FALSE,31.04601,3.01909
11,317,FALSE,22.09729,3.0852
11,318,FALSE,36.00662,6.00655
11,319,FALSE,30.13272,5.07697
11,320,FALSE,27.06421,4.05884
11,321,FALSE,34.04471,4.01669
11,322,FALSE,18.09816,5.09744
11,323,FALSE,17.11088,2.14215
11,324,FALSE,23.12047,2.01206
11,325,FALSE,25.12034,2.03294
11,326,FALSE,18.03953,3.06147
11,328,FALSE,25.05789,5.11452
11,329,FALSE,31.03502,6.11896
11,330,FALSE,30.0407,6.02662
11,331,FALSE,20.14003,5.00045
11,332,FALSE,30.01433,5.11893
11,333,FALSE,30.07371,33.01169
11,334,FALSE,6.12048,6.09013
11,335,FALSE,30.04136,5.10839
11,336,FALSE,30.1151,5.04375
11,337,FALSE,25.13321,6.06482
11,339,FALSE,28.11014,5.06162
11,340,TRUE,1.05648,1
11,341,TRUE,25.0983,1
11,342,FALSE,5.08701,36.00672
11,343,TRUE,1,1
11,346,FALSE,27.05308,6.03714
11,347,FALSE,33.07057,6.09146
11,348,FALSE,27.0349,6.03881
11,349,FALSE,25.11535,2.00855
11,350,FALSE,29.02072,6.14355
11,351,FALSE,25.02179,6.12919
11,352,FALSE,34.0296,6.1081
11,353,FALSE,37.06007,34.01041
11,354,FALSE,34.04124,34.0833
11,355,FALSE,23.14039,5.00152
11,357,FALSE,29.02979,5.0837
11,358,FALSE,28.10723,6.01093
11,359,FALSE,32.08667,6.0239
11,361,FALSE,30.11624,6.07282
11,363,FALSE,35.0495,35.08354
11,364,FALSE,35.13467,35.1366
11,365,FALSE,23.06546,3.14418
11,366,FALSE,5.11643,5.12635
11,367,FALSE,35.01023,35.02027
11,370,FALSE,28.10714,6.09171
11,371,FALSE,33.05959,6.10704
11,372,FALSE,33.10315,6.13327
11,373,FALSE,6.1376,6.03027
11,374,FALSE,37.13312,1.01212
11,375,FALSE,4.04187,5.08614
11,376,FALSE,5.02896,6.06465
11,377,FALSE,2.08834,6.04953
11,378,FALSE,28.01895,33.07258
11,379,FALSE,5.09262,28.14319
11,380,FALSE,33.05573,34.06164
11,381,FALSE,5.02039,6.08305
11,383,FALSE,30.04624,5.09015
11,384,FALSE,28.06468,6.09726
11,385,FALSE,25.13649,2.13664
11,386,FALSE,27.039,4.08782
11,387,FALSE,34.11503,1.04642
11,388,FALSE,5.05401,2.1254
11,389,FALSE,7.06341,2.06567
11,390,FALSE,27.07138,3.10682
11,391,FALSE,23.05137,4.10446
11,394,FALSE,30.14212,5.0072
11,395,FALSE,2.11166,35.00713
11,396,FALSE,3.0236,35.11161
11,397,FALSE,4.08333,35.10989
11,398,FALSE,33.06514,35.09302
11,403,FALSE,19.03718,6.06028
11,404,FALSE,34.04708,35.1085
11,405,FALSE,5.00954,35.05164
11,406,FALSE,1,4.1454
11,407,FALSE,28.00573,29.04631
11,408,TRUE,4.08537,1
11,412,FALSE,34.09914,10.01125
11,413,FALSE,15.06115,20.09707
11,414,FALSE,31.1452,10.0142
11,415,FALSE,28.14493,30.07845
11,416,FALSE,20.11981,33.08207
11,417,FALSE,23.04339,6.12598
11,418,FALSE,35.06289,35.0774
11,419,FALSE,33.00263,33.13968
11,420,FALSE,33.05489,33.12965
11,421,FALSE,33.01365,33.10107
11,422,FALSE,30.13746,6.12894
11,423,FALSE,23.09782,6.09082
11,425,FALSE,37.02386,6.08188
11,426,FALSE,33.09504,6.0505
11,427,FALSE,6.12746,6.11169
11,428,FALSE,33.12005,33.13243
11,429,FALSE,28.06016,33.0292
12,1,FALSE,23.07208,6.08334
12,3,FALSE,4.05571,4.14479
12,5,FALSE,37.07173,6.01629
12,6,FALSE,33.06166,5.08619
12,7,FALSE,1,4.0887
12,9,FALSE,5.12198,4.01938
12,10,FALSE,4.10481,5.03238
12,11,FALSE,1,6.06357
12,13,FALSE,6.04962,6.08227
12,17,FALSE,28.04906,6.03181
12,18,FALSE,6.09166,6.02695
12,19,TRUE,33.0057,1
12,21,FALSE,29.10637,6.06534
12,22,FALSE,6.13438,6.10989
12,25,FALSE,19.06115,6.01093
12,29,FALSE,5.13194,3.08237
12,30,FALSE,6.08741,6.10593
12,69,FALSE,24.13423,2.08599
12,70,FALSE,23.06911,28.08976
12,71,FALSE,28.05613,6.07262
12,72,FALSE,33.07771,33.08034
12,73,FALSE,28.01848,28.11027
12,74,FALSE,33.04499,33.04997
12,75,FALSE,33.13892,34.04578
12,76,FALSE,28.03345,6.12798
12,77,FALSE,6.14661,18.06847
12,78,FALSE,29.05289,6.053
12,79,FALSE,6.10019,6.1237
12,82,FALSE,29.05541,3.14362
12,83,FALSE,18.10222,3.06382
12,84,FALSE,1,33.06061
12,85,TRUE,2.14594,1
12,86,TRUE,29.06416,1
12,91,FALSE,5.14471,5.06954
12,92,FALSE,28.00043,6.0487
12,93,FALSE,23.10946,6.13062
12,95,FALSE,5.14148,4.10488
12,98,FALSE,30.08352,5.13136
12,99,FALSE,34.12142,22.01968
12,100,FALSE,35.08363,6.10917
12,101,FALSE,23.11287,5.1013
12,103,FALSE,25.10776,6.11733
12,104,FALSE,30.06699,6.03185
12,106,FALSE,28.03536,3.03904
12,107,FALSE,26.06628,4.04517
12,109,FALSE,34.04535,6.13389
12,110,FALSE,28.03039,6.05162
12,111,FALSE,33.02241,3.09369
12,112,FALSE,22.10851,3.12663
12,113,FALSE,28.03097,5.01398
12,114,FALSE,5.13824,2.03494
12,115,FALSE,5.10022,6.02694
12,116,FALSE,28.09949,3.00017
12,117,FALSE,5.12977,4.09245
12,118,FALSE,18.14612,2.14108
12,120,FALSE,34.02498,2.02845
12,121,FALSE,5.11358,3.07987
12,122,FALSE,5.12358,1.02638
12,123,FALSE,6.07408,2.07252
12,124,FALSE,37.14255,2.13896
12,125,FALSE,34.08839,35.02956
12,126,FALSE,30.06301,35.00255
12,127,FALSE,24.05528,6.08143
12,128,FALSE,30.04631,4.13679
12,129,FALSE,30.03125,6.09134
12,130,FALSE,35.0449,35.05839
12,131,FALSE,5.03032,4.08085
12,133,FALSE,5.10758,3.12182
12,134,FALSE,4.0527,4.01716
12,135,FALSE,4.13869,6.10101
12,136,FALSE,4.10696,6.06262
12,137,TRUE,5.05543,1
12,139,FALSE,5.06501,5.03294
12,140,FALSE,3.06212,4.02692
12,141,FALSE,2.11691,6.08358
12,142,FALSE,3.04109,3.04503
12,143,FALSE,5.11107,1.00084
12,144,FALSE,5.06515,4.05769
12,145,TRUE,30.12774,1
12,146,TRUE,1,1
12,147,FALSE,1,2.05517
12,148,TRUE,1,1
12,149,TRUE,18.00056,1
12,150,FALSE,1,35.03487
12,151,TRUE,1.04291,1
12,153,FALSE,6.12512,6.13753
12,154,FALSE,28.06914,6.02437
12,155,FALSE,23.0105,4.12782
12,156,FALSE,28.08036,5.09123
12,157,FALSE,5.02745,1.02536
12,158,FALSE,18.12389,4.12294
12,159,FALSE,23.02119,3.09699
12,160,FALSE,23.01857,4.09605
12,161,FALSE,18.11967,4.07097
12,162,FALSE,29.11415,34.02093
12,164,FALSE,37.06109,6.01314
12,165,FALSE,6.08366,35.02029
12,166,FALSE,30.12778,35.07673
12,167,FALSE,5.05273,6.01417
12,168,FALSE,1,35.00517
12,169,FALSE,30.08065,35.10658
12,173,FALSE,28.11928,6.01418
12,175,FALSE,3.0802,3.13168
12,176,FALSE,5.11618,5.03328
12,177,FALSE,30.13573,6.08074
12,178,FALSE,35.00444,34.0015
12,179,FALSE,34.01436,6.11322
12,180,FALSE,28.13418,28.10482
12,181,FALSE,35.01369,33.03429
12,182,FALSE,10.01669,6.12968
12,183,FALSE,35.05307,6.10802
12,184,FALSE,37.06216,6.09759
12,185,FALSE,28.08021,6.13839
12,186,FALSE,37.1276,6.05199
12,188,FALSE,30.11589,1.14291
12,189,FALSE,34.04067,34.04628
12,190,FALSE,23.0792,6.10517
12,191,FALSE,30.13853,6.04738
12,192,FALSE,25.14589,6.13321
12,193,FALSE,35.01644,36.05355
12,194,FALSE,25.02718,6.10782
12,195,FALSE,28.01021,6.13638
12,197,FALSE,30.12715,2.10077
12,198,FALSE,25.0679,6.06772
12,199,FALSE,29.08529,23.13162
12,200,FALSE,6.12096,6.12891
12,201,FALSE,5.06793,6.1301
12,202,FALSE,37.02871,37.05871
12,203,FALSE,30.13439,30.0767
12,204,FALSE,30.0842,4.03545
12,206,FALSE,30.09672,2.13332
12,207,FALSE,28.05493,6.1226
12,208,FALSE,5.10545,5.00206
12,209,FALSE,28.06506,28.01637
12,210,FALSE,28.08557,28.11281
12,211,FALSE,28.05812,33.00064
12,212,FALSE,5.11574,4.12593
12,213,FALSE,13.05667,5.0841
12,216,FALSE,28.14296,6.08456
12,217,FALSE,29.02324,6.1348
12,218,FALSE,30.08793,6.05142
12,219,FALSE,25.05132,6.12929
12,222,FALSE,28.06763,5.10882
12,225,FALSE,33.11542,33.11812
12,226,FALSE,35.14632,6.08554
12,227,FALSE,37.10323,34.00473
12,229,FALSE,33.12158,33.10728
12,230,FALSE,33.07924,33.03756
12,233,FALSE,30.1282,6.03232
12,234,FALSE,30.06134,33.04662
12,235,FALSE,30.00095,33.00981
12,236,FALSE,4.08509,4.00023
12,237,FALSE,5.13732,6.04218
12,242,FALSE,24.1402,4.01285
12,243,FALSE,6.05966,6.08102
12,251,FALSE,34.07811,34.09838
12,252,FALSE,28.09229,6.09788
12,253,FALSE,30.10885,4.00664
12,254,FALSE,4.04903,1.08132
12,255,FALSE,13.08503,3.01523
12,256,FALSE,30.10431,2.12341
12,257,FALSE,20.00936,4.13954
12,258,FALSE,18.04978,1.04613
12,259,FALSE,5.11469,33.03853
12,260,FALSE,5.05119,5.10577
12,262,FALSE,36.09191,1.07192
12,263,FALSE,6.03497,3.01505
12,264,FALSE,29.12237,6.07667
12,265,FALSE,6.04734,5.05732
12,270,FALSE,6.09006,33.03483
12,271,FALSE,28.10918,6.02896
12,272,FALSE,5.12179,6.02973
12,273,FALSE,5.07179,6.02264
12,274,FALSE,5.1287,6.0803
12,275,FALSE,6.03839,33.03047
12,280,FALSE,5.14618,3.04413
12,289,FALSE,29.10737,5.14386
12,290,FALSE,6.12554,6.07951
12,291,FALSE,6.13311,6.13647
12,292,FALSE,6.09463,5.03475
12,293,FALSE,31.06818,15.03791
12,294,FALSE,15.02287,10.01029
12,295,FALSE,36.07984,25.04574
12,296,FALSE,4.07457,20.05291
12,297,FALSE,35.02526,6.04616
12,298,FALSE,33.13078,2.01383
12,299,FALSE,34.05963,6.0794
12,300,FALSE,33.14654,4.09962
12,301,FALSE,33.11889,4.0872
12,302,FALSE,35.14483,5.09757
12,303,FALSE,33.05432,5.12491
12,308,FALSE,31.10861,3.14359
12,317,FALSE,22.13898,4.05247
12,318,FALSE,36.0822,4.13125
12,319,FALSE,30.12647,5.09631
12,320,FALSE,27.04604,4.09652
12,321,FALSE,34.0815,4.04775
12,322,FALSE,18.1163,5.038
12,323,FALSE,17.02514,3.08391
12,324,FALSE,23.13399,1.14652
12,325,FALSE,25.02315,2.08578
12,326,FALSE,18.13669,3.12032
12,328,FALSE,25.05861,5.06697
12,329,FALSE,31.10169,6.1441
12,330,FALSE,30.01803,6.07149
12,331,FALSE,20.08298,5.07959
12,332,FALSE,20.10138,6.14208
12,333,FALSE,30.04111,33.03371
12,334,FALSE,6.08712,6.10132
12,335,FALSE,30.06116,5.07577
12,336,FALSE,30.11302,5.13373
12,337,FALSE,25.1146,6.04092
12,339,FALSE,28.01485,5.14101
12,340,TRUE,1.04212,1
12,341,TRUE,25.07203,1
12,342,FALSE,5.14524,36.05765
12,343,TRUE,1,1
12,346,FALSE,27.12085,6.0791
12,347,FALSE,33.10208,6.09865
12,348,FALSE,27.10509,6.03481
12,349,FALSE,25.11702,2.00526
12,350,FALSE,29.13375,6.10912
12,351,FALSE,25.11916,6.06623
12,352,FALSE,34.03609,6.13755
12,353,FALSE,37.08506,34.12739
12,354,FALSE,34.02768,34.12309
12,355,FALSE,23.04438,5.03913
12,357,FALSE,29.03635,5.09279
12,358,FALSE,28.09282,6.06687
12,359,FALSE,32.03423,6.00126
12,361,FALSE,25.07164,6.07342
12,363,FALSE,35.11868,35.12468
12,364,FALSE,35.07423,35.12318
12,365,FALSE,23.09964,3.06076
12,366,FALSE,5.10031,5.106
12,367,FALSE,35.0127,35.02989
12,370,FALSE,28.13787,6.07726
12,371,FALSE,33.12181,6.14494
12,372,FALSE,33.0254,6.13091
12,373,FALSE,6.11567,6.02433
12,374,FALSE,37.10327,1.02586
12,375,FALSE,4.02067,5.13132
12,376,FALSE,5.07201,6.02505
12,377,FALSE,2.02447,6.01091
12,378,FALSE,28.02303,33.08016
12,379,FALSE,5.09831,28.04102
12,380,FALSE,33.05789,34.03898
12,381,FALSE,5.09412,6.13578
12,383,FALSE,30.07583,5.01292
12,384,FALSE,30.04159,6.12259
12,385,FALSE,25.10283,2.02902
12,386,FALSE,27.13672,1.10033
12,387,FALSE,34.09222,1.11539
12,388,FALSE,5.13973,2.03927
12,389,FALSE,7.0146,2.08745
12,390,FALSE,27.06884,3.01443
12,391,FALSE,23.11874,3.05284
12,394,FALSE,30.07189,5.05988
12,395,FALSE,2.07157,35.02205
12,396,FALSE,3.12056,35.13114
12,397,FALSE,4.01919,35.0295
12,398,FALSE,33.10212,35.01129
12,403,FALSE,19.12638,6.04209
12,404,FALSE,34.05689,35.08145
12,405,FALSE,5.0445,35.0472
12,406,FALSE,4.1091,6.00794
12,407,FALSE,28.10702,29.02085
12,408,TRUE,4.06208,1
12,412,FALSE,34.0824,10.05217
12,413,FALSE,25.02014,20.09198
12,414,FALSE,31.05947,10.06255
12,415,FALSE,28.00179,30.03172
12,416,FALSE,20.12031,33.01863
12,417,FALSE,23.06682,6.14416
12,418,FALSE,35.08945,35.09476
12,419,FALSE,33.04593,33.08248
12,420,FALSE,33.03204,33.08057
12,421,FALSE,33.02762,33.05354
12,422,FALSE,30.14648,6.08967
12,423,FALSE,23.08626,6.11402
12,425,FALSE,37.02265,6.10376
12,426,FALSE,33.09064,6.05425
12,427,FALSE,6.13452,6.11221
12,428,FALSE,33.03529,33.12207
12,429,FALSE,28.13269,33.12996
13,1,FALSE,23.14213,6.02191
13,3,FALSE,4.01477,4.14571
13,5,FALSE,37.14678,6.01752
13,6,FALSE,33.05436,5.07692
13,7,FALSE,1,4.03371
13,9,FALSE,5.13613,5.02863
13,10,FALSE,4.07962,4.13525
13,11,FALSE,1,6.09829
13,13,FALSE,6.1152,6.0354
13,17,FALSE,29.05903,6.01938
13,18,FALSE,6.04649,6.05282
13,19,TRUE,33.02446,1
13,21,FALSE,29.13991,6.07041
13,22,FALSE,6.13552,6.12472
13,25,FALSE,19.10496,6.02732
13,29,FALSE,5.13034,2.13435
13,30,FALSE,6.1305,6.10638
13,69,FALSE,24.10884,2.01223
13,70,FALSE,23.0761,28.14639
13,71,FALSE,28.10431,6.07122
13,72,FALSE,33.0251,33.10128
13,73,FALSE,28.10209,28.04754
13,74,FALSE,33.04206,33.06434
13,75,FALSE,33.14625,34.03367
13,76,FALSE,28.14502,6.08155
13,77,FALSE,6.12635,18.12832
13,78,FALSE,29.12043,6.03492
13,79,FALSE,6.07216,6.08119
13,82,FALSE,29.03726,3.1374
13,83,FALSE,18.09473,3.02817
13,84,FALSE,1,33.05017
13,85,TRUE,2.01639,1
13,86,TRUE,29.02044,1
13,91,FALSE,5.11578,5.04914
13,92,FALSE,28.10735,6.05633
13,93,FALSE,23.09053,6.09427
13,95,FALSE,5.1247,4.13161
13,98,FALSE,30.01156,5.07525
13,99,FALSE,34.04732,22.07427
13,100,FALSE,35.03544,6.07233
13,101,FALSE,23.10283,5.10192
13,103,FALSE,25.11859,6.10062
13,104,FALSE,30.03605,6.01543
13,106,FALSE,28.09302,3.01147
13,107,FALSE,26.07745,4.07153
13,109,FALSE,34.00999,6.11225
13,110,FALSE,28.08733,6.06805
13,111,FALSE,33.06556,3.10018
13,112,FALSE,22.10275,3.08395
13,113,FALSE,28.14589,5.11453
13,114,FALSE,5.04422,2.00773
13,115,FALSE,5.0918,6.01249
13,116,FALSE,28.07609,3.00894
13,117,FALSE,5.07873,4.12709
13,118,FALSE,18.10905,2.03594
13,120,FALSE,34.09326,2.09594
13,121,FALSE,5.11914,2.04437
13,122,FALSE,5.14144,1.10669
13,123,FALSE,6.01318,2.09337
13,124,FALSE,37.06319,2.01547
13,125,FALSE,34.10304,35.00895
13,126,FALSE,30.01339,35.00274
13,127,FALSE,24.06708,6.12118
13,128,FALSE,30.03779,4.08502
13,129,FALSE,30.047,6.13915
13,130,FALSE,35.07284,35.09641
13,131,FALSE,5.02799,4.0414
13,133,FALSE,5.11309,3.1026
13,134,FALSE,4.0885,4.07721
13,135,FALSE,4.13844,4.00079
13,136,FALSE,4.02634,4.13128
13,137,TRUE,5.13219,1
13,139,FALSE,5.00409,5.06687
13,140,FALSE,3.11529,4.06503
13,141,FALSE,2.04271,6.02448
13,142,FALSE,3.13669,3.00396
13,143,FALSE,5.07479,1.04688
13,144,FALSE,5.06981,4.13652
13,145,TRUE,30.13095,1
13,146,TRUE,1,1
13,147,FALSE,1,2.05207
13,148,TRUE,1,1
13,149,TRUE,18.07838,1
13,150,FALSE,1,35.0867
13,151,TRUE,1.02401,1
13,153,FALSE,6.1022,6.10801
13,154,FALSE,23.1453,6.0613
13,155,FALSE,5.14118,4.14354
13,156,FALSE,5.13745,6.0523
13,157,FALSE,5.04139,1.06733
13,158,FALSE,18.06898,4.01766
13,159,FALSE,23.1174,3.14322
13,160,FALSE,23.02528,4.06376
13,161,FALSE,18.0978,4.07044
13,162,FALSE,29.03871,34.07915
13,164,FALSE,37.03518,5.06774
13,165,FALSE,6.07191,35.05654
13,166,FALSE,30.06284,35.02639
13,167,FALSE,5.03336,6.11082
13,168,FALSE,1,35.09299
13,169,FALSE,30.06396,35.07799
13,173,FALSE,29.03959,6.01125
13,175,FALSE,3.11789,3.12752
13,176,FALSE,5.09723,5.05075
13,177,FALSE,30.1283,6.08639
13,178,FALSE,35.03754,34.03459
13,179,FALSE,34.01414,6.14449
13,180,FALSE,28.07268,28.12893
13,181,FALSE,35.00861,33.08372
13,182,FALSE,10.10435,6.14245
13,183,FALSE,35.02606,6.03265
13,184,FALSE,37.00714,6.09106
13,185,FALSE,28.06526,6.10693
13,186,FALSE,37.00219,6.10802
13,188,FALSE,30.11939,1.04758
13,189,FALSE,34.09789,34.132
13,190,FALSE,23.14243,6.07466
13,191,FALSE,30.08325,6.07378
13,192,FALSE,25.1266,6.12574
13,193,FALSE,35.01351,36.03467
13,194,FALSE,25.06409,6.03224
13,195,FALSE,28.14461,6.02897
13,197,FALSE,29.13202,1.06047
13,198,FALSE,25.04359,6.14156
13,199,FALSE,29.07048,23.08904
13,200,FALSE,6.03119,6.13474
13,201,FALSE,5.06468,6.10403
13,202,FALSE,37.11695,37.08269
13,203,FALSE,30.13792,30.00343
13,204,FALSE,30.05973,6.03905
13,206,FALSE,30.05754,2.10426
13,207,FALSE,28.05136,6.12805
13,208,FALSE,5.13419,5.0976
13,209,FALSE,28.01925,28.12158
13,210,FALSE,28.07055,28.14615
13,211,FALSE,28.14195,33.08992
13,212,FALSE,5.0799,4.14364
13,213,FALSE,13.0321,5.0656
13,216,FALSE,28.13749,6.09796
13,217,FALSE,29.13601,6.1335
13,218,FALSE,30.03422,6.09801
13,219,FALSE,25.02847,6.10723
13,222,FALSE,28.10034,5.09021
13,225,FALSE,33.10841,33.14311
13,226,FALSE,35.04127,6.05166
13,227,FALSE,37.04603,34.02868
13,229,FALSE,33.11278,33.12374
13,230,FALSE,33.09024,33.07329
13,233,FALSE,30.12094,6.00331
13,234,FALSE,30.01151,33.03808
13,235,FALSE,30.01076,33.10536
13,236,FALSE,4.04467,4.0693
13,237,FALSE,5.1189,6.14278
13,242,FALSE,24.13594,4.11636
13,243,FALSE,6.01096,6.11815
13,251,FALSE,34.0272,34.04949
13,252,FALSE,28.13121,6.10688
13,253,FALSE,30.00735,4.08401
13,254,FALSE,4.0898,1.11842
13,255,FALSE,13.14248,3.02558
13,256,FALSE,30.12924,2.08252
13,257,FALSE,20.14008,4.08884
13,258,FALSE,18.05931,1.11015
13,259,FALSE,5.04064,33.06293
13,260,FALSE,5.06338,5.06707
13,262,FALSE,36.11285,1.09199
13,263,FALSE,6.05666,3.13619
13,264,FALSE,29.05971,6.08793
13,265,FALSE,6.05108,5.14518
13,270,FALSE,6.00482,33.05647
13,271,FALSE,28.05003,6.11553
13,272,FALSE,5.13066,6.04936
13,273,FALSE,5.1123,6.01167
13,274,FALSE,5.14183,6.06817
13,275,FALSE,6.00666,33.03481
13,280,FALSE,5.13368,3.10082
13,289,FALSE,29.06076,5.13396
13,290,FALSE,6.10028,6.09592
13,291,FALSE,6.14396,6.14665
13,292,FALSE,6.05129,5.03785
13,293,FALSE,31.01254,15.09923
13,294,FALSE,30.07081,10.01178
13,295,FALSE,36.04344,25.0036
13,296,FALSE,4.03133,20.04077
13,297,FALSE,35.13338,6.05705
13,298,FALSE,33.08814,1.02111
13,299,FALSE,34.03631,6.03433
13,300,FALSE,33.10952,6.09034
13,301,FALSE,33.07795,4.12549
13,302,FALSE,35.04376,5.0792
13,303,FALSE,33.01804,5.08672
13,308,FALSE,31.02567,5.01827
13,317,FALSE,22.09239,3.12399
13,318,FALSE,36.09221,6.00836
13,319,FALSE,30.12598,5.14485
13,320,FALSE,27.14387,4.01932
13,321,FALSE,34.13958,4.04259
13,322,FALSE,18.03861,5.05618
13,323,FALSE,17.13301,2.06567
13,324,FALSE,23.14171,2.11712
13,325,FALSE,25.11411,2.03314
13,326,FALSE,18.1085,4.08902
13,328,FALSE,25.07702,5.14287
13,329,FALSE,31.12397,20.05728
13,330,FALSE,30.03952,6.01819
13,331,FALSE,20.07667,5.03634
13,332,FALSE,30.14718,5.08318
13,333,FALSE,30.02242,33.00487
13,334,FALSE,6.07438,6.12222
13,335,FALSE,30.00696,5.09186
13,336,FALSE,30.04322,5.07387
13,337,FALSE,25.0994,6.04464
13,339,FALSE,28.06845,6.0979
13,340,TRUE,1.11517,1
13,341,TRUE,25.10098,1
13,342,FALSE,5.04529,36.10155
13,343,TRUE,1,1
13,346,FALSE,27.12034,6.0694
13,347,FALSE,33.05393,6.07734
13,348,FALSE,27.0464,6.06073
13,349,FALSE,25.05884,2.09039
13,350,FALSE,29.14087,6.13775
13,351,FALSE,25.11164,6.11342
13,352,FALSE,34.10016,6.03906
13,353,FALSE,37.08074,34.04889
13,354,FALSE,34.06261,34.07391
13,355,FALSE,23.03249,5.00503
13,357,FALSE,29.11742,5.09878
13,358,FALSE,28.07598,6.0218
13,359,FALSE,32.04463,6.04363
13,361,FALSE,25.02196,6.02344
13,363,FALSE,35.04726,35.05247
13,364,FALSE,35.13811,35.13816
13,365,FALSE,23.08631,3.02295
13,366,FALSE,5.09104,5.07295
13,367,FALSE,35.01314,35.02444
13,370,FALSE,28.14381,6.06153
13,371,FALSE,33.06086,6.13945
13,372,FALSE,33.0159,6.14208
13,373,FALSE,6.12296,6.02132
13,374,FALSE,37.09699,1.07211
13,375,FALSE,4.14549,5.04624
13,376,FALSE,5.03705,6.04435
13,377,FALSE,2.13155,6.11527
13,378,FALSE,28.11831,33.1332
13,379,FALSE,5.14685,28.0503
13,380,FALSE,33.14495,34.02594
13,381,FALSE,5.03699,6.12756
13,383,FALSE,30.04433,5.08535
13,384,FALSE,30.14657,6.14116
13,385,FALSE,25.14499,3.0325
13,386,FALSE,27.10605,1.02853
13,387,FALSE,34.04354,1.01612
13,388,FALSE,5.11612,2.1429
13,389,FALSE,7.10135,2.08701
13,390,FALSE,27.0436,3.13677
13,391,FALSE,23.00063,4.11617
13,394,FALSE,30.00596,5.10958
13,395,FALSE,2.07195,35.06549
13,396,FALSE,3.1064,35.02227
13,397,FALSE,4.08607,35.01633
13,398,FALSE,33.02265,35.10077
13,403,FALSE,19.05369,6.03164
13,404,FALSE,34.13796,35.08003
13,405,FALSE,5.0134,35.02527
13,406,FALSE,4.02098,6.04047
13,407,FALSE,28.14401,29.14423
13,408,TRUE,4.06003,1
13,412,FALSE,34.03722,10.11196
13,413,FALSE,25.11157,20.00106
13,414,FALSE,31.01835,10.08027
13,415,FALSE,28.11452,30.03148
13,416,FALSE,20.07549,33.03195
13,417,FALSE,28.1212,6.13137
13,418,FALSE,35.04409,35.06464
13,419,FALSE,33.10728,33.1197
13,420,FALSE,33.02727,33.12378
13,421,FALSE,33.08334,33.0903
13,422,FALSE,28.0606,30.03007
13,423,FALSE,23.11813,6.1122
13,425,FALSE,5.0942,6.00983
13,426,FALSE,33.12692,6.04824
13,427,FALSE,6.13855,6.10953
13,428,FALSE,33.13042,33.07739
13,429,FALSE,28.0557,33.03351
14,1,FALSE,23.13411,6.06315
14,3,FALSE,4.01804,4.09806
14,5,FALSE,37.08219,6.01154
14,6,FALSE,33.00963,5.09942
14,7,FALSE,1,4.00224
14,9,FALSE,5.13354,4.00417
14,10,FALSE,4.06212,5.0593
14,11,FALSE,1,6.07738
14,13,FALSE,6.09628,6.0832
14,17,FALSE,28.04518,6.02146
14,18,FALSE,6.00123,6.00095
14,19,TRUE,33.09979,1
14,21,FALSE,29.03129,6.0687
14,22,FALSE,6.13584,6.12837
14,25,FALSE,19.12802,6.03123
14,29,FALSE,5.13678,2.02891
14,30,FALSE,6.09485,6.07051
14,69,FALSE,24.12506,2.11008
14,70,FALSE,23.1278,28.03556
14,71,FALSE,28.10104,6.05543
14,72,FALSE,33.05116,33.05322
14,73,FALSE,28.01983,28.02767
14,74,FALSE,33.04689,33.06025
14,75,FALSE,33.14652,34.00061
14,76,FALSE,28.1182,6.13375
14,77,FALSE,6.14416,18.01711
14,78,FALSE,23.00894,6.03735
14,79,FALSE,6.06579,6.06736
14,82,FALSE,29.06359,6.03154
14,83,FALSE,18.13739,3.12749
14,84,FALSE,1,33.08693
14,85,TRUE,2.03481,1
14,86,TRUE,29.0376,1
14,91,FALSE,5.08529,5.08174
14,92,FALSE,28.11476,6.05212
14,93,FALSE,23.11934,6.12432
14,95,FALSE,5.12218,3.12843
14,98,FALSE,30.11597,5.01529
14,99,FALSE,34.08047,22.02537
14,100,FALSE,35.02497,6.08228
14,101,FALSE,23.06691,3.12777
14,103,FALSE,25.0198,6.12433
14,104,FALSE,30.07598,6.00076
14,106,FALSE,28.01702,3.07863
14,107,FALSE,26.04488,4.01438
14,109,FALSE,34.13344,6.11837
14,110,FALSE,28.06921,6.08602
14,111,FALSE,33.04862,3.13677
14,112,FALSE,22.11758,4.05615
14,113,FALSE,28.13763,5.00038
14,114,FALSE,5.11507,2.02764
14,115,FALSE,5.13126,6.0255
14,116,FALSE,28.11547,3.07946
14,117,FALSE,5.11956,4.1462
14,118,FALSE,18.13296,2.03689
14,120,FALSE,34.14466,2.01942
14,121,FALSE,5.12155,2.01173
14,122,FALSE,5.12654,2.02411
14,123,FALSE,6.00758,2.07807
14,124,FALSE,37.11761,2.00905
14,125,FALSE,34.06698,35.00011
14,126,FALSE,30.12403,35.05428
14,127,FALSE,24.01643,6.09864
14,128,FALSE,30.14053,6.04451
14,129,FALSE,30.09569,6.07725
14,130,FALSE,35.11763,35.11846
14,131,FALSE,5.07822,4.03491
14,133,FALSE,5.10494,3.13535
14,134,FALSE,4.10258,4.04664
14,135,FALSE,4.0798,6.10983
14,136,FALSE,4.12946,4.10039
14,137,TRUE,5.1085,1
14,139,FALSE,5.1159,5.07978
14,140,FALSE,3.07342,4.05583
14,141,FALSE,2.0722,6.12826
14,142,FALSE,3.04845,3.12621
14,143,FALSE,5.07502,1.02831
14,144,FALSE,5.11376,4.12909
14,145,FALSE,1,30.04796
14,146,TRUE,1,1
14,147,FALSE,1,2.05968
14,148,TRUE,1,1
14,149,TRUE,18.03712,1
14,150,FALSE,1,35.07365
14,151,TRUE,1.07248,1
14,153,FALSE,6.08698,6.10282
14,154,FALSE,23.00803,6.06746
14,155,FALSE,23.11404,4.08857
14,156,FALSE,5.14382,6.00315
14,157,FALSE,5.05477,1.12745
14,158,FALSE,18.02838,4.03219
14,159,FALSE,23.02213,1.12557
14,160,FALSE,23.04258,4.05264
14,161,FALSE,18.10793,4.08981
14,162,FALSE,29.08167,34.14627
14,164,FALSE,37.11804,5.04823
14,165,FALSE,6.0479,35.08243
14,166,FALSE,30.13874,35.1429
14,167,FALSE,5.06198,6.07537
14,168,FALSE,1,35.07158
14,169,FALSE,30.09919,35.13631
14,173,FALSE,29.12391,6.01088
14,175,FALSE,3.09661,3.12708
14,176,FALSE,5.07982,5.05073
14,177,FALSE,30.1368,6.11813
14,178,FALSE,35.00919,34.00398
14,179,FALSE,34.02448,6.14574
14,180,FALSE,28.04864,28.04867
14,181,FALSE,35.03989,33.04186
14,182,FALSE,10.00805,6.1444
14,183,FALSE,35.01143,6.08778
14,184,FALSE,37.03489,6.10654
14,185,FALSE,28.05711,6.14104
14,186,FALSE,37.0403,6.01613
14,188,FALSE,37.10111,1.06385
14,189,FALSE,34.03508,34.10526
14,190,FALSE,23.01713,6.09678
14,191,FALSE,30.12393,6.0533
14,192,FALSE,25.09339,6.12922
14,193,FALSE,35.06947,36.12224
14,194,FALSE,25.06274,6.06377
14,195,FALSE,28.04693,6.10077
14,197,FALSE,30.14303,2.10798
14,198,FALSE,25.08265,6.05223
14,199,FALSE,29.06575,23.02018
14,200,FALSE,6.08913,6.12806
14,201,FALSE,5.11831,6.09375
14,202,FALSE,37.01688,37.02036
14,203,FALSE,30.14193,30.04079
14,204,FALSE,30.08473,4.00467
14,206,FALSE,30.10543,2.10003
14,207,FALSE,28.09676,6.1129
14,208,FALSE,5.13514,5.13399
14,209,FALSE,28.08763,28.12467
14,210,FALSE,28.14014,28.06768
14,211,FALSE,28.09693,33.10363
14,212,FALSE,5.11428,4.09824
14,213,FALSE,13.13099,5.10546
14,216,FALSE,28.11328,6.08621
14,217,FALSE,29.12642,6.14084
14,218,FALSE,30.06867,6.04313
14,219,FALSE,25.12193,6.12602
14,222,FALSE,28.11126,5.06013
14,225,FALSE,33.06873,33.12509
14,226,FALSE,35.12644,6.11411
14,227,FALSE,37.02004,34.01142
14,229,FALSE,33.11454,33.07882
14,230,FALSE,33.10371,33.06951
14,233,FALSE,30.06134,6.03951
14,234,FALSE,30.02883,33.0164
14,235,FALSE,30.09732,33.03099
14,236,FALSE,4.0305,4.04785
14,237,FALSE,5.12397,6.00138
14,242,FALSE,24.07244,4.04887
14,243,FALSE,6.00658,6.12428
14,251,FALSE,34.06372,34.0749
14,252,FALSE,28.07696,6.11988
14,253,FALSE,30.09523,4.02481
14,254,FALSE,4.10092,1.0206
14,255,FALSE,13.01361,3.06103
14,256,FALSE,30.00518,2.07058
14,257,FALSE,20.1089,4.09311
14,258,FALSE,18.05367,5.07275
14,259,FALSE,5.10834,33.04311
14,260,FALSE,5.09965,5.10277
14,262,FALSE,36.04259,1.02139
14,263,FALSE,6.00489,3.11147
14,264,FALSE,29.10941,6.12566
14,265,FALSE,6.0129,5.12822
14,270,FALSE,6.12572,33.05518
14,271,FALSE,28.05798,6.06662
14,272,FALSE,5.14032,6.06028
14,273,FALSE,5.13648,6.00122
14,274,FALSE,5.07789,6.00812
14,275,FALSE,6.08237,33.0535
14,280,FALSE,5.07368,3.10007
14,289,FALSE,29.11048,5.13708
14,290,FALSE,6.10936,6.11436
14,291,FALSE,6.12106,6.13522
14,292,FALSE,6.13278,5.05129
14,293,FALSE,30.13422,15.11675
14,294,FALSE,6.01999,10.01356
14,295,FALSE,36.0519,25.07225
14,296,FALSE,4.12058,20.09028
14,297,FALSE,35.08064,6.04589
14,298,FALSE,33.10975,1.0245
14,299,FALSE,34.06404,6.09099
14,300,FALSE,33.14241,6.07612
14,301,FALSE,33.05168,4.06519
14,302,FALSE,35.06524,5.02185
14,303,FALSE,33.01306,5.13531
14,308,FALSE,31.08449,3.08532
14,317,FALSE,22.00869,3.12852
14,318,FALSE,36.02159,4.13539
14,319,FALSE,30.1081,5.07939
14,320,FALSE,27.05471,4.07056
14,321,FALSE,34.00162,4.08216
14,322,FALSE,18.02818,5.09995
14,323,FALSE,17.0446,2.134
14,324,FALSE,23.04384,1.06478
14,325,FALSE,25.11708,2.09652
14,326,FALSE,18.07523,3.12676
14,328,FALSE,25.13077,5.13773
14,329,FALSE,31.00582,20.13191
14,330,FALSE,30.14383,6.02906
14,331,FALSE,20.13211,5.03637
14,332,FALSE,20.13121,6.13526
14,333,FALSE,30.11949,33.02859
14,334,FALSE,6.09334,6.0939
14,335,FALSE,30.0805,5.12903
14,336,FALSE,30.13054,5.10634
14,337,FALSE,25.13633,6.0389
14,339,FALSE,28.0619,5.12871
14,340,TRUE,1.09019,1
14,341,TRUE,25.13456,1
14,342,FALSE,5.13607,36.11433
14,343,TRUE,1,1
14,346,FALSE,27.13374,6.03492
14,347,FALSE,33.10473,6.13471
14,348,FALSE,27.07922,6.06343
14,349,FALSE,25.04289,2.10911
14,350,FALSE,29.06577,6.12781
14,351,FALSE,25.11874,6.12764
14,352,FALSE,34.00117,6.06773
14,353,FALSE,37.09191,34.06421
14,354,FALSE,34.06241,34.07125
14,355,FALSE,23.08469,5.10413
14,357,FALSE,29.09463,5.11202
14,358,FALSE,28.00776,6.03263
14,359,FALSE,32.07512,6.02312
14,361,FALSE,25.1183,6.07286
14,363,FALSE,35.08328,35.11321
14,364,FALSE,35.03242,35.036
14,365,FALSE,23.025,3.08865
14,366,FALSE,5.13844,5.09711
14,367,FALSE,35.00472,35.02137
14,370,FALSE,28.07919,6.07474
14,371,FALSE,33.0844,6.14725
14,372,FALSE,33.07327,6.12978
14,373,FALSE,6.11772,6.03716
14,374,FALSE,37.11904,1.08683
14,375,FALSE,23.01748,5.02321
14,376,FALSE,5.05795,6.11175
14,377,FALSE,1,2.13302
14,378,FALSE,28.10325,33.08487
14,379,FALSE,5.08403,28.04043
14,380,FALSE,33.09848,34.03241
14,381,FALSE,5.01777,6.13304
14,383,FALSE,29.03458,5.07713
14,384,FALSE,28.03495,6.12278
14,385,FALSE,25.13963,2.09618
14,386,FALSE,27.0096,1.07221
14,387,FALSE,34.07663,1.08959
14,388,FALSE,5.13118,2.14008
14,389,FALSE,7.00427,2.09997
14,390,FALSE,27.0297,3.14342
14,391,FALSE,23.06004,2.05999
14,394,FALSE,30.04953,5.07287
14,395,FALSE,2.13686,35.0011
14,396,FALSE,3.03977,35.05772
14,397,FALSE,4.14337,35.00047
14,398,FALSE,33.06159,35.08524
14,403,FALSE,19.03511,6.07689
14,404,FALSE,34.01126,35.07572
14,405,FALSE,5.04606,35.0319
14,406,FALSE,4.08969,6.01513
14,407,FALSE,28.11463,29.08272
14,408,TRUE,4.02052,1
14,412,FALSE,34.12571,10.01614
14,413,FALSE,25.09154,20.05179
14,414,FALSE,31.06346,10.03904
14,415,FALSE,28.05333,30.10553
14,416,FALSE,20.11599,33.0466
14,417,FALSE,28.11439,6.1334
14,418,FALSE,35.07851,35.10682
14,419,FALSE,33.08295,33.09305
14,420,FALSE,33.05228,33.11654
14,421,FALSE,33.10366,33.14211
14,422,FALSE,28.12139,30.02108
14,423,FALSE,23.12213,6.05699
14,425,FALSE,37.08013,6.01759
14,426,FALSE,33.11344,6.05691
14,427,FALSE,6.14244,6.07258
14,428,FALSE,33.1186,33.08773
14,429,FALSE,28.14339,33.00218
15,1,FALSE,23.12348,6.02847
15,3,FALSE,4.04902,4.07493
15,5,FALSE,37.13498,6.01115
15,6,FALSE,33.02214,5.08755
15,7,FALSE,1,4.06361
15,9,FALSE,5.06712,5.01086
15,10,FALSE,4.04988,5.0182
15,11,FALSE,1,6.13193
15,13,FALSE,6.0851,6.10083
15,17,FALSE,28.09121,6.03843
15,18,FALSE,6.01462,6.04556
15,19,TRUE,33.00884,1
15,21,FALSE,18.08613,6.02935
15,22,FALSE,6.09202,6.10625
15,25,FALSE,19.02734,6.01152
15,29,FALSE,5.1391,3.11918
15,30,FALSE,6.14674,6.08185
15,69,FALSE,24.05126,2.11334
15,70,FALSE,23.0752,28.13784
15,71,FALSE,6.0904,6.09659
15,72,FALSE,33.05256,33.09603
15,73,FALSE,28.13375,28.14295
15,74,FALSE,37.07856,33.04007
15,75,FALSE,33.13322,34.01745
15,76,FALSE,6.12481,6.13848
15,77,FALSE,6.07074,18.03613
15,78,FALSE,23.11297,6.05802
15,79,FALSE,6.09491,6.11249
15,82,FALSE,29.14472,6.00798
15,83,FALSE,18.00169,3.09077
15,84,FALSE,1,33.11272
15,85,TRUE,2.04444,1
15,86,TRUE,29.0397,1
15,91,FALSE,5.12944,5.07803
15,92,FALSE,28.00382,6.07422
15,93,FALSE,23.13149,6.11115
15,95,FALSE,5.11913,3.09122
15,98,FALSE,30.00165,5.05425
15,99,FALSE,34.12345,22.07502
15,100,FALSE,35.01912,6.11227
15,101,FALSE,23.13896,5.13537
15,103,FALSE,25.12634,6.04197
15,104,FALSE,30.12105,6.03471
15,106,FALSE,28.03936,3.09811
15,107,FALSE,26.04669,4.00059
15,109,FALSE,34.01596,6.14082
15,110,FALSE,28.00111,6.08127
15,111,FALSE,33.10713,5.03481
15,112,FALSE,22.14117,4.00087
15,113,FALSE,28.14297,5.09196
15,114,FALSE,5.14404,2.01946
15,115,FALSE,5.14563,6.04416
15,116,FALSE,28.1156,3.13361
15,117,FALSE,5.10607,4.04776
15,118,FALSE,18.10368,2.08569
15,120,FALSE,34.1224,2.04671
15,121,FALSE,5.12159,2.0457
15,122,FALSE,5.13973,2.02048
15,123,FALSE,6.14285,2.00924
15,124,FALSE,37.13875,2.11726
15,125,FALSE,34.01387,35.0016
15,126,FALSE,30.12682,35.0141
15,127,FALSE,24.12391,6.10595
15,128,FALSE,30.1163,6.03092
15,129,FALSE,30.13119,6.09404
15,130,FALSE,35.09866,35.11863
15,131,FALSE,5.00239,4.00681
15,133,FALSE,5.13097,3.00653
15,134,FALSE,5.14124,4.02841
15,135,FALSE,4.01824,4.0477
15,136,FALSE,4.12918,4.01874
15,137,FALSE,5.1364,4.04843
15,139,FALSE,5.00807,5.12283
15,140,FALSE,3.01158,4.05079
15,141,FALSE,2.13687,6.05516
15,142,FALSE,3.07115,3.09347
15,143,FALSE,5.13557,1.0037
15,144,FALSE,5.07552,4.14442
15,145,TRUE,30.08692,1
15,146,TRUE,1,1
15,147,FALSE,1,2.01237
15,148,TRUE,1,1
15,149,TRUE,18.01788,1
15,150,FALSE,1,35.1222
15,151,TRUE,1.09533,1
15,153,FALSE,6.11916,6.12512
15,154,FALSE,23.05836,6.05063
15,155,FALSE,23.07716,4.11612
15,156,FALSE,5.14137,6.03618
15,157,FALSE,5.09766,1.0603
15,158,FALSE,18.14529,4.12945
15,159,FALSE,23.04981,3.09687
15,160,FALSE,23.03298,4.10988
15,161,FALSE,18.07528,4.12086
15,162,FALSE,29.04244,34.12669
15,164,FALSE,37.13013,5.06683
15,165,FALSE,6.03869,35.05309
15,166,FALSE,30.07171,35.03997
15,167,FALSE,5.00363,6.11463
15,168,FALSE,1,35.12597
15,169,FALSE,30.08056,35.01852
15,173,FALSE,29.10714,6.02136
15,175,FALSE,3.05553,3.10789
15,176,FALSE,5.11749,5.07479
15,177,FALSE,30.03454,6.11074
15,178,FALSE,35.0448,34.00655
15,179,FALSE,34.11075,6.14323
15,180,FALSE,28.1238,28.02223
15,181,FALSE,35.01702,33.05119
15,182,FALSE,10.02334,6.14058
15,183,FALSE,35.142,6.11533
15,184,FALSE,37.00836,6.07607
15,185,FALSE,28.02988,6.0806
15,186,FALSE,37.0698,6.03795
15,188,FALSE,30.09749,1.0267
15,189,FALSE,34.08214,34.14223
15,190,FALSE,23.02424,6.11697
15,191,FALSE,30.02932,6.07997
15,192,FALSE,25.13969,6.13956
15,193,FALSE,35.0081,36.09926
15,194,FALSE,25.09368,6.09569
15,195,FALSE,28.04434,6.1448
15,197,FALSE,29.12028,1.00218
15,198,FALSE,25.09644,6.02853
15,199,FALSE,30.03389,6.10969
15,200,FALSE,6.05437,6.0626
15,201,FALSE,5.14639,6.01831
15,202,FALSE,37.05222,37.07281
15,203,FALSE,30.09079,30.05267
15,204,FALSE,30.12774,4.06684
15,206,FALSE,30.00398,2.07168
15,207,FALSE,28.13463,6.09425
15,208,FALSE,5.07547,5.012
15,209,FALSE,28.08547,28.01721
15,210,FALSE,28.13899,28.02901
15,211,FALSE,28.09755,33.11485
15,212,FALSE,4.13449,5.06857
15,213,FALSE,13.09385,5.14213
15,216,FALSE,28.08277,6.10929
15,217,FALSE,29.00092,6.13825
15,218,FALSE,30.02099,6.07951
15,219,FALSE,25.05561,6.13122
15,222,FALSE,28.12414,5.10373
15,225,FALSE,33.12935,33.13163
15,226,FALSE,35.08196,6.06992
15,227,FALSE,37.01239,34.01755
15,229,FALSE,33.09351,33.10805
15,230,FALSE,33.10729,33.08425
15,233,FALSE,30.12821,6.06594
15,234,FALSE,30.07162,33.01907
15,235,FALSE,30.06488,33.03995
15,236,FALSE,4.06577,4.01402
15,237,FALSE,5.07345,6.08358
15,242,FALSE,24.13766,4.04229
15,243,FALSE,6.0028,6.04945
15,251,FALSE,34.03553,34.11335
15,252,FALSE,28.00279,6.10619
15,253,FALSE,30.12912,4.08989
15,254,FALSE,4.03548,1.08484
15,255,FALSE,13.14121,3.10704
15,256,FALSE,30.04456,2.10331
15,257,FALSE,20.00736,4.04121
15,258,FALSE,18.035,5.13866
15,259,FALSE,5.05848,33.02787
15,260,FALSE,5.13441,5.14142
15,262,FALSE,36.02393,1.00155
15,263,FALSE,6.02467,3.10468
15,264,FALSE,29.13109,6.14294
15,265,FALSE,6.12852,5.13479
15,270,FALSE,6.07106,33.07201
15,271,FALSE,28.07586,6.0296
15,272,FALSE,5.03807,6.00922
15,273,FALSE,5.13812,6.03758
15,274,FALSE,5.08814,6.01013
15,275,FALSE,6.01309,33.01491
15,280,FALSE,5.08725,3.04772
15,289,FALSE,29.08239,5.12785
15,290,FALSE,6.09227,6.10914
15,291,FALSE,6.13609,6.14703
15,292,FALSE,6.06624,5.00861
15,293,FALSE,30.10916,15.11242
15,294,FALSE,15.01646,10.00557
15,295,FALSE,36.12653,25.04178
15,296,FALSE,4.12883,20.02094
15,297,FALSE,35.09373,6.1053
15,298,FALSE,33.04095,1.07986
15,299,FALSE,34.04078,6.07037
15,300,FALSE,33.10991,6.07289
15,301,FALSE,33.09772,4.11468
15,302,FALSE,35.05721,5.06105
15,303,FALSE,33.11276,5.00613
15,308,FALSE,31.1035,3.03419
15,317,FALSE,22.08694,4.04025
15,318,FALSE,36.05937,4.07812
15,319,FALSE,30.11925,5.12009
15,320,FALSE,27.02766,4.05235
15,321,FALSE,34.00729,3.07166
15,322,FALSE,18.12246,5.08339
15,323,FALSE,17.14517,2.02171
15,324,FALSE,23.04506,2.01017
15,325,FALSE,25.12397,2.00148
15,326,FALSE,18.09699,4.10294
15,328,FALSE,25.07896,5.07038
15,329,FALSE,31.05594,6.11235
15,330,FALSE,30.08628,6.08435
15,331,FALSE,20.09123,5.03989
15,332,FALSE,20.08426,6.14669
15,333,FALSE,30.14288,33.05193
15,334,FALSE,6.10039,6.08746
15,335,FALSE,30.12599,5.0353
15,336,FALSE,30.14103,5.11917
15,337,FALSE,25.13407,6.0006
15,339,FALSE,28.0243,5.09023
15,340,TRUE,1.09703,1
15,341,TRUE,25.13666,1
15,342,FALSE,5.0216,36.06924
15,343,TRUE,1,1
15,346,FALSE,27.09895,6.06245
15,347,FALSE,33.12161,6.06895
15,348,FALSE,27.14019,6.05115
15,349,FALSE,25.12649,2.06
15,350,FALSE,29.02354,6.1388
15,351,FALSE,25.1155,6.13579
15,352,FALSE,34.06463,6.04359
15,353,FALSE,37.05864,34.0619
15,354,FALSE,34.01349,34.07193
15,355,FALSE,23.04033,5.0363
15,357,FALSE,28.01042,5.08623
15,358,FALSE,28.11595,6.06066
15,359,FALSE,32.00126,6.03156
15,361,FALSE,25.12093,6.03787
15,363,FALSE,35.11156,35.11624
15,364,FALSE,35.08895,35.09246
15,365,FALSE,23.0395,3.05531
15,366,FALSE,5.09002,5.11663
15,367,FALSE,35.05109,35.06154
15,370,FALSE,28.12092,6.07373
15,371,FALSE,33.01642,6.14533
15,372,FALSE,33.12729,6.1294
15,373,FALSE,6.14228,6.0012
15,374,FALSE,37.14164,1.09798
15,375,FALSE,4.11707,5.04371
15,376,FALSE,5.08751,6.08481
15,377,FALSE,1,2.09658
15,378,FALSE,28.10892,33.08233
15,379,FALSE,5.11951,28.07624
15,380,FALSE,33.10765,34.01278
15,381,FALSE,5.07628,6.14362
15,383,FALSE,28.12782,5.10679
15,384,FALSE,30.07747,6.14089
15,385,FALSE,30.00645,2.0186
15,386,FALSE,27.09094,4.02685
15,387,FALSE,34.14723,2.1256
15,388,FALSE,5.13377,2.09008
15,389,FALSE,7.05731,2.06009
15,390,FALSE,27.11248,3.04953
15,391,FALSE,23.01471,2.14101
15,394,FALSE,30.09941,5.13535
15,395,FALSE,2.14281,35.13026
15,396,FALSE,3.08418,35.11404
15,397,FALSE,4.05786,35.07324
15,398,FALSE,33.09978,35.13379
15,403,FALSE,19.01911,6.02065
15,404,FALSE,34.11107,35.06153
15,405,FALSE,5.0631,35.14501
15,406,FALSE,1,4.0642
15,407,FALSE,28.14518,29.11438
15,408,TRUE,4.10628,1
15,412,FALSE,34.07429,10.11772
15,413,FALSE,25.03661,15.08134
15,414,FALSE,31.00584,10.0571
15,415,FALSE,28.09845,30.06445
15,416,FALSE,20.07245,33.02816
15,417,FALSE,28.05643,6.12555
15,418,FALSE,35.00413,35.01224
15,419,FALSE,33.04051,33.11374
15,420,FALSE,33.0273,33.09238
15,421,FALSE,33.03514,33.14325
15,422,FALSE,28.12055,30.06729
15,423,FALSE,23.12663,6.08222
15,425,FALSE,5.12201,6.01661
15,426,FALSE,33.13818,6.05082
15,427,FALSE,6.12492,6.09129
15,428,FALSE,33.12251,33.04537
15,429,FALSE,28.07128,33.08729
16,1,FALSE,23.13606,6.04465
16,3,FALSE,4.04516,4.05637
16,5,FALSE,37.04478,6.01287
16,6,FALSE,33.01114,5.13771
16,7,FALSE,1,4.09603
16,9,FALSE,5.14125,5.02462
16,10,FALSE,4.03405,4.08093
16,11,FALSE,1,6.13929
16,13,FALSE,6.07901,6.11795
16,17,FALSE,28.03858,6.04149
16,18,FALSE,6.03411,6.0346
16,19,TRUE,33.12094,1
16,21,FALSE,29.04713,6.07122
16,22,FALSE,6.13504,6.12853
16,25,FALSE,19.11921,6.01073
16,29,FALSE,5.1158,3.10779
16,30,FALSE,6.14308,6.06555
16,69,FALSE,24.11309,2.06313
16,70,FALSE,23.02637,28.12396
16,71,FALSE,6.06457,6.06523
16,72,FALSE,33.01801,33.04096
16,73,FALSE,28.05389,28.0323
16,74,FALSE,37.0266,33.04553
16,75,FALSE,33.1154,34.0262
16,76,FALSE,28.04803,6.12075
16,77,FALSE,6.08898,18.06124
16,78,FALSE,29.04242,6.0261
16,79,FALSE,6.12222,6.1225
16,82,FALSE,29.05017,6.03318
16,83,FALSE,18.0474,3.11601
16,84,FALSE,1,33.0716
16,85,TRUE,2.0118,1
16,86,TRUE,29.07089,1
16,91,FALSE,5.13158,5.12003
16,92,FALSE,6.07718,6.07965
16,93,FALSE,23.02856,6.11875
16,95,FALSE,5.08534,4.03583
16,98,FALSE,30.12114,5.01003
16,99,FALSE,34.07612,22.07323
16,100,FALSE,35.03842,6.07281
16,101,FALSE,23.10313,5.14514
16,103,FALSE,25.10348,6.14409
16,104,FALSE,30.14726,6.02454
16,106,FALSE,28.10647,3.02437
16,107,FALSE,26.14593,4.0629
16,109,FALSE,34.091,6.1014
16,110,FALSE,28.05589,6.09212
16,111,FALSE,33.07345,3.13691
16,112,FALSE,22.00696,4.08502
16,113,FALSE,28.11752,5.06311
16,114,FALSE,5.08386,2.09178
16,115,FALSE,5.08382,6.04085
16,116,FALSE,28.12477,3.1166
16,117,FALSE,5.12379,4.00804
16,118,FALSE,18.11785,2.13059
16,120,FALSE,34.10812,2.11063
16,121,FALSE,5.14318,2.07009
16,122,FALSE,5.13981,2.05482
16,123,FALSE,6.0712,2.1246
16,124,FALSE,37.13419,5.05233
16,125,FALSE,34.00616,35.04766
16,126,FALSE,30.12685,35.07097
16,127,FALSE,24.06607,6.02816
16,128,FALSE,30.05238,4.08209
16,129,FALSE,30.04645,6.14396
16,130,FALSE,35.10499,35.11822
16,131,FALSE,5.09113,4.0759
16,133,FALSE,5.04926,3.0055
16,134,FALSE,5.12356,4.00294
16,135,FALSE,4.06599,6.04496
16,136,FALSE,4.05013,4.08497
16,137,FALSE,5.11532,4.04122
16,139,FALSE,5.002,5.02995
16,140,FALSE,3.0166,4.0036
16,141,FALSE,2.14354,6.06642
16,142,FALSE,3.02247,3.0344
16,143,FALSE,5.00128,1.0039
16,144,FALSE,5.12501,4.00029
16,145,FALSE,1,30.03812
16,146,TRUE,1,1
16,147,FALSE,1,2.02733
16,148,TRUE,1,1
16,149,TRUE,18.04076,1
16,150,FALSE,1,35.12829
16,151,TRUE,1.02956,1
16,153,FALSE,6.11237,6.1311
16,154,FALSE,28.12968,6.01927
16,155,FALSE,23.01688,4.07992
16,156,FALSE,28.04823,5.04829
16,157,FALSE,5.01175,1.01836
16,158,FALSE,18.13969,4.04435
16,159,FALSE,23.04283,1.01686
16,160,FALSE,23.09103,4.12055
16,161,FALSE,18.0571,4.11983
16,162,FALSE,29.01377,34.12338
16,164,FALSE,37.13418,5.08514
16,165,FALSE,6.06828,35.09392
16,166,FALSE,30.08459,35.06095
16,167,FALSE,5.05977,6.05738
16,168,FALSE,1,35.14711
16,169,FALSE,30.0014,35.09146
16,173,FALSE,28.1321,6.01433
16,175,FALSE,3.13157,3.13672
16,176,FALSE,5.07882,5.0483
16,177,FALSE,30.14718,6.09404
16,178,FALSE,35.01826,34.00335
16,179,FALSE,34.11543,6.14453
16,180,FALSE,28.03256,28.11747
16,181,FALSE,35.03916,33.10942
16,182,FALSE,25.10044,6.14167
16,183,FALSE,35.14451,6.02597
16,184,FALSE,37.0184,6.10123
16,185,FALSE,28.02779,6.13801
16,186,FALSE,37.06156,6.0234
16,188,FALSE,30.13887,1.02129
16,189,FALSE,34.11715,34.14478
16,190,FALSE,23.1038,6.11444
16,191,FALSE,30.06503,6.0279
16,192,FALSE,25.07174,6.07378
16,193,FALSE,35.05413,36.07864
16,194,FALSE,25.08522,6.13331
16,195,FALSE,28.02916,6.09915
16,197,FALSE,30.11168,1.10089
16,198,FALSE,25.07644,6.10091
16,199,FALSE,30.08222,6.12097
16,200,FALSE,6.09271,6.12721
16,201,FALSE,5.11087,6.13285
16,202,FALSE,37.07464,37.00578
16,203,FALSE,30.11283,30.01204
16,204,FALSE,30.09405,6.07161
16,206,FALSE,30.12806,2.11931
16,207,FALSE,28.0589,6.0964
16,208,FALSE,5.12151,5.01131
16,209,FALSE,28.14413,28.03574
16,210,FALSE,28.14225,28.01054
16,211,FALSE,28.02874,33.01173
16,212,FALSE,4.14216,5.07613
16,213,FALSE,13.09195,5.11954
16,216,FALSE,28.1319,6.11241
16,217,FALSE,29.06576,6.13657
16,218,FALSE,30.10005,6.13687
16,219,FALSE,25.1451,6.12875
16,222,FALSE,28.1286,5.0455
16,225,FALSE,33.04562,33.12965
16,226,FALSE,35.03664,6.08772
16,227,FALSE,37.02653,34.06918
16,229,FALSE,33.12221,33.08846
16,230,FALSE,33.06229,33.04446
16,233,FALSE,30.12565,6.01026
16,234,FALSE,30.05875,33.05814
16,235,FALSE,30.03614,33.07963
16,236,FALSE,4.06923,4.10653
16,237,FALSE,5.04425,6.0412
16,242,FALSE,24.09083,4.12812
16,243,FALSE,6.01678,6.08677
16,251,FALSE,34.10837,34.11218
16,252,FALSE,28.13846,6.13028
16,253,FALSE,30.08204,4.0418
16,254,FALSE,4.07288,1.08471
16,255,FALSE,13.01918,3.06139
16,256,FALSE,30.03408,2.14256
16,257,FALSE,20.05695,4.00264
16,258,FALSE,18.08385,5.00641
16,259,FALSE,5.0391,33.03946
16,260,FALSE,5.00921,5.10792
16,262,FALSE,36.11489,1.00009
16,263,FALSE,6.02396,3.13485
16,264,FALSE,29.04774,6.06465
16,265,FALSE,6.14518,5.14528
16,270,FALSE,6.09316,33.03279
16,271,FALSE,28.04793,6.09163
16,272,FALSE,5.11397,6.05209
16,273,FALSE,5.13377,6.02763
16,274,FALSE,5.08287,6.05491
16,275,FALSE,6.12797,33.03076
16,280,FALSE,5.1406,3.07985
16,289,FALSE,29.06485,5.12632
16,290,FALSE,6.07819,6.07194
16,291,FALSE,6.1258,6.11257
16,292,FALSE,6.05258,5.026
16,293,FALSE,30.13535,15.09294
16,294,FALSE,10.02009,10.05126
16,295,FALSE,36.03806,25.10746
16,296,FALSE,4.12171,20.00925
16,297,FALSE,35.12566,6.00346
16,298,FALSE,33.00864,1.1183
16,299,FALSE,34.02677,6.06499
16,300,FALSE,33.11572,4.1422
16,301,FALSE,33.04868,4.13815
16,302,FALSE,35.01586,5.07163
16,303,FALSE,33.10184,5.12988
16,308,FALSE,31.07712,3.03804
16,317,FALSE,22.0445,4.01673
16,318,FALSE,36.06254,6.00547
16,319,FALSE,30.13665,5.13693
16,320,FALSE,27.12807,4.09429
16,321,FALSE,34.1121,4.02177
16,322,FALSE,18.06491,5.02181
16,323,FALSE,17.00025,2.07395
16,324,FALSE,23.13159,1.0916
16,325,FALSE,25.02283,2.06557
16,326,FALSE,18.13918,3.10552
16,328,FALSE,25.00225,5.11799
16,329,FALSE,31.03162,6.14679
16,330,FALSE,30.137,6.08731
16,331,FALSE,20.05779,5.02444
16,332,FALSE,30.0499,5.12959
16,333,FALSE,30.01452,33.12506
16,334,FALSE,6.05127,6.02193
16,335,FALSE,30.14513,5.05
16,336,FALSE,30.08754,5.08161
16,337,FALSE,25.1119,6.00391
16,339,FALSE,28.13051,5.07919
16,340,TRUE,1.1181,1
16,341,TRUE,25.06093,1
16,342,FALSE,5.12494,36.11465
16,343,TRUE,1,1
16,346,FALSE,27.05624,6.06891
16,347,FALSE,33.0817,6.11719
16,348,FALSE,27.09496,6.03592
16,349,FALSE,25.07129,2.03986
16,350,FALSE,29.12787,6.13777
16,351,FALSE,25.08615,6.10315
16,352,FALSE,34.0843,6.09581
16,353,FALSE,37.07319,34.0138
16,354,FALSE,34.0682,34.08839
16,355,FALSE,23.12063,5.01091
16,357,FALSE,29.11915,5.08907
16,358,FALSE,28.1006,6.00721
16,359,FALSE,32.12865,6.01635
16,361,FALSE,25.12505,6.02195
16,363,FALSE,35.09498,35.11392
16,364,FALSE,35.04238,35.08373
16,365,FALSE,23.13686,3.05595
16,366,FALSE,5.11313,5.12041
16,367,FALSE,35.08056,35.08165
16,370,FALSE,28.12198,6.07603
16,371,FALSE,33.11102,6.13095
16,372,FALSE,33.12034,6.11351
16,373,FALSE,6.07437,6.02442
16,374,FALSE,37.11342,1.01217
16,375,FALSE,4.03923,5.06514
16,376,FALSE,5.03511,6.07903
16,377,FALSE,2.06635,6.03285
16,378,FALSE,28.04142,33.0963
16,379,FALSE,5.13389,28.00567
16,380,FALSE,33.07046,34.02075
16,381,FALSE,5.0545,6.128
16,383,FALSE,28.06433,5.10641
16,384,FALSE,30.0538,6.0983
16,385,FALSE,25.12136,2.11562
16,386,FALSE,27.1091,4.00907
16,387,FALSE,34.00406,1.07026
16,388,FALSE,5.12029,2.0998
16,389,FALSE,7.06873,2.11411
16,390,FALSE,27.04968,3.09266
16,391,FALSE,23.14031,4.08414
16,394,FALSE,30.04002,5.10662
16,395,FALSE,2.06709,35.04349
16,396,FALSE,3.11018,35.00103
16,397,FALSE,4.12377,35.02459
16,398,FALSE,33.053,35.12958
16,403,FALSE,19.04527,6.0464
16,404,FALSE,34.14229,35.12885
16,405,FALSE,5.07723,35.10081
16,406,FALSE,1,4.00502
16,407,FALSE,28.00841,29.00544
16,408,TRUE,4.14039,1
16,412,FALSE,34.12175,10.09454
16,413,FALSE,25.14191,20.00795
16,414,FALSE,31.04365,10.04719
16,415,FALSE,28.01585,30.03959
16,416,FALSE,20.04567,33.01809
16,417,FALSE,28.08177,6.12582
16,418,FALSE,35.04707,35.05374
16,419,FALSE,33.06331,33.12282
16,420,FALSE,33.01958,33.05582
16,421,FALSE,33.00522,33.05665
16,422,FALSE,30.04037,28.07141
16,423,FALSE,23.07266,6.02503
16,425,FALSE,37.12987,5.006
16,426,FALSE,33.11181,6.07977
16,427,FALSE,6.12878,6.11127
16,428,FALSE,33.04819,33.05722
16,429,FALSE,28.1251,33.02545
17,1,FALSE,23.0226,6.06478
17,3,FALSE,4.02861,4.09424
17,5,FALSE,37.04298,6.00852
17,6,FALSE,33.0283,5.08893
17,7,FALSE,1,4.00658
17,9,FALSE,5.10732,5.02533
17,10,FALSE,4.12715,4.02838
17,11,FALSE,1,6.11858
17,13,FALSE,6.05549,6.08616
17,17,FALSE,28.12036,6.01906
17,18,FALSE,6.07564,6.08733
17,19,TRUE,33.11869,1
17,21,FALSE,18.12112,6.06486
17,22,FALSE,6.10682,6.13661
17,25,FALSE,19.0341,6.02659
17,29,FALSE,5.13219,2.06577
17,30,FALSE,6.09519,6.06212
17,69,FALSE,24.12814,2.12029
17,70,FALSE,23.07413,28.02892
17,71,FALSE,28.12452,6.07213
17,72,FALSE,33.00964,33.0858
17,73,FALSE,28.01716,28.07747
17,74,FALSE,37.08672,33.03843
17,75,FALSE,33.13339,34.02978
17,76,FALSE,6.122,6.13977
17,77,FALSE,6.1338,18.11327
17,78,FALSE,29.04913,6.04043
17,79,FALSE,6.07353,6.08333
17,82,FALSE,29.1211,3.03849
17,83,FALSE,18.04875,3.06016
17,84,FALSE,1,33.08166
17,85,TRUE,2.0849,1
17,86,TRUE,29.05618,1
17,91,FALSE,5.13528,5.10024
17,92,FALSE,28.13546,6.09474
17,93,FALSE,23.1356,6.10666
17,95,FALSE,5.13708,4.03305
17,98,FALSE,30.01131,5.1042
17,99,FALSE,34.12828,22.06393
17,100,FALSE,35.05022,6.11125
17,101,FALSE,23.10166,5.11413
17,103,FALSE,25.05725,6.12676
17,104,FALSE,30.00079,6.01929
17,106,FALSE,28.13251,3.07014
17,107,FALSE,26.09283,4.03325
17,109,FALSE,34.03898,6.13461
17,110,FALSE,28.12197,6.062
17,111,FALSE,33.00918,5.05698
17,112,FALSE,22.0568,4.05398
17,113,FALSE,28.09178,5.10509
17,114,FALSE,5.06106,2.07303
17,115,FALSE,5.08311,6.02819
17,116,FALSE,28.13925,3.13582
17,117,FALSE,5.1203,4.01571
17,118,FALSE,18.12381,2.00001
17,120,FALSE,34.00008,2.10795
17,121,FALSE,5.11974,3.04251
17,122,FALSE,5.09117,1.06799
17,123,FALSE,6.05375,2.06203
17,124,FALSE,37.07933,2.07846
17,125,FALSE,34.14705,35.10559
17,126,FALSE,30.14564,35.03942
17,127,FALSE,24.05916,6.03733
17,128,FALSE,30.0412,4.11439
17,129,FALSE,30.14405,6.13929
17,130,FALSE,35.08724,35.10442
17,131,FALSE,5.04912,4.00306
17,133,FALSE,5.14074,3.03275
17,134,FALSE,5.11022,4.00594
17,135,FALSE,4.13615,2.13534
17,136,FALSE,4.11176,4.05362
17,137,TRUE,5.11787,1
17,139,FALSE,5.06602,5.1352
17,140,FALSE,3.03602,4.00513
17,141,FALSE,2.10264,6.08097
17,142,FALSE,3.03705,3.12116
17,143,FALSE,5.06804,1.1202
17,144,FALSE,5.10915,4.08084
17,145,TRUE,30.0612,1
17,146,TRUE,1,1
17,147,FALSE,1,2.02113
17,148,TRUE,1,1
17,149,TRUE,18.02765,1
17,150,FALSE,1,35.01869
17,151,TRUE,1.08328,1
17,153,FALSE,6.08783,6.10317
17,154,FALSE,23.09498,6.02054
17,155,FALSE,5.10943,4.11596
17,156,FALSE,5.14659,6.03542
17,157,FALSE,5.03429,1.06094
17,158,FALSE,18.063,4.14506
17,159,FALSE,23.09114,3.10415
17,160,FALSE,23.1115,4.0993
17,161,FALSE,18.00693,4.10879
17,162,FALSE,29.07315,34.08875
17,164,FALSE,37.08353,5.02059
17,165,FALSE,6.035,35.06243
17,166,FALSE,30.11955,35.09564
17,167,FALSE,5.13564,6.10887
17,168,FALSE,1,35.06275
17,169,FALSE,30.0676,35.06668
17,173,FALSE,29.10997,6.01159
17,175,FALSE,3.0815,3.0806
17,176,FALSE,5.05888,5.02047
17,177,FALSE,30.09137,6.1139
17,178,FALSE,35.01035,34.01741
17,179,FALSE,34.00133,6.14519
17,180,FALSE,28.09157,28.1144
17,181,FALSE,35.06011,33.05107
17,182,FALSE,25.1422,6.14228
17,183,FALSE,35.10621,6.12416
17,184,FALSE,37.09468,6.1398
17,185,FALSE,28.08059,6.12326
17,186,FALSE,37.14201,6.01956
17,188,FALSE,30.09889,1.06175
17,189,FALSE,34.02376,34.12658
17,190,FALSE,23.06655,6.14573
17,191,FALSE,30.08188,6.06433
17,192,FALSE,25.03664,6.0901
17,193,FALSE,35.0241,36.06916
17,194,FALSE,25.10851,6.13446
17,195,FALSE,28.04437,6.02298
17,197,FALSE,30.1082,1.01162
17,198,FALSE,25.01111,6.0545
17,199,FALSE,29.07456,23.02251
17,200,FALSE,6.02724,6.10909
17,201,FALSE,5.09877,6.0013
17,202,FALSE,37.03865,37.04307
17,203,FALSE,30.08803,30.09524
17,204,FALSE,30.14048,4.08842
17,206,FALSE,30.07125,2.00648
17,207,FALSE,28.12191,6.07199
17,208,FALSE,5.14689,5.07047
17,209,FALSE,28.03339,28.05255
17,210,FALSE,28.1246,28.13214
17,211,FALSE,28.0617,33.00242
17,212,FALSE,4.12244,5.05718
17,213,FALSE,13.05021,5.13412
17,216,FALSE,28.11765,6.1081
17,217,FALSE,29.00826,6.13972
17,218,FALSE,30.11959,6.09065
17,219,FALSE,25.0703,6.14172
17,222,FALSE,28.13841,5.13731
17,225,FALSE,33.08911,33.11503
17,226,FALSE,35.13459,6.11287
17,227,FALSE,37.02509,34.11068
17,229,FALSE,33.11637,33.05118
17,230,FALSE,33.06462,33.03002
17,233,FALSE,30.14221,6.01703
17,234,FALSE,30.00566,33.00225
17,235,FALSE,30.1186,33.12637
17,236,FALSE,4.02185,4.06958
17,237,FALSE,5.07759,6.03169
17,242,FALSE,24.09962,4.04189
17,243,FALSE,6.01338,6.01847
17,251,FALSE,34.07196,34.07245
17,252,FALSE,28.04745,6.07027
17,253,FALSE,30.02385,4.00972
17,254,FALSE,4.11985,1.00626
17,255,FALSE,13.08768,3.06748
17,256,FALSE,30.146,2.00298
17,257,FALSE,20.02239,4.05954
17,258,FALSE,18.12331,5.06121
17,259,FALSE,5.06878,33.11474
17,260,FALSE,5.03492,5.0347
17,262,FALSE,36.02249,1.06034
17,263,FALSE,6.04741,3.11379
17,264,FALSE,29.10744,6.14685
17,265,FALSE,6.12339,5.14256
17,270,FALSE,6.12942,33.02944
17,271,FALSE,28.11319,6.14663
17,272,FALSE,5.10103,6.07399
17,273,FALSE,5.08217,6.05445
17,274,FALSE,5.12097,6.07712
17,275,FALSE,6.04057,33.04732
17,280,FALSE,5.13914,3.11752
17,289,FALSE,29.14185,5.14218
17,290,FALSE,6.09929,6.07316
17,291,FALSE,6.13655,6.13296
17,292,FALSE,6.07072,5.00283
17,293,FALSE,31.06481,15.09426
17,294,FALSE,10.1337,10.02854
17,295,FALSE,36.09149,25.02406
17,296,FALSE,4.03171,20.01937
17,297,FALSE,35.06831,6.06543
17,298,FALSE,33.00774,1.01789
17,299,FALSE,34.06073,6.08964
17,300,FALSE,33.14567,6.09317
17,301,FALSE,33.08388,4.11126
17,302,FALSE,35.02534,5.09039
17,303,FALSE,33.11608,5.01442
17,308,FALSE,31.04137,3.11166
17,317,FALSE,22.00885,4.00062
17,318,FALSE,36.06904,4.01576
17,319,FALSE,30.11189,5.11042
17,320,FALSE,27.10294,4.07205
17,321,FALSE,34.05405,3.03953
17,322,FALSE,18.06165,5.02058
17,323,FALSE,17.04554,2.13974
17,324,FALSE,23.12634,2.04747
17,325,FALSE,25.06879,2.01867
17,326,FALSE,18.09418,3.13152
17,328,FALSE,25.11884,5.06267
17,329,FALSE,31.0575,20.13996
17,330,FALSE,30.14734,6.02094
17,331,FALSE,20.13067,5.00985
17,332,FALSE,20.13959,6.10443
17,333,FALSE,30.01608,33.02904
17,334,FALSE,6.06561,6.08326
17,335,FALSE,30.10347,5.05407
17,336,FALSE,30.10892,5.10937
17,337,FALSE,25.009,6.07328
17,339,FALSE,28.04016,5.10136
17,340,TRUE,1.03587,1
17,341,TRUE,25.11584,1
17,342,FALSE,5.09737,36.03228
17,343,TRUE,1,1
17,346,FALSE,27.12908,6.03592
17,347,FALSE,33.07611,6.10935
17,348,FALSE,27.06286,6.05169
17,349,FALSE,25.04105,2.05492
17,350,FALSE,29.01401,28.0793
17,351,FALSE,25.07215,6.13953
17,352,FALSE,34.01562,6.06439
17,353,FALSE,37.0882,34.09437
17,354,FALSE,34.03975,34.05058
17,355,FALSE,23.05002,5.011
17,357,FALSE,29.14324,5.11822
17,358,FALSE,28.09864,6.00171
17,359,FALSE,32.08795,6.02005
17,361,FALSE,25.10074,6.07544
17,363,FALSE,35.0609,35.06527
17,364,FALSE,35.10492,35.13174
17,365,FALSE,23.11873,3.05471
17,366,FALSE,5.06471,5.0821
17,367,FALSE,35.0072,35.08933
17,370,FALSE,28.13604,6.087
17,371,FALSE,33.09168,6.11911
17,372,FALSE,33.0314,6.14407
17,373,FALSE,6.14671,6.0323
17,374,FALSE,37.13618,1.01004
17,375,FALSE,23.10055,5.13889
17,376,FALSE,5.06268,6.14155
17,377,FALSE,1,2.02304
17,378,FALSE,28.0759,33.07539
17,379,FALSE,5.07018,28.12525
17,380,FALSE,33.02501,34.09036
17,381,FALSE,5.01297,6.01351
17,383,FALSE,29.00647,5.09082
17,384,FALSE,30.14448,6.07071
17,385,FALSE,25.13033,2.08001
17,386,FALSE,27.08151,1.04106
17,387,FALSE,34.13854,2.06766
17,388,FALSE,5.14309,3.14579
17,389,FALSE,7.01298,2.08574
17,390,FALSE,27.09412,3.12518
17,391,FALSE,23.10787,4.00932
17,394,FALSE,30.02305,5.06345
17,395,FALSE,2.10944,35.0046
17,396,FALSE,3.08495,35.14476
17,397,FALSE,4.07443,35.01834
17,398,FALSE,33.07469,35.04162
17,403,FALSE,19.07324,6.05508
17,404,FALSE,34.1435,35.06334
17,405,FALSE,5.14087,35.07964
17,406,FALSE,4.06311,6.01072
17,407,FALSE,28.08167,29.01612
17,408,TRUE,4.02908,1
17,412,FALSE,34.08952,10.01479
17,413,FALSE,15.13338,20.1264
17,414,FALSE,31.00324,10.14712
17,415,FALSE,28.05522,30.11367
17,416,FALSE,20.11699,33.01141
17,417,FALSE,28.00252,6.126
17,418,FALSE,35.09133,35.12208
17,419,FALSE,33.09749,33.11241
17,420,FALSE,33.02479,33.10239
17,421,FALSE,33.00618,33.02569
17,422,FALSE,30.08421,28.09838
17,423,FALSE,23.06781,6.11774
17,425,FALSE,37.13645,6.03597
17,426,FALSE,33.13455,6.05394
17,427,FALSE,6.12032,6.09686
17,428,FALSE,33.0924,33.10265
17,429,FALSE,28.0624,33.02321
18,1,FALSE,23.00504,6.07888
18,3,FALSE,4.10013,4.14643
18,5,FALSE,37.06812,6.02857
18,6,FALSE,33.01945,5.09449
18,7,FALSE,1,4.0166
18,9,FALSE,5.12533,4.01228
18,10,FALSE,4.04773,4.07451
18,11,FALSE,1,6.093
18,13,FALSE,6.11521,6.06238
18,17,FALSE,28.00086,6.02791
18,18,FALSE,6.02703,6.02878
18,19,TRUE,33.09667,1
18,21,FALSE,29.12944,6.04629
18,22,FALSE,6.13289,6.1128
18,25,FALSE,19.07964,6.00604
18,29,FALSE,5.12703,4.01691
18,30,FALSE,6.12252,6.07728
18,69,FALSE,24.06571,2.06994
18,70,FALSE,23.09322,28.02721
18,71,FALSE,28.01148,6.11037
18,72,FALSE,33.01382,33.0328
18,73,FALSE,28.12312,28.00348
18,74,FALSE,37.02072,33.06719
18,75,FALSE,33.14262,34.04543
18,76,FALSE,6.14095,6.14474
18,77,FALSE,6.13252,18.00224
18,78,FALSE,29.00049,6.02194
18,79,FALSE,6.07769,6.07838
18,82,FALSE,29.04965,3.08303
18,83,FALSE,18.00574,3.11374
18,84,FALSE,1,33.14495
18,85,TRUE,2.05322,1
18,86,TRUE,29.04093,1
18,91,FALSE,5.0893,5.09688
18,92,FALSE,6.09751,6.10668
18,93,FALSE,23.00925,6.09515
18,95,FALSE,5.02659,4.0476
18,98,FALSE,30.00267,5.14401
18,99,FALSE,34.11416,22.12441
18,100,FALSE,35.10691,6.12714
18,101,FALSE,23.06064,3.12772
18,103,FALSE,25.0894,6.12689
18,104,FALSE,30.13119,6.0108
18,106,FALSE,28.09477,3.12008
18,107,FALSE,26.14327,4.04667
18,109,FALSE,34.1206,6.07978
18,110,FALSE,28.05832,6.08203
18,111,FALSE,33.06389,3.14381
18,112,FALSE,22.13307,3.09854
18,113,FALSE,28.06525,5.10397
18,114,FALSE,5.11722,2.07422
18,115,FALSE,5.1392,6.02669
18,116,FALSE,28.10396,3.04041
18,117,FALSE,5.06729,4.14279
18,118,FALSE,18.12954,2.0137
18,120,FALSE,34.01803,2.13202
18,121,FALSE,5.13272,2.14587
18,122,FALSE,5.14241,1.05064
18,123,FALSE,6.09472,2.09374
18,124,FALSE,37.1411,2.02453
18,125,FALSE,34.09709,35.07771
18,126,FALSE,30.13439,35.11463
18,127,FALSE,24.12089,6.03665
18,128,FALSE,30.08071,6.0219
18,129,FALSE,30.09473,6.06239
18,130,FALSE,35.10125,35.10438
18,131,FALSE,5.10738,4.08871
18,133,FALSE,5.12988,3.08417
18,134,FALSE,5.09802,4.11517
18,135,FALSE,4.10431,6.08554
18,136,FALSE,4.08028,4.04768
18,137,TRUE,5.12402,1
18,139,FALSE,5.06475,5.09787
18,140,FALSE,3.08282,4.008
18,141,FALSE,2.02457,6.14106
18,142,FALSE,3.10172,3.13736
18,143,FALSE,5.1058,1.09883
18,144,FALSE,5.10597,4.11454
18,145,FALSE,1,30.05941
18,146,TRUE,1,1
18,147,FALSE,1,2.14058
18,148,TRUE,1,1
18,149,TRUE,18.08811,1
18,150,FALSE,1,35.0916
18,151,TRUE,1.06313,1
18,153,FALSE,6.0656,6.06785
18,154,FALSE,28.00443,6.05141
18,155,FALSE,23.14649,4.05654
18,156,FALSE,5.13366,6.02998
18,157,FALSE,5.10789,1.02197
18,158,FALSE,18.03308,4.06209
18,159,FALSE,23.13144,1.03741
18,160,FALSE,23.09122,4.12433
18,161,FALSE,18.0063,4.0491
18,162,FALSE,29.13192,34.13991
18,164,FALSE,37.0289,5.13002
18,165,FALSE,6.00843,35.01953
18,166,FALSE,30.10827,35.07039
18,167,FALSE,5.09496,6.00067
18,168,FALSE,1,35.11757
18,169,FALSE,30.06053,35.01785
18,173,FALSE,29.05324,6.01107
18,175,FALSE,3.09615,3.09649
18,176,FALSE,5.04121,5.08535
18,177,FALSE,30.14728,6.05863
18,178,FALSE,35.03467,34.00012
18,179,FALSE,34.12242,6.14063
18,180,FALSE,28.05015,28.07966
18,181,FALSE,35.03447,33.0086
18,182,FALSE,10.0755,6.14465
18,183,FALSE,35.0157,6.10631
18,184,FALSE,37.04978,6.12259
18,185,FALSE,28.13572,6.13903
18,186,FALSE,37.09173,6.02065
18,188,FALSE,30.14482,1.09104
18,189,FALSE,34.05231,34.08444
18,190,FALSE,23.00695,6.10584
18,191,FALSE,30.12776,6.00784
18,192,FALSE,25.02147,6.08356
18,193,FALSE,35.07044,36.06931
18,194,FALSE,25.07106,6.03009
18,195,FALSE,28.09567,6.01642
18,197,FALSE,29.08389,2.02483
18,198,FALSE,25.10356,6.07854
18,199,FALSE,29.14294,23.00366
18,200,FALSE,6.07868,6.08395
18,201,FALSE,5.13979,6.01999
18,202,FALSE,37.05313,37.06544
18,203,FALSE,30.07291,30.01702
18,204,FALSE,30.06065,4.03271
18,206,FALSE,30.03076,2.06845
18,207,FALSE,28.1174,6.06938
18,208,FALSE,5.14522,5.09844
18,209,FALSE,28.08999,28.12651
18,210,FALSE,28.07336,28.0125
18,211,FALSE,28.04849,33.1074
18,212,FALSE,4.09141,5.00996
18,213,FALSE,13.0315,5.13326
18,216,FALSE,28.03695,6.10031
18,217,FALSE,29.00505,6.13756
18,218,FALSE,30.09719,6.0871
18,219,FALSE,25.10225,6.09146
18,222,FALSE,28.11438,5.14442
18,225,FALSE,33.09995,33.12984
18,226,FALSE,35.02344,6.10907
18,227,FALSE,37.06995,34.00145
18,229,FALSE,33.09168,33.0921
18,230,FALSE,33.03405,33.06929
18,233,FALSE,30.07793,6.00864
18,234,FALSE,30.12148,33.10954
18,235,FALSE,30.07551,33.06809
18,236,FALSE,4.06965,4.13719
18,237,FALSE,5.07113,6.00785
18,242,FALSE,24.11461,4.02918
18,243,FALSE,6.0383,6.0586
18,251,FALSE,34.1098,34.11977
18,252,FALSE,28.00149,6.11278
18,253,FALSE,30.11964,4.00371
18,254,FALSE,4.05068,1.06964
18,255,FALSE,13.08234,3.00882
18,256,FALSE,30.00208,2.04517
18,257,FALSE,20.09363,4.12303
18,258,FALSE,18.1314,1.13795
18,259,FALSE,5.03236,33.04604
18,260,FALSE,5.07358,5.04203
18,262,FALSE,36.04015,1.10493
18,263,FALSE,6.02098,3.05098
18,264,FALSE,29.04283,6.12491
18,265,FALSE,6.01077,5.12184
18,270,FALSE,6.07097,33.05201
18,271,FALSE,28.0585,6.02033
18,272,FALSE,5.09063,6.03861
18,273,FALSE,5.12253,6.0251
18,274,FALSE,5.09966,6.00068
18,275,FALSE,6.08951,33.02369
18,280,FALSE,5.04958,3.04119
18,289,FALSE,28.10928,5.13895
18,290,FALSE,6.12204,6.12349
18,291,FALSE,6.10876,6.14092
18,292,FALSE,6.04953,5.08541
18,293,FALSE,30.04867,15.0897
18,294,FALSE,15.10157,10.01684
18,295,FALSE,36.00378,25.00638
18,296,FALSE,4.14244,20.10466
18,297,FALSE,35.12896,6.06977
18,298,FALSE,33.0467,2.11905
18,299,FALSE,34.05345,6.07818
18,300,FALSE,33.11584,4.05543
18,301,FALSE,33.02224,4.08237
18,302,FALSE,35.00802,6.09875
18,303,FALSE,33.12367,33.03349
18,308,FALSE,31.06372,5.02042
18,317,FALSE,22.13497,3.1285
18,318,FALSE,36.14503,4.07649
18,319,FALSE,30.07708,5.11636
18,320,FALSE,27.05296,4.00034
18,321,FALSE,34.12423,4.03891
18,322,FALSE,18.02966,5.02795
18,323,FALSE,17.02285,2.02723
18,324,FALSE,23.02889,1.0131
18,325,FALSE,25.11851,2.11795
18,326,FALSE,18.00673,3.09885
18,328,FALSE,25.07774,5.07977
18,329,FALSE,31.1454,6.13849
18,330,FALSE,30.03583,6.02906
18,331,FALSE,20.06926,5.0151
18,332,FALSE,20.12093,6.05315
18,333,FALSE,30.05783,33.02253
18,334,FALSE,6.01535,6.03013
18,335,FALSE,30.08101,5.03147
18,336,FALSE,30.13408,1.08564
18,337,FALSE,25.04202,6.05146
18,339,FALSE,28.02365,5.13014
18,340,TRUE,1.02717,1
18,341,TRUE,25.08419,1
18,342,FALSE,5.07019,36.01292
18,343,TRUE,1,1
18,346,FALSE,27.12674,6.04797
18,347,FALSE,33.05348,6.13016
18,348,FALSE,27.13021,6.01037
18,349,FALSE,25.05587,2.09691
18,350,FALSE,29.13468,6.13571
18,351,FALSE,25.04273,6.10541
18,352,FALSE,34.01831,6.02887
18,353,FALSE,37.06851,34.09259
18,354,FALSE,34.13829,34.14139
18,355,FALSE,23.03953,4.10049
18,357,FALSE,29.13911,5.1255
18,358,FALSE,28.03846,6.02935
18,359,FALSE,32.08647,6.01488
18,361,FALSE,25.10918,6.07794
18,363,FALSE,35.06426,35.07338
18,364,FALSE,35.01248,35.04542
18,365,FALSE,23.07432,3.08094
18,366,FALSE,5.1155,5.12057
18,367,FALSE,35.02355,35.08412
18,370,FALSE,28.14128,6.07042
18,371,FALSE,33.04992,6.13254
18,372,FALSE,33.12927,6.1455
18,373,FALSE,6.10344,6.1014
18,374,FALSE,37.10698,1.09282
18,375,FALSE,4.05716,5.10424
18,376,FALSE,5.10004,6.10555
18,377,FALSE,1,2.03449
18,378,FALSE,28.10774,33.09186
18,379,FALSE,5.14516,28.05169
18,380,FALSE,33.09708,34.05287
18,381,FALSE,5.00625,6.00918
18,383,FALSE,28.11259,5.05183
18,384,FALSE,30.11649,6.09636
18,385,FALSE,25.05984,2.03358
18,386,FALSE,27.03524,4.05785
18,387,FALSE,34.14672,1.11214
18,388,FALSE,5.13848,2.05966
18,389,FALSE,7.03471,2.06827
18,390,FALSE,27.13273,3.03904
18,391,FALSE,23.04686,5.04943
18,394,FALSE,30.03097,5.08135
18,395,FALSE,2.06836,35.12979
18,396,FALSE,3.01824,35.05851
18,397,FALSE,4.02625,35.02009
18,398,FALSE,33.01204,35.03226
18,403,FALSE,19.04158,6.06236
18,404,FALSE,34.13108,35.13291
18,405,FALSE,5.03816,35.05271
18,406,FALSE,4.08296,6.05194
18,407,FALSE,28.02832,29.14086
18,408,TRUE,4.14681,1
18,412,FALSE,34.1222,10.01023
18,413,FALSE,25.10329,20.08722
18,414,FALSE,31.06529,10.00971
18,415,FALSE,28.13436,30.13306
18,416,FALSE,20.0456,33.01409
18,417,FALSE,28.03892,6.11201
18,418,FALSE,35.01009,35.038
18,419,FALSE,33.00978,33.13674
18,420,FALSE,33.03714,33.11658
18,421,FALSE,33.04001,33.04685
18,422,FALSE,28.0475,30.00038
18,423,FALSE,23.05108,6.06821
18,425,FALSE,37.13558,5.07928
18,426,FALSE,33.11811,6.06362
18,427,FALSE,6.13622,6.10296
18,428,FALSE,33.04394,33.05383
18,429,FALSE,28.00188,33.09481
19,1,FALSE,23.10213,6.04363
19,3,FALSE,4.08456,4.13175
19,5,FALSE,37.11436,6.04242
19,6,FALSE,33.05694,5.10235
19,7,FALSE,1,4.07697
19,9,FALSE,5.14298,5.00141
19,10,FALSE,4.11106,5.04572
19,11,FALSE,1,6.08377
19,13,FALSE,6.0758,6.08748
19,17,FALSE,28.01588,6.03541
19,18,FALSE,6.06331,6.07054
19,19,TRUE,33.02189,1
19,21,FALSE,29.12017,6.05854
19,22,FALSE,6.12848,6.11161
19,25,FALSE,19.01435,6.0045
19,29,FALSE,5.06842,3.0512
19,30,FALSE,6.11448,6.07818
19,69,FALSE,24.12134,2.07133
19,70,FALSE,23.03543,28.10752
19,71,FALSE,28.02786,6.04624
19,72,FALSE,33.05558,33.06368
19,73,FALSE,28.04244,28.06851
19,74,FALSE,33.05447,33.05957
19,75,FALSE,33.08035,34.13594
19,76,FALSE,28.0301,6.11538
19,77,FALSE,6.12127,18.11606
19,78,FALSE,23.04446,6.03028
19,79,FALSE,6.10718,6.11897
19,82,FALSE,29.08767,6.00767
19,83,FALSE,18.06271,3.0604
19,84,FALSE,1,33.11266
19,85,TRUE,2.0759,1
19,86,TRUE,29.07889,1
19,91,FALSE,5.12385,5.07528
19,92,FALSE,28.09323,6.03365
19,93,FALSE,23.10168,6.11822
19,95,FALSE,5.13415,3.10082
19,98,FALSE,30.12308,5.06474
19,99,FALSE,34.10606,22.062
19,100,FALSE,35.02201,6.08085
19,101,FALSE,23.11717,5.1446
19,103,FALSE,25.09236,6.10923
19,104,FALSE,30.00364,6.02988
19,106,FALSE,28.09454,3.11649
19,107,FALSE,26.08327,4.04824
19,109,FALSE,34.01827,6.11471
19,110,FALSE,28.02112,6.09461
19,111,FALSE,33.06867,3.13318
19,112,FALSE,22.05174,4.05912
19,113,FALSE,28.10775,5.06107
19,114,FALSE,5.05619,2.14325
19,115,FALSE,5.11643,6.00363
19,116,FALSE,28.09711,3.06628
19,117,FALSE,5.12506,4.0584
19,118,FALSE,18.07296,2.14216
19,120,FALSE,34.14096,2.04376
19,121,FALSE,5.10717,3.00878
19,122,FALSE,5.13424,1.01989
19,123,FALSE,6.10191,2.13297
19,124,FALSE,37.12743,2.12755
19,125,FALSE,34.03272,35.01873
19,126,FALSE,30.02251,35.08339
19,127,FALSE,24.03833,6.05458
19,128,FALSE,30.09779,4.02665
19,129,FALSE,30.13582,6.10008
19,130,FALSE,35.08871,35.09747
19,131,FALSE,5.0983,4.12076
19,133,FALSE,5.11878,3.03155
19,134,FALSE,5.05658,4.01367
19,135,FALSE,4.07186,2.08769
19,136,FALSE,4.06993,4.01365
19,137,TRUE,5.08753,1
19,139,FALSE,5.02301,5.13925
19,140,FALSE,3.04578,4.04019
19,141,FALSE,2.07278,6.14518
19,142,FALSE,3.01551,3.0408
19,143,FALSE,5.02284,1.03231
19,144,FALSE,31.02564,31.13718
19,145,TRUE,30.08887,1
19,146,TRUE,1,1
19,147,FALSE,1,2.06358
19,148,TRUE,1,1
19,149,TRUE,18.01282,1
19,150,FALSE,1,35.07299
19,151,TRUE,1.13419,1
19,153,FALSE,6.07968,6.10704
19,154,FALSE,28.0046,6.03522
19,155,FALSE,5.13481,4.07306
19,156,FALSE,28.02276,5.14494
19,157,FALSE,5.03264,1.1361
19,158,FALSE,18.04641,4.0858
19,159,FALSE,23.01904,1.03458
19,160,FALSE,23.14107,4.06494
19,161,FALSE,18.12975,4.08554
19,162,FALSE,29.12371,34.11992
19,164,FALSE,37.071,5.10242
19,165,FALSE,6.11663,35.06594
19,166,FALSE,30.08511,35.13958
19,167,FALSE,5.02517,6.0984
19,168,FALSE,1,35.10688
19,169,FALSE,30.00676,35.14114
19,173,FALSE,28.08656,6.01732
19,175,FALSE,3.0373,3.05852
19,176,FALSE,5.04676,5.05263
19,177,FALSE,30.10313,6.11159
19,178,FALSE,35.03745,34.0021
19,179,FALSE,34.01982,6.12721
19,180,FALSE,28.11695,28.13808
19,181,FALSE,35.0443,33.06843
19,182,FALSE,10.01394,6.12572
19,183,FALSE,35.01212,6.04644
19,184,FALSE,37.11841,6.10153
19,185,FALSE,28.06411,6.14735
19,186,FALSE,37.10665,6.04156
19,188,FALSE,37.08008,1.08544
19,189,FALSE,34.11128,34.12078
19,190,FALSE,23.07838,6.09212
19,191,FALSE,30.11186,6.03528
19,192,FALSE,25.04139,6.10113
19,193,FALSE,35.10054,36.09178
19,194,FALSE,25.06928,6.10842
19,195,FALSE,28.0362,6.09705
19,197,FALSE,29.05974,1.12581
19,198,FALSE,25.00761,6.01708
19,199,FALSE,29.05036,23.01609
19,200,FALSE,6.0469,6.10487
19,201,FALSE,5.05829,6.08576
19,202,FALSE,37.04838,37.06681
19,203,FALSE,30.12165,30.06886
19,204,FALSE,30.0625,6.00503
19,206,FALSE,30.11511,2.1162
19,207,FALSE,28.11704,6.0819
19,208,FALSE,5.13169,5.0495
19,209,FALSE,28.01964,28.07916
19,210,FALSE,28.07089,28.00662
19,211,FALSE,28.10851,33.08705
19,212,FALSE,4.1397,5.02012
19,213,FALSE,13.03879,5.14675
19,216,FALSE,28.04851,6.09419
19,217,FALSE,29.10661,6.12873
19,218,FALSE,30.03961,6.09478
19,219,FALSE,25.09062,6.10149
19,222,FALSE,28.05373,5.12038
19,225,FALSE,33.06683,33.13426
19,226,FALSE,35.04444,6.08617
19,227,FALSE,37.00348,34.0684
19,229,FALSE,33.11567,33.09201
19,230,FALSE,33.0873,33.06689
19,233,FALSE,30.12168,6.02817
19,234,FALSE,30.05304,33.00205
19,235,FALSE,30.07417,33.05906
19,236,FALSE,4.08978,4.02874
19,237,FALSE,5.10359,6.00389
19,242,FALSE,24.12039,4.04387
19,243,FALSE,6.03595,6.14125
19,251,FALSE,34.07292,34.07569
19,252,FALSE,28.04351,6.04393
19,253,FALSE,30.02277,4.01412
19,254,FALSE,4.13529,1.0377
19,255,FALSE,13.06832,3.03949
19,256,FALSE,30.01815,2.07307
19,257,FALSE,20.12153,4.02779
19,258,FALSE,18.00712,5.05941
19,259,FALSE,5.08938,33.09844
19,260,FALSE,5.0713,5.08111
19,262,FALSE,36.07486,1.0371
19,263,FALSE,6.03267,4.02464
19,264,FALSE,29.0036,6.11601
19,265,FALSE,6.14644,5.09001
19,270,FALSE,6.09813,33.03539
19,271,FALSE,28.13289,6.03505
19,272,FALSE,5.0832,6.01152
19,273,FALSE,5.10799,6.00941
19,274,FALSE,5.07392,6.04382
19,275,FALSE,6.05599,33.02701
19,280,FALSE,5.08987,3.00797
19,289,FALSE,29.06976,5.1328
19,290,FALSE,6.09724,6.10478
19,291,FALSE,6.14512,6.14621
19,292,FALSE,6.09282,5.08618
19,293,FALSE,30.11103,15.04391
19,294,FALSE,6.09376,10.04161
19,295,FALSE,36.14098,25.11435
19,296,FALSE,4.01234,20.02311
19,297,FALSE,35.08435,6.0325
19,298,FALSE,33.14375,2.102
19,299,FALSE,34.04092,6.0607
19,300,FALSE,33.11534,6.0626
19,301,FALSE,33.07386,4.13288
19,302,FALSE,35.04454,5.09937
19,303,FALSE,33.07787,5.06804
19,308,FALSE,31.03628,5.03336
19,317,FALSE,22.00566,3.0171
19,318,FALSE,36.09525,6.00924
19,319,FALSE,30.08112,5.11135
19,320,FALSE,27.02455,4.08121
19,321,FALSE,34.09206,3.14382
19,322,FALSE,18.12774,5.04039
19,323,FALSE,17.13514,3.11942
19,324,FALSE,23.05868,2.07195
19,325,FALSE,25.09752,2.12933
19,326,FALSE,18.06838,4.12956
19,328,FALSE,25.00976,5.12981
19,329,FALSE,31.08853,6.11946
19,330,FALSE,30.04413,6.06339
19,331,FALSE,20.12388,5.04152
19,332,FALSE,30.05921,5.13863
19,333,FALSE,30.01044,33.03686
19,334,FALSE,6.0974,6.10527
19,335,FALSE,30.00891,5.09334
19,336,FALSE,30.04592,5.06794
19,337,FALSE,25.09255,6.00533
19,339,FALSE,28.00307,5.11549
19,340,TRUE,1.10969,1
19,341,TRUE,25.07501,1
19,342,FALSE,5.11363,36.08472
19,343,TRUE,1,1
19,346,FALSE,27.14648,6.06029
19,347,FALSE,33.09592,6.10785
19,348,FALSE,27.06866,6.03684
19,349,FALSE,25.13139,2.06785
19,350,FALSE,29.14342,28.03718
19,351,FALSE,25.13933,6.12758
19,352,FALSE,34.03004,6.05937
19,353,FALSE,37.05274,34.0893
19,354,FALSE,34.10945,34.13639
19,355,FALSE,23.043,4.09923
19,357,FALSE,29.11254,5.07926
19,358,FALSE,28.06602,6.03695
19,359,FALSE,32.08898,6.00744
19,361,FALSE,25.08857,6.06508
19,363,FALSE,35.08572,35.1046
19,364,FALSE,35.09811,35.12546
19,365,FALSE,23.02038,3.02044
19,366,FALSE,5.08024,5.11564
19,367,FALSE,35.0151,35.05002
19,370,FALSE,28.07005,6.06753
19,371,FALSE,33.11763,6.10862
19,372,FALSE,33.12604,6.13399
19,373,FALSE,6.116,6.02716
19,374,FALSE,37.12983,1.12984
19,375,FALSE,4.14716,5.1463
19,376,FALSE,5.05195,6.08642
19,377,FALSE,2.11325,6.01573
19,378,FALSE,28.06966,33.09968
19,379,FALSE,5.13802,28.14048
19,380,FALSE,33.00043,34.04054
19,381,FALSE,5.06349,6.05309
19,383,FALSE,30.10563,5.07982
19,384,FALSE,30.12853,6.13585
19,385,FALSE,30.01929,3.00463
19,386,FALSE,27.00718,1.14646
19,387,FALSE,34.08289,1.10767
19,388,FALSE,5.14311,2.0428
19,389,FALSE,7.01897,2.02578
19,390,FALSE,27.03133,3.06393
19,391,FALSE,23.09233,4.0907
19,394,FALSE,30.11709,5.00024
19,395,FALSE,2.1404,35.12825
19,396,FALSE,3.05184,35.14727
19,397,FALSE,4.08788,35.05273
19,398,FALSE,33.0487,35.03156
19,403,FALSE,19.05485,6.05861
19,404,FALSE,34.12858,35.03071
19,405,FALSE,5.13317,35.13966
19,406,FALSE,4.1207,6.07224
19,407,FALSE,28.09644,29.08226
19,408,TRUE,4.02627,1
19,412,FALSE,34.07092,10.11204
19,413,FALSE,15.13217,20.11865
19,414,FALSE,31.13281,10.02393
19,415,FALSE,28.07317,30.07984
19,416,FALSE,20.13179,33.06234
19,417,FALSE,23.01878,6.14489
19,418,FALSE,35.05916,35.0897
19,419,FALSE,33.07452,33.08325
19,420,FALSE,33.07965,33.14579
19,421,FALSE,33.03159,33.11906
19,422,FALSE,28.10535,30.05382
19,423,FALSE,23.13088,6.09569
19,425,FALSE,37.08414,5.12844
19,426,FALSE,33.13036,6.05984
19,427,FALSE,6.13152,6.06201
19,428,FALSE,33.10951,33.14017
19,429,FALSE,28.12631,33.0335
20,1,FALSE,23.14207,6.07659
20,3,FALSE,4.04825,4.05921
20,5,FALSE,37.05965,6.01022
20,6,FALSE,33.02386,5.10928
20,7,FALSE,1,4.04602
20,9,FALSE,5.1218,4.12196
20,10,FALSE,4.05317,5.14411
20,11,FALSE,1,6.06971
20,13,FALSE,6.11986,6.0879
20,17,FALSE,28.09208,6.03409
20,18,FALSE,6.02223,6.03219
20,19,TRUE,33.10977,1
20,21,FALSE,29.13403,6.09327
20,22,FALSE,6.14567,6.09669
20,25,FALSE,19.11717,6.00279
20,29,FALSE,5.08771,4.00626
20,30,FALSE,6.10994,6.06481
20,69,FALSE,24.01821,2.06387
20,70,FALSE,23.03794,28.03285
20,71,FALSE,28.09433,6.07553
20,72,FALSE,33.00591,33.00868
20,73,FALSE,28.12627,28.02525
20,74,FALSE,33.0438,33.04845
20,75,FALSE,33.13838,34.03745
20,76,FALSE,6.11398,6.11833
20,77,FALSE,6.13535,18.01075
20,78,FALSE,29.02513,6.03174
20,79,FALSE,6.13329,6.13673
20,82,FALSE,29.08857,6.03302
20,83,FALSE,18.11404,3.01249
20,84,FALSE,1,33.11994
20,85,FALSE,1,2.12445
20,86,TRUE,29.03154,1
20,91,FALSE,5.13703,5.09227
20,92,FALSE,28.00193,6.06871
20,93,FALSE,23.04291,6.10057
20,95,FALSE,5.11681,4.11809
20,98,FALSE,30.07733,5.03737
20,99,FALSE,34.08509,22.01649
20,100,FALSE,35.0097,6.10576
20,101,FALSE,23.07299,5.14634
20,103,FALSE,25.07023,6.12551
20,104,FALSE,30.12348,6.01511
20,106,FALSE,28.14386,3.03105
20,107,FALSE,26.03914,4.00125
20,109,FALSE,34.06886,6.10639
20,110,FALSE,28.07384,6.07907
20,111,FALSE,33.13608,3.10396
20,112,FALSE,22.02984,4.0888
20,113,FALSE,28.10087,5.06471
20,114,FALSE,5.14183,2.09864
20,115,FALSE,5.09171,6.0683
20,116,FALSE,28.09237,3.01882
20,117,FALSE,5.13646,4.09474
20,118,FALSE,18.11536,2.08445
20,120,FALSE,34.11448,2.03811
20,121,FALSE,5.13831,2.02879
20,122,FALSE,5.13441,1.13153
20,123,FALSE,6.13147,2.05698
20,124,FALSE,37.14542,2.10031
20,125,FALSE,34.09981,35.0541
20,126,FALSE,30.05257,35.00773
20,127,FALSE,24.0517,6.14168
20,128,FALSE,30.0734,4.02773
20,129,FALSE,30.04822,6.14631
20,130,FALSE,35.08853,35.12453
20,131,FALSE,5.02916,4.06648
20,133,FALSE,5.07203,3.0443
20,134,FALSE,4.1209,4.01372
20,135,FALSE,4.04068,4.05052
20,136,FALSE,4.11909,4.04202
20,137,FALSE,5.02171,4.1405
20,139,FALSE,5.12894,5.11701
20,140,FALSE,3.11075,4.01319
20,141,FALSE,2.14699,6.01812
20,142,FALSE,3.1391,3.08497
20,143,FALSE,5.11622,1.05251
20,144,FALSE,5.11678,4.10459
20,145,FALSE,1,30.05232
20,146,TRUE,1,1
20,147,FALSE,1,2.04706
20,148,TRUE,1,1
20,149,TRUE,18.11124,1
20,150,FALSE,1,35.10956
20,151,TRUE,1.04011,1
20,153,FALSE,6.10495,6.13957
20,154,FALSE,28.14298,6.07329
20,155,FALSE,23.01485,4.00646
20,156,FALSE,5.14195,6.05248
20,157,FALSE,5.0259,1.03153
20,158,FALSE,18.05623,4.01622
20,159,FALSE,23.10121,1.13598
20,160,FALSE,23.03783,4.09699
20,161,FALSE,18.13284,4.05783
20,162,FALSE,29.05522,34.13372
20,164,FALSE,37.03245,5.04924
20,165,FALSE,6.08802,35.05779
20,166,FALSE,30.10481,35.06074
20,167,FALSE,5.0303,6.05283
20,168,FALSE,1,35.08974
20,169,FALSE,30.11997,35.13683
20,173,FALSE,29.03976,6.01341
20,175,FALSE,3.14459,3.1038
20,176,FALSE,5.02762,5.03532
20,177,FALSE,30.0855,6.07943
20,178,FALSE,35.04981,34.01234
20,179,FALSE,34.13858,6.14185
20,180,FALSE,28.04743,28.0684
20,181,FALSE,35.00659,33.04383
20,182,FALSE,10.07345,6.12882
20,183,FALSE,35.12821,6.07491
20,184,FALSE,37.05801,6.05663
20,185,FALSE,28.05664,6.1258
20,186,FALSE,37.09038,6.03271
20,188,FALSE,30.037,1.00857
20,189,FALSE,34.12439,34.13566
20,190,FALSE,23.06049,6.12677
20,191,FALSE,30.14295,6.13106
20,192,FALSE,25.01697,6.03848
20,193,FALSE,35.01184,36.07044
20,194,FALSE,25.03022,6.06815
20,195,FALSE,28.13842,6.00638
20,197,FALSE,29.10825,2.06385
20,198,FALSE,25.09201,6.00953
20,199,FALSE,29.07509,23.08225
20,200,FALSE,6.0582,6.09855
20,201,FALSE,5.08953,6.13047
20,202,FALSE,37.03895,37.03025
20,203,FALSE,30.14543,6.09326
20,204,FALSE,30.02889,4.08376
20,206,FALSE,30.05531,2.12682
20,207,FALSE,28.03139,6.10058
20,208,FALSE,5.14454,5.03669
20,209,FALSE,28.02034,28.14449
20,210,FALSE,28.10679,28.09572
20,211,FALSE,28.09492,33.03971
20,212,FALSE,4.12533,5.04141
20,213,FALSE,13.02459,5.11772
20,216,FALSE,28.11759,6.08849
20,217,FALSE,29.03254,6.13107
20,218,FALSE,30.13928,6.114
20,219,FALSE,25.02905,6.11914
20,222,FALSE,28.07424,5.07247
20,225,FALSE,33.02986,33.12614
20,226,FALSE,35.07582,6.08444
20,227,FALSE,37.02103,34.03148
20,229,FALSE,33.09907,33.07868
20,230,FALSE,33.07335,33.03373
20,233,FALSE,30.07253,6.02345
20,234,FALSE,30.04339,33.08425
20,235,FALSE,30.12782,33.00628
20,236,FALSE,4.08224,4.11626
20,237,FALSE,5.01062,6.09493
20,242,FALSE,24.12012,4.01791
20,243,FALSE,6.09301,6.1146
20,251,FALSE,34.08043,34.12135
20,252,FALSE,28.01133,6.12488
20,253,FALSE,30.05063,4.00257
20,254,FALSE,4.11032,1.13338
20,255,FALSE,13.04234,3.00765
20,256,FALSE,30.12984,2.12806
20,257,FALSE,20.07833,4.04739
20,258,FALSE,18.0161,1.05156
20,259,FALSE,5.14323,33.09339
20,260,FALSE,5.01512,5.07904
20,262,FALSE,36.06793,1.01489
20,263,FALSE,6.04441,3.04865
20,264,FALSE,29.13155,6.08732
20,265,FALSE,6.12266,5.12509
20,270,FALSE,6.1201,33.02723
20,271,FALSE,28.13865,6.06572
20,272,FALSE,5.04761,6.02892
20,273,FALSE,5.08269,6.02284
20,274,FALSE,5.11976,6.03509
20,275,FALSE,6.06144,33.02212
20,280,FALSE,5.08806,3.05106
20,289,FALSE,29.09883,5.13202
20,290,FALSE,6.11987,6.11202
20,291,FALSE,6.13009,6.1328
20,292,FALSE,6.12895,5.13466
20,293,FALSE,30.13847,15.07167
20,294,FALSE,6.14598,10.02155
20,295,FALSE,36.035,25.02025
20,296,FALSE,4.13857,20.06465
20,297,FALSE,35.08942,6.12743
20,298,FALSE,33.0143,2.14742
20,299,FALSE,34.06657,6.07992
20,300,FALSE,33.13023,4.10408
20,301,FALSE,33.00565,4.08431
20,302,FALSE,35.08983,5.13728
20,303,FALSE,33.04992,5.10019
20,308,FALSE,31.05261,3.09258
20,317,FALSE,22.07267,3.09055
20,318,FALSE,36.03853,6.01185
20,319,FALSE,30.06453,5.1132
20,320,FALSE,27.14236,4.12981
20,321,FALSE,34.13687,4.03995
20,322,FALSE,18.12904,5.01733
20,323,FALSE,17.04784,3.0634
20,324,FALSE,23.06726,2.12946
20,325,FALSE,25.03304,4.0344
20,326,FALSE,18.1444,3.09057
20,328,FALSE,25.12567,5.12318
20,329,FALSE,31.00463,6.14118
20,330,FALSE,28.08198,6.07682
20,331,FALSE,20.07949,5.08683
20,332,FALSE,30.11168,5.14064
20,333,FALSE,30.12013,33.01644
20,334,FALSE,6.08763,6.07291
20,335,FALSE,30.08317,5.08995
20,336,FALSE,30.0467,5.0343
20,337,FALSE,25.12986,6.03316
20,339,FALSE,28.14635,5.10781
20,340,TRUE,1.07875,1
20,341,TRUE,25.13519,1
20,342,FALSE,5.0567,36.03359
20,343,TRUE,1,1
20,346,FALSE,27.08831,6.05964
20,347,FALSE,33.11494,6.07427
20,348,FALSE,27.04151,6.01641
20,349,FALSE,25.056,2.10756
20,350,FALSE,29.08258,6.13135
20,351,FALSE,25.04831,6.12194
20,352,FALSE,34.00918,6.13266
20,353,FALSE,37.07816,34.03461
20,354,FALSE,34.0577,34.14628
20,355,FALSE,23.0893,5.02421
20,357,FALSE,29.01156,5.10757
20,358,FALSE,28.06835,6.02936
20,359,FALSE,32.13286,6.0146
20,361,FALSE,25.14624,6.05001
20,363,FALSE,35.10561,35.1202
20,364,FALSE,35.06535,35.0674
20,365,FALSE,23.0005,3.02435
20,366,FALSE,5.14652,5.08101
20,367,FALSE,35.0362,35.06318
20,370,FALSE,28.08418,6.09497
20,371,FALSE,33.11667,6.13956
20,372,FALSE,33.05627,6.12245
20,373,FALSE,6.0874,6.02167
20,374,FALSE,37.00692,1.02844
20,375,FALSE,23.05528,5.1378
20,376,FALSE,5.0784,6.02775
20,377,FALSE,1,2.04266
20,378,FALSE,28.03012,33.1287
20,379,FALSE,5.0557,28.07587
20,380,FALSE,33.05946,34.00299
20,381,FALSE,5.01055,6.06525
20,383,FALSE,29.0373,5.10464
20,384,FALSE,28.0317,6.10095
20,385,FALSE,25.11296,2.14587
20,386,FALSE,27.13727,4.05773
20,387,FALSE,34.10918,1.09304
20,388,FALSE,5.13061,3.12531
20,389,FALSE,7.06879,2.04778
20,390,FALSE,27.11745,3.0975
20,391,FALSE,23.11586,4.09422
20,394,FALSE,30.05072,5.11862
20,395,FALSE,2.02006,35.00938
20,396,FALSE,3.04368,35.05173
20,397,FALSE,4.14382,35.07709
20,398,FALSE,33.00712,35.07249
20,403,FALSE,19.0578,6.03011
20,404,FALSE,34.00603,35.11439
20,405,FALSE,5.08704,35.02625
20,406,FALSE,4.04484,6.10038
20,407,FALSE,28.07174,29.02819
20,408,TRUE,4.09667,1
20,412,FALSE,34.06923,10.05281
20,413,FALSE,25.09703,20.04748
20,414,FALSE,31.04564,10.09015
20,415,FALSE,28.06204,30.02191
20,416,FALSE,20.07488,33.0086
20,417,FALSE,28.06172,6.13623
20,418,FALSE,35.04095,35.06652
20,419,FALSE,33.03033,33.10233
20,420,FALSE,33.12063,33.12334
20,421,FALSE,33.04385,33.13481
20,422,FALSE,30.10967,28.07609
20,423,FALSE,23.08089,6.08669
20,425,FALSE,37.08237,6.07757
20,426,FALSE,33.14348,6.06655
20,427,FALSE,6.14342,6.07785
20,428,FALSE,33.11091,33.07258
20,429,FALSE,28.00502,33.09294
21,1,FALSE,23.10111,6.05811
21,3,FALSE,4.04127,4.09283
21,5,FALSE,37.11735,6.00718
21,6,FALSE,33.09152,5.09905
21,7,FALSE,1,4.02541
21,9,FALSE,5.12696,4.05673
21,10,FALSE,4.06318,4.05109
21,11,FALSE,1,6.00119
21,13,FALSE,6.10727,6.13539
21,17,FALSE,28.05934,6.05131
21,18,FALSE,6.02647,6.03043
21,19,TRUE,33.02971,1
21,21,FALSE,18.03959,6.03203
21,22,FALSE,6.14105,6.13672
21,25,FALSE,19.09541,6.00978
21,29,FALSE,5.14002,2.09324
21,30,FALSE,6.1418,6.11328
21,69,FALSE,24.06632,2.02334
21,70,FALSE,23.11088,28.08437
21,71,FALSE,28.13031,6.04532
21,72,FALSE,33.00888,33.04057
21,73,FALSE,28.06403,28.06287
21,74,FALSE,33.01781,33.02796
21,75,FALSE,33.10439,34.02038
21,76,FALSE,28.09327,6.12778
21,77,FALSE,6.14222,18.04025
21,78,FALSE,29.02482,6.03319
21,79,FALSE,6.08809,6.10523
21,82,FALSE,29.10283,6.13768
21,83,FALSE,18.05497,3.02737
21,84,FALSE,1,33.12549
21,85,FALSE,1,2.12499
21,86,TRUE,29.12938,1
21,91,FALSE,5.10366,5.10107
21,92,FALSE,6.08399,6.08903
21,93,FALSE,23.14549,6.12028
21,95,FALSE,5.0755,4.11807
21,98,FALSE,30.05493,5.10022
21,99,FALSE,34.09762,22.10365
21,100,FALSE,35.04077,6.10072
21,101,FALSE,23.14716,5.00725
21,103,FALSE,25.09836,6.12576
21,104,FALSE,30.06434,6.02862
21,106,FALSE,28.09417,3.02854
21,107,FALSE,26.09757,4.0584
21,109,FALSE,34.03863,6.13992
21,110,FALSE,28.09668,6.04952
21,111,FALSE,33.14402,3.12346
21,112,FALSE,22.1167,3.09542
21,113,FALSE,28.13187,5.02527
21,114,FALSE,5.07703,2.06368
21,115,FALSE,5.14616,6.01226
21,116,FALSE,28.13457,3.05721
21,117,FALSE,5.06807,4.10792
21,118,FALSE,18.10377,2.1006
21,120,FALSE,34.00801,2.11486
21,121,FALSE,5.14264,2.08016
21,122,FALSE,5.13375,2.01475
21,123,FALSE,6.11719,2.13431
21,124,FALSE,37.11766,2.06003
21,125,FALSE,34.0217,35.01269
21,126,FALSE,30.07092,35.07621
21,127,FALSE,24.05847,6.07606
21,128,FALSE,30.0794,4.02133
21,129,FALSE,30.11298,6.06358
21,130,FALSE,35.07753,35.12237
21,131,FALSE,5.03247,4.14656
21,133,FALSE,5.11666,3.10369
21,134,FALSE,5.12508,4.03939
21,135,FALSE,4.08326,6.00185
21,136,FALSE,4.0703,4.05799
21,137,TRUE,5.14183,1
21,139,FALSE,5.08567,5.12697
21,140,FALSE,3.06621,4.04039
21,141,FALSE,2.04957,6.04547
21,142,FALSE,3.00541,3.09353
21,143,FALSE,5.01619,1.06279
21,144,FALSE,5.03497,4.05781
21,145,FALSE,1,30.01612
21,146,TRUE,1,1
21,147,FALSE,1,2.13465
21,148,TRUE,1,1
21,149,TRUE,18.10743,1
21,150,FALSE,1,35.09793
21,151,TRUE,1.04296,1
21,153,FALSE,6.10514,6.12535
21,154,FALSE,28.01687,6.03754
21,155,FALSE,37.08705,4.01426
21,156,FALSE,5.11655,6.00462
21,157,FALSE,5.03585,2.00749
21,158,FALSE,18.11323,4.08224
21,159,FALSE,23.13418,3.03146
21,160,FALSE,23.02108,4.1094
21,161,FALSE,18.11956,4.00131
21,162,FALSE,29.01701,34.13904
21,164,FALSE,37.07479,5.05378
21,165,FALSE,6.14369,35.09065
21,166,FALSE,30.01032,35.03487
21,167,FALSE,5.11682,6.09706
21,168,FALSE,1,35.05672
21,169,FALSE,30.04316,35.0396
21,173,FALSE,29.13401,6.00668
21,175,FALSE,4.00573,3.12639
21,176,FALSE,5.08563,5.04817
21,177,FALSE,30.0901,6.07975
21,178,FALSE,35.00824,34.00733
21,179,FALSE,34.01724,6.14128
21,180,FALSE,28.10696,28.13126
21,181,FALSE,35.04965,33.13901
21,182,FALSE,10.00986,6.14083
21,183,FALSE,35.04359,6.04631
21,184,FALSE,37.09892,6.06982
21,185,FALSE,28.01264,6.14098
21,186,FALSE,37.14576,6.00864
21,188,FALSE,30.1099,2.00794
21,189,FALSE,34.10977,34.13759
21,190,FALSE,23.14129,6.13626
21,191,FALSE,30.03287,6.03807
21,192,FALSE,25.01994,6.1337
21,193,FALSE,35.03743,36.11942
21,194,FALSE,25.12693,6.07422
21,195,FALSE,28.12917,6.01144
21,197,FALSE,29.0314,2.03628
21,198,FALSE,25.04018,6.06605
21,199,FALSE,29.07424,23.12849
21,200,FALSE,6.02877,6.14393
21,201,FALSE,5.125,6.05311
21,202,FALSE,37.06458,37.06951
21,203,FALSE,30.13746,6.14118
21,204,FALSE,30.10795,6.05568
21,206,FALSE,30.06839,2.12923
21,207,FALSE,28.14527,6.0985
21,208,FALSE,5.13043,5.03337
21,209,FALSE,28.03,28.1297
21,210,FALSE,28.13935,28.08855
21,211,FALSE,28.06852,33.02221
21,212,FALSE,5.01035,4.1432
21,213,FALSE,13.10471,5.09099
21,216,FALSE,28.11233,6.09257
21,217,FALSE,29.12699,6.13379
21,218,FALSE,30.09256,6.14363
21,219,FALSE,25.02601,6.1302
21,222,FALSE,28.11228,5.12365
21,225,FALSE,33.10329,33.12611
21,226,FALSE,35.1104,6.08735
21,227,FALSE,37.05008,34.05059
21,229,FALSE,33.09523,33.1014
21,230,FALSE,33.0501,33.0657
21,233,FALSE,30.1102,5.08434
21,234,FALSE,30.02902,33.03371
21,235,FALSE,30.09154,33.07265
21,236,FALSE,4.14499,4.14684
21,237,FALSE,5.14007,6.11101
21,242,FALSE,24.03223,4.0658
21,243,FALSE,6.05398,6.06327
21,251,FALSE,34.06847,34.07882
21,252,FALSE,28.0638,6.10215
21,253,FALSE,30.06457,4.00207
21,254,FALSE,4.00139,1.02002
21,255,FALSE,13.09981,3.12469
21,256,FALSE,30.05387,2.04798
21,257,FALSE,20.0444,4.02204
21,258,FALSE,18.04909,5.0729
21,259,FALSE,5.13908,33.07516
21,260,FALSE,5.09813,5.1003
21,262,FALSE,36.00851,1.02916
21,263,FALSE,6.01747,3.08565
21,264,FALSE,29.02519,6.13545
21,265,FALSE,6.06068,5.1002
21,270,FALSE,6.04517,33.03854
21,271,FALSE,28.11689,6.07589
21,272,FALSE,5.07812,6.07952
21,273,FALSE,5.07387,6.00076
21,274,FALSE,5.09339,6.02815
21,275,FALSE,6.07061,33.0632
21,280,FALSE,5.12286,3.02662
21,289,FALSE,29.07314,5.14198
21,290,FALSE,6.1187,6.09923
21,291,FALSE,6.138,6.14248
21,292,FALSE,6.13387,5.13188
21,293,FALSE,30.06798,15.02144
21,294,FALSE,6.07489,10.00703
21,295,FALSE,36.08364,25.08512
21,296,FALSE,4.07341,20.04634
21,297,FALSE,35.05166,6.13239
21,298,FALSE,33.03121,2.10393
21,299,FALSE,34.02958,6.02447
21,300,FALSE,33.10152,4.04244
21,301,FALSE,33.10271,4.11278
21,302,FALSE,35.1109,5.075
21,303,FALSE,33.01564,5.13025
21,308,FALSE,31.06323,5.06487
21,317,FALSE,22.12145,3.13775
21,318,FALSE,36.07907,4.09223
21,319,FALSE,30.08089,5.11502
21,320,FALSE,27.07627,4.03519
21,321,FALSE,34.10742,4.00193
21,322,FALSE,18.02604,5.06352
21,323,FALSE,17.14262,3.05284
21,324,FALSE,23.01285,2.11517
21,325,FALSE,25.09148,2.07947
21,326,FALSE,18.09769,3.09269
21,328,FALSE,25.03697,5.13001
21,329,FALSE,31.14209,6.14273
21,330,FALSE,30.13474,6.0317
21,331,FALSE,20.01512,5.0413
21,332,FALSE,20.10948,6.1454
21,333,FALSE,30.00229,33.00106
21,334,FALSE,6.03878,6.10935
21,335,FALSE,30.12136,5.00711
21,336,FALSE,30.13446,5.06964
21,337,FALSE,25.0234,6.0385
21,339,FALSE,28.03769,5.00571
21,340,TRUE,1.08318,1
21,341,TRUE,25.13394,1
21,342,FALSE,5.05472,36.0066
21,343,TRUE,1,1
21,346,FALSE,27.05385,6.05535
21,347,FALSE,33.08403,6.09675
21,348,FALSE,27.00413,6.03841
21,349,FALSE,25.02782,2.12959
21,350,FALSE,29.12154,6.13946
21,351,FALSE,25.06257,6.13898
21,352,FALSE,34.00982,6.03762
21,353,FALSE,37.03401,34.07619
21,354,FALSE,34.14106,34.14628
21,355,FALSE,23.01919,5.02167
21,357,FALSE,29.07113,5.09794
21,358,FALSE,28.12157,6.00492
21,359,FALSE,32.0843,6.04628
21,361,FALSE,25.0143,6.07967
21,363,FALSE,35.08429,35.11067
21,364,FALSE,35.00804,35.00989
21,365,FALSE,23.06628,3.11499
21,366,FALSE,5.08892,5.11222
21,367,FALSE,35.00202,35.02899
21,370,FALSE,28.12586,6.08261
21,371,FALSE,33.02116,6.1113
21,372,FALSE,33.01675,6.14539
21,373,FALSE,6.06147,6.0365
21,374,FALSE,37.13254,1.09458
21,375,FALSE,23.08026,5.12462
21,376,FALSE,5.12596,6.038
21,377,FALSE,1,2.10463
21,378,FALSE,28.11337,33.03249
21,379,FALSE,5.10114,28.09378
21,380,FALSE,33.12439,34.06855
21,381,FALSE,5.12266,6.11463
21,383,FALSE,28.0285,5.00301
21,384,FALSE,28.05506,6.08453
21,385,FALSE,25.0982,1.0874
21,386,FALSE,27.13333,4.08476
21,387,FALSE,34.05857,1.07413
21,388,FALSE,5.12178,2.06681
21,389,FALSE,7.09658,2.02855
21,390,FALSE,27.04678,3.09
21,391,FALSE,23.04999,5.0017
21,394,FALSE,30.14679,5.09377
21,395,FALSE,2.11984,35.07896
21,396,FALSE,3.06229,35.01273
21,397,FALSE,4.04419,35.04322
21,398,FALSE,33.12777,35.08834
21,403,FALSE,19.03418,6.08256
21,404,FALSE,34.05504,35.10504
21,405,FALSE,5.04645,35.04794
21,406,FALSE,1,4.06027
21,407,FALSE,28.08178,29.11936
21,408,TRUE,4.06722,1
21,412,FALSE,34.12837,10.04781
21,413,FALSE,30.05046,20.03964
21,414,FALSE,31.00397,10.00298
21,415,FALSE,28.14401,30.12485
21,416,FALSE,20.09126,33.10146
21,417,FALSE,28.14728,6.08772
21,418,FALSE,35.08112,35.08194
21,419,FALSE,33.08184,33.10166
21,420,FALSE,33.09961,33.13988
21,421,FALSE,33.01409,33.05984
21,422,FALSE,30.07764,28.12265
21,423,FALSE,23.09713,6.08035
21,425,FALSE,37.12036,6.04237
21,426,FALSE,33.11104,6.06226
21,427,FALSE,6.13057,6.05893
21,428,FALSE,33.08924,33.09413
21,429,FALSE,28.06169,33.13615
22,1,FALSE,23.04114,6.05585
22,3,FALSE,4.063,4.10065
22,5,FALSE,37.10275,6.00874
22,6,FALSE,33.12738,5.08592
22,7,FALSE,1,4.02909
22,9,FALSE,5.13263,4.06937
22,10,FALSE,4.14713,5.11622
22,11,FALSE,1,6.07602
22,13,FALSE,6.10084,6.05503
22,17,FALSE,28.04218,6.03655
22,18,FALSE,6.02196,6.01165
22,19,TRUE,33.14219,1
22,21,FALSE,29.10312,6.05225
22,22,FALSE,6.13979,6.1257
22,25,FALSE,19.05303,6.01407
22,29,FALSE,5.14631,2.14283
22,30,FALSE,6.13009,6.03397
22,69,FALSE,24.13336,2.03705
22,70,FALSE,23.04711,28.00299
22,71,FALSE,28.11626,6.09296
22,72,FALSE,33.0389,33.06919
22,73,FALSE,28.09463,28.04766
22,74,FALSE,33.02065,33.03508
22,75,FALSE,33.10533,34.08603
22,76,FALSE,28.10901,6.14305
22,77,FALSE,6.11072,18.02424
22,78,FALSE,29.03785,6.02906
22,79,FALSE,6.05822,6.08517
22,82,FALSE,29.10564,6.05406
22,83,FALSE,18.0593,3.09983
22,84,FALSE,1,33.08712
22,85,TRUE,2.11631,1
22,86,TRUE,29.08998,1
22,91,FALSE,5.1423,5.09273
22,92,FALSE,6.06316,6.0708
22,93,FALSE,23.10977,6.06334
22,95,FALSE,5.13936,4.07954
22,98,FALSE,30.12885,5.08507
22,99,FALSE,34.10136,22.05104
22,100,FALSE,35.02234,6.06404
22,101,FALSE,23.07893,3.11796
22,103,FALSE,25.06239,6.11584
22,104,FALSE,30.11015,6.00605
22,106,FALSE,28.10574,3.07311
22,107,FALSE,26.13037,4.03383
22,109,FALSE,34.02476,6.11191
22,110,FALSE,28.14062,6.07477
22,111,FALSE,33.10848,3.12551
22,112,FALSE,22.08578,4.01296
22,113,FALSE,28.13498,5.00368
22,114,FALSE,5.11223,2.12625
22,115,FALSE,5.08748,6.04941
22,116,FALSE,28.12214,3.00196
22,117,FALSE,5.05739,4.08364
22,118,FALSE,18.06514,2.02301
22,120,FALSE,34.04936,2.1126
22,121,FALSE,5.09972,3.00595
22,122,FALSE,5.10973,1.01447
22,123,FALSE,6.04834,2.0828
22,124,FALSE,37.07692,2.0488
22,125,FALSE,34.13639,35.03371
22,126,FALSE,30.0341,35.09922
22,127,FALSE,24.07703,6.03137
22,128,FALSE,30.11564,6.06258
22,129,FALSE,30.0094,6.14178
22,130,FALSE,35.10497,35.12118
22,131,FALSE,5.00845,4.04572
22,133,FALSE,5.1446,3.01677
22,134,FALSE,4.12962,4.11575
22,135,FALSE,4.08408,2.03613
22,136,FALSE,4.10322,4.14648
22,137,TRUE,5.01359,1
22,139,FALSE,5.09325,5.05802
22,140,FALSE,3.13139,4.01541
22,141,FALSE,2.02834,6.0226
22,142,FALSE,3.12909,3.01101
22,143,FALSE,5.13712,1.00386
22,144,FALSE,5.07279,4.11758
22,145,TRUE,30.05115,1
22,146,TRUE,1,1
22,147,FALSE,1,2.00009
22,148,TRUE,1,1
22,149,TRUE,18.11473,1
22,150,FALSE,1,35.13996
22,151,TRUE,1.06668,1
22,153,FALSE,6.0974,6.09831
22,154,FALSE,28.02652,6.06223
22,155,FALSE,23.10228,4.13095
22,156,FALSE,5.14686,6.01241
22,157,FALSE,5.13807,1.07243
22,158,FALSE,18.07117,4.05004
22,159,FALSE,23.09388,3.08174
22,160,FALSE,23.12338,4.12689
22,161,FALSE,18.10486,4.11495
22,162,FALSE,29.10826,34.05076
22,164,FALSE,37.05777,5.06179
22,165,FALSE,6.13845,35.06434
22,166,FALSE,30.07079,35.09984
22,167,FALSE,5.04483,6.04878
22,168,FALSE,1,35.0486
22,169,FALSE,30.1006,35.02807
22,173,FALSE,28.10169,6.02716
22,175,FALSE,3.1409,3.13951
22,176,FALSE,5.01109,5.01599
22,177,FALSE,30.06215,6.09049
22,178,FALSE,35.02495,34.0102
22,179,FALSE,34.1467,6.14166
22,180,FALSE,28.06042,28.07975
22,181,FALSE,35.00238,33.09301
22,182,FALSE,10.01513,6.1408
22,183,FALSE,35.04485,6.07173
22,184,FALSE,37.0929,6.11132
22,185,FALSE,28.09445,6.13384
22,186,FALSE,37.02071,6.07143
22,188,FALSE,30.09623,1.07729
22,189,FALSE,34.09008,34.12223
22,190,FALSE,23.09005,6.07888
22,191,FALSE,30.05765,6.02284
22,192,FALSE,25.0262,6.01295
22,193,FALSE,35.03056,36.04702
22,194,FALSE,25.13026,6.09406
22,195,FALSE,28.10117,6.14266
22,197,FALSE,30.04421,2.00909
22,198,FALSE,25.08069,6.02417
22,199,FALSE,29.10122,23.10284
22,200,FALSE,6.09439,6.1269
22,201,FALSE,5.10425,6.04574
22,202,FALSE,37.05146,37.05712
22,203,FALSE,30.11062,30.0103
22,204,FALSE,30.06646,2.01349
22,206,FALSE,30.06177,2.04578
22,207,FALSE,28.02819,6.11093
22,208,FALSE,5.14437,5.0281
22,209,FALSE,28.01748,28.04642
22,210,FALSE,28.08355,28.02989
22,211,FALSE,28.03737,33.07045
22,212,FALSE,5.12948,4.12021
22,213,FALSE,13.12323,5.04403
22,216,FALSE,28.08095,6.11673
22,217,FALSE,29.03042,6.13338
22,218,FALSE,30.06605,6.08453
22,219,FALSE,25.01184,6.13038
22,222,FALSE,28.10919,5.13161
22,225,FALSE,33.12793,33.14138
22,226,FALSE,35.02551,6.078
22,227,FALSE,37.10253,34.0289
22,229,FALSE,33.10708,33.09921
22,230,FALSE,33.05669,33.03386
22,233,FALSE,30.09712,6.0586
22,234,FALSE,30.0206,33.0509
22,235,FALSE,30.12514,33.00824
22,236,FALSE,4.06408,4.0254
22,237,FALSE,5.14165,6.12911
22,242,FALSE,24.07676,4.0768
22,243,FALSE,6.01521,6.05261
22,251,FALSE,34.11779,34.13367
22,252,FALSE,28.06306,6.12821
22,253,FALSE,30.11063,4.047
22,254,FALSE,4.13378,1.01436
22,255,FALSE,13.0783,3.00759
22,256,FALSE,30.09077,2.09713
22,257,FALSE,20.05605,4.0238
22,258,FALSE,18.08209,1.04846
22,259,FALSE,5.13221,33.04823
22,260,FALSE,5.03763,5.1309
22,262,FALSE,36.12365,1.00279
22,263,FALSE,6.05147,4.08082
22,264,FALSE,29.0146,6.12136
22,265,FALSE,6.09762,5.0447
22,270,FALSE,6.11001,33.01708
22,271,FALSE,28.10467,6.00649
22,272,FALSE,5.13864,6.09351
22,273,FALSE,5.12082,6.0576
22,274,FALSE,5.11395,6.05306
22,275,FALSE,6.12154,33.11247
22,280,FALSE,5.05346,3.03158
22,289,FALSE,28.08117,5.13732
22,290,FALSE,6.11347,6.11411
22,291,FALSE,6.14615,6.14738
22,292,FALSE,6.09566,5.07935
22,293,FALSE,30.11177,15.00493
22,294,FALSE,30.00548,10.03264
22,295,FALSE,36.08306,25.06809
22,296,FALSE,4.05384,20.1009
22,297,FALSE,35.0609,6.00497
22,298,FALSE,33.00464,2.05317
22,299,FALSE,34.00592,6.05017
22,300,FALSE,33.14328,4.0529
22,301,FALSE,33.01676,4.10583
22,302,FALSE,35.03531,5.08917
22,303,FALSE,33.13061,5.13846
22,308,FALSE,31.12076,3.00816
22,317,FALSE,22.03959,4.04106
22,318,FALSE,36.07753,6.02774
22,319,FALSE,30.11405,5.12597
22,320,FALSE,27.00653,4.01782
22,321,FALSE,34.07471,3.13651
22,322,FALSE,18.01835,5.09046
22,323,FALSE,17.08358,2.14095
22,324,FALSE,23.0095,1.13065
22,325,FALSE,25.00002,4.13435
22,326,FALSE,18.10171,4.13643
22,328,FALSE,25.01889,5.14659
22,329,FALSE,31.02228,6.12193
22,330,FALSE,30.04616,6.05272
22,331,FALSE,20.01522,5.00104
22,332,FALSE,30.10816,5.08618
22,333,FALSE,30.03505,33.14136
22,334,FALSE,6.11943,6.11769
22,335,FALSE,30.12064,5.05751
22,336,FALSE,30.11536,5.10263
22,337,FALSE,25.08633,6.02965
22,339,FALSE,28.07502,5.05873
22,340,TRUE,1.12872,1
22,341,TRUE,25.01974,1
22,342,FALSE,5.06546,36.10996
22,343,TRUE,1,1
22,346,FALSE,27.13537,6.02025
22,347,FALSE,33.12391,6.12612
22,348,FALSE,27.14355,6.04373
22,349,FALSE,25.02334,2.10706
22,350,FALSE,29.00795,28.12547
22,351,FALSE,25.10158,6.11812
22,352,FALSE,34.06231,6.14527
22,353,FALSE,37.06695,34.04487
22,354,FALSE,34.05985,34.12097
22,355,FALSE,23.13992,5.01139
22,357,FALSE,29.05561,5.08466
22,358,FALSE,28.07174,6.02155
22,359,FALSE,32.0216,6.0078
22,361,FALSE,25.09668,6.08816
22,363,FALSE,35.10382,35.10566
22,364,FALSE,35.12896,35.12929
22,365,FALSE,23.1371,3.11037
22,366,FALSE,5.07398,5.1168
22,367,FALSE,35.00788,35.07053
22,370,FALSE,28.14704,6.08485
22,371,FALSE,33.07372,6.13243
22,372,FALSE,33.01649,6.14369
22,373,FALSE,6.06101,6.01328
22,374,FALSE,37.06246,1.05562
22,375,FALSE,23.02028,5.00757
22,376,FALSE,5.07895,6.02897
22,377,FALSE,1,2.14481
22,378,FALSE,28.13773,33.09438
22,379,FALSE,5.09338,28.00016
22,380,FALSE,33.07845,34.06611
22,381,FALSE,5.02715,6.09115
22,383,FALSE,29.13444,5.07023
22,384,FALSE,28.08052,6.11541
22,385,FALSE,25.07247,3.0534
22,386,FALSE,27.13911,1.13504
22,387,FALSE,34.09251,1.12277
22,388,FALSE,5.04518,2.01018
22,389,FALSE,7.06762,2.01854
22,390,FALSE,27.07246,3.0873
22,391,FALSE,23.03411,5.02953
22,394,FALSE,30.05469,5.04715
22,395,FALSE,2.00389,35.07493
22,396,FALSE,3.04025,35.0889
22,397,FALSE,4.10017,35.02761
22,398,FALSE,33.09274,35.13122
22,403,FALSE,19.09202,6.07832
22,404,FALSE,34.07432,35.05693
22,405,FALSE,5.14501,35.08131
22,406,FALSE,1,4.06271
22,407,FALSE,28.11607,29.03767
22,408,TRUE,4.05358,1
22,412,FALSE,34.07941,10.05801
22,413,FALSE,15.08313,20.0031
22,414,FALSE,31.03164,10.04764
22,415,FALSE,28.13573,30.1435
22,416,FALSE,20.11932,33.11858
22,417,FALSE,28.01842,6.12072
22,418,FALSE,35.0427,35.07487
22,419,FALSE,33.03205,33.09833
22,420,FALSE,33.01875,33.07185
22,421,FALSE,33.11358,33.13706
22,422,FALSE,28.02925,30.08848
22,423,FALSE,23.09664,6.11227
22,425,FALSE,5.14276,6.01281
22,426,FALSE,33.07413,6.06832
22,427,FALSE,6.12088,6.12054
22,428,FALSE,33.14057,33.12856
22,429,FALSE,28.114,33.05426
23,1,FALSE,23.02833,6.06332
23,3,FALSE,4.13177,4.08456
23,5,FALSE,37.06617,6.01846
23,6,FALSE,33.0739,5.06947
23,7,FALSE,1,4.02164
23,9,FALSE,5.13098,4.07571
23,10,FALSE,4.04404,4.1121
23,11,FALSE,1,6.0288
23,13,FALSE,6.1138,6.09938
23,17,FALSE,28.0275,6.03644
23,18,FALSE,6.00983,6.01126
23,19,TRUE,33.05999,1
23,21,FALSE,29.12176,6.05894
23,22,FALSE,6.13234,6.13651
23,25,FALSE,19.11527,6.00657
23,29,FALSE,5.11418,4.00577
23,30,FALSE,6.13706,6.06957
23,69,FALSE,24.09963,2.04054
23,70,FALSE,23.03464,28.03188
23,71,FALSE,6.07883,6.08049
23,72,FALSE,33.04856,33.11665
23,73,FALSE,28.02386,28.1303
23,74,FALSE,33.07341,33.09625
23,75,FALSE,33.12535,34.06048
23,76,FALSE,28.08541,6.13562
23,77,FALSE,6.14572,18.04006
23,78,FALSE,23.13682,6.03477
23,79,FALSE,6.08177,6.08554
23,82,FALSE,29.04368,3.07646
23,83,FALSE,18.12874,3.01956
23,84,FALSE,1,33.11092
23,85,TRUE,2.00248,1
23,86,TRUE,29.05171,1
23,91,FALSE,5.13925,5.09349
23,92,FALSE,6.06324,6.09405
23,93,FALSE,23.10823,6.12017
23,95,FALSE,5.10117,4.12701
23,98,FALSE,30.07907,5.07148
23,99,FALSE,34.09355,22.04135
23,100,FALSE,35.02635,6.06497
23,101,FALSE,23.07574,5.14504
23,103,FALSE,25.04057,6.01921
23,104,FALSE,30.13221,6.04033
23,106,FALSE,28.1286,3.00006
23,107,FALSE,26.06012,4.06327
23,109,FALSE,34.08169,6.12396
23,110,FALSE,28.13755,6.09313
23,111,FALSE,33.13788,3.07448
23,112,FALSE,22.11609,3.10796
23,113,FALSE,28.0664,5.12156
23,114,FALSE,5.09579,2.04375
23,115,FALSE,5.09087,6.00464
23,116,FALSE,28.0733,3.06485
23,117,FALSE,5.08656,4.00685
23,118,FALSE,18.06603,2.045
23,120,FALSE,34.07216,2.08862
23,121,FALSE,5.14019,3.08302
23,122,FALSE,5.12217,1.09642
23,123,FALSE,6.04681,2.09092
23,124,FALSE,37.13434,4.04542
23,125,FALSE,34.04589,35.10936
23,126,FALSE,30.09912,35.08332
23,127,FALSE,24.08241,6.00227
23,128,FALSE,30.00736,6.05264
23,129,FALSE,30.07791,6.02118
23,130,FALSE,35.11245,35.14224
23,131,FALSE,5.13545,4.03206
23,133,FALSE,5.11749,3.1237
23,134,FALSE,5.09267,4.00583
23,135,FALSE,4.11351,4.04224
23,136,FALSE,4.07766,4.08796
23,137,FALSE,5.05798,4.09032
23,139,FALSE,5.14526,5.13431
23,140,FALSE,3.11627,4.0393
23,141,FALSE,2.11647,6.11105
23,142,FALSE,3.10288,3.01002
23,143,FALSE,5.10701,1.01319
23,144,FALSE,5.10967,4.00532
23,145,TRUE,30.09761,1
23,146,TRUE,1,1
23,147,FALSE,1,2.0017
23,148,TRUE,1,1
23,149,TRUE,18.06821,1
23,150,FALSE,1,35.11713
23,151,TRUE,1.13233,1
23,153,FALSE,6.11145,6.11197
23,154,FALSE,23.07862,6.06226
23,155,FALSE,5.13674,4.12998
23,156,FALSE,28.07432,5.07731
23,157,FALSE,5.09621,1.02263
23,158,FALSE,18.04092,4.06781
23,159,FALSE,23.02924,1.07159
23,160,FALSE,23.04361,4.05418
23,161,FALSE,18.01441,4.14243
23,162,FALSE,29.04583,34.11918
23,164,FALSE,37.14446,5.00993
23,165,FALSE,6.01424,35.07772
23,166,FALSE,30.14287,35.01865
23,167,FALSE,5.07786,6.01941
23,168,FALSE,1,35.14693
23,169,FALSE,30.08078,35.05474
23,173,FALSE,29.10969,6.00788
23,175,FALSE,3.1462,3.09212
23,176,FALSE,5.00457,5.00061
23,177,FALSE,30.13963,6.0849
23,178,FALSE,35.02662,34.00992
23,179,FALSE,34.04771,6.14667
23,180,FALSE,28.10053,28.04279
23,181,FALSE,35.02328,33.04173
23,182,FALSE,10.0317,6.11701
23,183,FALSE,35.10297,6.10312
23,184,FALSE,37.00007,6.11304
23,185,FALSE,28.09834,6.12359
23,186,FALSE,37.11838,6.00366
23,188,FALSE,30.14159,1.04001
23,189,FALSE,34.13845,34.14108
23,190,FALSE,23.06639,6.05647
23,191,FALSE,30.04261,6.00321
23,192,FALSE,25.00103,6.10457
23,193,FALSE,35.11764,36.10005
23,194,FALSE,25.11432,6.07095
23,195,FALSE,28.04651,6.01759
23,197,FALSE,29.04599,1.01475
23,198,FALSE,25.02468,6.03816
23,199,FALSE,30.13182,6.08776
23,200,FALSE,6.0162,6.11927
23,201,FALSE,5.0368,6.05289
23,202,FALSE,37.02588,37.03357
23,203,FALSE,30.08488,30.02343
23,204,FALSE,30.06622,6.08515
23,206,FALSE,30.00136,2.11751
23,207,FALSE,28.10437,6.12859
23,208,FALSE,5.08732,5.0771
23,209,FALSE,28.0353,28.13574
23,210,FALSE,28.1367,28.14104
23,211,FALSE,28.04301,33.03402
23,212,FALSE,5.10658,4.13135
23,213,FALSE,13.03153,5.14148
23,216,FALSE,28.10516,6.09967
23,217,FALSE,29.13222,6.1103
23,218,FALSE,30.03952,6.10164
23,219,FALSE,25.03659,18.04192
23,222,FALSE,28.14448,5.04902
23,225,FALSE,33.12004,33.13787
23,226,FALSE,35.11087,6.10573
23,227,FALSE,37.03369,34.00017
23,229,FALSE,33.11619,33.07313
23,230,FALSE,33.05228,33.036
23,233,FALSE,30.09733,6.0193
23,234,FALSE,30.10235,33.00508
23,235,FALSE,30.03118,33.02474
23,236,FALSE,4.11329,4.00837
23,237,FALSE,5.12425,6.05386
23,242,FALSE,24.13383,4.12824
23,243,FALSE,6.13618,6.14276
23,251,FALSE,34.09713,34.12496
23,252,FALSE,28.01149,6.07577
23,253,FALSE,30.04298,4.01716
23,254,FALSE,4.01831,1.03748
23,255,FALSE,13.09091,3.08761
23,256,FALSE,30.06869,2.1364
23,257,FALSE,20.08056,4.13324
23,258,FALSE,18.02671,5.06355
23,259,FALSE,5.10999,33.02168
23,260,FALSE,5.14184,5.06084
23,262,FALSE,36.11766,1.11887
23,263,FALSE,6.05627,3.08871
23,264,FALSE,29.13746,6.13723
23,265,FALSE,6.04402,5.12866
23,270,FALSE,6.12089,33.01838
23,271,FALSE,28.11335,6.14031
23,272,FALSE,5.11653,6.05279
23,273,FALSE,5.13923,6.03455
23,274,FALSE,5.13148,6.04909
23,275,FALSE,6.07807,33.01661
23,280,FALSE,5.13888,3.00683
23,289,FALSE,29.10062,5.13384
23,290,FALSE,6.10954,6.11471
23,291,FALSE,6.1411,6.14729
23,292,FALSE,6.13904,5.00753
23,293,FALSE,30.14379,15.04252
23,294,FALSE,10.06824,10.12774
23,295,FALSE,36.13338,25.08808
23,296,FALSE,4.12071,20.03928
23,297,FALSE,35.10389,6.07388
23,298,FALSE,33.13385,1.00891
23,299,FALSE,34.04096,6.09166
23,300,FALSE,33.09145,4.05461
23,301,FALSE,33.01578,4.12696
23,302,FALSE,35.02079,5.13937
23,303,FALSE,33.03801,5.0973
23,308,FALSE,31.06262,5.01195
23,317,FALSE,22.1336,4.02978
23,318,FALSE,36.06375,6.03454
23,319,FALSE,30.1402,5.14621
23,320,FALSE,27.01152,4.03225
23,321,FALSE,34.10191,3.07106
23,322,FALSE,18.0634,5.13869
23,323,FALSE,17.13167,2.09572
23,324,FALSE,23.05079,1.06517
23,325,FALSE,25.05303,4.13154
23,326,FALSE,28.02354,4.07233
23,328,FALSE,25.03599,5.14268
23,329,FALSE,31.1421,6.14422
23,330,FALSE,30.05655,6.04785
23,331,FALSE,20.09708,5.08464
23,332,FALSE,20.13262,6.14643
23,333,FALSE,30.02431,33.02945
23,334,FALSE,6.06263,6.07519
23,335,FALSE,30.06508,5.05998
23,336,FALSE,30.147,5.107
23,337,FALSE,25.13138,6.0156
23,339,FALSE,28.09759,5.06521
23,340,TRUE,1.06315,1
23,341,TRUE,25.06757,1
23,342,FALSE,5.08668,36.14354
23,343,TRUE,1,1
23,346,FALSE,27.12829,6.08663
23,347,FALSE,33.05103,6.0917
23,348,FALSE,27.1346,6.03874
23,349,FALSE,25.01213,2.00806
23,350,FALSE,29.12973,28.01088
23,351,FALSE,25.01145,6.13281
23,352,FALSE,34.02426,6.10716
23,353,FALSE,37.04596,34.0995
23,354,FALSE,34.09606,34.11959
23,355,FALSE,23.12309,5.02882
23,357,FALSE,29.01478,5.07429
23,358,FALSE,28.02573,6.02141
23,359,FALSE,32.11664,6.06052
23,361,FALSE,25.09627,6.0869
23,363,FALSE,35.11356,35.11379
23,364,FALSE,35.07843,35.11843
23,365,FALSE,23.01708,3.03322
23,366,FALSE,5.0881,5.06808
23,367,FALSE,35.02119,35.04038
23,370,FALSE,28.09965,6.08478
23,371,FALSE,33.00805,6.14428
23,372,FALSE,33.11848,6.14064
23,373,FALSE,6.06156,6.03337
23,374,FALSE,37.02659,1.04338
23,375,FALSE,4.12934,5.03143
23,376,FALSE,5.13127,6.12672
23,377,FALSE,2.01959,6.09346
23,378,FALSE,28.00263,33.00265
23,379,FALSE,5.10272,28.12855
23,380,FALSE,33.03354,34.02616
23,381,FALSE,5.11681,6.14436
23,383,FALSE,29.01575,5.02906
23,384,FALSE,28.04194,6.11401
23,385,FALSE,25.04102,1.10261
23,386,FALSE,27.05144,4.01281
23,387,FALSE,34.02687,2.0484
23,388,FALSE,5.02123,2.1323
23,389,FALSE,7.09994,2.08943
23,390,FALSE,27.07668,3.05526
23,391,FALSE,23.11165,4.06848
23,394,FALSE,30.01017,5.02993
23,395,FALSE,2.02391,35.09977
23,396,FALSE,3.12307,35.13273
23,397,FALSE,4.07625,35.10251
23,398,FALSE,33.1458,35.02965
23,403,FALSE,19.14594,6.01562
23,404,FALSE,34.08843,35.05175
23,405,FALSE,5.04775,35.05583
23,406,FALSE,4.11906,6.04773
23,407,FALSE,28.12606,29.02893
23,408,TRUE,4.08673,1
23,412,FALSE,34.13607,10.03746
23,413,FALSE,25.13741,15.09753
23,414,FALSE,31.1366,10.05519
23,415,FALSE,28.12466,30.12522
23,416,FALSE,20.04967,33.04045
23,417,FALSE,23.14356,6.14622
23,418,FALSE,35.05396,35.13803
23,419,FALSE,33.09325,33.1102
23,420,FALSE,33.13021,33.13595
23,421,FALSE,33.07951,33.11489
23,422,FALSE,30.01547,6.10133
23,423,FALSE,23.00074,6.1008
23,425,FALSE,37.04494,6.03159
23,426,FALSE,33.11179,6.05974
23,427,FALSE,6.13347,6.10916
23,428,FALSE,33.03679,33.06973
23,429,FALSE,28.08936,33.06216
24,1,FALSE,23.07324,6.03899
24,3,FALSE,4.02183,4.06206
24,5,FALSE,37.09558,6.01268
24,6,FALSE,33.07914,5.0838
24,7,FALSE,1,4.00165
24,9,FALSE,5.13099,4.10308
24,10,FALSE,4.02211,4.08556
24,11,FALSE,1,6.00674
24,13,FALSE,6.09293,6.10518
24,17,FALSE,28.12175,6.03347
24,18,FALSE,6.02954,6.03251
24,19,TRUE,33.00332,1
24,21,FALSE,18.03459,6.07264
24,22,FALSE,6.12036,6.12297
24,25,FALSE,19.03934,6.00632
24,29,FALSE,5.14053,4.02067
24,30,FALSE,6.10436,6.0201
24,69,FALSE,24.11872,2.10166
24,70,FALSE,23.11526,28.08281
24,71,FALSE,28.0641,6.05297
24,72,FALSE,33.04322,33.10542
24,73,FALSE,28.12657,28.11952
24,74,FALSE,33.05122,33.06921
24,75,FALSE,33.11986,34.003
24,76,FALSE,28.00093,6.11857
24,77,FALSE,6.13284,18.1204
24,78,FALSE,29.13672,6.03324
24,79,FALSE,6.11591,6.1182
24,82,FALSE,29.08474,6.08987
24,83,FALSE,18.05203,3.14065
24,84,FALSE,1,33.14131
24,85,TRUE,2.09753,1
24,86,TRUE,29.12456,1
24,91,FALSE,5.1435,5.10121
24,92,FALSE,28.136,6.07636
24,93,FALSE,23.00508,6.08496
24,95,FALSE,5.09018,3.07229
24,98,FALSE,30.01445,4.06603
24,99,FALSE,34.11048,22.00374
24,100,FALSE,35.01237,6.08889
24,101,FALSE,23.12105,3.12157
24,103,FALSE,25.09545,6.06314
24,104,FALSE,30.12392,6.00338
24,106,FALSE,28.14355,3.00757
24,107,FALSE,26.02862,4.07585
24,109,FALSE,34.0808,6.10976
24,110,FALSE,28.03522,6.08199
24,111,FALSE,33.00799,3.13831
24,112,FALSE,22.04865,3.04176
24,113,FALSE,28.10857,5.0935
24,114,FALSE,5.12449,2.12857
24,115,FALSE,5.11795,6.02879
24,116,FALSE,28.12884,3.10145
24,117,FALSE,5.05929,4.01332
24,118,FALSE,18.00161,2.07646
24,120,FALSE,34.12725,2.1411
24,121,FALSE,5.11246,3.0204
24,122,FALSE,5.12853,1.12754
24,123,FALSE,6.0025,2.05213
24,124,FALSE,37.06107,2.08102
24,125,FALSE,34.14508,35.00283
24,126,FALSE,30.00688,35.10331
24,127,FALSE,24.07691,6.01395
24,128,FALSE,30.12639,6.02965
24,129,FALSE,30.08125,6.07759
24,130,FALSE,35.08214,35.09223
24,131,FALSE,5.08511,4.13027
24,133,FALSE,5.14245,3.10694
24,134,FALSE,5.08248,4.00552
24,135,FALSE,4.14641,4.11451
24,136,FALSE,4.12386,6.06674
24,137,TRUE,5.04652,1
24,139,FALSE,5.14207,5.04382
24,140,FALSE,3.05696,4.0795
24,141,FALSE,2.12846,6.10746
24,142,FALSE,3.03483,3.01673
24,143,FALSE,5.10098,1.09032
24,144,FALSE,5.09538,4.09868
24,145,FALSE,1,30.04308
24,146,TRUE,1,1
24,147,FALSE,1,2.0734
24,148,TRUE,1,1
24,149,TRUE,18.014,1
24,150,FALSE,1,35.10239
24,151,TRUE,1.13423,1
24,153,FALSE,6.10099,6.10366
24,154,FALSE,28.04452,6.02617
24,155,FALSE,37.06831,4.09705
24,156,FALSE,28.09307,5.0645
24,157,FALSE,5.14096,1.03081
24,158,FALSE,18.08447,4.06514
24,159,FALSE,23.02111,3.08383
24,160,FALSE,23.05444,4.06635
24,161,FALSE,18.07623,4.03669
24,162,FALSE,29.09932,34.02532
24,164,FALSE,37.07707,5.07262
24,165,FALSE,6.00176,35.07187
24,166,FALSE,30.10867,35.07065
24,167,FALSE,5.14156,6.05171
24,168,FALSE,1,35.11754
24,169,FALSE,30.07502,35.08162
24,173,FALSE,29.13605,6.01972
24,175,FALSE,3.10738,3.11557
24,176,FALSE,5.07708,5.01986
24,177,FALSE,30.12968,6.10045
24,178,FALSE,35.00239,34.00062
24,179,FALSE,34.08356,6.14376
24,180,FALSE,28.07521,28.08815
24,181,FALSE,35.0072,33.13603
24,182,FALSE,10.04954,6.13374
24,183,FALSE,35.02449,6.10715
24,184,FALSE,37.03723,6.06718
24,185,FALSE,28.07109,6.13615
24,186,FALSE,37.02184,6.06204
24,188,FALSE,30.12285,1.07879
24,189,FALSE,34.07034,34.11294
24,190,FALSE,23.04969,6.12757
24,191,FALSE,30.125,6.04601
24,192,FALSE,25.02107,6.03645
24,193,FALSE,35.11648,36.00456
24,194,FALSE,25.05271,6.06955
24,195,FALSE,28.0229,6.07816
24,197,FALSE,30.06936,2.1047
24,198,FALSE,25.02367,6.03134
24,199,FALSE,29.04715,23.09993
24,200,FALSE,6.05012,6.10174
24,201,FALSE,5.13518,6.09486
24,202,FALSE,37.03438,37.05969
24,203,FALSE,30.13349,30.03992
24,204,FALSE,30.1402,4.12954
24,206,FALSE,30.08967,2.08104
24,207,FALSE,28.00502,6.11346
24,208,FALSE,5.13195,4.13276
24,209,FALSE,28.00467,28.08381
24,210,FALSE,28.12796,28.11889
24,211,FALSE,28.10899,33.00774
24,212,FALSE,4.12366,5.03159
24,213,FALSE,13.08172,5.04132
24,216,FALSE,28.10026,6.10733
24,217,FALSE,29.1084,6.13384
24,218,FALSE,30.07641,6.11031
24,219,FALSE,25.10324,6.13334
24,222,FALSE,28.12189,5.10111
24,225,FALSE,33.09544,33.09601
24,226,FALSE,35.10875,6.08522
24,227,FALSE,37.13259,34.13074
24,229,FALSE,33.08574,33.11838
24,230,FALSE,33.0448,33.05353
24,233,FALSE,30.1404,6.03034
24,234,FALSE,30.09074,33.00158
24,235,FALSE,30.14009,33.01828
24,236,FALSE,4.10444,4.06735
24,237,FALSE,5.14066,6.0415
24,242,FALSE,24.13203,4.13468
24,243,FALSE,6.06407,6.078
24,251,FALSE,34.09497,34.11457
24,252,FALSE,28.14377,6.04184
24,253,FALSE,30.08117,4.1349
24,254,FALSE,4.09799,1.14607
24,255,FALSE,13.06934,3.04269
24,256,FALSE,30.1037,2.08332
24,257,FALSE,20.06202,4.03132
24,258,FALSE,18.12643,5.14639
24,259,FALSE,5.11291,33.01114
24,260,FALSE,5.00007,5.102
24,262,FALSE,36.10913,1.00253
24,263,FALSE,6.05247,3.08762
24,264,FALSE,29.14398,6.07492
24,265,FALSE,6.00805,5.08192
24,270,FALSE,6.08482,33.04711
24,271,FALSE,28.05241,6.12267
24,272,FALSE,5.1466,6.13395
24,273,FALSE,5.13939,6.03135
24,274,FALSE,5.12752,6.01863
24,275,FALSE,6.01291,33.12706
24,280,FALSE,5.07804,3.05614
24,289,FALSE,29.1185,5.11671
24,290,FALSE,6.12608,6.12885
24,291,FALSE,6.12002,6.1418
24,292,FALSE,6.09672,5.06117
24,293,FALSE,30.05392,15.13882
24,294,FALSE,6.10814,10.00154
24,295,FALSE,36.07035,25.05764
24,296,FALSE,4.08903,20.04659
24,297,FALSE,35.1078,6.0747
24,298,FALSE,33.04389,1.13355
24,299,FALSE,34.03875,6.08174
24,300,FALSE,33.10604,4.12379
24,301,FALSE,33.09527,4.05277
24,302,FALSE,35.02229,5.00661
24,303,FALSE,33.02158,5.00041
24,308,FALSE,31.14705,3.11331
24,317,FALSE,22.02143,4.02136
24,318,FALSE,36.09571,4.1436
24,319,FALSE,30.11253,5.10109
24,320,FALSE,27.09764,4.08091
24,321,FALSE,34.10669,3.14139
24,322,FALSE,18.04964,5.14438
24,323,FALSE,17.14688,2.14101
24,324,FALSE,23.07681,2.10053
24,325,FALSE,25.01983,4.07564
24,326,FALSE,18.03098,4.02757
24,328,FALSE,25.00817,5.13563
24,329,FALSE,31.01783,20.14657
24,330,FALSE,30.11267,6.04136
24,331,FALSE,20.09766,5.03498
24,332,FALSE,28.0946,6.11895
24,333,FALSE,30.0383,33.05047
24,334,FALSE,6.04708,6.02485
24,335,FALSE,30.12998,5.0825
24,336,FALSE,30.1439,5.00121
24,337,FALSE,25.12845,6.04511
24,339,FALSE,28.12143,5.01316
24,340,TRUE,1.0152,1
24,341,TRUE,25.03067,1
24,342,FALSE,5.10427,36.07318
24,343,TRUE,1,1
24,346,FALSE,27.1233,6.01278
24,347,FALSE,33.08394,6.0754
24,348,FALSE,27.02091,6.05746
24,349,FALSE,25.02826,2.06145
24,350,FALSE,29.02648,28.02401
24,351,FALSE,25.00402,6.14115
24,352,FALSE,34.00606,6.11416
24,353,FALSE,37.06658,34.11934
24,354,FALSE,34.08048,34.12932
24,355,FALSE,23.1049,5.02589
24,357,FALSE,29.11845,5.07891
24,358,FALSE,28.12233,6.02831
24,359,FALSE,32.13575,6.00518
24,361,FALSE,30.076,6.05705
24,363,FALSE,35.08791,35.09694
24,364,FALSE,35.09041,35.10276
24,365,FALSE,23.02301,3.11192
24,366,FALSE,5.08106,5.08835
24,367,FALSE,35.01621,35.01842
24,370,FALSE,28.10347,6.06726
24,371,FALSE,33.09518,6.14648
24,372,FALSE,33.02779,6.13521
24,373,FALSE,6.06341,6.06852
24,374,FALSE,37.07144,1.05766
24,375,FALSE,23.00251,5.06944
24,376,FALSE,5.02055,6.01589
24,377,FALSE,2.00145,6.09556
24,378,FALSE,28.09619,33.0347
24,379,FALSE,5.13146,28.1021
24,380,FALSE,33.04205,34.00973
24,381,FALSE,5.00832,6.03374
24,383,FALSE,28.0862,5.10979
24,384,FALSE,28.09994,6.12788
24,385,FALSE,25.06669,2.05024
24,386,FALSE,27.12545,1.12517
24,387,FALSE,34.12176,1.14611
24,388,FALSE,5.10726,2.09661
24,389,FALSE,7.12136,2.10106
24,390,FALSE,27.10974,3.06208
24,391,FALSE,23.13126,2.05179
24,394,FALSE,30.07516,5.0534
24,395,FALSE,2.14049,35.03543
24,396,FALSE,3.04647,35.14426
24,397,FALSE,4.07509,35.07179
24,398,FALSE,33.04514,35.14008
24,403,FALSE,19.04688,6.02985
24,404,FALSE,34.03563,35.14148
24,405,FALSE,5.11089,35.03497
24,406,FALSE,4.08959,6.06681
24,407,FALSE,28.04418,29.11381
24,408,TRUE,4.06439,1
24,412,FALSE,34.07182,10.01186
24,413,FALSE,25.06891,20.07969
24,414,FALSE,31.13237,10.04517
24,415,FALSE,28.1259,30.03676
24,416,FALSE,20.10819,33.0271
24,417,FALSE,28.08182,6.12185
24,418,FALSE,35.06728,35.10064
24,419,FALSE,33.04676,33.132
24,420,FALSE,33.02204,33.02822
24,421,FALSE,33.03591,33.13294
24,422,FALSE,30.09528,28.13549
24,423,FALSE,23.07232,6.0931
24,425,FALSE,37.05619,6.0532
24,426,FALSE,33.13795,6.06785
24,427,FALSE,6.14529,6.10787
24,428,FALSE,33.13223,33.08255
24,429,FALSE,28.13157,33.14322
25,1,FALSE,23.10058,6.06062
25,3,FALSE,4.08036,4.13298
25,5,FALSE,37.04108,6.00794
25,6,FALSE,33.0253,5.14704
25,7,FALSE,1,4.02477
25,9,FALSE,5.14003,5.02361
25,10,FALSE,4.10236,5.14525
25,11,FALSE,1,6.00046
25,13,FALSE,6.06315,6.07767
25,17,FALSE,28.06035,6.02293
25,18,FALSE,6.0104,6.0323
25,19,TRUE,33.00615,1
25,21,FALSE,29.01322,6.06706
25,22,FALSE,6.09373,6.1107
25,25,FALSE,19.05456,6.0248
25,29,FALSE,5.14593,2.07772
25,30,FALSE,6.13909,6.03338
25,69,FALSE,24.09908,2.0335
25,70,FALSE,23.12341,28.106
25,71,FALSE,28.1383,6.02774
25,72,FALSE,33.02826,33.09364
25,73,FALSE,28.14604,28.04878
25,74,FALSE,33.03349,33.0456
25,75,FALSE,33.13828,34.0751
25,76,FALSE,28.11708,6.07511
25,77,FALSE,6.05452,18.0474
25,78,FALSE,23.10384,6.03378
25,79,FALSE,6.1024,6.11523
25,82,FALSE,29.0095,6.03179
25,83,FALSE,18.10777,3.01371
25,84,FALSE,1,33.04319
25,85,TRUE,2.14449,1
25,86,TRUE,29.13719,1
25,91,FALSE,5.10947,5.07737
25,92,FALSE,28.01651,6.08976
25,93,FALSE,23.0513,6.13288
25,95,FALSE,5.12921,3.05287
25,98,FALSE,30.0536,5.11873
25,99,FALSE,34.14045,22.08486
25,100,FALSE,35.00274,6.11073
25,101,FALSE,23.07004,5.01919
25,103,FALSE,25.12076,6.14676
25,104,FALSE,30.0403,6.04012
25,106,FALSE,28.0936,3.07572
25,107,FALSE,26.03296,4.11226
25,109,FALSE,34.0469,6.11411
25,110,FALSE,28.12886,6.05621
25,111,FALSE,33.07235,3.10784
25,112,FALSE,22.01344,4.04791
25,113,FALSE,28.09195,5.04216
25,114,FALSE,5.12431,2.13126
25,115,FALSE,5.13803,6.03907
25,116,FALSE,28.09991,3.02492
25,117,FALSE,5.13382,4.13484
25,118,FALSE,18.04357,2.12008
25,120,FALSE,34.11768,2.02678
25,121,FALSE,5.13608,3.12377
25,122,FALSE,5.08643,1.09441
25,123,FALSE,6.06587,2.14046
25,124,FALSE,37.13868,2.05533
25,125,FALSE,34.14068,35.03878
25,126,FALSE,30.12596,35.04936
25,127,FALSE,24.01051,6.01996
25,128,FALSE,30.04853,6.01882
25,129,FALSE,30.14664,6.1351
25,130,FALSE,35.14205,35.14272
25,131,FALSE,5.13842,4.08975
25,133,FALSE,5.11608,3.05159
25,134,FALSE,5.11917,4.08445
25,135,FALSE,4.14174,6.01973
25,136,FALSE,4.09703,4.02676
25,137,TRUE,5.03412,1
25,139,FALSE,5.04899,5.06134
25,140,FALSE,3.11092,4.07391
25,141,FALSE,2.07908,6.14462
25,142,FALSE,3.07497,3.04631
25,143,FALSE,5.10838,1.05411
25,144,FALSE,5.04826,4.11673
25,145,TRUE,30.04365,1
25,146,TRUE,1,1
25,147,FALSE,1,2.11614
25,148,TRUE,1,1
25,149,TRUE,18.01526,1
25,150,FALSE,1,35.12428
25,151,TRUE,1.09453,1
25,153,FALSE,6.07268,6.09236
25,154,FALSE,28.14666,6.04205
25,155,FALSE,23.12714,4.09537
25,156,FALSE,5.14714,6.00799
25,157,FALSE,5.11794,1.03554
25,158,FALSE,18.04567,4.03831
25,159,FALSE,23.08513,1.10018
25,160,FALSE,23.11719,4.04732
25,161,FALSE,18.00373,4.11336
25,162,FALSE,29.13899,34.00452
25,164,FALSE,37.04597,5.0498
25,165,FALSE,6.08966,35.14576
25,166,FALSE,30.08011,35.10593
25,167,FALSE,5.08497,6.10319
25,168,FALSE,1,35.14192
25,169,FALSE,30.06571,35.12149
25,173,FALSE,29.10146,6.01116
25,175,FALSE,3.0492,3.08572
25,176,FALSE,5.1047,5.02814
25,177,FALSE,30.08623,6.04102
25,178,FALSE,35.01697,34.00438
25,179,FALSE,34.05459,6.13739
25,180,FALSE,28.08465,28.11662
25,181,FALSE,35.02474,33.05542
25,182,FALSE,10.13545,6.10196
25,183,FALSE,35.12192,6.09671
25,184,FALSE,37.02237,6.11876
25,185,FALSE,28.09034,6.13568
25,186,FALSE,37.04107,6.03403
25,188,FALSE,30.11061,2.11288
25,189,FALSE,34.12348,34.14099
25,190,FALSE,23.10598,6.06994
25,191,FALSE,30.13263,6.0317
25,192,FALSE,25.07546,6.1067
25,193,FALSE,35.05806,36.03285
25,194,FALSE,25.13823,6.09472
25,195,FALSE,28.12019,6.04358
25,197,FALSE,29.14339,2.07525
25,198,FALSE,25.07044,6.00522
25,199,FALSE,30.12795,23.05865
25,200,FALSE,6.03778,6.08038
25,201,FALSE,5.12172,6.09019
25,202,FALSE,37.01639,37.01995
25,203,FALSE,30.14472,30.10582
25,204,FALSE,30.07747,4.04521
25,206,FALSE,30.01831,2.01172
25,207,FALSE,28.13455,6.09954
25,208,FALSE,5.09333,5.03049
25,209,FALSE,28.02185,28.02976
25,210,FALSE,28.08542,28.13444
25,211,FALSE,28.01453,33.11533
25,212,FALSE,4.14705,5.02393
25,213,FALSE,13.06605,5.14094
25,216,FALSE,28.05475,6.10608
25,217,FALSE,29.07031,6.13826
25,218,FALSE,30.12991,6.05751
25,219,FALSE,25.08268,6.13627
25,222,FALSE,28.11176,5.1419
25,225,FALSE,33.05344,33.0601
25,226,FALSE,35.13938,6.09883
25,227,FALSE,37.05061,34.03673
25,229,FALSE,33.1064,33.10511
25,230,FALSE,33.07427,33.06001
25,233,FALSE,30.10039,6.0052
25,234,FALSE,30.10749,33.00128
25,235,FALSE,30.14054,33.02342
25,236,FALSE,4.11831,4.02119
25,237,FALSE,5.13729,6.06536
25,242,FALSE,24.14152,4.02336
25,243,FALSE,6.08406,6.09797
25,251,FALSE,34.04832,34.06382
25,252,FALSE,28.13775,6.09888
25,253,FALSE,30.05701,4.08326
25,254,FALSE,4.01203,1.10173
25,255,FALSE,13.08982,3.09796
25,256,FALSE,30.06808,2.11947
25,257,FALSE,20.03521,4.05368
25,258,FALSE,18.06868,5.14212
25,259,FALSE,5.13214,33.05513
25,260,FALSE,5.07939,5.01795
25,262,FALSE,36.08719,1.02216
25,263,FALSE,6.01662,3.07315
25,264,FALSE,29.06149,6.13934
25,265,FALSE,6.03989,5.10993
25,270,FALSE,6.03149,33.03636
25,271,FALSE,28.11089,6.03127
25,272,FALSE,5.12776,6.1065
25,273,FALSE,5.13984,6.07207
25,274,FALSE,5.11844,6.01872
25,275,FALSE,6.09943,33.1037
25,280,FALSE,5.10016,3.12369
25,289,FALSE,29.02451,5.14716
25,290,FALSE,6.11332,6.09379
25,291,FALSE,6.13282,6.14636
25,292,FALSE,6.06782,5.09845
25,293,FALSE,30.10849,15.08002
25,294,FALSE,30.00026,10.00092
25,295,FALSE,36.09581,25.02558
25,296,FALSE,4.04523,20.00578
25,297,FALSE,35.04033,6.04452
25,298,FALSE,33.03899,2.08579
25,299,FALSE,34.03915,6.06337
25,300,FALSE,33.11901,4.04353
25,301,FALSE,33.09242,4.08876
25,302,FALSE,35.1454,5.04838
25,303,FALSE,33.08067,33.09626
25,308,FALSE,31.07024,5.05959
25,317,FALSE,22.01205,4.05472
25,318,FALSE,36.0892,5.02667
25,319,FALSE,30.03437,5.09524
25,320,FALSE,27.11026,4.02295
25,321,FALSE,34.09782,3.02223
25,322,FALSE,18.00516,5.04565
25,323,FALSE,17.13801,2.00585
25,324,FALSE,23.06166,1.10718
25,325,FALSE,25.11285,4.11099
25,326,FALSE,28.06743,4.05915
25,328,FALSE,25.14435,5.10811
25,329,FALSE,31.03734,6.12478
25,330,FALSE,28.01869,6.08667
25,331,FALSE,20.09293,5.00907
25,332,FALSE,30.1084,5.11008
25,333,FALSE,30.09559,33.04617
25,334,FALSE,6.06796,6.10283
25,335,FALSE,30.06927,5.08885
25,336,FALSE,30.06699,5.14252
25,337,FALSE,25.11665,6.03873
25,339,FALSE,28.06008,5.03828
25,340,TRUE,1.09345,1
25,341,TRUE,25.06855,1
25,342,FALSE,5.00591,36.01328
25,343,TRUE,1,1
25,346,FALSE,27.09127,6.03103
25,347,FALSE,33.1274,6.09878
25,348,FALSE,27.13142,6.03632
25,349,FALSE,25.00791,2.11829
25,350,FALSE,29.14571,28.11012
25,351,FALSE,25.068,6.1061
25,352,FALSE,34.09854,6.05917
25,353,FALSE,37.06074,34.06591
25,354,FALSE,34.10956,34.14438
25,355,FALSE,23.08303,5.08951
25,357,FALSE,29.05228,5.11624
25,358,FALSE,28.10691,6.03389
25,359,FALSE,32.04766,6.02248
25,361,FALSE,25.1251,6.05918
25,363,FALSE,35.09474,35.09906
25,364,FALSE,35.06261,35.10599
25,365,FALSE,23.01333,3.01247
25,366,FALSE,5.11203,5.09727
25,367,FALSE,35.04911,35.05877
25,370,FALSE,28.08057,6.06102
25,371,FALSE,33.0212,6.13913
25,372,FALSE,33.11369,6.14148
25,373,FALSE,6.12354,6.07547
25,374,FALSE,37.09495,1.11325
25,375,FALSE,4.06731,5.11676
25,376,FALSE,5.00465,6.05943
25,377,FALSE,1,2.10531
25,378,FALSE,28.03541,33.08402
25,379,FALSE,5.10218,28.0893
25,380,FALSE,33.1043,34.03824
25,381,FALSE,5.14319,6.06434
25,383,FALSE,30.0567,5.0045
25,384,FALSE,28.0526,6.13936
25,385,FALSE,25.14164,2.08274
25,386,FALSE,27.07125,1.07396
25,387,FALSE,34.02255,2.0938
25,388,FALSE,5.14496,2.10382
25,389,FALSE,7.07518,2.00334
25,390,FALSE,27.02447,3.12422
25,391,FALSE,23.05268,5.02433
25,394,FALSE,30.05675,5.02467
25,395,FALSE,2.09865,35.07042
25,396,FALSE,3.02751,35.06067
25,397,FALSE,4.12568,35.10366
25,398,FALSE,33.01865,35.08242
25,403,FALSE,19.08384,6.06657
25,404,FALSE,34.06514,35.03549
25,405,FALSE,5.08929,35.06135
25,406,FALSE,1,4.06301
25,407,FALSE,28.12258,29.032
25,408,TRUE,4.08853,1
25,412,FALSE,34.12872,10.06687
25,413,FALSE,25.09098,20.0296
25,414,FALSE,31.00731,10.07714
25,415,FALSE,28.05429,30.13637
25,416,FALSE,20.1432,33.03386
25,417,FALSE,28.09061,6.13791
25,418,FALSE,35.02619,35.02623
25,419,FALSE,33.01005,33.11241
25,420,FALSE,33.04502,33.06089
25,421,FALSE,33.12796,33.14546
25,422,FALSE,30.10622,28.06957
25,423,FALSE,23.13334,6.09688
25,425,FALSE,37.03761,6.06457
25,426,FALSE,33.12756,6.05852
25,427,FALSE,6.12912,6.12262
25,428,FALSE,33.12075,33.08314
25,429,FALSE,28.0302,33.07414
26,1,FALSE,23.06717,6.07088
26,3,FALSE,4.00949,4.13763
26,5,FALSE,37.11541,6.00417
26,6,FALSE,33.01812,5.1246
26,7,FALSE,1,4.10952
26,9,FALSE,5.14351,4.00239
26,10,FALSE,4.13689,5.09504
26,11,FALSE,1,6.09679
26,13,FALSE,6.08591,6.07291
26,17,FALSE,28.0603,6.02287
26,18,FALSE,6.03719,6.04588
26,19,TRUE,33.04601,1
26,21,FALSE,29.09824,6.05864
26,22,FALSE,6.12474,6.0982
26,25,FALSE,19.13062,6.01822
26,29,FALSE,5.11932,2.13175
26,30,FALSE,6.13652,6.06481
26,69,FALSE,24.04995,2.04715
26,70,FALSE,23.05348,28.06592
26,71,FALSE,6.04936,6.06073
26,72,FALSE,33.07323,33.1097
26,73,FALSE,28.1027,28.12064
26,74,FALSE,33.03084,33.07182
26,75,FALSE,33.11757,34.02247
26,76,FALSE,28.01369,6.06571
26,77,FALSE,6.13141,18.12045
26,78,FALSE,23.07681,6.03453
26,79,FALSE,6.06485,6.07175
26,82,FALSE,29.12411,6.00097
26,83,FALSE,18.11526,3.00427
26,84,FALSE,1,33.02495
26,85,TRUE,2.01541,1
26,86,TRUE,29.07933,1
26,91,FALSE,5.11797,5.08614
26,92,FALSE,6.07515,6.07528
26,93,FALSE,23.04793,6.12702
26,95,FALSE,5.1163,4.10861
26,98,FALSE,30.04717,5.06646
26,99,FALSE,34.14187,22.00401
26,100,FALSE,35.00934,6.03176
26,101,FALSE,23.06991,3.03958
26,103,FALSE,25.0574,6.08253
26,104,FALSE,30.07763,6.06816
26,106,FALSE,28.08392,3.09162
26,107,FALSE,26.06763,4.07868
26,109,FALSE,34.03412,6.1369
26,110,FALSE,28.11407,6.07407
26,111,FALSE,33.04419,3.00386
26,112,FALSE,22.12712,3.07242
26,113,FALSE,28.12585,5.1003
26,114,FALSE,5.0612,2.02313
26,115,FALSE,5.14347,6.04691
26,116,FALSE,28.09574,3.05494
26,117,FALSE,5.12546,4.04637
26,118,FALSE,18.13324,2.05186
26,120,FALSE,34.13879,2.10115
26,121,FALSE,5.12082,3.02865
26,122,FALSE,5.12176,2.02857
26,123,FALSE,6.06864,2.04187
26,124,FALSE,37.06029,2.05841
26,125,FALSE,34.00978,35.00391
26,126,FALSE,30.10991,35.06125
26,127,FALSE,24.11551,6.05462
26,128,FALSE,30.0755,6.12942
26,129,FALSE,30.06478,6.06856
26,130,FALSE,35.02914,35.10388
26,131,FALSE,5.13507,4.06431
26,133,FALSE,5.14455,3.00623
26,134,FALSE,5.02295,4.05266
26,135,FALSE,4.04694,4.14322
26,136,FALSE,4.07554,4.10718
26,137,FALSE,5.09126,4.11121
26,139,FALSE,5.03834,5.05547
26,140,FALSE,3.03117,4.01956
26,141,FALSE,2.03558,6.03685
26,142,FALSE,3.0762,3.03813
26,143,FALSE,5.06754,1.06005
26,144,FALSE,5.07225,4.09921
26,145,FALSE,1,30.07878
26,146,TRUE,1,1
26,147,FALSE,1,2.02201
26,148,TRUE,1,1
26,149,TRUE,18.09132,1
26,150,FALSE,1,35.01506
26,151,TRUE,1.00312,1
26,153,FALSE,6.10979,6.11506
26,154,FALSE,23.12097,6.02859
26,155,FALSE,23.0947,4.11326
26,156,FALSE,5.13707,6.01248
26,157,FALSE,5.14087,1.08866
26,158,FALSE,18.08055,4.09293
26,159,FALSE,23.03549,1.00347
26,160,FALSE,23.0831,4.03136
26,161,FALSE,18.05003,4.13366
26,162,FALSE,29.09833,34.03051
26,164,FALSE,37.05598,5.00628
26,165,FALSE,6.13203,35.06241
26,166,FALSE,30.11765,35.06281
26,167,FALSE,5.08459,6.11279
26,168,FALSE,1,35.10516
26,169,FALSE,30.06999,35.0426
26,173,FALSE,29.09481,6.01356
26,175,FALSE,4.13186,3.07877
26,176,FALSE,5.07688,5.03199
26,177,FALSE,30.13003,6.10826
26,178,FALSE,35.02697,34.00025
26,179,FALSE,34.0869,6.14177
26,180,FALSE,28.02049,28.11361
26,181,FALSE,35.04045,33.06058
26,182,FALSE,10.0462,6.12301
26,183,FALSE,35.04686,6.08146
26,184,FALSE,37.12413,6.03369
26,185,FALSE,28.03744,6.12159
26,186,FALSE,37.11373,6.03196
26,188,FALSE,30.11197,2.09453
26,189,FALSE,34.0716,34.12824
26,190,FALSE,23.03709,6.12108
26,191,FALSE,30.11769,6.08203
26,192,FALSE,25.01849,6.0643
26,193,FALSE,35.04678,36.04827
26,194,FALSE,25.06216,6.06049
26,195,FALSE,28.03585,6.0866
26,197,FALSE,30.11647,2.06359
26,198,FALSE,25.12209,6.04199
26,199,FALSE,30.09907,6.094
26,200,FALSE,6.0811,6.14482
26,201,FALSE,5.14478,6.07506
26,202,FALSE,37.07535,37.07611
26,203,FALSE,30.14429,30.07724
26,204,FALSE,30.021,4.10729
26,206,FALSE,30.07969,2.08371
26,207,FALSE,28.11459,6.10409
26,208,FALSE,5.1368,5.08354
26,209,FALSE,28.12013,28.04322
26,210,FALSE,28.11138,28.10992
26,211,FALSE,28.11293,33.00972
26,212,FALSE,4.13642,5.03168
26,213,FALSE,13.06883,5.13816
26,216,FALSE,28.09194,6.10749
26,217,FALSE,29.09514,6.13264
26,218,FALSE,30.10906,6.1133
26,219,FALSE,25.06589,6.12972
26,222,FALSE,28.11406,5.14372
26,225,FALSE,33.12478,33.13337
26,226,FALSE,35.04315,6.08784
26,227,FALSE,37.03806,34.02216
26,229,FALSE,33.11904,33.07119
26,230,FALSE,33.1274,33.05024
26,233,FALSE,30.07052,6.02521
26,234,FALSE,30.04962,33.02106
26,235,FALSE,30.06572,33.09079
26,236,FALSE,4.13173,4.0328
26,237,FALSE,5.13754,6.10784
26,242,FALSE,24.09945,4.05755
26,243,FALSE,6.0573,6.08807
26,251,FALSE,34.06506,34.10376
26,252,FALSE,28.01349,6.08564
26,253,FALSE,30.07941,4.06232
26,254,FALSE,4.14607,1.0523
26,255,FALSE,13.03374,3.00351
26,256,FALSE,30.0283,2.03946
26,257,FALSE,20.13702,4.01858
26,258,FALSE,18.01997,5.11066
26,259,FALSE,5.13996,33.1345
26,260,FALSE,5.14718,5.00015
26,262,FALSE,36.14364,1.024
26,263,FALSE,6.00562,3.00182
26,264,FALSE,29.01573,6.14051
26,265,FALSE,6.13492,5.1433
26,270,FALSE,6.11454,33.02005
26,271,FALSE,28.02596,6.06473
26,272,FALSE,5.12586,6.07517
26,273,FALSE,5.02029,6.02607
26,274,FALSE,5.08391,6.00072
26,275,FALSE,6.00867,33.03455
26,280,FALSE,5.13163,3.0468
26,289,FALSE,29.06003,5.14616
26,290,FALSE,6.11718,6.11908
26,291,FALSE,6.13907,6.14634
26,292,FALSE,6.12414,5.08232
26,293,FALSE,30.12603,15.0039
26,294,FALSE,6.08486,10.01497
26,295,FALSE,36.13555,25.07139
26,296,FALSE,4.07684,20.01961
26,297,FALSE,35.06459,6.02384
26,298,FALSE,33.01475,1.05966
26,299,FALSE,34.09918,6.05986
26,300,FALSE,33.04053,4.10036
26,301,FALSE,33.08958,4.12374
26,302,FALSE,35.09952,5.05459
26,303,FALSE,33.03899,5.00209
26,308,FALSE,31.06976,3.02781
26,317,FALSE,22.01503,4.00197
26,318,FALSE,36.09097,6.01806
26,319,FALSE,30.13905,5.11884
26,320,FALSE,27.07199,4.13543
26,321,FALSE,34.06926,4.03927
26,322,FALSE,18.12001,5.07329
26,323,FALSE,17.00722,3.04012
26,324,FALSE,23.03654,2.11108
26,325,FALSE,25.04675,4.11159
26,326,FALSE,18.06526,3.06831
26,328,FALSE,25.08657,5.0494
26,329,FALSE,31.00616,20.13795
26,330,FALSE,30.03868,6.01183
26,331,FALSE,20.13514,5.07273
26,332,FALSE,30.04312,5.08479
26,333,FALSE,30.09666,33.04001
26,334,FALSE,6.14128,6.06833
26,335,FALSE,30.14628,5.11905
26,336,FALSE,30.03045,3.12206
26,337,FALSE,25.13917,6.01962
26,339,FALSE,28.05357,5.13101
26,340,TRUE,1.12318,1
26,341,TRUE,25.13562,1
26,342,FALSE,5.04966,36.0937
26,343,TRUE,1,1
26,346,FALSE,27.03262,6.01447
26,347,FALSE,33.06113,6.07951
26,348,FALSE,27.10878,6.04342
26,349,FALSE,25.09243,4.14005
26,350,FALSE,29.07472,6.13024
26,351,FALSE,25.09212,6.12701
26,352,FALSE,34.02987,6.05762
26,353,FALSE,37.08619,34.03285
26,354,FALSE,34.05373,34.13481
26,355,FALSE,23.01148,4.01631
26,357,FALSE,29.14585,5.07998
26,358,FALSE,28.01294,6.09218
26,359,FALSE,32.04385,6.03322
26,361,FALSE,25.0498,6.0387
26,363,FALSE,35.07192,35.11787
26,364,FALSE,35.09111,35.12767
26,365,FALSE,23.04418,3.11221
26,366,FALSE,5.11321,5.11604
26,367,FALSE,35.04072,35.09171
26,370,FALSE,28.06539,6.09692
26,371,FALSE,33.09708,6.128
26,372,FALSE,33.08917,6.14344
26,373,FALSE,6.06889,6.01652
26,374,FALSE,37.12364,1.00992
26,375,FALSE,4.03076,5.12856
26,376,FALSE,5.1387,6.03189
26,377,FALSE,2.05501,6.09008
26,378,FALSE,28.0099,33.13187
26,379,FALSE,5.09719,28.0452
26,380,FALSE,33.12694,34.096
26,381,FALSE,5.02209,6.00857
26,383,FALSE,28.14088,5.08823
26,384,FALSE,28.04206,6.13256
26,385,FALSE,25.12213,3.0957
26,386,FALSE,27.04168,1.06822
26,387,FALSE,34.05984,1.10011
26,388,FALSE,5.07938,2.08572
26,389,FALSE,7.00205,2.03937
26,390,FALSE,27.11309,3.05256
26,391,FALSE,23.09657,2.12436
26,394,FALSE,30.07997,5.11018
26,395,FALSE,2.03302,35.13626
26,396,FALSE,3.06984,35.05794
26,397,FALSE,4.04818,35.01241
26,398,FALSE,33.13898,35.10961
26,403,FALSE,19.02114,6.08191
26,404,FALSE,34.08671,35.10742
26,405,FALSE,5.11814,35.09602
26,406,FALSE,4.06502,6.00799
26,407,FALSE,28.08465,29.08302
26,408,TRUE,4.01638,1
26,412,FALSE,34.04055,10.06117
26,413,FALSE,25.00285,20.00359
26,414,FALSE,31.03804,10.06964
26,415,FALSE,28.07068,30.11498
26,416,FALSE,20.07947,33.10097
26,417,FALSE,28.08304,6.12772
26,418,FALSE,35.03781,35.05042
26,419,FALSE,33.07144,33.09531
26,420,FALSE,33.01924,33.08802
26,421,FALSE,33.12633,33.13828
26,422,FALSE,30.11226,28.10262
26,423,FALSE,23.11412,6.05836
26,425,FALSE,37.05504,5.06772
26,426,FALSE,33.12161,6.0536
26,427,FALSE,6.12339,6.04724
26,428,FALSE,33.14311,33.04963
26,429,FALSE,28.05903,33.05507
27,1,FALSE,23.11786,6.07199
27,3,FALSE,4.0508,4.0893
27,5,FALSE,37.06051,6.02505
27,6,FALSE,33.03659,5.1142
27,7,FALSE,1,4.0652
27,9,FALSE,5.12411,4.11454
27,10,FALSE,4.04421,5.10566
27,11,FALSE,1,6.14648
27,13,FALSE,6.12096,6.12996
27,17,FALSE,28.09712,6.01756
27,18,FALSE,6.03972,6.05372
27,19,TRUE,33.02946,1
27,21,FALSE,29.00131,6.03021
27,22,FALSE,6.11013,6.12705
27,25,FALSE,19.06712,6.00119
27,29,FALSE,5.10301,2.14307
27,30,FALSE,6.14706,6.09805
27,69,FALSE,24.0728,2.10424
27,70,FALSE,23.09323,28.05919
27,71,FALSE,28.03082,6.04478
27,72,FALSE,33.05464,33.11675
27,73,FALSE,28.02244,28.04762
27,74,FALSE,33.05416,33.05627
27,75,FALSE,33.14522,34.01089
27,76,FALSE,28.0686,6.13266
27,77,FALSE,6.09378,18.04987
27,78,FALSE,29.09042,6.03598
27,79,FALSE,6.05793,6.07013
27,82,FALSE,29.03864,6.0674
27,83,FALSE,18.08309,3.06667
27,84,FALSE,1,33.01199
27,85,TRUE,2.11969,1
27,86,TRUE,29.10564,1
27,91,FALSE,5.1324,5.07603
27,92,FALSE,28.04,6.05689
27,93,FALSE,23.01871,6.128
27,95,FALSE,5.01048,4.11568
27,98,FALSE,30.11614,5.12688
27,99,FALSE,34.12952,22.054
27,100,FALSE,35.00794,6.0951
27,101,FALSE,23.10355,3.00536
27,103,FALSE,25.14422,6.14651
27,104,FALSE,30.07745,6.00863
27,106,FALSE,28.08342,3.07809
27,107,FALSE,26.06089,4.04885
27,109,FALSE,34.02559,6.11419
27,110,FALSE,28.02785,6.06367
27,111,FALSE,33.07426,3.12053
27,112,FALSE,22.06386,3.06031
27,113,FALSE,28.09278,5.12722
27,114,FALSE,5.12073,2.00639
27,115,FALSE,5.10168,6.04202
27,116,FALSE,28.133,3.10228
27,117,FALSE,5.0446,4.09655
27,118,FALSE,18.13564,2.09804
27,120,FALSE,34.03955,2.09361
27,121,FALSE,5.05852,2.07863
27,122,FALSE,5.12523,2.10376
27,123,FALSE,6.02495,2.0761
27,124,FALSE,37.06551,2.12338
27,125,FALSE,34.01763,35.01213
27,126,FALSE,30.04671,35.08512
27,127,FALSE,24.13929,6.06422
27,128,FALSE,30.00766,4.12068
27,129,FALSE,30.04561,6.13547
27,130,FALSE,35.12989,35.1377
27,131,FALSE,5.10491,4.09865
27,133,FALSE,5.11674,3.13879
27,134,FALSE,5.10212,4.01582
27,135,FALSE,4.02435,6.02063
27,136,FALSE,4.12658,4.06822
27,137,FALSE,5.1118,4.0811
27,139,FALSE,5.07581,5.12156
27,140,FALSE,3.04764,4.03028
27,141,FALSE,2.00174,6.0588
27,142,FALSE,3.12132,3.08073
27,143,FALSE,5.08687,1.11182
27,144,FALSE,5.13889,4.06604
27,145,FALSE,1,30.07817
27,146,TRUE,1,1
27,147,FALSE,1,2.09682
27,148,TRUE,1,1
27,149,TRUE,18.11398,1
27,150,FALSE,1,35.11298
27,151,TRUE,1.05609,1
27,153,FALSE,6.08017,6.10319
27,154,FALSE,23.01132,6.02231
27,155,FALSE,37.11645,4.02227
27,156,FALSE,28.14258,5.1138
27,157,FALSE,5.12215,2.03681
27,158,FALSE,18.09479,4.04698
27,159,FALSE,23.10305,3.0214
27,160,FALSE,23.03702,4.13141
27,161,FALSE,18.14209,4.06364
27,162,FALSE,29.12382,34.14548
27,164,FALSE,37.04393,5.115
27,165,FALSE,6.07164,35.05134
27,166,FALSE,30.14583,35.01451
27,167,FALSE,5.12141,6.01692
27,168,FALSE,1,35.07657
27,169,FALSE,30.00912,35.13827
27,173,FALSE,29.03835,6.01989
27,175,FALSE,3.07682,3.06504
27,176,FALSE,5.13802,5.11577
27,177,FALSE,30.02307,6.08245
27,178,FALSE,35.01874,34.00706
27,179,FALSE,34.00682,6.1357
27,180,FALSE,28.09332,28.11103
27,181,FALSE,35.03813,33.1001
27,182,FALSE,25.04947,6.11543
27,183,FALSE,35.03292,6.10956
27,184,FALSE,37.06001,6.10715
27,185,FALSE,28.04498,6.11798
27,186,FALSE,37.12389,6.1068
27,188,FALSE,30.13262,1.10279
27,189,FALSE,34.09126,34.11847
27,190,FALSE,23.04308,6.11924
27,191,FALSE,30.06049,6.05107
27,192,FALSE,25.0389,6.09911
27,193,FALSE,35.05894,36.01679
27,194,FALSE,25.12807,6.08729
27,195,FALSE,28.07103,6.05922
27,197,FALSE,30.14317,2.09799
27,198,FALSE,25.13582,6.01825
27,199,FALSE,30.13387,6.10162
27,200,FALSE,6.06516,6.08688
27,201,FALSE,5.12953,6.12491
27,202,FALSE,37.03392,37.10918
27,203,FALSE,30.11579,30.01753
27,204,FALSE,30.09047,4.0552
27,206,FALSE,30.02078,2.01964
27,207,FALSE,28.12167,6.11115
27,208,FALSE,5.1136,5.07467
27,209,FALSE,28.01192,28.07125
27,210,FALSE,28.12228,28.09243
27,211,FALSE,28.08141,33.02941
27,212,FALSE,5.06683,4.09695
27,213,FALSE,13.08282,5.09586
27,216,FALSE,28.12693,6.08163
27,217,FALSE,29.09091,6.14329
27,218,FALSE,30.12129,6.11807
27,219,FALSE,25.01344,6.12695
27,222,FALSE,28.09448,5.14488
27,225,FALSE,33.03326,33.10306
27,226,FALSE,35.01234,6.10606
27,227,FALSE,37.03674,34.1306
27,229,FALSE,33.11537,33.10738
27,230,FALSE,33.04531,33.02625
27,233,FALSE,30.1252,6.00707
27,234,FALSE,30.01394,33.02384
27,235,FALSE,30.11475,33.05572
27,236,FALSE,4.07421,4.02867
27,237,FALSE,5.0983,6.11294
27,242,FALSE,24.13998,4.0729
27,243,FALSE,6.1085,6.14086
27,251,FALSE,34.05938,34.08274
27,252,FALSE,28.08735,6.13016
27,253,FALSE,30.06682,4.00629
27,254,FALSE,4.13534,1.08343
27,255,FALSE,13.1451,3.06184
27,256,FALSE,30.04521,2.02529
27,257,FALSE,20.08156,4.05804
27,258,FALSE,18.03722,1.00186
27,259,FALSE,5.1117,33.12476
27,260,FALSE,5.02552,5.1473
27,262,FALSE,36.04182,1.05495
27,263,FALSE,6.02467,3.04583
27,264,FALSE,29.08424,6.07959
27,265,FALSE,6.06503,5.12085
27,270,FALSE,6.10795,33.09596
27,271,FALSE,28.03636,6.08737
27,272,FALSE,5.03627,6.08069
27,273,FALSE,5.13644,6.08476
27,274,FALSE,5.11442,6.00787
27,275,FALSE,6.01482,33.01326
27,280,FALSE,5.05918,3.01219
27,289,FALSE,28.03364,5.1197
27,290,FALSE,6.12924,6.10025
27,291,FALSE,6.12783,6.13721
27,292,FALSE,6.06678,5.11688
27,293,FALSE,30.14615,15.08632
27,294,FALSE,10.00026,10.04227
27,295,FALSE,36.08445,25.00323
27,296,FALSE,4.13637,20.00795
27,297,FALSE,35.03037,6.04142
27,298,FALSE,33.11415,2.10516
27,299,FALSE,34.02844,6.08327
27,300,FALSE,33.13614,6.0514
27,301,FALSE,33.10558,4.10984
27,302,FALSE,35.09578,5.02951
27,303,FALSE,33.13621,5.1311
27,308,FALSE,31.02432,3.01317
27,317,FALSE,22.01104,4.05856
27,318,FALSE,36.02947,4.12151
27,319,FALSE,30.07195,5.13324
27,320,FALSE,27.00824,4.14694
27,321,FALSE,34.11571,3.05977
27,322,FALSE,18.00492,5.03691
27,323,FALSE,17.02409,3.02304
27,324,FALSE,23.07055,2.0505
27,325,FALSE,25.14635,4.12242
27,326,FALSE,18.07887,3.03303
27,328,FALSE,25.07963,5.14469
27,329,FALSE,31.00704,24.12368
27,330,FALSE,30.05356,6.03939
27,331,FALSE,20.09704,5.081
27,332,FALSE,30.11129,6.10499
27,333,FALSE,30.08272,33.04434
27,334,FALSE,6.05716,6.06774
27,335,FALSE,30.07864,5.0856
27,336,FALSE,30.0282,5.12363
27,337,FALSE,25.12165,6.05958
27,339,FALSE,28.14068,5.10112
27,340,TRUE,1.10042,1
27,341,TRUE,25.0048,1
27,342,FALSE,5.12668,36.07514
27,343,TRUE,1,1
27,346,FALSE,27.00085,6.03851
27,347,FALSE,33.05981,6.11565
27,348,FALSE,27.0609,6.02102
27,349,FALSE,25.02648,2.01859
27,350,FALSE,29.06317,28.08868
27,351,FALSE,25.03264,6.07118
27,352,FALSE,34.06773,6.08753
27,353,FALSE,37.10572,34.02751
27,354,FALSE,34.08865,34.0993
27,355,FALSE,23.14177,5.04742
27,357,FALSE,29.1364,5.08401
27,358,FALSE,28.10268,6.03034
27,359,FALSE,32.10194,6.03293
27,361,FALSE,25.14212,6.04171
27,363,FALSE,35.11463,35.12041
27,364,FALSE,35.04396,35.05401
27,365,FALSE,23.04795,3.0958
27,366,FALSE,5.11213,5.11036
27,367,FALSE,35.00257,35.00857
27,370,FALSE,28.10078,6.07896
27,371,FALSE,33.00351,6.13786
27,372,FALSE,33.11939,6.14682
27,373,FALSE,6.12625,6.04862
27,374,FALSE,37.08022,1.04859
27,375,FALSE,23.06616,5.05373
27,376,FALSE,5.14063,6.10282
27,377,FALSE,2.10762,6.10647
27,378,FALSE,28.1309,33.03731
27,379,FALSE,5.10849,28.13421
27,380,FALSE,33.01033,34.02831
27,381,FALSE,5.02905,6.03765
27,383,FALSE,28.08461,5.04423
27,384,FALSE,28.02744,6.12884
27,385,FALSE,25.1458,3.03355
27,386,FALSE,27.05586,1.14473
27,387,FALSE,34.0549,2.12603
27,388,FALSE,5.11201,2.09098
27,389,FALSE,7.05834,2.11143
27,390,FALSE,27.02248,3.02757
27,391,FALSE,23.01183,2.09073
27,394,FALSE,30.12558,5.12967
27,395,FALSE,2.05003,35.05972
27,396,FALSE,3.11079,35.01286
27,397,FALSE,4.05421,35.09889
27,398,FALSE,33.05426,35.01963
27,403,FALSE,19.13743,6.01893
27,404,FALSE,34.13363,35.07406
27,405,FALSE,5.12089,35.10248
27,406,FALSE,4.11128,6.02813
27,407,FALSE,28.06941,29.02531
27,408,TRUE,4.07487,1
27,412,FALSE,34.14004,10.0994
27,413,FALSE,25.13289,20.0864
27,414,FALSE,31.05375,10.01985
27,415,FALSE,28.10521,30.08051
27,416,FALSE,20.02787,33.07951
27,417,FALSE,28.0628,6.14295
27,418,FALSE,35.08326,35.08611
27,419,FALSE,33.03131,33.05074
27,420,FALSE,33.08269,33.13652
27,421,FALSE,33.01929,33.08585
27,422,FALSE,30.05434,28.12399
27,423,FALSE,23.11264,6.09364
27,425,FALSE,37.03053,6.04377
27,426,FALSE,33.13337,6.04768
27,427,FALSE,6.13257,6.11025
27,428,FALSE,33.11338,33.1284
27,429,FALSE,28.09255,33.1371
28,1,FALSE,23.02223,6.05627
28,3,FALSE,4.0207,4.13078
28,5,FALSE,37.14089,6.04448
28,6,FALSE,33.05701,5.12505
28,7,FALSE,1,4.00025
28,9,FALSE,5.13797,4.10541
28,10,FALSE,4.05747,5.13946
28,11,FALSE,1,6.10639
28,13,FALSE,6.09172,6.10725
28,17,FALSE,28.09874,6.03177
28,18,FALSE,6.01944,6.0089
28,19,TRUE,33.004,1
28,21,FALSE,29.04105,6.05235
28,22,FALSE,6.10698,6.10065
28,25,FALSE,19.03412,6.00451
28,29,FALSE,5.11198,2.12646
28,30,FALSE,6.11778,6.12286
28,69,FALSE,24.0445,2.00548
28,70,FALSE,23.06703,28.08628
28,71,FALSE,6.11906,6.12057
28,72,FALSE,33.03295,33.03738
28,73,FALSE,28.04801,28.13425
28,74,FALSE,33.06448,33.07896
28,75,FALSE,33.12958,34.00986
28,76,FALSE,6.14367,6.14528
28,77,FALSE,6.1297,18.07544
28,78,FALSE,29.04671,6.02901
28,79,FALSE,6.08882,6.10125
28,82,FALSE,29.03987,6.02626
28,83,FALSE,18.11021,3.0902
28,84,FALSE,1,33.11662
28,85,TRUE,2.12464,1
28,86,TRUE,29.10713,1
28,91,FALSE,5.13491,5.0702
28,92,FALSE,6.07989,6.09035
28,93,FALSE,23.10052,6.12673
28,95,FALSE,5.04893,4.12887
28,98,FALSE,30.13714,5.13949
28,99,FALSE,34.11992,22.08805
28,100,FALSE,35.02191,6.08147
28,101,FALSE,23.01734,5.04646
28,103,FALSE,25.04892,6.07524
28,104,FALSE,30.12937,6.04603
28,106,FALSE,28.02532,3.1145
28,107,FALSE,26.053,4.01989
28,109,FALSE,34.07753,6.06776
28,110,FALSE,28.13216,6.08197
28,111,FALSE,33.02448,3.08584
28,112,FALSE,22.08246,3.05175
28,113,FALSE,28.11524,5.05525
28,114,FALSE,5.09453,2.10323
28,115,FALSE,5.11987,6.01782
28,116,FALSE,28.14705,3.02423
28,117,FALSE,5.14035,4.13837
28,118,FALSE,18.11682,2.00549
28,120,FALSE,34.12151,2.12273
28,121,FALSE,5.07472,3.02466
28,122,FALSE,5.14061,1.09683
28,123,FALSE,6.10934,2.08318
28,124,FALSE,37.12905,4.04504
28,125,FALSE,34.01814,35.11621
28,126,FALSE,30.1325,35.05161
28,127,FALSE,24.01686,6.00804
28,128,FALSE,30.10467,6.01801
28,129,FALSE,30.07926,6.1035
28,130,FALSE,35.09248,35.1143
28,131,FALSE,5.11617,4.11925
28,133,FALSE,5.12423,3.06663
28,134,FALSE,4.02649,4.02064
28,135,FALSE,4.02493,4.00909
28,136,FALSE,4.04288,4.00933
28,137,FALSE,5.08801,4.0078
28,139,FALSE,5.08262,5.07137
28,140,FALSE,3.10046,4.04717
28,141,FALSE,2.12676,6.09495
28,142,FALSE,3.13767,3.1144
28,143,FALSE,5.03118,1.06056
28,144,FALSE,31.03294,4.11679
28,145,FALSE,1,30.00478
28,146,TRUE,1,1
28,147,FALSE,1,2.10358
28,148,TRUE,1,1
28,149,TRUE,18.09224,1
28,150,FALSE,1,35.05344
28,151,TRUE,1.05511,1
28,153,FALSE,6.09137,6.10592
28,154,FALSE,28.00864,6.04687
28,155,FALSE,5.14083,4.11084
28,156,FALSE,28.01784,5.05946
28,157,FALSE,5.08283,1.13617
28,158,FALSE,18.14296,4.07638
28,159,FALSE,23.04396,1.05173
28,160,FALSE,23.12859,4.04104
28,161,FALSE,18.03103,4.1442
28,162,FALSE,29.1128,34.10593
28,164,FALSE,37.0156,5.00613
28,165,FALSE,6.0579,35.0222
28,166,FALSE,30.11596,35.09196
28,167,FALSE,5.06538,6.0148
28,168,FALSE,1,35.11458
28,169,FALSE,30.08435,35.00321
28,173,FALSE,29.02634,6.00272
28,175,FALSE,3.09594,3.12942
28,176,FALSE,5.00351,5.01195
28,177,FALSE,30.10368,6.06868
28,178,FALSE,35.0242,34.00597
28,179,FALSE,34.06161,6.13898
28,180,FALSE,28.14283,28.12805
28,181,FALSE,35.01111,33.11528
28,182,FALSE,10.04505,6.127
28,183,FALSE,35.1028,6.11702
28,184,FALSE,37.08053,6.03961
28,185,FALSE,28.08481,6.11899
28,186,FALSE,37.06706,6.0697
28,188,FALSE,37.10526,2.01038
28,189,FALSE,34.12298,34.138
28,190,FALSE,23.1101,6.06194
28,191,FALSE,30.07521,6.04748
28,192,FALSE,25.10837,6.11154
28,193,FALSE,35.08982,36.04064
28,194,FALSE,25.14132,6.07457
28,195,FALSE,28.02453,6.07581
28,197,FALSE,30.13109,2.01548
28,198,FALSE,25.03859,6.02708
28,199,FALSE,30.04226,6.06176
28,200,FALSE,6.03125,6.13461
28,201,FALSE,5.05795,6.07158
28,202,FALSE,37.03817,37.06299
28,203,FALSE,30.00805,30.04973
28,204,FALSE,30.00803,6.03445
28,206,FALSE,30.14045,2.12928
28,207,FALSE,28.12554,6.08933
28,208,FALSE,5.12466,5.10194
28,209,FALSE,28.09288,28.02783
28,210,FALSE,28.14368,28.00469
28,211,FALSE,28.09869,33.05181
28,212,FALSE,4.11932,5.06128
28,213,FALSE,13.02104,5.08575
28,216,FALSE,28.13737,6.09349
28,217,FALSE,29.10798,6.1358
28,218,FALSE,30.14413,6.10153
28,219,FALSE,25.02438,6.13981
28,222,FALSE,28.09566,5.09091
28,225,FALSE,33.12755,33.14195
28,226,FALSE,35.08709,6.0929
28,227,FALSE,37.00619,34.08744
28,229,FALSE,33.11368,33.06688
28,230,FALSE,33.09707,33.03719
28,233,FALSE,30.08818,6.05031
28,234,FALSE,30.14077,33.04764
28,235,FALSE,30.01697,33.07833
28,236,FALSE,4.05941,4.06042
28,237,FALSE,5.10663,6.00244
28,242,FALSE,24.02345,4.14401
28,243,FALSE,6.11123,6.13569
28,251,FALSE,34.12614,34.12876
28,252,FALSE,28.10576,6.12989
28,253,FALSE,30.01272,4.05983
28,254,FALSE,4.01584,1.14286
28,255,FALSE,13.0881,3.02744
28,256,FALSE,30.12919,2.13361
28,257,FALSE,20.11584,4.06948
28,258,FALSE,18.10414,5.11426
28,259,FALSE,5.03032,33.0935
28,260,FALSE,5.05345,5.05289
28,262,FALSE,36.10793,1.00518
28,263,FALSE,6.00918,3.07767
28,264,FALSE,29.02687,6.05864
28,265,FALSE,6.00141,5.10439
28,270,FALSE,6.12374,33.00647
28,271,FALSE,28.14654,6.13733
28,272,FALSE,5.11714,6.07162
28,273,FALSE,5.12999,6.00289
28,274,FALSE,5.09564,6.09497
28,275,FALSE,6.04497,33.09753
28,280,FALSE,5.0765,3.09165
28,289,FALSE,28.082,5.14079
28,290,FALSE,6.11974,6.11071
28,291,FALSE,6.14711,6.14393
28,292,FALSE,6.13528,5.05759
28,293,FALSE,31.13664,15.06865
28,294,FALSE,30.04251,10.09648
28,295,FALSE,36.09209,25.03841
28,296,FALSE,4.10727,20.11392
28,297,FALSE,35.03704,6.00522
28,298,FALSE,33.00008,1.09645
28,299,FALSE,34.06659,6.05068
28,300,FALSE,33.13828,4.11031
28,301,FALSE,33.03664,4.1076
28,302,FALSE,35.04544,5.02033
28,303,FALSE,33.00691,5.05064
28,308,FALSE,31.11322,5.03882
28,317,FALSE,22.04392,3.05179
28,318,FALSE,36.03418,6.02007
28,319,FALSE,30.08547,5.1349
28,320,FALSE,27.10096,4.13011
28,321,FALSE,34.13827,4.06705
28,322,FALSE,18.07423,5.06178
28,323,FALSE,17.07404,4.11382
28,324,FALSE,23.00154,2.03557
28,325,FALSE,25.0463,4.02004
28,326,FALSE,18.11712,4.06465
28,328,FALSE,25.12277,5.10834
28,329,FALSE,31.01826,6.14189
28,330,FALSE,28.06305,6.05166
28,331,FALSE,20.04868,5.05331
28,332,FALSE,30.0469,5.0723
28,333,FALSE,30.07625,33.02662
28,334,FALSE,6.10432,6.0515
28,335,FALSE,30.07325,5.11551
28,336,FALSE,30.14237,5.10546
28,337,FALSE,25.10561,6.01861
28,339,FALSE,28.02654,5.07227
28,340,TRUE,1.01263,1
28,341,TRUE,25.08014,1
28,342,FALSE,5.00111,36.02476
28,343,TRUE,1,1
28,346,FALSE,27.12556,6.01987
28,347,FALSE,33.0488,6.11826
28,348,FALSE,27.0074,6.03588
28,349,FALSE,25.04948,2.04014
28,350,FALSE,29.05129,6.14743
28,351,FALSE,25.01431,6.12689
28,352,FALSE,34.04362,6.07037
28,353,FALSE,37.09821,34.08039
28,354,FALSE,34.05405,34.10753
28,355,FALSE,23.05174,4.1071
28,357,FALSE,29.11566,5.07979
28,358,FALSE,28.13012,6.0287
28,359,FALSE,32.05275,6.00767
28,361,FALSE,25.10032,6.07187
28,363,FALSE,35.07963,35.09273
28,364,FALSE,35.0971,35.09862
28,365,FALSE,23.12545,3.07475
28,366,FALSE,5.08926,5.10845
28,367,FALSE,35.0212,35.04247
28,370,FALSE,28.09439,6.10484
28,371,FALSE,33.09839,6.11772
28,372,FALSE,33.11834,6.14634
28,373,FALSE,6.02212,6.05669
28,374,FALSE,37.14546,1.02057
28,375,FALSE,4.02917,5.05186
28,376,FALSE,5.11797,6.0717
28,377,FALSE,1,2.10693
28,378,FALSE,28.09624,33.08398
28,379,FALSE,5.12602,28.06813
28,380,FALSE,33.02611,34.00381
28,381,FALSE,5.13395,6.04191
28,383,FALSE,29.08608,5.01831
28,384,FALSE,30.05936,6.13615
28,385,FALSE,30.03996,2.13126
28,386,FALSE,27.02723,1.07734
28,387,FALSE,34.12587,1.02405
28,388,FALSE,5.1235,2.05471
28,389,FALSE,7.08174,2.1238
28,390,FALSE,27.13025,3.04343
28,391,FALSE,23.10132,2.09279
28,394,FALSE,30.11166,5.11487
28,395,FALSE,2.0362,35.08791
28,396,FALSE,3.09233,35.12857
28,397,FALSE,4.10579,35.12117
28,398,FALSE,33.06043,35.01269
28,403,FALSE,19.03943,6.06986
28,404,FALSE,34.06512,35.02108
28,405,FALSE,5.12002,35.0092
28,406,FALSE,4.056,6.03496
28,407,FALSE,28.10829,29.00052
28,408,TRUE,4.02629,1
28,412,FALSE,34.03381,10.07052
28,413,FALSE,30.13627,20.00962
28,414,FALSE,31.09917,10.13498
28,415,FALSE,28.10426,30.01118
28,416,FALSE,20.09231,33.03432
28,417,FALSE,23.01763,6.14577
28,418,FALSE,35.05416,35.05972
28,419,FALSE,33.03514,33.06744
28,420,FALSE,33.01101,33.01147
28,421,FALSE,33.03193,33.03413
28,422,FALSE,30.01475,28.07409
28,423,FALSE,23.14567,6.07331
28,425,FALSE,5.04117,6.03636
28,426,FALSE,33.119,6.06529
28,427,FALSE,6.13587,6.06974
28,428,FALSE,33.0696,33.09815
28,429,FALSE,28.08401,33.02067
29,1,FALSE,23.02016,6.06188
29,3,FALSE,4.09561,4.10662
29,5,FALSE,37.12028,6.00663
29,6,FALSE,33.10287,5.05992
29,7,FALSE,1,4.08955
29,9,FALSE,5.11446,5.00839
29,10,FALSE,4.09479,5.1366
29,11,FALSE,1,6.10097
29,13,FALSE,6.06012,6.05321
29,17,FALSE,29.06127,6.01512
29,18,FALSE,6.02778,6.04451
29,19,TRUE,33.04491,1
29,21,FALSE,29.03819,6.06536
29,22,FALSE,6.10702,6.11701
29,25,FALSE,19.10321,6.00213
29,29,FALSE,5.14007,4.032
29,30,FALSE,6.10261,6.05114
29,69,FALSE,24.11873,2.10207
29,70,FALSE,23.06991,28.0308
29,71,FALSE,28.03751,6.05031
29,72,FALSE,33.03868,33.11837
29,73,FALSE,28.06532,28.00171
29,74,FALSE,33.04534,33.05352
29,75,FALSE,33.06892,34.06156
29,76,FALSE,6.1381,6.14623
29,77,FALSE,6.12428,18.00863
29,78,FALSE,23.11957,6.02726
29,79,FALSE,6.06652,6.11424
29,82,FALSE,29.06352,6.01877
29,83,FALSE,18.05333,3.04428
29,84,FALSE,1,33.0568
29,85,TRUE,2.03326,1
29,86,TRUE,29.09995,1
29,91,FALSE,5.14049,5.12312
29,92,FALSE,6.08077,6.09506
29,93,FALSE,23.04624,6.12447
29,95,FALSE,5.14189,4.09637
29,98,FALSE,30.02411,5.14634
29,99,FALSE,34.12783,22.04087
29,100,FALSE,35.01642,6.06202
29,101,FALSE,23.11934,5.01895
29,103,FALSE,25.10243,6.13798
29,104,FALSE,30.05394,6.01225
29,106,FALSE,28.02486,3.11772
29,107,FALSE,26.06627,4.05322
29,109,FALSE,34.06164,6.11367
29,110,FALSE,28.14264,6.08822
29,111,FALSE,33.07356,3.1384
29,112,FALSE,22.11527,3.0117
29,113,FALSE,28.0665,5.10335
29,114,FALSE,5.14625,2.04866
29,115,FALSE,5.11332,6.00695
29,116,FALSE,28.07266,3.002
29,117,FALSE,5.09808,3.13657
29,118,FALSE,18.04974,2.12359
29,120,FALSE,34.11761,2.06602
29,121,FALSE,5.05613,3.08635
29,122,FALSE,5.11678,1.00407
29,123,FALSE,6.03732,2.02526
29,124,FALSE,37.08317,2.01046
29,125,FALSE,34.065,35.07219
29,126,FALSE,30.12611,35.04042
29,127,FALSE,24.06336,6.02587
29,128,FALSE,30.04574,4.04271
29,129,FALSE,30.11114,6.14519
29,130,FALSE,35.04826,35.09358
29,131,FALSE,5.11493,4.07422
29,133,FALSE,5.10848,3.08371
29,134,FALSE,5.11572,4.00385
29,135,FALSE,4.07364,2.07731
29,136,FALSE,4.03869,4.05319
29,137,FALSE,5.0133,4.08147
29,139,FALSE,5.12204,5.1448
29,140,FALSE,3.00862,4.02291
29,141,FALSE,2.06854,6.0056
29,142,FALSE,3.02001,3.11094
29,143,FALSE,5.11265,1.10257
29,144,FALSE,5.12397,4.01685
29,145,TRUE,30.08541,1
29,146,TRUE,1,1
29,147,FALSE,1,2.0681
29,148,TRUE,1,1
29,149,TRUE,18.03286,1
29,150,FALSE,1,35.01514
29,151,TRUE,1.12326,1
29,153,FALSE,6.06292,6.07094
29,154,FALSE,28.02469,6.03337
29,155,FALSE,23.12033,4.04179
29,156,FALSE,5.10268,6.00194
29,157,FALSE,5.14037,1.09085
29,158,FALSE,18.0756,4.13733
29,159,FALSE,23.0658,3.14269
29,160,FALSE,23.01773,4.12015
29,161,FALSE,18.07854,4.06122
29,162,FALSE,29.10972,34.00661
29,164,FALSE,37.13604,5.03118
29,165,FALSE,6.07633,35.10363
29,166,FALSE,30.13921,35.03141
29,167,FALSE,5.04967,6.03343
29,168,FALSE,1,35.12809
29,169,FALSE,30.03904,35.07088
29,173,FALSE,29.14385,6.01375
29,175,FALSE,3.02969,3.03838
29,176,FALSE,5.11544,5.11002
29,177,FALSE,30.1446,6.08444
29,178,FALSE,35.00175,34.01385
29,179,FALSE,34.10629,6.14492
29,180,FALSE,28.12637,28.14303
29,181,FALSE,35.03766,33.0792
29,182,FALSE,10.01243,6.13852
29,183,FALSE,35.02521,6.09273
29,184,FALSE,37.10404,6.11148
29,185,FALSE,28.12112,6.10765
29,186,FALSE,37.13413,6.06638
29,188,FALSE,37.02387,1.14578
29,189,FALSE,34.13052,34.14105
29,190,FALSE,23.01201,6.13873
29,191,FALSE,30.11705,6.06123
29,192,FALSE,25.06379,6.03683
29,193,FALSE,35.08831,36.03349
29,194,FALSE,25.00126,6.1217
29,195,FALSE,28.09757,6.08665
29,197,FALSE,29.00402,2.11536
29,198,FALSE,25.11995,6.08609
29,199,FALSE,30.05024,6.10741
29,200,FALSE,6.02223,6.03055
29,201,FALSE,5.10905,6.1223
29,202,FALSE,37.07895,37.08307
29,203,FALSE,30.12904,30.1111
29,204,FALSE,30.13549,4.04915
29,206,FALSE,30.0589,2.12258
29,207,FALSE,28.13429,6.08026
29,208,FALSE,5.14399,5.07415
29,209,FALSE,28.08505,28.07398
29,210,FALSE,28.14198,28.10968
29,211,FALSE,28.01553,33.05559
29,212,FALSE,5.09795,4.14322
29,213,FALSE,13.10084,5.10949
29,216,FALSE,28.11691,6.09735
29,217,FALSE,29.12657,6.14094
29,218,FALSE,30.07425,6.07441
29,219,FALSE,25.01189,6.1221
29,222,FALSE,28.09839,5.14278
29,225,FALSE,33.09408,33.14416
29,226,FALSE,35.02802,6.099
29,227,FALSE,37.05116,34.10448
29,229,FALSE,33.13636,33.07046
29,230,FALSE,33.07599,33.04069
29,233,FALSE,30.12298,6.01127
29,234,FALSE,30.04898,33.00247
29,235,FALSE,30.04241,33.05851
29,236,FALSE,4.03903,4.01418
29,237,FALSE,5.02758,6.11555
29,242,FALSE,24.053,4.00376
29,243,FALSE,6.05212,6.06305
29,251,FALSE,34.08314,34.0844
29,252,FALSE,28.10628,6.14112
29,253,FALSE,30.00978,4.08426
29,254,FALSE,4.07792,1.00719
29,255,FALSE,13.04606,3.09157
29,256,FALSE,30.0609,2.00639
29,257,FALSE,20.10223,4.11104
29,258,FALSE,18.00254,5.09289
29,259,FALSE,5.05712,33.02366
29,260,FALSE,5.05362,5.10056
29,262,FALSE,36.14481,1.07307
29,263,FALSE,6.09881,3.05566
29,264,FALSE,29.09791,6.122
29,265,FALSE,6.13047,5.14163
29,270,FALSE,6.08837,33.06037
29,271,FALSE,28.0803,6.02363
29,272,FALSE,5.14242,6.11622
29,273,FALSE,5.10829,6.02813
29,274,FALSE,5.14511,6.04322
29,275,FALSE,6.04647,33.0491
29,280,FALSE,5.07689,3.11543
29,289,FALSE,29.08374,5.13716
29,290,FALSE,6.13002,6.12574
29,291,FALSE,6.1433,6.14479
29,292,FALSE,6.12094,5.01298
29,293,FALSE,30.14719,15.05355
29,294,FALSE,10.02225,10.01763
29,295,FALSE,36.12917,25.05247
29,296,FALSE,4.12125,20.01055
29,297,FALSE,35.09775,6.02408
29,298,FALSE,33.14606,2.03263
29,299,FALSE,34.08237,6.09404
29,300,FALSE,33.12865,4.12848
29,301,FALSE,33.12791,4.10548
29,302,FALSE,35.04205,5.10394
29,303,FALSE,33.12596,5.08983
29,308,FALSE,31.0657,5.0416
29,317,FALSE,22.13753,4.01006
29,318,FALSE,36.09107,4.12192
29,319,FALSE,30.14718,5.0573
29,320,FALSE,27.04985,4.11608
29,321,FALSE,34.00883,3.11676
29,322,FALSE,18.12237,5.09091
29,323,FALSE,17.04346,2.1004
29,324,FALSE,23.03595,1.03582
29,325,FALSE,25.09794,2.14589
29,326,FALSE,18.09063,3.13814
29,328,FALSE,25.03602,5.14647
29,329,FALSE,31.03282,6.14027
29,330,FALSE,28.0141,6.06895
29,331,FALSE,20.09625,5.07811
29,332,FALSE,20.09997,6.09117
29,333,FALSE,30.10584,33.08617
29,334,FALSE,6.03685,6.05897
29,335,FALSE,30.0944,5.03561
29,336,FALSE,30.14513,5.0067
29,337,FALSE,25.09463,6.03499
29,339,FALSE,28.10326,5.00386
29,340,TRUE,1.06919,1
29,341,TRUE,25.0159,1
29,342,FALSE,5.08286,36.07383
29,343,TRUE,1,1
29,346,FALSE,27.09391,6.02192
29,347,FALSE,33.06026,6.06396
29,348,FALSE,27.07754,6.05353
29,349,FALSE,25.05009,1.03737
29,350,FALSE,29.12067,28.14414
29,351,FALSE,25.05588,6.12805
29,352,FALSE,34.02035,6.13395
29,353,FALSE,37.08116,34.11371
29,354,FALSE,34.04402,34.11991
29,355,FALSE,23.11522,4.06998
29,357,FALSE,29.12856,5.09324
29,358,FALSE,28.14146,6.06915
29,359,FALSE,32.13669,6.00425
29,361,FALSE,25.10291,6.06378
29,363,FALSE,35.0519,35.11203
29,364,FALSE,35.07721,35.08526
29,365,FALSE,23.14001,3.06063
29,366,FALSE,5.12681,5.13197
29,367,FALSE,35.00528,35.02809
29,370,FALSE,28.12706,6.09548
29,371,FALSE,33.04047,6.13767
29,372,FALSE,33.0072,6.14622
29,373,FALSE,6.09883,6.09727
29,374,FALSE,37.02048,1.06086
29,375,FALSE,23.07937,5.00342
29,376,FALSE,5.12012,6.09043
29,377,FALSE,1,2.08978
29,378,FALSE,28.1068,33.01596
29,379,FALSE,5.11201,28.05672
29,380,FALSE,33.03387,34.00432
29,381,FALSE,5.0921,6.01638
29,383,FALSE,30.11599,5.10233
29,384,FALSE,28.04581,6.11158
29,385,FALSE,25.14649,3.10283
29,386,FALSE,27.11796,1.04599
29,387,FALSE,34.12851,1.07665
29,388,FALSE,5.05858,4.07905
29,389,FALSE,7.10733,2.0377
29,390,FALSE,27.12337,3.0734
29,391,FALSE,23.02124,2.03404
29,394,FALSE,30.01562,5.06439
29,395,FALSE,2.06218,35.03049
29,396,FALSE,3.12214,35.10556
29,397,FALSE,4.12391,35.12121
29,398,FALSE,33.02104,35.11517
29,403,FALSE,19.05648,6.05315
29,404,FALSE,34.13306,35.06084
29,405,FALSE,5.14731,35.0959
29,406,FALSE,4.0152,6.07272
29,407,FALSE,28.07111,29.11588
29,408,TRUE,4.10405,1
29,412,FALSE,34.14495,10.08066
29,413,FALSE,15.0154,20.10437
29,414,FALSE,31.05004,10.11386
29,415,FALSE,28.04855,30.07512
29,416,FALSE,20.05612,33.06334
29,417,FALSE,23.14248,6.14091
29,418,FALSE,35.03671,35.08896
29,419,FALSE,33.06073,33.13393
29,420,FALSE,33.07097,33.08649
29,421,FALSE,33.08575,33.0979
29,422,FALSE,30.05622,6.09058
29,423,FALSE,23.01283,6.09315
29,425,FALSE,5.07911,6.01623
29,426,FALSE,33.14223,6.04302
29,427,FALSE,6.11863,6.05719
29,428,FALSE,33.1264,33.11119
29,429,FALSE,28.03092,33.14405
30,1,FALSE,23.0749,6.06315
30,3,FALSE,4.00089,4.04182
30,5,FALSE,37.03597,6.01276
30,6,FALSE,33.00189,5.11592
30,7,FALSE,1,4.03002
30,9,FALSE,5.12484,5.00457
30,10,FALSE,4.10571,5.07329
30,11,FALSE,1,6.13492
30,13,FALSE,6.0545,6.08564
30,17,FALSE,28.11353,6.03759
30,18,FALSE,6.05774,6.02574
30,19,TRUE,33.1062,1
30,21,FALSE,18.11576,6.08405
30,22,FALSE,6.12435,6.12634
30,25,FALSE,19.0603,6.007
30,29,FALSE,5.10208,4.03983
30,30,FALSE,6.1328,6.08645
30,69,FALSE,24.07716,2.05855
30,70,FALSE,23.0945,28.06213
30,71,FALSE,6.0632,6.06495
30,72,FALSE,33.01956,33.0226
30,73,FALSE,28.14396,28.12501
30,74,FALSE,33.05411,33.06684
30,75,FALSE,33.13757,34.04032
30,76,FALSE,28.08075,6.12049
30,77,FALSE,6.12373,18.1429
30,78,FALSE,29.08983,6.03128
30,79,FALSE,6.08958,6.09296
30,82,FALSE,29.02239,3.07478
30,83,FALSE,18.12126,3.10296
30,84,FALSE,1,33.08704
30,85,FALSE,1,2.07718
30,86,TRUE,29.06308,1
30,91,FALSE,5.12683,5.10482
30,92,FALSE,6.05538,6.05606
30,93,FALSE,23.1227,6.11527
30,95,FALSE,5.13676,4.04055
30,98,FALSE,30.10297,5.09219
30,99,FALSE,34.11044,22.00824
30,100,FALSE,35.06773,6.06804
30,101,FALSE,23.02022,3.03693
30,103,FALSE,25.12288,6.13827
30,104,FALSE,30.03995,6.0537
30,106,FALSE,28.13568,3.01959
30,107,FALSE,26.0197,4.10349
30,109,FALSE,34.08035,6.12184
30,110,FALSE,28.03521,6.09236
30,111,FALSE,33.03048,3.08708
30,112,FALSE,22.13081,3.09082
30,113,FALSE,28.05634,5.03293
30,114,FALSE,5.11076,2.00078
30,115,FALSE,5.13472,6.04735
30,116,FALSE,28.1385,3.0865
30,117,FALSE,5.0851,4.02464
30,118,FALSE,18.04779,2.12695
30,120,FALSE,34.13284,2.02908
30,121,FALSE,5.14009,3.06525
30,122,FALSE,5.12242,2.00074
30,123,FALSE,6.04147,2.05317
30,124,FALSE,37.09737,2.01612
30,125,FALSE,34.1442,35.0294
30,126,FALSE,30.00552,35.06787
30,127,FALSE,24.02898,6.06506
30,128,FALSE,30.14051,6.01464
30,129,FALSE,30.02019,6.11693
30,130,FALSE,35.12835,35.13761
30,131,FALSE,5.1025,4.05066
30,133,FALSE,5.14043,3.05255
30,134,FALSE,5.14556,4.03582
30,135,FALSE,4.11415,6.00751
30,136,FALSE,4.0841,4.13053
30,137,FALSE,5.04228,4.03088
30,139,FALSE,5.0388,5.11492
30,140,FALSE,3.06307,4.00795
30,141,FALSE,2.02859,6.03735
30,142,FALSE,3.08823,3.10337
30,143,FALSE,5.03257,1.04034
30,144,FALSE,31.02635,4.05493
30,145,TRUE,30.07991,1
30,146,TRUE,1,1
30,147,FALSE,1,2.14
30,148,TRUE,1,1
30,149,TRUE,18.08341,1
30,150,FALSE,1,35.01355
30,151,TRUE,1.02529,1
30,153,FALSE,6.11324,6.11881
30,154,FALSE,23.07368,6.05603
30,155,FALSE,5.13658,4.02899
30,156,FALSE,5.13642,6.07705
30,157,FALSE,5.1256,1.10957
30,158,FALSE,18.03235,4.08793
30,159,FALSE,23.05206,3.09189
30,160,FALSE,23.09656,4.09167
30,161,FALSE,18.14078,4.04605
30,162,FALSE,29.13033,34.05479
30,164,FALSE,37.0857,5.10556
30,165,FALSE,6.12026,35.08762
30,166,FALSE,30.12884,35.02764
30,167,FALSE,5.13191,6.04302
30,168,FALSE,1,35.03141
30,169,FALSE,30.03243,35.06638
30,173,FALSE,29.08785,6.01294
30,175,FALSE,4.01326,3.07812
30,176,FALSE,5.11765,5.10523
30,177,FALSE,30.1342,6.11294
30,178,FALSE,35.02343,34.00286
30,179,FALSE,34.00884,6.1394
30,180,FALSE,28.12157,28.07004
30,181,FALSE,35.01499,33.10262
30,182,FALSE,10.11419,6.14398
30,183,FALSE,35.10447,6.07076
30,184,FALSE,37.00162,6.11151
30,185,FALSE,28.11052,6.13582
30,186,FALSE,37.07202,6.0323
30,188,FALSE,30.09767,1.04129
30,189,FALSE,34.04512,34.09572
30,190,FALSE,23.08655,6.10065
30,191,FALSE,30.13281,6.09819
30,192,FALSE,25.07525,6.07265
30,193,FALSE,35.01004,36.00054
30,194,FALSE,25.04559,6.10408
30,195,FALSE,28.07907,6.12337
30,197,FALSE,29.12253,2.13249
30,198,FALSE,25.11675,6.00969
30,199,FALSE,30.13344,6.14558
30,200,FALSE,6.05551,6.11216
30,201,FALSE,5.08998,6.05424
30,202,FALSE,37.02879,37.03585
30,203,FALSE,30.08626,30.00009
30,204,FALSE,30.07479,4.00419
30,206,FALSE,30.05116,2.13864
30,207,FALSE,28.00964,6.07648
30,208,FALSE,5.14378,5.04064
30,209,FALSE,28.02932,28.11375
30,210,FALSE,28.08714,28.05678
30,211,FALSE,28.04175,33.04558
30,212,FALSE,5.00236,4.12879
30,213,FALSE,13.08438,5.08709
30,216,FALSE,28.07112,6.1027
30,217,FALSE,29.09697,6.14342
30,218,FALSE,30.12419,6.13734
30,219,FALSE,25.12631,6.14252
30,222,FALSE,28.10095,5.12342
30,225,FALSE,33.12665,33.13751
30,226,FALSE,35.12656,6.11138
30,227,FALSE,37.03244,34.08542
30,229,FALSE,33.13294,33.08881
30,230,FALSE,33.09166,33.00853
30,233,FALSE,30.14652,6.00478
30,234,FALSE,30.02928,33.03508
30,235,FALSE,30.10174,33.10751
30,236,FALSE,4.13475,4.13457
30,237,FALSE,5.02585,6.07067
30,242,FALSE,24.12134,4.07366
30,243,FALSE,6.10077,6.14032
30,251,FALSE,34.05751,34.08649
30,252,FALSE,28.07287,6.0532
30,253,FALSE,30.02849,4.03562
30,254,FALSE,4.09338,1.09128
30,255,FALSE,13.14026,3.0623
30,256,FALSE,30.10711,2.07896
30,257,FALSE,20.07519,4.11606
30,258,FALSE,18.0673,5.13995
30,259,FALSE,5.02522,33.11498
30,260,FALSE,5.08893,5.137
30,262,FALSE,36.12992,1.13335
30,263,FALSE,6.02714,3.14042
30,264,FALSE,29.04286,6.05413
30,265,FALSE,6.05778,5.1133
30,270,FALSE,6.01061,33.02404
30,271,FALSE,28.12889,6.07333
30,272,FALSE,5.05251,6.00433
30,273,FALSE,5.1321,6.03332
30,274,FALSE,5.13242,6.01234
30,275,FALSE,6.081,33.10382
30,280,FALSE,5.12084,3.11591
30,289,FALSE,29.1016,5.14739
30,290,FALSE,6.12623,6.10271
30,291,FALSE,6.12294,6.14247
30,292,FALSE,6.06809,5.02453
30,293,FALSE,31.01033,15.07801
30,294,FALSE,6.10247,10.02735
30,295,FALSE,36.02552,25.09277
30,296,FALSE,4.03616,20.04959
30,297,FALSE,35.08028,6.01125
30,298,FALSE,33.09044,2.10438
30,299,FALSE,34.05708,6.10145
30,300,FALSE,33.10697,4.07584
30,301,FALSE,33.14655,4.09294
30,302,FALSE,35.08873,5.09657
30,303,FALSE,33.09421,5.00425
30,308,FALSE,31.09596,5.05902
30,317,FALSE,22.0292,4.00698
30,318,FALSE,36.03992,6.01644
30,319,FALSE,30.13031,5.12577
30,320,FALSE,27.04269,4.02926
30,321,FALSE,34.04687,4.04709
30,322,FALSE,18.04449,5.03399
30,323,FALSE,17.08092,2.12225
30,324,FALSE,23.09438,1.13238
30,325,FALSE,25.05985,2.01313
30,326,FALSE,18.0574,3.13991
30,328,FALSE,25.01226,5.0658
30,329,FALSE,31.06636,6.1312
30,330,FALSE,30.00127,6.04527
30,331,FALSE,20.09256,5.04832
30,332,FALSE,20.07103,6.10643
30,333,FALSE,30.13393,33.01165
30,334,FALSE,6.04422,6.04942
30,335,FALSE,30.04526,5.09794
30,336,FALSE,30.05666,5.03443
30,337,FALSE,25.03396,6.03679
30,339,FALSE,28.03784,5.05177
30,340,TRUE,1.0802,1
30,341,TRUE,25.11465,1
30,342,FALSE,5.04785,36.04226
30,343,TRUE,1,1
30,346,FALSE,27.02419,6.0396
30,347,FALSE,33.08406,6.10436
30,348,FALSE,27.11125,6.0514
30,349,FALSE,25.0364,2.05315
30,350,FALSE,29.06164,6.14363
30,351,FALSE,25.06852,6.10961
30,352,FALSE,34.03614,6.10504
30,353,FALSE,37.03107,34.02967
30,354,FALSE,34.1146,34.14226
30,355,FALSE,23.02156,5.03372
30,357,FALSE,29.13709,5.08646
30,358,FALSE,28.06239,6.02481
30,359,FALSE,32.00243,6.00724
30,361,FALSE,25.12176,6.05611
30,363,FALSE,35.05415,35.06245
30,364,FALSE,35.05619,35.10862
30,365,FALSE,23.12412,3.07189
30,366,FALSE,5.11494,5.07122
30,367,FALSE,35.02599,35.07671
30,370,FALSE,28.11582,6.09206
30,371,FALSE,33.03356,6.13605
30,372,FALSE,33.00678,6.14521
30,373,FALSE,6.08393,6.0236
30,374,FALSE,37.06205,1.11915
30,375,FALSE,23.14107,5.04371
30,376,FALSE,5.04028,6.00484
30,377,FALSE,1,2.07824
30,378,FALSE,28.07221,33.07181
30,379,FALSE,5.06665,28.03808
30,380,FALSE,33.02725,34.02703
30,381,FALSE,5.09251,6.04803
30,383,FALSE,30.06089,5.07244
30,384,FALSE,28.09116,6.11207
30,385,FALSE,25.11777,1.055
30,386,FALSE,27.05968,4.02347
30,387,FALSE,34.14699,1.07009
30,388,FALSE,5.06967,2.11685
30,389,FALSE,7.09602,2.00259
30,390,FALSE,27.09541,3.13574
30,391,FALSE,23.07614,4.0643
30,394,FALSE,30.0597,5.07761
30,395,FALSE,2.05719,35.01178
30,396,FALSE,3.09944,35.09826
30,397,FALSE,4.12263,35.05147
30,398,FALSE,33.07036,35.09045
30,403,FALSE,19.05959,6.06535
30,404,FALSE,34.00633,35.0222
30,405,FALSE,5.04202,35.05398
30,406,FALSE,4.14448,6.04088
30,407,FALSE,28.06417,29.04668
30,408,TRUE,4.14402,1
30,412,FALSE,34.1055,10.00699
30,413,FALSE,15.09008,20.01243
30,414,FALSE,31.02812,10.13616
30,415,FALSE,28.07997,30.11019
30,416,FALSE,20.03925,33.03211
30,417,FALSE,28.10146,6.12155
30,418,FALSE,35.10047,35.10821
30,419,FALSE,33.08194,33.11947
30,420,FALSE,33.04392,33.0628
30,421,FALSE,33.03254,33.06814
30,422,FALSE,30.09509,28.13862
30,423,FALSE,23.02881,6.12413
30,425,FALSE,37.05395,6.0057
30,426,FALSE,33.10952,6.04715
30,427,FALSE,6.12329,6.05425
30,428,FALSE,33.05738,33.09722
30,429,FALSE,28.07911,33.00396
31,1,FALSE,23.02524,6.07344
31,3,FALSE,4.03119,4.08734
31,5,FALSE,37.09026,6.02753
31,6,FALSE,33.09542,5.05951
31,7,FALSE,1,4.06129
31,9,FALSE,5.0949,4.08823
31,10,FALSE,5.01016,4.06936
31,11,FALSE,1,6.05999
31,13,FALSE,6.07702,6.12086
31,17,FALSE,28.08882,6.02898
31,18,FALSE,6.03388,6.02878
31,19,TRUE,33.13997,1
31,21,FALSE,29.01603,6.05795
31,22,FALSE,6.10952,6.11613
31,25,FALSE,19.03467,6.00875
31,29,FALSE,5.07133,4.03194
31,30,FALSE,6.11941,6.02648
31,69,FALSE,24.14266,2.00066
31,70,FALSE,23.01397,28.05663
31,71,FALSE,28.04665,6.03962
31,72,FALSE,33.0705,33.11811
31,73,FALSE,28.08817,28.00768
31,74,FALSE,37.07322,33.07678
31,75,FALSE,33.123,34.03924
31,76,FALSE,28.07995,6.10738
31,77,FALSE,6.09129,18.11488
31,78,FALSE,23.08217,6.02813
31,79,FALSE,6.09823,6.12383
31,82,FALSE,29.11949,6.04536
31,83,FALSE,18.13753,3.01884
31,84,FALSE,1,33.05512
31,85,TRUE,2.10781,1
31,86,TRUE,29.06916,1
31,91,FALSE,5.14034,5.07934
31,92,FALSE,28.14189,6.06424
31,93,FALSE,23.0648,6.11807
31,95,FALSE,5.09654,4.13689
31,98,FALSE,30.14512,5.07477
31,99,FALSE,34.13224,22.02282
31,100,FALSE,35.02244,6.10043
31,101,FALSE,23.09705,5.0025
31,103,FALSE,25.01865,6.10914
31,104,FALSE,30.1019,6.08039
31,106,FALSE,28.01531,3.11077
31,107,FALSE,26.0522,4.02239
31,109,FALSE,34.08633,6.12661
31,110,FALSE,28.1166,6.07273
31,111,FALSE,33.00331,3.13959
31,112,FALSE,22.04897,4.04934
31,113,FALSE,28.08553,5.10203
31,114,FALSE,5.07187,2.03636
31,115,FALSE,5.07369,6.01726
31,116,FALSE,28.14581,3.07134
31,117,FALSE,5.09665,4.11217
31,118,FALSE,18.0938,2.09527
31,120,FALSE,34.11704,2.04118
31,121,FALSE,5.05637,3.0109
31,122,FALSE,5.13191,2.01909
31,123,FALSE,6.05784,2.04759
31,124,FALSE,37.11705,2.07115
31,125,FALSE,34.12962,35.05185
31,126,FALSE,30.06636,35.00954
31,127,FALSE,24.01613,6.1016
31,128,FALSE,30.07129,6.02818
31,129,FALSE,30.07594,6.01048
31,130,FALSE,35.11238,35.11999
31,131,FALSE,5.10525,4.09861
31,133,FALSE,5.12758,3.03568
31,134,FALSE,5.12838,4.02943
31,135,FALSE,4.11249,4.08135
31,136,FALSE,4.02532,4.06794
31,137,TRUE,5.142,1
31,139,FALSE,5.11662,5.03343
31,140,FALSE,3.11879,4.01912
31,141,FALSE,2.07615,6.01072
31,142,FALSE,3.13443,3.06501
31,143,FALSE,5.11122,1.01155
31,144,FALSE,5.07732,4.14358
31,145,TRUE,30.11011,1
31,146,TRUE,1,1
31,147,FALSE,1,2.00829
31,148,TRUE,1,1
31,149,TRUE,18.06374,1
31,150,FALSE,1,35.14424
31,151,TRUE,1.1465,1
31,153,FALSE,6.12833,6.13759
31,154,FALSE,28.09621,6.01541
31,155,FALSE,5.14068,4.08139
31,156,FALSE,5.13623,6.00014
31,157,FALSE,5.0166,1.0927
31,158,FALSE,18.10975,4.01949
31,159,FALSE,23.01991,3.06751
31,160,FALSE,23.10288,4.03555
31,161,FALSE,18.05127,4.13306
31,162,FALSE,29.14115,34.11775
31,164,FALSE,37.12131,5.03804
31,165,FALSE,6.02932,35.13334
31,166,FALSE,30.02752,35.12672
31,167,FALSE,5.14307,6.00094
31,168,FALSE,1,35.06888
31,169,FALSE,30.0108,35.12557
31,173,FALSE,29.00952,6.01699
31,175,FALSE,3.10332,3.10705
31,176,FALSE,5.08862,5.00674
31,177,FALSE,30.09354,6.06206
31,178,FALSE,35.02066,34.02419
31,179,FALSE,34.05966,6.12671
31,180,FALSE,28.07895,28.09544
31,181,FALSE,35.00649,33.10245
31,182,FALSE,10.00557,6.12564
31,183,FALSE,35.09675,6.10785
31,184,FALSE,37.03862,6.1057
31,185,FALSE,28.1152,6.1386
31,186,FALSE,37.1414,6.05739
31,188,FALSE,37.11269,1.09787
31,189,FALSE,34.07447,34.11099
31,190,FALSE,23.10493,6.11612
31,191,FALSE,30.07414,6.07267
31,192,FALSE,25.12984,6.055
31,193,FALSE,35.06911,36.01225
31,194,FALSE,25.03532,6.10557
31,195,FALSE,28.02461,6.05152
31,197,FALSE,30.05074,1.07987
31,198,FALSE,25.10877,6.01419
31,199,FALSE,30.121,6.0494
31,200,FALSE,6.02541,6.04807
31,201,FALSE,5.07963,6.04804
31,202,FALSE,37.07512,37.03031
31,203,FALSE,30.06957,30.05877
31,204,FALSE,30.11969,4.02026
31,206,FALSE,30.05356,2.07196
31,207,FALSE,28.086,6.06861
31,208,FALSE,5.14525,5.0451
31,209,FALSE,28.06877,28.12843
31,210,FALSE,28.05151,28.14604
31,211,FALSE,28.13444,33.03071
31,212,FALSE,5.11819,4.14321
31,213,FALSE,13.11475,5.13887
31,216,FALSE,28.07578,6.1036
31,217,FALSE,29.02414,6.13417
31,218,FALSE,30.13918,6.07023
31,219,FALSE,25.05814,6.11031
31,222,FALSE,28.12027,5.1205
31,225,FALSE,33.10816,33.14016
31,226,FALSE,35.1399,6.09386
31,227,FALSE,37.01457,34.11272
31,229,FALSE,33.13194,33.08551
31,230,FALSE,33.04519,33.09964
31,233,FALSE,30.12959,5.09645
31,234,FALSE,30.00804,33.00477
31,235,FALSE,30.10429,33.08296
31,236,FALSE,4.01605,4.10545
31,237,FALSE,5.05355,6.02049
31,242,FALSE,24.13136,4.13702
31,243,FALSE,6.00916,6.12964
31,251,FALSE,34.0859,34.11424
31,252,FALSE,28.04818,6.08599
31,253,FALSE,30.04285,4.03217
31,254,FALSE,4.02363,1.04942
31,255,FALSE,13.02701,3.09859
31,256,FALSE,30.12096,2.12232
31,257,FALSE,20.0977,4.04136
31,258,FALSE,18.13868,1.10454
31,259,FALSE,5.00343,33.00637
31,260,FALSE,5.076,5.13667
31,262,FALSE,36.01608,1.14438
31,263,FALSE,6.0246,3.02867
31,264,FALSE,29.0305,6.12453
31,265,FALSE,6.04133,5.06963
31,270,FALSE,6.0608,33.10662
31,271,FALSE,28.06742,6.00838
31,272,FALSE,5.10941,6.08634
31,273,FALSE,5.11788,6.01887
31,274,FALSE,5.14471,6.04453
31,275,FALSE,6.09316,33.06026
31,280,FALSE,5.07081,3.0719
31,289,FALSE,29.07069,5.14515
31,290,FALSE,6.11581,6.11965
31,291,FALSE,6.13798,6.13872
31,292,FALSE,6.1363,5.1172
31,293,FALSE,31.03573,15.03426
31,294,FALSE,30.05169,10.10698
31,295,FALSE,36.03692,25.13217
31,296,FALSE,4.02077,20.05894
31,297,FALSE,35.05301,6.13248
31,298,FALSE,33.06312,2.13213
31,299,FALSE,34.02656,6.08008
31,300,FALSE,33.13943,6.02914
31,301,FALSE,33.00692,4.07533
31,302,FALSE,35.03041,5.06494
31,303,FALSE,33.02649,5.08195
31,308,FALSE,31.06113,3.09663
31,317,FALSE,22.12537,3.09545
31,318,FALSE,36.04155,6.00251
31,319,FALSE,30.11849,5.1304
31,320,FALSE,27.05714,4.07564
31,321,FALSE,34.07726,3.11139
31,322,FALSE,18.01649,5.01389
31,323,FALSE,17.04569,2.06613
31,324,FALSE,23.1072,2.12558
31,325,FALSE,25.05111,4.10302
31,326,FALSE,18.07449,4.07266
31,328,FALSE,25.01101,5.14732
31,329,FALSE,31.04987,6.12246
31,330,FALSE,30.02362,6.03743
31,331,FALSE,20.07818,5.031
31,332,FALSE,30.10309,5.02214
31,333,FALSE,30.01938,33.0188
31,334,FALSE,6.00672,6.03764
31,335,FALSE,30.08338,5.11934
31,336,FALSE,30.01774,5.0467
31,337,FALSE,25.11377,6.06254
31,339,FALSE,28.12324,5.05654
31,340,TRUE,1.07372,1
31,341,TRUE,25.13808,1
31,342,FALSE,5.01455,36.0105
31,343,TRUE,1,1
31,346,FALSE,27.04773,6.02012
31,347,FALSE,33.06189,6.08815
31,348,FALSE,27.13621,6.02492
31,349,FALSE,25.0583,2.08983
31,350,FALSE,29.06085,6.12728
31,351,FALSE,25.07385,6.12004
31,352,FALSE,34.03129,6.09368
31,353,FALSE,37.04776,34.02797
31,354,FALSE,34.12168,34.14616
31,355,FALSE,23.04518,5.01762
31,357,FALSE,29.06054,5.08275
31,358,FALSE,28.10172,6.04554
31,359,FALSE,32.07888,6.05261
31,361,FALSE,25.1201,6.05186
31,363,FALSE,35.0292,35.03234
31,364,FALSE,35.05137,35.05306
31,365,FALSE,23.08828,3.09223
31,366,FALSE,5.13177,5.13495
31,367,FALSE,35.00305,35.01002
31,370,FALSE,28.14043,6.10305
31,371,FALSE,33.03159,6.1417
31,372,FALSE,33.06149,6.14736
31,373,FALSE,6.0842,6.00177
31,374,FALSE,37.0957,1.11402
31,375,FALSE,4.02096,5.01359
31,376,FALSE,5.00498,6.12064
31,377,FALSE,2.00712,6.12112
31,378,FALSE,28.05668,33.03464
31,379,FALSE,5.08421,28.1454
31,380,FALSE,33.07167,34.00325
31,381,FALSE,5.04712,6.03661
31,383,FALSE,28.01898,5.07043
31,384,FALSE,30.02477,6.09766
31,385,FALSE,25.10989,1.07474
31,386,FALSE,27.01057,1.1021
31,387,FALSE,34.0023,2.07099
31,388,FALSE,5.00341,2.1144
31,389,FALSE,7.14032,2.0676
31,390,FALSE,27.0155,3.14144
31,391,FALSE,23.02384,5.02963
31,394,FALSE,30.06542,5.06229
31,395,FALSE,2.09938,35.13012
31,396,FALSE,3.03658,35.00789
31,397,FALSE,4.03228,35.10529
31,398,FALSE,33.11008,35.12311
31,403,FALSE,19.06188,6.0625
31,404,FALSE,34.05781,35.01438
31,405,FALSE,5.05712,35.13802
31,406,FALSE,4.09269,6.01085
31,407,FALSE,28.13156,29.09282
31,408,TRUE,4.10452,1
31,412,FALSE,34.12191,10.00685
31,413,FALSE,25.13897,15.07481
31,414,FALSE,31.03393,10.00561
31,415,FALSE,28.04744,30.13145
31,416,FALSE,20.13081,33.122
31,417,FALSE,28.03578,6.11363
31,418,FALSE,35.07799,35.1039
31,419,FALSE,33.09992,33.14393
31,420,FALSE,33.01781,33.11001
31,421,FALSE,33.06541,33.09868
31,422,FALSE,30.01792,28.13585
31,423,FALSE,23.10642,6.06389
31,425,FALSE,37.08561,6.00203
31,426,FALSE,33.13604,6.05338
31,427,FALSE,6.1392,6.10488
31,428,FALSE,33.11738,33.12549
31,429,FALSE,28.0589,33.00893
32,1,FALSE,23.03942,6.04434
32,3,FALSE,4.07977,4.10858
32,5,FALSE,37.1197,6.00928
32,6,FALSE,33.01967,5.02931
32,7,FALSE,1,4.07264
32,9,FALSE,5.13181,5.01882
32,10,FALSE,4.01845,4.12299
32,11,FALSE,1,6.00568
32,13,FALSE,6.07086,6.05424
32,17,FALSE,28.00932,6.03489
32,18,FALSE,6.09039,6.09368
32,19,TRUE,33.11753,1
32,21,FALSE,29.08967,6.05337
32,22,FALSE,6.09499,6.13484
32,25,FALSE,19.03883,6.01616
32,29,FALSE,5.14051,3.04731
32,30,FALSE,6.10251,6.06202
32,69,FALSE,24.06707,2.08771
32,70,FALSE,23.04554,28.05132
32,71,FALSE,28.04141,6.05793
32,72,FALSE,33.01661,33.01834
32,73,FALSE,28.01782,28.02553
32,74,FALSE,33.0524,33.08872
32,75,FALSE,33.12862,34.08115
32,76,FALSE,28.09404,6.12535
32,77,FALSE,6.13631,18.0724
32,78,FALSE,29.02802,6.03321
32,79,FALSE,6.0986,6.11526
32,82,FALSE,29.03071,3.1248
32,83,FALSE,18.12459,3.06272
32,84,FALSE,1,33.0257
32,85,FALSE,1,2.0446
32,86,TRUE,29.09016,1
32,91,FALSE,5.10514,5.0796
32,92,FALSE,6.06017,6.06578
32,93,FALSE,23.13614,6.10717
32,95,FALSE,5.06731,4.11332
32,98,FALSE,30.033,5.05749
32,99,FALSE,34.09946,22.11241
32,100,FALSE,35.00941,6.10767
32,101,FALSE,23.11194,3.11919
32,103,FALSE,25.00077,6.11512
32,104,FALSE,30.02368,6.01609
32,106,FALSE,28.05019,3.11942
32,107,FALSE,26.10781,4.05051
32,109,FALSE,34.01756,6.10646
32,110,FALSE,28.09034,6.07046
32,111,FALSE,33.14572,5.02815
32,112,FALSE,22.1147,4.07524
32,113,FALSE,28.12323,5.05579
32,114,FALSE,5.12338,2.0115
32,115,FALSE,5.11739,6.01248
32,116,FALSE,28.09431,3.02899
32,117,FALSE,5.14032,3.01691
32,118,FALSE,18.12266,2.05549
32,120,FALSE,34.00446,2.00205
32,121,FALSE,5.07307,3.0603
32,122,FALSE,5.11795,1.13091
32,123,FALSE,6.03067,2.07542
32,124,FALSE,37.09729,4.12006
32,125,FALSE,34.02779,35.05691
32,126,FALSE,30.12933,35.01411
32,127,FALSE,24.0678,6.02146
32,128,FALSE,30.02219,6.07203
32,129,FALSE,30.06237,6.095
32,130,FALSE,35.10823,35.12796
32,131,FALSE,5.11169,4.11635
32,133,FALSE,5.13382,3.04607
32,134,FALSE,4.07098,4.08597
32,135,FALSE,4.0859,6.01676
32,136,FALSE,4.04345,4.04019
32,137,FALSE,5.05204,4.04198
32,139,FALSE,5.00562,5.08599
32,140,FALSE,3.10852,4.01841
32,141,FALSE,2.02408,6.07642
32,142,FALSE,3.0443,3.10934
32,143,FALSE,5.05907,1.06255
32,144,FALSE,5.08254,4.06315
32,145,FALSE,1,30.09666
32,146,TRUE,1,1
32,147,FALSE,1,2.0647
32,148,TRUE,1,1
32,149,TRUE,18.05036,1
32,150,FALSE,1,35.00586
32,151,TRUE,1.00575,1
32,153,FALSE,6.09333,6.09343
32,154,FALSE,28.1219,6.01747
32,155,FALSE,23.07886,4.02732
32,156,FALSE,5.12251,6.04943
32,157,FALSE,5.11042,2.12236
32,158,FALSE,18.0447,4.03082
32,159,FALSE,23.02489,3.03073
32,160,FALSE,23.02888,4.06899
32,161,FALSE,18.09551,4.12096
32,162,FALSE,29.03273,34.1292
32,164,FALSE,37.01231,5.06463
32,165,FALSE,6.02397,35.13351
32,166,FALSE,30.14503,35.05827
32,167,FALSE,5.09913,6.07035
32,168,FALSE,1,35.08755
32,169,FALSE,30.05226,35.00142
32,173,FALSE,29.07037,6.01666
32,175,FALSE,3.11142,3.13861
32,176,FALSE,5.13139,5.12936
32,177,FALSE,30.13128,6.04907
32,178,FALSE,35.01138,34.0046
32,179,FALSE,34.05008,6.146
32,180,FALSE,28.0968,28.13914
32,181,FALSE,35.02188,33.0816
32,182,FALSE,10.02,6.14171
32,183,FALSE,35.07015,6.07685
32,184,FALSE,37.07663,6.09115
32,185,FALSE,28.07503,6.1396
32,186,FALSE,37.01678,6.03166
32,188,FALSE,30.10923,1.03266
32,189,FALSE,34.03318,34.07785
32,190,FALSE,23.0139,6.14722
32,191,FALSE,30.14481,6.08744
32,192,FALSE,25.07629,6.07788
32,193,FALSE,35.02321,36.06385
32,194,FALSE,25.02621,6.08455
32,195,FALSE,28.08045,6.10516
32,197,FALSE,30.10611,2.1244
32,198,FALSE,25.03566,6.04588
32,199,FALSE,30.01374,23.14585
32,200,FALSE,6.11252,6.13193
32,201,FALSE,5.1178,6.06897
32,202,FALSE,37.0674,37.03514
32,203,FALSE,30.1033,30.00559
32,204,FALSE,30.09009,4.14042
32,206,FALSE,30.12557,2.13722
32,207,FALSE,28.04717,6.08489
32,208,FALSE,5.11398,5.04405
32,209,FALSE,28.0287,28.10276
32,210,FALSE,28.1389,28.02873
32,211,FALSE,28.06989,33.02006
32,212,FALSE,5.1023,4.1035
32,213,FALSE,13.09569,5.13014
32,216,FALSE,28.07824,6.09285
32,217,FALSE,29.13536,6.1351
32,218,FALSE,30.01638,6.10866
32,219,FALSE,25.11792,6.13439
32,222,FALSE,28.13122,5.14737
32,225,FALSE,33.1034,33.13513
32,226,FALSE,35.13228,6.09301
32,227,FALSE,37.03437,34.05539
32,229,FALSE,33.09245,33.09181
32,230,FALSE,33.05124,33.05294
32,233,FALSE,30.11375,6.00701
32,234,FALSE,30.07081,33.00756
32,235,FALSE,30.14324,33.06824
32,236,FALSE,4.12227,4.0858
32,237,FALSE,5.08741,6.02973
32,242,FALSE,24.11227,4.12608
32,243,FALSE,6.01116,6.07586
32,251,FALSE,34.07729,34.08139
32,252,FALSE,28.14215,6.04326
32,253,FALSE,30.11305,4.03334
32,254,FALSE,4.02009,1.04001
32,255,FALSE,13.05028,3.13897
32,256,FALSE,30.02747,2.11023
32,257,FALSE,20.02156,4.1015
32,258,FALSE,18.11261,5.05644
32,259,FALSE,5.05631,33.07731
32,260,FALSE,5.00139,5.00599
32,262,FALSE,36.03597,1.0982
32,263,FALSE,6.03543,3.09672
32,264,FALSE,29.01001,6.09671
32,265,FALSE,6.03083,5.11218
32,270,FALSE,6.12302,33.01345
32,271,FALSE,28.11557,6.09469
32,272,FALSE,5.10498,6.01918
32,273,FALSE,5.07766,6.10466
32,274,FALSE,5.10245,6.08253
32,275,FALSE,6.1109,33.11629
32,280,FALSE,5.13393,3.01529
32,289,FALSE,29.00186,5.14717
32,290,FALSE,6.12612,6.11617
32,291,FALSE,6.13279,6.14165
32,292,FALSE,6.05704,5.09787
32,293,FALSE,31.03438,15.08394
32,294,FALSE,6.12272,10.02767
32,295,FALSE,36.01695,25.02196
32,296,FALSE,4.00254,20.05613
32,297,FALSE,35.09898,6.05052
32,298,FALSE,33.08635,1.13558
32,299,FALSE,34.01483,6.0841
32,300,FALSE,33.05665,6.03074
32,301,FALSE,33.03615,4.09803
32,302,FALSE,35.12804,5.04924
32,303,FALSE,33.14473,5.05347
32,308,FALSE,31.13898,3.00194
32,317,FALSE,22.02057,4.00346
32,318,FALSE,36.11421,6.04357
32,319,FALSE,30.12556,5.10335
32,320,FALSE,27.02001,4.13346
32,321,FALSE,34.08664,3.09748
32,322,FALSE,18.00234,5.07275
32,323,FALSE,17.14033,2.13104
32,324,FALSE,23.14252,2.05999
32,325,FALSE,25.12341,4.0755
32,326,FALSE,18.14336,4.12391
32,328,FALSE,25.01712,5.02232
32,329,FALSE,31.0148,6.11993
32,330,FALSE,30.01869,6.03293
32,331,FALSE,20.09288,5.0133
32,332,FALSE,20.12055,6.13908
32,333,FALSE,30.0003,33.02724
32,334,FALSE,6.07338,6.07816
32,335,FALSE,30.00197,5.11048
32,336,FALSE,30.12664,5.02243
32,337,FALSE,25.09169,6.01277
32,339,FALSE,28.02429,5.14664
32,340,TRUE,1.00588,1
32,341,TRUE,25.12084,1
32,342,FALSE,5.05795,36.04276
32,343,TRUE,1,1
32,346,FALSE,27.10968,6.04217
32,347,FALSE,33.09791,6.08937
32,348,FALSE,27.01434,6.09413
32,349,FALSE,25.1112,2.13441
32,350,FALSE,29.13196,6.0999
32,351,FALSE,25.05401,6.12347
32,352,FALSE,34.05111,6.13506
32,353,FALSE,37.08538,34.02632
32,354,FALSE,34.06945,34.12119
32,355,FALSE,23.03184,4.01052
32,357,FALSE,29.07969,5.1145
32,358,FALSE,28.08654,6.0339
32,359,FALSE,32.10144,6.0106
32,361,FALSE,25.09101,6.04075
32,363,FALSE,35.06887,35.08511
32,364,FALSE,35.04476,35.08948
32,365,FALSE,23.09401,3.05258
32,366,FALSE,5.11128,5.13785
32,367,FALSE,35.002,35.01211
32,370,FALSE,28.11817,6.0641
32,371,FALSE,33.13775,6.14305
32,372,FALSE,33.08305,6.13426
32,373,FALSE,6.14174,6.03281
32,374,FALSE,37.07359,1.10344
32,375,FALSE,4.09307,5.07384
32,376,FALSE,5.03787,6.08333
32,377,FALSE,1,2.10378
32,378,FALSE,28.11181,33.10043
32,379,FALSE,5.11371,28.08475
32,380,FALSE,33.08916,34.07919
32,381,FALSE,5.07482,6.14246
32,383,FALSE,28.02969,5.0256
32,384,FALSE,28.04525,6.13911
32,385,FALSE,25.07912,1.03622
32,386,FALSE,27.12345,1.13054
32,387,FALSE,34.00653,2.02376
32,388,FALSE,5.13138,3.08759
32,389,FALSE,7.09693,2.03279
32,390,FALSE,27.03358,3.04944
32,391,FALSE,23.00193,4.01665
32,394,FALSE,30.0258,5.00608
32,395,FALSE,2.03962,35.13968
32,396,FALSE,3.05071,35.05229
32,397,FALSE,4.05519,35.13663
32,398,FALSE,33.13174,35.11689
32,403,FALSE,19.04634,6.12412
32,404,FALSE,34.02793,35.13292
32,405,FALSE,5.08738,35.10477
32,406,FALSE,1,4.14433
32,407,FALSE,28.143,29.13334
32,408,TRUE,4.07011,1
32,412,FALSE,34.08314,10.06575
32,413,FALSE,25.13715,20.00964
32,414,FALSE,31.11095,10.02857
32,415,FALSE,28.02409,30.10873
32,416,FALSE,20.04279,33.00659
32,417,FALSE,28.08512,6.10266
32,418,FALSE,35.01971,35.08757
32,419,FALSE,33.09487,33.10746
32,420,FALSE,33.00576,33.0175
32,421,FALSE,33.08382,33.13912
32,422,FALSE,30.07067,6.12057
32,423,FALSE,23.11583,6.0895
32,425,FALSE,37.13661,5.0073
32,426,FALSE,33.13119,6.05346
32,427,FALSE,6.1233,6.0812
32,428,FALSE,33.10409,33.13629
32,429,FALSE,28.11738,33.01295
33,1,FALSE,23.10079,6.04647
33,3,FALSE,4.0281,4.0569
33,5,FALSE,37.01348,6.02075
33,6,FALSE,33.06061,5.09943
33,7,FALSE,1,4.08036
33,9,FALSE,5.08704,4.03777
33,10,FALSE,4.11081,4.01955
33,11,FALSE,1,6.12004
33,13,FALSE,6.08148,6.09945
33,17,FALSE,29.04364,6.03662
33,18,FALSE,6.00854,6.01696
33,19,TRUE,33.08507,1
33,21,FALSE,18.00346,6.05695
33,22,FALSE,6.13624,6.10419
33,25,FALSE,19.12522,6.00741
33,29,FALSE,5.14157,3.05548
33,30,FALSE,6.14614,6.10705
33,69,FALSE,24.07123,2.09374
33,70,FALSE,23.11827,28.07327
33,71,FALSE,28.11609,6.06458
33,72,FALSE,33.10907,33.11341
33,73,FALSE,28.13362,28.02421
33,74,FALSE,33.05457,33.06778
33,75,FALSE,33.14047,34.13702
33,76,FALSE,6.11842,6.14639
33,77,FALSE,6.09417,18.10561
33,78,FALSE,23.11066,6.04101
33,79,FALSE,6.09811,6.11059
33,82,FALSE,29.07571,6.0889
33,83,FALSE,18.06461,3.08829
33,84,FALSE,1,33.10684
33,85,TRUE,2.13427,1
33,86,TRUE,29.115,1
33,91,FALSE,5.13883,5.07765
33,92,FALSE,28.00411,6.05611
33,93,FALSE,23.1231,6.13227
33,95,FALSE,5.12441,4.02495
33,98,FALSE,30.01913,4.13905
33,99,FALSE,34.11822,22.03828
33,100,FALSE,35.00013,6.08852
33,101,FALSE,23.13584,3.00708
33,103,FALSE,25.10946,6.12148
33,104,FALSE,30.0507,6.00232
33,106,FALSE,28.14098,3.10518
33,107,FALSE,26.11329,4.10659
33,109,FALSE,34.02951,6.10554
33,110,FALSE,28.08121,6.09541
33,111,FALSE,33.09902,3.05097
33,112,FALSE,22.06534,3.14735
33,113,FALSE,28.07005,5.0258
33,114,FALSE,5.08929,2.1408
33,115,FALSE,5.13087,6.00734
33,116,FALSE,28.14306,3.03804
33,117,FALSE,5.14107,3.11588
33,118,FALSE,18.03075,2.12454
33,120,FALSE,34.08209,2.04453
33,121,FALSE,5.04183,3.08739
33,122,FALSE,5.11473,2.04818
33,123,FALSE,6.00678,2.01761
33,124,FALSE,37.13217,4.00421
33,125,FALSE,34.09431,35.02528
33,126,FALSE,30.06841,35.09517
33,127,FALSE,24.00468,6.04474
33,128,FALSE,30.06257,4.14577
33,129,FALSE,30.04806,6.0484
33,130,FALSE,35.06224,35.06799
33,131,FALSE,5.03361,4.09694
33,133,FALSE,5.11443,3.14003
33,134,FALSE,4.00988,4.02711
33,135,FALSE,4.02001,4.10784
33,136,FALSE,4.0274,4.00874
33,137,TRUE,5.0749,1
33,139,FALSE,5.05645,5.1232
33,140,FALSE,3.14307,4.00832
33,141,FALSE,2.04127,6.0709
33,142,FALSE,3.11268,3.07957
33,143,FALSE,5.04074,1.02694
33,144,FALSE,5.09983,4.02247
33,145,TRUE,30.14327,1
33,146,TRUE,1,1
33,147,FALSE,1,2.0893
33,148,TRUE,1,1
33,149,TRUE,18.03604,1
33,150,FALSE,1,35.07861
33,151,TRUE,1.04134,1
33,153,FALSE,6.09474,6.11099
33,154,FALSE,23.00096,6.06247
33,155,FALSE,5.14406,5.00071
33,156,FALSE,5.13182,6.02665
33,157,FALSE,5.01962,1.07963
33,158,FALSE,18.04407,4.12995
33,159,FALSE,23.13719,1.09701
33,160,FALSE,23.01538,4.08104
33,161,FALSE,18.09986,4.11525
33,162,FALSE,29.04948,34.14703
33,164,FALSE,37.11941,5.11928
33,165,FALSE,6.14566,35.06751
33,166,FALSE,30.13094,35.05316
33,167,FALSE,5.09141,6.08222
33,168,FALSE,1,35.05011
33,169,FALSE,30.1217,35.13246
33,173,FALSE,29.04866,6.00997
33,175,FALSE,3.13579,3.14368
33,176,FALSE,5.0136,5.08045
33,177,FALSE,30.12124,6.09665
33,178,FALSE,35.00893,34.01376
33,179,FALSE,34.07086,6.14152
33,180,FALSE,28.03854,28.11077
33,181,FALSE,35.04874,33.04967
33,182,FALSE,10.09325,6.14125
33,183,FALSE,35.12882,6.09566
33,184,FALSE,37.07984,6.1227
33,185,FALSE,28.13429,6.14418
33,186,FALSE,37.12499,6.01063
33,188,FALSE,30.08385,1.13498
33,189,FALSE,34.12521,34.14001
33,190,FALSE,23.00538,6.09612
33,191,FALSE,30.00277,6.02094
33,192,FALSE,25.11381,6.08259
33,193,FALSE,35.09968,36.1312
33,194,FALSE,25.0524,6.09569
33,195,FALSE,28.0689,6.1313
33,197,FALSE,30.02584,1.06517
33,198,FALSE,25.0443,6.05523
33,199,FALSE,30.00992,23.01765
33,200,FALSE,6.11351,6.12899
33,201,FALSE,5.07892,6.0177
33,202,FALSE,37.01501,37.07643
33,203,FALSE,30.09544,20.1338
33,204,FALSE,30.06589,4.06117
33,206,FALSE,30.05629,2.06814
33,207,FALSE,28.00527,6.12319
33,208,FALSE,5.12558,4.03321
33,209,FALSE,28.13606,28.13712
33,210,FALSE,28.04645,28.04203
33,211,FALSE,28.04215,33.06057
33,212,FALSE,4.10862,5.01909
33,213,FALSE,13.0334,5.12275
33,216,FALSE,28.10444,6.09828
33,217,FALSE,29.06049,6.139
33,218,FALSE,30.06648,6.09435
33,219,FALSE,25.11752,6.12557
33,222,FALSE,28.14124,5.01481
33,225,FALSE,33.10458,33.11199
33,226,FALSE,35.063,6.09537
33,227,FALSE,37.10275,34.07505
33,229,FALSE,33.11885,33.10324
33,230,FALSE,33.01957,33.02521
33,233,FALSE,30.10871,6.00775
33,234,FALSE,30.10235,33.08905
33,235,FALSE,30.02196,33.08664
33,236,FALSE,4.111,4.1209
33,237,FALSE,5.08319,6.11837
33,242,FALSE,24.13999,4.0455
33,243,FALSE,6.04943,6.05119
33,251,FALSE,34.04265,34.09789
33,252,FALSE,28.03018,6.05063
33,253,FALSE,30.00833,4.09874
33,254,FALSE,4.06036,1.04971
33,255,FALSE,13.09,3.07176
33,256,FALSE,30.13533,2.03792
33,257,FALSE,20.10858,4.07362
33,258,FALSE,18.02343,5.08425
33,259,FALSE,5.03335,33.10744
33,260,FALSE,5.00697,5.07941
33,262,FALSE,36.13578,1.04342
33,263,FALSE,6.03448,3.03309
33,264,FALSE,29.0163,6.12802
33,265,FALSE,6.12205,5.0987
33,270,FALSE,6.09922,33.05832
33,271,FALSE,28.04951,6.136
33,272,FALSE,5.08208,6.08979
33,273,FALSE,5.04306,6.02914
33,274,FALSE,5.0943,6.092
33,275,FALSE,6.01583,33.01674
33,280,FALSE,5.11619,3.05137
33,289,FALSE,29.14244,5.13384
33,290,FALSE,6.108,6.10981
33,291,FALSE,6.13489,6.14191
33,292,FALSE,6.1189,5.10258
33,293,FALSE,30.0793,15.03782
33,294,FALSE,15.08241,10.06169
33,295,FALSE,36.07125,25.06566
33,296,FALSE,4.08835,20.01207
33,297,FALSE,35.03417,6.07557
33,298,FALSE,33.04862,2.10682
33,299,FALSE,34.02337,6.04343
33,300,FALSE,33.14109,6.039
33,301,FALSE,33.03725,4.11496
33,302,FALSE,35.12265,5.07988
33,303,FALSE,33.0422,5.04276
33,308,FALSE,31.12973,5.13333
33,317,FALSE,22.05214,3.05919
33,318,FALSE,36.06039,6.02933
33,319,FALSE,30.1391,5.14133
33,320,FALSE,27.0357,4.12201
33,321,FALSE,34.14048,3.04498
33,322,FALSE,18.04056,5.1158
33,323,FALSE,17.02199,2.01624
33,324,FALSE,23.12746,1.07409
33,325,FALSE,25.0801,2.10234
33,326,FALSE,18.13197,4.11061
33,328,FALSE,25.07415,4.1071
33,329,FALSE,31.02877,20.038
33,330,FALSE,28.10425,6.03778
33,331,FALSE,20.08003,5.07965
33,332,FALSE,20.11731,6.11321
33,333,FALSE,30.05417,33.02376
33,334,FALSE,6.07105,6.08805
33,335,FALSE,30.09079,5.09998
33,336,FALSE,30.13993,5.12256
33,337,FALSE,25.11207,6.04437
33,339,FALSE,28.07219,5.08144
33,340,TRUE,1.07451,1
33,341,TRUE,25.12426,1
33,342,FALSE,5.01485,36.13092
33,343,TRUE,1,1
33,346,FALSE,27.01229,6.03016
33,347,FALSE,33.07004,6.1277
33,348,FALSE,27.06447,6.02201
33,349,FALSE,25.06299,2.01455
33,350,FALSE,29.06706,28.00056
33,351,FALSE,25.13798,6.1274
33,352,FALSE,34.04539,6.11939
33,353,FALSE,37.02439,34.04917
33,354,FALSE,34.01995,34.13016
33,355,FALSE,23.00843,5.03876
33,357,FALSE,29.01907,5.10895
33,358,FALSE,28.05547,6.00123
33,359,FALSE,32.02009,6.02437
33,361,FALSE,25.09203,6.05471
33,363,FALSE,35.0907,35.10163
33,364,FALSE,35.04482,35.04817
33,365,FALSE,23.0294,3.00506
33,366,FALSE,5.14593,5.11611
33,367,FALSE,35.01969,35.02331
33,370,FALSE,28.13295,6.07536
33,371,FALSE,33.09637,6.1455
33,372,FALSE,33.13754,6.14681
33,373,FALSE,6.11382,6.08165
33,374,FALSE,37.08724,1.08125
33,375,FALSE,4.0451,5.01474
33,376,FALSE,5.07077,6.06641
33,377,FALSE,1,2.1213
33,378,FALSE,28.07258,33.1469
33,379,FALSE,5.13211,28.12262
33,380,FALSE,33.12667,34.07581
33,381,FALSE,5.09999,6.04509
33,383,FALSE,28.02161,5.02232
33,384,FALSE,28.03791,6.12744
33,385,FALSE,25.14002,2.02432
33,386,FALSE,27.00807,1.08356
33,387,FALSE,34.11175,2.02243
33,388,FALSE,5.1464,2.08667
33,389,FALSE,7.05378,2.0074
33,390,FALSE,27.01921,3.01202
33,391,FALSE,23.01284,5.05778
33,394,FALSE,30.14322,5.01242
33,395,FALSE,2.06112,35.12033
33,396,FALSE,3.1004,35.06466
33,397,FALSE,4.13834,35.06638
33,398,FALSE,33.10417,35.06855
33,403,FALSE,19.0751,6.02355
33,404,FALSE,34.0885,35.02921
33,405,FALSE,5.06995,35.13091
33,406,FALSE,4.10703,6.02271
33,407,FALSE,28.11459,29.07344
33,408,TRUE,4.00299,1
33,412,FALSE,34.14491,10.0038
33,413,FALSE,15.08868,20.0738
33,414,FALSE,31.09113,10.0938
33,415,FALSE,28.02354,30.07146
33,416,FALSE,20.12814,33.05526
33,417,FALSE,28.03091,6.12422
33,418,FALSE,35.0342,35.04346
33,419,FALSE,33.00004,33.13297
33,420,FALSE,33.04694,33.13844
33,421,FALSE,33.09016,33.10576
33,422,FALSE,30.04266,28.14101
33,423,FALSE,23.00743,6.08712
33,425,FALSE,5.07071,6.00524
33,426,FALSE,33.09118,6.06097
33,427,FALSE,6.13367,6.10796
33,428,FALSE,33.03164,33.04804
33,429,FALSE,28.13351,33.00471
34,1,FALSE,23.14707,6.05924
34,3,FALSE,4.00704,4.11146
34,5,FALSE,37.08166,6.0214
34,6,FALSE,33.1001,5.07728
34,7,FALSE,1,4.02065
34,9,FALSE,5.14337,5.05349
34,10,FALSE,4.14618,5.11854
34,11,FALSE,1,6.12424
34,13,FALSE,6.06987,6.04396
34,17,FALSE,29.01257,6.01875
34,18,FALSE,6.0041,6.00566
34,19,TRUE,33.04265,1
34,21,FALSE,29.10714,6.05037
34,22,FALSE,6.1336,6.13095
34,25,FALSE,19.02535,6.02911
34,29,FALSE,5.14734,2.02217
34,30,FALSE,6.11175,6.05595
34,69,FALSE,24.14123,2.05812
34,70,FALSE,23.14462,28.0427
34,71,FALSE,28.06331,6.08637
34,72,FALSE,33.01864,33.02283
34,73,FALSE,28.10305,28.1265
34,74,FALSE,37.10691,33.06675
34,75,FALSE,33.11,34.0429
34,76,FALSE,28.10957,6.13194
34,77,FALSE,6.11586,18.04599
34,78,FALSE,23.08588,6.03967
34,79,FALSE,6.08225,6.0986
34,82,FALSE,29.13137,6.04704
34,83,FALSE,18.07547,3.04207
34,84,FALSE,1,33.11103
34,85,TRUE,2.11372,1
34,86,TRUE,29.07528,1
34,91,FALSE,5.12214,5.08483
34,92,FALSE,28.01219,6.05406
34,93,FALSE,23.08231,6.10121
34,95,FALSE,5.14016,3.1195
34,98,FALSE,30.07194,5.12936
34,99,FALSE,34.07193,22.12595
34,100,FALSE,35.03196,6.06451
34,101,FALSE,23.13594,3.03635
34,103,FALSE,25.09904,6.11369
34,104,FALSE,30.07823,6.03213
34,106,FALSE,28.06512,3.07851
34,107,FALSE,26.02339,4.04097
34,109,FALSE,34.02728,6.1186
34,110,FALSE,28.08153,6.09034
34,111,FALSE,33.03699,3.08585
34,112,FALSE,22.09705,3.13847
34,113,FALSE,28.1385,5.00231
34,114,FALSE,5.09128,2.00367
34,115,FALSE,5.10601,6.0184
34,116,FALSE,28.11288,3.08167
34,117,FALSE,5.11005,4.00047
34,118,FALSE,18.07737,2.12108
34,120,FALSE,34.0645,2.13926
34,121,FALSE,5.13939,3.03309
34,122,FALSE,5.11012,1.12574
34,123,FALSE,6.13171,2.08073
34,124,FALSE,37.12903,2.11639
34,125,FALSE,34.06743,35.02739
34,126,FALSE,30.03389,35.06891
34,127,FALSE,24.06328,6.04574
34,128,FALSE,30.02809,4.09386
34,129,FALSE,30.0845,6.01136
34,130,FALSE,35.07361,35.14078
34,131,FALSE,5.11935,4.03948
34,133,FALSE,5.12879,3.09099
34,134,FALSE,4.06064,4.07982
34,135,FALSE,4.05951,6.11718
34,136,FALSE,4.1293,4.00901
34,137,FALSE,5.06619,4.06104
34,139,FALSE,5.02857,5.1231
34,140,FALSE,3.14324,4.03012
34,141,FALSE,2.07131,6.01332
34,142,FALSE,3.0555,3.05246
34,143,FALSE,5.03544,1.05022
34,144,FALSE,5.1412,4.12828
34,145,FALSE,1,30.01758
34,146,TRUE,1,1
34,147,FALSE,1,2.0489
34,148,TRUE,1,1
34,149,TRUE,18.04397,1
34,150,FALSE,1,35.10294
34,151,TRUE,1.07035,1
34,153,FALSE,6.1117,6.12801
34,154,FALSE,23.08089,6.02648
34,155,FALSE,5.1386,4.02168
34,156,FALSE,5.10208,6.00419
34,157,FALSE,5.05454,1.03715
34,158,FALSE,18.03077,4.08112
34,159,FALSE,23.01904,1.00789
34,160,FALSE,23.09431,4.07578
34,161,FALSE,18.02904,4.03032
34,162,FALSE,29.09294,34.06231
34,164,FALSE,37.10383,5.06603
34,165,FALSE,6.00599,35.1395
34,166,FALSE,30.12262,35.14402
34,167,FALSE,5.02495,6.01805
34,168,FALSE,1,35.0099
34,169,FALSE,30.12681,35.14117
34,173,FALSE,29.14051,6.00562
34,175,FALSE,3.06259,3.07311
34,176,FALSE,5.14139,5.00107
34,177,FALSE,30.0587,6.07189
34,178,FALSE,35.03129,34.02314
34,179,FALSE,34.03393,6.09663
34,180,FALSE,28.11893,28.13867
34,181,FALSE,35.02718,33.01878
34,182,FALSE,10.12064,6.14008
34,183,FALSE,35.10059,6.03831
34,184,FALSE,37.07349,6.12667
34,185,FALSE,28.05387,6.14559
34,186,FALSE,37.03027,6.02433
34,188,FALSE,30.01566,1.0379
34,189,FALSE,34.0495,34.10196
34,190,FALSE,23.14113,6.11049
34,191,FALSE,30.12537,6.04403
34,192,FALSE,25.01729,6.11886
34,193,FALSE,35.11333,36.11431
34,194,FALSE,25.11633,6.08401
34,195,FALSE,28.09122,6.06089
34,197,FALSE,29.0843,2.14345
34,198,FALSE,25.06977,6.04113
34,199,FALSE,30.11685,6.05133
34,200,FALSE,6.09824,6.11878
34,201,FALSE,5.10998,6.05651
34,202,FALSE,37.06087,37.04928
34,203,FALSE,30.0615,30.09776
34,204,FALSE,30.03222,4.12968
34,206,FALSE,30.02046,2.00822
34,207,FALSE,28.04293,6.05996
34,208,FALSE,5.12138,5.01808
34,209,FALSE,28.02276,28.08594
34,210,FALSE,28.10585,28.0113
34,211,FALSE,28.06601,33.0906
34,212,FALSE,5.05009,4.06425
34,213,FALSE,13.005,5.1444
34,216,FALSE,28.08541,6.09416
34,217,FALSE,29.14681,6.14333
34,218,FALSE,30.07092,6.11298
34,219,FALSE,25.00912,18.06091
34,222,FALSE,28.14534,5.11059
34,225,FALSE,33.03153,33.07513
34,226,FALSE,35.11845,6.09443
34,227,FALSE,37.0862,34.0296
34,229,FALSE,33.11495,33.11469
34,230,FALSE,33.08419,33.0655
34,233,FALSE,30.14202,6.02913
34,234,FALSE,30.08768,33.02019
34,235,FALSE,30.0078,33.00386
34,236,FALSE,4.04651,4.02554
34,237,FALSE,5.09748,6.06507
34,242,FALSE,24.10531,4.00951
34,243,FALSE,6.11562,6.1283
34,251,FALSE,34.08303,34.09462
34,252,FALSE,28.11644,6.09434
34,253,FALSE,30.00547,4.06223
34,254,FALSE,4.07585,1.0007
34,255,FALSE,13.03098,3.12503
34,256,FALSE,30.02368,2.14355
34,257,FALSE,20.07638,4.01531
34,258,FALSE,18.02421,1.12116
34,259,FALSE,5.02555,33.04393
34,260,FALSE,5.00997,5.0973
34,262,FALSE,36.01418,1.12193
34,263,FALSE,6.00458,4.00121
34,264,FALSE,29.13329,6.10313
34,265,FALSE,6.04115,5.04404
34,270,FALSE,6.00133,33.08032
34,271,FALSE,28.00722,6.14547
34,272,FALSE,5.10344,6.04944
34,273,FALSE,5.08732,6.01865
34,274,FALSE,5.05474,6.00236
34,275,FALSE,6.12326,33.05205
34,280,FALSE,5.14437,3.03976
34,289,FALSE,29.04277,5.14466
34,290,FALSE,6.1196,6.12774
34,291,FALSE,6.13489,6.14177
34,292,FALSE,6.13925,5.12076
34,293,FALSE,30.14175,15.07949
34,294,FALSE,6.10604,10.01048
34,295,FALSE,36.08421,25.00577
34,296,FALSE,4.03004,20.07162
34,297,FALSE,35.10403,6.00775
34,298,FALSE,33.1057,1.02912
34,299,FALSE,34.01842,6.06421
34,300,FALSE,33.13165,4.01169
34,301,FALSE,33.07146,4.13408
34,302,FALSE,35.01911,6.09372
34,303,FALSE,33.04452,33.05211
34,308,FALSE,31.12513,5.06887
34,317,FALSE,22.10693,4.01992
34,318,FALSE,36.09088,6.02589
34,319,FALSE,30.0824,5.1441
34,320,FALSE,27.08123,4.13343
34,321,FALSE,34.07381,3.0059
34,322,FALSE,18.07994,5.13366
34,323,FALSE,17.02221,2.04014
34,324,FALSE,23.13281,2.10075
34,325,FALSE,25.12332,4.06228
34,326,FALSE,18.05126,3.13069
34,328,FALSE,25.0989,5.1426
34,329,FALSE,31.05389,20.14653
34,330,FALSE,30.11341,6.05378
34,331,FALSE,20.00457,5.09281
34,332,FALSE,30.00168,5.13495
34,333,FALSE,30.08511,33.01198
34,334,FALSE,6.03795,6.02839
34,335,FALSE,30.0158,5.06888
34,336,FALSE,30.07219,5.12885
34,337,FALSE,25.06877,6.00287
34,339,FALSE,28.14176,5.06006
34,340,TRUE,1.05836,1
34,341,TRUE,25.04182,1
34,342,FALSE,5.09442,36.02543
34,343,TRUE,1,1
34,346,FALSE,27.09145,6.03229
34,347,FALSE,33.0285,6.08908
34,348,FALSE,27.03501,6.01268
34,349,FALSE,25.00603,2.13296
34,350,FALSE,29.00078,28.05713
34,351,FALSE,25.01817,6.13918
34,352,FALSE,34.12084,6.06211
34,353,FALSE,37.09532,34.10277
34,354,FALSE,34.10977,34.13249
34,355,FALSE,23.03604,4.05252
34,357,FALSE,29.07218,5.08901
34,358,FALSE,28.03858,6.00271
34,359,FALSE,32.07624,6.0114
34,361,FALSE,25.07111,6.06378
34,363,FALSE,35.08894,35.11614
34,364,FALSE,35.06358,35.09608
34,365,FALSE,23.07812,3.05825
34,366,FALSE,5.1052,5.1118
34,367,FALSE,35.01494,35.03197
34,370,FALSE,28.14171,6.07783
34,371,FALSE,33.09446,6.14481
34,372,FALSE,33.12882,6.1472
34,373,FALSE,6.05354,6.06802
34,374,FALSE,37.10482,1.0144
34,375,FALSE,4.09029,5.01234
34,376,FALSE,5.10191,6.02574
34,377,FALSE,2.10115,6.05888
34,378,FALSE,28.1077,33.03176
34,379,FALSE,5.11864,28.1373
34,380,FALSE,33.09193,34.01767
34,381,FALSE,5.09044,6.13252
34,383,FALSE,30.14523,5.06584
34,384,FALSE,30.0462,6.1435
34,385,FALSE,25.09654,1.01216
34,386,FALSE,27.01456,4.11363
34,387,FALSE,34.09473,2.14697
34,388,FALSE,5.09252,2.04054
34,389,FALSE,7.04964,2.05314
34,390,FALSE,27.03116,3.06955
34,391,FALSE,23.14305,5.04847
34,394,FALSE,30.09766,5.04506
34,395,FALSE,2.08677,35.06663
34,396,FALSE,3.09166,35.0707
34,397,FALSE,4.08154,35.11697
34,398,FALSE,33.0942,35.13352
34,403,FALSE,19.12622,6.01997
34,404,FALSE,34.07106,35.14698
34,405,FALSE,5.02329,35.08104
34,406,FALSE,1,4.03688
34,407,FALSE,28.14073,29.12699
34,408,TRUE,4.098,1
34,412,FALSE,34.09802,10.10162
34,413,FALSE,25.00829,20.08858
34,414,FALSE,31.13985,10.02561
34,415,FALSE,28.08747,30.02223
34,416,FALSE,20.10354,33.07143
34,417,FALSE,28.0435,6.1422
34,418,FALSE,35.04143,35.0608
34,419,FALSE,33.09042,33.13178
34,420,FALSE,33.0415,33.1193
34,421,FALSE,33.00377,33.13906
34,422,FALSE,30.05634,28.07586
34,423,FALSE,23.09449,6.09206
34,425,FALSE,37.05532,6.1007
34,426,FALSE,33.14739,6.04197
34,427,FALSE,6.12807,6.06896
34,428,FALSE,33.1177,33.11339
34,429,FALSE,28.08779,33.11181
35,1,FALSE,23.04011,6.08138
35,3,FALSE,4.0137,4.12583
35,5,FALSE,37.02256,6.01186
35,6,FALSE,33.00645,5.14019
35,7,FALSE,1,4.04181
35,9,FALSE,5.06347,4.05977
35,10,FALSE,4.1177,4.02115
35,11,FALSE,1,6.07438
35,13,FALSE,6.12654,6.08064
35,17,FALSE,28.03083,6.03349
35,18,FALSE,6.02114,6.0406
35,19,TRUE,33.0437,1
35,21,FALSE,18.0151,6.06804
35,22,FALSE,6.12295,6.11085
35,25,FALSE,19.00732,6.02474
35,29,FALSE,5.12676,2.05052
35,30,FALSE,6.12437,6.06459
35,69,FALSE,24.11423,2.05904
35,70,FALSE,23.07295,28.06642
35,71,FALSE,28.08821,6.07868
35,72,FALSE,33.01629,33.02726
35,73,FALSE,28.01526,28.08978
35,74,FALSE,33.02848,33.057
35,75,FALSE,33.11714,34.0208
35,76,FALSE,28.09534,6.11048
35,77,FALSE,6.12505,18.13641
35,78,FALSE,29.11951,6.02567
35,79,FALSE,6.10595,6.10719
35,82,FALSE,29.12106,6.10568
35,83,FALSE,18.06958,3.10546
35,84,FALSE,1,33.00965
35,85,TRUE,2.06655,1
35,86,TRUE,29.07428,1
35,91,FALSE,5.14532,5.08451
35,92,FALSE,6.05869,6.06682
35,93,FALSE,23.11495,6.11081
35,95,FALSE,5.1435,4.09416
35,98,FALSE,30.11721,5.03743
35,99,FALSE,34.1156,22.07545
35,100,FALSE,35.01663,6.08042
35,101,FALSE,23.10446,5.10105
35,103,FALSE,25.12349,6.13435
35,104,FALSE,30.14714,6.03375
35,106,FALSE,28.10684,3.1087
35,107,FALSE,26.03232,4.09596
35,109,FALSE,34.01921,6.08922
35,110,FALSE,28.11885,6.08724
35,111,FALSE,33.04753,3.03257
35,112,FALSE,22.05798,4.0602
35,113,FALSE,28.10994,5.06664
35,114,FALSE,5.09093,2.04812
35,115,FALSE,5.13728,6.01518
35,116,FALSE,28.05972,3.07802
35,117,FALSE,5.09679,4.0361
35,118,FALSE,18.0263,2.09529
35,120,FALSE,34.03135,2.06934
35,121,FALSE,5.13897,3.02289
35,122,FALSE,5.14114,1.14674
35,123,FALSE,6.02283,2.00693
35,124,FALSE,37.0528,2.00824
35,125,FALSE,34.03539,35.07154
35,126,FALSE,30.02036,35.0216
35,127,FALSE,24.08558,6.03201
35,128,FALSE,30.056,6.00773
35,129,FALSE,30.13819,6.12763
35,130,FALSE,35.0364,35.12507
35,131,FALSE,5.09858,4.13425
35,133,FALSE,5.1376,3.10702
35,134,FALSE,4.02373,4.07708
35,135,FALSE,4.11937,2.1283
35,136,FALSE,4.12778,4.11972
35,137,FALSE,5.12458,4.02747
35,139,FALSE,5.12824,5.13106
35,140,FALSE,3.03653,4.01918
35,141,FALSE,2.14659,6.09562
35,142,FALSE,3.08664,3.04995
35,143,FALSE,5.06742,1.04046
35,144,FALSE,5.09929,4.01097
35,145,FALSE,1,30.05192
35,146,TRUE,1,1
35,147,FALSE,1,2.12472
35,148,TRUE,1,1
35,149,TRUE,18.0143,1
35,150,FALSE,1,35.00596
35,151,TRUE,1.09362,1
35,153,FALSE,6.1052,6.1092
35,154,FALSE,23.0731,6.03849
35,155,FALSE,23.13558,4.07971
35,156,FALSE,28.01482,5.09345
35,157,FALSE,5.13363,1.04855
35,158,FALSE,18.01533,4.12835
35,159,FALSE,23.02869,1.08731
35,160,FALSE,23.14669,4.026
35,161,FALSE,18.06476,4.00738
35,162,FALSE,29.14264,34.06633
35,164,FALSE,37.11737,5.07357
35,165,FALSE,6.07625,35.07716
35,166,FALSE,30.10329,35.05119
35,167,FALSE,5.11944,6.13497
35,168,FALSE,1,35.02299
35,169,FALSE,30.06931,35.13398
35,173,FALSE,29.09789,6.00967
35,175,FALSE,3.09572,3.11101
35,176,FALSE,5.02523,5.06775
35,177,FALSE,30.09849,6.08346
35,178,FALSE,35.02665,34.03307
35,179,FALSE,34.07859,6.13934
35,180,FALSE,28.08148,28.13185
35,181,FALSE,35.01092,33.09405
35,182,FALSE,10.05894,6.13822
35,183,FALSE,35.00507,6.1069
35,184,FALSE,37.06191,6.05941
35,185,FALSE,28.1368,6.13287
35,186,FALSE,37.04025,6.05155
35,188,FALSE,30.08785,1.12173
35,189,FALSE,34.09303,34.13791
35,190,FALSE,23.13919,6.14262
35,191,FALSE,30.03869,6.08902
35,192,FALSE,25.00014,6.10731
35,193,FALSE,35.01278,36.14004
35,194,FALSE,25.11086,6.11693
35,195,FALSE,28.11882,6.08084
35,197,FALSE,30.10618,2.07929
35,198,FALSE,25.0191,6.02922
35,199,FALSE,30.0181,23.09964
35,200,FALSE,6.09582,6.09919
35,201,FALSE,5.13265,6.13102
35,202,FALSE,37.12513,37.03075
35,203,FALSE,30.0935,30.01969
35,204,FALSE,30.06181,6.07649
35,206,FALSE,30.13379,2.14052
35,207,FALSE,28.08797,6.08341
35,208,FALSE,5.09653,5.09158
35,209,FALSE,28.12675,28.01771
35,210,FALSE,28.11374,28.00267
35,211,FALSE,28.06941,33.07541
35,212,FALSE,5.07264,4.1298
35,213,FALSE,13.11041,5.11479
35,216,FALSE,28.06866,6.08062
35,217,FALSE,29.04894,6.13072
35,218,FALSE,30.13795,6.12281
35,219,FALSE,25.00692,6.14535
35,222,FALSE,28.05752,5.13073
35,225,FALSE,33.07435,33.08474
35,226,FALSE,35.10387,6.10976
35,227,FALSE,37.11796,34.08007
35,229,FALSE,33.10666,33.07884
35,230,FALSE,33.06863,33.0187
35,233,FALSE,30.12409,6.00227
35,234,FALSE,30.11559,33.0046
35,235,FALSE,30.03925,33.14616
35,236,FALSE,4.09972,4.08939
35,237,FALSE,5.10426,6.01944
35,242,FALSE,24.14022,4.12536
35,243,FALSE,6.05998,6.12171
35,251,FALSE,34.05507,34.09911
35,252,FALSE,28.10785,6.11489
35,253,FALSE,30.10094,4.12722
35,254,FALSE,4.08714,1.11067
35,255,FALSE,13.14255,3.07091
35,256,FALSE,30.02596,2.06873
35,257,FALSE,20.01707,4.08213
35,258,FALSE,18.05824,1.00256
35,259,FALSE,5.12054,33.04915
35,260,FALSE,5.10236,5.02613
35,262,FALSE,36.09564,1.12567
35,263,FALSE,6.07257,3.11817
35,264,FALSE,29.09754,6.12667
35,265,FALSE,6.07447,5.10729
35,270,FALSE,6.01664,33.03447
35,271,FALSE,28.01979,6.03815
35,272,FALSE,5.05143,6.10795
35,273,FALSE,5.1413,6.01502
35,274,FALSE,5.1336,6.01565
35,275,FALSE,6.08306,33.06082
35,280,FALSE,5.06502,3.11419
35,289,FALSE,29.00467,5.13724
35,290,FALSE,6.13582,6.12932
35,291,FALSE,6.14164,6.14328
35,292,FALSE,6.12073,5.13344
35,293,FALSE,30.14482,15.03915
35,294,FALSE,6.11456,10.0374
35,295,FALSE,36.01202,25.09215
35,296,FALSE,4.09783,20.01716
35,297,FALSE,35.03995,6.06103
35,298,FALSE,33.0026,2.0742
35,299,FALSE,34.02536,6.06536
35,300,FALSE,33.06504,6.04176
35,301,FALSE,33.13227,4.01256
35,302,FALSE,35.05346,6.00849
35,303,FALSE,33.10509,33.00345
35,308,FALSE,31.03208,3.03249
35,317,FALSE,22.13805,3.13716
35,318,FALSE,36.08089,4.1259
35,319,FALSE,30.12635,5.11248
35,320,FALSE,27.1176,4.07234
35,321,FALSE,34.13702,4.05007
35,322,FALSE,18.14677,5.03037
35,323,FALSE,17.05094,2.01267
35,324,FALSE,23.07516,2.11779
35,325,FALSE,25.1262,2.05048
35,326,FALSE,28.08692,4.03645
35,328,FALSE,25.1385,5.13695
35,329,FALSE,31.04311,20.13303
35,330,FALSE,30.00863,6.09012
35,331,FALSE,20.10842,5.02836
35,332,FALSE,30.08288,5.04674
35,333,FALSE,30.12248,33.06397
35,334,FALSE,6.13532,6.11833
35,335,FALSE,30.0281,5.09278
35,336,FALSE,30.01549,5.11092
35,337,FALSE,25.08985,6.07987
35,339,FALSE,28.03024,6.04211
35,340,TRUE,1.11797,1
35,341,TRUE,25.13908,1
35,342,FALSE,5.09462,36.05027
35,343,TRUE,1,1
35,346,FALSE,27.11636,6.08535
35,347,FALSE,33.05207,6.11359
35,348,FALSE,27.02332,6.06284
35,349,FALSE,25.02469,2.12152
35,350,FALSE,29.11184,6.12805
35,351,FALSE,25.07841,6.11502
35,352,FALSE,34.07404,6.08513
35,353,FALSE,37.08623,34.10019
35,354,FALSE,34.04315,34.13187
35,355,FALSE,23.13871,5.08189
35,357,FALSE,29.13813,5.09413
35,358,FALSE,28.05793,6.01718
35,359,FALSE,32.06405,6.0156
35,361,FALSE,25.13147,6.07661
35,363,FALSE,35.07127,35.10569
35,364,FALSE,35.01812,35.05203
35,365,FALSE,23.01314,3.09409
35,366,FALSE,5.05571,5.05262
35,367,FALSE,35.04793,35.05258
35,370,FALSE,28.0909,6.07225
35,371,FALSE,33.07008,6.13677
35,372,FALSE,33.09791,6.13141
35,373,FALSE,6.09081,6.01248
35,374,FALSE,37.04679,1.06654
35,375,FALSE,23.05254,5.10706
35,376,FALSE,5.06152,6.13585
35,377,FALSE,1,2.10364
35,378,FALSE,28.04704,33.02181
35,379,FALSE,5.06967,28.00479
35,380,FALSE,33.02363,34.01909
35,381,FALSE,5.0856,6.10049
35,383,FALSE,30.05965,5.11681
35,384,FALSE,28.09956,6.08314
35,385,FALSE,25.13397,2.04927
35,386,FALSE,27.07004,4.12665
35,387,FALSE,34.07142,1.11169
35,388,FALSE,5.12309,2.10125
35,389,FALSE,7.08888,2.06156
35,390,FALSE,27.05556,3.00237
35,391,FALSE,23.05201,4.00194
35,394,FALSE,30.0688,5.02889
35,395,FALSE,2.05581,35.08994
35,396,FALSE,3.05847,35.14484
35,397,FALSE,4.06747,35.11336
35,398,FALSE,33.07683,35.14583
35,403,FALSE,19.08612,6.04138
35,404,FALSE,34.04009,35.01121
35,405,FALSE,5.10466,35.11286
35,406,FALSE,4.06013,6.01903
35,407,FALSE,28.04692,29.04978
35,408,TRUE,4.09018,1
35,412,FALSE,34.10143,10.00048
35,413,FALSE,25.12819,20.0277
35,414,FALSE,31.06715,10.09151
35,415,FALSE,28.01728,30.04279
35,416,FALSE,20.12499,33.01754
35,417,FALSE,23.13201,6.14315
35,418,FALSE,35.0062,35.01122
35,419,FALSE,33.04461,33.11058
35,420,FALSE,33.01773,33.09939
35,421,FALSE,33.02356,33.13347
35,422,FALSE,30.03092,28.08625
35,423,FALSE,23.1021,6.07429
35,425,FALSE,37.08506,6.01001
35,426,FALSE,33.13847,6.05166
35,427,FALSE,6.12371,6.05058
35,428,FALSE,33.1337,33.13453
35,429,FALSE,28.05132,33.12768
36,1,FALSE,23.02109,6.09897
36,3,FALSE,4.04576,4.07938
36,5,FALSE,37.13003,6.01167
36,6,FALSE,33.04816,5.04239
36,7,FALSE,1,4.00889
36,9,FALSE,5.0677,4.00862
36,10,FALSE,4.11538,4.06158
36,11,FALSE,1,6.01474
36,13,FALSE,6.1197,6.08068
36,17,FALSE,28.04531,6.0187
36,18,FALSE,6.0191,6.02319
36,19,TRUE,33.11324,1
36,21,FALSE,18.00112,6.05537
36,22,FALSE,6.10021,6.12218
36,25,FALSE,19.08587,6.02839
36,29,FALSE,5.13531,2.05676
36,30,FALSE,6.14056,6.07853
36,69,FALSE,24.13701,2.08278
36,70,FALSE,23.07273,28.13928
36,71,FALSE,6.04131,6.04325
36,72,FALSE,33.00861,33.04545
36,73,FALSE,28.10686,28.0397
36,74,FALSE,33.05493,33.05674
36,75,FALSE,33.09454,34.05823
36,76,FALSE,28.12538,6.1231
36,77,FALSE,6.12404,18.10412
36,78,FALSE,29.05463,6.03713
36,79,FALSE,6.09921,6.10396
36,82,FALSE,29.08628,6.01835
36,83,FALSE,18.03005,3.13773
36,84,FALSE,1,33.02191
36,85,TRUE,2.01807,1
36,86,TRUE,29.09998,1
36,91,FALSE,5.1452,5.08573
36,92,FALSE,28.10221,6.08078
36,93,FALSE,23.12437,6.10913
36,95,FALSE,5.04967,4.03581
36,98,FALSE,30.06251,5.10167
36,99,FALSE,34.10385,22.00378
36,100,FALSE,35.01333,6.06761
36,101,FALSE,23.07056,5.0599
36,103,FALSE,25.06662,6.08582
36,104,FALSE,30.12677,6.00318
36,106,FALSE,28.0018,3.02124
36,107,FALSE,26.0177,4.09812
36,109,FALSE,34.03241,6.12874
36,110,FALSE,28.12417,6.08936
36,111,FALSE,33.04732,3.13168
36,112,FALSE,22.03206,4.02991
36,113,FALSE,28.04269,5.00736
36,114,FALSE,5.13725,2.03235
36,115,FALSE,5.12653,6.03
36,116,FALSE,28.12387,3.12008
36,117,FALSE,5.07356,4.08947
36,118,FALSE,18.00816,2.10536
36,120,FALSE,34.13982,2.07767
36,121,FALSE,5.14106,3.00904
36,122,FALSE,5.12042,1.1317
36,123,FALSE,6.09703,2.13078
36,124,FALSE,37.05138,2.13529
36,125,FALSE,34.09143,35.06007
36,126,FALSE,30.09917,35.10434
36,127,FALSE,24.06645,6.02121
36,128,FALSE,30.06983,6.10007
36,129,FALSE,30.01577,6.10978
36,130,FALSE,35.0762,35.09741
36,131,FALSE,5.06729,4.03357
36,133,FALSE,5.07929,3.00236
36,134,FALSE,4.11746,4.07176
36,135,FALSE,4.13486,6.06539
36,136,FALSE,4.12798,4.01601
36,137,FALSE,5.00829,4.14513
36,139,FALSE,5.10322,5.03072
36,140,FALSE,3.08115,4.03325
36,141,FALSE,2.11048,6.11276
36,142,FALSE,3.07692,3.02585
36,143,FALSE,5.10196,1.00671
36,144,FALSE,5.07413,4.03515
36,145,FALSE,1,30.088
36,146,TRUE,1,1
36,147,FALSE,1,2.07452
36,148,TRUE,1,1
36,149,TRUE,18.03384,1
36,150,FALSE,1,35.03213
36,151,TRUE,1.02836,1
36,153,FALSE,6.08007,6.09048
36,154,FALSE,28.12272,6.02539
36,155,FALSE,23.10132,4.0515
36,156,FALSE,5.12981,6.04252
36,157,FALSE,5.1068,1.10274
36,158,FALSE,18.04694,4.11567
36,159,FALSE,23.03833,3.04829
36,160,FALSE,23.02804,4.06617
36,161,FALSE,18.0023,4.04026
36,162,FALSE,29.09025,34.0091
36,164,FALSE,37.0076,5.14673
36,165,FALSE,6.0251,35.00126
36,166,FALSE,30.06872,35.08129
36,167,FALSE,5.03123,6.07274
36,168,FALSE,1,35.13539
36,169,FALSE,30.11412,35.12445
36,173,FALSE,29.05614,6.01301
36,175,FALSE,3.09589,3.14406
36,176,FALSE,5.00415,5.01805
36,177,FALSE,30.0553,6.1128
36,178,FALSE,35.02081,34.00709
36,179,FALSE,34.10951,6.14369
36,180,FALSE,28.06937,28.10537
36,181,FALSE,35.00499,33.02383
36,182,FALSE,10.01443,6.12751
36,183,FALSE,35.09824,6.09556
36,184,FALSE,37.04994,6.02017
36,185,FALSE,28.14476,6.13771
36,186,FALSE,37.13792,6.00515
36,188,FALSE,37.13482,1.00583
36,189,FALSE,34.12769,34.1342
36,190,FALSE,23.13573,6.14648
36,191,FALSE,30.12539,6.03623
36,192,FALSE,25.00365,6.06504
36,193,FALSE,35.08774,36.13563
36,194,FALSE,25.02822,6.07991
36,195,FALSE,28.04193,6.07959
36,197,FALSE,30.05911,1.04619
36,198,FALSE,25.04132,6.002
36,199,FALSE,30.05654,6.04779
36,200,FALSE,6.03214,6.05442
36,201,FALSE,5.1115,6.09135
36,202,FALSE,37.05027,37.0525
36,203,FALSE,30.01858,30.02743
36,204,FALSE,30.04734,6.10618
36,206,FALSE,30.03977,2.11665
36,207,FALSE,28.08193,6.05566
36,208,FALSE,5.13414,5.10615
36,209,FALSE,28.09868,28.13236
36,210,FALSE,28.06899,28.00689
36,211,FALSE,28.14658,33.01526
36,212,FALSE,4.1233,5.07044
36,213,FALSE,13.03385,5.08403
36,216,FALSE,28.01681,6.09552
36,217,FALSE,29.12422,6.13518
36,218,FALSE,30.13589,6.0718
36,219,FALSE,25.07123,6.13522
36,222,FALSE,28.0986,5.14488
36,225,FALSE,33.05198,33.11866
36,226,FALSE,35.06319,6.10231
36,227,FALSE,37.0198,34.08382
36,229,FALSE,33.11402,33.06653
36,230,FALSE,33.02962,33.03712
36,233,FALSE,30.13687,6.02255
36,234,FALSE,30.00777,33.01013
36,235,FALSE,30.09022,33.00277
36,236,FALSE,4.05311,4.00173
36,237,FALSE,5.12679,6.1391
36,242,FALSE,24.0992,4.0676
36,243,FALSE,6.07358,6.08545
36,251,FALSE,34.05419,34.0721
36,252,FALSE,28.13469,6.09779
36,253,FALSE,30.06254,4.01431
36,254,FALSE,4.09573,1.13229
36,255,FALSE,13.0784,3.08304
36,256,FALSE,30.07677,2.09522
36,257,FALSE,20.09997,4.08025
36,258,FALSE,18.04219,5.04481
36,259,FALSE,5.03025,33.12087
36,260,FALSE,5.12943,5.09447
36,262,FALSE,36.11118,1.0305
36,263,FALSE,6.03317,3.01335
36,264,FALSE,29.11617,6.13455
36,265,FALSE,6.09819,5.06959
36,270,FALSE,6.05465,33.12654
36,271,FALSE,28.06453,6.10058
36,272,FALSE,5.13261,6.04832
36,273,FALSE,5.1171,6.08271
36,274,FALSE,5.09631,6.017
36,275,FALSE,6.11935,33.02931
36,280,FALSE,5.14397,3.13785
36,289,FALSE,29.13296,5.11526
36,290,FALSE,6.1262,6.11967
36,291,FALSE,6.13551,6.1395
36,292,FALSE,6.1225,5.11403
36,293,FALSE,30.14086,15.08906
36,294,FALSE,6.12711,10.00071
36,295,FALSE,36.11825,25.04837
36,296,FALSE,4.03693,20.05077
36,297,FALSE,35.06913,6.10066
36,298,FALSE,33.00466,1.09145
36,299,FALSE,34.00792,6.05262
36,300,FALSE,33.0875,6.01944
36,301,FALSE,33.02325,4.03892
36,302,FALSE,35.11881,5.09797
36,303,FALSE,33.0434,33.07285
36,308,FALSE,31.10389,3.06965
36,317,FALSE,22.07091,4.00541
36,318,FALSE,36.08831,6.03141
36,319,FALSE,30.0887,5.13891
36,320,FALSE,27.10293,4.06882
36,321,FALSE,34.00321,4.06484
36,322,FALSE,18.11751,5.06642
36,323,FALSE,17.09212,2.06231
36,324,FALSE,23.09845,1.13578
36,325,FALSE,25.07276,2.03527
36,326,FALSE,18.00931,3.11789
36,328,FALSE,25.13942,5.09529
36,329,FALSE,31.01125,20.07852
36,330,FALSE,28.0081,6.03818
36,331,FALSE,20.08286,5.01979
36,332,FALSE,30.12722,5.14153
36,333,FALSE,30.0238,33.01981
36,334,FALSE,6.0619,6.07169
36,335,FALSE,30.00253,5.07204
36,336,FALSE,30.07147,5.09394
36,337,FALSE,25.12941,6.00858
36,339,FALSE,28.13624,5.01239
36,340,TRUE,1.10639,1
36,341,TRUE,25.0978,1
36,342,FALSE,5.10276,36.1227
36,343,TRUE,1,1
36,346,FALSE,27.10515,6.05029
36,347,FALSE,33.08005,6.08319
36,348,FALSE,27.09175,6.02606
36,349,FALSE,25.07332,2.11099
36,350,FALSE,29.05387,6.14614
36,351,FALSE,25.14272,6.13434
36,352,FALSE,34.06962,6.05582
36,353,FALSE,37.03491,34.12585
36,354,FALSE,34.09367,34.11491
36,355,FALSE,23.08117,5.01073
36,357,FALSE,28.03615,5.08988
36,358,FALSE,28.07917,6.02513
36,359,FALSE,32.11926,6.02258
36,361,FALSE,25.10542,6.03667
36,363,FALSE,35.08785,35.08953
36,364,FALSE,35.08127,35.08652
36,365,FALSE,23.04649,3.11688
36,366,FALSE,5.0775,5.11424
36,367,FALSE,35.0145,35.02186
36,370,FALSE,28.12821,6.06859
36,371,FALSE,33.12592,6.13293
36,372,FALSE,33.11642,6.14482
36,373,FALSE,6.03351,6.01468
36,374,FALSE,37.1152,1.0285
36,375,FALSE,4.0393,5.13273
36,376,FALSE,5.02796,6.13345
36,377,FALSE,2.07818,6.01645
36,378,FALSE,28.06547,33.11457
36,379,FALSE,5.09665,28.06969
36,380,FALSE,33.02079,34.03571
36,381,FALSE,5.07618,6.09803
36,383,FALSE,29.12192,5.00979
36,384,FALSE,28.14051,6.13602
36,385,FALSE,25.1385,3.09622
36,386,FALSE,27.14281,1.13809
36,387,FALSE,34.07875,1.08813
36,388,FALSE,5.06966,2.04682
36,389,FALSE,7.13082,2.03261
36,390,FALSE,27.05336,3.09308
36,391,FALSE,23.00852,2.02199
36,394,FALSE,30.10402,5.04354
36,395,FALSE,2.04291,35.11669
36,396,FALSE,3.11401,35.13873
36,397,FALSE,4.06058,35.10898
36,398,FALSE,33.0474,35.03546
36,403,FALSE,19.0919,6.08982
36,404,FALSE,34.00718,35.14573
36,405,FALSE,5.14136,35.02193
36,406,FALSE,4.07783,6.06674
36,407,FALSE,28.13662,29.03343
36,408,TRUE,4.07672,1
36,412,FALSE,34.07944,10.03338
36,413,FALSE,30.0717,15.01417
36,414,FALSE,31.01487,10.13683
36,415,FALSE,28.11087,30.02243
36,416,FALSE,20.02665,33.06632
36,417,FALSE,23.07008,6.13652
36,418,FALSE,35.04328,35.07606
36,419,FALSE,33.02119,33.07382
36,420,FALSE,33.03771,33.06822
36,421,FALSE,33.059,33.13653
36,422,FALSE,30.13838,28.12734
36,423,FALSE,23.08731,6.08429
36,425,FALSE,37.09962,6.08915
36,426,FALSE,33.11395,6.06797
36,427,FALSE,6.10874,6.1076
36,428,FALSE,33.07841,33.05821
36,429,FALSE,28.14041,33.04218
37,1,FALSE,23.00392,6.07473
37,3,FALSE,4.10951,4.13755
37,5,FALSE,37.09796,6.02429
37,6,FALSE,33.02258,5.11492
37,7,FALSE,1,4.00696
37,9,FALSE,5.12658,5.04075
37,10,FALSE,4.01283,4.00876
37,11,FALSE,1,6.06262
37,13,FALSE,6.09645,6.11306
37,17,FALSE,28.0365,6.03335
37,18,FALSE,6.01953,6.021
37,19,TRUE,33.08083,1
37,21,FALSE,18.01969,6.07288
37,22,FALSE,6.14535,6.12402
37,25,FALSE,19.08715,6.01133
37,29,FALSE,5.10353,2.11201
37,30,FALSE,6.12571,6.04546
37,69,FALSE,24.10291,2.02512
37,70,FALSE,23.06396,28.13898
37,71,FALSE,6.08818,6.08835
37,72,FALSE,33.03603,33.07941
37,73,FALSE,28.06414,28.10975
37,74,FALSE,33.06263,33.09184
37,75,FALSE,33.14286,34.00854
37,76,FALSE,6.11334,6.12016
37,77,FALSE,6.10625,18.11258
37,78,FALSE,29.07377,6.03169
37,79,FALSE,6.10335,6.12153
37,82,FALSE,29.11663,6.0121
37,83,FALSE,18.0998,3.10568
37,84,FALSE,1,33.08081
37,85,TRUE,2.1113,1
37,86,TRUE,29.01716,1
37,91,FALSE,5.13415,5.04969
37,92,FALSE,6.05928,6.07749
37,93,FALSE,23.01219,6.12218
37,95,FALSE,5.05532,4.05412
37,98,FALSE,30.04438,5.12192
37,99,FALSE,34.09825,22.11366
37,100,FALSE,35.00237,6.10305
37,101,FALSE,23.14361,3.13816
37,103,FALSE,25.1014,6.12505
37,104,FALSE,30.10927,6.056
37,106,FALSE,28.07061,3.05319
37,107,FALSE,26.08318,4.05448
37,109,FALSE,34.09283,6.11212
37,110,FALSE,28.06079,6.08405
37,111,FALSE,33.09764,3.08157
37,112,FALSE,22.09515,3.04527
37,113,FALSE,28.09076,5.11514
37,114,FALSE,5.13378,2.09913
37,115,FALSE,5.13682,6.00225
37,116,FALSE,28.10628,3.10465
37,117,FALSE,5.04463,4.11316
37,118,FALSE,18.00747,2.01508
37,120,FALSE,34.00452,2.08226
37,121,FALSE,5.04502,3.0726
37,122,FALSE,5.12485,1.00399
37,123,FALSE,6.06465,2.08168
37,124,FALSE,37.09201,5.05773
37,125,FALSE,34.14437,35.01119
37,126,FALSE,30.03382,35.04428
37,127,FALSE,24.09137,6.13721
37,128,FALSE,30.10447,6.07384
37,129,FALSE,30.08858,6.1061
37,130,FALSE,35.07622,35.10198
37,131,FALSE,5.09166,4.03892
37,133,FALSE,5.11714,3.1299
37,134,FALSE,5.14142,4.01558
37,135,FALSE,4.08469,2.12128
37,136,FALSE,4.07058,4.12047
37,137,FALSE,5.14475,4.13526
37,139,FALSE,5.11226,5.02241
37,140,FALSE,3.07685,4.05281
37,141,FALSE,2.08202,6.0101
37,142,FALSE,3.04,3.06105
37,143,FALSE,5.07274,1.05843
37,144,FALSE,5.09369,4.14452
37,145,TRUE,30.11712,1
37,146,TRUE,1,1
37,147,FALSE,1,2.11117
37,148,TRUE,1,1
37,149,TRUE,18.10475,1
37,150,FALSE,1,35.01606
37,151,TRUE,1.01844,1
37,153,FALSE,6.10227,6.12036
37,154,FALSE,28.01941,6.0447
37,155,FALSE,5.11799,5.05171
37,156,FALSE,5.12912,6.03987
37,157,FALSE,5.13704,1.11662
37,158,FALSE,18.0352,4.00124
37,159,FALSE,23.11168,1.13819
37,160,FALSE,23.03486,4.01749
37,161,FALSE,18.08419,4.13881
37,162,FALSE,29.12625,34.06452
37,164,FALSE,37.05331,5.11045
37,165,FALSE,6.06758,35.12969
37,166,FALSE,30.09043,35.02956
37,167,FALSE,5.14659,6.02228
37,168,FALSE,1,35.04495
37,169,FALSE,30.12393,35.00132
37,173,FALSE,29.05824,6.00722
37,175,FALSE,3.03726,3.02663
37,176,FALSE,5.12921,5.01255
37,177,FALSE,30.0899,6.10006
37,178,FALSE,35.03214,34.06496
37,179,FALSE,34.07397,6.14715
37,180,FALSE,28.13073,28.13353
37,181,FALSE,35.09405,33.05547
37,182,FALSE,10.09445,6.13486
37,183,FALSE,35.00651,6.13342
37,184,FALSE,37.04535,6.11114
37,185,FALSE,28.11746,6.13051
37,186,FALSE,37.12908,6.08518
37,188,FALSE,30.04041,1.0418
37,189,FALSE,34.1209,34.1377
37,190,FALSE,23.01197,6.04725
37,191,FALSE,30.06205,6.13153
37,192,FALSE,25.09804,6.12326
37,193,FALSE,35.14683,36.0905
37,194,FALSE,25.13004,6.03964
37,195,FALSE,28.01059,6.01395
37,197,FALSE,30.07933,1.06237
37,198,FALSE,25.04826,6.01188
37,199,FALSE,30.01144,6.14459
37,200,FALSE,6.01242,6.11227
37,201,FALSE,5.12636,6.01064
37,202,FALSE,37.03526,37.0354
37,203,FALSE,30.08485,30.09257
37,204,FALSE,30.03515,6.05507
37,206,FALSE,30.04925,2.13693
37,207,FALSE,28.1375,6.0949
37,208,FALSE,5.10109,4.12438
37,209,FALSE,28.06599,28.14294
37,210,FALSE,28.11414,28.00206
37,211,FALSE,28.02536,33.01676
37,212,FALSE,5.09774,4.11922
37,213,FALSE,13.02587,5.14432
37,216,FALSE,28.08584,6.10832
37,217,FALSE,29.08566,6.13339
37,218,FALSE,30.10862,6.04658
37,219,FALSE,25.00424,6.13477
37,222,FALSE,28.08651,5.14003
37,225,FALSE,33.07252,33.11484
37,226,FALSE,35.02585,6.07376
37,227,FALSE,37.09378,34.0567
37,229,FALSE,33.11002,33.10476
37,230,FALSE,33.07142,33.04385
37,233,FALSE,30.07733,6.00315
37,234,FALSE,30.10779,33.08329
37,235,FALSE,30.04731,33.04229
37,236,FALSE,4.02009,4.00712
37,237,FALSE,5.12384,6.07555
37,242,FALSE,24.13736,4.01601
37,243,FALSE,6.02641,6.07087
37,251,FALSE,34.06762,34.11739
37,252,FALSE,28.11388,6.1029
37,253,FALSE,30.02863,4.10539
37,254,FALSE,4.01758,1.01285
37,255,FALSE,13.14353,3.13832
37,256,FALSE,30.13255,2.05098
37,257,FALSE,20.14569,4.13435
37,258,FALSE,18.10105,1.1458
37,259,FALSE,5.01684,33.00629
37,260,FALSE,5.03666,5.11155
37,262,FALSE,36.12298,1.01253
37,263,FALSE,6.00994,3.00189
37,264,FALSE,29.00562,6.12949
37,265,FALSE,6.06166,5.12268
37,270,FALSE,6.11877,33.00511
37,271,FALSE,28.10072,6.11704
37,272,FALSE,5.14442,6.06267
37,273,FALSE,5.11559,6.00203
37,274,FALSE,5.08939,6.01623
37,275,FALSE,6.0106,33.06389
37,280,FALSE,5.04822,3.09322
37,289,FALSE,29.0409,5.14713
37,290,FALSE,6.129,6.11502
37,291,FALSE,6.14547,6.14704
37,292,FALSE,6.13376,5.04349
37,293,FALSE,30.13472,16.03072
37,294,FALSE,15.0353,10.02578
37,295,FALSE,36.11545,25.008
37,296,FALSE,4.02162,20.06742
37,297,FALSE,35.07017,6.13145
37,298,FALSE,33.06044,2.13416
37,299,FALSE,34.10107,6.09575
37,300,FALSE,33.01357,4.11368
37,301,FALSE,33.08986,4.0946
37,302,FALSE,35.12876,5.02841
37,303,FALSE,33.07967,5.04037
37,308,FALSE,31.07699,5.06084
37,317,FALSE,22.06791,3.14695
37,318,FALSE,36.02968,4.11028
37,319,FALSE,30.08115,5.12299
37,320,FALSE,27.12464,4.01776
37,321,FALSE,34.06566,4.0055
37,322,FALSE,18.09987,5.00306
37,323,FALSE,17.08133,2.13705
37,324,FALSE,23.01083,1.07658
37,325,FALSE,25.10646,4.10739
37,326,FALSE,18.00772,4.14175
37,328,FALSE,25.14716,5.14411
37,329,FALSE,31.13956,20.03324
37,330,FALSE,30.03927,6.03042
37,331,FALSE,20.04841,5.03708
37,332,FALSE,28.07921,6.09292
37,333,FALSE,30.07753,33.03818
37,334,FALSE,6.03534,6.12236
37,335,FALSE,30.08788,5.05995
37,336,FALSE,30.11974,1.07725
37,337,FALSE,25.06422,6.0078
37,339,FALSE,28.13837,5.09327
37,340,TRUE,1.02752,1
37,341,TRUE,25.14598,1
37,342,FALSE,5.11331,36.13815
37,343,TRUE,1,1
37,346,FALSE,27.1391,6.01505
37,347,FALSE,33.05298,6.11696
37,348,FALSE,27.11623,6.07822
37,349,FALSE,25.07765,2.07284
37,350,FALSE,29.03211,6.08125
37,351,FALSE,25.00435,6.13893
37,352,FALSE,34.11018,6.0035
37,353,FALSE,37.08983,34.08674
37,354,FALSE,34.03791,34.07784
37,355,FALSE,23.11053,4.08877
37,357,FALSE,29.08557,5.09574
37,358,FALSE,28.07854,6.04068
37,359,FALSE,32.03893,6.0317
37,361,FALSE,25.06715,6.07516
37,363,FALSE,35.10357,35.10685
37,364,FALSE,35.08769,35.10192
37,365,FALSE,23.09027,3.13713
37,366,FALSE,5.07732,5.08222
37,367,FALSE,35.01298,35.04876
37,370,FALSE,28.12086,6.08794
37,371,FALSE,33.06624,6.10326
37,372,FALSE,33.03888,6.14466
37,373,FALSE,6.0828,6.01625
37,374,FALSE,37.03975,1.04318
37,375,FALSE,23.03507,5.07738
37,376,FALSE,5.06103,6.1255
37,377,FALSE,2.02427,6.12864
37,378,FALSE,28.10545,33.10718
37,379,FALSE,5.09786,28.09119
37,380,FALSE,33.04216,34.08645
37,381,FALSE,5.03908,6.08955
37,383,FALSE,29.11868,5.06677
37,384,FALSE,28.13463,6.12874
37,385,FALSE,25.07047,2.10024
37,386,FALSE,27.06789,1.03282
37,387,FALSE,34.10083,1.0927
37,388,FALSE,5.09626,2.02632
37,389,FALSE,7.11911,2.01231
37,390,FALSE,27.10071,3.13711
37,391,FALSE,23.08581,2.14609
37,394,FALSE,30.03838,5.01399
37,395,FALSE,2.04652,35.11701
37,396,FALSE,3.12189,35.04319
37,397,FALSE,4.0721,35.05868
37,398,FALSE,33.05962,35.0231
37,403,FALSE,19.06886,6.10077
37,404,FALSE,34.08676,35.00979
37,405,FALSE,5.12528,35.04043
37,406,FALSE,1,4.13663
37,407,FALSE,28.07727,29.04572
37,408,TRUE,4.02385,1
37,412,FALSE,34.10661,10.05135
37,413,FALSE,25.10286,15.09152
37,414,FALSE,31.10341,10.01907
37,415,FALSE,28.13525,30.02319
37,416,FALSE,20.03208,33.03377
37,417,FALSE,23.13796,6.14495
37,418,FALSE,35.01423,35.07414
37,419,FALSE,33.05956,33.14107
37,420,FALSE,33.01336,33.12842
37,421,FALSE,33.01794,33.10154
37,422,FALSE,30.12932,28.05785
37,423,FALSE,23.04352,6.09633
37,425,FALSE,5.13343,6.01358
37,426,FALSE,33.13572,6.06417
37,427,FALSE,6.13714,6.0952
37,428,FALSE,33.10028,33.09898
37,429,FALSE,28.11263,33.13113
38,1,FALSE,23.02067,6.05434
38,3,FALSE,4.02289,4.04628
38,5,FALSE,37.04926,6.01661
38,6,FALSE,33.00716,5.14206
38,7,FALSE,1,4.05619
38,9,FALSE,5.1342,4.04002
38,10,FALSE,4.0812,5.13584
38,11,FALSE,1,6.08606
38,13,FALSE,6.12098,6.09098
38,17,FALSE,28.01493,6.02401
38,18,FALSE,6.02998,6.03516
38,19,TRUE,33.01418,1
38,21,FALSE,29.0521,6.06552
38,22,FALSE,6.14582,6.13749
38,25,FALSE,19.07705,6.00922
38,29,FALSE,5.10282,2.04254
38,30,FALSE,6.116,6.09866
38,69,FALSE,24.11902,2.11368
38,70,FALSE,23.05021,28.09195
38,71,FALSE,28.04858,6.0403
38,72,FALSE,33.02558,33.04086
38,73,FALSE,28.1212,28.0093
38,74,FALSE,33.04366,33.10008
38,75,FALSE,33.11549,34.01968
38,76,FALSE,6.12805,6.13041
38,77,FALSE,6.14185,18.09582
38,78,FALSE,23.09853,6.04118
38,79,FALSE,6.1145,6.12277
38,82,FALSE,29.01312,6.12085
38,83,FALSE,18.11527,3.02049
38,84,FALSE,1,33.07519
38,85,FALSE,1,2.04663
38,86,TRUE,29.09839,1
38,91,FALSE,5.14732,5.08213
38,92,FALSE,28.13385,6.06223
38,93,FALSE,23.14639,6.11627
38,95,FALSE,5.14201,4.10827
38,98,FALSE,30.08658,5.04794
38,99,FALSE,34.0956,22.04421
38,100,FALSE,35.01013,6.10504
38,101,FALSE,23.06166,3.02868
38,103,FALSE,25.03519,6.14419
38,104,FALSE,30.0233,6.07847
38,106,FALSE,28.00273,3.13244
38,107,FALSE,26.00531,4.04887
38,109,FALSE,34.04534,6.13398
38,110,FALSE,28.06828,6.07277
38,111,FALSE,33.04488,3.11435
38,112,FALSE,22.06571,3.0562
38,113,FALSE,28.13286,5.0416
38,114,FALSE,5.12769,2.00727
38,115,FALSE,5.14497,6.0126
38,116,FALSE,28.13735,3.13222
38,117,FALSE,5.05782,3.06436
38,118,FALSE,18.09764,2.06951
38,120,FALSE,34.08487,2.03963
38,121,FALSE,5.12092,3.08271
38,122,FALSE,5.11746,1.12449
38,123,FALSE,6.12105,2.13687
38,124,FALSE,37.00091,5.10911
38,125,FALSE,34.03833,35.00369
38,126,FALSE,30.07196,35.0608
38,127,FALSE,24.10996,6.0637
38,128,FALSE,30.11138,6.07487
38,129,FALSE,30.1438,6.106
38,130,FALSE,35.12446,35.13898
38,131,FALSE,5.04976,4.11873
38,133,FALSE,5.14485,3.01448
38,134,FALSE,5.04293,4.06831
38,135,FALSE,4.11894,2.06632
38,136,FALSE,4.13826,4.12849
38,137,TRUE,5.08647,1
38,139,FALSE,5.08962,5.06084
38,140,FALSE,3.14216,4.01889
38,141,FALSE,2.07267,6.12426
38,142,FALSE,3.1052,3.1221
38,143,FALSE,5.09595,1.01567
38,144,FALSE,31.09648,4.06577
38,145,TRUE,30.08066,1
38,146,TRUE,1,1
38,147,FALSE,1,2.07073
38,148,TRUE,1,1
38,149,TRUE,18.04046,1
38,150,FALSE,1,35.10557
38,151,TRUE,1.12076,1
38,153,FALSE,6.09682,6.11969
38,154,FALSE,28.0531,6.00551
38,155,FALSE,37.03761,4.0122
38,156,FALSE,5.14549,6.04879
38,157,FALSE,5.07699,2.02744
38,158,FALSE,18.10983,4.04777
38,159,FALSE,23.03118,1.01282
38,160,FALSE,23.12698,4.10002
38,161,FALSE,18.09217,4.02009
38,162,FALSE,29.11402,34.10664
38,164,FALSE,37.04301,5.00158
38,165,FALSE,6.08901,35.08747
38,166,FALSE,30.08259,35.109
38,167,FALSE,5.0862,6.02149
38,168,FALSE,1,35.13997
38,169,FALSE,30.03881,35.14542
38,173,FALSE,28.06322,6.007
38,175,FALSE,3.09378,3.11249
38,176,FALSE,5.07077,5.10731
38,177,FALSE,30.14255,6.06643
38,178,FALSE,35.05885,34.00173
38,179,FALSE,34.00924,6.14151
38,180,FALSE,28.12873,28.12471
38,181,FALSE,35.00353,33.10402
38,182,FALSE,25.07239,6.12492
38,183,FALSE,35.11528,6.13411
38,184,FALSE,37.06974,6.12552
38,185,FALSE,28.01646,6.14653
38,186,FALSE,37.1392,6.02417
38,188,FALSE,37.07288,1.09983
38,189,FALSE,34.01654,34.13224
38,190,FALSE,23.04838,6.12874
38,191,FALSE,30.03706,6.06705
38,192,FALSE,25.11694,6.07025
38,193,FALSE,35.02409,36.14172
38,194,FALSE,25.12719,6.08562
38,195,FALSE,28.06676,6.02266
38,197,FALSE,29.04815,2.13204
38,198,FALSE,25.00087,6.03759
38,199,FALSE,29.03597,23.1234
38,200,FALSE,6.06925,6.08915
38,201,FALSE,5.08238,6.06502
38,202,FALSE,37.02041,37.02419
38,203,FALSE,30.12658,30.01413
38,204,FALSE,30.05436,4.0893
38,206,FALSE,30.05729,2.08746
38,207,FALSE,28.01076,6.07943
38,208,FALSE,5.1031,4.09122
38,209,FALSE,28.07392,28.08568
38,210,FALSE,28.04388,28.12215
38,211,FALSE,28.03448,33.09066
38,212,FALSE,4.12612,5.04345
38,213,FALSE,13.03975,5.14138
38,216,FALSE,28.10991,6.09203
38,217,FALSE,29.10868,6.13088
38,218,FALSE,30.02951,6.12462
38,219,FALSE,25.06085,6.14504
38,222,FALSE,28.07454,5.13996
38,225,FALSE,33.13897,33.14246
38,226,FALSE,35.07343,6.09962
38,227,FALSE,37.01659,34.13301
38,229,FALSE,33.12755,33.12293
38,230,FALSE,33.06923,33.06157
38,233,FALSE,30.14591,6.00978
38,234,FALSE,30.06126,33.04612
38,235,FALSE,30.04593,33.06595
38,236,FALSE,4.06806,4.06431
38,237,FALSE,5.08574,6.07746
38,242,FALSE,24.0528,4.09534
38,243,FALSE,6.04939,6.12637
38,251,FALSE,34.06286,34.09985
38,252,FALSE,28.06779,6.05974
38,253,FALSE,30.03104,4.08564
38,254,FALSE,4.11345,1.02336
38,255,FALSE,13.10787,3.02455
38,256,FALSE,30.13572,2.00202
38,257,FALSE,20.02939,4.08147
38,258,FALSE,18.06174,5.03465
38,259,FALSE,5.12397,33.12568
38,260,FALSE,5.02584,5.14015
38,262,FALSE,36.00215,1.12
38,263,FALSE,6.04546,3.08318
38,264,FALSE,29.0716,6.08091
38,265,FALSE,6.05266,5.07798
38,270,FALSE,6.07173,33.08947
38,271,FALSE,28.14626,6.02541
38,272,FALSE,5.10453,6.0559
38,273,FALSE,5.07825,6.00676
38,274,FALSE,5.13752,6.01916
38,275,FALSE,6.09611,33.10003
38,280,FALSE,5.08758,3.10433
38,289,FALSE,29.08886,5.12448
38,290,FALSE,6.1218,6.0715
38,291,FALSE,6.12377,6.13288
38,292,FALSE,6.14293,5.10114
38,293,FALSE,31.00803,15.099
38,294,FALSE,6.14547,10.05612
38,295,FALSE,36.08625,25.00776
38,296,FALSE,4.05325,20.00565
38,297,FALSE,35.08733,6.00348
38,298,FALSE,33.12775,1.09475
38,299,FALSE,34.03475,6.11123
38,300,FALSE,33.13744,4.02046
38,301,FALSE,33.00595,4.13942
38,302,FALSE,35.14647,5.12982
38,303,FALSE,33.03028,5.13671
38,308,FALSE,31.1451,3.12218
38,317,FALSE,22.05116,4.05159
38,318,FALSE,36.12154,6.02549
38,319,FALSE,30.12595,5.1372
38,320,FALSE,27.02831,4.0842
38,321,FALSE,34.13338,3.01988
38,322,FALSE,18.13083,5.09929
38,323,FALSE,17.11295,2.12584
38,324,FALSE,23.11946,1.05293
38,325,FALSE,25.09283,4.06801
38,326,FALSE,18.11807,4.03221
38,328,FALSE,25.09411,5.0705
38,329,FALSE,31.03502,6.13263
38,330,FALSE,28.00918,6.08477
38,331,FALSE,20.0728,5.04872
38,332,FALSE,20.10712,6.13034
38,333,FALSE,30.13314,33.0045
38,334,FALSE,6.05312,6.09923
38,335,FALSE,30.01251,5.06189
38,336,FALSE,30.1471,5.0533
38,337,FALSE,25.13104,6.04933
38,339,FALSE,28.0821,5.08131
38,340,TRUE,1.04846,1
38,341,TRUE,25.11469,1
38,342,FALSE,5.04468,36.02942
38,343,TRUE,1,1
38,346,FALSE,27.131,6.03585
38,347,FALSE,33.10566,6.09485
38,348,FALSE,27.08424,6.02751
38,349,FALSE,25.00537,2.09093
38,350,FALSE,29.06065,28.13633
38,351,FALSE,25.11589,6.1295
38,352,FALSE,34.03424,6.06641
38,353,FALSE,37.05715,34.06775
38,354,FALSE,34.08425,34.098
38,355,FALSE,23.11904,4.12004
38,357,FALSE,29.11472,5.08344
38,358,FALSE,28.12035,6.00793
38,359,FALSE,32.12761,6.06009
38,361,FALSE,25.03807,6.05849
38,363,FALSE,35.09279,35.0995
38,364,FALSE,35.06148,35.08379
38,365,FALSE,23.11683,3.04274
38,366,FALSE,5.06644,5.09228
38,367,FALSE,35.00093,35.00403
38,370,FALSE,28.13173,6.09085
38,371,FALSE,33.143,6.13743
38,372,FALSE,33.14311,6.14338
38,373,FALSE,6.08523,6.07719
38,374,FALSE,37.12246,1.08512
38,375,FALSE,4.0023,5.11419
38,376,FALSE,5.12921,6.03721
38,377,FALSE,1,2.12906
38,378,FALSE,28.06732,33.02555
38,379,FALSE,5.01385,28.13982
38,380,FALSE,33.00449,34.07752
38,381,FALSE,5.1206,6.05077
38,383,FALSE,28.08811,5.07725
38,384,FALSE,28.02424,6.14455
38,385,FALSE,25.10589,3.00165
38,386,FALSE,27.10879,4.0077
38,387,FALSE,34.12808,2.03453
38,388,FALSE,5.12222,2.01594
38,389,FALSE,7.03378,2.00989
38,390,FALSE,27.06333,3.02947
38,391,FALSE,23.12847,4.08436
38,394,FALSE,30.02973,5.0059
38,395,FALSE,2.07321,35.01274
38,396,FALSE,3.10365,35.0007
38,397,FALSE,4.03602,35.0421
38,398,FALSE,33.13792,35.07229
38,403,FALSE,19.13604,6.00421
38,404,FALSE,34.08481,35.02971
38,405,FALSE,5.08421,35.00628
38,406,FALSE,4.07537,6.03567
38,407,FALSE,28.14027,29.14458
38,408,TRUE,4.1054,1
38,412,FALSE,34.07423,10.07333
38,413,FALSE,25.0497,20.01464
38,414,FALSE,31.02505,10.10595
38,415,FALSE,28.03313,30.01112
38,416,FALSE,20.14148,33.03423
38,417,FALSE,23.04818,6.13206
38,418,FALSE,35.04231,35.04278
38,419,FALSE,33.06303,33.08332
38,420,FALSE,33.00392,33.10666
38,421,FALSE,33.06252,33.12544
38,422,FALSE,30.00035,6.12856
38,423,FALSE,23.07952,6.1354
38,425,FALSE,37.07728,6.07136
38,426,FALSE,33.07513,6.05908
38,427,FALSE,6.13849,6.08335
38,428,FALSE,33.0793,33.12487
38,429,FALSE,28.02082,33.00946
39,1,FALSE,23.03639,6.06117
39,3,FALSE,4.00529,4.10712
39,5,FALSE,37.10312,6.02815
39,6,FALSE,33.08206,5.14384
39,7,FALSE,1,4.05352
39,9,FALSE,5.05815,4.10586
39,10,FALSE,4.06954,4.08714
39,11,FALSE,1,6.05776
39,13,FALSE,6.09547,6.03359
39,17,FALSE,28.0686,6.02084
39,18,FALSE,6.03933,6.02744
39,19,TRUE,33.08679,1
39,21,FALSE,29.00191,6.04603
39,22,FALSE,6.13452,6.11946
39,25,FALSE,19.04717,6.006
39,29,FALSE,5.12273,4.00141
39,30,FALSE,6.11406,6.04373
39,69,FALSE,24.11631,2.04411
39,70,FALSE,23.09644,28.14655
39,71,FALSE,28.02524,6.05148
39,72,FALSE,33.02916,33.04926
39,73,FALSE,28.07803,28.09988
39,74,FALSE,33.04588,33.07365
39,75,FALSE,33.14573,34.10651
39,76,FALSE,28.05497,6.08611
39,77,FALSE,6.13081,18.01046
39,78,FALSE,23.14094,6.0276
39,79,FALSE,6.11964,6.12717
39,82,FALSE,29.06366,3.05696
39,83,FALSE,18.10763,3.12954
39,84,FALSE,1,33.0854
39,85,FALSE,1,2.01699
39,86,TRUE,29.10747,1
39,91,FALSE,5.12476,5.04894
39,92,FALSE,6.0688,6.07777
39,93,FALSE,23.14675,6.10591
39,95,FALSE,5.06914,4.01713
39,98,FALSE,30.06058,5.10317
39,99,FALSE,34.09601,22.08686
39,100,FALSE,35.00121,6.0426
39,101,FALSE,23.06201,3.1074
39,103,FALSE,25.13079,6.13178
39,104,FALSE,30.05979,6.00923
39,106,FALSE,28.02647,3.03836
39,107,FALSE,26.05662,4.0082
39,109,FALSE,34.06546,6.1301
39,110,FALSE,28.07351,6.09643
39,111,FALSE,33.09442,3.1212
39,112,FALSE,22.01838,4.11143
39,113,FALSE,28.11267,5.00158
39,114,FALSE,5.13372,2.09322
39,115,FALSE,5.13579,6.01827
39,116,FALSE,28.07569,3.09619
39,117,FALSE,5.01045,4.10875
39,118,FALSE,18.06327,2.01082
39,120,FALSE,34.07427,2.0078
39,121,FALSE,5.11904,3.02512
39,122,FALSE,5.14649,1.0611
39,123,FALSE,6.07292,2.06595
39,124,FALSE,37.08656,4.06631
39,125,FALSE,34.05032,35.01404
39,126,FALSE,30.05167,35.01115
39,127,FALSE,24.05171,6.0282
39,128,FALSE,30.08799,4.0375
39,129,FALSE,30.0047,6.09204
39,130,FALSE,35.0843,35.10603
39,131,FALSE,5.13507,4.13148
39,133,FALSE,5.0936,3.06248
39,134,FALSE,5.06866,4.01071
39,135,FALSE,4.11769,6.07
39,136,FALSE,4.10511,4.12937
39,137,TRUE,5.11513,1
39,139,FALSE,5.03533,5.13074
39,140,FALSE,3.05996,4.03932
39,141,FALSE,2.03297,6.07942
39,142,FALSE,3.10919,3.00894
39,143,FALSE,5.02316,1.0494
39,144,FALSE,5.11896,4.00114
39,145,FALSE,1,30.04023
39,146,TRUE,1,1
39,147,FALSE,1,2.03301
39,148,TRUE,1,1
39,149,TRUE,18.01825,1
39,150,FALSE,1,35.10964
39,151,TRUE,1.11321,1
39,153,FALSE,6.13302,6.13547
39,154,FALSE,28.10514,6.03989
39,155,FALSE,5.13024,4.10941
39,156,FALSE,5.13607,6.01921
39,157,FALSE,5.06032,1.14114
39,158,FALSE,18.08111,4.0363
39,159,FALSE,23.01595,1.00033
39,160,FALSE,23.06255,4.10715
39,161,FALSE,18.09033,4.14304
39,162,FALSE,29.09447,34.05748
39,164,FALSE,37.03602,5.0816
39,165,FALSE,6.09947,35.03881
39,166,FALSE,30.14083,35.07224
39,167,FALSE,5.07501,6.08585
39,168,FALSE,1,35.02119
39,169,FALSE,30.10506,35.04157
39,173,FALSE,29.08315,6.01009
39,175,FALSE,3.06427,3.05545
39,176,FALSE,5.10196,5.02334
39,177,FALSE,30.07842,6.09532
39,178,FALSE,35.00968,34.00719
39,179,FALSE,34.08877,6.14574
39,180,FALSE,28.04414,28.09931
39,181,FALSE,35.04266,33.07874
39,182,FALSE,25.10372,6.13563
39,183,FALSE,35.1321,6.13105
39,184,FALSE,37.1162,6.12288
39,185,FALSE,28.03473,6.08599
39,186,FALSE,37.13697,6.02626
39,188,FALSE,30.05062,1.01727
39,189,FALSE,34.07671,34.13139
39,190,FALSE,23.04209,6.12446
39,191,FALSE,30.1284,6.01612
39,192,FALSE,25.00161,6.06907
39,193,FALSE,35.02251,36.07004
39,194,FALSE,25.05069,6.09018
39,195,FALSE,28.04558,6.05379
39,197,FALSE,29.02138,1.08528
39,198,FALSE,25.13961,6.03919
39,199,FALSE,29.09983,23.08007
39,200,FALSE,6.06539,6.10792
39,201,FALSE,5.10965,6.06933
39,202,FALSE,37.13684,37.01582
39,203,FALSE,30.06854,20.06417
39,204,FALSE,30.13871,6.0867
39,206,FALSE,30.04813,2.06636
39,207,FALSE,28.03546,6.11091
39,208,FALSE,5.10556,5.01736
39,209,FALSE,28.09607,28.09591
39,210,FALSE,28.10329,28.04927
39,211,FALSE,28.09799,33.05046
39,212,FALSE,4.14607,5.08619
39,213,FALSE,13.11377,5.10866
39,216,FALSE,28.07822,6.09913
39,217,FALSE,29.10183,6.13282
39,218,FALSE,30.09246,6.09783
39,219,FALSE,25.0286,6.14537
39,222,FALSE,28.10374,5.13804
39,225,FALSE,33.04678,33.13861
39,226,FALSE,35.07889,6.08034
39,227,FALSE,37.13038,34.10739
39,229,FALSE,33.12797,33.08597
39,230,FALSE,33.02387,33.00921
39,233,FALSE,30.12148,6.0036
39,234,FALSE,30.07594,33.0467
39,235,FALSE,30.14214,33.01981
39,236,FALSE,4.03864,4.06056
39,237,FALSE,5.13453,6.00478
39,242,FALSE,24.10505,4.03536
39,243,FALSE,6.11746,6.13981
39,251,FALSE,34.06961,34.0707
39,252,FALSE,28.00701,6.11571
39,253,FALSE,30.02426,4.02252
39,254,FALSE,4.01342,1.07592
39,255,FALSE,13.13077,3.00849
39,256,FALSE,30.14197,2.07451
39,257,FALSE,20.0979,4.03852
39,258,FALSE,18.00011,5.09231
39,259,FALSE,5.01356,33.03912
39,260,FALSE,5.02641,5.02752
39,262,FALSE,36.02216,1.05403
39,263,FALSE,6.01385,3.03096
39,264,FALSE,29.05661,6.11281
39,265,FALSE,6.06692,5.12383
39,270,FALSE,6.00833,33.00159
39,271,FALSE,28.06793,6.13555
39,272,FALSE,5.00157,6.00713
39,273,FALSE,5.12035,6.09449
39,274,FALSE,5.05896,6.03437
39,275,FALSE,6.07337,33.02493
39,280,FALSE,5.11663,3.09751
39,289,FALSE,29.00455,5.14665
39,290,FALSE,6.11905,6.11815
39,291,FALSE,6.12115,6.12851
39,292,FALSE,6.09229,5.05297
39,293,FALSE,30.1259,15.11563
39,294,FALSE,6.12047,10.0257
39,295,FALSE,36.08523,25.05005
39,296,FALSE,4.10199,20.1423
39,297,FALSE,35.08455,6.01491
39,298,FALSE,33.01924,2.05172
39,299,FALSE,34.07626,6.08278
39,300,FALSE,33.14622,6.02981
39,301,FALSE,33.14406,4.12384
39,302,FALSE,35.12357,5.00022
39,303,FALSE,33.0758,5.09309
39,308,FALSE,31.10676,3.0583
39,317,FALSE,22.07112,3.06823
39,318,FALSE,36.10293,6.02487
39,319,FALSE,30.14421,5.11981
39,320,FALSE,27.11948,4.09014
39,321,FALSE,34.13911,4.02249
39,322,FALSE,18.09504,5.0989
39,323,FALSE,17.04965,2.05025
39,324,FALSE,23.02605,2.13025
39,325,FALSE,25.09186,2.03585
39,326,FALSE,18.13968,4.01448
39,328,FALSE,25.07026,5.13243
39,329,FALSE,31.01541,20.10824
39,330,FALSE,30.00741,6.0406
39,331,FALSE,20.03416,5.01359
39,332,FALSE,20.12522,6.12076
39,333,FALSE,30.07288,33.04243
39,334,FALSE,6.07934,6.02064
39,335,FALSE,30.09288,5.08942
39,336,FALSE,30.14462,5.10733
39,337,FALSE,25.14642,6.06519
39,339,FALSE,28.00551,5.08073
39,340,TRUE,1.02367,1
39,341,TRUE,25.03906,1
39,342,FALSE,5.0409,36.03219
39,343,TRUE,1,1
39,346,FALSE,27.1215,6.03689
39,347,FALSE,33.08802,6.12268
39,348,FALSE,27.0482,6.02262
39,349,FALSE,25.07577,2.08843
39,350,FALSE,29.02226,6.13893
39,351,FALSE,25.13944,6.12645
39,352,FALSE,34.03622,6.14737
39,353,FALSE,37.02036,34.07074
39,354,FALSE,34.11106,34.1442
39,355,FALSE,23.0559,5.01159
39,357,FALSE,29.00009,5.0712
39,358,FALSE,28.08687,6.04302
39,359,FALSE,32.14024,6.02643
39,361,FALSE,25.05457,6.0561
39,363,FALSE,35.0405,35.06068
39,364,FALSE,35.06868,35.08678
39,365,FALSE,23.01245,3.09104
39,366,FALSE,5.09785,5.12949
39,367,FALSE,35.00028,35.00056
39,370,FALSE,28.12675,6.0836
39,371,FALSE,33.11227,6.13742
39,372,FALSE,33.00441,6.14544
39,373,FALSE,6.11128,6.04304
39,374,FALSE,37.03249,1.03016
39,375,FALSE,4.00624,5.04234
39,376,FALSE,5.11529,6.14468
39,377,FALSE,1,2.049
39,378,FALSE,28.10681,33.07029
39,379,FALSE,5.11289,28.09822
39,380,FALSE,33.13585,34.01793
39,381,FALSE,5.13422,6.05346
39,383,FALSE,29.08956,5.02975
39,384,FALSE,28.00053,6.08423
39,385,FALSE,25.08581,2.09916
39,386,FALSE,27.12714,1.10388
39,387,FALSE,34.01625,1.13542
39,388,FALSE,5.12938,2.08741
39,389,FALSE,7.01553,2.02271
39,390,FALSE,27.09395,3.01397
39,391,FALSE,23.10229,5.07042
39,394,FALSE,30.10977,5.04232
39,395,FALSE,2.12361,35.11392
39,396,FALSE,3.00092,35.06766
39,397,FALSE,4.0901,35.08304
39,398,FALSE,33.01692,35.06402
39,403,FALSE,19.04593,6.05023
39,404,FALSE,34.14202,35.11291
39,405,FALSE,5.09787,35.1271
39,406,FALSE,1,4.1397
39,407,FALSE,28.09625,29.06159
39,408,TRUE,4.11282,1
39,412,FALSE,34.13722,10.02913
39,413,FALSE,25.09832,15.12544
39,414,FALSE,31.05043,10.09041
39,415,FALSE,28.13093,30.02834
39,416,FALSE,20.02871,33.00884
39,417,FALSE,28.10541,6.09341
39,418,FALSE,35.03083,35.04052
39,419,FALSE,33.10774,33.14341
39,420,FALSE,33.08433,33.12397
39,421,FALSE,33.07768,33.1253
39,422,FALSE,30.02323,28.05048
39,423,FALSE,23.06653,6.09082
39,425,FALSE,37.0965,6.03828
39,426,FALSE,33.11366,6.04638
39,427,FALSE,6.12984,6.07262
39,428,FALSE,33.08933,33.08144
39,429,FALSE,28.10956,33.09368
40,1,FALSE,23.0138,6.06127
40,3,FALSE,4.12474,4.13469
40,5,FALSE,37.10647,6.0245
40,6,FALSE,33.03342,5.13711
40,7,FALSE,1,4.00277
40,9,FALSE,5.12733,5.05142
40,10,FALSE,4.02341,5.10307
40,11,FALSE,1,6.05537
40,13,FALSE,6.10727,6.05717
40,17,FALSE,28.03359,6.02402
40,18,FALSE,6.0504,6.04087
40,19,TRUE,33.04916,1
40,21,FALSE,29.08733,6.10015
40,22,FALSE,6.13886,6.11112
40,25,FALSE,19.01733,6.00448
40,29,FALSE,5.08729,2.11331
40,30,FALSE,6.1433,6.09675
40,69,FALSE,24.14039,2.00585
40,70,FALSE,23.0878,28.08308
40,71,FALSE,28.0514,6.08631
40,72,FALSE,33.01214,33.06618
40,73,FALSE,28.07818,28.13521
40,74,FALSE,33.03236,33.05051
40,75,FALSE,33.08887,34.00201
40,76,FALSE,28.01863,6.11916
40,77,FALSE,6.13592,18.1302
40,78,FALSE,29.09735,6.03422
40,79,FALSE,6.07103,6.0768
40,82,FALSE,29.11285,6.00427
40,83,FALSE,18.12313,3.01717
40,84,FALSE,1,33.03786
40,85,FALSE,1,2.02571
40,86,TRUE,29.12935,1
40,91,FALSE,5.11814,5.08811
40,92,FALSE,6.05982,6.06058
40,93,FALSE,23.05714,6.1368
40,95,FALSE,5.13501,4.02472
40,98,FALSE,30.05533,5.06466
40,99,FALSE,34.12317,22.04532
40,100,FALSE,35.0037,6.07984
40,101,FALSE,23.12437,3.10397
40,103,FALSE,25.06868,6.05445
40,104,FALSE,30.07324,6.02683
40,106,FALSE,28.04699,3.12407
40,107,FALSE,26.10437,4.00132
40,109,FALSE,34.06075,6.11422
40,110,FALSE,28.12195,6.07522
40,111,FALSE,33.13264,3.03687
40,112,FALSE,22.03036,4.06807
40,113,FALSE,28.12606,5.02415
40,114,FALSE,5.06832,2.04695
40,115,FALSE,5.14053,6.02817
40,116,FALSE,28.06541,3.0123
40,117,FALSE,5.13843,4.05296
40,118,FALSE,18.06892,2.05689
40,120,FALSE,34.0935,2.03138
40,121,FALSE,5.1113,2.04673
40,122,FALSE,5.13712,2.04743
40,123,FALSE,6.12721,2.12981
40,124,FALSE,37.0236,2.02574
40,125,FALSE,34.02911,35.0445
40,126,FALSE,30.00418,35.05829
40,127,FALSE,24.0717,6.09248
40,128,FALSE,30.05906,4.07902
40,129,FALSE,30.13444,6.10964
40,130,FALSE,35.13155,35.13349
40,131,FALSE,5.13718,4.0588
40,133,FALSE,5.134,3.05935
40,134,FALSE,5.07417,4.00838
40,135,FALSE,4.14361,4.00076
40,136,FALSE,4.07203,4.03814
40,137,TRUE,5.09386,1
40,139,FALSE,5.0785,5.0931
40,140,FALSE,3.00849,4.03901
40,141,FALSE,2.04879,6.01803
40,142,FALSE,3.00014,3.00223
40,143,FALSE,5.1424,1.08764
40,144,FALSE,5.08315,4.01134
40,145,TRUE,30.05526,1
40,146,TRUE,1,1
40,147,FALSE,1,2.136
40,148,TRUE,1,1
40,149,TRUE,18.05613,1
40,150,FALSE,1,35.02526
40,151,TRUE,1.06441,1
40,153,FALSE,6.11158,6.11801
40,154,FALSE,23.02155,6.04511
40,155,FALSE,23.14289,4.11139
40,156,FALSE,5.06993,6.05429
40,157,FALSE,5.06374,2.06586
40,158,FALSE,18.04925,4.05033
40,159,FALSE,23.08446,1.06113
40,160,FALSE,23.00107,4.05133
40,161,FALSE,18.00334,4.09191
40,162,FALSE,29.01491,34.12741
40,164,FALSE,37.03111,5.05111
40,165,FALSE,6.14643,35.04579
40,166,FALSE,30.04777,35.09893
40,167,FALSE,5.0293,6.07053
40,168,FALSE,1,35.0774
40,169,FALSE,30.05622,35.09794
40,173,FALSE,28.13193,6.01551
40,175,FALSE,3.09529,3.10853
40,176,FALSE,5.07654,5.07214
40,177,FALSE,30.10773,6.09782
40,178,FALSE,35.04237,34.01422
40,179,FALSE,34.02414,6.14072
40,180,FALSE,28.11062,28.12441
40,181,FALSE,35.08344,33.01046
40,182,FALSE,25.02209,6.12808
40,183,FALSE,35.10564,6.12992
40,184,FALSE,37.10734,6.08912
40,185,FALSE,28.08633,6.14087
40,186,FALSE,37.0242,6.0604
40,188,FALSE,30.11174,1.05874
40,189,FALSE,34.11785,34.14429
40,190,FALSE,23.06554,6.10033
40,191,FALSE,30.06456,6.06598
40,192,FALSE,25.12094,6.0315
40,193,FALSE,35.08341,36.08817
40,194,FALSE,25.00235,6.08092
40,195,FALSE,28.06017,6.02738
40,197,FALSE,30.11293,2.12953
40,198,FALSE,25.01016,6.04862
40,199,FALSE,30.04287,6.08695
40,200,FALSE,6.12818,6.13951
40,201,FALSE,5.10861,6.12026
40,202,FALSE,37.09226,37.09519
40,203,FALSE,30.13135,30.06481
40,204,FALSE,30.09787,4.12126
40,206,FALSE,30.03852,2.05414
40,207,FALSE,28.10959,6.12922
40,208,FALSE,5.13504,5.10258
40,209,FALSE,28.02482,28.03542
40,210,FALSE,28.10513,28.05275
40,211,FALSE,28.1212,33.00526
40,212,FALSE,4.13597,5.04969
40,213,FALSE,13.0493,5.11553
40,216,FALSE,28.11664,6.09114
40,217,FALSE,29.07438,6.14374
40,218,FALSE,30.14594,6.06336
40,219,FALSE,25.13244,6.14646
40,222,FALSE,28.14217,5.05878
40,225,FALSE,33.08018,33.09845
40,226,FALSE,35.12557,6.06432
40,227,FALSE,37.03587,34.07597
40,229,FALSE,33.09907,33.10646
40,230,FALSE,33.02731,33.01348
40,233,FALSE,30.12165,6.01883
40,234,FALSE,30.03072,33.05946
40,235,FALSE,30.08181,33.04917
40,236,FALSE,4.14282,4.07633
40,237,FALSE,5.1221,6.1096
40,242,FALSE,24.12975,4.03987
40,243,FALSE,6.00626,6.01558
40,251,FALSE,34.09442,34.09999
40,252,FALSE,28.07442,6.04685
40,253,FALSE,30.1144,4.08798
40,254,FALSE,4.0906,1.06828
40,255,FALSE,13.10238,3.08394
40,256,FALSE,30.13044,2.05996
40,257,FALSE,20.0889,4.1286
40,258,FALSE,18.03305,5.06039
40,259,FALSE,5.07059,33.12608
40,260,FALSE,5.01467,5.07179
40,262,FALSE,36.12361,1.0332
40,263,FALSE,6.02647,4.01476
40,264,FALSE,29.094,6.12551
40,265,FALSE,6.04649,5.08501
40,270,FALSE,6.0798,33.02266
40,271,FALSE,28.09644,6.02672
40,272,FALSE,5.12698,6.00945
40,273,FALSE,5.12767,6.0448
40,274,FALSE,5.13767,6.01167
40,275,FALSE,6.02537,33.03203
40,280,FALSE,5.08188,3.03162
40,289,FALSE,29.02094,5.147
40,290,FALSE,6.09669,6.07122
40,291,FALSE,6.14074,6.1403
40,292,FALSE,6.07009,5.06576
40,293,FALSE,31.13055,15.06781
40,294,FALSE,6.10063,10.05172
40,295,FALSE,36.09884,25.03026
40,296,FALSE,4.13181,20.02827
40,297,FALSE,35.05802,6.05027
40,298,FALSE,33.07446,1.09009
40,299,FALSE,34.05443,6.04127
40,300,FALSE,33.12182,4.13605
40,301,FALSE,33.07609,4.07893
40,302,FALSE,35.03278,6.05848
40,303,FALSE,33.05696,5.09511
40,308,FALSE,31.09206,3.04319
40,317,FALSE,22.00466,4.00815
40,318,FALSE,36.02645,6.04098
40,319,FALSE,30.12,5.10184
40,320,FALSE,27.06552,4.06902
40,321,FALSE,34.01534,3.14107
40,322,FALSE,18.10873,5.12134
40,323,FALSE,17.12716,2.07234
40,324,FALSE,23.00712,2.08317
40,325,FALSE,25.12473,3.05869
40,326,FALSE,18.06979,4.04181
40,328,FALSE,25.07612,5.11188
40,329,FALSE,31.07096,6.1041
40,330,FALSE,30.09156,6.05662
40,331,FALSE,20.10687,5.07252
40,332,FALSE,20.08585,6.14344
40,333,FALSE,30.10084,33.00471
40,334,FALSE,6.12621,6.1304
40,335,FALSE,30.08808,5.08442
40,336,FALSE,30.14457,5.13285
40,337,FALSE,25.09714,6.0051
40,339,FALSE,28.00462,5.06945
40,340,TRUE,1.03116,1
40,341,TRUE,25.09952,1
40,342,FALSE,5.08321,36.0107
40,343,TRUE,1,1
40,346,FALSE,27.01469,6.03609
40,347,FALSE,33.04651,6.04179
40,348,FALSE,27.02287,6.04308
40,349,FALSE,25.09663,2.06996
40,350,FALSE,29.11701,28.03878
40,351,FALSE,25.13837,6.09448
40,352,FALSE,34.02165,6.13059
40,353,FALSE,37.06451,34.0786
40,354,FALSE,34.1136,34.12255
40,355,FALSE,23.01162,5.00056
40,357,FALSE,29.01595,5.07813
40,358,FALSE,28.01057,6.00039
40,359,FALSE,32.04382,6.00732
40,361,FALSE,25.04041,6.04811
40,363,FALSE,35.08684,35.10374
40,364,FALSE,35.04572,35.07499
40,365,FALSE,23.12913,3.14251
40,366,FALSE,5.12301,5.10534
40,367,FALSE,35.0088,35.04926
40,370,FALSE,28.07235,6.09203
40,371,FALSE,33.11792,6.12916
40,372,FALSE,33.1106,6.13896
40,373,FALSE,6.10274,6.02601
40,374,FALSE,37.09707,1.03276
40,375,FALSE,23.12581,5.12583
40,376,FALSE,5.0161,6.05178
40,377,FALSE,1,2.00622
40,378,FALSE,28.04033,33.13464
40,379,FALSE,5.11637,28.03346
40,380,FALSE,33.00385,34.01694
40,381,FALSE,5.05504,6.0608
40,383,FALSE,28.04309,5.04218
40,384,FALSE,30.02903,6.14395
40,385,FALSE,25.11523,2.01917
40,386,FALSE,27.0922,1.03255
40,387,FALSE,34.06829,2.04979
40,388,FALSE,5.14516,2.11033
40,389,FALSE,7.04037,2.06245
40,390,FALSE,27.14485,3.07977
40,391,FALSE,23.03926,2.14546
40,394,FALSE,30.1007,5.11281
40,395,FALSE,2.02633,35.09878
40,396,FALSE,3.04298,35.1135
40,397,FALSE,4.01215,35.02726
40,398,FALSE,33.03169,35.06423
40,403,FALSE,19.13591,6.11255
40,404,FALSE,34.07527,35.12043
40,405,FALSE,5.09931,35.04875
40,406,FALSE,4.04604,6.02592
40,407,FALSE,28.06262,29.03201
40,408,TRUE,4.0168,1
40,412,FALSE,34.11187,10.00802
40,413,FALSE,15.10656,20.02344
40,414,FALSE,31.11166,10.14637
40,415,FALSE,28.04738,30.11769
40,416,FALSE,20.05817,33.00414
40,417,FALSE,28.11154,6.14203
40,418,FALSE,35.02086,35.08322
40,419,FALSE,33.06637,33.0827
40,420,FALSE,33.02646,33.08681
40,421,FALSE,33.03874,33.13278
40,422,FALSE,30.04163,28.05441
40,423,FALSE,23.08883,6.10673
40,425,FALSE,37.10241,6.01495
40,426,FALSE,33.09043,6.0639
40,427,FALSE,6.13389,6.11148
40,428,FALSE,33.05409,33.02778
40,429,FALSE,28.10535,33.04338
41,1,FALSE,23.02834,6.07801
41,3,FALSE,4.05209,4.11678
41,5,FALSE,37.06035,6.00187
41,6,FALSE,33.00813,5.02254
41,7,FALSE,1,4.02694
41,9,FALSE,5.10258,4.00539
41,10,FALSE,4.07512,5.10973
41,11,FALSE,1,6.06874
41,13,FALSE,6.11854,6.08024
41,17,FALSE,28.13379,6.06045
41,18,FALSE,6.03117,6.03072
41,19,TRUE,33.12318,1
41,21,FALSE,18.0078,6.05485
41,22,FALSE,6.1328,6.13401
41,25,FALSE,19.02273,6.01141
41,29,FALSE,5.12872,3.05465
41,30,FALSE,6.1443,6.01939
41,69,FALSE,24.12017,2.06246
41,70,FALSE,23.00176,28.00353
41,71,FALSE,28.14536,6.08169
41,72,FALSE,33.01383,33.04229
41,73,FALSE,28.03422,28.02317
41,74,FALSE,37.09736,33.06193
41,75,FALSE,33.13196,34.02963
41,76,FALSE,28.12175,6.12654
41,77,FALSE,6.13677,18.10217
41,78,FALSE,29.11557,6.02585
41,79,FALSE,6.08938,6.1
41,82,FALSE,29.00026,6.02144
41,83,FALSE,18.12618,3.09986
41,84,FALSE,1,33.0446
41,85,TRUE,2.09742,1
41,86,TRUE,29.06244,1
41,91,FALSE,5.1011,5.10228
41,92,FALSE,6.05707,6.05972
41,93,FALSE,23.05903,6.10012
41,95,FALSE,5.09826,3.14657
41,98,FALSE,30.00702,5.00307
41,99,FALSE,34.10272,22.06614
41,100,FALSE,35.03726,6.03191
41,101,FALSE,23.05538,3.03336
41,103,FALSE,25.03058,6.12386
41,104,FALSE,30.13173,6.04295
41,106,FALSE,28.04655,3.07506
41,107,FALSE,26.05172,4.07015
41,109,FALSE,34.08673,6.11932
41,110,FALSE,28.11163,6.10479
41,111,FALSE,33.04718,3.05407
41,112,FALSE,22.14364,4.09074
41,113,FALSE,28.04338,5.04474
41,114,FALSE,5.07687,2.00609
41,115,FALSE,5.13368,6.05503
41,116,FALSE,28.144,3.03312
41,117,FALSE,5.11499,4.06648
41,118,FALSE,18.06995,2.09516
41,120,FALSE,34.12051,2.09109
41,121,FALSE,5.12894,3.0064
41,122,FALSE,5.13996,2.03654
41,123,FALSE,6.00513,2.08894
41,124,FALSE,37.07762,2.00527
41,125,FALSE,34.12115,35.08476
41,126,FALSE,30.02513,35.01465
41,127,FALSE,24.10813,6.0021
41,128,FALSE,30.00108,6.06842
41,129,FALSE,30.13846,6.04509
41,130,FALSE,35.14134,35.14422
41,131,FALSE,5.0703,4.13405
41,133,FALSE,5.12075,3.12911
41,134,FALSE,4.13697,4.00153
41,135,FALSE,4.13244,4.08605
41,136,FALSE,4.12092,4.05119
41,137,FALSE,5.01972,4.1402
41,139,FALSE,5.14544,5.08736
41,140,FALSE,3.02977,4.03182
41,141,FALSE,2.01107,6.07544
41,142,FALSE,3.113,3.09685
41,143,FALSE,5.01659,1.11944
41,144,FALSE,5.02097,4.12943
41,145,TRUE,30.05683,1
41,146,TRUE,1,1
41,147,FALSE,1,2.01596
41,148,TRUE,1,1
41,149,TRUE,18.09867,1
41,150,FALSE,1,35.00466
41,151,TRUE,1.09622,1
41,153,FALSE,6.08408,6.10124
41,154,FALSE,28.01823,6.03378
41,155,FALSE,23.01879,4.13404
41,156,FALSE,5.1172,6.00589
41,157,FALSE,5.02727,1.09433
41,158,FALSE,18.09385,4.07817
41,159,FALSE,23.12845,3.01974
41,160,FALSE,23.10689,4.09745
41,161,FALSE,18.02341,4.12603
41,162,FALSE,29.11249,34.08671
41,164,FALSE,37.09453,5.14302
41,165,FALSE,6.03095,35.02859
41,166,FALSE,30.09954,35.0461
41,167,FALSE,5.02987,6.00525
41,168,FALSE,1,35.03954
41,169,FALSE,30.00899,35.1311
41,173,FALSE,28.03891,6.01228
41,175,FALSE,3.0886,3.10094
41,176,FALSE,5.10748,5.01227
41,177,FALSE,30.12862,6.09053
41,178,FALSE,35.0126,34.00888
41,179,FALSE,34.04109,6.1363
41,180,FALSE,28.1293,28.14568
41,181,FALSE,35.00652,33.0326
41,182,FALSE,10.12875,6.14639
41,183,FALSE,35.07622,6.08472
41,184,FALSE,37.11925,6.03488
41,185,FALSE,28.11279,6.1383
41,186,FALSE,37.05509,6.09841
41,188,FALSE,37.0838,1.07496
41,189,FALSE,34.10981,34.11194
41,190,FALSE,23.04173,6.0291
41,191,FALSE,30.13382,6.11152
41,192,FALSE,25.09308,6.11126
41,193,FALSE,35.01554,36.08089
41,194,FALSE,25.08639,6.07433
41,195,FALSE,28.02579,6.04546
41,197,FALSE,30.10737,1.02952
41,198,FALSE,25.06726,6.0901
41,199,FALSE,30.07837,6.09885
41,200,FALSE,6.11653,6.12355
41,201,FALSE,5.12812,6.02109
41,202,FALSE,37.03524,37.07832
41,203,FALSE,30.09487,30.0663
41,204,FALSE,30.13452,4.04265
41,206,FALSE,30.06906,2.10878
41,207,FALSE,28.06319,6.11823
41,208,FALSE,5.13332,5.09473
41,209,FALSE,28.00249,28.05484
41,210,FALSE,28.05524,28.09729
41,211,FALSE,28.09189,33.05182
41,212,FALSE,4.12208,5.02766
41,213,FALSE,13.01548,5.0938
41,216,FALSE,28.07119,6.08416
41,217,FALSE,29.07112,6.13227
41,218,FALSE,30.01636,6.12567
41,219,FALSE,25.11267,6.14217
41,222,FALSE,28.0701,5.14335
41,225,FALSE,33.0528,33.07833
41,226,FALSE,35.03756,6.09412
41,227,FALSE,37.12444,34.01585
41,229,FALSE,33.11711,33.06986
41,230,FALSE,33.05806,33.00673
41,233,FALSE,30.13658,6.03575
41,234,FALSE,30.01874,33.01892
41,235,FALSE,30.047,33.0145
41,236,FALSE,4.14375,4.01281
41,237,FALSE,5.12118,6.00748
41,242,FALSE,24.09834,4.07982
41,243,FALSE,6.01606,6.05697
41,251,FALSE,34.11078,34.11313
41,252,FALSE,28.07028,6.11362
41,253,FALSE,30.08987,4.06701
41,254,FALSE,4.10042,1.14701
41,255,FALSE,13.12859,3.05481
41,256,FALSE,30.02779,2.14258
41,257,FALSE,20.03296,4.08195
41,258,FALSE,18.03071,1.00758
41,259,FALSE,5.00876,33.03066
41,260,FALSE,5.05221,5.002
41,262,FALSE,36.06813,1.00202
41,263,FALSE,6.0099,3.08893
41,264,FALSE,29.07214,6.14146
41,265,FALSE,6.09376,5.03582
41,270,FALSE,6.12116,33.03612
41,271,FALSE,28.09845,6.1093
41,272,FALSE,5.10832,6.11907
41,273,FALSE,5.09009,6.0659
41,274,FALSE,5.14721,6.00982
41,275,FALSE,6.08785,33.01406
41,280,FALSE,5.09967,3.14235
41,289,FALSE,29.14722,5.12716
41,290,FALSE,6.12981,6.03028
41,291,FALSE,6.14481,6.1471
41,292,FALSE,6.10978,5.06715
41,293,FALSE,30.11125,15.00767
41,294,FALSE,6.05908,10.0079
41,295,FALSE,36.02345,25.11263
41,296,FALSE,4.06551,20.04103
41,297,FALSE,35.05719,6.03703
41,298,FALSE,33.05678,1.03625
41,299,FALSE,34.10064,6.06921
41,300,FALSE,33.11174,6.04335
41,301,FALSE,33.09126,4.07764
41,302,FALSE,35.13824,5.01506
41,303,FALSE,33.12108,5.08575
41,308,FALSE,31.1218,3.02908
41,317,FALSE,22.05231,3.0831
41,318,FALSE,36.05816,6.00371
41,319,FALSE,30.08384,5.14315
41,320,FALSE,27.13399,4.13072
41,321,FALSE,34.07703,4.06799
41,322,FALSE,18.00369,5.02071
41,323,FALSE,17.02895,2.05533
41,324,FALSE,23.13634,2.12535
41,325,FALSE,25.02356,2.03893
41,326,FALSE,18.08617,4.03101
41,328,FALSE,25.12677,5.11818
41,329,FALSE,31.05248,6.13365
41,330,FALSE,30.09311,6.06137
41,331,FALSE,20.0968,5.00654
41,332,FALSE,20.13924,6.14407
41,333,FALSE,30.13702,33.06953
41,334,FALSE,6.12189,6.06488
41,335,FALSE,30.13397,5.12119
41,336,FALSE,30.1138,5.00403
41,337,FALSE,25.09281,6.08714
41,339,FALSE,28.12247,6.01471
41,340,TRUE,1.12522,1
41,341,TRUE,25.09524,1
41,342,FALSE,5.0085,36.07663
41,343,TRUE,1,1
41,346,FALSE,27.09735,6.02769
41,347,FALSE,33.04769,6.06265
41,348,FALSE,27.10758,6.02333
41,349,FALSE,25.07842,2.06234
41,350,FALSE,29.06062,6.13818
41,351,FALSE,25.12953,6.14333
41,352,FALSE,34.05561,6.10835
41,353,FALSE,37.05278,34.11774
41,354,FALSE,34.06967,34.0782
41,355,FALSE,23.04604,5.06304
41,357,FALSE,29.03683,5.10355
41,358,FALSE,28.13258,6.0401
41,359,FALSE,32.0295,6.04947
41,361,FALSE,25.08881,6.06999
41,363,FALSE,35.05122,35.05223
41,364,FALSE,35.06588,35.07657
41,365,FALSE,23.09864,3.06616
41,366,FALSE,5.10499,5.122
41,367,FALSE,35.04523,35.1039
41,370,FALSE,28.08784,6.06728
41,371,FALSE,33.01315,6.11835
41,372,FALSE,33.02662,6.14489
41,373,FALSE,6.0752,6.03276
41,374,FALSE,37.0056,1.0908
41,375,FALSE,23.05967,5.07695
41,376,FALSE,5.10021,6.08031
41,377,FALSE,1,2.07177
41,378,FALSE,28.11034,33.12418
41,379,FALSE,5.11659,28.07313
41,380,FALSE,33.00563,34.07478
41,381,FALSE,5.13539,6.10509
41,383,FALSE,29.03953,5.06057
41,384,FALSE,30.00675,6.12109
41,385,FALSE,30.10108,3.07298
41,386,FALSE,27.0588,4.02051
41,387,FALSE,34.08825,1.10364
41,388,FALSE,5.03075,2.08447
41,389,FALSE,7.0433,2.05253
41,390,FALSE,27.05867,3.04679
41,391,FALSE,23.13102,2.11432
41,394,FALSE,30.05722,5.09806
41,395,FALSE,2.11547,35.05646
41,396,FALSE,3.03718,35.04808
41,397,FALSE,4.08725,35.13055
41,398,FALSE,33.09112,35.02855
41,403,FALSE,19.03986,6.004
41,404,FALSE,34.02831,35.07988
41,405,FALSE,5.01785,35.00879
41,406,FALSE,4.13789,6.1131
41,407,FALSE,28.01995,29.01492
41,408,TRUE,4.09839,1
41,412,FALSE,34.0405,10.11319
41,413,FALSE,30.03842,20.10539
41,414,FALSE,31.06825,10.12192
41,415,FALSE,28.08228,30.11699
41,416,FALSE,20.12525,33.00736
41,417,FALSE,28.07651,6.10791
41,418,FALSE,35.05599,35.06042
41,419,FALSE,33.02034,33.03801
41,420,FALSE,33.06691,33.12994
41,421,FALSE,33.06897,33.09665
41,422,FALSE,30.14679,28.09488
41,423,FALSE,23.01859,6.12462
41,425,FALSE,37.02408,6.07374
41,426,FALSE,33.13829,6.06633
41,427,FALSE,6.11901,6.08744
41,428,FALSE,33.0504,33.06199
41,429,FALSE,28.00414,33.05127
42,1,FALSE,23.13872,6.07826
42,3,FALSE,4.10047,4.11352
42,5,FALSE,37.08336,6.0237
42,6,FALSE,33.01945,5.00365
42,7,FALSE,1,4.01556
42,9,FALSE,5.14237,5.04756
42,10,FALSE,4.13793,4.11195
42,11,FALSE,1,6.10342
42,13,FALSE,6.06652,6.10978
42,17,FALSE,28.06792,6.01861
42,18,FALSE,6.05205,6.03151
42,19,TRUE,33.03083,1
42,21,FALSE,29.04553,6.062
42,22,FALSE,6.10443,6.11475
42,25,FALSE,19.09194,6.02261
42,29,FALSE,5.06957,4.04377
42,30,FALSE,6.14066,6.08375
42,69,FALSE,24.12233,2.0664
42,70,FALSE,23.13236,28.06347
42,71,FALSE,28.03163,6.05752
42,72,FALSE,33.04978,33.06882
42,73,FALSE,28.03616,28.05343
42,74,FALSE,37.10176,33.06081
42,75,FALSE,33.14647,34.06672
42,76,FALSE,28.09623,6.14046
42,77,FALSE,6.11633,18.08352
42,78,FALSE,29.13016,6.02606
42,79,FALSE,6.10492,6.11112
42,82,FALSE,29.13234,6.00138
42,83,FALSE,18.05771,3.09846
42,84,FALSE,1,33.08166
42,85,TRUE,2.14119,1
42,86,TRUE,29.08338,1
42,91,FALSE,5.14411,5.12431
42,92,FALSE,6.05807,6.05913
42,93,FALSE,23.09981,6.12339
42,95,FALSE,5.11406,3.02257
42,98,FALSE,30.06306,5.13834
42,99,FALSE,34.08953,22.01035
42,100,FALSE,35.01241,6.08573
42,101,FALSE,23.13481,5.02317
42,103,FALSE,25.04944,6.11993
42,104,FALSE,30.05499,6.01253
42,106,FALSE,28.03648,3.093
42,107,FALSE,26.08881,4.03363
42,109,FALSE,34.09397,6.09094
42,110,FALSE,28.13525,6.06412
42,111,FALSE,33.05992,3.13372
42,112,FALSE,22.09716,3.01764
42,113,FALSE,28.11174,5.11887
42,114,FALSE,5.09779,2.03434
42,115,FALSE,5.08266,6.01625
42,116,FALSE,28.09457,3.00113
42,117,FALSE,5.12691,4.14718
42,118,FALSE,18.11734,2.09597
42,120,FALSE,34.02326,2.05414
42,121,FALSE,5.04138,3.04722
42,122,FALSE,5.07433,1.0729
42,123,FALSE,6.13942,2.04097
42,124,FALSE,37.12036,2.12119
42,125,FALSE,34.00244,35.02667
42,126,FALSE,30.08901,35.02821
42,127,FALSE,24.05095,6.07763
42,128,FALSE,30.06712,6.10343
42,129,FALSE,30.14004,6.10754
42,130,FALSE,35.06225,35.06692
42,131,FALSE,5.14621,4.12152
42,133,FALSE,5.13409,3.05935
42,134,FALSE,5.12796,4.01303
42,135,FALSE,4.13696,2.07409
42,136,FALSE,4.10813,4.00459
42,137,FALSE,5.11454,4.0512
42,139,FALSE,5.04611,5.07496
42,140,FALSE,3.12286,4.04136
42,141,FALSE,2.10185,6.01902
42,142,FALSE,3.02495,3.12307
42,143,FALSE,5.07856,1.00567
42,144,FALSE,5.09587,31.0471
42,145,TRUE,30.06842,1
42,146,TRUE,1,1
42,147,FALSE,1,2.10698
42,148,TRUE,1,1
42,149,TRUE,18.08541,1
42,150,FALSE,1,35.03793
42,151,TRUE,1.13752,1
42,153,FALSE,6.11871,6.12409
42,154,FALSE,28.09979,6.01512
42,155,FALSE,23.08693,4.03853
42,156,FALSE,28.1236,5.04656
42,157,FALSE,5.07786,1.09129
42,158,FALSE,18.14197,4.07385
42,159,FALSE,23.01683,1.10346
42,160,FALSE,23.12556,4.12386
42,161,FALSE,18.12039,4.08613
42,162,FALSE,29.11785,34.02715
42,164,FALSE,37.01061,5.01399
42,165,FALSE,6.0179,35.13429
42,166,FALSE,30.01807,35.12701
42,167,FALSE,5.12481,6.05309
42,168,FALSE,1,35.09357
42,169,FALSE,30.05991,35.08906
42,173,FALSE,29.13682,6.01317
42,175,FALSE,3.11395,3.13135
42,176,FALSE,5.08398,5.11014
42,177,FALSE,30.10747,6.09512
42,178,FALSE,35.00632,34.00342
42,179,FALSE,34.13061,6.12669
42,180,FALSE,28.10456,28.06644
42,181,FALSE,35.00063,33.0119
42,182,FALSE,25.12172,6.1247
42,183,FALSE,35.02676,6.06495
42,184,FALSE,37.14193,6.13319
42,185,FALSE,28.09234,6.12574
42,186,FALSE,37.07964,6.11925
42,188,FALSE,37.00478,1.08657
42,189,FALSE,34.11416,34.13823
42,190,FALSE,23.11904,6.1351
42,191,FALSE,30.08168,6.04964
42,192,FALSE,25.08438,6.07455
42,193,FALSE,35.07839,36.08475
42,194,FALSE,25.14501,6.08714
42,195,FALSE,28.00489,6.0293
42,197,FALSE,30.00413,2.02004
42,198,FALSE,25.0351,6.06309
42,199,FALSE,29.09238,23.02966
42,200,FALSE,6.0614,6.1283
42,201,FALSE,5.0897,6.12321
42,202,FALSE,37.01742,37.0462
42,203,FALSE,30.14681,30.0656
42,204,FALSE,30.05575,2.03789
42,206,FALSE,30.09474,2.13225
42,207,FALSE,28.06362,6.08547
42,208,FALSE,5.12449,5.07706
42,209,FALSE,28.12169,28.13464
42,210,FALSE,28.0454,28.0785
42,211,FALSE,28.09675,33.12427
42,212,FALSE,4.08441,5.01488
42,213,FALSE,13.09763,5.11309
42,216,FALSE,28.0654,6.09212
42,217,FALSE,29.1447,6.12865
42,218,FALSE,30.04674,6.0846
42,219,FALSE,25.04456,6.13694
42,222,FALSE,28.13763,5.11972
42,225,FALSE,33.11869,33.1248
42,226,FALSE,35.12316,6.10731
42,227,FALSE,37.10067,34.06023
42,229,FALSE,33.09514,33.10266
42,230,FALSE,33.09341,33.05391
42,233,FALSE,30.12051,6.0066
42,234,FALSE,30.1051,33.00074
42,235,FALSE,30.03005,33.00961
42,236,FALSE,4.0969,4.01221
42,237,FALSE,5.00432,6.08411
42,242,FALSE,24.14224,4.10298
42,243,FALSE,6.01205,6.04479
42,251,FALSE,34.07167,34.10578
42,252,FALSE,28.07608,6.1286
42,253,FALSE,30.02306,4.03036
42,254,FALSE,4.13739,1.0838
42,255,FALSE,13.04728,3.12212
42,256,FALSE,30.03235,2.00696
42,257,FALSE,20.04482,4.11035
42,258,FALSE,18.14306,5.02886
42,259,FALSE,5.07294,33.12049
42,260,FALSE,5.07808,5.00931
42,262,FALSE,36.08448,1.10946
42,263,FALSE,6.0216,3.06153
42,264,FALSE,29.04694,6.11166
42,265,FALSE,6.03782,5.08333
42,270,FALSE,6.13263,33.06513
42,271,FALSE,28.08119,6.09699
42,272,FALSE,5.14574,6.01105
42,273,FALSE,5.14244,6.09951
42,274,FALSE,5.13631,6.00033
42,275,FALSE,6.05325,33.02384
42,280,FALSE,5.13186,3.0896
42,289,FALSE,29.04458,5.1239
42,290,FALSE,6.10766,6.11733
42,291,FALSE,6.13261,6.11527
42,292,FALSE,6.13514,5.13187
42,293,FALSE,30.04691,15.07558
42,294,FALSE,10.11261,10.01573
42,295,FALSE,36.00889,25.06094
42,296,FALSE,4.08301,20.03481
42,297,FALSE,35.09185,6.08717
42,298,FALSE,33.13762,1.1312
42,299,FALSE,34.08342,6.06242
42,300,FALSE,33.13569,4.09304
42,301,FALSE,33.14708,4.10236
42,302,FALSE,35.0126,6.0525
42,303,FALSE,33.03181,5.08436
42,308,FALSE,31.01713,5.0266
42,317,FALSE,22.12127,3.09379
42,318,FALSE,36.07627,6.03624
42,319,FALSE,30.1467,5.13083
42,320,FALSE,27.06037,4.06701
42,321,FALSE,34.01389,3.01509
42,322,FALSE,18.11794,5.13385
42,323,FALSE,17.1305,3.0377
42,324,FALSE,23.04661,1.05574
42,325,FALSE,25.03371,2.00563
42,326,FALSE,18.08876,3.02917
42,328,FALSE,25.04845,5.08548
42,329,FALSE,31.00146,6.09291
42,330,FALSE,30.02011,6.04513
42,331,FALSE,20.02454,5.02929
42,332,FALSE,30.10213,5.13467
42,333,FALSE,30.12743,33.003
42,334,FALSE,6.04921,6.05797
42,335,FALSE,30.02103,5.07997
42,336,FALSE,30.14351,5.00447
42,337,FALSE,25.10011,6.05702
42,339,FALSE,28.09753,5.13816
42,340,TRUE,1.05298,1
42,341,TRUE,25.00364,1
42,342,FALSE,5.06709,36.01996
42,343,TRUE,1,1
42,346,FALSE,27.01659,6.032
42,347,FALSE,33.03205,6.07563
42,348,FALSE,27.09667,6.07488
42,349,FALSE,25.13364,2.09392
42,350,FALSE,29.08822,28.12883
42,351,FALSE,25.09684,6.11991
42,352,FALSE,34.01948,6.10722
42,353,FALSE,37.10919,34.07835
42,354,FALSE,34.09269,34.1096
42,355,FALSE,23.14701,5.0657
42,357,FALSE,28.07804,5.0709
42,358,FALSE,28.07315,6.04225
42,359,FALSE,32.04919,6.00394
42,361,FALSE,25.13296,6.05496
42,363,FALSE,35.1033,35.11054
42,364,FALSE,35.06794,35.09037
42,365,FALSE,23.02742,3.12344
42,366,FALSE,5.1141,5.11949
42,367,FALSE,35.00951,35.03531
42,370,FALSE,28.11421,6.07662
42,371,FALSE,33.12768,6.1353
42,372,FALSE,33.12867,6.14483
42,373,FALSE,6.13633,6.11951
42,374,FALSE,37.11326,1.12728
42,375,FALSE,4.02305,5.09184
42,376,FALSE,5.03305,6.11478
42,377,FALSE,1,2.00639
42,378,FALSE,28.12726,33.13761
42,379,FALSE,5.04955,28.10153
42,380,FALSE,33.07132,34.02976
42,381,FALSE,5.06006,6.03384
42,383,FALSE,29.07924,5.08501
42,384,FALSE,30.1385,6.13127
42,385,FALSE,25.14139,1.08446
42,386,FALSE,27.11939,1.02687
42,387,FALSE,34.10648,2.08457
42,388,FALSE,5.14363,2.06374
42,389,FALSE,7.1061,2.04468
42,390,FALSE,27.03704,3.04435
42,391,FALSE,23.02097,4.01578
42,394,FALSE,30.13928,5.0352
42,395,FALSE,2.02031,35.07515
42,396,FALSE,3.03969,35.07402
42,397,FALSE,4.09022,35.05912
42,398,FALSE,33.09847,35.14689
42,403,FALSE,19.01796,6.08771
42,404,FALSE,34.06456,35.07651
42,405,FALSE,5.01271,35.01844
42,406,FALSE,4.12636,6.09104
42,407,FALSE,28.10673,29.05526
42,408,TRUE,4.11803,1
42,412,FALSE,34.05417,10.138
42,413,FALSE,15.06137,20.10395
42,414,FALSE,31.06715,10.08373
42,415,FALSE,28.12306,30.14395
42,416,FALSE,20.06682,33.05673
42,417,FALSE,28.01335,6.13419
42,418,FALSE,35.03026,35.10354
42,419,FALSE,33.00513,33.03996
42,420,FALSE,33.07431,33.09516
42,421,FALSE,33.13678,33.13808
42,422,FALSE,30.05618,28.14514
42,423,FALSE,23.00786,6.04819
42,425,FALSE,37.00466,6.09939
42,426,FALSE,33.09086,6.05521
42,427,FALSE,6.13687,6.06521
42,428,FALSE,33.05757,33.10444
42,429,FALSE,28.14132,33.03859
43,1,FALSE,23.10428,6.01914
43,3,FALSE,4.00215,4.12953
43,5,FALSE,37.14573,6.02292
43,6,FALSE,33.10657,5.07832
43,7,FALSE,1,4.05362
43,9,FALSE,5.14255,5.06316
43,10,FALSE,4.02946,4.13821
43,11,FALSE,1,6.09698
43,13,FALSE,6.05786,6.03609
43,17,FALSE,28.13338,6.02302
43,18,FALSE,6.03237,6.03614
43,19,TRUE,33.04279,1
43,21,FALSE,29.04035,6.03637
43,22,FALSE,6.10495,6.12891
43,25,FALSE,19.11104,6.02335
43,29,FALSE,5.1253,2.1023
43,30,FALSE,6.13814,6.10856
43,69,FALSE,24.09008,2.01965
43,70,FALSE,23.0028,28.09092
43,71,FALSE,28.06009,6.09041
43,72,FALSE,33.0184,33.02208
43,73,FALSE,28.06279,28.00826
43,74,FALSE,33.05338,33.05715
43,75,FALSE,33.12985,34.01994
43,76,FALSE,6.10408,6.10746
43,77,FALSE,6.08841,18.0064
43,78,FALSE,29.03372,6.02465
43,79,FALSE,6.10995,6.11767
43,82,FALSE,29.0014,6.08326
43,83,FALSE,18.00278,3.03899
43,84,FALSE,1,33.07632
43,85,FALSE,1,2.08058
43,86,TRUE,29.1258,1
43,91,FALSE,5.10267,5.07805
43,92,FALSE,28.08082,6.07383
43,93,FALSE,23.07777,6.11946
43,95,FALSE,5.1303,3.0163
43,98,FALSE,30.12069,5.08802
43,99,FALSE,34.09171,22.02733
43,100,FALSE,35.04196,6.11563
43,101,FALSE,23.11559,5.11409
43,103,FALSE,25.05871,6.14026
43,104,FALSE,30.14407,6.03162
43,106,FALSE,28.10666,3.1299
43,107,FALSE,26.04856,4.00271
43,109,FALSE,34.10626,6.13571
43,110,FALSE,28.07325,6.06918
43,111,FALSE,33.13623,5.01828
43,112,FALSE,22.03417,4.08684
43,113,FALSE,28.11922,5.06887
43,114,FALSE,5.13663,2.03067
43,115,FALSE,5.12763,6.01632
43,116,FALSE,28.10951,3.14413
43,117,FALSE,5.13652,3.1024
43,118,FALSE,18.10243,2.09816
43,120,FALSE,34.14353,2.0077
43,121,FALSE,5.08548,2.02635
43,122,FALSE,5.12757,2.05859
43,123,FALSE,6.1129,2.05682
43,124,FALSE,37.08832,2.04108
43,125,FALSE,34.07175,35.04952
43,126,FALSE,30.00539,35.10341
43,127,FALSE,24.01755,6.0027
43,128,FALSE,30.10913,4.10716
43,129,FALSE,30.11497,6.11612
43,130,FALSE,35.07893,35.13206
43,131,FALSE,5.01478,4.06724
43,133,FALSE,5.14686,3.09138
43,134,FALSE,5.11284,4.00439
43,135,FALSE,4.12132,2.08117
43,136,FALSE,4.11835,4.13415
43,137,FALSE,5.0503,4.09102
43,139,FALSE,5.13547,5.06201
43,140,FALSE,3.12203,4.04581
43,141,FALSE,2.00645,6.12277
43,142,FALSE,3.03285,3.14378
43,143,FALSE,5.10369,1.03425
43,144,FALSE,5.06477,4.12355
43,145,TRUE,30.0206,1
43,146,TRUE,1,1
43,147,FALSE,1,2.03288
43,148,TRUE,1,1
43,149,TRUE,18.0364,1
43,150,FALSE,1,35.00496
43,151,TRUE,1.0688,1
43,153,FALSE,6.13331,6.14196
43,154,FALSE,28.13409,6.05219
43,155,FALSE,5.12688,4.00061
43,156,FALSE,5.12397,6.00156
43,157,FALSE,5.12816,2.14416
43,158,FALSE,18.06461,4.08886
43,159,FALSE,23.10143,1.11735
43,160,FALSE,23.04747,4.13033
43,161,FALSE,18.01944,4.04246
43,162,FALSE,29.13915,34.02595
43,164,FALSE,37.0654,5.0256
43,165,FALSE,6.06138,35.14
43,166,FALSE,30.07123,35.06322
43,167,FALSE,5.06366,6.09157
43,168,FALSE,1,35.09306
43,169,FALSE,30.03135,35.05444
43,173,FALSE,29.00326,6.00951
43,175,FALSE,3.05269,3.11086
43,176,FALSE,5.06123,5.01357
43,177,FALSE,30.14018,6.11331
43,178,FALSE,35.01835,34.00604
43,179,FALSE,34.0879,6.13901
43,180,FALSE,28.11434,28.12986
43,181,FALSE,35.01772,33.05747
43,182,FALSE,10.03928,6.14219
43,183,FALSE,35.11069,6.11579
43,184,FALSE,37.05539,6.12795
43,185,FALSE,28.05074,6.14204
43,186,FALSE,37.00841,6.0775
43,188,FALSE,30.11258,1.07167
43,189,FALSE,34.13833,34.14114
43,190,FALSE,23.01838,6.12051
43,191,FALSE,30.09043,6.09083
43,192,FALSE,25.06836,6.08771
43,193,FALSE,35.05134,36.07076
43,194,FALSE,25.13303,6.10393
43,195,FALSE,28.08261,6.12156
43,197,FALSE,30.06371,2.1259
43,198,FALSE,25.12622,6.00559
43,199,FALSE,29.08961,23.03406
43,200,FALSE,6.07457,6.10135
43,201,FALSE,5.13279,6.11426
43,202,FALSE,37.07349,37.08698
43,203,FALSE,30.11127,30.03804
43,204,FALSE,30.0042,6.08331
43,206,FALSE,30.10791,2.14606
43,207,FALSE,28.02636,6.12759
43,208,FALSE,5.14459,5.10034
43,209,FALSE,28.00143,28.11912
43,210,FALSE,28.09119,28.05172
43,211,FALSE,28.13782,33.00827
43,212,FALSE,4.14644,5.02912
43,213,FALSE,13.09518,5.10335
43,216,FALSE,28.11802,6.10044
43,217,FALSE,29.0062,6.12328
43,218,FALSE,30.03095,6.11009
43,219,FALSE,25.07834,6.14551
43,222,FALSE,28.14234,5.08546
43,225,FALSE,33.13427,33.13533
43,226,FALSE,35.11608,6.08486
43,227,FALSE,37.04094,34.02862
43,229,FALSE,33.1168,33.07259
43,230,FALSE,33.05785,33.03082
43,233,FALSE,30.11605,6.01812
43,234,FALSE,30.05208,33.02379
43,235,FALSE,30.07388,33.01471
43,236,FALSE,4.13085,4.01654
43,237,FALSE,5.07009,6.07971
43,242,FALSE,24.11051,4.09154
43,243,FALSE,6.0192,6.06348
43,251,FALSE,34.06647,34.11385
43,252,FALSE,28.12205,6.13656
43,253,FALSE,30.09865,4.04684
43,254,FALSE,4.11481,1.01041
43,255,FALSE,13.11149,3.09074
43,256,FALSE,30.00264,2.07013
43,257,FALSE,20.14067,4.13253
43,258,FALSE,18.12863,5.06173
43,259,FALSE,5.11092,33.09836
43,260,FALSE,5.11936,5.13562
43,262,FALSE,36.02663,1.00523
43,263,FALSE,6.03794,4.06673
43,264,FALSE,29.04355,6.1311
43,265,FALSE,6.02385,5.14316
43,270,FALSE,6.1013,33.04711
43,271,FALSE,28.11438,6.11974
43,272,FALSE,5.07027,6.00981
43,273,FALSE,5.13477,6.02641
43,274,FALSE,5.09584,6.048
43,275,FALSE,6.13049,33.00367
43,280,FALSE,5.07432,3.03393
43,289,FALSE,28.04522,5.14656
43,290,FALSE,6.1275,6.12787
43,291,FALSE,6.14284,6.13807
43,292,FALSE,6.04875,5.01909
43,293,FALSE,30.13516,15.08296
43,294,FALSE,6.05284,10.06387
43,295,FALSE,36.09276,25.01892
43,296,FALSE,4.1153,20.04001
43,297,FALSE,35.05525,6.1148
43,298,FALSE,33.11013,2.06559
43,299,FALSE,34.00178,6.0219
43,300,FALSE,33.07892,6.09733
43,301,FALSE,33.12474,4.06074
43,302,FALSE,35.09989,6.01292
43,303,FALSE,33.00846,5.09411
43,308,FALSE,31.14273,5.12068
43,317,FALSE,22.12663,3.00465
43,318,FALSE,36.09756,4.12926
43,319,FALSE,30.03869,5.12407
43,320,FALSE,27.021,4.04899
43,321,FALSE,34.04858,4.07377
43,322,FALSE,18.11832,5.01688
43,323,FALSE,17.07699,2.10096
43,324,FALSE,23.08582,2.00232
43,325,FALSE,25.08672,2.03163
43,326,FALSE,18.09382,3.10915
43,328,FALSE,25.10756,5.05232
43,329,FALSE,31.10239,6.12082
43,330,FALSE,30.11233,6.03955
43,331,FALSE,20.12344,5.0379
43,332,FALSE,20.02737,6.09414
43,333,FALSE,30.13645,33.01891
43,334,FALSE,6.12791,6.07459
43,335,FALSE,30.06593,5.08738
43,336,FALSE,30.08947,5.134
43,337,FALSE,25.08132,6.07086
43,339,FALSE,28.06933,5.00582
43,340,TRUE,1.04773,1
43,341,TRUE,25.00831,1
43,342,FALSE,5.08562,36.09269
43,343,TRUE,1,1
43,346,FALSE,27.0811,6.06766
43,347,FALSE,33.04815,6.11425
43,348,FALSE,27.05468,6.07613
43,349,FALSE,25.09203,2.06365
43,350,FALSE,29.07555,6.11368
43,351,FALSE,25.11715,6.14389
43,352,FALSE,34.00136,6.09527
43,353,FALSE,37.10886,34.1105
43,354,FALSE,34.07296,34.07514
43,355,FALSE,23.08312,5.04723
43,357,FALSE,29.10537,5.09108
43,358,FALSE,28.13686,6.0486
43,359,FALSE,32.04513,6.0196
43,361,FALSE,25.05184,6.0587
43,363,FALSE,35.01856,35.0737
43,364,FALSE,35.12714,35.13486
43,365,FALSE,23.1219,3.02083
43,366,FALSE,5.06852,5.12253
43,367,FALSE,35.03174,35.06964
43,370,FALSE,28.10522,6.10192
43,371,FALSE,33.12356,6.14578
43,372,FALSE,33.11831,6.14479
43,373,FALSE,6.11551,6.07513
43,374,FALSE,37.12347,1.01236
43,375,FALSE,4.06977,5.02305
43,376,FALSE,5.13918,6.10032
43,377,FALSE,2.11056,6.10785
43,378,FALSE,28.08636,33.08165
43,379,FALSE,5.13199,28.0255
43,380,FALSE,33.10449,34.11064
43,381,FALSE,5.14651,6.13132
43,383,FALSE,30.05287,5.08807
43,384,FALSE,30.07315,6.11964
43,385,FALSE,25.11187,2.1333
43,386,FALSE,27.10157,1.02913
43,387,FALSE,34.14512,1.12339
43,388,FALSE,5.04206,2.04136
43,389,FALSE,7.06427,2.00806
43,390,FALSE,27.11646,3.0749
43,391,FALSE,23.00085,2.05677
43,394,FALSE,30.12385,5.08501
43,395,FALSE,2.03811,35.13091
43,396,FALSE,3.08828,35.09884
43,397,FALSE,4.13104,35.11032
43,398,FALSE,33.01035,35.11822
43,403,FALSE,19.12369,6.04694
43,404,FALSE,34.00048,35.02846
43,405,FALSE,5.04305,35.11732
43,406,FALSE,1,4.09637
43,407,FALSE,28.02255,29.11639
43,408,TRUE,4.10124,1
43,412,FALSE,34.13107,10.10251
43,413,FALSE,30.10358,20.06659
43,414,FALSE,31.13261,10.0867
43,415,FALSE,28.13026,30.11243
43,416,FALSE,20.04786,33.03721
43,417,FALSE,28.00568,6.12346
43,418,FALSE,35.06837,35.08091
43,419,FALSE,33.08544,33.14377
43,420,FALSE,33.0384,33.14118
43,421,FALSE,33.12503,33.1361
43,422,FALSE,30.09323,6.13893
43,423,FALSE,23.12877,6.05414
43,425,FALSE,37.10338,5.09598
43,426,FALSE,33.12367,6.07191
43,427,FALSE,6.13931,6.06474
43,428,FALSE,33.06076,33.06259
43,429,FALSE,28.1459,33.06994
44,1,FALSE,23.13402,6.06766
44,3,FALSE,4.01513,4.12353
44,5,FALSE,37.01184,6.02921
44,6,FALSE,33.08917,5.07839
44,7,FALSE,1,4.08571
44,9,FALSE,5.1437,4.12617
44,10,FALSE,4.06603,5.0362
44,11,FALSE,1,6.08443
44,13,FALSE,6.10069,6.10927
44,17,FALSE,28.13921,6.05118
44,18,FALSE,6.06096,6.0274
44,19,TRUE,33.10359,1
44,21,FALSE,18.09406,6.04964
44,22,FALSE,6.12247,6.12124
44,25,FALSE,19.05221,6.00418
44,29,FALSE,5.11906,2.08086
44,30,FALSE,6.09916,6.05897
44,69,FALSE,24.09049,2.11715
44,70,FALSE,23.07453,28.05608
44,71,FALSE,28.09283,6.08959
44,72,FALSE,33.00036,33.05834
44,73,FALSE,28.02663,28.02606
44,74,FALSE,37.097,33.04027
44,75,FALSE,33.07929,34.09502
44,76,FALSE,28.02153,6.08538
44,77,FALSE,6.14227,18.14617
44,78,FALSE,29.14491,6.0291
44,79,FALSE,6.10225,6.10243
44,82,FALSE,29.06989,6.03726
44,83,FALSE,18.0886,3.14372
44,84,FALSE,1,33.01805
44,85,TRUE,2.03115,1
44,86,TRUE,29.02105,1
44,91,FALSE,5.10223,5.10149
44,92,FALSE,28.11413,6.07926
44,93,FALSE,23.10457,6.1255
44,95,FALSE,5.05336,4.11274
44,98,FALSE,30.00577,5.0535
44,99,FALSE,34.09592,22.07
44,100,FALSE,35.07515,6.12221
44,101,FALSE,23.06545,5.09173
44,103,FALSE,25.13617,6.11857
44,104,FALSE,30.08399,6.00803
44,106,FALSE,28.12413,3.08225
44,107,FALSE,26.01911,4.04071
44,109,FALSE,34.07566,6.10533
44,110,FALSE,28.04666,6.05388
44,111,FALSE,33.13266,3.09392
44,112,FALSE,22.12379,3.01065
44,113,FALSE,28.05159,5.0158
44,114,FALSE,5.04209,2.0155
44,115,FALSE,5.14022,6.0263
44,116,FALSE,28.04205,3.09943
44,117,FALSE,5.14135,4.07242
44,118,FALSE,18.00309,2.07127
44,120,FALSE,34.1275,2.06451
44,121,FALSE,5.11024,3.05396
44,122,FALSE,5.13863,1.07401
44,123,FALSE,6.01547,2.09448
44,124,FALSE,37.11323,4.02078
44,125,FALSE,34.10659,35.07301
44,126,FALSE,30.01891,35.09162
44,127,FALSE,24.14494,6.11269
44,128,FALSE,30.03733,4.04103
44,129,FALSE,30.07645,6.09609
44,130,FALSE,35.06486,35.08756
44,131,FALSE,5.12548,4.13828
44,133,FALSE,5.11333,3.00534
44,134,FALSE,5.11419,4.00022
44,135,FALSE,4.07726,4.0828
44,136,FALSE,4.14595,4.02431
44,137,FALSE,5.09792,4.06763
44,139,FALSE,5.00252,5.11664
44,140,FALSE,3.03347,4.00109
44,141,FALSE,2.05677,6.00497
44,142,FALSE,3.1278,3.03822
44,143,FALSE,5.03948,1.00129
44,144,FALSE,5.02137,4.08918
44,145,FALSE,1,30.02376
44,146,TRUE,1,1
44,147,FALSE,1,2.10529
44,148,TRUE,1,1
44,149,TRUE,18.10217,1
44,150,FALSE,1,35.07592
44,151,TRUE,1.07938,1
44,153,FALSE,6.07864,6.11168
44,154,FALSE,23.11061,6.06019
44,155,FALSE,23.10947,4.0654
44,156,FALSE,28.0055,5.01003
44,157,FALSE,5.01731,1.00442
44,158,FALSE,18.07183,4.02158
44,159,FALSE,23.10993,3.12192
44,160,FALSE,23.08342,4.05645
44,161,FALSE,18.05501,4.11044
44,162,FALSE,29.13246,34.12337
44,164,FALSE,37.10687,5.04253
44,165,FALSE,6.0203,35.01875
44,166,FALSE,30.07287,35.12
44,167,FALSE,5.02357,6.08124
44,168,FALSE,1,35.04626
44,169,FALSE,30.00605,35.10552
44,173,FALSE,29.04779,6.01058
44,175,FALSE,3.11208,3.10367
44,176,FALSE,5.07179,5.01627
44,177,FALSE,30.13248,6.0853
44,178,FALSE,35.01107,34.01326
44,179,FALSE,34.07244,6.13719
44,180,FALSE,28.1222,28.13688
44,181,FALSE,35.02573,33.00476
44,182,FALSE,10.02244,6.13172
44,183,FALSE,35.01102,6.10475
44,184,FALSE,37.05115,6.09474
44,185,FALSE,28.05099,6.13076
44,186,FALSE,37.07973,6.03313
44,188,FALSE,30.09816,2.0649
44,189,FALSE,34.06881,34.07603
44,190,FALSE,23.08885,6.12585
44,191,FALSE,30.14621,6.06011
44,192,FALSE,25.00163,6.1012
44,193,FALSE,35.12099,36.10219
44,194,FALSE,25.0255,6.10677
44,195,FALSE,28.01716,6.02571
44,197,FALSE,29.08957,2.12482
44,198,FALSE,25.09607,6.10454
44,199,FALSE,30.04984,6.10374
44,200,FALSE,6.03032,6.13144
44,201,FALSE,5.10202,6.14539
44,202,FALSE,37.05742,37.07921
44,203,FALSE,30.08639,30.04925
44,204,FALSE,30.14652,4.03306
44,206,FALSE,30.11247,2.05042
44,207,FALSE,28.09848,6.08924
44,208,FALSE,5.1347,5.10847
44,209,FALSE,28.07447,28.1005
44,210,FALSE,28.14725,28.04969
44,211,FALSE,28.04888,33.00495
44,212,FALSE,4.14549,5.07311
44,213,FALSE,13.05861,5.14666
44,216,FALSE,28.13997,6.09581
44,217,FALSE,29.023,6.13184
44,218,FALSE,30.04483,6.11756
44,219,FALSE,25.04258,6.11941
44,222,FALSE,28.14427,5.11667
44,225,FALSE,33.08712,33.12281
44,226,FALSE,35.03618,6.10673
44,227,FALSE,37.04106,34.09754
44,229,FALSE,33.11161,33.09655
44,230,FALSE,33.05356,33.00677
44,233,FALSE,30.14506,5.1142
44,234,FALSE,30.0859,33.00469
44,235,FALSE,30.12282,33.05373
44,236,FALSE,4.04597,4.09948
44,237,FALSE,5.09532,6.03978
44,242,FALSE,24.12133,4.12478
44,243,FALSE,6.06341,6.12347
44,251,FALSE,34.13164,34.14337
44,252,FALSE,28.08569,6.08799
44,253,FALSE,30.12378,4.03151
44,254,FALSE,4.06175,1.11001
44,255,FALSE,13.04781,3.10651
44,256,FALSE,30.10607,2.10681
44,257,FALSE,20.04757,4.14301
44,258,FALSE,18.05471,1.05283
44,259,FALSE,5.12483,33.10599
44,260,FALSE,5.04549,5.03182
44,262,FALSE,36.12797,1.09399
44,263,FALSE,6.02541,3.0334
44,264,FALSE,29.12814,6.0762
44,265,FALSE,6.01763,5.13397
44,270,FALSE,6.08874,33.03362
44,271,FALSE,28.08915,6.11094
44,272,FALSE,5.12895,6.04305
44,273,FALSE,5.11169,6.04948
44,274,FALSE,5.14282,6.01403
44,275,FALSE,6.13715,33.01935
44,280,FALSE,5.09506,3.05196
44,289,FALSE,28.03639,5.14473
44,290,FALSE,6.12021,6.1069
44,291,FALSE,6.12881,6.13993
44,292,FALSE,6.12747,5.02745
44,293,FALSE,30.1086,15.07829
44,294,FALSE,6.08774,10.03898
44,295,FALSE,36.14303,25.00113
44,296,FALSE,4.0236,20.09058
44,297,FALSE,35.04551,6.01198
44,298,FALSE,33.02747,1.0727
44,299,FALSE,34.04916,6.07316
44,300,FALSE,33.12182,4.09763
44,301,FALSE,33.10274,4.10977
44,302,FALSE,35.09009,5.06995
44,303,FALSE,33.07561,5.1451
44,308,FALSE,31.1061,3.08506
44,317,FALSE,22.0253,4.04643
44,318,FALSE,36.04821,4.10177
44,319,FALSE,30.11674,5.03406
44,320,FALSE,27.1133,4.13311
44,321,FALSE,34.08516,3.14012
44,322,FALSE,18.05489,5.06552
44,323,FALSE,17.04544,2.03516
44,324,FALSE,23.10962,2.08077
44,325,FALSE,25.07833,2.12897
44,326,FALSE,28.01526,3.08841
44,328,FALSE,25.05692,5.13316
44,329,FALSE,31.14147,6.11774
44,330,FALSE,30.12062,6.06065
44,331,FALSE,20.12605,5.09821
44,332,FALSE,20.14382,6.06809
44,333,FALSE,30.07431,33.02011
44,334,FALSE,6.08519,6.10204
44,335,FALSE,30.05497,5.0731
44,336,FALSE,30.09567,5.10547
44,337,FALSE,25.05147,6.01245
44,339,FALSE,28.12763,6.07224
44,340,TRUE,1.01392,1
44,341,TRUE,25.02407,1
44,342,FALSE,5.08036,36.01823
44,343,TRUE,1,1
44,346,FALSE,27.06531,6.02737
44,347,FALSE,33.09729,6.06899
44,348,FALSE,27.02696,6.03651
44,349,FALSE,25.10296,2.12346
44,350,FALSE,29.02776,6.12885
44,351,FALSE,25.04961,6.1295
44,352,FALSE,34.13161,6.09289
44,353,FALSE,37.03838,34.02791
44,354,FALSE,34.0934,34.1306
44,355,FALSE,23.14592,5.0133
44,357,FALSE,29.13747,5.09122
44,358,FALSE,28.06485,6.00039
44,359,FALSE,32.02927,6.00837
44,361,FALSE,25.09274,6.05971
44,363,FALSE,35.0861,35.08939
44,364,FALSE,35.03421,35.09361
44,365,FALSE,23.05931,3.07688
44,366,FALSE,5.10169,5.14238
44,367,FALSE,35.03283,35.03378
44,370,FALSE,28.11308,6.08493
44,371,FALSE,33.09337,6.13528
44,372,FALSE,33.06078,6.14616
44,373,FALSE,6.13712,6.03366
44,374,FALSE,37.04194,1.12053
44,375,FALSE,23.11046,5.05392
44,376,FALSE,5.05758,6.13361
44,377,FALSE,2.03625,6.13282
44,378,FALSE,28.05394,33.0613
44,379,FALSE,5.0783,28.08523
44,380,FALSE,33.01757,34.09061
44,381,FALSE,5.07484,6.0225
44,383,FALSE,30.10424,5.03134
44,384,FALSE,30.11157,6.06622
44,385,FALSE,25.12624,2.07325
44,386,FALSE,27.09516,4.12143
44,387,FALSE,34.10751,1.06572
44,388,FALSE,5.09759,2.01038
44,389,FALSE,7.11936,2.00833
44,390,FALSE,27.01253,3.13165
44,391,FALSE,23.05687,2.09104
44,394,FALSE,30.01361,5.11829
44,395,FALSE,2.06716,35.14397
44,396,FALSE,3.09358,35.07283
44,397,FALSE,4.13868,35.06366
44,398,FALSE,33.10891,35.06281
44,403,FALSE,19.13947,6.00529
44,404,FALSE,34.0728,35.07577
44,405,FALSE,5.09765,35.07939
44,406,FALSE,1,4.11618
44,407,FALSE,28.09492,29.09773
44,408,TRUE,4.0534,1
44,412,FALSE,34.11163,10.05405
44,413,FALSE,25.04054,20.02321
44,414,FALSE,31.03677,10.01371
44,415,FALSE,28.00341,30.05704
44,416,FALSE,20.09113,33.01281
44,417,FALSE,28.03528,6.13091
44,418,FALSE,35.05763,35.08356
44,419,FALSE,33.02572,33.05178
44,420,FALSE,33.04525,33.14345
44,421,FALSE,33.12912,33.13033
44,422,FALSE,30.14153,6.14013
44,423,FALSE,23.11346,6.06806
44,425,FALSE,5.02535,5.02724
44,426,FALSE,33.08349,6.07699
44,427,FALSE,6.12551,6.07825
44,428,FALSE,33.14023,33.07595
44,429,FALSE,28.02276,33.00255
45,1,FALSE,23.07403,6.04819
45,3,FALSE,4.0467,4.11205
45,5,FALSE,37.10833,6.00432
45,6,FALSE,33.01748,5.14304
45,7,FALSE,1,4.02152
45,9,FALSE,5.11782,4.07727
45,10,FALSE,4.10609,4.11826
45,11,FALSE,1,6.04515
45,13,FALSE,6.10541,6.11869
45,17,FALSE,28.00611,6.01443
45,18,FALSE,6.01357,6.01488
45,19,TRUE,33.02109,1
45,21,FALSE,29.05603,6.0591
45,22,FALSE,6.12987,6.11839
45,25,FALSE,19.13516,6.01482
45,29,FALSE,5.09817,4.08253
45,30,FALSE,6.13648,6.07391
45,69,FALSE,24.07682,2.02203
45,70,FALSE,23.11194,28.12265
45,71,FALSE,28.12306,6.05421
45,72,FALSE,33.03661,33.05451
45,73,FALSE,28.0736,28.01886
45,74,FALSE,37.05046,33.03454
45,75,FALSE,33.14068,34.02496
45,76,FALSE,6.11501,6.11915
45,77,FALSE,6.12613,18.0728
45,78,FALSE,29.04702,6.04728
45,79,FALSE,6.11761,6.12189
45,82,FALSE,29.13422,6.12173
45,83,FALSE,18.07623,3.03598
45,84,FALSE,1,33.10193
45,85,TRUE,2.06012,1
45,86,TRUE,29.05865,1
45,91,FALSE,5.13929,5.05827
45,92,FALSE,6.07316,6.0808
45,93,FALSE,23.09633,6.11319
45,95,FALSE,5.06466,4.02678
45,98,FALSE,30.12979,5.14452
45,99,FALSE,34.13216,22.10953
45,100,FALSE,35.05158,6.11025
45,101,FALSE,23.1258,5.02395
45,103,FALSE,25.0956,6.129
45,104,FALSE,30.09301,6.0043
45,106,FALSE,28.0397,3.1014
45,107,FALSE,26.07895,4.09171
45,109,FALSE,34.06656,6.14002
45,110,FALSE,28.07781,6.07821
45,111,FALSE,33.02899,3.0437
45,112,FALSE,22.09059,3.09381
45,113,FALSE,28.11512,5.02852
45,114,FALSE,5.07489,2.08481
45,115,FALSE,5.11141,6.00979
45,116,FALSE,28.10562,3.12235
45,117,FALSE,5.12079,4.01808
45,118,FALSE,18.11362,2.10926
45,120,FALSE,34.1033,2.09091
45,121,FALSE,5.10194,3.02788
45,122,FALSE,5.14507,2.02624
45,123,FALSE,6.04722,2.07786
45,124,FALSE,37.07361,2.10678
45,125,FALSE,34.02962,35.11867
45,126,FALSE,30.10428,35.1031
45,127,FALSE,24.01015,6.12789
45,128,FALSE,30.03884,6.00051
45,129,FALSE,30.02939,6.109
45,130,FALSE,35.10937,35.11778
45,131,FALSE,5.05338,4.09413
45,133,FALSE,5.10133,3.02832
45,134,FALSE,4.05672,4.00282
45,135,FALSE,4.08967,2.08143
45,136,FALSE,4.11585,4.04467
45,137,FALSE,5.03765,4.01416
45,139,FALSE,5.00483,5.1047
45,140,FALSE,3.02721,4.01577
45,141,FALSE,2.02916,6.09208
45,142,FALSE,3.09449,3.09872
45,143,FALSE,5.08983,1.10912
45,144,FALSE,5.13613,31.07205
45,145,FALSE,1,30.04511
45,146,TRUE,1,1
45,147,FALSE,1,2.04098
45,148,TRUE,1,1
45,149,TRUE,18.08694,1
45,150,FALSE,1,35.13579
45,151,TRUE,1.06804,1
45,153,FALSE,6.078,6.07948
45,154,FALSE,28.09007,6.06915
45,155,FALSE,37.08252,4.1418
45,156,FALSE,5.11754,6.00938
45,157,FALSE,5.08902,1.13202
45,158,FALSE,18.04463,4.06214
45,159,FALSE,23.04545,1.13504
45,160,FALSE,23.01021,4.09699
45,161,FALSE,18.07515,4.0799
45,162,FALSE,29.04689,34.0651
45,164,FALSE,37.02057,5.10956
45,165,FALSE,6.01294,35.01718
45,166,FALSE,30.1041,35.09286
45,167,FALSE,5.01708,6.07862
45,168,FALSE,1,35.00221
45,169,FALSE,30.05089,35.00788
45,173,FALSE,28.03145,6.01252
45,175,FALSE,3.13912,3.0379
45,176,FALSE,5.01982,5.07909
45,177,FALSE,30.0787,6.12701
45,178,FALSE,35.0036,34.01373
45,179,FALSE,34.1075,6.13359
45,180,FALSE,28.12556,28.14568
45,181,FALSE,35.03524,33.03092
45,182,FALSE,10.0357,6.1194
45,183,FALSE,35.06046,6.0505
45,184,FALSE,37.02239,6.12542
45,185,FALSE,28.0562,6.14116
45,186,FALSE,37.12652,6.03003
45,188,FALSE,30.14401,1.11525
45,189,FALSE,34.08674,34.14449
45,190,FALSE,23.08814,6.14494
45,191,FALSE,30.08038,6.08485
45,192,FALSE,25.02977,6.09462
45,193,FALSE,35.01338,36.08059
45,194,FALSE,25.03731,6.05988
45,195,FALSE,28.04978,6.12671
45,197,FALSE,29.1101,2.03244
45,198,FALSE,25.12406,6.05306
45,199,FALSE,29.0093,23.13674
45,200,FALSE,6.07772,6.1063
45,201,FALSE,5.11828,6.01496
45,202,FALSE,37.04954,37.05353
45,203,FALSE,30.11068,30.10785
45,204,FALSE,30.02517,6.13065
45,206,FALSE,30.09995,2.0586
45,207,FALSE,28.0444,6.11415
45,208,FALSE,5.1276,5.00422
45,209,FALSE,28.00887,28.11609
45,210,FALSE,28.11114,28.09102
45,211,FALSE,28.06676,33.04513
45,212,FALSE,4.14559,5.06625
45,213,FALSE,13.09813,5.11382
45,216,FALSE,28.07457,6.09591
45,217,FALSE,29.02775,6.13448
45,218,FALSE,30.07734,6.05769
45,219,FALSE,25.11371,6.14086
45,222,FALSE,28.10484,5.14249
45,225,FALSE,33.09965,33.11434
45,226,FALSE,35.13867,6.08518
45,227,FALSE,37.02684,34.02319
45,229,FALSE,33.08421,33.06966
45,230,FALSE,33.13254,33.07274
45,233,FALSE,30.08583,5.00215
45,234,FALSE,30.01541,33.06016
45,235,FALSE,30.09329,33.03387
45,236,FALSE,4.11161,4.02752
45,237,FALSE,5.14148,6.09001
45,242,FALSE,24.09927,4.13472
45,243,FALSE,6.03325,6.09383
45,251,FALSE,34.07527,34.08812
45,252,FALSE,28.05823,6.12871
45,253,FALSE,30.09083,4.0073
45,254,FALSE,4.00107,1.12708
45,255,FALSE,13.05964,3.09233
45,256,FALSE,30.01788,2.12287
45,257,FALSE,20.0053,4.13924
45,258,FALSE,18.09024,5.06666
45,259,FALSE,5.09678,33.08093
45,260,FALSE,5.13408,5.1338
45,262,FALSE,36.09227,1.09912
45,263,FALSE,6.01266,3.12499
45,264,FALSE,29.03169,6.12024
45,265,FALSE,6.08322,5.14738
45,270,FALSE,6.12192,33.07932
45,271,FALSE,28.10729,6.0252
45,272,FALSE,5.07368,6.08456
45,273,FALSE,5.10993,6.00729
45,274,FALSE,5.11026,6.07312
45,275,FALSE,6.01045,33.07263
45,280,FALSE,5.14644,3.08632
45,289,FALSE,29.14533,5.14655
45,290,FALSE,6.1264,6.10415
45,291,FALSE,6.13293,6.14451
45,292,FALSE,6.14221,5.07574
45,293,FALSE,30.08076,15.10247
45,294,FALSE,6.11271,10.01887
45,295,FALSE,36.11957,25.00013
45,296,FALSE,4.11748,20.07998
45,297,FALSE,35.05295,6.0496
45,298,FALSE,33.12951,1.02973
45,299,FALSE,34.06255,6.02482
45,300,FALSE,33.09088,4.12891
45,301,FALSE,33.0671,4.12134
45,302,FALSE,35.00457,6.07396
45,303,FALSE,33.10608,5.08915
45,308,FALSE,31.12261,3.14553
45,317,FALSE,22.03827,3.07143
45,318,FALSE,36.01922,4.139
45,319,FALSE,30.09372,5.14438
45,320,FALSE,27.10964,4.01633
45,321,FALSE,34.04805,3.10814
45,322,FALSE,18.01986,5.11327
45,323,FALSE,17.13238,2.07077
45,324,FALSE,23.05068,1.1413
45,325,FALSE,25.0906,4.0475
45,326,FALSE,28.00943,3.09207
45,328,FALSE,25.02648,5.13497
45,329,FALSE,31.09561,6.10337
45,330,FALSE,28.01574,6.0254
45,331,FALSE,20.1198,5.04747
45,332,FALSE,30.10173,5.12089
45,333,FALSE,30.11715,33.03722
45,334,FALSE,6.02734,6.06766
45,335,FALSE,30.09677,5.02776
45,336,FALSE,30.09191,5.05109
45,337,FALSE,25.08827,6.07871
45,339,FALSE,28.10869,5.02552
45,340,TRUE,1.13135,1
45,341,TRUE,25.05779,1
45,342,FALSE,5.13595,36.05648
45,343,TRUE,1,1
45,346,FALSE,27.13806,6.03716
45,347,FALSE,33.01876,6.08424
45,348,FALSE,27.02838,6.03537
45,349,FALSE,25.02866,2.01131
45,350,FALSE,29.10766,6.13836
45,351,FALSE,25.00028,6.14155
45,352,FALSE,34.00839,6.07703
45,353,FALSE,37.06712,34.09655
45,354,FALSE,34.05612,34.08493
45,355,FALSE,23.02308,5.01424
45,357,FALSE,29.02533,5.05911
45,358,FALSE,28.12901,6.00596
45,359,FALSE,32.00831,6.00131
45,361,FALSE,25.05301,6.04832
45,363,FALSE,35.06204,35.08196
45,364,FALSE,35.09724,35.11343
45,365,FALSE,23.09903,3.06803
45,366,FALSE,5.09257,5.11129
45,367,FALSE,35.01927,35.02373
45,370,FALSE,28.11405,6.07896
45,371,FALSE,33.13035,6.13698
45,372,FALSE,33.00967,6.13568
45,373,FALSE,6.13882,6.05619
45,374,FALSE,37.0733,1.11643
45,375,FALSE,23.09937,5.09878
45,376,FALSE,5.10933,6.11554
45,377,FALSE,1,2.0684
45,378,FALSE,28.05265,33.11154
45,379,FALSE,5.06659,28.02611
45,380,FALSE,33.1388,34.01475
45,381,FALSE,5.12778,6.12223
45,383,FALSE,30.05659,5.0512
45,384,FALSE,30.09309,6.05034
45,385,FALSE,25.12801,3.06183
45,386,FALSE,27.00538,4.13646
45,387,FALSE,34.04803,2.02429
45,388,FALSE,5.12884,2.0008
45,389,FALSE,7.04784,2.0548
45,390,FALSE,27.02362,3.07916
45,391,FALSE,23.07837,2.06572
45,394,FALSE,30.0659,5.04639
45,395,FALSE,2.11523,35.07926
45,396,FALSE,3.02293,35.02343
45,397,FALSE,4.03853,35.01902
45,398,FALSE,33.14118,35.08627
45,403,FALSE,19.06541,6.01324
45,404,FALSE,34.06999,35.03042
45,405,FALSE,5.07348,35.11741
45,406,FALSE,4.13367,6.03582
45,407,FALSE,28.1147,29.12922
45,408,TRUE,4.09472,1
45,412,FALSE,34.04797,10.02736
45,413,FALSE,25.07029,15.04939
45,414,FALSE,31.04412,10.11316
45,415,FALSE,28.06662,30.0076
45,416,FALSE,20.03686,33.00952
45,417,FALSE,28.10601,6.09331
45,418,FALSE,35.06028,35.08336
45,419,FALSE,33.00622,33.093
45,420,FALSE,33.01019,33.01456
45,421,FALSE,33.02185,33.09646
45,422,FALSE,28.11544,30.00445
45,423,FALSE,23.12191,6.04448
45,425,FALSE,37.1081,6.06186
45,426,FALSE,33.07296,6.053
45,427,FALSE,6.13127,6.10028
45,428,FALSE,33.05583,33.06969
45,429,FALSE,28.00697,33.105
46,1,FALSE,23.00798,6.06588
46,3,FALSE,4.04618,4.11603
46,5,FALSE,37.04077,6.01154
46,6,FALSE,33.12448,5.11361
46,7,FALSE,1,4.08622
46,9,FALSE,5.14228,5.04499
46,10,FALSE,4.08598,4.10139
46,11,FALSE,1,6.06474
46,13,FALSE,6.12501,6.13689
46,17,FALSE,28.10085,6.03259
46,18,FALSE,6.03585,6.02733
46,19,TRUE,33.00826,1
46,21,FALSE,18.00479,6.05461
46,22,FALSE,6.08805,6.0876
46,25,FALSE,19.06058,6.01668
46,29,FALSE,5.14294,2.08382
46,30,FALSE,6.10779,6.02487
46,69,FALSE,24.13663,2.09217
46,70,FALSE,23.00065,28.0647
46,71,FALSE,6.03266,6.03361
46,72,FALSE,33.03756,33.04357
46,73,FALSE,28.00183,28.00995
46,74,FALSE,33.02551,33.0434
46,75,FALSE,33.12606,34.05112
46,76,FALSE,28.09824,6.11029
46,77,FALSE,6.12437,18.09086
46,78,FALSE,23.12608,6.02132
46,79,FALSE,6.08235,6.08982
46,82,FALSE,29.02493,6.03583
46,83,FALSE,18.00689,3.12173
46,84,FALSE,1,33.00256
46,85,TRUE,2.01743,1
46,86,TRUE,29.07295,1
46,91,FALSE,5.09784,5.05135
46,92,FALSE,28.00774,6.07479
46,93,FALSE,23.11211,6.11915
46,95,FALSE,5.10961,4.10934
46,98,FALSE,30.04111,5.02372
46,99,FALSE,34.07711,22.05428
46,100,FALSE,35.00344,6.12633
46,101,FALSE,23.1171,3.0311
46,103,FALSE,25.11427,6.11681
46,104,FALSE,30.06875,6.03764
46,106,FALSE,28.08514,3.05322
46,107,FALSE,26.13426,4.07199
46,109,FALSE,34.04845,6.11145
46,110,FALSE,28.08578,6.08227
46,111,FALSE,33.0281,5.02607
46,112,FALSE,22.10705,3.11262
46,113,FALSE,28.11805,5.08521
46,114,FALSE,5.0781,2.10049
46,115,FALSE,5.12622,6.00795
46,116,FALSE,28.1368,3.10548
46,117,FALSE,5.07123,4.05567
46,118,FALSE,18.11457,2.03937
46,120,FALSE,34.11705,2.10916
46,121,FALSE,5.12963,3.08613
46,122,FALSE,5.14176,1.04164
46,123,FALSE,6.05637,2.07554
46,124,FALSE,37.08883,2.11754
46,125,FALSE,34.0943,35.09673
46,126,FALSE,30.08519,35.10156
46,127,FALSE,24.02591,6.13174
46,128,FALSE,30.08742,6.01292
46,129,FALSE,30.13079,6.12757
46,130,FALSE,35.08926,35.13534
46,131,FALSE,5.09681,4.08081
46,133,FALSE,5.14733,3.01165
46,134,FALSE,5.06025,4.04917
46,135,FALSE,4.09205,2.07498
46,136,FALSE,4.11928,4.00285
46,137,FALSE,5.00216,4.04043
46,139,FALSE,5.11798,5.13072
46,140,FALSE,3.05221,4.09299
46,141,FALSE,2.06458,6.07981
46,142,FALSE,3.04932,3.01894
46,143,FALSE,5.04353,1.01146
46,144,FALSE,5.01226,4.06944
46,145,FALSE,1,30.13081
46,146,TRUE,1,1
46,147,FALSE,1,2.13884
46,148,TRUE,1,1
46,149,TRUE,18.13496,1
46,150,FALSE,1,35.043
46,151,TRUE,1.04283,1
46,153,FALSE,6.10709,6.1201
46,154,FALSE,23.07973,6.06835
46,155,FALSE,5.06606,5.00678
46,156,FALSE,28.05226,5.04035
46,157,FALSE,5.07103,1.03873
46,158,FALSE,18.05531,4.06311
46,159,FALSE,23.09819,3.02105
46,160,FALSE,23.05364,4.10063
46,161,FALSE,18.1074,4.0397
46,162,FALSE,29.11067,34.14715
46,164,FALSE,37.07913,5.02035
46,165,FALSE,6.00284,35.04376
46,166,FALSE,30.05045,35.10469
46,167,FALSE,5.05025,6.12681
46,168,FALSE,1,35.08463
46,169,FALSE,30.11755,35.10296
46,173,FALSE,29.10838,6.01832
46,175,FALSE,4.06629,3.08958
46,176,FALSE,5.04582,5.01167
46,177,FALSE,30.1197,6.10363
46,178,FALSE,35.04335,34.00962
46,179,FALSE,34.04265,6.14219
46,180,FALSE,28.0551,28.14174
46,181,FALSE,35.05762,33.04641
46,182,FALSE,10.0847,6.14518
46,183,FALSE,35.08163,6.06794
46,184,FALSE,37.01876,6.10549
46,185,FALSE,28.05949,6.14658
46,186,FALSE,37.00013,6.03812
46,188,FALSE,30.10337,1.03448
46,189,FALSE,34.0938,34.10274
46,190,FALSE,23.01798,6.13812
46,191,FALSE,30.11634,6.03057
46,192,FALSE,25.13772,6.09238
46,193,FALSE,35.00869,36.01029
46,194,FALSE,25.02706,6.13779
46,195,FALSE,28.12212,6.14213
46,197,FALSE,30.09732,1.02895
46,198,FALSE,25.06143,6.0498
46,199,FALSE,30.11345,6.12037
46,200,FALSE,6.10418,6.11181
46,201,FALSE,5.08563,6.13437
46,202,FALSE,37.04386,37.04508
46,203,FALSE,30.0635,30.04367
46,204,FALSE,30.07569,6.14443
46,206,FALSE,30.04766,2.12135
46,207,FALSE,28.04984,6.10305
46,208,FALSE,5.12204,5.08782
46,209,FALSE,28.05044,28.01282
46,210,FALSE,28.1202,28.12459
46,211,FALSE,28.05873,33.00088
46,212,FALSE,4.07533,5.10941
46,213,FALSE,13.11823,5.07599
46,216,FALSE,28.10614,6.08774
46,217,FALSE,29.07831,6.14063
46,218,FALSE,30.14288,6.0784
46,219,FALSE,25.13256,6.12206
46,222,FALSE,28.14341,5.13221
46,225,FALSE,33.10414,33.13995
46,226,FALSE,35.0294,6.09668
46,227,FALSE,37.12985,34.10907
46,229,FALSE,33.09373,33.09796
46,230,FALSE,33.03056,33.03176
46,233,FALSE,30.14606,6.00923
46,234,FALSE,30.01948,33.01519
46,235,FALSE,30.01447,33.03127
46,236,FALSE,4.03852,4.13738
46,237,FALSE,5.10564,6.01707
46,242,FALSE,24.09475,4.14229
46,243,FALSE,6.02925,6.10338
46,251,FALSE,34.07749,34.09567
46,252,FALSE,28.10117,6.11708
46,253,FALSE,30.0189,4.04036
46,254,FALSE,4.1303,1.12403
46,255,FALSE,13.06334,3.03606
46,256,FALSE,30.03556,2.11776
46,257,FALSE,20.09831,4.10806
46,258,FALSE,18.12731,1.03004
46,259,FALSE,5.06568,33.11719
46,260,FALSE,5.11178,5.0706
46,262,FALSE,36.12617,1.0114
46,263,FALSE,6.02333,3.09406
46,264,FALSE,29.09486,6.07068
46,265,FALSE,6.10984,5.14183
46,270,FALSE,6.13595,33.07032
46,271,FALSE,28.05826,6.07516
46,272,FALSE,5.1109,6.01421
46,273,FALSE,5.12423,6.00042
46,274,FALSE,5.08699,6.09825
46,275,FALSE,6.03168,33.11306
46,280,FALSE,5.03405,3.12041
46,289,FALSE,29.07503,5.13673
46,290,FALSE,6.11543,6.097
46,291,FALSE,6.14243,6.14489
46,292,FALSE,6.08056,5.1341
46,293,FALSE,30.10257,15.10399
46,294,FALSE,6.09844,10.02684
46,295,FALSE,36.1011,25.00006
46,296,FALSE,4.11471,20.1139
46,297,FALSE,35.05132,6.01672
46,298,FALSE,33.13024,2.13233
46,299,FALSE,34.11022,6.04655
46,300,FALSE,33.0934,4.04218
46,301,FALSE,33.11536,4.0667
46,302,FALSE,35.11759,5.05375
46,303,FALSE,33.11111,33.01032
46,308,FALSE,31.14284,3.016
46,317,FALSE,22.13045,4.04082
46,318,FALSE,36.08795,6.04736
46,319,FALSE,30.09355,5.12836
46,320,FALSE,27.01351,4.0021
46,321,FALSE,34.12965,3.07467
46,322,FALSE,18.12172,5.09527
46,323,FALSE,17.14245,2.05282
46,324,FALSE,23.11473,2.13708
46,325,FALSE,25.11333,2.04811
46,326,FALSE,28.09106,3.03682
46,328,FALSE,25.14355,5.12751
46,329,FALSE,31.1024,6.12413
46,330,FALSE,30.09487,6.0555
46,331,FALSE,20.09014,5.06353
46,332,FALSE,30.05996,5.14257
46,333,FALSE,30.01896,33.01809
46,334,FALSE,6.07725,6.12761
46,335,FALSE,30.11226,5.08692
46,336,FALSE,30.09157,5.0791
46,337,FALSE,25.07995,6.03232
46,339,FALSE,28.05006,5.07254
46,340,TRUE,1.01238,1
46,341,TRUE,25.00807,1
46,342,FALSE,5.09748,36.11421
46,343,TRUE,1,1
46,346,FALSE,27.08152,6.03803
46,347,FALSE,33.02914,6.08351
46,348,FALSE,27.12743,6.04456
46,349,FALSE,25.06445,2.13622
46,350,FALSE,29.06618,28.04746
46,351,FALSE,25.00244,6.11865
46,352,FALSE,34.09327,6.10859
46,353,FALSE,37.08105,34.04592
46,354,FALSE,34.0634,34.11379
46,355,FALSE,23.12272,4.01819
46,357,FALSE,29.10497,5.07587
46,358,FALSE,28.1276,6.02887
46,359,FALSE,32.06411,6.04186
46,361,FALSE,25.01131,6.05645
46,363,FALSE,35.07365,35.09081
46,364,FALSE,35.05944,35.09513
46,365,FALSE,23.07914,3.00709
46,366,FALSE,5.11578,5.09099
46,367,FALSE,35.01663,35.0358
46,370,FALSE,28.13756,6.09195
46,371,FALSE,33.09201,6.11734
46,372,FALSE,33.04603,6.14304
46,373,FALSE,6.11137,6.05976
46,374,FALSE,37.11549,1.06302
46,375,FALSE,23.09371,5.10415
46,376,FALSE,5.01517,6.09325
46,377,FALSE,2.10702,6.04568
46,378,FALSE,28.08263,33.08244
46,379,FALSE,5.13201,28.00895
46,380,FALSE,33.07707,34.13432
46,381,FALSE,5.04698,6.09094
46,383,FALSE,28.10516,5.11121
46,384,FALSE,28.04633,6.13874
46,385,FALSE,25.14253,1.10446
46,386,FALSE,27.0914,1.0162
46,387,FALSE,34.08634,1.0875
46,388,FALSE,5.09632,2.03269
46,389,FALSE,7.02111,2.12027
46,390,FALSE,27.02155,3.0637
46,391,FALSE,23.00715,4.05439
46,394,FALSE,30.03648,5.08223
46,395,FALSE,2.10918,35.05253
46,396,FALSE,3.04931,35.10981
46,397,FALSE,4.03458,35.13735
46,398,FALSE,33.1119,35.11506
46,403,FALSE,19.14507,6.0091
46,404,FALSE,34.05516,35.05933
46,405,FALSE,5.10387,35.06741
46,406,FALSE,1,4.14128
46,407,FALSE,28.01394,29.1098
46,408,TRUE,4.00675,1
46,412,FALSE,34.06573,10.04597
46,413,FALSE,15.13938,20.07748
46,414,FALSE,31.11172,10.09274
46,415,FALSE,28.01933,30.00685
46,416,FALSE,20.12361,33.07977
46,417,FALSE,23.11621,6.14072
46,418,FALSE,35.0488,35.05218
46,419,FALSE,33.00085,33.1386
46,420,FALSE,33.04356,33.08354
46,421,FALSE,33.08905,33.12675
46,422,FALSE,30.02601,28.08024
46,423,FALSE,23.07456,6.11462
46,425,FALSE,37.11995,6.02438
46,426,FALSE,33.14726,6.05548
46,427,FALSE,6.13645,6.12138
46,428,FALSE,33.09919,33.11874
46,429,FALSE,28.12046,33.00955
47,1,FALSE,23.10203,6.08752
47,3,FALSE,4.01416,4.12724
47,5,FALSE,37.01406,6.00883
47,6,FALSE,33.00204,5.09234
47,7,FALSE,1,4.04001
47,9,FALSE,5.12523,4.11944
47,10,FALSE,4.00064,4.06516
47,11,FALSE,1,6.00606
47,13,FALSE,6.06008,6.05708
47,17,FALSE,28.01919,6.02523
47,18,FALSE,6.03827,6.04257
47,19,TRUE,33.12068,1
47,21,FALSE,18.08427,6.06878
47,22,FALSE,6.12236,6.12746
47,25,FALSE,19.04402,6.01435
47,29,FALSE,5.12817,4.01206
47,30,FALSE,6.11654,6.09605
47,69,FALSE,24.03612,2.0521
47,70,FALSE,23.1143,28.00363
47,71,FALSE,28.00208,6.05982
47,72,FALSE,33.00302,33.00379
47,73,FALSE,28.06503,28.03619
47,74,FALSE,33.10725,33.10996
47,75,FALSE,33.14584,34.03675
47,76,FALSE,28.00795,6.13862
47,77,FALSE,6.14018,18.09008
47,78,FALSE,23.04836,6.03834
47,79,FALSE,6.10356,6.11167
47,82,FALSE,29.08109,6.11072
47,83,FALSE,18.03209,3.04147
47,84,FALSE,1,33.13397
47,85,FALSE,1,2.08837
47,86,TRUE,29.02815,1
47,91,FALSE,5.13944,5.06505
47,92,FALSE,6.05641,6.06034
47,93,FALSE,23.06424,6.09844
47,95,FALSE,5.06061,4.09006
47,98,FALSE,30.05128,5.06914
47,99,FALSE,34.12735,22.00643
47,100,FALSE,35.01535,6.07392
47,101,FALSE,23.10574,3.11423
47,103,FALSE,25.06714,6.10322
47,104,FALSE,30.01735,6.01251
47,106,FALSE,28.05333,3.06609
47,107,FALSE,26.14669,4.02789
47,109,FALSE,34.11469,6.11419
47,110,FALSE,28.1437,6.07247
47,111,FALSE,33.12872,3.12822
47,112,FALSE,22.09186,4.10016
47,113,FALSE,28.13328,5.08793
47,114,FALSE,5.0891,2.05838
47,115,FALSE,5.14292,6.01555
47,116,FALSE,28.13897,3.03094
47,117,FALSE,5.05636,3.04619
47,118,FALSE,18.05109,2.02252
47,120,FALSE,34.07968,2.10058
47,121,FALSE,5.08144,3.0028
47,122,FALSE,5.13773,1.01784
47,123,FALSE,6.05798,2.0257
47,124,FALSE,37.12385,2.08483
47,125,FALSE,34.08566,35.00181
47,126,FALSE,30.03197,35.00725
47,127,FALSE,24.02964,6.04883
47,128,FALSE,30.03318,6.04181
47,129,FALSE,30.06633,6.12511
47,130,FALSE,35.0918,35.09465
47,131,FALSE,5.11835,4.01834
47,133,FALSE,5.12635,3.05187
47,134,FALSE,5.12997,4.02003
47,135,FALSE,4.13407,2.05027
47,136,FALSE,4.14357,4.05902
47,137,FALSE,5.01757,4.09848
47,139,FALSE,5.13622,5.12955
47,140,FALSE,3.00344,4.07721
47,141,FALSE,2.01475,6.13988
47,142,FALSE,3.10548,3.11275
47,143,FALSE,5.08815,1.06443
47,144,FALSE,5.14626,4.11782
47,145,FALSE,1,30.06945
47,146,TRUE,1,1
47,147,FALSE,1,2.0055
47,148,TRUE,1,1
47,149,TRUE,18.11254,1
47,150,FALSE,1,35.09127
47,151,TRUE,1.00975,1
47,153,FALSE,6.10194,6.12655
47,154,FALSE,28.00487,6.04636
47,155,FALSE,23.1036,4.12806
47,156,FALSE,28.11588,5.05504
47,157,FALSE,5.13545,2.08441
47,158,FALSE,18.10961,4.05345
47,159,FALSE,23.05343,1.0293
47,160,FALSE,23.12094,4.05736
47,161,FALSE,18.13932,4.10343
47,162,FALSE,29.13508,34.1066
47,164,FALSE,37.14621,5.02271
47,165,FALSE,6.13755,35.08695
47,166,FALSE,30.11421,35.00884
47,167,FALSE,5.08924,6.00945
47,168,FALSE,1,35.00809
47,169,FALSE,30.14079,35.13815
47,173,FALSE,28.11151,6.01127
47,175,FALSE,3.02098,3.12207
47,176,FALSE,5.06098,5.09693
47,177,FALSE,30.07957,6.0931
47,178,FALSE,35.01654,34.00868
47,179,FALSE,34.01873,6.14578
47,180,FALSE,28.1107,28.1414
47,181,FALSE,35.02811,33.0472
47,182,FALSE,10.06563,6.13928
47,183,FALSE,35.04126,6.09571
47,184,FALSE,37.03723,6.06851
47,185,FALSE,28.11775,6.12505
47,186,FALSE,37.04722,6.08468
47,188,FALSE,30.13933,1.11521
47,189,FALSE,34.04924,34.13846
47,190,FALSE,23.10477,6.12889
47,191,FALSE,30.11041,6.04371
47,192,FALSE,25.01876,6.08543
47,193,FALSE,35.08563,36.11892
47,194,FALSE,25.019,6.07916
47,195,FALSE,28.1208,6.03778
47,197,FALSE,30.12555,2.0191
47,198,FALSE,25.08827,6.08582
47,199,FALSE,30.09996,6.07642
47,200,FALSE,6.05122,6.10339
47,201,FALSE,5.12483,6.02088
47,202,FALSE,37.04362,37.06244
47,203,FALSE,30.14239,30.03782
47,204,FALSE,30.10148,4.08611
47,206,FALSE,30.04586,2.06627
47,207,FALSE,28.13543,6.11298
47,208,FALSE,5.13517,5.0948
47,209,FALSE,28.03727,28.05661
47,210,FALSE,28.0682,28.12674
47,211,FALSE,28.12177,33.01054
47,212,FALSE,4.13922,5.0789
47,213,FALSE,13.05178,5.10638
47,216,FALSE,28.14253,6.10437
47,217,FALSE,29.08136,6.14381
47,218,FALSE,30.08403,6.02827
47,219,FALSE,25.07881,6.11853
47,222,FALSE,28.08275,5.14393
47,225,FALSE,33.06326,33.0718
47,226,FALSE,35.12687,6.07943
47,227,FALSE,37.05473,34.06594
47,229,FALSE,33.10953,33.11258
47,230,FALSE,33.06055,33.07602
47,233,FALSE,30.1307,6.04833
47,234,FALSE,30.0141,33.02795
47,235,FALSE,30.01256,33.05811
47,236,FALSE,4.07829,4.01697
47,237,FALSE,5.11173,6.04031
47,242,FALSE,24.14191,4.07984
47,243,FALSE,6.00712,6.03101
47,251,FALSE,34.08098,34.08321
47,252,FALSE,28.11609,6.06114
47,253,FALSE,30.08182,4.13675
47,254,FALSE,4.05455,1.02244
47,255,FALSE,13.1147,3.10591
47,256,FALSE,30.01265,2.0127
47,257,FALSE,20.0401,4.02785
47,258,FALSE,18.11291,5.02442
47,259,FALSE,5.13123,33.0797
47,260,FALSE,5.14406,5.11999
47,262,FALSE,36.09659,1.03117
47,263,FALSE,6.05594,3.04477
47,264,FALSE,29.02734,6.13792
47,265,FALSE,6.03387,5.05339
47,270,FALSE,6.04355,33.0998
47,271,FALSE,28.08608,6.04396
47,272,FALSE,5.14565,6.02057
47,273,FALSE,5.12334,6.00645
47,274,FALSE,5.14102,6.05653
47,275,FALSE,6.11819,33.03331
47,280,FALSE,5.14057,3.09634
47,289,FALSE,28.04736,5.13573
47,290,FALSE,6.13291,6.07093
47,291,FALSE,6.13741,6.14217
47,292,FALSE,6.06097,5.0771
47,293,FALSE,30.13726,15.0786
47,294,FALSE,10.08724,10.09355
47,295,FALSE,36.01415,25.06015
47,296,FALSE,4.13285,20.04385
47,297,FALSE,35.07646,6.00401
47,298,FALSE,33.10684,1.07738
47,299,FALSE,34.06243,6.0603
47,300,FALSE,33.10272,4.13525
47,301,FALSE,33.1351,4.0973
47,302,FALSE,35.02197,6.09128
47,303,FALSE,33.01021,5.01782
47,308,FALSE,31.12275,5.0358
47,317,FALSE,22.14377,4.01182
47,318,FALSE,36.14518,5.0202
47,319,FALSE,30.14048,5.13434
47,320,FALSE,27.02971,4.09224
47,321,FALSE,34.0628,4.00218
47,322,FALSE,18.05084,5.00744
47,323,FALSE,17.12852,3.08913
47,324,FALSE,23.02188,1.03794
47,325,FALSE,25.08173,4.09627
47,326,FALSE,18.06641,3.07711
47,328,FALSE,25.09653,5.1079
47,329,FALSE,31.00722,6.12556
47,330,FALSE,28.05257,6.0544
47,331,FALSE,20.09278,5.02199
47,332,FALSE,20.09076,6.11824
47,333,FALSE,30.07504,33.01038
47,334,FALSE,6.1465,6.12538
47,335,FALSE,30.11963,5.0527
47,336,FALSE,30.09276,5.05643
47,337,FALSE,25.11126,6.0479
47,339,FALSE,28.01716,5.11924
47,340,TRUE,1.0195,1
47,341,TRUE,25.10828,1
47,342,FALSE,5.03508,36.08769
47,343,TRUE,1,1
47,346,FALSE,27.08062,6.07493
47,347,FALSE,33.04813,6.11243
47,348,FALSE,27.00597,6.07809
47,349,FALSE,25.00153,2.1117
47,350,FALSE,29.08963,6.13666
47,351,FALSE,25.03147,6.12992
47,352,FALSE,34.01081,6.12349
47,353,FALSE,37.03065,34.04691
47,354,FALSE,34.0532,34.09133
47,355,FALSE,23.06643,5.01977
47,357,FALSE,28.03316,5.09868
47,358,FALSE,28.04507,6.03424
47,359,FALSE,32.02724,6.04035
47,361,FALSE,25.1438,6.05243
47,363,FALSE,35.08229,35.09825
47,364,FALSE,35.05448,35.06517
47,365,FALSE,23.02224,3.10603
47,366,FALSE,5.05613,5.06653
47,367,FALSE,35.01581,35.06647
47,370,FALSE,28.11977,6.0904
47,371,FALSE,33.05518,6.14226
47,372,FALSE,33.02679,6.13654
47,373,FALSE,6.0897,6.05439
47,374,FALSE,37.01495,1.12756
47,375,FALSE,4.04642,5.02575
47,376,FALSE,5.05435,6.09087
47,377,FALSE,1,2.07458
47,378,FALSE,28.05735,33.03862
47,379,FALSE,5.09034,28.10468
47,380,FALSE,33.0722,34.06263
47,381,FALSE,5.14278,6.14265
47,383,FALSE,30.02222,5.03706
47,384,FALSE,30.08844,6.13348
47,385,FALSE,25.14729,2.00196
47,386,FALSE,27.03206,1.09765
47,387,FALSE,34.0063,1.03026
47,388,FALSE,5.01277,2.11595
47,389,FALSE,7.08421,2.03729
47,390,FALSE,27.05805,3.01734
47,391,FALSE,23.02839,4.02004
47,394,FALSE,30.09923,5.09438
47,395,FALSE,2.13796,35.07864
47,396,FALSE,3.06603,35.07634
47,397,FALSE,4.06547,35.06361
47,398,FALSE,33.13293,35.04863
47,403,FALSE,19.09939,6.12757
47,404,FALSE,34.03274,35.01645
47,405,FALSE,5.11124,35.04637
47,406,FALSE,4.02162,6.08111
47,407,FALSE,28.11113,29.07092
47,408,TRUE,4.00037,1
47,412,FALSE,34.11992,10.062
47,413,FALSE,30.01549,20.00131
47,414,FALSE,31.06912,10.13927
47,415,FALSE,28.01937,30.13977
47,416,FALSE,20.10479,33.09766
47,417,FALSE,28.08778,6.12286
47,418,FALSE,35.02671,35.11457
47,419,FALSE,33.06,33.08243
47,420,FALSE,33.02289,33.11939
47,421,FALSE,33.06637,33.13453
47,422,FALSE,30.08444,28.04112
47,423,FALSE,23.0738,6.0497
47,425,FALSE,37.11668,6.06475
47,426,FALSE,33.13195,6.05131
47,427,FALSE,6.13023,6.11695
47,428,FALSE,33.12712,33.1305
47,429,FALSE,28.05365,33.14412
48,1,FALSE,23.02018,6.09043
48,3,FALSE,4.01003,4.04055
48,5,FALSE,37.04847,6.05894
48,6,FALSE,33.13099,5.03304
48,7,FALSE,1,4.00756
48,9,FALSE,5.03857,5.01841
48,10,FALSE,4.11349,5.08383
48,11,FALSE,1,6.00895
48,13,FALSE,6.09879,6.11904
48,17,FALSE,28.01006,6.01404
48,18,FALSE,6.05164,6.03825
48,19,TRUE,33.02244,1
48,21,FALSE,18.02127,6.06744
48,22,FALSE,6.14697,6.13117
48,25,FALSE,19.1237,6.01367
48,29,FALSE,5.14008,3.04923
48,30,FALSE,6.13221,6.07803
48,69,FALSE,24.13556,2.00274
48,70,FALSE,23.05002,28.08651
48,71,FALSE,28.11083,6.07634
48,72,FALSE,33.01095,33.0319
48,73,FALSE,28.06541,28.0462
48,74,FALSE,37.01397,33.05535
48,75,FALSE,33.14358,34.06863
48,76,FALSE,28.08434,6.12585
48,77,FALSE,6.03512,18.14262
48,78,FALSE,23.04261,6.03932
48,79,FALSE,6.11491,6.11818
48,82,FALSE,29.04442,6.02707
48,83,FALSE,18.13746,3.01156
48,84,FALSE,1,33.13658
48,85,FALSE,1,2.06423
48,86,TRUE,29.10904,1
48,91,FALSE,5.13416,5.06298
48,92,FALSE,28.01332,6.0847
48,93,FALSE,23.14035,6.12692
48,95,FALSE,5.12661,3.11595
48,98,FALSE,30.12,5.04779
48,99,FALSE,34.12094,22.07014
48,100,FALSE,35.02094,6.08473
48,101,FALSE,23.14637,5.08605
48,103,FALSE,25.0098,6.14565
48,104,FALSE,30.0701,6.09886
48,106,FALSE,28.06127,3.14181
48,107,FALSE,26.11488,4.08933
48,109,FALSE,34.0329,6.10594
48,110,FALSE,28.02532,6.09332
48,111,FALSE,33.05366,3.12982
48,112,FALSE,22.12616,3.10515
48,113,FALSE,28.06965,5.10244
48,114,FALSE,5.14177,2.10011
48,115,FALSE,5.14445,6.00071
48,116,FALSE,28.12792,3.13671
48,117,FALSE,5.13326,4.13378
48,118,FALSE,18.09203,2.02448
48,120,FALSE,34.07823,2.09269
48,121,FALSE,5.14571,3.04712
48,122,FALSE,5.14451,2.03929
48,123,FALSE,6.03591,2.13936
48,124,FALSE,37.00261,2.13304
48,125,FALSE,34.10078,35.00137
48,126,FALSE,30.03699,35.03351
48,127,FALSE,24.06265,6.13654
48,128,FALSE,30.08694,6.06142
48,129,FALSE,30.00318,6.11708
48,130,FALSE,35.12656,35.14441
48,131,FALSE,5.07285,4.00842
48,133,FALSE,5.14253,3.03961
48,134,FALSE,5.11643,4.02533
48,135,FALSE,4.0961,4.10404
48,136,FALSE,4.1059,4.0077
48,137,FALSE,5.13076,4.10145
48,139,FALSE,5.05091,5.02508
48,140,FALSE,3.07124,4.00884
48,141,FALSE,2.13923,6.04467
48,142,FALSE,3.13332,3.04792
48,143,FALSE,5.10734,1.01188
48,144,FALSE,5.09129,4.0564
48,145,FALSE,1,30.00042
48,146,TRUE,1,1
48,147,FALSE,1,2.07587
48,148,TRUE,1,1
48,149,TRUE,18.14113,1
48,150,FALSE,1,35.07097
48,151,TRUE,1.11914,1
48,153,FALSE,6.10578,6.11425
48,154,FALSE,23.04526,6.05514
48,155,FALSE,37.09915,4.05127
48,156,FALSE,28.03788,5.02021
48,157,FALSE,5.11732,1.1232
48,158,FALSE,18.137,4.08394
48,159,FALSE,23.03352,3.01871
48,160,FALSE,23.06696,4.09073
48,161,FALSE,18.05879,4.08457
48,162,FALSE,29.07734,34.08414
48,164,FALSE,37.06208,5.0786
48,165,FALSE,6.1057,35.10282
48,166,FALSE,30.10661,35.02572
48,167,FALSE,5.03295,6.13192
48,168,FALSE,1,35.13873
48,169,FALSE,30.08845,35.08917
48,173,FALSE,29.10164,6.00861
48,175,FALSE,3.09901,3.0855
48,176,FALSE,5.04696,5.02108
48,177,FALSE,30.13267,6.06693
48,178,FALSE,35.02099,34.02665
48,179,FALSE,34.06087,6.11967
48,180,FALSE,28.07183,28.08516
48,181,FALSE,35.01213,33.11743
48,182,FALSE,10.02392,6.12748
48,183,FALSE,35.02703,6.12571
48,184,FALSE,37.07377,6.12076
48,185,FALSE,28.05268,6.14713
48,186,FALSE,37.06829,6.05789
48,188,FALSE,30.03753,1.14137
48,189,FALSE,34.10102,34.13302
48,190,FALSE,23.13415,6.0987
48,191,FALSE,30.055,6.02368
48,192,FALSE,25.09308,6.06347
48,193,FALSE,35.07088,36.07038
48,194,FALSE,25.08437,6.08268
48,195,FALSE,28.11612,6.04826
48,197,FALSE,29.03869,2.00109
48,198,FALSE,25.01303,6.05223
48,199,FALSE,30.10101,23.12376
48,200,FALSE,6.05213,6.09083
48,201,FALSE,5.13063,6.08122
48,202,FALSE,37.04181,37.04778
48,203,FALSE,30.01313,30.08918
48,204,FALSE,30.14048,2.13773
48,206,FALSE,30.09368,2.04473
48,207,FALSE,28.14244,6.12508
48,208,FALSE,5.14683,4.12185
48,209,FALSE,28.003,28.10003
48,210,FALSE,28.13535,28.07305
48,211,FALSE,28.03259,33.01151
48,212,FALSE,5.01263,4.13594
48,213,FALSE,13.13002,5.13991
48,216,FALSE,28.11578,6.09253
48,217,FALSE,29.01136,6.13702
48,218,FALSE,30.10537,6.08821
48,219,FALSE,25.05704,6.10583
48,222,FALSE,28.11347,5.12148
48,225,FALSE,33.07959,33.13081
48,226,FALSE,35.07737,6.08106
48,227,FALSE,37.00151,34.03241
48,229,FALSE,33.13031,33.09072
48,230,FALSE,33.05245,33.04231
48,233,FALSE,30.06492,6.0019
48,234,FALSE,30.00469,33.00235
48,235,FALSE,30.08649,33.01988
48,236,FALSE,4.10196,4.1137
48,237,FALSE,5.12603,6.02716
48,242,FALSE,24.05168,4.04597
48,243,FALSE,6.0178,6.02421
48,251,FALSE,34.08769,34.11585
48,252,FALSE,28.03103,6.09599
48,253,FALSE,30.07065,4.00326
48,254,FALSE,4.05922,1.04674
48,255,FALSE,13.02163,3.11118
48,256,FALSE,30.03716,2.04503
48,257,FALSE,20.03847,4.1093
48,258,FALSE,18.04468,5.05161
48,259,FALSE,5.06859,33.06372
48,260,FALSE,5.06643,5.13502
48,262,FALSE,36.00541,1.00504
48,263,FALSE,6.0106,3.09298
48,264,FALSE,29.03807,6.07144
48,265,FALSE,6.11323,5.05955
48,270,FALSE,6.09146,33.07546
48,271,FALSE,28.1308,6.10343
48,272,FALSE,5.07957,6.10584
48,273,FALSE,5.14141,6.02318
48,274,FALSE,5.1467,6.06929
48,275,FALSE,6.0038,33.00762
48,280,FALSE,5.14214,3.06059
48,289,FALSE,29.02444,5.14184
48,290,FALSE,6.11881,6.07676
48,291,FALSE,6.1353,6.1407
48,292,FALSE,6.08525,5.12822
48,293,FALSE,31.12734,15.00188
48,294,FALSE,10.14222,10.02849
48,295,FALSE,36.11762,25.05995
48,296,FALSE,4.12066,20.08496
48,297,FALSE,35.02758,6.06576
48,298,FALSE,33.14001,1.04207
48,299,FALSE,34.03368,6.0029
48,300,FALSE,33.08277,6.0494
48,301,FALSE,33.09783,4.13527
48,302,FALSE,35.03624,5.01066
48,303,FALSE,33.01128,5.0033
48,308,FALSE,31.0975,5.05487
48,317,FALSE,22.14693,3.05035
48,318,FALSE,36.06466,4.07373
48,319,FALSE,30.13591,5.11536
48,320,FALSE,27.09305,4.14566
48,321,FALSE,34.11341,3.08179
48,322,FALSE,18.12228,5.07461
48,323,FALSE,17.08441,3.06881
48,324,FALSE,23.1473,1.05881
48,325,FALSE,25.07996,2.10064
48,326,FALSE,18.06215,4.06091
48,328,FALSE,25.14271,5.04299
48,329,FALSE,31.06835,6.13713
48,330,FALSE,28.10034,6.05294
48,331,FALSE,20.04563,5.06549
48,332,FALSE,28.04948,6.08029
48,333,FALSE,30.05173,33.02069
48,334,FALSE,6.04774,6.07226
48,335,FALSE,30.08855,5.0949
48,336,FALSE,30.13597,5.07608
48,337,FALSE,25.111,6.01856
48,339,FALSE,28.08331,5.11764
48,340,TRUE,1.08373,1
48,341,TRUE,25.10673,1
48,342,FALSE,5.10755,36.04069
48,343,TRUE,1,1
48,346,FALSE,27.1462,6.07812
48,347,FALSE,33.0536,6.06745
48,348,FALSE,27.14031,6.05673
48,349,FALSE,25.11802,1.09461
48,350,FALSE,29.04223,28.12417
48,351,FALSE,25.00141,6.11978
48,352,FALSE,34.00485,6.09392
48,353,FALSE,37.08165,34.06519
48,354,FALSE,34.04964,34.13994
48,355,FALSE,23.03321,5.02638
48,357,FALSE,29.04144,5.08536
48,358,FALSE,28.00812,6.03201
48,359,FALSE,32.04584,6.00263
48,361,FALSE,25.10106,6.05391
48,363,FALSE,35.07256,35.0761
48,364,FALSE,35.07735,35.10905
48,365,FALSE,23.10707,3.0171
48,366,FALSE,5.04689,5.05369
48,367,FALSE,35.0452,35.06052
48,370,FALSE,28.12679,6.06533
48,371,FALSE,33.12973,6.14173
48,372,FALSE,33.13032,6.1454
48,373,FALSE,6.06627,6.03511
48,374,FALSE,37.01836,1.11287
48,375,FALSE,4.12136,5.09347
48,376,FALSE,5.11165,6.04891
48,377,FALSE,2.1117,6.00096
48,378,FALSE,28.09565,33.14033
48,379,FALSE,5.10863,28.09307
48,380,FALSE,33.03501,34.00335
48,381,FALSE,5.12788,6.1194
48,383,FALSE,28.01515,5.05024
48,384,FALSE,28.08829,6.1324
48,385,FALSE,25.04388,2.12579
48,386,FALSE,27.07423,1.12608
48,387,FALSE,34.13563,2.00621
48,388,FALSE,5.03187,3.1377
48,389,FALSE,7.03296,2.05985
48,390,FALSE,27.07442,3.08035
48,391,FALSE,23.1292,2.04474
48,394,FALSE,30.00779,5.13256
48,395,FALSE,2.05902,35.06055
48,396,FALSE,3.10671,35.01001
48,397,FALSE,4.13686,35.10932
48,398,FALSE,33.1172,35.09086
48,403,FALSE,19.13303,6.06327
48,404,FALSE,34.00122,35.03414
48,405,FALSE,5.09338,35.0996
48,406,FALSE,1,4.04414
48,407,FALSE,28.09264,29.12639
48,408,TRUE,4.13112,1
48,412,FALSE,34.05525,10.022
48,413,FALSE,30.08326,20.02034
48,414,FALSE,31.06725,10.04452
48,415,FALSE,28.10038,30.13219
48,416,FALSE,20.06196,33.00804
48,417,FALSE,28.01491,6.12767
48,418,FALSE,35.02618,35.03398
48,419,FALSE,33.0222,33.07385
48,420,FALSE,33.03181,33.1395
48,421,FALSE,33.03872,33.04821
48,422,FALSE,30.06255,28.01099
48,423,FALSE,23.12225,6.05401
48,425,FALSE,37.0575,5.02653
48,426,FALSE,33.12242,6.07427
48,427,FALSE,6.14324,6.09076
48,428,FALSE,33.06687,33.12645
48,429,FALSE,28.02566,33.09794
49,1,FALSE,23.05492,6.0885
49,3,FALSE,4.01683,4.10612
49,5,FALSE,37.06005,6.0176
49,6,FALSE,33.04262,5.04702
49,7,FALSE,1,4.02465
49,9,FALSE,5.0818,5.04289
49,10,FALSE,4.01664,4.14624
49,11,FALSE,1,6.11455
49,13,FALSE,6.06872,6.10388
49,17,FALSE,28.03596,6.0278
49,18,FALSE,6.0213,6.00585
49,19,TRUE,33.02621,1
49,21,FALSE,29.09629,6.06714
49,22,FALSE,6.12887,6.13978
49,25,FALSE,19.0432,6.00363
49,29,FALSE,5.12961,2.10309
49,30,FALSE,6.11864,6.10964
49,69,FALSE,24.0709,2.11119
49,70,FALSE,23.05192,28.03348
49,71,FALSE,28.14374,6.04582
49,72,FALSE,33.04885,33.05881
49,73,FALSE,28.07349,28.13054
49,74,FALSE,33.0337,33.07587
49,75,FALSE,33.07601,34.07451
49,76,FALSE,28.02206,6.10523
49,77,FALSE,6.12096,18.08913
49,78,FALSE,23.12792,6.04152
49,79,FALSE,6.0762,6.10392
49,82,FALSE,29.1329,6.00033
49,83,FALSE,18.12527,3.11951
49,84,FALSE,1,33.03953
49,85,TRUE,2.11552,1
49,86,TRUE,29.1443,1
49,91,FALSE,5.11776,5.09073
49,92,FALSE,28.02383,6.09039
49,93,FALSE,23.03922,6.10996
49,95,FALSE,5.11735,3.06407
49,98,FALSE,30.11806,5.00059
49,99,FALSE,34.10818,22.03504
49,100,FALSE,35.03074,6.11465
49,101,FALSE,23.13507,3.13004
49,103,FALSE,25.09012,6.0753
49,104,FALSE,30.07022,6.08081
49,106,FALSE,28.11094,3.01838
49,107,FALSE,26.05912,4.10243
49,109,FALSE,34.06215,6.14166
49,110,FALSE,28.00133,6.05841
49,111,FALSE,33.03054,5.05146
49,112,FALSE,22.03954,4.01545
49,113,FALSE,28.1431,5.03211
49,114,FALSE,5.1308,2.08321
49,115,FALSE,5.1426,6.00832
49,116,FALSE,28.12242,3.05737
49,117,FALSE,5.14303,4.0429
49,118,FALSE,18.02672,2.13957
49,120,FALSE,34.06037,2.09878
49,121,FALSE,5.13211,3.03238
49,122,FALSE,5.1467,1.08939
49,123,FALSE,6.06722,2.06316
49,124,FALSE,37.09317,2.02131
49,125,FALSE,34.02454,35.115
49,126,FALSE,30.05906,35.09697
49,127,FALSE,24.00226,6.04022
49,128,FALSE,30.12068,4.01957
49,129,FALSE,30.05862,6.05441
49,130,FALSE,35.08225,35.11569
49,131,FALSE,5.0084,4.12006
49,133,FALSE,5.08634,3.04393
49,134,FALSE,5.0402,4.0316
49,135,FALSE,4.12812,6.0032
49,136,FALSE,4.14304,4.01476
49,137,TRUE,5.12986,1
49,139,FALSE,5.13509,5.13721
49,140,FALSE,3.13514,4.01284
49,141,FALSE,2.10254,6.08108
49,142,FALSE,3.09395,3.03527
49,143,FALSE,5.08783,1.04237
49,144,FALSE,5.01536,4.10141
49,145,FALSE,1,30.08384
49,146,TRUE,1,1
49,147,FALSE,1,2.04749
49,148,TRUE,1,1
49,149,TRUE,18.03669,1
49,150,FALSE,1,35.01129
49,151,TRUE,1.06163,1
49,153,FALSE,6.12786,6.13071
49,154,FALSE,28.09181,6.02874
49,155,FALSE,23.11046,4.03384
49,156,FALSE,28.0268,5.07837
49,157,FALSE,5.00049,2.01433
49,158,FALSE,18.1214,4.00637
49,159,FALSE,23.04671,3.01057
49,160,FALSE,23.07143,4.07532
49,161,FALSE,18.03871,4.11151
49,162,FALSE,29.08126,34.00576
49,164,FALSE,37.07009,5.11086
49,165,FALSE,6.04868,35.01052
49,166,FALSE,30.12909,35.02037
49,167,FALSE,5.07617,6.05551
49,168,FALSE,1,35.11531
49,169,FALSE,30.07893,35.07372
49,173,FALSE,29.0487,6.01397
49,175,FALSE,3.10408,3.14134
49,176,FALSE,5.02525,5.07454
49,177,FALSE,30.13496,6.08483
49,178,FALSE,35.04319,34.01262
49,179,FALSE,34.11058,6.13922
49,180,FALSE,28.07295,28.07439
49,181,FALSE,35.07093,33.05242
49,182,FALSE,25.00547,6.14635
49,183,FALSE,35.08159,6.06883
49,184,FALSE,37.0153,6.09876
49,185,FALSE,28.11149,6.13716
49,186,FALSE,37.00259,6.03076
49,188,FALSE,30.10728,1.09836
49,189,FALSE,34.1416,34.14599
49,190,FALSE,23.13061,6.12282
49,191,FALSE,30.12819,6.01708
49,192,FALSE,25.02592,6.1138
49,193,FALSE,35.0585,36.03356
49,194,FALSE,25.14673,6.08223
49,195,FALSE,28.12991,6.07016
49,197,FALSE,30.03378,2.05721
49,198,FALSE,25.0922,6.07413
49,199,FALSE,30.03901,6.09065
49,200,FALSE,6.02714,6.1457
49,201,FALSE,5.13523,6.01862
49,202,FALSE,37.14294,37.01613
49,203,FALSE,30.10509,6.13867
49,204,FALSE,30.07541,6.11925
49,206,FALSE,30.01697,2.0207
49,207,FALSE,28.11176,6.08772
49,208,FALSE,5.13909,5.00044
49,209,FALSE,28.07764,28.00242
49,210,FALSE,28.09849,28.12465
49,211,FALSE,28.11385,33.01669
49,212,FALSE,4.11231,5.00988
49,213,FALSE,13.04628,5.06366
49,216,FALSE,28.07994,6.10881
49,217,FALSE,29.04372,6.1267
49,218,FALSE,30.09964,6.12649
49,219,FALSE,25.0186,6.14449
49,222,FALSE,28.08732,5.05362
49,225,FALSE,33.08936,33.1025
49,226,FALSE,35.09015,6.06191
49,227,FALSE,37.02597,34.03124
49,229,FALSE,33.11422,33.09399
49,230,FALSE,33.06243,33.01949
49,233,FALSE,30.0627,6.03214
49,234,FALSE,30.0234,33.01456
49,235,FALSE,30.12143,33.0896
49,236,FALSE,4.09104,4.08597
49,237,FALSE,5.04822,6.07144
49,242,FALSE,24.11661,4.10083
49,243,FALSE,6.0327,6.09984
49,251,FALSE,34.06712,34.07058
49,252,FALSE,28.02983,6.09824
49,253,FALSE,30.00125,4.01685
49,254,FALSE,4.12262,1.01044
49,255,FALSE,13.07087,3.08574
49,256,FALSE,30.10673,2.03065
49,257,FALSE,20.12818,4.03702
49,258,FALSE,18.03044,5.01971
49,259,FALSE,5.13255,33.1194
49,260,FALSE,5.07876,5.02044
49,262,FALSE,36.03278,1.07688
49,263,FALSE,6.00889,3.098
49,264,FALSE,29.07432,6.13205
49,265,FALSE,6.07151,5.14281
49,270,FALSE,6.13087,33.07199
49,271,FALSE,28.13549,6.06108
49,272,FALSE,5.13879,6.03259
49,273,FALSE,5.1016,6.0399
49,274,FALSE,5.1163,6.00293
49,275,FALSE,6.07273,33.02885
49,280,FALSE,5.09795,3.09818
49,289,FALSE,29.06315,5.12853
49,290,FALSE,6.11405,6.08386
49,291,FALSE,6.14501,6.14607
49,292,FALSE,6.05098,5.06729
49,293,FALSE,30.13553,15.00835
49,294,FALSE,6.07379,10.02922
49,295,FALSE,36.0787,25.05966
49,296,FALSE,4.08113,20.02192
49,297,FALSE,35.10516,6.09095
49,298,FALSE,33.09422,2.01722
49,299,FALSE,34.02601,6.08798
49,300,FALSE,33.13554,4.02903
49,301,FALSE,33.05837,4.06825
49,302,FALSE,35.01886,5.14127
49,303,FALSE,33.03376,33.07697
49,308,FALSE,31.14365,5.0117
49,317,FALSE,22.04471,4.00027
49,318,FALSE,36.0719,4.03294
49,319,FALSE,30.10043,5.13175
49,320,FALSE,27.09728,4.00852
49,321,FALSE,34.10434,4.00439
49,322,FALSE,18.11852,5.05986
49,323,FALSE,17.04028,2.03655
49,324,FALSE,23.13787,1.09062
49,325,FALSE,25.07361,4.10481
49,326,FALSE,18.02684,3.10582
49,328,FALSE,25.14209,5.14285
49,329,FALSE,31.14672,20.10621
49,330,FALSE,30.07301,6.05599
49,331,FALSE,20.01596,5.08688
49,332,FALSE,28.02778,6.05873
49,333,FALSE,30.0921,33.01464
49,334,FALSE,6.04847,6.08192
49,335,FALSE,30.03404,5.04618
49,336,FALSE,30.13624,5.07644
49,337,FALSE,25.0982,6.00209
49,339,FALSE,28.05679,5.05676
49,340,TRUE,1.00706,1
49,341,TRUE,25.14645,1
49,342,FALSE,5.03887,36.08354
49,343,TRUE,1,1
49,346,FALSE,27.06398,6.06162
49,347,FALSE,33.06959,6.08284
49,348,FALSE,27.0968,6.03861
49,349,FALSE,25.00384,4.06188
49,350,FALSE,29.0604,6.13283
49,351,FALSE,25.13358,6.126
49,352,FALSE,34.04552,6.10761
49,353,FALSE,37.09006,34.06487
49,354,FALSE,34.04586,34.09119
49,355,FALSE,23.03918,5.00115
49,357,FALSE,29.06669,5.10645
49,358,FALSE,28.11084,6.03295
49,359,FALSE,32.08103,6.00718
49,361,FALSE,25.08642,6.03084
49,363,FALSE,35.05796,35.07658
49,364,FALSE,35.10613,35.10988
49,365,FALSE,23.01583,3.10603
49,366,FALSE,5.11721,5.07189
49,367,FALSE,35.02253,35.07202
49,370,FALSE,28.12492,6.08883
49,371,FALSE,33.05829,6.13571
49,372,FALSE,33.08088,6.1451
49,373,FALSE,6.1217,6.02045
49,374,FALSE,37.07462,1.10413
49,375,FALSE,4.12719,5.05329
49,376,FALSE,5.12248,6.08679
49,377,FALSE,1,2.11519
49,378,FALSE,28.03689,33.08199
49,379,FALSE,5.14282,28.12617
49,380,FALSE,33.11629,34.11534
49,381,FALSE,5.10745,6.02472
49,383,FALSE,30.08691,5.03883
49,384,FALSE,30.00095,6.07302
49,385,FALSE,25.10519,2.02058
49,386,FALSE,27.11965,1.00287
49,387,FALSE,34.06727,1.07039
49,388,FALSE,5.02421,2.14452
49,389,FALSE,7.07572,2.02839
49,390,FALSE,27.03936,3.04947
49,391,FALSE,23.03616,2.06644
49,394,FALSE,30.08421,5.11291
49,395,FALSE,2.04269,35.09259
49,396,FALSE,3.09115,35.11492
49,397,FALSE,4.04927,35.053
49,398,FALSE,33.09578,35.12714
49,403,FALSE,19.13885,6.02662
49,404,FALSE,34.0995,35.05822
49,405,FALSE,5.08482,35.12104
49,406,FALSE,4.03551,6.07912
49,407,FALSE,28.09447,29.04747
49,408,TRUE,4.10266,1
49,412,FALSE,34.10504,10.00726
49,413,FALSE,25.07618,20.04051
49,414,FALSE,31.0962,10.01352
49,415,FALSE,28.0435,30.12629
49,416,FALSE,20.11923,33.04298
49,417,FALSE,23.04381,6.1332
49,418,FALSE,35.04079,35.07411
49,419,FALSE,33.12062,33.14447
49,420,FALSE,33.12583,33.13431
49,421,FALSE,33.01258,33.02316
49,422,FALSE,30.06831,6.13896
49,423,FALSE,23.05237,6.0801
49,425,FALSE,5.09608,6.01783
49,426,FALSE,33.12388,6.04945
49,427,FALSE,6.13707,6.09595
49,428,FALSE,33.09258,33.12422
49,429,FALSE,28.05157,33.01572
50,1,FALSE,23.09513,6.07062
50,3,FALSE,4.11232,4.128
50,5,FALSE,37.14508,6.0188
50,6,FALSE,33.01592,5.13453
50,7,FALSE,1,4.03611
50,9,FALSE,5.11013,4.02379
50,10,FALSE,4.06353,4.08519
50,11,FALSE,1,6.11174
50,13,FALSE,6.09403,6.09992
50,17,FALSE,29.06568,6.03337
50,18,FALSE,6.02659,6.00655
50,19,TRUE,33.08973,1
50,21,FALSE,18.07387,6.06459
50,22,FALSE,6.13009,6.12785
50,25,FALSE,19.11189,6.01728
50,29,FALSE,5.14517,3.03322
50,30,FALSE,6.12972,6.08135
50,69,FALSE,24.10254,2.12474
50,70,FALSE,23.11668,28.07057
50,71,FALSE,28.11283,6.07233
50,72,FALSE,33.07805,33.09918
50,73,FALSE,28.06898,28.10478
50,74,FALSE,33.02208,33.02881
50,75,FALSE,33.14689,34.01282
50,76,FALSE,6.09455,6.14562
50,77,FALSE,6.12719,18.10599
50,78,FALSE,23.03402,6.03582
50,79,FALSE,6.09355,6.1064
50,82,FALSE,29.08745,6.04003
50,83,FALSE,18.08491,3.03895
50,84,FALSE,1,33.09383
50,85,FALSE,1,2.05612
50,86,TRUE,29.02414,1
50,91,FALSE,5.12957,5.08239
50,92,FALSE,6.06711,6.09017
50,93,FALSE,23.14307,6.0857
50,95,FALSE,5.10095,4.144
50,98,FALSE,30.07254,5.01169
50,99,FALSE,34.04012,22.01384
50,100,FALSE,35.01678,6.077
50,101,FALSE,23.1364,5.011
50,103,FALSE,25.09305,6.12494
50,104,FALSE,30.06905,6.02211
50,106,FALSE,28.00376,3.02044
50,107,FALSE,26.10158,4.01986
50,109,FALSE,34.05664,6.13524
50,110,FALSE,28.10136,6.07151
50,111,FALSE,33.07828,3.11049
50,112,FALSE,22.1345,3.13714
50,113,FALSE,28.09642,5.09389
50,114,FALSE,5.1461,2.03627
50,115,FALSE,5.10915,6.02093
50,116,FALSE,28.1073,3.09645
50,117,FALSE,5.09079,3.10561
50,118,FALSE,18.13541,2.00681
50,120,FALSE,34.08381,2.08638
50,121,FALSE,5.10502,3.03788
50,122,FALSE,5.12755,2.04247
50,123,FALSE,6.06257,2.07699
50,124,FALSE,37.0093,2.04254
50,125,FALSE,34.14102,35.05683
50,126,FALSE,30.12003,35.08033
50,127,FALSE,24.00887,6.00795
50,128,FALSE,30.04261,6.06959
50,129,FALSE,30.09585,6.10101
50,130,FALSE,35.08903,35.13328
50,131,FALSE,5.0637,4.11706
50,133,FALSE,5.08607,3.06757
50,134,FALSE,5.13008,4.01631
50,135,FALSE,4.03014,6.01944
50,136,FALSE,4.06207,4.13849
50,137,TRUE,5.04433,1
50,139,FALSE,5.13151,5.09276
50,140,FALSE,3.07722,4.01526
50,141,FALSE,2.06846,6.06217
50,142,FALSE,3.02334,3.11646
50,143,FALSE,5.13186,1.11405
50,144,FALSE,5.1196,4.13467
50,145,FALSE,1,30.14235
50,146,TRUE,1,1
50,147,FALSE,1,2.13895
50,148,TRUE,1,1
50,149,TRUE,18.0767,1
50,150,FALSE,1,35.06398
50,151,TRUE,1.04296,1
50,153,FALSE,6.12436,6.13947
50,154,FALSE,28.14485,6.0462
50,155,FALSE,37.00202,4.07419
50,156,FALSE,28.09384,5.09272
50,157,FALSE,5.03084,1.02257
50,158,FALSE,18.13804,4.05732
50,159,FALSE,23.12638,3.0802
50,160,FALSE,23.04388,4.06657
50,161,FALSE,18.11184,4.06964
50,162,FALSE,29.12604,34.11312
50,164,FALSE,37.0184,5.04403
50,165,FALSE,6.00057,35.00559
50,166,FALSE,30.05778,35.13489
50,167,FALSE,5.04075,6.08212
50,168,FALSE,1,35.07403
50,169,FALSE,30.14339,35.12631
50,173,FALSE,29.00492,6.01311
50,175,FALSE,3.13885,3.13261
50,176,FALSE,5.12125,5.07183
50,177,FALSE,30.07606,6.10922
50,178,FALSE,35.02011,34.00597
50,179,FALSE,34.10196,6.1447
50,180,FALSE,28.10836,28.12953
50,181,FALSE,35.02397,33.08633
50,182,FALSE,25.09936,6.14147
50,183,FALSE,35.03294,6.09781
50,184,FALSE,37.11212,6.07321
50,185,FALSE,28.0339,6.12246
50,186,FALSE,37.06575,6.03446
50,188,FALSE,30.14566,1.08911
50,189,FALSE,34.06807,34.08436
50,190,FALSE,23.10426,6.09364
50,191,FALSE,30.0196,6.06129
50,192,FALSE,25.07861,6.11332
50,193,FALSE,35.00819,36.01478
50,194,FALSE,25.09133,6.06728
50,195,FALSE,28.11862,6.10607
50,197,FALSE,30.08125,2.0486
50,198,FALSE,25.06397,6.05425
50,199,FALSE,30.00627,23.125
50,200,FALSE,6.09959,6.10981
50,201,FALSE,5.09882,6.03853
50,202,FALSE,37.06926,37.09523
50,203,FALSE,30.08862,30.0565
50,204,FALSE,30.04417,4.07873
50,206,FALSE,30.0138,2.01345
50,207,FALSE,28.11895,6.08705
50,208,FALSE,5.14336,5.03945
50,209,FALSE,28.03585,28.04706
50,210,FALSE,28.09893,28.04217
50,211,FALSE,28.11356,33.10625
50,212,FALSE,5.0079,4.11514
50,213,FALSE,13.0818,5.0903
50,216,FALSE,28.08169,6.1037
50,217,FALSE,29.13589,6.1386
50,218,FALSE,30.12091,6.05687
50,219,FALSE,25.12819,6.1472
50,222,FALSE,28.07969,5.11582
50,225,FALSE,33.12174,33.14536
50,226,FALSE,35.02625,6.0933
50,227,FALSE,37.09579,34.04425
50,229,FALSE,33.10913,33.10288
50,230,FALSE,33.09153,33.03711
50,233,FALSE,30.1173,6.0114
50,234,FALSE,30.06975,33.00093
50,235,FALSE,30.07358,33.00444
50,236,FALSE,4.08611,4.00131
50,237,FALSE,5.10542,6.08405
50,242,FALSE,24.13477,4.00362
50,243,FALSE,6.00521,6.06942
50,251,FALSE,34.10215,34.12955
50,252,FALSE,28.07232,6.11281
50,253,FALSE,30.02628,4.03191
50,254,FALSE,4.02329,1.12808
50,255,FALSE,13.06102,3.0873
50,256,FALSE,30.11956,2.01509
50,257,FALSE,20.00496,4.08437
50,258,FALSE,18.08725,5.00556
50,259,FALSE,5.07712,33.05111
50,260,FALSE,5.12951,5.00829
50,262,FALSE,36.01895,1.02959
50,263,FALSE,6.0155,3.12064
50,264,FALSE,29.03979,6.13956
50,265,FALSE,6.04342,5.13863
50,270,FALSE,6.09673,33.03208
50,271,FALSE,28.00095,6.08566
50,272,FALSE,5.13305,6.06532
50,273,FALSE,5.13192,6.06432
50,274,FALSE,5.12636,6.08261
50,275,FALSE,6.05818,33.04426
50,280,FALSE,5.06935,3.11465
50,289,FALSE,29.12475,5.14609
50,290,FALSE,6.13544,6.0783
50,291,FALSE,6.13077,6.13097
50,292,FALSE,6.07888,5.13507
50,293,FALSE,30.09338,15.09531
50,294,FALSE,6.06783,10.02803
50,295,FALSE,36.04206,25.02024
50,296,FALSE,4.08863,20.01685
50,297,FALSE,35.08902,6.03252
50,298,FALSE,33.02912,1.04731
50,299,FALSE,34.05176,6.09469
50,300,FALSE,33.10482,4.00595
50,301,FALSE,33.02111,4.12221
50,302,FALSE,35.02556,5.07573
50,303,FALSE,33.05448,33.00016
50,308,FALSE,31.14695,3.08748
50,317,FALSE,22.12912,4.01317
50,318,FALSE,36.07816,4.10812
50,319,FALSE,30.1473,5.11977
50,320,FALSE,27.05203,4.05788
50,321,FALSE,34.12947,4.02415
50,322,FALSE,18.00544,5.0421
50,323,FALSE,17.01873,2.04073
50,324,FALSE,23.0828,2.08055
50,325,FALSE,25.12726,2.02663
50,326,FALSE,28.04442,3.06994
50,328,FALSE,25.02096,5.0619
50,329,FALSE,31.14248,20.04639
50,330,FALSE,30.04198,6.02725
50,331,FALSE,20.13682,5.04326
50,332,FALSE,20.11192,6.13323
50,333,FALSE,30.09204,33.04568
50,334,FALSE,6.12817,6.12434
50,335,FALSE,30.05099,5.09288
50,336,FALSE,30.12911,5.12847
50,337,FALSE,25.09029,6.02554
50,339,FALSE,28.0557,5.04751
50,340,TRUE,1.06691,1
50,341,TRUE,25.01143,1
50,342,FALSE,5.10186,36.14281
50,343,TRUE,1,1
50,346,FALSE,27.06069,6.00799
50,347,FALSE,33.04521,6.12834
50,348,FALSE,27.05455,6.06261
50,349,FALSE,25.08004,2.1284
50,350,FALSE,29.14535,6.1344
50,351,FALSE,25.08346,6.1418
50,352,FALSE,34.01857,6.03237
50,353,FALSE,37.09511,34.04982
50,354,FALSE,34.08877,34.13709
50,355,FALSE,23.09131,5.05922
50,357,FALSE,29.12353,5.09023
50,358,FALSE,28.13932,6.0639
50,359,FALSE,32.06689,6.00003
50,361,FALSE,25.06584,6.07133
50,363,FALSE,35.07166,35.10442
50,364,FALSE,35.10237,35.1179
50,365,FALSE,23.05428,3.04295
50,366,FALSE,5.08641,5.08896
50,367,FALSE,35.0233,35.03106
50,370,FALSE,28.13723,6.08569
50,371,FALSE,33.01043,6.10319
50,372,FALSE,33.06577,6.14661
50,373,FALSE,6.12977,6.02368
50,374,FALSE,37.12986,1.13802
50,375,FALSE,4.10716,5.01543
50,376,FALSE,5.08627,6.13339
50,377,FALSE,2.10342,6.09869
50,378,FALSE,28.11964,33.03067
50,379,FALSE,5.05815,28.01195
50,380,FALSE,33.11769,34.08131
50,381,FALSE,5.12245,6.03223
50,383,FALSE,30.06444,5.08473
50,384,FALSE,28.08814,6.13893
50,385,FALSE,25.13883,3.03065
50,386,FALSE,27.04258,1.05313
50,387,FALSE,34.10622,1.1043
50,388,FALSE,5.10997,2.1293
50,389,FALSE,7.00701,2.04072
50,390,FALSE,27.08836,3.1365
50,391,FALSE,23.0295,2.04607
50,394,FALSE,30.13417,5.06174
50,395,FALSE,2.01435,35.001
50,396,FALSE,3.05232,35.06109
50,397,FALSE,4.10076,35.10357
50,398,FALSE,33.08495,35.12968
50,403,FALSE,19.11749,6.00717
50,404,FALSE,34.01829,35.13641
50,405,FALSE,5.1157,35.01152
50,406,FALSE,4.01467,6.05435
50,407,FALSE,28.14195,29.01302
50,408,TRUE,4.02482,1
50,412,FALSE,34.0733,10.03185
50,413,FALSE,25.08792,20.03609
50,414,FALSE,31.05386,10.00782
50,415,FALSE,28.07589,30.08136
50,416,FALSE,20.09548,33.09187
50,417,FALSE,28.12312,6.12615
50,418,FALSE,35.01191,35.09825
50,419,FALSE,33.01694,33.02893
50,420,FALSE,33.02612,33.12906
50,421,FALSE,33.04212,33.14526
50,422,FALSE,30.08475,28.03717
50,423,FALSE,23.12226,6.06977
50,425,FALSE,37.01998,6.0051
50,426,FALSE,33.12183,6.06117
50,427,FALSE,6.12607,6.10784
50,428,FALSE,33.07376,33.03758
50,429,FALSE,28.06316,33.01348
51,1,FALSE,23.0251,6.06599
51,3,FALSE,4.0169,4.06946
51,5,FALSE,37.00619,6.0431
51,6,FALSE,33.09359,5.07175
51,7,FALSE,1,4.01599
51,9,FALSE,5.12055,5.0157
51,10,FALSE,4.12437,5.1181
51,11,FALSE,1,6.13887
51,13,FALSE,6.11358,6.03502
51,17,FALSE,28.08097,6.03948
51,18,FALSE,6.03417,6.04593
51,19,TRUE,33.08586,1
51,21,FALSE,29.10751,6.07501
51,22,FALSE,6.12588,6.1452
51,25,FALSE,19.14306,6.007
51,29,FALSE,5.09716,2.02835
51,30,FALSE,6.13414,6.07499
51,69,FALSE,24.1188,2.12442
51,70,FALSE,23.05621,28.05126
51,71,FALSE,6.09211,6.09238
51,72,FALSE,33.01848,33.10178
51,73,FALSE,28.09973,28.11378
51,74,FALSE,37.08516,33.02766
51,75,FALSE,33.14331,34.06864
51,76,FALSE,6.10405,6.10621
51,77,FALSE,6.14133,18.04035
51,78,FALSE,29.06407,6.02781
51,79,FALSE,6.08931,6.11533
51,82,FALSE,29.02714,3.07191
51,83,FALSE,18.09619,3.00385
51,84,FALSE,1,33.00185
51,85,TRUE,2.01379,1
51,86,TRUE,29.11868,1
51,91,FALSE,5.12514,5.06354
51,92,FALSE,6.1031,6.10334
51,93,FALSE,23.07021,6.12517
51,95,FALSE,5.12912,4.0029
51,98,FALSE,30.13056,5.13134
51,99,FALSE,34.09709,22.03992
51,100,FALSE,35.06265,6.09732
51,101,FALSE,23.06414,3.1427
51,103,FALSE,25.12714,6.13814
51,104,FALSE,30.04243,6.02274
51,106,FALSE,28.12531,3.10668
51,107,FALSE,26.09736,4.06666
51,109,FALSE,34.02187,6.10277
51,110,FALSE,28.04277,6.08232
51,111,FALSE,33.00373,3.10083
51,112,FALSE,22.14537,4.01828
51,113,FALSE,28.09958,5.0804
51,114,FALSE,5.13166,2.13387
51,115,FALSE,5.1093,6.00495
51,116,FALSE,28.09921,3.06486
51,117,FALSE,5.09157,4.1247
51,118,FALSE,18.07662,2.01575
51,120,FALSE,34.09126,2.03424
51,121,FALSE,5.11705,2.02282
51,122,FALSE,5.12765,2.09568
51,123,FALSE,6.0885,2.10288
51,124,FALSE,37.06699,2.09806
51,125,FALSE,34.02146,35.11354
51,126,FALSE,30.0448,35.03525
51,127,FALSE,24.1219,6.0082
51,128,FALSE,30.05124,6.04342
51,129,FALSE,30.03308,6.10856
51,130,FALSE,35.09305,35.13377
51,131,FALSE,5.08085,4.06696
51,133,FALSE,5.10777,3.02398
51,134,FALSE,5.10143,4.05267
51,135,FALSE,4.09738,2.14703
51,136,FALSE,4.13389,4.02331
51,137,FALSE,5.1403,4.06872
51,139,FALSE,5.0611,5.0606
51,140,FALSE,3.10174,4.00943
51,141,FALSE,2.07912,6.10831
51,142,FALSE,3.01209,3.04856
51,143,FALSE,5.0879,1.01281
51,144,FALSE,5.04311,4.13276
51,145,FALSE,1,30.13157
51,146,TRUE,1,1
51,147,FALSE,1,2.03165
51,148,TRUE,1,1
51,149,TRUE,18.13543,1
51,150,FALSE,1,35.14416
51,151,TRUE,1.04127,1
51,153,FALSE,6.10449,6.12424
51,154,FALSE,23.06539,6.02687
51,155,FALSE,23.04117,4.06855
51,156,FALSE,5.14672,6.02498
51,157,FALSE,5.10504,1.12023
51,158,FALSE,18.12864,4.08874
51,159,FALSE,23.10663,1.09559
51,160,FALSE,23.13942,4.0588
51,161,FALSE,18.09185,4.09643
51,162,FALSE,29.07641,34.10181
51,164,FALSE,37.05735,5.01652
51,165,FALSE,6.04495,35.01689
51,166,FALSE,30.13494,35.03694
51,167,FALSE,5.00388,6.13978
51,168,FALSE,1,35.14425
51,169,FALSE,30.03634,35.12922
51,173,FALSE,29.10044,6.01114
51,175,FALSE,3.01152,3.12776
51,176,FALSE,5.14439,5.0294
51,177,FALSE,30.07609,6.11944
51,178,FALSE,35.01352,34.00509
51,179,FALSE,34.13337,6.13341
51,180,FALSE,28.10736,28.12931
51,181,FALSE,35.0587,33.14481
51,182,FALSE,10.10338,6.13963
51,183,FALSE,35.1061,6.09981
51,184,FALSE,37.05331,6.05548
51,185,FALSE,28.12753,6.14541
51,186,FALSE,37.05537,6.08486
51,188,FALSE,30.14593,1.13493
51,189,FALSE,34.12854,34.14295
51,190,FALSE,23.08352,6.12499
51,191,FALSE,30.08621,6.07431
51,192,FALSE,25.08201,6.10403
51,193,FALSE,35.10512,36.04512
51,194,FALSE,25.05376,6.09953
51,195,FALSE,28.14373,6.0561
51,197,FALSE,30.0461,2.08475
51,198,FALSE,25.06627,6.07042
51,199,FALSE,30.12992,6.13811
51,200,FALSE,6.11166,6.12787
51,201,FALSE,5.13709,6.054
51,202,FALSE,37.0393,37.04331
51,203,FALSE,30.14489,30.05087
51,204,FALSE,30.09484,2.04074
51,206,FALSE,30.00703,2.10401
51,207,FALSE,28.0259,6.10817
51,208,FALSE,5.12257,5.09426
51,209,FALSE,28.06426,28.03689
51,210,FALSE,28.14261,28.08902
51,211,FALSE,28.11886,33.05017
51,212,FALSE,4.10731,5.00668
51,213,FALSE,13.08825,5.08983
51,216,FALSE,28.0898,6.11123
51,217,FALSE,29.00404,6.13522
51,218,FALSE,30.02116,6.05353
51,219,FALSE,25.02902,6.09468
51,222,FALSE,28.04245,5.1436
51,225,FALSE,33.07723,33.09294
51,226,FALSE,35.11573,6.08289
51,227,FALSE,37.1306,34.08936
51,229,FALSE,33.115,33.07372
51,230,FALSE,33.04225,33.03721
51,233,FALSE,30.09383,6.01137
51,234,FALSE,30.14079,33.01756
51,235,FALSE,30.03477,33.04845
51,236,FALSE,4.12899,4.04111
51,237,FALSE,5.08637,6.02077
51,242,FALSE,24.12119,4.01319
51,243,FALSE,6.06757,6.07031
51,251,FALSE,34.09855,34.12343
51,252,FALSE,28.01149,6.07755
51,253,FALSE,30.14231,4.03049
51,254,FALSE,4.1372,1.08256
51,255,FALSE,13.09043,3.06683
51,256,FALSE,30.02755,2.06373
51,257,FALSE,20.02775,4.1335
51,258,FALSE,18.10538,5.01165
51,259,FALSE,5.09758,33.03858
51,260,FALSE,5.0829,5.00782
51,262,FALSE,36.13735,1.08641
51,263,FALSE,6.01894,4.03311
51,264,FALSE,29.00236,6.0647
51,265,FALSE,6.02668,5.13145
51,270,FALSE,6.09087,33.01855
51,271,FALSE,28.06274,6.10081
51,272,FALSE,5.1438,6.07625
51,273,FALSE,5.12381,6.00229
51,274,FALSE,5.10927,6.02393
51,275,FALSE,6.05781,33.07818
51,280,FALSE,5.08102,3.08419
51,289,FALSE,29.01359,5.14017
51,290,FALSE,6.10683,6.07931
51,291,FALSE,6.1384,6.14053
51,292,FALSE,6.06495,5.14686
51,293,FALSE,30.10367,15.11279
51,294,FALSE,6.10246,10.06082
51,295,FALSE,36.14504,25.13937
51,296,FALSE,4.0341,20.07509
51,297,FALSE,35.11345,6.04039
51,298,FALSE,33.12422,2.09896
51,299,FALSE,34.0353,6.04863
51,300,FALSE,33.11425,4.02473
51,301,FALSE,33.13149,4.03859
51,302,FALSE,35.03969,5.09655
51,303,FALSE,33.06834,5.01754
51,308,FALSE,31.03815,5.03592
51,317,FALSE,22.07549,3.12391
51,318,FALSE,36.127,6.01206
51,319,FALSE,30.14339,5.09309
51,320,FALSE,27.05067,4.12891
51,321,FALSE,34.01564,4.11939
51,322,FALSE,18.05304,5.07296
51,323,FALSE,17.12938,2.05158
51,324,FALSE,23.03734,2.03728
51,325,FALSE,25.0301,2.09789
51,326,FALSE,18.0768,3.1069
51,328,FALSE,25.04925,5.13828
51,329,FALSE,31.14581,6.13651
51,330,FALSE,30.01098,6.04462
51,331,FALSE,20.0046,5.00903
51,332,FALSE,30.08182,5.12135
51,333,FALSE,30.02737,33.05842
51,334,FALSE,6.08635,6.08873
51,335,FALSE,30.10937,5.07892
51,336,FALSE,30.12202,5.01778
51,337,FALSE,25.06508,6.01508
51,339,FALSE,28.09679,5.14319
51,340,TRUE,1.04193,1
51,341,TRUE,25.04315,1
51,342,FALSE,5.01801,36.03468
51,343,TRUE,1,1
51,346,FALSE,27.12798,6.0244
51,347,FALSE,33.03906,6.09405
51,348,FALSE,27.01453,6.03005
51,349,FALSE,25.07093,2.0527
51,350,FALSE,29.13353,6.12349
51,351,FALSE,25.00527,6.10628
51,352,FALSE,34.05873,6.13119
51,353,FALSE,37.0524,34.076
51,354,FALSE,34.03407,34.10834
51,355,FALSE,23.14357,5.01495
51,357,FALSE,29.10459,5.09465
51,358,FALSE,28.11419,6.01194
51,359,FALSE,32.02383,6.00379
51,361,FALSE,25.09186,6.05348
51,363,FALSE,35.07336,35.09975
51,364,FALSE,35.07964,35.09899
51,365,FALSE,23.11982,3.07651
51,366,FALSE,5.09941,5.10235
51,367,FALSE,35.00775,35.06248
51,370,FALSE,28.03729,6.07321
51,371,FALSE,33.03079,6.11715
51,372,FALSE,33.02171,6.14165
51,373,FALSE,6.12786,6.01896
51,374,FALSE,37.00184,1.10281
51,375,FALSE,23.08839,5.07432
51,376,FALSE,5.0047,6.04005
51,377,FALSE,1,2.03464
51,378,FALSE,28.12048,33.1397
51,379,FALSE,5.12816,28.02988
51,380,FALSE,33.07325,34.00357
51,381,FALSE,5.03835,6.0502
51,383,FALSE,30.08428,5.04676
51,384,FALSE,30.01616,6.07268
51,385,FALSE,25.10097,3.0914
51,386,FALSE,27.01384,1.01941
51,387,FALSE,34.05927,1.017
51,388,FALSE,5.03413,2.10093
51,389,FALSE,7.04737,2.07098
51,390,FALSE,27.02162,3.1199
51,391,FALSE,23.12779,5.10748
51,394,FALSE,30.09644,5.05774
51,395,FALSE,2.07327,35.07534
51,396,FALSE,3.0125,35.0582
51,397,FALSE,4.14557,35.09478
51,398,FALSE,33.00172,35.03303
51,403,FALSE,19.06776,6.00857
51,404,FALSE,34.07729,35.06246
51,405,FALSE,5.14105,35.10147
51,406,FALSE,4.06103,6.00751
51,407,FALSE,28.02788,29.02076
51,408,TRUE,4.02199,1
51,412,FALSE,34.12268,10.05506
51,413,FALSE,30.07294,15.0174
51,414,FALSE,31.1302,10.10611
51,415,FALSE,28.10194,30.13975
51,416,FALSE,20.09974,33.05367
51,417,FALSE,28.0195,6.1364
51,418,FALSE,35.03917,35.04598
51,419,FALSE,33.10966,33.12857
51,420,FALSE,33.025,33.06669
51,421,FALSE,33.05765,33.09618
51,422,FALSE,30.1139,28.13603
51,423,FALSE,23.03581,6.1232
51,425,FALSE,37.02764,5.106
51,426,FALSE,33.04882,6.05687
51,427,FALSE,6.13075,6.07445
51,428,FALSE,33.13169,33.11862
51,429,FALSE,28.00227,33.05104
52,1,FALSE,23.11408,6.06101
52,3,FALSE,4.0275,4.07406
52,5,FALSE,37.02479,6.03031
52,6,FALSE,33.11094,5.13495
52,7,FALSE,1,4.01709
52,9,FALSE,5.13386,5.06265
52,10,FALSE,4.10535,5.13393
52,11,FALSE,1,6.00954
52,13,FALSE,6.08552,6.09857
52,17,FALSE,28.05368,6.03577
52,18,FALSE,6.09504,6.05956
52,19,TRUE,33.12912,1
52,21,FALSE,18.02275,6.0759
52,22,FALSE,6.12921,6.13213
52,25,FALSE,19.064,6.02991
52,29,FALSE,5.14499,4.03358
52,30,FALSE,6.13334,6.05927
52,69,FALSE,24.09252,2.00621
52,70,FALSE,23.00705,28.10927
52,71,FALSE,28.01003,6.07653
52,72,FALSE,33.0634,33.08431
52,73,FALSE,28.03776,28.01531
52,74,FALSE,33.03708,33.05864
52,75,FALSE,33.14471,34.09035
52,76,FALSE,28.00326,6.14542
52,77,FALSE,6.13069,18.09313
52,78,FALSE,29.04547,6.01891
52,79,FALSE,6.06083,6.07945
52,82,FALSE,29.03955,6.01082
52,83,FALSE,18.09028,3.03512
52,84,FALSE,1,33.08836
52,85,FALSE,1,2.0112
52,86,TRUE,29.08081,1
52,91,FALSE,5.14363,5.12101
52,92,FALSE,6.04336,6.04571
52,93,FALSE,23.1298,6.11845
52,95,FALSE,5.10013,4.002
52,98,FALSE,30.04494,5.1345
52,99,FALSE,34.09741,22.07395
52,100,FALSE,35.0004,6.08505
52,101,FALSE,23.08494,5.04529
52,103,FALSE,25.01707,6.13085
52,104,FALSE,30.14417,6.02233
52,106,FALSE,28.13431,3.13446
52,107,FALSE,26.00038,4.09909
52,109,FALSE,34.06738,6.12917
52,110,FALSE,28.00212,6.09458
52,111,FALSE,33.02326,3.12342
52,112,FALSE,22.04633,4.03004
52,113,FALSE,28.13596,5.02096
52,114,FALSE,5.05895,2.05784
52,115,FALSE,5.14224,6.00387
52,116,FALSE,28.14075,3.0213
52,117,FALSE,5.05542,3.12
52,118,FALSE,18.11624,2.04852
52,120,FALSE,34.05647,2.0547
52,121,FALSE,5.14399,3.06211
52,122,FALSE,5.11456,2.03456
52,123,FALSE,6.07785,2.14012
52,124,FALSE,37.06822,2.00914
52,125,FALSE,34.10598,35.05022
52,126,FALSE,30.13148,35.07261
52,127,FALSE,24.03705,6.04873
52,128,FALSE,30.13825,4.01607
52,129,FALSE,30.08178,6.08484
52,130,FALSE,35.06191,35.13853
52,131,FALSE,5.11099,4.05625
52,133,FALSE,5.12976,3.12326
52,134,FALSE,5.1238,4.01088
52,135,FALSE,4.11973,4.04932
52,136,FALSE,4.13786,4.02507
52,137,FALSE,5.04832,4.10587
52,139,FALSE,5.12751,5.01148
52,140,FALSE,3.09257,4.0044
52,141,FALSE,2.01021,6.05163
52,142,FALSE,3.11072,3.05645
52,143,FALSE,5.00675,1.02031
52,144,FALSE,5.00668,4.05396
52,145,FALSE,1,30.10904
52,146,TRUE,1,1
52,147,FALSE,1,2.0902
52,148,TRUE,1,1
52,149,TRUE,18.03687,1
52,150,FALSE,1,35.14114
52,151,TRUE,1.02619,1
52,153,FALSE,6.10336,6.11505
52,154,FALSE,23.08371,6.04418
52,155,FALSE,23.02928,4.03777
52,156,FALSE,28.05726,5.14427
52,157,FALSE,5.04516,1.01412
52,158,FALSE,18.03203,4.09825
52,159,FALSE,23.06118,3.03799
52,160,FALSE,23.0008,4.051
52,161,FALSE,18.1107,4.00468
52,162,FALSE,29.09714,34.10711
52,164,FALSE,37.08936,5.10276
52,165,FALSE,6.04434,35.07759
52,166,FALSE,30.10595,35.04912
52,167,FALSE,5.11733,6.13842
52,168,FALSE,1,35.13355
52,169,FALSE,30.10446,35.09715
52,173,FALSE,29.10946,6.02225
52,175,FALSE,4.14454,3.08845
52,176,FALSE,5.06317,5.06051
52,177,FALSE,30.1134,6.06895
52,178,FALSE,35.01244,34.00259
52,179,FALSE,34.05125,6.14631
52,180,FALSE,28.14557,28.02442
52,181,FALSE,35.03079,33.08136
52,182,FALSE,25.0477,6.10395
52,183,FALSE,35.1033,6.02821
52,184,FALSE,37.14116,6.07217
52,185,FALSE,28.11909,6.13892
52,186,FALSE,37.07586,6.08801
52,188,FALSE,30.11708,1.14006
52,189,FALSE,34.09993,34.1051
52,190,FALSE,23.03244,6.0767
52,191,FALSE,30.13089,6.01778
52,192,FALSE,25.12197,6.11062
52,193,FALSE,35.12868,36.00417
52,194,FALSE,25.13622,6.06197
52,195,FALSE,28.10756,6.11873
52,197,FALSE,30.07303,1.07491
52,198,FALSE,25.0823,6.10134
52,199,FALSE,29.02988,23.00699
52,200,FALSE,6.11286,6.14407
52,201,FALSE,5.08665,6.10344
52,202,FALSE,37.0618,37.03718
52,203,FALSE,30.11691,6.08847
52,204,FALSE,30.07793,6.06416
52,206,FALSE,30.11539,2.02508
52,207,FALSE,28.12953,6.06559
52,208,FALSE,5.13866,5.05972
52,209,FALSE,28.06194,28.033
52,210,FALSE,28.04496,28.01904
52,211,FALSE,28.12208,33.07153
52,212,FALSE,4.13418,5.01472
52,213,FALSE,13.07037,5.12016
52,216,FALSE,28.07855,6.1178
52,217,FALSE,29.08822,6.14035
52,218,FALSE,30.0668,6.12058
52,219,FALSE,25.13485,6.14726
52,222,FALSE,28.05431,5.1441
52,225,FALSE,33.09105,33.14045
52,226,FALSE,35.11315,6.1094
52,227,FALSE,37.14056,34.04003
52,229,FALSE,33.11699,33.09921
52,230,FALSE,33.07875,33.05863
52,233,FALSE,30.12296,6.04113
52,234,FALSE,30.10786,33.03793
52,235,FALSE,30.0993,33.00785
52,236,FALSE,4.11837,4.08664
52,237,FALSE,5.13721,6.02661
52,242,FALSE,24.10623,4.1473
52,243,FALSE,6.06127,6.13142
52,251,FALSE,34.11128,34.12144
52,252,FALSE,28.07225,6.07213
52,253,FALSE,30.08778,4.06592
52,254,FALSE,4.02565,1.13952
52,255,FALSE,13.1176,3.00696
52,256,FALSE,30.13024,2.11189
52,257,FALSE,20.13819,4.02216
52,258,FALSE,18.04977,5.07828
52,259,FALSE,5.0339,33.10094
52,260,FALSE,5.01488,5.0624
52,262,FALSE,36.08521,1.12033
52,263,FALSE,6.05314,3.03548
52,264,FALSE,29.11994,6.08791
52,265,FALSE,6.07254,5.12025
52,270,FALSE,6.0532,33.0218
52,271,FALSE,28.14339,6.07607
52,272,FALSE,5.1332,6.05815
52,273,FALSE,5.14574,6.10758
52,274,FALSE,5.13536,6.00391
52,275,FALSE,6.03407,33.0776
52,280,FALSE,5.14095,3.07746
52,289,FALSE,29.0564,5.13404
52,290,FALSE,6.11672,6.11651
52,291,FALSE,6.12407,6.13288
52,292,FALSE,6.12787,5.1419
52,293,FALSE,30.14391,15.10705
52,294,FALSE,6.0875,10.03171
52,295,FALSE,36.07779,25.08641
52,296,FALSE,4.03903,20.10785
52,297,FALSE,35.05789,6.00343
52,298,FALSE,33.01535,2.00732
52,299,FALSE,34.02725,6.05063
52,300,FALSE,33.13698,4.04379
52,301,FALSE,33.07107,4.09604
52,302,FALSE,35.06418,6.01166
52,303,FALSE,33.01711,5.10307
52,308,FALSE,31.08032,3.13587
52,317,FALSE,22.07795,3.09094
52,318,FALSE,36.08143,6.04864
52,319,FALSE,30.09029,5.09175
52,320,FALSE,27.14182,4.11533
52,321,FALSE,34.06092,4.04635
52,322,FALSE,18.00355,5.07565
52,323,FALSE,17.14529,2.01668
52,324,FALSE,23.06243,2.11734
52,325,FALSE,25.13483,2.10789
52,326,FALSE,18.06224,4.00444
52,328,FALSE,25.03304,5.11731
52,329,FALSE,31.12557,20.1024
52,330,FALSE,30.14032,6.06111
52,331,FALSE,20.00896,5.04987
52,332,FALSE,30.1101,5.05098
52,333,FALSE,30.04371,33.04058
52,334,FALSE,6.13247,6.031
52,335,FALSE,30.01673,5.12794
52,336,FALSE,30.0814,5.12627
52,337,FALSE,25.11797,6.07602
52,339,FALSE,28.07229,5.11426
52,340,TRUE,1.14555,1
52,341,TRUE,25.07681,1
52,342,FALSE,5.05715,36.02277
52,343,TRUE,1,1
52,346,FALSE,27.04044,6.01976
52,347,FALSE,33.04468,6.10874
52,348,FALSE,27.10355,6.03915
52,349,FALSE,25.04117,2.12632
52,350,FALSE,29.07447,6.14057
52,351,FALSE,25.10143,6.14153
52,352,FALSE,34.02493,6.10999
52,353,FALSE,37.11411,34.08444
52,354,FALSE,34.01471,34.0332
52,355,FALSE,23.00427,5.02682
52,357,FALSE,29.05649,5.12162
52,358,FALSE,28.12646,6.03225
52,359,FALSE,32.11254,6.00731
52,361,FALSE,30.11985,6.05556
52,363,FALSE,35.04706,35.05773
52,364,FALSE,35.04708,35.06348
52,365,FALSE,23.1456,3.05776
52,366,FALSE,5.09511,5.12354
52,367,FALSE,35.01911,35.02051
52,370,FALSE,28.1252,6.0939
52,371,FALSE,33.11671,6.1237
52,372,FALSE,33.06223,6.13869
52,373,FALSE,6.14205,6.04684
52,374,FALSE,37.08607,1.05809
52,375,FALSE,23.00654,5.1085
52,376,FALSE,5.1427,6.0986
52,377,FALSE,2.1259,6.0489
52,378,FALSE,28.10342,33.1451
52,379,FALSE,5.11221,28.11655
52,380,FALSE,33.11861,34.11819
52,381,FALSE,5.07202,6.05684
52,383,FALSE,30.12589,5.02994
52,384,FALSE,30.08471,6.12312
52,385,FALSE,25.14365,2.03375
52,386,FALSE,27.0574,1.12601
52,387,FALSE,34.03706,1.03771
52,388,FALSE,5.13539,3.02511
52,389,FALSE,7.07515,2.10592
52,390,FALSE,27.029,3.14698
52,391,FALSE,23.03291,5.08042
52,394,FALSE,30.00119,5.11587
52,395,FALSE,2.11163,35.13038
52,396,FALSE,3.07058,35.14741
52,397,FALSE,4.12671,35.0556
52,398,FALSE,33.0016,35.09405
52,403,FALSE,19.00771,6.02265
52,404,FALSE,34.07248,35.08263
52,405,FALSE,5.07938,35.07008
52,406,FALSE,4.09185,6.03424
52,407,FALSE,28.12094,29.07687
52,408,TRUE,4.03018,1
52,412,FALSE,34.10235,10.03183
52,413,FALSE,25.06903,20.0672
52,414,FALSE,31.07503,10.11749
52,415,FALSE,28.07782,30.13852
52,416,FALSE,20.00062,33.07285
52,417,FALSE,28.06354,6.10301
52,418,FALSE,35.05446,35.08358
52,419,FALSE,33.04265,33.09279
52,420,FALSE,33.02269,33.07077
52,421,FALSE,33.00497,33.07139
52,422,FALSE,28.09444,30.09564
52,423,FALSE,23.03609,6.10104
52,425,FALSE,5.07731,6.03863
52,426,FALSE,33.13876,6.06533
52,427,FALSE,6.14334,6.11911
52,428,FALSE,33.14245,33.09592
52,429,FALSE,28.12392,33.10225
53,1,FALSE,23.09866,6.07843
53,3,FALSE,4.07196,4.10624
53,5,FALSE,37.07702,6.00835
53,6,FALSE,33.02802,5.10138
53,7,FALSE,1,4.06505
53,9,FALSE,5.03344,4.12393
53,10,FALSE,4.10813,4.02891
53,11,FALSE,1,6.141
53,13,FALSE,6.14244,6.08428
53,17,FALSE,28.00521,6.02075
53,18,FALSE,6.03932,6.02556
53,19,TRUE,33.04583,1
53,21,FALSE,18.02897,6.06252
53,22,FALSE,6.12853,6.11572
53,25,FALSE,19.12517,6.00802
53,29,FALSE,5.1434,3.10355
53,30,FALSE,6.12965,6.05306
53,69,FALSE,24.09422,2.06919
53,70,FALSE,23.05672,28.00368
53,71,FALSE,28.04611,6.06959
53,72,FALSE,33.00622,33.12435
53,73,FALSE,28.06196,28.01923
53,74,FALSE,37.11042,33.02952
53,75,FALSE,33.13677,34.07436
53,76,FALSE,28.00727,6.13188
53,77,FALSE,6.12663,18.11652
53,78,FALSE,29.12216,6.02656
53,79,FALSE,6.12178,6.12755
53,82,FALSE,29.13115,6.0298
53,83,FALSE,18.06142,3.03189
53,84,FALSE,1,33.01784
53,85,FALSE,1,2.05222
53,86,TRUE,29.07907,1
53,91,FALSE,5.14452,5.10752
53,92,FALSE,28.06912,6.05884
53,93,FALSE,23.12842,6.11659
53,95,FALSE,5.12646,4.14527
53,98,FALSE,30.08575,5.13691
53,99,FALSE,34.14341,22.00187
53,100,FALSE,35.02282,6.05413
53,101,FALSE,23.06626,5.06069
53,103,FALSE,25.08999,6.13711
53,104,FALSE,30.06319,6.03881
53,106,FALSE,28.14014,3.01276
53,107,FALSE,26.06002,4.08398
53,109,FALSE,34.03797,6.13308
53,110,FALSE,28.06039,6.0443
53,111,FALSE,33.08056,3.05916
53,112,FALSE,22.10979,3.08765
53,113,FALSE,28.12613,5.03978
53,114,FALSE,5.1276,2.09883
53,115,FALSE,5.13716,6.05979
53,116,FALSE,28.1264,3.06553
53,117,FALSE,5.1454,4.08599
53,118,FALSE,18.09539,2.04209
53,120,FALSE,34.07384,2.05279
53,121,FALSE,5.13278,2.0688
53,122,FALSE,5.11276,1.00286
53,123,FALSE,6.0557,2.1366
53,124,FALSE,37.09334,5.05826
53,125,FALSE,34.1117,35.0199
53,126,FALSE,30.0821,35.04839
53,127,FALSE,24.11136,6.08451
53,128,FALSE,30.03731,6.02847
53,129,FALSE,30.09615,6.0805
53,130,FALSE,35.10428,35.12562
53,131,FALSE,5.00626,4.07192
53,133,FALSE,5.0709,3.09803
53,134,FALSE,5.10675,4.04448
53,135,FALSE,4.03116,4.1235
53,136,FALSE,4.04921,4.02784
53,137,FALSE,5.13578,4.10865
53,139,FALSE,5.12511,5.05562
53,140,FALSE,3.11144,4.02581
53,141,FALSE,2.12966,6.10465
53,142,FALSE,3.0563,3.045
53,143,FALSE,5.01998,1.06684
53,144,FALSE,5.11628,4.00008
53,145,FALSE,1,30.13045
53,146,TRUE,1,1
53,147,FALSE,1,2.04024
53,148,TRUE,1,1
53,149,TRUE,18.03993,1
53,150,FALSE,1,35.06085
53,151,TRUE,1.0218,1
53,153,FALSE,6.10451,6.12953
53,154,FALSE,28.03345,6.04057
53,155,FALSE,23.1223,4.0117
53,156,FALSE,28.03231,5.01214
53,157,FALSE,5.06344,1.03868
53,158,FALSE,18.00522,4.13992
53,159,FALSE,23.00601,3.01017
53,160,FALSE,23.13497,4.11708
53,161,FALSE,18.01603,4.09964
53,162,FALSE,29.14683,34.05148
53,164,FALSE,37.06321,5.05108
53,165,FALSE,6.09635,35.02854
53,166,FALSE,30.06372,35.07043
53,167,FALSE,5.13556,6.07852
53,168,FALSE,1,35.02433
53,169,FALSE,30.04726,35.01498
53,173,FALSE,29.11045,6.02878
53,175,FALSE,4.12756,3.08791
53,176,FALSE,5.00013,5.05111
53,177,FALSE,30.04167,6.12315
53,178,FALSE,35.04147,34.00769
53,179,FALSE,34.12364,6.138
53,180,FALSE,28.12244,28.14185
53,181,FALSE,35.0054,33.05814
53,182,FALSE,25.04843,6.1432
53,183,FALSE,35.01802,6.12348
53,184,FALSE,37.07519,6.13047
53,185,FALSE,28.02281,6.12397
53,186,FALSE,37.02409,6.0525
53,188,FALSE,37.08008,1.09371
53,189,FALSE,34.06294,34.0829
53,190,FALSE,23.12246,6.12925
53,191,FALSE,30.1071,6.06514
53,192,FALSE,25.10522,6.03037
53,193,FALSE,35.07836,36.07909
53,194,FALSE,25.00281,6.12343
53,195,FALSE,28.14137,6.13378
53,197,FALSE,30.01689,2.13248
53,198,FALSE,25.02352,6.0365
53,199,FALSE,30.14321,23.04476
53,200,FALSE,6.08433,6.14614
53,201,FALSE,5.0651,6.03161
53,202,FALSE,37.02065,37.02703
53,203,FALSE,30.11479,30.05291
53,204,FALSE,30.05271,6.04436
53,206,FALSE,30.02576,2.13231
53,207,FALSE,28.08045,6.0789
53,208,FALSE,5.14084,5.10261
53,209,FALSE,28.13105,28.11801
53,210,FALSE,28.05529,28.00154
53,211,FALSE,28.05089,33.00003
53,212,FALSE,4.11526,5.00018
53,213,FALSE,13.07021,5.09861
53,216,FALSE,28.10333,6.08221
53,217,FALSE,29.09455,6.13846
53,218,FALSE,30.05042,6.08967
53,219,FALSE,25.02502,6.12349
53,222,FALSE,28.04505,5.11589
53,225,FALSE,33.13657,33.14093
53,226,FALSE,35.043,6.0917
53,227,FALSE,37.0745,34.06308
53,229,FALSE,33.12655,33.10811
53,230,FALSE,33.08136,33.07525
53,233,FALSE,30.13417,6.02681
53,234,FALSE,30.03625,33.00502
53,235,FALSE,30.12016,33.126
53,236,FALSE,4.09664,4.11833
53,237,FALSE,5.10903,6.0666
53,242,FALSE,24.04469,4.12195
53,243,FALSE,6.03734,6.1139
53,251,FALSE,34.09839,34.13192
53,252,FALSE,28.08418,6.07928
53,253,FALSE,30.00436,4.00505
53,254,FALSE,4.01325,1.04392
53,255,FALSE,13.05028,3.11188
53,256,FALSE,30.10516,2.09098
53,257,FALSE,20.04814,4.11015
53,258,FALSE,18.05596,5.12243
53,259,FALSE,5.02583,33.12417
53,260,FALSE,5.02471,5.01886
53,262,FALSE,36.09307,1.13453
53,263,FALSE,6.02798,3.12814
53,264,FALSE,29.05601,6.09024
53,265,FALSE,6.0726,5.08748
53,270,FALSE,6.1065,33.00836
53,271,FALSE,28.10828,6.08906
53,272,FALSE,5.10126,6.01687
53,273,FALSE,5.11424,6.03809
53,274,FALSE,5.13365,6.02141
53,275,FALSE,6.13377,33.00723
53,280,FALSE,5.13616,3.10775
53,289,FALSE,29.02382,5.14699
53,290,FALSE,6.12279,6.10263
53,291,FALSE,6.13426,6.14123
53,292,FALSE,6.03151,5.03785
53,293,FALSE,30.11264,15.02431
53,294,FALSE,6.06206,10.01275
53,295,FALSE,36.13559,25.07816
53,296,FALSE,4.0067,20.0542
53,297,FALSE,35.10594,6.09179
53,298,FALSE,33.14577,1.04966
53,299,FALSE,34.0499,6.04918
53,300,FALSE,33.07489,4.05877
53,301,FALSE,33.04332,4.13006
53,302,FALSE,35.12234,6.05005
53,303,FALSE,33.07561,5.13
53,308,FALSE,31.04928,5.08379
53,317,FALSE,22.07182,3.06342
53,318,FALSE,36.081,4.13676
53,319,FALSE,30.0923,5.13445
53,320,FALSE,27.01295,4.12014
53,321,FALSE,34.11528,3.139
53,322,FALSE,18.11366,5.09509
53,323,FALSE,17.10501,3.04275
53,324,FALSE,23.08033,1.1168
53,325,FALSE,25.12909,2.05274
53,326,FALSE,18.14568,3.11806
53,328,FALSE,25.06589,5.0477
53,329,FALSE,31.03952,20.07054
53,330,FALSE,28.01407,6.00653
53,331,FALSE,20.05507,5.0529
53,332,FALSE,30.11548,5.12544
53,333,FALSE,30.11239,33.00832
53,334,FALSE,6.13406,6.11905
53,335,FALSE,30.11626,5.08757
53,336,FALSE,30.07897,5.09353
53,337,FALSE,25.10234,6.01743
53,339,FALSE,28.00077,5.10872
53,340,TRUE,1.05083,1
53,341,TRUE,25.02074,1
53,342,FALSE,5.04807,36.09027
53,343,TRUE,1,1
53,346,FALSE,27.13081,6.05539
53,347,FALSE,33.06976,6.06115
53,348,FALSE,27.10165,6.0397
53,349,FALSE,25.03659,2.07987
53,350,FALSE,29.11326,28.07965
53,351,FALSE,25.13872,6.09333
53,352,FALSE,34.07758,6.12488
53,353,FALSE,37.09566,34.02668
53,354,FALSE,34.02767,34.06676
53,355,FALSE,23.0339,5.0191
53,357,FALSE,29.06881,5.07708
53,358,FALSE,28.07003,6.04413
53,359,FALSE,32.11241,6.00532
53,361,FALSE,25.14335,6.05381
53,363,FALSE,35.09099,35.10085
53,364,FALSE,35.06332,35.1299
53,365,FALSE,23.06502,3.12696
53,366,FALSE,5.11668,5.11785
53,367,FALSE,35.01092,35.04596
53,370,FALSE,28.13943,6.07755
53,371,FALSE,33.05325,6.14671
53,372,FALSE,33.13409,6.14179
53,373,FALSE,6.05616,6.07573
53,374,FALSE,37.09816,1.12861
53,375,FALSE,4.0373,5.14733
53,376,FALSE,5.11094,6.1167
53,377,FALSE,1,2.09624
53,378,FALSE,28.02586,33.00843
53,379,FALSE,5.14714,28.08671
53,380,FALSE,33.05734,34.00031
53,381,FALSE,5.05056,6.02316
53,383,FALSE,28.02036,5.07285
53,384,FALSE,28.063,6.07391
53,385,FALSE,25.11921,2.0717
53,386,FALSE,27.02679,1.06224
53,387,FALSE,34.04688,2.05949
53,388,FALSE,5.11914,2.10921
53,389,FALSE,7.03092,2.07145
53,390,FALSE,27.09319,3.13538
53,391,FALSE,23.04936,3.0349
53,394,FALSE,30.07798,5.06988
53,395,FALSE,2.13599,35.03129
53,396,FALSE,3.10133,35.1034
53,397,FALSE,4.01832,35.05343
53,398,FALSE,33.11539,35.0552
53,403,FALSE,19.1007,6.1009
53,404,FALSE,34.10658,35.13147
53,405,FALSE,5.0266,35.07035
53,406,FALSE,4.11926,6.00942
53,407,FALSE,28.0527,29.05872
53,408,TRUE,4.0963,1
53,412,FALSE,34.03057,10.05395
53,413,FALSE,25.02828,20.03498
53,414,FALSE,31.10679,10.03687
53,415,FALSE,28.03788,30.14588
53,416,FALSE,20.02669,33.032
53,417,FALSE,28.04621,6.12457
53,418,FALSE,35.03808,35.05762
53,419,FALSE,33.0374,33.07828
53,420,FALSE,33.1124,33.13878
53,421,FALSE,33.03742,33.0904
53,422,FALSE,30.04651,28.11313
53,423,FALSE,23.03876,6.06941
53,425,FALSE,37.09291,5.00285
53,426,FALSE,33.12571,6.05803
53,427,FALSE,6.11881,6.05697
53,428,FALSE,33.08979,33.05323
53,429,FALSE,28.09548,33.1377
54,1,FALSE,23.02212,6.05455
54,3,FALSE,4.0184,4.1454
54,5,FALSE,37.13814,6.00889
54,6,FALSE,33.02992,5.04366
54,7,FALSE,1,4.03596
54,9,FALSE,5.12729,5.0226
54,10,FALSE,4.0726,5.00694
54,11,FALSE,1,6.10358
54,13,FALSE,6.06635,6.13374
54,17,FALSE,28.08492,6.01948
54,18,FALSE,6.01488,6.00905
54,19,TRUE,33.01108,1
54,21,FALSE,29.07442,6.05474
54,22,FALSE,6.13393,6.13538
54,25,FALSE,19.12192,6.00406
54,29,FALSE,5.14256,4.07303
54,30,FALSE,6.06862,6.05184
54,69,FALSE,24.06441,2.02442
54,70,FALSE,23.03562,28.05552
54,71,FALSE,28.07657,6.05238
54,72,FALSE,33.02808,33.05979
54,73,FALSE,28.05111,28.10519
54,74,FALSE,37.00764,33.02842
54,75,FALSE,33.13683,34.0504
54,76,FALSE,6.14083,6.14427
54,77,FALSE,6.13171,18.03885
54,78,FALSE,29.01182,6.02145
54,79,FALSE,6.10031,6.10147
54,82,FALSE,29.07569,3.12158
54,83,FALSE,18.12685,3.00998
54,84,FALSE,1,33.00938
54,85,FALSE,1,2.00857
54,86,TRUE,29.03682,1
54,91,FALSE,5.1189,5.1018
54,92,FALSE,28.13275,6.09269
54,93,FALSE,23.02922,6.13437
54,95,FALSE,5.05966,4.01046
54,98,FALSE,30.01586,5.12164
54,99,FALSE,34.1167,22.06582
54,100,FALSE,35.03314,6.08073
54,101,FALSE,23.00344,3.00416
54,103,FALSE,25.09804,6.13544
54,104,FALSE,30.08529,6.03147
54,106,FALSE,28.07714,3.01987
54,107,FALSE,26.09139,4.12332
54,109,FALSE,34.01392,6.11789
54,110,FALSE,28.02341,6.08237
54,111,FALSE,33.00997,5.09409
54,112,FALSE,22.12584,4.11615
54,113,FALSE,28.05033,5.08515
54,114,FALSE,5.14159,2.05319
54,115,FALSE,5.13095,6.00707
54,116,FALSE,28.13717,3.04014
54,117,FALSE,5.06712,3.08159
54,118,FALSE,18.02219,2.02189
54,120,FALSE,34.13153,2.08883
54,121,FALSE,5.13697,3.0366
54,122,FALSE,5.14407,2.11638
54,123,FALSE,6.07401,2.05581
54,124,FALSE,37.1233,2.02227
54,125,FALSE,34.12995,35.04312
54,126,FALSE,30.01669,35.0976
54,127,FALSE,24.08342,6.13258
54,128,FALSE,30.1265,4.06824
54,129,FALSE,30.02873,6.12861
54,130,FALSE,35.05997,35.06047
54,131,FALSE,5.08898,4.13728
54,133,FALSE,5.13537,3.12408
54,134,FALSE,4.0496,4.0559
54,135,FALSE,4.0325,4.07982
54,136,FALSE,4.12662,6.00083
54,137,FALSE,5.00139,4.06463
54,139,FALSE,5.14446,5.1474
54,140,FALSE,3.10821,4.02102
54,141,FALSE,2.03888,6.10877
54,142,FALSE,3.02994,3.12708
54,143,FALSE,5.02539,1.03533
54,144,FALSE,5.10412,4.03505
54,145,TRUE,30.14114,1
54,146,TRUE,1,1
54,147,FALSE,1,2.08105
54,148,TRUE,1,1
54,149,TRUE,18.10192,1
54,150,FALSE,1,35.04322
54,151,TRUE,1.07123,1
54,153,FALSE,6.11106,6.11659
54,154,FALSE,28.05442,6.03991
54,155,FALSE,23.08135,4.12011
54,156,FALSE,5.13504,6.08028
54,157,FALSE,5.05558,1.11906
54,158,FALSE,18.11888,4.06064
54,159,FALSE,23.0767,1.02571
54,160,FALSE,23.14574,4.04506
54,161,FALSE,18.00315,4.09043
54,162,FALSE,29.03746,34.14422
54,164,FALSE,37.09108,5.09691
54,165,FALSE,6.03106,35.02217
54,166,FALSE,30.11461,35.02417
54,167,FALSE,5.04207,6.1323
54,168,FALSE,1,35.0537
54,169,FALSE,30.09879,35.00934
54,173,FALSE,29.09749,6.00882
54,175,FALSE,4.09929,3.06655
54,176,FALSE,5.04536,5.01257
54,177,FALSE,30.12523,6.12514
54,178,FALSE,35.01679,34.00417
54,179,FALSE,34.10644,6.14564
54,180,FALSE,28.11649,28.12683
54,181,FALSE,35.01816,33.08952
54,182,FALSE,25.11392,6.14402
54,183,FALSE,35.02149,6.10176
54,184,FALSE,37.06257,6.10823
54,185,FALSE,28.10467,6.11589
54,186,FALSE,37.07729,6.0788
54,188,FALSE,37.13336,1.145
54,189,FALSE,34.1235,34.14733
54,190,FALSE,23.0992,6.11999
54,191,FALSE,30.13499,6.02701
54,192,FALSE,25.05139,6.09921
54,193,FALSE,35.08487,36.11242
54,194,FALSE,25.07751,6.01088
54,195,FALSE,28.05006,6.11758
54,197,FALSE,30.10256,1.04856
54,198,FALSE,25.07764,6.04886
54,199,FALSE,29.07116,23.07617
54,200,FALSE,6.09808,6.10829
54,201,FALSE,5.13626,6.12142
54,202,FALSE,37.04705,37.05166
54,203,FALSE,30.12376,30.09466
54,204,FALSE,30.08094,4.06731
54,206,FALSE,30.12399,2.01102
54,207,FALSE,28.05398,6.13307
54,208,FALSE,5.14203,5.03908
54,209,FALSE,28.07098,28.11526
54,210,FALSE,28.11299,28.05104
54,211,FALSE,28.03217,33.11328
54,212,FALSE,4.14187,5.04992
54,213,FALSE,13.01226,5.13392
54,216,FALSE,28.10439,6.11082
54,217,FALSE,29.08563,6.12783
54,218,FALSE,30.12205,6.12071
54,219,FALSE,25.12191,6.10179
54,222,FALSE,28.08269,5.05481
54,225,FALSE,33.04514,33.0812
54,226,FALSE,35.02664,6.07022
54,227,FALSE,37.00337,34.02833
54,229,FALSE,33.11556,33.10117
54,230,FALSE,33.06512,33.01829
54,233,FALSE,30.12649,5.06134
54,234,FALSE,30.03309,33.004
54,235,FALSE,30.07075,33.04808
54,236,FALSE,4.09623,4.12074
54,237,FALSE,5.13072,6.06303
54,242,FALSE,24.02715,4.09569
54,243,FALSE,6.0418,6.09816
54,251,FALSE,34.07785,34.09666
54,252,FALSE,28.11678,6.08594
54,253,FALSE,30.1111,4.08973
54,254,FALSE,4.04943,1.10115
54,255,FALSE,13.11839,3.09633
54,256,FALSE,30.01415,2.0901
54,257,FALSE,20.07226,4.09818
54,258,FALSE,18.02855,5.02859
54,259,FALSE,5.08317,33.01731
54,260,FALSE,5.04148,5.0031
54,262,FALSE,36.05824,1.03658
54,263,FALSE,6.01729,3.14682
54,264,FALSE,29.1033,6.13198
54,265,FALSE,6.00399,5.12059
54,270,FALSE,6.00993,33.0473
54,271,FALSE,28.10298,6.14618
54,272,FALSE,5.13525,6.11401
54,273,FALSE,5.09767,6.0349
54,274,FALSE,5.129,6.02643
54,275,FALSE,6.11419,33.01806
54,280,FALSE,5.07177,3.1315
54,289,FALSE,29.098,5.14356
54,290,FALSE,6.12833,6.05825
54,291,FALSE,6.13074,6.14322
54,292,FALSE,6.08867,5.03029
54,293,FALSE,31.1037,15.10963
54,294,FALSE,10.10278,10.06627
54,295,FALSE,36.07885,25.02473
54,296,FALSE,4.05239,20.02564
54,297,FALSE,35.05329,6.02115
54,298,FALSE,33.07873,1.14575
54,299,FALSE,34.06198,6.07746
54,300,FALSE,33.07155,6.00738
54,301,FALSE,33.01963,4.09903
54,302,FALSE,35.11854,5.03623
54,303,FALSE,33.10457,5.03404
54,308,FALSE,31.12719,3.10154
54,317,FALSE,22.01277,4.05839
54,318,FALSE,36.0172,4.12674
54,319,FALSE,30.12269,5.10139
54,320,FALSE,27.09185,4.11777
54,321,FALSE,34.03645,3.08141
54,322,FALSE,18.13573,5.00876
54,323,FALSE,17.0324,2.08267
54,324,FALSE,23.02345,1.07035
54,325,FALSE,25.09825,4.11208
54,326,FALSE,28.06362,3.08892
54,328,FALSE,25.07849,5.07072
54,329,FALSE,31.03399,6.12711
54,330,FALSE,30.10133,6.04755
54,331,FALSE,20.10164,5.06716
54,332,FALSE,30.02302,5.13526
54,333,FALSE,30.02076,33.04464
54,334,FALSE,6.09916,6.10743
54,335,FALSE,30.11626,5.10135
54,336,FALSE,30.13314,5.0884
54,337,FALSE,25.09281,6.05574
54,339,FALSE,28.04801,5.06077
54,340,TRUE,1.111,1
54,341,TRUE,25.0127,1
54,342,FALSE,5.00808,36.03223
54,343,TRUE,1,1
54,346,FALSE,27.10769,6.0663
54,347,FALSE,33.08786,6.12578
54,348,FALSE,27.06681,6.04765
54,349,FALSE,25.13607,4.09159
54,350,FALSE,29.12693,6.13295
54,351,FALSE,25.00219,6.10623
54,352,FALSE,34.03327,6.09639
54,353,FALSE,37.07214,34.06112
54,354,FALSE,34.08358,34.12767
54,355,FALSE,23.0354,5.05598
54,357,FALSE,28.13223,5.11171
54,358,FALSE,28.04838,6.04045
54,359,FALSE,32.07485,6.00751
54,361,FALSE,25.09323,6.07517
54,363,FALSE,35.08691,35.1099
54,364,FALSE,35.12018,35.1225
54,365,FALSE,23.12473,3.12535
54,366,FALSE,5.09372,5.08082
54,367,FALSE,35.01828,35.07707
54,370,FALSE,28.12993,6.10831
54,371,FALSE,33.06471,6.13848
54,372,FALSE,33.08298,6.14197
54,373,FALSE,6.06901,6.03832
54,374,FALSE,37.0507,1.0019
54,375,FALSE,4.0301,5.00277
54,376,FALSE,5.01262,6.11262
54,377,FALSE,2.03492,6.02957
54,378,FALSE,28.01614,33.12378
54,379,FALSE,5.13204,28.06044
54,380,FALSE,33.11523,34.00447
54,381,FALSE,5.12546,6.10591
54,383,FALSE,28.08669,5.03853
54,384,FALSE,28.01483,6.12732
54,385,FALSE,25.13389,2.1214
54,386,FALSE,27.07739,1.091
54,387,FALSE,34.02238,2.021
54,388,FALSE,5.05227,2.1253
54,389,FALSE,7.08012,2.0131
54,390,FALSE,27.14414,3.04026
54,391,FALSE,23.01761,2.05348
54,394,FALSE,30.00746,5.01562
54,395,FALSE,2.13369,35.06564
54,396,FALSE,3.0931,35.05908
54,397,FALSE,4.03559,35.04667
54,398,FALSE,33.14505,35.02911
54,403,FALSE,19.06379,6.02358
54,404,FALSE,34.09855,35.11832
54,405,FALSE,5.06221,35.04168
54,406,FALSE,4.01305,6.08389
54,407,FALSE,28.1115,29.02486
54,408,TRUE,4.11515,1
54,412,FALSE,34.1207,10.03471
54,413,FALSE,25.04299,20.12788
54,414,FALSE,31.0181,10.09472
54,415,FALSE,28.11133,30.0119
54,416,FALSE,20.12947,33.07647
54,417,FALSE,28.11846,6.13068
54,418,FALSE,35.10858,35.12601
54,419,FALSE,33.09165,33.12588
54,420,FALSE,33.11397,33.13807
54,421,FALSE,33.05331,33.11458
54,422,FALSE,30.11403,28.09876
54,423,FALSE,23.11407,6.08481
54,425,FALSE,37.0308,6.08948
54,426,FALSE,33.14259,6.04583
54,427,FALSE,6.12275,6.10513
54,428,FALSE,33.10433,33.06613
54,429,FALSE,28.13243,33.0007
55,1,FALSE,23.06533,6.04334
55,3,FALSE,4.02297,4.08549
55,5,FALSE,37.04066,6.05813
55,6,FALSE,33.12242,5.08599
55,7,FALSE,1,4.04124
55,9,FALSE,5.14554,4.04872
55,10,FALSE,4.09913,4.04088
55,11,FALSE,1,6.13165
55,13,FALSE,6.07623,6.09292
55,17,FALSE,28.12358,6.0156
55,18,FALSE,6.05311,6.04222
55,19,TRUE,33.02538,1
55,21,FALSE,18.14736,6.0747
55,22,FALSE,6.14313,6.14356
55,25,FALSE,19.13661,6.0408
55,29,FALSE,5.1131,3.07625
55,30,FALSE,6.07916,6.05162
55,69,FALSE,24.112,2.0472
55,70,FALSE,23.09957,28.07569
55,71,FALSE,6.07734,6.10075
55,72,FALSE,33.01954,33.02684
55,73,FALSE,28.06666,28.03207
55,74,FALSE,37.09985,33.03143
55,75,FALSE,33.05415,34.02324
55,76,FALSE,28.05126,6.11552
55,77,FALSE,6.12814,18.10931
55,78,FALSE,29.12908,6.02942
55,79,FALSE,6.12018,6.1306
55,82,FALSE,29.04271,6.04609
55,83,FALSE,18.06364,3.06996
55,84,FALSE,1,33.00118
55,85,TRUE,2.03991,1
55,86,TRUE,29.09277,1
55,91,FALSE,5.14278,5.07219
55,92,FALSE,6.06242,6.06625
55,93,FALSE,23.03267,6.13603
55,95,FALSE,5.12951,4.04298
55,98,FALSE,30.06637,5.1254
55,99,FALSE,34.09891,22.06743
55,100,FALSE,35.06831,6.09429
55,101,FALSE,23.06093,3.10778
55,103,FALSE,25.03598,6.10484
55,104,FALSE,30.13064,6.07923
55,106,FALSE,28.05569,3.00103
55,107,FALSE,26.12118,4.06449
55,109,FALSE,34.03697,6.09013
55,110,FALSE,28.14576,6.06514
55,111,FALSE,33.03949,5.0345
55,112,FALSE,22.13117,3.03583
55,113,FALSE,28.0159,5.09237
55,114,FALSE,5.11698,2.10137
55,115,FALSE,5.09147,6.00877
55,116,FALSE,28.11939,3.03859
55,117,FALSE,5.09714,4.05777
55,118,FALSE,18.04308,2.09021
55,120,FALSE,34.05757,2.02103
55,121,FALSE,5.12286,3.02906
55,122,FALSE,5.13979,2.08478
55,123,FALSE,6.05482,2.08936
55,124,FALSE,37.12786,2.13643
55,125,FALSE,34.03203,35.06639
55,126,FALSE,30.08714,35.02628
55,127,FALSE,24.07914,6.10039
55,128,FALSE,30.04201,4.13848
55,129,FALSE,30.05387,6.14111
55,130,FALSE,35.10887,35.12129
55,131,FALSE,5.00361,4.0529
55,133,FALSE,5.14487,3.07878
55,134,FALSE,5.0743,4.03255
55,135,FALSE,4.13552,2.07044
55,136,FALSE,4.12655,4.06921
55,137,FALSE,5.09544,4.01089
55,139,FALSE,5.03707,5.06729
55,140,FALSE,3.08471,4.09496
55,141,FALSE,2.07195,6.00844
55,142,FALSE,3.09173,3.02729
55,143,FALSE,5.1193,1.00909
55,144,FALSE,5.13835,4.09641
55,145,FALSE,1,30.14434
55,146,TRUE,1,1
55,147,FALSE,1,2.01201
55,148,TRUE,1,1
55,149,TRUE,18.11672,1
55,150,FALSE,1,35.14677
55,151,TRUE,1.07476,1
55,153,FALSE,6.10412,6.1226
55,154,FALSE,28.03198,6.03103
55,155,FALSE,5.12563,4.07015
55,156,FALSE,28.11189,5.10662
55,157,FALSE,5.0124,1.02299
55,158,FALSE,18.07892,4.06235
55,159,FALSE,23.06882,3.10766
55,160,FALSE,23.08116,4.11241
55,161,FALSE,18.08045,4.11725
55,162,FALSE,29.14533,34.05392
55,164,FALSE,37.06459,5.08911
55,165,FALSE,6.02462,35.08376
55,166,FALSE,30.09394,35.05376
55,167,FALSE,5.0382,6.13527
55,168,FALSE,1,35.02751
55,169,FALSE,30.04277,35.08097
55,173,FALSE,28.09479,6.02653
55,175,FALSE,3.14057,3.14158
55,176,FALSE,5.04213,5.01895
55,177,FALSE,30.14532,6.09984
55,178,FALSE,35.01524,34.02786
55,179,FALSE,34.0228,6.14735
55,180,FALSE,28.05585,28.03048
55,181,FALSE,35.02281,33.06775
55,182,FALSE,10.03633,6.13676
55,183,FALSE,35.11827,6.1166
55,184,FALSE,37.09304,6.05847
55,185,FALSE,28.09358,6.08508
55,186,FALSE,37.10431,6.02933
55,188,FALSE,37.07556,1.12221
55,189,FALSE,34.07675,34.09687
55,190,FALSE,23.09413,6.13774
55,191,FALSE,30.12123,6.08501
55,192,FALSE,25.12773,6.13487
55,193,FALSE,35.13336,36.13815
55,194,FALSE,25.02193,6.03945
55,195,FALSE,28.07738,6.04797
55,197,FALSE,29.10276,2.0978
55,198,FALSE,25.13688,6.09999
55,199,FALSE,30.0418,6.11696
55,200,FALSE,6.03195,6.08651
55,201,FALSE,5.08568,6.10122
55,202,FALSE,37.12332,37.0268
55,203,FALSE,30.06904,30.12705
55,204,FALSE,30.11678,4.08913
55,206,FALSE,30.14208,2.02643
55,207,FALSE,28.04601,6.12835
55,208,FALSE,5.12889,5.07664
55,209,FALSE,28.09824,28.10609
55,210,FALSE,28.07767,28.05029
55,211,FALSE,28.04101,33.04942
55,212,FALSE,4.12462,5.05476
55,213,FALSE,13.10621,5.14332
55,216,FALSE,28.1464,6.11079
55,217,FALSE,29.03749,6.13378
55,218,FALSE,30.12937,6.0641
55,219,FALSE,25.12804,6.13989
55,222,FALSE,28.09224,5.10327
55,225,FALSE,33.12226,33.14512
55,226,FALSE,35.12856,6.08713
55,227,FALSE,37.04144,34.1418
55,229,FALSE,33.10962,33.08991
55,230,FALSE,33.05819,33.06649
55,233,FALSE,30.13719,6.03168
55,234,FALSE,30.0531,33.01192
55,235,FALSE,30.05373,33.01376
55,236,FALSE,4.10678,4.12198
55,237,FALSE,5.10725,6.09505
55,242,FALSE,24.09459,4.01085
55,243,FALSE,6.02249,6.03956
55,251,FALSE,34.04472,34.06494
55,252,FALSE,28.09035,6.04588
55,253,FALSE,30.09195,4.01719
55,254,FALSE,4.05,1.06684
55,255,FALSE,13.02999,3.1117
55,256,FALSE,30.09592,2.08631
55,257,FALSE,20.10869,4.09493
55,258,FALSE,18.03926,1.12512
55,259,FALSE,5.10951,33.01047
55,260,FALSE,5.06334,5.10171
55,262,FALSE,36.12763,1.10519
55,263,FALSE,6.01782,3.05747
55,264,FALSE,29.12516,6.10305
55,265,FALSE,6.01124,5.02037
55,270,FALSE,6.06079,33.06938
55,271,FALSE,28.05226,6.08521
55,272,FALSE,5.14122,6.01461
55,273,FALSE,5.11058,6.04152
55,274,FALSE,5.10872,6.02824
55,275,FALSE,6.01979,33.04499
55,280,FALSE,5.14595,3.0435
55,289,FALSE,29.01698,5.14288
55,290,FALSE,6.12595,6.08503
55,291,FALSE,6.14525,6.11906
55,292,FALSE,6.09071,5.10416
55,293,FALSE,30.08011,15.06849
55,294,FALSE,30.11206,10.03465
55,295,FALSE,36.09174,25.01648
55,296,FALSE,4.05326,20.03441
55,297,FALSE,35.07735,6.08678
55,298,FALSE,33.01657,1.13879
55,299,FALSE,34.00898,6.08196
55,300,FALSE,33.07836,6.10022
55,301,FALSE,33.02087,4.11821
55,302,FALSE,35.08234,5.03736
55,303,FALSE,33.02617,33.03586
55,308,FALSE,31.10539,3.045
55,317,FALSE,22.14218,4.04112
55,318,FALSE,36.05354,6.02894
55,319,FALSE,30.12648,5.14291
55,320,FALSE,27.09471,4.08342
55,321,FALSE,34.14456,3.13212
55,322,FALSE,18.1468,5.02535
55,323,FALSE,17.06815,3.00439
55,324,FALSE,23.04414,2.14238
55,325,FALSE,25.08305,4.05036
55,326,FALSE,28.06073,3.14466
55,328,FALSE,25.04495,5.00831
55,329,FALSE,31.04759,20.04934
55,330,FALSE,30.05675,6.00995
55,331,FALSE,20.12329,5.05678
55,332,FALSE,30.08702,5.03505
55,333,FALSE,30.11194,33.07524
55,334,FALSE,6.1046,6.04707
55,335,FALSE,30.14392,5.06064
55,336,FALSE,30.07397,5.08173
55,337,FALSE,25.11969,6.00184
55,339,FALSE,28.12991,6.02695
55,340,TRUE,1.06084,1
55,341,TRUE,25.1255,1
55,342,FALSE,5.0979,36.08159
55,343,TRUE,1,1
55,346,FALSE,27.05888,6.10247
55,347,FALSE,33.05643,6.10268
55,348,FALSE,27.03866,6.01263
55,349,FALSE,25.10316,2.11578
55,350,FALSE,29.11918,28.10015
55,351,FALSE,25.08254,6.1358
55,352,FALSE,34.01382,6.13641
55,353,FALSE,37.03801,34.09176
55,354,FALSE,34.07159,34.09701
55,355,FALSE,23.02704,5.06075
55,357,FALSE,29.10108,5.08505
55,358,FALSE,28.09055,6.00147
55,359,FALSE,32.12783,6.00586
55,361,FALSE,25.12014,6.05886
55,363,FALSE,35.07853,35.08993
55,364,FALSE,35.05601,35.10135
55,365,FALSE,23.02178,3.00262
55,366,FALSE,5.13669,5.07251
55,367,FALSE,35.0224,35.03154
55,370,FALSE,28.09382,6.065
55,371,FALSE,33.0066,6.13017
55,372,FALSE,33.10111,6.14311
55,373,FALSE,6.04433,6.05407
55,374,FALSE,37.07376,1.03061
55,375,FALSE,4.11451,5.06168
55,376,FALSE,5.05408,6.05637
55,377,FALSE,2.03959,6.10282
55,378,FALSE,28.0635,33.11495
55,379,FALSE,5.12289,28.0759
55,380,FALSE,33.0132,34.08178
55,381,FALSE,5.03029,6.10508
55,383,FALSE,28.08997,5.07876
55,384,FALSE,30.10155,6.14114
55,385,FALSE,25.12273,2.01421
55,386,FALSE,27.10314,4.11166
55,387,FALSE,34.07243,2.01757
55,388,FALSE,5.10043,2.00271
55,389,FALSE,7.03557,2.01956
55,390,FALSE,27.1473,3.02097
55,391,FALSE,23.0824,2.068
55,394,FALSE,30.14194,5.07178
55,395,FALSE,2.13129,35.06327
55,396,FALSE,3.03851,35.04796
55,397,FALSE,4.0387,35.02907
55,398,FALSE,33.00254,35.07528
55,403,FALSE,19.08089,6.05567
55,404,FALSE,34.06362,35.00079
55,405,FALSE,5.00333,35.08408
55,406,FALSE,4.01137,6.02646
55,407,FALSE,28.01035,29.02025
55,408,TRUE,4.1324,1
55,412,FALSE,34.10689,10.09741
55,413,FALSE,15.0753,20.01403
55,414,FALSE,31.01142,10.14452
55,415,FALSE,28.09172,30.08693
55,416,FALSE,20.11148,33.02816
55,417,FALSE,28.13175,6.12791
55,418,FALSE,35.01831,35.03001
55,419,FALSE,33.01889,33.13257
55,420,FALSE,33.07627,33.11907
55,421,FALSE,33.01893,33.03464
55,422,FALSE,30.09857,28.02312
55,423,FALSE,23.08323,6.11564
55,425,FALSE,5.12052,6.09512
55,426,FALSE,33.13855,6.07043
55,427,FALSE,6.13892,6.05653
55,428,FALSE,33.14029,33.1143
55,429,FALSE,28.12295,33.05913
56,1,FALSE,23.00481,6.0869
56,3,FALSE,4.01345,4.06982
56,5,FALSE,37.11861,6.02635
56,6,FALSE,33.05641,5.14397
56,7,FALSE,1,4.01335
56,9,FALSE,5.14652,5.03889
56,10,FALSE,4.07633,5.02994
56,11,FALSE,1,6.06394
56,13,FALSE,6.07703,6.11414
56,17,FALSE,28.10994,6.01842
56,18,FALSE,6.04072,6.00162
56,19,TRUE,33.11391,1
56,21,FALSE,29.02937,6.06822
56,22,FALSE,6.12606,6.10234
56,25,FALSE,19.06079,6.02115
56,29,FALSE,5.14011,2.09685
56,30,FALSE,6.12559,6.06211
56,69,FALSE,24.094,2.13977
56,70,FALSE,23.07588,28.11109
56,71,FALSE,6.03739,6.04443
56,72,FALSE,33.00093,33.0811
56,73,FALSE,28.11728,28.06918
56,74,FALSE,33.06719,33.07206
56,75,FALSE,33.11992,34.02981
56,76,FALSE,28.03912,6.13678
56,77,FALSE,6.11328,18.11362
56,78,FALSE,23.10455,6.03954
56,79,FALSE,6.11096,6.11239
56,82,FALSE,29.08834,6.09584
56,83,FALSE,18.0803,3.08395
56,84,FALSE,1,33.05969
56,85,TRUE,2.0865,1
56,86,TRUE,29.09869,1
56,91,FALSE,5.1315,5.07707
56,92,FALSE,6.06895,6.07295
56,93,FALSE,23.04703,6.11088
56,95,FALSE,5.1296,4.06248
56,98,FALSE,30.13586,5.08055
56,99,FALSE,34.09327,22.04249
56,100,FALSE,35.08766,6.11772
56,101,FALSE,23.1181,3.08171
56,103,FALSE,25.11352,6.03522
56,104,FALSE,30.06679,6.05211
56,106,FALSE,28.06713,3.05612
56,107,FALSE,26.00181,4.02644
56,109,FALSE,34.04352,6.12183
56,110,FALSE,28.00582,6.06141
56,111,FALSE,33.13915,5.14347
56,112,FALSE,22.0467,4.0102
56,113,FALSE,28.12314,5.0452
56,114,FALSE,5.07076,2.10904
56,115,FALSE,5.06607,6.01973
56,116,FALSE,28.12705,3.07875
56,117,FALSE,5.02848,4.02035
56,118,FALSE,18.09146,2.13313
56,120,FALSE,34.13884,2.07066
56,121,FALSE,5.14497,3.03653
56,122,FALSE,5.1421,2.00384
56,123,FALSE,6.09843,2.09069
56,124,FALSE,37.03538,4.01273
56,125,FALSE,34.05508,35.01893
56,126,FALSE,30.122,35.0221
56,127,FALSE,24.06564,6.08494
56,128,FALSE,30.14365,4.10935
56,129,FALSE,30.10096,6.14578
56,130,FALSE,35.08808,35.11646
56,131,FALSE,5.05428,4.11671
56,133,FALSE,5.13249,3.13642
56,134,FALSE,5.11605,4.01839
56,135,FALSE,4.05547,6.0986
56,136,FALSE,4.06787,4.13395
56,137,TRUE,5.018,1
56,139,FALSE,5.06646,5.12899
56,140,FALSE,3.0783,4.04914
56,141,FALSE,2.04568,6.07722
56,142,FALSE,3.03877,3.12004
56,143,FALSE,5.0246,1.01391
56,144,FALSE,5.13485,4.10064
56,145,FALSE,1,30.06722
56,146,TRUE,1,1
56,147,FALSE,1,2.0421
56,148,TRUE,1,1
56,149,TRUE,18.08663,1
56,150,FALSE,1,35.13928
56,151,TRUE,1.00509,1
56,153,FALSE,6.09596,6.1309
56,154,FALSE,23.02328,6.05271
56,155,FALSE,23.14086,4.13389
56,156,FALSE,5.13748,6.06036
56,157,FALSE,5.08876,1.10879
56,158,FALSE,18.05887,4.10242
56,159,FALSE,23.04176,1.00332
56,160,FALSE,23.10685,4.04922
56,161,FALSE,18.02248,4.1233
56,162,FALSE,29.02519,34.14687
56,164,FALSE,37.03451,5.03512
56,165,FALSE,6.0305,35.06318
56,166,FALSE,30.02239,35.13154
56,167,FALSE,5.00707,6.00402
56,168,FALSE,1,35.03016
56,169,FALSE,30.10163,35.054
56,173,FALSE,29.03986,6.03916
56,175,FALSE,3.10826,3.06593
56,176,FALSE,5.01649,5.1406
56,177,FALSE,30.11249,6.07213
56,178,FALSE,35.01844,34.01338
56,179,FALSE,34.09945,6.13565
56,180,FALSE,28.12488,28.10513
56,181,FALSE,35.00624,33.00989
56,182,FALSE,10.06085,6.14464
56,183,FALSE,35.14286,6.0995
56,184,FALSE,37.03427,6.12299
56,185,FALSE,28.04359,6.12571
56,186,FALSE,37.08879,6.08562
56,188,FALSE,30.06364,1.03293
56,189,FALSE,34.07048,34.09451
56,190,FALSE,23.08884,6.12228
56,191,FALSE,30.09499,6.02622
56,192,FALSE,25.05519,6.03906
56,193,FALSE,35.13883,36.12632
56,194,FALSE,25.08054,6.05326
56,195,FALSE,28.08818,6.01286
56,197,FALSE,29.01067,2.11841
56,198,FALSE,25.0737,6.06758
56,199,FALSE,30.0599,6.11826
56,200,FALSE,6.07176,6.14233
56,201,FALSE,5.12282,6.00236
56,202,FALSE,37.10729,37.02398
56,203,FALSE,30.08769,30.1237
56,204,FALSE,30.01007,4.13745
56,206,FALSE,30.02212,2.01424
56,207,FALSE,28.12217,6.06659
56,208,FALSE,5.07068,5.08466
56,209,FALSE,28.10877,28.14395
56,210,FALSE,28.14052,28.0367
56,211,FALSE,28.13161,33.0125
56,212,FALSE,5.11803,4.14101
56,213,FALSE,13.07945,5.10642
56,216,FALSE,28.143,6.09433
56,217,FALSE,29.14716,6.14418
56,218,FALSE,30.13155,6.07075
56,219,FALSE,25.02537,6.13948
56,222,FALSE,28.10396,5.10067
56,225,FALSE,33.05078,33.08702
56,226,FALSE,35.13234,6.08865
56,227,FALSE,37.08367,34.14732
56,229,FALSE,33.12085,33.09632
56,230,FALSE,33.07133,33.08534
56,233,FALSE,30.0912,6.0052
56,234,FALSE,30.05499,33.0071
56,235,FALSE,30.04009,33.01956
56,236,FALSE,4.12861,4.05918
56,237,FALSE,5.07582,6.13327
56,242,FALSE,24.06148,4.00487
56,243,FALSE,6.10451,6.12135
56,251,FALSE,34.05606,34.06859
56,252,FALSE,28.11571,6.08693
56,253,FALSE,30.07982,4.04879
56,254,FALSE,4.10357,1.06881
56,255,FALSE,13.00248,3.03679
56,256,FALSE,30.14416,2.00678
56,257,FALSE,20.00671,4.02361
56,258,FALSE,18.07341,5.0574
56,259,FALSE,5.13128,33.03027
56,260,FALSE,5.08301,5.10469
56,262,FALSE,36.05431,1.00721
56,263,FALSE,6.00886,4.03442
56,264,FALSE,29.10717,6.14485
56,265,FALSE,6.04449,5.08873
56,270,FALSE,6.11147,33.02617
56,271,FALSE,28.13184,6.13889
56,272,FALSE,5.13288,6.07673
56,273,FALSE,5.12014,6.03091
56,274,FALSE,5.10649,6.07872
56,275,FALSE,6.06179,33.01751
56,280,FALSE,5.11032,3.08158
56,289,FALSE,29.10911,5.14008
56,290,FALSE,6.11384,6.09727
56,291,FALSE,6.13321,6.13765
56,292,FALSE,6.11616,5.03837
56,293,FALSE,30.11828,25.00273
56,294,FALSE,6.10157,10.05052
56,295,FALSE,36.08425,25.09754
56,296,FALSE,4.04006,20.02161
56,297,FALSE,35.0886,6.00486
56,298,FALSE,33.11543,1.08416
56,299,FALSE,34.04219,6.0408
56,300,FALSE,33.13742,6.02346
56,301,FALSE,33.02028,4.14181
56,302,FALSE,35.03561,5.0622
56,303,FALSE,33.09696,33.07717
56,308,FALSE,31.11753,3.13104
56,317,FALSE,22.08109,3.14149
56,318,FALSE,36.11237,4.0968
56,319,FALSE,30.07293,5.10205
56,320,FALSE,27.09255,4.08543
56,321,FALSE,34.03282,3.02728
56,322,FALSE,18.08641,5.1271
56,323,FALSE,17.01829,3.01679
56,324,FALSE,23.13985,1.01459
56,325,FALSE,25.08822,3.08678
56,326,FALSE,18.06278,3.06189
56,328,FALSE,25.07425,5.07762
56,329,FALSE,31.04986,6.0721
56,330,FALSE,30.07781,6.0445
56,331,FALSE,20.05965,5.09394
56,332,FALSE,20.1146,6.08741
56,333,FALSE,30.04409,33.04584
56,334,FALSE,6.09305,6.05964
56,335,FALSE,30.081,5.06266
56,336,FALSE,30.03492,5.11808
56,337,FALSE,25.06275,6.01747
56,339,FALSE,28.1,5.01159
56,340,TRUE,1.02077,1
56,341,TRUE,25.02015,1
56,342,FALSE,5.14256,36.13127
56,343,TRUE,1,1
56,346,FALSE,27.134,6.0067
56,347,FALSE,33.12,6.047
56,348,FALSE,27.10522,6.05345
56,349,FALSE,25.08393,2.09813
56,350,FALSE,29.00037,28.09873
56,351,FALSE,25.0934,6.12061
56,352,FALSE,34.02679,6.12972
56,353,FALSE,37.07793,34.0742
56,354,FALSE,34.08657,34.14634
56,355,FALSE,23.05424,5.00809
56,357,FALSE,29.1239,5.09527
56,358,FALSE,28.03291,6.00513
56,359,FALSE,32.01331,6.00442
56,361,FALSE,25.13975,6.06845
56,363,FALSE,35.08984,35.11044
56,364,FALSE,35.08285,35.10082
56,365,FALSE,23.06518,3.07555
56,366,FALSE,5.08794,5.09964
56,367,FALSE,35.02521,35.04925
56,370,FALSE,28.13069,6.09051
56,371,FALSE,33.14272,6.1382
56,372,FALSE,33.10379,6.14038
56,373,FALSE,6.11742,6.0117
56,374,FALSE,37.00485,1.05205
56,375,FALSE,4.14581,5.1175
56,376,FALSE,5.09427,6.14018
56,377,FALSE,2.06225,6.12235
56,378,FALSE,28.05336,33.13293
56,379,FALSE,5.04146,28.13939
56,380,FALSE,33.14046,34.07218
56,381,FALSE,5.08484,6.12608
56,383,FALSE,30.04592,5.08937
56,384,FALSE,28.05137,6.12584
56,385,FALSE,30.07013,1.03869
56,386,FALSE,27.0245,4.12342
56,387,FALSE,34.07518,2.03814
56,388,FALSE,5.1399,2.05397
56,389,FALSE,7.10987,2.02013
56,390,FALSE,27.09845,3.08968
56,391,FALSE,23.03257,5.03749
56,394,FALSE,30.08799,5.00915
56,395,FALSE,2.12273,35.07737
56,396,FALSE,3.04582,35.00954
56,397,FALSE,4.11034,35.00097
56,398,FALSE,33.09951,35.05781
56,403,FALSE,19.1344,6.01808
56,404,FALSE,34.08187,35.06012
56,405,FALSE,5.035,35.00088
56,406,FALSE,1,4.09407
56,407,FALSE,28.12719,29.03463
56,408,TRUE,4.00003,1
56,412,FALSE,34.13866,10.04348
56,413,FALSE,25.0905,20.02936
56,414,FALSE,31.00411,10.06287
56,415,FALSE,28.10236,30.07202
56,416,FALSE,20.12159,33.00812
56,417,FALSE,28.11511,6.11505
56,418,FALSE,35.00518,35.00831
56,419,FALSE,33.08527,33.10036
56,420,FALSE,33.00517,33.02534
56,421,FALSE,33.06475,33.10365
56,422,FALSE,30.02916,28.14574
56,423,FALSE,23.13652,6.10975
56,425,FALSE,37.13462,6.01135
56,426,FALSE,33.10677,6.0528
56,427,FALSE,6.1327,6.0799
56,428,FALSE,33.09286,33.0708
56,429,FALSE,28.07014,33.05566
57,1,FALSE,23.07149,6.04543
57,3,FALSE,4.08967,4.10465
57,5,FALSE,37.06702,6.01088
57,6,FALSE,33.06383,5.07574
57,7,FALSE,1,4.01574
57,9,FALSE,5.13552,5.0179
57,10,FALSE,4.14422,4.07672
57,11,FALSE,1,6.13404
57,13,FALSE,6.05188,6.08586
57,17,FALSE,29.13336,6.01939
57,18,FALSE,6.07195,6.02532
57,19,TRUE,33.07585,1
57,21,FALSE,18.02709,6.03343
57,22,FALSE,6.12441,6.13658
57,25,FALSE,19.06621,6.00638
57,29,FALSE,5.13742,4.03199
57,30,FALSE,6.09207,6.06559
57,69,FALSE,24.0361,2.11164
57,70,FALSE,23.12031,28.1085
57,71,FALSE,28.13282,6.04324
57,72,FALSE,33.0362,33.05844
57,73,FALSE,28.06785,28.09144
57,74,FALSE,37.04161,33.02104
57,75,FALSE,33.14046,34.01512
57,76,FALSE,28.12566,6.13038
57,77,FALSE,6.12866,18.05615
57,78,FALSE,29.03113,6.03744
57,79,FALSE,6.07393,6.1083
57,82,FALSE,29.01826,3.07266
57,83,FALSE,18.087,3.10111
57,84,FALSE,1,33.09363
57,85,TRUE,2.1407,1
57,86,TRUE,29.09227,1
57,91,FALSE,5.13559,5.11878
57,92,FALSE,6.05173,6.06734
57,93,FALSE,23.07156,6.10805
57,95,FALSE,5.13646,4.02148
57,98,FALSE,30.10028,5.0979
57,99,FALSE,34.11325,22.00294
57,100,FALSE,35.07669,6.1258
57,101,FALSE,23.13477,5.00642
57,103,FALSE,25.14183,6.06869
57,104,FALSE,30.0057,6.02021
57,106,FALSE,28.08159,3.01312
57,107,FALSE,26.05004,4.01863
57,109,FALSE,34.05855,6.13358
57,110,FALSE,28.014,6.09769
57,111,FALSE,33.0304,5.01968
57,112,FALSE,22.10422,3.11195
57,113,FALSE,28.14658,5.1041
57,114,FALSE,5.11832,2.06488
57,115,FALSE,5.14122,6.01168
57,116,FALSE,28.1416,3.02535
57,117,FALSE,5.1186,4.03746
57,118,FALSE,18.1074,2.11502
57,120,FALSE,34.07175,2.07726
57,121,FALSE,5.10434,2.10423
57,122,FALSE,5.14605,1.04094
57,123,FALSE,6.04565,2.10534
57,124,FALSE,37.14708,2.02158
57,125,FALSE,34.12032,35.089
57,126,FALSE,30.06153,35.05572
57,127,FALSE,24.05607,6.07281
57,128,FALSE,30.0244,4.12942
57,129,FALSE,30.0968,6.0984
57,130,FALSE,35.12574,35.13878
57,131,FALSE,5.14333,4.06574
57,133,FALSE,5.13441,3.07261
57,134,FALSE,5.0481,4.04127
57,135,FALSE,4.01218,4.09977
57,136,FALSE,4.14285,4.14691
57,137,TRUE,5.03,1
57,139,FALSE,5.14724,5.12098
57,140,FALSE,3.07075,4.03297
57,141,FALSE,2.03589,6.0073
57,142,FALSE,3.0949,3.00259
57,143,FALSE,5.11477,1.12772
57,144,FALSE,5.10843,4.12502
57,145,FALSE,1,30.07589
57,146,TRUE,1,1
57,147,FALSE,1,2.0758
57,148,TRUE,1,1
57,149,TRUE,18.00517,1
57,150,FALSE,1,35.02939
57,151,TRUE,1.00351,1
57,153,FALSE,6.10693,6.12036
57,154,FALSE,28.03472,6.02189
57,155,FALSE,5.13445,5.0196
57,156,FALSE,28.06277,5.00937
57,157,FALSE,5.0333,2.08375
57,158,FALSE,18.0506,4.07912
57,159,FALSE,23.02088,1.12077
57,160,FALSE,23.07693,4.10639
57,161,FALSE,18.10001,4.13874
57,162,FALSE,29.14393,34.06486
57,164,FALSE,37.05093,5.07652
57,165,FALSE,6.10431,35.02143
57,166,FALSE,30.11085,35.08145
57,167,FALSE,5.04533,6.07113
57,168,FALSE,1,35.12997
57,169,FALSE,30.03948,35.01537
57,173,FALSE,28.06783,6.01245
57,175,FALSE,3.03155,3.14003
57,176,FALSE,5.0367,5.02795
57,177,FALSE,30.08587,6.09591
57,178,FALSE,35.01963,34.03866
57,179,FALSE,34.06237,6.143
57,180,FALSE,28.07298,28.11291
57,181,FALSE,35.02448,33.03983
57,182,FALSE,10.06503,6.14574
57,183,FALSE,35.10114,6.09483
57,184,FALSE,37.14497,6.07823
57,185,FALSE,28.00102,6.14579
57,186,FALSE,37.01622,6.0558
57,188,FALSE,30.12299,1.0003
57,189,FALSE,34.06974,34.07544
57,190,FALSE,23.05629,6.10643
57,191,FALSE,30.06858,6.05801
57,192,FALSE,25.12788,6.0661
57,193,FALSE,35.06742,36.02167
57,194,FALSE,25.07933,6.0401
57,195,FALSE,28.13414,6.11556
57,197,FALSE,29.08946,1.07978
57,198,FALSE,25.05244,6.05017
57,199,FALSE,29.10244,23.02545
57,200,FALSE,6.08643,6.10921
57,201,FALSE,5.11476,6.017
57,202,FALSE,37.04352,37.04734
57,203,FALSE,30.10539,20.00904
57,204,FALSE,30.03023,6.03381
57,206,FALSE,30.02839,2.05791
57,207,FALSE,28.03567,6.10601
57,208,FALSE,5.1336,5.01897
57,209,FALSE,28.07245,28.04294
57,210,FALSE,28.08086,28.07872
57,211,FALSE,28.00414,33.01589
57,212,FALSE,4.12971,5.05384
57,213,FALSE,13.05403,5.13285
57,216,FALSE,28.13459,6.09151
57,217,FALSE,29.1006,6.12717
57,218,FALSE,30.05808,6.10049
57,219,FALSE,25.08522,6.14603
57,222,FALSE,28.0967,5.11893
57,225,FALSE,33.06215,33.0872
57,226,FALSE,35.04761,6.09479
57,227,FALSE,37.00341,34.08424
57,229,FALSE,33.10274,33.06687
57,230,FALSE,33.12671,33.05876
57,233,FALSE,30.10598,6.00079
57,234,FALSE,30.04037,33.05269
57,235,FALSE,30.11823,33.05365
57,236,FALSE,4.0521,4.07665
57,237,FALSE,5.09789,6.07107
57,242,FALSE,24.13937,4.01084
57,243,FALSE,6.03917,6.07028
57,251,FALSE,34.05702,34.09526
57,252,FALSE,28.06707,6.11079
57,253,FALSE,30.05908,4.04063
57,254,FALSE,4.07843,1.09733
57,255,FALSE,13.06173,3.13644
57,256,FALSE,30.12335,2.09868
57,257,FALSE,20.1091,4.03533
57,258,FALSE,18.03693,5.01414
57,259,FALSE,5.02958,33.10375
57,260,FALSE,5.07074,5.02805
57,262,FALSE,36.00318,1.10481
57,263,FALSE,6.03369,3.02895
57,264,FALSE,29.03608,6.11149
57,265,FALSE,6.02421,5.10917
57,270,FALSE,6.1192,33.02636
57,271,FALSE,28.0993,6.04609
57,272,FALSE,5.10336,6.08428
57,273,FALSE,5.10117,6.0294
57,274,FALSE,5.12944,6.00623
57,275,FALSE,6.03974,33.00991
57,280,FALSE,5.13607,3.05398
57,289,FALSE,29.07832,5.13621
57,290,FALSE,6.11639,6.10771
57,291,FALSE,6.14426,6.14725
57,292,FALSE,6.12514,5.0513
57,293,FALSE,30.13764,15.03188
57,294,FALSE,6.11789,10.00334
57,295,FALSE,36.09954,25.08467
57,296,FALSE,4.02013,20.00798
57,297,FALSE,35.06325,6.02207
57,298,FALSE,33.0999,2.11073
57,299,FALSE,34.04924,6.09158
57,300,FALSE,33.10326,4.06083
57,301,FALSE,33.035,4.14726
57,302,FALSE,35.116,5.018
57,303,FALSE,33.0773,5.06694
57,308,FALSE,31.01157,3.09241
57,317,FALSE,22.00674,4.06039
57,318,FALSE,36.00077,4.12449
57,319,FALSE,30.09906,5.14016
57,320,FALSE,27.08197,4.1333
57,321,FALSE,34.04559,3.07056
57,322,FALSE,18.11921,5.11435
57,323,FALSE,17.10503,2.11621
57,324,FALSE,23.03584,2.09317
57,325,FALSE,25.12239,2.09599
57,326,FALSE,28.03814,3.11532
57,328,FALSE,25.10445,5.14277
57,329,FALSE,31.06959,6.1318
57,330,FALSE,30.10151,6.03497
57,331,FALSE,20.11977,5.01825
57,332,FALSE,20.09053,6.05108
57,333,FALSE,30.0989,33.01086
57,334,FALSE,6.03291,6.06349
57,335,FALSE,30.14464,5.09888
57,336,FALSE,30.08179,5.10021
57,337,FALSE,25.09549,6.00035
57,339,FALSE,28.1339,5.10752
57,340,TRUE,1.08731,1
57,341,TRUE,25.09232,1
57,342,FALSE,5.09031,36.03455
57,343,TRUE,1,1
57,346,FALSE,27.01947,6.07427
57,347,FALSE,33.07084,6.08134
57,348,FALSE,27.10518,6.07793
57,349,FALSE,25.08843,2.1404
57,350,FALSE,29.06736,6.13136
57,351,FALSE,25.07518,6.13591
57,352,FALSE,34.02543,6.09257
57,353,FALSE,37.02242,34.08788
57,354,FALSE,34.10976,34.14335
57,355,FALSE,23.07407,5.03726
57,357,FALSE,29.04041,5.10908
57,358,FALSE,28.04703,6.00031
57,359,FALSE,32.08241,6.01568
57,361,FALSE,25.03647,6.08386
57,363,FALSE,35.04973,35.10304
57,364,FALSE,35.09816,35.12796
57,365,FALSE,23.05745,3.05453
57,366,FALSE,5.12319,5.12656
57,367,FALSE,35.02892,35.04787
57,370,FALSE,28.13436,6.08274
57,371,FALSE,33.14363,6.1462
57,372,FALSE,33.12577,6.14245
57,373,FALSE,6.10074,6.0016
57,374,FALSE,37.04117,1.12133
57,375,FALSE,23.12641,5.03569
57,376,FALSE,5.00056,6.04321
57,377,FALSE,1,2.0408
57,378,FALSE,28.13298,33.07607
57,379,FALSE,5.0499,28.11704
57,380,FALSE,33.06213,34.06184
57,381,FALSE,5.05076,6.03141
57,383,FALSE,30.11379,5.08777
57,384,FALSE,28.00581,6.04993
57,385,FALSE,30.05606,2.0254
57,386,FALSE,27.10249,1.01161
57,387,FALSE,34.05619,2.10395
57,388,FALSE,5.0242,2.10086
57,389,FALSE,7.08702,2.03059
57,390,FALSE,27.02941,3.02573
57,391,FALSE,23.02287,2.07816
57,394,FALSE,30.09413,5.06044
57,395,FALSE,2.10345,35.09566
57,396,FALSE,3.05208,35.06513
57,397,FALSE,4.10052,35.1174
57,398,FALSE,33.07619,35.07538
57,403,FALSE,19.09727,6.07262
57,404,FALSE,34.13157,35.14374
57,405,FALSE,5.00354,35.03714
57,406,FALSE,4.09048,6.02227
57,407,FALSE,28.05591,29.01882
57,408,TRUE,4.08303,1
57,412,FALSE,34.13727,10.01749
57,413,FALSE,25.11608,20.07799
57,414,FALSE,31.11671,10.0727
57,415,FALSE,28.13645,30.14629
57,416,FALSE,20.08154,33.01891
57,417,FALSE,28.07174,6.13665
57,418,FALSE,35.00168,35.03754
57,419,FALSE,33.00409,33.12306
57,420,FALSE,33.01018,33.01321
57,421,FALSE,33.05382,33.14372
57,422,FALSE,30.12144,6.1373
57,423,FALSE,23.01059,6.12485
57,425,FALSE,37.13513,5.04216
57,426,FALSE,33.11836,6.05809
57,427,FALSE,6.13114,6.0879
57,428,FALSE,33.13258,33.05088
57,429,FALSE,28.03759,33.06377
58,1,FALSE,23.08354,6.08119
58,3,FALSE,4.00294,4.07299
58,5,FALSE,37.14672,6.00986
58,6,FALSE,33.06857,5.13274
58,7,FALSE,1,4.00148
58,9,FALSE,5.03134,5.02612
58,10,FALSE,4.04118,5.01818
58,11,FALSE,1,6.11402
58,13,FALSE,6.07798,6.09535
58,17,FALSE,28.13045,6.02509
58,18,FALSE,6.03938,6.00132
58,19,TRUE,33.01415,1
58,21,FALSE,18.06564,6.06116
58,22,FALSE,6.12036,6.10528
58,25,FALSE,19.0764,6.00061
58,29,FALSE,5.13279,2.02864
58,30,FALSE,6.0694,6.04752
58,69,FALSE,24.13613,2.09242
58,70,FALSE,23.13617,28.09381
58,71,FALSE,28.06425,6.09462
58,72,FALSE,33.07918,33.08093
58,73,FALSE,28.06641,28.14548
58,74,FALSE,33.04631,33.05242
58,75,FALSE,33.14082,34.06046
58,76,FALSE,28.04743,6.11427
58,77,FALSE,6.10838,18.07493
58,78,FALSE,23.1401,6.04112
58,79,FALSE,6.06677,6.07337
58,82,FALSE,29.00725,6.00691
58,83,FALSE,18.02811,3.05205
58,84,FALSE,1,33.11664
58,85,TRUE,2.03105,1
58,86,TRUE,29.07332,1
58,91,FALSE,5.1223,5.07875
58,92,FALSE,6.07708,6.08243
58,93,FALSE,23.09557,6.08671
58,95,FALSE,5.10118,3.13262
58,98,FALSE,30.13632,5.08691
58,99,FALSE,34.08689,22.04511
58,100,FALSE,35.02881,6.12028
58,101,FALSE,23.1469,3.01572
58,103,FALSE,25.03032,6.13987
58,104,FALSE,30.12532,6.10466
58,106,FALSE,28.06849,3.02547
58,107,FALSE,26.08466,4.06014
58,109,FALSE,34.0508,6.10431
58,110,FALSE,28.11176,6.09039
58,111,FALSE,33.01382,3.12756
58,112,FALSE,22.04981,4.03295
58,113,FALSE,28.09263,5.10552
58,114,FALSE,5.12178,2.05062
58,115,FALSE,5.14233,6.00166
58,116,FALSE,28.13701,3.10176
58,117,FALSE,5.14333,4.01898
58,118,FALSE,18.07267,2.10753
58,120,FALSE,34.01875,2.04231
58,121,FALSE,5.13778,3.07285
58,122,FALSE,5.12049,1.0718
58,123,FALSE,6.14525,2.05098
58,124,FALSE,37.01039,2.01172
58,125,FALSE,34.04494,35.10804
58,126,FALSE,30.02137,35.11239
58,127,FALSE,24.01866,6.13688
58,128,FALSE,30.11333,4.00771
58,129,FALSE,30.12644,6.11376
58,130,FALSE,35.07651,35.12744
58,131,FALSE,5.02066,4.1318
58,133,FALSE,5.13226,3.02197
58,134,FALSE,5.08869,4.00399
58,135,FALSE,4.13982,6.03444
58,136,FALSE,4.01903,4.05297
58,137,TRUE,5.09469,1
58,139,FALSE,5.07469,5.12578
58,140,FALSE,3.08452,4.00256
58,141,FALSE,2.09207,6.08491
58,142,FALSE,3.06423,3.09824
58,143,FALSE,5.12784,1.00892
58,144,FALSE,5.13955,4.0337
58,145,FALSE,1,30.14027
58,146,TRUE,1,1
58,147,FALSE,1,2.0147
58,148,TRUE,1,1
58,149,TRUE,18.11034,1
58,150,FALSE,1,35.02266
58,151,TRUE,1.10937,1
58,153,FALSE,6.09877,6.10447
58,154,FALSE,28.05912,6.04253
58,155,FALSE,37.13548,4.05566
58,156,FALSE,5.1403,6.0276
58,157,FALSE,5.12884,2.00014
58,158,FALSE,18.14262,4.11495
58,159,FALSE,23.12074,1.14719
58,160,FALSE,23.00314,4.12217
58,161,FALSE,18.07786,4.08392
58,162,FALSE,29.07822,34.03729
58,164,FALSE,37.04155,5.11435
58,165,FALSE,6.13259,35.02933
58,166,FALSE,30.02854,35.12543
58,167,FALSE,5.08596,6.05526
58,168,FALSE,1,35.04852
58,169,FALSE,30.03548,35.06468
58,173,FALSE,29.08063,6.01711
58,175,FALSE,3.07816,3.13322
58,176,FALSE,5.03557,5.05624
58,177,FALSE,30.0572,6.07614
58,178,FALSE,35.01306,34.00705
58,179,FALSE,34.04759,6.14559
58,180,FALSE,28.1031,28.06466
58,181,FALSE,35.00528,33.08415
58,182,FALSE,10.01765,6.14389
58,183,FALSE,35.07181,6.04882
58,184,FALSE,37.13944,6.10074
58,185,FALSE,28.08751,6.13403
58,186,FALSE,37.07336,6.09336
58,188,FALSE,30.12743,1.10221
58,189,FALSE,34.06088,34.13994
58,190,FALSE,23.11069,6.12333
58,191,FALSE,30.14274,6.08552
58,192,FALSE,25.03385,6.12824
58,193,FALSE,35.01022,36.13561
58,194,FALSE,25.06951,6.11599
58,195,FALSE,28.07143,6.07365
58,197,FALSE,30.13429,2.04039
58,198,FALSE,25.08609,6.07075
58,199,FALSE,30.06909,6.12139
58,200,FALSE,6.08588,6.11647
58,201,FALSE,5.04742,6.02324
58,202,FALSE,37.02766,37.03435
58,203,FALSE,30.08957,30.04853
58,204,FALSE,30.12182,4.03446
58,206,FALSE,30.06329,2.03923
58,207,FALSE,28.01001,6.08718
58,208,FALSE,5.14626,5.07258
58,209,FALSE,28.06196,28.07031
58,210,FALSE,28.0613,28.03416
58,211,FALSE,28.12134,33.05226
58,212,FALSE,4.10149,5.02277
58,213,FALSE,13.07945,5.13398
58,216,FALSE,28.09927,6.10274
58,217,FALSE,29.13437,6.13315
58,218,FALSE,30.12423,6.09729
58,219,FALSE,25.04564,6.13348
58,222,FALSE,28.08798,5.12879
58,225,FALSE,33.11818,33.14131
58,226,FALSE,35.07838,6.07577
58,227,FALSE,37.1285,34.08447
58,229,FALSE,33.13064,33.10713
58,230,FALSE,33.0999,33.07721
58,233,FALSE,30.10935,5.04795
58,234,FALSE,30.01324,33.0479
58,235,FALSE,30.07781,33.09994
58,236,FALSE,4.12596,4.11409
58,237,FALSE,5.13354,6.12102
58,242,FALSE,24.11199,4.03096
58,243,FALSE,6.00164,6.08981
58,251,FALSE,34.08211,34.12934
58,252,FALSE,28.1049,6.11158
58,253,FALSE,30.06354,4.04658
58,254,FALSE,4.124,1.02224
58,255,FALSE,13.04813,3.01119
58,256,FALSE,30.00387,2.11622
58,257,FALSE,20.14507,4.02954
58,258,FALSE,18.05057,5.07257
58,259,FALSE,5.12125,33.1362
58,260,FALSE,5.1427,5.14353
58,262,FALSE,36.07297,1.06629
58,263,FALSE,6.02586,4.08008
58,264,FALSE,29.12103,6.13097
58,265,FALSE,6.13138,5.14334
58,270,FALSE,6.14634,33.10196
58,271,FALSE,28.1291,6.14113
58,272,FALSE,5.09985,6.0019
58,273,FALSE,5.09562,6.05632
58,274,FALSE,5.11024,6.01764
58,275,FALSE,6.04636,33.027
58,280,FALSE,5.10514,3.11242
58,289,FALSE,29.11745,5.13491
58,290,FALSE,6.12007,6.12012
58,291,FALSE,6.12896,6.13079
58,292,FALSE,6.13342,5.00958
58,293,FALSE,31.14725,15.06234
58,294,FALSE,6.10025,10.00518
58,295,FALSE,36.07714,25.06297
58,296,FALSE,4.00643,20.06266
58,297,FALSE,35.03035,6.12816
58,298,FALSE,33.0443,1.11702
58,299,FALSE,34.01958,6.078
58,300,FALSE,33.09641,4.00887
58,301,FALSE,33.14237,4.10673
58,302,FALSE,35.1165,5.0166
58,303,FALSE,33.08726,5.09852
58,308,FALSE,31.05336,3.1062
58,317,FALSE,22.07441,3.06248
58,318,FALSE,36.09806,6.03598
58,319,FALSE,30.13349,5.09156
58,320,FALSE,27.08002,4.13774
58,321,FALSE,34.10428,4.00877
58,322,FALSE,18.08226,5.04584
58,323,FALSE,17.11125,2.0976
58,324,FALSE,23.02728,2.14346
58,325,FALSE,25.08075,4.04268
58,326,FALSE,28.14733,3.13201
58,328,FALSE,25.08429,5.04401
58,329,FALSE,31.06025,6.10628
58,330,FALSE,28.14483,6.06419
58,331,FALSE,20.00959,5.00185
58,332,FALSE,20.11008,6.13711
58,333,FALSE,30.07007,33.06496
58,334,FALSE,6.13068,6.05546
58,335,FALSE,30.04672,5.0788
58,336,FALSE,30.09075,5.0671
58,337,FALSE,25.07295,6.04716
58,339,FALSE,28.06797,6.00801
58,340,TRUE,1.12878,1
58,341,TRUE,25.09743,1
58,342,FALSE,5.0831,36.00331
58,343,TRUE,1,1
58,346,FALSE,27.12429,6.02262
58,347,FALSE,33.0665,6.10435
58,348,FALSE,27.09425,6.02756
58,349,FALSE,25.06055,2.05452
58,350,FALSE,29.01277,6.07688
58,351,FALSE,25.0371,6.13844
58,352,FALSE,34.09965,6.10162
58,353,FALSE,37.06323,34.11546
58,354,FALSE,34.00453,34.09451
58,355,FALSE,23.01402,4.14011
58,357,FALSE,29.10295,5.10159
58,358,FALSE,28.05695,6.02361
58,359,FALSE,32.01326,6.02069
58,361,FALSE,25.12475,6.05782
58,363,FALSE,35.08994,35.11088
58,364,FALSE,35.06461,35.06682
58,365,FALSE,23.07047,3.0955
58,366,FALSE,5.07417,5.13525
58,367,FALSE,35.00343,35.01351
58,370,FALSE,28.09709,6.08764
58,371,FALSE,33.10511,6.14271
58,372,FALSE,33.11743,6.14709
58,373,FALSE,6.07953,6.0795
58,374,FALSE,37.00912,1.06357
58,375,FALSE,4.03504,5.14144
58,376,FALSE,5.10987,6.00371
58,377,FALSE,1,2.06748
58,378,FALSE,28.08189,33.07463
58,379,FALSE,5.14401,28.02699
58,380,FALSE,33.11124,34.02726
58,381,FALSE,5.12521,6.05344
58,383,FALSE,28.12186,5.06567
58,384,FALSE,28.12615,6.07705
58,385,FALSE,25.03305,3.11448
58,386,FALSE,27.07523,1.13976
58,387,FALSE,34.10778,1.12998
58,388,FALSE,5.0507,3.01888
58,389,FALSE,7.03218,2.01498
58,390,FALSE,27.08135,3.07524
58,391,FALSE,23.12047,2.02405
58,394,FALSE,30.09107,5.07625
58,395,FALSE,2.02759,35.08249
58,396,FALSE,3.07411,35.10158
58,397,FALSE,4.03387,35.11268
58,398,FALSE,33.04531,35.03313
58,403,FALSE,19.10369,6.09733
58,404,FALSE,34.0196,35.09146
58,405,FALSE,5.14279,35.01946
58,406,FALSE,4.1068,6.00943
58,407,FALSE,28.10452,29.07952
58,408,TRUE,4.01016,1
58,412,FALSE,34.08021,10.01034
58,413,FALSE,25.10361,20.13402
58,414,FALSE,31.0824,10.11951
58,415,FALSE,28.00383,30.14677
58,416,FALSE,20.06953,33.02068
58,417,FALSE,28.06606,6.13931
58,418,FALSE,35.04952,35.07034
58,419,FALSE,33.07323,33.12389
58,420,FALSE,33.03664,33.04625
58,421,FALSE,33.00442,33.07426
58,422,FALSE,30.06465,6.1454
58,423,FALSE,23.10378,6.0954
58,425,FALSE,37.12839,6.02248
58,426,FALSE,33.04345,6.03848
58,427,FALSE,6.12354,6.08201
58,428,FALSE,33.04061,33.05101
58,429,FALSE,28.11695,33.11796
59,1,FALSE,23.01246,6.05304
59,3,FALSE,4.05126,4.09921
59,5,FALSE,37.10443,6.01863
59,6,FALSE,33.01567,5.12836
59,7,FALSE,1,4.00461
59,9,FALSE,5.13012,5.08178
59,10,FALSE,4.09642,5.01482
59,11,FALSE,1,6.13168
59,13,FALSE,6.11174,6.11872
59,17,FALSE,28.1266,6.03784
59,18,FALSE,6.01489,6.0155
59,19,TRUE,33.04414,1
59,21,FALSE,29.0731,6.0779
59,22,FALSE,6.13919,6.13965
59,25,FALSE,19.10154,6.00553
59,29,FALSE,5.12914,4.0094
59,30,FALSE,6.12238,6.01534
59,69,FALSE,24.06518,2.08311
59,70,FALSE,23.03406,28.12863
59,71,FALSE,28.1456,6.06549
59,72,FALSE,33.02919,33.0446
59,73,FALSE,28.00196,28.03381
59,74,FALSE,37.10127,33.04767
59,75,FALSE,33.14635,34.02474
59,76,FALSE,6.11985,6.14721
59,77,FALSE,6.13984,18.14432
59,78,FALSE,23.00197,6.03678
59,79,FALSE,6.10411,6.10906
59,82,FALSE,29.09413,3.00089
59,83,FALSE,18.0104,3.06491
59,84,FALSE,1,33.09064
59,85,TRUE,2.08636,1
59,86,TRUE,29.00665,1
59,91,FALSE,5.11724,5.0847
59,92,FALSE,28.11027,6.05461
59,93,FALSE,23.05403,6.11422
59,95,FALSE,5.1413,4.08042
59,98,FALSE,30.04018,5.07976
59,99,FALSE,34.11977,22.05297
59,100,FALSE,35.02685,6.08431
59,101,FALSE,23.07906,5.10022
59,103,FALSE,25.09546,6.07826
59,104,FALSE,30.11601,6.00058
59,106,FALSE,28.09543,3.02762
59,107,FALSE,26.08667,4.01959
59,109,FALSE,34.05156,6.13176
59,110,FALSE,28.0367,6.06928
59,111,FALSE,33.14642,3.08873
59,112,FALSE,22.07145,4.00582
59,113,FALSE,28.102,5.0037
59,114,FALSE,5.09387,2.00732
59,115,FALSE,5.10445,6.00985
59,116,FALSE,28.14581,3.04724
59,117,FALSE,5.07391,4.03285
59,118,FALSE,18.07168,4.08643
59,120,FALSE,34.12989,2.12269
59,121,FALSE,5.06493,3.06507
59,122,FALSE,5.1401,1.02446
59,123,FALSE,6.04355,2.05189
59,124,FALSE,37.10532,2.13941
59,125,FALSE,34.09512,35.02207
59,126,FALSE,30.07565,35.03367
59,127,FALSE,24.03071,6.09283
59,128,FALSE,30.14252,6.09923
59,129,FALSE,30.12302,6.12724
59,130,FALSE,35.0614,35.08224
59,131,FALSE,5.12404,4.12667
59,133,FALSE,5.11842,3.01331
59,134,FALSE,5.04707,4.06129
59,135,FALSE,4.07782,2.02562
59,136,FALSE,4.11032,4.0081
59,137,FALSE,5.01155,4.06843
59,139,FALSE,5.01814,5.07833
59,140,FALSE,3.03133,4.08327
59,141,FALSE,2.05464,6.08377
59,142,FALSE,3.11368,3.06979
59,143,FALSE,5.03469,1.05429
59,144,FALSE,5.05257,4.07182
59,145,TRUE,30.00302,1
59,146,TRUE,1,1
59,147,FALSE,1,2.07055
59,148,TRUE,1,1
59,149,TRUE,18.00691,1
59,150,FALSE,1,35.09376
59,151,TRUE,1.10762,1
59,153,FALSE,6.09595,6.10436
59,154,FALSE,28.01013,6.03375
59,155,FALSE,23.03272,4.11899
59,156,FALSE,28.01457,5.05031
59,157,FALSE,5.08094,1.00482
59,158,FALSE,18.11384,4.0911
59,159,FALSE,23.02575,3.06488
59,160,FALSE,23.09403,4.097
59,161,FALSE,18.13442,4.0959
59,162,FALSE,29.13513,34.07212
59,164,FALSE,37.1174,5.01965
59,165,FALSE,6.04883,35.09867
59,166,FALSE,30.11252,35.14067
59,167,FALSE,5.05438,6.13316
59,168,FALSE,1,35.08048
59,169,FALSE,30.07643,35.04394
59,173,FALSE,28.12847,6.0206
59,175,FALSE,3.12901,3.11633
59,176,FALSE,5.13486,5.06566
59,177,FALSE,30.1178,6.081
59,178,FALSE,35.01611,34.00547
59,179,FALSE,34.13592,6.12785
59,180,FALSE,28.07537,28.11551
59,181,FALSE,35.03931,33.04826
59,182,FALSE,10.05151,6.11187
59,183,FALSE,35.05901,6.07984
59,184,FALSE,37.03323,6.10306
59,185,FALSE,28.06206,6.12665
59,186,FALSE,37.06228,6.02208
59,188,FALSE,30.06271,1.04763
59,189,FALSE,34.1279,34.1339
59,190,FALSE,23.03427,6.10794
59,191,FALSE,30.08147,6.08886
59,192,FALSE,25.06364,6.10705
59,193,FALSE,35.09685,36.06647
59,194,FALSE,25.05862,6.12366
59,195,FALSE,28.02384,6.00452
59,197,FALSE,29.10882,1.13365
59,198,FALSE,25.05631,6.02561
59,199,FALSE,30.05094,6.11796
59,200,FALSE,6.06103,6.14561
59,201,FALSE,5.06779,6.0303
59,202,FALSE,37.0084,37.02257
59,203,FALSE,30.11536,30.02935
59,204,FALSE,30.11511,2.14467
59,206,FALSE,30.09747,2.08805
59,207,FALSE,28.11116,6.13225
59,208,FALSE,5.12935,5.05649
59,209,FALSE,28.1332,28.05893
59,210,FALSE,28.14104,28.02662
59,211,FALSE,28.09465,33.04977
59,212,FALSE,4.14593,5.07583
59,213,FALSE,13.09677,5.06086
59,216,FALSE,28.11458,6.09643
59,217,FALSE,29.06367,6.13566
59,218,FALSE,30.12651,6.08227
59,219,FALSE,25.10208,6.10915
59,222,FALSE,28.13816,5.10677
59,225,FALSE,33.10561,33.10917
59,226,FALSE,35.12251,6.10588
59,227,FALSE,37.06937,34.08032
59,229,FALSE,33.10706,33.11497
59,230,FALSE,33.05176,33.05391
59,233,FALSE,30.14037,6.00291
59,234,FALSE,30.0894,33.04982
59,235,FALSE,30.13113,33.0068
59,236,FALSE,4.12398,4.03131
59,237,FALSE,5.11674,6.07636
59,242,FALSE,24.13065,4.04333
59,243,FALSE,6.00091,6.05379
59,251,FALSE,34.05324,34.0753
59,252,FALSE,28.04195,6.07358
59,253,FALSE,30.09929,4.02603
59,254,FALSE,4.11709,1.06309
59,255,FALSE,13.01255,3.08367
59,256,FALSE,30.11354,2.14005
59,257,FALSE,20.13089,4.11181
59,258,FALSE,18.11484,1.04111
59,259,FALSE,5.07487,33.03022
59,260,FALSE,5.03527,5.09368
59,262,FALSE,36.02926,1.08295
59,263,FALSE,6.02971,3.04966
59,264,FALSE,29.03422,6.1173
59,265,FALSE,6.02654,5.06532
59,270,FALSE,6.11207,33.01514
59,271,FALSE,28.0707,6.055
59,272,FALSE,5.10614,6.00757
59,273,FALSE,5.07452,6.02686
59,274,FALSE,5.08538,6.00531
59,275,FALSE,6.02288,33.00126
59,280,FALSE,5.11399,3.1473
59,289,FALSE,29.07295,5.14328
59,290,FALSE,6.12957,6.11487
59,291,FALSE,6.13285,6.13518
59,292,FALSE,6.09294,5.08276
59,293,FALSE,30.12761,15.00388
59,294,FALSE,10.10232,10.06537
59,295,FALSE,36.08744,25.03141
59,296,FALSE,4.01699,20.04968
59,297,FALSE,35.0612,6.0192
59,298,FALSE,33.0737,2.04178
59,299,FALSE,34.03662,6.03842
59,300,FALSE,33.13179,6.08615
59,301,FALSE,33.08286,4.12345
59,302,FALSE,35.01685,6.05522
59,303,FALSE,33.10496,5.00971
59,308,FALSE,31.09136,5.12276
59,317,FALSE,22.02827,3.04057
59,318,FALSE,36.05436,4.1385
59,319,FALSE,30.12567,5.13786
59,320,FALSE,27.01437,4.09328
59,321,FALSE,34.12552,3.11379
59,322,FALSE,18.14498,5.07359
59,323,FALSE,17.00549,3.09978
59,324,FALSE,23.10838,2.05514
59,325,FALSE,25.04487,2.06708
59,326,FALSE,18.11427,3.13726
59,328,FALSE,25.11257,5.05705
59,329,FALSE,31.10338,6.13881
59,330,FALSE,30.07799,6.10599
59,331,FALSE,20.01673,5.04042
59,332,FALSE,30.09797,5.11102
59,333,FALSE,30.03053,33.00338
59,334,FALSE,6.05344,6.08626
59,335,FALSE,30.01718,5.11632
59,336,FALSE,30.07912,5.10367
59,337,FALSE,25.09426,6.00218
59,339,FALSE,28.02966,5.05132
59,340,TRUE,1.03636,1
59,341,TRUE,25.10839,1
59,342,FALSE,5.05781,36.00398
59,343,TRUE,1,1
59,346,FALSE,27.07475,6.08134
59,347,FALSE,33.10522,6.10511
59,348,FALSE,27.00066,6.04897
59,349,FALSE,25.08297,2.04134
59,350,FALSE,29.11209,28.09618
59,351,FALSE,25.13473,6.13985
59,352,FALSE,34.03614,6.14492
59,353,FALSE,37.03617,34.08249
59,354,FALSE,34.11357,34.14533
59,355,FALSE,23.03278,5.06604
59,357,FALSE,29.10383,5.09018
59,358,FALSE,28.00796,6.01448
59,359,FALSE,32.12132,6.01476
59,361,FALSE,25.05755,6.05108
59,363,FALSE,35.05863,35.06348
59,364,FALSE,35.03908,35.08968
59,365,FALSE,23.11735,3.0647
59,366,FALSE,5.14474,5.13899
59,367,FALSE,35.00078,35.0634
59,370,FALSE,28.09782,6.08363
59,371,FALSE,33.10683,6.12784
59,372,FALSE,33.12477,6.13294
59,373,FALSE,6.10279,6.03742
59,374,FALSE,37.1169,1.08312
59,375,FALSE,23.01838,5.085
59,376,FALSE,5.04932,6.0795
59,377,FALSE,2.11965,6.07251
59,378,FALSE,28.07064,33.04514
59,379,FALSE,5.09781,28.09968
59,380,FALSE,33.0994,34.04483
59,381,FALSE,5.11225,6.05083
59,383,FALSE,29.0751,5.07149
59,384,FALSE,28.12809,6.10006
59,385,FALSE,25.12093,1.09737
59,386,FALSE,27.0611,1.06293
59,387,FALSE,34.00488,2.00415
59,388,FALSE,5.00562,2.05519
59,389,FALSE,7.04541,2.06022
59,390,FALSE,27.0301,3.10149
59,391,FALSE,23.01234,2.13249
59,394,FALSE,30.1179,5.141
59,395,FALSE,2.0307,35.14184
59,396,FALSE,3.03877,35.05868
59,397,FALSE,4.0543,35.13
59,398,FALSE,33.14504,35.13128
59,403,FALSE,19.13955,6.00094
59,404,FALSE,34.03479,35.0391
59,405,FALSE,5.1348,35.11606
59,406,FALSE,4.04068,6.11355
59,407,FALSE,28.07234,29.01171
59,408,TRUE,4.02921,1
59,412,FALSE,34.11515,10.01904
59,413,FALSE,30.14655,20.03144
59,414,FALSE,31.1146,10.111
59,415,FALSE,28.00278,30.0148
59,416,FALSE,20.10124,33.077
59,417,FALSE,28.02823,6.11806
59,418,FALSE,35.00263,35.01556
59,419,FALSE,33.01326,33.04169
59,420,FALSE,33.09659,33.10409
59,421,FALSE,33.01578,33.13454
59,422,FALSE,30.00389,28.08318
59,423,FALSE,23.11579,6.07326
59,425,FALSE,37.01761,6.08719
59,426,FALSE,33.0944,6.05932
59,427,FALSE,6.14149,6.09716
59,428,FALSE,33.08532,33.08669
59,429,FALSE,28.14171,33.01173
60,1,FALSE,23.05415,6.10719
60,3,FALSE,4.11313,4.13454
60,5,FALSE,37.10288,6.03704
60,6,FALSE,33.05648,5.07072
60,7,FALSE,1,4.11253
60,9,FALSE,5.141,5.03905
60,10,FALSE,4.12401,5.13712
60,11,FALSE,1,6.00028
60,13,FALSE,6.12396,6.11562
60,17,FALSE,28.04423,6.03416
60,18,FALSE,6.01312,6.062
60,19,TRUE,33.04585,1
60,21,FALSE,29.02235,6.05378
60,22,FALSE,6.138,6.12878
60,25,FALSE,19.10745,6.01006
60,29,FALSE,5.11294,2.06902
60,30,FALSE,6.12826,6.05193
60,69,FALSE,24.08745,2.11781
60,70,FALSE,23.10254,28.01883
60,71,FALSE,28.08206,6.07758
60,72,FALSE,33.08207,33.08713
60,73,FALSE,28.03483,28.13046
60,74,FALSE,37.06153,33.05183
60,75,FALSE,33.14429,34.05594
60,76,FALSE,6.09287,6.13276
60,77,FALSE,6.08457,18.053
60,78,FALSE,23.03917,6.02448
60,79,FALSE,6.07671,6.11038
60,82,FALSE,29.13981,3.09447
60,83,FALSE,18.01636,3.03525
60,84,FALSE,1,33.1323
60,85,TRUE,2.08089,1
60,86,TRUE,29.13383,1
60,91,FALSE,5.12159,5.07357
60,92,FALSE,6.05637,6.05755
60,93,FALSE,23.06282,6.08598
60,95,FALSE,5.10939,4.07348
60,98,FALSE,30.13,5.1113
60,99,FALSE,34.09898,22.05233
60,100,FALSE,35.05392,6.07549
60,101,FALSE,23.12232,3.1226
60,103,FALSE,25.14453,6.14477
60,104,FALSE,30.12315,6.07678
60,106,FALSE,28.12328,3.10717
60,107,FALSE,26.0142,4.02676
60,109,FALSE,34.03421,6.11488
60,110,FALSE,28.1453,6.03982
60,111,FALSE,33.08535,3.14506
60,112,FALSE,22.01151,4.06338
60,113,FALSE,28.05317,5.03796
60,114,FALSE,5.14666,2.06551
60,115,FALSE,5.08192,6.0111
60,116,FALSE,28.131,3.02565
60,117,FALSE,5.13052,4.0602
60,118,FALSE,18.10746,2.02874
60,120,FALSE,34.05007,2.11609
60,121,FALSE,5.13315,3.01858
60,122,FALSE,5.14735,1.09347
60,123,FALSE,6.0625,2.02159
60,124,FALSE,37.13802,4.03715
60,125,FALSE,34.03129,35.04889
60,126,FALSE,30.03309,35.09777
60,127,FALSE,24.07949,6.10756
60,128,FALSE,30.11158,6.03265
60,129,FALSE,30.1176,6.08306
60,130,FALSE,35.10903,35.1273
60,131,FALSE,5.00594,4.14648
60,133,FALSE,5.14521,3.03105
60,134,FALSE,4.04511,4.0163
60,135,FALSE,4.13313,4.12699
60,136,FALSE,4.02084,4.08877
60,137,FALSE,5.0645,4.13846
60,139,FALSE,5.07794,5.10627
60,140,FALSE,3.06253,4.10661
60,141,FALSE,2.0262,6.10649
60,142,FALSE,3.02769,3.02568
60,143,FALSE,5.04721,1.07571
60,144,FALSE,5.08716,4.06102
60,145,TRUE,30.12717,1
60,146,TRUE,1,1
60,147,FALSE,1,2.11105
60,148,TRUE,1,1
60,149,TRUE,18.00198,1
60,150,FALSE,1,35.12399
60,151,TRUE,1.05137,1
60,153,FALSE,6.09129,6.09331
60,154,FALSE,23.13492,6.05679
60,155,FALSE,23.13926,4.14264
60,156,FALSE,28.04752,5.12339
60,157,FALSE,5.14551,2.06065
60,158,FALSE,18.12688,4.12514
60,159,FALSE,23.09059,1.01379
60,160,FALSE,23.06518,4.06897
60,161,FALSE,18.09608,4.04053
60,162,FALSE,29.10557,34.01453
60,164,FALSE,37.01506,5.08981
60,165,FALSE,6.02082,35.07639
60,166,FALSE,30.08209,35.10513
60,167,FALSE,5.03412,6.05034
60,168,FALSE,1,35.01563
60,169,FALSE,30.04414,35.08588
60,173,FALSE,29.11262,6.01347
60,175,FALSE,3.13112,3.12981
60,176,FALSE,5.01642,5.06666
60,177,FALSE,30.11838,6.09441
60,178,FALSE,35.03605,34.00128
60,179,FALSE,34.13185,6.14692
60,180,FALSE,28.0889,28.08747
60,181,FALSE,35.01927,33.10478
60,182,FALSE,25.06374,6.1438
60,183,FALSE,35.1452,6.11749
60,184,FALSE,37.13716,6.11381
60,185,FALSE,28.02543,6.13615
60,186,FALSE,37.14456,6.03232
60,188,FALSE,37.13426,1.00139
60,189,FALSE,34.04672,34.11727
60,190,FALSE,23.06134,6.11986
60,191,FALSE,30.144,6.04614
60,192,FALSE,25.06116,6.11939
60,193,FALSE,35.05617,36.06916
60,194,FALSE,25.0842,6.05942
60,195,FALSE,28.05953,6.08646
60,197,FALSE,29.139,2.0388
60,198,FALSE,25.02809,6.0916
60,199,FALSE,30.02904,6.14458
60,200,FALSE,6.03024,6.06487
60,201,FALSE,5.12275,6.13433
60,202,FALSE,37.11264,37.04253
60,203,FALSE,30.09594,30.05627
60,204,FALSE,30.11001,2.00907
60,206,FALSE,30.05949,2.01657
60,207,FALSE,28.11872,6.0973
60,208,FALSE,5.10232,5.07855
60,209,FALSE,28.11595,28.01143
60,210,FALSE,28.13661,28.07196
60,211,FALSE,28.05983,33.08141
60,212,FALSE,4.13451,5.01983
60,213,FALSE,13.0267,5.06909
60,216,FALSE,28.1359,6.10318
60,217,FALSE,29.03931,6.11302
60,218,FALSE,30.0089,6.12175
60,219,FALSE,25.09271,6.1271
60,222,FALSE,28.11526,5.07799
60,225,FALSE,33.11452,33.11764
60,226,FALSE,35.00427,6.09187
60,227,FALSE,37.10416,34.08786
60,229,FALSE,33.12248,33.08055
60,230,FALSE,33.05436,33.03367
60,233,FALSE,30.10411,5.11082
60,234,FALSE,30.14685,33.07592
60,235,FALSE,30.04134,33.00568
60,236,FALSE,4.06401,4.05649
60,237,FALSE,5.07443,6.11994
60,242,FALSE,24.10687,4.09764
60,243,FALSE,6.0043,6.14286
60,251,FALSE,34.08149,34.09717
60,252,FALSE,28.11807,6.14116
60,253,FALSE,30.02656,4.02554
60,254,FALSE,4.00933,1.08082
60,255,FALSE,13.14418,3.05576
60,256,FALSE,30.04697,2.12527
60,257,FALSE,20.09531,4.06591
60,258,FALSE,18.09641,5.01025
60,259,FALSE,5.08585,33.05987
60,260,FALSE,5.01954,5.06808
60,262,FALSE,36.06385,1.09067
60,263,FALSE,6.02387,3.09404
60,264,FALSE,29.08873,6.11909
60,265,FALSE,6.07993,5.10663
60,270,FALSE,6.04275,33.05213
60,271,FALSE,28.10422,6.14051
60,272,FALSE,5.0547,6.03419
60,273,FALSE,5.12098,6.11218
60,274,FALSE,5.08231,6.03463
60,275,FALSE,6.0319,33.03882
60,280,FALSE,5.07834,3.08191
60,289,FALSE,28.14734,5.13043
60,290,FALSE,6.11835,6.10657
60,291,FALSE,6.13698,6.14318
60,292,FALSE,6.09218,5.10388
60,293,FALSE,30.07136,15.00284
60,294,FALSE,15.14065,10.00934
60,295,FALSE,36.1357,25.02548
60,296,FALSE,4.05223,20.05878
60,297,FALSE,35.11799,6.03434
60,298,FALSE,33.04464,2.03828
60,299,FALSE,34.0823,6.07895
60,300,FALSE,33.13732,6.09712
60,301,FALSE,33.02608,4.12992
60,302,FALSE,35.11054,5.00782
60,303,FALSE,33.08542,5.02465
60,308,FALSE,31.05492,5.00317
60,317,FALSE,22.01972,3.03289
60,318,FALSE,36.11678,6.05187
60,319,FALSE,30.13941,5.12416
60,320,FALSE,27.14539,4.0752
60,321,FALSE,34.05977,3.12
60,322,FALSE,18.12257,5.03446
60,323,FALSE,17.11443,3.00087
60,324,FALSE,23.06954,1.08069
60,325,FALSE,25.01508,2.04594
60,326,FALSE,18.02604,3.00181
60,328,FALSE,25.11077,5.14604
60,329,FALSE,31.01189,6.10258
60,330,FALSE,30.00499,6.04355
60,331,FALSE,20.02421,5.03776
60,332,FALSE,20.11284,6.13194
60,333,FALSE,30.0377,33.08451
60,334,FALSE,6.12761,6.09334
60,335,FALSE,30.0371,5.03769
60,336,FALSE,30.08282,5.06209
60,337,FALSE,25.05665,6.11654
60,339,FALSE,28.12191,5.07152
60,340,TRUE,1.09881,1
60,341,TRUE,25.11897,1
60,342,FALSE,5.03711,36.1214
60,343,TRUE,1,1
60,346,FALSE,27.05395,6.01738
60,347,FALSE,33.09282,6.11074
60,348,FALSE,27.05451,6.05467
60,349,FALSE,25.00429,2.13651
60,350,FALSE,29.11587,6.14682
60,351,FALSE,25.09406,6.14511
60,352,FALSE,34.01098,6.09464
60,353,FALSE,37.10714,34.10409
60,354,FALSE,34.11534,34.13709
60,355,FALSE,23.1095,5.00161
60,357,FALSE,28.02528,5.10998
60,358,FALSE,28.10325,6.02454
60,359,FALSE,32.12182,6.02191
60,361,FALSE,30.09519,6.06593
60,363,FALSE,35.07177,35.08014
60,364,FALSE,35.0698,35.09403
60,365,FALSE,23.10523,3.01979
60,366,FALSE,5.07914,5.09045
60,367,FALSE,35.00432,35.06703
60,370,FALSE,28.08465,6.07526
60,371,FALSE,33.04272,6.13327
60,372,FALSE,33.14257,6.13978
60,373,FALSE,6.02484,6.04579
60,374,FALSE,37.06452,1.02913
60,375,FALSE,23.12475,5.14564
60,376,FALSE,5.1215,6.03177
60,377,FALSE,2.13902,6.0672
60,378,FALSE,28.1203,33.029
60,379,FALSE,5.11016,28.02404
60,380,FALSE,33.13413,34.01202
60,381,FALSE,5.01907,6.04542
60,383,FALSE,28.06332,5.04972
60,384,FALSE,28.05616,6.14618
60,385,FALSE,25.14373,2.03005
60,386,FALSE,27.05779,1.05083
60,387,FALSE,34.11343,2.09543
60,388,FALSE,5.02237,3.12636
60,389,FALSE,7.09178,2.04256
60,390,FALSE,27.05745,3.02595
60,391,FALSE,23.03348,2.09645
60,394,FALSE,30.01852,5.02626
60,395,FALSE,2.06522,35.06794
60,396,FALSE,3.01487,35.09416
60,397,FALSE,4.05815,35.07846
60,398,FALSE,33.06221,35.01911
60,403,FALSE,19.0761,3.0405
60,404,FALSE,34.00303,35.00776
60,405,FALSE,5.10245,35.01815
60,406,FALSE,1,4.13123
60,407,FALSE,28.02123,29.08695
60,408,TRUE,4.09243,1
60,412,FALSE,34.09948,10.04218
60,413,FALSE,25.06965,20.02492
60,414,FALSE,31.07727,10.1336
60,415,FALSE,28.11647,30.07306
60,416,FALSE,20.06743,33.11405
60,417,FALSE,23.03388,6.14502
60,418,FALSE,35.02107,35.09966
60,419,FALSE,33.09711,33.14216
60,420,FALSE,33.07389,33.08274
60,421,FALSE,33.00846,33.01047
60,422,FALSE,30.05273,28.13757
60,423,FALSE,23.10606,6.06894
60,425,FALSE,37.00084,6.0247
60,426,FALSE,33.11917,6.05846
60,427,FALSE,6.13668,6.10482
60,428,FALSE,33.04567,33.06609
60,429,FALSE,28.10823,33.00547
61,1,FALSE,23.12631,6.05046
61,3,FALSE,4.0367,4.10423
61,5,FALSE,37.07829,6.00471
61,6,FALSE,33.05128,5.13561
61,7,FALSE,1,4.02756
61,9,FALSE,5.00995,5.00611
61,10,FALSE,4.01136,4.04277
61,11,FALSE,1,6.11822
61,13,FALSE,6.06398,6.06624
61,17,FALSE,28.03234,6.03585
61,18,FALSE,6.07198,6.07535
61,19,TRUE,33.10642,1
61,21,FALSE,18.09174,6.08466
61,22,FALSE,6.14479,6.12816
61,25,FALSE,19.1073,6.04037
61,29,FALSE,5.09937,2.12651
61,30,FALSE,6.11551,6.1253
61,69,FALSE,24.11324,2.07367
61,70,FALSE,23.0572,28.0032
61,71,FALSE,28.11379,6.04202
61,72,FALSE,33.00662,33.01689
61,73,FALSE,28.07073,28.08649
61,74,FALSE,33.07046,33.10166
61,75,FALSE,33.12461,34.05251
61,76,FALSE,28.03396,6.08049
61,77,FALSE,6.12127,18.10475
61,78,FALSE,23.03281,6.03507
61,79,FALSE,6.10903,6.11644
61,82,FALSE,29.01588,6.06222
61,83,FALSE,18.09208,3.13878
61,84,FALSE,1,33.12644
61,85,TRUE,2.06962,1
61,86,TRUE,29.0576,1
61,91,FALSE,5.13681,5.06965
61,92,FALSE,28.07398,6.05438
61,93,FALSE,23.14085,6.11716
61,95,FALSE,5.0723,3.03908
61,98,FALSE,30.09672,5.07512
61,99,FALSE,34.08037,22.06649
61,100,FALSE,35.03836,6.06999
61,101,FALSE,23.07035,5.10159
61,103,FALSE,25.07208,6.14573
61,104,FALSE,30.00442,6.02555
61,106,FALSE,28.14555,3.03122
61,107,FALSE,26.00736,4.06758
61,109,FALSE,34.08717,6.11909
61,110,FALSE,28.07815,6.08077
61,111,FALSE,33.12009,5.03842
61,112,FALSE,22.09273,4.0178
61,113,FALSE,28.03092,5.1215
61,114,FALSE,5.14721,2.03534
61,115,FALSE,5.14696,6.03592
61,116,FALSE,28.13988,3.09572
61,117,FALSE,5.11119,3.04977
61,118,FALSE,18.04232,2.03422
61,120,FALSE,34.08678,2.12767
61,121,FALSE,5.1051,2.12608
61,122,FALSE,5.13546,1.05232
61,123,FALSE,6.10929,2.13623
61,124,FALSE,37.08969,2.10139
61,125,FALSE,34.09428,35.05693
61,126,FALSE,30.04773,35.0293
61,127,FALSE,24.0302,6.04085
61,128,FALSE,30.11976,6.08621
61,129,FALSE,30.00485,6.13265
61,130,FALSE,35.08344,35.08509
61,131,FALSE,5.00502,4.01164
61,133,FALSE,5.14638,3.08478
61,134,FALSE,5.14742,4.04421
61,135,FALSE,4.08972,4.00036
61,136,FALSE,4.14322,4.09851
61,137,TRUE,5.01505,1
61,139,FALSE,5.12775,5.06429
61,140,FALSE,3.07379,4.00271
61,141,FALSE,2.03896,6.04338
61,142,FALSE,3.12611,3.12722
61,143,FALSE,5.05035,1.00182
61,144,FALSE,5.11172,4.06369
61,145,FALSE,1,30.00726
61,146,TRUE,1,1
61,147,FALSE,1,2.09015
61,148,TRUE,1,1
61,149,TRUE,18.05562,1
61,150,FALSE,1,35.01282
61,151,TRUE,1.08118,1
61,153,FALSE,6.07888,6.0807
61,154,FALSE,23.08392,6.02059
61,155,FALSE,23.09202,4.06451
61,156,FALSE,28.0512,5.06953
61,157,FALSE,5.09795,1.05299
61,158,FALSE,18.13903,4.057
61,159,FALSE,23.14624,1.0972
61,160,FALSE,23.02499,4.03084
61,161,FALSE,18.0823,4.13856
61,162,FALSE,29.1142,34.1295
61,164,FALSE,37.13185,5.01446
61,165,FALSE,6.02602,35.05624
61,166,FALSE,30.13653,35.05506
61,167,FALSE,5.05572,6.04298
61,168,FALSE,1,35.05803
61,169,FALSE,30.06692,35.13086
61,173,FALSE,29.09563,6.00756
61,175,FALSE,3.13362,3.14501
61,176,FALSE,5.13855,5.00057
61,177,FALSE,30.12185,6.09384
61,178,FALSE,35.05718,34.00412
61,179,FALSE,34.01617,6.13439
61,180,FALSE,28.04918,28.08095
61,181,FALSE,35.05141,33.04281
61,182,FALSE,10.04048,6.13212
61,183,FALSE,35.0107,6.12427
61,184,FALSE,37.05472,6.1111
61,185,FALSE,28.04516,6.13313
61,186,FALSE,37.088,6.0812
61,188,FALSE,30.09165,1.05312
61,189,FALSE,34.07847,34.13632
61,190,FALSE,23.06995,6.10013
61,191,FALSE,30.11022,6.04579
61,192,FALSE,25.02942,6.05456
61,193,FALSE,35.03,36.01523
61,194,FALSE,25.11933,6.13111
61,195,FALSE,28.11676,6.05009
61,197,FALSE,29.01427,2.00829
61,198,FALSE,25.08252,6.00104
61,199,FALSE,29.03065,23.09846
61,200,FALSE,6.06904,6.07469
61,201,FALSE,5.08209,6.02434
61,202,FALSE,37.05383,37.06208
61,203,FALSE,30.11709,20.00172
61,204,FALSE,30.09166,4.10155
61,206,FALSE,30.11395,2.02861
61,207,FALSE,28.0728,6.10219
61,208,FALSE,5.14341,5.09744
61,209,FALSE,28.09967,28.10053
61,210,FALSE,28.12864,28.0629
61,211,FALSE,28.02928,33.12735
61,212,FALSE,4.14481,5.11599
61,213,FALSE,13.01763,5.08177
61,216,FALSE,28.0411,6.08566
61,217,FALSE,29.01217,6.13077
61,218,FALSE,30.13382,6.08206
61,219,FALSE,25.00215,6.14106
61,222,FALSE,28.1135,5.0546
61,225,FALSE,33.10275,33.11099
61,226,FALSE,35.10364,6.10158
61,227,FALSE,37.04348,34.03012
61,229,FALSE,33.13946,33.11322
61,230,FALSE,33.01748,33.02573
61,233,FALSE,30.12244,6.00971
61,234,FALSE,30.03193,33.00901
61,235,FALSE,30.12251,33.04705
61,236,FALSE,4.04924,4.04252
61,237,FALSE,5.05595,6.04382
61,242,FALSE,24.12684,4.1311
61,243,FALSE,6.00793,6.12112
61,251,FALSE,34.09707,34.1074
61,252,FALSE,28.11958,6.11236
61,253,FALSE,30.00954,4.08272
61,254,FALSE,4.08563,1.05998
61,255,FALSE,13.09611,3.0731
61,256,FALSE,30.09308,2.10807
61,257,FALSE,20.02791,4.13564
61,258,FALSE,18.01329,5.07009
61,259,FALSE,5.05912,33.04253
61,260,FALSE,5.0789,5.06355
61,262,FALSE,36.13518,1.02292
61,263,FALSE,6.08723,3.0016
61,264,FALSE,29.02017,6.10082
61,265,FALSE,6.14049,5.04422
61,270,FALSE,6.11038,33.06146
61,271,FALSE,28.00487,6.08679
61,272,FALSE,5.08932,6.02531
61,273,FALSE,5.14492,6.04965
61,274,FALSE,5.1091,6.03923
61,275,FALSE,6.03616,33.00548
61,280,FALSE,5.0462,3.08093
61,289,FALSE,29.01185,5.14328
61,290,FALSE,6.11912,6.09986
61,291,FALSE,6.1377,6.13683
61,292,FALSE,6.08244,5.13486
61,293,FALSE,30.0826,15.13922
61,294,FALSE,6.13524,10.02045
61,295,FALSE,36.04812,25.04438
61,296,FALSE,4.13825,20.05751
61,297,FALSE,35.05944,6.05231
61,298,FALSE,33.00754,1.02475
61,299,FALSE,34.08148,6.08108
61,300,FALSE,33.10991,4.05614
61,301,FALSE,33.10091,4.12255
61,302,FALSE,35.03502,5.00322
61,303,FALSE,33.092,5.00308
61,308,FALSE,31.00878,5.07201
61,317,FALSE,22.08803,3.11502
61,318,FALSE,36.0273,6.03851
61,319,FALSE,30.12482,5.14704
61,320,FALSE,27.01108,4.05832
61,321,FALSE,34.0321,4.03163
61,322,FALSE,18.07133,5.00727
61,323,FALSE,17.00768,3.07253
61,324,FALSE,23.00383,2.05627
61,325,FALSE,25.04112,2.03446
61,326,FALSE,28.09831,4.09509
61,328,FALSE,25.1193,5.07314
61,329,FALSE,31.06601,6.14412
61,330,FALSE,30.04019,6.02653
61,331,FALSE,20.14613,5.01285
61,332,FALSE,30.03606,5.11391
61,333,FALSE,30.10647,33.00779
61,334,FALSE,6.01806,6.02988
61,335,FALSE,30.01743,5.06577
61,336,FALSE,30.13928,5.0663
61,337,FALSE,25.04138,6.01304
61,339,FALSE,28.14357,6.13126
61,340,TRUE,1.02781,1
61,341,TRUE,25.04013,1
61,342,FALSE,5.14604,36.05389
61,343,TRUE,1,1
61,346,FALSE,27.0086,6.01917
61,347,FALSE,33.07022,6.10644
61,348,FALSE,27.05077,6.04146
61,349,FALSE,25.09693,2.10105
61,350,FALSE,29.01047,6.07862
61,351,FALSE,25.1259,6.12217
61,352,FALSE,34.13579,6.12262
61,353,FALSE,37.07611,34.11406
61,354,FALSE,34.05884,34.06461
61,355,FALSE,23.10517,5.05759
61,357,FALSE,29.12958,5.09029
61,358,FALSE,28.10487,6.00265
61,359,FALSE,32.11508,6.00731
61,361,FALSE,25.11832,6.07691
61,363,FALSE,35.08208,35.09213
61,364,FALSE,35.06268,35.07566
61,365,FALSE,23.06276,3.12407
61,366,FALSE,5.14607,5.09853
61,367,FALSE,35.01508,35.02773
61,370,FALSE,28.12394,6.08197
61,371,FALSE,33.07337,6.12275
61,372,FALSE,33.08016,6.14462
61,373,FALSE,6.0503,6.03253
61,374,FALSE,37.04415,1.03888
61,375,FALSE,4.036,5.12044
61,376,FALSE,5.04061,6.11439
61,377,FALSE,2.00839,6.0323
61,378,FALSE,28.0718,33.06757
61,379,FALSE,5.13113,28.10742
61,380,FALSE,33.09838,34.02368
61,381,FALSE,5.01171,6.05278
61,383,FALSE,29.10182,5.11739
61,384,FALSE,30.10376,6.08999
61,385,FALSE,25.13503,2.02005
61,386,FALSE,27.01133,1.11765
61,387,FALSE,34.02493,1.12429
61,388,FALSE,5.07601,2.11256
61,389,FALSE,7.04703,2.05531
61,390,FALSE,27.08645,3.05741
61,391,FALSE,23.07955,2.03145
61,394,FALSE,30.09474,5.09801
61,395,FALSE,2.14454,35.05719
61,396,FALSE,3.02674,35.0579
61,397,FALSE,4.13667,35.12787
61,398,FALSE,33.03058,35.08545
61,403,FALSE,19.08039,6.001
61,404,FALSE,34.01258,35.029
61,405,FALSE,5.12395,35.0487
61,406,FALSE,1,4.05676
61,407,FALSE,28.1346,29.04509
61,408,TRUE,4.06321,1
61,412,FALSE,34.13337,10.09214
61,413,FALSE,25.13745,20.00231
61,414,FALSE,31.04835,10.12205
61,415,FALSE,28.01732,30.00201
61,416,FALSE,20.05615,33.02467
61,417,FALSE,28.12531,6.13555
61,418,FALSE,35.05365,35.09412
61,419,FALSE,33.06805,33.08155
61,420,FALSE,33.06023,33.12248
61,421,FALSE,33.06334,33.06997
61,422,FALSE,30.14141,28.09299
61,423,FALSE,23.05849,6.11992
61,425,FALSE,37.08365,5.05341
61,426,FALSE,33.12486,6.03793
61,427,FALSE,6.13327,6.08176
61,428,FALSE,33.06895,33.01912
61,429,FALSE,28.13045,33.05064
62,1,FALSE,23.09356,6.08677
62,3,FALSE,4.09477,4.10931
62,5,FALSE,37.02271,6.01837
62,6,FALSE,33.02302,5.05435
62,7,FALSE,1,4.03137
62,9,FALSE,5.10306,4.14656
62,10,FALSE,4.00427,4.03042
62,11,FALSE,1,6.13896
62,13,FALSE,6.05832,6.09292
62,17,FALSE,28.00028,6.05364
62,18,FALSE,6.04032,6.03375
62,19,TRUE,33.02856,1
62,21,FALSE,18.06561,6.06261
62,22,FALSE,6.12751,6.12748
62,25,FALSE,19.01349,6.02179
62,29,FALSE,5.12338,2.09988
62,30,FALSE,6.14139,6.12801
62,69,FALSE,24.11855,2.07225
62,70,FALSE,23.12497,28.14283
62,71,FALSE,28.02123,6.04321
62,72,FALSE,33.0052,33.02138
62,73,FALSE,28.02249,28.03361
62,74,FALSE,33.06641,33.06848
62,75,FALSE,33.12946,34.02805
62,76,FALSE,28.1367,6.13571
62,77,FALSE,6.10593,18.08171
62,78,FALSE,23.12509,6.0177
62,79,FALSE,6.06668,6.07181
62,82,FALSE,29.07135,6.00905
62,83,FALSE,18.13029,3.0466
62,84,FALSE,1,33.03778
62,85,TRUE,2.13564,1
62,86,TRUE,29.01992,1
62,91,FALSE,5.1458,5.09078
62,92,FALSE,6.05411,6.06108
62,93,FALSE,23.08343,6.13673
62,95,FALSE,5.08298,4.03868
62,98,FALSE,30.13123,5.10044
62,99,FALSE,34.13728,22.00478
62,100,FALSE,35.00029,6.07808
62,101,FALSE,23.14136,3.02396
62,103,FALSE,25.06827,6.0945
62,104,FALSE,30.06656,6.00175
62,106,FALSE,28.0137,3.0293
62,107,FALSE,26.01251,4.06488
62,109,FALSE,34.03158,6.13538
62,110,FALSE,28.1265,6.08567
62,111,FALSE,33.07595,3.03679
62,112,FALSE,22.11173,4.00988
62,113,FALSE,28.08885,5.02934
62,114,FALSE,5.08897,2.0275
62,115,FALSE,5.05571,6.01622
62,116,FALSE,28.13756,3.05262
62,117,FALSE,5.14445,3.12763
62,118,FALSE,18.03653,2.03472
62,120,FALSE,34.00301,2.03578
62,121,FALSE,5.10318,3.1296
62,122,FALSE,5.12972,1.10266
62,123,FALSE,6.07835,2.09964
62,124,FALSE,37.08876,2.09454
62,125,FALSE,34.02598,35.03126
62,126,FALSE,30.08831,35.04177
62,127,FALSE,24.05392,6.13407
62,128,FALSE,30.11991,4.043
62,129,FALSE,30.06605,6.1212
62,130,FALSE,35.12619,35.13193
62,131,FALSE,5.1197,4.08245
62,133,FALSE,5.12417,3.02582
62,134,FALSE,4.13093,4.02042
62,135,FALSE,4.05537,6.00159
62,136,FALSE,4.14,6.04876
62,137,TRUE,5.02201,1
62,139,FALSE,5.12372,5.06091
62,140,FALSE,3.13337,4.06927
62,141,FALSE,2.0453,6.01892
62,142,FALSE,3.11793,3.00552
62,143,FALSE,5.14027,1.10803
62,144,FALSE,5.05643,4.03616
62,145,FALSE,1,30.06196
62,146,TRUE,1,1
62,147,FALSE,1,2.11617
62,148,TRUE,1,1
62,149,TRUE,18.03764,1
62,150,FALSE,1,35.00767
62,151,TRUE,1.03174,1
62,153,FALSE,6.13206,6.14038
62,154,FALSE,23.00203,6.05493
62,155,FALSE,23.0055,4.00786
62,156,FALSE,5.12781,6.0084
62,157,FALSE,5.0195,1.00135
62,158,FALSE,18.05372,4.1201
62,159,FALSE,23.01976,1.04121
62,160,FALSE,23.06622,4.07083
62,161,FALSE,18.02073,4.02095
62,162,FALSE,29.13653,34.12034
62,164,FALSE,37.00259,5.04249
62,165,FALSE,6.05824,35.04869
62,166,FALSE,30.12047,35.07313
62,167,FALSE,5.12673,6.0832
62,168,FALSE,1,35.03153
62,169,FALSE,30.03914,35.11574
62,173,FALSE,29.10855,6.00692
62,175,FALSE,3.04083,3.05472
62,176,FALSE,5.06834,5.13523
62,177,FALSE,30.10911,6.08232
62,178,FALSE,35.01607,34.01613
62,179,FALSE,34.04518,6.14512
62,180,FALSE,28.08502,28.1274
62,181,FALSE,35.0278,33.08992
62,182,FALSE,10.04005,6.12986
62,183,FALSE,35.08948,6.12764
62,184,FALSE,37.10176,6.08026
62,185,FALSE,28.11824,6.14314
62,186,FALSE,37.12456,6.08608
62,188,FALSE,30.07321,1.01207
62,189,FALSE,34.09445,34.1078
62,190,FALSE,23.03024,6.12841
62,191,FALSE,30.10513,6.06967
62,192,FALSE,25.14208,6.0988
62,193,FALSE,35.08131,36.00402
62,194,FALSE,25.01362,6.10982
62,195,FALSE,28.12,6.0437
62,197,FALSE,30.06737,2.0391
62,198,FALSE,25.00243,6.1358
62,199,FALSE,29.11578,23.02128
62,200,FALSE,6.04008,6.05924
62,201,FALSE,5.13651,6.13842
62,202,FALSE,37.13462,37.02426
62,203,FALSE,30.14368,30.01128
62,204,FALSE,30.06571,4.00777
62,206,FALSE,30.12697,2.00897
62,207,FALSE,28.03032,6.10438
62,208,FALSE,5.14714,5.00557
62,209,FALSE,28.03692,28.106
62,210,FALSE,28.11593,28.0499
62,211,FALSE,28.14275,33.02886
62,212,FALSE,4.10427,5.00853
62,213,FALSE,13.11484,5.10055
62,216,FALSE,28.12024,6.09041
62,217,FALSE,29.11866,6.14043
62,218,FALSE,30.12961,6.10271
62,219,FALSE,25.05954,6.1326
62,222,FALSE,28.07491,5.12154
62,225,FALSE,33.13401,33.14054
62,226,FALSE,35.04235,6.10037
62,227,FALSE,37.06494,34.04261
62,229,FALSE,33.08688,33.07078
62,230,FALSE,33.12341,33.01057
62,233,FALSE,30.1215,6.02775
62,234,FALSE,30.07978,33.05422
62,235,FALSE,30.08574,33.03401
62,236,FALSE,4.0462,4.07758
62,237,FALSE,5.13105,6.05028
62,242,FALSE,24.13164,4.04871
62,243,FALSE,6.06112,6.10029
62,251,FALSE,34.02139,34.03424
62,252,FALSE,28.0398,6.10117
62,253,FALSE,30.035,4.01907
62,254,FALSE,4.13519,1.13919
62,255,FALSE,13.13942,3.1112
62,256,FALSE,30.07156,2.0336
62,257,FALSE,20.14033,4.1249
62,258,FALSE,18.07016,5.00255
62,259,FALSE,5.02554,33.12129
62,260,FALSE,5.08943,5.09461
62,262,FALSE,36.06558,1.01277
62,263,FALSE,6.05005,3.08111
62,264,FALSE,29.07754,6.05772
62,265,FALSE,6.14434,5.07358
62,270,FALSE,6.13574,33.04278
62,271,FALSE,28.03018,6.09378
62,272,FALSE,5.13663,6.09215
62,273,FALSE,5.13641,6.10074
62,274,FALSE,5.07972,6.01028
62,275,FALSE,6.05344,33.10425
62,280,FALSE,5.07873,3.02793
62,289,FALSE,29.02429,5.13379
62,290,FALSE,6.12279,6.10373
62,291,FALSE,6.14736,6.14668
62,292,FALSE,6.0806,5.00293
62,293,FALSE,30.0835,16.00113
62,294,FALSE,6.06887,10.00977
62,295,FALSE,36.11139,25.00312
62,296,FALSE,4.1259,20.00404
62,297,FALSE,35.01104,6.02243
62,298,FALSE,33.03828,2.07407
62,299,FALSE,34.04299,6.0739
62,300,FALSE,33.08766,6.08759
62,301,FALSE,33.12092,4.13566
62,302,FALSE,35.11335,6.01091
62,303,FALSE,33.11949,5.07271
62,308,FALSE,31.08643,5.00016
62,317,FALSE,22.091,4.07018
62,318,FALSE,36.08882,4.1331
62,319,FALSE,30.10179,5.12116
62,320,FALSE,27.00108,4.11008
62,321,FALSE,34.13956,3.12746
62,322,FALSE,18.04215,5.09449
62,323,FALSE,17.00937,2.14692
62,324,FALSE,23.0205,1.04648
62,325,FALSE,25.10749,4.12466
62,326,FALSE,28.0597,3.14549
62,328,FALSE,25.12493,5.14215
62,329,FALSE,31.03535,6.1191
62,330,FALSE,30.03528,6.04357
62,331,FALSE,20.01831,5.05498
62,332,FALSE,30.13127,5.10895
62,333,FALSE,30.06563,33.12582
62,334,FALSE,6.05266,6.11337
62,335,FALSE,30.10178,5.09227
62,336,FALSE,30.06904,5.01752
62,337,FALSE,25.07715,6.00431
62,339,FALSE,28.10434,5.14191
62,340,TRUE,1.03835,1
62,341,TRUE,25.10533,1
62,342,FALSE,5.13101,36.14459
62,343,TRUE,1,1
62,346,FALSE,27.04218,6.0641
62,347,FALSE,33.06364,6.09753
62,348,FALSE,27.08508,6.0371
62,349,FALSE,25.06977,2.05812
62,350,FALSE,29.11291,28.07291
62,351,FALSE,25.02645,6.10225
62,352,FALSE,34.00426,6.13457
62,353,FALSE,37.03103,34.08814
62,354,FALSE,34.12661,34.13445
62,355,FALSE,23.08676,4.05373
62,357,FALSE,29.04356,5.11199
62,358,FALSE,28.08842,6.03377
62,359,FALSE,32.0023,6.01289
62,361,FALSE,25.14093,6.02503
62,363,FALSE,35.04898,35.05649
62,364,FALSE,35.05369,35.06523
62,365,FALSE,23.07618,3.05544
62,366,FALSE,5.11071,5.11839
62,367,FALSE,35.01706,35.06891
62,370,FALSE,28.11452,6.09164
62,371,FALSE,33.08086,6.13032
62,372,FALSE,33.07462,6.14212
62,373,FALSE,6.11771,6.01015
62,374,FALSE,37.02523,1.00515
62,375,FALSE,23.0976,5.0079
62,376,FALSE,5.05555,6.01372
62,377,FALSE,1,2.10629
62,378,FALSE,28.14436,33.10984
62,379,FALSE,5.11912,28.12596
62,380,FALSE,33.04381,34.11628
62,381,FALSE,5.12548,6.03813
62,383,FALSE,28.13328,5.0995
62,384,FALSE,30.12309,6.09945
62,385,FALSE,25.09541,1.14376
62,386,FALSE,27.10122,1.07337
62,387,FALSE,34.02941,2.13697
62,388,FALSE,5.05708,2.10377
62,389,FALSE,7.0598,2.01274
62,390,FALSE,27.14507,3.06806
62,391,FALSE,23.09333,4.13361
62,394,FALSE,30.03245,5.06333
62,395,FALSE,2.01227,35.00298
62,396,FALSE,3.08622,35.06449
62,397,FALSE,4.00072,35.13998
62,398,FALSE,33.11306,35.05006
62,403,FALSE,19.13282,6.1117
62,404,FALSE,34.10193,35.096
62,405,FALSE,5.14028,35.04365
62,406,FALSE,4.07235,6.06631
62,407,FALSE,28.02067,29.07507
62,408,TRUE,4.05306,1
62,412,FALSE,34.08682,10.0082
62,413,FALSE,25.06362,15.06389
62,414,FALSE,31.07604,10.13096
62,415,FALSE,28.06851,30.07844
62,416,FALSE,20.01685,33.04248
62,417,FALSE,23.11557,6.12623
62,418,FALSE,35.10052,35.11538
62,419,FALSE,33.02508,33.07426
62,420,FALSE,33.08259,33.09616
62,421,FALSE,33.05697,33.08223
62,422,FALSE,30.1029,28.00371
62,423,FALSE,23.04649,6.06296
62,425,FALSE,37.01725,6.07179
62,426,FALSE,33.13132,6.03887
62,427,FALSE,6.13785,6.10801
62,428,FALSE,33.08007,33.13752
62,429,FALSE,28.13256,33.1276
63,1,FALSE,23.1061,6.08008
63,3,FALSE,4.03568,4.11992
63,5,FALSE,37.04395,6.00885
63,6,FALSE,33.0572,5.09482
63,7,FALSE,1,4.01022
63,9,FALSE,5.05308,5.0058
63,10,FALSE,4.11322,5.12
63,11,FALSE,1,6.14716
63,13,FALSE,6.09094,6.09528
63,17,FALSE,28.12691,6.02292
63,18,FALSE,6.06358,6.04885
63,19,TRUE,33.11317,1
63,21,FALSE,29.0883,6.0726
63,22,FALSE,6.10854,6.11118
63,25,FALSE,19.12392,6.01456
63,29,FALSE,5.14707,3.10092
63,30,FALSE,6.11969,6.12542
63,69,FALSE,24.04025,2.03567
63,70,FALSE,23.13452,28.13917
63,71,FALSE,28.02764,6.07225
63,72,FALSE,33.06735,33.07057
63,73,FALSE,28.11559,28.05747
63,74,FALSE,33.05214,33.0585
63,75,FALSE,33.13247,34.08258
63,76,FALSE,6.13497,6.14543
63,77,FALSE,6.13479,18.08576
63,78,FALSE,23.12285,6.03747
63,79,FALSE,6.11482,6.12114
63,82,FALSE,29.10338,6.12101
63,83,FALSE,18.01869,3.13775
63,84,FALSE,1,33.08751
63,85,TRUE,2.14679,1
63,86,TRUE,29.10202,1
63,91,FALSE,5.14077,5.0648
63,92,FALSE,28.11339,6.07142
63,93,FALSE,23.02795,6.13641
63,95,FALSE,5.08586,3.01057
63,98,FALSE,30.13342,5.02772
63,99,FALSE,34.07669,22.02973
63,100,FALSE,35.00855,6.10871
63,101,FALSE,23.11732,5.03698
63,103,FALSE,25.02191,6.10494
63,104,FALSE,30.07277,6.01802
63,106,FALSE,28.09418,3.11867
63,107,FALSE,26.01805,4.04145
63,109,FALSE,34.04152,6.11815
63,110,FALSE,28.14615,6.06918
63,111,FALSE,33.12936,3.14389
63,112,FALSE,22.02815,4.01175
63,113,FALSE,28.09631,5.04789
63,114,FALSE,5.10196,2.05871
63,115,FALSE,5.12597,6.03358
63,116,FALSE,28.13148,3.09501
63,117,FALSE,5.09588,4.09678
63,118,FALSE,18.06389,2.09174
63,120,FALSE,34.10656,2.0436
63,121,FALSE,5.08765,3.03344
63,122,FALSE,5.11492,2.02817
63,123,FALSE,6.08446,2.11101
63,124,FALSE,37.10305,2.03673
63,125,FALSE,34.14651,35.02653
63,126,FALSE,30.06991,35.007
63,127,FALSE,24.11329,6.02343
63,128,FALSE,30.08566,4.03886
63,129,FALSE,30.12365,6.10082
63,130,FALSE,35.08419,35.12314
63,131,FALSE,5.06686,4.13498
63,133,FALSE,5.12387,3.10403
63,134,FALSE,5.13382,4.02174
63,135,FALSE,4.1371,4.04509
63,136,FALSE,4.12399,6.06366
63,137,TRUE,5.00517,1
63,139,FALSE,5.04563,5.0262
63,140,FALSE,3.01971,4.03372
63,141,FALSE,2.03222,6.09281
63,142,FALSE,3.02602,3.102
63,143,FALSE,5.09584,1.07952
63,144,FALSE,5.12777,4.0496
63,145,FALSE,1,30.02874
63,146,TRUE,1,1
63,147,FALSE,1,2.05025
63,148,TRUE,1,1
63,149,TRUE,18.07276,1
63,150,FALSE,1,35.06377
63,151,TRUE,1.09193,1
63,153,FALSE,6.06411,6.09639
63,154,FALSE,23.11479,6.03865
63,155,FALSE,23.06816,4.03297
63,156,FALSE,28.02348,5.07609
63,157,FALSE,5.10597,1.0248
63,158,FALSE,18.03045,4.03435
63,159,FALSE,23.05859,1.03694
63,160,FALSE,23.00738,4.10754
63,161,FALSE,18.10179,4.01864
63,162,FALSE,29.12453,34.12312
63,164,FALSE,37.05432,5.124
63,165,FALSE,6.0544,35.14739
63,166,FALSE,30.11424,35.08523
63,167,FALSE,5.03758,6.01987
63,168,FALSE,1,35.04979
63,169,FALSE,30.14368,35.10838
63,173,FALSE,28.11011,6.03754
63,175,FALSE,3.06872,3.0978
63,176,FALSE,5.07169,5.01792
63,177,FALSE,30.14294,6.05019
63,178,FALSE,35.01552,34.00499
63,179,FALSE,34.12147,6.14279
63,180,FALSE,28.04867,28.12646
63,181,FALSE,35.02536,33.03465
63,182,FALSE,10.05724,6.13681
63,183,FALSE,35.06294,6.09894
63,184,FALSE,37.12222,6.1145
63,185,FALSE,28.10658,6.13482
63,186,FALSE,37.08336,6.01497
63,188,FALSE,37.00993,1.00358
63,189,FALSE,34.05503,34.11006
63,190,FALSE,23.11634,6.11779
63,191,FALSE,30.10624,6.09803
63,192,FALSE,25.10882,6.10911
63,193,FALSE,35.02603,36.08018
63,194,FALSE,25.10966,6.08635
63,195,FALSE,28.12198,6.08937
63,197,FALSE,30.12276,1.10955
63,198,FALSE,25.00092,6.01491
63,199,FALSE,30.07668,23.04741
63,200,FALSE,6.00563,6.01715
63,201,FALSE,5.12872,6.08429
63,202,FALSE,37.02999,37.0351
63,203,FALSE,30.07361,30.05414
63,204,FALSE,30.03298,4.13622
63,206,FALSE,30.0239,2.05074
63,207,FALSE,28.08096,6.0912
63,208,FALSE,5.10561,5.08262
63,209,FALSE,28.06444,28.14216
63,210,FALSE,28.13194,28.13503
63,211,FALSE,28.08869,33.10383
63,212,FALSE,5.07468,4.13022
63,213,FALSE,13.12705,5.12902
63,216,FALSE,28.14621,6.09967
63,217,FALSE,29.11365,6.13201
63,218,FALSE,30.05096,6.05461
63,219,FALSE,25.06507,6.14064
63,222,FALSE,28.09658,5.13043
63,225,FALSE,33.05501,33.06349
63,226,FALSE,35.13856,6.08602
63,227,FALSE,37.01337,34.09536
63,229,FALSE,33.09971,33.05512
63,230,FALSE,33.0931,33.03645
63,233,FALSE,30.13347,6.01778
63,234,FALSE,30.11114,33.07451
63,235,FALSE,30.1282,33.0224
63,236,FALSE,4.10329,4.01761
63,237,FALSE,5.0724,6.08295
63,242,FALSE,24.04008,4.06477
63,243,FALSE,6.04716,6.08585
63,251,FALSE,34.10268,34.10726
63,252,FALSE,28.05319,6.11053
63,253,FALSE,30.0061,4.01806
63,254,FALSE,4.02933,1.06853
63,255,FALSE,13.03524,3.02185
63,256,FALSE,30.12892,2.08428
63,257,FALSE,20.12013,4.01737
63,258,FALSE,18.07436,5.05655
63,259,FALSE,5.01402,33.13566
63,260,FALSE,5.13564,5.12287
63,262,FALSE,36.02124,1.01256
63,263,FALSE,6.06922,3.01776
63,264,FALSE,29.01539,6.0581
63,265,FALSE,6.11742,5.13294
63,270,FALSE,6.07465,33.0339
63,271,FALSE,28.13483,6.13425
63,272,FALSE,5.11671,6.10549
63,273,FALSE,5.11527,6.03286
63,274,FALSE,5.12482,6.03374
63,275,FALSE,6.05008,33.00542
63,280,FALSE,5.1308,3.06837
63,289,FALSE,29.0894,5.12111
63,290,FALSE,6.12585,6.09299
63,291,FALSE,6.13341,6.13589
63,292,FALSE,6.13655,5.10708
63,293,FALSE,30.12665,15.14433
63,294,FALSE,6.10296,10.07862
63,295,FALSE,36.04733,25.04972
63,296,FALSE,4.08406,20.05379
63,297,FALSE,35.06781,6.06306
63,298,FALSE,33.04833,2.10893
63,299,FALSE,34.04663,6.09742
63,300,FALSE,33.13783,6.07657
63,301,FALSE,33.01152,4.06665
63,302,FALSE,35.01702,5.03739
63,303,FALSE,33.04465,5.12502
63,308,FALSE,31.0844,5.12456
63,317,FALSE,22.0507,3.05897
63,318,FALSE,36.02592,6.00617
63,319,FALSE,30.08414,5.1159
63,320,FALSE,27.11272,4.02256
63,321,FALSE,34.07885,3.09231
63,322,FALSE,18.02276,5.14435
63,323,FALSE,17.10564,2.06554
63,324,FALSE,23.09323,1.1375
63,325,FALSE,25.04136,2.04428
63,326,FALSE,18.04046,3.07692
63,328,FALSE,25.09644,5.12746
63,329,FALSE,31.09576,6.12038
63,330,FALSE,30.05563,6.04844
63,331,FALSE,20.03054,5.04374
63,332,FALSE,30.14103,5.13429
63,333,FALSE,30.04235,33.06373
63,334,FALSE,6.02436,6.02583
63,335,FALSE,30.01768,5.09896
63,336,FALSE,30.13719,5.129
63,337,FALSE,25.05653,6.02017
63,339,FALSE,28.03719,5.11812
63,340,TRUE,1.10839,1
63,341,TRUE,25.0157,1
63,342,FALSE,5.01883,36.08221
63,343,TRUE,1,1
63,346,FALSE,27.04478,6.03816
63,347,FALSE,33.10757,6.08516
63,348,FALSE,27.13815,6.03814
63,349,FALSE,25.10189,2.0698
63,350,FALSE,29.01084,6.1366
63,351,FALSE,25.0736,6.11016
63,352,FALSE,34.04869,6.04784
63,353,FALSE,37.09368,34.00413
63,354,FALSE,34.07077,34.13684
63,355,FALSE,23.13315,5.03863
63,357,FALSE,29.05703,5.09058
63,358,FALSE,28.03973,6.02081
63,359,FALSE,32.06625,6.00541
63,361,FALSE,25.10491,6.04822
63,363,FALSE,35.05674,35.06712
63,364,FALSE,35.05698,35.11805
63,365,FALSE,23.08991,3.11237
63,366,FALSE,5.12234,5.13184
63,367,FALSE,35.00308,35.06305
63,370,FALSE,28.06088,6.06029
63,371,FALSE,33.13303,6.13119
63,372,FALSE,33.11299,6.14283
63,373,FALSE,6.12594,6.02659
63,374,FALSE,37.11268,1.10224
63,375,FALSE,4.13202,5.021
63,376,FALSE,5.01636,6.00961
63,377,FALSE,2.04126,6.12445
63,378,FALSE,28.12239,33.06714
63,379,FALSE,5.05691,28.11587
63,380,FALSE,33.01158,34.03496
63,381,FALSE,5.13344,6.10159
63,383,FALSE,30.05281,5.03966
63,384,FALSE,28.02089,6.14009
63,385,FALSE,25.12773,1.05237
63,386,FALSE,27.01925,1.02995
63,387,FALSE,34.10759,2.00685
63,388,FALSE,5.00596,2.08146
63,389,FALSE,7.10692,2.03268
63,390,FALSE,27.12743,3.04143
63,391,FALSE,23.06869,5.0077
63,394,FALSE,30.08542,5.04387
63,395,FALSE,2.06419,35.03118
63,396,FALSE,3.0163,35.02273
63,397,FALSE,4.04057,35.01211
63,398,FALSE,33.0527,35.14295
63,403,FALSE,19.12228,6.00865
63,404,FALSE,34.05687,35.09915
63,405,FALSE,5.02478,35.09643
63,406,FALSE,1,4.09924
63,407,FALSE,28.02707,29.05374
63,408,TRUE,4.08766,1
63,412,FALSE,34.09785,10.00626
63,413,FALSE,25.03224,20.02028
63,414,FALSE,31.07371,10.00824
63,415,FALSE,28.02014,30.01637
63,416,FALSE,20.0293,33.02482
63,417,FALSE,28.03488,6.12842
63,418,FALSE,35.06795,35.09376
63,419,FALSE,33.13095,33.13399
63,420,FALSE,33.12495,33.133
63,421,FALSE,33.06574,33.09366
63,422,FALSE,30.03123,28.11186
63,423,FALSE,23.07714,6.11457
63,425,FALSE,37.10431,6.00144
63,426,FALSE,33.1076,6.05527
63,427,FALSE,6.13239,6.09913
63,428,FALSE,33.10589,33.1304
63,429,FALSE,28.08465,33.00929
64,1,FALSE,23.10476,6.0646
64,3,FALSE,4.04109,4.13782
64,5,FALSE,37.01625,6.00565
64,6,FALSE,33.03717,5.11402
64,7,FALSE,1,4.03492
64,9,FALSE,5.09564,4.09611
64,10,FALSE,4.14187,5.10032
64,11,FALSE,1,6.0638
64,13,FALSE,6.04145,6.02471
64,17,FALSE,28.11024,6.0298
64,18,FALSE,6.0432,6.01995
64,19,TRUE,33.06276,1
64,21,FALSE,29.06829,6.05545
64,22,FALSE,6.13041,6.10437
64,25,FALSE,19.11328,6.01016
64,29,FALSE,5.14443,2.07769
64,30,FALSE,6.14558,6.127
64,69,FALSE,24.0489,2.09034
64,70,FALSE,23.00919,28.04551
64,71,FALSE,28.03526,6.07338
64,72,FALSE,33.01057,33.07968
64,73,FALSE,28.09687,28.11997
64,74,FALSE,37.13489,33.03588
64,75,FALSE,33.08304,34.07071
64,76,FALSE,28.043,6.1262
64,77,FALSE,6.12503,18.06951
64,78,FALSE,29.10189,6.03421
64,79,FALSE,6.11065,6.11325
64,82,FALSE,29.12797,6.08173
64,83,FALSE,18.03812,3.04968
64,84,FALSE,1,33.01131
64,85,TRUE,2.04375,1
64,86,TRUE,29.09246,1
64,91,FALSE,5.14295,5.08389
64,92,FALSE,6.10445,6.11198
64,93,FALSE,23.11834,6.11836
64,95,FALSE,5.11008,3.12234
64,98,FALSE,30.06476,5.11296
64,99,FALSE,34.12724,22.11476
64,100,FALSE,35.04346,6.10513
64,101,FALSE,23.11171,5.0326
64,103,FALSE,25.01942,6.13503
64,104,FALSE,30.10287,6.00831
64,106,FALSE,28.06727,3.03614
64,107,FALSE,26.00976,4.08154
64,109,FALSE,34.0632,6.13044
64,110,FALSE,28.14714,6.08275
64,111,FALSE,33.02212,3.0879
64,112,FALSE,22.1272,4.06337
64,113,FALSE,28.04548,5.00354
64,114,FALSE,5.13508,2.00573
64,115,FALSE,5.14653,6.03136
64,116,FALSE,28.14288,3.01901
64,117,FALSE,5.1185,4.07985
64,118,FALSE,18.05536,2.01397
64,120,FALSE,34.03576,2.00339
64,121,FALSE,5.05856,3.00742
64,122,FALSE,5.14644,1.03618
64,123,FALSE,6.04097,2.0971
64,124,FALSE,37.13323,4.03114
64,125,FALSE,34.06528,35.03877
64,126,FALSE,30.0353,35.11882
64,127,FALSE,24.14267,6.04701
64,128,FALSE,30.13379,6.04809
64,129,FALSE,30.06468,6.14382
64,130,FALSE,35.12119,35.14158
64,131,FALSE,5.12866,4.08675
64,133,FALSE,5.13863,3.10482
64,134,FALSE,4.02279,4.00434
64,135,FALSE,4.05457,4.02559
64,136,FALSE,4.1064,4.12251
64,137,TRUE,5.00156,1
64,139,FALSE,5.01899,5.0245
64,140,FALSE,3.12965,4.01309
64,141,FALSE,2.11102,6.1402
64,142,FALSE,3.02622,3.13234
64,143,FALSE,5.02823,1.14182
64,144,FALSE,5.06549,4.11271
64,145,TRUE,30.02453,1
64,146,TRUE,1,1
64,147,FALSE,1,2.07187
64,148,TRUE,1,1
64,149,TRUE,18.10644,1
64,150,FALSE,1,35.11863
64,151,TRUE,1.01406,1
64,153,FALSE,6.12689,6.13494
64,154,FALSE,23.05405,6.04901
64,155,FALSE,37.02327,4.10313
64,156,FALSE,5.14046,6.02472
64,157,FALSE,5.05344,1.02582
64,158,FALSE,18.04611,4.02477
64,159,FALSE,23.06316,1.07138
64,160,FALSE,23.0324,4.06612
64,161,FALSE,18.00071,4.10163
64,162,FALSE,29.09268,34.03931
64,164,FALSE,37.06331,6.03562
64,165,FALSE,6.13135,35.1435
64,166,FALSE,30.1159,35.10172
64,167,FALSE,5.03291,6.11241
64,168,FALSE,1,35.13363
64,169,FALSE,30.14032,35.12413
64,173,FALSE,29.05473,6.00835
64,175,FALSE,3.03809,3.0457
64,176,FALSE,5.02798,5.11554
64,177,FALSE,30.10988,6.06616
64,178,FALSE,35.01435,34.02248
64,179,FALSE,34.06029,6.14466
64,180,FALSE,28.11969,28.14709
64,181,FALSE,35.00068,33.03272
64,182,FALSE,25.10381,6.14353
64,183,FALSE,35.08432,6.07979
64,184,FALSE,37.05329,6.02069
64,185,FALSE,28.08786,6.1445
64,186,FALSE,37.06518,6.03943
64,188,FALSE,30.14429,1.00274
64,189,FALSE,34.12376,34.12691
64,190,FALSE,23.09721,6.12953
64,191,FALSE,30.13571,6.00739
64,192,FALSE,25.04593,6.06969
64,193,FALSE,35.02116,36.11504
64,194,FALSE,25.09558,6.05602
64,195,FALSE,28.13516,6.14212
64,197,FALSE,29.12308,2.01478
64,198,FALSE,25.07052,6.04506
64,199,FALSE,30.00534,23.09111
64,200,FALSE,6.10593,6.14546
64,201,FALSE,5.12507,6.10443
64,202,FALSE,37.04564,37.04668
64,203,FALSE,30.12233,20.04857
64,204,FALSE,30.13119,4.11873
64,206,FALSE,30.11035,2.13611
64,207,FALSE,28.01394,6.09114
64,208,FALSE,5.13524,5.04415
64,209,FALSE,28.04712,28.10749
64,210,FALSE,28.05521,28.06739
64,211,FALSE,28.09282,33.02007
64,212,FALSE,4.10766,5.01101
64,213,FALSE,13.05372,5.1039
64,216,FALSE,28.12163,6.11545
64,217,FALSE,29.01875,6.13902
64,218,FALSE,30.09539,6.12314
64,219,FALSE,25.11158,6.10574
64,222,FALSE,28.05051,5.12223
64,225,FALSE,33.097,33.10354
64,226,FALSE,35.03484,6.09296
64,227,FALSE,37.14627,34.14243
64,229,FALSE,33.09103,33.08091
64,230,FALSE,33.10553,33.01472
64,233,FALSE,30.08369,6.01849
64,234,FALSE,30.05443,33.05118
64,235,FALSE,30.06102,33.10552
64,236,FALSE,4.10175,4.0657
64,237,FALSE,5.01579,6.02089
64,242,FALSE,24.14111,4.08725
64,243,FALSE,6.00521,6.03365
64,251,FALSE,34.11611,34.1186
64,252,FALSE,28.04187,6.11895
64,253,FALSE,30.06707,4.07418
64,254,FALSE,4.12798,1.10502
64,255,FALSE,13.0548,3.0481
64,256,FALSE,30.02794,2.08137
64,257,FALSE,20.01216,4.02639
64,258,FALSE,18.01836,1.03222
64,259,FALSE,5.13027,33.06944
64,260,FALSE,5.03559,5.02565
64,262,FALSE,36.07753,1.02507
64,263,FALSE,6.01012,3.12684
64,264,FALSE,29.03625,6.08669
64,265,FALSE,6.12232,5.13651
64,270,FALSE,6.02301,33.04726
64,271,FALSE,28.00936,6.02314
64,272,FALSE,5.116,6.03313
64,273,FALSE,5.09652,6.04081
64,274,FALSE,5.07887,6.02297
64,275,FALSE,6.13557,33.01988
64,280,FALSE,5.14715,3.02051
64,289,FALSE,29.0671,5.13052
64,290,FALSE,6.1275,6.11454
64,291,FALSE,6.13628,6.13965
64,292,FALSE,6.10569,5.05936
64,293,FALSE,31.08112,15.05787
64,294,FALSE,10.0173,10.05375
64,295,FALSE,36.02345,25.01021
64,296,FALSE,4.0889,20.0278
64,297,FALSE,35.13567,6.01514
64,298,FALSE,33.07298,2.08754
64,299,FALSE,34.04494,6.05556
64,300,FALSE,33.02682,4.06489
64,301,FALSE,33.04335,4.14217
64,302,FALSE,35.05581,5.05162
64,303,FALSE,33.02668,33.00499
64,308,FALSE,31.12674,5.05586
64,317,FALSE,22.0019,3.1392
64,318,FALSE,36.11985,4.12777
64,319,FALSE,30.14322,5.13832
64,320,FALSE,27.00405,4.00924
64,321,FALSE,34.03393,3.03107
64,322,FALSE,18.01668,5.10751
64,323,FALSE,17.0131,2.12109
64,324,FALSE,23.09871,1.06575
64,325,FALSE,25.11346,4.14543
64,326,FALSE,18.10818,3.0732
64,328,FALSE,25.14132,5.07751
64,329,FALSE,31.03199,20.03893
64,330,FALSE,28.0715,6.04122
64,331,FALSE,20.10157,5.04195
64,332,FALSE,20.09192,6.12736
64,333,FALSE,30.01635,33.02652
64,334,FALSE,6.09651,6.10762
64,335,FALSE,30.05339,5.06516
64,336,FALSE,30.1365,5.11386
64,337,FALSE,25.05002,6.00581
64,339,FALSE,28.08918,5.09183
64,340,TRUE,1.11448,1
64,341,TRUE,25.06154,1
64,342,FALSE,5.08005,36.08663
64,343,TRUE,1,1
64,346,FALSE,27.12389,6.04723
64,347,FALSE,33.08975,6.09283
64,348,FALSE,27.14073,6.03768
64,349,FALSE,25.14666,2.14086
64,350,FALSE,29.14328,6.14199
64,351,FALSE,25.08225,6.10922
64,352,FALSE,34.08436,6.13555
64,353,FALSE,37.11579,34.06901
64,354,FALSE,34.11379,34.14223
64,355,FALSE,23.12365,5.0145
64,357,FALSE,29.13411,5.10122
64,358,FALSE,28.13598,6.01351
64,359,FALSE,32.05425,6.016
64,361,FALSE,25.07208,6.03658
64,363,FALSE,35.05487,35.08653
64,364,FALSE,35.10511,35.10838
64,365,FALSE,23.07065,3.0123
64,366,FALSE,5.03335,5.06896
64,367,FALSE,35.01822,35.02781
64,370,FALSE,28.10036,6.06863
64,371,FALSE,33.07335,6.14528
64,372,FALSE,33.04177,6.13069
64,373,FALSE,6.08642,6.05593
64,374,FALSE,37.08437,1.05103
64,375,FALSE,23.10582,5.1053
64,376,FALSE,5.10829,6.03319
64,377,FALSE,1,2.07323
64,378,FALSE,28.00236,33.06806
64,379,FALSE,5.11998,28.04899
64,380,FALSE,33.09649,34.0102
64,381,FALSE,5.0475,6.00554
64,383,FALSE,29.03582,5.11626
64,384,FALSE,30.0125,6.14511
64,385,FALSE,25.12321,2.07241
64,386,FALSE,27.10155,1.07098
64,387,FALSE,34.00685,1.04869
64,388,FALSE,5.08346,2.12088
64,389,FALSE,7.14723,2.09849
64,390,FALSE,27.01217,3.01821
64,391,FALSE,23.13885,2.0216
64,394,FALSE,30.0802,5.06385
64,395,FALSE,2.09638,35.12072
64,396,FALSE,3.14095,35.07872
64,397,FALSE,4.10531,35.08509
64,398,FALSE,33.0539,35.0333
64,403,FALSE,19.06821,6.0969
64,404,FALSE,34.03086,35.05183
64,405,FALSE,5.13952,35.09117
64,406,FALSE,4.02535,6.04614
64,407,FALSE,28.08713,29.13374
64,408,TRUE,4.11463,1
64,412,FALSE,34.12063,10.01511
64,413,FALSE,25.10975,20.03359
64,414,FALSE,31.13675,10.08483
64,415,FALSE,28.05476,30.08073
64,416,FALSE,20.0239,33.11358
64,417,FALSE,28.04146,6.13491
64,418,FALSE,35.02536,35.03025
64,419,FALSE,33.00358,33.0611
64,420,FALSE,33.05548,33.05555
64,421,FALSE,33.00795,33.10814
64,422,FALSE,28.09423,30.00442
64,423,FALSE,23.08802,6.0417
64,425,FALSE,5.0956,6.03118
64,426,FALSE,33.12672,6.06451
64,427,FALSE,6.13644,6.06297
64,428,FALSE,33.07878,33.09506
64,429,FALSE,28.07775,33.07262
65,1,FALSE,23.06702,6.05887
65,3,FALSE,4.01719,4.01863
65,5,FALSE,37.01708,6.01516
65,6,FALSE,33.00324,5.09319
65,7,FALSE,1,4.10415
65,9,FALSE,5.13103,4.07851
65,10,FALSE,4.05129,5.10598
65,11,FALSE,1,6.07349
65,13,FALSE,6.11387,6.0729
65,17,FALSE,29.09267,6.02355
65,18,FALSE,6.02403,6.032
65,19,TRUE,33.03099,1
65,21,FALSE,29.04032,6.0606
65,22,FALSE,6.13088,6.0935
65,25,FALSE,19.09239,6.00945
65,29,FALSE,5.10772,4.03711
65,30,FALSE,6.0805,6.10898
65,69,FALSE,24.13232,2.12791
65,70,FALSE,23.0333,28.07486
65,71,FALSE,28.12601,6.06712
65,72,FALSE,33.0455,33.04999
65,73,FALSE,28.03563,28.02542
65,74,FALSE,33.03725,33.04457
65,75,FALSE,33.14286,34.03742
65,76,FALSE,28.14096,6.14046
65,77,FALSE,6.12566,18.11523
65,78,FALSE,29.09361,6.03489
65,79,FALSE,6.11925,6.11955
65,82,FALSE,29.01951,6.00961
65,83,FALSE,18.00707,3.11005
65,84,FALSE,1,33.13997
65,85,FALSE,1,2.03047
65,86,TRUE,29.10835,1
65,91,FALSE,5.14377,5.09185
65,92,FALSE,28.07694,6.09272
65,93,FALSE,23.00247,6.10878
65,95,FALSE,5.11132,4.09817
65,98,FALSE,30.02742,5.11599
65,99,FALSE,34.09901,22.10119
65,100,FALSE,35.00955,6.12433
65,101,FALSE,23.0768,5.03568
65,103,FALSE,25.08803,6.14597
65,104,FALSE,30.07718,6.05337
65,106,FALSE,28.14014,3.13972
65,107,FALSE,26.00251,4.06345
65,109,FALSE,34.008,6.08705
65,110,FALSE,28.08259,6.06832
65,111,FALSE,33.02825,3.09401
65,112,FALSE,22.06736,4.0111
65,113,FALSE,28.07912,5.07201
65,114,FALSE,5.14682,2.05945
65,115,FALSE,5.05312,6.0161
65,116,FALSE,28.13229,3.09206
65,117,FALSE,5.10133,3.11194
65,118,FALSE,18.0678,2.00902
65,120,FALSE,34.09621,2.08137
65,121,FALSE,5.08598,3.04379
65,122,FALSE,5.1195,1.11651
65,123,FALSE,6.12305,2.04302
65,124,FALSE,37.12636,2.03072
65,125,FALSE,34.11289,35.09905
65,126,FALSE,30.06686,35.00663
65,127,FALSE,24.07019,6.14168
65,128,FALSE,30.00219,4.06135
65,129,FALSE,30.13374,6.04688
65,130,FALSE,35.10298,35.14035
65,131,FALSE,5.0948,4.08059
65,133,FALSE,5.1243,3.04331
65,134,FALSE,5.13601,4.01309
65,135,FALSE,4.1434,6.00726
65,136,FALSE,4.13836,4.01695
65,137,TRUE,5.00514,1
65,139,FALSE,5.04954,5.09599
65,140,FALSE,3.13334,4.01283
65,141,FALSE,2.11554,6.05475
65,142,FALSE,3.14424,3.11954
65,143,FALSE,5.06156,1.00337
65,144,FALSE,5.104,4.01465
65,145,FALSE,1,30.08183
65,146,TRUE,1,1
65,147,FALSE,1,2.05738
65,148,TRUE,1,1
65,149,TRUE,18.0647,1
65,150,FALSE,1,35.11915
65,151,TRUE,1.12632,1
65,153,FALSE,6.09468,6.09761
65,154,FALSE,28.05282,6.04269
65,155,FALSE,37.08104,4.07812
65,156,FALSE,28.09843,5.10153
65,157,FALSE,5.00708,1.08149
65,158,FALSE,18.11087,4.04173
65,159,FALSE,23.03084,1.01201
65,160,FALSE,23.09694,4.06454
65,161,FALSE,18.00486,4.14722
65,162,FALSE,29.11258,34.10294
65,164,FALSE,37.12662,5.0382
65,165,FALSE,6.02248,35.06405
65,166,FALSE,30.08223,35.05418
65,167,FALSE,5.13637,6.01792
65,168,FALSE,1,35.0315
65,169,FALSE,30.1384,35.00039
65,173,FALSE,29.02028,6.01491
65,175,FALSE,3.03648,3.13919
65,176,FALSE,5.12073,5.07411
65,177,FALSE,30.11749,6.09707
65,178,FALSE,35.04374,34.00625
65,179,FALSE,34.10348,6.13741
65,180,FALSE,28.07186,28.12061
65,181,FALSE,35.01083,33.11818
65,182,FALSE,10.02327,6.14549
65,183,FALSE,35.04603,6.07445
65,184,FALSE,37.06341,6.0798
65,185,FALSE,28.07185,6.14231
65,186,FALSE,37.06173,6.03091
65,188,FALSE,30.12265,1.08219
65,189,FALSE,34.08489,34.08724
65,190,FALSE,23.09096,6.11143
65,191,FALSE,30.12203,6.08472
65,192,FALSE,25.04593,6.08393
65,193,FALSE,35.05119,36.01779
65,194,FALSE,25.12887,6.09035
65,195,FALSE,28.04997,6.03273
65,197,FALSE,30.01225,2.08163
65,198,FALSE,25.04252,6.01906
65,199,FALSE,30.04475,6.04491
65,200,FALSE,6.12669,6.13654
65,201,FALSE,5.11875,6.02418
65,202,FALSE,37.11519,37.04432
65,203,FALSE,30.07583,20.04389
65,204,FALSE,30.12084,4.07147
65,206,FALSE,30.10336,2.05026
65,207,FALSE,28.02527,6.09221
65,208,FALSE,5.13477,5.05462
65,209,FALSE,28.11453,28.04595
65,210,FALSE,28.12582,28.09999
65,211,FALSE,28.02277,33.03237
65,212,FALSE,4.13444,5.11366
65,213,FALSE,13.03135,5.09127
65,216,FALSE,28.10354,6.11275
65,217,FALSE,29.00974,6.1262
65,218,FALSE,30.12179,6.08414
65,219,FALSE,25.07982,6.14188
65,222,FALSE,28.14279,5.11296
65,225,FALSE,33.0897,33.12596
65,226,FALSE,35.07217,6.09916
65,227,FALSE,37.10367,34.04267
65,229,FALSE,33.07423,33.07174
65,230,FALSE,33.12686,33.02702
65,233,FALSE,30.13023,6.0061
65,234,FALSE,30.09147,33.00682
65,235,FALSE,30.09113,33.048
65,236,FALSE,4.04,4.1238
65,237,FALSE,5.04766,6.09379
65,242,FALSE,24.00804,4.04377
65,243,FALSE,6.09092,6.14058
65,251,FALSE,34.08352,34.08386
65,252,FALSE,28.01261,6.07344
65,253,FALSE,30.12871,4.02043
65,254,FALSE,4.00829,1.0106
65,255,FALSE,13.02233,3.02458
65,256,FALSE,30.08107,2.08632
65,257,FALSE,20.08943,4.0021
65,258,FALSE,18.13026,5.02113
65,259,FALSE,5.11975,33.01402
65,260,FALSE,5.0275,5.11243
65,262,FALSE,36.03992,1.02826
65,263,FALSE,6.01676,3.09405
65,264,FALSE,29.12704,6.13992
65,265,FALSE,6.04706,5.13379
65,270,FALSE,6.06696,33.04542
65,271,FALSE,28.13842,6.12434
65,272,FALSE,5.14019,6.00524
65,273,FALSE,5.13322,6.00379
65,274,FALSE,5.11377,6.02438
65,275,FALSE,6.02764,33.02011
65,280,FALSE,5.12547,3.12245
65,289,FALSE,29.10814,5.14099
65,290,FALSE,6.11027,6.09215
65,291,FALSE,6.14735,6.14562
65,292,FALSE,6.12018,5.05873
65,293,FALSE,30.11107,15.02526
65,294,FALSE,10.08805,10.05444
65,295,FALSE,36.00994,25.07914
65,296,FALSE,4.02786,20.03649
65,297,FALSE,35.02765,6.02262
65,298,FALSE,33.09729,2.06648
65,299,FALSE,34.04468,6.09199
65,300,FALSE,33.12721,4.03437
65,301,FALSE,33.10593,4.05818
65,302,FALSE,35.08858,5.07557
65,303,FALSE,33.09829,33.103
65,308,FALSE,31.13748,5.03085
65,317,FALSE,22.01461,4.06514
65,318,FALSE,36.03461,6.03088
65,319,FALSE,30.13018,5.13262
65,320,FALSE,27.02641,4.04071
65,321,FALSE,34.13037,3.04668
65,322,FALSE,18.09115,5.09419
65,323,FALSE,17.0342,2.09663
65,324,FALSE,23.04225,2.0591
65,325,FALSE,25.14718,2.07104
65,326,FALSE,18.06569,4.03031
65,328,FALSE,25.07143,5.13435
65,329,FALSE,31.06102,20.14458
65,330,FALSE,30.09504,6.0356
65,331,FALSE,20.01932,5.03732
65,332,FALSE,20.00844,6.12937
65,333,FALSE,30.06177,33.02942
65,334,FALSE,6.09193,6.10976
65,335,FALSE,30.10442,5.1173
65,336,FALSE,30.11383,5.0219
65,337,FALSE,25.14536,6.00361
65,339,FALSE,28.01377,5.02533
65,340,TRUE,1.04624,1
65,341,TRUE,25.09765,1
65,342,FALSE,5.01626,36.04552
65,343,TRUE,1,1
65,346,FALSE,27.04336,6.03131
65,347,FALSE,33.05355,6.10204
65,348,FALSE,27.1313,6.01998
65,349,FALSE,25.05496,2.01373
65,350,FALSE,29.12567,28.06958
65,351,FALSE,25.02761,6.13546
65,352,FALSE,34.01658,6.09826
65,353,FALSE,37.08994,34.06804
65,354,FALSE,34.10243,34.12412
65,355,FALSE,23.0176,5.00487
65,357,FALSE,28.08002,5.09056
65,358,FALSE,28.14578,6.03262
65,359,FALSE,32.13352,6.03744
65,361,FALSE,25.01541,6.03567
65,363,FALSE,35.07805,35.11578
65,364,FALSE,35.1107,35.12462
65,365,FALSE,23.07129,3.12088
65,366,FALSE,5.10812,5.11844
65,367,FALSE,35.00271,35.01328
65,370,FALSE,28.11234,6.09098
65,371,FALSE,33.11331,6.12454
65,372,FALSE,33.07005,6.1423
65,373,FALSE,6.1157,6.05049
65,374,FALSE,37.05278,1.05918
65,375,FALSE,4.14398,5.064
65,376,FALSE,5.1075,6.00205
65,377,FALSE,2.07558,6.10782
65,378,FALSE,28.1405,33.09525
65,379,FALSE,5.1028,28.10893
65,380,FALSE,33.0913,34.04204
65,381,FALSE,5.07239,6.05776
65,383,FALSE,30.02311,5.0471
65,384,FALSE,28.0778,6.11881
65,385,FALSE,25.08746,1.14401
65,386,FALSE,27.13101,4.11872
65,387,FALSE,34.02877,2.0568
65,388,FALSE,5.02708,2.07916
65,389,FALSE,7.04785,2.02989
65,390,FALSE,27.06309,3.08524
65,391,FALSE,23.14542,5.04913
65,394,FALSE,30.0965,5.119
65,395,FALSE,2.09492,35.10836
65,396,FALSE,3.0096,35.10973
65,397,FALSE,4.09195,35.08633
65,398,FALSE,33.08079,35.0888
65,403,FALSE,19.01056,6.04423
65,404,FALSE,34.05191,35.08525
65,405,FALSE,5.03617,35.00818
65,406,FALSE,1,4.04916
65,407,FALSE,28.09773,29.02124
65,408,TRUE,4.05427,1
65,412,FALSE,34.09615,10.00065
65,413,FALSE,25.1159,20.0774
65,414,FALSE,31.03675,10.00333
65,415,FALSE,28.11763,30.07929
65,416,FALSE,20.00566,33.0646
65,417,FALSE,23.01705,6.14571
65,418,FALSE,35.01757,35.02167
65,419,FALSE,33.01274,33.02211
65,420,FALSE,33.04372,33.08072
65,421,FALSE,33.10799,33.14406
65,422,FALSE,30.01143,28.00071
65,423,FALSE,23.11173,6.06091
65,425,FALSE,37.11048,6.00191
65,426,FALSE,33.11674,6.04899
65,427,FALSE,6.13545,6.09263
65,428,FALSE,33.04201,33.06809
65,429,FALSE,28.13336,33.06347
66,1,FALSE,23.0647,6.04781
66,3,FALSE,4.00724,4.04496
66,5,FALSE,37.05786,6.01446
66,6,FALSE,33.08276,5.07168
66,7,FALSE,1,4.07053
66,9,FALSE,5.14017,4.04133
66,10,FALSE,4.14494,5.00849
66,11,FALSE,1,6.01751
66,13,FALSE,6.0753,6.11109
66,17,FALSE,28.13423,6.00776
66,18,FALSE,6.01109,6.01339
66,19,TRUE,33.01982,1
66,21,FALSE,18.09939,6.07414
66,22,FALSE,6.11326,6.11953
66,25,FALSE,19.00461,6.00135
66,29,FALSE,5.141,4.00319
66,30,FALSE,6.1142,6.05899
66,69,FALSE,24.1063,2.00066
66,70,FALSE,23.10335,28.08262
66,71,FALSE,6.05051,6.0669
66,72,FALSE,33.06166,33.0744
66,73,FALSE,28.08507,28.09377
66,74,FALSE,33.09134,33.099
66,75,FALSE,33.06281,34.04828
66,76,FALSE,28.04282,6.10937
66,77,FALSE,6.14623,18.13196
66,78,FALSE,29.12744,6.02484
66,79,FALSE,6.09093,6.1067
66,82,FALSE,29.09342,6.03433
66,83,FALSE,18.04169,3.0449
66,84,FALSE,1,33.06586
66,85,FALSE,1,2.09447
66,86,TRUE,29.14728,1
66,91,FALSE,5.12118,5.10096
66,92,FALSE,6.05389,6.06383
66,93,FALSE,23.09851,6.12255
66,95,FALSE,5.08919,4.08686
66,98,FALSE,30.0245,5.14207
66,99,FALSE,34.11693,22.08559
66,100,FALSE,35.04897,6.11142
66,101,FALSE,23.14184,5.09537
66,103,FALSE,25.12347,6.12757
66,104,FALSE,30.06121,6.09763
66,106,FALSE,28.00442,3.13384
66,107,FALSE,26.09586,4.05801
66,109,FALSE,34.04127,6.13333
66,110,FALSE,28.03859,6.0878
66,111,FALSE,33.14162,5.03304
66,112,FALSE,22.07074,3.11874
66,113,FALSE,28.13626,5.05981
66,114,FALSE,5.12524,2.04731
66,115,FALSE,5.14264,6.00829
66,116,FALSE,28.14282,3.02864
66,117,FALSE,5.09043,4.11701
66,118,FALSE,18.11474,2.13412
66,120,FALSE,34.14598,2.11718
66,121,FALSE,5.1356,3.03628
66,122,FALSE,5.14415,2.06149
66,123,FALSE,6.07417,2.04915
66,124,FALSE,37.13062,2.12978
66,125,FALSE,34.05674,35.02832
66,126,FALSE,30.06115,35.05493
66,127,FALSE,24.03851,6.14155
66,128,FALSE,30.08549,4.03129
66,129,FALSE,30.02909,6.08483
66,130,FALSE,35.09581,35.09754
66,131,FALSE,5.05351,4.09925
66,133,FALSE,5.12638,3.11403
66,134,FALSE,5.08225,4.00039
66,135,FALSE,4.14031,2.07071
66,136,FALSE,4.14161,4.10285
66,137,TRUE,5.03498,1
66,139,FALSE,5.13336,5.11115
66,140,FALSE,3.10852,4.06145
66,141,FALSE,2.0317,6.02934
66,142,FALSE,3.06388,3.08768
66,143,FALSE,5.13284,1.12914
66,144,FALSE,5.0173,4.1302
66,145,TRUE,30.13426,1
66,146,TRUE,1,1
66,147,FALSE,1,2.13999
66,148,TRUE,1,1
66,149,TRUE,18.06995,1
66,150,FALSE,1,35.14146
66,151,TRUE,1.04535,1
66,153,FALSE,6.09927,6.10561
66,154,FALSE,23.03674,6.07919
66,155,FALSE,23.03567,4.03888
66,156,FALSE,5.13222,6.03702
66,157,FALSE,5.13835,1.04797
66,158,FALSE,18.10071,4.01634
66,159,FALSE,23.0311,1.1404
66,160,FALSE,23.00131,4.07799
66,161,FALSE,18.05294,4.03617
66,162,FALSE,29.14536,34.08557
66,164,FALSE,37.06486,5.00747
66,165,FALSE,6.01553,35.01279
66,166,FALSE,30.01692,35.09556
66,167,FALSE,5.10162,6.12479
66,168,FALSE,1,35.07948
66,169,FALSE,30.11538,35.0686
66,173,FALSE,29.06806,6.01334
66,175,FALSE,3.0914,3.12559
66,176,FALSE,5.06168,5.12498
66,177,FALSE,30.10329,6.10146
66,178,FALSE,35.00665,34.02158
66,179,FALSE,34.12605,6.1371
66,180,FALSE,28.07977,28.14642
66,181,FALSE,35.00346,33.04264
66,182,FALSE,10.02135,6.14743
66,183,FALSE,35.13583,6.08952
66,184,FALSE,37.03504,6.11234
66,185,FALSE,28.09305,6.11773
66,186,FALSE,37.01563,6.0574
66,188,FALSE,37.04963,1.12802
66,189,FALSE,34.08247,34.08723
66,190,FALSE,23.13953,6.11277
66,191,FALSE,30.12313,6.0488
66,192,FALSE,25.09158,6.09139
66,193,FALSE,35.01186,36.11078
66,194,FALSE,25.10942,6.02672
66,195,FALSE,28.03519,6.00139
66,197,FALSE,29.12655,1.08292
66,198,FALSE,25.08094,6.06654
66,199,FALSE,30.02581,6.06282
66,200,FALSE,6.11772,6.1444
66,201,FALSE,5.04499,6.04994
66,202,FALSE,37.04161,37.04545
66,203,FALSE,30.09552,30.03412
66,204,FALSE,30.06056,6.05467
66,206,FALSE,30.00107,2.01465
66,207,FALSE,28.09987,6.11533
66,208,FALSE,5.11714,5.00246
66,209,FALSE,28.0133,28.0587
66,210,FALSE,28.09519,28.00468
66,211,FALSE,28.06921,33.05197
66,212,FALSE,4.04028,5.06591
66,213,FALSE,13.00081,5.11467
66,216,FALSE,28.09251,6.09395
66,217,FALSE,29.03884,6.14151
66,218,FALSE,30.0624,6.09943
66,219,FALSE,25.05153,6.09034
66,222,FALSE,28.14738,5.06555
66,225,FALSE,33.12228,33.14656
66,226,FALSE,35.0829,6.10977
66,227,FALSE,37.09224,34.01668
66,229,FALSE,33.08407,33.07819
66,230,FALSE,33.04103,33.05175
66,233,FALSE,30.10542,6.0416
66,234,FALSE,30.14593,33.02203
66,235,FALSE,30.02152,33.05558
66,236,FALSE,4.14287,4.06203
66,237,FALSE,5.1263,6.07584
66,242,FALSE,24.07747,4.14047
66,243,FALSE,6.09984,6.12833
66,251,FALSE,34.0727,34.10233
66,252,FALSE,28.03726,6.11963
66,253,FALSE,30.07673,4.03508
66,254,FALSE,4.07829,1.05505
66,255,FALSE,13.04304,3.06041
66,256,FALSE,30.01336,2.02425
66,257,FALSE,20.0675,4.12393
66,258,FALSE,18.005,5.04859
66,259,FALSE,5.10514,33.02691
66,260,FALSE,5.09359,5.14395
66,262,FALSE,36.14121,1.02996
66,263,FALSE,6.04709,3.01034
66,264,FALSE,29.11279,6.12218
66,265,FALSE,6.04197,5.09792
66,270,FALSE,6.11946,33.03535
66,271,FALSE,28.09545,6.11292
66,272,FALSE,5.10085,6.01514
66,273,FALSE,5.13893,6.05286
66,274,FALSE,5.09211,6.01287
66,275,FALSE,6.02752,33.00374
66,280,FALSE,5.1172,3.05689
66,289,FALSE,29.01513,5.11761
66,290,FALSE,6.09801,6.08382
66,291,FALSE,6.13259,6.14169
66,292,FALSE,6.114,5.07006
66,293,FALSE,30.13782,15.112
66,294,FALSE,10.03927,10.00069
66,295,FALSE,36.13539,25.05824
66,296,FALSE,4.13039,20.08703
66,297,FALSE,35.06847,6.03467
66,298,FALSE,33.016,2.00839
66,299,FALSE,34.04573,6.08499
66,300,FALSE,33.08482,6.02893
66,301,FALSE,33.12342,4.02604
66,302,FALSE,35.08488,5.0599
66,303,FALSE,33.06188,5.08674
66,308,FALSE,31.06454,3.06859
66,317,FALSE,22.03064,4.02208
66,318,FALSE,36.02199,6.01229
66,319,FALSE,30.08539,5.11995
66,320,FALSE,27.03273,4.08166
66,321,FALSE,34.05187,3.09339
66,322,FALSE,18.11146,5.00813
66,323,FALSE,17.10473,2.0925
66,324,FALSE,23.1193,2.0767
66,325,FALSE,25.00163,4.09908
66,326,FALSE,18.05289,4.05209
66,328,FALSE,25.06828,5.12134
66,329,FALSE,31.08294,6.12847
66,330,FALSE,30.0342,6.04423
66,331,FALSE,20.01039,5.05495
66,332,FALSE,20.03597,6.0439
66,333,FALSE,30.14141,33.03551
66,334,FALSE,6.14523,6.09509
66,335,FALSE,30.1284,5.07688
66,336,FALSE,30.12333,5.06139
66,337,FALSE,25.11912,6.08194
66,339,FALSE,28.05735,5.09708
66,340,TRUE,1.07703,1
66,341,TRUE,25.10034,1
66,342,FALSE,5.14073,36.11525
66,343,TRUE,1,1
66,346,FALSE,27.00191,6.07325
66,347,FALSE,33.08136,6.08555
66,348,FALSE,27.10868,6.02499
66,349,FALSE,25.12027,2.07514
66,350,FALSE,29.12826,28.13755
66,351,FALSE,25.08358,6.13988
66,352,FALSE,34.00974,6.05661
66,353,FALSE,37.1165,34.13221
66,354,FALSE,34.08251,34.08947
66,355,FALSE,23.04049,5.02063
66,357,FALSE,29.05299,5.08395
66,358,FALSE,28.071,6.02474
66,359,FALSE,32.12077,6.08185
66,361,FALSE,25.09766,6.04958
66,363,FALSE,35.06308,35.08606
66,364,FALSE,35.03789,35.08471
66,365,FALSE,23.0478,3.04452
66,366,FALSE,5.08672,5.10976
66,367,FALSE,35.00593,35.02993
66,370,FALSE,28.1427,6.09177
66,371,FALSE,33.14316,6.12165
66,372,FALSE,33.05723,6.13495
66,373,FALSE,6.11015,6.03376
66,374,FALSE,37.08872,1.10844
66,375,FALSE,23.13909,5.08698
66,376,FALSE,5.02688,6.02656
66,377,FALSE,1,2.14483
66,378,FALSE,28.13592,33.07049
66,379,FALSE,5.13418,28.00052
66,380,FALSE,33.11887,34.01213
66,381,FALSE,5.00668,6.06047
66,383,FALSE,30.03844,5.12219
66,384,FALSE,28.09631,6.14202
66,385,FALSE,30.1355,1.11962
66,386,FALSE,27.01115,4.0364
66,387,FALSE,34.1343,2.02686
66,388,FALSE,5.1157,2.08083
66,389,FALSE,7.03331,2.11312
66,390,FALSE,27.03447,3.10458
66,391,FALSE,23.08685,2.05893
66,394,FALSE,30.03933,5.03857
66,395,FALSE,2.10975,35.02166
66,396,FALSE,3.09761,35.10564
66,397,FALSE,4.07809,35.1206
66,398,FALSE,33.11122,35.13731
66,403,FALSE,19.10099,6.01484
66,404,FALSE,34.14129,35.08127
66,405,FALSE,5.07693,35.09178
66,406,FALSE,4.07332,6.01603
66,407,FALSE,28.00664,29.0891
66,408,TRUE,4.07795,1
66,412,FALSE,34.11765,10.05098
66,413,FALSE,25.05182,20.05781
66,414,FALSE,31.08491,10.13613
66,415,FALSE,28.05471,30.03055
66,416,FALSE,20.07617,33.12679
66,417,FALSE,28.09005,6.11966
66,418,FALSE,35.07989,35.0859
66,419,FALSE,33.01317,33.04176
66,420,FALSE,33.0959,33.1267
66,421,FALSE,33.08082,33.09538
66,422,FALSE,30.14712,28.08708
66,423,FALSE,23.11192,6.0993
66,425,FALSE,5.04303,6.09567
66,426,FALSE,33.14246,6.06361
66,427,FALSE,6.14149,6.04647
66,428,FALSE,33.05795,33.05805
66,429,FALSE,28.05996,33.07852
67,1,FALSE,23.01931,6.07482
67,3,FALSE,4.0922,4.10403
67,5,FALSE,37.13455,6.02575
67,6,FALSE,33.0382,5.03627
67,7,FALSE,1,4.074
67,9,FALSE,5.12117,5.00311
67,10,FALSE,4.03441,4.10539
67,11,FALSE,1,6.09868
67,13,FALSE,6.11792,6.09019
67,17,FALSE,28.02539,6.0197
67,18,FALSE,6.04981,6.00615
67,19,TRUE,33.11138,1
67,21,FALSE,29.07258,6.06309
67,22,FALSE,6.10167,6.12699
67,25,FALSE,19.09621,6.00549
67,29,FALSE,5.14549,3.06025
67,30,FALSE,6.13163,6.06855
67,69,FALSE,24.0486,2.07676
67,70,FALSE,23.02979,28.07467
67,71,FALSE,28.07416,6.07732
67,72,FALSE,33.00237,33.07717
67,73,FALSE,28.07524,28.11965
67,74,FALSE,37.10159,33.06514
67,75,FALSE,33.12038,34.00253
67,76,FALSE,28.11896,6.14044
67,77,FALSE,6.147,18.13563
67,78,FALSE,29.0102,6.03998
67,79,FALSE,6.09833,6.10241
67,82,FALSE,29.01018,6.03316
67,83,FALSE,18.00901,3.12031
67,84,FALSE,1,33.07894
67,85,TRUE,2.02434,1
67,86,TRUE,29.09335,1
67,91,FALSE,5.14559,5.11007
67,92,FALSE,28.10592,6.05932
67,93,FALSE,23.06353,6.12512
67,95,FALSE,5.08029,4.02065
67,98,FALSE,30.06852,5.09527
67,99,FALSE,34.11091,22.12144
67,100,FALSE,35.05193,6.10048
67,101,FALSE,23.14302,3.06214
67,103,FALSE,25.08143,6.14474
67,104,FALSE,30.10644,6.00157
67,106,FALSE,28.02387,3.04591
67,107,FALSE,26.01836,4.10256
67,109,FALSE,34.08124,6.13605
67,110,FALSE,28.12903,6.09268
67,111,FALSE,33.06132,3.0284
67,112,FALSE,22.07139,3.08579
67,113,FALSE,28.04934,5.00626
67,114,FALSE,5.11678,2.0264
67,115,FALSE,5.13044,6.00687
67,116,FALSE,28.09453,3.05368
67,117,FALSE,5.06202,4.03819
67,118,FALSE,18.07282,2.03494
67,120,FALSE,34.09947,2.08106
67,121,FALSE,5.1308,2.02853
67,122,FALSE,5.10898,2.04297
67,123,FALSE,6.14357,2.0237
67,124,FALSE,37.05053,2.09307
67,125,FALSE,34.139,35.06417
67,126,FALSE,30.01809,35.0814
67,127,FALSE,24.02815,6.01583
67,128,FALSE,30.11533,4.03899
67,129,FALSE,30.11344,6.11297
67,130,FALSE,35.11587,35.13371
67,131,FALSE,5.06264,4.10399
67,133,FALSE,5.1235,3.091
67,134,FALSE,5.07933,4.03417
67,135,FALSE,4.12609,4.10423
67,136,FALSE,4.11778,4.11645
67,137,FALSE,5.06022,4.09206
67,139,FALSE,5.05765,5.04872
67,140,FALSE,3.1185,4.04094
67,141,FALSE,2.05229,6.07918
67,142,FALSE,3.01234,3.08267
67,143,FALSE,5.12891,1.04165
67,144,FALSE,5.04041,4.03528
67,145,FALSE,1,30.076
67,146,TRUE,1,1
67,147,FALSE,1,2.12089
67,148,TRUE,1,1
67,149,TRUE,18.11651,1
67,150,FALSE,1,35.05162
67,151,TRUE,1.06556,1
67,153,FALSE,6.12375,6.12633
67,154,FALSE,28.11831,6.01382
67,155,FALSE,37.04599,4.04215
67,156,FALSE,28.03016,5.10467
67,157,FALSE,5.00145,1.03898
67,158,FALSE,18.05362,4.00925
67,159,FALSE,23.12771,3.0187
67,160,FALSE,23.02911,4.13965
67,161,FALSE,18.09337,4.03063
67,162,FALSE,29.06766,34.14563
67,164,FALSE,37.02584,5.06568
67,165,FALSE,6.06569,35.14319
67,166,FALSE,30.0957,35.05594
67,167,FALSE,5.0174,6.11461
67,168,FALSE,1,35.10464
67,169,FALSE,30.08488,35.00388
67,173,FALSE,29.07244,6.00718
67,175,FALSE,3.0744,3.1279
67,176,FALSE,5.07747,5.05157
67,177,FALSE,30.1059,6.11503
67,178,FALSE,35.01685,34.00462
67,179,FALSE,34.14442,6.14714
67,180,FALSE,28.11556,28.064
67,181,FALSE,35.01941,33.03307
67,182,FALSE,10.09656,6.13058
67,183,FALSE,35.08142,6.10248
67,184,FALSE,37.08159,6.00369
67,185,FALSE,28.11436,6.14258
67,186,FALSE,37.02269,6.02118
67,188,FALSE,30.04848,2.10844
67,189,FALSE,34.12681,34.1413
67,190,FALSE,23.0423,6.13606
67,191,FALSE,30.14634,6.06774
67,192,FALSE,25.14009,6.06129
67,193,FALSE,35.09091,36.02117
67,194,FALSE,25.13891,6.09269
67,195,FALSE,28.009,6.07085
67,197,FALSE,29.05207,2.08716
67,198,FALSE,25.00074,6.06487
67,199,FALSE,30.07099,6.11051
67,200,FALSE,6.10653,6.1307
67,201,FALSE,5.10315,6.01552
67,202,FALSE,37.04797,37.06748
67,203,FALSE,30.13603,30.11593
67,204,FALSE,30.07883,4.06392
67,206,FALSE,30.00186,2.0417
67,207,FALSE,28.14359,6.10572
67,208,FALSE,5.1109,5.03577
67,209,FALSE,28.07146,28.08202
67,210,FALSE,28.13656,28.01684
67,211,FALSE,28.05767,33.01316
67,212,FALSE,4.12555,5.00783
67,213,FALSE,13.06651,5.12654
67,216,FALSE,28.09767,6.10475
67,217,FALSE,29.01453,6.13497
67,218,FALSE,30.11222,6.07203
67,219,FALSE,25.12157,6.14435
67,222,FALSE,28.14235,5.08795
67,225,FALSE,33.09253,33.10577
67,226,FALSE,35.06654,6.09653
67,227,FALSE,37.00278,34.03436
67,229,FALSE,33.11046,33.10964
67,230,FALSE,33.05259,33.10582
67,233,FALSE,30.08669,6.05661
67,234,FALSE,30.04445,33.0002
67,235,FALSE,30.08999,33.06576
67,236,FALSE,4.03297,4.06355
67,237,FALSE,5.11318,6.01952
67,242,FALSE,24.11112,4.05666
67,243,FALSE,6.1239,6.13135
67,251,FALSE,34.06867,34.07197
67,252,FALSE,28.02319,6.10952
67,253,FALSE,30.12957,4.11191
67,254,FALSE,4.1224,1.01083
67,255,FALSE,13.04838,3.12208
67,256,FALSE,30.05898,2.11816
67,257,FALSE,20.0228,4.01135
67,258,FALSE,18.13786,5.12894
67,259,FALSE,5.14189,33.10664
67,260,FALSE,5.02323,5.12818
67,262,FALSE,36.04343,1.08659
67,263,FALSE,6.0302,4.05475
67,264,FALSE,29.11365,6.04993
67,265,FALSE,6.11675,5.07286
67,270,FALSE,6.0694,33.09277
67,271,FALSE,28.05199,6.0566
67,272,FALSE,5.05736,6.02923
67,273,FALSE,5.14196,6.02663
67,274,FALSE,5.09243,6.10347
67,275,FALSE,6.04003,33.10247
67,280,FALSE,5.06228,3.09989
67,289,FALSE,29.14704,5.14243
67,290,FALSE,6.1312,6.06415
67,291,FALSE,6.14032,6.14675
67,292,FALSE,6.07022,5.06799
67,293,FALSE,31.09168,15.04034
67,294,FALSE,6.1169,10.00001
67,295,FALSE,36.0053,25.021
67,296,FALSE,4.1231,20.11662
67,297,FALSE,35.03854,6.0009
67,298,FALSE,33.08305,1.09625
67,299,FALSE,34.05854,6.04429
67,300,FALSE,33.11109,6.03391
67,301,FALSE,33.09805,4.08313
67,302,FALSE,35.08079,5.07448
67,303,FALSE,33.14493,33.07014
67,308,FALSE,31.13491,5.05389
67,317,FALSE,22.03126,3.10826
67,318,FALSE,36.10239,6.03786
67,319,FALSE,30.14174,5.08819
67,320,FALSE,27.07684,4.11421
67,321,FALSE,34.04994,3.11158
67,322,FALSE,18.08129,5.01634
67,323,FALSE,17.14227,2.02715
67,324,FALSE,23.03939,2.12342
67,325,FALSE,25.02505,4.11907
67,326,FALSE,18.12886,3.01243
67,328,FALSE,25.04027,5.12629
67,329,FALSE,31.0675,20.08146
67,330,FALSE,30.13818,6.01037
67,331,FALSE,20.06533,5.07373
67,332,FALSE,30.08037,5.14053
67,333,FALSE,30.11756,33.03249
67,334,FALSE,6.0686,6.08281
67,335,FALSE,30.05109,5.03226
67,336,FALSE,30.10872,5.08412
67,337,FALSE,25.13209,6.05493
67,339,FALSE,28.08495,5.09276
67,340,TRUE,1.00016,1
67,341,TRUE,25.00313,1
67,342,FALSE,5.13552,36.09702
67,343,TRUE,1,1
67,346,FALSE,27.10957,6.03852
67,347,FALSE,33.08862,6.0772
67,348,FALSE,27.03859,6.0555
67,349,FALSE,25.03276,2.02622
67,350,FALSE,29.08183,28.08721
67,351,FALSE,25.12778,6.13169
67,352,FALSE,34.01474,6.13228
67,353,FALSE,37.05899,34.13942
67,354,FALSE,34.06181,34.08551
67,355,FALSE,23.00451,5.01308
67,357,FALSE,29.13443,5.10339
67,358,FALSE,28.00965,6.016
67,359,FALSE,32.14264,6.00365
67,361,FALSE,25.13641,6.06424
67,363,FALSE,35.07254,35.08934
67,364,FALSE,35.09668,35.12159
67,365,FALSE,23.06785,3.06157
67,366,FALSE,5.1125,5.11545
67,367,FALSE,35.00136,35.03975
67,370,FALSE,28.12725,6.09223
67,371,FALSE,33.10652,6.1142
67,372,FALSE,33.00821,6.14671
67,373,FALSE,6.12138,6.02884
67,374,FALSE,37.09783,1.13663
67,375,FALSE,4.03666,5.01697
67,376,FALSE,5.13254,6.13623
67,377,FALSE,2.02791,6.09073
67,378,FALSE,28.11045,33.00393
67,379,FALSE,5.12189,28.14154
67,380,FALSE,33.13022,34.0163
67,381,FALSE,5.04977,6.08692
67,383,FALSE,29.06501,5.07437
67,384,FALSE,28.06625,6.10771
67,385,FALSE,25.08479,3.10992
67,386,FALSE,27.00765,1.10497
67,387,FALSE,34.01525,2.02701
67,388,FALSE,5.07556,3.09878
67,389,FALSE,7.05407,2.02449
67,390,FALSE,27.1412,3.13498
67,391,FALSE,23.01701,4.00635
67,394,FALSE,30.05535,5.10628
67,395,FALSE,2.02972,35.00831
67,396,FALSE,3.02292,35.03199
67,397,FALSE,4.13692,35.13882
67,398,FALSE,33.05691,35.03035
67,403,FALSE,19.07988,6.09041
67,404,FALSE,34.00384,35.06864
67,405,FALSE,5.10739,35.12032
67,406,FALSE,4.09184,6.0115
67,407,FALSE,28.11714,29.07356
67,408,TRUE,4.02633,1
67,412,FALSE,34.10086,10.12082
67,413,FALSE,25.01496,20.01692
67,414,FALSE,31.11888,10.10325
67,415,FALSE,28.08335,30.03529
67,416,FALSE,20.02966,33.04657
67,417,FALSE,28.08441,6.12642
67,418,FALSE,35.03692,35.0381
67,419,FALSE,33.02001,33.03538
67,420,FALSE,33.01511,33.05762
67,421,FALSE,33.08284,33.14681
67,422,FALSE,30.07638,28.07453
67,423,FALSE,23.0692,6.03908
67,425,FALSE,37.04004,5.0728
67,426,FALSE,33.07898,6.06896
67,427,FALSE,6.1354,6.05941
67,428,FALSE,33.10723,33.1091
67,429,FALSE,28.01406,33.10564
68,1,FALSE,23.08012,6.10176
68,3,FALSE,4.03391,4.05576
68,5,FALSE,37.06237,6.01554
68,6,FALSE,33.04785,6.02439
68,7,FALSE,1,4.02076
68,9,FALSE,5.14128,4.12621
68,10,FALSE,4.11138,4.09732
68,11,FALSE,1,6.13695
68,13,FALSE,6.08572,6.03559
68,17,FALSE,28.04083,6.04269
68,18,FALSE,6.01115,6.01692
68,19,TRUE,33.14135,1
68,21,FALSE,18.05471,6.04542
68,22,FALSE,6.13408,6.11945
68,25,FALSE,19.01602,6.00554
68,29,FALSE,5.1186,3.01193
68,30,FALSE,6.14212,6.05425
68,69,FALSE,24.11889,2.11576
68,70,FALSE,23.13486,28.06221
68,71,FALSE,28.04296,6.10885
68,72,FALSE,33.00434,33.04156
68,73,FALSE,28.02635,28.05839
68,74,FALSE,33.06437,33.06595
68,75,FALSE,33.10071,34.05671
68,76,FALSE,6.12939,6.14404
68,77,FALSE,6.13777,18.10246
68,78,FALSE,29.12432,6.02406
68,79,FALSE,6.09928,6.09973
68,82,FALSE,29.06075,6.08257
68,83,FALSE,18.07898,3.04908
68,84,FALSE,1,33.14356
68,85,TRUE,2.02269,1
68,86,TRUE,29.08405,1
68,91,FALSE,5.11644,5.06451
68,92,FALSE,6.06822,6.07655
68,93,FALSE,23.08881,6.1343
68,95,FALSE,5.09549,4.12741
68,98,FALSE,30.01569,5.05113
68,99,FALSE,34.12251,22.02662
68,100,FALSE,35.06144,6.06695
68,101,FALSE,23.10209,3.02819
68,103,FALSE,25.02117,6.12654
68,104,FALSE,30.03284,6.02059
68,106,FALSE,28.12646,3.00257
68,107,FALSE,26.03909,4.05111
68,109,FALSE,34.08123,6.09943
68,110,FALSE,28.11326,6.0715
68,111,FALSE,33.08029,3.06622
68,112,FALSE,22.11025,4.03933
68,113,FALSE,28.1379,5.00807
68,114,FALSE,5.12816,2.03164
68,115,FALSE,5.08302,6.04929
68,116,FALSE,28.111,3.10656
68,117,FALSE,5.07159,4.04347
68,118,FALSE,18.11244,2.07435
68,120,FALSE,34.05865,2.06588
68,121,FALSE,5.12409,3.06289
68,122,FALSE,5.10487,2.00421
68,123,FALSE,6.1085,2.12064
68,124,FALSE,37.10818,2.09336
68,125,FALSE,34.00272,35.0822
68,126,FALSE,30.05589,35.00846
68,127,FALSE,24.13284,6.01598
68,128,FALSE,30.06126,4.04841
68,129,FALSE,30.03621,6.05129
68,130,FALSE,35.10802,35.11493
68,131,FALSE,5.04168,4.12256
68,133,FALSE,5.12394,3.05792
68,134,FALSE,5.00225,4.02905
68,135,FALSE,4.07452,2.11804
68,136,FALSE,4.10277,4.12056
68,137,TRUE,5.04832,1
68,139,FALSE,5.04903,5.04404
68,140,FALSE,3.1242,4.08015
68,141,FALSE,2.08406,6.05173
68,142,FALSE,3.04783,3.08556
68,143,FALSE,5.05809,1.01167
68,144,FALSE,5.08493,4.04247
68,145,FALSE,1,30.08859
68,146,TRUE,1,1
68,147,FALSE,1,2.05962
68,148,TRUE,1,1
68,149,TRUE,18.05964,1
68,150,FALSE,1,35.07637
68,151,TRUE,1.07431,1
68,153,FALSE,6.10022,6.10545
68,154,FALSE,28.00698,6.05176
68,155,FALSE,23.06729,4.09424
68,156,FALSE,28.12896,5.0505
68,157,FALSE,5.07029,1.02295
68,158,FALSE,18.04396,4.04976
68,159,FALSE,23.00953,3.00033
68,160,FALSE,23.01901,4.06444
68,161,FALSE,18.06001,4.09862
68,162,FALSE,29.13471,34.00323
68,164,FALSE,37.00492,5.05618
68,165,FALSE,6.08565,35.04744
68,166,FALSE,30.10335,35.0551
68,167,FALSE,5.07268,6.04508
68,168,FALSE,1,35.09577
68,169,FALSE,30.03783,35.06825
68,173,FALSE,29.01389,6.01939
68,175,FALSE,3.04151,3.0987
68,176,FALSE,5.00721,5.11619
68,177,FALSE,30.13148,6.11145
68,178,FALSE,35.01604,34.00097
68,179,FALSE,34.12198,6.14726
68,180,FALSE,28.01659,28.10758
68,181,FALSE,35.05388,33.01812
68,182,FALSE,25.13327,6.1445
68,183,FALSE,35.07368,6.08747
68,184,FALSE,37.02377,6.09988
68,185,FALSE,28.11191,6.1373
68,186,FALSE,37.02785,6.03466
68,188,FALSE,30.08244,1.05016
68,189,FALSE,34.06093,34.13335
68,190,FALSE,23.14675,6.12175
68,191,FALSE,30.08282,6.09793
68,192,FALSE,25.13252,6.12128
68,193,FALSE,35.13277,36.13812
68,194,FALSE,25.06416,6.0884
68,195,FALSE,28.12237,6.10978
68,197,FALSE,29.02776,1.03542
68,198,FALSE,25.12571,6.03056
68,199,FALSE,30.05696,23.11774
68,200,FALSE,6.06211,6.074
68,201,FALSE,5.12259,6.13299
68,202,FALSE,37.05532,37.03293
68,203,FALSE,30.0535,30.11012
68,204,FALSE,30.13564,4.01285
68,206,FALSE,30.1382,2.03748
68,207,FALSE,28.12526,6.10524
68,208,FALSE,5.1276,5.12324
68,209,FALSE,28.04978,28.11845
68,210,FALSE,28.07408,28.08006
68,211,FALSE,28.00134,33.03528
68,212,FALSE,5.01648,4.12093
68,213,FALSE,13.11265,5.08694
68,216,FALSE,28.11557,6.09762
68,217,FALSE,29.13116,6.14583
68,218,FALSE,30.11288,6.08895
68,219,FALSE,25.1293,6.13375
68,222,FALSE,28.14006,5.11275
68,225,FALSE,33.08657,33.09755
68,226,FALSE,35.07691,6.09381
68,227,FALSE,37.07826,34.01257
68,229,FALSE,33.11966,33.09636
68,230,FALSE,33.08548,33.01003
68,233,FALSE,30.11669,6.05459
68,234,FALSE,30.04722,33.03538
68,235,FALSE,30.07022,33.03813
68,236,FALSE,4.02874,4.1016
68,237,FALSE,5.09571,6.04604
68,242,FALSE,24.09246,4.10543
68,243,FALSE,6.03858,6.06006
68,251,FALSE,34.0789,34.08559
68,252,FALSE,28.0167,6.13197
68,253,FALSE,30.1217,4.05325
68,254,FALSE,4.03352,1.11258
68,255,FALSE,13.02486,3.02563
68,256,FALSE,30.01678,2.03333
68,257,FALSE,20.02243,4.01928
68,258,FALSE,18.01294,5.05602
68,259,FALSE,5.14339,33.04615
68,260,FALSE,5.02694,5.03796
68,262,FALSE,36.11408,1.05854
68,263,FALSE,6.05019,3.05626
68,264,FALSE,29.03108,6.12968
68,265,FALSE,6.02916,5.14298
68,270,FALSE,6.05942,33.02582
68,271,FALSE,28.02042,6.13653
68,272,FALSE,5.12531,6.0095
68,273,FALSE,5.06698,6.04171
68,274,FALSE,5.13634,6.00979
68,275,FALSE,6.00077,33.05659
68,280,FALSE,5.13329,3.0813
68,289,FALSE,29.14648,5.13556
68,290,FALSE,6.11386,6.10098
68,291,FALSE,6.09543,6.14656
68,292,FALSE,6.13037,5.07532
68,293,FALSE,30.05941,15.13135
68,294,FALSE,10.02561,10.08072
68,295,FALSE,36.1321,25.11711
68,296,FALSE,4.01462,20.10761
68,297,FALSE,35.0742,6.00521
68,298,FALSE,33.12453,1.1331
68,299,FALSE,34.0365,6.06805
68,300,FALSE,33.07955,4.02926
68,301,FALSE,33.00153,4.11209
68,302,FALSE,35.04914,5.02904
68,303,FALSE,33.07811,33.00978
68,308,FALSE,31.13087,5.0376
68,317,FALSE,22.0269,4.06493
68,318,FALSE,36.0859,6.00893
68,319,FALSE,30.10875,5.12911
68,320,FALSE,27.12242,4.08458
68,321,FALSE,34.03366,3.10491
68,322,FALSE,18.02283,5.12196
68,323,FALSE,17.11991,2.00143
68,324,FALSE,23.03154,2.11652
68,325,FALSE,25.12441,2.01998
68,326,FALSE,18.04772,4.05234
68,328,FALSE,25.10465,5.03412
68,329,FALSE,31.13215,20.12163
68,330,FALSE,28.09015,6.04305
68,331,FALSE,20.02939,5.05216
68,332,FALSE,30.07713,5.14377
68,333,FALSE,30.10388,33.12694
68,334,FALSE,6.1459,6.06491
68,335,FALSE,30.01662,5.08504
68,336,FALSE,30.13723,5.01085
68,337,FALSE,25.11964,6.0189
68,339,FALSE,28.0202,5.10218
68,340,TRUE,1.14308,1
68,341,TRUE,25.14673,1
68,342,FALSE,5.04049,36.06818
68,343,TRUE,1,1
68,346,FALSE,27.10387,6.02025
68,347,FALSE,33.09575,6.06195
68,348,FALSE,27.03007,6.04592
68,349,FALSE,25.10031,2.11306
68,350,FALSE,29.06059,6.14048
68,351,FALSE,25.02159,6.14353
68,352,FALSE,34.00445,6.07564
68,353,FALSE,37.04177,34.04606
68,354,FALSE,34.08304,34.11374
68,355,FALSE,23.08884,5.0164
68,357,FALSE,29.09292,5.11023
68,358,FALSE,28.07545,6.03939
68,359,FALSE,32.0978,6.00275
68,361,FALSE,25.06989,6.07636
68,363,FALSE,35.03492,35.06234
68,364,FALSE,35.06685,35.12134
68,365,FALSE,23.11168,3.01843
68,366,FALSE,5.1236,5.12404
68,367,FALSE,35.05139,35.08321
68,370,FALSE,28.09094,6.09201
68,371,FALSE,33.11377,6.10248
68,372,FALSE,33.09449,6.14662
68,373,FALSE,6.11512,6.00126
68,374,FALSE,37.00677,1.04619
68,375,FALSE,4.01825,5.0932
68,376,FALSE,5.11173,6.13171
68,377,FALSE,2.0652,6.13416
68,378,FALSE,28.0293,33.00217
68,379,FALSE,5.11007,28.04202
68,380,FALSE,33.09849,34.02847
68,381,FALSE,5.05783,6.03923
68,383,FALSE,29.12293,5.04662
68,384,FALSE,30.00558,6.13307
68,385,FALSE,25.13267,1.10014
68,386,FALSE,27.0119,4.081
68,387,FALSE,34.1064,2.08216
68,388,FALSE,5.09291,2.07384
68,389,FALSE,7.01096,2.01436
68,390,FALSE,27.05925,3.1252
68,391,FALSE,23.06443,2.01152
68,394,FALSE,30.14033,5.02128
68,395,FALSE,2.13572,35.13945
68,396,FALSE,3.02858,35.13857
68,397,FALSE,4.13929,35.03315
68,398,FALSE,33.013,35.13279
68,403,FALSE,19.02697,6.05616
68,404,FALSE,34.06485,35.11165
68,405,FALSE,5.12684,35.11589
68,406,FALSE,4.05561,6.08372
68,407,FALSE,28.12602,29.04521
68,408,TRUE,4.1395,1
68,412,FALSE,34.00704,10.0005
68,413,FALSE,25.13311,20.00101
68,414,FALSE,31.06634,10.05107
68,415,FALSE,28.07158,30.09614
68,416,FALSE,20.03109,33.05882
68,417,FALSE,28.13228,6.12147
68,418,FALSE,35.01328,35.03929
68,419,FALSE,33.00737,33.09719
68,420,FALSE,33.09597,33.14696
68,421,FALSE,33.03465,33.03935
68,422,FALSE,28.02641,30.0259
68,423,FALSE,23.0145,6.07784
68,425,FALSE,5.0576,6.00999
68,426,FALSE,33.11683,6.05816
68,427,FALSE,6.13141,6.11401
68,428,FALSE,33.12445,33.13459
68,429,FALSE,28.00837,33.01794
69,1,FALSE,23.03875,6.07425
69,3,FALSE,4.02847,4.05181
69,5,FALSE,37.11129,6.0121
69,6,FALSE,33.02231,5.02025
69,7,FALSE,1,4.04756
69,9,FALSE,5.13915,4.05161
69,10,FALSE,4.10848,4.09895
69,11,FALSE,1,6.11776
69,13,FALSE,6.07666,6.08833
69,17,FALSE,29.00255,6.02305
69,18,FALSE,6.10954,6.08971
69,19,TRUE,33.02147,1
69,21,FALSE,29.01853,6.07053
69,22,FALSE,6.14483,6.11425
69,25,FALSE,19.00179,6.00552
69,29,FALSE,5.14177,2.09147
69,30,FALSE,6.13246,6.11242
69,69,FALSE,24.12713,2.06986
69,70,FALSE,23.04005,28.03213
69,71,FALSE,28.05128,6.07158
69,72,FALSE,33.0334,33.0546
69,73,FALSE,28.11834,28.09018
69,74,FALSE,33.0229,33.07393
69,75,FALSE,33.12791,34.06274
69,76,FALSE,28.06674,6.07313
69,77,FALSE,6.12986,18.00735
69,78,FALSE,29.07046,6.04491
69,79,FALSE,6.09779,6.10725
69,82,FALSE,29.02636,6.07615
69,83,FALSE,18.01927,3.07862
69,84,FALSE,1,33.00939
69,85,TRUE,2.11737,1
69,86,TRUE,29.06456,1
69,91,FALSE,5.10944,5.08513
69,92,FALSE,6.071,6.0714
69,93,FALSE,23.09044,6.13545
69,95,FALSE,5.10445,4.09574
69,98,FALSE,30.13544,5.12332
69,99,FALSE,34.05792,22.13721
69,100,FALSE,35.007,6.10248
69,101,FALSE,23.14232,3.00109
69,103,FALSE,25.13814,6.10626
69,104,FALSE,30.11255,6.113
69,106,FALSE,28.00315,3.0305
69,107,FALSE,26.09512,4.04347
69,109,FALSE,34.08204,6.07877
69,110,FALSE,28.00664,6.08792
69,111,FALSE,33.10399,5.002
69,112,FALSE,22.10844,3.02943
69,113,FALSE,28.05283,5.03884
69,114,FALSE,5.13892,2.11851
69,115,FALSE,5.12959,6.02687
69,116,FALSE,28.04649,3.07636
69,117,FALSE,5.14023,4.04854
69,118,FALSE,18.03349,2.11026
69,120,FALSE,34.01163,2.00247
69,121,FALSE,5.09279,2.0157
69,122,FALSE,5.13538,2.01648
69,123,FALSE,6.05152,2.12643
69,124,FALSE,37.1266,4.03292
69,125,FALSE,34.09508,35.07398
69,126,FALSE,30.06178,35.02101
69,127,FALSE,24.05776,6.07496
69,128,FALSE,30.09199,4.13498
69,129,FALSE,30.14726,6.09823
69,130,FALSE,35.08649,35.14171
69,131,FALSE,5.03027,4.01719
69,133,FALSE,5.14024,3.05345
69,134,FALSE,5.10411,4.03355
69,135,FALSE,4.11682,6.07519
69,136,FALSE,4.13516,4.00488
69,137,TRUE,5.05083,1
69,139,FALSE,5.14162,5.05553
69,140,FALSE,3.07542,4.01016
69,141,FALSE,2.0864,6.03576
69,142,FALSE,3.03353,3.00173
69,143,FALSE,5.11421,1.0535
69,144,FALSE,5.10293,31.07419
69,145,TRUE,30.00999,1
69,146,TRUE,1,1
69,147,FALSE,1,2.14655
69,148,TRUE,1,1
69,149,TRUE,18.10932,1
69,150,FALSE,1,35.0117
69,151,TRUE,1.09438,1
69,153,FALSE,6.09676,6.13188
69,154,FALSE,23.03195,6.04437
69,155,FALSE,5.13872,4.05104
69,156,FALSE,28.08121,5.05054
69,157,FALSE,5.04647,1.13002
69,158,FALSE,18.1121,4.07389
69,159,FALSE,23.01268,3.02834
69,160,FALSE,23.01546,4.07536
69,161,FALSE,18.10136,4.072
69,162,FALSE,29.11615,34.13502
69,164,FALSE,37.04193,5.06876
69,165,FALSE,6.03137,35.03703
69,166,FALSE,30.12867,35.05723
69,167,FALSE,5.13895,6.00277
69,168,FALSE,1,35.0816
69,169,FALSE,30.00496,35.09848
69,173,FALSE,29.10406,6.01705
69,175,FALSE,3.08265,3.1102
69,176,FALSE,5.07395,5.01201
69,177,FALSE,30.08951,6.10856
69,178,FALSE,35.03617,34.02235
69,179,FALSE,34.03866,6.14545
69,180,FALSE,28.10279,28.1387
69,181,FALSE,35.00621,33.05579
69,182,FALSE,10.04271,6.07022
69,183,FALSE,35.05455,6.04747
69,184,FALSE,37.11223,6.07308
69,185,FALSE,28.14193,6.14168
69,186,FALSE,37.07264,6.11676
69,188,FALSE,30.09343,1.05426
69,189,FALSE,34.06961,34.11655
69,190,FALSE,23.09786,6.14183
69,191,FALSE,30.11626,6.04256
69,192,FALSE,25.11232,6.11803
69,193,FALSE,35.02001,36.03393
69,194,FALSE,25.04215,6.07193
69,195,FALSE,28.07734,6.05006
69,197,FALSE,29.03918,2.03335
69,198,FALSE,25.06388,6.0346
69,199,FALSE,29.06091,23.03338
69,200,FALSE,6.1267,6.14701
69,201,FALSE,5.13807,6.05644
69,202,FALSE,37.01794,37.04909
69,203,FALSE,30.03378,6.11327
69,204,FALSE,30.03972,6.05832
69,206,FALSE,30.12997,2.06496
69,207,FALSE,28.03519,6.07047
69,208,FALSE,5.12769,5.07633
69,209,FALSE,28.03518,28.07671
69,210,FALSE,28.07839,28.09266
69,211,FALSE,28.11632,33.04834
69,212,FALSE,4.09109,5.0573
69,213,FALSE,13.10931,5.1284
69,216,FALSE,28.08432,6.08622
69,217,FALSE,29.14075,6.12473
69,218,FALSE,30.12633,6.0815
69,219,FALSE,25.08358,6.13223
69,222,FALSE,28.12531,5.14693
69,225,FALSE,33.08845,33.12637
69,226,FALSE,35.02385,6.09349
69,227,FALSE,37.05173,34.00949
69,229,FALSE,33.10133,33.10568
69,230,FALSE,33.05184,33.03687
69,233,FALSE,30.14522,6.02164
69,234,FALSE,30.09985,33.06601
69,235,FALSE,30.0422,33.06118
69,236,FALSE,4.07113,4.09927
69,237,FALSE,5.10504,6.14077
69,242,FALSE,24.05231,4.00048
69,243,FALSE,6.06057,6.11355
69,251,FALSE,34.07358,34.10546
69,252,FALSE,28.01309,6.06932
69,253,FALSE,30.10455,4.05367
69,254,FALSE,4.05614,1.12232
69,255,FALSE,13.08894,3.01122
69,256,FALSE,30.00865,2.03953
69,257,FALSE,20.07707,4.02799
69,258,FALSE,18.06951,1.02441
69,259,FALSE,5.11881,33.12657
69,260,FALSE,5.06728,5.04219
69,262,FALSE,36.04867,1.01453
69,263,FALSE,6.01507,4.03794
69,264,FALSE,29.06292,6.09287
69,265,FALSE,6.03791,5.0684
69,270,FALSE,6.13219,33.12463
69,271,FALSE,28.11727,6.05602
69,272,FALSE,5.09066,6.05434
69,273,FALSE,5.13641,6.05499
69,274,FALSE,5.14213,6.10359
69,275,FALSE,6.04091,33.12118
69,280,FALSE,5.12559,3.06772
69,289,FALSE,29.13624,5.12927
69,290,FALSE,6.12702,6.1218
69,291,FALSE,6.13834,6.14352
69,292,FALSE,6.14591,5.03228
69,293,FALSE,30.13322,15.03134
69,294,FALSE,6.11756,10.00673
69,295,FALSE,36.05195,25.10308
69,296,FALSE,4.1202,20.14325
69,297,FALSE,35.10125,6.08017
69,298,FALSE,33.06744,2.02892
69,299,FALSE,34.05758,6.09671
69,300,FALSE,33.12417,4.03316
69,301,FALSE,33.03277,4.08976
69,302,FALSE,35.06339,6.05895
69,303,FALSE,33.04192,33.0209
69,308,FALSE,31.08434,5.024
69,317,FALSE,22.04616,4.00752
69,318,FALSE,36.12974,5.06801
69,319,FALSE,30.10572,5.12331
69,320,FALSE,27.03188,4.12037
69,321,FALSE,34.14712,3.07055
69,322,FALSE,18.08088,5.10817
69,323,FALSE,17.0685,2.12758
69,324,FALSE,23.02865,2.11133
69,325,FALSE,25.13762,2.02096
69,326,FALSE,18.02453,3.0751
69,328,FALSE,25.02242,5.11597
69,329,FALSE,31.04485,20.07608
69,330,FALSE,28.08309,6.02875
69,331,FALSE,20.00153,5.10691
69,332,FALSE,20.14396,6.09754
69,333,FALSE,30.10217,33.01575
69,334,FALSE,6.05751,6.05934
69,335,FALSE,30.06295,5.11431
69,336,FALSE,30.06202,5.0525
69,337,FALSE,25.05855,6.00201
69,339,FALSE,28.13134,5.12071
69,340,TRUE,1.10925,1
69,341,TRUE,25.09334,1
69,342,FALSE,5.13759,36.10381
69,343,TRUE,1,1
69,346,FALSE,27.06525,6.06294
69,347,FALSE,33.06893,6.0945
69,348,FALSE,27.07191,6.0852
69,349,FALSE,25.02845,2.11361
69,350,FALSE,29.05125,6.13732
69,351,FALSE,25.04882,6.12289
69,352,FALSE,34.07657,6.14021
69,353,FALSE,37.0888,34.10981
69,354,FALSE,34.11886,34.12824
69,355,FALSE,23.05292,5.02874
69,357,FALSE,29.02728,5.07509
69,358,FALSE,28.14678,6.00958
69,359,FALSE,32.02895,6.01276
69,361,FALSE,25.04189,6.03388
69,363,FALSE,35.06359,35.08037
69,364,FALSE,35.05671,35.12422
69,365,FALSE,23.12816,3.13518
69,366,FALSE,5.1119,5.12101
69,367,FALSE,35.00832,35.03862
69,370,FALSE,28.11894,6.10082
69,371,FALSE,33.0081,6.10945
69,372,FALSE,33.08315,6.14659
69,373,FALSE,6.05417,6.00203
69,374,FALSE,37.10881,1.08024
69,375,FALSE,23.13375,5.11854
69,376,FALSE,5.01592,6.10501
69,377,FALSE,1,2.0547
69,378,FALSE,28.00682,33.02278
69,379,FALSE,5.13737,28.14071
69,380,FALSE,33.04333,34.04897
69,381,FALSE,5.06894,6.05746
69,383,FALSE,29.11418,5.11419
69,384,FALSE,28.03197,6.09713
69,385,FALSE,25.13723,1.12355
69,386,FALSE,27.12455,4.13578
69,387,FALSE,34.04817,1.02127
69,388,FALSE,5.06804,2.09906
69,389,FALSE,7.06501,2.00312
69,390,FALSE,27.08694,3.12522
69,391,FALSE,23.10662,5.08273
69,394,FALSE,30.01656,5.14009
69,395,FALSE,2.02134,35.03403
69,396,FALSE,3.05939,35.06516
69,397,FALSE,4.06806,35.00644
69,398,FALSE,33.05347,35.12353
69,403,FALSE,19.08829,6.00003
69,404,FALSE,34.0046,35.02923
69,405,FALSE,5.13097,35.08614
69,406,FALSE,4.12917,6.00376
69,407,FALSE,28.13187,29.02582
69,408,TRUE,4.12923,1
69,412,FALSE,34.13961,10.07335
69,413,FALSE,25.03568,20.03924
69,414,FALSE,31.07985,10.0994
69,415,FALSE,28.06442,30.11533
69,416,FALSE,20.02118,33.0694
69,417,FALSE,28.07136,6.13269
69,418,FALSE,35.02705,35.03251
69,419,FALSE,33.03941,33.06884
69,420,FALSE,33.03212,33.13078
69,421,FALSE,33.00081,33.09519
69,422,FALSE,30.06159,28.13427
69,423,FALSE,23.07148,6.09492
69,425,FALSE,37.00564,6.06734
69,426,FALSE,33.11732,6.06165
69,427,FALSE,6.12864,6.05994
69,428,FALSE,33.0688,33.09974
69,429,FALSE,28.00092,33.08502
70,1,FALSE,23.04712,6.07122
70,3,FALSE,4.04453,4.07785
70,5,FALSE,37.00557,6.01574
70,6,FALSE,33.05963,5.13098
70,7,FALSE,1,4.02623
70,9,FALSE,5.1244,5.03459
70,10,FALSE,4.02988,4.08513
70,11,FALSE,1,6.05086
70,13,FALSE,6.04008,6.09333
70,17,FALSE,28.08081,6.03044
70,18,FALSE,6.02502,6.04954
70,19,TRUE,33.09107,1
70,21,FALSE,29.05914,6.06989
70,22,FALSE,6.13858,6.08317
70,25,FALSE,19.01143,6.01679
70,29,FALSE,5.13179,4.05494
70,30,FALSE,6.12672,6.09021
70,69,FALSE,24.11825,2.10739
70,70,FALSE,23.08493,28.01205
70,71,FALSE,28.03934,6.08509
70,72,FALSE,33.04026,33.08196
70,73,FALSE,28.04862,28.08514
70,74,FALSE,37.03805,33.07936
70,75,FALSE,33.08663,34.03613
70,76,FALSE,28.11311,6.08799
70,77,FALSE,6.13635,18.11912
70,78,FALSE,23.14635,6.05126
70,79,FALSE,6.0867,6.09845
70,82,FALSE,29.11469,3.04406
70,83,FALSE,18.13403,3.13935
70,84,FALSE,1,33.14435
70,85,FALSE,1,2.05966
70,86,TRUE,29.11646,1
70,91,FALSE,5.13693,5.09165
70,92,FALSE,6.04295,6.04916
70,93,FALSE,23.14702,6.12147
70,95,FALSE,5.11114,3.1127
70,98,FALSE,30.06488,5.05058
70,99,FALSE,34.12737,22.07696
70,100,FALSE,35.0047,6.08819
70,101,FALSE,23.0567,5.09961
70,103,FALSE,25.01808,6.14067
70,104,FALSE,30.02718,6.05057
70,106,FALSE,28.04998,3.13113
70,107,FALSE,26.07516,4.00244
70,109,FALSE,34.08168,6.06809
70,110,FALSE,28.09244,6.06446
70,111,FALSE,33.09818,3.1437
70,112,FALSE,22.12177,3.08862
70,113,FALSE,28.02713,5.12825
70,114,FALSE,5.09388,2.00307
70,115,FALSE,5.12847,6.00374
70,116,FALSE,28.07079,3.09952
70,117,FALSE,5.13913,4.08421
70,118,FALSE,18.10477,2.11167
70,120,FALSE,34.00348,2.01908
70,121,FALSE,5.06723,3.03209
70,122,FALSE,5.1179,1.02343
70,123,FALSE,6.12393,2.06276
70,124,FALSE,37.10488,4.00636
70,125,FALSE,34.04824,35.06783
70,126,FALSE,30.09387,35.04455
70,127,FALSE,24.09917,6.10265
70,128,FALSE,30.10882,4.02391
70,129,FALSE,30.00424,6.13341
70,130,FALSE,35.08879,35.10677
70,131,FALSE,5.11382,4.1155
70,133,FALSE,5.09729,3.07827
70,134,FALSE,5.13689,4.0377
70,135,FALSE,4.13543,6.09239
70,136,FALSE,4.0299,4.10644
70,137,FALSE,5.10581,4.13054
70,139,FALSE,5.01278,5.01467
70,140,FALSE,3.07764,4.02153
70,141,FALSE,2.12523,6.01074
70,142,FALSE,3.09939,3.02702
70,143,FALSE,5.10031,1.14037
70,144,FALSE,5.11709,4.12506
70,145,FALSE,1,30.04927
70,146,TRUE,1,1
70,147,FALSE,1,2.13633
70,148,TRUE,1,1
70,149,TRUE,18.13371,1
70,150,FALSE,1,35.0518
70,151,TRUE,1.14542,1
70,153,FALSE,6.0784,6.10153
70,154,FALSE,28.09474,6.041
70,155,FALSE,23.07951,4.03244
70,156,FALSE,28.01707,5.10738
70,157,FALSE,5.14073,1.06691
70,158,FALSE,18.06306,4.07281
70,159,FALSE,23.12216,1.06558
70,160,FALSE,23.03159,4.00742
70,161,FALSE,18.11447,4.00355
70,162,FALSE,29.05437,34.12778
70,164,FALSE,37.02022,5.07793
70,165,FALSE,6.06105,35.08985
70,166,FALSE,30.14368,35.05027
70,167,FALSE,5.01136,6.1263
70,168,FALSE,1,35.01232
70,169,FALSE,30.01429,35.11844
70,173,FALSE,29.13825,6.02111
70,175,FALSE,3.12015,3.09187
70,176,FALSE,5.03644,5.04757
70,177,FALSE,30.0365,6.08289
70,178,FALSE,35.04497,34.00259
70,179,FALSE,34.06176,6.10012
70,180,FALSE,28.12347,28.13576
70,181,FALSE,35.01154,33.05247
70,182,FALSE,25.05542,6.08189
70,183,FALSE,35.05184,6.09374
70,184,FALSE,37.07164,6.10983
70,185,FALSE,28.04172,6.13563
70,186,FALSE,37.10688,6.01681
70,188,FALSE,30.11627,2.02831
70,189,FALSE,34.05706,34.10547
70,190,FALSE,23.0861,6.14226
70,191,FALSE,30.04677,6.08845
70,192,FALSE,25.03406,6.12604
70,193,FALSE,35.11146,36.05354
70,194,FALSE,25.04717,6.11346
70,195,FALSE,28.12251,6.00191
70,197,FALSE,29.04965,2.04287
70,198,FALSE,25.02328,6.06212
70,199,FALSE,30.12687,23.01887
70,200,FALSE,6.02084,6.14372
70,201,FALSE,5.13008,6.09571
70,202,FALSE,37.03657,37.03939
70,203,FALSE,30.09955,30.09246
70,204,FALSE,30.1366,6.04931
70,206,FALSE,30.04566,2.03038
70,207,FALSE,28.02609,6.07346
70,208,FALSE,5.1168,5.09975
70,209,FALSE,28.0258,28.01338
70,210,FALSE,28.12131,28.01704
70,211,FALSE,28.12281,33.02133
70,212,FALSE,4.11767,5.0368
70,213,FALSE,13.1422,5.12239
70,216,FALSE,28.11894,6.09071
70,217,FALSE,29.08156,6.14
70,218,FALSE,30.07145,6.09848
70,219,FALSE,25.05471,6.13592
70,222,FALSE,28.08432,5.11676
70,225,FALSE,33.07454,33.1139
70,226,FALSE,35.04841,6.11252
70,227,FALSE,37.13949,34.06307
70,229,FALSE,33.13838,33.10486
70,230,FALSE,33.09343,33.03569
70,233,FALSE,30.13771,5.08624
70,234,FALSE,30.05113,33.02179
70,235,FALSE,30.1208,33.00654
70,236,FALSE,4.06304,4.11876
70,237,FALSE,5.12682,6.0198
70,242,FALSE,24.1191,4.05589
70,243,FALSE,6.00697,6.14341
70,251,FALSE,34.05422,34.08919
70,252,FALSE,28.11744,6.0488
70,253,FALSE,30.03809,4.09432
70,254,FALSE,4.14328,1.01151
70,255,FALSE,13.05433,3.10876
70,256,FALSE,30.14063,2.10227
70,257,FALSE,20.00957,4.0655
70,258,FALSE,18.02551,5.03424
70,259,FALSE,5.14179,33.08632
70,260,FALSE,5.04245,5.14381
70,262,FALSE,36.0701,1.03683
70,263,FALSE,6.01955,3.14162
70,264,FALSE,29.00446,6.07554
70,265,FALSE,6.08368,5.1429
70,270,FALSE,6.0997,33.03797
70,271,FALSE,28.02199,6.13797
70,272,FALSE,5.10944,6.06568
70,273,FALSE,5.13589,6.01596
70,274,FALSE,5.14355,6.00151
70,275,FALSE,6.11999,33.01107
70,280,FALSE,5.08173,3.00808
70,289,FALSE,29.03398,5.14197
70,290,FALSE,6.09795,6.06551
70,291,FALSE,6.13006,6.13459
70,292,FALSE,6.10322,5.05388
70,293,FALSE,31.07085,15.04158
70,294,FALSE,30.08636,10.04081
70,295,FALSE,36.13816,25.03359
70,296,FALSE,4.09017,20.11538
70,297,FALSE,35.06059,6.02102
70,298,FALSE,33.09852,2.0778
70,299,FALSE,34.12775,6.06451
70,300,FALSE,33.1466,4.03356
70,301,FALSE,33.12568,4.09956
70,302,FALSE,35.10287,5.13455
70,303,FALSE,33.09564,5.01514
70,308,FALSE,31.07036,5.04681
70,317,FALSE,22.07787,3.04633
70,318,FALSE,36.09052,6.02427
70,319,FALSE,30.12318,5.13026
70,320,FALSE,27.01645,4.02803
70,321,FALSE,34.06593,4.01296
70,322,FALSE,18.02785,5.07408
70,323,FALSE,17.04214,2.04675
70,324,FALSE,23.14657,1.02228
70,325,FALSE,25.13488,4.05949
70,326,FALSE,18.06818,4.10529
70,328,FALSE,25.03771,5.03922
70,329,FALSE,31.11781,6.13764
70,330,FALSE,30.14204,6.04055
70,331,FALSE,20.0087,5.10068
70,332,FALSE,30.10741,5.08025
70,333,FALSE,30.04305,33.01117
70,334,FALSE,6.10513,6.07716
70,335,FALSE,30.09724,5.10822
70,336,FALSE,30.04449,1.01961
70,337,FALSE,25.12732,6.03636
70,339,FALSE,28.13796,5.14523
70,340,TRUE,1.00109,1
70,341,TRUE,25.13889,1
70,342,FALSE,5.09781,36.0036
70,343,TRUE,1,1
70,346,FALSE,27.00078,6.01792
70,347,FALSE,33.0375,6.09697
70,348,FALSE,27.0523,6.03001
70,349,FALSE,25.11839,2.12418
70,350,FALSE,29.02717,6.14103
70,351,FALSE,25.06997,6.13502
70,352,FALSE,34.00162,6.1356
70,353,FALSE,37.08274,34.06679
70,354,FALSE,34.05209,34.13408
70,355,FALSE,23.11932,5.09222
70,357,FALSE,29.13655,5.11013
70,358,FALSE,28.10103,6.01328
70,359,FALSE,32.01299,6.04044
70,361,FALSE,25.09533,6.07611
70,363,FALSE,35.08186,35.09805
70,364,FALSE,35.09263,35.11505
70,365,FALSE,23.1078,3.00637
70,366,FALSE,5.10476,5.10789
70,367,FALSE,35.01169,35.03658
70,370,FALSE,28.11256,6.08188
70,371,FALSE,33.04908,6.14426
70,372,FALSE,33.08465,6.14277
70,373,FALSE,6.13134,6.03798
70,374,FALSE,37.11327,1.1113
70,375,FALSE,4.09557,5.02919
70,376,FALSE,5.05203,6.07153
70,377,FALSE,2.01034,6.07274
70,378,FALSE,28.0325,33.0104
70,379,FALSE,5.09965,28.04205
70,380,FALSE,33.0785,34.0066
70,381,FALSE,5.08914,6.03353
70,383,FALSE,30.103,5.10934
70,384,FALSE,28.02834,6.13886
70,385,FALSE,30.02566,1.01371
70,386,FALSE,27.06656,4.06875
70,387,FALSE,34.06955,1.09499
70,388,FALSE,5.0537,2.07435
70,389,FALSE,7.0921,2.07218
70,390,FALSE,27.13867,3.09265
70,391,FALSE,23.07151,2.06367
70,394,FALSE,30.13762,5.12263
70,395,FALSE,2.10819,35.10059
70,396,FALSE,3.01256,35.11653
70,397,FALSE,4.12919,35.10078
70,398,FALSE,33.04046,35.12995
70,403,FALSE,19.08248,6.02844
70,404,FALSE,34.12402,35.14489
70,405,FALSE,5.11569,35.03594
70,406,FALSE,4.14295,6.07038
70,407,FALSE,28.06127,29.13631
70,408,TRUE,4.07479,1
70,412,FALSE,34.04753,10.03181
70,413,FALSE,25.10552,15.14147
70,414,FALSE,31.09127,10.05559
70,415,FALSE,28.08318,30.13907
70,416,FALSE,20.12815,33.09574
70,417,FALSE,23.02596,6.13904
70,418,FALSE,35.04756,35.0989
70,419,FALSE,33.10873,33.11575
70,420,FALSE,33.01813,33.13938
70,421,FALSE,33.06079,33.13091
70,422,FALSE,30.08668,28.13572
70,423,FALSE,23.0185,6.08972
70,425,FALSE,5.10817,6.03844
70,426,FALSE,33.08611,6.06859
70,427,FALSE,6.12709,6.06759
70,428,FALSE,33.11201,33.10753
70,429,FALSE,28.08107,33.0663
71,1,FALSE,23.06037,6.01777
71,3,FALSE,4.03428,4.08533
71,5,FALSE,37.1008,6.04245
71,6,FALSE,33.05639,5.12112
71,7,FALSE,1,4.00194
71,9,FALSE,5.1199,4.06108
71,10,FALSE,4.0779,4.05062
71,11,FALSE,1,6.04007
71,13,FALSE,6.13478,6.07326
71,17,FALSE,29.09718,6.04598
71,18,FALSE,6.01623,6.01125
71,19,TRUE,33.00144,1
71,21,FALSE,29.1031,6.08434
71,22,FALSE,6.13602,6.13055
71,25,FALSE,19.07848,6.02469
71,29,FALSE,5.12614,3.10772
71,30,FALSE,6.13728,6.02221
71,69,FALSE,24.12735,2.04171
71,70,FALSE,23.02859,28.07825
71,71,FALSE,28.0204,6.07584
71,72,FALSE,33.0355,33.05028
71,73,FALSE,28.12221,28.07364
71,74,FALSE,33.02967,33.03037
71,75,FALSE,33.09321,34.00942
71,76,FALSE,28.0088,6.13772
71,77,FALSE,6.12816,18.14038
71,78,FALSE,23.00296,6.03881
71,79,FALSE,6.10708,6.12986
71,82,FALSE,29.14046,6.07966
71,83,FALSE,18.08231,3.02477
71,84,FALSE,1,33.1426
71,85,TRUE,2.00859,1
71,86,TRUE,29.04734,1
71,91,FALSE,5.12262,5.07624
71,92,FALSE,28.01191,6.09185
71,93,FALSE,23.02241,6.10669
71,95,FALSE,5.12189,3.12802
71,98,FALSE,30.10438,5.14709
71,99,FALSE,34.12405,22.06664
71,100,FALSE,35.01315,6.03295
71,101,FALSE,23.11677,5.00656
71,103,FALSE,25.12546,6.13038
71,104,FALSE,30.14737,6.01622
71,106,FALSE,28.06837,3.13604
71,107,FALSE,26.04806,4.00261
71,109,FALSE,34.04887,6.11749
71,110,FALSE,28.09927,6.08289
71,111,FALSE,33.05805,3.10184
71,112,FALSE,22.06466,4.00696
71,113,FALSE,28.10457,5.10765
71,114,FALSE,5.07844,2.04617
71,115,FALSE,5.04795,6.06663
71,116,FALSE,28.14572,3.03144
71,117,FALSE,5.11464,4.00792
71,118,FALSE,18.03989,2.10094
71,120,FALSE,34.10852,2.01325
71,121,FALSE,5.07559,3.07543
71,122,FALSE,5.08251,1.06749
71,123,FALSE,6.07497,2.09811
71,124,FALSE,37.14707,2.12655
71,125,FALSE,34.05998,35.02907
71,126,FALSE,30.10479,35.054
71,127,FALSE,24.14,6.03644
71,128,FALSE,30.14195,4.04071
71,129,FALSE,30.02465,6.11964
71,130,FALSE,35.12683,35.14649
71,131,FALSE,5.13425,4.00912
71,133,FALSE,5.12714,3.13172
71,134,FALSE,5.11802,4.00328
71,135,FALSE,4.06637,2.06962
71,136,FALSE,4.13341,6.01401
71,137,TRUE,5.14296,1
71,139,FALSE,5.13036,5.12356
71,140,FALSE,3.11554,4.03087
71,141,FALSE,2.13843,6.09035
71,142,FALSE,3.02079,3.14437
71,143,FALSE,5.04267,1.08138
71,144,FALSE,5.1444,4.12329
71,145,TRUE,30.00137,1
71,146,TRUE,1,1
71,147,FALSE,1,2.13734
71,148,TRUE,1,1
71,149,TRUE,18.05647,1
71,150,FALSE,1,35.12532
71,151,TRUE,1.05528,1
71,153,FALSE,6.10103,6.10504
71,154,FALSE,23.1297,6.07398
71,155,FALSE,5.14525,5.05555
71,156,FALSE,5.10594,6.00673
71,157,FALSE,5.01494,2.04583
71,158,FALSE,18.11785,4.10533
71,159,FALSE,23.13048,1.02188
71,160,FALSE,23.04468,4.14292
71,161,FALSE,18.04821,4.14139
71,162,FALSE,29.09807,34.1186
71,164,FALSE,37.0391,5.03036
71,165,FALSE,6.12801,35.00128
71,166,FALSE,30.11649,35.06265
71,167,FALSE,5.04475,6.1154
71,168,FALSE,1,35.09248
71,169,FALSE,30.01542,35.1106
71,173,FALSE,29.07378,6.01663
71,175,FALSE,3.03704,3.11935
71,176,FALSE,5.13096,5.03461
71,177,FALSE,30.12423,6.12632
71,178,FALSE,35.02315,34.00298
71,179,FALSE,34.08055,6.1442
71,180,FALSE,28.05384,28.14016
71,181,FALSE,35.04642,33.09526
71,182,FALSE,25.10795,6.12497
71,183,FALSE,35.06313,6.11342
71,184,FALSE,37.10337,6.10387
71,185,FALSE,28.11883,6.13076
71,186,FALSE,37.05959,6.05434
71,188,FALSE,30.128,1.0495
71,189,FALSE,34.04325,34.10589
71,190,FALSE,23.04982,6.13674
71,191,FALSE,30.09025,6.09723
71,192,FALSE,25.10244,6.08659
71,193,FALSE,35.0254,36.0918
71,194,FALSE,25.03332,6.08068
71,195,FALSE,28.14321,6.03173
71,197,FALSE,30.07566,1.06016
71,198,FALSE,25.07898,6.04856
71,199,FALSE,30.00821,23.06712
71,200,FALSE,6.06976,6.10844
71,201,FALSE,5.09358,6.05159
71,202,FALSE,37.09317,37.06622
71,203,FALSE,30.11056,20.07718
71,204,FALSE,30.13984,4.07204
71,206,FALSE,30.13621,2.07735
71,207,FALSE,28.06777,6.1339
71,208,FALSE,5.12525,5.06197
71,209,FALSE,28.13009,28.13078
71,210,FALSE,28.0818,28.115
71,211,FALSE,28.11625,33.10162
71,212,FALSE,5.06149,4.13073
71,213,FALSE,13.01331,5.1344
71,216,FALSE,28.11314,6.09754
71,217,FALSE,29.11957,6.13409
71,218,FALSE,30.05792,6.05557
71,219,FALSE,25.0058,6.12566
71,222,FALSE,28.08577,5.10782
71,225,FALSE,33.1365,33.14451
71,226,FALSE,35.03404,6.08147
71,227,FALSE,37.03025,34.05591
71,229,FALSE,33.1249,33.1262
71,230,FALSE,33.08192,33.05523
71,233,FALSE,30.14644,6.00844
71,234,FALSE,30.1043,33.08763
71,235,FALSE,30.0614,33.03143
71,236,FALSE,4.07736,4.10318
71,237,FALSE,5.14669,6.0557
71,242,FALSE,24.0791,4.07771
71,243,FALSE,6.09324,6.11805
71,251,FALSE,34.09102,34.12638
71,252,FALSE,28.12783,6.11313
71,253,FALSE,30.0274,4.10168
71,254,FALSE,4.00849,1.02389
71,255,FALSE,13.12402,3.08086
71,256,FALSE,30.00705,2.10583
71,257,FALSE,20.11856,4.08129
71,258,FALSE,18.04465,1.14155
71,259,FALSE,5.0519,33.05002
71,260,FALSE,5.11491,5.0158
71,262,FALSE,36.01762,1.12644
71,263,FALSE,6.01976,3.03578
71,264,FALSE,29.02147,6.11848
71,265,FALSE,6.01557,5.10904
71,270,FALSE,6.08511,33.04234
71,271,FALSE,28.13151,6.12502
71,272,FALSE,5.14284,6.06648
71,273,FALSE,5.12793,6.07667
71,274,FALSE,5.04277,6.01015
71,275,FALSE,6.10003,33.07287
71,280,FALSE,5.0654,3.01552
71,289,FALSE,29.04333,5.14423
71,290,FALSE,6.12622,6.11515
71,291,FALSE,6.14063,6.14531
71,292,FALSE,6.10614,5.14455
71,293,FALSE,31.05653,15.12745
71,294,FALSE,10.12317,10.00542
71,295,FALSE,36.06532,25.03889
71,296,FALSE,4.13337,20.00079
71,297,FALSE,35.05022,6.00078
71,298,FALSE,33.14376,1.02263
71,299,FALSE,34.08732,6.07281
71,300,FALSE,33.12178,4.00345
71,301,FALSE,33.12918,4.10555
71,302,FALSE,35.00907,6.00648
71,303,FALSE,33.02171,5.04424
71,308,FALSE,31.08099,5.03798
71,317,FALSE,22.14642,4.01855
71,318,FALSE,36.06101,6.02151
71,319,FALSE,30.08158,5.13373
71,320,FALSE,27.1053,4.06866
71,321,FALSE,34.07913,4.04148
71,322,FALSE,18.13249,5.03029
71,323,FALSE,17.02311,2.11247
71,324,FALSE,23.13262,2.06549
71,325,FALSE,25.11452,2.10563
71,326,FALSE,18.02362,3.05984
71,328,FALSE,25.09595,5.01417
71,329,FALSE,31.05282,6.13938
71,330,FALSE,30.07139,6.04006
71,331,FALSE,20.02309,5.02515
71,332,FALSE,30.01529,5.10352
71,333,FALSE,30.13346,33.12261
71,334,FALSE,6.0754,6.08755
71,335,FALSE,30.0678,5.02964
71,336,FALSE,30.10437,5.01045
71,337,FALSE,25.09022,6.04282
71,339,FALSE,28.10549,5.03063
71,340,TRUE,1.04025,1
71,341,TRUE,25.08392,1
71,342,FALSE,5.03817,36.09756
71,343,TRUE,1,1
71,346,FALSE,27.06237,6.027
71,347,FALSE,33.06858,6.10512
71,348,FALSE,27.10931,6.0182
71,349,FALSE,25.11898,2.03449
71,350,FALSE,29.02244,6.12564
71,351,FALSE,25.07665,6.14452
71,352,FALSE,34.02773,6.05964
71,353,FALSE,37.05294,34.05321
71,354,FALSE,34.04889,34.0813
71,355,FALSE,23.06264,4.04279
71,357,FALSE,29.05053,5.09242
71,358,FALSE,28.0107,6.00884
71,359,FALSE,32.13908,6.03921
71,361,FALSE,25.11723,6.05617
71,363,FALSE,35.09932,35.1181
71,364,FALSE,35.08983,35.09995
71,365,FALSE,23.1419,3.03076
71,366,FALSE,5.13068,5.13129
71,367,FALSE,35.00971,35.011
71,370,FALSE,28.11237,6.06584
71,371,FALSE,33.14122,6.14628
71,372,FALSE,33.03794,6.14691
71,373,FALSE,6.10822,6.01547
71,374,FALSE,37.13806,1.00527
71,375,FALSE,23.04736,5.14425
71,376,FALSE,5.07583,6.00671
71,377,FALSE,2.13729,6.0206
71,378,FALSE,28.01099,33.07193
71,379,FALSE,5.04908,28.10681
71,380,FALSE,33.11899,34.04976
71,381,FALSE,5.14022,6.01081
71,383,FALSE,29.04264,5.09047
71,384,FALSE,28.07403,6.12106
71,385,FALSE,25.13598,3.06626
71,386,FALSE,27.04764,1.00383
71,387,FALSE,34.03593,1.11806
71,388,FALSE,5.13894,2.01281
71,389,FALSE,7.08979,2.06175
71,390,FALSE,27.12935,3.08102
71,391,FALSE,23.10306,2.02653
71,394,FALSE,30.09304,5.04192
71,395,FALSE,2.0858,35.04876
71,396,FALSE,3.07072,35.09774
71,397,FALSE,4.12303,35.14573
71,398,FALSE,33.00896,35.09042
71,403,FALSE,19.08019,6.05902
71,404,FALSE,34.10288,35.0132
71,405,FALSE,5.02298,35.12264
71,406,FALSE,4.1006,6.00237
71,407,FALSE,28.03039,29.12457
71,408,TRUE,4.04288,1
71,412,FALSE,34.13448,10.05856
71,413,FALSE,25.03098,15.01382
71,414,FALSE,31.045,10.113
71,415,FALSE,28.09507,30.02855
71,416,FALSE,20.0417,33.01287
71,417,FALSE,28.06595,6.1443
71,418,FALSE,35.07183,35.0778
71,419,FALSE,33.07707,33.09053
71,420,FALSE,33.05285,33.11791
71,421,FALSE,33.02638,33.0715
71,422,FALSE,28.07649,30.09799
71,423,FALSE,23.11853,6.07092
71,425,FALSE,37.06121,5.07902
71,426,FALSE,33.14647,6.06354
71,427,FALSE,6.139,6.08802
71,428,FALSE,33.07095,33.07812
71,429,FALSE,28.07805,33.02781
72,1,FALSE,23.054,6.08081
72,3,FALSE,4.0352,4.12147
72,5,FALSE,37.00389,6.00613
72,6,FALSE,33.01827,5.13554
72,7,FALSE,1,4.04954
72,9,FALSE,5.14407,5.04506
72,10,FALSE,4.1218,5.10865
72,11,FALSE,1,6.09385
72,13,FALSE,6.07703,6.05192
72,17,FALSE,28.06298,6.03257
72,18,FALSE,6.06088,6.00768
72,19,TRUE,33.13014,1
72,21,FALSE,29.10081,6.06564
72,22,FALSE,6.11636,6.1224
72,25,FALSE,19.00717,6.03534
72,29,FALSE,5.1254,2.02969
72,30,FALSE,6.12427,6.12387
72,69,FALSE,24.02141,2.11848
72,70,FALSE,23.03406,28.06016
72,71,FALSE,28.01642,6.07287
72,72,FALSE,33.02587,33.04235
72,73,FALSE,28.01697,28.08617
72,74,FALSE,37.10398,33.04262
72,75,FALSE,33.11518,34.0233
72,76,FALSE,6.09637,6.12396
72,77,FALSE,6.10096,18.08921
72,78,FALSE,23.0672,6.02152
72,79,FALSE,6.06935,6.07643
72,82,FALSE,29.0947,6.09599
72,83,FALSE,18.03234,3.0105
72,84,FALSE,1,33.13099
72,85,TRUE,2.12436,1
72,86,TRUE,29.02255,1
72,91,FALSE,5.13939,5.08746
72,92,FALSE,6.0782,6.08206
72,93,FALSE,23.13168,6.12934
72,95,FALSE,5.09737,4.12794
72,98,FALSE,30.07926,5.14566
72,99,FALSE,34.14551,22.07106
72,100,FALSE,35.03409,6.1284
72,101,FALSE,23.09458,5.08341
72,103,FALSE,25.08093,6.06589
72,104,FALSE,30.1154,6.03922
72,106,FALSE,28.00905,3.04835
72,107,FALSE,26.04335,4.00251
72,109,FALSE,34.05679,6.09755
72,110,FALSE,28.03196,6.08166
72,111,FALSE,33.04883,5.08209
72,112,FALSE,22.12651,4.00513
72,113,FALSE,28.10068,5.02778
72,114,FALSE,5.09685,2.13381
72,115,FALSE,5.14318,6.04056
72,116,FALSE,28.1364,3.14063
72,117,FALSE,5.09909,4.14107
72,118,FALSE,18.06191,2.02735
72,120,FALSE,34.11765,2.06268
72,121,FALSE,5.11042,3.05834
72,122,FALSE,5.13752,1.06114
72,123,FALSE,6.11044,2.07933
72,124,FALSE,37.02651,2.1461
72,125,FALSE,34.09202,35.06586
72,126,FALSE,30.03725,35.0027
72,127,FALSE,24.14324,6.11098
72,128,FALSE,30.0843,4.0671
72,129,FALSE,30.12461,6.05762
72,130,FALSE,35.11908,35.13726
72,131,FALSE,5.12831,4.07686
72,133,FALSE,5.13231,3.04339
72,134,FALSE,5.01202,4.00085
72,135,FALSE,4.08731,6.01774
72,136,FALSE,4.05449,4.03512
72,137,FALSE,5.01923,4.03651
72,139,FALSE,5.03216,5.05467
72,140,FALSE,3.0229,4.03709
72,141,FALSE,2.13444,6.07824
72,142,FALSE,3.08639,3.12977
72,143,FALSE,5.03334,1.14615
72,144,FALSE,5.11069,4.12287
72,145,TRUE,30.08697,1
72,146,TRUE,1,1
72,147,FALSE,1,2.06923
72,148,TRUE,1,1
72,149,TRUE,18.00589,1
72,150,FALSE,1,35.01517
72,151,TRUE,1.10832,1
72,153,FALSE,6.10123,6.12947
72,154,FALSE,23.04546,6.05477
72,155,FALSE,23.06026,4.08474
72,156,FALSE,5.13729,6.01616
72,157,FALSE,5.02342,1.13907
72,158,FALSE,18.04749,4.017
72,159,FALSE,23.13049,1.08739
72,160,FALSE,23.06132,4.1332
72,161,FALSE,18.12613,4.01869
72,162,FALSE,29.08442,34.05035
72,164,FALSE,37.1041,5.0926
72,165,FALSE,6.04351,35.05406
72,166,FALSE,30.12245,35.07924
72,167,FALSE,5.04913,6.0821
72,168,FALSE,1,35.04096
72,169,FALSE,30.00621,35.00124
72,173,FALSE,29.12203,6.00944
72,175,FALSE,3.12576,3.10255
72,176,FALSE,5.05605,5.0377
72,177,FALSE,30.14451,6.09998
72,178,FALSE,35.00178,34.04766
72,179,FALSE,34.12321,6.13878
72,180,FALSE,28.06907,28.08906
72,181,FALSE,35.02376,33.0535
72,182,FALSE,10.05348,6.13034
72,183,FALSE,35.13051,6.11702
72,184,FALSE,37.04176,6.10575
72,185,FALSE,28.0634,6.1422
72,186,FALSE,37.09918,6.04384
72,188,FALSE,30.09217,1.00677
72,189,FALSE,34.1036,34.14268
72,190,FALSE,23.11249,6.13252
72,191,FALSE,30.12592,6.05219
72,192,FALSE,25.1223,6.11569
72,193,FALSE,35.05596,36.06753
72,194,FALSE,25.1283,6.12879
72,195,FALSE,28.03496,6.10961
72,197,FALSE,29.13515,2.07234
72,198,FALSE,25.0048,6.06185
72,199,FALSE,30.09138,23.08574
72,200,FALSE,6.09239,6.12079
72,201,FALSE,5.12812,6.02312
72,202,FALSE,37.06056,37.06173
72,203,FALSE,30.12485,20.08502
72,204,FALSE,30.00641,4.06824
72,206,FALSE,30.04655,2.07212
72,207,FALSE,28.02183,6.08475
72,208,FALSE,5.13064,4.13391
72,209,FALSE,28.11836,28.14476
72,210,FALSE,28.11849,28.06761
72,211,FALSE,28.10645,33.0258
72,212,FALSE,4.14475,5.07492
72,213,FALSE,13.10766,5.14128
72,216,FALSE,28.11327,6.10274
72,217,FALSE,29.11487,6.14389
72,218,FALSE,30.08947,6.11481
72,219,FALSE,25.0315,6.11624
72,222,FALSE,28.10062,5.14478
72,225,FALSE,33.07961,33.10373
72,226,FALSE,35.08458,6.0922
72,227,FALSE,37.1112,34.07367
72,229,FALSE,33.08634,33.04567
72,230,FALSE,33.03058,33.03031
72,233,FALSE,30.10483,6.00353
72,234,FALSE,30.07709,33.06075
72,235,FALSE,30.1055,33.02131
72,236,FALSE,4.08934,4.06792
72,237,FALSE,5.11322,6.04214
72,242,FALSE,24.14668,4.05848
72,243,FALSE,6.00529,6.13656
72,251,FALSE,34.08996,34.10135
72,252,FALSE,28.05263,6.08951
72,253,FALSE,30.08982,4.10125
72,254,FALSE,4.0491,1.13825
72,255,FALSE,13.14125,3.0387
72,256,FALSE,30.06748,2.03588
72,257,FALSE,20.03098,4.01302
72,258,FALSE,18.05963,5.12337
72,259,FALSE,5.12537,33.05196
72,260,FALSE,5.06617,5.1451
72,262,FALSE,36.08251,1.08112
72,263,FALSE,6.01505,3.02708
72,264,FALSE,29.03984,6.06208
72,265,FALSE,6.07976,5.111
72,270,FALSE,6.06278,33.04229
72,271,FALSE,28.03367,6.02718
72,272,FALSE,5.11802,6.13196
72,273,FALSE,5.09592,6.00182
72,274,FALSE,5.07189,6.03949
72,275,FALSE,6.12197,33.02864
72,280,FALSE,5.11828,3.078
72,289,FALSE,28.08894,5.14669
72,290,FALSE,6.11319,6.06843
72,291,FALSE,6.1469,6.13079
72,292,FALSE,6.05524,5.03736
72,293,FALSE,30.12559,20.03738
72,294,FALSE,6.08163,10.04158
72,295,FALSE,36.09232,25.06679
72,296,FALSE,4.07253,20.03972
72,297,FALSE,35.08273,6.07169
72,298,FALSE,33.01652,1.09828
72,299,FALSE,34.02072,6.08323
72,300,FALSE,33.11539,6.02158
72,301,FALSE,33.08745,4.12887
72,302,FALSE,35.04021,5.06648
72,303,FALSE,33.13886,33.05234
72,308,FALSE,31.1095,5.00307
72,317,FALSE,22.05096,4.0056
72,318,FALSE,36.03536,6.02876
72,319,FALSE,30.07826,5.13722
72,320,FALSE,27.11383,4.10626
72,321,FALSE,34.07854,4.0765
72,322,FALSE,18.01661,5.1294
72,323,FALSE,17.03598,2.03983
72,324,FALSE,23.07373,2.11161
72,325,FALSE,25.11163,2.10567
72,326,FALSE,28.14408,4.01224
72,328,FALSE,25.07671,5.03848
72,329,FALSE,31.0591,6.13789
72,330,FALSE,30.12877,6.04305
72,331,FALSE,20.05694,5.05931
72,332,FALSE,30.08204,5.14547
72,333,FALSE,30.01888,33.03481
72,334,FALSE,6.10097,6.06269
72,335,FALSE,30.13646,5.11973
72,336,FALSE,30.08236,5.09882
72,337,FALSE,25.11025,6.00715
72,339,FALSE,28.01223,5.0253
72,340,TRUE,1.13593,1
72,341,TRUE,25.00556,1
72,342,FALSE,5.04213,36.05885
72,343,TRUE,1,1
72,346,FALSE,27.02204,6.0354
72,347,FALSE,33.03577,6.09073
72,348,FALSE,27.12211,6.02142
72,349,FALSE,25.06624,2.06715
72,350,FALSE,29.06484,6.13502
72,351,FALSE,25.06187,6.09655
72,352,FALSE,34.0076,6.07739
72,353,FALSE,37.11183,34.06975
72,354,FALSE,34.03971,34.04116
72,355,FALSE,23.14095,5.00266
72,357,FALSE,29.07312,5.10187
72,358,FALSE,28.01149,6.01192
72,359,FALSE,32.13616,6.00451
72,361,FALSE,25.01894,6.0575
72,363,FALSE,35.10214,35.13583
72,364,FALSE,35.06926,35.06961
72,365,FALSE,23.00904,3.06192
72,366,FALSE,5.08534,5.10191
72,367,FALSE,35.00428,35.0378
72,370,FALSE,28.12864,6.07453
72,371,FALSE,33.07044,6.12347
72,372,FALSE,33.09795,6.14735
72,373,FALSE,6.14648,6.06573
72,374,FALSE,37.06372,1.07366
72,375,FALSE,23.06632,5.13214
72,376,FALSE,5.0481,6.06426
72,377,FALSE,2.14071,6.14115
72,378,FALSE,28.03475,33.14714
72,379,FALSE,5.10076,28.0642
72,380,FALSE,33.01717,34.02883
72,381,FALSE,5.03942,6.14265
72,383,FALSE,30.1312,5.01954
72,384,FALSE,30.09041,6.05948
72,385,FALSE,30.05564,2.0799
72,386,FALSE,27.10739,1.09778
72,387,FALSE,34.02024,1.12572
72,388,FALSE,5.04565,2.08146
72,389,FALSE,7.05977,2.03584
72,390,FALSE,27.05877,3.10421
72,391,FALSE,23.13532,2.12425
72,394,FALSE,30.05826,5.0523
72,395,FALSE,2.03712,35.13089
72,396,FALSE,3.05325,35.11708
72,397,FALSE,4.00761,35.04112
72,398,FALSE,33.09506,35.13914
72,403,FALSE,19.13078,6.02605
72,404,FALSE,34.09709,35.06837
72,405,FALSE,5.11906,35.11155
72,406,FALSE,4.08572,6.04181
72,407,FALSE,28.14144,29.02391
72,408,TRUE,4.12684,1
72,412,FALSE,34.07615,10.0169
72,413,FALSE,15.03786,20.09407
72,414,FALSE,31.03918,10.10052
72,415,FALSE,28.13735,30.03596
72,416,FALSE,20.01504,33.04431
72,417,FALSE,28.00712,6.12303
72,418,FALSE,35.04292,35.06162
72,419,FALSE,33.01751,33.05103
72,420,FALSE,33.05045,33.14022
72,421,FALSE,33.03101,33.14479
72,422,FALSE,28.00675,30.00121
72,423,FALSE,23.01563,6.05407
72,425,FALSE,37.08886,6.10658
72,426,FALSE,33.08801,6.04799
72,427,FALSE,6.13243,6.07425
72,428,FALSE,33.08026,33.10136
72,429,FALSE,28.09783,33.09078
73,1,FALSE,23.03746,6.03956
73,3,FALSE,4.06073,4.11019
73,5,FALSE,37.11362,6.00778
73,6,FALSE,33.10301,5.066
73,7,FALSE,1,4.01739
73,9,FALSE,5.06998,4.08195
73,10,FALSE,4.08371,5.05304
73,11,FALSE,1,6.0133
73,13,FALSE,6.06139,6.08326
73,17,FALSE,28.06288,6.01775
73,18,FALSE,6.01479,6.01984
73,19,TRUE,33.10413,1
73,21,FALSE,18.09538,6.07516
73,22,FALSE,6.12834,6.12929
73,25,FALSE,19.02731,6.03494
73,29,FALSE,5.1245,2.03169
73,30,FALSE,6.12844,6.06296
73,69,FALSE,24.1041,2.05219
73,70,FALSE,23.08315,28.13931
73,71,FALSE,28.0167,6.04786
73,72,FALSE,33.01544,33.1294
73,73,FALSE,28.08882,28.0556
73,74,FALSE,37.009,33.03885
73,75,FALSE,33.1269,34.03217
73,76,FALSE,6.11028,6.13725
73,77,FALSE,6.07526,18.133
73,78,FALSE,29.09012,6.02368
73,79,FALSE,6.08717,6.09196
73,82,FALSE,29.03628,6.07462
73,83,FALSE,18.06713,3.05485
73,84,FALSE,1,33.05302
73,85,TRUE,2.11602,1
73,86,TRUE,29.09145,1
73,91,FALSE,5.14473,5.10399
73,92,FALSE,6.05661,6.06757
73,93,FALSE,23.0138,6.10719
73,95,FALSE,5.04326,4.11717
73,98,FALSE,30.04506,5.0393
73,99,FALSE,34.11043,22.03823
73,100,FALSE,35.01171,6.05503
73,101,FALSE,23.11399,5.04878
73,103,FALSE,25.06326,6.09445
73,104,FALSE,30.11331,6.08511
73,106,FALSE,28.01687,3.04644
73,107,FALSE,26.13811,4.07486
73,109,FALSE,34.0142,6.10426
73,110,FALSE,28.04739,6.0683
73,111,FALSE,33.07541,3.08898
73,112,FALSE,22.11116,4.00393
73,113,FALSE,28.0835,5.04187
73,114,FALSE,5.12459,2.04924
73,115,FALSE,5.08482,6.00193
73,116,FALSE,28.11024,3.13397
73,117,FALSE,5.1074,4.10388
73,118,FALSE,18.14601,2.1206
73,120,FALSE,34.12734,2.02492
73,121,FALSE,5.12504,3.07058
73,122,FALSE,5.14224,1.0917
73,123,FALSE,6.11921,2.10371
73,124,FALSE,37.12451,2.09021
73,125,FALSE,34.09301,35.02451
73,126,FALSE,30.02602,35.06875
73,127,FALSE,24.0829,6.07794
73,128,FALSE,30.13762,4.06518
73,129,FALSE,30.11031,6.07915
73,130,FALSE,35.14326,35.14717
73,131,FALSE,5.0079,4.09813
73,133,FALSE,5.13633,3.00843
73,134,FALSE,5.10791,4.0162
73,135,FALSE,4.09998,2.03688
73,136,FALSE,4.11969,4.04947
73,137,FALSE,5.07049,4.07145
73,139,FALSE,5.14533,5.12414
73,140,FALSE,3.01241,4.07288
73,141,FALSE,2.0674,6.01887
73,142,FALSE,3.05696,3.03719
73,143,FALSE,5.02104,1.13879
73,144,FALSE,5.09506,4.06665
73,145,TRUE,30.09869,1
73,146,TRUE,1,1
73,147,FALSE,1,2.11593
73,148,TRUE,1,1
73,149,TRUE,18.02717,1
73,150,FALSE,1,35.13441
73,151,TRUE,1.04923,1
73,153,FALSE,6.0944,6.12251
73,154,FALSE,23.04025,6.05197
73,155,FALSE,5.13509,4.1325
73,156,FALSE,5.12198,6.02233
73,157,FALSE,5.0443,1.10173
73,158,FALSE,18.06138,4.00717
73,159,FALSE,23.01897,1.03114
73,160,FALSE,23.08408,4.12467
73,161,FALSE,18.05144,4.09504
73,162,FALSE,29.09778,34.03632
73,164,FALSE,37.11038,5.08312
73,165,FALSE,6.11815,35.06398
73,166,FALSE,30.13499,35.03022
73,167,FALSE,5.13282,6.11519
73,168,FALSE,1,35.08318
73,169,FALSE,30.13318,35.1328
73,173,FALSE,29.13329,6.01658
73,175,FALSE,3.11562,3.12914
73,176,FALSE,5.08817,5.06069
73,177,FALSE,30.12394,6.10244
73,178,FALSE,35.0628,34.00752
73,179,FALSE,34.12121,6.13855
73,180,FALSE,28.04958,28.14593
73,181,FALSE,35.02496,33.06758
73,182,FALSE,10.03466,6.1373
73,183,FALSE,35.00076,6.1226
73,184,FALSE,37.1046,6.02709
73,185,FALSE,28.13643,6.12471
73,186,FALSE,37.1227,6.04634
73,188,FALSE,37.01209,1.07853
73,189,FALSE,34.10604,34.14702
73,190,FALSE,23.12452,6.1286
73,191,FALSE,30.12896,6.04737
73,192,FALSE,25.09049,6.08271
73,193,FALSE,35.10157,36.14486
73,194,FALSE,25.12874,6.11693
73,195,FALSE,28.00035,6.13578
73,197,FALSE,30.12322,1.01478
73,198,FALSE,25.01276,6.0468
73,199,FALSE,30.02456,6.12534
73,200,FALSE,6.12853,6.13156
73,201,FALSE,5.12078,6.11941
73,202,FALSE,37.13882,37.04386
73,203,FALSE,30.14652,20.03754
73,204,FALSE,30.03263,4.08026
73,206,FALSE,30.0387,2.14149
73,207,FALSE,28.00091,6.09038
73,208,FALSE,5.13517,5.04011
73,209,FALSE,28.04673,28.02929
73,210,FALSE,28.12718,28.1436
73,211,FALSE,28.00386,33.12454
73,212,FALSE,4.14588,5.0008
73,213,FALSE,13.10915,5.13424
73,216,FALSE,28.05648,6.1159
73,217,FALSE,29.08214,6.12492
73,218,FALSE,30.13512,6.0928
73,219,FALSE,25.00962,6.11244
73,222,FALSE,28.08853,5.1408
73,225,FALSE,33.14158,33.14465
73,226,FALSE,35.00122,6.10995
73,227,FALSE,37.05236,34.01178
73,229,FALSE,33.1056,33.09352
73,230,FALSE,33.09363,33.02461
73,233,FALSE,30.12071,6.06746
73,234,FALSE,30.00178,33.04158
73,235,FALSE,30.02657,33.05743
73,236,FALSE,4.0169,4.11385
73,237,FALSE,5.13415,6.07406
73,242,FALSE,24.07903,4.07331
73,243,FALSE,6.03666,6.09072
73,251,FALSE,34.05409,34.10568
73,252,FALSE,28.13726,6.07783
73,253,FALSE,30.07377,4.05662
73,254,FALSE,4.12797,1.08767
73,255,FALSE,13.0558,3.09654
73,256,FALSE,30.01535,2.11315
73,257,FALSE,20.01385,4.05491
73,258,FALSE,18.04526,5.09672
73,259,FALSE,5.08896,33.11195
73,260,FALSE,5.02603,5.09195
73,262,FALSE,36.06076,1.00437
73,263,FALSE,6.03074,3.033
73,264,FALSE,29.14627,6.10558
73,265,FALSE,6.03622,5.07905
73,270,FALSE,6.03107,33.01933
73,271,FALSE,28.13259,6.12931
73,272,FALSE,5.11033,6.06068
73,273,FALSE,5.09912,6.03942
73,274,FALSE,5.08708,6.13635
73,275,FALSE,6.09747,33.06129
73,280,FALSE,5.11709,3.08794
73,289,FALSE,29.02654,5.14629
73,290,FALSE,6.10198,6.09533
73,291,FALSE,6.10891,6.11812
73,292,FALSE,6.11124,5.01531
73,293,FALSE,30.11952,15.02653
73,294,FALSE,10.13784,10.00335
73,295,FALSE,36.01381,25.05464
73,296,FALSE,4.05803,20.00927
73,297,FALSE,35.08273,6.01359
73,298,FALSE,33.06257,2.03257
73,299,FALSE,34.07209,6.07297
73,300,FALSE,33.08403,4.0448
73,301,FALSE,33.0305,4.13326
73,302,FALSE,35.10569,6.07587
73,303,FALSE,33.12085,5.14535
73,308,FALSE,31.10025,5.09143
73,317,FALSE,22.13987,4.09205
73,318,FALSE,36.11334,6.07194
73,319,FALSE,30.09804,5.14428
73,320,FALSE,27.04753,4.13127
73,321,FALSE,34.07298,3.10937
73,322,FALSE,18.09246,5.00727
73,323,FALSE,17.023,2.02878
73,324,FALSE,23.06301,1.13496
73,325,FALSE,25.0371,4.1372
73,326,FALSE,18.03771,4.08602
73,328,FALSE,25.05034,5.03662
73,329,FALSE,31.06487,6.14566
73,330,FALSE,28.13813,6.0834
73,331,FALSE,20.08859,5.01819
73,332,FALSE,30.04368,6.13228
73,333,FALSE,30.00146,33.02548
73,334,FALSE,6.0732,6.13268
73,335,FALSE,30.11227,5.0426
73,336,FALSE,30.11226,5.12005
73,337,FALSE,25.08852,6.07246
73,339,FALSE,28.03166,5.07922
73,340,TRUE,1.00097,1
73,341,TRUE,25.11498,1
73,342,FALSE,5.01613,36.04724
73,343,TRUE,1,1
73,346,FALSE,27.09239,6.04468
73,347,FALSE,33.07409,6.06936
73,348,FALSE,27.07148,6.04601
73,349,FALSE,25.03701,2.02387
73,350,FALSE,29.01836,6.13263
73,351,FALSE,25.11256,6.14178
73,352,FALSE,34.03013,6.09027
73,353,FALSE,37.09354,34.07314
73,354,FALSE,34.03869,34.09553
73,355,FALSE,23.08679,5.01862
73,357,FALSE,29.11908,5.10532
73,358,FALSE,28.12089,6.01417
73,359,FALSE,32.09774,6.02777
73,361,FALSE,25.07483,6.04172
73,363,FALSE,35.10139,35.11583
73,364,FALSE,35.12474,35.13455
73,365,FALSE,23.02296,3.13482
73,366,FALSE,5.08956,5.10409
73,367,FALSE,35.02252,35.04566
73,370,FALSE,28.08311,6.08664
73,371,FALSE,33.0165,6.14458
73,372,FALSE,33.14206,6.14663
73,373,FALSE,6.10768,6.08489
73,374,FALSE,37.11174,1.02874
73,375,FALSE,4.13721,5.01286
73,376,FALSE,5.05436,6.02137
73,377,FALSE,2.02192,6.13548
73,378,FALSE,28.12641,33.13497
73,379,FALSE,5.1249,28.09315
73,380,FALSE,33.11131,34.06668
73,381,FALSE,5.01006,6.06035
73,383,FALSE,28.01907,5.02917
73,384,FALSE,28.00897,6.08385
73,385,FALSE,25.14019,2.04259
73,386,FALSE,27.02849,4.08218
73,387,FALSE,34.06352,2.04447
73,388,FALSE,5.12031,2.02422
73,389,FALSE,7.03686,2.08877
73,390,FALSE,27.06179,3.09308
73,391,FALSE,23.04501,2.05536
73,394,FALSE,30.10625,5.13025
73,395,FALSE,2.14575,35.01053
73,396,FALSE,3.00969,35.14639
73,397,FALSE,4.05668,35.10874
73,398,FALSE,33.05725,35.00724
73,403,FALSE,19.05975,6.09327
73,404,FALSE,34.02526,35.1106
73,405,FALSE,5.06941,35.13218
73,406,FALSE,4.14538,6.04035
73,407,FALSE,28.01901,29.13877
73,408,TRUE,4.11824,1
73,412,FALSE,34.09841,10.12841
73,413,FALSE,6.14716,15.10042
73,414,FALSE,31.08591,10.14242
73,415,FALSE,28.0813,30.1224
73,416,FALSE,20.04133,33.02954
73,417,FALSE,23.12484,6.14
73,418,FALSE,35.02117,35.10353
73,419,FALSE,33.0194,33.1093
73,420,FALSE,33.04512,33.06428
73,421,FALSE,33.05719,33.10852
73,422,FALSE,30.02016,28.14192
73,423,FALSE,23.05886,6.0409
73,425,FALSE,5.09636,6.056
73,426,FALSE,33.12693,6.06204
73,427,FALSE,6.14082,6.13296
73,428,FALSE,33.02807,33.03157
73,429,FALSE,28.03859,33.01224
74,1,FALSE,23.03406,6.08238
74,3,FALSE,4.00495,4.04364
74,5,FALSE,37.10934,6.00962
74,6,FALSE,33.00272,5.02678
74,7,FALSE,1,4.03551
74,9,FALSE,5.12439,4.0113
74,10,FALSE,4.1009,4.06619
74,11,FALSE,1,6.0502
74,13,FALSE,6.06334,6.07717
74,17,FALSE,29.01426,6.01889
74,18,FALSE,6.04334,6.00765
74,19,TRUE,33.02639,1
74,21,FALSE,29.05739,6.07422
74,22,FALSE,6.13771,6.13276
74,25,FALSE,19.04906,6.016
74,29,FALSE,5.12663,2.14288
74,30,FALSE,6.13449,6.07545
74,69,FALSE,24.12605,2.11179
74,70,FALSE,23.07294,28.02743
74,71,FALSE,28.03186,6.03165
74,72,FALSE,33.01052,33.07193
74,73,FALSE,28.00932,28.04221
74,74,FALSE,33.03839,33.05437
74,75,FALSE,33.08903,34.06587
74,76,FALSE,28.08951,6.11101
74,77,FALSE,6.10444,18.00615
74,78,FALSE,29.03583,6.03262
74,79,FALSE,6.06893,6.09365
74,82,FALSE,29.12424,6.00783
74,83,FALSE,18.0075,3.14158
74,84,FALSE,1,33.1188
74,85,FALSE,1,2.11232
74,86,TRUE,29.07894,1
74,91,FALSE,5.12925,5.07253
74,92,FALSE,28.04851,6.07056
74,93,FALSE,23.10518,6.11408
74,95,FALSE,5.04278,4.07778
74,98,FALSE,30.14075,5.0832
74,99,FALSE,34.09062,22.04873
74,100,FALSE,35.04555,6.0694
74,101,FALSE,23.12951,5.07938
74,103,FALSE,25.03902,6.14257
74,104,FALSE,30.00253,6.00217
74,106,FALSE,28.09899,3.06935
74,107,FALSE,26.06049,4.01689
74,109,FALSE,34.09759,6.13325
74,110,FALSE,28.04832,6.08898
74,111,FALSE,33.12175,5.0314
74,112,FALSE,22.07214,3.0422
74,113,FALSE,28.06949,5.14023
74,114,FALSE,5.09983,2.05736
74,115,FALSE,5.13693,6.0607
74,116,FALSE,28.14064,3.0416
74,117,FALSE,5.11911,4.10197
74,118,FALSE,18.13747,2.11585
74,120,FALSE,34.13101,2.01822
74,121,FALSE,5.1145,2.01145
74,122,FALSE,5.10254,1.07696
74,123,FALSE,6.13471,2.12024
74,124,FALSE,37.0241,2.10206
74,125,FALSE,34.11224,35.00826
74,126,FALSE,30.12343,35.09778
74,127,FALSE,24.12245,6.08766
74,128,FALSE,30.10838,6.0088
74,129,FALSE,30.00466,6.08093
74,130,FALSE,35.12318,35.13936
74,131,FALSE,5.06467,4.12897
74,133,FALSE,5.12829,3.07312
74,134,FALSE,5.0555,4.00097
74,135,FALSE,4.08601,4.1016
74,136,FALSE,4.045,4.12843
74,137,TRUE,5.06944,1
74,139,FALSE,5.13003,5.12246
74,140,FALSE,3.05698,4.05378
74,141,FALSE,2.03215,6.04896
74,142,FALSE,3.00696,3.08935
74,143,FALSE,5.09587,1.0953
74,144,FALSE,5.10678,4.03857
74,145,FALSE,1,30.00078
74,146,TRUE,1,1
74,147,FALSE,1,2.05247
74,148,TRUE,1,1
74,149,TRUE,18.13046,1
74,150,FALSE,1,35.12756
74,151,TRUE,1.10397,1
74,153,FALSE,6.10456,6.11361
74,154,FALSE,23.10916,6.0401
74,155,FALSE,37.06157,4.11908
74,156,FALSE,28.01824,5.07428
74,157,FALSE,5.01248,2.05139
74,158,FALSE,18.00546,4.0543
74,159,FALSE,23.0277,1.01131
74,160,FALSE,23.11919,4.08775
74,161,FALSE,18.09812,4.07323
74,162,FALSE,29.0805,34.0764
74,164,FALSE,37.07442,5.09701
74,165,FALSE,6.14353,35.12866
74,166,FALSE,30.08166,35.01449
74,167,FALSE,5.03746,6.13458
74,168,FALSE,1,35.10145
74,169,FALSE,30.10779,35.13063
74,173,FALSE,29.01004,6.01094
74,175,FALSE,3.05176,3.1428
74,176,FALSE,5.07798,5.07307
74,177,FALSE,30.06866,6.09462
74,178,FALSE,35.00547,34.02592
74,179,FALSE,34.12211,6.12537
74,180,FALSE,28.05791,28.05991
74,181,FALSE,35.03613,33.06653
74,182,FALSE,10.05451,6.12585
74,183,FALSE,35.04097,6.06339
74,184,FALSE,37.0659,6.08424
74,185,FALSE,28.10016,6.14712
74,186,FALSE,37.07819,6.06687
74,188,FALSE,30.05207,1.13886
74,189,FALSE,34.08164,34.10504
74,190,FALSE,23.04575,6.09302
74,191,FALSE,30.11373,6.05148
74,192,FALSE,25.11339,6.13862
74,193,FALSE,35.01319,36.09335
74,194,FALSE,25.14331,6.09947
74,195,FALSE,28.03199,6.04772
74,197,FALSE,30.10537,1.03832
74,198,FALSE,25.12007,6.06026
74,199,FALSE,29.04682,23.10224
74,200,FALSE,6.02868,6.05826
74,201,FALSE,5.0872,6.00591
74,202,FALSE,37.04156,37.05783
74,203,FALSE,30.09907,30.0123
74,204,FALSE,30.1326,6.00835
74,206,FALSE,30.00959,2.09293
74,207,FALSE,28.10631,6.07231
74,208,FALSE,5.12731,5.02323
74,209,FALSE,28.08467,28.06579
74,210,FALSE,28.14416,28.01981
74,211,FALSE,28.05201,33.09628
74,212,FALSE,4.14218,5.03496
74,213,FALSE,13.02297,5.14434
74,216,FALSE,28.07743,6.0982
74,217,FALSE,29.07083,6.13627
74,218,FALSE,30.13502,6.13887
74,219,FALSE,25.09897,6.11099
74,222,FALSE,28.09489,5.13662
74,225,FALSE,33.07443,33.13052
74,226,FALSE,35.12407,6.10383
74,227,FALSE,37.02589,34.02832
74,229,FALSE,33.11969,33.09688
74,230,FALSE,33.07361,33.04897
74,233,FALSE,30.13864,6.01796
74,234,FALSE,30.11546,33.01053
74,235,FALSE,30.02739,33.0065
74,236,FALSE,4.0838,4.0662
74,237,FALSE,5.11645,6.05775
74,242,FALSE,24.09657,4.05281
74,243,FALSE,6.00721,6.11001
74,251,FALSE,34.05995,34.09042
74,252,FALSE,28.07576,6.14455
74,253,FALSE,30.01511,4.04752
74,254,FALSE,4.00706,1.05629
74,255,FALSE,13.04599,3.05706
74,256,FALSE,30.02827,2.03934
74,257,FALSE,20.00933,4.12011
74,258,FALSE,18.00513,5.03939
74,259,FALSE,5.0893,33.0747
74,260,FALSE,5.10905,5.06691
74,262,FALSE,36.10326,1.05794
74,263,FALSE,6.02641,3.08406
74,264,FALSE,29.10987,6.08519
74,265,FALSE,6.05901,5.14245
74,270,FALSE,6.03779,33.0879
74,271,FALSE,28.11929,6.11441
74,272,FALSE,5.11411,6.06394
74,273,FALSE,5.14364,6.0975
74,274,FALSE,5.13396,6.02588
74,275,FALSE,6.09991,33.02402
74,280,FALSE,5.13332,3.13762
74,289,FALSE,29.12129,5.14681
74,290,FALSE,6.10704,6.10752
74,291,FALSE,6.13428,6.14306
74,292,FALSE,6.11683,5.08186
74,293,FALSE,31.0433,15.10832
74,294,FALSE,6.10434,10.04182
74,295,FALSE,36.1167,25.01753
74,296,FALSE,4.0876,20.01977
74,297,FALSE,35.05767,6.01209
74,298,FALSE,33.09556,2.1308
74,299,FALSE,34.00628,6.10299
74,300,FALSE,33.0647,6.0595
74,301,FALSE,33.10863,4.09712
74,302,FALSE,35.02063,5.01594
74,303,FALSE,33.05511,5.13804
74,308,FALSE,31.13381,5.01239
74,317,FALSE,22.01112,4.03974
74,318,FALSE,36.11895,6.03433
74,319,FALSE,30.14342,5.09595
74,320,FALSE,27.09904,4.13983
74,321,FALSE,34.09282,3.06421
74,322,FALSE,18.07585,5.07524
74,323,FALSE,17.01512,2.12943
74,324,FALSE,23.12809,2.1012
74,325,FALSE,25.01411,2.02454
74,326,FALSE,28.01675,3.00737
74,328,FALSE,25.13909,5.07882
74,329,FALSE,31.12492,6.13433
74,330,FALSE,30.00527,6.11209
74,331,FALSE,20.01538,5.05781
74,332,FALSE,30.05663,6.10774
74,333,FALSE,30.12396,33.0236
74,334,FALSE,6.11827,6.08703
74,335,FALSE,30.13399,5.0979
74,336,FALSE,30.08671,5.03137
74,337,FALSE,25.12958,6.05287
74,339,FALSE,28.11755,5.0794
74,340,TRUE,1.06681,1
74,341,TRUE,25.12438,1
74,342,FALSE,5.04554,36.11365
74,343,TRUE,1,1
74,346,FALSE,27.13806,6.0469
74,347,FALSE,33.07249,6.12456
74,348,FALSE,27.01832,6.02403
74,349,FALSE,25.01771,1.02459
74,350,FALSE,29.14252,28.07469
74,351,FALSE,25.05951,6.13326
74,352,FALSE,34.08986,6.11702
74,353,FALSE,37.00967,34.05375
74,354,FALSE,34.01617,34.02056
74,355,FALSE,23.12848,5.02807
74,357,FALSE,29.13497,5.11136
74,358,FALSE,28.10926,6.02787
74,359,FALSE,32.0684,6.01579
74,361,FALSE,25.10125,6.0327
74,363,FALSE,35.05083,35.0591
74,364,FALSE,35.07142,35.0753
74,365,FALSE,23.13687,3.08125
74,366,FALSE,5.14487,5.14519
74,367,FALSE,35.01932,35.04392
74,370,FALSE,28.08856,6.09494
74,371,FALSE,33.05872,6.14511
74,372,FALSE,33.07064,6.14286
74,373,FALSE,6.08085,6.00539
74,374,FALSE,37.0658,1.00658
74,375,FALSE,4.00298,5.12871
74,376,FALSE,5.03463,6.10104
74,377,FALSE,2.10736,6.10261
74,378,FALSE,28.12192,33.06941
74,379,FALSE,5.08154,28.07736
74,380,FALSE,33.10461,34.00463
74,381,FALSE,5.06817,6.02299
74,383,FALSE,28.13382,5.08599
74,384,FALSE,30.08452,6.1199
74,385,FALSE,30.03803,2.09878
74,386,FALSE,27.04584,1.11778
74,387,FALSE,34.0343,2.07067
74,388,FALSE,5.04106,3.01342
74,389,FALSE,7.11311,2.10051
74,390,FALSE,27.08325,3.04131
74,391,FALSE,23.11631,4.06452
74,394,FALSE,30.0752,5.07411
74,395,FALSE,2.01989,35.11769
74,396,FALSE,3.00142,35.10688
74,397,FALSE,4.01686,35.04308
74,398,FALSE,33.14259,35.10027
74,403,FALSE,19.06438,6.00398
74,404,FALSE,34.04726,35.04259
74,405,FALSE,5.07512,35.00897
74,406,FALSE,4.03402,6.03479
74,407,FALSE,28.10663,29.03049
74,408,TRUE,4.08718,1
74,412,FALSE,34.09186,10.05497
74,413,FALSE,25.13603,20.00583
74,414,FALSE,31.13705,10.14591
74,415,FALSE,28.06322,30.11475
74,416,FALSE,20.0252,33.03417
74,417,FALSE,28.03673,6.09719
74,418,FALSE,35.04313,35.04892
74,419,FALSE,33.01802,33.07729
74,420,FALSE,33.01437,33.08428
74,421,FALSE,33.0293,33.0619
74,422,FALSE,28.01904,30.0847
74,423,FALSE,23.04521,6.05536
74,425,FALSE,5.14565,6.03935
74,426,FALSE,33.14403,6.05667
74,427,FALSE,6.14494,6.1127
74,428,FALSE,33.02723,33.03254
74,429,FALSE,28.07088,33.13102
75,1,FALSE,23.02755,6.09331
75,3,FALSE,4.07412,4.10303
75,5,FALSE,37.01009,6.00523
75,6,FALSE,33.01236,5.14443
75,7,FALSE,1,4.01367
75,9,FALSE,5.10355,5.01552
75,10,FALSE,4.03555,5.04275
75,11,FALSE,1,6.044
75,13,FALSE,6.05763,6.08328
75,17,FALSE,29.05724,6.01409
75,18,FALSE,6.04757,6.05307
75,19,TRUE,33.07199,1
75,21,FALSE,29.04626,6.03237
75,22,FALSE,6.14278,6.1365
75,25,FALSE,19.10116,6.01957
75,29,FALSE,5.14683,2.08193
75,30,FALSE,6.13895,6.06704
75,69,FALSE,24.13081,2.00258
75,70,FALSE,23.09912,28.03502
75,71,FALSE,28.07525,6.10532
75,72,FALSE,33.00448,33.0096
75,73,FALSE,28.13955,28.09879
75,74,FALSE,33.02918,33.04312
75,75,FALSE,33.10233,34.09245
75,76,FALSE,6.13546,6.14692
75,77,FALSE,6.12331,18.03822
75,78,FALSE,23.01381,6.02599
75,79,FALSE,6.0751,6.0787
75,82,FALSE,29.11766,3.02179
75,83,FALSE,18.08171,3.10886
75,84,FALSE,1,33.01655
75,85,TRUE,2.06877,1
75,86,TRUE,29.05445,1
75,91,FALSE,5.14618,5.0924
75,92,FALSE,6.0672,6.06891
75,93,FALSE,23.0882,6.11559
75,95,FALSE,5.12551,4.04081
75,98,FALSE,30.06862,5.01197
75,99,FALSE,34.12214,22.012
75,100,FALSE,35.02478,6.08554
75,101,FALSE,23.10858,5.0829
75,103,FALSE,25.11793,6.13644
75,104,FALSE,30.08138,6.00612
75,106,FALSE,28.02622,3.08682
75,107,FALSE,26.07883,4.0521
75,109,FALSE,34.09143,6.06126
75,110,FALSE,28.06861,6.0775
75,111,FALSE,33.10011,5.02808
75,112,FALSE,22.0233,4.03902
75,113,FALSE,28.08333,5.04618
75,114,FALSE,5.14313,2.00588
75,115,FALSE,5.11078,6.1157
75,116,FALSE,28.14285,3.05711
75,117,FALSE,5.04852,4.13046
75,118,FALSE,18.0928,2.14597
75,120,FALSE,34.0488,2.03814
75,121,FALSE,5.09909,3.09505
75,122,FALSE,5.13625,1.05779
75,123,FALSE,6.12377,2.12507
75,124,FALSE,37.10668,2.04668
75,125,FALSE,34.01439,35.03436
75,126,FALSE,30.0347,35.01815
75,127,FALSE,24.14112,6.01534
75,128,FALSE,30.04571,4.04308
75,129,FALSE,30.00159,6.1348
75,130,FALSE,35.07951,35.10838
75,131,FALSE,5.09308,4.12888
75,133,FALSE,5.06597,3.11712
75,134,FALSE,4.09833,4.01767
75,135,FALSE,4.0919,2.05691
75,136,FALSE,4.0662,4.0686
75,137,FALSE,5.11973,4.1405
75,139,FALSE,5.0048,5.134
75,140,FALSE,3.06184,4.09329
75,141,FALSE,2.0639,6.07429
75,142,FALSE,3.13016,3.03317
75,143,FALSE,5.14033,1.10606
75,144,FALSE,31.03326,4.09854
75,145,TRUE,30.00824,1
75,146,TRUE,1,1
75,147,FALSE,1,2.07513
75,148,TRUE,1,1
75,149,TRUE,18.08581,1
75,150,FALSE,1,35.13171
75,151,TRUE,1.02456,1
75,153,FALSE,6.1149,6.11497
75,154,FALSE,23.13578,6.06817
75,155,FALSE,5.14507,4.02877
75,156,FALSE,5.10689,6.05208
75,157,FALSE,5.07985,1.08625
75,158,FALSE,18.09929,4.05306
75,159,FALSE,23.00816,1.10359
75,160,FALSE,23.06959,4.10693
75,161,FALSE,18.12541,4.03359
75,162,FALSE,29.14136,34.10494
75,164,FALSE,37.0381,5.14037
75,165,FALSE,6.08407,35.04579
75,166,FALSE,30.07637,35.14668
75,167,FALSE,5.0166,6.11952
75,168,FALSE,1,35.12663
75,169,FALSE,30.05452,35.07106
75,173,FALSE,29.04422,6.00712
75,175,FALSE,3.08321,3.09233
75,176,FALSE,5.12415,5.00642
75,177,FALSE,30.08691,6.10054
75,178,FALSE,35.01081,34.01207
75,179,FALSE,34.073,6.13804
75,180,FALSE,28.14471,28.12533
75,181,FALSE,35.03887,33.05417
75,182,FALSE,10.02284,6.06534
75,183,FALSE,35.11159,6.11471
75,184,FALSE,37.04428,6.07493
75,185,FALSE,28.04263,6.14329
75,186,FALSE,37.12408,6.07988
75,188,FALSE,30.13482,1.11891
75,189,FALSE,34.12211,34.12539
75,190,FALSE,23.11347,6.12574
75,191,FALSE,30.08829,6.02797
75,192,FALSE,25.13254,6.01807
75,193,FALSE,35.01885,36.12063
75,194,FALSE,25.10619,6.07381
75,195,FALSE,28.09662,6.04961
75,197,FALSE,30.04954,2.11251
75,198,FALSE,25.07745,6.05289
75,199,FALSE,30.11741,6.06607
75,200,FALSE,6.05243,6.08681
75,201,FALSE,5.13703,6.11921
75,202,FALSE,37.1006,37.06019
75,203,FALSE,30.04985,30.07726
75,204,FALSE,30.0266,2.09055
75,206,FALSE,30.07416,2.01714
75,207,FALSE,28.05768,6.13765
75,208,FALSE,5.11632,5.07464
75,209,FALSE,28.0275,28.03711
75,210,FALSE,28.11662,28.12498
75,211,FALSE,28.05402,33.03139
75,212,FALSE,5.09609,4.14341
75,213,FALSE,13.0593,5.09697
75,216,FALSE,28.1355,6.09826
75,217,FALSE,29.06448,6.13782
75,218,FALSE,30.06757,6.10214
75,219,FALSE,25.03785,6.11379
75,222,FALSE,28.13114,5.04977
75,225,FALSE,33.08868,33.12549
75,226,FALSE,35.05762,6.0991
75,227,FALSE,37.12704,34.0171
75,229,FALSE,33.12759,33.12471
75,230,FALSE,33.0877,33.00511
75,233,FALSE,30.14585,6.0101
75,234,FALSE,30.0577,33.04748
75,235,FALSE,30.02231,33.03527
75,236,FALSE,4.06492,4.0436
75,237,FALSE,5.08937,6.09821
75,242,FALSE,24.08265,4.04538
75,243,FALSE,6.05974,6.06985
75,251,FALSE,34.04278,34.05822
75,252,FALSE,28.03575,6.10916
75,253,FALSE,30.0008,4.09006
75,254,FALSE,4.09959,1.07967
75,255,FALSE,13.00978,3.1431
75,256,FALSE,30.07113,2.10212
75,257,FALSE,20.08142,4.05285
75,258,FALSE,18.0894,1.03264
75,259,FALSE,5.14568,33.08155
75,260,FALSE,5.09008,5.02986
75,262,FALSE,36.06474,1.02623
75,263,FALSE,6.03832,3.101
75,264,FALSE,29.00163,6.12431
75,265,FALSE,6.12499,5.04991
75,270,FALSE,6.13834,33.11853
75,271,FALSE,28.06069,6.10582
75,272,FALSE,5.03872,6.01784
75,273,FALSE,5.10237,6.00296
75,274,FALSE,5.13808,6.01485
75,275,FALSE,6.02134,33.06008
75,280,FALSE,5.11923,3.00749
75,289,FALSE,29.09358,5.13623
75,290,FALSE,6.12662,6.09404
75,291,FALSE,6.14561,6.1336
75,292,FALSE,6.12487,5.09322
75,293,FALSE,30.146,15.01783
75,294,FALSE,6.11603,10.04337
75,295,FALSE,36.01621,25.04417
75,296,FALSE,4.08362,20.10781
75,297,FALSE,35.09081,6.11047
75,298,FALSE,33.0055,2.10972
75,299,FALSE,34.08687,6.00669
75,300,FALSE,33.0404,6.06424
75,301,FALSE,33.01929,4.08415
75,302,FALSE,35.08954,6.03452
75,303,FALSE,33.07652,5.04413
75,308,FALSE,31.08644,3.05789
75,317,FALSE,22.02519,4.005
75,318,FALSE,36.06733,4.1221
75,319,FALSE,30.0971,5.0509
75,320,FALSE,27.10527,4.1057
75,321,FALSE,34.03641,3.11252
75,322,FALSE,18.14342,5.00906
75,323,FALSE,17.05814,3.06276
75,324,FALSE,23.02949,2.12314
75,325,FALSE,25.05948,4.07108
75,326,FALSE,18.05182,3.02452
75,328,FALSE,25.12482,5.09638
75,329,FALSE,31.01143,6.13498
75,330,FALSE,30.13328,6.05012
75,331,FALSE,20.08143,5.0065
75,332,FALSE,30.01457,5.14672
75,333,FALSE,30.03693,33.03768
75,334,FALSE,6.07536,6.046
75,335,FALSE,30.00387,5.05153
75,336,FALSE,30.09889,5.10716
75,337,FALSE,25.14171,6.00683
75,339,FALSE,28.08617,5.01313
75,340,TRUE,1.03162,1
75,341,TRUE,25.08592,1
75,342,FALSE,5.00647,36.06585
75,343,TRUE,1,1
75,346,FALSE,27.10141,6.04238
75,347,FALSE,33.08154,6.08769
75,348,FALSE,27.04764,6.03461
75,349,FALSE,25.0336,1.00534
75,350,FALSE,29.02091,28.01849
75,351,FALSE,25.05856,6.1395
75,352,FALSE,34.04633,6.13466
75,353,FALSE,37.07086,34.0678
75,354,FALSE,34.04627,34.1413
75,355,FALSE,23.01357,5.004
75,357,FALSE,29.13691,5.06418
75,358,FALSE,28.12201,6.03427
75,359,FALSE,32.02632,6.00888
75,361,FALSE,25.0945,6.05362
75,363,FALSE,35.06048,35.10763
75,364,FALSE,35.11203,35.13192
75,365,FALSE,23.08961,3.04642
75,366,FALSE,5.07563,5.12857
75,367,FALSE,35.01719,35.05105
75,370,FALSE,28.07725,6.09258
75,371,FALSE,33.08898,6.14086
75,372,FALSE,33.01633,6.13928
75,373,FALSE,6.05128,6.00048
75,374,FALSE,37.14662,1.07946
75,375,FALSE,23.08318,5.07818
75,376,FALSE,5.01299,6.00527
75,377,FALSE,2.07499,6.13448
75,378,FALSE,28.0832,33.03017
75,379,FALSE,5.11435,28.14728
75,380,FALSE,33.08238,34.00608
75,381,FALSE,5.04127,6.13109
75,383,FALSE,30.03114,5.10572
75,384,FALSE,28.04345,6.1268
75,385,FALSE,25.08035,1.01919
75,386,FALSE,27.0034,4.03399
75,387,FALSE,34.08734,2.00501
75,388,FALSE,5.02283,2.07165
75,389,FALSE,7.13101,2.06196
75,390,FALSE,27.02787,3.03176
75,391,FALSE,23.0932,5.10597
75,394,FALSE,30.02174,5.11509
75,395,FALSE,2.01163,35.06387
75,396,FALSE,3.0705,35.12817
75,397,FALSE,4.07132,35.02118
75,398,FALSE,33.11234,35.10529
75,403,FALSE,19.11936,6.05539
75,404,FALSE,34.07659,35.06049
75,405,FALSE,5.14238,35.02586
75,406,FALSE,1,4.03414
75,407,FALSE,28.13358,29.01643
75,408,TRUE,4.02994,1
75,412,FALSE,34.08515,10.03716
75,413,FALSE,6.1398,15.1121
75,414,FALSE,31.02041,10.10071
75,415,FALSE,28.09394,30.12543
75,416,FALSE,20.02486,33.00235
75,417,FALSE,28.10671,6.09715
75,418,FALSE,35.03559,35.04419
75,419,FALSE,33.10367,33.12269
75,420,FALSE,33.0534,33.13568
75,421,FALSE,33.05995,33.11041
75,422,FALSE,30.08526,28.12261
75,423,FALSE,23.0284,6.13297
75,425,FALSE,37.04272,5.04329
75,426,FALSE,33.14146,6.05835
75,427,FALSE,6.13914,6.11689
75,428,FALSE,33.10515,33.11204
75,429,FALSE,28.05023,33.1343
76,1,FALSE,23.03424,6.07053
76,3,FALSE,4.05427,4.13308
76,5,FALSE,37.09655,6.01722
76,6,FALSE,33.00081,5.03934
76,7,FALSE,1,4.02293
76,9,FALSE,5.06423,4.11098
76,10,FALSE,4.03139,5.03267
76,11,FALSE,1,6.05391
76,13,FALSE,6.08363,6.08025
76,17,FALSE,28.0637,6.02007
76,18,FALSE,6.03576,6.01964
76,19,TRUE,33.0802,1
76,21,FALSE,18.0032,6.07501
76,22,FALSE,6.12826,6.12233
76,25,FALSE,19.0484,6.03041
76,29,FALSE,5.14197,2.05756
76,30,FALSE,6.13707,6.09385
76,69,FALSE,24.08506,2.06953
76,70,FALSE,23.07107,28.08979
76,71,FALSE,28.02484,6.10024
76,72,FALSE,33.05396,33.07528
76,73,FALSE,28.12295,28.1467
76,74,FALSE,33.05107,33.05919
76,75,FALSE,33.10544,34.03762
76,76,FALSE,6.14203,6.14559
76,77,FALSE,6.14219,18.04185
76,78,FALSE,23.13667,6.03717
76,79,FALSE,6.11496,6.11519
76,82,FALSE,29.12051,3.0735
76,83,FALSE,18.08051,3.1392
76,84,FALSE,1,33.01723
76,85,FALSE,1,2.01747
76,86,TRUE,29.10684,1
76,91,FALSE,5.13082,5.07844
76,92,FALSE,28.05567,6.06368
76,93,FALSE,23.12321,6.12406
76,95,FALSE,5.14337,3.07647
76,98,FALSE,30.00776,5.10204
76,99,FALSE,34.1388,22.00566
76,100,FALSE,35.02303,6.06416
76,101,FALSE,23.13133,3.12367
76,103,FALSE,25.12362,6.13478
76,104,FALSE,30.13096,6.02541
76,106,FALSE,28.04364,3.02671
76,107,FALSE,26.13623,4.08038
76,109,FALSE,34.08877,6.10383
76,110,FALSE,28.00462,6.07689
76,111,FALSE,33.02166,3.04467
76,112,FALSE,22.10879,3.08161
76,113,FALSE,28.12117,5.04779
76,114,FALSE,5.09299,2.03347
76,115,FALSE,5.13678,6.00036
76,116,FALSE,28.12336,3.07715
76,117,FALSE,5.12158,3.04101
76,118,FALSE,18.05652,2.0669
76,120,FALSE,34.02792,2.02739
76,121,FALSE,5.09776,3.03286
76,122,FALSE,5.04525,1.13194
76,123,FALSE,6.11897,2.13906
76,124,FALSE,37.12997,2.03724
76,125,FALSE,34.01141,35.03491
76,126,FALSE,30.01618,35.02756
76,127,FALSE,24.03673,6.14586
76,128,FALSE,30.10639,6.02453
76,129,FALSE,30.11988,6.08897
76,130,FALSE,35.10297,35.1346
76,131,FALSE,5.07832,4.07666
76,133,FALSE,5.06623,3.09089
76,134,FALSE,5.12543,4.00114
76,135,FALSE,4.07571,4.14503
76,136,FALSE,4.12344,4.06778
76,137,FALSE,5.11994,4.05731
76,139,FALSE,5.03366,5.10491
76,140,FALSE,3.0596,4.04853
76,141,FALSE,2.13808,6.0167
76,142,FALSE,3.10773,3.07741
76,143,FALSE,5.13919,1.0952
76,144,FALSE,5.14104,4.08149
76,145,FALSE,1,30.14273
76,146,TRUE,1,1
76,147,FALSE,1,2.02386
76,148,TRUE,1,1
76,149,TRUE,18.0675,1
76,150,FALSE,1,35.05091
76,151,TRUE,1.06748,1
76,153,FALSE,6.11738,6.1239
76,154,FALSE,28.05783,6.03819
76,155,FALSE,37.08527,3.02074
76,156,FALSE,5.12058,6.02577
76,157,FALSE,5.12831,1.05869
76,158,FALSE,18.11147,4.0095
76,159,FALSE,23.09201,3.00209
76,160,FALSE,23.116,4.1123
76,161,FALSE,18.0227,4.11387
76,162,FALSE,29.02804,34.05699
76,164,FALSE,37.00688,5.03557
76,165,FALSE,6.05464,35.02889
76,166,FALSE,30.10064,35.07976
76,167,FALSE,5.12972,6.11656
76,168,FALSE,1,35.12191
76,169,FALSE,30.06734,35.11269
76,173,FALSE,29.11444,6.02527
76,175,FALSE,3.07141,3.10336
76,176,FALSE,5.02142,5.02018
76,177,FALSE,30.05586,6.07761
76,178,FALSE,35.01249,34.00431
76,179,FALSE,34.01998,6.13839
76,180,FALSE,28.13611,28.10432
76,181,FALSE,35.10257,33.10091
76,182,FALSE,10.00272,6.1318
76,183,FALSE,35.1341,6.04678
76,184,FALSE,37.03131,6.10469
76,185,FALSE,28.1407,6.13339
76,186,FALSE,37.11351,6.0721
76,188,FALSE,37.12243,2.01916
76,189,FALSE,34.08946,34.11431
76,190,FALSE,23.08345,6.10757
76,191,FALSE,30.01215,6.04687
76,192,FALSE,25.05898,6.02715
76,193,FALSE,35.03387,36.07259
76,194,FALSE,25.00803,6.09269
76,195,FALSE,28.04359,6.07128
76,197,FALSE,29.06177,2.03172
76,198,FALSE,25.01515,6.00488
76,199,FALSE,30.01931,6.14053
76,200,FALSE,6.13299,6.1464
76,201,FALSE,5.14172,6.03953
76,202,FALSE,37.04588,37.02362
76,203,FALSE,30.05515,30.08515
76,204,FALSE,30.02746,4.07043
76,206,FALSE,30.14494,2.09828
76,207,FALSE,28.10682,6.13023
76,208,FALSE,5.1262,5.11778
76,209,FALSE,28.05412,28.1106
76,210,FALSE,28.11391,28.09493
76,211,FALSE,28.10275,33.05491
76,212,FALSE,4.132,5.09898
76,213,FALSE,13.05047,5.13642
76,216,FALSE,28.09661,6.09255
76,217,FALSE,29.11331,6.13788
76,218,FALSE,30.09061,6.07971
76,219,FALSE,25.03297,6.12903
76,222,FALSE,28.11183,5.10814
76,225,FALSE,33.10454,33.12867
76,226,FALSE,35.05893,6.08696
76,227,FALSE,37.09279,34.11275
76,229,FALSE,33.11092,33.10201
76,230,FALSE,33.07846,33.06555
76,233,FALSE,30.12339,6.04512
76,234,FALSE,30.0342,33.01605
76,235,FALSE,30.02144,33.00121
76,236,FALSE,4.05826,4.11356
76,237,FALSE,5.10349,6.07724
76,242,FALSE,24.11271,4.05966
76,243,FALSE,6.03507,6.03589
76,251,FALSE,34.05944,34.10397
76,252,FALSE,28.12907,6.09291
76,253,FALSE,30.09389,4.03149
76,254,FALSE,4.0784,1.08349
76,255,FALSE,13.03957,3.14386
76,256,FALSE,30.13602,2.10947
76,257,FALSE,20.05071,4.11408
76,258,FALSE,18.10311,5.14074
76,259,FALSE,5.01645,33.08605
76,260,FALSE,5.1294,5.05351
76,262,FALSE,36.09378,1.03661
76,263,FALSE,6.01963,3.0022
76,264,FALSE,29.0393,6.12697
76,265,FALSE,6.10411,5.12442
76,270,FALSE,6.09079,33.03884
76,271,FALSE,28.06997,6.11291
76,272,FALSE,5.04127,6.06446
76,273,FALSE,5.07892,6.09652
76,274,FALSE,5.11978,6.09322
76,275,FALSE,6.10609,33.0316
76,280,FALSE,5.06956,3.11679
76,289,FALSE,29.08511,5.14304
76,290,FALSE,6.12147,6.09046
76,291,FALSE,6.14106,6.14547
76,292,FALSE,6.12297,5.00887
76,293,FALSE,30.13494,15.08431
76,294,FALSE,6.1054,10.06553
76,295,FALSE,36.10647,25.07539
76,296,FALSE,4.14567,20.04412
76,297,FALSE,35.03519,6.0275
76,298,FALSE,33.0503,1.00298
76,299,FALSE,34.08624,6.06914
76,300,FALSE,33.07707,4.0222
76,301,FALSE,33.12633,4.12744
76,302,FALSE,35.135,6.06762
76,303,FALSE,33.03495,5.03759
76,308,FALSE,31.13085,5.02936
76,317,FALSE,22.0924,3.04799
76,318,FALSE,36.04825,4.08699
76,319,FALSE,30.11545,5.11583
76,320,FALSE,27.1432,4.1026
76,321,FALSE,34.1198,4.08352
76,322,FALSE,18.08544,5.08397
76,323,FALSE,17.0699,2.03815
76,324,FALSE,23.0755,2.0378
76,325,FALSE,25.01683,3.06757
76,326,FALSE,28.0756,4.123
76,328,FALSE,25.00915,5.00399
76,329,FALSE,31.10014,6.14711
76,330,FALSE,30.07178,6.06743
76,331,FALSE,20.09251,5.02645
76,332,FALSE,30.03544,5.11161
76,333,FALSE,30.13796,33.04823
76,334,FALSE,6.08549,6.06471
76,335,FALSE,30.12759,5.09424
76,336,FALSE,30.07782,5.10506
76,337,FALSE,25.12709,6.04557
76,339,FALSE,28.03194,5.07387
76,340,TRUE,1.02331,1
76,341,TRUE,25.1401,1
76,342,FALSE,5.1299,36.11316
76,343,TRUE,1,1
76,346,FALSE,27.13138,6.0442
76,347,FALSE,33.08986,6.11516
76,348,FALSE,27.04808,6.02469
76,349,FALSE,25.07739,2.09737
76,350,FALSE,29.1373,6.12151
76,351,FALSE,25.13631,6.13075
76,352,FALSE,34.02818,6.09709
76,353,FALSE,37.08898,34.06047
76,354,FALSE,34.06537,34.06572
76,355,FALSE,23.03969,5.05751
76,357,FALSE,28.13643,5.09552
76,358,FALSE,28.00326,6.04305
76,359,FALSE,32.1021,6.00981
76,361,FALSE,25.08679,6.04921
76,363,FALSE,35.09649,35.1059
76,364,FALSE,35.12731,35.13169
76,365,FALSE,23.06307,3.12761
76,366,FALSE,5.14487,5.09274
76,367,FALSE,35.01974,35.05974
76,370,FALSE,28.13341,6.07158
76,371,FALSE,33.00967,6.14084
76,372,FALSE,33.12054,6.13192
76,373,FALSE,6.0979,6.02846
76,374,FALSE,37.12437,1.13763
76,375,FALSE,4.09619,5.1125
76,376,FALSE,5.09543,6.1408
76,377,FALSE,1,2.13552
76,378,FALSE,28.02661,33.11258
76,379,FALSE,5.05169,28.11232
76,380,FALSE,33.04147,34.00767
76,381,FALSE,5.06445,6.01321
76,383,FALSE,28.10122,5.0806
76,384,FALSE,30.12178,6.12612
76,385,FALSE,25.02038,3.00094
76,386,FALSE,27.07685,1.06143
76,387,FALSE,34.12268,1.07084
76,388,FALSE,5.05218,2.12551
76,389,FALSE,7.13836,2.03282
76,390,FALSE,27.02352,3.05476
76,391,FALSE,23.1018,5.08245
76,394,FALSE,30.0614,5.10483
76,395,FALSE,2.07308,35.12361
76,396,FALSE,3.14448,35.10663
76,397,FALSE,4.10977,35.00569
76,398,FALSE,33.10389,35.14609
76,403,FALSE,19.00923,6.01736
76,404,FALSE,34.04835,35.04343
76,405,FALSE,5.07996,35.13845
76,406,FALSE,4.09955,6.02021
76,407,FALSE,28.1415,29.04765
76,408,TRUE,4.14205,1
76,412,FALSE,34.13787,10.02409
76,413,FALSE,25.05465,15.14057
76,414,FALSE,31.00455,10.05913
76,415,FALSE,28.0604,30.00877
76,416,FALSE,20.11304,33.09549
76,417,FALSE,28.09221,6.12619
76,418,FALSE,35.05838,35.07987
76,419,FALSE,33.03105,33.14426
76,420,FALSE,33.00916,33.1409
76,421,FALSE,33.02259,33.10189
76,422,FALSE,30.02823,28.08724
76,423,FALSE,23.08753,6.0904
76,425,FALSE,37.00697,5.06659
76,426,FALSE,33.14331,6.05298
76,427,FALSE,6.14062,6.11339
76,428,FALSE,33.06879,33.10292
76,429,FALSE,28.12222,33.11319
77,1,FALSE,23.10541,6.08101
77,3,FALSE,4.12477,4.14446
77,5,FALSE,37.00983,6.00842
77,6,FALSE,33.0038,5.12849
77,7,FALSE,1,4.04319
77,9,FALSE,5.12993,5.04765
77,10,FALSE,4.06654,4.01755
77,11,FALSE,1,6.04418
77,13,FALSE,6.12581,6.1193
77,17,FALSE,29.05239,6.02545
77,18,FALSE,6.01811,6.04594
77,19,TRUE,33.07632,1
77,21,FALSE,29.13693,6.04713
77,22,FALSE,6.10863,6.11016
77,25,FALSE,19.08925,6.00562
77,29,FALSE,5.13957,2.06684
77,30,FALSE,6.1463,6.05813
77,69,FALSE,24.08857,2.08102
77,70,FALSE,23.09087,28.0237
77,71,FALSE,6.05042,6.05559
77,72,FALSE,33.02453,33.04277
77,73,FALSE,28.05766,28.08655
77,74,FALSE,33.01464,33.05113
77,75,FALSE,33.10884,34.02124
77,76,FALSE,28.01915,6.14227
77,77,FALSE,6.14308,18.10638
77,78,FALSE,29.08385,6.03041
77,79,FALSE,6.11431,6.13142
77,82,FALSE,29.05438,6.01239
77,83,FALSE,18.14378,3.12672
77,84,FALSE,1,33.12358
77,85,TRUE,2.09788,1
77,86,TRUE,29.09162,1
77,91,FALSE,5.12972,5.1121
77,92,FALSE,6.04705,6.05728
77,93,FALSE,23.08865,6.11749
77,95,FALSE,5.13279,4.06691
77,98,FALSE,30.04513,5.06909
77,99,FALSE,34.10797,22.06756
77,100,FALSE,35.01294,6.09967
77,101,FALSE,23.08374,5.05496
77,103,FALSE,25.12566,6.1225
77,104,FALSE,30.07786,6.00287
77,106,FALSE,28.03444,3.0612
77,107,FALSE,26.10491,4.0578
77,109,FALSE,34.04719,6.13611
77,110,FALSE,28.03549,6.10667
77,111,FALSE,33.09694,3.01302
77,112,FALSE,22.12889,3.09047
77,113,FALSE,28.11674,5.03564
77,114,FALSE,5.09543,2.12757
77,115,FALSE,5.14612,6.03348
77,116,FALSE,28.13938,3.03965
77,117,FALSE,5.0141,4.06384
77,118,FALSE,18.09393,2.07602
77,120,FALSE,34.12431,2.02202
77,121,FALSE,5.07055,2.12119
77,122,FALSE,5.14739,2.0382
77,123,FALSE,6.05384,2.11207
77,124,FALSE,37.07776,2.14277
77,125,FALSE,34.01905,35.03792
77,126,FALSE,30.08433,35.05455
77,127,FALSE,24.07137,6.05031
77,128,FALSE,30.06688,4.01626
77,129,FALSE,30.01829,6.13244
77,130,FALSE,35.07912,35.11048
77,131,FALSE,5.07268,4.01657
77,133,FALSE,5.10372,3.05516
77,134,FALSE,5.09034,4.00731
77,135,FALSE,4.01778,6.07025
77,136,FALSE,4.05513,4.04915
77,137,TRUE,5.04912,1
77,139,FALSE,5.01945,5.03493
77,140,FALSE,3.03223,4.00125
77,141,FALSE,2.10979,6.11323
77,142,FALSE,3.05714,3.14009
77,143,FALSE,5.0523,1.00985
77,144,FALSE,5.11772,4.1286
77,145,TRUE,30.12922,1
77,146,TRUE,1,1
77,147,FALSE,1,2.06096
77,148,TRUE,1,1
77,149,TRUE,18.07061,1
77,150,FALSE,1,35.09531
77,151,TRUE,1.14083,1
77,153,FALSE,6.09641,6.12154
77,154,FALSE,23.09596,6.05171
77,155,FALSE,37.07722,4.09307
77,156,FALSE,5.14136,6.07837
77,157,FALSE,5.1181,1.00147
77,158,FALSE,18.11632,4.14154
77,159,FALSE,23.00721,3.05889
77,160,FALSE,23.02369,4.10141
77,161,FALSE,18.05882,4.01359
77,162,FALSE,29.12698,34.03264
77,164,FALSE,37.09894,5.03757
77,165,FALSE,6.09644,35.12649
77,166,FALSE,30.07635,35.0032
77,167,FALSE,5.10028,6.08069
77,168,FALSE,1,35.04085
77,169,FALSE,30.0287,35.02671
77,173,FALSE,28.0979,6.01257
77,175,FALSE,4.13359,3.08475
77,176,FALSE,5.03589,5.09896
77,177,FALSE,30.13533,6.10231
77,178,FALSE,35.03405,34.01365
77,179,FALSE,34.11133,6.14502
77,180,FALSE,28.13758,28.06903
77,181,FALSE,35.06959,33.05224
77,182,FALSE,10.00077,6.13344
77,183,FALSE,35.07541,6.13654
77,184,FALSE,37.03706,6.10785
77,185,FALSE,28.10874,6.13372
77,186,FALSE,37.0095,6.05485
77,188,FALSE,37.044,1.02127
77,189,FALSE,34.10183,34.13273
77,190,FALSE,23.07518,6.14421
77,191,FALSE,30.10807,6.10036
77,192,FALSE,25.02446,6.09128
77,193,FALSE,35.03906,36.14067
77,194,FALSE,25.08094,6.05763
77,195,FALSE,28.00181,6.08801
77,197,FALSE,30.06656,2.06411
77,198,FALSE,25.07113,6.00011
77,199,FALSE,30.08648,6.03022
77,200,FALSE,6.09754,6.11773
77,201,FALSE,5.12346,6.04297
77,202,FALSE,37.05593,37.05961
77,203,FALSE,30.13885,30.01167
77,204,FALSE,30.13572,2.01079
77,206,FALSE,30.02417,2.14653
77,207,FALSE,28.12793,6.07366
77,208,FALSE,5.10691,5.12009
77,209,FALSE,28.04205,28.03781
77,210,FALSE,28.09014,28.14464
77,211,FALSE,28.10845,33.04018
77,212,FALSE,5.00314,4.11407
77,213,FALSE,13.03478,5.1414
77,216,FALSE,28.07197,6.09904
77,217,FALSE,29.03013,6.14138
77,218,FALSE,30.06175,6.09744
77,219,FALSE,25.11705,6.14056
77,222,FALSE,28.03011,5.07557
77,225,FALSE,33.08762,33.09653
77,226,FALSE,35.00686,6.08738
77,227,FALSE,37.13511,34.08049
77,229,FALSE,33.12483,33.10748
77,230,FALSE,33.04405,33.01871
77,233,FALSE,30.10838,6.00508
77,234,FALSE,30.01934,33.01546
77,235,FALSE,30.06671,33.06365
77,236,FALSE,4.07192,4.09542
77,237,FALSE,5.0352,6.11974
77,242,FALSE,24.13016,4.0091
77,243,FALSE,6.05342,6.10099
77,251,FALSE,34.0955,34.10486
77,252,FALSE,28.08747,6.10854
77,253,FALSE,30.0834,4.01418
77,254,FALSE,4.1038,1.00296
77,255,FALSE,13.08158,3.10042
77,256,FALSE,30.14037,2.06215
77,257,FALSE,20.04948,4.09113
77,258,FALSE,18.11356,5.06772
77,259,FALSE,5.00896,33.05299
77,260,FALSE,5.14642,5.05048
77,262,FALSE,36.1153,1.00669
77,263,FALSE,6.04127,3.09669
77,264,FALSE,29.08141,6.09732
77,265,FALSE,6.08764,5.06602
77,270,FALSE,6.10411,33.07376
77,271,FALSE,28.0302,6.05687
77,272,FALSE,5.07957,6.03243
77,273,FALSE,5.14616,6.03705
77,274,FALSE,5.03545,6.01121
77,275,FALSE,6.1391,33.01539
77,280,FALSE,5.10659,3.03486
77,289,FALSE,29.13143,5.14063
77,290,FALSE,6.10727,6.10905
77,291,FALSE,6.11813,6.14728
77,292,FALSE,6.13456,5.106
77,293,FALSE,30.14233,15.00054
77,294,FALSE,30.06385,10.01661
77,295,FALSE,36.00864,25.12203
77,296,FALSE,4.08165,20.09011
77,297,FALSE,35.0294,6.0182
77,298,FALSE,33.09608,1.03552
77,299,FALSE,34.03795,6.05675
77,300,FALSE,33.13278,6.08927
77,301,FALSE,33.13865,4.14272
77,302,FALSE,35.08975,5.08338
77,303,FALSE,33.08527,5.13263
77,308,FALSE,31.13361,5.00852
77,317,FALSE,22.04234,4.11503
77,318,FALSE,36.10817,6.02805
77,319,FALSE,30.11935,5.10299
77,320,FALSE,27.12058,4.00364
77,321,FALSE,34.11142,4.06033
77,322,FALSE,18.03797,5.11371
77,323,FALSE,17.03988,3.02394
77,324,FALSE,23.00754,2.07814
77,325,FALSE,25.03296,2.00839
77,326,FALSE,18.04665,3.06454
77,328,FALSE,25.14248,5.06505
77,329,FALSE,31.0661,6.10774
77,330,FALSE,28.13653,6.09088
77,331,FALSE,20.13505,5.01981
77,332,FALSE,30.14258,5.13429
77,333,FALSE,30.11545,33.00882
77,334,FALSE,6.11387,6.06355
77,335,FALSE,30.08353,5.10737
77,336,FALSE,30.03551,5.1215
77,337,FALSE,25.07043,6.01169
77,339,FALSE,28.0282,5.12095
77,340,TRUE,1.06758,1
77,341,TRUE,25.09188,1
77,342,FALSE,5.01327,36.11948
77,343,TRUE,1,1
77,346,FALSE,27.06483,6.03608
77,347,FALSE,33.10115,6.09394
77,348,FALSE,27.03327,6.01038
77,349,FALSE,25.03106,2.01064
77,350,FALSE,29.03072,6.14543
77,351,FALSE,25.09877,6.08319
77,352,FALSE,34.04224,6.1471
77,353,FALSE,37.04923,34.09342
77,354,FALSE,34.08833,34.10722
77,355,FALSE,23.03681,4.12401
77,357,FALSE,29.02316,5.0998
77,358,FALSE,28.06929,6.01128
77,359,FALSE,32.03451,6.02978
77,361,FALSE,30.0053,6.05502
77,363,FALSE,35.07938,35.08652
77,364,FALSE,35.06154,35.08161
77,365,FALSE,23.08811,3.08611
77,366,FALSE,5.13328,5.13463
77,367,FALSE,35.01528,35.03632
77,370,FALSE,28.02454,6.08438
77,371,FALSE,33.06141,6.14489
77,372,FALSE,33.0136,6.14492
77,373,FALSE,6.10668,6.01045
77,374,FALSE,37.08283,1.08234
77,375,FALSE,4.01265,5.04775
77,376,FALSE,5.1241,6.06907
77,377,FALSE,1,2.04692
77,378,FALSE,28.07087,33.04355
77,379,FALSE,5.11252,28.06193
77,380,FALSE,33.08807,34.06555
77,381,FALSE,5.07481,6.06109
77,383,FALSE,28.07248,5.08886
77,384,FALSE,30.06259,6.0705
77,385,FALSE,25.11776,2.10912
77,386,FALSE,27.1231,1.12775
77,387,FALSE,34.02192,1.07971
77,388,FALSE,5.1032,2.06765
77,389,FALSE,7.0399,2.07958
77,390,FALSE,27.08755,3.13676
77,391,FALSE,23.12758,2.03865
77,394,FALSE,30.00523,5.03835
77,395,FALSE,2.1318,35.11511
77,396,FALSE,3.11217,35.13834
77,397,FALSE,4.07579,35.10943
77,398,FALSE,33.03627,35.02391
77,403,FALSE,19.07752,6.07353
77,404,FALSE,34.08884,35.07996
77,405,FALSE,5.05658,35.01347
77,406,FALSE,4.01474,6.00389
77,407,FALSE,28.09749,29.11077
77,408,TRUE,4.04646,1
77,412,FALSE,34.09725,10.00656
77,413,FALSE,25.0554,20.03908
77,414,FALSE,31.13679,10.02607
77,415,FALSE,28.09168,30.02826
77,416,FALSE,20.10715,33.07163
77,417,FALSE,23.10603,6.14727
77,418,FALSE,35.03378,35.05392
77,419,FALSE,33.05682,33.10217
77,420,FALSE,33.03761,33.13256
77,421,FALSE,33.01932,33.054
77,422,FALSE,28.09976,30.0434
77,423,FALSE,23.08895,6.11358
77,425,FALSE,37.07402,6.09193
77,426,FALSE,33.1273,6.05558
77,427,FALSE,6.14148,6.11361
77,428,FALSE,33.11847,33.08413
77,429,FALSE,28.05759,33.04926
78,1,FALSE,23.05931,6.0621
78,3,FALSE,4.02126,4.12755
78,5,FALSE,37.09315,6.03262
78,6,FALSE,33.00621,5.05227
78,7,FALSE,1,4.03676
78,9,FALSE,5.08264,5.04145
78,10,FALSE,4.00302,4.02609
78,11,FALSE,1,6.03101
78,13,FALSE,6.11347,6.12207
78,17,FALSE,29.0454,6.03305
78,18,FALSE,6.00505,6.01113
78,19,TRUE,33.09721,1
78,21,FALSE,18.07882,6.05036
78,22,FALSE,6.08186,6.08995
78,25,FALSE,19.14524,6.04056
78,29,FALSE,5.12155,2.06069
78,30,FALSE,6.13784,6.06703
78,69,FALSE,24.11124,2.03774
78,70,FALSE,23.00933,28.00957
78,71,FALSE,6.0953,6.10905
78,72,FALSE,33.01724,33.02082
78,73,FALSE,28.11853,28.07939
78,74,FALSE,37.04267,33.05272
78,75,FALSE,33.12265,34.09799
78,76,FALSE,6.11176,6.13057
78,77,FALSE,6.13636,18.0612
78,78,FALSE,29.14148,6.03376
78,79,FALSE,6.11376,6.11473
78,82,FALSE,29.09025,3.11693
78,83,FALSE,18.06506,3.11653
78,84,FALSE,1,33.05732
78,85,TRUE,2.06626,1
78,86,TRUE,29.05513,1
78,91,FALSE,5.1411,5.06787
78,92,FALSE,6.08325,6.08545
78,93,FALSE,23.09555,6.10166
78,95,FALSE,5.14455,4.04466
78,98,FALSE,30.07852,5.12786
78,99,FALSE,34.1357,22.06979
78,100,FALSE,35.01294,6.09287
78,101,FALSE,23.12125,5.11586
78,103,FALSE,25.01227,6.11669
78,104,FALSE,30.08075,6.04691
78,106,FALSE,28.05128,3.04585
78,107,FALSE,26.02261,4.02237
78,109,FALSE,34.05089,6.06184
78,110,FALSE,28.1244,6.08647
78,111,FALSE,33.07423,3.0171
78,112,FALSE,22.02725,4.07208
78,113,FALSE,28.11661,5.11922
78,114,FALSE,5.05628,2.00168
78,115,FALSE,5.0843,6.01249
78,116,FALSE,28.12225,3.05681
78,117,FALSE,5.14602,4.09889
78,118,FALSE,18.02148,2.11286
78,120,FALSE,34.02219,2.00902
78,121,FALSE,5.12464,3.00294
78,122,FALSE,5.13941,1.05341
78,123,FALSE,6.00497,2.05515
78,124,FALSE,37.08461,4.13722
78,125,FALSE,34.07119,35.10911
78,126,FALSE,30.1,35.05153
78,127,FALSE,24.10724,6.0585
78,128,FALSE,30.01351,6.06304
78,129,FALSE,30.09533,6.04283
78,130,FALSE,35.05814,35.12608
78,131,FALSE,5.09601,4.09969
78,133,FALSE,5.08327,3.03011
78,134,FALSE,5.00109,4.00113
78,135,FALSE,4.09893,2.0489
78,136,FALSE,4.10309,4.11829
78,137,FALSE,5.00758,4.06905
78,139,FALSE,5.09473,5.05621
78,140,FALSE,3.03034,4.01767
78,141,FALSE,2.09806,6.02413
78,142,FALSE,3.07787,3.08855
78,143,FALSE,5.05869,1.07669
78,144,FALSE,5.14353,4.01678
78,145,TRUE,30.02996,1
78,146,TRUE,1,1
78,147,FALSE,1,2.02177
78,148,TRUE,1,1
78,149,TRUE,18.04349,1
78,150,FALSE,1,35.10394
78,151,TRUE,1.00557,1
78,153,FALSE,6.09602,6.10027
78,154,FALSE,23.09754,6.07913
78,155,FALSE,23.1282,4.12167
78,156,FALSE,28.00367,5.0908
78,157,FALSE,5.08437,1.10368
78,158,FALSE,18.13955,4.01103
78,159,FALSE,23.14091,3.09509
78,160,FALSE,23.05977,4.07275
78,161,FALSE,18.09933,4.11031
78,162,FALSE,29.12796,34.12041
78,164,FALSE,37.10876,5.01719
78,165,FALSE,6.10084,35.13168
78,166,FALSE,30.10717,35.01455
78,167,FALSE,5.06524,6.02188
78,168,FALSE,1,35.08615
78,169,FALSE,30.02028,35.02278
78,173,FALSE,29.14258,6.00856
78,175,FALSE,3.12063,3.12143
78,176,FALSE,5.12872,5.05488
78,177,FALSE,30.05201,6.08063
78,178,FALSE,35.03386,34.00369
78,179,FALSE,34.0485,6.14499
78,180,FALSE,28.06088,28.10884
78,181,FALSE,35.05058,33.10689
78,182,FALSE,10.05414,6.14209
78,183,FALSE,35.05922,6.13207
78,184,FALSE,37.04204,6.04336
78,185,FALSE,28.13628,6.14373
78,186,FALSE,37.03346,6.08622
78,188,FALSE,30.1022,1.0378
78,189,FALSE,34.14042,34.14737
78,190,FALSE,23.04269,6.13698
78,191,FALSE,30.10977,6.04839
78,192,FALSE,25.10673,6.0456
78,193,FALSE,35.06714,36.12317
78,194,FALSE,25.08115,6.11112
78,195,FALSE,28.01843,6.10561
78,197,FALSE,30.01318,2.0875
78,198,FALSE,25.09028,6.07383
78,199,FALSE,30.0837,6.13898
78,200,FALSE,6.1295,6.13262
78,201,FALSE,5.12173,6.08166
78,202,FALSE,37.11869,37.0291
78,203,FALSE,30.01233,30.08789
78,204,FALSE,30.04214,4.08471
78,206,FALSE,30.04153,2.00428
78,207,FALSE,28.09014,6.05686
78,208,FALSE,5.12399,5.10068
78,209,FALSE,28.04857,28.07822
78,210,FALSE,28.0919,28.13362
78,211,FALSE,28.03268,33.10574
78,212,FALSE,5.10422,4.14468
78,213,FALSE,13.10815,5.07584
78,216,FALSE,28.05367,6.10508
78,217,FALSE,29.12566,6.1354
78,218,FALSE,30.14106,6.11356
78,219,FALSE,25.05958,6.13577
78,222,FALSE,28.14316,5.14131
78,225,FALSE,33.06748,33.10929
78,226,FALSE,35.01669,6.10405
78,227,FALSE,37.02646,34.02984
78,229,FALSE,33.11828,33.10603
78,230,FALSE,33.05008,33.02637
78,233,FALSE,30.121,6.00064
78,234,FALSE,30.13812,33.00841
78,235,FALSE,30.09864,33.08754
78,236,FALSE,4.09078,4.14093
78,237,FALSE,5.02786,6.13128
78,242,FALSE,24.1087,4.12879
78,243,FALSE,6.007,6.01896
78,251,FALSE,34.08013,34.13268
78,252,FALSE,28.04221,6.10942
78,253,FALSE,30.09811,4.01053
78,254,FALSE,4.04559,1.14429
78,255,FALSE,13.05362,3.06214
78,256,FALSE,30.04481,2.10973
78,257,FALSE,20.07832,4.05105
78,258,FALSE,18.12964,5.10517
78,259,FALSE,5.1257,33.09914
78,260,FALSE,5.00077,5.03842
78,262,FALSE,36.10074,1.03582
78,263,FALSE,6.03951,3.07291
78,264,FALSE,29.04193,6.0682
78,265,FALSE,6.04309,5.14442
78,270,FALSE,6.06543,33.00145
78,271,FALSE,28.09726,6.08704
78,272,FALSE,5.08388,6.02672
78,273,FALSE,5.10283,6.01
78,274,FALSE,5.14018,6.02737
78,275,FALSE,6.11174,33.00079
78,280,FALSE,5.13886,3.09623
78,289,FALSE,29.09261,5.14254
78,290,FALSE,6.12692,6.08424
78,291,FALSE,6.14564,6.14661
78,292,FALSE,6.14725,5.02734
78,293,FALSE,30.05875,15.05775
78,294,FALSE,6.12438,10.06571
78,295,FALSE,36.1231,25.09377
78,296,FALSE,4.10436,20.09528
78,297,FALSE,35.0961,6.08917
78,298,FALSE,33.10991,1.06818
78,299,FALSE,34.03639,6.12227
78,300,FALSE,33.13412,6.04209
78,301,FALSE,33.05863,4.09597
78,302,FALSE,35.05848,6.01308
78,303,FALSE,33.02277,33.10387
78,308,FALSE,31.05297,5.049
78,317,FALSE,22.06909,3.09043
78,318,FALSE,36.08807,6.03653
78,319,FALSE,30.05084,5.14519
78,320,FALSE,27.0684,4.06475
78,321,FALSE,34.12003,4.00179
78,322,FALSE,18.08695,5.13567
78,323,FALSE,17.01577,2.13774
78,324,FALSE,23.13254,2.0178
78,325,FALSE,25.11792,2.0195
78,326,FALSE,18.12534,3.02625
78,328,FALSE,25.05871,5.08096
78,329,FALSE,31.05985,6.10683
78,330,FALSE,30.00945,6.03889
78,331,FALSE,20.11061,5.02021
78,332,FALSE,30.03185,5.13902
78,333,FALSE,30.08477,33.04174
78,334,FALSE,6.07867,6.10238
78,335,FALSE,30.0198,5.09773
78,336,FALSE,30.12453,5.08548
78,337,FALSE,25.0579,6.08289
78,339,FALSE,28.11398,6.14331
78,340,TRUE,1.09077,1
78,341,TRUE,25.05439,1
78,342,FALSE,5.13732,36.10162
78,343,TRUE,1,1
78,346,FALSE,27.08502,6.0442
78,347,FALSE,33.06585,6.09016
78,348,FALSE,27.1285,6.06098
78,349,FALSE,25.08815,2.0241
78,350,FALSE,29.03881,6.14567
78,351,FALSE,25.02898,6.10243
78,352,FALSE,34.00301,6.08527
78,353,FALSE,37.06516,34.07772
78,354,FALSE,34.0723,34.09157
78,355,FALSE,23.13417,5.03246
78,357,FALSE,29.14428,5.09019
78,358,FALSE,28.05095,6.00082
78,359,FALSE,32.08086,6.03016
78,361,FALSE,25.08105,6.06781
78,363,FALSE,35.06014,35.06647
78,364,FALSE,35.10056,35.11369
78,365,FALSE,23.13454,3.1085
78,366,FALSE,5.06653,5.11791
78,367,FALSE,35.00219,35.02749
78,370,FALSE,28.11484,6.07763
78,371,FALSE,33.05277,6.14601
78,372,FALSE,33.00461,6.14288
78,373,FALSE,6.0815,6.04028
78,374,FALSE,37.13853,1.07601
78,375,FALSE,23.07035,5.06246
78,376,FALSE,5.08479,6.12651
78,377,FALSE,2.01898,6.12302
78,378,FALSE,28.02252,33.01698
78,379,FALSE,5.12523,28.06789
78,380,FALSE,33.1394,34.03877
78,381,FALSE,5.1308,6.12255
78,383,FALSE,28.09289,5.03784
78,384,FALSE,30.12201,6.0836
78,385,FALSE,25.14108,2.09087
78,386,FALSE,27.05185,1.07259
78,387,FALSE,34.11127,1.13547
78,388,FALSE,5.11835,2.11533
78,389,FALSE,7.07681,2.00441
78,390,FALSE,27.07093,3.1051
78,391,FALSE,23.01884,2.10215
78,394,FALSE,30.10385,5.0174
78,395,FALSE,2.04833,35.02108
78,396,FALSE,3.13123,35.03249
78,397,FALSE,4.039,35.04638
78,398,FALSE,33.00627,35.11494
78,403,FALSE,19.02606,6.04216
78,404,FALSE,34.07857,35.04394
78,405,FALSE,5.1298,35.09151
78,406,FALSE,1,4.08865
78,407,FALSE,28.09026,29.01527
78,408,TRUE,4.13693,1
78,412,FALSE,34.11826,10.03524
78,413,FALSE,25.14362,20.11724
78,414,FALSE,31.12938,10.01215
78,415,FALSE,28.08961,30.0989
78,416,FALSE,20.10117,33.02178
78,417,FALSE,28.13447,6.12121
78,418,FALSE,35.03234,35.0858
78,419,FALSE,33.034,33.12139
78,420,FALSE,33.02103,33.11087
78,421,FALSE,33.07708,33.09013
78,422,FALSE,28.12073,30.05409
78,423,FALSE,23.1194,6.11526
78,425,FALSE,37.08566,6.10055
78,426,FALSE,33.12742,6.06005
78,427,FALSE,6.13687,6.09231
78,428,FALSE,33.13852,33.12658
78,429,FALSE,28.05468,33.01048
79,1,FALSE,23.13004,6.07364
79,3,FALSE,4.0018,4.02305
79,5,FALSE,37.12304,6.01763
79,6,FALSE,33.01127,5.14004
79,7,FALSE,1,4.02823
79,9,FALSE,5.14671,4.01194
79,10,FALSE,4.09973,4.09767
79,11,FALSE,1,6.07489
79,13,FALSE,6.12711,6.0708
79,17,FALSE,28.13166,6.02493
79,18,FALSE,6.00525,6.00786
79,19,TRUE,33.1426,1
79,21,FALSE,18.04377,6.0571
79,22,FALSE,6.1267,6.11282
79,25,FALSE,19.14269,6.01559
79,29,FALSE,5.12316,2.07904
79,30,FALSE,6.10327,6.14143
79,69,FALSE,24.04873,2.08785
79,70,FALSE,23.00005,28.05549
79,71,FALSE,28.03656,6.0396
79,72,FALSE,33.06764,33.07071
79,73,FALSE,28.12231,28.019
79,74,FALSE,33.02684,33.03735
79,75,FALSE,33.09793,34.0014
79,76,FALSE,28.02208,6.09972
79,77,FALSE,6.12558,18.04478
79,78,FALSE,29.09943,6.04686
79,79,FALSE,6.11158,6.11887
79,82,FALSE,29.02961,6.04211
79,83,FALSE,18.1233,3.09728
79,84,FALSE,1,33.11693
79,85,FALSE,1,2.04738
79,86,TRUE,29.03506,1
79,91,FALSE,5.14696,5.10411
79,92,FALSE,28.06671,6.08065
79,93,FALSE,23.00313,6.11084
79,95,FALSE,5.14373,4.00648
79,98,FALSE,30.022,5.04778
79,99,FALSE,34.13802,22.01254
79,100,FALSE,35.06847,6.09686
79,101,FALSE,23.11959,5.08087
79,103,FALSE,25.13437,6.14096
79,104,FALSE,30.09518,6.0092
79,106,FALSE,28.02866,3.08268
79,107,FALSE,26.01311,4.09856
79,109,FALSE,34.02093,6.12471
79,110,FALSE,28.05091,6.08099
79,111,FALSE,33.06666,5.01975
79,112,FALSE,22.06827,3.08336
79,113,FALSE,28.10513,5.05604
79,114,FALSE,5.13021,2.11952
79,115,FALSE,5.12296,6.03125
79,116,FALSE,28.1269,3.0391
79,117,FALSE,5.04578,4.0651
79,118,FALSE,18.00039,2.02644
79,120,FALSE,34.09126,2.0965
79,121,FALSE,5.14386,2.05315
79,122,FALSE,5.09156,1.08499
79,123,FALSE,6.03898,2.01223
79,124,FALSE,37.03776,2.03312
79,125,FALSE,34.09976,35.0565
79,126,FALSE,30.05241,35.00423
79,127,FALSE,24.00638,6.14396
79,128,FALSE,30.02486,6.01668
79,129,FALSE,30.08203,6.04889
79,130,FALSE,35.087,35.11281
79,131,FALSE,5.07734,4.06811
79,133,FALSE,5.13895,3.07445
79,134,FALSE,5.06296,4.04549
79,135,FALSE,4.12249,2.01629
79,136,FALSE,4.0183,4.0528
79,137,FALSE,5.08315,4.02006
79,139,FALSE,5.10014,5.04588
79,140,FALSE,3.02984,4.01754
79,141,FALSE,2.06082,6.01631
79,142,FALSE,3.01908,3.04499
79,143,FALSE,5.07611,1.05482
79,144,FALSE,5.10086,4.02601
79,145,FALSE,1,30.04111
79,146,TRUE,1,1
79,147,FALSE,1,2.07235
79,148,TRUE,1,1
79,149,TRUE,18.04132,1
79,150,FALSE,1,35.11615
79,151,TRUE,1.11487,1
79,153,FALSE,6.13433,6.13504
79,154,FALSE,28.02938,6.00928
79,155,FALSE,5.14461,4.08877
79,156,FALSE,28.051,5.06838
79,157,FALSE,5.04981,1.00181
79,158,FALSE,18.12156,4.11968
79,159,FALSE,23.11884,3.03681
79,160,FALSE,23.02252,4.08931
79,161,FALSE,18.13401,4.12262
79,162,FALSE,29.09589,34.04107
79,164,FALSE,37.00271,5.08281
79,165,FALSE,6.01774,35.06828
79,166,FALSE,30.12688,35.01995
79,167,FALSE,5.12356,6.10244
79,168,FALSE,1,35.12883
79,169,FALSE,30.08265,35.1079
79,173,FALSE,29.07198,6.02622
79,175,FALSE,3.04056,3.04521
79,176,FALSE,5.1049,5.0143
79,177,FALSE,30.0725,6.08899
79,178,FALSE,35.01506,34.00266
79,179,FALSE,34.10271,6.11892
79,180,FALSE,28.10989,28.09747
79,181,FALSE,35.02074,33.08467
79,182,FALSE,10.08657,6.11321
79,183,FALSE,35.00144,6.1344
79,184,FALSE,37.08672,6.0499
79,185,FALSE,28.13367,6.12699
79,186,FALSE,37.10003,6.02689
79,188,FALSE,37.03664,1.11632
79,189,FALSE,34.11547,34.14259
79,190,FALSE,23.04875,6.1244
79,191,FALSE,30.13527,6.05851
79,192,FALSE,25.01678,6.04854
79,193,FALSE,35.0659,36.14665
79,194,FALSE,25.13152,6.11724
79,195,FALSE,28.13713,6.06941
79,197,FALSE,30.03406,2.0065
79,198,FALSE,25.13846,6.08318
79,199,FALSE,29.11812,23.07692
79,200,FALSE,6.01982,6.09307
79,201,FALSE,5.14192,6.11524
79,202,FALSE,37.01834,37.0289
79,203,FALSE,30.13525,6.08951
79,204,FALSE,30.1363,4.01184
79,206,FALSE,30.12299,2.01729
79,207,FALSE,28.11859,6.06109
79,208,FALSE,5.13256,5.00911
79,209,FALSE,28.12779,28.03844
79,210,FALSE,28.0904,28.09324
79,211,FALSE,28.1157,33.03327
79,212,FALSE,5.13043,4.13291
79,213,FALSE,13.09911,5.06087
79,216,FALSE,28.12803,6.09135
79,217,FALSE,29.08126,6.13881
79,218,FALSE,30.03397,6.05411
79,219,FALSE,25.13607,6.13035
79,222,FALSE,28.11604,5.14107
79,225,FALSE,33.09416,33.11736
79,226,FALSE,35.12685,6.09546
79,227,FALSE,37.07328,34.14433
79,229,FALSE,33.09051,33.06037
79,230,FALSE,33.08033,33.05813
79,233,FALSE,30.14489,6.00237
79,234,FALSE,30.13055,33.02045
79,235,FALSE,30.08424,33.02557
79,236,FALSE,4.09652,4.08008
79,237,FALSE,5.07185,6.13796
79,242,FALSE,24.12,4.06373
79,243,FALSE,6.05351,6.11335
79,251,FALSE,34.03034,34.11002
79,252,FALSE,28.03561,6.10538
79,253,FALSE,30.11621,4.10797
79,254,FALSE,4.09913,1.01789
79,255,FALSE,13.1113,3.13998
79,256,FALSE,30.12795,2.06896
79,257,FALSE,20.12855,4.0806
79,258,FALSE,18.0809,1.06505
79,259,FALSE,5.02428,33.08784
79,260,FALSE,5.12343,5.13993
79,262,FALSE,36.09899,1.01351
79,263,FALSE,6.03941,3.04463
79,264,FALSE,29.04448,6.0337
79,265,FALSE,6.08934,5.14111
79,270,FALSE,6.05381,33.0186
79,271,FALSE,28.12844,6.1246
79,272,FALSE,5.06075,6.0624
79,273,FALSE,5.08723,6.00893
79,274,FALSE,5.12165,6.0463
79,275,FALSE,6.11861,33.12988
79,280,FALSE,5.06813,3.04477
79,289,FALSE,29.11506,5.14348
79,290,FALSE,6.10486,6.10643
79,291,FALSE,6.10856,6.13085
79,292,FALSE,6.08416,5.04351
79,293,FALSE,30.12051,15.01573
79,294,FALSE,6.08307,10.04829
79,295,FALSE,36.08868,25.11246
79,296,FALSE,4.07651,20.01632
79,297,FALSE,35.10221,6.03394
79,298,FALSE,33.13395,2.08206
79,299,FALSE,34.04098,6.07997
79,300,FALSE,33.11078,4.0887
79,301,FALSE,33.07565,4.02271
79,302,FALSE,35.09612,5.11742
79,303,FALSE,33.0064,5.07189
79,308,FALSE,31.08911,3.10793
79,317,FALSE,22.00492,3.05657
79,318,FALSE,36.12709,6.02618
79,319,FALSE,30.13394,5.1262
79,320,FALSE,27.05078,4.04946
79,321,FALSE,34.00705,4.11334
79,322,FALSE,18.08512,5.08916
79,323,FALSE,17.04414,2.01967
79,324,FALSE,23.07634,1.04341
79,325,FALSE,25.04915,2.11592
79,326,FALSE,18.08147,4.03773
79,328,FALSE,25.05889,5.09641
79,329,FALSE,31.10773,20.03806
79,330,FALSE,30.094,6.08107
79,331,FALSE,20.03084,5.01488
79,332,FALSE,30.02054,5.07275
79,333,FALSE,30.02824,33.06194
79,334,FALSE,6.11083,6.05294
79,335,FALSE,30.10851,5.06053
79,336,FALSE,30.08204,5.12704
79,337,FALSE,25.078,6.04298
79,339,FALSE,28.06186,5.02896
79,340,TRUE,1.12682,1
79,341,TRUE,25.14108,1
79,342,FALSE,5.04315,36.02674
79,343,TRUE,1,1
79,346,FALSE,27.00302,6.02109
79,347,FALSE,33.04029,6.11292
79,348,FALSE,27.09761,6.02664
79,349,FALSE,25.07665,2.04165
79,350,FALSE,29.11966,6.1445
79,351,FALSE,25.01953,6.13125
79,352,FALSE,34.08993,6.09268
79,353,FALSE,37.13629,34.09425
79,354,FALSE,34.09036,34.09955
79,355,FALSE,23.11085,4.00764
79,357,FALSE,29.14382,5.08991
79,358,FALSE,28.0657,6.00621
79,359,FALSE,32.06522,6.02827
79,361,FALSE,30.0051,6.05336
79,363,FALSE,35.0596,35.08981
79,364,FALSE,35.06166,35.1003
79,365,FALSE,23.11068,3.11053
79,366,FALSE,5.12159,5.11767
79,367,FALSE,35.00959,35.0294
79,370,FALSE,28.13028,6.0798
79,371,FALSE,33.08421,6.13308
79,372,FALSE,33.03608,6.13958
79,373,FALSE,6.08192,6.01241
79,374,FALSE,37.13939,1.11327
79,375,FALSE,23.03536,5.09995
79,376,FALSE,5.05681,6.05644
79,377,FALSE,1,2.13981
79,378,FALSE,28.11174,33.06131
79,379,FALSE,5.14623,28.07036
79,380,FALSE,33.08543,34.00097
79,381,FALSE,5.10027,6.07581
79,383,FALSE,28.10957,5.0242
79,384,FALSE,28.03805,6.11869
79,385,FALSE,25.1453,2.03304
79,386,FALSE,27.05286,1.07613
79,387,FALSE,34.05638,1.09055
79,388,FALSE,5.06535,2.04635
79,389,FALSE,7.017,2.0368
79,390,FALSE,27.06066,3.03356
79,391,FALSE,23.01431,5.00577
79,394,FALSE,30.03906,5.08338
79,395,FALSE,2.07331,35.01238
79,396,FALSE,3.04486,35.11795
79,397,FALSE,4.02344,35.0926
79,398,FALSE,33.14497,35.02712
79,403,FALSE,19.00944,6.06537
79,404,FALSE,34.09601,35.11086
79,405,FALSE,5.09153,35.10462
79,406,FALSE,4.02571,6.0428
79,407,FALSE,28.11619,29.0244
79,408,TRUE,4.12251,1
79,412,FALSE,34.14313,10.012
79,413,FALSE,25.07815,20.05106
79,414,FALSE,31.09473,10.12243
79,415,FALSE,28.10405,30.1031
79,416,FALSE,20.04931,33.06887
79,417,FALSE,28.1084,6.11241
79,418,FALSE,35.07482,35.07777
79,419,FALSE,33.12959,33.13853
79,420,FALSE,33.00664,33.10428
79,421,FALSE,33.00331,33.10814
79,422,FALSE,30.05221,28.01261
79,423,FALSE,23.08861,6.1174
79,425,FALSE,5.01969,6.06054
79,426,FALSE,33.10864,6.03972
79,427,FALSE,6.13455,6.10916
79,428,FALSE,33.10765,33.11098
79,429,FALSE,28.13752,33.08159
80,1,FALSE,23.0936,6.08929
80,3,FALSE,4.05624,4.05804
80,5,FALSE,37.08056,6.03593
80,6,FALSE,33.10551,5.03639
80,7,FALSE,1,4.00739
80,9,FALSE,5.13716,5.00859
80,10,FALSE,4.14277,4.0353
80,11,FALSE,1,6.11019
80,13,FALSE,6.09009,6.08762
80,17,FALSE,28.08817,6.02555
80,18,FALSE,6.01066,6.00486
80,19,TRUE,33.12236,1
80,21,FALSE,29.05418,6.03678
80,22,FALSE,6.12263,6.10001
80,25,FALSE,19.07608,6.0548
80,29,FALSE,5.11452,2.11411
80,30,FALSE,6.08667,6.06482
80,69,FALSE,24.0751,2.12523
80,70,FALSE,23.14128,28.09589
80,71,FALSE,6.07536,6.08268
80,72,FALSE,33.03863,33.03946
80,73,FALSE,28.08643,28.08206
80,74,FALSE,33.03134,33.03474
80,75,FALSE,33.06209,34.11733
80,76,FALSE,28.05503,6.13767
80,77,FALSE,6.14722,18.03916
80,78,FALSE,23.09165,6.03176
80,79,FALSE,6.11127,6.12515
80,82,FALSE,29.02236,6.05278
80,83,FALSE,18.00243,3.11546
80,84,FALSE,1,33.02524
80,85,TRUE,2.11332,1
80,86,TRUE,29.11107,1
80,91,FALSE,5.13222,5.09363
80,92,FALSE,6.07348,6.08419
80,93,FALSE,23.07639,6.12324
80,95,FALSE,5.1054,4.01235
80,98,FALSE,30.04077,5.11989
80,99,FALSE,34.12943,22.00163
80,100,FALSE,35.01799,6.11288
80,101,FALSE,23.10953,5.11494
80,103,FALSE,25.04938,6.1186
80,104,FALSE,30.03407,6.08807
80,106,FALSE,28.0909,3.10726
80,107,FALSE,26.01372,4.10149
80,109,FALSE,34.02281,6.14426
80,110,FALSE,28.13881,6.07192
80,111,FALSE,33.00709,3.06849
80,112,FALSE,22.04484,3.06698
80,113,FALSE,28.09816,5.01735
80,114,FALSE,5.13337,2.04813
80,115,FALSE,5.14675,6.06708
80,116,FALSE,28.13016,3.0345
80,117,FALSE,5.0615,4.14339
80,118,FALSE,18.01808,2.11377
80,120,FALSE,34.02773,2.01514
80,121,FALSE,5.05817,2.02098
80,122,FALSE,5.14382,1.03836
80,123,FALSE,6.11983,2.08381
80,124,FALSE,37.1248,5.04724
80,125,FALSE,34.14592,35.0758
80,126,FALSE,30.1309,35.01312
80,127,FALSE,24.01465,6.11443
80,128,FALSE,30.07013,4.11097
80,129,FALSE,30.00685,6.10733
80,130,FALSE,35.0835,35.11359
80,131,FALSE,5.09944,4.08382
80,133,FALSE,5.0894,3.00969
80,134,FALSE,4.12462,4.00541
80,135,FALSE,4.12333,4.08652
80,136,FALSE,4.11851,6.05001
80,137,FALSE,5.1097,4.10205
80,139,FALSE,5.08677,5.10502
80,140,FALSE,3.13074,4.0507
80,141,FALSE,2.06501,6.11236
80,142,FALSE,3.07792,3.05663
80,143,FALSE,5.05952,1.06829
80,144,FALSE,31.0772,4.06956
80,145,TRUE,30.09114,1
80,146,TRUE,1,1
80,147,FALSE,1,2.14114
80,148,TRUE,1,1
80,149,TRUE,18.08991,1
80,150,FALSE,1,35.02177
80,151,TRUE,1.11499,1
80,153,FALSE,6.10183,6.11647
80,154,FALSE,23.08942,6.02969
80,155,FALSE,23.03969,4.01141
80,156,FALSE,5.14662,6.00635
80,157,FALSE,5.1244,1.0947
80,158,FALSE,18.08159,4.00562
80,159,FALSE,23.0613,1.12116
80,160,FALSE,23.12955,4.07068
80,161,FALSE,18.07408,4.11876
80,162,FALSE,29.12993,34.03941
80,164,FALSE,37.07963,5.01078
80,165,FALSE,6.01036,35.09192
80,166,FALSE,30.13012,35.01049
80,167,FALSE,5.06251,6.08885
80,168,FALSE,1,35.03409
80,169,FALSE,30.0022,35.0463
80,173,FALSE,29.11026,6.00621
80,175,FALSE,4.00904,3.04367
80,176,FALSE,5.12292,5.03693
80,177,FALSE,30.12776,6.09576
80,178,FALSE,35.03377,34.02371
80,179,FALSE,34.07871,6.13515
80,180,FALSE,28.1402,28.14182
80,181,FALSE,35.0441,33.08601
80,182,FALSE,10.02933,6.14691
80,183,FALSE,35.03647,6.08824
80,184,FALSE,37.00845,6.09593
80,185,FALSE,28.05317,6.11222
80,186,FALSE,37.03867,6.06997
80,188,FALSE,30.08015,1.11854
80,189,FALSE,34.04511,34.1167
80,190,FALSE,23.12742,6.05819
80,191,FALSE,30.09776,6.08108
80,192,FALSE,25.14041,6.13015
80,193,FALSE,35.04401,36.01001
80,194,FALSE,25.13983,6.12187
80,195,FALSE,28.01646,6.09374
80,197,FALSE,29.09905,2.06793
80,198,FALSE,25.02355,6.09592
80,199,FALSE,30.1144,6.09854
80,200,FALSE,6.12824,6.14351
80,201,FALSE,5.11507,6.01388
80,202,FALSE,37.05472,37.03901
80,203,FALSE,30.14472,30.06911
80,204,FALSE,30.03259,6.07691
80,206,FALSE,30.02631,2.07716
80,207,FALSE,28.04987,6.12071
80,208,FALSE,5.14605,4.1423
80,209,FALSE,28.03277,28.01906
80,210,FALSE,28.07204,28.11486
80,211,FALSE,28.04622,33.10113
80,212,FALSE,4.14195,5.04503
80,213,FALSE,13.02067,5.12311
80,216,FALSE,28.08489,6.10275
80,217,FALSE,29.04228,6.13205
80,218,FALSE,30.13926,6.08498
80,219,FALSE,25.03414,6.1455
80,222,FALSE,28.01531,5.09784
80,225,FALSE,33.094,33.12015
80,226,FALSE,35.01522,6.07894
80,227,FALSE,37.12616,34.07217
80,229,FALSE,33.12235,33.10676
80,230,FALSE,33.07912,33.01503
80,233,FALSE,30.06848,6.01041
80,234,FALSE,30.11111,33.03558
80,235,FALSE,30.11434,33.03281
80,236,FALSE,4.09082,4.0836
80,237,FALSE,5.13615,6.00526
80,242,FALSE,24.09967,4.13362
80,243,FALSE,6.05065,6.12024
80,251,FALSE,34.08227,34.11209
80,252,FALSE,28.03796,6.05402
80,253,FALSE,30.00075,4.1413
80,254,FALSE,4.023,1.02471
80,255,FALSE,13.1374,3.00742
80,256,FALSE,30.13211,2.11833
80,257,FALSE,20.13073,4.03354
80,258,FALSE,18.10707,5.06358
80,259,FALSE,5.12406,33.0864
80,260,FALSE,5.01687,5.13019
80,262,FALSE,36.0108,1.00674
80,263,FALSE,6.01598,3.13543
80,264,FALSE,29.03312,6.02318
80,265,FALSE,6.08101,5.13681
80,270,FALSE,6.00867,33.09502
80,271,FALSE,28.13574,6.01371
80,272,FALSE,5.13299,6.09205
80,273,FALSE,5.13798,6.13386
80,274,FALSE,5.1343,6.01591
80,275,FALSE,6.01101,33.00952
80,280,FALSE,5.0892,3.05883
80,289,FALSE,29.0638,5.14288
80,290,FALSE,6.13849,6.09464
80,291,FALSE,6.12102,6.12788
80,292,FALSE,6.14529,5.14666
80,293,FALSE,30.07866,15.00856
80,294,FALSE,30.12278,10.00274
80,295,FALSE,36.08261,25.00821
80,296,FALSE,4.01348,20.09671
80,297,FALSE,35.05321,6.03792
80,298,FALSE,33.08466,1.10784
80,299,FALSE,34.08502,6.13009
80,300,FALSE,33.09839,4.1132
80,301,FALSE,33.04495,4.13066
80,302,FALSE,35.08166,5.04562
80,303,FALSE,33.08592,5.06364
80,308,FALSE,31.08733,5.06101
80,317,FALSE,22.01228,4.04069
80,318,FALSE,36.00144,5.04344
80,319,FALSE,30.12986,5.06224
80,320,FALSE,27.07795,4.13794
80,321,FALSE,34.04456,3.07067
80,322,FALSE,18.01937,5.07833
80,323,FALSE,17.03707,3.07512
80,324,FALSE,23.00879,1.07048
80,325,FALSE,25.1393,2.02596
80,326,FALSE,18.10212,4.12795
80,328,FALSE,25.09617,5.02417
80,329,FALSE,31.02617,20.05266
80,330,FALSE,30.06053,6.04042
80,331,FALSE,20.01188,5.08501
80,332,FALSE,30.11819,5.13675
80,333,FALSE,30.01713,33.03094
80,334,FALSE,6.07944,6.08614
80,335,FALSE,30.05393,5.02138
80,336,FALSE,30.13887,5.01172
80,337,FALSE,25.14002,6.01197
80,339,FALSE,28.00407,5.06783
80,340,TRUE,1.00482,1
80,341,TRUE,25.11085,1
80,342,FALSE,5.10731,36.0389
80,343,TRUE,1,1
80,346,FALSE,27.00461,6.04697
80,347,FALSE,33.07922,6.0991
80,348,FALSE,27.06916,6.03029
80,349,FALSE,25.00864,2.06665
80,350,FALSE,29.06622,28.12416
80,351,FALSE,25.10187,6.14495
80,352,FALSE,34.00315,6.14118
80,353,FALSE,37.03716,34.11077
80,354,FALSE,34.1058,34.12652
80,355,FALSE,23.0673,4.08052
80,357,FALSE,28.00652,5.11125
80,358,FALSE,28.01957,6.00198
80,359,FALSE,32.10123,6.00909
80,361,FALSE,25.09821,6.04758
80,363,FALSE,35.0635,35.07869
80,364,FALSE,35.0698,35.07751
80,365,FALSE,23.03203,3.03712
80,366,FALSE,5.12401,5.09597
80,367,FALSE,35.01044,35.05448
80,370,FALSE,28.14403,6.08832
80,371,FALSE,33.02944,6.09269
80,372,FALSE,33.14646,6.13854
80,373,FALSE,6.10825,6.05485
80,374,FALSE,37.09918,1.14585
80,375,FALSE,23.09065,5.10305
80,376,FALSE,5.00236,6.00307
80,377,FALSE,2.10481,6.03198
80,378,FALSE,28.11641,33.02218
80,379,FALSE,5.07667,28.07326
80,380,FALSE,33.12658,34.0205
80,381,FALSE,5.08449,6.10827
80,383,FALSE,30.00458,5.04325
80,384,FALSE,28.14532,6.13086
80,385,FALSE,25.12095,1.06064
80,386,FALSE,27.10786,4.14094
80,387,FALSE,34.08363,2.10122
80,388,FALSE,5.03722,3.0043
80,389,FALSE,7.05997,2.08388
80,390,FALSE,27.13325,3.10021
80,391,FALSE,23.11671,5.01669
80,394,FALSE,30.1204,5.00273
80,395,FALSE,2.01416,35.00337
80,396,FALSE,3.13105,35.09881
80,397,FALSE,4.12758,35.08565
80,398,FALSE,33.05299,35.11275
80,403,FALSE,19.01411,6.02412
80,404,FALSE,34.13243,35.07857
80,405,FALSE,5.08894,35.07296
80,406,FALSE,4.13633,6.10029
80,407,FALSE,28.05748,29.03715
80,408,TRUE,4.1298,1
80,412,FALSE,34.07089,10.04983
80,413,FALSE,25.08389,20.02665
80,414,FALSE,31.14001,10.03783
80,415,FALSE,28.05077,30.11639
80,416,FALSE,20.05643,33.03452
80,417,FALSE,23.06924,6.13745
80,418,FALSE,35.04922,35.05562
80,419,FALSE,33.08209,33.10926
80,420,FALSE,33.00338,33.0534
80,421,FALSE,33.02051,33.07605
80,422,FALSE,30.12274,28.06211
80,423,FALSE,23.05743,6.1213
80,425,FALSE,37.06359,6.05704
80,426,FALSE,33.13839,6.05091
80,427,FALSE,6.12177,6.07584
80,428,FALSE,33.13308,33.0792
80,429,FALSE,28.08961,33.07993
81,1,FALSE,23.0993,6.07693
81,3,FALSE,4.04472,4.07955
81,5,FALSE,37.08594,6.01759
81,6,FALSE,33.08153,5.11504
81,7,FALSE,1,4.02272
81,9,FALSE,5.13306,4.02661
81,10,FALSE,4.02102,4.02736
81,11,FALSE,1,6.12944
81,13,FALSE,6.04815,6.06667
81,17,FALSE,28.08657,6.03111
81,18,FALSE,6.05152,6.0791
81,19,TRUE,33.12425,1
81,21,FALSE,18.10351,6.06105
81,22,FALSE,6.1469,6.13262
81,25,FALSE,19.0999,6.03517
81,29,FALSE,5.14587,3.11565
81,30,FALSE,6.13864,6.02875
81,69,FALSE,24.11415,2.07514
81,70,FALSE,23.0609,28.01521
81,71,FALSE,28.00161,6.0526
81,72,FALSE,33.07953,33.08006
81,73,FALSE,28.06869,28.02805
81,74,FALSE,33.01803,33.02098
81,75,FALSE,33.04904,34.02982
81,76,FALSE,6.14479,6.14513
81,77,FALSE,6.14034,18.14225
81,78,FALSE,29.08476,6.02938
81,79,FALSE,6.08281,6.09584
81,82,FALSE,29.14199,6.00895
81,83,FALSE,18.1114,3.01415
81,84,FALSE,1,33.06245
81,85,FALSE,1,2.00178
81,86,TRUE,29.01156,1
81,91,FALSE,5.13968,5.07054
81,92,FALSE,6.07366,6.07778
81,93,FALSE,23.01695,6.10612
81,95,FALSE,5.13539,4.02442
81,98,FALSE,30.04552,5.14505
81,99,FALSE,34.13066,22.05268
81,100,FALSE,35.08636,6.07465
81,101,FALSE,23.0571,5.00778
81,103,FALSE,25.08435,6.14195
81,104,FALSE,30.11038,6.04183
81,106,FALSE,28.05062,3.02327
81,107,FALSE,26.02125,4.05247
81,109,FALSE,34.08092,6.11219
81,110,FALSE,28.03942,6.06762
81,111,FALSE,33.0262,3.03461
81,112,FALSE,22.04057,4.01427
81,113,FALSE,28.12645,5.08607
81,114,FALSE,5.11477,2.06979
81,115,FALSE,5.12797,6.01574
81,116,FALSE,28.08462,3.01676
81,117,FALSE,5.11953,4.0428
81,118,FALSE,18.02305,2.12381
81,120,FALSE,34.08994,2.14212
81,121,FALSE,5.13441,4.12226
81,122,FALSE,5.14346,1.11221
81,123,FALSE,6.10396,2.14733
81,124,FALSE,37.13608,2.03468
81,125,FALSE,34.1186,35.13269
81,126,FALSE,30.04115,35.10819
81,127,FALSE,24.10348,6.1272
81,128,FALSE,30.05898,6.08819
81,129,FALSE,30.1029,6.09892
81,130,FALSE,35.12167,35.12283
81,131,FALSE,5.05309,4.02699
81,133,FALSE,5.13796,3.01372
81,134,FALSE,4.10314,4.00003
81,135,FALSE,4.06649,4.10577
81,136,FALSE,4.09108,4.11364
81,137,FALSE,5.03153,4.05404
81,139,FALSE,5.04673,5.12896
81,140,FALSE,3.05719,4.00912
81,141,FALSE,2.13079,6.11626
81,142,FALSE,3.02746,3.14451
81,143,FALSE,5.06332,1.04595
81,144,FALSE,5.05078,4.13145
81,145,TRUE,30.00148,1
81,146,TRUE,1,1
81,147,FALSE,1,2.0029
81,148,TRUE,1,1
81,149,TRUE,18.08709,1
81,150,FALSE,1,35.09342
81,151,TRUE,1.13814,1
81,153,FALSE,6.10587,6.13118
81,154,FALSE,23.06968,6.04474
81,155,FALSE,23.0739,4.07334
81,156,FALSE,5.13206,6.01713
81,157,FALSE,5.03163,1.03892
81,158,FALSE,18.00457,4.04987
81,159,FALSE,23.10063,1.12385
81,160,FALSE,23.11788,4.0872
81,161,FALSE,18.06826,4.07289
81,162,FALSE,29.12065,34.08192
81,164,FALSE,37.0124,5.11309
81,165,FALSE,6.12107,35.07395
81,166,FALSE,30.09555,35.1291
81,167,FALSE,5.00876,6.1197
81,168,FALSE,1,35.04647
81,169,FALSE,30.03424,35.09837
81,173,FALSE,28.07193,6.01872
81,175,FALSE,3.08774,3.14185
81,176,FALSE,5.07279,5.04244
81,177,FALSE,30.1189,6.04583
81,178,FALSE,35.06694,34.00382
81,179,FALSE,34.02726,6.14115
81,180,FALSE,28.07731,28.10169
81,181,FALSE,35.00292,33.1168
81,182,FALSE,25.0044,6.14627
81,183,FALSE,35.03738,6.08292
81,184,FALSE,37.07775,6.11317
81,185,FALSE,28.13166,6.13985
81,186,FALSE,37.02923,6.04719
81,188,FALSE,30.05505,2.01846
81,189,FALSE,34.08718,34.10546
81,190,FALSE,23.10599,6.13393
81,191,FALSE,30.12411,6.01634
81,192,FALSE,25.07308,6.03544
81,193,FALSE,35.07974,36.04939
81,194,FALSE,25.06481,6.10199
81,195,FALSE,28.08516,6.05428
81,197,FALSE,30.12672,2.14582
81,198,FALSE,25.12905,6.02433
81,199,FALSE,29.02639,23.06639
81,200,FALSE,6.03951,6.13528
81,201,FALSE,5.0644,6.13379
81,202,FALSE,37.05834,37.06572
81,203,FALSE,30.10932,6.12423
81,204,FALSE,30.09436,4.09633
81,206,FALSE,30.09359,2.14688
81,207,FALSE,28.00808,6.136
81,208,FALSE,5.13826,5.1304
81,209,FALSE,28.01959,28.14018
81,210,FALSE,28.06442,28.0941
81,211,FALSE,28.03196,33.10294
81,212,FALSE,4.14317,5.03597
81,213,FALSE,13.03043,5.14379
81,216,FALSE,28.09362,6.10771
81,217,FALSE,29.08343,6.13685
81,218,FALSE,30.08939,6.0572
81,219,FALSE,25.03212,6.14682
81,222,FALSE,28.10425,5.0268
81,225,FALSE,33.13128,33.13648
81,226,FALSE,35.12091,6.0807
81,227,FALSE,37.05869,34.01038
81,229,FALSE,33.10356,33.10564
81,230,FALSE,33.10675,33.02861
81,233,FALSE,30.0922,6.00098
81,234,FALSE,30.11215,33.01629
81,235,FALSE,30.08205,33.00898
81,236,FALSE,4.13519,4.10857
81,237,FALSE,5.10895,6.09186
81,242,FALSE,24.11629,4.00599
81,243,FALSE,6.04306,6.13193
81,251,FALSE,34.08837,34.09723
81,252,FALSE,28.06795,6.12854
81,253,FALSE,30.12353,4.02585
81,254,FALSE,4.03843,1.03712
81,255,FALSE,13.06153,3.08999
81,256,FALSE,30.04666,2.14383
81,257,FALSE,20.03646,4.02579
81,258,FALSE,18.12122,5.02548
81,259,FALSE,5.12774,33.02589
81,260,FALSE,5.03031,5.09459
81,262,FALSE,36.13639,1.0478
81,263,FALSE,6.03733,3.11851
81,264,FALSE,29.02507,6.11337
81,265,FALSE,6.09726,5.07502
81,270,FALSE,6.09965,33.08519
81,271,FALSE,28.06395,6.14382
81,272,FALSE,5.09161,6.09505
81,273,FALSE,5.08811,6.03018
81,274,FALSE,5.12197,6.0694
81,275,FALSE,6.05117,33.06544
81,280,FALSE,5.1357,3.11721
81,289,FALSE,29.0964,5.13072
81,290,FALSE,6.10207,6.10485
81,291,FALSE,6.14063,6.13694
81,292,FALSE,6.12344,5.01247
81,293,FALSE,30.06888,15.05579
81,294,FALSE,15.1427,10.08149
81,295,FALSE,36.064,25.03038
81,296,FALSE,4.11357,20.03383
81,297,FALSE,35.13218,6.00704
81,298,FALSE,33.09252,2.07267
81,299,FALSE,34.07036,6.0484
81,300,FALSE,33.11525,6.02858
81,301,FALSE,33.02149,4.0832
81,302,FALSE,35.11277,6.02575
81,303,FALSE,33.13216,5.03997
81,308,FALSE,31.12392,3.05924
81,317,FALSE,22.00911,4.00533
81,318,FALSE,36.02145,6.03162
81,319,FALSE,30.14353,5.13856
81,320,FALSE,27.08692,4.0183
81,321,FALSE,34.11375,3.07419
81,322,FALSE,18.13939,5.07553
81,323,FALSE,17.07784,3.01651
81,324,FALSE,23.11523,1.09138
81,325,FALSE,25.09618,2.10066
81,326,FALSE,18.07855,3.00425
81,328,FALSE,25.05629,5.07793
81,329,FALSE,31.07015,6.13464
81,330,FALSE,28.13151,6.02724
81,331,FALSE,20.0821,5.01775
81,332,FALSE,20.08406,6.03386
81,333,FALSE,30.1131,33.00116
81,334,FALSE,6.06345,6.06098
81,335,FALSE,30.10843,5.07735
81,336,FALSE,30.129,5.02789
81,337,FALSE,25.07722,6.08135
81,339,FALSE,28.03599,5.13572
81,340,TRUE,1.12416,1
81,341,TRUE,25.01373,1
81,342,FALSE,5.05913,36.04437
81,343,TRUE,1,1
81,346,FALSE,27.07859,6.07788
81,347,FALSE,33.03126,6.06726
81,348,FALSE,27.06303,6.03188
81,349,FALSE,25.1072,2.04341
81,350,FALSE,29.11613,28.09536
81,351,FALSE,25.03358,6.12643
81,352,FALSE,34.07791,6.14098
81,353,FALSE,37.07245,34.09613
81,354,FALSE,34.06404,34.1179
81,355,FALSE,23.13114,5.08745
81,357,FALSE,29.05051,5.11573
81,358,FALSE,28.0742,6.07042
81,359,FALSE,32.10113,6.00616
81,361,FALSE,25.10849,6.06879
81,363,FALSE,35.06536,35.0946
81,364,FALSE,35.11124,35.11229
81,365,FALSE,23.09626,3.0822
81,366,FALSE,5.13129,5.13645
81,367,FALSE,35.06288,35.06777
81,370,FALSE,28.12322,6.07661
81,371,FALSE,33.07934,6.12794
81,372,FALSE,33.1058,6.14367
81,373,FALSE,6.13651,6.02567
81,374,FALSE,37.04023,1.11148
81,375,FALSE,4.00781,5.11919
81,376,FALSE,5.09173,6.10794
81,377,FALSE,1,2.10683
81,378,FALSE,28.02408,33.08038
81,379,FALSE,5.14481,28.13663
81,380,FALSE,33.05532,34.03159
81,381,FALSE,5.09912,6.04869
81,383,FALSE,30.11362,5.02063
81,384,FALSE,28.1382,6.08728
81,385,FALSE,25.13643,2.03801
81,386,FALSE,27.06156,1.02696
81,387,FALSE,34.12759,2.00439
81,388,FALSE,5.06943,2.04365
81,389,FALSE,7.14388,2.00302
81,390,FALSE,27.14525,3.12789
81,391,FALSE,23.14264,4.0021
81,394,FALSE,30.04544,5.09136
81,395,FALSE,2.12514,35.05181
81,396,FALSE,3.0903,35.13529
81,397,FALSE,4.12496,35.1118
81,398,FALSE,33.02743,35.06159
81,403,FALSE,19.10548,6.05781
81,404,FALSE,34.0323,35.04285
81,405,FALSE,5.03737,35.03855
81,406,FALSE,1,4.12424
81,407,FALSE,28.04614,29.06349
81,408,TRUE,4.04786,1
81,412,FALSE,34.11161,10.07646
81,413,FALSE,25.07177,20.0426
81,414,FALSE,31.05118,10.11119
81,415,FALSE,28.07184,30.02692
81,416,FALSE,20.14208,33.00468
81,417,FALSE,28.06775,6.11526
81,418,FALSE,35.06463,35.09443
81,419,FALSE,33.09464,33.10591
81,420,FALSE,33.06695,33.07365
81,421,FALSE,33.00937,33.08048
81,422,FALSE,30.11011,28.13342
81,423,FALSE,23.11106,6.06816
81,425,FALSE,5.08454,6.00087
81,426,FALSE,33.12518,6.05789
81,427,FALSE,6.11854,6.08105
81,428,FALSE,33.13636,33.10512
81,429,FALSE,28.04311,33.11455
82,1,FALSE,23.09075,6.07924
82,3,FALSE,4.02722,4.05786
82,5,FALSE,37.11079,6.00478
82,6,FALSE,33.04733,5.10363
82,7,FALSE,1,4.0162
82,9,FALSE,5.10108,5.02883
82,10,FALSE,4.06312,4.0588
82,11,FALSE,1,6.08044
82,13,FALSE,6.09166,6.11464
82,17,FALSE,28.12533,6.02891
82,18,FALSE,6.03824,6.04669
82,19,TRUE,33.10824,1
82,21,FALSE,18.05686,6.08433
82,22,FALSE,6.13506,6.09017
82,25,FALSE,19.0065,6.00904
82,29,FALSE,5.12848,3.05379
82,30,FALSE,6.12218,6.06576
82,69,FALSE,24.11427,2.03872
82,70,FALSE,23.0668,28.07483
82,71,FALSE,28.01856,6.05203
82,72,FALSE,33.02902,33.08896
82,73,FALSE,28.11897,28.09719
82,74,FALSE,37.14106,33.05198
82,75,FALSE,33.14067,34.01433
82,76,FALSE,6.10369,6.12541
82,77,FALSE,6.06168,18.02341
82,78,FALSE,29.14703,6.02367
82,79,FALSE,6.11786,6.1273
82,82,FALSE,29.09486,6.05983
82,83,FALSE,18.09686,3.09606
82,84,FALSE,1,33.13561
82,85,FALSE,1,2.08484
82,86,TRUE,29.04708,1
82,91,FALSE,5.14633,5.06997
82,92,FALSE,28.14186,6.09298
82,93,FALSE,23.14688,6.11007
82,95,FALSE,5.12332,3.06482
82,98,FALSE,30.09003,5.08336
82,99,FALSE,34.08854,22.05604
82,100,FALSE,35.00142,6.12311
82,101,FALSE,23.11874,3.05894
82,103,FALSE,25.01265,6.07189
82,104,FALSE,30.1288,6.08874
82,106,FALSE,28.13908,3.0957
82,107,FALSE,26.05287,4.09789
82,109,FALSE,34.06198,6.11564
82,110,FALSE,28.0118,6.06328
82,111,FALSE,33.06543,3.01245
82,112,FALSE,22.06596,4.08134
82,113,FALSE,28.10292,5.07308
82,114,FALSE,5.14727,2.02529
82,115,FALSE,5.13407,6.04324
82,116,FALSE,28.09626,3.05143
82,117,FALSE,5.04339,4.12001
82,118,FALSE,18.04282,2.04935
82,120,FALSE,34.08603,2.05089
82,121,FALSE,5.07792,2.04764
82,122,FALSE,5.06384,2.01945
82,123,FALSE,6.06458,2.11072
82,124,FALSE,37.1316,2.01149
82,125,FALSE,34.01216,35.03949
82,126,FALSE,30.06607,35.05056
82,127,FALSE,24.06707,6.14396
82,128,FALSE,30.03488,4.09262
82,129,FALSE,30.12453,6.06176
82,130,FALSE,35.0331,35.09727
82,131,FALSE,5.11394,4.00315
82,133,FALSE,5.12504,3.0051
82,134,FALSE,4.05763,4.04436
82,135,FALSE,4.06398,4.01553
82,136,FALSE,4.09908,4.02925
82,137,FALSE,5.13165,4.08041
82,139,FALSE,5.04898,5.08711
82,140,FALSE,3.10604,4.04258
82,141,FALSE,2.11638,6.07164
82,142,FALSE,3.03381,3.04608
82,143,FALSE,5.04157,1.0214
82,144,FALSE,5.13865,4.0655
82,145,FALSE,1,30.07371
82,146,TRUE,1,1
82,147,FALSE,1,2.05094
82,148,TRUE,1,1
82,149,TRUE,18.12194,1
82,150,FALSE,1,35.07244
82,151,TRUE,1.11371,1
82,153,FALSE,6.08986,6.10983
82,154,FALSE,28.10643,6.05527
82,155,FALSE,5.1435,4.07906
82,156,FALSE,28.14711,5.09477
82,157,FALSE,5.02871,1.11945
82,158,FALSE,18.08454,4.1118
82,159,FALSE,23.12121,3.00303
82,160,FALSE,23.01672,4.07442
82,161,FALSE,18.08445,4.05526
82,162,FALSE,29.11022,34.09033
82,164,FALSE,37.01639,5.00366
82,165,FALSE,6.07186,35.03307
82,166,FALSE,30.09501,35.04271
82,167,FALSE,5.01087,6.10635
82,168,FALSE,1,35.14634
82,169,FALSE,30.03138,35.05177
82,173,FALSE,29.00687,6.00454
82,175,FALSE,3.13895,3.14391
82,176,FALSE,5.09567,5.14371
82,177,FALSE,30.12128,6.0575
82,178,FALSE,35.03071,34.02085
82,179,FALSE,34.00137,6.13198
82,180,FALSE,28.12004,28.13381
82,181,FALSE,35.01529,33.06418
82,182,FALSE,25.06386,6.11322
82,183,FALSE,35.07511,6.10812
82,184,FALSE,37.02077,6.09898
82,185,FALSE,28.00895,6.14253
82,186,FALSE,37.09823,6.07633
82,188,FALSE,30.04231,1.07138
82,189,FALSE,34.07232,34.13476
82,190,FALSE,23.07977,6.10676
82,191,FALSE,30.13696,6.1074
82,192,FALSE,25.09451,6.06321
82,193,FALSE,35.04222,36.12074
82,194,FALSE,25.05926,6.06177
82,195,FALSE,28.07051,6.07136
82,197,FALSE,29.14266,1.05815
82,198,FALSE,25.04261,6.02165
82,199,FALSE,29.13684,23.00945
82,200,FALSE,6.01072,6.07347
82,201,FALSE,5.14628,6.14738
82,202,FALSE,37.05139,37.05422
82,203,FALSE,30.14041,30.11435
82,204,FALSE,30.07202,4.08522
82,206,FALSE,30.0111,2.0516
82,207,FALSE,28.06481,6.0952
82,208,FALSE,5.11375,5.03254
82,209,FALSE,28.03756,28.06063
82,210,FALSE,28.08784,28.06098
82,211,FALSE,28.14053,33.00829
82,212,FALSE,4.14714,5.00337
82,213,FALSE,13.11112,5.13823
82,216,FALSE,28.09164,6.08245
82,217,FALSE,29.046,6.13605
82,218,FALSE,30.14491,6.10889
82,219,FALSE,25.1301,6.10554
82,222,FALSE,28.11717,5.10441
82,225,FALSE,33.06012,33.09496
82,226,FALSE,35.12055,6.09351
82,227,FALSE,37.0578,34.08319
82,229,FALSE,33.13162,33.10919
82,230,FALSE,33.12586,33.07328
82,233,FALSE,30.11969,6.00203
82,234,FALSE,30.12343,33.04114
82,235,FALSE,30.051,33.00598
82,236,FALSE,4.12103,4.03791
82,237,FALSE,5.13528,6.00028
82,242,FALSE,24.10136,4.1014
82,243,FALSE,6.01408,6.03046
82,251,FALSE,34.03911,34.09174
82,252,FALSE,28.05549,6.09617
82,253,FALSE,30.00088,4.08172
82,254,FALSE,4.03905,1.06753
82,255,FALSE,13.12463,3.01138
82,256,FALSE,30.06309,2.11073
82,257,FALSE,20.13596,4.12863
82,258,FALSE,18.13721,5.12736
82,259,FALSE,5.00377,33.0435
82,260,FALSE,5.08099,5.02186
82,262,FALSE,36.12601,1.06563
82,263,FALSE,6.01995,3.04278
82,264,FALSE,29.081,6.10022
82,265,FALSE,6.05209,5.12638
82,270,FALSE,6.01646,33.03774
82,271,FALSE,28.12396,6.03373
82,272,FALSE,5.07724,6.07299
82,273,FALSE,5.1417,6.04295
82,274,FALSE,5.13472,6.02889
82,275,FALSE,6.09175,33.06139
82,280,FALSE,5.13257,3.08848
82,289,FALSE,29.05361,5.14394
82,290,FALSE,6.13585,6.10253
82,291,FALSE,6.13653,6.14663
82,292,FALSE,6.13216,5.08749
82,293,FALSE,31.02226,15.06214
82,294,FALSE,6.11476,10.03655
82,295,FALSE,36.13153,25.01466
82,296,FALSE,4.05195,20.11497
82,297,FALSE,35.07043,6.06588
82,298,FALSE,33.0398,1.12186
82,299,FALSE,34.01241,6.06471
82,300,FALSE,33.14522,6.11809
82,301,FALSE,33.09266,4.00741
82,302,FALSE,35.09021,5.13213
82,303,FALSE,33.11149,5.01797
82,308,FALSE,31.12571,3.10042
82,317,FALSE,22.10008,4.09594
82,318,FALSE,36.13302,4.14325
82,319,FALSE,30.05156,5.11655
82,320,FALSE,27.01015,4.08325
82,321,FALSE,34.12235,3.02091
82,322,FALSE,18.00147,5.0363
82,323,FALSE,17.02573,2.04139
82,324,FALSE,23.11209,2.04009
82,325,FALSE,25.05932,2.13863
82,326,FALSE,18.11442,3.05042
82,328,FALSE,25.04215,5.10819
82,329,FALSE,31.03329,20.0768
82,330,FALSE,30.03876,6.09984
82,331,FALSE,20.13082,5.04251
82,332,FALSE,30.07037,5.05497
82,333,FALSE,30.13601,33.0708
82,334,FALSE,6.10665,6.05627
82,335,FALSE,30.02111,5.09074
82,336,FALSE,30.14119,5.03556
82,337,FALSE,25.10138,6.10167
82,339,FALSE,28.0726,5.00796
82,340,TRUE,1.01135,1
82,341,TRUE,25.04424,1
82,342,FALSE,5.02524,36.03442
82,343,TRUE,1,1
82,346,FALSE,27.00682,6.0528
82,347,FALSE,33.09452,6.12287
82,348,FALSE,27.10979,6.0283
82,349,FALSE,25.08112,2.02978
82,350,FALSE,29.13116,28.11104
82,351,FALSE,25.01787,6.12118
82,352,FALSE,34.021,6.11364
82,353,FALSE,37.09911,34.08877
82,354,FALSE,34.10715,34.1172
82,355,FALSE,23.05911,5.054
82,357,FALSE,29.1082,5.06907
82,358,FALSE,28.07305,6.00954
82,359,FALSE,32.094,6.01233
82,361,FALSE,25.06396,6.07345
82,363,FALSE,35.10007,35.10152
82,364,FALSE,35.11144,35.14296
82,365,FALSE,23.02138,3.13538
82,366,FALSE,5.09278,5.11908
82,367,FALSE,35.01584,35.04884
82,370,FALSE,28.02754,6.07196
82,371,FALSE,33.13134,6.13121
82,372,FALSE,33.14732,6.13657
82,373,FALSE,6.11316,6.01005
82,374,FALSE,37.12773,1.14533
82,375,FALSE,4.07424,5.01756
82,376,FALSE,5.13839,6.11194
82,377,FALSE,2.10848,6.13139
82,378,FALSE,28.03385,33.07702
82,379,FALSE,5.10171,28.10752
82,380,FALSE,33.02593,34.05569
82,381,FALSE,5.01389,6.02215
82,383,FALSE,29.07107,5.07134
82,384,FALSE,30.12836,6.08726
82,385,FALSE,25.13772,2.0958
82,386,FALSE,27.11447,1.02721
82,387,FALSE,34.1204,2.03094
82,388,FALSE,5.04581,2.10395
82,389,FALSE,7.07912,2.00507
82,390,FALSE,27.08825,3.02178
82,391,FALSE,23.02296,2.07694
82,394,FALSE,30.10454,5.09248
82,395,FALSE,2.00083,35.09184
82,396,FALSE,3.08708,35.07203
82,397,FALSE,4.12342,35.05391
82,398,FALSE,33.09275,35.04899
82,403,FALSE,19.07035,6.04262
82,404,FALSE,34.00626,35.00561
82,405,FALSE,5.00805,35.13849
82,406,FALSE,4.12835,6.03902
82,407,FALSE,28.02632,29.11257
82,408,TRUE,4.08625,1
82,412,FALSE,34.12212,10.07078
82,413,FALSE,25.12026,15.0527
82,414,FALSE,31.11697,10.01479
82,415,FALSE,28.00276,30.06247
82,416,FALSE,20.11174,33.05186
82,417,FALSE,28.06334,6.1152
82,418,FALSE,35.08385,35.09937
82,419,FALSE,33.0757,33.14113
82,420,FALSE,33.01969,33.06925
82,421,FALSE,33.06879,33.13516
82,422,FALSE,28.07886,30.09836
82,423,FALSE,23.10124,6.05126
82,425,FALSE,37.04683,6.03829
82,426,FALSE,33.14311,6.03762
82,427,FALSE,6.12308,6.08924
82,428,FALSE,33.07526,33.09299
82,429,FALSE,28.09427,33.029
83,1,FALSE,23.01997,6.09047
83,3,FALSE,4.04652,4.04729
83,5,FALSE,37.1035,6.04435
83,6,FALSE,33.01937,5.05022
83,7,FALSE,1,4.0108
83,9,FALSE,5.09036,4.10551
83,10,FALSE,4.14574,5.08153
83,11,FALSE,1,6.00122
83,13,FALSE,6.08102,6.09564
83,17,FALSE,28.03803,6.04168
83,18,FALSE,6.03419,6.03574
83,19,TRUE,33.06589,1
83,21,FALSE,18.05503,6.06417
83,22,FALSE,6.08347,6.1213
83,25,FALSE,19.14631,6.03456
83,29,FALSE,5.11116,2.13545
83,30,FALSE,6.13079,6.0656
83,69,FALSE,24.10256,2.00263
83,70,FALSE,23.12667,28.04319
83,71,FALSE,28.04442,6.04018
83,72,FALSE,33.02175,33.04528
83,73,FALSE,28.01428,28.01789
83,74,FALSE,37.08662,33.03596
83,75,FALSE,33.14241,34.11852
83,76,FALSE,28.00796,6.13489
83,77,FALSE,6.13903,18.03986
83,78,FALSE,23.04508,6.03815
83,79,FALSE,6.09957,6.10738
83,82,FALSE,29.11555,6.08933
83,83,FALSE,18.12304,3.13996
83,84,FALSE,1,33.10251
83,85,TRUE,2.07981,1
83,86,TRUE,29.07514,1
83,91,FALSE,5.13943,5.0697
83,92,FALSE,6.07119,6.07384
83,93,FALSE,23.12305,6.10375
83,95,FALSE,5.06994,4.01907
83,98,FALSE,30.12732,5.04494
83,99,FALSE,34.09994,22.03414
83,100,FALSE,35.04468,6.05643
83,101,FALSE,23.11551,5.11731
83,103,FALSE,25.07895,6.09892
83,104,FALSE,30.02782,6.00121
83,106,FALSE,28.13582,3.11212
83,107,FALSE,26.00177,4.06104
83,109,FALSE,34.0229,6.10574
83,110,FALSE,28.12641,6.0793
83,111,FALSE,33.14636,3.10446
83,112,FALSE,22.05866,4.02194
83,113,FALSE,28.03006,5.04708
83,114,FALSE,5.03868,2.03323
83,115,FALSE,5.14348,6.01469
83,116,FALSE,28.0766,3.08561
83,117,FALSE,5.13848,4.14488
83,118,FALSE,18.07717,2.00557
83,120,FALSE,34.12118,2.00582
83,121,FALSE,5.13572,3.03834
83,122,FALSE,5.09384,2.08803
83,123,FALSE,6.03736,2.0849
83,124,FALSE,37.06605,2.02845
83,125,FALSE,34.0457,35.01586
83,126,FALSE,30.05623,35.05336
83,127,FALSE,24.04655,6.09019
83,128,FALSE,30.06927,6.0241
83,129,FALSE,30.01605,6.08164
83,130,FALSE,35.10916,35.11725
83,131,FALSE,5.04617,4.06377
83,133,FALSE,5.14125,3.04354
83,134,FALSE,5.00888,4.13151
83,135,FALSE,4.13422,4.0253
83,136,FALSE,4.05606,4.06463
83,137,FALSE,5.05294,4.02287
83,139,FALSE,5.11492,5.02775
83,140,FALSE,3.13236,4.00481
83,141,FALSE,2.11154,6.11096
83,142,FALSE,3.0923,3.0059
83,143,FALSE,5.0206,1.05889
83,144,FALSE,5.11999,31.08922
83,145,FALSE,1,30.06092
83,146,TRUE,1,1
83,147,FALSE,1,2.03656
83,148,TRUE,1,1
83,149,TRUE,18.07689,1
83,150,FALSE,1,35.09982
83,151,TRUE,1.12347,1
83,153,FALSE,6.07761,6.12583
83,154,FALSE,23.07661,6.06337
83,155,FALSE,23.00764,4.02226
83,156,FALSE,28.02084,5.02933
83,157,FALSE,5.1261,1.03108
83,158,FALSE,18.07642,4.08117
83,159,FALSE,23.03721,3.13852
83,160,FALSE,23.12995,4.10557
83,161,FALSE,18.11548,4.11155
83,162,FALSE,29.12412,34.12666
83,164,FALSE,37.08618,5.05915
83,165,FALSE,6.01941,35.12526
83,166,FALSE,30.13822,35.09338
83,167,FALSE,5.00227,6.09369
83,168,FALSE,1,35.07462
83,169,FALSE,30.14213,35.07206
83,173,FALSE,29.05418,6.0074
83,175,FALSE,3.14205,3.1252
83,176,FALSE,5.07869,5.02678
83,177,FALSE,30.08255,6.13184
83,178,FALSE,35.03565,34.00066
83,179,FALSE,34.03627,6.13496
83,180,FALSE,28.13615,28.08196
83,181,FALSE,35.01368,33.03229
83,182,FALSE,10.0006,6.1286
83,183,FALSE,35.02157,6.08681
83,184,FALSE,37.1006,6.11689
83,185,FALSE,28.03127,6.14583
83,186,FALSE,37.04965,6.041
83,188,FALSE,30.09044,1.10229
83,189,FALSE,34.11022,34.13088
83,190,FALSE,23.07197,6.14312
83,191,FALSE,30.12854,6.0409
83,192,FALSE,25.01588,6.0824
83,193,FALSE,35.02044,36.09454
83,194,FALSE,25.05516,6.06411
83,195,FALSE,28.10591,6.04131
83,197,FALSE,29.10898,2.03298
83,198,FALSE,25.0041,6.04296
83,199,FALSE,30.12628,23.00987
83,200,FALSE,6.08442,6.12015
83,201,FALSE,5.03946,6.05231
83,202,FALSE,37.02974,37.03738
83,203,FALSE,30.12566,30.0503
83,204,FALSE,30.10277,2.02965
83,206,FALSE,30.13743,2.14532
83,207,FALSE,28.02333,6.1255
83,208,FALSE,5.10458,5.06535
83,209,FALSE,28.03192,28.12266
83,210,FALSE,28.09219,28.02908
83,211,FALSE,28.0299,33.00195
83,212,FALSE,4.12709,5.05365
83,213,FALSE,13.00626,5.09672
83,216,FALSE,28.10906,6.08547
83,217,FALSE,29.06613,6.13068
83,218,FALSE,30.09317,6.06305
83,219,FALSE,25.0887,6.1293
83,222,FALSE,28.0997,5.07646
83,225,FALSE,33.13417,33.14014
83,226,FALSE,35.09548,6.11317
83,227,FALSE,37.0098,34.05974
83,229,FALSE,33.12844,33.11864
83,230,FALSE,33.04531,33.03051
83,233,FALSE,30.09763,6.01682
83,234,FALSE,30.03301,33.02662
83,235,FALSE,30.08642,33.0266
83,236,FALSE,4.07282,4.09974
83,237,FALSE,5.07171,6.0966
83,242,FALSE,24.10161,4.08805
83,243,FALSE,6.02332,6.0937
83,251,FALSE,34.03765,34.13684
83,252,FALSE,28.12596,6.12283
83,253,FALSE,30.01634,4.08018
83,254,FALSE,4.03805,1.07151
83,255,FALSE,13.09486,3.07266
83,256,FALSE,30.13238,2.02515
83,257,FALSE,20.01584,4.09894
83,258,FALSE,18.10857,5.08303
83,259,FALSE,5.00645,33.12267
83,260,FALSE,5.02881,5.02238
83,262,FALSE,36.05581,1.1036
83,263,FALSE,6.01249,3.12476
83,264,FALSE,29.14716,6.06071
83,265,FALSE,6.13735,5.12886
83,270,FALSE,6.02474,33.01556
83,271,FALSE,28.08582,6.11019
83,272,FALSE,5.10322,6.05205
83,273,FALSE,5.13815,6.10602
83,274,FALSE,5.13665,6.01753
83,275,FALSE,6.07866,33.03349
83,280,FALSE,5.14223,3.10212
83,289,FALSE,29.10331,5.13616
83,290,FALSE,6.13753,6.13942
83,291,FALSE,6.14059,6.146
83,292,FALSE,6.07108,5.11198
83,293,FALSE,30.09918,15.0097
83,294,FALSE,6.12479,10.01916
83,295,FALSE,36.13445,25.04876
83,296,FALSE,4.03709,20.04304
83,297,FALSE,35.1063,6.01473
83,298,FALSE,33.05383,2.09098
83,299,FALSE,34.03703,6.05986
83,300,FALSE,33.1441,6.00346
83,301,FALSE,33.00229,4.06764
83,302,FALSE,35.04057,5.14424
83,303,FALSE,33.05277,33.09693
83,308,FALSE,31.06357,5.02209
83,317,FALSE,22.04411,4.08567
83,318,FALSE,36.10514,6.0014
83,319,FALSE,30.07705,5.09021
83,320,FALSE,27.14264,4.0068
83,321,FALSE,34.01188,4.02607
83,322,FALSE,18.08058,5.02803
83,323,FALSE,17.00173,2.09529
83,324,FALSE,23.0034,2.08751
83,325,FALSE,25.13158,4.1431
83,326,FALSE,18.0872,3.04233
83,328,FALSE,25.12689,5.0912
83,329,FALSE,31.10779,20.02706
83,330,FALSE,28.10314,6.03252
83,331,FALSE,20.12326,5.03525
83,332,FALSE,30.13975,5.02819
83,333,FALSE,30.03644,33.03224
83,334,FALSE,6.11857,6.05124
83,335,FALSE,30.13944,5.07822
83,336,FALSE,30.09438,5.079
83,337,FALSE,25.13811,6.00425
83,339,FALSE,28.14071,5.13313
83,340,TRUE,1.10545,1
83,341,TRUE,25.14359,1
83,342,FALSE,5.04745,36.08413
83,343,TRUE,1,1
83,346,FALSE,27.05028,6.06256
83,347,FALSE,33.07026,6.10192
83,348,FALSE,27.06584,6.03858
83,349,FALSE,25.07112,1.08578
83,350,FALSE,29.03611,6.14425
83,351,FALSE,25.03655,6.1473
83,352,FALSE,34.08062,6.12513
83,353,FALSE,37.07647,34.04193
83,354,FALSE,34.07191,34.08994
83,355,FALSE,23.10094,4.08455
83,357,FALSE,29.13123,5.09967
83,358,FALSE,28.09923,6.06703
83,359,FALSE,32.02026,6.02445
83,361,FALSE,25.08213,6.07368
83,363,FALSE,35.0484,35.06736
83,364,FALSE,35.06713,35.07288
83,365,FALSE,23.13104,3.10933
83,366,FALSE,5.11602,5.09602
83,367,FALSE,35.02309,35.06284
83,370,FALSE,28.05173,6.08532
83,371,FALSE,33.03421,6.13774
83,372,FALSE,33.09749,6.1407
83,373,FALSE,6.08866,6.07792
83,374,FALSE,37.08585,1.00361
83,375,FALSE,4.03983,5.09904
83,376,FALSE,5.05351,6.1115
83,377,FALSE,2.0446,6.12764
83,378,FALSE,28.0802,33.05995
83,379,FALSE,5.12045,28.1018
83,380,FALSE,33.10403,34.10807
83,381,FALSE,5.09279,6.01076
83,383,FALSE,30.13084,5.08489
83,384,FALSE,28.13897,6.06468
83,385,FALSE,30.00911,2.03016
83,386,FALSE,27.01829,1.08308
83,387,FALSE,34.07629,1.07098
83,388,FALSE,5.04083,3.02125
83,389,FALSE,7.13994,2.05751
83,390,FALSE,27.01332,3.05482
83,391,FALSE,23.11879,2.00559
83,394,FALSE,30.0664,5.06859
83,395,FALSE,2.12245,35.0315
83,396,FALSE,3.03827,35.13566
83,397,FALSE,4.09332,35.03678
83,398,FALSE,33.09499,35.04051
83,403,FALSE,19.06233,6.11978
83,404,FALSE,34.09492,35.09108
83,405,FALSE,5.03602,35.14011
83,406,FALSE,1,4.04547
83,407,FALSE,28.0551,29.07061
83,408,TRUE,4.07819,1
83,412,FALSE,34.1334,10.08641
83,413,FALSE,25.09173,20.06006
83,414,FALSE,31.124,10.07117
83,415,FALSE,28.01559,30.13264
83,416,FALSE,20.095,33.00901
83,417,FALSE,28.04176,6.1313
83,418,FALSE,35.0671,35.09116
83,419,FALSE,33.08519,33.11043
83,420,FALSE,33.03855,33.14134
83,421,FALSE,33.06539,33.10008
83,422,FALSE,30.10503,6.10617
83,423,FALSE,23.07261,6.08787
83,425,FALSE,37.04712,5.01803
83,426,FALSE,33.13242,6.06534
83,427,FALSE,6.12533,6.0746
83,428,FALSE,33.13617,33.09512
83,429,FALSE,28.04797,33.0975
84,1,FALSE,23.13518,6.06339
84,3,FALSE,4.07365,4.12539
84,5,FALSE,37.08244,6.02796
84,6,FALSE,33.10888,5.11573
84,7,FALSE,1,4.00063
84,9,FALSE,5.11606,5.02256
84,10,FALSE,4.13604,5.13012
84,11,FALSE,1,6.077
84,13,FALSE,6.10368,6.10029
84,17,FALSE,29.11548,6.01685
84,18,FALSE,6.04116,6.0435
84,19,TRUE,33.09175,1
84,21,FALSE,18.04539,6.03664
84,22,FALSE,6.11093,6.0847
84,25,FALSE,19.07366,6.00716
84,29,FALSE,5.11589,2.01951
84,30,FALSE,6.14545,6.08267
84,69,FALSE,24.02177,2.0368
84,70,FALSE,23.07409,28.08855
84,71,FALSE,28.14475,6.04259
84,72,FALSE,33.06837,33.06958
84,73,FALSE,28.05335,28.03538
84,74,FALSE,33.0346,33.03668
84,75,FALSE,33.13735,34.08964
84,76,FALSE,28.12536,6.10491
84,77,FALSE,6.12721,18.11583
84,78,FALSE,29.06568,6.02251
84,79,FALSE,6.102,6.10299
84,82,FALSE,29.12084,6.09485
84,83,FALSE,18.11616,3.05835
84,84,FALSE,1,33.06104
84,85,TRUE,2.09044,1
84,86,TRUE,29.01081,1
84,91,FALSE,5.12371,5.05248
84,92,FALSE,28.12293,6.06824
84,93,FALSE,23.00533,6.11685
84,95,FALSE,5.06895,4.11872
84,98,FALSE,30.05543,5.14624
84,99,FALSE,34.12674,22.09045
84,100,FALSE,35.00717,6.06265
84,101,FALSE,23.08223,3.04553
84,103,FALSE,25.08454,6.10156
84,104,FALSE,30.1317,6.02429
84,106,FALSE,28.04091,3.06007
84,107,FALSE,26.13664,4.02076
84,109,FALSE,34.06808,6.13046
84,110,FALSE,28.11637,6.07339
84,111,FALSE,33.06295,3.08997
84,112,FALSE,22.08493,3.09099
84,113,FALSE,28.08022,5.07536
84,114,FALSE,5.04642,2.05635
84,115,FALSE,5.11635,6.03425
84,116,FALSE,28.08126,3.0506
84,117,FALSE,5.11169,4.09538
84,118,FALSE,18.10147,2.05204
84,120,FALSE,34.04508,2.12111
84,121,FALSE,5.08558,2.1448
84,122,FALSE,5.13492,1.10764
84,123,FALSE,6.07675,2.00447
84,124,FALSE,37.13477,2.06684
84,125,FALSE,34.02111,35.09585
84,126,FALSE,30.12541,35.05446
84,127,FALSE,24.0581,6.14072
84,128,FALSE,30.08888,6.00177
84,129,FALSE,30.12205,6.01571
84,130,FALSE,35.0991,35.12513
84,131,FALSE,5.01686,4.08112
84,133,FALSE,5.11876,3.09445
84,134,FALSE,5.00109,4.01566
84,135,FALSE,4.05865,6.01937
84,136,FALSE,4.06201,4.05594
84,137,FALSE,5.11443,4.11366
84,139,FALSE,5.04414,5.06608
84,140,FALSE,3.07141,4.00312
84,141,FALSE,2.01873,6.02483
84,142,FALSE,3.07635,3.06064
84,143,FALSE,5.05709,1.03587
84,144,FALSE,31.12587,4.07208
84,145,TRUE,30.09289,1
84,146,TRUE,1,1
84,147,FALSE,1,2.06305
84,148,TRUE,1,1
84,149,TRUE,18.02297,1
84,150,FALSE,1,35.13793
84,151,TRUE,1.10731,1
84,153,FALSE,6.09726,6.11188
84,154,FALSE,23.0464,6.02974
84,155,FALSE,23.09179,4.09225
84,156,FALSE,28.10043,5.10105
84,157,FALSE,5.13699,1.12138
84,158,FALSE,18.1019,4.07087
84,159,FALSE,23.04636,3.00406
84,160,FALSE,23.11513,4.0379
84,161,FALSE,18.11135,4.08512
84,162,FALSE,29.08949,34.05816
84,164,FALSE,37.03512,5.06748
84,165,FALSE,6.06498,35.14401
84,166,FALSE,30.03286,35.09694
84,167,FALSE,5.10938,6.0856
84,168,FALSE,1,35.04502
84,169,FALSE,30.02154,35.01152
84,173,FALSE,29.0425,6.01782
84,175,FALSE,3.1051,3.12463
84,176,FALSE,5.10738,5.00901
84,177,FALSE,30.10096,6.09837
84,178,FALSE,35.03339,34.00158
84,179,FALSE,34.10741,6.14292
84,180,FALSE,28.04754,28.14695
84,181,FALSE,35.06916,33.10087
84,182,FALSE,25.10877,6.12698
84,183,FALSE,35.06261,6.09663
84,184,FALSE,37.08841,6.10775
84,185,FALSE,28.11854,6.13659
84,186,FALSE,37.09868,6.02434
84,188,FALSE,37.03327,1.03144
84,189,FALSE,34.09493,34.09675
84,190,FALSE,23.02544,6.0678
84,191,FALSE,30.09742,6.01347
84,192,FALSE,25.10382,6.12338
84,193,FALSE,35.08165,36.00536
84,194,FALSE,25.05536,6.08007
84,195,FALSE,28.11412,6.04964
84,197,FALSE,30.04788,1.09284
84,198,FALSE,25.12154,6.08072
84,199,FALSE,30.02461,6.13781
84,200,FALSE,6.07565,6.10419
84,201,FALSE,5.12398,6.10509
84,202,FALSE,37.03516,37.04845
84,203,FALSE,30.1249,30.01314
84,204,FALSE,30.13162,4.06101
84,206,FALSE,30.02182,2.007
84,207,FALSE,28.00747,6.0489
84,208,FALSE,5.12264,5.09707
84,209,FALSE,28.04967,28.1209
84,210,FALSE,28.05833,28.12978
84,211,FALSE,28.12616,33.1288
84,212,FALSE,4.10221,5.01045
84,213,FALSE,13.1439,5.13515
84,216,FALSE,28.12091,6.0851
84,217,FALSE,29.10879,6.12832
84,218,FALSE,30.11425,6.05661
84,219,FALSE,25.02367,6.14135
84,222,FALSE,28.1163,5.11041
84,225,FALSE,33.05084,33.12494
84,226,FALSE,35.11267,6.07151
84,227,FALSE,37.07397,34.08379
84,229,FALSE,33.13879,33.0989
84,230,FALSE,33.07264,33.00436
84,233,FALSE,30.14734,6.00111
84,234,FALSE,30.13976,33.02978
84,235,FALSE,30.04343,33.00799
84,236,FALSE,4.06973,4.08
84,237,FALSE,5.13409,6.06394
84,242,FALSE,24.05918,4.08118
84,243,FALSE,6.0532,6.1179
84,251,FALSE,34.04051,34.04342
84,252,FALSE,28.089,6.08883
84,253,FALSE,30.10225,4.09283
84,254,FALSE,4.12905,1.02166
84,255,FALSE,13.06418,3.13207
84,256,FALSE,30.1191,2.09759
84,257,FALSE,20.08966,4.10116
84,258,FALSE,18.03575,5.03054
84,259,FALSE,5.02819,33.12361
84,260,FALSE,5.10166,5.08179
84,262,FALSE,36.11808,1.05292
84,263,FALSE,6.01898,3.14053
84,264,FALSE,29.14082,6.06549
84,265,FALSE,6.08415,5.1384
84,270,FALSE,6.01417,33.09033
84,271,FALSE,28.04715,6.04365
84,272,FALSE,5.12374,6.02751
84,273,FALSE,5.1309,6.08149
84,274,FALSE,5.14038,6.0452
84,275,FALSE,6.12718,33.09648
84,280,FALSE,5.07619,3.09656
84,289,FALSE,28.00753,5.12828
84,290,FALSE,6.12508,6.13253
84,291,FALSE,6.12267,6.14607
84,292,FALSE,6.12742,5.12268
84,293,FALSE,30.10161,15.11838
84,294,FALSE,30.0057,10.02997
84,295,FALSE,36.0575,25.02926
84,296,FALSE,4.11878,20.10241
84,297,FALSE,35.12069,6.08358
84,298,FALSE,33.04937,1.0182
84,299,FALSE,34.04877,6.03947
84,300,FALSE,33.11488,6.13657
84,301,FALSE,33.10159,4.13214
84,302,FALSE,35.10409,5.01509
84,303,FALSE,33.11035,5.0975
84,308,FALSE,31.01103,5.03377
84,317,FALSE,22.0421,4.01919
84,318,FALSE,36.09602,5.07243
84,319,FALSE,30.11812,5.14076
84,320,FALSE,27.07822,4.12877
84,321,FALSE,34.04658,3.11251
84,322,FALSE,18.0941,5.09422
84,323,FALSE,17.10612,2.12075
84,324,FALSE,23.11791,2.13668
84,325,FALSE,25.07545,4.11526
84,326,FALSE,18.009,4.00141
84,328,FALSE,25.13426,5.05786
84,329,FALSE,31.01522,6.11223
84,330,FALSE,30.12884,6.02085
84,331,FALSE,20.06499,5.02155
84,332,FALSE,30.10579,6.06337
84,333,FALSE,30.06454,33.03678
84,334,FALSE,6.08086,6.04454
84,335,FALSE,30.00838,5.03768
84,336,FALSE,30.1416,5.10915
84,337,FALSE,25.11374,6.0666
84,339,FALSE,28.00298,5.08232
84,340,TRUE,1.05844,1
84,341,TRUE,25.05082,1
84,342,FALSE,5.1388,36.07315
84,343,TRUE,1,1
84,346,FALSE,27.01477,6.02125
84,347,FALSE,33.07945,6.08897
84,348,FALSE,27.0619,6.04825
84,349,FALSE,25.11383,2.03943
84,350,FALSE,29.0522,28.03482
84,351,FALSE,25.06458,6.11626
84,352,FALSE,34.07485,6.12891
84,353,FALSE,37.05903,34.0878
84,354,FALSE,34.02793,34.03915
84,355,FALSE,23.01295,5.00644
84,357,FALSE,29.12556,5.10772
84,358,FALSE,28.08762,6.09395
84,359,FALSE,32.12866,6.01846
84,361,FALSE,25.11319,6.05587
84,363,FALSE,35.11611,35.11678
84,364,FALSE,35.07912,35.13816
84,365,FALSE,23.02802,3.00961
84,366,FALSE,5.08496,5.08891
84,367,FALSE,35.00205,35.00905
84,370,FALSE,28.02348,6.09329
84,371,FALSE,33.14571,6.12001
84,372,FALSE,33.06175,6.14566
84,373,FALSE,6.06596,6.05046
84,374,FALSE,37.01151,1.05852
84,375,FALSE,23.08703,5.08463
84,376,FALSE,5.10762,6.1026
84,377,FALSE,1,2.1393
84,378,FALSE,28.08051,33.09588
84,379,FALSE,5.07965,28.10796
84,380,FALSE,33.09671,34.06512
84,381,FALSE,5.08405,6.06811
84,383,FALSE,28.10101,5.08767
84,384,FALSE,28.02378,6.13971
84,385,FALSE,30.11902,2.01049
84,386,FALSE,27.01212,1.1421
84,387,FALSE,34.03746,2.01933
84,388,FALSE,5.01162,3.02563
84,389,FALSE,7.07462,2.00739
84,390,FALSE,27.03226,3.05541
84,391,FALSE,23.00084,5.03571
84,394,FALSE,30.01613,5.0959
84,395,FALSE,2.07736,35.12236
84,396,FALSE,3.11044,35.095
84,397,FALSE,4.03921,35.08349
84,398,FALSE,33.00024,35.05881
84,403,FALSE,19.09162,6.06839
84,404,FALSE,34.01387,35.06697
84,405,FALSE,5.03401,35.04815
84,406,FALSE,4.06558,6.04038
84,407,FALSE,28.11389,29.00241
84,408,TRUE,4.13705,1
84,412,FALSE,34.04323,10.01456
84,413,FALSE,15.06853,20.08252
84,414,FALSE,31.05089,10.08617
84,415,FALSE,28.1308,30.00343
84,416,FALSE,20.06687,33.09027
84,417,FALSE,28.0565,6.13129
84,418,FALSE,35.00307,35.04789
84,419,FALSE,33.03851,33.12162
84,420,FALSE,33.01526,33.13171
84,421,FALSE,33.02361,33.10988
84,422,FALSE,28.05095,30.14512
84,423,FALSE,23.12299,6.14055
84,425,FALSE,37.05197,5.0419
84,426,FALSE,33.14709,6.05943
84,427,FALSE,6.13783,6.10865
84,428,FALSE,33.0658,33.09827
84,429,FALSE,28.00671,33.11646
85,1,FALSE,23.12839,6.06709
85,3,FALSE,4.01272,4.13937
85,5,FALSE,37.0511,6.02143
85,6,FALSE,33.10082,5.03853
85,7,FALSE,1,4.04113
85,9,FALSE,5.135,5.00624
85,10,FALSE,4.13201,4.05572
85,11,FALSE,1,6.06084
85,13,FALSE,6.097,6.08122
85,17,FALSE,28.13431,6.04192
85,18,FALSE,6.02696,6.04377
85,19,TRUE,33.14593,1
85,21,FALSE,18.10517,6.05081
85,22,FALSE,6.14671,6.11247
85,25,FALSE,19.14314,6.01783
85,29,FALSE,5.09817,2.12244
85,30,FALSE,6.12887,6.0237
85,69,FALSE,24.10852,2.13399
85,70,FALSE,23.08048,28.09729
85,71,FALSE,28.13828,6.05683
85,72,FALSE,33.02124,33.02363
85,73,FALSE,28.10777,28.12127
85,74,FALSE,37.06844,33.04642
85,75,FALSE,33.13926,34.13883
85,76,FALSE,28.0028,6.14056
85,77,FALSE,6.12836,18.12269
85,78,FALSE,23.0529,6.04297
85,79,FALSE,6.10445,6.1148
85,82,FALSE,29.12459,3.11233
85,83,FALSE,18.09679,3.08243
85,84,FALSE,1,33.1415
85,85,TRUE,2.08336,1
85,86,TRUE,29.0794,1
85,91,FALSE,5.12576,5.05918
85,92,FALSE,6.05972,6.08905
85,93,FALSE,23.04816,6.11466
85,95,FALSE,5.07902,4.03101
85,98,FALSE,30.05724,5.12342
85,99,FALSE,34.06377,22.05255
85,100,FALSE,35.00283,6.08991
85,101,FALSE,23.13557,3.09976
85,103,FALSE,25.10164,6.09713
85,104,FALSE,30.03326,6.03277
85,106,FALSE,28.0212,3.00098
85,107,FALSE,26.08322,4.00804
85,109,FALSE,34.0613,6.1284
85,110,FALSE,28.02748,6.05732
85,111,FALSE,33.07226,3.14461
85,112,FALSE,22.1041,4.08728
85,113,FALSE,28.08271,5.08088
85,114,FALSE,5.12995,2.01751
85,115,FALSE,5.09427,6.02955
85,116,FALSE,28.03,3.01624
85,117,FALSE,5.10309,4.00771
85,118,FALSE,18.10729,2.13354
85,120,FALSE,34.07762,2.00424
85,121,FALSE,5.13866,2.07078
85,122,FALSE,5.13475,1.08282
85,123,FALSE,6.04852,2.02871
85,124,FALSE,37.14548,5.0011
85,125,FALSE,34.00953,35.03579
85,126,FALSE,30.02444,35.00758
85,127,FALSE,24.13519,6.13385
85,128,FALSE,30.06132,6.03324
85,129,FALSE,30.06976,6.06266
85,130,FALSE,35.12242,35.123
85,131,FALSE,5.03316,4.12463
85,133,FALSE,5.13512,3.14184
85,134,FALSE,5.12088,4.02899
85,135,FALSE,4.07537,6.01414
85,136,FALSE,4.11996,4.09749
85,137,FALSE,5.11299,4.13923
85,139,FALSE,5.02859,5.12399
85,140,FALSE,3.12334,4.06365
85,141,FALSE,2.0743,6.13273
85,142,FALSE,3.06942,3.10742
85,143,FALSE,5.01191,1.00097
85,144,FALSE,5.09668,4.07736
85,145,FALSE,1,30.05228
85,146,TRUE,1,1
85,147,FALSE,1,2.04791
85,148,TRUE,1,1
85,149,TRUE,18.06314,1
85,150,FALSE,1,35.03053
85,151,TRUE,1.01691,1
85,153,FALSE,6.13152,6.13295
85,154,FALSE,28.13785,6.03965
85,155,FALSE,23.03394,4.01933
85,156,FALSE,5.10469,6.07169
85,157,FALSE,5.12419,1.02908
85,158,FALSE,18.12935,4.12689
85,159,FALSE,23.13002,1.01069
85,160,FALSE,23.04224,4.13613
85,161,FALSE,18.08171,4.08859
85,162,FALSE,29.10708,34.02938
85,164,FALSE,37.08161,5.08981
85,165,FALSE,6.06622,35.04041
85,166,FALSE,30.1308,35.10079
85,167,FALSE,5.05096,6.03598
85,168,FALSE,1,35.02394
85,169,FALSE,30.06694,35.00469
85,173,FALSE,29.13372,6.01345
85,175,FALSE,3.14684,3.08568
85,176,FALSE,5.13888,5.11456
85,177,FALSE,30.05846,6.07347
85,178,FALSE,35.02208,34.02428
85,179,FALSE,34.12553,6.11879
85,180,FALSE,28.0849,28.07993
85,181,FALSE,35.03885,33.08692
85,182,FALSE,10.00106,6.14077
85,183,FALSE,35.13494,6.08804
85,184,FALSE,37.0346,6.08846
85,185,FALSE,28.00601,6.13082
85,186,FALSE,37.13275,6.07851
85,188,FALSE,30.14403,1.03123
85,189,FALSE,34.07992,34.12947
85,190,FALSE,23.06071,6.14398
85,191,FALSE,30.02347,6.06631
85,192,FALSE,25.06073,6.13463
85,193,FALSE,35.05264,36.03984
85,194,FALSE,25.00408,6.10903
85,195,FALSE,28.0503,6.01376
85,197,FALSE,30.07375,2.13701
85,198,FALSE,25.03771,6.08571
85,199,FALSE,30.0811,23.14011
85,200,FALSE,6.03498,6.04007
85,201,FALSE,5.09892,6.11144
85,202,FALSE,37.06772,37.06829
85,203,FALSE,30.09943,30.05128
85,204,FALSE,30.1265,4.06161
85,206,FALSE,30.06766,2.10629
85,207,FALSE,28.11807,6.05408
85,208,FALSE,5.14734,5.03184
85,209,FALSE,28.0013,28.10891
85,210,FALSE,28.11839,28.04663
85,211,FALSE,28.08659,33.01221
85,212,FALSE,5.04611,4.14211
85,213,FALSE,13.07426,5.14175
85,216,FALSE,28.0858,6.09906
85,217,FALSE,29.02356,6.13261
85,218,FALSE,30.10061,6.08987
85,219,FALSE,25.11714,6.11238
85,222,FALSE,28.02847,5.14003
85,225,FALSE,33.12251,33.13633
85,226,FALSE,35.12984,6.0959
85,227,FALSE,37.14355,34.00979
85,229,FALSE,33.09574,33.08537
85,230,FALSE,33.06517,33.07118
85,233,FALSE,30.13928,6.01476
85,234,FALSE,30.09956,33.0137
85,235,FALSE,30.05524,33.0023
85,236,FALSE,4.06898,4.14537
85,237,FALSE,5.09664,6.11115
85,242,FALSE,24.07388,4.14084
85,243,FALSE,6.02305,6.1216
85,251,FALSE,34.06522,34.0664
85,252,FALSE,28.02452,6.11083
85,253,FALSE,30.11091,4.04259
85,254,FALSE,4.10598,1.0797
85,255,FALSE,13.12691,3.04817
85,256,FALSE,30.06425,2.00456
85,257,FALSE,20.08028,4.00742
85,258,FALSE,18.00442,5.03229
85,259,FALSE,5.00067,33.06903
85,260,FALSE,5.04832,5.06114
85,262,FALSE,36.10587,1.05403
85,263,FALSE,6.04561,3.08733
85,264,FALSE,29.09206,6.10723
85,265,FALSE,6.0306,5.13387
85,270,FALSE,6.11001,33.08127
85,271,FALSE,28.04895,6.1405
85,272,FALSE,5.1337,6.0056
85,273,FALSE,5.11527,6.11146
85,274,FALSE,5.06105,6.01764
85,275,FALSE,6.1436,33.06906
85,280,FALSE,5.05607,3.10212
85,289,FALSE,28.04559,5.11351
85,290,FALSE,6.12814,6.11343
85,291,FALSE,6.13564,6.14541
85,292,FALSE,6.10881,5.14662
85,293,FALSE,30.10812,16.05912
85,294,FALSE,10.01667,10.0451
85,295,FALSE,36.14196,25.02767
85,296,FALSE,4.11318,20.05765
85,297,FALSE,35.13331,6.00495
85,298,FALSE,33.12969,2.08395
85,299,FALSE,34.0874,6.06226
85,300,FALSE,33.07632,6.06915
85,301,FALSE,33.01092,4.05786
85,302,FALSE,35.14078,5.07727
85,303,FALSE,33.08812,33.10706
85,308,FALSE,31.11567,5.03752
85,317,FALSE,22.11735,3.13652
85,318,FALSE,36.07265,5.143
85,319,FALSE,30.05805,5.12773
85,320,FALSE,27.09786,4.08527
85,321,FALSE,34.05174,3.04132
85,322,FALSE,18.06757,5.09947
85,323,FALSE,17.08958,2.03785
85,324,FALSE,23.11891,2.0293
85,325,FALSE,25.09482,2.09201
85,326,FALSE,18.13656,3.09039
85,328,FALSE,25.05809,5.02703
85,329,FALSE,31.06097,6.1441
85,330,FALSE,30.0238,6.10136
85,331,FALSE,20.06169,5.03248
85,332,FALSE,30.03254,6.0173
85,333,FALSE,30.06305,33.00183
85,334,FALSE,6.05498,6.07761
85,335,FALSE,30.14325,5.08072
85,336,FALSE,30.12105,5.01061
85,337,FALSE,25.12579,6.08413
85,339,FALSE,28.02141,5.01325
85,340,TRUE,1.13059,1
85,341,TRUE,25.13069,1
85,342,FALSE,5.04939,36.07604
85,343,TRUE,1,1
85,346,FALSE,27.08852,6.01625
85,347,FALSE,33.07444,6.0921
85,348,FALSE,27.00361,6.05053
85,349,FALSE,25.00341,2.06447
85,350,FALSE,29.12807,28.13581
85,351,FALSE,25.08143,6.13664
85,352,FALSE,34.06037,6.10149
85,353,FALSE,37.05492,34.0963
85,354,FALSE,34.03055,34.1299
85,355,FALSE,23.11406,4.02884
85,357,FALSE,29.06032,5.08614
85,358,FALSE,28.03044,6.04029
85,359,FALSE,32.01187,6.0241
85,361,FALSE,25.07111,6.08131
85,363,FALSE,35.1159,35.11991
85,364,FALSE,35.09035,35.10059
85,365,FALSE,23.09798,3.08842
85,366,FALSE,5.1222,5.12471
85,367,FALSE,35.00857,35.02155
85,370,FALSE,28.12866,6.08927
85,371,FALSE,33.00008,6.13897
85,372,FALSE,33.05246,6.14613
85,373,FALSE,6.0846,6.00839
85,374,FALSE,37.02749,1.1112
85,375,FALSE,23.13906,5.05749
85,376,FALSE,5.05665,6.1093
85,377,FALSE,2.01442,6.06623
85,378,FALSE,28.14737,33.08328
85,379,FALSE,5.08313,28.12908
85,380,FALSE,33.07293,34.0505
85,381,FALSE,5.05627,6.10613
85,383,FALSE,30.12384,5.12067
85,384,FALSE,28.06134,6.04676
85,385,FALSE,25.03188,2.1033
85,386,FALSE,27.02002,4.04701
85,387,FALSE,34.14736,2.03379
85,388,FALSE,5.14606,3.03758
85,389,FALSE,7.14058,2.04488
85,390,FALSE,27.10462,3.04452
85,391,FALSE,23.11494,2.04495
85,394,FALSE,30.05553,5.05801
85,395,FALSE,2.10933,35.02366
85,396,FALSE,3.02033,35.03868
85,397,FALSE,4.10476,35.06387
85,398,FALSE,33.04705,35.14368
85,403,FALSE,19.13807,6.05214
85,404,FALSE,34.14477,35.1107
85,405,FALSE,5.02497,35.12543
85,406,FALSE,4.04592,6.12026
85,407,FALSE,28.11904,29.11939
85,408,TRUE,4.12359,1
85,412,FALSE,34.09813,10.09009
85,413,FALSE,25.12519,20.06546
85,414,FALSE,31.00339,10.1203
85,415,FALSE,28.07225,30.03368
85,416,FALSE,20.0481,33.0232
85,417,FALSE,28.01578,6.13001
85,418,FALSE,35.10215,35.10976
85,419,FALSE,33.07953,33.14224
85,420,FALSE,33.01954,33.03021
85,421,FALSE,33.09155,33.09845
85,422,FALSE,30.09761,28.04472
85,423,FALSE,23.01047,6.07509
85,425,FALSE,37.07397,5.0816
85,426,FALSE,33.11916,6.0419
85,427,FALSE,6.13049,6.05999
85,428,FALSE,33.14597,33.05157
85,429,FALSE,28.01206,33.08559
86,1,FALSE,23.10633,6.06654
86,3,FALSE,4.10087,4.01542
86,5,FALSE,37.02507,6.01209
86,6,FALSE,33.033,5.11263
86,7,FALSE,1,4.02252
86,9,FALSE,5.07933,4.07007
86,10,FALSE,4.10791,4.07563
86,11,FALSE,1,6.04705
86,13,FALSE,6.06839,6.03822
86,17,FALSE,28.0648,6.04628
86,18,FALSE,6.01592,6.01065
86,19,TRUE,33.06905,1
86,21,FALSE,29.07274,6.05027
86,22,FALSE,6.11149,6.14211
86,25,FALSE,19.08383,6.02013
86,29,FALSE,5.14019,2.07359
86,30,FALSE,6.11845,6.09207
86,69,FALSE,24.1458,2.06517
86,70,FALSE,23.13121,28.1391
86,71,FALSE,28.10569,6.04071
86,72,FALSE,33.07163,33.12615
86,73,FALSE,28.04103,28.11246
86,74,FALSE,37.02502,33.04601
86,75,FALSE,33.1233,34.03257
86,76,FALSE,6.12042,6.12952
86,77,FALSE,6.14468,18.07013
86,78,FALSE,23.11618,6.0367
86,79,FALSE,6.10322,6.1174
86,82,FALSE,29.06244,3.00747
86,83,FALSE,18.01885,3.0067
86,84,FALSE,1,33.13245
86,85,FALSE,1,2.07153
86,86,TRUE,29.08832,1
86,91,FALSE,5.11471,5.11669
86,92,FALSE,6.06168,6.07827
86,93,FALSE,23.12083,6.11241
86,95,FALSE,5.07576,3.11995
86,98,FALSE,30.06961,4.12276
86,99,FALSE,34.10044,22.01103
86,100,FALSE,35.00695,6.09764
86,101,FALSE,23.14552,5.07088
86,103,FALSE,25.09593,6.14532
86,104,FALSE,30.09591,6.03837
86,106,FALSE,28.14633,3.00436
86,107,FALSE,26.081,4.00897
86,109,FALSE,34.07632,6.12382
86,110,FALSE,28.01531,6.09586
86,111,FALSE,33.11571,3.11065
86,112,FALSE,22.0449,4.05568
86,113,FALSE,28.10825,5.05889
86,114,FALSE,5.11656,2.01667
86,115,FALSE,5.05043,6.04081
86,116,FALSE,28.10007,3.07594
86,117,FALSE,5.14455,3.10063
86,118,FALSE,18.00543,2.00756
86,120,FALSE,34.07364,2.10619
86,121,FALSE,5.11054,3.02571
86,122,FALSE,5.14072,2.02202
86,123,FALSE,6.046,2.14437
86,124,FALSE,37.08854,2.04452
86,125,FALSE,34.14369,35.10127
86,126,FALSE,30.06195,35.04422
86,127,FALSE,24.06386,6.10865
86,128,FALSE,30.12258,6.01331
86,129,FALSE,30.02119,6.1196
86,130,FALSE,35.08257,35.08661
86,131,FALSE,5.05329,4.02358
86,133,FALSE,5.14375,3.01589
86,134,FALSE,5.06707,4.04811
86,135,FALSE,4.07191,2.03681
86,136,FALSE,4.13614,4.01075
86,137,FALSE,5.07578,4.12096
86,139,FALSE,5.09501,5.08099
86,140,FALSE,3.06841,4.10385
86,141,FALSE,2.12167,6.13059
86,142,FALSE,3.05264,3.08491
86,143,FALSE,5.03222,1.04224
86,144,FALSE,5.1194,4.14445
86,145,FALSE,1,30.07626
86,146,TRUE,1,1
86,147,FALSE,1,2.02766
86,148,TRUE,1,1
86,149,TRUE,18.05503,1
86,150,FALSE,1,35.0745
86,151,TRUE,1.05974,1
86,153,FALSE,6.07128,6.07845
86,154,FALSE,28.09329,6.03796
86,155,FALSE,23.12907,4.05115
86,156,FALSE,5.08914,6.0108
86,157,FALSE,5.11905,1.0479
86,158,FALSE,18.00519,4.08025
86,159,FALSE,23.07135,1.13983
86,160,FALSE,23.01453,4.08229
86,161,FALSE,18.01168,4.10683
86,162,FALSE,29.11504,34.03077
86,164,FALSE,37.06227,5.13625
86,165,FALSE,6.09134,35.09169
86,166,FALSE,30.11464,35.11155
86,167,FALSE,5.13697,6.08274
86,168,FALSE,1,35.1019
86,169,FALSE,30.01559,35.04353
86,173,FALSE,29.11826,6.00844
86,175,FALSE,3.07727,3.11357
86,176,FALSE,5.0189,5.0563
86,177,FALSE,30.10158,6.08771
86,178,FALSE,35.0775,34.00008
86,179,FALSE,34.14133,6.1466
86,180,FALSE,28.11812,28.11401
86,181,FALSE,35.00338,33.04265
86,182,FALSE,10.01024,6.13112
86,183,FALSE,35.12349,6.06138
86,184,FALSE,37.12817,6.07157
86,185,FALSE,28.12596,6.14481
86,186,FALSE,37.10026,6.05959
86,188,FALSE,37.13475,1.05504
86,189,FALSE,34.03986,34.14642
86,190,FALSE,23.07488,6.11295
86,191,FALSE,30.14396,6.08244
86,192,FALSE,25.12697,6.06897
86,193,FALSE,35.10301,36.14395
86,194,FALSE,25.0953,6.03571
86,195,FALSE,28.02527,6.04862
86,197,FALSE,29.00193,2.02294
86,198,FALSE,25.09903,6.00151
86,199,FALSE,29.11945,23.09699
86,200,FALSE,6.09753,6.14505
86,201,FALSE,5.11897,6.11493
86,202,FALSE,37.13964,37.04971
86,203,FALSE,30.08719,30.14564
86,204,FALSE,30.00999,4.05207
86,206,FALSE,30.06881,2.07448
86,207,FALSE,28.14085,6.08359
86,208,FALSE,5.14693,5.0021
86,209,FALSE,28.05779,28.13019
86,210,FALSE,28.0574,28.05143
86,211,FALSE,28.10084,33.00479
86,212,FALSE,5.05652,4.13273
86,213,FALSE,13.13212,5.13986
86,216,FALSE,28.12999,6.09689
86,217,FALSE,29.1131,6.14064
86,218,FALSE,30.12859,6.10526
86,219,FALSE,25.02342,6.13127
86,222,FALSE,28.13767,5.13812
86,225,FALSE,33.02971,33.05888
86,226,FALSE,35.02274,6.10299
86,227,FALSE,37.10667,34.07474
86,229,FALSE,33.10261,33.08204
86,230,FALSE,33.09108,33.01427
86,233,FALSE,30.06916,6.01598
86,234,FALSE,30.11515,33.04824
86,235,FALSE,30.06618,33.02912
86,236,FALSE,4.10741,4.13642
86,237,FALSE,5.07825,6.02026
86,242,FALSE,24.06214,4.07545
86,243,FALSE,6.08453,6.08978
86,251,FALSE,34.09014,34.11889
86,252,FALSE,28.09273,6.08747
86,253,FALSE,30.05542,4.05705
86,254,FALSE,4.04282,1.00196
86,255,FALSE,13.07757,3.03831
86,256,FALSE,30.09781,2.02412
86,257,FALSE,20.03585,4.07972
86,258,FALSE,18.08931,5.02891
86,259,FALSE,5.03071,33.04238
86,260,FALSE,5.08989,5.01293
86,262,FALSE,36.0202,1.02905
86,263,FALSE,6.056,3.07072
86,264,FALSE,29.0675,6.04318
86,265,FALSE,6.06385,5.1079
86,270,FALSE,6.00244,33.05156
86,271,FALSE,28.09221,6.08789
86,272,FALSE,5.11751,6.0747
86,273,FALSE,5.13379,6.01221
86,274,FALSE,5.14713,6.01845
86,275,FALSE,6.1271,33.01194
86,280,FALSE,5.13781,3.13486
86,289,FALSE,29.07464,5.11166
86,290,FALSE,6.13203,6.09204
86,291,FALSE,6.13661,6.1472
86,292,FALSE,6.059,5.06033
86,293,FALSE,31.08564,15.01309
86,294,FALSE,30.12545,10.01485
86,295,FALSE,36.0626,25.06086
86,296,FALSE,4.11415,20.02535
86,297,FALSE,35.0961,6.04001
86,298,FALSE,33.02583,2.12787
86,299,FALSE,34.06453,6.02557
86,300,FALSE,33.0759,6.06716
86,301,FALSE,33.1176,4.13429
86,302,FALSE,35.03414,5.13257
86,303,FALSE,33.14462,5.1455
86,308,FALSE,31.04153,5.02708
86,317,FALSE,22.10072,4.01831
86,318,FALSE,36.07167,6.02857
86,319,FALSE,30.05411,5.14103
86,320,FALSE,27.1189,4.09384
86,321,FALSE,34.0901,4.10108
86,322,FALSE,18.03001,5.0474
86,323,FALSE,17.11659,2.0545
86,324,FALSE,23.11346,2.0205
86,325,FALSE,25.02786,2.14248
86,326,FALSE,28.03945,3.01746
86,328,FALSE,25.10848,5.12909
86,329,FALSE,31.11977,6.13824
86,330,FALSE,30.14313,6.08149
86,331,FALSE,20.01622,5.08847
86,332,FALSE,30.04655,5.129
86,333,FALSE,30.0343,33.06357
86,334,FALSE,6.03219,6.07543
86,335,FALSE,30.01064,5.11382
86,336,FALSE,30.04417,5.11017
86,337,FALSE,25.11727,6.01172
86,339,FALSE,28.0175,5.13496
86,340,TRUE,1.12048,1
86,341,TRUE,25.12711,1
86,342,FALSE,5.05365,36.06705
86,343,TRUE,1,1
86,346,FALSE,27.12318,6.07048
86,347,FALSE,33.09026,6.12269
86,348,FALSE,27.01348,6.03358
86,349,FALSE,25.03431,2.01815
86,350,FALSE,29.0894,6.14594
86,351,FALSE,25.0558,6.14315
86,352,FALSE,34.01802,6.04327
86,353,FALSE,37.06553,34.05582
86,354,FALSE,34.04484,34.09846
86,355,FALSE,23.09987,5.05529
86,357,FALSE,29.02945,5.10285
86,358,FALSE,28.11984,6.01901
86,359,FALSE,32.07407,6.06108
86,361,FALSE,25.13283,6.04415
86,363,FALSE,35.05006,35.05089
86,364,FALSE,35.03235,35.10658
86,365,FALSE,23.11807,3.08916
86,366,FALSE,5.08793,5.10329
86,367,FALSE,35.00841,35.0157
86,370,FALSE,28.09471,6.08331
86,371,FALSE,33.10222,6.14029
86,372,FALSE,33.03573,6.14628
86,373,FALSE,6.0539,6.04099
86,374,FALSE,37.0662,1.09625
86,375,FALSE,4.13296,5.072
86,376,FALSE,5.09476,6.01759
86,377,FALSE,1,2.06633
86,378,FALSE,28.08247,33.08326
86,379,FALSE,5.09062,28.09539
86,380,FALSE,33.00993,34.13048
86,381,FALSE,5.10511,6.00837
86,383,FALSE,30.01326,5.07768
86,384,FALSE,28.01395,6.03205
86,385,FALSE,30.01522,2.00265
86,386,FALSE,27.08107,1.02195
86,387,FALSE,34.04218,1.12951
86,388,FALSE,5.01401,2.08752
86,389,FALSE,7.10696,2.04261
86,390,FALSE,27.12927,3.11035
86,391,FALSE,23.06532,2.05673
86,394,FALSE,30.01265,5.12086
86,395,FALSE,2.00733,35.0179
86,396,FALSE,3.0811,35.14319
86,397,FALSE,4.02944,35.01356
86,398,FALSE,33.02755,35.12553
86,403,FALSE,19.07416,6.03806
86,404,FALSE,34.05511,35.13424
86,405,FALSE,5.03773,35.13665
86,406,FALSE,4.13324,6.09063
86,407,FALSE,28.03167,29.0948
86,408,TRUE,4.10644,1
86,412,FALSE,34.03644,10.1239
86,413,FALSE,25.08823,20.00969
86,414,FALSE,31.03451,10.1377
86,415,FALSE,28.13188,30.12115
86,416,FALSE,20.13817,33.04702
86,417,FALSE,28.13532,6.12593
86,418,FALSE,35.0178,35.04433
86,419,FALSE,33.01994,33.07299
86,420,FALSE,33.00775,33.10504
86,421,FALSE,33.01305,33.03162
86,422,FALSE,28.14269,30.07907
86,423,FALSE,23.03066,6.0832
86,425,FALSE,5.06141,5.00179
86,426,FALSE,33.09091,6.05544
86,427,FALSE,6.12566,6.09469
86,428,FALSE,33.03928,33.05579
86,429,FALSE,28.07536,33.12759
87,1,FALSE,23.07571,6.05018
87,3,FALSE,4.03958,4.05048
87,5,FALSE,37.00222,6.02079
87,6,FALSE,33.07256,5.10739
87,7,FALSE,1,4.03343
87,9,FALSE,5.09943,5.00704
87,10,FALSE,5.06334,4.13581
87,11,FALSE,1,6.13278
87,13,FALSE,6.12186,6.124
87,17,FALSE,29.11142,6.0262
87,18,FALSE,6.00398,6.00695
87,19,TRUE,33.00606,1
87,21,FALSE,29.14664,6.06498
87,22,FALSE,6.13622,6.13056
87,25,FALSE,19.10276,6.00526
87,29,FALSE,5.14553,2.00519
87,30,FALSE,6.14454,6.0793
87,69,FALSE,24.13553,2.00354
87,70,FALSE,23.08047,28.09136
87,71,FALSE,28.12861,6.07056
87,72,FALSE,33.02684,33.03662
87,73,FALSE,28.05251,28.12258
87,74,FALSE,37.08013,33.01617
87,75,FALSE,33.14175,34.01453
87,76,FALSE,28.06076,6.12888
87,77,FALSE,6.14734,18.07612
87,78,FALSE,23.05471,6.03292
87,79,FALSE,6.11092,6.12284
87,82,FALSE,29.05621,6.01329
87,83,FALSE,18.0285,3.04196
87,84,FALSE,1,33.06318
87,85,TRUE,2.05055,1
87,86,TRUE,29.13611,1
87,91,FALSE,5.14199,5.09513
87,92,FALSE,6.08886,6.09494
87,93,FALSE,23.11288,6.1316
87,95,FALSE,5.10903,3.13402
87,98,FALSE,30.03672,5.13241
87,99,FALSE,34.11882,22.09813
87,100,FALSE,35.05464,6.08148
87,101,FALSE,23.1443,5.00886
87,103,FALSE,25.08773,6.10756
87,104,FALSE,30.06481,6.01831
87,106,FALSE,28.14413,3.07487
87,107,FALSE,26.07863,4.04736
87,109,FALSE,34.03415,6.11899
87,110,FALSE,28.02284,6.05458
87,111,FALSE,33.04352,5.02825
87,112,FALSE,22.11733,4.03405
87,113,FALSE,28.07191,5.01118
87,114,FALSE,5.12461,2.06838
87,115,FALSE,5.13831,6.01826
87,116,FALSE,28.1083,3.04205
87,117,FALSE,5.14665,3.02581
87,118,FALSE,18.01635,2.09318
87,120,FALSE,34.08623,2.09833
87,121,FALSE,5.14054,3.05958
87,122,FALSE,5.10296,1.0033
87,123,FALSE,6.0315,2.0361
87,124,FALSE,37.13294,2.12426
87,125,FALSE,34.03315,35.00089
87,126,FALSE,30.02152,35.01719
87,127,FALSE,24.09116,6.06001
87,128,FALSE,30.05508,4.11465
87,129,FALSE,30.00478,6.09206
87,130,FALSE,35.02808,35.13849
87,131,FALSE,5.09083,4.00687
87,133,FALSE,5.12924,3.10833
87,134,FALSE,5.08476,4.03678
87,135,FALSE,4.04591,6.02097
87,136,FALSE,4.08021,4.1127
87,137,TRUE,5.10911,1
87,139,FALSE,5.06769,5.08566
87,140,FALSE,3.0583,4.02177
87,141,FALSE,2.03156,6.0352
87,142,FALSE,3.08121,3.11522
87,143,FALSE,5.11357,1.00019
87,144,FALSE,5.05922,4.01657
87,145,FALSE,1,30.0241
87,146,TRUE,1,1
87,147,FALSE,1,2.02354
87,148,TRUE,1,1
87,149,TRUE,18.08237,1
87,150,FALSE,1,35.11452
87,151,TRUE,1.02283,1
87,153,FALSE,6.11694,6.11959
87,154,FALSE,28.14472,6.04708
87,155,FALSE,23.04872,4.14391
87,156,FALSE,28.10059,5.08738
87,157,FALSE,5.01988,1.00998
87,158,FALSE,18.0622,4.05149
87,159,FALSE,23.14684,1.11969
87,160,FALSE,23.06886,4.10798
87,161,FALSE,18.03622,4.10432
87,162,FALSE,29.1421,34.11225
87,164,FALSE,37.11765,5.00574
87,165,FALSE,6.1142,35.07689
87,166,FALSE,30.11907,35.10042
87,167,FALSE,5.05879,6.08161
87,168,FALSE,1,35.02119
87,169,FALSE,30.05523,35.07274
87,173,FALSE,29.12436,6.01074
87,175,FALSE,3.11007,3.08653
87,176,FALSE,5.09445,5.02057
87,177,FALSE,30.13337,6.11278
87,178,FALSE,35.03378,34.01232
87,179,FALSE,34.09297,6.10512
87,180,FALSE,28.02924,28.08387
87,181,FALSE,35.00407,33.06998
87,182,FALSE,10.00929,6.13644
87,183,FALSE,35.0269,6.03827
87,184,FALSE,37.10102,6.08851
87,185,FALSE,28.07301,6.13132
87,186,FALSE,37.08031,6.07175
87,188,FALSE,37.07052,1.12627
87,189,FALSE,34.09805,34.1257
87,190,FALSE,23.11613,6.08145
87,191,FALSE,30.1384,6.07352
87,192,FALSE,25.0435,6.08586
87,193,FALSE,35.12106,36.00563
87,194,FALSE,25.0631,6.10394
87,195,FALSE,28.12634,6.06392
87,197,FALSE,30.09677,1.04257
87,198,FALSE,25.08262,6.05297
87,199,FALSE,30.12321,23.06332
87,200,FALSE,6.06845,6.13197
87,201,FALSE,5.12943,6.08555
87,202,FALSE,37.02886,37.04034
87,203,FALSE,30.07449,30.03367
87,204,FALSE,30.11033,4.00524
87,206,FALSE,30.01483,2.03149
87,207,FALSE,28.05497,6.1204
87,208,FALSE,5.1105,5.11143
87,209,FALSE,28.02953,28.0913
87,210,FALSE,28.04505,28.0131
87,211,FALSE,28.06119,33.06012
87,212,FALSE,5.06519,4.11947
87,213,FALSE,13.12964,5.13413
87,216,FALSE,28.08688,6.10883
87,217,FALSE,29.1285,6.139
87,218,FALSE,30.11993,6.08904
87,219,FALSE,25.01569,18.02089
87,222,FALSE,28.10164,5.12969
87,225,FALSE,33.09308,33.09407
87,226,FALSE,35.03398,6.08598
87,227,FALSE,37.11415,34.07979
87,229,FALSE,33.13659,33.10769
87,230,FALSE,33.0641,33.02247
87,233,FALSE,30.10838,6.00744
87,234,FALSE,30.11498,33.02908
87,235,FALSE,30.03893,33.08198
87,236,FALSE,4.10203,4.12135
87,237,FALSE,5.0681,6.02275
87,242,FALSE,24.07381,4.06558
87,243,FALSE,6.07535,6.09527
87,251,FALSE,34.04301,34.07761
87,252,FALSE,28.00746,6.11705
87,253,FALSE,30.10168,4.10595
87,254,FALSE,4.02499,1.08494
87,255,FALSE,13.06213,3.0968
87,256,FALSE,30.13797,2.0345
87,257,FALSE,20.13298,4.13205
87,258,FALSE,18.04692,1.06087
87,259,FALSE,5.10229,33.12514
87,260,FALSE,5.09597,5.12417
87,262,FALSE,36.1366,1.04309
87,263,FALSE,6.01874,3.06125
87,264,FALSE,29.07196,6.11756
87,265,FALSE,6.02716,5.13688
87,270,FALSE,6.12804,33.02404
87,271,FALSE,28.08694,6.12092
87,272,FALSE,5.12656,6.01406
87,273,FALSE,5.12499,6.0834
87,274,FALSE,5.12282,6.01886
87,275,FALSE,6.13769,33.00855
87,280,FALSE,5.09873,3.12878
87,289,FALSE,29.06908,5.14169
87,290,FALSE,6.11783,6.11112
87,291,FALSE,6.12657,6.13542
87,292,FALSE,6.11291,5.01459
87,293,FALSE,30.1185,15.05394
87,294,FALSE,15.06792,10.03996
87,295,FALSE,36.0827,25.04281
87,296,FALSE,4.08636,20.12613
87,297,FALSE,35.06627,6.0297
87,298,FALSE,33.08909,2.05219
87,299,FALSE,34.02074,6.0611
87,300,FALSE,33.12889,6.08341
87,301,FALSE,33.10401,4.10115
87,302,FALSE,35.12843,5.00647
87,303,FALSE,33.02614,5.1369
87,308,FALSE,31.03703,3.036
87,317,FALSE,22.00283,3.01485
87,318,FALSE,36.12469,6.01267
87,319,FALSE,30.14268,5.13912
87,320,FALSE,27.13869,4.00111
87,321,FALSE,34.13346,3.08774
87,322,FALSE,18.0231,5.04209
87,323,FALSE,17.09636,2.00317
87,324,FALSE,23.04165,2.11732
87,325,FALSE,25.12704,4.03304
87,326,FALSE,18.09946,3.1198
87,328,FALSE,25.07927,5.06337
87,329,FALSE,31.09815,20.05263
87,330,FALSE,30.04655,6.05169
87,331,FALSE,20.05983,5.01026
87,332,FALSE,30.04822,5.10182
87,333,FALSE,30.06427,33.04346
87,334,FALSE,6.03896,6.10653
87,335,FALSE,30.00916,5.07914
87,336,FALSE,30.12424,5.08078
87,337,FALSE,25.0826,6.10629
87,339,FALSE,28.10498,5.02385
87,340,TRUE,1.08035,1
87,341,TRUE,25.0418,1
87,342,FALSE,5.05944,36.03856
87,343,TRUE,1,1
87,346,FALSE,27.04173,6.03796
87,347,FALSE,33.07345,6.09243
87,348,FALSE,27.04405,6.02939
87,349,FALSE,25.11599,2.12478
87,350,FALSE,29.07991,28.09663
87,351,FALSE,25.10073,6.1339
87,352,FALSE,34.06095,6.13803
87,353,FALSE,37.0101,34.02827
87,354,FALSE,34.03277,34.07891
87,355,FALSE,23.1424,5.05443
87,357,FALSE,29.12052,5.10333
87,358,FALSE,28.04718,6.00056
87,359,FALSE,32.03309,6.00925
87,361,FALSE,25.07275,6.08504
87,363,FALSE,35.05232,35.06281
87,364,FALSE,35.09454,35.11917
87,365,FALSE,23.11009,3.04859
87,366,FALSE,5.11701,5.13533
87,367,FALSE,35.01432,35.04427
87,370,FALSE,28.11565,6.08776
87,371,FALSE,33.00851,6.1137
87,372,FALSE,33.04672,6.13982
87,373,FALSE,6.10651,6.01596
87,374,FALSE,37.10581,1.07726
87,375,FALSE,4.01982,5.02921
87,376,FALSE,5.02899,6.00951
87,377,FALSE,1,2.13269
87,378,FALSE,28.09484,33.03891
87,379,FALSE,5.04096,28.07968
87,380,FALSE,33.01682,34.1091
87,381,FALSE,5.01549,6.04992
87,383,FALSE,30.07027,5.10687
87,384,FALSE,28.03383,6.082
87,385,FALSE,25.10462,1.06939
87,386,FALSE,27.0735,1.03031
87,387,FALSE,34.05891,1.13889
87,388,FALSE,5.12997,2.14142
87,389,FALSE,7.03998,2.09397
87,390,FALSE,27.09238,3.14714
87,391,FALSE,23.089,5.04253
87,394,FALSE,30.0702,5.09034
87,395,FALSE,2.02334,35.0235
87,396,FALSE,3.03468,35.06568
87,397,FALSE,4.03119,35.05925
87,398,FALSE,33.14349,35.14016
87,403,FALSE,19.06359,6.00018
87,404,FALSE,34.11363,35.05563
87,405,FALSE,5.13974,35.03178
87,406,FALSE,4.00437,6.02002
87,407,FALSE,28.12077,29.1225
87,408,TRUE,4.02742,1
87,412,FALSE,34.12492,10.00256
87,413,FALSE,25.09983,20.13075
87,414,FALSE,31.0161,10.10024
87,415,FALSE,28.08903,30.07252
87,416,FALSE,20.03172,33.097
87,417,FALSE,28.13593,6.1239
87,418,FALSE,35.13447,35.13615
87,419,FALSE,33.04006,33.11038
87,420,FALSE,33.10523,33.14282
87,421,FALSE,33.06422,33.13821
87,422,FALSE,30.0286,28.11444
87,423,FALSE,23.0986,6.13397
87,425,FALSE,37.00977,6.00493
87,426,FALSE,33.13485,6.06383
87,427,FALSE,6.12119,6.12278
87,428,FALSE,33.05627,33.07793
87,429,FALSE,28.03313,33.04208
88,1,FALSE,23.05076,6.07388
88,3,FALSE,4.00114,4.05414
88,5,FALSE,37.04836,6.03904
88,6,FALSE,33.12124,5.04661
88,7,FALSE,1,4.01569
88,9,FALSE,5.10648,4.06096
88,10,FALSE,4.06471,4.03036
88,11,FALSE,1,6.01101
88,13,FALSE,6.12085,6.0932
88,17,FALSE,28.08496,6.02218
88,18,FALSE,6.10266,6.0726
88,19,TRUE,33.14456,1
88,21,FALSE,29.14323,6.08528
88,22,FALSE,6.08947,6.05557
88,25,FALSE,19.05134,6.01311
88,29,FALSE,5.13881,2.12146
88,30,FALSE,6.09348,6.06016
88,69,FALSE,24.05487,2.0378
88,70,FALSE,23.10348,28.04729
88,71,FALSE,28.08379,6.04929
88,72,FALSE,33.04227,33.04298
88,73,FALSE,28.05051,28.09268
88,74,FALSE,37.02789,33.01996
88,75,FALSE,33.05908,34.01914
88,76,FALSE,6.12506,6.13498
88,77,FALSE,6.13005,18.14062
88,78,FALSE,29.02214,6.02818
88,79,FALSE,6.10204,6.11229
88,82,FALSE,29.08719,6.07082
88,83,FALSE,18.06695,3.06501
88,84,FALSE,1,33.11928
88,85,TRUE,2.13119,1
88,86,TRUE,29.14514,1
88,91,FALSE,5.14278,5.0874
88,92,FALSE,28.04234,6.0856
88,93,FALSE,23.13536,6.11711
88,95,FALSE,5.0838,4.1356
88,98,FALSE,30.05916,5.06574
88,99,FALSE,34.09196,22.12495
88,100,FALSE,35.02883,6.06047
88,101,FALSE,23.06013,5.04017
88,103,FALSE,25.10802,6.06971
88,104,FALSE,30.05089,6.08584
88,106,FALSE,28.10638,3.00991
88,107,FALSE,26.1277,4.06012
88,109,FALSE,34.03281,6.09205
88,110,FALSE,28.09617,6.07807
88,111,FALSE,33.07982,3.02524
88,112,FALSE,22.05866,3.06523
88,113,FALSE,28.091,5.14021
88,114,FALSE,5.09364,2.04703
88,115,FALSE,5.14511,6.04572
88,116,FALSE,28.11346,3.05824
88,117,FALSE,5.09027,4.04477
88,118,FALSE,18.05569,2.11372
88,120,FALSE,34.07393,2.04938
88,121,FALSE,5.08411,3.08646
88,122,FALSE,5.11542,1.00685
88,123,FALSE,6.11985,2.02392
88,124,FALSE,37.14335,4.02986
88,125,FALSE,34.07225,35.04626
88,126,FALSE,30.08302,35.09061
88,127,FALSE,24.01478,6.05725
88,128,FALSE,30.04497,6.07801
88,129,FALSE,30.08744,6.11598
88,130,FALSE,35.09646,35.14333
88,131,FALSE,5.02006,4.1062
88,133,FALSE,5.10865,3.00914
88,134,FALSE,5.14326,4.09241
88,135,FALSE,4.11286,2.08189
88,136,FALSE,4.13052,4.1467
88,137,FALSE,5.1436,4.10095
88,139,FALSE,5.01185,5.0645
88,140,FALSE,3.1339,4.04472
88,141,FALSE,2.11834,6.07531
88,142,FALSE,3.0789,3.10664
88,143,FALSE,5.03425,1.04483
88,144,FALSE,5.11517,4.10701
88,145,TRUE,30.01599,1
88,146,TRUE,1,1
88,147,FALSE,1,2.03767
88,148,TRUE,1,1
88,149,TRUE,18.11265,1
88,150,FALSE,1,35.03857
88,151,TRUE,1.12981,1
88,153,FALSE,6.10478,6.12744
88,154,FALSE,23.04809,6.04065
88,155,FALSE,23.00087,4.14442
88,156,FALSE,28.12804,5.02693
88,157,FALSE,5.03766,1.1449
88,158,FALSE,18.06085,4.04412
88,159,FALSE,23.03605,3.14459
88,160,FALSE,23.14258,4.11288
88,161,FALSE,18.05543,4.02408
88,162,FALSE,29.13357,34.03844
88,164,FALSE,37.03,5.0977
88,165,FALSE,6.00541,35.03467
88,166,FALSE,30.12293,35.1425
88,167,FALSE,5.01776,6.14312
88,168,FALSE,1,35.07778
88,169,FALSE,30.0777,35.04193
88,173,FALSE,29.08827,6.00882
88,175,FALSE,3.14078,3.05795
88,176,FALSE,5.00818,5.08099
88,177,FALSE,30.13607,6.11433
88,178,FALSE,35.00873,34.00516
88,179,FALSE,34.01477,6.13066
88,180,FALSE,28.1291,28.13834
88,181,FALSE,35.00907,33.03801
88,182,FALSE,10.00762,6.10742
88,183,FALSE,35.05919,6.13085
88,184,FALSE,37.06262,6.04195
88,185,FALSE,28.02762,6.12697
88,186,FALSE,37.11088,6.08991
88,188,FALSE,37.05419,1.08112
88,189,FALSE,34.10508,34.14671
88,190,FALSE,23.09461,6.11786
88,191,FALSE,30.08339,6.07911
88,192,FALSE,25.04415,6.08062
88,193,FALSE,35.13313,36.02072
88,194,FALSE,25.11354,6.10469
88,195,FALSE,28.07998,6.06358
88,197,FALSE,30.07768,2.01299
88,198,FALSE,25.12134,6.0216
88,199,FALSE,30.08027,23.13175
88,200,FALSE,6.0277,6.06323
88,201,FALSE,5.12545,6.0423
88,202,FALSE,37.05958,37.06138
88,203,FALSE,30.09361,30.07199
88,204,FALSE,30.08766,4.11734
88,206,FALSE,30.07168,2.05763
88,207,FALSE,28.06933,6.07892
88,208,FALSE,5.12331,5.05219
88,209,FALSE,28.01109,28.07366
88,210,FALSE,28.0649,28.03477
88,211,FALSE,28.04591,33.07139
88,212,FALSE,5.00108,4.12175
88,213,FALSE,13.00607,5.12782
88,216,FALSE,28.11241,6.10282
88,217,FALSE,29.11369,6.13974
88,218,FALSE,30.128,6.08662
88,219,FALSE,25.04606,6.12985
88,222,FALSE,28.14726,5.09226
88,225,FALSE,33.06741,33.12334
88,226,FALSE,35.14727,6.09252
88,227,FALSE,37.12982,34.03713
88,229,FALSE,33.10427,33.09099
88,230,FALSE,33.08275,33.02423
88,233,FALSE,30.13824,6.05316
88,234,FALSE,30.00816,33.06807
88,235,FALSE,30.14553,33.05028
88,236,FALSE,4.1244,4.11882
88,237,FALSE,5.13837,6.00533
88,242,FALSE,24.1106,4.1065
88,243,FALSE,6.02109,6.04464
88,251,FALSE,34.09967,34.10677
88,252,FALSE,28.004,6.08794
88,253,FALSE,30.12414,4.02202
88,254,FALSE,4.09096,1.02989
88,255,FALSE,13.00552,3.11275
88,256,FALSE,30.03779,2.03803
88,257,FALSE,20.10739,4.02594
88,258,FALSE,18.03687,5.00916
88,259,FALSE,5.04902,33.01613
88,260,FALSE,5.09039,5.02784
88,262,FALSE,36.08325,1.0505
88,263,FALSE,6.0541,3.09576
88,264,FALSE,29.03845,6.0837
88,265,FALSE,6.07368,5.09719
88,270,FALSE,6.12214,33.05994
88,271,FALSE,28.08754,6.02605
88,272,FALSE,5.09759,6.03847
88,273,FALSE,5.13069,6.0055
88,274,FALSE,5.12165,6.01727
88,275,FALSE,6.13257,33.12092
88,280,FALSE,5.08058,3.10216
88,289,FALSE,29.12494,5.1329
88,290,FALSE,6.11106,6.10622
88,291,FALSE,6.12992,6.13073
88,292,FALSE,6.10758,5.1206
88,293,FALSE,30.13598,15.03384
88,294,FALSE,6.09102,10.00163
88,295,FALSE,36.10296,25.0857
88,296,FALSE,4.05083,20.09482
88,297,FALSE,35.13364,6.0869
88,298,FALSE,33.06952,1.05312
88,299,FALSE,34.01328,6.03363
88,300,FALSE,33.09842,6.09543
88,301,FALSE,33.12502,4.09512
88,302,FALSE,35.03935,5.06844
88,303,FALSE,33.13276,5.0242
88,308,FALSE,31.07408,3.00705
88,317,FALSE,22.13273,4.00893
88,318,FALSE,36.12641,4.07122
88,319,FALSE,30.09867,5.13334
88,320,FALSE,27.07735,4.11574
88,321,FALSE,34.02648,4.02049
88,322,FALSE,18.03527,5.04178
88,323,FALSE,17.0085,2.00515
88,324,FALSE,23.0394,2.13502
88,325,FALSE,25.09926,2.04932
88,326,FALSE,18.03404,4.10163
88,328,FALSE,25.13237,5.10723
88,329,FALSE,31.02526,6.13951
88,330,FALSE,30.07775,6.04566
88,331,FALSE,20.09236,5.01984
88,332,FALSE,20.13122,6.07223
88,333,FALSE,30.12686,33.03638
88,334,FALSE,6.09235,6.09643
88,335,FALSE,30.12801,5.10115
88,336,FALSE,30.08629,5.09302
88,337,FALSE,25.0752,6.0123
88,339,FALSE,28.06301,5.05898
88,340,TRUE,1.0241,1
88,341,TRUE,25.06981,1
88,342,FALSE,5.09913,36.12442
88,343,TRUE,1,1
88,346,FALSE,27.06459,6.03576
88,347,FALSE,33.06987,6.09511
88,348,FALSE,27.14721,6.0434
88,349,FALSE,25.07836,1.14521
88,350,FALSE,29.06723,6.14434
88,351,FALSE,25.09203,6.14184
88,352,FALSE,34.00051,6.1048
88,353,FALSE,37.02915,34.08019
88,354,FALSE,34.11403,34.14085
88,355,FALSE,23.008,5.04098
88,357,FALSE,29.12831,5.09698
88,358,FALSE,28.06132,6.01825
88,359,FALSE,32.11429,6.00832
88,361,FALSE,25.13738,6.05242
88,363,FALSE,35.05091,35.11423
88,364,FALSE,35.13679,35.14371
88,365,FALSE,23.02628,3.09446
88,366,FALSE,5.0844,5.09105
88,367,FALSE,35.00963,35.01087
88,370,FALSE,28.05647,6.10223
88,371,FALSE,33.06546,6.14664
88,372,FALSE,33.03952,6.14731
88,373,FALSE,6.04045,6.07306
88,374,FALSE,37.04531,1.06032
88,375,FALSE,4.09219,5.0725
88,376,FALSE,5.06753,6.07979
88,377,FALSE,2.14089,6.051
88,378,FALSE,28.00874,33.10637
88,379,FALSE,5.13605,28.10564
88,380,FALSE,33.01196,34.05277
88,381,FALSE,5.00446,6.12728
88,383,FALSE,30.07231,5.08889
88,384,FALSE,30.1336,6.06493
88,385,FALSE,25.04362,3.08552
88,386,FALSE,27.10528,1.13782
88,387,FALSE,34.00692,1.07213
88,388,FALSE,5.05934,2.08044
88,389,FALSE,7.14193,2.04605
88,390,FALSE,27.10186,3.04379
88,391,FALSE,23.05298,2.00571
88,394,FALSE,30.10198,5.0697
88,395,FALSE,2.02089,35.07842
88,396,FALSE,3.09094,35.11647
88,397,FALSE,4.12689,35.09522
88,398,FALSE,33.11387,35.00813
88,403,FALSE,19.09416,3.00912
88,404,FALSE,34.11302,35.03088
88,405,FALSE,5.13795,35.09614
88,406,FALSE,4.00292,6.02726
88,407,FALSE,28.09339,29.03094
88,408,TRUE,4.09283,1
88,412,FALSE,34.04355,10.0337
88,413,FALSE,30.04592,20.06279
88,414,FALSE,31.0175,10.13312
88,415,FALSE,28.06622,30.088
88,416,FALSE,20.0209,33.02464
88,417,FALSE,28.05771,6.11098
88,418,FALSE,35.09542,35.10218
88,419,FALSE,33.05237,33.11992
88,420,FALSE,33.02101,33.03673
88,421,FALSE,33.03082,33.13331
88,422,FALSE,30.08591,28.13557
88,423,FALSE,23.12251,6.12433
88,425,FALSE,37.14347,6.05086
88,426,FALSE,33.12151,6.06287
88,427,FALSE,6.13565,6.05705
88,428,FALSE,33.09872,33.07559
88,429,FALSE,28.10452,33.07557
89,1,FALSE,23.02055,6.06213
89,3,FALSE,4.02363,4.04801
89,5,FALSE,37.09244,6.00767
89,6,FALSE,33.04534,6.04198
89,7,FALSE,1,4.00452
89,9,FALSE,5.11333,4.05744
89,10,FALSE,4.0507,4.11844
89,11,FALSE,1,6.07578
89,13,FALSE,6.07917,6.09637
89,17,FALSE,28.13196,6.04473
89,18,FALSE,6.06136,6.03043
89,19,TRUE,33.04486,1
89,21,FALSE,18.14188,6.07309
89,22,FALSE,6.12534,6.12039
89,25,FALSE,19.04654,6.01082
89,29,FALSE,5.09384,4.00147
89,30,FALSE,6.11383,6.06663
89,69,FALSE,24.09816,2.0629
89,70,FALSE,23.10453,28.01114
89,71,FALSE,28.14013,6.0551
89,72,FALSE,33.09451,33.10159
89,73,FALSE,28.00038,28.06346
89,74,FALSE,33.02894,33.03628
89,75,FALSE,33.12436,34.04512
89,76,FALSE,6.12918,6.1408
89,77,FALSE,6.11629,18.04082
89,78,FALSE,23.13138,6.0278
89,79,FALSE,6.0925,6.09385
89,82,FALSE,29.08871,3.0462
89,83,FALSE,18.00742,3.09391
89,84,FALSE,1,33.00332
89,85,FALSE,1,2.14158
89,86,TRUE,29.00491,1
89,91,FALSE,5.13904,5.09679
89,92,FALSE,28.02037,6.05956
89,93,FALSE,23.02345,6.10749
89,95,FALSE,5.12793,4.07691
89,98,FALSE,30.07257,5.14531
89,99,FALSE,34.10907,22.08405
89,100,FALSE,35.06695,6.02102
89,101,FALSE,23.11295,5.14613
89,103,FALSE,25.14024,6.09605
89,104,FALSE,30.10641,6.02043
89,106,FALSE,28.02161,3.05145
89,107,FALSE,26.13191,4.01852
89,109,FALSE,34.04764,6.1328
89,110,FALSE,28.11005,6.07572
89,111,FALSE,33.02914,5.10499
89,112,FALSE,22.00221,3.00666
89,113,FALSE,28.13968,5.07366
89,114,FALSE,5.14705,2.0415
89,115,FALSE,5.10405,6.04353
89,116,FALSE,28.12438,3.02464
89,117,FALSE,5.14429,4.09094
89,118,FALSE,18.02088,2.07069
89,120,FALSE,34.0739,2.14262
89,121,FALSE,5.08161,2.06393
89,122,FALSE,5.12956,1.04755
89,123,FALSE,6.09908,2.08293
89,124,FALSE,37.0522,2.06845
89,125,FALSE,34.08881,35.11894
89,126,FALSE,30.04464,35.03831
89,127,FALSE,24.06351,6.04172
89,128,FALSE,30.06316,4.10445
89,129,FALSE,30.09846,6.07488
89,130,FALSE,35.04214,35.12015
89,131,FALSE,5.08565,4.04167
89,133,FALSE,5.14736,3.07528
89,134,FALSE,4.14207,4.07327
89,135,FALSE,4.07223,4.11125
89,136,FALSE,4.10818,4.09939
89,137,TRUE,5.12813,1
89,139,FALSE,5.06965,5.14441
89,140,FALSE,3.13741,4.06083
89,141,FALSE,2.03306,6.10439
89,142,FALSE,3.03987,3.00387
89,143,FALSE,5.02258,1.02014
89,144,FALSE,5.08892,31.11837
89,145,TRUE,30.11014,1
89,146,TRUE,1,1
89,147,FALSE,1,2.08609
89,148,TRUE,1,1
89,149,TRUE,18.1268,1
89,150,FALSE,1,35.11962
89,151,TRUE,1.09501,1
89,153,FALSE,6.04325,6.072
89,154,FALSE,23.07482,6.04263
89,155,FALSE,23.04137,4.14649
89,156,FALSE,5.1359,6.08972
89,157,FALSE,5.11979,1.10584
89,158,FALSE,18.07041,4.00721
89,159,FALSE,23.07827,3.05188
89,160,FALSE,23.11682,4.12922
89,161,FALSE,18.09628,4.09013
89,162,FALSE,29.08718,34.03977
89,164,FALSE,37.10773,5.06513
89,165,FALSE,6.13174,35.00378
89,166,FALSE,30.13736,35.022
89,167,FALSE,5.05994,6.10685
89,168,FALSE,1,35.02266
89,169,FALSE,30.03099,35.1401
89,173,FALSE,29.04642,6.00786
89,175,FALSE,3.12108,3.12751
89,176,FALSE,5.10207,5.10454
89,177,FALSE,30.13447,6.08167
89,178,FALSE,35.01726,34.01655
89,179,FALSE,34.08437,6.14071
89,180,FALSE,28.04036,28.07108
89,181,FALSE,35.02049,33.05047
89,182,FALSE,10.01752,6.12226
89,183,FALSE,35.12955,6.04498
89,184,FALSE,37.10804,6.07795
89,185,FALSE,28.14522,6.14584
89,186,FALSE,37.06741,6.05309
89,188,FALSE,30.13053,1.0464
89,189,FALSE,34.09423,34.12098
89,190,FALSE,23.05315,6.04474
89,191,FALSE,30.08417,6.02521
89,192,FALSE,25.04672,6.08826
89,193,FALSE,35.04789,36.03788
89,194,FALSE,25.12515,6.10819
89,195,FALSE,28.05655,6.08536
89,197,FALSE,29.07959,1.11947
89,198,FALSE,25.01926,6.01448
89,199,FALSE,30.09866,6.02243
89,200,FALSE,6.04822,6.14276
89,201,FALSE,5.1064,6.05161
89,202,FALSE,37.06616,37.08518
89,203,FALSE,30.02478,30.0039
89,204,FALSE,30.08158,4.09954
89,206,FALSE,30.06313,2.13242
89,207,FALSE,28.12682,6.13661
89,208,FALSE,5.11376,5.08941
89,209,FALSE,28.05008,28.12622
89,210,FALSE,28.13793,28.02822
89,211,FALSE,28.02738,33.04377
89,212,FALSE,5.08809,4.12139
89,213,FALSE,13.07946,5.10927
89,216,FALSE,28.04848,6.08927
89,217,FALSE,29.13319,6.14451
89,218,FALSE,30.04424,6.0534
89,219,FALSE,25.11153,6.14538
89,222,FALSE,28.0536,5.13591
89,225,FALSE,33.07216,33.11075
89,226,FALSE,35.08954,6.05966
89,227,FALSE,37.08092,34.1307
89,229,FALSE,33.09593,33.06757
89,230,FALSE,33.04695,33.01888
89,233,FALSE,30.12305,6.00498
89,234,FALSE,30.03216,33.04676
89,235,FALSE,30.1043,33.0022
89,236,FALSE,4.02649,4.12181
89,237,FALSE,5.09641,6.07063
89,242,FALSE,24.13822,4.07385
89,243,FALSE,6.11001,6.1327
89,251,FALSE,34.05297,34.07096
89,252,FALSE,28.09031,6.07751
89,253,FALSE,30.08347,4.06601
89,254,FALSE,4.1375,1.02571
89,255,FALSE,13.01728,3.07053
89,256,FALSE,30.01796,2.02191
89,257,FALSE,20.03106,4.13149
89,258,FALSE,18.0064,1.12271
89,259,FALSE,5.03092,33.07662
89,260,FALSE,5.04004,5.02739
89,262,FALSE,36.00329,1.03941
89,263,FALSE,6.03026,3.05504
89,264,FALSE,29.08509,6.13412
89,265,FALSE,6.04369,5.13317
89,270,FALSE,6.133,33.05114
89,271,FALSE,28.1342,6.06667
89,272,FALSE,5.13892,6.01915
89,273,FALSE,5.12455,6.02742
89,274,FALSE,5.06598,6.03213
89,275,FALSE,6.12709,33.11953
89,280,FALSE,5.09883,3.13474
89,289,FALSE,29.07562,5.13415
89,290,FALSE,6.10461,6.10899
89,291,FALSE,6.12864,6.13224
89,292,FALSE,6.10811,5.10026
89,293,FALSE,30.11706,15.05093
89,294,FALSE,6.12758,10.02735
89,295,FALSE,36.01157,25.0335
89,296,FALSE,4.12982,20.13353
89,297,FALSE,35.12615,6.00739
89,298,FALSE,33.07517,1.04375
89,299,FALSE,34.06266,6.05392
89,300,FALSE,33.12466,4.13938
89,301,FALSE,33.01176,4.06911
89,302,FALSE,35.12548,5.0734
89,303,FALSE,33.08583,33.12096
89,308,FALSE,31.10503,5.04992
89,317,FALSE,22.1215,4.03417
89,318,FALSE,36.06194,5.08157
89,319,FALSE,30.10459,5.13202
89,320,FALSE,27.10968,4.00239
89,321,FALSE,34.01148,3.12723
89,322,FALSE,18.02159,5.07619
89,323,FALSE,17.08559,2.11669
89,324,FALSE,23.07787,2.0907
89,325,FALSE,25.00977,2.03148
89,326,FALSE,18.08855,4.00301
89,328,FALSE,25.07499,5.10886
89,329,FALSE,31.12902,6.10689
89,330,FALSE,30.11802,6.03407
89,331,FALSE,20.05922,5.06499
89,332,FALSE,30.10171,5.12765
89,333,FALSE,30.0854,33.02435
89,334,FALSE,6.08783,6.06984
89,335,FALSE,30.07767,5.05596
89,336,FALSE,30.14322,5.10909
89,337,FALSE,25.12094,6.04171
89,339,FALSE,28.05937,5.14633
89,340,TRUE,1.06073,1
89,341,TRUE,25.13603,1
89,342,FALSE,5.04786,36.11872
89,343,TRUE,1,1
89,346,FALSE,27.0586,6.02857
89,347,FALSE,33.04941,6.10478
89,348,FALSE,27.08563,6.01683
89,349,FALSE,25.01792,1.09881
89,350,FALSE,29.00543,28.05493
89,351,FALSE,25.12809,6.13271
89,352,FALSE,34.03394,6.04158
89,353,FALSE,37.0829,34.07088
89,354,FALSE,34.07671,34.14466
89,355,FALSE,23.09134,4.0224
89,357,FALSE,29.13387,5.10006
89,358,FALSE,28.11903,6.02354
89,359,FALSE,32.13085,6.02462
89,361,FALSE,25.03479,6.03964
89,363,FALSE,35.07354,35.10538
89,364,FALSE,35.04135,35.0526
89,365,FALSE,23.07813,3.09789
89,366,FALSE,5.06736,5.07458
89,367,FALSE,35.03419,35.08306
89,370,FALSE,28.11442,6.07979
89,371,FALSE,33.00033,6.1332
89,372,FALSE,33.0238,6.14672
89,373,FALSE,6.13105,6.02585
89,374,FALSE,37.07747,1.04493
89,375,FALSE,4.1377,5.0676
89,376,FALSE,5.14208,6.14693
89,377,FALSE,2.06276,6.04085
89,378,FALSE,28.02661,33.07465
89,379,FALSE,5.10047,28.05774
89,380,FALSE,33.05401,34.01163
89,381,FALSE,5.04061,6.10271
89,383,FALSE,30.09499,5.06184
89,384,FALSE,30.09659,6.14574
89,385,FALSE,25.02212,3.12482
89,386,FALSE,27.04017,4.09136
89,387,FALSE,34.01139,1.02997
89,388,FALSE,5.0097,2.03021
89,389,FALSE,7.09168,2.07591
89,390,FALSE,27.06768,3.07643
89,391,FALSE,23.04688,2.00674
89,394,FALSE,30.04118,5.02762
89,395,FALSE,2.14612,35.03041
89,396,FALSE,3.10181,35.10703
89,397,FALSE,4.00844,35.1005
89,398,FALSE,33.04773,35.04182
89,403,FALSE,19.01904,3.06261
89,404,FALSE,34.05422,35.00838
89,405,FALSE,5.14496,35.06873
89,406,FALSE,1,4.03018
89,407,FALSE,28.00148,29.05592
89,408,TRUE,4.0087,1
89,412,FALSE,34.1314,10.0428
89,413,FALSE,25.09823,20.07929
89,414,FALSE,31.00845,10.07617
89,415,FALSE,28.04332,30.06415
89,416,FALSE,20.06151,33.10013
89,417,FALSE,28.01979,6.12121
89,418,FALSE,35.07536,35.11176
89,419,FALSE,33.004,33.08494
89,420,FALSE,33.02342,33.03257
89,421,FALSE,33.06154,33.12975
89,422,FALSE,30.00629,28.08577
89,423,FALSE,23.11692,6.08195
89,425,FALSE,37.1315,6.06242
89,426,FALSE,33.13238,6.05742
89,427,FALSE,6.13444,6.12225
89,428,FALSE,33.13577,33.02802
89,429,FALSE,28.02466,33.08475
90,1,FALSE,23.0479,6.05432
90,3,FALSE,4.02108,4.06094
90,5,FALSE,37.12534,6.01077
90,6,FALSE,33.04601,5.11376
90,7,FALSE,1,4.02797
90,9,FALSE,5.12965,4.05219
90,10,FALSE,4.13208,5.07186
90,11,FALSE,1,6.08968
90,13,FALSE,6.10606,6.11394
90,17,FALSE,28.14565,6.02329
90,18,FALSE,6.02655,6.03764
90,19,TRUE,33.08733,1
90,21,FALSE,18.11333,6.03957
90,22,FALSE,6.11993,6.127
90,25,FALSE,19.05229,6.03641
90,29,FALSE,5.10874,2.05029
90,30,FALSE,6.14622,6.1389
90,69,FALSE,24.13109,2.07147
90,70,FALSE,23.13247,28.11274
90,71,FALSE,28.00334,6.06881
90,72,FALSE,33.03936,33.07685
90,73,FALSE,28.06585,28.07419
90,74,FALSE,37.05749,33.09466
90,75,FALSE,33.12385,34.0086
90,76,FALSE,28.14379,6.11896
90,77,FALSE,6.1419,18.04989
90,78,FALSE,29.10013,6.02441
90,79,FALSE,6.10764,6.11088
90,82,FALSE,29.10586,6.02943
90,83,FALSE,18.03424,3.10445
90,84,FALSE,1,33.02143
90,85,TRUE,2.0464,1
90,86,TRUE,29.1329,1
90,91,FALSE,5.14464,5.08994
90,92,FALSE,6.05138,6.05551
90,93,FALSE,23.13224,6.11955
90,95,FALSE,5.06413,4.06134
90,98,FALSE,30.11808,5.10057
90,99,FALSE,34.13321,22.06489
90,100,FALSE,35.04293,6.08433
90,101,FALSE,23.04099,5.10601
90,103,FALSE,25.07617,6.08823
90,104,FALSE,30.03413,6.00247
90,106,FALSE,28.03475,3.10711
90,107,FALSE,26.12365,4.04597
90,109,FALSE,34.07105,6.12893
90,110,FALSE,28.04251,6.04569
90,111,FALSE,33.10988,3.09782
90,112,FALSE,22.0335,3.0557
90,113,FALSE,28.12333,5.13399
90,114,FALSE,5.09509,2.07823
90,115,FALSE,5.13602,6.00459
90,116,FALSE,28.06114,3.00657
90,117,FALSE,5.04808,4.06689
90,118,FALSE,18.0974,2.13926
90,120,FALSE,34.09716,2.03122
90,121,FALSE,5.05414,2.07362
90,122,FALSE,5.09844,2.03576
90,123,FALSE,6.11175,2.03036
90,124,FALSE,37.12653,2.03777
90,125,FALSE,34.07814,35.13518
90,126,FALSE,30.09401,35.03932
90,127,FALSE,24.09767,6.10944
90,128,FALSE,30.03901,4.02207
90,129,FALSE,30.1358,6.016
90,130,FALSE,35.08032,35.13167
90,131,FALSE,5.06369,4.00278
90,133,FALSE,5.08454,3.10258
90,134,FALSE,5.11705,4.02602
90,135,FALSE,4.03379,4.11348
90,136,FALSE,4.10712,4.00517
90,137,TRUE,5.10962,1
90,139,FALSE,5.00146,5.06284
90,140,FALSE,3.07232,4.0521
90,141,FALSE,2.05387,6.06006
90,142,FALSE,3.05762,3.07334
90,143,FALSE,5.11212,1.00826
90,144,FALSE,5.11485,4.0132
90,145,FALSE,1,30.10671
90,146,TRUE,1,1
90,147,FALSE,1,2.11837
90,148,TRUE,1,1
90,149,TRUE,18.12824,1
90,150,FALSE,1,35.03802
90,151,TRUE,1.10679,1
90,153,FALSE,6.11158,6.11193
90,154,FALSE,28.11624,6.01178
90,155,FALSE,5.13645,4.05297
90,156,FALSE,28.14331,5.11717
90,157,FALSE,5.05713,1.00778
90,158,FALSE,18.14265,4.13734
90,159,FALSE,23.13335,1.01258
90,160,FALSE,23.11152,4.07345
90,161,FALSE,18.01601,4.11689
90,162,FALSE,29.08472,34.13122
90,164,FALSE,37.04128,5.0172
90,165,FALSE,6.06233,35.04289
90,166,FALSE,30.13285,35.00529
90,167,FALSE,5.1385,6.09739
90,168,FALSE,1,35.07777
90,169,FALSE,30.14006,35.06712
90,173,FALSE,28.00764,6.01248
90,175,FALSE,3.1396,3.14705
90,176,FALSE,5.12133,5.0896
90,177,FALSE,30.11822,6.06378
90,178,FALSE,35.04237,34.00788
90,179,FALSE,34.08707,6.13979
90,180,FALSE,28.14116,28.08275
90,181,FALSE,35.03734,33.08175
90,182,FALSE,10.0387,6.13754
90,183,FALSE,35.10647,6.10164
90,184,FALSE,37.03338,6.04504
90,185,FALSE,28.01714,6.12841
90,186,FALSE,37.12755,6.01427
90,188,FALSE,30.11831,1.06541
90,189,FALSE,34.11576,34.12985
90,190,FALSE,23.03699,6.06867
90,191,FALSE,30.08197,6.00499
90,192,FALSE,25.13987,6.11712
90,193,FALSE,35.06497,36.01639
90,194,FALSE,25.08061,6.09619
90,195,FALSE,28.0897,6.09881
90,197,FALSE,29.01749,2.06058
90,198,FALSE,25.02694,6.00618
90,199,FALSE,30.1367,23.03482
90,200,FALSE,6.06856,6.14128
90,201,FALSE,5.14558,6.0328
90,202,FALSE,37.0581,37.07891
90,203,FALSE,30.13543,30.03149
90,204,FALSE,30.09747,2.01085
90,206,FALSE,30.03337,2.0382
90,207,FALSE,28.02092,6.08103
90,208,FALSE,5.1465,5.12986
90,209,FALSE,28.12173,28.00984
90,210,FALSE,28.12789,28.10909
90,211,FALSE,28.11607,33.02309
90,212,FALSE,4.14683,5.0588
90,213,FALSE,13.04117,5.14333
90,216,FALSE,28.11327,6.08964
90,217,FALSE,29.017,6.13932
90,218,FALSE,30.10374,6.05385
90,219,FALSE,25.1163,6.1341
90,222,FALSE,28.05822,5.04045
90,225,FALSE,33.05798,33.14211
90,226,FALSE,35.02825,6.09364
90,227,FALSE,37.01124,34.0609
90,229,FALSE,33.12307,33.12661
90,230,FALSE,33.08077,33.09561
90,233,FALSE,30.11214,6.01128
90,234,FALSE,30.09633,33.05639
90,235,FALSE,30.06807,33.05691
90,236,FALSE,4.09938,4.06793
90,237,FALSE,5.08308,6.00467
90,242,FALSE,24.12542,4.14249
90,243,FALSE,6.04142,6.05622
90,251,FALSE,34.04456,34.05064
90,252,FALSE,28.10436,6.07827
90,253,FALSE,30.06366,4.0864
90,254,FALSE,4.01423,1.12232
90,255,FALSE,13.14444,3.03674
90,256,FALSE,30.07341,2.13769
90,257,FALSE,20.06786,4.05371
90,258,FALSE,18.0566,5.11092
90,259,FALSE,5.08804,33.09078
90,260,FALSE,5.07094,5.07494
90,262,FALSE,36.01285,1.04692
90,263,FALSE,6.04647,3.03267
90,264,FALSE,29.03114,6.08051
90,265,FALSE,6.01859,5.11741
90,270,FALSE,6.00174,33.04962
90,271,FALSE,28.08299,6.12155
90,272,FALSE,5.11905,6.03863
90,273,FALSE,5.13404,6.01638
90,274,FALSE,5.12443,6.00131
90,275,FALSE,6.04043,33.03785
90,280,FALSE,5.09678,3.07008
90,289,FALSE,29.06829,5.1402
90,290,FALSE,6.12969,6.12648
90,291,FALSE,6.1166,6.13223
90,292,FALSE,6.07774,5.05816
90,293,FALSE,31.0986,15.01902
90,294,FALSE,10.09768,10.12029
90,295,FALSE,36.06071,25.04584
90,296,FALSE,4.01709,20.07979
90,297,FALSE,35.04974,6.09127
90,298,FALSE,33.06465,1.02995
90,299,FALSE,34.02304,6.06011
90,300,FALSE,33.0582,6.00155
90,301,FALSE,33.08339,4.08402
90,302,FALSE,35.08409,5.13091
90,303,FALSE,33.07015,5.12126
90,308,FALSE,31.0767,5.05856
90,317,FALSE,22.04942,4.09434
90,318,FALSE,36.02517,6.03875
90,319,FALSE,30.0567,5.14581
90,320,FALSE,27.03819,4.13648
90,321,FALSE,34.1347,3.12715
90,322,FALSE,18.12764,5.05268
90,323,FALSE,17.06496,2.07746
90,324,FALSE,23.06148,1.04646
90,325,FALSE,25.12156,4.12646
90,326,FALSE,18.04908,3.12308
90,328,FALSE,25.089,5.08221
90,329,FALSE,31.09631,6.14706
90,330,FALSE,28.0221,6.08295
90,331,FALSE,20.02912,5.03481
90,332,FALSE,30.06506,5.13337
90,333,FALSE,30.03767,33.07734
90,334,FALSE,6.06847,6.07838
90,335,FALSE,30.10149,5.06995
90,336,FALSE,30.12483,5.04937
90,337,FALSE,25.10797,6.04759
90,339,FALSE,28.08012,5.0266
90,340,TRUE,1.02671,1
90,341,TRUE,25.06002,1
90,342,FALSE,5.09953,36.10006
90,343,TRUE,1,1
90,346,FALSE,27.12489,6.00819
90,347,FALSE,33.08687,6.13805
90,348,FALSE,27.07736,6.03857
90,349,FALSE,25.04225,1.01805
90,350,FALSE,29.13512,28.03076
90,351,FALSE,25.08005,6.1388
90,352,FALSE,34.0562,6.13277
90,353,FALSE,37.09622,34.10139
90,354,FALSE,34.06249,34.07828
90,355,FALSE,23.10996,5.01171
90,357,FALSE,29.0386,5.1003
90,358,FALSE,28.10022,6.04183
90,359,FALSE,32.11911,6.00026
90,361,FALSE,25.06971,6.06661
90,363,FALSE,35.05278,35.07657
90,364,FALSE,35.02056,35.04896
90,365,FALSE,23.00706,3.10567
90,366,FALSE,5.07872,5.12506
90,367,FALSE,35.01721,35.01798
90,370,FALSE,28.13462,6.0811
90,371,FALSE,33.07351,6.1287
90,372,FALSE,33.01068,6.14641
90,373,FALSE,6.06113,6.06978
90,374,FALSE,37.10738,1.12513
90,375,FALSE,23.01799,5.13856
90,376,FALSE,5.00461,6.06515
90,377,FALSE,2.01918,6.14362
90,378,FALSE,28.11543,33.11568
90,379,FALSE,5.11075,28.00847
90,380,FALSE,33.09212,34.02976
90,381,FALSE,5.02786,6.08273
90,383,FALSE,28.00054,5.02236
90,384,FALSE,28.0056,6.13317
90,385,FALSE,25.0691,1.13319
90,386,FALSE,27.1357,1.04677
90,387,FALSE,34.11617,2.09995
90,388,FALSE,5.1134,2.11244
90,389,FALSE,7.06273,2.04032
90,390,FALSE,27.06634,3.06339
90,391,FALSE,23.0988,4.00487
90,394,FALSE,30.10394,5.07379
90,395,FALSE,2.08638,35.12594
90,396,FALSE,3.106,35.12216
90,397,FALSE,4.01471,35.12315
90,398,FALSE,33.09656,35.09831
90,403,FALSE,19.14066,6.00307
90,404,FALSE,34.00948,35.00179
90,405,FALSE,5.11874,35.01193
90,406,FALSE,4.03166,6.00037
90,407,FALSE,28.11789,29.14435
90,408,TRUE,4.01566,1
90,412,FALSE,34.0789,10.01132
90,413,FALSE,15.11462,20.06593
90,414,FALSE,31.10713,10.10215
90,415,FALSE,28.0204,30.11413
90,416,FALSE,20.09567,33.01916
90,417,FALSE,23.11362,6.14578
90,418,FALSE,35.02755,35.08953
90,419,FALSE,33.0045,33.13087
90,420,FALSE,33.07926,33.08629
90,421,FALSE,33.04189,33.12347
90,422,FALSE,30.04413,28.0552
90,423,FALSE,23.04882,6.0455
90,425,FALSE,37.08952,6.10589
90,426,FALSE,33.10669,6.05634
90,427,FALSE,6.13453,6.08815
90,428,FALSE,33.03534,33.06151
90,429,FALSE,28.11137,33.03707
91,1,FALSE,23.13884,6.04517
91,3,FALSE,4.00577,4.04185
91,5,FALSE,37.02345,6.02212
91,6,FALSE,33.01879,5.02317
91,7,FALSE,1,4.02289
91,9,FALSE,5.08175,4.06368
91,10,FALSE,4.14203,5.01345
91,11,FALSE,1,6.10868
91,13,FALSE,6.06803,6.08128
91,17,FALSE,28.02214,6.03212
91,18,FALSE,6.02361,6.03426
91,19,TRUE,33.01937,1
91,21,FALSE,29.10949,6.05576
91,22,FALSE,6.1129,6.13416
91,25,FALSE,19.03357,6.02306
91,29,FALSE,5.13321,2.0854
91,30,FALSE,6.14477,6.08417
91,69,FALSE,24.13909,2.07005
91,70,FALSE,23.13211,28.10837
91,71,FALSE,6.04958,6.06846
91,72,FALSE,33.04868,33.06355
91,73,FALSE,28.03457,28.04876
91,74,FALSE,33.02189,33.05979
91,75,FALSE,33.13456,34.05338
91,76,FALSE,28.0828,6.09853
91,77,FALSE,6.08043,18.03192
91,78,FALSE,29.14032,6.03116
91,79,FALSE,6.12086,6.12537
91,82,FALSE,29.07374,3.01271
91,83,FALSE,18.11565,3.0595
91,84,FALSE,1,33.05422
91,85,TRUE,2.02954,1
91,86,TRUE,29.11745,1
91,91,FALSE,5.14155,5.10531
91,92,FALSE,6.05197,6.09109
91,93,FALSE,23.07756,6.11709
91,95,FALSE,5.1472,4.10136
91,98,FALSE,30.09106,5.14084
91,99,FALSE,34.13464,22.06267
91,100,FALSE,35.00236,6.06682
91,101,FALSE,23.11194,3.05816
91,103,FALSE,25.1188,6.09256
91,104,FALSE,30.05828,6.09546
91,106,FALSE,28.06407,3.05556
91,107,FALSE,26.06664,4.00572
91,109,FALSE,34.04339,6.14103
91,110,FALSE,28.09806,6.06302
91,111,FALSE,33.11318,3.13366
91,112,FALSE,22.08439,4.08587
91,113,FALSE,28.0912,5.05878
91,114,FALSE,5.11252,2.11737
91,115,FALSE,5.13441,6.01197
91,116,FALSE,28.0791,3.11511
91,117,FALSE,5.07108,4.05853
91,118,FALSE,18.04397,2.07378
91,120,FALSE,34.10917,2.08239
91,121,FALSE,5.06077,2.1283
91,122,FALSE,5.09774,1.04156
91,123,FALSE,6.14361,2.08321
91,124,FALSE,37.13511,4.05868
91,125,FALSE,34.13975,35.01515
91,126,FALSE,30.06139,35.02876
91,127,FALSE,24.07269,6.01259
91,128,FALSE,30.10137,4.08227
91,129,FALSE,30.08111,6.08979
91,130,FALSE,35.12298,35.14169
91,131,FALSE,5.07011,4.01872
91,133,FALSE,5.14481,3.03674
91,134,FALSE,5.03239,4.03154
91,135,FALSE,4.05445,4.11053
91,136,FALSE,4.14189,6.12875
91,137,TRUE,5.01728,1
91,139,FALSE,5.05753,5.13499
91,140,FALSE,3.04783,4.06849
91,141,FALSE,2.12725,6.01602
91,142,FALSE,3.0676,3.05564
91,143,FALSE,5.04482,1.0501
91,144,FALSE,31.12225,4.04798
91,145,TRUE,30.03175,1
91,146,TRUE,1,1
91,147,FALSE,1,2.07664
91,148,TRUE,1,1
91,149,TRUE,18.10265,1
91,150,FALSE,1,35.1027
91,151,TRUE,1.14055,1
91,153,FALSE,6.07951,6.11259
91,154,FALSE,28.05563,6.04859
91,155,FALSE,37.01827,4.09149
91,156,FALSE,5.13151,6.02539
91,157,FALSE,5.12142,1.00767
91,158,FALSE,18.13515,4.05241
91,159,FALSE,23.02771,3.01601
91,160,FALSE,23.12341,4.02557
91,161,FALSE,18.05647,4.07891
91,162,FALSE,29.08685,34.00157
91,164,FALSE,37.03424,5.05978
91,165,FALSE,6.01662,35.14724
91,166,FALSE,30.13648,35.05045
91,167,FALSE,5.12567,6.08866
91,168,FALSE,1,35.13766
91,169,FALSE,30.04219,35.10472
91,173,FALSE,29.09039,6.01698
91,175,FALSE,3.11506,3.14278
91,176,FALSE,5.11921,5.06983
91,177,FALSE,30.06747,6.10874
91,178,FALSE,35.02227,34.00171
91,179,FALSE,34.02504,6.14122
91,180,FALSE,28.08224,28.1122
91,181,FALSE,35.00182,33.13981
91,182,FALSE,10.0489,6.13216
91,183,FALSE,35.08226,6.12681
91,184,FALSE,37.09315,6.07933
91,185,FALSE,28.0147,6.12494
91,186,FALSE,37.0967,6.01386
91,188,FALSE,30.04683,1.10805
91,189,FALSE,34.06476,34.12927
91,190,FALSE,23.12814,6.12421
91,191,FALSE,30.13481,6.07424
91,192,FALSE,25.01347,6.13127
91,193,FALSE,35.13159,36.092
91,194,FALSE,25.06141,6.08698
91,195,FALSE,28.09543,6.03672
91,197,FALSE,30.10781,1.08481
91,198,FALSE,25.05712,6.03999
91,199,FALSE,30.09548,6.10089
91,200,FALSE,6.08259,6.11977
91,201,FALSE,5.11897,6.00106
91,202,FALSE,37.02331,37.05303
91,203,FALSE,30.0594,30.10729
91,204,FALSE,30.03606,4.10296
91,206,FALSE,30.0856,2.1211
91,207,FALSE,28.03225,6.08961
91,208,FALSE,5.13584,5.0067
91,209,FALSE,28.12719,28.00465
91,210,FALSE,28.08846,28.11066
91,211,FALSE,28.01344,33.08683
91,212,FALSE,4.13902,5.00043
91,213,FALSE,13.07187,5.1343
91,216,FALSE,28.14161,6.10893
91,217,FALSE,29.04771,6.13328
91,218,FALSE,30.14685,6.07284
91,219,FALSE,25.11197,6.10732
91,222,FALSE,28.02375,5.10008
91,225,FALSE,33.12801,33.13624
91,226,FALSE,35.09286,6.06684
91,227,FALSE,37.05843,34.00694
91,229,FALSE,33.12308,33.05793
91,230,FALSE,33.03437,33.04866
91,233,FALSE,30.05559,6.04814
91,234,FALSE,30.01174,33.02719
91,235,FALSE,30.00791,33.05521
91,236,FALSE,4.13123,4.00673
91,237,FALSE,5.13618,6.1106
91,242,FALSE,24.09371,4.00132
91,243,FALSE,6.05135,6.08557
91,251,FALSE,34.05592,34.07677
91,252,FALSE,28.10437,6.04525
91,253,FALSE,30.13279,4.03637
91,254,FALSE,4.14413,1.01332
91,255,FALSE,13.08044,3.11569
91,256,FALSE,30.06679,2.07934
91,257,FALSE,20.12025,4.09329
91,258,FALSE,18.10924,5.04249
91,259,FALSE,5.07723,33.11878
91,260,FALSE,5.13253,5.13535
91,262,FALSE,36.07128,1.07504
91,263,FALSE,6.02879,4.00645
91,264,FALSE,29.04993,6.03181
91,265,FALSE,6.13801,5.13154
91,270,FALSE,6.07017,33.01042
91,271,FALSE,28.02623,6.1253
91,272,FALSE,5.11672,6.01746
91,273,FALSE,5.14026,6.10115
91,274,FALSE,5.12718,6.05382
91,275,FALSE,6.08442,33.09374
91,280,FALSE,5.10346,3.02074
91,289,FALSE,29.12065,5.14
91,290,FALSE,6.11164,6.10046
91,291,FALSE,6.13196,6.13255
91,292,FALSE,6.13851,5.01808
91,293,FALSE,30.12778,15.09044
91,294,FALSE,10.11619,10.12723
91,295,FALSE,36.12597,25.10488
91,296,FALSE,4.05211,20.04566
91,297,FALSE,35.06364,6.01521
91,298,FALSE,33.02236,2.04169
91,299,FALSE,34.0498,6.04799
91,300,FALSE,33.11938,6.04534
91,301,FALSE,33.11925,4.0157
91,302,FALSE,35.10452,5.10334
91,303,FALSE,33.05268,5.12816
91,308,FALSE,31.10135,3.04702
91,317,FALSE,22.11697,4.03081
91,318,FALSE,36.09395,6.03746
91,319,FALSE,30.10094,5.11428
91,320,FALSE,27.12048,4.01024
91,321,FALSE,34.05003,4.03429
91,322,FALSE,18.01111,5.0359
91,323,FALSE,17.09658,2.0845
91,324,FALSE,23.023,2.07307
91,325,FALSE,25.03847,2.11533
91,326,FALSE,18.03227,3.07285
91,328,FALSE,25.02788,5.01543
91,329,FALSE,31.11414,6.13656
91,330,FALSE,30.0557,6.06795
91,331,FALSE,20.06168,5.0283
91,332,FALSE,30.14458,5.04713
91,333,FALSE,30.0164,33.03556
91,334,FALSE,6.09405,6.06874
91,335,FALSE,30.08742,5.10139
91,336,FALSE,30.13026,5.06497
91,337,FALSE,25.1063,6.04354
91,339,FALSE,28.08781,5.04147
91,340,TRUE,1.03471,1
91,341,TRUE,25.07335,1
91,342,FALSE,5.0087,36.04812
91,343,TRUE,1,1
91,346,FALSE,27.02234,6.01758
91,347,FALSE,33.03503,6.0851
91,348,FALSE,27.09298,6.03043
91,349,FALSE,25.07243,2.01628
91,350,FALSE,29.13179,6.14263
91,351,FALSE,25.14683,6.12363
91,352,FALSE,34.06149,6.03932
91,353,FALSE,37.04561,34.04259
91,354,FALSE,34.12092,34.12764
91,355,FALSE,23.00581,4.04728
91,357,FALSE,28.0093,5.09084
91,358,FALSE,28.08257,6.00479
91,359,FALSE,32.11489,6.00453
91,361,FALSE,25.14613,6.06151
91,363,FALSE,35.07042,35.09112
91,364,FALSE,35.09411,35.10998
91,365,FALSE,23.03425,3.05855
91,366,FALSE,5.08012,5.10807
91,367,FALSE,35.00517,35.02155
91,370,FALSE,28.12893,6.07164
91,371,FALSE,33.03748,6.14574
91,372,FALSE,33.10179,6.14326
91,373,FALSE,6.14091,6.09423
91,374,FALSE,37.13862,1.03406
91,375,FALSE,4.04939,5.11509
91,376,FALSE,5.05359,6.02918
91,377,FALSE,1,2.10916
91,378,FALSE,28.05837,33.07412
91,379,FALSE,5.13461,28.00993
91,380,FALSE,33.10177,34.03408
91,381,FALSE,5.00344,6.07577
91,383,FALSE,28.13311,5.07337
91,384,FALSE,30.01432,6.08303
91,385,FALSE,25.08283,3.01651
91,386,FALSE,27.08834,1.07143
91,387,FALSE,34.06346,1.12775
91,388,FALSE,5.0036,2.0199
91,389,FALSE,7.12751,2.03029
91,390,FALSE,27.00483,3.05985
91,391,FALSE,23.11876,2.13035
91,394,FALSE,30.10788,5.13081
91,395,FALSE,2.0964,35.01846
91,396,FALSE,3.13495,35.10702
91,397,FALSE,4.0225,35.10695
91,398,FALSE,33.11051,35.08772
91,403,FALSE,19.07851,6.07267
91,404,FALSE,34.07257,35.0843
91,405,FALSE,5.13672,35.13695
91,406,FALSE,1,4.11232
91,407,FALSE,28.14432,29.11554
91,408,TRUE,4.11953,1
91,412,FALSE,34.14677,10.11875
91,413,FALSE,25.09307,20.0389
91,414,FALSE,31.08444,10.10451
91,415,FALSE,28.06886,30.08432
91,416,FALSE,20.04606,33.04823
91,417,FALSE,28.00003,6.11985
91,418,FALSE,35.03853,35.07161
91,419,FALSE,33.03085,33.11351
91,420,FALSE,33.03407,33.07395
91,421,FALSE,33.0231,33.11147
91,422,FALSE,28.09025,30.02654
91,423,FALSE,23.06814,6.10891
91,425,FALSE,5.11305,6.01814
91,426,FALSE,33.12977,6.04148
91,427,FALSE,6.13085,6.10252
91,428,FALSE,33.07547,33.1131
91,429,FALSE,28.11815,33.11312
92,1,FALSE,23.02916,6.05048
92,3,FALSE,4.11072,4.14649
92,5,FALSE,37.0205,6.01513
92,6,FALSE,33.08891,5.04527
92,7,FALSE,1,4.03813
92,9,FALSE,5.10824,5.07573
92,10,FALSE,4.07028,5.00796
92,11,FALSE,1,6.03561
92,13,FALSE,6.08904,6.09504
92,17,FALSE,28.0945,6.01568
92,18,FALSE,6.00831,6.00858
92,19,TRUE,33.10545,1
92,21,FALSE,18.07507,6.06601
92,22,FALSE,6.14705,6.08704
92,25,FALSE,19.04786,6.03438
92,29,FALSE,5.11916,2.10481
92,30,FALSE,6.10035,6.06863
92,69,FALSE,24.08238,2.05025
92,70,FALSE,23.14276,28.023
92,71,FALSE,6.09775,6.09987
92,72,FALSE,33.04454,33.06335
92,73,FALSE,28.10643,28.00519
92,74,FALSE,33.04623,33.06975
92,75,FALSE,33.10629,34.01788
92,76,FALSE,6.13273,6.13561
92,77,FALSE,6.14353,18.13003
92,78,FALSE,29.07356,6.02086
92,79,FALSE,6.09487,6.09871
92,82,FALSE,29.04954,6.08104
92,83,FALSE,18.07996,3.08007
92,84,FALSE,1,33.12744
92,85,FALSE,1,2.12858
92,86,TRUE,29.07462,1
92,91,FALSE,5.1337,5.07793
92,92,FALSE,6.05126,6.05302
92,93,FALSE,23.0627,6.10844
92,95,FALSE,5.13465,3.0864
92,98,FALSE,30.07181,5.1044
92,99,FALSE,34.09056,22.06182
92,100,FALSE,35.03926,6.09534
92,101,FALSE,23.1332,3.02378
92,103,FALSE,25.04962,6.08854
92,104,FALSE,30.14239,6.0396
92,106,FALSE,28.0996,3.12269
92,107,FALSE,26.12432,4.08404
92,109,FALSE,34.05867,6.14159
92,110,FALSE,28.10266,6.05905
92,111,FALSE,33.08682,3.09636
92,112,FALSE,22.11454,3.05755
92,113,FALSE,28.13439,5.00504
92,114,FALSE,5.09079,2.11267
92,115,FALSE,5.14038,6.08153
92,116,FALSE,28.06264,3.00394
92,117,FALSE,5.11201,4.13672
92,118,FALSE,18.10593,2.14069
92,120,FALSE,34.05289,2.03794
92,121,FALSE,5.1405,3.06046
92,122,FALSE,5.13721,2.07789
92,123,FALSE,6.03358,2.09055
92,124,FALSE,37.07775,5.10062
92,125,FALSE,34.02423,35.10809
92,126,FALSE,30.11276,35.00891
92,127,FALSE,24.00755,6.14123
92,128,FALSE,30.13032,6.08593
92,129,FALSE,30.07245,6.01705
92,130,FALSE,35.10617,35.11176
92,131,FALSE,5.03739,4.0772
92,133,FALSE,5.06523,3.07933
92,134,FALSE,5.08733,4.01378
92,135,FALSE,4.07111,4.03531
92,136,FALSE,4.12181,4.12516
92,137,TRUE,5.07434,1
92,139,FALSE,5.04868,5.0104
92,140,FALSE,3.07954,4.01921
92,141,FALSE,2.12648,6.01807
92,142,FALSE,3.0293,3.00837
92,143,FALSE,5.08475,1.00443
92,144,FALSE,31.00232,4.08383
92,145,FALSE,1,30.08806
92,146,TRUE,1,1
92,147,FALSE,1,2.1233
92,148,TRUE,1,1
92,149,TRUE,18.12919,1
92,150,FALSE,1,35.02855
92,151,TRUE,1.09018,1
92,153,FALSE,6.143,6.14308
92,154,FALSE,23.10294,6.05688
92,155,FALSE,37.08359,4.01335
92,156,FALSE,5.07867,6.08298
92,157,FALSE,5.10424,1.05955
92,158,FALSE,18.04344,4.06634
92,159,FALSE,23.06624,3.03699
92,160,FALSE,23.06589,4.10515
92,161,FALSE,18.08229,4.02762
92,162,FALSE,29.01589,34.09203
92,164,FALSE,37.01118,5.12524
92,165,FALSE,6.10402,35.07373
92,166,FALSE,30.11264,35.09072
92,167,FALSE,5.10831,6.02087
92,168,FALSE,1,35.07059
92,169,FALSE,30.12887,35.0562
92,173,FALSE,28.07322,6.01525
92,175,FALSE,3.14235,3.10565
92,176,FALSE,5.02106,5.00865
92,177,FALSE,30.1166,6.10788
92,178,FALSE,35.06109,34.00102
92,179,FALSE,34.01076,6.14696
92,180,FALSE,28.13605,28.03183
92,181,FALSE,35.04204,33.10783
92,182,FALSE,25.02296,6.07868
92,183,FALSE,35.13512,6.08059
92,184,FALSE,37.09075,6.13164
92,185,FALSE,28.12582,6.10244
92,186,FALSE,37.08384,6.06331
92,188,FALSE,30.13061,1.13776
92,189,FALSE,34.13541,34.14262
92,190,FALSE,23.01261,6.09804
92,191,FALSE,30.04815,6.06183
92,192,FALSE,25.03171,6.0444
92,193,FALSE,35.05907,36.07279
92,194,FALSE,25.08285,6.12143
92,195,FALSE,28.01012,6.11025
92,197,FALSE,30.02118,2.1006
92,198,FALSE,25.02034,6.02379
92,199,FALSE,30.09628,6.14292
92,200,FALSE,6.11265,6.13635
92,201,FALSE,5.12264,6.06704
92,202,FALSE,37.09879,37.02003
92,203,FALSE,30.07747,30.05597
92,204,FALSE,30.13627,4.01727
92,206,FALSE,30.05413,2.03224
92,207,FALSE,28.12306,6.0977
92,208,FALSE,5.07782,5.08393
92,209,FALSE,28.12415,28.14505
92,210,FALSE,28.13288,28.00631
92,211,FALSE,28.03769,33.01044
92,212,FALSE,4.11741,5.01158
92,213,FALSE,13.12235,5.11177
92,216,FALSE,28.10092,6.09605
92,217,FALSE,29.03952,6.13727
92,218,FALSE,30.07084,6.11184
92,219,FALSE,25.08556,6.13871
92,222,FALSE,28.14455,5.04518
92,225,FALSE,33.13315,33.14737
92,226,FALSE,35.09179,6.08678
92,227,FALSE,37.13887,34.12636
92,229,FALSE,33.12459,33.10644
92,230,FALSE,33.06485,33.03028
92,233,FALSE,30.13621,6.00008
92,234,FALSE,30.03435,33.00782
92,235,FALSE,30.05658,33.10366
92,236,FALSE,4.09412,4.09469
92,237,FALSE,5.0929,6.00081
92,242,FALSE,24.10231,4.03351
92,243,FALSE,6.06366,6.10483
92,251,FALSE,34.07665,34.11172
92,252,FALSE,28.01138,6.05034
92,253,FALSE,30.00463,4.09779
92,254,FALSE,4.05374,1.10464
92,255,FALSE,13.14675,3.10925
92,256,FALSE,30.03265,2.12559
92,257,FALSE,20.01941,4.06749
92,258,FALSE,18.11563,1.13285
92,259,FALSE,5.11938,33.08659
92,260,FALSE,5.02185,5.09425
92,262,FALSE,36.05895,1.05056
92,263,FALSE,6.01802,3.07465
92,264,FALSE,29.01804,6.12156
92,265,FALSE,6.01834,5.14126
92,270,FALSE,6.07077,33.09711
92,271,FALSE,28.06348,6.03317
92,272,FALSE,5.14047,6.04911
92,273,FALSE,5.10283,6.06567
92,274,FALSE,5.08732,6.0365
92,275,FALSE,6.04287,33.01366
92,280,FALSE,5.12335,3.08694
92,289,FALSE,29.09279,5.13295
92,290,FALSE,6.10934,6.10011
92,291,FALSE,6.1326,6.14189
92,292,FALSE,6.06944,5.0751
92,293,FALSE,31.11112,15.03798
92,294,FALSE,6.1201,10.0045
92,295,FALSE,36.12921,25.01959
92,296,FALSE,4.03934,20.07515
92,297,FALSE,35.12624,6.00395
92,298,FALSE,33.07535,1.07712
92,299,FALSE,34.09869,6.0473
92,300,FALSE,33.1429,6.01606
92,301,FALSE,33.02656,4.14058
92,302,FALSE,35.00035,6.00969
92,303,FALSE,33.01252,5.1036
92,308,FALSE,31.03922,5.0326
92,317,FALSE,22.13233,3.09071
92,318,FALSE,36.03014,4.11923
92,319,FALSE,30.14586,5.08897
92,320,FALSE,27.06265,4.00159
92,321,FALSE,34.05879,3.06625
92,322,FALSE,18.01043,5.09349
92,323,FALSE,17.05074,2.08213
92,324,FALSE,23.02681,2.11992
92,325,FALSE,25.0196,2.00684
92,326,FALSE,18.10396,3.02402
92,328,FALSE,25.10554,5.07924
92,329,FALSE,31.07258,6.14228
92,330,FALSE,30.02955,6.03949
92,331,FALSE,20.12288,5.03836
92,332,FALSE,30.08361,5.10425
92,333,FALSE,30.04054,33.01863
92,334,FALSE,6.03377,6.07837
92,335,FALSE,30.12393,5.11973
92,336,FALSE,30.08193,5.08121
92,337,FALSE,25.07636,6.0071
92,339,FALSE,28.14473,5.07744
92,340,TRUE,1.14175,1
92,341,TRUE,25.0064,1
92,342,FALSE,5.04423,36.03132
92,343,TRUE,1,1
92,346,FALSE,27.09409,6.06167
92,347,FALSE,33.06212,6.08434
92,348,FALSE,27.07968,6.0493
92,349,FALSE,25.12504,2.05695
92,350,FALSE,29.08922,28.12846
92,351,FALSE,25.0897,6.12354
92,352,FALSE,34.05135,6.09918
92,353,FALSE,37.08226,34.05198
92,354,FALSE,34.04928,34.06583
92,355,FALSE,23.08691,5.00434
92,357,FALSE,29.10015,5.10936
92,358,FALSE,28.02703,6.01521
92,359,FALSE,32.11873,6.00351
92,361,FALSE,25.14237,6.05324
92,363,FALSE,35.05694,35.0704
92,364,FALSE,35.09248,35.12681
92,365,FALSE,23.1172,3.08796
92,366,FALSE,5.13385,5.13415
92,367,FALSE,35.00396,35.00666
92,370,FALSE,28.09016,6.07937
92,371,FALSE,33.06684,6.13399
92,372,FALSE,33.14389,6.13568
92,373,FALSE,6.07167,6.05466
92,374,FALSE,37.07386,1.05724
92,375,FALSE,4.03057,5.09756
92,376,FALSE,5.00286,6.04346
92,377,FALSE,2.05835,6.00983
92,378,FALSE,28.07801,33.11414
92,379,FALSE,5.03001,28.09582
92,380,FALSE,33.03986,34.13435
92,381,FALSE,5.04924,6.04631
92,383,FALSE,28.12956,5.04037
92,384,FALSE,28.14489,6.09479
92,385,FALSE,25.10229,2.11063
92,386,FALSE,27.05035,4.10336
92,387,FALSE,34.0722,1.12808
92,388,FALSE,5.05495,2.01166
92,389,FALSE,7.09941,2.00355
92,390,FALSE,27.01511,3.13378
92,391,FALSE,23.01562,4.00931
92,394,FALSE,30.12551,5.0386
92,395,FALSE,2.08887,35.09405
92,396,FALSE,3.01477,35.03177
92,397,FALSE,4.07668,35.03315
92,398,FALSE,33.07416,35.11306
92,403,FALSE,19.1081,6.01569
92,404,FALSE,34.12928,35.09771
92,405,FALSE,5.03596,35.01011
92,406,FALSE,4.03446,6.04756
92,407,FALSE,28.08963,29.07213
92,408,TRUE,4.12126,1
92,412,FALSE,34.12133,10.09974
92,413,FALSE,25.05738,20.02745
92,414,FALSE,31.02456,10.03899
92,415,FALSE,28.0609,30.11514
92,416,FALSE,20.13897,33.04105
92,417,FALSE,28.11627,6.13328
92,418,FALSE,35.03222,35.08089
92,419,FALSE,33.11161,33.11996
92,420,FALSE,33.052,33.06043
92,421,FALSE,33.05751,33.14551
92,422,FALSE,30.07343,28.03133
92,423,FALSE,23.03384,6.11378
92,425,FALSE,37.13321,6.04982
92,426,FALSE,33.12493,6.05104
92,427,FALSE,6.12201,6.09104
92,428,FALSE,33.08111,33.06491
92,429,FALSE,28.09455,33.038
93,1,FALSE,23.08504,6.08553
93,3,FALSE,4.01146,4.03788
93,5,FALSE,37.02497,6.02563
93,6,FALSE,33.03256,5.04466
93,7,FALSE,1,4.0102
93,9,FALSE,5.1406,5.0316
93,10,FALSE,4.12367,5.13032
93,11,FALSE,1,6.0116
93,13,FALSE,6.06597,6.07973
93,17,FALSE,28.04037,6.03824
93,18,FALSE,6.08995,6.06547
93,19,TRUE,33.03173,1
93,21,FALSE,18.02607,6.05606
93,22,FALSE,6.13654,6.08749
93,25,FALSE,19.05933,6.00157
93,29,FALSE,5.14187,3.01908
93,30,FALSE,6.12743,6.10917
93,69,FALSE,24.04124,2.14453
93,70,FALSE,23.14295,28.0022
93,71,FALSE,28.02323,6.06131
93,72,FALSE,33.01862,33.09565
93,73,FALSE,28.06006,28.09905
93,74,FALSE,37.02254,33.04544
93,75,FALSE,33.11223,34.07213
93,76,FALSE,6.12101,6.14092
93,77,FALSE,6.10581,18.14371
93,78,FALSE,29.04322,6.03252
93,79,FALSE,6.06334,6.07027
93,82,FALSE,29.09429,6.04487
93,83,FALSE,18.0136,3.13967
93,84,FALSE,1,33.06243
93,85,FALSE,1,2.07622
93,86,TRUE,29.01726,1
93,91,FALSE,5.10208,5.07534
93,92,FALSE,6.0333,6.04094
93,93,FALSE,23.09336,6.11704
93,95,FALSE,5.08235,4.07538
93,98,FALSE,30.1351,5.10856
93,99,FALSE,34.11256,22.00999
93,100,FALSE,35.02898,6.11752
93,101,FALSE,23.08651,5.06923
93,103,FALSE,25.12898,6.12538
93,104,FALSE,30.0818,6.07731
93,106,FALSE,28.10832,3.10265
93,107,FALSE,26.07465,4.01159
93,109,FALSE,34.01258,6.14299
93,110,FALSE,28.11629,6.07999
93,111,FALSE,33.00507,3.02862
93,112,FALSE,22.14385,3.05386
93,113,FALSE,28.08968,5.01677
93,114,FALSE,5.06641,2.00844
93,115,FALSE,5.14307,6.03727
93,116,FALSE,28.12093,3.0486
93,117,FALSE,5.09293,4.11682
93,118,FALSE,18.11444,4.02371
93,120,FALSE,34.07359,2.0177
93,121,FALSE,5.12597,3.08988
93,122,FALSE,5.09989,2.00357
93,123,FALSE,6.11177,2.05652
93,124,FALSE,37.08313,2.10553
93,125,FALSE,34.11688,35.03946
93,126,FALSE,30.12703,35.03838
93,127,FALSE,24.13392,6.07509
93,128,FALSE,30.13594,6.1134
93,129,FALSE,30.04712,6.12753
93,130,FALSE,35.07608,35.14514
93,131,FALSE,5.04651,4.00656
93,133,FALSE,5.13015,3.02938
93,134,FALSE,5.07529,4.02009
93,135,FALSE,4.11172,2.03763
93,136,FALSE,4.1402,4.06413
93,137,FALSE,5.0603,4.03895
93,139,FALSE,5.04553,5.13908
93,140,FALSE,3.02046,4.0139
93,141,FALSE,2.09872,6.07855
93,142,FALSE,3.04746,3.1212
93,143,FALSE,5.09507,1.11476
93,144,FALSE,5.09492,4.01044
93,145,TRUE,30.05787,1
93,146,TRUE,1,1
93,147,FALSE,1,2.04655
93,148,TRUE,1,1
93,149,TRUE,18.05004,1
93,150,FALSE,1,35.11024
93,151,TRUE,1.11811,1
93,153,FALSE,6.08893,6.09977
93,154,FALSE,23.10585,6.04111
93,155,FALSE,5.147,4.12261
93,156,FALSE,28.10808,5.00724
93,157,FALSE,5.10641,1.06834
93,158,FALSE,18.08841,4.13907
93,159,FALSE,23.03563,3.00647
93,160,FALSE,23.07479,4.1001
93,161,FALSE,18.08973,4.06285
93,162,FALSE,29.0523,34.02385
93,164,FALSE,37.12933,5.14729
93,165,FALSE,6.1059,35.00478
93,166,FALSE,30.10772,35.01161
93,167,FALSE,5.0645,6.08246
93,168,FALSE,1,35.13527
93,169,FALSE,30.04459,35.1391
93,173,FALSE,28.08872,6.00997
93,175,FALSE,4.11977,3.13546
93,176,FALSE,5.07929,5.04638
93,177,FALSE,30.09802,6.08336
93,178,FALSE,35.02311,34.01021
93,179,FALSE,34.10539,6.12811
93,180,FALSE,28.08847,28.08393
93,181,FALSE,35.02423,33.0386
93,182,FALSE,10.07502,6.11712
93,183,FALSE,35.06776,6.13972
93,184,FALSE,37.14125,6.12195
93,185,FALSE,28.00963,6.12954
93,186,FALSE,37.11096,6.03294
93,188,FALSE,30.1062,1.02962
93,189,FALSE,34.09368,34.1083
93,190,FALSE,23.0859,6.12406
93,191,FALSE,30.11471,6.082
93,192,FALSE,25.13839,6.12088
93,193,FALSE,35.12158,36.04315
93,194,FALSE,25.02943,6.0674
93,195,FALSE,28.07988,6.13105
93,197,FALSE,30.04865,1.06315
93,198,FALSE,25.10255,6.06169
93,199,FALSE,30.12676,23.07425
93,200,FALSE,6.10026,6.1054
93,201,FALSE,5.11839,6.07905
93,202,FALSE,37.01257,37.05834
93,203,FALSE,30.13487,6.06703
93,204,FALSE,30.13767,2.04423
93,206,FALSE,30.00047,2.0253
93,207,FALSE,28.03479,6.13526
93,208,FALSE,5.13045,5.09023
93,209,FALSE,28.03555,28.13913
93,210,FALSE,28.04285,28.08167
93,211,FALSE,28.13625,33.0535
93,212,FALSE,4.13857,5.01499
93,213,FALSE,13.01651,5.09189
93,216,FALSE,28.10042,6.10527
93,217,FALSE,29.02197,6.12627
93,218,FALSE,30.14428,6.09309
93,219,FALSE,25.07893,6.14011
93,222,FALSE,28.12653,5.08929
93,225,FALSE,33.08303,33.11886
93,226,FALSE,35.1427,6.09731
93,227,FALSE,37.12505,34.04893
93,229,FALSE,33.10402,33.09999
93,230,FALSE,33.05565,33.04335
93,233,FALSE,30.14398,6.00781
93,234,FALSE,30.04978,33.05183
93,235,FALSE,30.08508,33.0483
93,236,FALSE,4.05194,4.11731
93,237,FALSE,5.07619,6.10172
93,242,FALSE,24.04982,4.07902
93,243,FALSE,6.00725,6.09733
93,251,FALSE,34.1123,34.13485
93,252,FALSE,28.09791,6.06625
93,253,FALSE,30.0495,4.089
93,254,FALSE,4.14469,1.05144
93,255,FALSE,13.05624,3.14311
93,256,FALSE,30.1307,2.09929
93,257,FALSE,20.00464,4.13725
93,258,FALSE,18.11326,1.03388
93,259,FALSE,5.05082,33.01201
93,260,FALSE,5.01402,5.07426
93,262,FALSE,36.07735,1.02786
93,263,FALSE,6.00852,3.0995
93,264,FALSE,29.02284,6.08493
93,265,FALSE,6.03436,5.10161
93,270,FALSE,6.09044,33.04484
93,271,FALSE,28.06059,6.13924
93,272,FALSE,5.04354,6.03178
93,273,FALSE,5.13109,6.1005
93,274,FALSE,5.10569,6.00056
93,275,FALSE,6.03419,33.00559
93,280,FALSE,5.10281,3.0651
93,289,FALSE,29.06714,5.13656
93,290,FALSE,6.10951,6.11396
93,291,FALSE,6.11108,6.11855
93,292,FALSE,6.02107,5.12893
93,293,FALSE,30.11032,15.0431
93,294,FALSE,6.09091,10.09661
93,295,FALSE,36.06595,25.01941
93,296,FALSE,4.0126,20.13004
93,297,FALSE,35.04713,6.02348
93,298,FALSE,33.1103,1.05658
93,299,FALSE,34.04334,6.0397
93,300,FALSE,33.14063,4.06559
93,301,FALSE,33.06721,4.12222
93,302,FALSE,35.00356,6.04174
93,303,FALSE,33.07207,5.13678
93,308,FALSE,31.00603,5.03909
93,317,FALSE,22.00587,4.01335
93,318,FALSE,36.05061,4.12587
93,319,FALSE,30.1378,5.14739
93,320,FALSE,27.01602,4.11293
93,321,FALSE,34.08676,3.13097
93,322,FALSE,18.07947,5.09471
93,323,FALSE,17.10275,2.14595
93,324,FALSE,23.12749,2.13848
93,325,FALSE,25.14517,2.07703
93,326,FALSE,28.04699,3.11031
93,328,FALSE,25.04742,5.12433
93,329,FALSE,31.11657,6.1473
93,330,FALSE,30.04268,6.03633
93,331,FALSE,20.11902,5.05245
93,332,FALSE,20.10596,6.1048
93,333,FALSE,30.05242,33.11241
93,334,FALSE,6.06345,6.07564
93,335,FALSE,30.11606,5.10122
93,336,FALSE,30.13098,5.00685
93,337,FALSE,25.13607,6.01619
93,339,FALSE,28.05193,5.11575
93,340,TRUE,1.10298,1
93,341,TRUE,25.11876,1
93,342,FALSE,5.05964,36.1029
93,343,TRUE,1,1
93,346,FALSE,27.11782,6.02564
93,347,FALSE,33.05205,6.09988
93,348,FALSE,27.10655,6.06203
93,349,FALSE,25.0983,2.13389
93,350,FALSE,29.08549,6.13877
93,351,FALSE,25.03054,6.10465
93,352,FALSE,34.0206,6.07369
93,353,FALSE,37.10705,34.09043
93,354,FALSE,34.1329,34.14257
93,355,FALSE,23.06158,5.0708
93,357,FALSE,29.12847,5.10494
93,358,FALSE,28.1021,6.00763
93,359,FALSE,32.02039,6.00335
93,361,FALSE,25.12737,6.05389
93,363,FALSE,35.0424,35.09553
93,364,FALSE,35.08758,35.10816
93,365,FALSE,23.12312,3.06431
93,366,FALSE,5.12089,5.13226
93,367,FALSE,35.02897,35.03306
93,370,FALSE,28.11777,6.08926
93,371,FALSE,33.02552,6.11474
93,372,FALSE,33.11536,6.14641
93,373,FALSE,6.11979,6.00868
93,374,FALSE,37.05406,1.02544
93,375,FALSE,23.10078,5.01709
93,376,FALSE,5.02878,6.03314
93,377,FALSE,2.12172,6.13061
93,378,FALSE,28.00425,33.05453
93,379,FALSE,5.03189,28.04599
93,380,FALSE,33.12765,34.03288
93,381,FALSE,5.12146,6.11598
93,383,FALSE,30.13512,5.09833
93,384,FALSE,28.11257,6.12485
93,385,FALSE,25.13855,2.0514
93,386,FALSE,27.00022,1.01377
93,387,FALSE,34.11415,2.00407
93,388,FALSE,5.06851,2.07804
93,389,FALSE,7.08079,2.02734
93,390,FALSE,27.10341,3.07674
93,391,FALSE,23.12692,4.01561
93,394,FALSE,30.13271,5.06474
93,395,FALSE,2.03469,35.028
93,396,FALSE,3.10151,35.04034
93,397,FALSE,4.07956,35.07754
93,398,FALSE,33.04448,35.09629
93,403,FALSE,19.03529,6.07095
93,404,FALSE,34.01121,35.10197
93,405,FALSE,5.12727,35.06133
93,406,FALSE,1,4.03258
93,407,FALSE,28.12291,29.09515
93,408,TRUE,4.08927,1
93,412,FALSE,34.1185,10.0963
93,413,FALSE,25.02006,20.11733
93,414,FALSE,31.00368,10.08416
93,415,FALSE,28.06634,30.00297
93,416,FALSE,20.12398,33.03462
93,417,FALSE,23.08635,6.12607
93,418,FALSE,35.00472,35.01663
93,419,FALSE,33.02281,33.06581
93,420,FALSE,33.12559,33.13435
93,421,FALSE,33.03797,33.09955
93,422,FALSE,30.06263,28.02363
93,423,FALSE,23.04998,6.0911
93,425,FALSE,37.10393,5.13517
93,426,FALSE,33.13409,6.05956
93,427,FALSE,6.1396,6.10189
93,428,FALSE,33.10929,33.09695
93,429,FALSE,28.06304,33.00821
94,1,FALSE,23.01882,6.07075
94,3,FALSE,4.00258,4.04096
94,5,FALSE,37.11979,6.00616
94,6,FALSE,33.073,5.09653
94,7,FALSE,1,4.09666
94,9,FALSE,5.12446,4.05289
94,10,FALSE,4.11626,4.09383
94,11,FALSE,1,6.00305
94,13,FALSE,6.08801,6.08226
94,17,FALSE,28.13379,6.02341
94,18,FALSE,6.06875,6.01676
94,19,TRUE,33.13793,1
94,21,FALSE,18.01129,6.04956
94,22,FALSE,6.10773,6.10885
94,25,FALSE,19.06818,6.01619
94,29,FALSE,5.14383,3.02422
94,30,FALSE,6.12761,6.04458
94,69,FALSE,24.11632,2.13405
94,70,FALSE,23.00886,28.14256
94,71,FALSE,28.05671,6.07236
94,72,FALSE,33.03889,33.04037
94,73,FALSE,28.1276,28.02086
94,74,FALSE,33.03871,33.04584
94,75,FALSE,33.13824,34.00703
94,76,FALSE,28.00321,6.14285
94,77,FALSE,6.0792,18.11816
94,78,FALSE,23.07314,6.02809
94,79,FALSE,6.07121,6.07561
94,82,FALSE,29.11603,6.06436
94,83,FALSE,18.05855,3.14309
94,84,FALSE,1,33.03301
94,85,TRUE,2.08029,1
94,86,TRUE,29.03803,1
94,91,FALSE,5.14345,5.0845
94,92,FALSE,6.06435,6.07854
94,93,FALSE,23.11842,6.11846
94,95,FALSE,5.14228,4.07419
94,98,FALSE,30.00287,5.04717
94,99,FALSE,34.12451,22.02889
94,100,FALSE,35.00125,6.08387
94,101,FALSE,23.07714,3.02696
94,103,FALSE,25.11027,6.0632
94,104,FALSE,30.00517,6.00375
94,106,FALSE,28.102,3.11908
94,107,FALSE,26.12739,4.08294
94,109,FALSE,34.08777,6.10796
94,110,FALSE,28.01905,6.05956
94,111,FALSE,33.13303,5.10304
94,112,FALSE,22.00329,4.02872
94,113,FALSE,28.13167,5.14114
94,114,FALSE,5.10755,2.05297
94,115,FALSE,5.11364,6.0219
94,116,FALSE,28.07536,3.00352
94,117,FALSE,5.14312,4.0455
94,118,FALSE,18.11946,2.07432
94,120,FALSE,34.08601,2.05477
94,121,FALSE,5.09861,3.03179
94,122,FALSE,5.13393,1.09005
94,123,FALSE,6.02262,2.13318
94,124,FALSE,37.10799,2.09826
94,125,FALSE,34.06381,35.02921
94,126,FALSE,30.05527,35.00383
94,127,FALSE,24.14616,6.05487
94,128,FALSE,30.13995,6.00432
94,129,FALSE,30.03255,6.05532
94,130,FALSE,35.11808,35.12881
94,131,FALSE,5.14306,4.13025
94,133,FALSE,5.1131,3.03415
94,134,FALSE,4.01594,4.02628
94,135,FALSE,4.03318,4.09905
94,136,FALSE,4.11651,6.00715
94,137,FALSE,5.11162,4.03173
94,139,FALSE,5.13629,5.03182
94,140,FALSE,3.13159,4.11106
94,141,FALSE,2.1239,6.01436
94,142,FALSE,3.12199,3.03891
94,143,FALSE,5.11284,1.03667
94,144,FALSE,5.08535,4.08073
94,145,TRUE,30.01912,1
94,146,TRUE,1,1
94,147,FALSE,1,2.10785
94,148,TRUE,1,1
94,149,TRUE,18.06625,1
94,150,FALSE,1,35.10583
94,151,TRUE,1.05728,1
94,153,FALSE,6.10192,6.11718
94,154,FALSE,28.05515,6.01429
94,155,FALSE,37.01942,4.05794
94,156,FALSE,28.01875,5.05999
94,157,FALSE,5.11622,2.04601
94,158,FALSE,18.0898,4.0028
94,159,FALSE,23.01683,1.05964
94,160,FALSE,23.13592,4.04859
94,161,FALSE,18.02644,4.0751
94,162,FALSE,29.13708,34.02168
94,164,FALSE,37.13363,5.00798
94,165,FALSE,6.11725,35.14334
94,166,FALSE,30.0531,35.12117
94,167,FALSE,5.12247,6.12005
94,168,FALSE,1,35.13915
94,169,FALSE,30.10718,35.08475
94,173,FALSE,29.11914,6.01678
94,175,FALSE,3.13433,3.12497
94,176,FALSE,5.07282,5.0373
94,177,FALSE,30.10365,6.10119
94,178,FALSE,35.0439,34.00051
94,179,FALSE,34.01528,6.14685
94,180,FALSE,28.04765,28.05932
94,181,FALSE,35.04628,33.06519
94,182,FALSE,10.04851,6.11868
94,183,FALSE,35.03915,6.0144
94,184,FALSE,37.05788,6.079
94,185,FALSE,28.14671,6.13789
94,186,FALSE,37.00344,6.02208
94,188,FALSE,30.06654,1.07868
94,189,FALSE,34.08015,34.13435
94,190,FALSE,23.07308,6.06178
94,191,FALSE,30.06592,6.03766
94,192,FALSE,25.00185,6.05711
94,193,FALSE,35.09834,36.06337
94,194,FALSE,25.0926,6.01121
94,195,FALSE,28.00201,6.14095
94,197,FALSE,30.14674,1.01402
94,198,FALSE,25.0026,6.04814
94,199,FALSE,30.07898,6.12645
94,200,FALSE,6.02739,6.14585
94,201,FALSE,5.08302,6.00088
94,202,FALSE,37.0521,37.07208
94,203,FALSE,30.12967,30.06053
94,204,FALSE,30.099,6.13148
94,206,FALSE,30.12594,2.03702
94,207,FALSE,28.0723,6.1003
94,208,FALSE,5.14414,4.13407
94,209,FALSE,28.10161,28.02979
94,210,FALSE,28.0599,28.14187
94,211,FALSE,28.14303,33.04441
94,212,FALSE,4.14203,5.0253
94,213,FALSE,13.14473,5.07429
94,216,FALSE,28.10619,6.10586
94,217,FALSE,29.11125,6.13153
94,218,FALSE,30.12807,6.10769
94,219,FALSE,25.06939,6.12825
94,222,FALSE,28.13155,5.12827
94,225,FALSE,33.0794,33.11748
94,226,FALSE,35.00651,6.09098
94,227,FALSE,37.00117,34.0365
94,229,FALSE,33.10654,33.09354
94,230,FALSE,33.03185,33.01127
94,233,FALSE,30.12902,6.02181
94,234,FALSE,30.10079,33.02288
94,235,FALSE,30.10639,33.01015
94,236,FALSE,4.05106,4.03079
94,237,FALSE,5.10706,6.0214
94,242,FALSE,24.02822,4.02106
94,243,FALSE,6.0046,6.13135
94,251,FALSE,34.05765,34.07315
94,252,FALSE,28.08389,6.07569
94,253,FALSE,30.07493,4.06251
94,254,FALSE,4.0161,1.11236
94,255,FALSE,13.02785,3.02584
94,256,FALSE,30.0781,2.09141
94,257,FALSE,20.04953,4.13173
94,258,FALSE,18.04521,1.10486
94,259,FALSE,5.01375,33.12727
94,260,FALSE,5.00271,5.03113
94,262,FALSE,36.09131,1.00652
94,263,FALSE,6.02219,3.13479
94,264,FALSE,29.09995,6.11836
94,265,FALSE,6.09917,5.08586
94,270,FALSE,6.12357,33.01902
94,271,FALSE,28.14354,6.08722
94,272,FALSE,5.08841,6.03567
94,273,FALSE,5.14378,6.08194
94,274,FALSE,5.10642,6.04182
94,275,FALSE,6.01726,33.1213
94,280,FALSE,5.08309,3.12468
94,289,FALSE,29.05075,5.14546
94,290,FALSE,6.11316,6.11598
94,291,FALSE,6.14612,6.14613
94,292,FALSE,6.06794,5.09331
94,293,FALSE,30.14597,15.02146
94,294,FALSE,6.09729,10.01841
94,295,FALSE,36.01289,25.00414
94,296,FALSE,4.05869,20.05152
94,297,FALSE,35.09367,6.00426
94,298,FALSE,33.01849,1.13473
94,299,FALSE,34.03819,6.11225
94,300,FALSE,33.13867,4.04703
94,301,FALSE,33.11477,4.14423
94,302,FALSE,35.11566,5.09648
94,303,FALSE,33.09718,5.07337
94,308,FALSE,31.07626,3.11594
94,317,FALSE,22.11765,3.01971
94,318,FALSE,36.02646,4.1454
94,319,FALSE,30.10947,5.03365
94,320,FALSE,27.0795,4.14399
94,321,FALSE,34.09518,4.05116
94,322,FALSE,18.02914,5.13892
94,323,FALSE,17.04766,2.03808
94,324,FALSE,23.03535,1.14254
94,325,FALSE,25.13141,4.09276
94,326,FALSE,18.09021,4.04478
94,328,FALSE,25.04798,5.05072
94,329,FALSE,31.14229,20.0404
94,330,FALSE,28.00282,6.06095
94,331,FALSE,20.08057,5.02133
94,332,FALSE,20.13468,6.12666
94,333,FALSE,30.0242,33.0338
94,334,FALSE,6.06709,6.08249
94,335,FALSE,30.03156,5.1171
94,336,FALSE,30.04384,5.10013
94,337,FALSE,25.10614,6.01976
94,339,FALSE,28.10297,5.13487
94,340,TRUE,1.0869,1
94,341,TRUE,25.07427,1
94,342,FALSE,5.05652,36.06647
94,343,TRUE,1,1
94,346,FALSE,27.02807,6.04211
94,347,FALSE,33.06616,6.10305
94,348,FALSE,27.10529,6.02069
94,349,FALSE,25.13283,2.07846
94,350,FALSE,29.06937,6.14707
94,351,FALSE,25.12132,6.09408
94,352,FALSE,34.05136,6.09248
94,353,FALSE,37.09877,34.06192
94,354,FALSE,34.07647,34.09972
94,355,FALSE,23.06577,5.08974
94,357,FALSE,29.13154,5.09916
94,358,FALSE,28.0783,6.00077
94,359,FALSE,32.02686,6.03413
94,361,FALSE,25.1128,6.09226
94,363,FALSE,35.09513,35.118
94,364,FALSE,35.08487,35.10734
94,365,FALSE,23.04689,3.07662
94,366,FALSE,5.08917,5.09827
94,367,FALSE,35.01043,35.03311
94,370,FALSE,28.14246,6.08554
94,371,FALSE,33.0245,6.0571
94,372,FALSE,33.02801,6.1351
94,373,FALSE,6.117,6.04804
94,374,FALSE,37.07122,1.02679
94,375,FALSE,23.06174,5.11121
94,376,FALSE,5.13175,6.01822
94,377,FALSE,1,2.00555
94,378,FALSE,28.03997,33.08687
94,379,FALSE,5.11418,28.09952
94,380,FALSE,33.0305,34.13086
94,381,FALSE,5.10607,6.08927
94,383,FALSE,30.10433,5.05343
94,384,FALSE,28.11272,6.12341
94,385,FALSE,25.0844,2.06317
94,386,FALSE,27.10674,1.14604
94,387,FALSE,34.14343,1.1169
94,388,FALSE,5.1049,2.04319
94,389,FALSE,7.01532,2.06098
94,390,FALSE,27.10559,3.14232
94,391,FALSE,23.11358,4.11194
94,394,FALSE,30.07899,5.12135
94,395,FALSE,2.12187,35.11694
94,396,FALSE,3.05965,35.09725
94,397,FALSE,4.01466,35.09805
94,398,FALSE,33.14715,35.07042
94,403,FALSE,19.11212,6.0049
94,404,FALSE,34.09987,35.03873
94,405,FALSE,5.0294,35.12994
94,406,FALSE,1,4.07713
94,407,FALSE,28.0478,29.03736
94,408,TRUE,4.03594,1
94,412,FALSE,34.05036,10.03949
94,413,FALSE,15.01693,20.04451
94,414,FALSE,31.04345,10.13172
94,415,FALSE,28.02037,30.12897
94,416,FALSE,20.04944,33.06499
94,417,FALSE,23.13458,6.12149
94,418,FALSE,35.01987,35.08868
94,419,FALSE,33.03005,33.11988
94,420,FALSE,33.08407,33.11325
94,421,FALSE,33.01388,33.02598
94,422,FALSE,30.08893,28.12995
94,423,FALSE,23.11758,6.05503
94,425,FALSE,5.10863,6.04198
94,426,FALSE,33.06862,6.05497
94,427,FALSE,6.13071,6.05753
94,428,FALSE,33.10084,33.11142
94,429,FALSE,28.06199,33.12258
95,1,FALSE,23.025,6.05635
95,3,FALSE,4.10098,4.11229
95,5,FALSE,37.08044,6.03496
95,6,FALSE,33.02101,5.01382
95,7,FALSE,1,4.0236
95,9,FALSE,5.08615,4.04108
95,10,FALSE,4.02047,4.09006
95,11,FALSE,1,6.08311
95,13,FALSE,6.10858,6.11282
95,17,FALSE,28.04421,6.02804
95,18,FALSE,6.01897,6.02448
95,19,TRUE,33.10368,1
95,21,FALSE,18.06487,6.08606
95,22,FALSE,6.11822,6.12573
95,25,FALSE,19.04851,6.00491
95,29,FALSE,5.13275,2.05454
95,30,FALSE,6.13992,6.04827
95,69,FALSE,24.12973,2.07544
95,70,FALSE,23.08895,28.1331
95,71,FALSE,6.05944,6.07003
95,72,FALSE,33.024,33.10009
95,73,FALSE,28.1274,28.09209
95,74,FALSE,33.05653,33.06753
95,75,FALSE,33.05572,34.04208
95,76,FALSE,28.11471,6.11104
95,77,FALSE,6.10458,18.06033
95,78,FALSE,29.00448,6.04024
95,79,FALSE,6.09102,6.11368
95,82,FALSE,29.07306,3.03099
95,83,FALSE,18.02769,3.09115
95,84,FALSE,1,33.12289
95,85,FALSE,1,2.06343
95,86,TRUE,29.04633,1
95,91,FALSE,5.12202,5.11123
95,92,FALSE,6.07454,6.08751
95,93,FALSE,23.10756,6.11722
95,95,FALSE,5.09302,4.10866
95,98,FALSE,30.08813,5.12431
95,99,FALSE,34.09711,22.01294
95,100,FALSE,35.01165,6.12333
95,101,FALSE,23.11511,5.08511
95,103,FALSE,25.12786,6.13162
95,104,FALSE,30.03216,6.00326
95,106,FALSE,28.14477,3.09089
95,107,FALSE,26.02949,4.02003
95,109,FALSE,34.03481,6.10176
95,110,FALSE,28.11539,6.08196
95,111,FALSE,33.04652,3.14318
95,112,FALSE,22.05095,4.01337
95,113,FALSE,28.12281,5.0857
95,114,FALSE,5.0356,2.04938
95,115,FALSE,5.14372,6.00184
95,116,FALSE,28.0816,3.10592
95,117,FALSE,5.08247,4.08763
95,118,FALSE,18.14176,2.05352
95,120,FALSE,34.04481,2.0536
95,121,FALSE,5.12465,3.01245
95,122,FALSE,5.07913,1.13082
95,123,FALSE,6.03144,2.02035
95,124,FALSE,37.12371,2.10501
95,125,FALSE,34.04996,35.02004
95,126,FALSE,30.03204,35.03956
95,127,FALSE,24.12501,6.13622
95,128,FALSE,30.13072,4.09198
95,129,FALSE,30.01026,6.04171
95,130,FALSE,35.09629,35.14505
95,131,FALSE,5.13182,4.00883
95,133,FALSE,5.12248,3.07191
95,134,FALSE,5.14228,4.01424
95,135,FALSE,4.12745,2.10673
95,136,FALSE,4.1215,4.13857
95,137,FALSE,5.09741,4.00995
95,139,FALSE,5.10743,5.00012
95,140,FALSE,3.01961,4.00685
95,141,FALSE,2.14219,6.08011
95,142,FALSE,3.04815,3.13668
95,143,FALSE,5.00229,1.05508
95,144,FALSE,5.04546,4.10447
95,145,FALSE,1,30.06335
95,146,TRUE,1,1
95,147,FALSE,1,2.14737
95,148,TRUE,1,1
95,149,TRUE,18.10771,1
95,150,FALSE,1,35.0014
95,151,TRUE,1.07037,1
95,153,FALSE,6.09183,6.10599
95,154,FALSE,28.02324,6.022
95,155,FALSE,23.03746,4.08089
95,156,FALSE,5.06434,6.00223
95,157,FALSE,5.01082,1.10535
95,158,FALSE,18.01097,4.02719
95,159,FALSE,23.0446,1.08169
95,160,FALSE,23.0732,4.0789
95,161,FALSE,18.13149,4.09812
95,162,FALSE,29.14714,34.09465
95,164,FALSE,37.13737,5.05658
95,165,FALSE,6.00653,35.07897
95,166,FALSE,30.04184,35.08164
95,167,FALSE,5.04527,6.10303
95,168,FALSE,1,35.10318
95,169,FALSE,30.1137,35.05068
95,173,FALSE,28.03276,6.00608
95,175,FALSE,3.05975,3.05164
95,176,FALSE,5.01608,5.02416
95,177,FALSE,30.08639,6.052
95,178,FALSE,35.009,34.0307
95,179,FALSE,34.08372,6.14585
95,180,FALSE,28.0656,28.02578
95,181,FALSE,35.00017,33.04735
95,182,FALSE,10.05579,6.14694
95,183,FALSE,35.12433,6.08441
95,184,FALSE,37.06908,6.06006
95,185,FALSE,28.09125,6.14041
95,186,FALSE,37.12434,6.05338
95,188,FALSE,37.09339,1.11964
95,189,FALSE,34.08021,34.08472
95,190,FALSE,23.01724,6.14354
95,191,FALSE,30.10136,6.08352
95,192,FALSE,25.06506,6.11169
95,193,FALSE,35.10212,36.02443
95,194,FALSE,25.06488,6.07879
95,195,FALSE,28.08237,6.11286
95,197,FALSE,29.13845,2.04277
95,198,FALSE,25.02779,6.00095
95,199,FALSE,30.13195,6.04505
95,200,FALSE,6.12557,6.1369
95,201,FALSE,5.11973,6.02901
95,202,FALSE,37.01241,37.05593
95,203,FALSE,30.13639,30.09549
95,204,FALSE,30.14048,4.06903
95,206,FALSE,30.06088,2.06393
95,207,FALSE,28.12658,6.04715
95,208,FALSE,5.14554,5.10714
95,209,FALSE,28.05506,28.08203
95,210,FALSE,28.1326,28.03017
95,211,FALSE,28.05914,33.05708
95,212,FALSE,4.14611,5.07064
95,213,FALSE,13.09082,5.1276
95,216,FALSE,28.05638,6.10162
95,217,FALSE,29.06281,6.13625
95,218,FALSE,30.13372,6.09353
95,219,FALSE,25.08678,6.12338
95,222,FALSE,28.14282,5.1198
95,225,FALSE,33.12945,33.13136
95,226,FALSE,35.02237,6.07534
95,227,FALSE,37.00591,34.04061
95,229,FALSE,33.11301,33.10279
95,230,FALSE,33.10836,33.06945
95,233,FALSE,30.07351,6.03399
95,234,FALSE,30.06361,33.05245
95,235,FALSE,30.04839,33.02827
95,236,FALSE,4.00594,4.13708
95,237,FALSE,5.06459,6.13445
95,242,FALSE,24.06077,4.03675
95,243,FALSE,6.0195,6.0437
95,251,FALSE,34.07638,34.1019
95,252,FALSE,28.02134,6.10503
95,253,FALSE,30.145,4.08816
95,254,FALSE,4.04259,1.14644
95,255,FALSE,13.02151,3.01485
95,256,FALSE,30.07596,2.07254
95,257,FALSE,20.00755,4.10163
95,258,FALSE,18.05614,1.13545
95,259,FALSE,5.02472,33.13269
95,260,FALSE,5.00462,5.1341
95,262,FALSE,36.00056,1.0793
95,263,FALSE,6.04834,3.03845
95,264,FALSE,29.00303,6.12605
95,265,FALSE,6.06557,5.10449
95,270,FALSE,6.02206,33.11592
95,271,FALSE,28.1307,6.11658
95,272,FALSE,5.07222,6.00605
95,273,FALSE,5.11235,6.04097
95,274,FALSE,5.13146,6.00129
95,275,FALSE,6.07117,33.04343
95,280,FALSE,5.12334,3.00713
95,289,FALSE,29.13498,5.13739
95,290,FALSE,6.11513,6.07368
95,291,FALSE,6.13637,6.1372
95,292,FALSE,6.13392,5.00836
95,293,FALSE,30.08094,15.06831
95,294,FALSE,30.13502,10.04427
95,295,FALSE,36.01506,25.04064
95,296,FALSE,4.03831,20.05791
95,297,FALSE,35.06893,6.03483
95,298,FALSE,33.06068,2.091
95,299,FALSE,34.01436,6.07234
95,300,FALSE,33.12483,4.1156
95,301,FALSE,33.12284,4.14161
95,302,FALSE,35.05108,6.03841
95,303,FALSE,33.00116,5.0377
95,308,FALSE,31.05866,5.03703
95,317,FALSE,22.09267,3.07334
95,318,FALSE,36.11032,6.02052
95,319,FALSE,30.05351,5.09437
95,320,FALSE,27.11427,4.05729
95,321,FALSE,34.11632,3.11223
95,322,FALSE,18.00886,5.11215
95,323,FALSE,17.11309,2.01875
95,324,FALSE,23.0679,2.12119
95,325,FALSE,25.02486,2.01175
95,326,FALSE,18.14356,3.11141
95,328,FALSE,25.02914,5.0383
95,329,FALSE,31.09923,6.12029
95,330,FALSE,30.03069,6.02462
95,331,FALSE,20.04161,5.05702
95,332,FALSE,30.00622,5.08546
95,333,FALSE,30.09386,33.01194
95,334,FALSE,6.0444,6.09134
95,335,FALSE,30.09919,5.07705
95,336,FALSE,30.04185,5.03714
95,337,FALSE,25.07122,6.04
95,339,FALSE,28.07257,5.12966
95,340,TRUE,1.14214,1
95,341,TRUE,25.01322,1
95,342,FALSE,5.06896,36.07704
95,343,TRUE,1,1
95,346,FALSE,27.09371,6.0617
95,347,FALSE,33.09316,6.12609
95,348,FALSE,27.02628,6.02582
95,349,FALSE,25.04298,2.11953
95,350,FALSE,29.06261,28.01636
95,351,FALSE,25.11719,6.14609
95,352,FALSE,34.01323,6.14175
95,353,FALSE,37.08423,34.0366
95,354,FALSE,34.06122,34.11774
95,355,FALSE,23.12795,5.04954
95,357,FALSE,28.01029,5.09349
95,358,FALSE,28.09366,6.01547
95,359,FALSE,32.01039,6.00901
95,361,FALSE,25.12057,6.06419
95,363,FALSE,35.02461,35.03094
95,364,FALSE,35.08363,35.08946
95,365,FALSE,23.03901,3.05354
95,366,FALSE,5.10581,5.10634
95,367,FALSE,35.00161,35.04616
95,370,FALSE,28.12717,6.05765
95,371,FALSE,33.10348,6.12076
95,372,FALSE,33.0498,6.12967
95,373,FALSE,6.0978,6.05307
95,374,FALSE,37.05066,1.12471
95,375,FALSE,23.13632,5.04848
95,376,FALSE,5.08523,6.11757
95,377,FALSE,1,2.12768
95,378,FALSE,28.12324,33.07083
95,379,FALSE,5.10328,28.13541
95,380,FALSE,33.06641,34.09393
95,381,FALSE,5.14705,6.02608
95,383,FALSE,30.0508,5.08842
95,384,FALSE,28.0106,6.14339
95,385,FALSE,25.06865,2.09308
95,386,FALSE,27.03668,4.14308
95,387,FALSE,34.13953,1.0714
95,388,FALSE,5.13123,2.00951
95,389,FALSE,7.07138,2.02113
95,390,FALSE,27.08274,3.07901
95,391,FALSE,23.1377,2.06766
95,394,FALSE,30.0451,5.11919
95,395,FALSE,2.13697,35.05642
95,396,FALSE,3.01008,35.08256
95,397,FALSE,4.12751,35.10358
95,398,FALSE,33.00949,35.14641
95,403,FALSE,19.08405,6.05552
95,404,FALSE,34.08505,35.04765
95,405,FALSE,5.06448,35.03634
95,406,FALSE,1,4.07343
95,407,FALSE,28.13477,29.11567
95,408,TRUE,4.09675,1
95,412,FALSE,34.08252,10.09347
95,413,FALSE,25.12864,20.02883
95,414,FALSE,31.14368,10.08593
95,415,FALSE,28.05146,30.12961
95,416,FALSE,20.09976,33.04389
95,417,FALSE,28.11934,6.1435
95,418,FALSE,35.0635,35.06899
95,419,FALSE,33.03052,33.0394
95,420,FALSE,33.10392,33.12093
95,421,FALSE,33.01923,33.09791
95,422,FALSE,30.03429,28.12753
95,423,FALSE,23.10981,6.07503
95,425,FALSE,5.13124,6.11317
95,426,FALSE,33.11432,6.06606
95,427,FALSE,6.13662,6.11403
95,428,FALSE,33.06797,33.09234
95,429,FALSE,28.03545,33.10197
96,1,FALSE,23.09727,6.08865
96,3,FALSE,4.0843,4.09109
96,5,FALSE,37.0273,6.02284
96,6,FALSE,33.09519,5.11048
96,7,FALSE,1,4.0349
96,9,FALSE,5.05075,5.03725
96,10,FALSE,4.04695,4.04452
96,11,FALSE,1,6.00547
96,13,FALSE,6.11758,6.12744
96,17,FALSE,28.06554,6.02871
96,18,FALSE,6.07799,6.0554
96,19,TRUE,33.14419,1
96,21,FALSE,29.11948,6.06938
96,22,FALSE,6.11566,6.13067
96,25,FALSE,19.07217,6.00734
96,29,FALSE,5.14678,2.1084
96,30,FALSE,6.06262,6.04323
96,69,FALSE,24.11921,2.08972
96,70,FALSE,23.09953,28.03348
96,71,FALSE,28.09606,6.05301
96,72,FALSE,33.03405,33.06371
96,73,FALSE,28.04047,28.11128
96,74,FALSE,33.05907,33.06452
96,75,FALSE,33.14479,34.06829
96,76,FALSE,6.13439,6.13963
96,77,FALSE,6.13104,18.01634
96,78,FALSE,23.01118,6.03798
96,79,FALSE,6.08218,6.09529
96,82,FALSE,29.05038,3.11857
96,83,FALSE,18.01391,3.03214
96,84,FALSE,1,33.14361
96,85,FALSE,1,2.05526
96,86,TRUE,29.05355,1
96,91,FALSE,5.14356,5.08715
96,92,FALSE,6.08616,6.08637
96,93,FALSE,23.13861,6.11018
96,95,FALSE,5.09208,4.12149
96,98,FALSE,30.09009,5.06922
96,99,FALSE,34.06177,22.05495
96,100,FALSE,35.0502,6.12582
96,101,FALSE,23.09432,5.0679
96,103,FALSE,25.06564,6.12036
96,104,FALSE,30.08782,6.02944
96,106,FALSE,28.04387,3.13078
96,107,FALSE,26.05972,4.07902
96,109,FALSE,34.05246,6.12926
96,110,FALSE,28.05957,6.07568
96,111,FALSE,33.01126,3.10316
96,112,FALSE,22.01086,4.10601
96,113,FALSE,28.07528,5.0962
96,114,FALSE,5.10532,2.08395
96,115,FALSE,5.08837,6.01325
96,116,FALSE,28.07264,3.02058
96,117,FALSE,5.1393,4.02959
96,118,FALSE,18.13432,2.14615
96,120,FALSE,34.09632,2.03229
96,121,FALSE,5.08303,3.01504
96,122,FALSE,5.14092,1.12033
96,123,FALSE,6.00065,2.04246
96,124,FALSE,37.12141,2.13913
96,125,FALSE,34.0391,35.06403
96,126,FALSE,30.1004,35.06544
96,127,FALSE,24.00012,6.12793
96,128,FALSE,30.0234,4.0914
96,129,FALSE,30.14505,6.12462
96,130,FALSE,35.11237,35.14637
96,131,FALSE,5.11911,4.07053
96,133,FALSE,5.13957,3.14548
96,134,FALSE,5.12227,4.00398
96,135,FALSE,4.12313,6.07433
96,136,FALSE,4.12073,4.12646
96,137,TRUE,5.09917,1
96,139,FALSE,5.02066,5.11548
96,140,FALSE,3.05391,4.07343
96,141,FALSE,2.11806,6.05405
96,142,FALSE,3.04393,3.12019
96,143,FALSE,5.05449,1.03882
96,144,FALSE,5.09717,4.01709
96,145,FALSE,1,30.00425
96,146,TRUE,1,1
96,147,FALSE,1,2.0718
96,148,TRUE,1,1
96,149,TRUE,18.02589,1
96,150,FALSE,1,35.09853
96,151,TRUE,1.07495,1
96,153,FALSE,6.11979,6.12402
96,154,FALSE,28.03652,6.02271
96,155,FALSE,23.07083,4.08852
96,156,FALSE,5.09345,6.01537
96,157,FALSE,5.04622,1.11799
96,158,FALSE,18.09804,4.04915
96,159,FALSE,23.08186,3.03269
96,160,FALSE,23.081,4.10969
96,161,FALSE,18.01612,4.05413
96,162,FALSE,29.10095,34.083
96,164,FALSE,37.04549,5.03187
96,165,FALSE,6.09371,35.05143
96,166,FALSE,30.09139,35.11185
96,167,FALSE,5.1439,6.01125
96,168,FALSE,1,35.05643
96,169,FALSE,30.02763,35.07694
96,173,FALSE,29.05241,6.03255
96,175,FALSE,3.1152,3.09083
96,176,FALSE,5.06781,5.04269
96,177,FALSE,30.1171,6.05766
96,178,FALSE,35.015,34.01108
96,179,FALSE,34.04319,6.14401
96,180,FALSE,28.07758,28.12931
96,181,FALSE,35.00989,33.09112
96,182,FALSE,10.07622,6.14365
96,183,FALSE,35.06706,6.11713
96,184,FALSE,37.113,6.09385
96,185,FALSE,28.13327,6.1221
96,186,FALSE,37.11153,6.08585
96,188,FALSE,30.08779,1.13583
96,189,FALSE,34.03726,34.13448
96,190,FALSE,23.10655,6.13857
96,191,FALSE,30.13169,6.08492
96,192,FALSE,25.14563,6.09993
96,193,FALSE,35.05519,36.12305
96,194,FALSE,25.01885,6.14336
96,195,FALSE,28.06596,6.06478
96,197,FALSE,30.12371,1.0025
96,198,FALSE,25.06639,6.03804
96,199,FALSE,30.06178,23.05074
96,200,FALSE,6.03977,6.12038
96,201,FALSE,5.14343,6.00903
96,202,FALSE,37.05174,37.09217
96,203,FALSE,30.13482,30.05148
96,204,FALSE,30.03471,4.0712
96,206,FALSE,30.02159,2.0036
96,207,FALSE,28.07001,6.07852
96,208,FALSE,5.12852,5.06384
96,209,FALSE,28.02777,28.08208
96,210,FALSE,28.14596,28.07088
96,211,FALSE,28.02631,33.02002
96,212,FALSE,4.13193,5.08326
96,213,FALSE,13.02025,5.12929
96,216,FALSE,28.14605,6.11034
96,217,FALSE,29.09649,6.14508
96,218,FALSE,30.07103,6.10907
96,219,FALSE,25.01528,6.08042
96,222,FALSE,28.10574,5.13776
96,225,FALSE,33.1154,33.12682
96,226,FALSE,35.12641,6.09576
96,227,FALSE,37.07218,34.0067
96,229,FALSE,33.10423,33.07636
96,230,FALSE,33.09744,33.04608
96,233,FALSE,30.1068,6.01144
96,234,FALSE,30.10478,33.06137
96,235,FALSE,30.11574,33.00725
96,236,FALSE,4.12379,4.04412
96,237,FALSE,5.13791,6.13666
96,242,FALSE,24.12815,4.03283
96,243,FALSE,6.00937,6.05464
96,251,FALSE,34.04965,34.09187
96,252,FALSE,28.03157,6.07848
96,253,FALSE,30.05892,4.05276
96,254,FALSE,4.06035,1.12184
96,255,FALSE,13.11454,3.14233
96,256,FALSE,30.06182,2.02896
96,257,FALSE,20.00158,4.08589
96,258,FALSE,18.12706,5.00383
96,259,FALSE,5.05937,33.14085
96,260,FALSE,5.01918,5.09976
96,262,FALSE,36.14196,1.0182
96,263,FALSE,6.01986,3.04555
96,264,FALSE,29.00006,6.05005
96,265,FALSE,6.02843,5.09076
96,270,FALSE,6.05441,33.08935
96,271,FALSE,28.04872,6.05679
96,272,FALSE,5.10366,6.04413
96,273,FALSE,5.13152,6.06141
96,274,FALSE,5.12271,6.06173
96,275,FALSE,6.08949,33.03956
96,280,FALSE,5.05267,3.0425
96,289,FALSE,29.14057,5.13256
96,290,FALSE,6.09103,6.1075
96,291,FALSE,6.12336,6.13596
96,292,FALSE,6.09867,5.05212
96,293,FALSE,30.0969,15.01292
96,294,FALSE,10.10476,10.10089
96,295,FALSE,36.078,25.02151
96,296,FALSE,4.05011,20.03112
96,297,FALSE,35.06962,6.00366
96,298,FALSE,33.13012,1.00148
96,299,FALSE,34.00817,6.06517
96,300,FALSE,33.05512,4.08267
96,301,FALSE,33.14252,4.05386
96,302,FALSE,35.05345,6.00771
96,303,FALSE,33.01234,5.06158
96,308,FALSE,31.06698,5.03438
96,317,FALSE,22.00319,3.0427
96,318,FALSE,36.04226,6.03981
96,319,FALSE,30.08979,5.14187
96,320,FALSE,27.0491,4.04227
96,321,FALSE,34.07714,3.06782
96,322,FALSE,18.02636,5.08781
96,323,FALSE,17.11964,2.0688
96,324,FALSE,23.10979,2.13593
96,325,FALSE,25.14462,2.08382
96,326,FALSE,18.05436,3.0331
96,328,FALSE,25.03906,5.07719
96,329,FALSE,31.12622,6.13862
96,330,FALSE,30.02203,6.09323
96,331,FALSE,20.03732,5.08439
96,332,FALSE,30.04398,6.09711
96,333,FALSE,30.07483,33.0056
96,334,FALSE,6.08899,6.07654
96,335,FALSE,30.02639,5.07737
96,336,FALSE,30.11616,5.12182
96,337,FALSE,25.11261,6.02494
96,339,FALSE,28.13058,5.09166
96,340,TRUE,1.01147,1
96,341,TRUE,25.14094,1
96,342,FALSE,5.10581,36.06914
96,343,TRUE,1,1
96,346,FALSE,27.05094,6.04874
96,347,FALSE,33.05976,6.11506
96,348,FALSE,27.13578,6.02964
96,349,FALSE,25.06367,2.0832
96,350,FALSE,29.06943,6.12586
96,351,FALSE,25.07044,6.1466
96,352,FALSE,34.10408,6.11569
96,353,FALSE,37.04786,34.05136
96,354,FALSE,34.03685,34.08826
96,355,FALSE,23.01801,5.07204
96,357,FALSE,28.05844,5.08833
96,358,FALSE,28.04826,6.03694
96,359,FALSE,32.0549,6.05153
96,361,FALSE,25.13102,6.03986
96,363,FALSE,35.0664,35.09311
96,364,FALSE,35.07274,35.11498
96,365,FALSE,23.08063,3.0325
96,366,FALSE,5.08882,5.10212
96,367,FALSE,35.01356,35.03866
96,370,FALSE,28.08531,6.08235
96,371,FALSE,33.05936,6.14045
96,372,FALSE,33.13607,6.12509
96,373,FALSE,6.14266,6.0418
96,374,FALSE,37.12335,1.06951
96,375,FALSE,4.11371,5.07597
96,376,FALSE,5.0181,6.13231
96,377,FALSE,2.00349,6.09838
96,378,FALSE,28.11062,33.08712
96,379,FALSE,5.11828,28.04381
96,380,FALSE,33.07106,34.0552
96,381,FALSE,5.04563,6.05278
96,383,FALSE,30.00003,5.00295
96,384,FALSE,28.0807,6.1378
96,385,FALSE,25.11462,2.13718
96,386,FALSE,27.00756,1.03567
96,387,FALSE,34.07341,2.0389
96,388,FALSE,5.00028,2.09386
96,389,FALSE,7.14727,2.0654
96,390,FALSE,27.13758,3.05339
96,391,FALSE,23.02645,4.00591
96,394,FALSE,30.14226,5.04339
96,395,FALSE,2.04052,35.14636
96,396,FALSE,3.10479,35.11947
96,397,FALSE,4.02133,35.07
96,398,FALSE,33.0837,35.13348
96,403,FALSE,19.04335,6.06869
96,404,FALSE,34.08281,35.08189
96,405,FALSE,5.05564,35.06157
96,406,FALSE,4.11467,6.05516
96,407,FALSE,28.10944,29.00626
96,408,TRUE,4.04177,1
96,412,FALSE,34.14105,10.14611
96,413,FALSE,25.10673,20.09854
96,414,FALSE,31.02733,10.06614
96,415,FALSE,28.09513,30.10466
96,416,FALSE,20.01669,33.01893
96,417,FALSE,28.01998,6.12732
96,418,FALSE,35.09268,35.13314
96,419,FALSE,33.00826,33.10838
96,420,FALSE,33.02942,33.06292
96,421,FALSE,33.03336,33.06021
96,422,FALSE,30.13508,6.08254
96,423,FALSE,23.05803,6.13676
96,425,FALSE,5.11907,6.01419
96,426,FALSE,33.14499,6.07447
96,427,FALSE,6.11896,6.04437
96,428,FALSE,33.06329,33.07883
96,429,FALSE,28.02425,33.01803
97,1,FALSE,23.00824,6.0543
97,3,FALSE,4.01826,4.08575
97,5,FALSE,37.10295,6.00836
97,6,FALSE,33.04917,5.06742
97,7,FALSE,1,4.12717
97,9,FALSE,5.13615,5.03059
97,10,FALSE,4.106,5.00358
97,11,FALSE,1,6.00858
97,13,FALSE,6.10746,6.10765
97,17,FALSE,28.05209,6.01916
97,18,FALSE,6.05294,6.06035
97,19,TRUE,33.0292,1
97,21,FALSE,29.01528,6.04409
97,22,FALSE,6.12091,6.12185
97,25,FALSE,19.06736,6.0003
97,29,FALSE,5.11755,3.0814
97,30,FALSE,6.11989,6.07078
97,69,FALSE,24.08147,2.09056
97,70,FALSE,23.03811,28.01838
97,71,FALSE,28.04212,6.07185
97,72,FALSE,33.03449,33.04814
97,73,FALSE,28.0851,28.10695
97,74,FALSE,37.03213,33.04491
97,75,FALSE,33.14198,34.07481
97,76,FALSE,6.09866,6.14398
97,77,FALSE,6.14015,18.05346
97,78,FALSE,23.01506,6.02919
97,79,FALSE,6.06333,6.09935
97,82,FALSE,29.01908,3.12439
97,83,FALSE,18.04694,3.12319
97,84,FALSE,1,33.13305
97,85,TRUE,2.04837,1
97,86,TRUE,29.04257,1
97,91,FALSE,5.14082,5.09016
97,92,FALSE,6.05532,6.05638
97,93,FALSE,23.00411,6.12646
97,95,FALSE,5.13459,4.13212
97,98,FALSE,30.03719,5.08289
97,99,FALSE,34.11805,22.10004
97,100,FALSE,35.01092,6.12487
97,101,FALSE,23.08227,5.12573
97,103,FALSE,25.13506,6.11881
97,104,FALSE,30.12189,6.01112
97,106,FALSE,28.13205,3.11146
97,107,FALSE,26.04683,4.00087
97,109,FALSE,34.09141,6.13565
97,110,FALSE,28.13116,6.08676
97,111,FALSE,33.01261,5.05982
97,112,FALSE,22.08357,3.13708
97,113,FALSE,28.07497,5.11628
97,114,FALSE,5.14214,2.14129
97,115,FALSE,5.14703,6.04586
97,116,FALSE,28.13603,3.04966
97,117,FALSE,5.1039,4.05967
97,118,FALSE,18.11765,2.03455
97,120,FALSE,34.01293,2.1091
97,121,FALSE,5.06142,3.07236
97,122,FALSE,5.09719,1.00756
97,123,FALSE,6.04456,2.10813
97,124,FALSE,37.05823,2.0868
97,125,FALSE,34.03558,35.12435
97,126,FALSE,30.11202,35.05185
97,127,FALSE,24.06525,6.12669
97,128,FALSE,30.02877,4.07106
97,129,FALSE,30.03013,6.11819
97,130,FALSE,35.08897,35.13025
97,131,FALSE,5.0194,4.04369
97,133,FALSE,5.14073,3.09067
97,134,FALSE,4.13795,4.03136
97,135,FALSE,4.06996,4.00338
97,136,FALSE,4.01046,4.13744
97,137,FALSE,5.10557,4.08397
97,139,FALSE,5.04933,5.02132
97,140,FALSE,3.05721,4.0226
97,141,FALSE,2.07286,6.06061
97,142,FALSE,3.09997,3.00773
97,143,FALSE,5.13141,1.02856
97,144,FALSE,5.09813,31.02155
97,145,FALSE,1,30.0083
97,146,TRUE,1,1
97,147,FALSE,1,2.1469
97,148,TRUE,1,1
97,149,TRUE,18.09014,1
97,150,FALSE,1,35.13945
97,151,TRUE,1.04422,1
97,153,FALSE,6.08215,6.08482
97,154,FALSE,28.03319,6.04029
97,155,FALSE,37.11298,4.08272
97,156,FALSE,5.1443,6.1112
97,157,FALSE,5.07578,1.07683
97,158,FALSE,18.04375,4.10033
97,159,FALSE,23.12095,3.1044
97,160,FALSE,23.07824,4.12084
97,161,FALSE,18.07853,4.05234
97,162,FALSE,29.13808,34.09148
97,164,FALSE,37.14684,5.12266
97,165,FALSE,6.11235,35.09843
97,166,FALSE,30.08504,35.12207
97,167,FALSE,5.0907,6.00356
97,168,FALSE,1,35.10565
97,169,FALSE,30.11616,35.00738
97,173,FALSE,29.09602,6.00879
97,175,FALSE,3.06843,3.07141
97,176,FALSE,5.02061,5.06549
97,177,FALSE,30.11475,6.1184
97,178,FALSE,35.02977,34.01027
97,179,FALSE,34.12105,6.13891
97,180,FALSE,28.10156,28.13203
97,181,FALSE,35.0487,33.05104
97,182,FALSE,10.01488,6.14246
97,183,FALSE,35.06466,6.09433
97,184,FALSE,37.14673,6.09634
97,185,FALSE,28.03952,6.12389
97,186,FALSE,37.09806,6.09443
97,188,FALSE,30.11809,1.11729
97,189,FALSE,34.10409,34.14695
97,190,FALSE,23.13864,6.14315
97,191,FALSE,30.04583,6.04559
97,192,FALSE,25.09942,6.07788
97,193,FALSE,35.08186,36.08187
97,194,FALSE,25.1107,6.07341
97,195,FALSE,28.10653,6.10543
97,197,FALSE,29.10916,1.10283
97,198,FALSE,25.12402,6.04353
97,199,FALSE,29.12876,23.12393
97,200,FALSE,6.03553,6.06229
97,201,FALSE,5.08862,6.04112
97,202,FALSE,37.01675,37.01393
97,203,FALSE,30.11058,30.00987
97,204,FALSE,30.07613,4.06868
97,206,FALSE,30.10835,2.11983
97,207,FALSE,28.1193,6.06315
97,208,FALSE,5.14036,5.0888
97,209,FALSE,28.0864,28.05515
97,210,FALSE,28.10129,28.04909
97,211,FALSE,28.06003,33.01586
97,212,FALSE,5.10936,4.11452
97,213,FALSE,13.06423,5.0525
97,216,FALSE,28.14694,6.08246
97,217,FALSE,29.05556,6.14143
97,218,FALSE,30.12412,6.08051
97,219,FALSE,25.04724,6.1397
97,222,FALSE,28.11642,5.12524
97,225,FALSE,33.10734,33.11609
97,226,FALSE,35.02949,6.08873
97,227,FALSE,37.11294,34.1302
97,229,FALSE,33.11515,33.08866
97,230,FALSE,33.06867,33.0594
97,233,FALSE,30.12922,6.0319
97,234,FALSE,30.02239,33.03927
97,235,FALSE,30.02959,33.03896
97,236,FALSE,4.11857,4.01497
97,237,FALSE,5.078,6.08696
97,242,FALSE,24.1236,4.08371
97,243,FALSE,6.05386,6.12144
97,251,FALSE,34.04048,34.05454
97,252,FALSE,28.06492,6.09252
97,253,FALSE,30.0747,4.06928
97,254,FALSE,4.06024,1.12367
97,255,FALSE,13.00325,3.03659
97,256,FALSE,30.01342,2.07195
97,257,FALSE,20.08762,4.09564
97,258,FALSE,18.05129,5.13237
97,259,FALSE,5.11761,33.00798
97,260,FALSE,5.13317,5.03836
97,262,FALSE,36.09046,1.09522
97,263,FALSE,6.04976,3.01669
97,264,FALSE,29.12235,6.11393
97,265,FALSE,6.11644,5.03569
97,270,FALSE,6.053,33.02915
97,271,FALSE,28.12518,6.08615
97,272,FALSE,5.12564,6.08195
97,273,FALSE,5.1382,6.0839
97,274,FALSE,5.11415,6.01326
97,275,FALSE,6.13377,33.03705
97,280,FALSE,5.10323,3.11522
97,289,FALSE,29.11853,5.12694
97,290,FALSE,6.11991,6.09895
97,291,FALSE,6.12957,6.14136
97,292,FALSE,6.11228,5.06467
97,293,FALSE,30.13384,15.01923
97,294,FALSE,6.10087,10.02846
97,295,FALSE,36.09296,25.01535
97,296,FALSE,4.13627,20.00529
97,297,FALSE,35.11456,6.07367
97,298,FALSE,33.00935,2.07951
97,299,FALSE,34.05539,6.10447
97,300,FALSE,33.11069,6.08689
97,301,FALSE,33.13913,4.09764
97,302,FALSE,35.12598,5.05738
97,303,FALSE,33.03707,5.14094
97,308,FALSE,31.1352,3.10429
97,317,FALSE,22.09907,4.09714
97,318,FALSE,36.00506,6.01813
97,319,FALSE,30.12187,5.14719
97,320,FALSE,27.06117,4.05402
97,321,FALSE,34.11341,3.14442
97,322,FALSE,18.0721,5.09762
97,323,FALSE,17.09996,2.01172
97,324,FALSE,23.00215,2.1216
97,325,FALSE,25.11971,2.05852
97,326,FALSE,28.05459,4.08702
97,328,FALSE,25.0571,5.00802
97,329,FALSE,31.05906,6.12299
97,330,FALSE,30.0849,6.06176
97,331,FALSE,20.09181,5.04168
97,332,FALSE,30.0648,5.09357
97,333,FALSE,30.01098,33.00511
97,334,FALSE,6.10364,6.10675
97,335,FALSE,30.05762,5.07053
97,336,FALSE,30.06999,5.03824
97,337,FALSE,25.14139,6.02543
97,339,FALSE,28.12198,5.05491
97,340,TRUE,1.14541,1
97,341,TRUE,25.00025,1
97,342,FALSE,5.09194,36.0982
97,343,TRUE,1,1
97,346,FALSE,27.11544,6.04028
97,347,FALSE,33.09795,6.12239
97,348,FALSE,27.05055,6.03655
97,349,FALSE,25.02563,2.12842
97,350,FALSE,29.13484,28.01581
97,351,FALSE,25.02756,6.13845
97,352,FALSE,34.01346,6.1444
97,353,FALSE,37.09567,34.04778
97,354,FALSE,34.09035,34.10469
97,355,FALSE,23.13975,5.02635
97,357,FALSE,29.00891,5.07366
97,358,FALSE,28.01851,6.00167
97,359,FALSE,32.0177,6.06483
97,361,FALSE,25.13176,6.04461
97,363,FALSE,35.08515,35.09079
97,364,FALSE,35.08428,35.12277
97,365,FALSE,23.00455,3.01649
97,366,FALSE,5.12572,5.1036
97,367,FALSE,35.0556,35.06267
97,370,FALSE,28.12162,6.08581
97,371,FALSE,33.05689,6.14487
97,372,FALSE,33.12373,6.14595
97,373,FALSE,6.11707,6.01929
97,374,FALSE,37.04712,1.06259
97,375,FALSE,23.10213,5.05112
97,376,FALSE,5.14607,6.12273
97,377,FALSE,2.06617,6.11886
97,378,FALSE,28.05078,33.04238
97,379,FALSE,5.10241,28.12444
97,380,FALSE,33.10534,34.11659
97,381,FALSE,5.09328,6.11179
97,383,FALSE,28.03198,5.07685
97,384,FALSE,28.14401,6.14495
97,385,FALSE,25.14248,2.12053
97,386,FALSE,27.06678,4.00669
97,387,FALSE,34.13495,2.05433
97,388,FALSE,5.02151,2.13348
97,389,FALSE,7.04942,2.05002
97,390,FALSE,27.05003,3.14347
97,391,FALSE,23.04739,2.01706
97,394,FALSE,30.09967,5.01705
97,395,FALSE,2.14375,35.07006
97,396,FALSE,3.08812,35.12018
97,397,FALSE,4.04722,35.04274
97,398,FALSE,33.12859,35.1468
97,403,FALSE,19.12152,6.02323
97,404,FALSE,34.12515,35.03099
97,405,FALSE,5.08782,35.13539
97,406,FALSE,4.03152,6.03222
97,407,FALSE,28.081,29.02841
97,408,TRUE,4.04853,1
97,412,FALSE,34.07289,10.02058
97,413,FALSE,25.03519,20.02606
97,414,FALSE,31.00831,10.10423
97,415,FALSE,28.04082,30.0535
97,416,FALSE,20.03542,33.0428
97,417,FALSE,28.10326,6.11567
97,418,FALSE,35.03771,35.05027
97,419,FALSE,33.11493,33.1411
97,420,FALSE,33.08379,33.10097
97,421,FALSE,33.03769,33.08026
97,422,FALSE,30.03182,28.10254
97,423,FALSE,23.0743,6.07886
97,425,FALSE,37.11,6.13408
97,426,FALSE,33.13144,6.05878
97,427,FALSE,6.14208,6.09837
97,428,FALSE,33.11205,33.1362
97,429,FALSE,28.08869,33.05263
98,1,FALSE,23.12004,6.04613
98,3,FALSE,4.06837,4.10638
98,5,FALSE,37.01655,6.04083
98,6,FALSE,33.01835,5.14237
98,7,FALSE,1,4.11987
98,9,FALSE,5.12995,4.00533
98,10,FALSE,5.00483,4.06178
98,11,FALSE,1,6.01321
98,13,FALSE,6.09541,6.06918
98,17,FALSE,28.10209,6.04045
98,18,FALSE,6.0696,6.01084
98,19,TRUE,33.14738,1
98,21,FALSE,29.06119,6.06362
98,22,FALSE,6.11878,6.09548
98,25,FALSE,19.14244,6.00966
98,29,FALSE,5.14548,3.01765
98,30,FALSE,6.12138,6.12932
98,69,FALSE,24.12062,2.08707
98,70,FALSE,23.11553,28.06439
98,71,FALSE,28.10643,6.03443
98,72,FALSE,33.00984,33.04419
98,73,FALSE,28.13737,28.03152
98,74,FALSE,37.00462,33.01423
98,75,FALSE,33.13126,34.04706
98,76,FALSE,28.06998,6.11891
98,77,FALSE,6.1244,18.06724
98,78,FALSE,23.06355,6.04696
98,79,FALSE,6.07613,6.08096
98,82,FALSE,29.1372,6.09406
98,83,FALSE,18.02257,3.00167
98,84,FALSE,1,33.00135
98,85,TRUE,2.11596,1
98,86,TRUE,29.14081,1
98,91,FALSE,5.13301,5.10562
98,92,FALSE,6.06497,6.07224
98,93,FALSE,23.11164,6.11967
98,95,FALSE,5.07308,4.03731
98,98,FALSE,30.07065,5.07421
98,99,FALSE,34.11584,22.00386
98,100,FALSE,35.00035,6.09217
98,101,FALSE,23.14044,5.04349
98,103,FALSE,25.09649,6.1453
98,104,FALSE,30.12694,6.00593
98,106,FALSE,28.05283,3.03311
98,107,FALSE,26.09644,4.0636
98,109,FALSE,34.12109,6.07229
98,110,FALSE,28.04294,6.08831
98,111,FALSE,33.13054,3.06718
98,112,FALSE,22.07481,3.05745
98,113,FALSE,28.09524,5.09291
98,114,FALSE,5.14445,2.13413
98,115,FALSE,5.14205,6.02535
98,116,FALSE,28.08199,3.14631
98,117,FALSE,5.06868,4.00013
98,118,FALSE,18.10962,2.00543
98,120,FALSE,34.09855,2.05601
98,121,FALSE,5.13843,2.03222
98,122,FALSE,5.14293,2.02059
98,123,FALSE,6.08878,2.06913
98,124,FALSE,37.09987,5.0214
98,125,FALSE,34.10536,35.02346
98,126,FALSE,30.01848,35.03136
98,127,FALSE,24.0474,6.05451
98,128,FALSE,30.05354,4.123
98,129,FALSE,30.05746,6.13825
98,130,FALSE,35.08205,35.12689
98,131,FALSE,5.13418,4.1317
98,133,FALSE,5.1254,3.02581
98,134,FALSE,4.13334,4.01182
98,135,FALSE,4.06463,4.10943
98,136,FALSE,4.09882,4.04309
98,137,TRUE,5.10534,1
98,139,FALSE,5.0024,5.14297
98,140,FALSE,3.12287,4.00985
98,141,FALSE,2.09929,6.04766
98,142,FALSE,3.11058,3.01871
98,143,FALSE,5.14371,1.04561
98,144,FALSE,31.07556,4.06473
98,145,TRUE,30.00289,1
98,146,TRUE,1,1
98,147,FALSE,1,2.11818
98,148,TRUE,1,1
98,149,TRUE,18.13108,1
98,150,FALSE,1,35.12077
98,151,TRUE,1.14323,1
98,153,FALSE,6.09015,6.10319
98,154,FALSE,23.07887,6.05621
98,155,FALSE,5.14452,4.14397
98,156,FALSE,5.08764,6.03215
98,157,FALSE,5.09069,1.1308
98,158,FALSE,18.03899,4.11756
98,159,FALSE,23.01607,1.11455
98,160,FALSE,23.00397,4.11098
98,161,FALSE,18.05408,4.12065
98,162,FALSE,29.12392,34.09099
98,164,FALSE,37.12281,5.13573
98,165,FALSE,6.00843,35.13345
98,166,FALSE,30.1063,35.08941
98,167,FALSE,5.06767,6.11895
98,168,FALSE,1,35.06596
98,169,FALSE,30.02345,35.06883
98,173,FALSE,29.12303,6.02162
98,175,FALSE,3.06508,3.06478
98,176,FALSE,5.06992,5.05407
98,177,FALSE,30.12955,6.10322
98,178,FALSE,35.0173,34.00657
98,179,FALSE,34.03289,6.14622
98,180,FALSE,28.12297,28.10509
98,181,FALSE,35.05231,33.12196
98,182,FALSE,25.13588,6.12777
98,183,FALSE,35.10166,6.12839
98,184,FALSE,37.0908,6.10532
98,185,FALSE,28.13145,6.11296
98,186,FALSE,37.13395,6.0399
98,188,FALSE,30.13163,1.14047
98,189,FALSE,34.09287,34.11492
98,190,FALSE,23.09551,6.14226
98,191,FALSE,30.12599,6.02034
98,192,FALSE,25.01795,6.11263
98,193,FALSE,35.12771,36.01558
98,194,FALSE,25.11333,6.12741
98,195,FALSE,28.11881,6.14079
98,197,FALSE,30.1198,1.10798
98,198,FALSE,25.03821,6.00313
98,199,FALSE,30.05391,23.0292
98,200,FALSE,6.08921,6.10802
98,201,FALSE,5.13346,6.03147
98,202,FALSE,37.06113,37.02412
98,203,FALSE,30.14002,20.12663
98,204,FALSE,30.10318,2.03467
98,206,FALSE,30.03609,2.08424
98,207,FALSE,28.04567,6.14076
98,208,FALSE,5.11266,5.04668
98,209,FALSE,28.04091,28.07252
98,210,FALSE,28.13192,28.01837
98,211,FALSE,28.06421,33.0101
98,212,FALSE,4.1365,5.04177
98,213,FALSE,13.12129,5.10758
98,216,FALSE,28.12497,6.08172
98,217,FALSE,29.13064,6.13252
98,218,FALSE,30.09262,6.07366
98,219,FALSE,25.00401,6.11807
98,222,FALSE,28.10489,5.1468
98,225,FALSE,33.0857,33.10234
98,226,FALSE,35.11211,6.07342
98,227,FALSE,37.05483,34.07996
98,229,FALSE,33.10193,33.10614
98,230,FALSE,33.11433,33.06605
98,233,FALSE,30.04758,5.04743
98,234,FALSE,30.14349,33.05278
98,235,FALSE,30.00061,33.03797
98,236,FALSE,4.08644,4.04819
98,237,FALSE,5.11822,6.05355
98,242,FALSE,24.07041,4.04093
98,243,FALSE,6.01518,6.02281
98,251,FALSE,34.05812,34.06335
98,252,FALSE,28.14024,6.11605
98,253,FALSE,30.09948,4.02605
98,254,FALSE,4.02547,1.01662
98,255,FALSE,13.01243,3.01716
98,256,FALSE,30.10637,2.09642
98,257,FALSE,20.01952,4.12795
98,258,FALSE,18.0981,5.09859
98,259,FALSE,5.12728,33.09449
98,260,FALSE,5.06841,5.14654
98,262,FALSE,36.07919,1.00813
98,263,FALSE,6.0057,3.0656
98,264,FALSE,29.11677,6.13419
98,265,FALSE,6.04047,5.14522
98,270,FALSE,6.0286,33.00511
98,271,FALSE,28.06278,6.00033
98,272,FALSE,5.11591,6.00766
98,273,FALSE,5.14519,6.00273
98,274,FALSE,5.13763,6.07047
98,275,FALSE,6.09429,33.06405
98,280,FALSE,5.14176,3.09191
98,289,FALSE,29.12868,5.14136
98,290,FALSE,6.12479,6.13465
98,291,FALSE,6.13619,6.14608
98,292,FALSE,6.05522,5.04322
98,293,FALSE,31.02235,15.00463
98,294,FALSE,10.02176,10.09215
98,295,FALSE,36.12492,25.02695
98,296,FALSE,4.12991,20.05346
98,297,FALSE,35.08293,6.03644
98,298,FALSE,33.14121,1.0727
98,299,FALSE,34.01868,6.06778
98,300,FALSE,33.14673,4.08131
98,301,FALSE,33.12289,4.08999
98,302,FALSE,35.12533,5.04082
98,303,FALSE,33.04976,5.00054
98,308,FALSE,31.13906,3.046
98,317,FALSE,22.03025,4.01027
98,318,FALSE,36.02351,6.02107
98,319,FALSE,30.13023,5.13377
98,320,FALSE,27.12878,4.12185
98,321,FALSE,34.09357,3.05816
98,322,FALSE,18.03671,5.13925
98,323,FALSE,17.05533,2.04438
98,324,FALSE,23.04523,1.07897
98,325,FALSE,25.09218,2.11631
98,326,FALSE,18.04788,3.05643
98,328,FALSE,25.09512,5.12259
98,329,FALSE,31.03404,6.12484
98,330,FALSE,28.01896,6.08962
98,331,FALSE,20.03795,5.09971
98,332,FALSE,30.02105,5.12429
98,333,FALSE,30.00527,33.02648
98,334,FALSE,6.0361,6.04774
98,335,FALSE,30.08068,5.04634
98,336,FALSE,30.13371,5.00193
98,337,FALSE,25.06744,6.02015
98,339,FALSE,28.13839,5.11209
98,340,TRUE,1.11954,1
98,341,TRUE,25.1009,1
98,342,FALSE,5.11041,36.14716
98,343,TRUE,1,1
98,346,FALSE,27.00715,6.06275
98,347,FALSE,33.09797,6.12419
98,348,FALSE,27.01869,6.0311
98,349,FALSE,25.08407,1.01561
98,350,FALSE,29.10399,6.1387
98,351,FALSE,25.03366,6.11461
98,352,FALSE,34.0044,6.10524
98,353,FALSE,37.0707,34.12928
98,354,FALSE,34.07024,34.10547
98,355,FALSE,23.13425,5.02675
98,357,FALSE,29.13724,5.10625
98,358,FALSE,28.07487,6.05447
98,359,FALSE,32.13495,6.03503
98,361,FALSE,25.11986,6.05892
98,363,FALSE,35.03836,35.0976
98,364,FALSE,35.08625,35.0867
98,365,FALSE,23.14116,3.13807
98,366,FALSE,5.06646,5.05543
98,367,FALSE,35.01748,35.04928
98,370,FALSE,28.13315,6.07922
98,371,FALSE,33.1127,6.14062
98,372,FALSE,33.00594,6.13854
98,373,FALSE,6.11181,6.00902
98,374,FALSE,37.07493,1.02308
98,375,FALSE,4.09547,5.00523
98,376,FALSE,5.11471,6.03484
98,377,FALSE,1,2.1062
98,378,FALSE,28.04727,33.08446
98,379,FALSE,5.09378,28.13923
98,380,FALSE,33.00899,34.03667
98,381,FALSE,5.12912,6.13566
98,383,FALSE,29.11345,5.02513
98,384,FALSE,28.03171,6.13131
98,385,FALSE,25.07625,2.06019
98,386,FALSE,27.08714,1.02157
98,387,FALSE,34.10523,1.10149
98,388,FALSE,5.03697,3.11556
98,389,FALSE,7.01892,2.00953
98,390,FALSE,27.10859,3.13512
98,391,FALSE,23.00205,2.13678
98,394,FALSE,30.13561,5.1142
98,395,FALSE,2.10346,35.02644
98,396,FALSE,3.05349,35.02371
98,397,FALSE,4.01594,35.11505
98,398,FALSE,33.04377,35.01722
98,403,FALSE,19.10801,6.01417
98,404,FALSE,34.08975,35.14357
98,405,FALSE,5.11418,35.01694
98,406,FALSE,4.07297,6.10259
98,407,FALSE,28.07587,29.01865
98,408,TRUE,4.06482,1
98,412,FALSE,34.11928,10.02232
98,413,FALSE,25.0694,20.04649
98,414,FALSE,31.07831,10.12681
98,415,FALSE,28.04932,30.10715
98,416,FALSE,20.10649,33.07186
98,417,FALSE,28.09267,6.13307
98,418,FALSE,35.07758,35.08252
98,419,FALSE,33.00414,33.0217
98,420,FALSE,33.01482,33.05192
98,421,FALSE,33.08271,33.13455
98,422,FALSE,30.13321,28.0487
98,423,FALSE,23.12799,6.09216
98,425,FALSE,37.0412,6.01219
98,426,FALSE,33.10631,6.04998
98,427,FALSE,6.14021,6.10182
98,428,FALSE,33.13427,33.08016
98,429,FALSE,28.14146,33.10698
99,1,FALSE,23.01898,6.07417
99,3,FALSE,4.04974,4.13112
99,5,FALSE,37.03346,6.0454
99,6,FALSE,33.02935,5.06714
99,7,FALSE,1,4.04675
99,9,FALSE,5.12929,5.008
99,10,FALSE,4.00449,4.1284
99,11,FALSE,1,6.06596
99,13,FALSE,6.05748,6.12569
99,17,FALSE,29.14193,6.01858
99,18,FALSE,6.02197,6.05253
99,19,TRUE,33.00117,1
99,21,FALSE,29.0617,6.05703
99,22,FALSE,6.10683,6.0828
99,25,FALSE,19.11643,6.00322
99,29,FALSE,5.13561,3.12463
99,30,FALSE,6.12225,6.10903
99,69,FALSE,24.02406,2.0023
99,70,FALSE,23.05993,28.06362
99,71,FALSE,28.00355,6.06658
99,72,FALSE,33.02335,33.07082
99,73,FALSE,28.05068,28.08133
99,74,FALSE,33.02882,33.05197
99,75,FALSE,33.12885,34.03987
99,76,FALSE,28.04541,6.12155
99,77,FALSE,6.09713,18.07322
99,78,FALSE,23.04259,6.03362
99,79,FALSE,6.12017,6.13244
99,82,FALSE,29.09292,6.02722
99,83,FALSE,18.0983,3.00865
99,84,FALSE,1,33.07437
99,85,TRUE,2.01018,1
99,86,TRUE,29.01228,1
99,91,FALSE,5.13719,5.10304
99,92,FALSE,6.06733,6.07066
99,93,FALSE,23.13285,6.12906
99,95,FALSE,5.0838,4.06017
99,98,FALSE,30.01881,5.02478
99,99,FALSE,34.10823,22.0003
99,100,FALSE,35.02993,6.09957
99,101,FALSE,23.04773,3.11506
99,103,FALSE,25.13782,6.13606
99,104,FALSE,30.04987,6.06363
99,106,FALSE,28.12721,3.04198
99,107,FALSE,26.00057,4.0017
99,109,FALSE,34.03343,6.1081
99,110,FALSE,28.05602,6.10109
99,111,FALSE,33.11428,3.05611
99,112,FALSE,22.10724,3.06961
99,113,FALSE,28.11775,5.01965
99,114,FALSE,5.11703,2.07795
99,115,FALSE,5.09224,6.0044
99,116,FALSE,28.10983,3.05867
99,117,FALSE,5.0774,4.08
99,118,FALSE,18.01998,2.13762
99,120,FALSE,34.09996,2.05501
99,121,FALSE,5.08479,2.03936
99,122,FALSE,5.14297,1.04886
99,123,FALSE,6.02923,2.07965
99,124,FALSE,37.11558,4.14511
99,125,FALSE,34.06221,35.0981
99,126,FALSE,30.01943,35.10673
99,127,FALSE,24.0464,6.01996
99,128,FALSE,30.08922,6.03475
99,129,FALSE,30.1042,6.06161
99,130,FALSE,35.01966,35.11096
99,131,FALSE,5.00067,4.03004
99,133,FALSE,5.13763,3.11766
99,134,FALSE,5.0646,4.03239
99,135,FALSE,4.07929,6.09664
99,136,FALSE,4.10227,4.00302
99,137,FALSE,5.0037,4.13139
99,139,FALSE,5.01415,5.10857
99,140,FALSE,3.04652,4.01737
99,141,FALSE,2.089,6.0379
99,142,FALSE,3.09316,3.07801
99,143,FALSE,5.02048,1.09333
99,144,FALSE,5.14078,4.024
99,145,FALSE,1,30.05678
99,146,TRUE,1,1
99,147,FALSE,1,2.04341
99,148,TRUE,1,1
99,149,TRUE,18.01838,1
99,150,FALSE,1,35.09596
99,151,TRUE,1.01315,1
99,153,FALSE,6.0958,6.09779
99,154,FALSE,23.01562,6.06462
99,155,FALSE,23.02821,4.07174
99,156,FALSE,28.11203,5.00255
99,157,FALSE,5.12358,1.08116
99,158,FALSE,18.11953,4.07566
99,159,FALSE,23.02588,1.06735
99,160,FALSE,23.14043,4.13006
99,161,FALSE,18.05453,4.09756
99,162,FALSE,29.11571,34.04619
99,164,FALSE,37.07135,5.03694
99,165,FALSE,6.11548,35.0984
99,166,FALSE,30.12209,35.01855
99,167,FALSE,5.07239,6.10425
99,168,FALSE,1,35.03543
99,169,FALSE,30.0567,35.00274
99,173,FALSE,29.06573,6.0142
99,175,FALSE,3.07371,3.08865
99,176,FALSE,5.07533,5.04336
99,177,FALSE,30.11394,6.08102
99,178,FALSE,35.05011,34.00392
99,179,FALSE,34.13085,6.13201
99,180,FALSE,28.08655,28.03432
99,181,FALSE,35.05281,33.07604
99,182,FALSE,10.08022,6.12643
99,183,FALSE,35.13395,6.09369
99,184,FALSE,37.14463,6.03086
99,185,FALSE,28.13684,6.09419
99,186,FALSE,37.07667,6.06516
99,188,FALSE,30.10399,1.0102
99,189,FALSE,34.05327,34.06661
99,190,FALSE,23.07615,6.13134
99,191,FALSE,30.14076,6.0428
99,192,FALSE,25.09027,6.12162
99,193,FALSE,35.06424,36.11981
99,194,FALSE,25.0486,6.11717
99,195,FALSE,28.13623,6.08228
99,197,FALSE,30.10649,2.00663
99,198,FALSE,25.0416,6.02489
99,199,FALSE,30.01552,23.02381
99,200,FALSE,6.04418,6.07696
99,201,FALSE,5.11561,6.03326
99,202,FALSE,37.11825,37.06526
99,203,FALSE,30.0728,30.03331
99,204,FALSE,30.13079,6.10769
99,206,FALSE,30.086,2.0211
99,207,FALSE,28.12379,6.03355
99,208,FALSE,5.1134,5.0474
99,209,FALSE,28.00135,28.01434
99,210,FALSE,28.13847,28.14529
99,211,FALSE,28.00538,33.04076
99,212,FALSE,4.12248,5.00294
99,213,FALSE,13.05006,5.11064
99,216,FALSE,28.11769,6.10192
99,217,FALSE,29.01979,6.13875
99,218,FALSE,30.07551,6.08866
99,219,FALSE,25.11407,6.0891
99,222,FALSE,28.10028,5.11973
99,225,FALSE,33.07106,33.13253
99,226,FALSE,35.00702,6.07819
99,227,FALSE,37.07918,34.08267
99,229,FALSE,33.08475,33.11317
99,230,FALSE,33.06126,33.04194
99,233,FALSE,30.13393,6.01364
99,234,FALSE,30.0789,33.03058
99,235,FALSE,30.12469,33.05484
99,236,FALSE,4.05683,4.03882
99,237,FALSE,5.14593,6.13805
99,242,FALSE,24.13133,4.07439
99,243,FALSE,6.07691,6.07855
99,251,FALSE,34.06252,34.06954
99,252,FALSE,28.0998,6.08967
99,253,FALSE,30.13585,4.01804
99,254,FALSE,4.09537,1.14244
99,255,FALSE,13.0045,3.03776
99,256,FALSE,30.13888,2.01645
99,257,FALSE,20.07166,4.06484
99,258,FALSE,18.06847,1.14717
99,259,FALSE,5.08242,33.06312
99,260,FALSE,5.0088,5.11438
99,262,FALSE,36.09155,1.01027
99,263,FALSE,6.07805,3.05128
99,264,FALSE,29.04759,6.1074
99,265,FALSE,6.00642,5.09988
99,270,FALSE,6.12262,33.03405
99,271,FALSE,28.04855,6.05913
99,272,FALSE,5.04753,6.01191
99,273,FALSE,5.13509,6.07372
99,274,FALSE,5.09025,6.0063
99,275,FALSE,6.02187,33.08747
99,280,FALSE,5.07101,3.0477
99,289,FALSE,29.08592,5.14197
99,290,FALSE,6.11156,6.09468
99,291,FALSE,6.126,6.13209
99,292,FALSE,6.11903,5.11212
99,293,FALSE,30.13674,15.08617
99,294,FALSE,6.06598,10.03468
99,295,FALSE,36.07228,25.01868
99,296,FALSE,4.02978,20.00212
99,297,FALSE,35.04311,6.07262
99,298,FALSE,33.14348,1.09046
99,299,FALSE,34.0206,6.07994
99,300,FALSE,33.14414,6.08368
99,301,FALSE,33.13827,4.09877
99,302,FALSE,35.06544,5.01346
99,303,FALSE,33.01013,33.12006
99,308,FALSE,31.0553,3.01384
99,317,FALSE,22.0873,4.04071
99,318,FALSE,36.04436,4.10129
99,319,FALSE,30.0513,5.12115
99,320,FALSE,27.07208,4.12549
99,321,FALSE,34.09934,3.13326
99,322,FALSE,18.11524,5.03536
99,323,FALSE,17.08522,2.12237
99,324,FALSE,23.01153,2.02748
99,325,FALSE,25.09636,2.10246
99,326,FALSE,18.0694,4.13828
99,328,FALSE,25.11253,5.13758
99,329,FALSE,31.04952,6.13747
99,330,FALSE,30.03575,6.06918
99,331,FALSE,20.11659,5.05953
99,332,FALSE,28.03338,6.02934
99,333,FALSE,30.01799,33.00712
99,334,FALSE,6.04887,6.04345
99,335,FALSE,30.01529,5.07708
99,336,FALSE,30.1111,5.12152
99,337,FALSE,25.0757,6.02552
99,339,FALSE,28.02305,5.14205
99,340,TRUE,1.10044,1
99,341,TRUE,25.1321,1
99,342,FALSE,5.13321,36.12037
99,343,TRUE,1,1
99,346,FALSE,27.02393,6.08938
99,347,FALSE,33.05285,6.13004
99,348,FALSE,27.10551,6.07268
99,349,FALSE,25.01432,2.1032
99,350,FALSE,29.115,28.07116
99,351,FALSE,25.02015,6.12398
99,352,FALSE,34.09326,6.07726
99,353,FALSE,37.01464,34.04654
99,354,FALSE,34.0866,34.1225
99,355,FALSE,23.01276,5.00362
99,357,FALSE,29.14063,5.09063
99,358,FALSE,28.04969,6.03538
99,359,FALSE,32.02113,6.02419
99,361,FALSE,25.14469,6.04523
99,363,FALSE,35.05727,35.05952
99,364,FALSE,35.05305,35.08786
99,365,FALSE,23.14479,3.04546
99,366,FALSE,5.08778,5.0672
99,367,FALSE,35.00315,35.00484
99,370,FALSE,28.06134,6.09157
99,371,FALSE,33.14447,6.1388
99,372,FALSE,33.10557,6.12898
99,373,FALSE,6.05918,6.04473
99,374,FALSE,37.12582,1.1308
99,375,FALSE,4.06975,5.08897
99,376,FALSE,5.07424,6.12296
99,377,FALSE,1,2.13206
99,378,FALSE,28.06139,33.10599
99,379,FALSE,5.13137,28.13075
99,380,FALSE,33.12238,34.09599
99,381,FALSE,5.10549,6.07281
99,383,FALSE,30.0215,5.05183
99,384,FALSE,28.01404,6.06553
99,385,FALSE,25.1385,2.01126
99,386,FALSE,27.00756,1.09097
99,387,FALSE,34.09231,2.13484
99,388,FALSE,5.13435,2.04926
99,389,FALSE,7.05688,2.03502
99,390,FALSE,27.0401,3.05643
99,391,FALSE,23.02831,2.0345
99,394,FALSE,30.092,5.05937
99,395,FALSE,2.07787,35.00058
99,396,FALSE,3.02933,35.07229
99,397,FALSE,4.01468,35.03263
99,398,FALSE,33.08735,35.116
99,403,FALSE,19.08889,6.05847
99,404,FALSE,34.05276,35.07854
99,405,FALSE,5.00132,35.06256
99,406,FALSE,4.10272,6.00217
99,407,FALSE,28.10836,29.14457
99,408,TRUE,4.10234,1
99,412,FALSE,34.13855,10.0669
99,413,FALSE,25.14238,15.06353
99,414,FALSE,31.0877,10.09805
99,415,FALSE,28.14581,30.02947
99,416,FALSE,20.13105,33.03512
99,417,FALSE,28.07618,6.12524
99,418,FALSE,35.07866,35.09899
99,419,FALSE,33.00747,33.05157
99,420,FALSE,33.00022,33.01247
99,421,FALSE,33.05315,33.14686
99,422,FALSE,30.12792,28.14215
99,423,FALSE,23.0082,6.03884
99,425,FALSE,37.04922,5.02514
99,426,FALSE,33.12264,6.05892
99,427,FALSE,6.14024,6.06461
99,428,FALSE,33.13692,33.07264
99,429,FALSE,28.04856,33.09383
100,1,FALSE,23.12992,6.03727
100,3,FALSE,4.03342,4.11828
100,5,FALSE,37.07598,6.02555
100,6,FALSE,33.01761,5.13953
100,7,FALSE,1,4.01118
100,9,FALSE,5.03923,5.02606
100,10,FALSE,4.13561,5.02074
100,11,FALSE,1,6.10425
100,13,FALSE,6.13285,6.10895
100,17,FALSE,28.1433,6.02614
100,18,FALSE,6.0323,6.02885
100,19,TRUE,33.14082,1
100,21,FALSE,18.08742,6.05124
100,22,FALSE,6.09874,6.10209
100,25,FALSE,19.04565,6.03481
100,29,FALSE,5.10783,2.00475
100,30,FALSE,6.12329,6.12678
100,69,FALSE,24.07917,2.09976
100,70,FALSE,23.05861,28.02574
100,71,FALSE,28.12786,6.05504
100,72,FALSE,33.07462,33.09117
100,73,FALSE,28.12543,28.06389
100,74,FALSE,33.07045,33.08981
100,75,FALSE,33.13997,34.03291
100,76,FALSE,6.10935,6.11493
100,77,FALSE,6.12043,18.10921
100,78,FALSE,23.10741,6.032
100,79,FALSE,6.1009,6.10215
100,82,FALSE,29.09488,6.02784
100,83,FALSE,18.05601,3.06151
100,84,FALSE,1,33.02854
100,85,FALSE,1,2.00014
100,86,TRUE,29.07029,1
100,91,FALSE,5.09756,5.09435
100,92,FALSE,28.02544,6.08119
100,93,FALSE,23.03714,6.08804
100,95,FALSE,5.13405,4.13009
100,98,FALSE,30.00801,5.07746
100,99,FALSE,34.11896,22.03757
100,100,FALSE,35.0782,6.09615
100,101,FALSE,23.1379,3.05459
100,103,FALSE,25.01744,6.13782
100,104,FALSE,30.01749,6.05109
100,106,FALSE,28.14144,3.12804
100,107,FALSE,26.05944,4.01316
100,109,FALSE,34.03284,6.09631
100,110,FALSE,28.03541,6.0815
100,111,FALSE,33.03951,5.01682
100,112,FALSE,22.002,3.02973
100,113,FALSE,28.00941,5.06622
100,114,FALSE,5.12455,2.09575
100,115,FALSE,5.13545,6.014
100,116,FALSE,28.08503,3.01346
100,117,FALSE,5.12126,3.01099
100,118,FALSE,18.03247,2.12483
100,120,FALSE,34.07508,2.01603
100,121,FALSE,5.14115,3.04414
100,122,FALSE,5.09995,2.03226
100,123,FALSE,6.10357,2.02752
100,124,FALSE,37.10008,2.01306
100,125,FALSE,34.13729,35.02475
100,126,FALSE,30.03911,35.09759
100,127,FALSE,24.03408,6.10773
100,128,FALSE,30.07982,6.00291
100,129,FALSE,30.14615,6.08259
100,130,FALSE,35.09191,35.14266
100,131,FALSE,5.1217,4.0215
100,133,FALSE,5.12585,3.12243
100,134,FALSE,5.12837,4.01706
100,135,FALSE,4.02658,2.11526
100,136,FALSE,4.12093,4.10868
100,137,FALSE,5.11236,4.06
100,139,FALSE,5.05278,5.14241
100,140,FALSE,3.06639,4.03113
100,141,FALSE,2.013,6.09175
100,142,FALSE,3.03824,3.12795
100,143,FALSE,5.12779,1.06814
100,144,FALSE,5.10098,4.06178
100,145,TRUE,30.13622,1
100,146,TRUE,1,1
100,147,FALSE,1,2.05538
100,148,TRUE,1,1
100,149,TRUE,18.01529,1
100,150,FALSE,1,35.13624
100,151,TRUE,1.04807,1
100,153,FALSE,6.11531,6.11746
100,154,FALSE,23.03124,6.05847
100,155,FALSE,23.01385,4.00541
100,156,FALSE,5.11107,6.04131
100,157,FALSE,5.13756,1.06937
100,158,FALSE,18.05505,4.0602
100,159,FALSE,23.05437,1.05782
100,160,FALSE,23.02689,4.0682
100,161,FALSE,18.10748,4.05864
100,162,FALSE,29.13708,34.12162
100,164,FALSE,37.04112,5.00292
100,165,FALSE,6.06852,35.01112
100,166,FALSE,30.11742,35.05998
100,167,FALSE,5.125,6.09407
100,168,FALSE,1,35.05484
100,169,FALSE,30.01676,35.13924
100,173,FALSE,29.14445,6.01589
100,175,FALSE,3.10833,3.13962
100,176,FALSE,5.02889,5.05411
100,177,FALSE,30.10059,6.05825
100,178,FALSE,35.07764,34.03907
100,179,FALSE,34.04588,6.12528
100,180,FALSE,28.09448,28.10567
100,181,FALSE,35.08026,33.08674
100,182,FALSE,25.14075,6.13106
100,183,FALSE,35.04375,6.12367
100,184,FALSE,37.12268,6.02013
100,185,FALSE,28.11036,6.14371
100,186,FALSE,37.14274,6.03496
100,188,FALSE,30.13407,1.12615
100,189,FALSE,34.09105,34.10529
100,190,FALSE,23.12605,6.1149
100,191,FALSE,30.13395,6.07536
100,192,FALSE,25.09179,6.03598
100,193,FALSE,35.04969,36.01579
100,194,FALSE,25.00332,6.06264
100,195,FALSE,28.07368,6.10112
100,197,FALSE,30.12418,2.03478
100,198,FALSE,25.05752,6.07206
100,199,FALSE,30.11524,23.00089
100,200,FALSE,6.09031,6.10312
100,201,FALSE,5.14525,6.07909
100,202,FALSE,37.01907,37.02822
100,203,FALSE,30.11217,30.05063
100,204,FALSE,30.09431,4.11638
100,206,FALSE,30.0358,2.02215
100,207,FALSE,28.14588,6.11781
100,208,FALSE,5.05908,5.06992
100,209,FALSE,28.00254,28.11749
100,210,FALSE,28.12391,28.04418
100,211,FALSE,28.02223,33.05287
100,212,FALSE,4.11773,5.08971
100,213,FALSE,13.11214,5.14609
100,216,FALSE,28.08762,6.10228
100,217,FALSE,29.04622,6.13736
100,218,FALSE,30.13691,6.11312
100,219,FALSE,25.05029,6.12244
100,222,FALSE,28.12599,5.02853
100,225,FALSE,33.08474,33.10229
100,226,FALSE,35.04408,6.0572
100,227,FALSE,37.04641,34.08182
100,229,FALSE,33.13079,33.11918
100,230,FALSE,33.01899,33.01642
100,233,FALSE,30.13753,6.0065
100,234,FALSE,30.13424,33.01824
100,235,FALSE,30.07428,33.0994
100,236,FALSE,4.14429,4.13556
100,237,FALSE,5.14228,6.12812
100,242,FALSE,24.11287,4.0283
100,243,FALSE,6.01818,6.13489
100,251,FALSE,34.0128,34.07167
100,252,FALSE,28.03741,6.06735
100,253,FALSE,30.06395,4.02378
100,254,FALSE,4.08523,1.02248
100,255,FALSE,13.09703,3.00778
100,256,FALSE,30.0881,2.04468
100,257,FALSE,20.14731,4.10184
100,258,FALSE,18.09313,5.00066
100,259,FALSE,5.08763,33.0289
100,260,FALSE,5.11137,5.08425
100,262,FALSE,36.09345,1.04381
100,263,FALSE,6.06337,3.0049
100,264,FALSE,29.11423,6.07463
100,265,FALSE,6.00743,5.14192
100,270,FALSE,6.14345,33.07815
100,271,FALSE,28.09559,6.10336
100,272,FALSE,5.13534,6.03937
100,273,FALSE,5.05253,6.01627
100,274,FALSE,5.10261,6.00966
100,275,FALSE,6.09218,33.05488
100,280,FALSE,5.05802,3.11755
100,289,FALSE,29.06712,5.14734
100,290,FALSE,6.13613,6.11379
100,291,FALSE,6.13371,6.1352
100,292,FALSE,6.10967,5.03836
100,293,FALSE,31.08346,15.11456
100,294,FALSE,15.02572,10.02678
100,295,FALSE,36.08857,25.0002
100,296,FALSE,4.00249,20.01646
100,297,FALSE,35.07691,6.01709
100,298,FALSE,33.0237,2.02162
100,299,FALSE,34.03486,6.0535
100,300,FALSE,33.12657,4.11035
100,301,FALSE,33.11771,4.12654
100,302,FALSE,35.10333,5.07995
100,303,FALSE,33.12562,5.10502
100,308,FALSE,31.14324,5.01423
100,317,FALSE,22.12413,3.0212
100,318,FALSE,36.03336,6.04336
100,319,FALSE,30.12271,5.13093
100,320,FALSE,27.01606,4.08062
100,321,FALSE,34.14211,3.06073
100,322,FALSE,18.06459,5.06348
100,323,FALSE,17.06373,2.02575
100,324,FALSE,23.13149,1.09402
100,325,FALSE,25.02527,2.05886
100,326,FALSE,18.00626,3.136
100,328,FALSE,25.0052,5.10708
100,329,FALSE,31.13179,20.05527
100,330,FALSE,28.13774,6.02896
100,331,FALSE,20.01294,5.00792
100,332,FALSE,30.08305,5.09716
100,333,FALSE,30.12887,33.03704
100,334,FALSE,6.08093,6.09478
100,335,FALSE,30.04088,5.09659
100,336,FALSE,30.08759,5.09424
100,337,FALSE,25.12702,6.11196
100,339,FALSE,28.12485,5.13161
100,340,TRUE,1.08454,1
100,341,TRUE,25.06437,1
100,342,FALSE,5.12288,36.01448
100,343,TRUE,1,1
100,346,FALSE,27.1392,6.03571
100,347,FALSE,33.03742,6.0582
100,348,FALSE,27.05106,6.04162
100,349,FALSE,25.09415,2.0154
100,350,FALSE,29.07443,28.00771
100,351,FALSE,25.05666,6.10786
100,352,FALSE,34.01442,6.09484
100,353,FALSE,37.08629,34.01702
100,354,FALSE,34.08299,34.13169
100,355,FALSE,23.06061,5.01186
100,357,FALSE,29.04401,5.082
100,358,FALSE,28.07465,6.02522
100,359,FALSE,32.06642,6.04494
100,361,FALSE,25.14432,6.08028
100,363,FALSE,35.07552,35.08767
100,364,FALSE,35.09155,35.11522
100,365,FALSE,23.12703,3.13157
100,366,FALSE,5.09363,5.09454
100,367,FALSE,35.00808,35.05563
100,370,FALSE,28.11182,6.08931
100,371,FALSE,33.00797,6.13867
100,372,FALSE,33.13141,6.13806
100,373,FALSE,6.13744,6.01671
100,374,FALSE,37.08698,1.00655
100,375,FALSE,4.05899,5.11711
100,376,FALSE,5.11188,6.12229
100,377,FALSE,1,2.09883
100,378,FALSE,28.03502,33.0146
100,379,FALSE,5.13965,28.00571
100,380,FALSE,33.04733,34.03673
100,381,FALSE,5.07096,6.01725
100,383,FALSE,30.13528,5.06016
100,384,FALSE,28.04127,6.12825
100,385,FALSE,25.13915,1.02521
100,386,FALSE,27.00044,4.13403
100,387,FALSE,34.139,1.10761
100,388,FALSE,5.13973,3.04462
100,389,FALSE,7.02868,2.02962
100,390,FALSE,27.03893,3.10152
100,391,FALSE,23.01157,2.04873
100,394,FALSE,30.11529,5.13656
100,395,FALSE,2.10302,35.00389
100,396,FALSE,3.04751,35.02919
100,397,FALSE,4.05928,35.02309
100,398,FALSE,33.08912,35.11352
100,403,FALSE,19.09,6.08995
100,404,FALSE,34.02449,35.11132
100,405,FALSE,5.0374,35.08533
100,406,FALSE,4.14351,6.05043
100,407,FALSE,28.14607,29.09295
100,408,TRUE,4.01542,1
100,412,FALSE,34.12469,10.06171
100,413,FALSE,15.09688,20.00417
100,414,FALSE,31.10162,10.08236
100,415,FALSE,28.03664,30.01903
100,416,FALSE,20.00038,33.01093
100,417,FALSE,28.10951,6.13081
100,418,FALSE,35.07801,35.08575
100,419,FALSE,33.04412,33.10027
100,420,FALSE,33.09217,33.14235
100,421,FALSE,33.1077,33.10841
100,422,FALSE,28.04321,30.02573
100,423,FALSE,23.11849,6.04359
100,425,FALSE,5.05025,6.05001
100,426,FALSE,33.11992,6.04872
100,427,FALSE,6.13878,6.11064
100,428,FALSE,33.12224,33.14437
100,429,FALSE,28.14513,33.08555
