priority_profile,prioridad,a816,prioridad_garantizada,a811,num_prio,num_vul,tramo
6840,1,1,1,1,8,9,0
6839,1,1,1,1,8,9,40
6838,1,1,1,1,8,9,50
6837,1,1,1,1,8,9,60
6836,1,1,1,1,8,9,70
6835,1,1,1,1,8,9,80
6834,1,1,1,1,8,9,90
6833,1,1,1,1,8,9,100
6832,1,1,1,1,8,9,101
6831,1,1,1,1,8,8,0
6830,1,1,1,1,8,8,40
6829,1,1,1,1,8,8,50
6828,1,1,1,1,8,8,60
6827,1,1,1,1,8,8,70
6826,1,1,1,1,8,8,80
6825,1,1,1,1,8,8,90
6824,1,1,1,1,8,8,100
6823,1,1,1,1,8,8,101
6822,1,1,1,1,8,7,0
6821,1,1,1,1,8,7,40
6820,1,1,1,1,8,7,50
6819,1,1,1,1,8,7,60
6818,1,1,1,1,8,7,70
6817,1,1,1,1,8,7,80
6816,1,1,1,1,8,7,90
6815,1,1,1,1,8,7,100
6814,1,1,1,1,8,7,101
6813,1,1,1,1,8,6,0
6812,1,1,1,1,8,6,40
6811,1,1,1,1,8,6,50
6810,1,1,1,1,8,6,60
6809,1,1,1,1,8,6,70
6808,1,1,1,1,8,6,80
6807,1,1,1,1,8,6,90
6806,1,1,1,1,8,6,100
6805,1,1,1,1,8,6,101
6804,1,1,1,1,8,5,0
6803,1,1,1,1,8,5,40
6802,1,1,1,1,8,5,50
6801,1,1,1,1,8,5,60
6800,1,1,1,1,8,5,70
6799,1,1,1,1,8,5,80
6798,1,1,1,1,8,5,90
6797,1,1,1,1,8,5,100
6796,1,1,1,1,8,5,101
6795,1,1,1,1,8,4,0
6794,1,1,1,1,8,4,40
6793,1,1,1,1,8,4,50
6792,1,1,1,1,8,4,60
6791,1,1,1,1,8,4,70
6790,1,1,1,1,8,4,80
6789,1,1,1,1,8,4,90
6788,1,1,1,1,8,4,100
6787,1,1,1,1,8,4,101
6786,1,1,1,1,8,3,0
6785,1,1,1,1,8,3,40
6784,1,1,1,1,8,3,50
6783,1,1,1,1,8,3,60
6782,1,1,1,1,8,3,70
6781,1,1,1,1,8,3,80
6780,1,1,1,1,8,3,90
6779,1,1,1,1,8,3,100
6778,1,1,1,1,8,3,101
6777,1,1,1,1,8,2,0
6776,1,1,1,1,8,2,40
6775,1,1,1,1,8,2,50
6774,1,1,1,1,8,2,60
6773,1,1,1,1,8,2,70
6772,1,1,1,1,8,2,80
6771,1,1,1,1,8,2,90
6770,1,1,1,1,8,2,100
6769,1,1,1,1,8,2,101
6768,1,1,1,1,8,1,0
6767,1,1,1,1,8,1,40
6766,1,1,1,1,8,1,50
6765,1,1,1,1,8,1,60
6764,1,1,1,1,8,1,70
6763,1,1,1,1,8,1,80
6762,1,1,1,1,8,1,90
6761,1,1,1,1,8,1,100
6760,1,1,1,1,8,1,101
6759,1,1,1,1,8,0,0
6758,1,1,1,1,8,0,40
6757,1,1,1,1,8,0,50
6756,1,1,1,1,8,0,60
6755,1,1,1,1,8,0,70
6754,1,1,1,1,8,0,80
6753,1,1,1,1,8,0,90
6752,1,1,1,1,8,0,100
6751,1,1,1,1,8,0,101
6750,1,1,1,1,7,9,0
6749,1,1,1,1,7,9,40
6748,1,1,1,1,7,9,50
6747,1,1,1,1,7,9,60
6746,1,1,1,1,7,9,70
6745,1,1,1,1,7,9,80
6744,1,1,1,1,7,9,90
6743,1,1,1,1,7,9,100
6742,1,1,1,1,7,9,101
6741,1,1,1,1,7,8,0
6740,1,1,1,1,7,8,40
6739,1,1,1,1,7,8,50
6738,1,1,1,1,7,8,60
6737,1,1,1,1,7,8,70
6736,1,1,1,1,7,8,80
6735,1,1,1,1,7,8,90
6734,1,1,1,1,7,8,100
6733,1,1,1,1,7,8,101
6732,1,1,1,1,7,7,0
6731,1,1,1,1,7,7,40
6730,1,1,1,1,7,7,50
6729,1,1,1,1,7,7,60
6728,1,1,1,1,7,7,70
6727,1,1,1,1,7,7,80
6726,1,1,1,1,7,7,90
6725,1,1,1,1,7,7,100
6724,1,1,1,1,7,7,101
6723,1,1,1,1,7,6,0
6722,1,1,1,1,7,6,40
6721,1,1,1,1,7,6,50
6720,1,1,1,1,7,6,60
6719,1,1,1,1,7,6,70
6718,1,1,1,1,7,6,80
6717,1,1,1,1,7,6,90
6716,1,1,1,1,7,6,100
6715,1,1,1,1,7,6,101
6714,1,1,1,1,7,5,0
6713,1,1,1,1,7,5,40
6712,1,1,1,1,7,5,50
6711,1,1,1,1,7,5,60
6710,1,1,1,1,7,5,70
6709,1,1,1,1,7,5,80
6708,1,1,1,1,7,5,90
6707,1,1,1,1,7,5,100
6706,1,1,1,1,7,5,101
6705,1,1,1,1,7,4,0
6704,1,1,1,1,7,4,40
6703,1,1,1,1,7,4,50
6702,1,1,1,1,7,4,60
6701,1,1,1,1,7,4,70
6700,1,1,1,1,7,4,80
6699,1,1,1,1,7,4,90
6698,1,1,1,1,7,4,100
6697,1,1,1,1,7,4,101
6696,1,1,1,1,7,3,0
6695,1,1,1,1,7,3,40
6694,1,1,1,1,7,3,50
6693,1,1,1,1,7,3,60
6692,1,1,1,1,7,3,70
6691,1,1,1,1,7,3,80
6690,1,1,1,1,7,3,90
6689,1,1,1,1,7,3,100
6688,1,1,1,1,7,3,101
6687,1,1,1,1,7,2,0
6686,1,1,1,1,7,2,40
6685,1,1,1,1,7,2,50
6684,1,1,1,1,7,2,60
6683,1,1,1,1,7,2,70
6682,1,1,1,1,7,2,80
6681,1,1,1,1,7,2,90
6680,1,1,1,1,7,2,100
6679,1,1,1,1,7,2,101
6678,1,1,1,1,7,1,0
6677,1,1,1,1,7,1,40
6676,1,1,1,1,7,1,50
6675,1,1,1,1,7,1,60
6674,1,1,1,1,7,1,70
6673,1,1,1,1,7,1,80
6672,1,1,1,1,7,1,90
6671,1,1,1,1,7,1,100
6670,1,1,1,1,7,1,101
6669,1,1,1,1,7,0,0
6668,1,1,1,1,7,0,40
6667,1,1,1,1,7,0,50
6666,1,1,1,1,7,0,60
6665,1,1,1,1,7,0,70
6664,1,1,1,1,7,0,80
6663,1,1,1,1,7,0,90
6662,1,1,1,1,7,0,100
6661,1,1,1,1,7,0,101
6660,1,1,1,1,6,9,0
6659,1,1,1,1,6,9,40
6658,1,1,1,1,6,9,50
6657,1,1,1,1,6,9,60
6656,1,1,1,1,6,9,70
6655,1,1,1,1,6,9,80
6654,1,1,1,1,6,9,90
6653,1,1,1,1,6,9,100
6652,1,1,1,1,6,9,101
6651,1,1,1,1,6,8,0
6650,1,1,1,1,6,8,40
6649,1,1,1,1,6,8,50
6648,1,1,1,1,6,8,60
6647,1,1,1,1,6,8,70
6646,1,1,1,1,6,8,80
6645,1,1,1,1,6,8,90
6644,1,1,1,1,6,8,100
6643,1,1,1,1,6,8,101
6642,1,1,1,1,6,7,0
6641,1,1,1,1,6,7,40
6640,1,1,1,1,6,7,50
6639,1,1,1,1,6,7,60
6638,1,1,1,1,6,7,70
6637,1,1,1,1,6,7,80
6636,1,1,1,1,6,7,90
6635,1,1,1,1,6,7,100
6634,1,1,1,1,6,7,101
6633,1,1,1,1,6,6,0
6632,1,1,1,1,6,6,40
6631,1,1,1,1,6,6,50
6630,1,1,1,1,6,6,60
6629,1,1,1,1,6,6,70
6628,1,1,1,1,6,6,80
6627,1,1,1,1,6,6,90
6626,1,1,1,1,6,6,100
6625,1,1,1,1,6,6,101
6624,1,1,1,1,6,5,0
6623,1,1,1,1,6,5,40
6622,1,1,1,1,6,5,50
6621,1,1,1,1,6,5,60
6620,1,1,1,1,6,5,70
6619,1,1,1,1,6,5,80
6618,1,1,1,1,6,5,90
6617,1,1,1,1,6,5,100
6616,1,1,1,1,6,5,101
6615,1,1,1,1,6,4,0
6614,1,1,1,1,6,4,40
6613,1,1,1,1,6,4,50
6612,1,1,1,1,6,4,60
6611,1,1,1,1,6,4,70
6610,1,1,1,1,6,4,80
6609,1,1,1,1,6,4,90
6608,1,1,1,1,6,4,100
6607,1,1,1,1,6,4,101
6606,1,1,1,1,6,3,0
6605,1,1,1,1,6,3,40
6604,1,1,1,1,6,3,50
6603,1,1,1,1,6,3,60
6602,1,1,1,1,6,3,70
6601,1,1,1,1,6,3,80
6600,1,1,1,1,6,3,90
6599,1,1,1,1,6,3,100
6598,1,1,1,1,6,3,101
6597,1,1,1,1,6,2,0
6596,1,1,1,1,6,2,40
6595,1,1,1,1,6,2,50
6594,1,1,1,1,6,2,60
6593,1,1,1,1,6,2,70
6592,1,1,1,1,6,2,80
6591,1,1,1,1,6,2,90
6590,1,1,1,1,6,2,100
6589,1,1,1,1,6,2,101
6588,1,1,1,1,6,1,0
6587,1,1,1,1,6,1,40
6586,1,1,1,1,6,1,50
6585,1,1,1,1,6,1,60
6584,1,1,1,1,6,1,70
6583,1,1,1,1,6,1,80
6582,1,1,1,1,6,1,90
6581,1,1,1,1,6,1,100
6580,1,1,1,1,6,1,101
6579,1,1,1,1,6,0,0
6578,1,1,1,1,6,0,40
6577,1,1,1,1,6,0,50
6576,1,1,1,1,6,0,60
6575,1,1,1,1,6,0,70
6574,1,1,1,1,6,0,80
6573,1,1,1,1,6,0,90
6572,1,1,1,1,6,0,100
6571,1,1,1,1,6,0,101
6570,1,1,1,1,5,9,0
6569,1,1,1,1,5,9,40
6568,1,1,1,1,5,9,50
6567,1,1,1,1,5,9,60
6566,1,1,1,1,5,9,70
6565,1,1,1,1,5,9,80
6564,1,1,1,1,5,9,90
6563,1,1,1,1,5,9,100
6562,1,1,1,1,5,9,101
6561,1,1,1,1,5,8,0
6560,1,1,1,1,5,8,40
6559,1,1,1,1,5,8,50
6558,1,1,1,1,5,8,60
6557,1,1,1,1,5,8,70
6556,1,1,1,1,5,8,80
6555,1,1,1,1,5,8,90
6554,1,1,1,1,5,8,100
6553,1,1,1,1,5,8,101
6552,1,1,1,1,5,7,0
6551,1,1,1,1,5,7,40
6550,1,1,1,1,5,7,50
6549,1,1,1,1,5,7,60
6548,1,1,1,1,5,7,70
6547,1,1,1,1,5,7,80
6546,1,1,1,1,5,7,90
6545,1,1,1,1,5,7,100
6544,1,1,1,1,5,7,101
6543,1,1,1,1,5,6,0
6542,1,1,1,1,5,6,40
6541,1,1,1,1,5,6,50
6540,1,1,1,1,5,6,60
6539,1,1,1,1,5,6,70
6538,1,1,1,1,5,6,80
6537,1,1,1,1,5,6,90
6536,1,1,1,1,5,6,100
6535,1,1,1,1,5,6,101
6534,1,1,1,1,5,5,0
6533,1,1,1,1,5,5,40
6532,1,1,1,1,5,5,50
6531,1,1,1,1,5,5,60
6530,1,1,1,1,5,5,70
6529,1,1,1,1,5,5,80
6528,1,1,1,1,5,5,90
6527,1,1,1,1,5,5,100
6526,1,1,1,1,5,5,101
6525,1,1,1,1,5,4,0
6524,1,1,1,1,5,4,40
6523,1,1,1,1,5,4,50
6522,1,1,1,1,5,4,60
6521,1,1,1,1,5,4,70
6520,1,1,1,1,5,4,80
6519,1,1,1,1,5,4,90
6518,1,1,1,1,5,4,100
6517,1,1,1,1,5,4,101
6516,1,1,1,1,5,3,0
6515,1,1,1,1,5,3,40
6514,1,1,1,1,5,3,50
6513,1,1,1,1,5,3,60
6512,1,1,1,1,5,3,70
6511,1,1,1,1,5,3,80
6510,1,1,1,1,5,3,90
6509,1,1,1,1,5,3,100
6508,1,1,1,1,5,3,101
6507,1,1,1,1,5,2,0
6506,1,1,1,1,5,2,40
6505,1,1,1,1,5,2,50
6504,1,1,1,1,5,2,60
6503,1,1,1,1,5,2,70
6502,1,1,1,1,5,2,80
6501,1,1,1,1,5,2,90
6500,1,1,1,1,5,2,100
6499,1,1,1,1,5,2,101
6498,1,1,1,1,5,1,0
6497,1,1,1,1,5,1,40
6496,1,1,1,1,5,1,50
6495,1,1,1,1,5,1,60
6494,1,1,1,1,5,1,70
6493,1,1,1,1,5,1,80
6492,1,1,1,1,5,1,90
6491,1,1,1,1,5,1,100
6490,1,1,1,1,5,1,101
6489,1,1,1,1,5,0,0
6488,1,1,1,1,5,0,40
6487,1,1,1,1,5,0,50
6486,1,1,1,1,5,0,60
6485,1,1,1,1,5,0,70
6484,1,1,1,1,5,0,80
6483,1,1,1,1,5,0,90
6482,1,1,1,1,5,0,100
6481,1,1,1,1,5,0,101
6480,1,1,1,1,4,9,0
6479,1,1,1,1,4,9,40
6478,1,1,1,1,4,9,50
6477,1,1,1,1,4,9,60
6476,1,1,1,1,4,9,70
6475,1,1,1,1,4,9,80
6474,1,1,1,1,4,9,90
6473,1,1,1,1,4,9,100
6472,1,1,1,1,4,9,101
6471,1,1,1,1,4,8,0
6470,1,1,1,1,4,8,40
6469,1,1,1,1,4,8,50
6468,1,1,1,1,4,8,60
6467,1,1,1,1,4,8,70
6466,1,1,1,1,4,8,80
6465,1,1,1,1,4,8,90
6464,1,1,1,1,4,8,100
6463,1,1,1,1,4,8,101
6462,1,1,1,1,4,7,0
6461,1,1,1,1,4,7,40
6460,1,1,1,1,4,7,50
6459,1,1,1,1,4,7,60
6458,1,1,1,1,4,7,70
6457,1,1,1,1,4,7,80
6456,1,1,1,1,4,7,90
6455,1,1,1,1,4,7,100
6454,1,1,1,1,4,7,101
6453,1,1,1,1,4,6,0
6452,1,1,1,1,4,6,40
6451,1,1,1,1,4,6,50
6450,1,1,1,1,4,6,60
6449,1,1,1,1,4,6,70
6448,1,1,1,1,4,6,80
6447,1,1,1,1,4,6,90
6446,1,1,1,1,4,6,100
6445,1,1,1,1,4,6,101
6444,1,1,1,1,4,5,0
6443,1,1,1,1,4,5,40
6442,1,1,1,1,4,5,50
6441,1,1,1,1,4,5,60
6440,1,1,1,1,4,5,70
6439,1,1,1,1,4,5,80
6438,1,1,1,1,4,5,90
6437,1,1,1,1,4,5,100
6436,1,1,1,1,4,5,101
6435,1,1,1,1,4,4,0
6434,1,1,1,1,4,4,40
6433,1,1,1,1,4,4,50
6432,1,1,1,1,4,4,60
6431,1,1,1,1,4,4,70
6430,1,1,1,1,4,4,80
6429,1,1,1,1,4,4,90
6428,1,1,1,1,4,4,100
6427,1,1,1,1,4,4,101
6426,1,1,1,1,4,3,0
6425,1,1,1,1,4,3,40
6424,1,1,1,1,4,3,50
6423,1,1,1,1,4,3,60
6422,1,1,1,1,4,3,70
6421,1,1,1,1,4,3,80
6420,1,1,1,1,4,3,90
6419,1,1,1,1,4,3,100
6418,1,1,1,1,4,3,101
6417,1,1,1,1,4,2,0
6416,1,1,1,1,4,2,40
6415,1,1,1,1,4,2,50
6414,1,1,1,1,4,2,60
6413,1,1,1,1,4,2,70
6412,1,1,1,1,4,2,80
6411,1,1,1,1,4,2,90
6410,1,1,1,1,4,2,100
6409,1,1,1,1,4,2,101
6408,1,1,1,1,4,1,0
6407,1,1,1,1,4,1,40
6406,1,1,1,1,4,1,50
6405,1,1,1,1,4,1,60
6404,1,1,1,1,4,1,70
6403,1,1,1,1,4,1,80
6402,1,1,1,1,4,1,90
6401,1,1,1,1,4,1,100
6400,1,1,1,1,4,1,101
6399,1,1,1,1,4,0,0
6398,1,1,1,1,4,0,40
6397,1,1,1,1,4,0,50
6396,1,1,1,1,4,0,60
6395,1,1,1,1,4,0,70
6394,1,1,1,1,4,0,80
6393,1,1,1,1,4,0,90
6392,1,1,1,1,4,0,100
6391,1,1,1,1,4,0,101
6390,1,1,1,1,3,9,0
6389,1,1,1,1,3,9,40
6388,1,1,1,1,3,9,50
6387,1,1,1,1,3,9,60
6386,1,1,1,1,3,9,70
6385,1,1,1,1,3,9,80
6384,1,1,1,1,3,9,90
6383,1,1,1,1,3,9,100
6382,1,1,1,1,3,9,101
6381,1,1,1,1,3,8,0
6380,1,1,1,1,3,8,40
6379,1,1,1,1,3,8,50
6378,1,1,1,1,3,8,60
6377,1,1,1,1,3,8,70
6376,1,1,1,1,3,8,80
6375,1,1,1,1,3,8,90
6374,1,1,1,1,3,8,100
6373,1,1,1,1,3,8,101
6372,1,1,1,1,3,7,0
6371,1,1,1,1,3,7,40
6370,1,1,1,1,3,7,50
6369,1,1,1,1,3,7,60
6368,1,1,1,1,3,7,70
6367,1,1,1,1,3,7,80
6366,1,1,1,1,3,7,90
6365,1,1,1,1,3,7,100
6364,1,1,1,1,3,7,101
6363,1,1,1,1,3,6,0
6362,1,1,1,1,3,6,40
6361,1,1,1,1,3,6,50
6360,1,1,1,1,3,6,60
6359,1,1,1,1,3,6,70
6358,1,1,1,1,3,6,80
6357,1,1,1,1,3,6,90
6356,1,1,1,1,3,6,100
6355,1,1,1,1,3,6,101
6354,1,1,1,1,3,5,0
6353,1,1,1,1,3,5,40
6352,1,1,1,1,3,5,50
6351,1,1,1,1,3,5,60
6350,1,1,1,1,3,5,70
6349,1,1,1,1,3,5,80
6348,1,1,1,1,3,5,90
6347,1,1,1,1,3,5,100
6346,1,1,1,1,3,5,101
6345,1,1,1,1,3,4,0
6344,1,1,1,1,3,4,40
6343,1,1,1,1,3,4,50
6342,1,1,1,1,3,4,60
6341,1,1,1,1,3,4,70
6340,1,1,1,1,3,4,80
6339,1,1,1,1,3,4,90
6338,1,1,1,1,3,4,100
6337,1,1,1,1,3,4,101
6336,1,1,1,1,3,3,0
6335,1,1,1,1,3,3,40
6334,1,1,1,1,3,3,50
6333,1,1,1,1,3,3,60
6332,1,1,1,1,3,3,70
6331,1,1,1,1,3,3,80
6330,1,1,1,1,3,3,90
6329,1,1,1,1,3,3,100
6328,1,1,1,1,3,3,101
6327,1,1,1,1,3,2,0
6326,1,1,1,1,3,2,40
6325,1,1,1,1,3,2,50
6324,1,1,1,1,3,2,60
6323,1,1,1,1,3,2,70
6322,1,1,1,1,3,2,80
6321,1,1,1,1,3,2,90
6320,1,1,1,1,3,2,100
6319,1,1,1,1,3,2,101
6318,1,1,1,1,3,1,0
6317,1,1,1,1,3,1,40
6316,1,1,1,1,3,1,50
6315,1,1,1,1,3,1,60
6314,1,1,1,1,3,1,70
6313,1,1,1,1,3,1,80
6312,1,1,1,1,3,1,90
6311,1,1,1,1,3,1,100
6310,1,1,1,1,3,1,101
6309,1,1,1,1,3,0,0
6308,1,1,1,1,3,0,40
6307,1,1,1,1,3,0,50
6306,1,1,1,1,3,0,60
6305,1,1,1,1,3,0,70
6304,1,1,1,1,3,0,80
6303,1,1,1,1,3,0,90
6302,1,1,1,1,3,0,100
6301,1,1,1,1,3,0,101
6300,1,1,1,1,2,9,0
6299,1,1,1,1,2,9,40
6298,1,1,1,1,2,9,50
6297,1,1,1,1,2,9,60
6296,1,1,1,1,2,9,70
6295,1,1,1,1,2,9,80
6294,1,1,1,1,2,9,90
6293,1,1,1,1,2,9,100
6292,1,1,1,1,2,9,101
6291,1,1,1,1,2,8,0
6290,1,1,1,1,2,8,40
6289,1,1,1,1,2,8,50
6288,1,1,1,1,2,8,60
6287,1,1,1,1,2,8,70
6286,1,1,1,1,2,8,80
6285,1,1,1,1,2,8,90
6284,1,1,1,1,2,8,100
6283,1,1,1,1,2,8,101
6282,1,1,1,1,2,7,0
6281,1,1,1,1,2,7,40
6280,1,1,1,1,2,7,50
6279,1,1,1,1,2,7,60
6278,1,1,1,1,2,7,70
6277,1,1,1,1,2,7,80
6276,1,1,1,1,2,7,90
6275,1,1,1,1,2,7,100
6274,1,1,1,1,2,7,101
6273,1,1,1,1,2,6,0
6272,1,1,1,1,2,6,40
6271,1,1,1,1,2,6,50
6270,1,1,1,1,2,6,60
6269,1,1,1,1,2,6,70
6268,1,1,1,1,2,6,80
6267,1,1,1,1,2,6,90
6266,1,1,1,1,2,6,100
6265,1,1,1,1,2,6,101
6264,1,1,1,1,2,5,0
6263,1,1,1,1,2,5,40
6262,1,1,1,1,2,5,50
6261,1,1,1,1,2,5,60
6260,1,1,1,1,2,5,70
6259,1,1,1,1,2,5,80
6258,1,1,1,1,2,5,90
6257,1,1,1,1,2,5,100
6256,1,1,1,1,2,5,101
6255,1,1,1,1,2,4,0
6254,1,1,1,1,2,4,40
6253,1,1,1,1,2,4,50
6252,1,1,1,1,2,4,60
6251,1,1,1,1,2,4,70
6250,1,1,1,1,2,4,80
6249,1,1,1,1,2,4,90
6248,1,1,1,1,2,4,100
6247,1,1,1,1,2,4,101
6246,1,1,1,1,2,3,0
6245,1,1,1,1,2,3,40
6244,1,1,1,1,2,3,50
6243,1,1,1,1,2,3,60
6242,1,1,1,1,2,3,70
6241,1,1,1,1,2,3,80
6240,1,1,1,1,2,3,90
6239,1,1,1,1,2,3,100
6238,1,1,1,1,2,3,101
6237,1,1,1,1,2,2,0
6236,1,1,1,1,2,2,40
6235,1,1,1,1,2,2,50
6234,1,1,1,1,2,2,60
6233,1,1,1,1,2,2,70
6232,1,1,1,1,2,2,80
6231,1,1,1,1,2,2,90
6230,1,1,1,1,2,2,100
6229,1,1,1,1,2,2,101
6228,1,1,1,1,2,1,0
6227,1,1,1,1,2,1,40
6226,1,1,1,1,2,1,50
6225,1,1,1,1,2,1,60
6224,1,1,1,1,2,1,70
6223,1,1,1,1,2,1,80
6222,1,1,1,1,2,1,90
6221,1,1,1,1,2,1,100
6220,1,1,1,1,2,1,101
6219,1,1,1,1,2,0,0
6218,1,1,1,1,2,0,40
6217,1,1,1,1,2,0,50
6216,1,1,1,1,2,0,60
6215,1,1,1,1,2,0,70
6214,1,1,1,1,2,0,80
6213,1,1,1,1,2,0,90
6212,1,1,1,1,2,0,100
6211,1,1,1,1,2,0,101
6210,1,1,1,1,1,9,0
6209,1,1,1,1,1,9,40
6208,1,1,1,1,1,9,50
6207,1,1,1,1,1,9,60
6206,1,1,1,1,1,9,70
6205,1,1,1,1,1,9,80
6204,1,1,1,1,1,9,90
6203,1,1,1,1,1,9,100
6202,1,1,1,1,1,9,101
6201,1,1,1,1,1,8,0
6200,1,1,1,1,1,8,40
6199,1,1,1,1,1,8,50
6198,1,1,1,1,1,8,60
6197,1,1,1,1,1,8,70
6196,1,1,1,1,1,8,80
6195,1,1,1,1,1,8,90
6194,1,1,1,1,1,8,100
6193,1,1,1,1,1,8,101
6192,1,1,1,1,1,7,0
6191,1,1,1,1,1,7,40
6190,1,1,1,1,1,7,50
6189,1,1,1,1,1,7,60
6188,1,1,1,1,1,7,70
6187,1,1,1,1,1,7,80
6186,1,1,1,1,1,7,90
6185,1,1,1,1,1,7,100
6184,1,1,1,1,1,7,101
6183,1,1,1,1,1,6,0
6182,1,1,1,1,1,6,40
6181,1,1,1,1,1,6,50
6180,1,1,1,1,1,6,60
6179,1,1,1,1,1,6,70
6178,1,1,1,1,1,6,80
6177,1,1,1,1,1,6,90
6176,1,1,1,1,1,6,100
6175,1,1,1,1,1,6,101
6174,1,1,1,1,1,5,0
6173,1,1,1,1,1,5,40
6172,1,1,1,1,1,5,50
6171,1,1,1,1,1,5,60
6170,1,1,1,1,1,5,70
6169,1,1,1,1,1,5,80
6168,1,1,1,1,1,5,90
6167,1,1,1,1,1,5,100
6166,1,1,1,1,1,5,101
6165,1,1,1,1,1,4,0
6164,1,1,1,1,1,4,40
6163,1,1,1,1,1,4,50
6162,1,1,1,1,1,4,60
6161,1,1,1,1,1,4,70
6160,1,1,1,1,1,4,80
6159,1,1,1,1,1,4,90
6158,1,1,1,1,1,4,100
6157,1,1,1,1,1,4,101
6156,1,1,1,1,1,3,0
6155,1,1,1,1,1,3,40
6154,1,1,1,1,1,3,50
6153,1,1,1,1,1,3,60
6152,1,1,1,1,1,3,70
6151,1,1,1,1,1,3,80
6150,1,1,1,1,1,3,90
6149,1,1,1,1,1,3,100
6148,1,1,1,1,1,3,101
6147,1,1,1,1,1,2,0
6146,1,1,1,1,1,2,40
6145,1,1,1,1,1,2,50
6144,1,1,1,1,1,2,60
6143,1,1,1,1,1,2,70
6142,1,1,1,1,1,2,80
6141,1,1,1,1,1,2,90
6140,1,1,1,1,1,2,100
6139,1,1,1,1,1,2,101
6138,1,1,1,1,1,1,0
6137,1,1,1,1,1,1,40
6136,1,1,1,1,1,1,50
6135,1,1,1,1,1,1,60
6134,1,1,1,1,1,1,70
6133,1,1,1,1,1,1,80
6132,1,1,1,1,1,1,90
6131,1,1,1,1,1,1,100
6130,1,1,1,1,1,1,101
6129,1,1,1,1,1,0,0
6128,1,1,1,1,1,0,40
6127,1,1,1,1,1,0,50
6126,1,1,1,1,1,0,60
6125,1,1,1,1,1,0,70
6124,1,1,1,1,1,0,80
6123,1,1,1,1,1,0,90
6122,1,1,1,1,1,0,100
6121,1,1,1,1,1,0,101
6120,1,1,1,1,0,9,0
6119,1,1,1,1,0,9,40
6118,1,1,1,1,0,9,50
6117,1,1,1,1,0,9,60
6116,1,1,1,1,0,9,70
6115,1,1,1,1,0,9,80
6114,1,1,1,1,0,9,90
6113,1,1,1,1,0,9,100
6112,1,1,1,1,0,9,101
6111,1,1,1,1,0,8,0
6110,1,1,1,1,0,8,40
6109,1,1,1,1,0,8,50
6108,1,1,1,1,0,8,60
6107,1,1,1,1,0,8,70
6106,1,1,1,1,0,8,80
6105,1,1,1,1,0,8,90
6104,1,1,1,1,0,8,100
6103,1,1,1,1,0,8,101
6102,1,1,1,1,0,7,0
6101,1,1,1,1,0,7,40
6100,1,1,1,1,0,7,50
6099,1,1,1,1,0,7,60
6098,1,1,1,1,0,7,70
6097,1,1,1,1,0,7,80
6096,1,1,1,1,0,7,90
6095,1,1,1,1,0,7,100
6094,1,1,1,1,0,7,101
6093,1,1,1,1,0,6,0
6092,1,1,1,1,0,6,40
6091,1,1,1,1,0,6,50
6090,1,1,1,1,0,6,60
6089,1,1,1,1,0,6,70
6088,1,1,1,1,0,6,80
6087,1,1,1,1,0,6,90
6086,1,1,1,1,0,6,100
6085,1,1,1,1,0,6,101
6084,1,1,1,1,0,5,0
6083,1,1,1,1,0,5,40
6082,1,1,1,1,0,5,50
6081,1,1,1,1,0,5,60
6080,1,1,1,1,0,5,70
6079,1,1,1,1,0,5,80
6078,1,1,1,1,0,5,90
6077,1,1,1,1,0,5,100
6076,1,1,1,1,0,5,101
6075,1,1,1,1,0,4,0
6074,1,1,1,1,0,4,40
6073,1,1,1,1,0,4,50
6072,1,1,1,1,0,4,60
6071,1,1,1,1,0,4,70
6070,1,1,1,1,0,4,80
6069,1,1,1,1,0,4,90
6068,1,1,1,1,0,4,100
6067,1,1,1,1,0,4,101
6066,1,1,1,1,0,3,0
6065,1,1,1,1,0,3,40
6064,1,1,1,1,0,3,50
6063,1,1,1,1,0,3,60
6062,1,1,1,1,0,3,70
6061,1,1,1,1,0,3,80
6060,1,1,1,1,0,3,90
6059,1,1,1,1,0,3,100
6058,1,1,1,1,0,3,101
6057,1,1,1,1,0,2,0
6056,1,1,1,1,0,2,40
6055,1,1,1,1,0,2,50
6054,1,1,1,1,0,2,60
6053,1,1,1,1,0,2,70
6052,1,1,1,1,0,2,80
6051,1,1,1,1,0,2,90
6050,1,1,1,1,0,2,100
6049,1,1,1,1,0,2,101
6048,1,1,1,1,0,1,0
6047,1,1,1,1,0,1,40
6046,1,1,1,1,0,1,50
6045,1,1,1,1,0,1,60
6044,1,1,1,1,0,1,70
6043,1,1,1,1,0,1,80
6042,1,1,1,1,0,1,90
6041,1,1,1,1,0,1,100
6040,1,1,1,1,0,1,101
6039,1,1,1,1,0,0,0
6038,1,1,1,1,0,0,40
6037,1,1,1,1,0,0,50
6036,1,1,1,1,0,0,60
6035,1,1,1,1,0,0,70
6034,1,1,1,1,0,0,80
6033,1,1,1,1,0,0,90
6032,1,1,1,1,0,0,100
6031,1,1,1,1,0,0,101
6030,1,1,1,0,8,9,0
6029,1,1,1,0,8,9,40
6028,1,1,1,0,8,9,50
6027,1,1,1,0,8,9,60
6026,1,1,1,0,8,9,70
6025,1,1,1,0,8,9,80
6024,1,1,1,0,8,9,90
6023,1,1,1,0,8,9,100
6022,1,1,1,0,8,9,101
6021,1,1,1,0,8,8,0
6020,1,1,1,0,8,8,40
6019,1,1,1,0,8,8,50
6018,1,1,1,0,8,8,60
6017,1,1,1,0,8,8,70
6016,1,1,1,0,8,8,80
6015,1,1,1,0,8,8,90
6014,1,1,1,0,8,8,100
6013,1,1,1,0,8,8,101
6012,1,1,1,0,8,7,0
6011,1,1,1,0,8,7,40
6010,1,1,1,0,8,7,50
6009,1,1,1,0,8,7,60
6008,1,1,1,0,8,7,70
6007,1,1,1,0,8,7,80
6006,1,1,1,0,8,7,90
6005,1,1,1,0,8,7,100
6004,1,1,1,0,8,7,101
6003,1,1,1,0,8,6,0
6002,1,1,1,0,8,6,40
6001,1,1,1,0,8,6,50
6000,1,1,1,0,8,6,60
5999,1,1,1,0,8,6,70
5998,1,1,1,0,8,6,80
5997,1,1,1,0,8,6,90
5996,1,1,1,0,8,6,100
5995,1,1,1,0,8,6,101
5994,1,1,1,0,8,5,0
5993,1,1,1,0,8,5,40
5992,1,1,1,0,8,5,50
5991,1,1,1,0,8,5,60
5990,1,1,1,0,8,5,70
5989,1,1,1,0,8,5,80
5988,1,1,1,0,8,5,90
5987,1,1,1,0,8,5,100
5986,1,1,1,0,8,5,101
5985,1,1,1,0,8,4,0
5984,1,1,1,0,8,4,40
5983,1,1,1,0,8,4,50
5982,1,1,1,0,8,4,60
5981,1,1,1,0,8,4,70
5980,1,1,1,0,8,4,80
5979,1,1,1,0,8,4,90
5978,1,1,1,0,8,4,100
5977,1,1,1,0,8,4,101
5976,1,1,1,0,8,3,0
5975,1,1,1,0,8,3,40
5974,1,1,1,0,8,3,50
5973,1,1,1,0,8,3,60
5972,1,1,1,0,8,3,70
5971,1,1,1,0,8,3,80
5970,1,1,1,0,8,3,90
5969,1,1,1,0,8,3,100
5968,1,1,1,0,8,3,101
5967,1,1,1,0,8,2,0
5966,1,1,1,0,8,2,40
5965,1,1,1,0,8,2,50
5964,1,1,1,0,8,2,60
5963,1,1,1,0,8,2,70
5962,1,1,1,0,8,2,80
5961,1,1,1,0,8,2,90
5960,1,1,1,0,8,2,100
5959,1,1,1,0,8,2,101
5958,1,1,1,0,8,1,0
5957,1,1,1,0,8,1,40
5956,1,1,1,0,8,1,50
5955,1,1,1,0,8,1,60
5954,1,1,1,0,8,1,70
5953,1,1,1,0,8,1,80
5952,1,1,1,0,8,1,90
5951,1,1,1,0,8,1,100
5950,1,1,1,0,8,1,101
5949,1,1,1,0,8,0,0
5948,1,1,1,0,8,0,40
5947,1,1,1,0,8,0,50
5946,1,1,1,0,8,0,60
5945,1,1,1,0,8,0,70
5944,1,1,1,0,8,0,80
5943,1,1,1,0,8,0,90
5942,1,1,1,0,8,0,100
5941,1,1,1,0,8,0,101
5940,1,1,1,0,7,9,0
5939,1,1,1,0,7,9,40
5938,1,1,1,0,7,9,50
5937,1,1,1,0,7,9,60
5936,1,1,1,0,7,9,70
5935,1,1,1,0,7,9,80
5934,1,1,1,0,7,9,90
5933,1,1,1,0,7,9,100
5932,1,1,1,0,7,9,101
5931,1,1,1,0,7,8,0
5930,1,1,1,0,7,8,40
5929,1,1,1,0,7,8,50
5928,1,1,1,0,7,8,60
5927,1,1,1,0,7,8,70
5926,1,1,1,0,7,8,80
5925,1,1,1,0,7,8,90
5924,1,1,1,0,7,8,100
5923,1,1,1,0,7,8,101
5922,1,1,1,0,7,7,0
5921,1,1,1,0,7,7,40
5920,1,1,1,0,7,7,50
5919,1,1,1,0,7,7,60
5918,1,1,1,0,7,7,70
5917,1,1,1,0,7,7,80
5916,1,1,1,0,7,7,90
5915,1,1,1,0,7,7,100
5914,1,1,1,0,7,7,101
5913,1,1,1,0,7,6,0
5912,1,1,1,0,7,6,40
5911,1,1,1,0,7,6,50
5910,1,1,1,0,7,6,60
5909,1,1,1,0,7,6,70
5908,1,1,1,0,7,6,80
5907,1,1,1,0,7,6,90
5906,1,1,1,0,7,6,100
5905,1,1,1,0,7,6,101
5904,1,1,1,0,7,5,0
5903,1,1,1,0,7,5,40
5902,1,1,1,0,7,5,50
5901,1,1,1,0,7,5,60
5900,1,1,1,0,7,5,70
5899,1,1,1,0,7,5,80
5898,1,1,1,0,7,5,90
5897,1,1,1,0,7,5,100
5896,1,1,1,0,7,5,101
5895,1,1,1,0,7,4,0
5894,1,1,1,0,7,4,40
5893,1,1,1,0,7,4,50
5892,1,1,1,0,7,4,60
5891,1,1,1,0,7,4,70
5890,1,1,1,0,7,4,80
5889,1,1,1,0,7,4,90
5888,1,1,1,0,7,4,100
5887,1,1,1,0,7,4,101
5886,1,1,1,0,7,3,0
5885,1,1,1,0,7,3,40
5884,1,1,1,0,7,3,50
5883,1,1,1,0,7,3,60
5882,1,1,1,0,7,3,70
5881,1,1,1,0,7,3,80
5880,1,1,1,0,7,3,90
5879,1,1,1,0,7,3,100
5878,1,1,1,0,7,3,101
5877,1,1,1,0,7,2,0
5876,1,1,1,0,7,2,40
5875,1,1,1,0,7,2,50
5874,1,1,1,0,7,2,60
5873,1,1,1,0,7,2,70
5872,1,1,1,0,7,2,80
5871,1,1,1,0,7,2,90
5870,1,1,1,0,7,2,100
5869,1,1,1,0,7,2,101
5868,1,1,1,0,7,1,0
5867,1,1,1,0,7,1,40
5866,1,1,1,0,7,1,50
5865,1,1,1,0,7,1,60
5864,1,1,1,0,7,1,70
5863,1,1,1,0,7,1,80
5862,1,1,1,0,7,1,90
5861,1,1,1,0,7,1,100
5860,1,1,1,0,7,1,101
5859,1,1,1,0,7,0,0
5858,1,1,1,0,7,0,40
5857,1,1,1,0,7,0,50
5856,1,1,1,0,7,0,60
5855,1,1,1,0,7,0,70
5854,1,1,1,0,7,0,80
5853,1,1,1,0,7,0,90
5852,1,1,1,0,7,0,100
5851,1,1,1,0,7,0,101
5850,1,1,1,0,6,9,0
5849,1,1,1,0,6,9,40
5848,1,1,1,0,6,9,50
5847,1,1,1,0,6,9,60
5846,1,1,1,0,6,9,70
5845,1,1,1,0,6,9,80
5844,1,1,1,0,6,9,90
5843,1,1,1,0,6,9,100
5842,1,1,1,0,6,9,101
5841,1,1,1,0,6,8,0
5840,1,1,1,0,6,8,40
5839,1,1,1,0,6,8,50
5838,1,1,1,0,6,8,60
5837,1,1,1,0,6,8,70
5836,1,1,1,0,6,8,80
5835,1,1,1,0,6,8,90
5834,1,1,1,0,6,8,100
5833,1,1,1,0,6,8,101
5832,1,1,1,0,6,7,0
5831,1,1,1,0,6,7,40
5830,1,1,1,0,6,7,50
5829,1,1,1,0,6,7,60
5828,1,1,1,0,6,7,70
5827,1,1,1,0,6,7,80
5826,1,1,1,0,6,7,90
5825,1,1,1,0,6,7,100
5824,1,1,1,0,6,7,101
5823,1,1,1,0,6,6,0
5822,1,1,1,0,6,6,40
5821,1,1,1,0,6,6,50
5820,1,1,1,0,6,6,60
5819,1,1,1,0,6,6,70
5818,1,1,1,0,6,6,80
5817,1,1,1,0,6,6,90
5816,1,1,1,0,6,6,100
5815,1,1,1,0,6,6,101
5814,1,1,1,0,6,5,0
5813,1,1,1,0,6,5,40
5812,1,1,1,0,6,5,50
5811,1,1,1,0,6,5,60
5810,1,1,1,0,6,5,70
5809,1,1,1,0,6,5,80
5808,1,1,1,0,6,5,90
5807,1,1,1,0,6,5,100
5806,1,1,1,0,6,5,101
5805,1,1,1,0,6,4,0
5804,1,1,1,0,6,4,40
5803,1,1,1,0,6,4,50
5802,1,1,1,0,6,4,60
5801,1,1,1,0,6,4,70
5800,1,1,1,0,6,4,80
5799,1,1,1,0,6,4,90
5798,1,1,1,0,6,4,100
5797,1,1,1,0,6,4,101
5796,1,1,1,0,6,3,0
5795,1,1,1,0,6,3,40
5794,1,1,1,0,6,3,50
5793,1,1,1,0,6,3,60
5792,1,1,1,0,6,3,70
5791,1,1,1,0,6,3,80
5790,1,1,1,0,6,3,90
5789,1,1,1,0,6,3,100
5788,1,1,1,0,6,3,101
5787,1,1,1,0,6,2,0
5786,1,1,1,0,6,2,40
5785,1,1,1,0,6,2,50
5784,1,1,1,0,6,2,60
5783,1,1,1,0,6,2,70
5782,1,1,1,0,6,2,80
5781,1,1,1,0,6,2,90
5780,1,1,1,0,6,2,100
5779,1,1,1,0,6,2,101
5778,1,1,1,0,6,1,0
5777,1,1,1,0,6,1,40
5776,1,1,1,0,6,1,50
5775,1,1,1,0,6,1,60
5774,1,1,1,0,6,1,70
5773,1,1,1,0,6,1,80
5772,1,1,1,0,6,1,90
5771,1,1,1,0,6,1,100
5770,1,1,1,0,6,1,101
5769,1,1,1,0,6,0,0
5768,1,1,1,0,6,0,40
5767,1,1,1,0,6,0,50
5766,1,1,1,0,6,0,60
5765,1,1,1,0,6,0,70
5764,1,1,1,0,6,0,80
5763,1,1,1,0,6,0,90
5762,1,1,1,0,6,0,100
5761,1,1,1,0,6,0,101
5760,1,1,1,0,5,9,0
5759,1,1,1,0,5,9,40
5758,1,1,1,0,5,9,50
5757,1,1,1,0,5,9,60
5756,1,1,1,0,5,9,70
5755,1,1,1,0,5,9,80
5754,1,1,1,0,5,9,90
5753,1,1,1,0,5,9,100
5752,1,1,1,0,5,9,101
5751,1,1,1,0,5,8,0
5750,1,1,1,0,5,8,40
5749,1,1,1,0,5,8,50
5748,1,1,1,0,5,8,60
5747,1,1,1,0,5,8,70
5746,1,1,1,0,5,8,80
5745,1,1,1,0,5,8,90
5744,1,1,1,0,5,8,100
5743,1,1,1,0,5,8,101
5742,1,1,1,0,5,7,0
5741,1,1,1,0,5,7,40
5740,1,1,1,0,5,7,50
5739,1,1,1,0,5,7,60
5738,1,1,1,0,5,7,70
5737,1,1,1,0,5,7,80
5736,1,1,1,0,5,7,90
5735,1,1,1,0,5,7,100
5734,1,1,1,0,5,7,101
5733,1,1,1,0,5,6,0
5732,1,1,1,0,5,6,40
5731,1,1,1,0,5,6,50
5730,1,1,1,0,5,6,60
5729,1,1,1,0,5,6,70
5728,1,1,1,0,5,6,80
5727,1,1,1,0,5,6,90
5726,1,1,1,0,5,6,100
5725,1,1,1,0,5,6,101
5724,1,1,1,0,5,5,0
5723,1,1,1,0,5,5,40
5722,1,1,1,0,5,5,50
5721,1,1,1,0,5,5,60
5720,1,1,1,0,5,5,70
5719,1,1,1,0,5,5,80
5718,1,1,1,0,5,5,90
5717,1,1,1,0,5,5,100
5716,1,1,1,0,5,5,101
5715,1,1,1,0,5,4,0
5714,1,1,1,0,5,4,40
5713,1,1,1,0,5,4,50
5712,1,1,1,0,5,4,60
5711,1,1,1,0,5,4,70
5710,1,1,1,0,5,4,80
5709,1,1,1,0,5,4,90
5708,1,1,1,0,5,4,100
5707,1,1,1,0,5,4,101
5706,1,1,1,0,5,3,0
5705,1,1,1,0,5,3,40
5704,1,1,1,0,5,3,50
5703,1,1,1,0,5,3,60
5702,1,1,1,0,5,3,70
5701,1,1,1,0,5,3,80
5700,1,1,1,0,5,3,90
5699,1,1,1,0,5,3,100
5698,1,1,1,0,5,3,101
5697,1,1,1,0,5,2,0
5696,1,1,1,0,5,2,40
5695,1,1,1,0,5,2,50
5694,1,1,1,0,5,2,60
5693,1,1,1,0,5,2,70
5692,1,1,1,0,5,2,80
5691,1,1,1,0,5,2,90
5690,1,1,1,0,5,2,100
5689,1,1,1,0,5,2,101
5688,1,1,1,0,5,1,0
5687,1,1,1,0,5,1,40
5686,1,1,1,0,5,1,50
5685,1,1,1,0,5,1,60
5684,1,1,1,0,5,1,70
5683,1,1,1,0,5,1,80
5682,1,1,1,0,5,1,90
5681,1,1,1,0,5,1,100
5680,1,1,1,0,5,1,101
5679,1,1,1,0,5,0,0
5678,1,1,1,0,5,0,40
5677,1,1,1,0,5,0,50
5676,1,1,1,0,5,0,60
5675,1,1,1,0,5,0,70
5674,1,1,1,0,5,0,80
5673,1,1,1,0,5,0,90
5672,1,1,1,0,5,0,100
5671,1,1,1,0,5,0,101
5670,1,1,1,0,4,9,0
5669,1,1,1,0,4,9,40
5668,1,1,1,0,4,9,50
5667,1,1,1,0,4,9,60
5666,1,1,1,0,4,9,70
5665,1,1,1,0,4,9,80
5664,1,1,1,0,4,9,90
5663,1,1,1,0,4,9,100
5662,1,1,1,0,4,9,101
5661,1,1,1,0,4,8,0
5660,1,1,1,0,4,8,40
5659,1,1,1,0,4,8,50
5658,1,1,1,0,4,8,60
5657,1,1,1,0,4,8,70
5656,1,1,1,0,4,8,80
5655,1,1,1,0,4,8,90
5654,1,1,1,0,4,8,100
5653,1,1,1,0,4,8,101
5652,1,1,1,0,4,7,0
5651,1,1,1,0,4,7,40
5650,1,1,1,0,4,7,50
5649,1,1,1,0,4,7,60
5648,1,1,1,0,4,7,70
5647,1,1,1,0,4,7,80
5646,1,1,1,0,4,7,90
5645,1,1,1,0,4,7,100
5644,1,1,1,0,4,7,101
5643,1,1,1,0,4,6,0
5642,1,1,1,0,4,6,40
5641,1,1,1,0,4,6,50
5640,1,1,1,0,4,6,60
5639,1,1,1,0,4,6,70
5638,1,1,1,0,4,6,80
5637,1,1,1,0,4,6,90
5636,1,1,1,0,4,6,100
5635,1,1,1,0,4,6,101
5634,1,1,1,0,4,5,0
5633,1,1,1,0,4,5,40
5632,1,1,1,0,4,5,50
5631,1,1,1,0,4,5,60
5630,1,1,1,0,4,5,70
5629,1,1,1,0,4,5,80
5628,1,1,1,0,4,5,90
5627,1,1,1,0,4,5,100
5626,1,1,1,0,4,5,101
5625,1,1,1,0,4,4,0
5624,1,1,1,0,4,4,40
5623,1,1,1,0,4,4,50
5622,1,1,1,0,4,4,60
5621,1,1,1,0,4,4,70
5620,1,1,1,0,4,4,80
5619,1,1,1,0,4,4,90
5618,1,1,1,0,4,4,100
5617,1,1,1,0,4,4,101
5616,1,1,1,0,4,3,0
5615,1,1,1,0,4,3,40
5614,1,1,1,0,4,3,50
5613,1,1,1,0,4,3,60
5612,1,1,1,0,4,3,70
5611,1,1,1,0,4,3,80
5610,1,1,1,0,4,3,90
5609,1,1,1,0,4,3,100
5608,1,1,1,0,4,3,101
5607,1,1,1,0,4,2,0
5606,1,1,1,0,4,2,40
5605,1,1,1,0,4,2,50
5604,1,1,1,0,4,2,60
5603,1,1,1,0,4,2,70
5602,1,1,1,0,4,2,80
5601,1,1,1,0,4,2,90
5600,1,1,1,0,4,2,100
5599,1,1,1,0,4,2,101
5598,1,1,1,0,4,1,0
5597,1,1,1,0,4,1,40
5596,1,1,1,0,4,1,50
5595,1,1,1,0,4,1,60
5594,1,1,1,0,4,1,70
5593,1,1,1,0,4,1,80
5592,1,1,1,0,4,1,90
5591,1,1,1,0,4,1,100
5590,1,1,1,0,4,1,101
5589,1,1,1,0,4,0,0
5588,1,1,1,0,4,0,40
5587,1,1,1,0,4,0,50
5586,1,1,1,0,4,0,60
5585,1,1,1,0,4,0,70
5584,1,1,1,0,4,0,80
5583,1,1,1,0,4,0,90
5582,1,1,1,0,4,0,100
5581,1,1,1,0,4,0,101
5580,1,1,1,0,3,9,0
5579,1,1,1,0,3,9,40
5578,1,1,1,0,3,9,50
5577,1,1,1,0,3,9,60
5576,1,1,1,0,3,9,70
5575,1,1,1,0,3,9,80
5574,1,1,1,0,3,9,90
5573,1,1,1,0,3,9,100
5572,1,1,1,0,3,9,101
5571,1,1,1,0,3,8,0
5570,1,1,1,0,3,8,40
5569,1,1,1,0,3,8,50
5568,1,1,1,0,3,8,60
5567,1,1,1,0,3,8,70
5566,1,1,1,0,3,8,80
5565,1,1,1,0,3,8,90
5564,1,1,1,0,3,8,100
5563,1,1,1,0,3,8,101
5562,1,1,1,0,3,7,0
5561,1,1,1,0,3,7,40
5560,1,1,1,0,3,7,50
5559,1,1,1,0,3,7,60
5558,1,1,1,0,3,7,70
5557,1,1,1,0,3,7,80
5556,1,1,1,0,3,7,90
5555,1,1,1,0,3,7,100
5554,1,1,1,0,3,7,101
5553,1,1,1,0,3,6,0
5552,1,1,1,0,3,6,40
5551,1,1,1,0,3,6,50
5550,1,1,1,0,3,6,60
5549,1,1,1,0,3,6,70
5548,1,1,1,0,3,6,80
5547,1,1,1,0,3,6,90
5546,1,1,1,0,3,6,100
5545,1,1,1,0,3,6,101
5544,1,1,1,0,3,5,0
5543,1,1,1,0,3,5,40
5542,1,1,1,0,3,5,50
5541,1,1,1,0,3,5,60
5540,1,1,1,0,3,5,70
5539,1,1,1,0,3,5,80
5538,1,1,1,0,3,5,90
5537,1,1,1,0,3,5,100
5536,1,1,1,0,3,5,101
5535,1,1,1,0,3,4,0
5534,1,1,1,0,3,4,40
5533,1,1,1,0,3,4,50
5532,1,1,1,0,3,4,60
5531,1,1,1,0,3,4,70
5530,1,1,1,0,3,4,80
5529,1,1,1,0,3,4,90
5528,1,1,1,0,3,4,100
5527,1,1,1,0,3,4,101
5526,1,1,1,0,3,3,0
5525,1,1,1,0,3,3,40
5524,1,1,1,0,3,3,50
5523,1,1,1,0,3,3,60
5522,1,1,1,0,3,3,70
5521,1,1,1,0,3,3,80
5520,1,1,1,0,3,3,90
5519,1,1,1,0,3,3,100
5518,1,1,1,0,3,3,101
5517,1,1,1,0,3,2,0
5516,1,1,1,0,3,2,40
5515,1,1,1,0,3,2,50
5514,1,1,1,0,3,2,60
5513,1,1,1,0,3,2,70
5512,1,1,1,0,3,2,80
5511,1,1,1,0,3,2,90
5510,1,1,1,0,3,2,100
5509,1,1,1,0,3,2,101
5508,1,1,1,0,3,1,0
5507,1,1,1,0,3,1,40
5506,1,1,1,0,3,1,50
5505,1,1,1,0,3,1,60
5504,1,1,1,0,3,1,70
5503,1,1,1,0,3,1,80
5502,1,1,1,0,3,1,90
5501,1,1,1,0,3,1,100
5500,1,1,1,0,3,1,101
5499,1,1,1,0,3,0,0
5498,1,1,1,0,3,0,40
5497,1,1,1,0,3,0,50
5496,1,1,1,0,3,0,60
5495,1,1,1,0,3,0,70
5494,1,1,1,0,3,0,80
5493,1,1,1,0,3,0,90
5492,1,1,1,0,3,0,100
5491,1,1,1,0,3,0,101
5490,1,1,1,0,2,9,0
5489,1,1,1,0,2,9,40
5488,1,1,1,0,2,9,50
5487,1,1,1,0,2,9,60
5486,1,1,1,0,2,9,70
5485,1,1,1,0,2,9,80
5484,1,1,1,0,2,9,90
5483,1,1,1,0,2,9,100
5482,1,1,1,0,2,9,101
5481,1,1,1,0,2,8,0
5480,1,1,1,0,2,8,40
5479,1,1,1,0,2,8,50
5478,1,1,1,0,2,8,60
5477,1,1,1,0,2,8,70
5476,1,1,1,0,2,8,80
5475,1,1,1,0,2,8,90
5474,1,1,1,0,2,8,100
5473,1,1,1,0,2,8,101
5472,1,1,1,0,2,7,0
5471,1,1,1,0,2,7,40
5470,1,1,1,0,2,7,50
5469,1,1,1,0,2,7,60
5468,1,1,1,0,2,7,70
5467,1,1,1,0,2,7,80
5466,1,1,1,0,2,7,90
5465,1,1,1,0,2,7,100
5464,1,1,1,0,2,7,101
5463,1,1,1,0,2,6,0
5462,1,1,1,0,2,6,40
5461,1,1,1,0,2,6,50
5460,1,1,1,0,2,6,60
5459,1,1,1,0,2,6,70
5458,1,1,1,0,2,6,80
5457,1,1,1,0,2,6,90
5456,1,1,1,0,2,6,100
5455,1,1,1,0,2,6,101
5454,1,1,1,0,2,5,0
5453,1,1,1,0,2,5,40
5452,1,1,1,0,2,5,50
5451,1,1,1,0,2,5,60
5450,1,1,1,0,2,5,70
5449,1,1,1,0,2,5,80
5448,1,1,1,0,2,5,90
5447,1,1,1,0,2,5,100
5446,1,1,1,0,2,5,101
5445,1,1,1,0,2,4,0
5444,1,1,1,0,2,4,40
5443,1,1,1,0,2,4,50
5442,1,1,1,0,2,4,60
5441,1,1,1,0,2,4,70
5440,1,1,1,0,2,4,80
5439,1,1,1,0,2,4,90
5438,1,1,1,0,2,4,100
5437,1,1,1,0,2,4,101
5436,1,1,1,0,2,3,0
5435,1,1,1,0,2,3,40
5434,1,1,1,0,2,3,50
5433,1,1,1,0,2,3,60
5432,1,1,1,0,2,3,70
5431,1,1,1,0,2,3,80
5430,1,1,1,0,2,3,90
5429,1,1,1,0,2,3,100
5428,1,1,1,0,2,3,101
5427,1,1,1,0,2,2,0
5426,1,1,1,0,2,2,40
5425,1,1,1,0,2,2,50
5424,1,1,1,0,2,2,60
5423,1,1,1,0,2,2,70
5422,1,1,1,0,2,2,80
5421,1,1,1,0,2,2,90
5420,1,1,1,0,2,2,100
5419,1,1,1,0,2,2,101
5418,1,1,1,0,2,1,0
5417,1,1,1,0,2,1,40
5416,1,1,1,0,2,1,50
5415,1,1,1,0,2,1,60
5414,1,1,1,0,2,1,70
5413,1,1,1,0,2,1,80
5412,1,1,1,0,2,1,90
5411,1,1,1,0,2,1,100
5410,1,1,1,0,2,1,101
5409,1,1,1,0,2,0,0
5408,1,1,1,0,2,0,40
5407,1,1,1,0,2,0,50
5406,1,1,1,0,2,0,60
5405,1,1,1,0,2,0,70
5404,1,1,1,0,2,0,80
5403,1,1,1,0,2,0,90
5402,1,1,1,0,2,0,100
5401,1,1,1,0,2,0,101
5400,1,1,1,0,1,9,0
5399,1,1,1,0,1,9,40
5398,1,1,1,0,1,9,50
5397,1,1,1,0,1,9,60
5396,1,1,1,0,1,9,70
5395,1,1,1,0,1,9,80
5394,1,1,1,0,1,9,90
5393,1,1,1,0,1,9,100
5392,1,1,1,0,1,9,101
5391,1,1,1,0,1,8,0
5390,1,1,1,0,1,8,40
5389,1,1,1,0,1,8,50
5388,1,1,1,0,1,8,60
5387,1,1,1,0,1,8,70
5386,1,1,1,0,1,8,80
5385,1,1,1,0,1,8,90
5384,1,1,1,0,1,8,100
5383,1,1,1,0,1,8,101
5382,1,1,1,0,1,7,0
5381,1,1,1,0,1,7,40
5380,1,1,1,0,1,7,50
5379,1,1,1,0,1,7,60
5378,1,1,1,0,1,7,70
5377,1,1,1,0,1,7,80
5376,1,1,1,0,1,7,90
5375,1,1,1,0,1,7,100
5374,1,1,1,0,1,7,101
5373,1,1,1,0,1,6,0
5372,1,1,1,0,1,6,40
5371,1,1,1,0,1,6,50
5370,1,1,1,0,1,6,60
5369,1,1,1,0,1,6,70
5368,1,1,1,0,1,6,80
5367,1,1,1,0,1,6,90
5366,1,1,1,0,1,6,100
5365,1,1,1,0,1,6,101
5364,1,1,1,0,1,5,0
5363,1,1,1,0,1,5,40
5362,1,1,1,0,1,5,50
5361,1,1,1,0,1,5,60
5360,1,1,1,0,1,5,70
5359,1,1,1,0,1,5,80
5358,1,1,1,0,1,5,90
5357,1,1,1,0,1,5,100
5356,1,1,1,0,1,5,101
5355,1,1,1,0,1,4,0
5354,1,1,1,0,1,4,40
5353,1,1,1,0,1,4,50
5352,1,1,1,0,1,4,60
5351,1,1,1,0,1,4,70
5350,1,1,1,0,1,4,80
5349,1,1,1,0,1,4,90
5348,1,1,1,0,1,4,100
5347,1,1,1,0,1,4,101
5346,1,1,1,0,1,3,0
5345,1,1,1,0,1,3,40
5344,1,1,1,0,1,3,50
5343,1,1,1,0,1,3,60
5342,1,1,1,0,1,3,70
5341,1,1,1,0,1,3,80
5340,1,1,1,0,1,3,90
5339,1,1,1,0,1,3,100
5338,1,1,1,0,1,3,101
5337,1,1,1,0,1,2,0
5336,1,1,1,0,1,2,40
5335,1,1,1,0,1,2,50
5334,1,1,1,0,1,2,60
5333,1,1,1,0,1,2,70
5332,1,1,1,0,1,2,80
5331,1,1,1,0,1,2,90
5330,1,1,1,0,1,2,100
5329,1,1,1,0,1,2,101
5328,1,1,1,0,1,1,0
5327,1,1,1,0,1,1,40
5326,1,1,1,0,1,1,50
5325,1,1,1,0,1,1,60
5324,1,1,1,0,1,1,70
5323,1,1,1,0,1,1,80
5322,1,1,1,0,1,1,90
5321,1,1,1,0,1,1,100
5320,1,1,1,0,1,1,101
5319,1,1,1,0,1,0,0
5318,1,1,1,0,1,0,40
5317,1,1,1,0,1,0,50
5316,1,1,1,0,1,0,60
5315,1,1,1,0,1,0,70
5314,1,1,1,0,1,0,80
5313,1,1,1,0,1,0,90
5312,1,1,1,0,1,0,100
5311,1,1,1,0,1,0,101
5310,1,1,1,0,0,9,0
5309,1,1,1,0,0,9,40
5308,1,1,1,0,0,9,50
5307,1,1,1,0,0,9,60
5306,1,1,1,0,0,9,70
5305,1,1,1,0,0,9,80
5304,1,1,1,0,0,9,90
5303,1,1,1,0,0,9,100
5302,1,1,1,0,0,9,101
5301,1,1,1,0,0,8,0
5300,1,1,1,0,0,8,40
5299,1,1,1,0,0,8,50
5298,1,1,1,0,0,8,60
5297,1,1,1,0,0,8,70
5296,1,1,1,0,0,8,80
5295,1,1,1,0,0,8,90
5294,1,1,1,0,0,8,100
5293,1,1,1,0,0,8,101
5292,1,1,1,0,0,7,0
5291,1,1,1,0,0,7,40
5290,1,1,1,0,0,7,50
5289,1,1,1,0,0,7,60
5288,1,1,1,0,0,7,70
5287,1,1,1,0,0,7,80
5286,1,1,1,0,0,7,90
5285,1,1,1,0,0,7,100
5284,1,1,1,0,0,7,101
5283,1,1,1,0,0,6,0
5282,1,1,1,0,0,6,40
5281,1,1,1,0,0,6,50
5280,1,1,1,0,0,6,60
5279,1,1,1,0,0,6,70
5278,1,1,1,0,0,6,80
5277,1,1,1,0,0,6,90
5276,1,1,1,0,0,6,100
5275,1,1,1,0,0,6,101
5274,1,1,1,0,0,5,0
5273,1,1,1,0,0,5,40
5272,1,1,1,0,0,5,50
5271,1,1,1,0,0,5,60
5270,1,1,1,0,0,5,70
5269,1,1,1,0,0,5,80
5268,1,1,1,0,0,5,90
5267,1,1,1,0,0,5,100
5266,1,1,1,0,0,5,101
5265,1,1,1,0,0,4,0
5264,1,1,1,0,0,4,40
5263,1,1,1,0,0,4,50
5262,1,1,1,0,0,4,60
5261,1,1,1,0,0,4,70
5260,1,1,1,0,0,4,80
5259,1,1,1,0,0,4,90
5258,1,1,1,0,0,4,100
5257,1,1,1,0,0,4,101
5256,1,1,1,0,0,3,0
5255,1,1,1,0,0,3,40
5254,1,1,1,0,0,3,50
5253,1,1,1,0,0,3,60
5252,1,1,1,0,0,3,70
5251,1,1,1,0,0,3,80
5250,1,1,1,0,0,3,90
5249,1,1,1,0,0,3,100
5248,1,1,1,0,0,3,101
5247,1,1,1,0,0,2,0
5246,1,1,1,0,0,2,40
5245,1,1,1,0,0,2,50
5244,1,1,1,0,0,2,60
5243,1,1,1,0,0,2,70
5242,1,1,1,0,0,2,80
5241,1,1,1,0,0,2,90
5240,1,1,1,0,0,2,100
5239,1,1,1,0,0,2,101
5238,1,1,1,0,0,1,0
5237,1,1,1,0,0,1,40
5236,1,1,1,0,0,1,50
5235,1,1,1,0,0,1,60
5234,1,1,1,0,0,1,70
5233,1,1,1,0,0,1,80
5232,1,1,1,0,0,1,90
5231,1,1,1,0,0,1,100
5230,1,1,1,0,0,1,101
5229,1,1,1,0,0,0,0
5228,1,1,1,0,0,0,40
5227,1,1,1,0,0,0,50
5226,1,1,1,0,0,0,60
5225,1,1,1,0,0,0,70
5224,1,1,1,0,0,0,80
5223,1,1,1,0,0,0,90
5222,1,1,1,0,0,0,100
5221,1,1,1,0,0,0,101
5220,1,1,0,1,8,9,0
5219,1,1,0,1,8,9,40
5218,1,1,0,1,8,9,50
5217,1,1,0,1,8,9,60
5216,1,1,0,1,8,9,70
5215,1,1,0,1,8,9,80
5214,1,1,0,1,8,9,90
5213,1,1,0,1,8,9,100
5212,1,1,0,1,8,9,101
5211,1,1,0,1,8,8,0
5210,1,1,0,1,8,8,40
5209,1,1,0,1,8,8,50
5208,1,1,0,1,8,8,60
5207,1,1,0,1,8,8,70
5206,1,1,0,1,8,8,80
5205,1,1,0,1,8,8,90
5204,1,1,0,1,8,8,100
5203,1,1,0,1,8,8,101
5202,1,1,0,1,8,7,0
5201,1,1,0,1,8,7,40
5200,1,1,0,1,8,7,50
5199,1,1,0,1,8,7,60
5198,1,1,0,1,8,7,70
5197,1,1,0,1,8,7,80
5196,1,1,0,1,8,7,90
5195,1,1,0,1,8,7,100
5194,1,1,0,1,8,7,101
5193,1,1,0,1,8,6,0
5192,1,1,0,1,8,6,40
5191,1,1,0,1,8,6,50
5190,1,1,0,1,8,6,60
5189,1,1,0,1,8,6,70
5188,1,1,0,1,8,6,80
5187,1,1,0,1,8,6,90
5186,1,1,0,1,8,6,100
5185,1,1,0,1,8,6,101
5184,1,1,0,1,8,5,0
5183,1,1,0,1,8,5,40
5182,1,1,0,1,8,5,50
5181,1,1,0,1,8,5,60
5180,1,1,0,1,8,5,70
5179,1,1,0,1,8,5,80
5178,1,1,0,1,8,5,90
5177,1,1,0,1,8,5,100
5176,1,1,0,1,8,5,101
5175,1,1,0,1,8,4,0
5174,1,1,0,1,8,4,40
5173,1,1,0,1,8,4,50
5172,1,1,0,1,8,4,60
5171,1,1,0,1,8,4,70
5170,1,1,0,1,8,4,80
5169,1,1,0,1,8,4,90
5168,1,1,0,1,8,4,100
5167,1,1,0,1,8,4,101
5166,1,1,0,1,8,3,0
5165,1,1,0,1,8,3,40
5164,1,1,0,1,8,3,50
5163,1,1,0,1,8,3,60
5162,1,1,0,1,8,3,70
5161,1,1,0,1,8,3,80
5160,1,1,0,1,8,3,90
5159,1,1,0,1,8,3,100
5158,1,1,0,1,8,3,101
5157,1,1,0,1,8,2,0
5156,1,1,0,1,8,2,40
5155,1,1,0,1,8,2,50
5154,1,1,0,1,8,2,60
5153,1,1,0,1,8,2,70
5152,1,1,0,1,8,2,80
5151,1,1,0,1,8,2,90
5150,1,1,0,1,8,2,100
5149,1,1,0,1,8,2,101
5148,1,1,0,1,8,1,0
5147,1,1,0,1,8,1,40
5146,1,1,0,1,8,1,50
5145,1,1,0,1,8,1,60
5144,1,1,0,1,8,1,70
5143,1,1,0,1,8,1,80
5142,1,1,0,1,8,1,90
5141,1,1,0,1,8,1,100
5140,1,1,0,1,8,1,101
5139,1,1,0,1,8,0,0
5138,1,1,0,1,8,0,40
5137,1,1,0,1,8,0,50
5136,1,1,0,1,8,0,60
5135,1,1,0,1,8,0,70
5134,1,1,0,1,8,0,80
5133,1,1,0,1,8,0,90
5132,1,1,0,1,8,0,100
5131,1,1,0,1,8,0,101
5130,1,1,0,1,7,9,0
5129,1,1,0,1,7,9,40
5128,1,1,0,1,7,9,50
5127,1,1,0,1,7,9,60
5126,1,1,0,1,7,9,70
5125,1,1,0,1,7,9,80
5124,1,1,0,1,7,9,90
5123,1,1,0,1,7,9,100
5122,1,1,0,1,7,9,101
5121,1,1,0,1,7,8,0
5120,1,1,0,1,7,8,40
5119,1,1,0,1,7,8,50
5118,1,1,0,1,7,8,60
5117,1,1,0,1,7,8,70
5116,1,1,0,1,7,8,80
5115,1,1,0,1,7,8,90
5114,1,1,0,1,7,8,100
5113,1,1,0,1,7,8,101
5112,1,1,0,1,7,7,0
5111,1,1,0,1,7,7,40
5110,1,1,0,1,7,7,50
5109,1,1,0,1,7,7,60
5108,1,1,0,1,7,7,70
5107,1,1,0,1,7,7,80
5106,1,1,0,1,7,7,90
5105,1,1,0,1,7,7,100
5104,1,1,0,1,7,7,101
5103,1,1,0,1,7,6,0
5102,1,1,0,1,7,6,40
5101,1,1,0,1,7,6,50
5100,1,1,0,1,7,6,60
5099,1,1,0,1,7,6,70
5098,1,1,0,1,7,6,80
5097,1,1,0,1,7,6,90
5096,1,1,0,1,7,6,100
5095,1,1,0,1,7,6,101
5094,1,1,0,1,7,5,0
5093,1,1,0,1,7,5,40
5092,1,1,0,1,7,5,50
5091,1,1,0,1,7,5,60
5090,1,1,0,1,7,5,70
5089,1,1,0,1,7,5,80
5088,1,1,0,1,7,5,90
5087,1,1,0,1,7,5,100
5086,1,1,0,1,7,5,101
5085,1,1,0,1,7,4,0
5084,1,1,0,1,7,4,40
5083,1,1,0,1,7,4,50
5082,1,1,0,1,7,4,60
5081,1,1,0,1,7,4,70
5080,1,1,0,1,7,4,80
5079,1,1,0,1,7,4,90
5078,1,1,0,1,7,4,100
5077,1,1,0,1,7,4,101
5076,1,1,0,1,7,3,0
5075,1,1,0,1,7,3,40
5074,1,1,0,1,7,3,50
5073,1,1,0,1,7,3,60
5072,1,1,0,1,7,3,70
5071,1,1,0,1,7,3,80
5070,1,1,0,1,7,3,90
5069,1,1,0,1,7,3,100
5068,1,1,0,1,7,3,101
5067,1,1,0,1,7,2,0
5066,1,1,0,1,7,2,40
5065,1,1,0,1,7,2,50
5064,1,1,0,1,7,2,60
5063,1,1,0,1,7,2,70
5062,1,1,0,1,7,2,80
5061,1,1,0,1,7,2,90
5060,1,1,0,1,7,2,100
5059,1,1,0,1,7,2,101
5058,1,1,0,1,7,1,0
5057,1,1,0,1,7,1,40
5056,1,1,0,1,7,1,50
5055,1,1,0,1,7,1,60
5054,1,1,0,1,7,1,70
5053,1,1,0,1,7,1,80
5052,1,1,0,1,7,1,90
5051,1,1,0,1,7,1,100
5050,1,1,0,1,7,1,101
5049,1,1,0,1,7,0,0
5048,1,1,0,1,7,0,40
5047,1,1,0,1,7,0,50
5046,1,1,0,1,7,0,60
5045,1,1,0,1,7,0,70
5044,1,1,0,1,7,0,80
5043,1,1,0,1,7,0,90
5042,1,1,0,1,7,0,100
5041,1,1,0,1,7,0,101
5040,1,1,0,1,6,9,0
5039,1,1,0,1,6,9,40
5038,1,1,0,1,6,9,50
5037,1,1,0,1,6,9,60
5036,1,1,0,1,6,9,70
5035,1,1,0,1,6,9,80
5034,1,1,0,1,6,9,90
5033,1,1,0,1,6,9,100
5032,1,1,0,1,6,9,101
5031,1,1,0,1,6,8,0
5030,1,1,0,1,6,8,40
5029,1,1,0,1,6,8,50
5028,1,1,0,1,6,8,60
5027,1,1,0,1,6,8,70
5026,1,1,0,1,6,8,80
5025,1,1,0,1,6,8,90
5024,1,1,0,1,6,8,100
5023,1,1,0,1,6,8,101
5022,1,1,0,1,6,7,0
5021,1,1,0,1,6,7,40
5020,1,1,0,1,6,7,50
5019,1,1,0,1,6,7,60
5018,1,1,0,1,6,7,70
5017,1,1,0,1,6,7,80
5016,1,1,0,1,6,7,90
5015,1,1,0,1,6,7,100
5014,1,1,0,1,6,7,101
5013,1,1,0,1,6,6,0
5012,1,1,0,1,6,6,40
5011,1,1,0,1,6,6,50
5010,1,1,0,1,6,6,60
5009,1,1,0,1,6,6,70
5008,1,1,0,1,6,6,80
5007,1,1,0,1,6,6,90
5006,1,1,0,1,6,6,100
5005,1,1,0,1,6,6,101
5004,1,1,0,1,6,5,0
5003,1,1,0,1,6,5,40
5002,1,1,0,1,6,5,50
5001,1,1,0,1,6,5,60
5000,1,1,0,1,6,5,70
4999,1,1,0,1,6,5,80
4998,1,1,0,1,6,5,90
4997,1,1,0,1,6,5,100
4996,1,1,0,1,6,5,101
4995,1,1,0,1,6,4,0
4994,1,1,0,1,6,4,40
4993,1,1,0,1,6,4,50
4992,1,1,0,1,6,4,60
4991,1,1,0,1,6,4,70
4990,1,1,0,1,6,4,80
4989,1,1,0,1,6,4,90
4988,1,1,0,1,6,4,100
4987,1,1,0,1,6,4,101
4986,1,1,0,1,6,3,0
4985,1,1,0,1,6,3,40
4984,1,1,0,1,6,3,50
4983,1,1,0,1,6,3,60
4982,1,1,0,1,6,3,70
4981,1,1,0,1,6,3,80
4980,1,1,0,1,6,3,90
4979,1,1,0,1,6,3,100
4978,1,1,0,1,6,3,101
4977,1,1,0,1,6,2,0
4976,1,1,0,1,6,2,40
4975,1,1,0,1,6,2,50
4974,1,1,0,1,6,2,60
4973,1,1,0,1,6,2,70
4972,1,1,0,1,6,2,80
4971,1,1,0,1,6,2,90
4970,1,1,0,1,6,2,100
4969,1,1,0,1,6,2,101
4968,1,1,0,1,6,1,0
4967,1,1,0,1,6,1,40
4966,1,1,0,1,6,1,50
4965,1,1,0,1,6,1,60
4964,1,1,0,1,6,1,70
4963,1,1,0,1,6,1,80
4962,1,1,0,1,6,1,90
4961,1,1,0,1,6,1,100
4960,1,1,0,1,6,1,101
4959,1,1,0,1,6,0,0
4958,1,1,0,1,6,0,40
4957,1,1,0,1,6,0,50
4956,1,1,0,1,6,0,60
4955,1,1,0,1,6,0,70
4954,1,1,0,1,6,0,80
4953,1,1,0,1,6,0,90
4952,1,1,0,1,6,0,100
4951,1,1,0,1,6,0,101
4950,1,1,0,1,5,9,0
4949,1,1,0,1,5,9,40
4948,1,1,0,1,5,9,50
4947,1,1,0,1,5,9,60
4946,1,1,0,1,5,9,70
4945,1,1,0,1,5,9,80
4944,1,1,0,1,5,9,90
4943,1,1,0,1,5,9,100
4942,1,1,0,1,5,9,101
4941,1,1,0,1,5,8,0
4940,1,1,0,1,5,8,40
4939,1,1,0,1,5,8,50
4938,1,1,0,1,5,8,60
4937,1,1,0,1,5,8,70
4936,1,1,0,1,5,8,80
4935,1,1,0,1,5,8,90
4934,1,1,0,1,5,8,100
4933,1,1,0,1,5,8,101
4932,1,1,0,1,5,7,0
4931,1,1,0,1,5,7,40
4930,1,1,0,1,5,7,50
4929,1,1,0,1,5,7,60
4928,1,1,0,1,5,7,70
4927,1,1,0,1,5,7,80
4926,1,1,0,1,5,7,90
4925,1,1,0,1,5,7,100
4924,1,1,0,1,5,7,101
4923,1,1,0,1,5,6,0
4922,1,1,0,1,5,6,40
4921,1,1,0,1,5,6,50
4920,1,1,0,1,5,6,60
4919,1,1,0,1,5,6,70
4918,1,1,0,1,5,6,80
4917,1,1,0,1,5,6,90
4916,1,1,0,1,5,6,100
4915,1,1,0,1,5,6,101
4914,1,1,0,1,5,5,0
4913,1,1,0,1,5,5,40
4912,1,1,0,1,5,5,50
4911,1,1,0,1,5,5,60
4910,1,1,0,1,5,5,70
4909,1,1,0,1,5,5,80
4908,1,1,0,1,5,5,90
4907,1,1,0,1,5,5,100
4906,1,1,0,1,5,5,101
4905,1,1,0,1,5,4,0
4904,1,1,0,1,5,4,40
4903,1,1,0,1,5,4,50
4902,1,1,0,1,5,4,60
4901,1,1,0,1,5,4,70
4900,1,1,0,1,5,4,80
4899,1,1,0,1,5,4,90
4898,1,1,0,1,5,4,100
4897,1,1,0,1,5,4,101
4896,1,1,0,1,5,3,0
4895,1,1,0,1,5,3,40
4894,1,1,0,1,5,3,50
4893,1,1,0,1,5,3,60
4892,1,1,0,1,5,3,70
4891,1,1,0,1,5,3,80
4890,1,1,0,1,5,3,90
4889,1,1,0,1,5,3,100
4888,1,1,0,1,5,3,101
4887,1,1,0,1,5,2,0
4886,1,1,0,1,5,2,40
4885,1,1,0,1,5,2,50
4884,1,1,0,1,5,2,60
4883,1,1,0,1,5,2,70
4882,1,1,0,1,5,2,80
4881,1,1,0,1,5,2,90
4880,1,1,0,1,5,2,100
4879,1,1,0,1,5,2,101
4878,1,1,0,1,5,1,0
4877,1,1,0,1,5,1,40
4876,1,1,0,1,5,1,50
4875,1,1,0,1,5,1,60
4874,1,1,0,1,5,1,70
4873,1,1,0,1,5,1,80
4872,1,1,0,1,5,1,90
4871,1,1,0,1,5,1,100
4870,1,1,0,1,5,1,101
4869,1,1,0,1,5,0,0
4868,1,1,0,1,5,0,40
4867,1,1,0,1,5,0,50
4866,1,1,0,1,5,0,60
4865,1,1,0,1,5,0,70
4864,1,1,0,1,5,0,80
4863,1,1,0,1,5,0,90
4862,1,1,0,1,5,0,100
4861,1,1,0,1,5,0,101
4860,1,1,0,1,4,9,0
4859,1,1,0,1,4,9,40
4858,1,1,0,1,4,9,50
4857,1,1,0,1,4,9,60
4856,1,1,0,1,4,9,70
4855,1,1,0,1,4,9,80
4854,1,1,0,1,4,9,90
4853,1,1,0,1,4,9,100
4852,1,1,0,1,4,9,101
4851,1,1,0,1,4,8,0
4850,1,1,0,1,4,8,40
4849,1,1,0,1,4,8,50
4848,1,1,0,1,4,8,60
4847,1,1,0,1,4,8,70
4846,1,1,0,1,4,8,80
4845,1,1,0,1,4,8,90
4844,1,1,0,1,4,8,100
4843,1,1,0,1,4,8,101
4842,1,1,0,1,4,7,0
4841,1,1,0,1,4,7,40
4840,1,1,0,1,4,7,50
4839,1,1,0,1,4,7,60
4838,1,1,0,1,4,7,70
4837,1,1,0,1,4,7,80
4836,1,1,0,1,4,7,90
4835,1,1,0,1,4,7,100
4834,1,1,0,1,4,7,101
4833,1,1,0,1,4,6,0
4832,1,1,0,1,4,6,40
4831,1,1,0,1,4,6,50
4830,1,1,0,1,4,6,60
4829,1,1,0,1,4,6,70
4828,1,1,0,1,4,6,80
4827,1,1,0,1,4,6,90
4826,1,1,0,1,4,6,100
4825,1,1,0,1,4,6,101
4824,1,1,0,1,4,5,0
4823,1,1,0,1,4,5,40
4822,1,1,0,1,4,5,50
4821,1,1,0,1,4,5,60
4820,1,1,0,1,4,5,70
4819,1,1,0,1,4,5,80
4818,1,1,0,1,4,5,90
4817,1,1,0,1,4,5,100
4816,1,1,0,1,4,5,101
4815,1,1,0,1,4,4,0
4814,1,1,0,1,4,4,40
4813,1,1,0,1,4,4,50
4812,1,1,0,1,4,4,60
4811,1,1,0,1,4,4,70
4810,1,1,0,1,4,4,80
4809,1,1,0,1,4,4,90
4808,1,1,0,1,4,4,100
4807,1,1,0,1,4,4,101
4806,1,1,0,1,4,3,0
4805,1,1,0,1,4,3,40
4804,1,1,0,1,4,3,50
4803,1,1,0,1,4,3,60
4802,1,1,0,1,4,3,70
4801,1,1,0,1,4,3,80
4800,1,1,0,1,4,3,90
4799,1,1,0,1,4,3,100
4798,1,1,0,1,4,3,101
4797,1,1,0,1,4,2,0
4796,1,1,0,1,4,2,40
4795,1,1,0,1,4,2,50
4794,1,1,0,1,4,2,60
4793,1,1,0,1,4,2,70
4792,1,1,0,1,4,2,80
4791,1,1,0,1,4,2,90
4790,1,1,0,1,4,2,100
4789,1,1,0,1,4,2,101
4788,1,1,0,1,4,1,0
4787,1,1,0,1,4,1,40
4786,1,1,0,1,4,1,50
4785,1,1,0,1,4,1,60
4784,1,1,0,1,4,1,70
4783,1,1,0,1,4,1,80
4782,1,1,0,1,4,1,90
4781,1,1,0,1,4,1,100
4780,1,1,0,1,4,1,101
4779,1,1,0,1,4,0,0
4778,1,1,0,1,4,0,40
4777,1,1,0,1,4,0,50
4776,1,1,0,1,4,0,60
4775,1,1,0,1,4,0,70
4774,1,1,0,1,4,0,80
4773,1,1,0,1,4,0,90
4772,1,1,0,1,4,0,100
4771,1,1,0,1,4,0,101
4770,1,1,0,1,3,9,0
4769,1,1,0,1,3,9,40
4768,1,1,0,1,3,9,50
4767,1,1,0,1,3,9,60
4766,1,1,0,1,3,9,70
4765,1,1,0,1,3,9,80
4764,1,1,0,1,3,9,90
4763,1,1,0,1,3,9,100
4762,1,1,0,1,3,9,101
4761,1,1,0,1,3,8,0
4760,1,1,0,1,3,8,40
4759,1,1,0,1,3,8,50
4758,1,1,0,1,3,8,60
4757,1,1,0,1,3,8,70
4756,1,1,0,1,3,8,80
4755,1,1,0,1,3,8,90
4754,1,1,0,1,3,8,100
4753,1,1,0,1,3,8,101
4752,1,1,0,1,3,7,0
4751,1,1,0,1,3,7,40
4750,1,1,0,1,3,7,50
4749,1,1,0,1,3,7,60
4748,1,1,0,1,3,7,70
4747,1,1,0,1,3,7,80
4746,1,1,0,1,3,7,90
4745,1,1,0,1,3,7,100
4744,1,1,0,1,3,7,101
4743,1,1,0,1,3,6,0
4742,1,1,0,1,3,6,40
4741,1,1,0,1,3,6,50
4740,1,1,0,1,3,6,60
4739,1,1,0,1,3,6,70
4738,1,1,0,1,3,6,80
4737,1,1,0,1,3,6,90
4736,1,1,0,1,3,6,100
4735,1,1,0,1,3,6,101
4734,1,1,0,1,3,5,0
4733,1,1,0,1,3,5,40
4732,1,1,0,1,3,5,50
4731,1,1,0,1,3,5,60
4730,1,1,0,1,3,5,70
4729,1,1,0,1,3,5,80
4728,1,1,0,1,3,5,90
4727,1,1,0,1,3,5,100
4726,1,1,0,1,3,5,101
4725,1,1,0,1,3,4,0
4724,1,1,0,1,3,4,40
4723,1,1,0,1,3,4,50
4722,1,1,0,1,3,4,60
4721,1,1,0,1,3,4,70
4720,1,1,0,1,3,4,80
4719,1,1,0,1,3,4,90
4718,1,1,0,1,3,4,100
4717,1,1,0,1,3,4,101
4716,1,1,0,1,3,3,0
4715,1,1,0,1,3,3,40
4714,1,1,0,1,3,3,50
4713,1,1,0,1,3,3,60
4712,1,1,0,1,3,3,70
4711,1,1,0,1,3,3,80
4710,1,1,0,1,3,3,90
4709,1,1,0,1,3,3,100
4708,1,1,0,1,3,3,101
4707,1,1,0,1,3,2,0
4706,1,1,0,1,3,2,40
4705,1,1,0,1,3,2,50
4704,1,1,0,1,3,2,60
4703,1,1,0,1,3,2,70
4702,1,1,0,1,3,2,80
4701,1,1,0,1,3,2,90
4700,1,1,0,1,3,2,100
4699,1,1,0,1,3,2,101
4698,1,1,0,1,3,1,0
4697,1,1,0,1,3,1,40
4696,1,1,0,1,3,1,50
4695,1,1,0,1,3,1,60
4694,1,1,0,1,3,1,70
4693,1,1,0,1,3,1,80
4692,1,1,0,1,3,1,90
4691,1,1,0,1,3,1,100
4690,1,1,0,1,3,1,101
4689,1,1,0,1,3,0,0
4688,1,1,0,1,3,0,40
4687,1,1,0,1,3,0,50
4686,1,1,0,1,3,0,60
4685,1,1,0,1,3,0,70
4684,1,1,0,1,3,0,80
4683,1,1,0,1,3,0,90
4682,1,1,0,1,3,0,100
4681,1,1,0,1,3,0,101
4680,1,1,0,1,2,9,0
4679,1,1,0,1,2,9,40
4678,1,1,0,1,2,9,50
4677,1,1,0,1,2,9,60
4676,1,1,0,1,2,9,70
4675,1,1,0,1,2,9,80
4674,1,1,0,1,2,9,90
4673,1,1,0,1,2,9,100
4672,1,1,0,1,2,9,101
4671,1,1,0,1,2,8,0
4670,1,1,0,1,2,8,40
4669,1,1,0,1,2,8,50
4668,1,1,0,1,2,8,60
4667,1,1,0,1,2,8,70
4666,1,1,0,1,2,8,80
4665,1,1,0,1,2,8,90
4664,1,1,0,1,2,8,100
4663,1,1,0,1,2,8,101
4662,1,1,0,1,2,7,0
4661,1,1,0,1,2,7,40
4660,1,1,0,1,2,7,50
4659,1,1,0,1,2,7,60
4658,1,1,0,1,2,7,70
4657,1,1,0,1,2,7,80
4656,1,1,0,1,2,7,90
4655,1,1,0,1,2,7,100
4654,1,1,0,1,2,7,101
4653,1,1,0,1,2,6,0
4652,1,1,0,1,2,6,40
4651,1,1,0,1,2,6,50
4650,1,1,0,1,2,6,60
4649,1,1,0,1,2,6,70
4648,1,1,0,1,2,6,80
4647,1,1,0,1,2,6,90
4646,1,1,0,1,2,6,100
4645,1,1,0,1,2,6,101
4644,1,1,0,1,2,5,0
4643,1,1,0,1,2,5,40
4642,1,1,0,1,2,5,50
4641,1,1,0,1,2,5,60
4640,1,1,0,1,2,5,70
4639,1,1,0,1,2,5,80
4638,1,1,0,1,2,5,90
4637,1,1,0,1,2,5,100
4636,1,1,0,1,2,5,101
4635,1,1,0,1,2,4,0
4634,1,1,0,1,2,4,40
4633,1,1,0,1,2,4,50
4632,1,1,0,1,2,4,60
4631,1,1,0,1,2,4,70
4630,1,1,0,1,2,4,80
4629,1,1,0,1,2,4,90
4628,1,1,0,1,2,4,100
4627,1,1,0,1,2,4,101
4626,1,1,0,1,2,3,0
4625,1,1,0,1,2,3,40
4624,1,1,0,1,2,3,50
4623,1,1,0,1,2,3,60
4622,1,1,0,1,2,3,70
4621,1,1,0,1,2,3,80
4620,1,1,0,1,2,3,90
4619,1,1,0,1,2,3,100
4618,1,1,0,1,2,3,101
4617,1,1,0,1,2,2,0
4616,1,1,0,1,2,2,40
4615,1,1,0,1,2,2,50
4614,1,1,0,1,2,2,60
4613,1,1,0,1,2,2,70
4612,1,1,0,1,2,2,80
4611,1,1,0,1,2,2,90
4610,1,1,0,1,2,2,100
4609,1,1,0,1,2,2,101
4608,1,1,0,1,2,1,0
4607,1,1,0,1,2,1,40
4606,1,1,0,1,2,1,50
4605,1,1,0,1,2,1,60
4604,1,1,0,1,2,1,70
4603,1,1,0,1,2,1,80
4602,1,1,0,1,2,1,90
4601,1,1,0,1,2,1,100
4600,1,1,0,1,2,1,101
4599,1,1,0,1,2,0,0
4598,1,1,0,1,2,0,40
4597,1,1,0,1,2,0,50
4596,1,1,0,1,2,0,60
4595,1,1,0,1,2,0,70
4594,1,1,0,1,2,0,80
4593,1,1,0,1,2,0,90
4592,1,1,0,1,2,0,100
4591,1,1,0,1,2,0,101
4590,1,1,0,1,1,9,0
4589,1,1,0,1,1,9,40
4588,1,1,0,1,1,9,50
4587,1,1,0,1,1,9,60
4586,1,1,0,1,1,9,70
4585,1,1,0,1,1,9,80
4584,1,1,0,1,1,9,90
4583,1,1,0,1,1,9,100
4582,1,1,0,1,1,9,101
4581,1,1,0,1,1,8,0
4580,1,1,0,1,1,8,40
4579,1,1,0,1,1,8,50
4578,1,1,0,1,1,8,60
4577,1,1,0,1,1,8,70
4576,1,1,0,1,1,8,80
4575,1,1,0,1,1,8,90
4574,1,1,0,1,1,8,100
4573,1,1,0,1,1,8,101
4572,1,1,0,1,1,7,0
4571,1,1,0,1,1,7,40
4570,1,1,0,1,1,7,50
4569,1,1,0,1,1,7,60
4568,1,1,0,1,1,7,70
4567,1,1,0,1,1,7,80
4566,1,1,0,1,1,7,90
4565,1,1,0,1,1,7,100
4564,1,1,0,1,1,7,101
4563,1,1,0,1,1,6,0
4562,1,1,0,1,1,6,40
4561,1,1,0,1,1,6,50
4560,1,1,0,1,1,6,60
4559,1,1,0,1,1,6,70
4558,1,1,0,1,1,6,80
4557,1,1,0,1,1,6,90
4556,1,1,0,1,1,6,100
4555,1,1,0,1,1,6,101
4554,1,1,0,1,1,5,0
4553,1,1,0,1,1,5,40
4552,1,1,0,1,1,5,50
4551,1,1,0,1,1,5,60
4550,1,1,0,1,1,5,70
4549,1,1,0,1,1,5,80
4548,1,1,0,1,1,5,90
4547,1,1,0,1,1,5,100
4546,1,1,0,1,1,5,101
4545,1,1,0,1,1,4,0
4544,1,1,0,1,1,4,40
4543,1,1,0,1,1,4,50
4542,1,1,0,1,1,4,60
4541,1,1,0,1,1,4,70
4540,1,1,0,1,1,4,80
4539,1,1,0,1,1,4,90
4538,1,1,0,1,1,4,100
4537,1,1,0,1,1,4,101
4536,1,1,0,1,1,3,0
4535,1,1,0,1,1,3,40
4534,1,1,0,1,1,3,50
4533,1,1,0,1,1,3,60
4532,1,1,0,1,1,3,70
4531,1,1,0,1,1,3,80
4530,1,1,0,1,1,3,90
4529,1,1,0,1,1,3,100
4528,1,1,0,1,1,3,101
4527,1,1,0,1,1,2,0
4526,1,1,0,1,1,2,40
4525,1,1,0,1,1,2,50
4524,1,1,0,1,1,2,60
4523,1,1,0,1,1,2,70
4522,1,1,0,1,1,2,80
4521,1,1,0,1,1,2,90
4520,1,1,0,1,1,2,100
4519,1,1,0,1,1,2,101
4518,1,1,0,1,1,1,0
4517,1,1,0,1,1,1,40
4516,1,1,0,1,1,1,50
4515,1,1,0,1,1,1,60
4514,1,1,0,1,1,1,70
4513,1,1,0,1,1,1,80
4512,1,1,0,1,1,1,90
4511,1,1,0,1,1,1,100
4510,1,1,0,1,1,1,101
4509,1,1,0,1,1,0,0
4508,1,1,0,1,1,0,40
4507,1,1,0,1,1,0,50
4506,1,1,0,1,1,0,60
4505,1,1,0,1,1,0,70
4504,1,1,0,1,1,0,80
4503,1,1,0,1,1,0,90
4502,1,1,0,1,1,0,100
4501,1,1,0,1,1,0,101
4500,1,1,0,1,0,9,0
4499,1,1,0,1,0,9,40
4498,1,1,0,1,0,9,50
4497,1,1,0,1,0,9,60
4496,1,1,0,1,0,9,70
4495,1,1,0,1,0,9,80
4494,1,1,0,1,0,9,90
4493,1,1,0,1,0,9,100
4492,1,1,0,1,0,9,101
4491,1,1,0,1,0,8,0
4490,1,1,0,1,0,8,40
4489,1,1,0,1,0,8,50
4488,1,1,0,1,0,8,60
4487,1,1,0,1,0,8,70
4486,1,1,0,1,0,8,80
4485,1,1,0,1,0,8,90
4484,1,1,0,1,0,8,100
4483,1,1,0,1,0,8,101
4482,1,1,0,1,0,7,0
4481,1,1,0,1,0,7,40
4480,1,1,0,1,0,7,50
4479,1,1,0,1,0,7,60
4478,1,1,0,1,0,7,70
4477,1,1,0,1,0,7,80
4476,1,1,0,1,0,7,90
4475,1,1,0,1,0,7,100
4474,1,1,0,1,0,7,101
4473,1,1,0,1,0,6,0
4472,1,1,0,1,0,6,40
4471,1,1,0,1,0,6,50
4470,1,1,0,1,0,6,60
4469,1,1,0,1,0,6,70
4468,1,1,0,1,0,6,80
4467,1,1,0,1,0,6,90
4466,1,1,0,1,0,6,100
4465,1,1,0,1,0,6,101
4464,1,1,0,1,0,5,0
4463,1,1,0,1,0,5,40
4462,1,1,0,1,0,5,50
4461,1,1,0,1,0,5,60
4460,1,1,0,1,0,5,70
4459,1,1,0,1,0,5,80
4458,1,1,0,1,0,5,90
4457,1,1,0,1,0,5,100
4456,1,1,0,1,0,5,101
4455,1,1,0,1,0,4,0
4454,1,1,0,1,0,4,40
4453,1,1,0,1,0,4,50
4452,1,1,0,1,0,4,60
4451,1,1,0,1,0,4,70
4450,1,1,0,1,0,4,80
4449,1,1,0,1,0,4,90
4448,1,1,0,1,0,4,100
4447,1,1,0,1,0,4,101
4446,1,1,0,1,0,3,0
4445,1,1,0,1,0,3,40
4444,1,1,0,1,0,3,50
4443,1,1,0,1,0,3,60
4442,1,1,0,1,0,3,70
4441,1,1,0,1,0,3,80
4440,1,1,0,1,0,3,90
4439,1,1,0,1,0,3,100
4438,1,1,0,1,0,3,101
4437,1,1,0,1,0,2,0
4436,1,1,0,1,0,2,40
4435,1,1,0,1,0,2,50
4434,1,1,0,1,0,2,60
4433,1,1,0,1,0,2,70
4432,1,1,0,1,0,2,80
4431,1,1,0,1,0,2,90
4430,1,1,0,1,0,2,100
4429,1,1,0,1,0,2,101
4428,1,1,0,1,0,1,0
4427,1,1,0,1,0,1,40
4426,1,1,0,1,0,1,50
4425,1,1,0,1,0,1,60
4424,1,1,0,1,0,1,70
4423,1,1,0,1,0,1,80
4422,1,1,0,1,0,1,90
4421,1,1,0,1,0,1,100
4420,1,1,0,1,0,1,101
4419,1,1,0,1,0,0,0
4418,1,1,0,1,0,0,40
4417,1,1,0,1,0,0,50
4416,1,1,0,1,0,0,60
4415,1,1,0,1,0,0,70
4414,1,1,0,1,0,0,80
4413,1,1,0,1,0,0,90
4412,1,1,0,1,0,0,100
4411,1,1,0,1,0,0,101
4410,1,1,0,0,8,9,0
4409,1,1,0,0,8,9,40
4408,1,1,0,0,8,9,50
4407,1,1,0,0,8,9,60
4406,1,1,0,0,8,9,70
4405,1,1,0,0,8,9,80
4404,1,1,0,0,8,9,90
4403,1,1,0,0,8,9,100
4402,1,1,0,0,8,9,101
4401,1,1,0,0,8,8,0
4400,1,1,0,0,8,8,40
4399,1,1,0,0,8,8,50
4398,1,1,0,0,8,8,60
4397,1,1,0,0,8,8,70
4396,1,1,0,0,8,8,80
4395,1,1,0,0,8,8,90
4394,1,1,0,0,8,8,100
4393,1,1,0,0,8,8,101
4392,1,1,0,0,8,7,0
4391,1,1,0,0,8,7,40
4390,1,1,0,0,8,7,50
4389,1,1,0,0,8,7,60
4388,1,1,0,0,8,7,70
4387,1,1,0,0,8,7,80
4386,1,1,0,0,8,7,90
4385,1,1,0,0,8,7,100
4384,1,1,0,0,8,7,101
4383,1,1,0,0,8,6,0
4382,1,1,0,0,8,6,40
4381,1,1,0,0,8,6,50
4380,1,1,0,0,8,6,60
4379,1,1,0,0,8,6,70
4378,1,1,0,0,8,6,80
4377,1,1,0,0,8,6,90
4376,1,1,0,0,8,6,100
4375,1,1,0,0,8,6,101
4374,1,1,0,0,8,5,0
4373,1,1,0,0,8,5,40
4372,1,1,0,0,8,5,50
4371,1,1,0,0,8,5,60
4370,1,1,0,0,8,5,70
4369,1,1,0,0,8,5,80
4368,1,1,0,0,8,5,90
4367,1,1,0,0,8,5,100
4366,1,1,0,0,8,5,101
4365,1,1,0,0,8,4,0
4364,1,1,0,0,8,4,40
4363,1,1,0,0,8,4,50
4362,1,1,0,0,8,4,60
4361,1,1,0,0,8,4,70
4360,1,1,0,0,8,4,80
4359,1,1,0,0,8,4,90
4358,1,1,0,0,8,4,100
4357,1,1,0,0,8,4,101
4356,1,1,0,0,8,3,0
4355,1,1,0,0,8,3,40
4354,1,1,0,0,8,3,50
4353,1,1,0,0,8,3,60
4352,1,1,0,0,8,3,70
4351,1,1,0,0,8,3,80
4350,1,1,0,0,8,3,90
4349,1,1,0,0,8,3,100
4348,1,1,0,0,8,3,101
4347,1,1,0,0,8,2,0
4346,1,1,0,0,8,2,40
4345,1,1,0,0,8,2,50
4344,1,1,0,0,8,2,60
4343,1,1,0,0,8,2,70
4342,1,1,0,0,8,2,80
4341,1,1,0,0,8,2,90
4340,1,1,0,0,8,2,100
4339,1,1,0,0,8,2,101
4338,1,1,0,0,8,1,0
4337,1,1,0,0,8,1,40
4336,1,1,0,0,8,1,50
4335,1,1,0,0,8,1,60
4334,1,1,0,0,8,1,70
4333,1,1,0,0,8,1,80
4332,1,1,0,0,8,1,90
4331,1,1,0,0,8,1,100
4330,1,1,0,0,8,1,101
4329,1,1,0,0,8,0,0
4328,1,1,0,0,8,0,40
4327,1,1,0,0,8,0,50
4326,1,1,0,0,8,0,60
4325,1,1,0,0,8,0,70
4324,1,1,0,0,8,0,80
4323,1,1,0,0,8,0,90
4322,1,1,0,0,8,0,100
4321,1,1,0,0,8,0,101
4320,1,1,0,0,7,9,0
4319,1,1,0,0,7,9,40
4318,1,1,0,0,7,9,50
4317,1,1,0,0,7,9,60
4316,1,1,0,0,7,9,70
4315,1,1,0,0,7,9,80
4314,1,1,0,0,7,9,90
4313,1,1,0,0,7,9,100
4312,1,1,0,0,7,9,101
4311,1,1,0,0,7,8,0
4310,1,1,0,0,7,8,40
4309,1,1,0,0,7,8,50
4308,1,1,0,0,7,8,60
4307,1,1,0,0,7,8,70
4306,1,1,0,0,7,8,80
4305,1,1,0,0,7,8,90
4304,1,1,0,0,7,8,100
4303,1,1,0,0,7,8,101
4302,1,1,0,0,7,7,0
4301,1,1,0,0,7,7,40
4300,1,1,0,0,7,7,50
4299,1,1,0,0,7,7,60
4298,1,1,0,0,7,7,70
4297,1,1,0,0,7,7,80
4296,1,1,0,0,7,7,90
4295,1,1,0,0,7,7,100
4294,1,1,0,0,7,7,101
4293,1,1,0,0,7,6,0
4292,1,1,0,0,7,6,40
4291,1,1,0,0,7,6,50
4290,1,1,0,0,7,6,60
4289,1,1,0,0,7,6,70
4288,1,1,0,0,7,6,80
4287,1,1,0,0,7,6,90
4286,1,1,0,0,7,6,100
4285,1,1,0,0,7,6,101
4284,1,1,0,0,7,5,0
4283,1,1,0,0,7,5,40
4282,1,1,0,0,7,5,50
4281,1,1,0,0,7,5,60
4280,1,1,0,0,7,5,70
4279,1,1,0,0,7,5,80
4278,1,1,0,0,7,5,90
4277,1,1,0,0,7,5,100
4276,1,1,0,0,7,5,101
4275,1,1,0,0,7,4,0
4274,1,1,0,0,7,4,40
4273,1,1,0,0,7,4,50
4272,1,1,0,0,7,4,60
4271,1,1,0,0,7,4,70
4270,1,1,0,0,7,4,80
4269,1,1,0,0,7,4,90
4268,1,1,0,0,7,4,100
4267,1,1,0,0,7,4,101
4266,1,1,0,0,7,3,0
4265,1,1,0,0,7,3,40
4264,1,1,0,0,7,3,50
4263,1,1,0,0,7,3,60
4262,1,1,0,0,7,3,70
4261,1,1,0,0,7,3,80
4260,1,1,0,0,7,3,90
4259,1,1,0,0,7,3,100
4258,1,1,0,0,7,3,101
4257,1,1,0,0,7,2,0
4256,1,1,0,0,7,2,40
4255,1,1,0,0,7,2,50
4254,1,1,0,0,7,2,60
4253,1,1,0,0,7,2,70
4252,1,1,0,0,7,2,80
4251,1,1,0,0,7,2,90
4250,1,1,0,0,7,2,100
4249,1,1,0,0,7,2,101
4248,1,1,0,0,7,1,0
4247,1,1,0,0,7,1,40
4246,1,1,0,0,7,1,50
4245,1,1,0,0,7,1,60
4244,1,1,0,0,7,1,70
4243,1,1,0,0,7,1,80
4242,1,1,0,0,7,1,90
4241,1,1,0,0,7,1,100
4240,1,1,0,0,7,1,101
4239,1,1,0,0,7,0,0
4238,1,1,0,0,7,0,40
4237,1,1,0,0,7,0,50
4236,1,1,0,0,7,0,60
4235,1,1,0,0,7,0,70
4234,1,1,0,0,7,0,80
4233,1,1,0,0,7,0,90
4232,1,1,0,0,7,0,100
4231,1,1,0,0,7,0,101
4230,1,1,0,0,6,9,0
4229,1,1,0,0,6,9,40
4228,1,1,0,0,6,9,50
4227,1,1,0,0,6,9,60
4226,1,1,0,0,6,9,70
4225,1,1,0,0,6,9,80
4224,1,1,0,0,6,9,90
4223,1,1,0,0,6,9,100
4222,1,1,0,0,6,9,101
4221,1,1,0,0,6,8,0
4220,1,1,0,0,6,8,40
4219,1,1,0,0,6,8,50
4218,1,1,0,0,6,8,60
4217,1,1,0,0,6,8,70
4216,1,1,0,0,6,8,80
4215,1,1,0,0,6,8,90
4214,1,1,0,0,6,8,100
4213,1,1,0,0,6,8,101
4212,1,1,0,0,6,7,0
4211,1,1,0,0,6,7,40
4210,1,1,0,0,6,7,50
4209,1,1,0,0,6,7,60
4208,1,1,0,0,6,7,70
4207,1,1,0,0,6,7,80
4206,1,1,0,0,6,7,90
4205,1,1,0,0,6,7,100
4204,1,1,0,0,6,7,101
4203,1,1,0,0,6,6,0
4202,1,1,0,0,6,6,40
4201,1,1,0,0,6,6,50
4200,1,1,0,0,6,6,60
4199,1,1,0,0,6,6,70
4198,1,1,0,0,6,6,80
4197,1,1,0,0,6,6,90
4196,1,1,0,0,6,6,100
4195,1,1,0,0,6,6,101
4194,1,1,0,0,6,5,0
4193,1,1,0,0,6,5,40
4192,1,1,0,0,6,5,50
4191,1,1,0,0,6,5,60
4190,1,1,0,0,6,5,70
4189,1,1,0,0,6,5,80
4188,1,1,0,0,6,5,90
4187,1,1,0,0,6,5,100
4186,1,1,0,0,6,5,101
4185,1,1,0,0,6,4,0
4184,1,1,0,0,6,4,40
4183,1,1,0,0,6,4,50
4182,1,1,0,0,6,4,60
4181,1,1,0,0,6,4,70
4180,1,1,0,0,6,4,80
4179,1,1,0,0,6,4,90
4178,1,1,0,0,6,4,100
4177,1,1,0,0,6,4,101
4176,1,1,0,0,6,3,0
4175,1,1,0,0,6,3,40
4174,1,1,0,0,6,3,50
4173,1,1,0,0,6,3,60
4172,1,1,0,0,6,3,70
4171,1,1,0,0,6,3,80
4170,1,1,0,0,6,3,90
4169,1,1,0,0,6,3,100
4168,1,1,0,0,6,3,101
4167,1,1,0,0,6,2,0
4166,1,1,0,0,6,2,40
4165,1,1,0,0,6,2,50
4164,1,1,0,0,6,2,60
4163,1,1,0,0,6,2,70
4162,1,1,0,0,6,2,80
4161,1,1,0,0,6,2,90
4160,1,1,0,0,6,2,100
4159,1,1,0,0,6,2,101
4158,1,1,0,0,6,1,0
4157,1,1,0,0,6,1,40
4156,1,1,0,0,6,1,50
4155,1,1,0,0,6,1,60
4154,1,1,0,0,6,1,70
4153,1,1,0,0,6,1,80
4152,1,1,0,0,6,1,90
4151,1,1,0,0,6,1,100
4150,1,1,0,0,6,1,101
4149,1,1,0,0,6,0,0
4148,1,1,0,0,6,0,40
4147,1,1,0,0,6,0,50
4146,1,1,0,0,6,0,60
4145,1,1,0,0,6,0,70
4144,1,1,0,0,6,0,80
4143,1,1,0,0,6,0,90
4142,1,1,0,0,6,0,100
4141,1,1,0,0,6,0,101
4140,1,1,0,0,5,9,0
4139,1,1,0,0,5,9,40
4138,1,1,0,0,5,9,50
4137,1,1,0,0,5,9,60
4136,1,1,0,0,5,9,70
4135,1,1,0,0,5,9,80
4134,1,1,0,0,5,9,90
4133,1,1,0,0,5,9,100
4132,1,1,0,0,5,9,101
4131,1,1,0,0,5,8,0
4130,1,1,0,0,5,8,40
4129,1,1,0,0,5,8,50
4128,1,1,0,0,5,8,60
4127,1,1,0,0,5,8,70
4126,1,1,0,0,5,8,80
4125,1,1,0,0,5,8,90
4124,1,1,0,0,5,8,100
4123,1,1,0,0,5,8,101
4122,1,1,0,0,5,7,0
4121,1,1,0,0,5,7,40
4120,1,1,0,0,5,7,50
4119,1,1,0,0,5,7,60
4118,1,1,0,0,5,7,70
4117,1,1,0,0,5,7,80
4116,1,1,0,0,5,7,90
4115,1,1,0,0,5,7,100
4114,1,1,0,0,5,7,101
4113,1,1,0,0,5,6,0
4112,1,1,0,0,5,6,40
4111,1,1,0,0,5,6,50
4110,1,1,0,0,5,6,60
4109,1,1,0,0,5,6,70
4108,1,1,0,0,5,6,80
4107,1,1,0,0,5,6,90
4106,1,1,0,0,5,6,100
4105,1,1,0,0,5,6,101
4104,1,1,0,0,5,5,0
4103,1,1,0,0,5,5,40
4102,1,1,0,0,5,5,50
4101,1,1,0,0,5,5,60
4100,1,1,0,0,5,5,70
4099,1,1,0,0,5,5,80
4098,1,1,0,0,5,5,90
4097,1,1,0,0,5,5,100
4096,1,1,0,0,5,5,101
4095,1,1,0,0,5,4,0
4094,1,1,0,0,5,4,40
4093,1,1,0,0,5,4,50
4092,1,1,0,0,5,4,60
4091,1,1,0,0,5,4,70
4090,1,1,0,0,5,4,80
4089,1,1,0,0,5,4,90
4088,1,1,0,0,5,4,100
4087,1,1,0,0,5,4,101
4086,1,1,0,0,5,3,0
4085,1,1,0,0,5,3,40
4084,1,1,0,0,5,3,50
4083,1,1,0,0,5,3,60
4082,1,1,0,0,5,3,70
4081,1,1,0,0,5,3,80
4080,1,1,0,0,5,3,90
4079,1,1,0,0,5,3,100
4078,1,1,0,0,5,3,101
4077,1,1,0,0,5,2,0
4076,1,1,0,0,5,2,40
4075,1,1,0,0,5,2,50
4074,1,1,0,0,5,2,60
4073,1,1,0,0,5,2,70
4072,1,1,0,0,5,2,80
4071,1,1,0,0,5,2,90
4070,1,1,0,0,5,2,100
4069,1,1,0,0,5,2,101
4068,1,1,0,0,5,1,0
4067,1,1,0,0,5,1,40
4066,1,1,0,0,5,1,50
4065,1,1,0,0,5,1,60
4064,1,1,0,0,5,1,70
4063,1,1,0,0,5,1,80
4062,1,1,0,0,5,1,90
4061,1,1,0,0,5,1,100
4060,1,1,0,0,5,1,101
4059,1,1,0,0,5,0,0
4058,1,1,0,0,5,0,40
4057,1,1,0,0,5,0,50
4056,1,1,0,0,5,0,60
4055,1,1,0,0,5,0,70
4054,1,1,0,0,5,0,80
4053,1,1,0,0,5,0,90
4052,1,1,0,0,5,0,100
4051,1,1,0,0,5,0,101
4050,1,1,0,0,4,9,0
4049,1,1,0,0,4,9,40
4048,1,1,0,0,4,9,50
4047,1,1,0,0,4,9,60
4046,1,1,0,0,4,9,70
4045,1,1,0,0,4,9,80
4044,1,1,0,0,4,9,90
4043,1,1,0,0,4,9,100
4042,1,1,0,0,4,9,101
4041,1,1,0,0,4,8,0
4040,1,1,0,0,4,8,40
4039,1,1,0,0,4,8,50
4038,1,1,0,0,4,8,60
4037,1,1,0,0,4,8,70
4036,1,1,0,0,4,8,80
4035,1,1,0,0,4,8,90
4034,1,1,0,0,4,8,100
4033,1,1,0,0,4,8,101
4032,1,1,0,0,4,7,0
4031,1,1,0,0,4,7,40
4030,1,1,0,0,4,7,50
4029,1,1,0,0,4,7,60
4028,1,1,0,0,4,7,70
4027,1,1,0,0,4,7,80
4026,1,1,0,0,4,7,90
4025,1,1,0,0,4,7,100
4024,1,1,0,0,4,7,101
4023,1,1,0,0,4,6,0
4022,1,1,0,0,4,6,40
4021,1,1,0,0,4,6,50
4020,1,1,0,0,4,6,60
4019,1,1,0,0,4,6,70
4018,1,1,0,0,4,6,80
4017,1,1,0,0,4,6,90
4016,1,1,0,0,4,6,100
4015,1,1,0,0,4,6,101
4014,1,1,0,0,4,5,0
4013,1,1,0,0,4,5,40
4012,1,1,0,0,4,5,50
4011,1,1,0,0,4,5,60
4010,1,1,0,0,4,5,70
4009,1,1,0,0,4,5,80
4008,1,1,0,0,4,5,90
4007,1,1,0,0,4,5,100
4006,1,1,0,0,4,5,101
4005,1,1,0,0,4,4,0
4004,1,1,0,0,4,4,40
4003,1,1,0,0,4,4,50
4002,1,1,0,0,4,4,60
4001,1,1,0,0,4,4,70
4000,1,1,0,0,4,4,80
3999,1,1,0,0,4,4,90
3998,1,1,0,0,4,4,100
3997,1,1,0,0,4,4,101
3996,1,1,0,0,4,3,0
3995,1,1,0,0,4,3,40
3994,1,1,0,0,4,3,50
3993,1,1,0,0,4,3,60
3992,1,1,0,0,4,3,70
3991,1,1,0,0,4,3,80
3990,1,1,0,0,4,3,90
3989,1,1,0,0,4,3,100
3988,1,1,0,0,4,3,101
3987,1,1,0,0,4,2,0
3986,1,1,0,0,4,2,40
3985,1,1,0,0,4,2,50
3984,1,1,0,0,4,2,60
3983,1,1,0,0,4,2,70
3982,1,1,0,0,4,2,80
3981,1,1,0,0,4,2,90
3980,1,1,0,0,4,2,100
3979,1,1,0,0,4,2,101
3978,1,1,0,0,4,1,0
3977,1,1,0,0,4,1,40
3976,1,1,0,0,4,1,50
3975,1,1,0,0,4,1,60
3974,1,1,0,0,4,1,70
3973,1,1,0,0,4,1,80
3972,1,1,0,0,4,1,90
3971,1,1,0,0,4,1,100
3970,1,1,0,0,4,1,101
3969,1,1,0,0,4,0,0
3968,1,1,0,0,4,0,40
3967,1,1,0,0,4,0,50
3966,1,1,0,0,4,0,60
3965,1,1,0,0,4,0,70
3964,1,1,0,0,4,0,80
3963,1,1,0,0,4,0,90
3962,1,1,0,0,4,0,100
3961,1,1,0,0,4,0,101
3960,1,1,0,0,3,9,0
3959,1,1,0,0,3,9,40
3958,1,1,0,0,3,9,50
3957,1,1,0,0,3,9,60
3956,1,1,0,0,3,9,70
3955,1,1,0,0,3,9,80
3954,1,1,0,0,3,9,90
3953,1,1,0,0,3,9,100
3952,1,1,0,0,3,9,101
3951,1,1,0,0,3,8,0
3950,1,1,0,0,3,8,40
3949,1,1,0,0,3,8,50
3948,1,1,0,0,3,8,60
3947,1,1,0,0,3,8,70
3946,1,1,0,0,3,8,80
3945,1,1,0,0,3,8,90
3944,1,1,0,0,3,8,100
3943,1,1,0,0,3,8,101
3942,1,1,0,0,3,7,0
3941,1,1,0,0,3,7,40
3940,1,1,0,0,3,7,50
3939,1,1,0,0,3,7,60
3938,1,1,0,0,3,7,70
3937,1,1,0,0,3,7,80
3936,1,1,0,0,3,7,90
3935,1,1,0,0,3,7,100
3934,1,1,0,0,3,7,101
3933,1,1,0,0,3,6,0
3932,1,1,0,0,3,6,40
3931,1,1,0,0,3,6,50
3930,1,1,0,0,3,6,60
3929,1,1,0,0,3,6,70
3928,1,1,0,0,3,6,80
3927,1,1,0,0,3,6,90
3926,1,1,0,0,3,6,100
3925,1,1,0,0,3,6,101
3924,1,1,0,0,3,5,0
3923,1,1,0,0,3,5,40
3922,1,1,0,0,3,5,50
3921,1,1,0,0,3,5,60
3920,1,1,0,0,3,5,70
3919,1,1,0,0,3,5,80
3918,1,1,0,0,3,5,90
3917,1,1,0,0,3,5,100
3916,1,1,0,0,3,5,101
3915,1,1,0,0,3,4,0
3914,1,1,0,0,3,4,40
3913,1,1,0,0,3,4,50
3912,1,1,0,0,3,4,60
3911,1,1,0,0,3,4,70
3910,1,1,0,0,3,4,80
3909,1,1,0,0,3,4,90
3908,1,1,0,0,3,4,100
3907,1,1,0,0,3,4,101
3906,1,1,0,0,3,3,0
3905,1,1,0,0,3,3,40
3904,1,1,0,0,3,3,50
3903,1,1,0,0,3,3,60
3902,1,1,0,0,3,3,70
3901,1,1,0,0,3,3,80
3900,1,1,0,0,3,3,90
3899,1,1,0,0,3,3,100
3898,1,1,0,0,3,3,101
3897,1,1,0,0,3,2,0
3896,1,1,0,0,3,2,40
3895,1,1,0,0,3,2,50
3894,1,1,0,0,3,2,60
3893,1,1,0,0,3,2,70
3892,1,1,0,0,3,2,80
3891,1,1,0,0,3,2,90
3890,1,1,0,0,3,2,100
3889,1,1,0,0,3,2,101
3888,1,1,0,0,3,1,0
3887,1,1,0,0,3,1,40
3886,1,1,0,0,3,1,50
3885,1,1,0,0,3,1,60
3884,1,1,0,0,3,1,70
3883,1,1,0,0,3,1,80
3882,1,1,0,0,3,1,90
3881,1,1,0,0,3,1,100
3880,1,1,0,0,3,1,101
3879,1,1,0,0,3,0,0
3878,1,1,0,0,3,0,40
3877,1,1,0,0,3,0,50
3876,1,1,0,0,3,0,60
3875,1,1,0,0,3,0,70
3874,1,1,0,0,3,0,80
3873,1,1,0,0,3,0,90
3872,1,1,0,0,3,0,100
3871,1,1,0,0,3,0,101
3870,1,1,0,0,2,9,0
3869,1,1,0,0,2,9,40
3868,1,1,0,0,2,9,50
3867,1,1,0,0,2,9,60
3866,1,1,0,0,2,9,70
3865,1,1,0,0,2,9,80
3864,1,1,0,0,2,9,90
3863,1,1,0,0,2,9,100
3862,1,1,0,0,2,9,101
3861,1,1,0,0,2,8,0
3860,1,1,0,0,2,8,40
3859,1,1,0,0,2,8,50
3858,1,1,0,0,2,8,60
3857,1,1,0,0,2,8,70
3856,1,1,0,0,2,8,80
3855,1,1,0,0,2,8,90
3854,1,1,0,0,2,8,100
3853,1,1,0,0,2,8,101
3852,1,1,0,0,2,7,0
3851,1,1,0,0,2,7,40
3850,1,1,0,0,2,7,50
3849,1,1,0,0,2,7,60
3848,1,1,0,0,2,7,70
3847,1,1,0,0,2,7,80
3846,1,1,0,0,2,7,90
3845,1,1,0,0,2,7,100
3844,1,1,0,0,2,7,101
3843,1,1,0,0,2,6,0
3842,1,1,0,0,2,6,40
3841,1,1,0,0,2,6,50
3840,1,1,0,0,2,6,60
3839,1,1,0,0,2,6,70
3838,1,1,0,0,2,6,80
3837,1,1,0,0,2,6,90
3836,1,1,0,0,2,6,100
3835,1,1,0,0,2,6,101
3834,1,1,0,0,2,5,0
3833,1,1,0,0,2,5,40
3832,1,1,0,0,2,5,50
3831,1,1,0,0,2,5,60
3830,1,1,0,0,2,5,70
3829,1,1,0,0,2,5,80
3828,1,1,0,0,2,5,90
3827,1,1,0,0,2,5,100
3826,1,1,0,0,2,5,101
3825,1,1,0,0,2,4,0
3824,1,1,0,0,2,4,40
3823,1,1,0,0,2,4,50
3822,1,1,0,0,2,4,60
3821,1,1,0,0,2,4,70
3820,1,1,0,0,2,4,80
3819,1,1,0,0,2,4,90
3818,1,1,0,0,2,4,100
3817,1,1,0,0,2,4,101
3816,1,1,0,0,2,3,0
3815,1,1,0,0,2,3,40
3814,1,1,0,0,2,3,50
3813,1,1,0,0,2,3,60
3812,1,1,0,0,2,3,70
3811,1,1,0,0,2,3,80
3810,1,1,0,0,2,3,90
3809,1,1,0,0,2,3,100
3808,1,1,0,0,2,3,101
3807,1,1,0,0,2,2,0
3806,1,1,0,0,2,2,40
3805,1,1,0,0,2,2,50
3804,1,1,0,0,2,2,60
3803,1,1,0,0,2,2,70
3802,1,1,0,0,2,2,80
3801,1,1,0,0,2,2,90
3800,1,1,0,0,2,2,100
3799,1,1,0,0,2,2,101
3798,1,1,0,0,2,1,0
3797,1,1,0,0,2,1,40
3796,1,1,0,0,2,1,50
3795,1,1,0,0,2,1,60
3794,1,1,0,0,2,1,70
3793,1,1,0,0,2,1,80
3792,1,1,0,0,2,1,90
3791,1,1,0,0,2,1,100
3790,1,1,0,0,2,1,101
3789,1,1,0,0,2,0,0
3788,1,1,0,0,2,0,40
3787,1,1,0,0,2,0,50
3786,1,1,0,0,2,0,60
3785,1,1,0,0,2,0,70
3784,1,1,0,0,2,0,80
3783,1,1,0,0,2,0,90
3782,1,1,0,0,2,0,100
3781,1,1,0,0,2,0,101
3780,1,1,0,0,1,9,0
3779,1,1,0,0,1,9,40
3778,1,1,0,0,1,9,50
3777,1,1,0,0,1,9,60
3776,1,1,0,0,1,9,70
3775,1,1,0,0,1,9,80
3774,1,1,0,0,1,9,90
3773,1,1,0,0,1,9,100
3772,1,1,0,0,1,9,101
3771,1,1,0,0,1,8,0
3770,1,1,0,0,1,8,40
3769,1,1,0,0,1,8,50
3768,1,1,0,0,1,8,60
3767,1,1,0,0,1,8,70
3766,1,1,0,0,1,8,80
3765,1,1,0,0,1,8,90
3764,1,1,0,0,1,8,100
3763,1,1,0,0,1,8,101
3762,1,1,0,0,1,7,0
3761,1,1,0,0,1,7,40
3760,1,1,0,0,1,7,50
3759,1,1,0,0,1,7,60
3758,1,1,0,0,1,7,70
3757,1,1,0,0,1,7,80
3756,1,1,0,0,1,7,90
3755,1,1,0,0,1,7,100
3754,1,1,0,0,1,7,101
3753,1,1,0,0,1,6,0
3752,1,1,0,0,1,6,40
3751,1,1,0,0,1,6,50
3750,1,1,0,0,1,6,60
3749,1,1,0,0,1,6,70
3748,1,1,0,0,1,6,80
3747,1,1,0,0,1,6,90
3746,1,1,0,0,1,6,100
3745,1,1,0,0,1,6,101
3744,1,1,0,0,1,5,0
3743,1,1,0,0,1,5,40
3742,1,1,0,0,1,5,50
3741,1,1,0,0,1,5,60
3740,1,1,0,0,1,5,70
3739,1,1,0,0,1,5,80
3738,1,1,0,0,1,5,90
3737,1,1,0,0,1,5,100
3736,1,1,0,0,1,5,101
3735,1,1,0,0,1,4,0
3734,1,1,0,0,1,4,40
3733,1,1,0,0,1,4,50
3732,1,1,0,0,1,4,60
3731,1,1,0,0,1,4,70
3730,1,1,0,0,1,4,80
3729,1,1,0,0,1,4,90
3728,1,1,0,0,1,4,100
3727,1,1,0,0,1,4,101
3726,1,1,0,0,1,3,0
3725,1,1,0,0,1,3,40
3724,1,1,0,0,1,3,50
3723,1,1,0,0,1,3,60
3722,1,1,0,0,1,3,70
3721,1,1,0,0,1,3,80
3720,1,1,0,0,1,3,90
3719,1,1,0,0,1,3,100
3718,1,1,0,0,1,3,101
3717,1,1,0,0,1,2,0
3716,1,1,0,0,1,2,40
3715,1,1,0,0,1,2,50
3714,1,1,0,0,1,2,60
3713,1,1,0,0,1,2,70
3712,1,1,0,0,1,2,80
3711,1,1,0,0,1,2,90
3710,1,1,0,0,1,2,100
3709,1,1,0,0,1,2,101
3708,1,1,0,0,1,1,0
3707,1,1,0,0,1,1,40
3706,1,1,0,0,1,1,50
3705,1,1,0,0,1,1,60
3704,1,1,0,0,1,1,70
3703,1,1,0,0,1,1,80
3702,1,1,0,0,1,1,90
3701,1,1,0,0,1,1,100
3700,1,1,0,0,1,1,101
3699,1,1,0,0,1,0,0
3698,1,1,0,0,1,0,40
3697,1,1,0,0,1,0,50
3696,1,1,0,0,1,0,60
3695,1,1,0,0,1,0,70
3694,1,1,0,0,1,0,80
3693,1,1,0,0,1,0,90
3692,1,1,0,0,1,0,100
3691,1,1,0,0,1,0,101
3690,1,1,0,0,0,9,0
3689,1,1,0,0,0,9,40
3688,1,1,0,0,0,9,50
3687,1,1,0,0,0,9,60
3686,1,1,0,0,0,9,70
3685,1,1,0,0,0,9,80
3684,1,1,0,0,0,9,90
3683,1,1,0,0,0,9,100
3682,1,1,0,0,0,9,101
3681,1,1,0,0,0,8,0
3680,1,1,0,0,0,8,40
3679,1,1,0,0,0,8,50
3678,1,1,0,0,0,8,60
3677,1,1,0,0,0,8,70
3676,1,1,0,0,0,8,80
3675,1,1,0,0,0,8,90
3674,1,1,0,0,0,8,100
3673,1,1,0,0,0,8,101
3672,1,1,0,0,0,7,0
3671,1,1,0,0,0,7,40
3670,1,1,0,0,0,7,50
3669,1,1,0,0,0,7,60
3668,1,1,0,0,0,7,70
3667,1,1,0,0,0,7,80
3666,1,1,0,0,0,7,90
3665,1,1,0,0,0,7,100
3664,1,1,0,0,0,7,101
3663,1,1,0,0,0,6,0
3662,1,1,0,0,0,6,40
3661,1,1,0,0,0,6,50
3660,1,1,0,0,0,6,60
3659,1,1,0,0,0,6,70
3658,1,1,0,0,0,6,80
3657,1,1,0,0,0,6,90
3656,1,1,0,0,0,6,100
3655,1,1,0,0,0,6,101
3654,1,1,0,0,0,5,0
3653,1,1,0,0,0,5,40
3652,1,1,0,0,0,5,50
3651,1,1,0,0,0,5,60
3650,1,1,0,0,0,5,70
3649,1,1,0,0,0,5,80
3648,1,1,0,0,0,5,90
3647,1,1,0,0,0,5,100
3646,1,1,0,0,0,5,101
3645,1,1,0,0,0,4,0
3644,1,1,0,0,0,4,40
3643,1,1,0,0,0,4,50
3642,1,1,0,0,0,4,60
3641,1,1,0,0,0,4,70
3640,1,1,0,0,0,4,80
3639,1,1,0,0,0,4,90
3638,1,1,0,0,0,4,100
3637,1,1,0,0,0,4,101
3636,1,1,0,0,0,3,0
3635,1,1,0,0,0,3,40
3634,1,1,0,0,0,3,50
3633,1,1,0,0,0,3,60
3632,1,1,0,0,0,3,70
3631,1,1,0,0,0,3,80
3630,1,1,0,0,0,3,90
3629,1,1,0,0,0,3,100
3628,1,1,0,0,0,3,101
3627,1,1,0,0,0,2,0
3626,1,1,0,0,0,2,40
3625,1,1,0,0,0,2,50
3624,1,1,0,0,0,2,60
3623,1,1,0,0,0,2,70
3622,1,1,0,0,0,2,80
3621,1,1,0,0,0,2,90
3620,1,1,0,0,0,2,100
3619,1,1,0,0,0,2,101
3618,1,1,0,0,0,1,0
3617,1,1,0,0,0,1,40
3616,1,1,0,0,0,1,50
3615,1,1,0,0,0,1,60
3614,1,1,0,0,0,1,70
3613,1,1,0,0,0,1,80
3612,1,1,0,0,0,1,90
3611,1,1,0,0,0,1,100
3610,1,1,0,0,0,1,101
3609,1,1,0,0,0,0,0
3608,1,1,0,0,0,0,40
3607,1,1,0,0,0,0,50
3606,1,1,0,0,0,0,60
3605,1,1,0,0,0,0,70
3604,1,1,0,0,0,0,80
3603,1,1,0,0,0,0,90
3602,1,1,0,0,0,0,100
3601,1,1,0,0,0,0,101
3600,1,0,1,1,8,9,0
3599,1,0,1,1,8,9,40
3598,1,0,1,1,8,9,50
3597,1,0,1,1,8,9,60
3596,1,0,1,1,8,9,70
3595,1,0,1,1,8,9,80
3594,1,0,1,1,8,9,90
3593,1,0,1,1,8,9,100
3592,1,0,1,1,8,9,101
3591,1,0,1,1,8,8,0
3590,1,0,1,1,8,8,40
3589,1,0,1,1,8,8,50
3588,1,0,1,1,8,8,60
3587,1,0,1,1,8,8,70
3586,1,0,1,1,8,8,80
3585,1,0,1,1,8,8,90
3584,1,0,1,1,8,8,100
3583,1,0,1,1,8,8,101
3582,1,0,1,1,8,7,0
3581,1,0,1,1,8,7,40
3580,1,0,1,1,8,7,50
3579,1,0,1,1,8,7,60
3578,1,0,1,1,8,7,70
3577,1,0,1,1,8,7,80
3576,1,0,1,1,8,7,90
3575,1,0,1,1,8,7,100
3574,1,0,1,1,8,7,101
3573,1,0,1,1,8,6,0
3572,1,0,1,1,8,6,40
3571,1,0,1,1,8,6,50
3570,1,0,1,1,8,6,60
3569,1,0,1,1,8,6,70
3568,1,0,1,1,8,6,80
3567,1,0,1,1,8,6,90
3566,1,0,1,1,8,6,100
3565,1,0,1,1,8,6,101
3564,1,0,1,1,8,5,0
3563,1,0,1,1,8,5,40
3562,1,0,1,1,8,5,50
3561,1,0,1,1,8,5,60
3560,1,0,1,1,8,5,70
3559,1,0,1,1,8,5,80
3558,1,0,1,1,8,5,90
3557,1,0,1,1,8,5,100
3556,1,0,1,1,8,5,101
3555,1,0,1,1,8,4,0
3554,1,0,1,1,8,4,40
3553,1,0,1,1,8,4,50
3552,1,0,1,1,8,4,60
3551,1,0,1,1,8,4,70
3550,1,0,1,1,8,4,80
3549,1,0,1,1,8,4,90
3548,1,0,1,1,8,4,100
3547,1,0,1,1,8,4,101
3546,1,0,1,1,8,3,0
3545,1,0,1,1,8,3,40
3544,1,0,1,1,8,3,50
3543,1,0,1,1,8,3,60
3542,1,0,1,1,8,3,70
3541,1,0,1,1,8,3,80
3540,1,0,1,1,8,3,90
3539,1,0,1,1,8,3,100
3538,1,0,1,1,8,3,101
3537,1,0,1,1,8,2,0
3536,1,0,1,1,8,2,40
3535,1,0,1,1,8,2,50
3534,1,0,1,1,8,2,60
3533,1,0,1,1,8,2,70
3532,1,0,1,1,8,2,80
3531,1,0,1,1,8,2,90
3530,1,0,1,1,8,2,100
3529,1,0,1,1,8,2,101
3528,1,0,1,1,8,1,0
3527,1,0,1,1,8,1,40
3526,1,0,1,1,8,1,50
3525,1,0,1,1,8,1,60
3524,1,0,1,1,8,1,70
3523,1,0,1,1,8,1,80
3522,1,0,1,1,8,1,90
3521,1,0,1,1,8,1,100
3520,1,0,1,1,8,1,101
3519,1,0,1,1,8,0,0
3518,1,0,1,1,8,0,40
3517,1,0,1,1,8,0,50
3516,1,0,1,1,8,0,60
3515,1,0,1,1,8,0,70
3514,1,0,1,1,8,0,80
3513,1,0,1,1,8,0,90
3512,1,0,1,1,8,0,100
3511,1,0,1,1,8,0,101
3510,1,0,1,1,7,9,0
3509,1,0,1,1,7,9,40
3508,1,0,1,1,7,9,50
3507,1,0,1,1,7,9,60
3506,1,0,1,1,7,9,70
3505,1,0,1,1,7,9,80
3504,1,0,1,1,7,9,90
3503,1,0,1,1,7,9,100
3502,1,0,1,1,7,9,101
3501,1,0,1,1,7,8,0
3500,1,0,1,1,7,8,40
3499,1,0,1,1,7,8,50
3498,1,0,1,1,7,8,60
3497,1,0,1,1,7,8,70
3496,1,0,1,1,7,8,80
3495,1,0,1,1,7,8,90
3494,1,0,1,1,7,8,100
3493,1,0,1,1,7,8,101
3492,1,0,1,1,7,7,0
3491,1,0,1,1,7,7,40
3490,1,0,1,1,7,7,50
3489,1,0,1,1,7,7,60
3488,1,0,1,1,7,7,70
3487,1,0,1,1,7,7,80
3486,1,0,1,1,7,7,90
3485,1,0,1,1,7,7,100
3484,1,0,1,1,7,7,101
3483,1,0,1,1,7,6,0
3482,1,0,1,1,7,6,40
3481,1,0,1,1,7,6,50
3480,1,0,1,1,7,6,60
3479,1,0,1,1,7,6,70
3478,1,0,1,1,7,6,80
3477,1,0,1,1,7,6,90
3476,1,0,1,1,7,6,100
3475,1,0,1,1,7,6,101
3474,1,0,1,1,7,5,0
3473,1,0,1,1,7,5,40
3472,1,0,1,1,7,5,50
3471,1,0,1,1,7,5,60
3470,1,0,1,1,7,5,70
3469,1,0,1,1,7,5,80
3468,1,0,1,1,7,5,90
3467,1,0,1,1,7,5,100
3466,1,0,1,1,7,5,101
3465,1,0,1,1,7,4,0
3464,1,0,1,1,7,4,40
3463,1,0,1,1,7,4,50
3462,1,0,1,1,7,4,60
3461,1,0,1,1,7,4,70
3460,1,0,1,1,7,4,80
3459,1,0,1,1,7,4,90
3458,1,0,1,1,7,4,100
3457,1,0,1,1,7,4,101
3456,1,0,1,1,7,3,0
3455,1,0,1,1,7,3,40
3454,1,0,1,1,7,3,50
3453,1,0,1,1,7,3,60
3452,1,0,1,1,7,3,70
3451,1,0,1,1,7,3,80
3450,1,0,1,1,7,3,90
3449,1,0,1,1,7,3,100
3448,1,0,1,1,7,3,101
3447,1,0,1,1,7,2,0
3446,1,0,1,1,7,2,40
3445,1,0,1,1,7,2,50
3444,1,0,1,1,7,2,60
3443,1,0,1,1,7,2,70
3442,1,0,1,1,7,2,80
3441,1,0,1,1,7,2,90
3440,1,0,1,1,7,2,100
3439,1,0,1,1,7,2,101
3438,1,0,1,1,7,1,0
3437,1,0,1,1,7,1,40
3436,1,0,1,1,7,1,50
3435,1,0,1,1,7,1,60
3434,1,0,1,1,7,1,70
3433,1,0,1,1,7,1,80
3432,1,0,1,1,7,1,90
3431,1,0,1,1,7,1,100
3430,1,0,1,1,7,1,101
3429,1,0,1,1,7,0,0
3428,1,0,1,1,7,0,40
3427,1,0,1,1,7,0,50
3426,1,0,1,1,7,0,60
3425,1,0,1,1,7,0,70
3424,1,0,1,1,7,0,80
3423,1,0,1,1,7,0,90
3422,1,0,1,1,7,0,100
3421,1,0,1,1,7,0,101
3420,1,0,1,1,6,9,0
3419,1,0,1,1,6,9,40
3418,1,0,1,1,6,9,50
3417,1,0,1,1,6,9,60
3416,1,0,1,1,6,9,70
3415,1,0,1,1,6,9,80
3414,1,0,1,1,6,9,90
3413,1,0,1,1,6,9,100
3412,1,0,1,1,6,9,101
3411,1,0,1,1,6,8,0
3410,1,0,1,1,6,8,40
3409,1,0,1,1,6,8,50
3408,1,0,1,1,6,8,60
3407,1,0,1,1,6,8,70
3406,1,0,1,1,6,8,80
3405,1,0,1,1,6,8,90
3404,1,0,1,1,6,8,100
3403,1,0,1,1,6,8,101
3402,1,0,1,1,6,7,0
3401,1,0,1,1,6,7,40
3400,1,0,1,1,6,7,50
3399,1,0,1,1,6,7,60
3398,1,0,1,1,6,7,70
3397,1,0,1,1,6,7,80
3396,1,0,1,1,6,7,90
3395,1,0,1,1,6,7,100
3394,1,0,1,1,6,7,101
3393,1,0,1,1,6,6,0
3392,1,0,1,1,6,6,40
3391,1,0,1,1,6,6,50
3390,1,0,1,1,6,6,60
3389,1,0,1,1,6,6,70
3388,1,0,1,1,6,6,80
3387,1,0,1,1,6,6,90
3386,1,0,1,1,6,6,100
3385,1,0,1,1,6,6,101
3384,1,0,1,1,6,5,0
3383,1,0,1,1,6,5,40
3382,1,0,1,1,6,5,50
3381,1,0,1,1,6,5,60
3380,1,0,1,1,6,5,70
3379,1,0,1,1,6,5,80
3378,1,0,1,1,6,5,90
3377,1,0,1,1,6,5,100
3376,1,0,1,1,6,5,101
3375,1,0,1,1,6,4,0
3374,1,0,1,1,6,4,40
3373,1,0,1,1,6,4,50
3372,1,0,1,1,6,4,60
3371,1,0,1,1,6,4,70
3370,1,0,1,1,6,4,80
3369,1,0,1,1,6,4,90
3368,1,0,1,1,6,4,100
3367,1,0,1,1,6,4,101
3366,1,0,1,1,6,3,0
3365,1,0,1,1,6,3,40
3364,1,0,1,1,6,3,50
3363,1,0,1,1,6,3,60
3362,1,0,1,1,6,3,70
3361,1,0,1,1,6,3,80
3360,1,0,1,1,6,3,90
3359,1,0,1,1,6,3,100
3358,1,0,1,1,6,3,101
3357,1,0,1,1,6,2,0
3356,1,0,1,1,6,2,40
3355,1,0,1,1,6,2,50
3354,1,0,1,1,6,2,60
3353,1,0,1,1,6,2,70
3352,1,0,1,1,6,2,80
3351,1,0,1,1,6,2,90
3350,1,0,1,1,6,2,100
3349,1,0,1,1,6,2,101
3348,1,0,1,1,6,1,0
3347,1,0,1,1,6,1,40
3346,1,0,1,1,6,1,50
3345,1,0,1,1,6,1,60
3344,1,0,1,1,6,1,70
3343,1,0,1,1,6,1,80
3342,1,0,1,1,6,1,90
3341,1,0,1,1,6,1,100
3340,1,0,1,1,6,1,101
3339,1,0,1,1,6,0,0
3338,1,0,1,1,6,0,40
3337,1,0,1,1,6,0,50
3336,1,0,1,1,6,0,60
3335,1,0,1,1,6,0,70
3334,1,0,1,1,6,0,80
3333,1,0,1,1,6,0,90
3332,1,0,1,1,6,0,100
3331,1,0,1,1,6,0,101
3330,1,0,1,1,5,9,0
3329,1,0,1,1,5,9,40
3328,1,0,1,1,5,9,50
3327,1,0,1,1,5,9,60
3326,1,0,1,1,5,9,70
3325,1,0,1,1,5,9,80
3324,1,0,1,1,5,9,90
3323,1,0,1,1,5,9,100
3322,1,0,1,1,5,9,101
3321,1,0,1,1,5,8,0
3320,1,0,1,1,5,8,40
3319,1,0,1,1,5,8,50
3318,1,0,1,1,5,8,60
3317,1,0,1,1,5,8,70
3316,1,0,1,1,5,8,80
3315,1,0,1,1,5,8,90
3314,1,0,1,1,5,8,100
3313,1,0,1,1,5,8,101
3312,1,0,1,1,5,7,0
3311,1,0,1,1,5,7,40
3310,1,0,1,1,5,7,50
3309,1,0,1,1,5,7,60
3308,1,0,1,1,5,7,70
3307,1,0,1,1,5,7,80
3306,1,0,1,1,5,7,90
3305,1,0,1,1,5,7,100
3304,1,0,1,1,5,7,101
3303,1,0,1,1,5,6,0
3302,1,0,1,1,5,6,40
3301,1,0,1,1,5,6,50
3300,1,0,1,1,5,6,60
3299,1,0,1,1,5,6,70
3298,1,0,1,1,5,6,80
3297,1,0,1,1,5,6,90
3296,1,0,1,1,5,6,100
3295,1,0,1,1,5,6,101
3294,1,0,1,1,5,5,0
3293,1,0,1,1,5,5,40
3292,1,0,1,1,5,5,50
3291,1,0,1,1,5,5,60
3290,1,0,1,1,5,5,70
3289,1,0,1,1,5,5,80
3288,1,0,1,1,5,5,90
3287,1,0,1,1,5,5,100
3286,1,0,1,1,5,5,101
3285,1,0,1,1,5,4,0
3284,1,0,1,1,5,4,40
3283,1,0,1,1,5,4,50
3282,1,0,1,1,5,4,60
3281,1,0,1,1,5,4,70
3280,1,0,1,1,5,4,80
3279,1,0,1,1,5,4,90
3278,1,0,1,1,5,4,100
3277,1,0,1,1,5,4,101
3276,1,0,1,1,5,3,0
3275,1,0,1,1,5,3,40
3274,1,0,1,1,5,3,50
3273,1,0,1,1,5,3,60
3272,1,0,1,1,5,3,70
3271,1,0,1,1,5,3,80
3270,1,0,1,1,5,3,90
3269,1,0,1,1,5,3,100
3268,1,0,1,1,5,3,101
3267,1,0,1,1,5,2,0
3266,1,0,1,1,5,2,40
3265,1,0,1,1,5,2,50
3264,1,0,1,1,5,2,60
3263,1,0,1,1,5,2,70
3262,1,0,1,1,5,2,80
3261,1,0,1,1,5,2,90
3260,1,0,1,1,5,2,100
3259,1,0,1,1,5,2,101
3258,1,0,1,1,5,1,0
3257,1,0,1,1,5,1,40
3256,1,0,1,1,5,1,50
3255,1,0,1,1,5,1,60
3254,1,0,1,1,5,1,70
3253,1,0,1,1,5,1,80
3252,1,0,1,1,5,1,90
3251,1,0,1,1,5,1,100
3250,1,0,1,1,5,1,101
3249,1,0,1,1,5,0,0
3248,1,0,1,1,5,0,40
3247,1,0,1,1,5,0,50
3246,1,0,1,1,5,0,60
3245,1,0,1,1,5,0,70
3244,1,0,1,1,5,0,80
3243,1,0,1,1,5,0,90
3242,1,0,1,1,5,0,100
3241,1,0,1,1,5,0,101
3240,1,0,1,1,4,9,0
3239,1,0,1,1,4,9,40
3238,1,0,1,1,4,9,50
3237,1,0,1,1,4,9,60
3236,1,0,1,1,4,9,70
3235,1,0,1,1,4,9,80
3234,1,0,1,1,4,9,90
3233,1,0,1,1,4,9,100
3232,1,0,1,1,4,9,101
3231,1,0,1,1,4,8,0
3230,1,0,1,1,4,8,40
3229,1,0,1,1,4,8,50
3228,1,0,1,1,4,8,60
3227,1,0,1,1,4,8,70
3226,1,0,1,1,4,8,80
3225,1,0,1,1,4,8,90
3224,1,0,1,1,4,8,100
3223,1,0,1,1,4,8,101
3222,1,0,1,1,4,7,0
3221,1,0,1,1,4,7,40
3220,1,0,1,1,4,7,50
3219,1,0,1,1,4,7,60
3218,1,0,1,1,4,7,70
3217,1,0,1,1,4,7,80
3216,1,0,1,1,4,7,90
3215,1,0,1,1,4,7,100
3214,1,0,1,1,4,7,101
3213,1,0,1,1,4,6,0
3212,1,0,1,1,4,6,40
3211,1,0,1,1,4,6,50
3210,1,0,1,1,4,6,60
3209,1,0,1,1,4,6,70
3208,1,0,1,1,4,6,80
3207,1,0,1,1,4,6,90
3206,1,0,1,1,4,6,100
3205,1,0,1,1,4,6,101
3204,1,0,1,1,4,5,0
3203,1,0,1,1,4,5,40
3202,1,0,1,1,4,5,50
3201,1,0,1,1,4,5,60
3200,1,0,1,1,4,5,70
3199,1,0,1,1,4,5,80
3198,1,0,1,1,4,5,90
3197,1,0,1,1,4,5,100
3196,1,0,1,1,4,5,101
3195,1,0,1,1,4,4,0
3194,1,0,1,1,4,4,40
3193,1,0,1,1,4,4,50
3192,1,0,1,1,4,4,60
3191,1,0,1,1,4,4,70
3190,1,0,1,1,4,4,80
3189,1,0,1,1,4,4,90
3188,1,0,1,1,4,4,100
3187,1,0,1,1,4,4,101
3186,1,0,1,1,4,3,0
3185,1,0,1,1,4,3,40
3184,1,0,1,1,4,3,50
3183,1,0,1,1,4,3,60
3182,1,0,1,1,4,3,70
3181,1,0,1,1,4,3,80
3180,1,0,1,1,4,3,90
3179,1,0,1,1,4,3,100
3178,1,0,1,1,4,3,101
3177,1,0,1,1,4,2,0
3176,1,0,1,1,4,2,40
3175,1,0,1,1,4,2,50
3174,1,0,1,1,4,2,60
3173,1,0,1,1,4,2,70
3172,1,0,1,1,4,2,80
3171,1,0,1,1,4,2,90
3170,1,0,1,1,4,2,100
3169,1,0,1,1,4,2,101
3168,1,0,1,1,4,1,0
3167,1,0,1,1,4,1,40
3166,1,0,1,1,4,1,50
3165,1,0,1,1,4,1,60
3164,1,0,1,1,4,1,70
3163,1,0,1,1,4,1,80
3162,1,0,1,1,4,1,90
3161,1,0,1,1,4,1,100
3160,1,0,1,1,4,1,101
3159,1,0,1,1,4,0,0
3158,1,0,1,1,4,0,40
3157,1,0,1,1,4,0,50
3156,1,0,1,1,4,0,60
3155,1,0,1,1,4,0,70
3154,1,0,1,1,4,0,80
3153,1,0,1,1,4,0,90
3152,1,0,1,1,4,0,100
3151,1,0,1,1,4,0,101
3150,1,0,1,1,3,9,0
3149,1,0,1,1,3,9,40
3148,1,0,1,1,3,9,50
3147,1,0,1,1,3,9,60
3146,1,0,1,1,3,9,70
3145,1,0,1,1,3,9,80
3144,1,0,1,1,3,9,90
3143,1,0,1,1,3,9,100
3142,1,0,1,1,3,9,101
3141,1,0,1,1,3,8,0
3140,1,0,1,1,3,8,40
3139,1,0,1,1,3,8,50
3138,1,0,1,1,3,8,60
3137,1,0,1,1,3,8,70
3136,1,0,1,1,3,8,80
3135,1,0,1,1,3,8,90
3134,1,0,1,1,3,8,100
3133,1,0,1,1,3,8,101
3132,1,0,1,1,3,7,0
3131,1,0,1,1,3,7,40
3130,1,0,1,1,3,7,50
3129,1,0,1,1,3,7,60
3128,1,0,1,1,3,7,70
3127,1,0,1,1,3,7,80
3126,1,0,1,1,3,7,90
3125,1,0,1,1,3,7,100
3124,1,0,1,1,3,7,101
3123,1,0,1,1,3,6,0
3122,1,0,1,1,3,6,40
3121,1,0,1,1,3,6,50
3120,1,0,1,1,3,6,60
3119,1,0,1,1,3,6,70
3118,1,0,1,1,3,6,80
3117,1,0,1,1,3,6,90
3116,1,0,1,1,3,6,100
3115,1,0,1,1,3,6,101
3114,1,0,1,1,3,5,0
3113,1,0,1,1,3,5,40
3112,1,0,1,1,3,5,50
3111,1,0,1,1,3,5,60
3110,1,0,1,1,3,5,70
3109,1,0,1,1,3,5,80
3108,1,0,1,1,3,5,90
3107,1,0,1,1,3,5,100
3106,1,0,1,1,3,5,101
3105,1,0,1,1,3,4,0
3104,1,0,1,1,3,4,40
3103,1,0,1,1,3,4,50
3102,1,0,1,1,3,4,60
3101,1,0,1,1,3,4,70
3100,1,0,1,1,3,4,80
3099,1,0,1,1,3,4,90
3098,1,0,1,1,3,4,100
3097,1,0,1,1,3,4,101
3096,1,0,1,1,3,3,0
3095,1,0,1,1,3,3,40
3094,1,0,1,1,3,3,50
3093,1,0,1,1,3,3,60
3092,1,0,1,1,3,3,70
3091,1,0,1,1,3,3,80
3090,1,0,1,1,3,3,90
3089,1,0,1,1,3,3,100
3088,1,0,1,1,3,3,101
3087,1,0,1,1,3,2,0
3086,1,0,1,1,3,2,40
3085,1,0,1,1,3,2,50
3084,1,0,1,1,3,2,60
3083,1,0,1,1,3,2,70
3082,1,0,1,1,3,2,80
3081,1,0,1,1,3,2,90
3080,1,0,1,1,3,2,100
3079,1,0,1,1,3,2,101
3078,1,0,1,1,3,1,0
3077,1,0,1,1,3,1,40
3076,1,0,1,1,3,1,50
3075,1,0,1,1,3,1,60
3074,1,0,1,1,3,1,70
3073,1,0,1,1,3,1,80
3072,1,0,1,1,3,1,90
3071,1,0,1,1,3,1,100
3070,1,0,1,1,3,1,101
3069,1,0,1,1,3,0,0
3068,1,0,1,1,3,0,40
3067,1,0,1,1,3,0,50
3066,1,0,1,1,3,0,60
3065,1,0,1,1,3,0,70
3064,1,0,1,1,3,0,80
3063,1,0,1,1,3,0,90
3062,1,0,1,1,3,0,100
3061,1,0,1,1,3,0,101
3060,1,0,1,1,2,9,0
3059,1,0,1,1,2,9,40
3058,1,0,1,1,2,9,50
3057,1,0,1,1,2,9,60
3056,1,0,1,1,2,9,70
3055,1,0,1,1,2,9,80
3054,1,0,1,1,2,9,90
3053,1,0,1,1,2,9,100
3052,1,0,1,1,2,9,101
3051,1,0,1,1,2,8,0
3050,1,0,1,1,2,8,40
3049,1,0,1,1,2,8,50
3048,1,0,1,1,2,8,60
3047,1,0,1,1,2,8,70
3046,1,0,1,1,2,8,80
3045,1,0,1,1,2,8,90
3044,1,0,1,1,2,8,100
3043,1,0,1,1,2,8,101
3042,1,0,1,1,2,7,0
3041,1,0,1,1,2,7,40
3040,1,0,1,1,2,7,50
3039,1,0,1,1,2,7,60
3038,1,0,1,1,2,7,70
3037,1,0,1,1,2,7,80
3036,1,0,1,1,2,7,90
3035,1,0,1,1,2,7,100
3034,1,0,1,1,2,7,101
3033,1,0,1,1,2,6,0
3032,1,0,1,1,2,6,40
3031,1,0,1,1,2,6,50
3030,1,0,1,1,2,6,60
3029,1,0,1,1,2,6,70
3028,1,0,1,1,2,6,80
3027,1,0,1,1,2,6,90
3026,1,0,1,1,2,6,100
3025,1,0,1,1,2,6,101
3024,1,0,1,1,2,5,0
3023,1,0,1,1,2,5,40
3022,1,0,1,1,2,5,50
3021,1,0,1,1,2,5,60
3020,1,0,1,1,2,5,70
3019,1,0,1,1,2,5,80
3018,1,0,1,1,2,5,90
3017,1,0,1,1,2,5,100
3016,1,0,1,1,2,5,101
3015,1,0,1,1,2,4,0
3014,1,0,1,1,2,4,40
3013,1,0,1,1,2,4,50
3012,1,0,1,1,2,4,60
3011,1,0,1,1,2,4,70
3010,1,0,1,1,2,4,80
3009,1,0,1,1,2,4,90
3008,1,0,1,1,2,4,100
3007,1,0,1,1,2,4,101
3006,1,0,1,1,2,3,0
3005,1,0,1,1,2,3,40
3004,1,0,1,1,2,3,50
3003,1,0,1,1,2,3,60
3002,1,0,1,1,2,3,70
3001,1,0,1,1,2,3,80
3000,1,0,1,1,2,3,90
2999,1,0,1,1,2,3,100
2998,1,0,1,1,2,3,101
2997,1,0,1,1,2,2,0
2996,1,0,1,1,2,2,40
2995,1,0,1,1,2,2,50
2994,1,0,1,1,2,2,60
2993,1,0,1,1,2,2,70
2992,1,0,1,1,2,2,80
2991,1,0,1,1,2,2,90
2990,1,0,1,1,2,2,100
2989,1,0,1,1,2,2,101
2988,1,0,1,1,2,1,0
2987,1,0,1,1,2,1,40
2986,1,0,1,1,2,1,50
2985,1,0,1,1,2,1,60
2984,1,0,1,1,2,1,70
2983,1,0,1,1,2,1,80
2982,1,0,1,1,2,1,90
2981,1,0,1,1,2,1,100
2980,1,0,1,1,2,1,101
2979,1,0,1,1,2,0,0
2978,1,0,1,1,2,0,40
2977,1,0,1,1,2,0,50
2976,1,0,1,1,2,0,60
2975,1,0,1,1,2,0,70
2974,1,0,1,1,2,0,80
2973,1,0,1,1,2,0,90
2972,1,0,1,1,2,0,100
2971,1,0,1,1,2,0,101
2970,1,0,1,1,1,9,0
2969,1,0,1,1,1,9,40
2968,1,0,1,1,1,9,50
2967,1,0,1,1,1,9,60
2966,1,0,1,1,1,9,70
2965,1,0,1,1,1,9,80
2964,1,0,1,1,1,9,90
2963,1,0,1,1,1,9,100
2962,1,0,1,1,1,9,101
2961,1,0,1,1,1,8,0
2960,1,0,1,1,1,8,40
2959,1,0,1,1,1,8,50
2958,1,0,1,1,1,8,60
2957,1,0,1,1,1,8,70
2956,1,0,1,1,1,8,80
2955,1,0,1,1,1,8,90
2954,1,0,1,1,1,8,100
2953,1,0,1,1,1,8,101
2952,1,0,1,1,1,7,0
2951,1,0,1,1,1,7,40
2950,1,0,1,1,1,7,50
2949,1,0,1,1,1,7,60
2948,1,0,1,1,1,7,70
2947,1,0,1,1,1,7,80
2946,1,0,1,1,1,7,90
2945,1,0,1,1,1,7,100
2944,1,0,1,1,1,7,101
2943,1,0,1,1,1,6,0
2942,1,0,1,1,1,6,40
2941,1,0,1,1,1,6,50
2940,1,0,1,1,1,6,60
2939,1,0,1,1,1,6,70
2938,1,0,1,1,1,6,80
2937,1,0,1,1,1,6,90
2936,1,0,1,1,1,6,100
2935,1,0,1,1,1,6,101
2934,1,0,1,1,1,5,0
2933,1,0,1,1,1,5,40
2932,1,0,1,1,1,5,50
2931,1,0,1,1,1,5,60
2930,1,0,1,1,1,5,70
2929,1,0,1,1,1,5,80
2928,1,0,1,1,1,5,90
2927,1,0,1,1,1,5,100
2926,1,0,1,1,1,5,101
2925,1,0,1,1,1,4,0
2924,1,0,1,1,1,4,40
2923,1,0,1,1,1,4,50
2922,1,0,1,1,1,4,60
2921,1,0,1,1,1,4,70
2920,1,0,1,1,1,4,80
2919,1,0,1,1,1,4,90
2918,1,0,1,1,1,4,100
2917,1,0,1,1,1,4,101
2916,1,0,1,1,1,3,0
2915,1,0,1,1,1,3,40
2914,1,0,1,1,1,3,50
2913,1,0,1,1,1,3,60
2912,1,0,1,1,1,3,70
2911,1,0,1,1,1,3,80
2910,1,0,1,1,1,3,90
2909,1,0,1,1,1,3,100
2908,1,0,1,1,1,3,101
2907,1,0,1,1,1,2,0
2906,1,0,1,1,1,2,40
2905,1,0,1,1,1,2,50
2904,1,0,1,1,1,2,60
2903,1,0,1,1,1,2,70
2902,1,0,1,1,1,2,80
2901,1,0,1,1,1,2,90
2900,1,0,1,1,1,2,100
2899,1,0,1,1,1,2,101
2898,1,0,1,1,1,1,0
2897,1,0,1,1,1,1,40
2896,1,0,1,1,1,1,50
2895,1,0,1,1,1,1,60
2894,1,0,1,1,1,1,70
2893,1,0,1,1,1,1,80
2892,1,0,1,1,1,1,90
2891,1,0,1,1,1,1,100
2890,1,0,1,1,1,1,101
2889,1,0,1,1,1,0,0
2888,1,0,1,1,1,0,40
2887,1,0,1,1,1,0,50
2886,1,0,1,1,1,0,60
2885,1,0,1,1,1,0,70
2884,1,0,1,1,1,0,80
2883,1,0,1,1,1,0,90
2882,1,0,1,1,1,0,100
2881,1,0,1,1,1,0,101
2880,1,0,1,1,0,9,0
2879,1,0,1,1,0,9,40
2878,1,0,1,1,0,9,50
2877,1,0,1,1,0,9,60
2876,1,0,1,1,0,9,70
2875,1,0,1,1,0,9,80
2874,1,0,1,1,0,9,90
2873,1,0,1,1,0,9,100
2872,1,0,1,1,0,9,101
2871,1,0,1,1,0,8,0
2870,1,0,1,1,0,8,40
2869,1,0,1,1,0,8,50
2868,1,0,1,1,0,8,60
2867,1,0,1,1,0,8,70
2866,1,0,1,1,0,8,80
2865,1,0,1,1,0,8,90
2864,1,0,1,1,0,8,100
2863,1,0,1,1,0,8,101
2862,1,0,1,1,0,7,0
2861,1,0,1,1,0,7,40
2860,1,0,1,1,0,7,50
2859,1,0,1,1,0,7,60
2858,1,0,1,1,0,7,70
2857,1,0,1,1,0,7,80
2856,1,0,1,1,0,7,90
2855,1,0,1,1,0,7,100
2854,1,0,1,1,0,7,101
2853,1,0,1,1,0,6,0
2852,1,0,1,1,0,6,40
2851,1,0,1,1,0,6,50
2850,1,0,1,1,0,6,60
2849,1,0,1,1,0,6,70
2848,1,0,1,1,0,6,80
2847,1,0,1,1,0,6,90
2846,1,0,1,1,0,6,100
2845,1,0,1,1,0,6,101
2844,1,0,1,1,0,5,0
2843,1,0,1,1,0,5,40
2842,1,0,1,1,0,5,50
2841,1,0,1,1,0,5,60
2840,1,0,1,1,0,5,70
2839,1,0,1,1,0,5,80
2838,1,0,1,1,0,5,90
2837,1,0,1,1,0,5,100
2836,1,0,1,1,0,5,101
2835,1,0,1,1,0,4,0
2834,1,0,1,1,0,4,40
2833,1,0,1,1,0,4,50
2832,1,0,1,1,0,4,60
2831,1,0,1,1,0,4,70
2830,1,0,1,1,0,4,80
2829,1,0,1,1,0,4,90
2828,1,0,1,1,0,4,100
2827,1,0,1,1,0,4,101
2826,1,0,1,1,0,3,0
2825,1,0,1,1,0,3,40
2824,1,0,1,1,0,3,50
2823,1,0,1,1,0,3,60
2822,1,0,1,1,0,3,70
2821,1,0,1,1,0,3,80
2820,1,0,1,1,0,3,90
2819,1,0,1,1,0,3,100
2818,1,0,1,1,0,3,101
2817,1,0,1,1,0,2,0
2816,1,0,1,1,0,2,40
2815,1,0,1,1,0,2,50
2814,1,0,1,1,0,2,60
2813,1,0,1,1,0,2,70
2812,1,0,1,1,0,2,80
2811,1,0,1,1,0,2,90
2810,1,0,1,1,0,2,100
2809,1,0,1,1,0,2,101
2808,1,0,1,1,0,1,0
2807,1,0,1,1,0,1,40
2806,1,0,1,1,0,1,50
2805,1,0,1,1,0,1,60
2804,1,0,1,1,0,1,70
2803,1,0,1,1,0,1,80
2802,1,0,1,1,0,1,90
2801,1,0,1,1,0,1,100
2800,1,0,1,1,0,1,101
2799,1,0,1,1,0,0,0
2798,1,0,1,1,0,0,40
2797,1,0,1,1,0,0,50
2796,1,0,1,1,0,0,60
2795,1,0,1,1,0,0,70
2794,1,0,1,1,0,0,80
2793,1,0,1,1,0,0,90
2792,1,0,1,1,0,0,100
2791,1,0,1,1,0,0,101
2790,1,0,1,0,8,9,0
2789,1,0,1,0,8,9,40
2788,1,0,1,0,8,9,50
2787,1,0,1,0,8,9,60
2786,1,0,1,0,8,9,70
2785,1,0,1,0,8,9,80
2784,1,0,1,0,8,9,90
2783,1,0,1,0,8,9,100
2782,1,0,1,0,8,9,101
2781,1,0,1,0,8,8,0
2780,1,0,1,0,8,8,40
2779,1,0,1,0,8,8,50
2778,1,0,1,0,8,8,60
2777,1,0,1,0,8,8,70
2776,1,0,1,0,8,8,80
2775,1,0,1,0,8,8,90
2774,1,0,1,0,8,8,100
2773,1,0,1,0,8,8,101
2772,1,0,1,0,8,7,0
2771,1,0,1,0,8,7,40
2770,1,0,1,0,8,7,50
2769,1,0,1,0,8,7,60
2768,1,0,1,0,8,7,70
2767,1,0,1,0,8,7,80
2766,1,0,1,0,8,7,90
2765,1,0,1,0,8,7,100
2764,1,0,1,0,8,7,101
2763,1,0,1,0,8,6,0
2762,1,0,1,0,8,6,40
2761,1,0,1,0,8,6,50
2760,1,0,1,0,8,6,60
2759,1,0,1,0,8,6,70
2758,1,0,1,0,8,6,80
2757,1,0,1,0,8,6,90
2756,1,0,1,0,8,6,100
2755,1,0,1,0,8,6,101
2754,1,0,1,0,8,5,0
2753,1,0,1,0,8,5,40
2752,1,0,1,0,8,5,50
2751,1,0,1,0,8,5,60
2750,1,0,1,0,8,5,70
2749,1,0,1,0,8,5,80
2748,1,0,1,0,8,5,90
2747,1,0,1,0,8,5,100
2746,1,0,1,0,8,5,101
2745,1,0,1,0,8,4,0
2744,1,0,1,0,8,4,40
2743,1,0,1,0,8,4,50
2742,1,0,1,0,8,4,60
2741,1,0,1,0,8,4,70
2740,1,0,1,0,8,4,80
2739,1,0,1,0,8,4,90
2738,1,0,1,0,8,4,100
2737,1,0,1,0,8,4,101
2736,1,0,1,0,8,3,0
2735,1,0,1,0,8,3,40
2734,1,0,1,0,8,3,50
2733,1,0,1,0,8,3,60
2732,1,0,1,0,8,3,70
2731,1,0,1,0,8,3,80
2730,1,0,1,0,8,3,90
2729,1,0,1,0,8,3,100
2728,1,0,1,0,8,3,101
2727,1,0,1,0,8,2,0
2726,1,0,1,0,8,2,40
2725,1,0,1,0,8,2,50
2724,1,0,1,0,8,2,60
2723,1,0,1,0,8,2,70
2722,1,0,1,0,8,2,80
2721,1,0,1,0,8,2,90
2720,1,0,1,0,8,2,100
2719,1,0,1,0,8,2,101
2718,1,0,1,0,8,1,0
2717,1,0,1,0,8,1,40
2716,1,0,1,0,8,1,50
2715,1,0,1,0,8,1,60
2714,1,0,1,0,8,1,70
2713,1,0,1,0,8,1,80
2712,1,0,1,0,8,1,90
2711,1,0,1,0,8,1,100
2710,1,0,1,0,8,1,101
2709,1,0,1,0,8,0,0
2708,1,0,1,0,8,0,40
2707,1,0,1,0,8,0,50
2706,1,0,1,0,8,0,60
2705,1,0,1,0,8,0,70
2704,1,0,1,0,8,0,80
2703,1,0,1,0,8,0,90
2702,1,0,1,0,8,0,100
2701,1,0,1,0,8,0,101
2700,1,0,1,0,7,9,0
2699,1,0,1,0,7,9,40
2698,1,0,1,0,7,9,50
2697,1,0,1,0,7,9,60
2696,1,0,1,0,7,9,70
2695,1,0,1,0,7,9,80
2694,1,0,1,0,7,9,90
2693,1,0,1,0,7,9,100
2692,1,0,1,0,7,9,101
2691,1,0,1,0,7,8,0
2690,1,0,1,0,7,8,40
2689,1,0,1,0,7,8,50
2688,1,0,1,0,7,8,60
2687,1,0,1,0,7,8,70
2686,1,0,1,0,7,8,80
2685,1,0,1,0,7,8,90
2684,1,0,1,0,7,8,100
2683,1,0,1,0,7,8,101
2682,1,0,1,0,7,7,0
2681,1,0,1,0,7,7,40
2680,1,0,1,0,7,7,50
2679,1,0,1,0,7,7,60
2678,1,0,1,0,7,7,70
2677,1,0,1,0,7,7,80
2676,1,0,1,0,7,7,90
2675,1,0,1,0,7,7,100
2674,1,0,1,0,7,7,101
2673,1,0,1,0,7,6,0
2672,1,0,1,0,7,6,40
2671,1,0,1,0,7,6,50
2670,1,0,1,0,7,6,60
2669,1,0,1,0,7,6,70
2668,1,0,1,0,7,6,80
2667,1,0,1,0,7,6,90
2666,1,0,1,0,7,6,100
2665,1,0,1,0,7,6,101
2664,1,0,1,0,7,5,0
2663,1,0,1,0,7,5,40
2662,1,0,1,0,7,5,50
2661,1,0,1,0,7,5,60
2660,1,0,1,0,7,5,70
2659,1,0,1,0,7,5,80
2658,1,0,1,0,7,5,90
2657,1,0,1,0,7,5,100
2656,1,0,1,0,7,5,101
2655,1,0,1,0,7,4,0
2654,1,0,1,0,7,4,40
2653,1,0,1,0,7,4,50
2652,1,0,1,0,7,4,60
2651,1,0,1,0,7,4,70
2650,1,0,1,0,7,4,80
2649,1,0,1,0,7,4,90
2648,1,0,1,0,7,4,100
2647,1,0,1,0,7,4,101
2646,1,0,1,0,7,3,0
2645,1,0,1,0,7,3,40
2644,1,0,1,0,7,3,50
2643,1,0,1,0,7,3,60
2642,1,0,1,0,7,3,70
2641,1,0,1,0,7,3,80
2640,1,0,1,0,7,3,90
2639,1,0,1,0,7,3,100
2638,1,0,1,0,7,3,101
2637,1,0,1,0,7,2,0
2636,1,0,1,0,7,2,40
2635,1,0,1,0,7,2,50
2634,1,0,1,0,7,2,60
2633,1,0,1,0,7,2,70
2632,1,0,1,0,7,2,80
2631,1,0,1,0,7,2,90
2630,1,0,1,0,7,2,100
2629,1,0,1,0,7,2,101
2628,1,0,1,0,7,1,0
2627,1,0,1,0,7,1,40
2626,1,0,1,0,7,1,50
2625,1,0,1,0,7,1,60
2624,1,0,1,0,7,1,70
2623,1,0,1,0,7,1,80
2622,1,0,1,0,7,1,90
2621,1,0,1,0,7,1,100
2620,1,0,1,0,7,1,101
2619,1,0,1,0,7,0,0
2618,1,0,1,0,7,0,40
2617,1,0,1,0,7,0,50
2616,1,0,1,0,7,0,60
2615,1,0,1,0,7,0,70
2614,1,0,1,0,7,0,80
2613,1,0,1,0,7,0,90
2612,1,0,1,0,7,0,100
2611,1,0,1,0,7,0,101
2610,1,0,1,0,6,9,0
2609,1,0,1,0,6,9,40
2608,1,0,1,0,6,9,50
2607,1,0,1,0,6,9,60
2606,1,0,1,0,6,9,70
2605,1,0,1,0,6,9,80
2604,1,0,1,0,6,9,90
2603,1,0,1,0,6,9,100
2602,1,0,1,0,6,9,101
2601,1,0,1,0,6,8,0
2600,1,0,1,0,6,8,40
2599,1,0,1,0,6,8,50
2598,1,0,1,0,6,8,60
2597,1,0,1,0,6,8,70
2596,1,0,1,0,6,8,80
2595,1,0,1,0,6,8,90
2594,1,0,1,0,6,8,100
2593,1,0,1,0,6,8,101
2592,1,0,1,0,6,7,0
2591,1,0,1,0,6,7,40
2590,1,0,1,0,6,7,50
2589,1,0,1,0,6,7,60
2588,1,0,1,0,6,7,70
2587,1,0,1,0,6,7,80
2586,1,0,1,0,6,7,90
2585,1,0,1,0,6,7,100
2584,1,0,1,0,6,7,101
2583,1,0,1,0,6,6,0
2582,1,0,1,0,6,6,40
2581,1,0,1,0,6,6,50
2580,1,0,1,0,6,6,60
2579,1,0,1,0,6,6,70
2578,1,0,1,0,6,6,80
2577,1,0,1,0,6,6,90
2576,1,0,1,0,6,6,100
2575,1,0,1,0,6,6,101
2574,1,0,1,0,6,5,0
2573,1,0,1,0,6,5,40
2572,1,0,1,0,6,5,50
2571,1,0,1,0,6,5,60
2570,1,0,1,0,6,5,70
2569,1,0,1,0,6,5,80
2568,1,0,1,0,6,5,90
2567,1,0,1,0,6,5,100
2566,1,0,1,0,6,5,101
2565,1,0,1,0,6,4,0
2564,1,0,1,0,6,4,40
2563,1,0,1,0,6,4,50
2562,1,0,1,0,6,4,60
2561,1,0,1,0,6,4,70
2560,1,0,1,0,6,4,80
2559,1,0,1,0,6,4,90
2558,1,0,1,0,6,4,100
2557,1,0,1,0,6,4,101
2556,1,0,1,0,6,3,0
2555,1,0,1,0,6,3,40
2554,1,0,1,0,6,3,50
2553,1,0,1,0,6,3,60
2552,1,0,1,0,6,3,70
2551,1,0,1,0,6,3,80
2550,1,0,1,0,6,3,90
2549,1,0,1,0,6,3,100
2548,1,0,1,0,6,3,101
2547,1,0,1,0,6,2,0
2546,1,0,1,0,6,2,40
2545,1,0,1,0,6,2,50
2544,1,0,1,0,6,2,60
2543,1,0,1,0,6,2,70
2542,1,0,1,0,6,2,80
2541,1,0,1,0,6,2,90
2540,1,0,1,0,6,2,100
2539,1,0,1,0,6,2,101
2538,1,0,1,0,6,1,0
2537,1,0,1,0,6,1,40
2536,1,0,1,0,6,1,50
2535,1,0,1,0,6,1,60
2534,1,0,1,0,6,1,70
2533,1,0,1,0,6,1,80
2532,1,0,1,0,6,1,90
2531,1,0,1,0,6,1,100
2530,1,0,1,0,6,1,101
2529,1,0,1,0,6,0,0
2528,1,0,1,0,6,0,40
2527,1,0,1,0,6,0,50
2526,1,0,1,0,6,0,60
2525,1,0,1,0,6,0,70
2524,1,0,1,0,6,0,80
2523,1,0,1,0,6,0,90
2522,1,0,1,0,6,0,100
2521,1,0,1,0,6,0,101
2520,1,0,1,0,5,9,0
2519,1,0,1,0,5,9,40
2518,1,0,1,0,5,9,50
2517,1,0,1,0,5,9,60
2516,1,0,1,0,5,9,70
2515,1,0,1,0,5,9,80
2514,1,0,1,0,5,9,90
2513,1,0,1,0,5,9,100
2512,1,0,1,0,5,9,101
2511,1,0,1,0,5,8,0
2510,1,0,1,0,5,8,40
2509,1,0,1,0,5,8,50
2508,1,0,1,0,5,8,60
2507,1,0,1,0,5,8,70
2506,1,0,1,0,5,8,80
2505,1,0,1,0,5,8,90
2504,1,0,1,0,5,8,100
2503,1,0,1,0,5,8,101
2502,1,0,1,0,5,7,0
2501,1,0,1,0,5,7,40
2500,1,0,1,0,5,7,50
2499,1,0,1,0,5,7,60
2498,1,0,1,0,5,7,70
2497,1,0,1,0,5,7,80
2496,1,0,1,0,5,7,90
2495,1,0,1,0,5,7,100
2494,1,0,1,0,5,7,101
2493,1,0,1,0,5,6,0
2492,1,0,1,0,5,6,40
2491,1,0,1,0,5,6,50
2490,1,0,1,0,5,6,60
2489,1,0,1,0,5,6,70
2488,1,0,1,0,5,6,80
2487,1,0,1,0,5,6,90
2486,1,0,1,0,5,6,100
2485,1,0,1,0,5,6,101
2484,1,0,1,0,5,5,0
2483,1,0,1,0,5,5,40
2482,1,0,1,0,5,5,50
2481,1,0,1,0,5,5,60
2480,1,0,1,0,5,5,70
2479,1,0,1,0,5,5,80
2478,1,0,1,0,5,5,90
2477,1,0,1,0,5,5,100
2476,1,0,1,0,5,5,101
2475,1,0,1,0,5,4,0
2474,1,0,1,0,5,4,40
2473,1,0,1,0,5,4,50
2472,1,0,1,0,5,4,60
2471,1,0,1,0,5,4,70
2470,1,0,1,0,5,4,80
2469,1,0,1,0,5,4,90
2468,1,0,1,0,5,4,100
2467,1,0,1,0,5,4,101
2466,1,0,1,0,5,3,0
2465,1,0,1,0,5,3,40
2464,1,0,1,0,5,3,50
2463,1,0,1,0,5,3,60
2462,1,0,1,0,5,3,70
2461,1,0,1,0,5,3,80
2460,1,0,1,0,5,3,90
2459,1,0,1,0,5,3,100
2458,1,0,1,0,5,3,101
2457,1,0,1,0,5,2,0
2456,1,0,1,0,5,2,40
2455,1,0,1,0,5,2,50
2454,1,0,1,0,5,2,60
2453,1,0,1,0,5,2,70
2452,1,0,1,0,5,2,80
2451,1,0,1,0,5,2,90
2450,1,0,1,0,5,2,100
2449,1,0,1,0,5,2,101
2448,1,0,1,0,5,1,0
2447,1,0,1,0,5,1,40
2446,1,0,1,0,5,1,50
2445,1,0,1,0,5,1,60
2444,1,0,1,0,5,1,70
2443,1,0,1,0,5,1,80
2442,1,0,1,0,5,1,90
2441,1,0,1,0,5,1,100
2440,1,0,1,0,5,1,101
2439,1,0,1,0,5,0,0
2438,1,0,1,0,5,0,40
2437,1,0,1,0,5,0,50
2436,1,0,1,0,5,0,60
2435,1,0,1,0,5,0,70
2434,1,0,1,0,5,0,80
2433,1,0,1,0,5,0,90
2432,1,0,1,0,5,0,100
2431,1,0,1,0,5,0,101
2430,1,0,1,0,4,9,0
2429,1,0,1,0,4,9,40
2428,1,0,1,0,4,9,50
2427,1,0,1,0,4,9,60
2426,1,0,1,0,4,9,70
2425,1,0,1,0,4,9,80
2424,1,0,1,0,4,9,90
2423,1,0,1,0,4,9,100
2422,1,0,1,0,4,9,101
2421,1,0,1,0,4,8,0
2420,1,0,1,0,4,8,40
2419,1,0,1,0,4,8,50
2418,1,0,1,0,4,8,60
2417,1,0,1,0,4,8,70
2416,1,0,1,0,4,8,80
2415,1,0,1,0,4,8,90
2414,1,0,1,0,4,8,100
2413,1,0,1,0,4,8,101
2412,1,0,1,0,4,7,0
2411,1,0,1,0,4,7,40
2410,1,0,1,0,4,7,50
2409,1,0,1,0,4,7,60
2408,1,0,1,0,4,7,70
2407,1,0,1,0,4,7,80
2406,1,0,1,0,4,7,90
2405,1,0,1,0,4,7,100
2404,1,0,1,0,4,7,101
2403,1,0,1,0,4,6,0
2402,1,0,1,0,4,6,40
2401,1,0,1,0,4,6,50
2400,1,0,1,0,4,6,60
2399,1,0,1,0,4,6,70
2398,1,0,1,0,4,6,80
2397,1,0,1,0,4,6,90
2396,1,0,1,0,4,6,100
2395,1,0,1,0,4,6,101
2394,1,0,1,0,4,5,0
2393,1,0,1,0,4,5,40
2392,1,0,1,0,4,5,50
2391,1,0,1,0,4,5,60
2390,1,0,1,0,4,5,70
2389,1,0,1,0,4,5,80
2388,1,0,1,0,4,5,90
2387,1,0,1,0,4,5,100
2386,1,0,1,0,4,5,101
2385,1,0,1,0,4,4,0
2384,1,0,1,0,4,4,40
2383,1,0,1,0,4,4,50
2382,1,0,1,0,4,4,60
2381,1,0,1,0,4,4,70
2380,1,0,1,0,4,4,80
2379,1,0,1,0,4,4,90
2378,1,0,1,0,4,4,100
2377,1,0,1,0,4,4,101
2376,1,0,1,0,4,3,0
2375,1,0,1,0,4,3,40
2374,1,0,1,0,4,3,50
2373,1,0,1,0,4,3,60
2372,1,0,1,0,4,3,70
2371,1,0,1,0,4,3,80
2370,1,0,1,0,4,3,90
2369,1,0,1,0,4,3,100
2368,1,0,1,0,4,3,101
2367,1,0,1,0,4,2,0
2366,1,0,1,0,4,2,40
2365,1,0,1,0,4,2,50
2364,1,0,1,0,4,2,60
2363,1,0,1,0,4,2,70
2362,1,0,1,0,4,2,80
2361,1,0,1,0,4,2,90
2360,1,0,1,0,4,2,100
2359,1,0,1,0,4,2,101
2358,1,0,1,0,4,1,0
2357,1,0,1,0,4,1,40
2356,1,0,1,0,4,1,50
2355,1,0,1,0,4,1,60
2354,1,0,1,0,4,1,70
2353,1,0,1,0,4,1,80
2352,1,0,1,0,4,1,90
2351,1,0,1,0,4,1,100
2350,1,0,1,0,4,1,101
2349,1,0,1,0,4,0,0
2348,1,0,1,0,4,0,40
2347,1,0,1,0,4,0,50
2346,1,0,1,0,4,0,60
2345,1,0,1,0,4,0,70
2344,1,0,1,0,4,0,80
2343,1,0,1,0,4,0,90
2342,1,0,1,0,4,0,100
2341,1,0,1,0,4,0,101
2340,1,0,1,0,3,9,0
2339,1,0,1,0,3,9,40
2338,1,0,1,0,3,9,50
2337,1,0,1,0,3,9,60
2336,1,0,1,0,3,9,70
2335,1,0,1,0,3,9,80
2334,1,0,1,0,3,9,90
2333,1,0,1,0,3,9,100
2332,1,0,1,0,3,9,101
2331,1,0,1,0,3,8,0
2330,1,0,1,0,3,8,40
2329,1,0,1,0,3,8,50
2328,1,0,1,0,3,8,60
2327,1,0,1,0,3,8,70
2326,1,0,1,0,3,8,80
2325,1,0,1,0,3,8,90
2324,1,0,1,0,3,8,100
2323,1,0,1,0,3,8,101
2322,1,0,1,0,3,7,0
2321,1,0,1,0,3,7,40
2320,1,0,1,0,3,7,50
2319,1,0,1,0,3,7,60
2318,1,0,1,0,3,7,70
2317,1,0,1,0,3,7,80
2316,1,0,1,0,3,7,90
2315,1,0,1,0,3,7,100
2314,1,0,1,0,3,7,101
2313,1,0,1,0,3,6,0
2312,1,0,1,0,3,6,40
2311,1,0,1,0,3,6,50
2310,1,0,1,0,3,6,60
2309,1,0,1,0,3,6,70
2308,1,0,1,0,3,6,80
2307,1,0,1,0,3,6,90
2306,1,0,1,0,3,6,100
2305,1,0,1,0,3,6,101
2304,1,0,1,0,3,5,0
2303,1,0,1,0,3,5,40
2302,1,0,1,0,3,5,50
2301,1,0,1,0,3,5,60
2300,1,0,1,0,3,5,70
2299,1,0,1,0,3,5,80
2298,1,0,1,0,3,5,90
2297,1,0,1,0,3,5,100
2296,1,0,1,0,3,5,101
2295,1,0,1,0,3,4,0
2294,1,0,1,0,3,4,40
2293,1,0,1,0,3,4,50
2292,1,0,1,0,3,4,60
2291,1,0,1,0,3,4,70
2290,1,0,1,0,3,4,80
2289,1,0,1,0,3,4,90
2288,1,0,1,0,3,4,100
2287,1,0,1,0,3,4,101
2286,1,0,1,0,3,3,0
2285,1,0,1,0,3,3,40
2284,1,0,1,0,3,3,50
2283,1,0,1,0,3,3,60
2282,1,0,1,0,3,3,70
2281,1,0,1,0,3,3,80
2280,1,0,1,0,3,3,90
2279,1,0,1,0,3,3,100
2278,1,0,1,0,3,3,101
2277,1,0,1,0,3,2,0
2276,1,0,1,0,3,2,40
2275,1,0,1,0,3,2,50
2274,1,0,1,0,3,2,60
2273,1,0,1,0,3,2,70
2272,1,0,1,0,3,2,80
2271,1,0,1,0,3,2,90
2270,1,0,1,0,3,2,100
2269,1,0,1,0,3,2,101
2268,1,0,1,0,3,1,0
2267,1,0,1,0,3,1,40
2266,1,0,1,0,3,1,50
2265,1,0,1,0,3,1,60
2264,1,0,1,0,3,1,70
2263,1,0,1,0,3,1,80
2262,1,0,1,0,3,1,90
2261,1,0,1,0,3,1,100
2260,1,0,1,0,3,1,101
2259,1,0,1,0,3,0,0
2258,1,0,1,0,3,0,40
2257,1,0,1,0,3,0,50
2256,1,0,1,0,3,0,60
2255,1,0,1,0,3,0,70
2254,1,0,1,0,3,0,80
2253,1,0,1,0,3,0,90
2252,1,0,1,0,3,0,100
2251,1,0,1,0,3,0,101
2250,1,0,1,0,2,9,0
2249,1,0,1,0,2,9,40
2248,1,0,1,0,2,9,50
2247,1,0,1,0,2,9,60
2246,1,0,1,0,2,9,70
2245,1,0,1,0,2,9,80
2244,1,0,1,0,2,9,90
2243,1,0,1,0,2,9,100
2242,1,0,1,0,2,9,101
2241,1,0,1,0,2,8,0
2240,1,0,1,0,2,8,40
2239,1,0,1,0,2,8,50
2238,1,0,1,0,2,8,60
2237,1,0,1,0,2,8,70
2236,1,0,1,0,2,8,80
2235,1,0,1,0,2,8,90
2234,1,0,1,0,2,8,100
2233,1,0,1,0,2,8,101
2232,1,0,1,0,2,7,0
2231,1,0,1,0,2,7,40
2230,1,0,1,0,2,7,50
2229,1,0,1,0,2,7,60
2228,1,0,1,0,2,7,70
2227,1,0,1,0,2,7,80
2226,1,0,1,0,2,7,90
2225,1,0,1,0,2,7,100
2224,1,0,1,0,2,7,101
2223,1,0,1,0,2,6,0
2222,1,0,1,0,2,6,40
2221,1,0,1,0,2,6,50
2220,1,0,1,0,2,6,60
2219,1,0,1,0,2,6,70
2218,1,0,1,0,2,6,80
2217,1,0,1,0,2,6,90
2216,1,0,1,0,2,6,100
2215,1,0,1,0,2,6,101
2214,1,0,1,0,2,5,0
2213,1,0,1,0,2,5,40
2212,1,0,1,0,2,5,50
2211,1,0,1,0,2,5,60
2210,1,0,1,0,2,5,70
2209,1,0,1,0,2,5,80
2208,1,0,1,0,2,5,90
2207,1,0,1,0,2,5,100
2206,1,0,1,0,2,5,101
2205,1,0,1,0,2,4,0
2204,1,0,1,0,2,4,40
2203,1,0,1,0,2,4,50
2202,1,0,1,0,2,4,60
2201,1,0,1,0,2,4,70
2200,1,0,1,0,2,4,80
2199,1,0,1,0,2,4,90
2198,1,0,1,0,2,4,100
2197,1,0,1,0,2,4,101
2196,1,0,1,0,2,3,0
2195,1,0,1,0,2,3,40
2194,1,0,1,0,2,3,50
2193,1,0,1,0,2,3,60
2192,1,0,1,0,2,3,70
2191,1,0,1,0,2,3,80
2190,1,0,1,0,2,3,90
2189,1,0,1,0,2,3,100
2188,1,0,1,0,2,3,101
2187,1,0,1,0,2,2,0
2186,1,0,1,0,2,2,40
2185,1,0,1,0,2,2,50
2184,1,0,1,0,2,2,60
2183,1,0,1,0,2,2,70
2182,1,0,1,0,2,2,80
2181,1,0,1,0,2,2,90
2180,1,0,1,0,2,2,100
2179,1,0,1,0,2,2,101
2178,1,0,1,0,2,1,0
2177,1,0,1,0,2,1,40
2176,1,0,1,0,2,1,50
2175,1,0,1,0,2,1,60
2174,1,0,1,0,2,1,70
2173,1,0,1,0,2,1,80
2172,1,0,1,0,2,1,90
2171,1,0,1,0,2,1,100
2170,1,0,1,0,2,1,101
2169,1,0,1,0,2,0,0
2168,1,0,1,0,2,0,40
2167,1,0,1,0,2,0,50
2166,1,0,1,0,2,0,60
2165,1,0,1,0,2,0,70
2164,1,0,1,0,2,0,80
2163,1,0,1,0,2,0,90
2162,1,0,1,0,2,0,100
2161,1,0,1,0,2,0,101
2160,1,0,1,0,1,9,0
2159,1,0,1,0,1,9,40
2158,1,0,1,0,1,9,50
2157,1,0,1,0,1,9,60
2156,1,0,1,0,1,9,70
2155,1,0,1,0,1,9,80
2154,1,0,1,0,1,9,90
2153,1,0,1,0,1,9,100
2152,1,0,1,0,1,9,101
2151,1,0,1,0,1,8,0
2150,1,0,1,0,1,8,40
2149,1,0,1,0,1,8,50
2148,1,0,1,0,1,8,60
2147,1,0,1,0,1,8,70
2146,1,0,1,0,1,8,80
2145,1,0,1,0,1,8,90
2144,1,0,1,0,1,8,100
2143,1,0,1,0,1,8,101
2142,1,0,1,0,1,7,0
2141,1,0,1,0,1,7,40
2140,1,0,1,0,1,7,50
2139,1,0,1,0,1,7,60
2138,1,0,1,0,1,7,70
2137,1,0,1,0,1,7,80
2136,1,0,1,0,1,7,90
2135,1,0,1,0,1,7,100
2134,1,0,1,0,1,7,101
2133,1,0,1,0,1,6,0
2132,1,0,1,0,1,6,40
2131,1,0,1,0,1,6,50
2130,1,0,1,0,1,6,60
2129,1,0,1,0,1,6,70
2128,1,0,1,0,1,6,80
2127,1,0,1,0,1,6,90
2126,1,0,1,0,1,6,100
2125,1,0,1,0,1,6,101
2124,1,0,1,0,1,5,0
2123,1,0,1,0,1,5,40
2122,1,0,1,0,1,5,50
2121,1,0,1,0,1,5,60
2120,1,0,1,0,1,5,70
2119,1,0,1,0,1,5,80
2118,1,0,1,0,1,5,90
2117,1,0,1,0,1,5,100
2116,1,0,1,0,1,5,101
2115,1,0,1,0,1,4,0
2114,1,0,1,0,1,4,40
2113,1,0,1,0,1,4,50
2112,1,0,1,0,1,4,60
2111,1,0,1,0,1,4,70
2110,1,0,1,0,1,4,80
2109,1,0,1,0,1,4,90
2108,1,0,1,0,1,4,100
2107,1,0,1,0,1,4,101
2106,1,0,1,0,1,3,0
2105,1,0,1,0,1,3,40
2104,1,0,1,0,1,3,50
2103,1,0,1,0,1,3,60
2102,1,0,1,0,1,3,70
2101,1,0,1,0,1,3,80
2100,1,0,1,0,1,3,90
2099,1,0,1,0,1,3,100
2098,1,0,1,0,1,3,101
2097,1,0,1,0,1,2,0
2096,1,0,1,0,1,2,40
2095,1,0,1,0,1,2,50
2094,1,0,1,0,1,2,60
2093,1,0,1,0,1,2,70
2092,1,0,1,0,1,2,80
2091,1,0,1,0,1,2,90
2090,1,0,1,0,1,2,100
2089,1,0,1,0,1,2,101
2088,1,0,1,0,1,1,0
2087,1,0,1,0,1,1,40
2086,1,0,1,0,1,1,50
2085,1,0,1,0,1,1,60
2084,1,0,1,0,1,1,70
2083,1,0,1,0,1,1,80
2082,1,0,1,0,1,1,90
2081,1,0,1,0,1,1,100
2080,1,0,1,0,1,1,101
2079,1,0,1,0,1,0,0
2078,1,0,1,0,1,0,40
2077,1,0,1,0,1,0,50
2076,1,0,1,0,1,0,60
2075,1,0,1,0,1,0,70
2074,1,0,1,0,1,0,80
2073,1,0,1,0,1,0,90
2072,1,0,1,0,1,0,100
2071,1,0,1,0,1,0,101
2070,1,0,1,0,0,9,0
2069,1,0,1,0,0,9,40
2068,1,0,1,0,0,9,50
2067,1,0,1,0,0,9,60
2066,1,0,1,0,0,9,70
2065,1,0,1,0,0,9,80
2064,1,0,1,0,0,9,90
2063,1,0,1,0,0,9,100
2062,1,0,1,0,0,9,101
2061,1,0,1,0,0,8,0
2060,1,0,1,0,0,8,40
2059,1,0,1,0,0,8,50
2058,1,0,1,0,0,8,60
2057,1,0,1,0,0,8,70
2056,1,0,1,0,0,8,80
2055,1,0,1,0,0,8,90
2054,1,0,1,0,0,8,100
2053,1,0,1,0,0,8,101
2052,1,0,1,0,0,7,0
2051,1,0,1,0,0,7,40
2050,1,0,1,0,0,7,50
2049,1,0,1,0,0,7,60
2048,1,0,1,0,0,7,70
2047,1,0,1,0,0,7,80
2046,1,0,1,0,0,7,90
2045,1,0,1,0,0,7,100
2044,1,0,1,0,0,7,101
2043,1,0,1,0,0,6,0
2042,1,0,1,0,0,6,40
2041,1,0,1,0,0,6,50
2040,1,0,1,0,0,6,60
2039,1,0,1,0,0,6,70
2038,1,0,1,0,0,6,80
2037,1,0,1,0,0,6,90
2036,1,0,1,0,0,6,100
2035,1,0,1,0,0,6,101
2034,1,0,1,0,0,5,0
2033,1,0,1,0,0,5,40
2032,1,0,1,0,0,5,50
2031,1,0,1,0,0,5,60
2030,1,0,1,0,0,5,70
2029,1,0,1,0,0,5,80
2028,1,0,1,0,0,5,90
2027,1,0,1,0,0,5,100
2026,1,0,1,0,0,5,101
2025,1,0,1,0,0,4,0
2024,1,0,1,0,0,4,40
2023,1,0,1,0,0,4,50
2022,1,0,1,0,0,4,60
2021,1,0,1,0,0,4,70
2020,1,0,1,0,0,4,80
2019,1,0,1,0,0,4,90
2018,1,0,1,0,0,4,100
2017,1,0,1,0,0,4,101
2016,1,0,1,0,0,3,0
2015,1,0,1,0,0,3,40
2014,1,0,1,0,0,3,50
2013,1,0,1,0,0,3,60
2012,1,0,1,0,0,3,70
2011,1,0,1,0,0,3,80
2010,1,0,1,0,0,3,90
2009,1,0,1,0,0,3,100
2008,1,0,1,0,0,3,101
2007,1,0,1,0,0,2,0
2006,1,0,1,0,0,2,40
2005,1,0,1,0,0,2,50
2004,1,0,1,0,0,2,60
2003,1,0,1,0,0,2,70
2002,1,0,1,0,0,2,80
2001,1,0,1,0,0,2,90
2000,1,0,1,0,0,2,100
1999,1,0,1,0,0,2,101
1998,1,0,1,0,0,1,0
1997,1,0,1,0,0,1,40
1996,1,0,1,0,0,1,50
1995,1,0,1,0,0,1,60
1994,1,0,1,0,0,1,70
1993,1,0,1,0,0,1,80
1992,1,0,1,0,0,1,90
1991,1,0,1,0,0,1,100
1990,1,0,1,0,0,1,101
1989,1,0,1,0,0,0,0
1988,1,0,1,0,0,0,40
1987,1,0,1,0,0,0,50
1986,1,0,1,0,0,0,60
1985,1,0,1,0,0,0,70
1984,1,0,1,0,0,0,80
1983,1,0,1,0,0,0,90
1982,1,0,1,0,0,0,100
1981,1,0,1,0,0,0,101
1980,1,0,0,1,8,9,0
1979,1,0,0,1,8,9,40
1978,1,0,0,1,8,9,50
1977,1,0,0,1,8,9,60
1976,1,0,0,1,8,9,70
1975,1,0,0,1,8,9,80
1974,1,0,0,1,8,9,90
1973,1,0,0,1,8,9,100
1972,1,0,0,1,8,9,101
1971,1,0,0,1,8,8,0
1970,1,0,0,1,8,8,40
1969,1,0,0,1,8,8,50
1968,1,0,0,1,8,8,60
1967,1,0,0,1,8,8,70
1966,1,0,0,1,8,8,80
1965,1,0,0,1,8,8,90
1964,1,0,0,1,8,8,100
1963,1,0,0,1,8,8,101
1962,1,0,0,1,8,7,0
1961,1,0,0,1,8,7,40
1960,1,0,0,1,8,7,50
1959,1,0,0,1,8,7,60
1958,1,0,0,1,8,7,70
1957,1,0,0,1,8,7,80
1956,1,0,0,1,8,7,90
1955,1,0,0,1,8,7,100
1954,1,0,0,1,8,7,101
1953,1,0,0,1,8,6,0
1952,1,0,0,1,8,6,40
1951,1,0,0,1,8,6,50
1950,1,0,0,1,8,6,60
1949,1,0,0,1,8,6,70
1948,1,0,0,1,8,6,80
1947,1,0,0,1,8,6,90
1946,1,0,0,1,8,6,100
1945,1,0,0,1,8,6,101
1944,1,0,0,1,8,5,0
1943,1,0,0,1,8,5,40
1942,1,0,0,1,8,5,50
1941,1,0,0,1,8,5,60
1940,1,0,0,1,8,5,70
1939,1,0,0,1,8,5,80
1938,1,0,0,1,8,5,90
1937,1,0,0,1,8,5,100
1936,1,0,0,1,8,5,101
1935,1,0,0,1,8,4,0
1934,1,0,0,1,8,4,40
1933,1,0,0,1,8,4,50
1932,1,0,0,1,8,4,60
1931,1,0,0,1,8,4,70
1930,1,0,0,1,8,4,80
1929,1,0,0,1,8,4,90
1928,1,0,0,1,8,4,100
1927,1,0,0,1,8,4,101
1926,1,0,0,1,8,3,0
1925,1,0,0,1,8,3,40
1924,1,0,0,1,8,3,50
1923,1,0,0,1,8,3,60
1922,1,0,0,1,8,3,70
1921,1,0,0,1,8,3,80
1920,1,0,0,1,8,3,90
1919,1,0,0,1,8,3,100
1918,1,0,0,1,8,3,101
1917,1,0,0,1,8,2,0
1916,1,0,0,1,8,2,40
1915,1,0,0,1,8,2,50
1914,1,0,0,1,8,2,60
1913,1,0,0,1,8,2,70
1912,1,0,0,1,8,2,80
1911,1,0,0,1,8,2,90
1910,1,0,0,1,8,2,100
1909,1,0,0,1,8,2,101
1908,1,0,0,1,8,1,0
1907,1,0,0,1,8,1,40
1906,1,0,0,1,8,1,50
1905,1,0,0,1,8,1,60
1904,1,0,0,1,8,1,70
1903,1,0,0,1,8,1,80
1902,1,0,0,1,8,1,90
1901,1,0,0,1,8,1,100
1900,1,0,0,1,8,1,101
1899,1,0,0,1,8,0,0
1898,1,0,0,1,8,0,40
1897,1,0,0,1,8,0,50
1896,1,0,0,1,8,0,60
1895,1,0,0,1,8,0,70
1894,1,0,0,1,8,0,80
1893,1,0,0,1,8,0,90
1892,1,0,0,1,8,0,100
1891,1,0,0,1,8,0,101
1890,1,0,0,1,7,9,0
1889,1,0,0,1,7,9,40
1888,1,0,0,1,7,9,50
1887,1,0,0,1,7,9,60
1886,1,0,0,1,7,9,70
1885,1,0,0,1,7,9,80
1884,1,0,0,1,7,9,90
1883,1,0,0,1,7,9,100
1882,1,0,0,1,7,9,101
1881,1,0,0,1,7,8,0
1880,1,0,0,1,7,8,40
1879,1,0,0,1,7,8,50
1878,1,0,0,1,7,8,60
1877,1,0,0,1,7,8,70
1876,1,0,0,1,7,8,80
1875,1,0,0,1,7,8,90
1874,1,0,0,1,7,8,100
1873,1,0,0,1,7,8,101
1872,1,0,0,1,7,7,0
1871,1,0,0,1,7,7,40
1870,1,0,0,1,7,7,50
1869,1,0,0,1,7,7,60
1868,1,0,0,1,7,7,70
1867,1,0,0,1,7,7,80
1866,1,0,0,1,7,7,90
1865,1,0,0,1,7,7,100
1864,1,0,0,1,7,7,101
1863,1,0,0,1,7,6,0
1862,1,0,0,1,7,6,40
1861,1,0,0,1,7,6,50
1860,1,0,0,1,7,6,60
1859,1,0,0,1,7,6,70
1858,1,0,0,1,7,6,80
1857,1,0,0,1,7,6,90
1856,1,0,0,1,7,6,100
1855,1,0,0,1,7,6,101
1854,1,0,0,1,7,5,0
1853,1,0,0,1,7,5,40
1852,1,0,0,1,7,5,50
1851,1,0,0,1,7,5,60
1850,1,0,0,1,7,5,70
1849,1,0,0,1,7,5,80
1848,1,0,0,1,7,5,90
1847,1,0,0,1,7,5,100
1846,1,0,0,1,7,5,101
1845,1,0,0,1,7,4,0
1844,1,0,0,1,7,4,40
1843,1,0,0,1,7,4,50
1842,1,0,0,1,7,4,60
1841,1,0,0,1,7,4,70
1840,1,0,0,1,7,4,80
1839,1,0,0,1,7,4,90
1838,1,0,0,1,7,4,100
1837,1,0,0,1,7,4,101
1836,1,0,0,1,7,3,0
1835,1,0,0,1,7,3,40
1834,1,0,0,1,7,3,50
1833,1,0,0,1,7,3,60
1832,1,0,0,1,7,3,70
1831,1,0,0,1,7,3,80
1830,1,0,0,1,7,3,90
1829,1,0,0,1,7,3,100
1828,1,0,0,1,7,3,101
1827,1,0,0,1,7,2,0
1826,1,0,0,1,7,2,40
1825,1,0,0,1,7,2,50
1824,1,0,0,1,7,2,60
1823,1,0,0,1,7,2,70
1822,1,0,0,1,7,2,80
1821,1,0,0,1,7,2,90
1820,1,0,0,1,7,2,100
1819,1,0,0,1,7,2,101
1818,1,0,0,1,7,1,0
1817,1,0,0,1,7,1,40
1816,1,0,0,1,7,1,50
1815,1,0,0,1,7,1,60
1814,1,0,0,1,7,1,70
1813,1,0,0,1,7,1,80
1812,1,0,0,1,7,1,90
1811,1,0,0,1,7,1,100
1810,1,0,0,1,7,1,101
1809,1,0,0,1,7,0,0
1808,1,0,0,1,7,0,40
1807,1,0,0,1,7,0,50
1806,1,0,0,1,7,0,60
1805,1,0,0,1,7,0,70
1804,1,0,0,1,7,0,80
1803,1,0,0,1,7,0,90
1802,1,0,0,1,7,0,100
1801,1,0,0,1,7,0,101
1800,1,0,0,1,6,9,0
1799,1,0,0,1,6,9,40
1798,1,0,0,1,6,9,50
1797,1,0,0,1,6,9,60
1796,1,0,0,1,6,9,70
1795,1,0,0,1,6,9,80
1794,1,0,0,1,6,9,90
1793,1,0,0,1,6,9,100
1792,1,0,0,1,6,9,101
1791,1,0,0,1,6,8,0
1790,1,0,0,1,6,8,40
1789,1,0,0,1,6,8,50
1788,1,0,0,1,6,8,60
1787,1,0,0,1,6,8,70
1786,1,0,0,1,6,8,80
1785,1,0,0,1,6,8,90
1784,1,0,0,1,6,8,100
1783,1,0,0,1,6,8,101
1782,1,0,0,1,6,7,0
1781,1,0,0,1,6,7,40
1780,1,0,0,1,6,7,50
1779,1,0,0,1,6,7,60
1778,1,0,0,1,6,7,70
1777,1,0,0,1,6,7,80
1776,1,0,0,1,6,7,90
1775,1,0,0,1,6,7,100
1774,1,0,0,1,6,7,101
1773,1,0,0,1,6,6,0
1772,1,0,0,1,6,6,40
1771,1,0,0,1,6,6,50
1770,1,0,0,1,6,6,60
1769,1,0,0,1,6,6,70
1768,1,0,0,1,6,6,80
1767,1,0,0,1,6,6,90
1766,1,0,0,1,6,6,100
1765,1,0,0,1,6,6,101
1764,1,0,0,1,6,5,0
1763,1,0,0,1,6,5,40
1762,1,0,0,1,6,5,50
1761,1,0,0,1,6,5,60
1760,1,0,0,1,6,5,70
1759,1,0,0,1,6,5,80
1758,1,0,0,1,6,5,90
1757,1,0,0,1,6,5,100
1756,1,0,0,1,6,5,101
1755,1,0,0,1,6,4,0
1754,1,0,0,1,6,4,40
1753,1,0,0,1,6,4,50
1752,1,0,0,1,6,4,60
1751,1,0,0,1,6,4,70
1750,1,0,0,1,6,4,80
1749,1,0,0,1,6,4,90
1748,1,0,0,1,6,4,100
1747,1,0,0,1,6,4,101
1746,1,0,0,1,6,3,0
1745,1,0,0,1,6,3,40
1744,1,0,0,1,6,3,50
1743,1,0,0,1,6,3,60
1742,1,0,0,1,6,3,70
1741,1,0,0,1,6,3,80
1740,1,0,0,1,6,3,90
1739,1,0,0,1,6,3,100
1738,1,0,0,1,6,3,101
1737,1,0,0,1,6,2,0
1736,1,0,0,1,6,2,40
1735,1,0,0,1,6,2,50
1734,1,0,0,1,6,2,60
1733,1,0,0,1,6,2,70
1732,1,0,0,1,6,2,80
1731,1,0,0,1,6,2,90
1730,1,0,0,1,6,2,100
1729,1,0,0,1,6,2,101
1728,1,0,0,1,6,1,0
1727,1,0,0,1,6,1,40
1726,1,0,0,1,6,1,50
1725,1,0,0,1,6,1,60
1724,1,0,0,1,6,1,70
1723,1,0,0,1,6,1,80
1722,1,0,0,1,6,1,90
1721,1,0,0,1,6,1,100
1720,1,0,0,1,6,1,101
1719,1,0,0,1,6,0,0
1718,1,0,0,1,6,0,40
1717,1,0,0,1,6,0,50
1716,1,0,0,1,6,0,60
1715,1,0,0,1,6,0,70
1714,1,0,0,1,6,0,80
1713,1,0,0,1,6,0,90
1712,1,0,0,1,6,0,100
1711,1,0,0,1,6,0,101
1710,1,0,0,1,5,9,0
1709,1,0,0,1,5,9,40
1708,1,0,0,1,5,9,50
1707,1,0,0,1,5,9,60
1706,1,0,0,1,5,9,70
1705,1,0,0,1,5,9,80
1704,1,0,0,1,5,9,90
1703,1,0,0,1,5,9,100
1702,1,0,0,1,5,9,101
1701,1,0,0,1,5,8,0
1700,1,0,0,1,5,8,40
1699,1,0,0,1,5,8,50
1698,1,0,0,1,5,8,60
1697,1,0,0,1,5,8,70
1696,1,0,0,1,5,8,80
1695,1,0,0,1,5,8,90
1694,1,0,0,1,5,8,100
1693,1,0,0,1,5,8,101
1692,1,0,0,1,5,7,0
1691,1,0,0,1,5,7,40
1690,1,0,0,1,5,7,50
1689,1,0,0,1,5,7,60
1688,1,0,0,1,5,7,70
1687,1,0,0,1,5,7,80
1686,1,0,0,1,5,7,90
1685,1,0,0,1,5,7,100
1684,1,0,0,1,5,7,101
1683,1,0,0,1,5,6,0
1682,1,0,0,1,5,6,40
1681,1,0,0,1,5,6,50
1680,1,0,0,1,5,6,60
1679,1,0,0,1,5,6,70
1678,1,0,0,1,5,6,80
1677,1,0,0,1,5,6,90
1676,1,0,0,1,5,6,100
1675,1,0,0,1,5,6,101
1674,1,0,0,1,5,5,0
1673,1,0,0,1,5,5,40
1672,1,0,0,1,5,5,50
1671,1,0,0,1,5,5,60
1670,1,0,0,1,5,5,70
1669,1,0,0,1,5,5,80
1668,1,0,0,1,5,5,90
1667,1,0,0,1,5,5,100
1666,1,0,0,1,5,5,101
1665,1,0,0,1,5,4,0
1664,1,0,0,1,5,4,40
1663,1,0,0,1,5,4,50
1662,1,0,0,1,5,4,60
1661,1,0,0,1,5,4,70
1660,1,0,0,1,5,4,80
1659,1,0,0,1,5,4,90
1658,1,0,0,1,5,4,100
1657,1,0,0,1,5,4,101
1656,1,0,0,1,5,3,0
1655,1,0,0,1,5,3,40
1654,1,0,0,1,5,3,50
1653,1,0,0,1,5,3,60
1652,1,0,0,1,5,3,70
1651,1,0,0,1,5,3,80
1650,1,0,0,1,5,3,90
1649,1,0,0,1,5,3,100
1648,1,0,0,1,5,3,101
1647,1,0,0,1,5,2,0
1646,1,0,0,1,5,2,40
1645,1,0,0,1,5,2,50
1644,1,0,0,1,5,2,60
1643,1,0,0,1,5,2,70
1642,1,0,0,1,5,2,80
1641,1,0,0,1,5,2,90
1640,1,0,0,1,5,2,100
1639,1,0,0,1,5,2,101
1638,1,0,0,1,5,1,0
1637,1,0,0,1,5,1,40
1636,1,0,0,1,5,1,50
1635,1,0,0,1,5,1,60
1634,1,0,0,1,5,1,70
1633,1,0,0,1,5,1,80
1632,1,0,0,1,5,1,90
1631,1,0,0,1,5,1,100
1630,1,0,0,1,5,1,101
1629,1,0,0,1,5,0,0
1628,1,0,0,1,5,0,40
1627,1,0,0,1,5,0,50
1626,1,0,0,1,5,0,60
1625,1,0,0,1,5,0,70
1624,1,0,0,1,5,0,80
1623,1,0,0,1,5,0,90
1622,1,0,0,1,5,0,100
1621,1,0,0,1,5,0,101
1620,1,0,0,1,4,9,0
1619,1,0,0,1,4,9,40
1618,1,0,0,1,4,9,50
1617,1,0,0,1,4,9,60
1616,1,0,0,1,4,9,70
1615,1,0,0,1,4,9,80
1614,1,0,0,1,4,9,90
1613,1,0,0,1,4,9,100
1612,1,0,0,1,4,9,101
1611,1,0,0,1,4,8,0
1610,1,0,0,1,4,8,40
1609,1,0,0,1,4,8,50
1608,1,0,0,1,4,8,60
1607,1,0,0,1,4,8,70
1606,1,0,0,1,4,8,80
1605,1,0,0,1,4,8,90
1604,1,0,0,1,4,8,100
1603,1,0,0,1,4,8,101
1602,1,0,0,1,4,7,0
1601,1,0,0,1,4,7,40
1600,1,0,0,1,4,7,50
1599,1,0,0,1,4,7,60
1598,1,0,0,1,4,7,70
1597,1,0,0,1,4,7,80
1596,1,0,0,1,4,7,90
1595,1,0,0,1,4,7,100
1594,1,0,0,1,4,7,101
1593,1,0,0,1,4,6,0
1592,1,0,0,1,4,6,40
1591,1,0,0,1,4,6,50
1590,1,0,0,1,4,6,60
1589,1,0,0,1,4,6,70
1588,1,0,0,1,4,6,80
1587,1,0,0,1,4,6,90
1586,1,0,0,1,4,6,100
1585,1,0,0,1,4,6,101
1584,1,0,0,1,4,5,0
1583,1,0,0,1,4,5,40
1582,1,0,0,1,4,5,50
1581,1,0,0,1,4,5,60
1580,1,0,0,1,4,5,70
1579,1,0,0,1,4,5,80
1578,1,0,0,1,4,5,90
1577,1,0,0,1,4,5,100
1576,1,0,0,1,4,5,101
1575,1,0,0,1,4,4,0
1574,1,0,0,1,4,4,40
1573,1,0,0,1,4,4,50
1572,1,0,0,1,4,4,60
1571,1,0,0,1,4,4,70
1570,1,0,0,1,4,4,80
1569,1,0,0,1,4,4,90
1568,1,0,0,1,4,4,100
1567,1,0,0,1,4,4,101
1566,1,0,0,1,4,3,0
1565,1,0,0,1,4,3,40
1564,1,0,0,1,4,3,50
1563,1,0,0,1,4,3,60
1562,1,0,0,1,4,3,70
1561,1,0,0,1,4,3,80
1560,1,0,0,1,4,3,90
1559,1,0,0,1,4,3,100
1558,1,0,0,1,4,3,101
1557,1,0,0,1,4,2,0
1556,1,0,0,1,4,2,40
1555,1,0,0,1,4,2,50
1554,1,0,0,1,4,2,60
1553,1,0,0,1,4,2,70
1552,1,0,0,1,4,2,80
1551,1,0,0,1,4,2,90
1550,1,0,0,1,4,2,100
1549,1,0,0,1,4,2,101
1548,1,0,0,1,4,1,0
1547,1,0,0,1,4,1,40
1546,1,0,0,1,4,1,50
1545,1,0,0,1,4,1,60
1544,1,0,0,1,4,1,70
1543,1,0,0,1,4,1,80
1542,1,0,0,1,4,1,90
1541,1,0,0,1,4,1,100
1540,1,0,0,1,4,1,101
1539,1,0,0,1,4,0,0
1538,1,0,0,1,4,0,40
1537,1,0,0,1,4,0,50
1536,1,0,0,1,4,0,60
1535,1,0,0,1,4,0,70
1534,1,0,0,1,4,0,80
1533,1,0,0,1,4,0,90
1532,1,0,0,1,4,0,100
1531,1,0,0,1,4,0,101
1530,1,0,0,1,3,9,0
1529,1,0,0,1,3,9,40
1528,1,0,0,1,3,9,50
1527,1,0,0,1,3,9,60
1526,1,0,0,1,3,9,70
1525,1,0,0,1,3,9,80
1524,1,0,0,1,3,9,90
1523,1,0,0,1,3,9,100
1522,1,0,0,1,3,9,101
1521,1,0,0,1,3,8,0
1520,1,0,0,1,3,8,40
1519,1,0,0,1,3,8,50
1518,1,0,0,1,3,8,60
1517,1,0,0,1,3,8,70
1516,1,0,0,1,3,8,80
1515,1,0,0,1,3,8,90
1514,1,0,0,1,3,8,100
1513,1,0,0,1,3,8,101
1512,1,0,0,1,3,7,0
1511,1,0,0,1,3,7,40
1510,1,0,0,1,3,7,50
1509,1,0,0,1,3,7,60
1508,1,0,0,1,3,7,70
1507,1,0,0,1,3,7,80
1506,1,0,0,1,3,7,90
1505,1,0,0,1,3,7,100
1504,1,0,0,1,3,7,101
1503,1,0,0,1,3,6,0
1502,1,0,0,1,3,6,40
1501,1,0,0,1,3,6,50
1500,1,0,0,1,3,6,60
1499,1,0,0,1,3,6,70
1498,1,0,0,1,3,6,80
1497,1,0,0,1,3,6,90
1496,1,0,0,1,3,6,100
1495,1,0,0,1,3,6,101
1494,1,0,0,1,3,5,0
1493,1,0,0,1,3,5,40
1492,1,0,0,1,3,5,50
1491,1,0,0,1,3,5,60
1490,1,0,0,1,3,5,70
1489,1,0,0,1,3,5,80
1488,1,0,0,1,3,5,90
1487,1,0,0,1,3,5,100
1486,1,0,0,1,3,5,101
1485,1,0,0,1,3,4,0
1484,1,0,0,1,3,4,40
1483,1,0,0,1,3,4,50
1482,1,0,0,1,3,4,60
1481,1,0,0,1,3,4,70
1480,1,0,0,1,3,4,80
1479,1,0,0,1,3,4,90
1478,1,0,0,1,3,4,100
1477,1,0,0,1,3,4,101
1476,1,0,0,1,3,3,0
1475,1,0,0,1,3,3,40
1474,1,0,0,1,3,3,50
1473,1,0,0,1,3,3,60
1472,1,0,0,1,3,3,70
1471,1,0,0,1,3,3,80
1470,1,0,0,1,3,3,90
1469,1,0,0,1,3,3,100
1468,1,0,0,1,3,3,101
1467,1,0,0,1,3,2,0
1466,1,0,0,1,3,2,40
1465,1,0,0,1,3,2,50
1464,1,0,0,1,3,2,60
1463,1,0,0,1,3,2,70
1462,1,0,0,1,3,2,80
1461,1,0,0,1,3,2,90
1460,1,0,0,1,3,2,100
1459,1,0,0,1,3,2,101
1458,1,0,0,1,3,1,0
1457,1,0,0,1,3,1,40
1456,1,0,0,1,3,1,50
1455,1,0,0,1,3,1,60
1454,1,0,0,1,3,1,70
1453,1,0,0,1,3,1,80
1452,1,0,0,1,3,1,90
1451,1,0,0,1,3,1,100
1450,1,0,0,1,3,1,101
1449,1,0,0,1,3,0,0
1448,1,0,0,1,3,0,40
1447,1,0,0,1,3,0,50
1446,1,0,0,1,3,0,60
1445,1,0,0,1,3,0,70
1444,1,0,0,1,3,0,80
1443,1,0,0,1,3,0,90
1442,1,0,0,1,3,0,100
1441,1,0,0,1,3,0,101
1440,1,0,0,1,2,9,0
1439,1,0,0,1,2,9,40
1438,1,0,0,1,2,9,50
1437,1,0,0,1,2,9,60
1436,1,0,0,1,2,9,70
1435,1,0,0,1,2,9,80
1434,1,0,0,1,2,9,90
1433,1,0,0,1,2,9,100
1432,1,0,0,1,2,9,101
1431,1,0,0,1,2,8,0
1430,1,0,0,1,2,8,40
1429,1,0,0,1,2,8,50
1428,1,0,0,1,2,8,60
1427,1,0,0,1,2,8,70
1426,1,0,0,1,2,8,80
1425,1,0,0,1,2,8,90
1424,1,0,0,1,2,8,100
1423,1,0,0,1,2,8,101
1422,1,0,0,1,2,7,0
1421,1,0,0,1,2,7,40
1420,1,0,0,1,2,7,50
1419,1,0,0,1,2,7,60
1418,1,0,0,1,2,7,70
1417,1,0,0,1,2,7,80
1416,1,0,0,1,2,7,90
1415,1,0,0,1,2,7,100
1414,1,0,0,1,2,7,101
1413,1,0,0,1,2,6,0
1412,1,0,0,1,2,6,40
1411,1,0,0,1,2,6,50
1410,1,0,0,1,2,6,60
1409,1,0,0,1,2,6,70
1408,1,0,0,1,2,6,80
1407,1,0,0,1,2,6,90
1406,1,0,0,1,2,6,100
1405,1,0,0,1,2,6,101
1404,1,0,0,1,2,5,0
1403,1,0,0,1,2,5,40
1402,1,0,0,1,2,5,50
1401,1,0,0,1,2,5,60
1400,1,0,0,1,2,5,70
1399,1,0,0,1,2,5,80
1398,1,0,0,1,2,5,90
1397,1,0,0,1,2,5,100
1396,1,0,0,1,2,5,101
1395,1,0,0,1,2,4,0
1394,1,0,0,1,2,4,40
1393,1,0,0,1,2,4,50
1392,1,0,0,1,2,4,60
1391,1,0,0,1,2,4,70
1390,1,0,0,1,2,4,80
1389,1,0,0,1,2,4,90
1388,1,0,0,1,2,4,100
1387,1,0,0,1,2,4,101
1386,1,0,0,1,2,3,0
1385,1,0,0,1,2,3,40
1384,1,0,0,1,2,3,50
1383,1,0,0,1,2,3,60
1382,1,0,0,1,2,3,70
1381,1,0,0,1,2,3,80
1380,1,0,0,1,2,3,90
1379,1,0,0,1,2,3,100
1378,1,0,0,1,2,3,101
1377,1,0,0,1,2,2,0
1376,1,0,0,1,2,2,40
1375,1,0,0,1,2,2,50
1374,1,0,0,1,2,2,60
1373,1,0,0,1,2,2,70
1372,1,0,0,1,2,2,80
1371,1,0,0,1,2,2,90
1370,1,0,0,1,2,2,100
1369,1,0,0,1,2,2,101
1368,1,0,0,1,2,1,0
1367,1,0,0,1,2,1,40
1366,1,0,0,1,2,1,50
1365,1,0,0,1,2,1,60
1364,1,0,0,1,2,1,70
1363,1,0,0,1,2,1,80
1362,1,0,0,1,2,1,90
1361,1,0,0,1,2,1,100
1360,1,0,0,1,2,1,101
1359,1,0,0,1,2,0,0
1358,1,0,0,1,2,0,40
1357,1,0,0,1,2,0,50
1356,1,0,0,1,2,0,60
1355,1,0,0,1,2,0,70
1354,1,0,0,1,2,0,80
1353,1,0,0,1,2,0,90
1352,1,0,0,1,2,0,100
1351,1,0,0,1,2,0,101
1350,1,0,0,1,1,9,0
1349,1,0,0,1,1,9,40
1348,1,0,0,1,1,9,50
1347,1,0,0,1,1,9,60
1346,1,0,0,1,1,9,70
1345,1,0,0,1,1,9,80
1344,1,0,0,1,1,9,90
1343,1,0,0,1,1,9,100
1342,1,0,0,1,1,9,101
1341,1,0,0,1,1,8,0
1340,1,0,0,1,1,8,40
1339,1,0,0,1,1,8,50
1338,1,0,0,1,1,8,60
1337,1,0,0,1,1,8,70
1336,1,0,0,1,1,8,80
1335,1,0,0,1,1,8,90
1334,1,0,0,1,1,8,100
1333,1,0,0,1,1,8,101
1332,1,0,0,1,1,7,0
1331,1,0,0,1,1,7,40
1330,1,0,0,1,1,7,50
1329,1,0,0,1,1,7,60
1328,1,0,0,1,1,7,70
1327,1,0,0,1,1,7,80
1326,1,0,0,1,1,7,90
1325,1,0,0,1,1,7,100
1324,1,0,0,1,1,7,101
1323,1,0,0,1,1,6,0
1322,1,0,0,1,1,6,40
1321,1,0,0,1,1,6,50
1320,1,0,0,1,1,6,60
1319,1,0,0,1,1,6,70
1318,1,0,0,1,1,6,80
1317,1,0,0,1,1,6,90
1316,1,0,0,1,1,6,100
1315,1,0,0,1,1,6,101
1314,1,0,0,1,1,5,0
1313,1,0,0,1,1,5,40
1312,1,0,0,1,1,5,50
1311,1,0,0,1,1,5,60
1310,1,0,0,1,1,5,70
1309,1,0,0,1,1,5,80
1308,1,0,0,1,1,5,90
1307,1,0,0,1,1,5,100
1306,1,0,0,1,1,5,101
1305,1,0,0,1,1,4,0
1304,1,0,0,1,1,4,40
1303,1,0,0,1,1,4,50
1302,1,0,0,1,1,4,60
1301,1,0,0,1,1,4,70
1300,1,0,0,1,1,4,80
1299,1,0,0,1,1,4,90
1298,1,0,0,1,1,4,100
1297,1,0,0,1,1,4,101
1296,1,0,0,1,1,3,0
1295,1,0,0,1,1,3,40
1294,1,0,0,1,1,3,50
1293,1,0,0,1,1,3,60
1292,1,0,0,1,1,3,70
1291,1,0,0,1,1,3,80
1290,1,0,0,1,1,3,90
1289,1,0,0,1,1,3,100
1288,1,0,0,1,1,3,101
1287,1,0,0,1,1,2,0
1286,1,0,0,1,1,2,40
1285,1,0,0,1,1,2,50
1284,1,0,0,1,1,2,60
1283,1,0,0,1,1,2,70
1282,1,0,0,1,1,2,80
1281,1,0,0,1,1,2,90
1280,1,0,0,1,1,2,100
1279,1,0,0,1,1,2,101
1278,1,0,0,1,1,1,0
1277,1,0,0,1,1,1,40
1276,1,0,0,1,1,1,50
1275,1,0,0,1,1,1,60
1274,1,0,0,1,1,1,70
1273,1,0,0,1,1,1,80
1272,1,0,0,1,1,1,90
1271,1,0,0,1,1,1,100
1270,1,0,0,1,1,1,101
1269,1,0,0,1,1,0,0
1268,1,0,0,1,1,0,40
1267,1,0,0,1,1,0,50
1266,1,0,0,1,1,0,60
1265,1,0,0,1,1,0,70
1264,1,0,0,1,1,0,80
1263,1,0,0,1,1,0,90
1262,1,0,0,1,1,0,100
1261,1,0,0,1,1,0,101
1260,1,0,0,1,0,9,0
1259,1,0,0,1,0,9,40
1258,1,0,0,1,0,9,50
1257,1,0,0,1,0,9,60
1256,1,0,0,1,0,9,70
1255,1,0,0,1,0,9,80
1254,1,0,0,1,0,9,90
1253,1,0,0,1,0,9,100
1252,1,0,0,1,0,9,101
1251,1,0,0,1,0,8,0
1250,1,0,0,1,0,8,40
1249,1,0,0,1,0,8,50
1248,1,0,0,1,0,8,60
1247,1,0,0,1,0,8,70
1246,1,0,0,1,0,8,80
1245,1,0,0,1,0,8,90
1244,1,0,0,1,0,8,100
1243,1,0,0,1,0,8,101
1242,1,0,0,1,0,7,0
1241,1,0,0,1,0,7,40
1240,1,0,0,1,0,7,50
1239,1,0,0,1,0,7,60
1238,1,0,0,1,0,7,70
1237,1,0,0,1,0,7,80
1236,1,0,0,1,0,7,90
1235,1,0,0,1,0,7,100
1234,1,0,0,1,0,7,101
1233,1,0,0,1,0,6,0
1232,1,0,0,1,0,6,40
1231,1,0,0,1,0,6,50
1230,1,0,0,1,0,6,60
1229,1,0,0,1,0,6,70
1228,1,0,0,1,0,6,80
1227,1,0,0,1,0,6,90
1226,1,0,0,1,0,6,100
1225,1,0,0,1,0,6,101
1224,1,0,0,1,0,5,0
1223,1,0,0,1,0,5,40
1222,1,0,0,1,0,5,50
1221,1,0,0,1,0,5,60
1220,1,0,0,1,0,5,70
1219,1,0,0,1,0,5,80
1218,1,0,0,1,0,5,90
1217,1,0,0,1,0,5,100
1216,1,0,0,1,0,5,101
1215,1,0,0,1,0,4,0
1214,1,0,0,1,0,4,40
1213,1,0,0,1,0,4,50
1212,1,0,0,1,0,4,60
1211,1,0,0,1,0,4,70
1210,1,0,0,1,0,4,80
1209,1,0,0,1,0,4,90
1208,1,0,0,1,0,4,100
1207,1,0,0,1,0,4,101
1206,1,0,0,1,0,3,0
1205,1,0,0,1,0,3,40
1204,1,0,0,1,0,3,50
1203,1,0,0,1,0,3,60
1202,1,0,0,1,0,3,70
1201,1,0,0,1,0,3,80
1200,1,0,0,1,0,3,90
1199,1,0,0,1,0,3,100
1198,1,0,0,1,0,3,101
1197,1,0,0,1,0,2,0
1196,1,0,0,1,0,2,40
1195,1,0,0,1,0,2,50
1194,1,0,0,1,0,2,60
1193,1,0,0,1,0,2,70
1192,1,0,0,1,0,2,80
1191,1,0,0,1,0,2,90
1190,1,0,0,1,0,2,100
1189,1,0,0,1,0,2,101
1188,1,0,0,1,0,1,0
1187,1,0,0,1,0,1,40
1186,1,0,0,1,0,1,50
1185,1,0,0,1,0,1,60
1184,1,0,0,1,0,1,70
1183,1,0,0,1,0,1,80
1182,1,0,0,1,0,1,90
1181,1,0,0,1,0,1,100
1180,1,0,0,1,0,1,101
1179,1,0,0,1,0,0,0
1178,1,0,0,1,0,0,40
1177,1,0,0,1,0,0,50
1176,1,0,0,1,0,0,60
1175,1,0,0,1,0,0,70
1174,1,0,0,1,0,0,80
1173,1,0,0,1,0,0,90
1172,1,0,0,1,0,0,100
1171,1,0,0,1,0,0,101
1170,1,0,0,0,8,9,0
1169,1,0,0,0,8,9,40
1168,1,0,0,0,8,9,50
1167,1,0,0,0,8,9,60
1166,1,0,0,0,8,9,70
1165,1,0,0,0,8,9,80
1164,1,0,0,0,8,9,90
1163,1,0,0,0,8,9,100
1162,1,0,0,0,8,9,101
1161,1,0,0,0,8,8,0
1160,1,0,0,0,8,8,40
1159,1,0,0,0,8,8,50
1158,1,0,0,0,8,8,60
1157,1,0,0,0,8,8,70
1156,1,0,0,0,8,8,80
1155,1,0,0,0,8,8,90
1154,1,0,0,0,8,8,100
1153,1,0,0,0,8,8,101
1152,1,0,0,0,8,7,0
1151,1,0,0,0,8,7,40
1150,1,0,0,0,8,7,50
1149,1,0,0,0,8,7,60
1148,1,0,0,0,8,7,70
1147,1,0,0,0,8,7,80
1146,1,0,0,0,8,7,90
1145,1,0,0,0,8,7,100
1144,1,0,0,0,8,7,101
1143,1,0,0,0,8,6,0
1142,1,0,0,0,8,6,40
1141,1,0,0,0,8,6,50
1140,1,0,0,0,8,6,60
1139,1,0,0,0,8,6,70
1138,1,0,0,0,8,6,80
1137,1,0,0,0,8,6,90
1136,1,0,0,0,8,6,100
1135,1,0,0,0,8,6,101
1134,1,0,0,0,8,5,0
1133,1,0,0,0,8,5,40
1132,1,0,0,0,8,5,50
1131,1,0,0,0,8,5,60
1130,1,0,0,0,8,5,70
1129,1,0,0,0,8,5,80
1128,1,0,0,0,8,5,90
1127,1,0,0,0,8,5,100
1126,1,0,0,0,8,5,101
1125,1,0,0,0,8,4,0
1124,1,0,0,0,8,4,40
1123,1,0,0,0,8,4,50
1122,1,0,0,0,8,4,60
1121,1,0,0,0,8,4,70
1120,1,0,0,0,8,4,80
1119,1,0,0,0,8,4,90
1118,1,0,0,0,8,4,100
1117,1,0,0,0,8,4,101
1116,1,0,0,0,8,3,0
1115,1,0,0,0,8,3,40
1114,1,0,0,0,8,3,50
1113,1,0,0,0,8,3,60
1112,1,0,0,0,8,3,70
1111,1,0,0,0,8,3,80
1110,1,0,0,0,8,3,90
1109,1,0,0,0,8,3,100
1108,1,0,0,0,8,3,101
1107,1,0,0,0,8,2,0
1106,1,0,0,0,8,2,40
1105,1,0,0,0,8,2,50
1104,1,0,0,0,8,2,60
1103,1,0,0,0,8,2,70
1102,1,0,0,0,8,2,80
1101,1,0,0,0,8,2,90
1100,1,0,0,0,8,2,100
1099,1,0,0,0,8,2,101
1098,1,0,0,0,8,1,0
1097,1,0,0,0,8,1,40
1096,1,0,0,0,8,1,50
1095,1,0,0,0,8,1,60
1094,1,0,0,0,8,1,70
1093,1,0,0,0,8,1,80
1092,1,0,0,0,8,1,90
1091,1,0,0,0,8,1,100
1090,1,0,0,0,8,1,101
1089,1,0,0,0,8,0,0
1088,1,0,0,0,8,0,40
1087,1,0,0,0,8,0,50
1086,1,0,0,0,8,0,60
1085,1,0,0,0,8,0,70
1084,1,0,0,0,8,0,80
1083,1,0,0,0,8,0,90
1082,1,0,0,0,8,0,100
1081,1,0,0,0,8,0,101
1080,1,0,0,0,7,9,0
1079,1,0,0,0,7,9,40
1078,1,0,0,0,7,9,50
1077,1,0,0,0,7,9,60
1076,1,0,0,0,7,9,70
1075,1,0,0,0,7,9,80
1074,1,0,0,0,7,9,90
1073,1,0,0,0,7,9,100
1072,1,0,0,0,7,9,101
1071,1,0,0,0,7,8,0
1070,1,0,0,0,7,8,40
1069,1,0,0,0,7,8,50
1068,1,0,0,0,7,8,60
1067,1,0,0,0,7,8,70
1066,1,0,0,0,7,8,80
1065,1,0,0,0,7,8,90
1064,1,0,0,0,7,8,100
1063,1,0,0,0,7,8,101
1062,1,0,0,0,7,7,0
1061,1,0,0,0,7,7,40
1060,1,0,0,0,7,7,50
1059,1,0,0,0,7,7,60
1058,1,0,0,0,7,7,70
1057,1,0,0,0,7,7,80
1056,1,0,0,0,7,7,90
1055,1,0,0,0,7,7,100
1054,1,0,0,0,7,7,101
1053,1,0,0,0,7,6,0
1052,1,0,0,0,7,6,40
1051,1,0,0,0,7,6,50
1050,1,0,0,0,7,6,60
1049,1,0,0,0,7,6,70
1048,1,0,0,0,7,6,80
1047,1,0,0,0,7,6,90
1046,1,0,0,0,7,6,100
1045,1,0,0,0,7,6,101
1044,1,0,0,0,7,5,0
1043,1,0,0,0,7,5,40
1042,1,0,0,0,7,5,50
1041,1,0,0,0,7,5,60
1040,1,0,0,0,7,5,70
1039,1,0,0,0,7,5,80
1038,1,0,0,0,7,5,90
1037,1,0,0,0,7,5,100
1036,1,0,0,0,7,5,101
1035,1,0,0,0,7,4,0
1034,1,0,0,0,7,4,40
1033,1,0,0,0,7,4,50
1032,1,0,0,0,7,4,60
1031,1,0,0,0,7,4,70
1030,1,0,0,0,7,4,80
1029,1,0,0,0,7,4,90
1028,1,0,0,0,7,4,100
1027,1,0,0,0,7,4,101
1026,1,0,0,0,7,3,0
1025,1,0,0,0,7,3,40
1024,1,0,0,0,7,3,50
1023,1,0,0,0,7,3,60
1022,1,0,0,0,7,3,70
1021,1,0,0,0,7,3,80
1020,1,0,0,0,7,3,90
1019,1,0,0,0,7,3,100
1018,1,0,0,0,7,3,101
1017,1,0,0,0,7,2,0
1016,1,0,0,0,7,2,40
1015,1,0,0,0,7,2,50
1014,1,0,0,0,7,2,60
1013,1,0,0,0,7,2,70
1012,1,0,0,0,7,2,80
1011,1,0,0,0,7,2,90
1010,1,0,0,0,7,2,100
1009,1,0,0,0,7,2,101
1008,1,0,0,0,7,1,0
1007,1,0,0,0,7,1,40
1006,1,0,0,0,7,1,50
1005,1,0,0,0,7,1,60
1004,1,0,0,0,7,1,70
1003,1,0,0,0,7,1,80
1002,1,0,0,0,7,1,90
1001,1,0,0,0,7,1,100
1000,1,0,0,0,7,1,101
999,1,0,0,0,7,0,0
998,1,0,0,0,7,0,40
997,1,0,0,0,7,0,50
996,1,0,0,0,7,0,60
995,1,0,0,0,7,0,70
994,1,0,0,0,7,0,80
993,1,0,0,0,7,0,90
992,1,0,0,0,7,0,100
991,1,0,0,0,7,0,101
990,1,0,0,0,6,9,0
989,1,0,0,0,6,9,40
988,1,0,0,0,6,9,50
987,1,0,0,0,6,9,60
986,1,0,0,0,6,9,70
985,1,0,0,0,6,9,80
984,1,0,0,0,6,9,90
983,1,0,0,0,6,9,100
982,1,0,0,0,6,9,101
981,1,0,0,0,6,8,0
980,1,0,0,0,6,8,40
979,1,0,0,0,6,8,50
978,1,0,0,0,6,8,60
977,1,0,0,0,6,8,70
976,1,0,0,0,6,8,80
975,1,0,0,0,6,8,90
974,1,0,0,0,6,8,100
973,1,0,0,0,6,8,101
972,1,0,0,0,6,7,0
971,1,0,0,0,6,7,40
970,1,0,0,0,6,7,50
969,1,0,0,0,6,7,60
968,1,0,0,0,6,7,70
967,1,0,0,0,6,7,80
966,1,0,0,0,6,7,90
965,1,0,0,0,6,7,100
964,1,0,0,0,6,7,101
963,1,0,0,0,6,6,0
962,1,0,0,0,6,6,40
961,1,0,0,0,6,6,50
960,1,0,0,0,6,6,60
959,1,0,0,0,6,6,70
958,1,0,0,0,6,6,80
957,1,0,0,0,6,6,90
956,1,0,0,0,6,6,100
955,1,0,0,0,6,6,101
954,1,0,0,0,6,5,0
953,1,0,0,0,6,5,40
952,1,0,0,0,6,5,50
951,1,0,0,0,6,5,60
950,1,0,0,0,6,5,70
949,1,0,0,0,6,5,80
948,1,0,0,0,6,5,90
947,1,0,0,0,6,5,100
946,1,0,0,0,6,5,101
945,1,0,0,0,6,4,0
944,1,0,0,0,6,4,40
943,1,0,0,0,6,4,50
942,1,0,0,0,6,4,60
941,1,0,0,0,6,4,70
940,1,0,0,0,6,4,80
939,1,0,0,0,6,4,90
938,1,0,0,0,6,4,100
937,1,0,0,0,6,4,101
936,1,0,0,0,6,3,0
935,1,0,0,0,6,3,40
934,1,0,0,0,6,3,50
933,1,0,0,0,6,3,60
932,1,0,0,0,6,3,70
931,1,0,0,0,6,3,80
930,1,0,0,0,6,3,90
929,1,0,0,0,6,3,100
928,1,0,0,0,6,3,101
927,1,0,0,0,6,2,0
926,1,0,0,0,6,2,40
925,1,0,0,0,6,2,50
924,1,0,0,0,6,2,60
923,1,0,0,0,6,2,70
922,1,0,0,0,6,2,80
921,1,0,0,0,6,2,90
920,1,0,0,0,6,2,100
919,1,0,0,0,6,2,101
918,1,0,0,0,6,1,0
917,1,0,0,0,6,1,40
916,1,0,0,0,6,1,50
915,1,0,0,0,6,1,60
914,1,0,0,0,6,1,70
913,1,0,0,0,6,1,80
912,1,0,0,0,6,1,90
911,1,0,0,0,6,1,100
910,1,0,0,0,6,1,101
909,1,0,0,0,6,0,0
908,1,0,0,0,6,0,40
907,1,0,0,0,6,0,50
906,1,0,0,0,6,0,60
905,1,0,0,0,6,0,70
904,1,0,0,0,6,0,80
903,1,0,0,0,6,0,90
902,1,0,0,0,6,0,100
901,1,0,0,0,6,0,101
900,1,0,0,0,5,9,0
899,1,0,0,0,5,9,40
898,1,0,0,0,5,9,50
897,1,0,0,0,5,9,60
896,1,0,0,0,5,9,70
895,1,0,0,0,5,9,80
894,1,0,0,0,5,9,90
893,1,0,0,0,5,9,100
892,1,0,0,0,5,9,101
891,1,0,0,0,5,8,0
890,1,0,0,0,5,8,40
889,1,0,0,0,5,8,50
888,1,0,0,0,5,8,60
887,1,0,0,0,5,8,70
886,1,0,0,0,5,8,80
885,1,0,0,0,5,8,90
884,1,0,0,0,5,8,100
883,1,0,0,0,5,8,101
882,1,0,0,0,5,7,0
881,1,0,0,0,5,7,40
880,1,0,0,0,5,7,50
879,1,0,0,0,5,7,60
878,1,0,0,0,5,7,70
877,1,0,0,0,5,7,80
876,1,0,0,0,5,7,90
875,1,0,0,0,5,7,100
874,1,0,0,0,5,7,101
873,1,0,0,0,5,6,0
872,1,0,0,0,5,6,40
871,1,0,0,0,5,6,50
870,1,0,0,0,5,6,60
869,1,0,0,0,5,6,70
868,1,0,0,0,5,6,80
867,1,0,0,0,5,6,90
866,1,0,0,0,5,6,100
865,1,0,0,0,5,6,101
864,1,0,0,0,5,5,0
863,1,0,0,0,5,5,40
862,1,0,0,0,5,5,50
861,1,0,0,0,5,5,60
860,1,0,0,0,5,5,70
859,1,0,0,0,5,5,80
858,1,0,0,0,5,5,90
857,1,0,0,0,5,5,100
856,1,0,0,0,5,5,101
855,1,0,0,0,5,4,0
854,1,0,0,0,5,4,40
853,1,0,0,0,5,4,50
852,1,0,0,0,5,4,60
851,1,0,0,0,5,4,70
850,1,0,0,0,5,4,80
849,1,0,0,0,5,4,90
848,1,0,0,0,5,4,100
847,1,0,0,0,5,4,101
846,1,0,0,0,5,3,0
845,1,0,0,0,5,3,40
844,1,0,0,0,5,3,50
843,1,0,0,0,5,3,60
842,1,0,0,0,5,3,70
841,1,0,0,0,5,3,80
840,1,0,0,0,5,3,90
839,1,0,0,0,5,3,100
838,1,0,0,0,5,3,101
837,1,0,0,0,5,2,0
836,1,0,0,0,5,2,40
835,1,0,0,0,5,2,50
834,1,0,0,0,5,2,60
833,1,0,0,0,5,2,70
832,1,0,0,0,5,2,80
831,1,0,0,0,5,2,90
830,1,0,0,0,5,2,100
829,1,0,0,0,5,2,101
828,1,0,0,0,5,1,0
827,1,0,0,0,5,1,40
826,1,0,0,0,5,1,50
825,1,0,0,0,5,1,60
824,1,0,0,0,5,1,70
823,1,0,0,0,5,1,80
822,1,0,0,0,5,1,90
821,1,0,0,0,5,1,100
820,1,0,0,0,5,1,101
819,1,0,0,0,5,0,0
818,1,0,0,0,5,0,40
817,1,0,0,0,5,0,50
816,1,0,0,0,5,0,60
815,1,0,0,0,5,0,70
814,1,0,0,0,5,0,80
813,1,0,0,0,5,0,90
812,1,0,0,0,5,0,100
811,1,0,0,0,5,0,101
810,1,0,0,0,4,9,0
809,1,0,0,0,4,9,40
808,1,0,0,0,4,9,50
807,1,0,0,0,4,9,60
806,1,0,0,0,4,9,70
805,1,0,0,0,4,9,80
804,1,0,0,0,4,9,90
803,1,0,0,0,4,9,100
802,1,0,0,0,4,9,101
801,1,0,0,0,4,8,0
800,1,0,0,0,4,8,40
799,1,0,0,0,4,8,50
798,1,0,0,0,4,8,60
797,1,0,0,0,4,8,70
796,1,0,0,0,4,8,80
795,1,0,0,0,4,8,90
794,1,0,0,0,4,8,100
793,1,0,0,0,4,8,101
792,1,0,0,0,4,7,0
791,1,0,0,0,4,7,40
790,1,0,0,0,4,7,50
789,1,0,0,0,4,7,60
788,1,0,0,0,4,7,70
787,1,0,0,0,4,7,80
786,1,0,0,0,4,7,90
785,1,0,0,0,4,7,100
784,1,0,0,0,4,7,101
783,1,0,0,0,4,6,0
782,1,0,0,0,4,6,40
781,1,0,0,0,4,6,50
780,1,0,0,0,4,6,60
779,1,0,0,0,4,6,70
778,1,0,0,0,4,6,80
777,1,0,0,0,4,6,90
776,1,0,0,0,4,6,100
775,1,0,0,0,4,6,101
774,1,0,0,0,4,5,0
773,1,0,0,0,4,5,40
772,1,0,0,0,4,5,50
771,1,0,0,0,4,5,60
770,1,0,0,0,4,5,70
769,1,0,0,0,4,5,80
768,1,0,0,0,4,5,90
767,1,0,0,0,4,5,100
766,1,0,0,0,4,5,101
765,1,0,0,0,4,4,0
764,1,0,0,0,4,4,40
763,1,0,0,0,4,4,50
762,1,0,0,0,4,4,60
761,1,0,0,0,4,4,70
760,1,0,0,0,4,4,80
759,1,0,0,0,4,4,90
758,1,0,0,0,4,4,100
757,1,0,0,0,4,4,101
756,1,0,0,0,4,3,0
755,1,0,0,0,4,3,40
754,1,0,0,0,4,3,50
753,1,0,0,0,4,3,60
752,1,0,0,0,4,3,70
751,1,0,0,0,4,3,80
750,1,0,0,0,4,3,90
749,1,0,0,0,4,3,100
748,1,0,0,0,4,3,101
747,1,0,0,0,4,2,0
746,1,0,0,0,4,2,40
745,1,0,0,0,4,2,50
744,1,0,0,0,4,2,60
743,1,0,0,0,4,2,70
742,1,0,0,0,4,2,80
741,1,0,0,0,4,2,90
740,1,0,0,0,4,2,100
739,1,0,0,0,4,2,101
738,1,0,0,0,4,1,0
737,1,0,0,0,4,1,40
736,1,0,0,0,4,1,50
735,1,0,0,0,4,1,60
734,1,0,0,0,4,1,70
733,1,0,0,0,4,1,80
732,1,0,0,0,4,1,90
731,1,0,0,0,4,1,100
730,1,0,0,0,4,1,101
729,1,0,0,0,4,0,0
728,1,0,0,0,4,0,40
727,1,0,0,0,4,0,50
726,1,0,0,0,4,0,60
725,1,0,0,0,4,0,70
724,1,0,0,0,4,0,80
723,1,0,0,0,4,0,90
722,1,0,0,0,4,0,100
721,1,0,0,0,4,0,101
720,1,0,0,0,3,9,0
719,1,0,0,0,3,9,40
718,1,0,0,0,3,9,50
717,1,0,0,0,3,9,60
716,1,0,0,0,3,9,70
715,1,0,0,0,3,9,80
714,1,0,0,0,3,9,90
713,1,0,0,0,3,9,100
712,1,0,0,0,3,9,101
711,1,0,0,0,3,8,0
710,1,0,0,0,3,8,40
709,1,0,0,0,3,8,50
708,1,0,0,0,3,8,60
707,1,0,0,0,3,8,70
706,1,0,0,0,3,8,80
705,1,0,0,0,3,8,90
704,1,0,0,0,3,8,100
703,1,0,0,0,3,8,101
702,1,0,0,0,3,7,0
701,1,0,0,0,3,7,40
700,1,0,0,0,3,7,50
699,1,0,0,0,3,7,60
698,1,0,0,0,3,7,70
697,1,0,0,0,3,7,80
696,1,0,0,0,3,7,90
695,1,0,0,0,3,7,100
694,1,0,0,0,3,7,101
693,1,0,0,0,3,6,0
692,1,0,0,0,3,6,40
691,1,0,0,0,3,6,50
690,1,0,0,0,3,6,60
689,1,0,0,0,3,6,70
688,1,0,0,0,3,6,80
687,1,0,0,0,3,6,90
686,1,0,0,0,3,6,100
685,1,0,0,0,3,6,101
684,1,0,0,0,3,5,0
683,1,0,0,0,3,5,40
682,1,0,0,0,3,5,50
681,1,0,0,0,3,5,60
680,1,0,0,0,3,5,70
679,1,0,0,0,3,5,80
678,1,0,0,0,3,5,90
677,1,0,0,0,3,5,100
676,1,0,0,0,3,5,101
675,1,0,0,0,3,4,0
674,1,0,0,0,3,4,40
673,1,0,0,0,3,4,50
672,1,0,0,0,3,4,60
671,1,0,0,0,3,4,70
670,1,0,0,0,3,4,80
669,1,0,0,0,3,4,90
668,1,0,0,0,3,4,100
667,1,0,0,0,3,4,101
666,1,0,0,0,3,3,0
665,1,0,0,0,3,3,40
664,1,0,0,0,3,3,50
663,1,0,0,0,3,3,60
662,1,0,0,0,3,3,70
661,1,0,0,0,3,3,80
660,1,0,0,0,3,3,90
659,1,0,0,0,3,3,100
658,1,0,0,0,3,3,101
657,1,0,0,0,3,2,0
656,1,0,0,0,3,2,40
655,1,0,0,0,3,2,50
654,1,0,0,0,3,2,60
653,1,0,0,0,3,2,70
652,1,0,0,0,3,2,80
651,1,0,0,0,3,2,90
650,1,0,0,0,3,2,100
649,1,0,0,0,3,2,101
648,1,0,0,0,3,1,0
647,1,0,0,0,3,1,40
646,1,0,0,0,3,1,50
645,1,0,0,0,3,1,60
644,1,0,0,0,3,1,70
643,1,0,0,0,3,1,80
642,1,0,0,0,3,1,90
641,1,0,0,0,3,1,100
640,1,0,0,0,3,1,101
639,1,0,0,0,3,0,0
638,1,0,0,0,3,0,40
637,1,0,0,0,3,0,50
636,1,0,0,0,3,0,60
635,1,0,0,0,3,0,70
634,1,0,0,0,3,0,80
633,1,0,0,0,3,0,90
632,1,0,0,0,3,0,100
631,1,0,0,0,3,0,101
630,1,0,0,0,2,9,0
629,1,0,0,0,2,9,40
628,1,0,0,0,2,9,50
627,1,0,0,0,2,9,60
626,1,0,0,0,2,9,70
625,1,0,0,0,2,9,80
624,1,0,0,0,2,9,90
623,1,0,0,0,2,9,100
622,1,0,0,0,2,9,101
621,1,0,0,0,2,8,0
620,1,0,0,0,2,8,40
619,1,0,0,0,2,8,50
618,1,0,0,0,2,8,60
617,1,0,0,0,2,8,70
616,1,0,0,0,2,8,80
615,1,0,0,0,2,8,90
614,1,0,0,0,2,8,100
613,1,0,0,0,2,8,101
612,1,0,0,0,2,7,0
611,1,0,0,0,2,7,40
610,1,0,0,0,2,7,50
609,1,0,0,0,2,7,60
608,1,0,0,0,2,7,70
607,1,0,0,0,2,7,80
606,1,0,0,0,2,7,90
605,1,0,0,0,2,7,100
604,1,0,0,0,2,7,101
603,1,0,0,0,2,6,0
602,1,0,0,0,2,6,40
601,1,0,0,0,2,6,50
600,1,0,0,0,2,6,60
599,1,0,0,0,2,6,70
598,1,0,0,0,2,6,80
597,1,0,0,0,2,6,90
596,1,0,0,0,2,6,100
595,1,0,0,0,2,6,101
594,1,0,0,0,2,5,0
593,1,0,0,0,2,5,40
592,1,0,0,0,2,5,50
591,1,0,0,0,2,5,60
590,1,0,0,0,2,5,70
589,1,0,0,0,2,5,80
588,1,0,0,0,2,5,90
587,1,0,0,0,2,5,100
586,1,0,0,0,2,5,101
585,1,0,0,0,2,4,0
584,1,0,0,0,2,4,40
583,1,0,0,0,2,4,50
582,1,0,0,0,2,4,60
581,1,0,0,0,2,4,70
580,1,0,0,0,2,4,80
579,1,0,0,0,2,4,90
578,1,0,0,0,2,4,100
577,1,0,0,0,2,4,101
576,1,0,0,0,2,3,0
575,1,0,0,0,2,3,40
574,1,0,0,0,2,3,50
573,1,0,0,0,2,3,60
572,1,0,0,0,2,3,70
571,1,0,0,0,2,3,80
570,1,0,0,0,2,3,90
569,1,0,0,0,2,3,100
568,1,0,0,0,2,3,101
567,1,0,0,0,2,2,0
566,1,0,0,0,2,2,40
565,1,0,0,0,2,2,50
564,1,0,0,0,2,2,60
563,1,0,0,0,2,2,70
562,1,0,0,0,2,2,80
561,1,0,0,0,2,2,90
560,1,0,0,0,2,2,100
559,1,0,0,0,2,2,101
558,1,0,0,0,2,1,0
557,1,0,0,0,2,1,40
556,1,0,0,0,2,1,50
555,1,0,0,0,2,1,60
554,1,0,0,0,2,1,70
553,1,0,0,0,2,1,80
552,1,0,0,0,2,1,90
551,1,0,0,0,2,1,100
550,1,0,0,0,2,1,101
549,1,0,0,0,2,0,0
548,1,0,0,0,2,0,40
547,1,0,0,0,2,0,50
546,1,0,0,0,2,0,60
545,1,0,0,0,2,0,70
544,1,0,0,0,2,0,80
543,1,0,0,0,2,0,90
542,1,0,0,0,2,0,100
541,1,0,0,0,2,0,101
540,1,0,0,0,1,9,0
539,1,0,0,0,1,9,40
538,1,0,0,0,1,9,50
537,1,0,0,0,1,9,60
536,1,0,0,0,1,9,70
535,1,0,0,0,1,9,80
534,1,0,0,0,1,9,90
533,1,0,0,0,1,9,100
532,1,0,0,0,1,9,101
531,1,0,0,0,1,8,0
530,1,0,0,0,1,8,40
529,1,0,0,0,1,8,50
528,1,0,0,0,1,8,60
527,1,0,0,0,1,8,70
526,1,0,0,0,1,8,80
525,1,0,0,0,1,8,90
524,1,0,0,0,1,8,100
523,1,0,0,0,1,8,101
522,1,0,0,0,1,7,0
521,1,0,0,0,1,7,40
520,1,0,0,0,1,7,50
519,1,0,0,0,1,7,60
518,1,0,0,0,1,7,70
517,1,0,0,0,1,7,80
516,1,0,0,0,1,7,90
515,1,0,0,0,1,7,100
514,1,0,0,0,1,7,101
513,1,0,0,0,1,6,0
512,1,0,0,0,1,6,40
511,1,0,0,0,1,6,50
510,1,0,0,0,1,6,60
509,1,0,0,0,1,6,70
508,1,0,0,0,1,6,80
507,1,0,0,0,1,6,90
506,1,0,0,0,1,6,100
505,1,0,0,0,1,6,101
504,1,0,0,0,1,5,0
503,1,0,0,0,1,5,40
502,1,0,0,0,1,5,50
501,1,0,0,0,1,5,60
500,1,0,0,0,1,5,70
499,1,0,0,0,1,5,80
498,1,0,0,0,1,5,90
497,1,0,0,0,1,5,100
496,1,0,0,0,1,5,101
495,1,0,0,0,1,4,0
494,1,0,0,0,1,4,40
493,1,0,0,0,1,4,50
492,1,0,0,0,1,4,60
491,1,0,0,0,1,4,70
490,1,0,0,0,1,4,80
489,1,0,0,0,1,4,90
488,1,0,0,0,1,4,100
487,1,0,0,0,1,4,101
486,1,0,0,0,1,3,0
485,1,0,0,0,1,3,40
484,1,0,0,0,1,3,50
483,1,0,0,0,1,3,60
482,1,0,0,0,1,3,70
481,1,0,0,0,1,3,80
480,1,0,0,0,1,3,90
479,1,0,0,0,1,3,100
478,1,0,0,0,1,3,101
477,1,0,0,0,1,2,0
476,1,0,0,0,1,2,40
475,1,0,0,0,1,2,50
474,1,0,0,0,1,2,60
473,1,0,0,0,1,2,70
472,1,0,0,0,1,2,80
471,1,0,0,0,1,2,90
470,1,0,0,0,1,2,100
469,1,0,0,0,1,2,101
468,1,0,0,0,1,1,0
467,1,0,0,0,1,1,40
466,1,0,0,0,1,1,50
465,1,0,0,0,1,1,60
464,1,0,0,0,1,1,70
463,1,0,0,0,1,1,80
462,1,0,0,0,1,1,90
461,1,0,0,0,1,1,100
460,1,0,0,0,1,1,101
459,1,0,0,0,1,0,0
458,1,0,0,0,1,0,40
457,1,0,0,0,1,0,50
456,1,0,0,0,1,0,60
455,1,0,0,0,1,0,70
454,1,0,0,0,1,0,80
453,1,0,0,0,1,0,90
452,1,0,0,0,1,0,100
451,1,0,0,0,1,0,101
450,1,0,0,0,0,9,0
449,1,0,0,0,0,9,40
448,1,0,0,0,0,9,50
447,1,0,0,0,0,9,60
446,1,0,0,0,0,9,70
445,1,0,0,0,0,9,80
444,1,0,0,0,0,9,90
443,1,0,0,0,0,9,100
442,1,0,0,0,0,9,101
441,1,0,0,0,0,8,0
440,1,0,0,0,0,8,40
439,1,0,0,0,0,8,50
438,1,0,0,0,0,8,60
437,1,0,0,0,0,8,70
436,1,0,0,0,0,8,80
435,1,0,0,0,0,8,90
434,1,0,0,0,0,8,100
433,1,0,0,0,0,8,101
432,1,0,0,0,0,7,0
431,1,0,0,0,0,7,40
430,1,0,0,0,0,7,50
429,1,0,0,0,0,7,60
428,1,0,0,0,0,7,70
427,1,0,0,0,0,7,80
426,1,0,0,0,0,7,90
425,1,0,0,0,0,7,100
424,1,0,0,0,0,7,101
423,1,0,0,0,0,6,0
422,1,0,0,0,0,6,40
421,1,0,0,0,0,6,50
420,1,0,0,0,0,6,60
419,1,0,0,0,0,6,70
418,1,0,0,0,0,6,80
417,1,0,0,0,0,6,90
416,1,0,0,0,0,6,100
415,1,0,0,0,0,6,101
414,1,0,0,0,0,5,0
413,1,0,0,0,0,5,40
412,1,0,0,0,0,5,50
411,1,0,0,0,0,5,60
410,1,0,0,0,0,5,70
409,1,0,0,0,0,5,80
408,1,0,0,0,0,5,90
407,1,0,0,0,0,5,100
406,1,0,0,0,0,5,101
405,1,0,0,0,0,4,0
404,1,0,0,0,0,4,40
403,1,0,0,0,0,4,50
402,1,0,0,0,0,4,60
401,1,0,0,0,0,4,70
400,1,0,0,0,0,4,80
399,1,0,0,0,0,4,90
398,1,0,0,0,0,4,100
397,1,0,0,0,0,4,101
396,1,0,0,0,0,3,0
395,1,0,0,0,0,3,40
394,1,0,0,0,0,3,50
393,1,0,0,0,0,3,60
392,1,0,0,0,0,3,70
391,1,0,0,0,0,3,80
390,1,0,0,0,0,3,90
389,1,0,0,0,0,3,100
388,1,0,0,0,0,3,101
387,1,0,0,0,0,2,0
386,1,0,0,0,0,2,40
385,1,0,0,0,0,2,50
384,1,0,0,0,0,2,60
383,1,0,0,0,0,2,70
382,1,0,0,0,0,2,80
381,1,0,0,0,0,2,90
380,1,0,0,0,0,2,100
379,1,0,0,0,0,2,101
378,1,0,0,0,0,1,0
377,1,0,0,0,0,1,40
376,1,0,0,0,0,1,50
375,1,0,0,0,0,1,60
374,1,0,0,0,0,1,70
373,1,0,0,0,0,1,80
372,1,0,0,0,0,1,90
371,1,0,0,0,0,1,100
370,1,0,0,0,0,1,101
369,1,0,0,0,0,0,0
368,1,0,0,0,0,0,40
367,1,0,0,0,0,0,50
366,1,0,0,0,0,0,60
365,1,0,0,0,0,0,70
364,1,0,0,0,0,0,80
363,1,0,0,0,0,0,90
362,1,0,0,0,0,0,100
361,1,0,0,0,0,0,101
360,2,0,0,0,0,9,0
359,2,0,0,0,0,9,40
358,2,0,0,0,0,9,50
357,2,0,0,0,0,9,60
356,2,0,0,0,0,9,70
355,2,0,0,0,0,9,80
354,2,0,0,0,0,9,90
353,2,0,0,0,0,9,100
352,2,0,0,0,0,9,101
351,2,0,0,0,0,8,0
350,2,0,0,0,0,8,40
349,2,0,0,0,0,8,50
348,2,0,0,0,0,8,60
347,2,0,0,0,0,8,70
346,2,0,0,0,0,8,80
345,2,0,0,0,0,8,90
344,2,0,0,0,0,8,100
343,2,0,0,0,0,8,101
342,2,0,0,0,0,7,0
341,2,0,0,0,0,7,40
340,2,0,0,0,0,7,50
339,2,0,0,0,0,7,60
338,2,0,0,0,0,7,70
337,2,0,0,0,0,7,80
336,2,0,0,0,0,7,90
335,2,0,0,0,0,7,100
334,2,0,0,0,0,7,101
333,2,0,0,0,0,6,0
332,2,0,0,0,0,6,40
331,2,0,0,0,0,6,50
330,2,0,0,0,0,6,60
329,2,0,0,0,0,6,70
328,2,0,0,0,0,6,80
327,2,0,0,0,0,6,90
326,2,0,0,0,0,6,100
325,2,0,0,0,0,6,101
324,2,0,0,0,0,5,0
323,2,0,0,0,0,5,40
322,2,0,0,0,0,5,50
321,2,0,0,0,0,5,60
320,2,0,0,0,0,5,70
319,2,0,0,0,0,5,80
318,2,0,0,0,0,5,90
317,2,0,0,0,0,5,100
316,2,0,0,0,0,5,101
315,2,0,0,0,0,4,0
314,2,0,0,0,0,4,40
313,2,0,0,0,0,4,50
312,2,0,0,0,0,4,60
311,2,0,0,0,0,4,70
310,2,0,0,0,0,4,80
309,2,0,0,0,0,4,90
308,2,0,0,0,0,4,100
307,2,0,0,0,0,4,101
306,2,0,0,0,0,3,0
305,2,0,0,0,0,3,40
304,2,0,0,0,0,3,50
303,2,0,0,0,0,3,60
302,2,0,0,0,0,3,70
301,2,0,0,0,0,3,80
300,2,0,0,0,0,3,90
299,2,0,0,0,0,3,100
298,2,0,0,0,0,3,101
297,2,0,0,0,0,2,0
296,2,0,0,0,0,2,40
295,2,0,0,0,0,2,50
294,2,0,0,0,0,2,60
293,2,0,0,0,0,2,70
292,2,0,0,0,0,2,80
291,2,0,0,0,0,2,90
290,2,0,0,0,0,2,100
289,2,0,0,0,0,2,101
288,2,0,0,0,0,1,0
287,2,0,0,0,0,1,40
286,2,0,0,0,0,1,50
285,2,0,0,0,0,1,60
284,2,0,0,0,0,1,70
283,2,0,0,0,0,1,80
282,2,0,0,0,0,1,90
281,2,0,0,0,0,1,100
280,2,0,0,0,0,1,101
279,2,0,0,0,0,0,0
278,2,0,0,0,0,0,40
277,2,0,0,0,0,0,50
276,2,0,0,0,0,0,60
275,2,0,0,0,0,0,70
274,2,0,0,0,0,0,80
273,2,0,0,0,0,0,90
272,2,0,0,0,0,0,100
271,2,0,0,0,0,0,101
270,3,0,0,0,0,9,0
269,3,0,0,0,0,9,40
268,3,0,0,0,0,9,50
267,3,0,0,0,0,9,60
266,3,0,0,0,0,9,70
265,3,0,0,0,0,9,80
264,3,0,0,0,0,9,90
263,3,0,0,0,0,9,100
262,3,0,0,0,0,9,101
261,3,0,0,0,0,8,0
260,3,0,0,0,0,8,40
259,3,0,0,0,0,8,50
258,3,0,0,0,0,8,60
257,3,0,0,0,0,8,70
256,3,0,0,0,0,8,80
255,3,0,0,0,0,8,90
254,3,0,0,0,0,8,100
253,3,0,0,0,0,8,101
252,3,0,0,0,0,7,0
251,3,0,0,0,0,7,40
250,3,0,0,0,0,7,50
249,3,0,0,0,0,7,60
248,3,0,0,0,0,7,70
247,3,0,0,0,0,7,80
246,3,0,0,0,0,7,90
245,3,0,0,0,0,7,100
244,3,0,0,0,0,7,101
243,3,0,0,0,0,6,0
242,3,0,0,0,0,6,40
241,3,0,0,0,0,6,50
240,3,0,0,0,0,6,60
239,3,0,0,0,0,6,70
238,3,0,0,0,0,6,80
237,3,0,0,0,0,6,90
236,3,0,0,0,0,6,100
235,3,0,0,0,0,6,101
234,3,0,0,0,0,5,0
233,3,0,0,0,0,5,40
232,3,0,0,0,0,5,50
231,3,0,0,0,0,5,60
230,3,0,0,0,0,5,70
229,3,0,0,0,0,5,80
228,3,0,0,0,0,5,90
227,3,0,0,0,0,5,100
226,3,0,0,0,0,5,101
225,3,0,0,0,0,4,0
224,3,0,0,0,0,4,40
223,3,0,0,0,0,4,50
222,3,0,0,0,0,4,60
221,3,0,0,0,0,4,70
220,3,0,0,0,0,4,80
219,3,0,0,0,0,4,90
218,3,0,0,0,0,4,100
217,3,0,0,0,0,4,101
216,3,0,0,0,0,3,0
215,3,0,0,0,0,3,40
214,3,0,0,0,0,3,50
213,3,0,0,0,0,3,60
212,3,0,0,0,0,3,70
211,3,0,0,0,0,3,80
210,3,0,0,0,0,3,90
209,3,0,0,0,0,3,100
208,3,0,0,0,0,3,101
207,3,0,0,0,0,2,0
206,3,0,0,0,0,2,40
205,3,0,0,0,0,2,50
204,3,0,0,0,0,2,60
203,3,0,0,0,0,2,70
202,3,0,0,0,0,2,80
201,3,0,0,0,0,2,90
200,3,0,0,0,0,2,100
199,3,0,0,0,0,2,101
198,3,0,0,0,0,1,0
197,3,0,0,0,0,1,40
196,3,0,0,0,0,1,50
195,3,0,0,0,0,1,60
194,3,0,0,0,0,1,70
193,3,0,0,0,0,1,80
192,3,0,0,0,0,1,90
191,3,0,0,0,0,1,100
190,3,0,0,0,0,1,101
189,3,0,0,0,0,0,0
188,3,0,0,0,0,0,40
187,3,0,0,0,0,0,50
186,3,0,0,0,0,0,60
185,3,0,0,0,0,0,70
184,3,0,0,0,0,0,80
183,3,0,0,0,0,0,90
182,3,0,0,0,0,0,100
181,3,0,0,0,0,0,101
180,4,0,0,0,0,9,0
179,4,0,0,0,0,9,40
178,4,0,0,0,0,9,50
177,4,0,0,0,0,9,60
176,4,0,0,0,0,9,70
175,4,0,0,0,0,9,80
174,4,0,0,0,0,9,90
173,4,0,0,0,0,9,100
172,4,0,0,0,0,9,101
171,4,0,0,0,0,8,0
170,4,0,0,0,0,8,40
169,4,0,0,0,0,8,50
168,4,0,0,0,0,8,60
167,4,0,0,0,0,8,70
166,4,0,0,0,0,8,80
165,4,0,0,0,0,8,90
164,4,0,0,0,0,8,100
163,4,0,0,0,0,8,101
162,4,0,0,0,0,7,0
161,4,0,0,0,0,7,40
160,4,0,0,0,0,7,50
159,4,0,0,0,0,7,60
158,4,0,0,0,0,7,70
157,4,0,0,0,0,7,80
156,4,0,0,0,0,7,90
155,4,0,0,0,0,7,100
154,4,0,0,0,0,7,101
153,4,0,0,0,0,6,0
152,4,0,0,0,0,6,40
151,4,0,0,0,0,6,50
150,4,0,0,0,0,6,60
149,4,0,0,0,0,6,70
148,4,0,0,0,0,6,80
147,4,0,0,0,0,6,90
146,4,0,0,0,0,6,100
145,4,0,0,0,0,6,101
144,4,0,0,0,0,5,0
143,4,0,0,0,0,5,40
142,4,0,0,0,0,5,50
141,4,0,0,0,0,5,60
140,4,0,0,0,0,5,70
139,4,0,0,0,0,5,80
138,4,0,0,0,0,5,90
137,4,0,0,0,0,5,100
136,4,0,0,0,0,5,101
135,4,0,0,0,0,4,0
134,4,0,0,0,0,4,40
133,4,0,0,0,0,4,50
132,4,0,0,0,0,4,60
131,4,0,0,0,0,4,70
130,4,0,0,0,0,4,80
129,4,0,0,0,0,4,90
128,4,0,0,0,0,4,100
127,4,0,0,0,0,4,101
126,4,0,0,0,0,3,0
125,4,0,0,0,0,3,40
124,4,0,0,0,0,3,50
123,4,0,0,0,0,3,60
122,4,0,0,0,0,3,70
121,4,0,0,0,0,3,80
120,4,0,0,0,0,3,90
119,4,0,0,0,0,3,100
118,4,0,0,0,0,3,101
117,4,0,0,0,0,2,0
116,4,0,0,0,0,2,40
115,4,0,0,0,0,2,50
114,4,0,0,0,0,2,60
113,4,0,0,0,0,2,70
112,4,0,0,0,0,2,80
111,4,0,0,0,0,2,90
110,4,0,0,0,0,2,100
109,4,0,0,0,0,2,101
108,4,0,0,0,0,1,0
107,4,0,0,0,0,1,40
106,4,0,0,0,0,1,50
105,4,0,0,0,0,1,60
104,4,0,0,0,0,1,70
103,4,0,0,0,0,1,80
102,4,0,0,0,0,1,90
101,4,0,0,0,0,1,100
100,4,0,0,0,0,1,101
99,4,0,0,0,0,0,0
98,4,0,0,0,0,0,40
97,4,0,0,0,0,0,50
96,4,0,0,0,0,0,60
95,4,0,0,0,0,0,70
94,4,0,0,0,0,0,80
93,4,0,0,0,0,0,90
92,4,0,0,0,0,0,100
91,4,0,0,0,0,0,101
90,5,0,0,0,0,9,0
89,5,0,0,0,0,9,40
88,5,0,0,0,0,9,50
87,5,0,0,0,0,9,60
86,5,0,0,0,0,9,70
85,5,0,0,0,0,9,80
84,5,0,0,0,0,9,90
83,5,0,0,0,0,9,100
82,5,0,0,0,0,9,101
81,5,0,0,0,0,8,0
80,5,0,0,0,0,8,40
79,5,0,0,0,0,8,50
78,5,0,0,0,0,8,60
77,5,0,0,0,0,8,70
76,5,0,0,0,0,8,80
75,5,0,0,0,0,8,90
74,5,0,0,0,0,8,100
73,5,0,0,0,0,8,101
72,5,0,0,0,0,7,0
71,5,0,0,0,0,7,40
70,5,0,0,0,0,7,50
69,5,0,0,0,0,7,60
68,5,0,0,0,0,7,70
67,5,0,0,0,0,7,80
66,5,0,0,0,0,7,90
65,5,0,0,0,0,7,100
64,5,0,0,0,0,7,101
63,5,0,0,0,0,6,0
62,5,0,0,0,0,6,40
61,5,0,0,0,0,6,50
60,5,0,0,0,0,6,60
59,5,0,0,0,0,6,70
58,5,0,0,0,0,6,80
57,5,0,0,0,0,6,90
56,5,0,0,0,0,6,100
55,5,0,0,0,0,6,101
54,5,0,0,0,0,5,0
53,5,0,0,0,0,5,40
52,5,0,0,0,0,5,50
51,5,0,0,0,0,5,60
50,5,0,0,0,0,5,70
49,5,0,0,0,0,5,80
48,5,0,0,0,0,5,90
47,5,0,0,0,0,5,100
46,5,0,0,0,0,5,101
45,5,0,0,0,0,4,0
44,5,0,0,0,0,4,40
43,5,0,0,0,0,4,50
42,5,0,0,0,0,4,60
41,5,0,0,0,0,4,70
40,5,0,0,0,0,4,80
39,5,0,0,0,0,4,90
38,5,0,0,0,0,4,100
37,5,0,0,0,0,4,101
36,5,0,0,0,0,3,0
35,5,0,0,0,0,3,40
34,5,0,0,0,0,3,50
33,5,0,0,0,0,3,60
32,5,0,0,0,0,3,70
31,5,0,0,0,0,3,80
30,5,0,0,0,0,3,90
29,5,0,0,0,0,3,100
28,5,0,0,0,0,3,101
27,5,0,0,0,0,2,0
26,5,0,0,0,0,2,40
25,5,0,0,0,0,2,50
24,5,0,0,0,0,2,60
23,5,0,0,0,0,2,70
22,5,0,0,0,0,2,80
21,5,0,0,0,0,2,90
20,5,0,0,0,0,2,100
19,5,0,0,0,0,2,101
18,5,0,0,0,0,1,0
17,5,0,0,0,0,1,40
16,5,0,0,0,0,1,50
15,5,0,0,0,0,1,60
14,5,0,0,0,0,1,70
13,5,0,0,0,0,1,80
12,5,0,0,0,0,1,90
11,5,0,0,0,0,1,100
10,5,0,0,0,0,1,101
9,5,0,0,0,0,0,0
8,5,0,0,0,0,0,40
7,5,0,0,0,0,0,50
6,5,0,0,0,0,0,60
5,5,0,0,0,0,0,70
4,5,0,0,0,0,0,80
3,5,0,0,0,0,0,90
2,5,0,0,0,0,0,100
1,5,0,0,0,0,0,101
