year,school_id,grade_id,program_id,regular_vacancies
2025,1101001,1,1,20
2025,1101001,2,2,0
2025,1101001,3,3,24
2025,1101001,4,4,10
2025,1101002,1,5,18
2025,1101002,2,6,27
2025,1101002,3,7,14
2025,1101002,4,8,7
2025,1101003,1,9,20
2025,1101003,2,10,0
2025,1101003,3,11,31
2025,1101003,4,12,1
2025,1101005,1,13,17
2025,1101005,2,14,9
2025,1101005,3,15,22
2025,1101005,4,16,0
2025,1101006,1,17,20
2025,1101006,2,18,1
2025,1101006,3,19,23
2025,1101006,4,20,1
2025,1101007,1,21,10
2025,1101007,2,22,29
2025,1101007,3,23,4
2025,1101007,4,24,1
2025,1101008,1,25,12
2025,1101008,2,26,2
2025,1101008,3,27,37
2025,1101008,4,28,1
2025,1101009,0,29,14
2025,1101009,2,30,1
2025,1101009,11,31,0
2025,1101010,1,32,19
2025,1101010,2,33,12
2025,1101010,3,34,19
2025,1101010,4,35,1
2025,1101011,0,36,12
2025,1101011,3,37,12
2025,1101011,4,38,0
2025,1101012,0,39,11
2025,1101012,3,40,18
2025,1101012,4,41,0
2025,1101013,1,42,19
2025,1101013,2,43,2
2025,1101013,3,44,35
2025,1101013,4,45,4
2025,1101016,1,46,20
2025,1101016,2,47,5
2025,1101016,3,48,11
2025,1101016,4,49,4
2025,1101034,0,50,17
2025,1101034,2,51,11
2025,1101035,0,52,16
2025,1101035,11,53,2
2025,1101036,0,54,16
2025,1101036,11,55,0
2025,1101037,1,56,14
2025,1101037,2,57,0
2025,1101037,11,58,0
2025,1101038,1,59,20
2025,1101038,2,60,0
2025,1101038,3,61,12
2025,1101038,4,62,2
2025,1101039,8,63,7
2025,1101043,8,64,11
2025,1101047,0,65,18
2025,1101047,11,66,0
2025,1107001,0,67,34
2025,1107001,2,68,21
2025,1107001,3,69,1
2025,1107001,4,70,6
2025,1107002,1,71,12
2025,1107002,2,72,12
2025,1107002,3,73,16
2025,1107002,4,74,10
2025,1107008,1,75,18
2025,1107008,2,76,1
2025,1107008,3,77,5
2025,1107008,4,78,0
2025,1107012,0,79,20
2025,1107012,2,80,20
2025,1107012,3,81,10
2025,1107012,4,82,14
2025,1107012,11,83,10
2025,1107013,1,84,14
2025,1107013,2,85,19
2025,1107013,3,86,16
2025,1107013,4,87,0
2025,1107014,0,88,12
2025,1107014,2,89,46
2025,1107014,3,90,1
2025,1107014,4,91,5
2025,1107014,11,92,13
2025,1107016,1,93,18
2025,1107016,2,94,6
2025,1107016,3,95,2
2025,1107016,4,96,3
2025,1107017,1,97,17
2025,1107017,2,98,8
2025,1107017,3,99,7
2025,1107017,4,100,3
2025,1107017,11,101,20
2025,1107019,0,102,18
2025,1107019,2,103,11
2025,1107019,3,104,4
2025,1107019,11,105,7
2025,1107020,0,106,14
2025,1107020,2,107,6
2025,1107020,11,108,0
2025,1107021,1,109,13
2025,1107021,2,110,1
2025,1107021,11,111,0
2025,1107022,0,112,14
2025,1107022,1,113,20
2025,1107022,2,114,1
2025,1107022,3,115,0
2025,1107022,4,116,0
2025,1107023,1,117,20
2025,1107023,2,118,6
2025,1107023,3,119,7
2025,1107023,4,120,4
2025,1107024,1,121,17
2025,1107024,2,122,13
2025,1107024,3,123,2
2025,1107024,4,124,2
2025,1107025,0,125,19
2025,1107025,2,126,13
2025,1107025,3,127,0
2025,1107025,11,128,3
2025,1107026,1,129,20
2025,1107026,2,130,3
2025,1107026,3,131,13
2025,1107026,4,132,11
2025,1107028,1,133,18
2025,1107028,2,134,7
2025,1107028,3,135,17
2025,1107028,4,136,3
2025,1107029,0,137,17
2025,1107029,2,138,14
2025,1107030,0,139,17
2025,1107030,2,140,3
2025,1107030,3,141,4
2025,1107030,4,142,0
2025,1401001,8,143,9
2025,1401003,0,144,18
2025,1401003,2,145,8
2025,1401003,3,146,0
2025,1401003,4,147,0
2025,1401004,1,148,18
2025,1401004,2,149,6
2025,1401004,3,150,9
2025,1401004,4,151,0
2025,1402001,8,152,6
2025,1402002,8,153,6
2025,1402003,8,154,4
2025,1402004,8,155,9
2025,1402005,8,156,7
2025,1402006,0,157,8
2025,1402006,11,158,3
2025,1403002,8,159,6
2025,1403005,0,160,8
2025,1403005,11,161,2
2025,1404002,8,162,9
2025,1404003,8,163,8
2025,1404004,8,164,8
2025,1404005,8,165,9
2025,1404007,0,166,7
2025,1404007,11,167,11
2025,1405001,0,168,20
2025,1405001,2,169,11
2025,1405001,3,170,6
2025,1405001,4,171,0
2025,1405001,11,172,18
2025,2101001,0,173,7
2025,2101001,2,174,9
2025,2101001,11,175,3
2025,2101002,1,176,40
2025,2101002,2,177,4
2025,2101002,3,178,1
2025,2101002,4,179,13
2025,2101004,0,180,19
2025,2101004,2,181,2
2025,2101004,11,182,0
2025,2101005,0,183,20
2025,2101005,1,184,18
2025,2101005,2,185,46
2025,2101005,3,186,2
2025,2101005,4,187,12
2025,2101005,11,188,2
2025,2101006,1,189,20
2025,2101006,2,190,41
2025,2101006,3,191,3
2025,2101006,4,192,24
2025,2101006,11,193,7
2025,2101007,0,194,15
2025,2101007,3,195,13
2025,2101007,4,196,0
2025,2101008,0,197,17
2025,2101008,11,198,3
2025,2101009,0,199,20
2025,2101009,2,200,14
2025,2101009,3,201,10
2025,2101009,4,202,6
2025,2101010,0,203,19
2025,2101010,2,204,24
2025,2101010,3,205,32
2025,2101010,4,206,2
2025,2101011,1,207,14
2025,2101011,2,208,12
2025,2101011,3,209,0
2025,2101011,4,210,9
2025,2101011,11,211,5
2025,2101012,1,212,31
2025,2101012,2,213,88
2025,2101012,3,214,51
2025,2101012,4,215,7
2025,2101013,1,216,20
2025,2101013,2,217,22
2025,2101013,3,218,19
2025,2101013,4,219,1
2025,2101014,0,220,10
2025,2101014,3,221,12
2025,2101014,4,222,7
2025,2101015,0,223,18
2025,2101015,2,224,11
2025,2101015,3,225,7
2025,2101015,4,226,5
2025,2101015,5,227,6
2025,2101016,0,228,14
2025,2101016,2,229,6
2025,2101016,11,230,0
2025,2101017,0,231,8
2025,2101017,11,232,4
2025,2101018,0,233,13
2025,2101019,1,234,20
2025,2101019,2,235,6
2025,2101019,3,236,1
2025,2101019,4,237,2
2025,2101034,4,238,19
2025,2101034,5,239,0
2025,2101034,6,240,11
2025,2101047,0,241,16
2025,2101047,11,242,0
2025,2101048,0,243,14
2025,2101048,11,244,2
2025,2101049,0,245,13
2025,2101049,11,246,6
2025,2101050,1,247,20
2025,2101050,2,248,4
2025,2101050,3,249,9
2025,2101050,4,250,3
2025,2101051,1,251,20
2025,2101051,2,252,10
2025,2101051,3,253,6
2025,2101051,4,254,2
2025,2101060,0,255,15
2025,2101060,2,256,8
2025,2101060,11,257,0
2025,2101061,0,258,16
2025,2101061,3,259,9
2025,2101061,4,260,6
2025,2101062,0,261,19
2025,2101062,11,262,0
2025,2101063,0,263,20
2025,2101063,2,264,29
2025,2101063,3,265,0
2025,2101063,4,266,0
2025,2101063,11,267,2
2025,2101064,0,268,16
2025,2101064,11,269,0
2025,2101066,0,270,13
2025,2101066,3,271,12
2025,2101066,4,272,24
2025,2101067,0,273,8
2025,2101067,1,274,20
2025,2101067,11,275,2
2025,2102002,9,276,15
2025,2102020,3,277,17
2025,2102020,4,278,0
2025,2104001,0,279,19
2025,2104001,2,280,8
2025,2104001,3,281,1
2025,2104001,4,282,0
2025,2104001,11,283,16
2025,2104002,0,284,20
2025,2104003,2,285,17
2025,2104003,9,286,0
2025,2104021,8,287,8
2025,2201001,1,288,0
2025,2201001,2,289,0
2025,2201001,3,290,0
2025,2201001,4,291,0
2025,2201002,1,292,0
2025,2201002,2,293,0
2025,2201002,3,294,0
2025,2201002,4,295,0
2025,2201003,1,296,20
2025,2201003,2,297,0
2025,2201003,3,298,11
2025,2201003,4,299,0
2025,2201003,11,300,28
2025,2201004,1,301,0
2025,2201004,2,302,0
2025,2201004,11,303,0
2025,2201005,0,304,0
2025,2201006,1,305,0
2025,2201006,2,306,0
2025,2201006,3,307,0
2025,2201006,4,308,0
2025,2201007,0,309,0
2025,2201007,11,310,0
2025,2201008,1,311,0
2025,2201008,2,312,0
2025,2201008,3,313,0
2025,2201008,4,314,0
2025,2201009,0,315,0
2025,2201009,11,316,0
2025,2201010,1,317,0
2025,2201010,2,318,0
2025,2201010,11,319,0
2025,2201011,11,320,0
2025,2201025,0,321,6
2025,2201025,5,322,5
2025,2201025,11,323,6
2025,2203001,1,324,15
2025,2203001,2,325,7
2025,2203001,3,326,4
2025,2203001,4,327,5
2025,2203001,11,328,22
2025,2203003,0,329,20
2025,2203003,1,330,19
2025,2203003,2,331,3
2025,2203003,3,332,1
2025,2203003,4,333,1
2025,2203003,11,334,0
2025,2203019,8,335,8
2025,2203021,8,336,8
2025,2301001,1,337,20
2025,2301001,2,338,4
2025,2301001,3,339,12
2025,2301001,4,340,8
2025,2301001,11,341,24
2025,2301004,0,342,18
2025,2301004,3,343,14
2025,2301004,4,344,11
2025,2301032,11,345,18
2025,2301034,1,346,13
2025,2301034,2,347,5
2025,2301034,3,348,13
2025,2301034,4,349,3
2025,2302001,8,350,9
2025,3101001,0,351,14
2025,3101001,3,352,16
2025,3101001,11,353,4
2025,3101002,0,354,12
2025,3101002,11,355,1
2025,3101003,7,356,50
2025,3101003,8,357,30
2025,3101005,1,358,12
2025,3101005,2,359,0
2025,3101005,11,360,0
2025,3101006,1,361,33
2025,3101006,2,362,33
2025,3101006,3,363,0
2025,3101006,4,364,1
2025,3101008,0,365,20
2025,3101008,1,366,34
2025,3101008,2,367,10
2025,3101008,3,368,4
2025,3101008,4,369,0
2025,3101009,1,370,13
2025,3101009,2,371,27
2025,3101009,3,372,5
2025,3101009,4,373,0
2025,3101009,11,374,0
2025,3101011,8,375,14
2025,3101014,8,376,10
2025,3101016,8,377,14
2025,3101018,0,378,14
2025,3101018,11,379,1
2025,3101019,11,380,12
2025,3101020,0,381,20
2025,3101020,2,382,9
2025,3101020,3,383,4
2025,3101020,4,384,3
2025,3101020,9,385,6
2025,3101020,11,386,30
2025,3101022,9,387,17
2025,3101031,0,388,19
2025,3101031,11,389,8
2025,3101033,0,390,12
2025,3101033,11,391,12
2025,3101034,0,392,8
2025,3101034,11,393,21
2025,3101036,0,394,15
2025,3101036,11,395,2
2025,3101037,1,396,19
2025,3101037,2,397,7
2025,3101037,3,398,8
2025,3101037,4,399,6
2025,3101038,1,400,19
2025,3101038,2,401,8
2025,3101038,3,402,14
2025,3101038,4,403,4
2025,3101039,1,404,17
2025,3101039,2,405,7
2025,3101039,11,406,2
2025,3101040,1,407,19
2025,3101040,2,408,12
2025,3101040,11,409,5
2025,3101041,0,410,16
2025,3101041,11,411,2
2025,3101042,0,412,15
2025,3101042,3,413,17
2025,3101042,4,414,2
2025,3101043,1,415,6
2025,3101043,2,416,2
2025,3101044,1,417,20
2025,3101044,2,418,0
2025,3101044,3,419,10
2025,3101044,4,420,0
2025,3101045,0,421,13
2025,3101045,11,422,7
2025,3101049,1,423,20
2025,3101049,2,424,6
2025,3101049,11,425,5
2025,3101050,0,426,16
2025,3101050,2,427,13
2025,3101050,3,428,0
2025,3101050,11,429,0
2025,3102006,0,430,12
2025,3102006,11,431,1
2025,3102007,1,432,17
2025,3102007,2,433,10
2025,3102007,11,434,12
2025,3102008,1,435,14
2025,3102008,2,436,7
2025,3102008,11,437,5
2025,3102010,0,438,13
2025,3102010,1,439,19
2025,3102010,2,440,11
2025,3102010,3,441,7
2025,3102010,4,442,19
2025,3102010,11,443,3
2025,3102011,0,444,11
2025,3102011,1,445,20
2025,3102011,2,446,20
2025,3102011,3,447,14
2025,3102011,4,448,28
2025,3102011,11,449,2
2025,3103001,0,450,27
2025,3103001,1,451,15
2025,3103001,2,452,11
2025,3103001,11,453,1
2025,3103006,1,454,12
2025,3103006,2,455,12
2025,3103006,11,456,4
2025,3103011,0,457,7
2025,3103011,11,458,10
2025,3103013,8,459,7
2025,3201001,1,460,31
2025,3201001,2,461,4
2025,3201001,3,462,18
2025,3201001,4,463,7
2025,3201001,11,464,25
2025,3201003,0,465,13
2025,3201003,11,466,8
2025,3201006,0,467,16
2025,3201006,9,468,36
2025,3201007,0,469,14
2025,3201007,1,470,20
2025,3201007,2,471,20
2025,3201007,3,472,20
2025,3201007,4,473,28
2025,3201007,11,474,11
2025,3202001,0,475,13
2025,3202001,1,476,19
2025,3202001,2,477,5
2025,3202001,3,478,8
2025,3202001,4,479,0
2025,3202001,11,480,24
2025,3202002,8,481,4
2025,3202003,0,482,13
2025,3202003,11,483,15
2025,3301001,0,484,10
2025,3301001,11,485,8
2025,3301002,0,486,9
2025,3301002,11,487,8
2025,3301003,1,488,20
2025,3301003,2,489,20
2025,3301003,3,490,43
2025,3301003,4,491,38
2025,3301004,0,492,13
2025,3301004,1,493,19
2025,3301004,2,494,20
2025,3301004,3,495,1
2025,3301004,4,496,1
2025,3301004,11,497,35
2025,3301006,0,498,7
2025,3301006,11,499,3
2025,3301008,0,500,14
2025,3301008,11,501,9
2025,3301010,8,502,11
2025,3301012,8,503,8
2025,3301014,0,504,15
2025,3301014,11,505,6
2025,3301016,8,506,8
2025,3301017,0,507,10
2025,3301017,11,508,5
2025,3301018,0,509,20
2025,3301018,2,510,11
2025,3301018,3,511,38
2025,3301018,4,512,23
2025,3302003,8,513,6
2025,3302004,0,514,11
2025,3302004,11,515,20
2025,3302005,0,516,8
2025,3302005,11,517,20
2025,3302007,8,518,7
2025,3302017,8,519,9
2025,3303001,0,520,12
2025,3303001,3,521,13
2025,3303001,4,522,13
2025,3303003,0,523,9
2025,3303003,11,524,14
2025,3303006,8,525,8
2025,3303007,0,526,18
2025,3303007,11,527,15
2025,3303008,0,528,16
2025,3303008,11,529,21
2025,3303009,0,530,19
2025,3303009,11,531,10
2025,3303010,8,532,12
2025,3304001,0,533,31
2025,3304001,1,534,13
2025,3304001,2,535,8
2025,3304001,3,536,4
2025,3304001,4,537,6
2025,3304005,8,538,9
2025,3304006,0,539,18
2025,3304006,11,540,1
2025,3304007,8,541,12
2025,4101001,0,542,11
2025,4101001,2,543,12
2025,4101001,3,544,8
2025,4101001,4,545,0
2025,4101004,0,546,14
2025,4101004,2,547,9
2025,4101004,3,548,24
2025,4101004,4,549,8
2025,4101005,0,550,16
2025,4101005,1,551,13
2025,4101005,2,552,13
2025,4101005,3,553,4
2025,4101005,11,554,2
2025,4101006,0,555,13
2025,4101006,1,556,19
2025,4101006,2,557,23
2025,4101006,3,558,10
2025,4101006,4,559,14
2025,4101006,11,560,28
2025,4101011,0,561,20
2025,4101011,2,562,5
2025,4101011,3,563,15
2025,4101011,4,564,7
2025,4101012,0,565,20
2025,4101012,2,566,5
2025,4101012,3,567,15
2025,4101012,4,568,10
2025,4101014,1,569,10
2025,4101014,2,570,10
2025,4101014,3,571,8
2025,4101014,4,572,8
2025,4101017,8,573,4
2025,4101019,1,574,19
2025,4101019,2,575,3
2025,4101029,8,576,9
2025,4101032,8,577,10
2025,4101033,8,578,8
2025,4101034,8,579,17
2025,4101041,8,580,19
2025,4101045,0,581,15
2025,4101045,9,582,2
2025,4101046,1,583,17
2025,4101046,2,584,1
2025,4101046,3,585,20
2025,4101046,4,586,0
2025,4101047,0,587,13
2025,4101047,3,588,19
2025,4101047,4,589,16
2025,4101049,8,590,19
2025,4101050,8,591,5
2025,4101056,0,592,8
2025,4101056,3,593,14
2025,4101056,4,594,18
2025,4101057,0,595,19
2025,4101057,1,596,20
2025,4101057,2,597,11
2025,4101057,3,598,9
2025,4101057,4,599,6
2025,4101057,9,600,23
2025,4101058,0,601,16
2025,4101058,3,602,4
2025,4101058,9,603,14
2025,4101060,0,604,9
2025,4101060,9,605,10
2025,4101061,0,606,9
2025,4101061,9,607,5
2025,4101062,0,608,13
2025,4101062,9,609,10
2025,4101063,0,610,19
2025,4101063,2,611,3
2025,4101063,3,612,6
2025,4101063,4,613,14
2025,4101064,1,614,20
2025,4101064,2,615,6
2025,4101064,3,616,17
2025,4101064,4,617,11
2025,4101064,9,618,10
2025,4101065,0,619,15
2025,4101065,9,620,2
2025,4101067,1,621,20
2025,4101067,2,622,8
2025,4101067,3,623,44
2025,4101067,4,624,32
2025,4101068,0,625,0
2025,4101068,9,626,2
2025,4101070,0,627,15
2025,4101070,11,628,0
2025,4101071,0,629,10
2025,4101071,3,630,14
2025,4101071,4,631,13
2025,4101072,1,632,18
2025,4101072,2,633,2
2025,4101072,3,634,8
2025,4101072,4,635,0
2025,4101073,0,636,11
2025,4101073,1,637,20
2025,4101073,2,638,3
2025,4101073,3,639,0
2025,4101073,4,640,24
2025,4101074,1,641,20
2025,4101074,2,642,0
2025,4101074,3,643,6
2025,4101074,4,644,5
2025,4101075,8,645,9
2025,4101077,0,646,3
2025,4101077,1,647,15
2025,4101077,2,648,20
2025,4101077,3,649,3
2025,4101077,4,650,0
2025,4101078,0,651,12
2025,4101078,9,652,20
2025,4101080,1,653,19
2025,4101080,2,654,5
2025,4101080,3,655,2
2025,4101080,4,656,1
2025,4101081,1,657,16
2025,4101081,2,658,13
2025,4101081,3,659,15
2025,4101081,4,660,8
2025,4101082,0,661,15
2025,4101082,11,662,3
2025,4102002,1,663,18
2025,4102002,2,664,1
2025,4102002,3,665,3
2025,4102002,4,666,1
2025,4102004,1,667,20
2025,4102004,2,668,22
2025,4102004,3,669,16
2025,4102004,4,670,24
2025,4102004,9,671,16
2025,4102006,1,672,14
2025,4102006,2,673,44
2025,4102006,3,674,41
2025,4102006,4,675,4
2025,4102008,0,676,20
2025,4102008,2,677,22
2025,4102008,3,678,8
2025,4102008,4,679,5
2025,4102010,0,680,18
2025,4102010,9,681,2
2025,4102011,0,682,14
2025,4102011,9,683,1
2025,4102012,0,684,11
2025,4102012,3,685,7
2025,4102012,4,686,6
2025,4102013,0,687,13
2025,4102013,11,688,5
2025,4102014,1,689,12
2025,4102014,2,690,12
2025,4102014,11,691,3
2025,4102015,0,692,10
2025,4102015,11,693,8
2025,4102017,0,694,11
2025,4102017,11,695,4
2025,4102018,0,696,10
2025,4102032,8,697,19
2025,4102042,1,698,20
2025,4102042,2,699,11
2025,4102042,3,700,11
2025,4102042,4,701,1
2025,4102044,0,702,13
2025,4102044,11,703,2
2025,4102045,1,704,8
2025,4102045,2,705,6
2025,4102045,9,706,1
2025,4102046,0,707,8
2025,4102046,1,708,8
2025,4102046,11,709,8
2025,4102047,3,710,21
2025,4102047,4,711,7
2025,4102048,8,712,12
2025,4102049,0,713,16
2025,4102049,9,714,16
2025,4102050,8,715,1
2025,4102053,0,716,10
2025,4102053,11,717,12
2025,4102055,0,718,18
2025,4102055,9,719,2
2025,4102056,0,720,8
2025,4102056,11,721,5
2025,4102058,0,722,19
2025,4102058,3,723,8
2025,4102058,11,724,1
2025,4102059,0,725,14
2025,4102059,3,726,13
2025,4102059,4,727,0
2025,4102060,1,728,20
2025,4102060,2,729,27
2025,4102060,3,730,28
2025,4102060,4,731,3
2025,4102061,1,732,19
2025,4102061,2,733,24
2025,4102061,3,734,7
2025,4102061,4,735,0
2025,4102061,11,736,0
2025,4102062,0,737,17
2025,4102062,1,738,20
2025,4102062,2,739,3
2025,4102062,3,740,3
2025,4102062,4,741,0
2025,4102062,9,742,2
2025,4102063,0,743,19
2025,4102063,1,744,20
2025,4102063,2,745,20
2025,4102063,3,746,0
2025,4102063,4,747,5
2025,4102063,9,748,4
2025,4102064,1,749,20
2025,4102064,2,750,1
2025,4102064,3,751,10
2025,4102064,4,752,5
2025,4103006,8,753,17
2025,4103009,8,754,18
2025,4103011,0,755,13
2025,4103011,11,756,2
2025,4103012,1,757,20
2025,4103012,2,758,12
2025,4103012,3,759,14
2025,4103012,4,760,16
2025,4103012,11,761,21
2025,4104001,0,762,19
2025,4104001,3,763,23
2025,4104001,4,764,20
2025,4104003,0,765,14
2025,4104003,9,766,10
2025,4104009,8,767,5
2025,4104011,9,768,11
2025,4104012,9,769,6
2025,4104013,8,770,11
2025,4105002,0,771,9
2025,4105003,0,772,8
2025,4105004,0,773,13
2025,4105008,8,774,8
2025,4105010,8,775,16
2025,4105011,9,776,15
2025,4105012,9,777,9
2025,4105013,9,778,12
2025,4105019,8,779,10
2025,4106001,1,780,13
2025,4106001,2,781,4
2025,4106001,3,782,10
2025,4106001,4,783,2
2025,4106002,0,784,11
2025,4106002,3,785,25
2025,4106002,4,786,15
2025,4106005,11,787,10
2025,4106007,8,788,14
2025,4106008,8,789,10
2025,4106011,0,790,6
2025,4106011,9,791,16
2025,4106013,0,792,6
2025,4106013,11,793,4
2025,4106014,8,794,17
2025,4106018,8,795,7
2025,4106019,0,796,10
2025,4106019,9,797,6
2025,4106020,0,798,13
2025,4106020,3,799,20
2025,4106020,4,800,12
2025,4106021,0,801,9
2025,4106021,3,802,18
2025,4106021,4,803,9
2025,4106024,0,804,7
2025,4106024,9,805,10
2025,4106025,0,806,7
2025,4106025,11,807,9
2025,4106027,0,808,12
2025,4106027,11,809,0
2025,4106028,8,810,5
2025,4201003,0,811,27
2025,4201003,3,812,22
2025,4201003,4,813,3
2025,4201003,11,814,16
2025,4201004,0,815,16
2025,4201004,9,816,1
2025,4201005,0,817,23
2025,4201005,9,818,4
2025,4201006,0,819,15
2025,4201006,9,820,12
2025,4201010,8,821,12
2025,4201011,8,822,13
2025,4201012,8,823,9
2025,4201015,8,824,13
2025,4201017,7,825,22
2025,4201017,8,826,12
2025,4201019,8,827,4
2025,4201021,8,828,10
2025,4201023,0,829,7
2025,4201023,9,830,4
2025,4201024,0,831,9
2025,4201024,9,832,8
2025,4201025,0,833,11
2025,4201025,9,834,8
2025,4201027,8,835,19
2025,4202001,0,836,19
2025,4202001,3,837,12
2025,4202001,4,838,8
2025,4202001,5,839,17
2025,4202007,0,840,9
2025,4202007,9,841,0
2025,4202009,8,842,6
2025,4202011,8,843,8
2025,4203001,0,844,14
2025,4203001,2,845,4
2025,4203001,3,846,2
2025,4203001,4,847,0
2025,4203001,11,848,12
2025,4203003,0,849,19
2025,4203003,11,850,4
2025,4203007,8,851,5
2025,4203014,8,852,11
2025,4203015,0,853,11
2025,4203016,0,854,13
2025,4203016,11,855,3
2025,4203018,0,856,16
2025,4203018,9,857,13
2025,4203019,0,858,16
2025,4203021,8,859,12
2025,4203022,0,860,10
2025,4203022,9,861,0
2025,4203024,0,862,18
2025,4203024,1,863,20
2025,4203024,2,864,0
2025,4203024,3,865,8
2025,4203024,4,866,11
2025,4203024,9,867,9
2025,4203025,9,868,13
2025,4204001,0,869,39
2025,4204001,3,870,14
2025,4204001,4,871,23
2025,4204003,9,872,13
2025,4204004,0,873,10
2025,4204004,11,874,0
2025,4204005,8,875,9
2025,4204008,8,876,7
2025,4204010,8,877,6
2025,4204011,8,878,9
2025,4204013,8,879,10
2025,4204014,8,880,13
2025,4204015,8,881,9
2025,4204016,8,882,12
2025,4204019,8,883,11
2025,4204020,8,884,16
2025,4204021,8,885,12
2025,4204024,8,886,7
2025,4204026,8,887,6
2025,4204028,8,888,12
2025,4204029,1,889,19
2025,4204029,2,890,12
2025,4204029,3,891,3
2025,4204029,4,892,10
2025,4301002,1,893,19
2025,4301002,2,894,9
2025,4301002,3,895,7
2025,4301002,4,896,3
2025,4301003,0,897,17
2025,4301003,1,898,14
2025,4301003,2,899,67
2025,4301003,3,900,18
2025,4301003,4,901,22
2025,4301003,9,902,11
2025,4301008,1,903,19
2025,4301008,2,904,6
2025,4301008,3,905,10
2025,4301008,4,906,0
2025,4301009,1,907,16
2025,4301009,2,908,13
2025,4301009,3,909,8
2025,4301009,4,910,10
2025,4301011,8,911,23
2025,4301015,8,912,16
2025,4301016,8,913,7
2025,4301018,8,914,16
2025,4301020,0,915,15
2025,4301020,9,916,2
2025,4301022,8,917,17
2025,4301023,8,918,14
2025,4301027,8,919,9
2025,4301029,8,920,7
2025,4301030,8,921,12
2025,4301032,0,922,15
2025,4301032,11,923,3
2025,4301038,8,924,15
2025,4301039,8,925,12
2025,4301041,8,926,9
2025,4301042,9,927,11
2025,4301043,8,928,10
2025,4301044,8,929,9
2025,4301045,8,930,4
2025,4301048,8,931,9
2025,4301054,8,932,19
2025,4301056,11,933,12
2025,4301058,0,934,14
2025,4301058,9,935,1
2025,4301059,0,936,13
2025,4301060,0,937,19
2025,4301060,2,938,7
2025,4301061,0,939,19
2025,4301061,9,940,12
2025,4301062,0,941,12
2025,4301062,9,942,9
2025,4301063,0,943,18
2025,4301063,9,944,8
2025,4301070,0,945,15
2025,4301070,4,946,12
2025,4301071,0,947,14
2025,4301071,9,948,18
2025,4301073,0,949,8
2025,4301073,3,950,7
2025,4301073,9,951,0
2025,4301074,0,952,33
2025,4301074,11,953,23
2025,4301079,0,954,12
2025,4301079,9,955,9
2025,4301080,0,956,12
2025,4301080,1,957,15
2025,4301080,2,958,16
2025,4301080,3,959,18
2025,4301080,4,960,16
2025,4301080,9,961,26
2025,4301081,0,962,16
2025,4301081,11,963,7
2025,4301082,0,964,46
2025,4301082,9,965,28
2025,4302005,8,966,23
2025,4302006,8,967,8
2025,4302008,8,968,15
2025,4302009,8,969,9
2025,4302010,8,970,16
2025,4302012,8,971,14
2025,4302013,0,972,6
2025,4302013,11,973,5
2025,4302014,0,974,14
2025,4302014,9,975,7
2025,4302022,0,976,15
2025,4302022,11,977,9
2025,4303003,0,978,12
2025,4303003,9,979,18
2025,4303004,0,980,18
2025,4303004,2,981,14
2025,4303004,9,982,3
2025,4303014,0,983,17
2025,4303014,9,984,10
2025,4303015,0,985,14
2025,4303015,9,986,17
2025,4303016,0,987,14
2025,4303016,3,988,19
2025,4303016,4,989,13
2025,4303017,0,990,8
2025,4303017,9,991,6
2025,4303018,0,992,16
2025,4303018,11,993,12
2025,4303019,0,994,13
2025,4303019,9,995,13
2025,4303020,0,996,12
2025,4303020,9,997,17
2025,4303023,8,998,12
2025,4303024,8,999,5
2025,4303025,8,1000,8
2025,4303026,8,1001,7
2025,4303031,8,1002,11
2025,4303032,8,1003,10
2025,4303035,1,1004,20
2025,4303035,2,1005,15
2025,4303035,3,1006,19
2025,4303035,4,1007,11
2025,4303036,0,1008,18
2025,4303036,11,1009,22
2025,4304002,0,1010,12
2025,4304006,8,1011,13
2025,4304008,0,1012,12
2025,4304008,11,1013,0
2025,4304009,8,1014,14
2025,4304010,8,1015,11
2025,4304011,0,1016,14
2025,4304011,4,1017,2
2025,4305005,8,1018,14
2025,4305006,8,1019,9
2025,4305008,8,1020,9
2025,4305009,8,1021,14
2025,5101001,0,1022,14
2025,5101001,2,1023,20
2025,5101001,3,1024,1
2025,5101001,4,1025,0
2025,5101003,0,1026,17
2025,5101003,2,1027,14
2025,5101003,3,1028,0
2025,5101003,4,1029,3
2025,5101003,11,1030,1
2025,5101004,0,1031,13
2025,5101004,2,1032,13
2025,5101004,3,1033,3
2025,5101004,4,1034,0
2025,5101007,0,1035,19
2025,5101007,2,1036,14
2025,5101007,3,1037,12
2025,5101007,4,1038,18
2025,5101007,9,1039,10
2025,5101008,0,1040,29
2025,5101008,11,1041,32
2025,5101010,0,1042,37
2025,5101010,2,1043,40
2025,5101010,3,1044,3
2025,5101010,4,1045,0
2025,5101010,11,1046,7
2025,5101011,0,1047,11
2025,5101011,1,1048,11
2025,5101011,2,1049,4
2025,5101011,3,1050,4
2025,5101011,4,1051,0
2025,5101012,0,1052,15
2025,5101012,3,1053,16
2025,5101012,4,1054,21
2025,5101013,0,1055,17
2025,5101013,11,1056,0
2025,5101014,1,1057,29
2025,5101014,2,1058,36
2025,5101014,3,1059,18
2025,5101014,4,1060,8
2025,5101016,0,1061,15
2025,5101016,11,1062,27
2025,5101017,0,1063,40
2025,5101017,2,1064,6
2025,5101017,11,1065,28
2025,5101018,1,1066,20
2025,5101018,2,1067,8
2025,5101018,11,1068,12
2025,5101021,0,1069,17
2025,5101021,11,1070,10
2025,5101022,0,1071,13
2025,5101023,11,1072,16
2025,5101024,0,1073,19
2025,5101024,11,1074,18
2025,5101025,0,1075,13
2025,5101025,11,1076,6
2025,5101026,0,1077,19
2025,5101026,2,1078,4
2025,5101026,11,1079,19
2025,5101027,0,1080,16
2025,5101027,11,1081,11
2025,5101028,0,1082,16
2025,5101030,0,1083,28
2025,5101030,3,1084,10
2025,5101030,4,1085,7
2025,5101031,1,1086,20
2025,5101031,2,1087,8
2025,5101031,11,1088,18
2025,5101033,0,1089,15
2025,5101033,11,1090,3
2025,5101034,0,1091,11
2025,5101034,11,1092,0
2025,5101035,0,1093,14
2025,5101035,11,1094,3
2025,5101105,8,1095,16
2025,5101119,8,1096,12
2025,5101123,8,1097,11
2025,5102001,0,1098,33
2025,5102001,2,1099,24
2025,5102001,3,1100,1
2025,5102001,4,1101,0
2025,5102001,11,1102,0
2025,5102002,0,1103,16
2025,5102002,3,1104,4
2025,5102002,4,1105,2
2025,5102004,11,1106,12
2025,5102005,0,1107,15
2025,5102006,0,1108,11
2025,5102006,11,1109,12
2025,5103001,1,1110,20
2025,5103001,2,1111,6
2025,5103001,3,1112,7
2025,5103001,4,1113,6
2025,5103002,1,1114,17
2025,5103002,2,1115,8
2025,5103002,3,1116,23
2025,5103002,11,1117,3
2025,5103003,0,1118,14
2025,5103003,11,1119,3
2025,5103004,0,1120,9
2025,5103004,11,1121,5
2025,5103005,0,1122,17
2025,5103005,11,1123,0
2025,5103101,8,1124,10
2025,5104001,0,1125,15
2025,5104001,3,1126,15
2025,5104001,4,1127,15
2025,5105001,1,1128,13
2025,5105001,2,1129,3
2025,5105001,3,1130,3
2025,5105001,11,1131,35
2025,5105002,0,1132,11
2025,5105002,11,1133,6
2025,5105003,0,1134,9
2025,5105003,11,1135,12
2025,5105004,0,1136,20
2025,5105004,2,1137,4
2025,5105004,3,1138,8
2025,5105004,4,1139,1
2025,5105005,0,1140,6
2025,5105005,11,1141,8
2025,5105006,11,1142,20
2025,5105007,0,1143,14
2025,5105007,11,1144,8
2025,5105008,0,1145,16
2025,5105008,11,1146,8
2025,5105120,8,1147,10
2025,5105121,8,1148,5
2025,5107001,0,1149,17
2025,5107001,3,1150,13
2025,5107001,4,1151,5
2025,5107002,1,1152,16
2025,5107002,2,1153,1
2025,5107002,3,1154,12
2025,5107002,4,1155,3
2025,5107003,1,1156,18
2025,5107003,2,1157,8
2025,5107003,3,1158,14
2025,5107003,4,1159,6
2025,5107003,11,1160,18
2025,5107004,0,1161,13
2025,5107004,11,1162,6
2025,5107101,8,1163,11
2025,5109001,0,1164,10
2025,5109001,3,1165,14
2025,5109001,4,1166,8
2025,5109002,0,1167,42
2025,5109002,1,1168,17
2025,5109002,3,1169,5
2025,5109002,4,1170,5
2025,5109003,0,1171,20
2025,5109003,2,1172,28
2025,5109003,3,1173,11
2025,5109003,4,1174,8
2025,5109004,0,1175,30
2025,5109004,2,1176,9
2025,5109004,3,1177,0
2025,5109004,4,1178,0
2025,5109005,0,1179,20
2025,5109005,2,1180,15
2025,5109005,3,1181,1
2025,5109005,4,1182,3
2025,5109007,0,1183,0
2025,5109007,1,1184,0
2025,5109007,2,1185,0
2025,5109007,3,1186,0
2025,5109007,4,1187,0
2025,5109007,11,1188,0
2025,5109011,1,1189,19
2025,5109011,2,1190,9
2025,5109013,11,1191,12
2025,5109014,0,1192,16
2025,5109014,11,1193,2
2025,5109015,11,1194,5
2025,5109016,1,1195,20
2025,5109016,2,1196,4
2025,5109016,3,1197,9
2025,5109016,11,1198,18
2025,5109017,0,1199,40
2025,5109017,11,1200,26
2025,5109019,1,1201,17
2025,5109019,2,1202,14
2025,5109019,3,1203,8
2025,5109019,11,1204,17
2025,5109020,1,1205,15
2025,5109020,2,1206,14
2025,5109020,3,1207,8
2025,5109020,11,1208,0
2025,5109021,0,1209,15
2025,5109021,11,1210,0
2025,5109023,1,1211,17
2025,5109023,2,1212,7
2025,5109023,3,1213,9
2025,5109023,4,1214,9
2025,5109023,9,1215,15
2025,5109024,0,1216,13
2025,5109024,1,1217,19
2025,5109024,2,1218,10
2025,5109024,3,1219,2
2025,5109024,11,1220,0
2025,5109025,1,1221,16
2025,5109025,2,1222,4
2025,5109025,3,1223,6
2025,5109025,4,1224,3
2025,5109026,0,1225,27
2025,5109026,3,1226,13
2025,5109026,11,1227,7
2025,5109104,8,1228,12
2025,5109106,8,1229,11
2025,5109115,8,1230,12
2025,5109116,8,1231,15
2025,5109125,8,1232,9
2025,5109127,8,1233,10
2025,5109133,8,1234,9
2025,5201001,0,1235,20
2025,5201001,11,1236,8
2025,5201101,8,1237,35
2025,5301002,1,1238,17
2025,5301002,2,1239,6
2025,5301002,3,1240,5
2025,5301002,4,1241,1
2025,5301003,1,1242,16
2025,5301003,2,1243,8
2025,5301003,3,1244,22
2025,5301003,4,1245,10
2025,5301004,0,1246,9
2025,5301004,11,1247,6
2025,5301005,1,1248,12
2025,5301005,2,1249,6
2025,5301005,3,1250,10
2025,5301005,4,1251,8
2025,5301006,0,1252,14
2025,5301006,11,1253,0
2025,5301007,0,1254,19
2025,5301007,2,1255,9
2025,5301007,3,1256,9
2025,5301007,4,1257,11
2025,5301008,0,1258,16
2025,5301008,11,1259,3
2025,5301009,0,1260,15
2025,5301009,11,1261,10
2025,5301121,8,1262,10
2025,5302001,1,1263,20
2025,5302001,2,1264,9
2025,5302001,3,1265,17
2025,5302001,4,1266,12
2025,5302002,0,1267,16
2025,5302002,11,1268,10
2025,5302003,0,1269,14
2025,5302003,11,1270,2
2025,5304001,0,1271,14
2025,5304001,11,1272,2
2025,5304103,8,1273,11
2025,5401001,1,1274,12
2025,5401001,2,1275,14
2025,5401001,3,1276,1
2025,5401001,4,1277,0
2025,5401002,1,1278,15
2025,5401002,2,1279,4
2025,5401002,11,1280,7
2025,5401003,0,1281,16
2025,5401003,3,1282,16
2025,5401003,4,1283,5
2025,5401004,0,1284,11
2025,5401004,11,1285,10
2025,5401005,0,1286,17
2025,5401005,9,1287,0
2025,5401006,0,1288,7
2025,5401006,9,1289,0
2025,5401007,0,1290,12
2025,5401007,11,1291,19
2025,5401008,0,1292,16
2025,5401008,11,1293,0
2025,5401102,8,1294,7
2025,5401104,8,1295,8
2025,5401106,8,1296,1
2025,5401110,8,1297,7
2025,5401114,8,1298,10
2025,5401115,8,1299,11
2025,5402001,0,1300,9
2025,5402001,3,1301,12
2025,5402001,4,1302,5
2025,5402002,0,1303,18
2025,5402002,11,1304,6
2025,5402004,0,1305,15
2025,5402004,11,1306,5
2025,5402101,8,1307,8
2025,5402102,8,1308,7
2025,5402104,8,1309,12
2025,5402105,8,1310,14
2025,5403001,0,1311,16
2025,5403001,11,1312,2
2025,5403002,11,1313,18
2025,5404001,1,1314,19
2025,5404001,2,1315,10
2025,5404001,3,1316,12
2025,5404001,11,1317,5
2025,5404002,0,1318,12
2025,5404003,0,1319,15
2025,5404104,8,1320,12
2025,5404105,8,1321,11
2025,5404107,8,1322,3
2025,5405001,0,1323,16
2025,5405001,3,1324,1
2025,5405001,4,1325,0
2025,5405002,0,1326,14
2025,5405002,11,1327,0
2025,5405003,0,1328,14
2025,5405003,11,1329,4
2025,5405004,0,1330,16
2025,5405004,9,1331,3
2025,5405104,8,1332,15
2025,5405121,8,1333,12
2025,5501002,0,1334,28
2025,5501002,1,1335,13
2025,5501002,2,1336,2
2025,5501002,3,1337,28
2025,5501002,4,1338,9
2025,5501003,0,1339,13
2025,5501003,3,1340,16
2025,5501003,4,1341,10
2025,5501004,1,1342,10
2025,5501004,2,1343,43
2025,5501004,3,1344,2
2025,5501004,4,1345,0
2025,5501005,0,1346,14
2025,5501005,3,1347,30
2025,5501005,4,1348,0
2025,5501006,0,1349,13
2025,5501006,3,1350,8
2025,5501006,4,1351,7
2025,5501007,0,1352,17
2025,5501007,11,1353,0
2025,5501008,0,1354,12
2025,5501008,11,1355,6
2025,5501009,0,1356,16
2025,5501009,11,1357,0
2025,5501010,0,1358,18
2025,5501010,3,1359,8
2025,5501010,4,1360,9
2025,5501011,1,1361,20
2025,5501011,2,1362,4
2025,5501011,3,1363,9
2025,5501011,4,1364,3
2025,5501012,0,1365,16
2025,5501012,1,1366,20
2025,5501012,2,1367,6
2025,5501012,3,1368,0
2025,5501012,4,1369,4
2025,5501013,1,1370,14
2025,5501013,2,1371,1
2025,5501013,11,1372,0
2025,5502001,0,1373,14
2025,5502001,3,1374,15
2025,5502001,4,1375,3
2025,5502002,0,1376,13
2025,5502002,11,1377,19
2025,5502003,0,1378,12
2025,5502003,11,1379,13
2025,5502004,0,1380,14
2025,5502004,11,1381,1
2025,5502005,0,1382,14
2025,5502005,11,1383,13
2025,5502006,1,1384,19
2025,5502006,2,1385,14
2025,5502006,3,1386,16
2025,5502006,4,1387,17
2025,5502007,11,1388,16
2025,5502008,0,1389,12
2025,5502008,11,1390,0
2025,5502009,0,1391,10
2025,5502009,11,1392,4
2025,5502010,0,1393,17
2025,5502010,11,1394,14
2025,5502011,0,1395,13
2025,5502011,11,1396,6
2025,5502012,0,1397,24
2025,5502012,11,1398,10
2025,5503001,0,1399,20
2025,5503001,2,1400,3
2025,5503001,3,1401,8
2025,5503001,11,1402,2
2025,5503002,0,1403,11
2025,5503002,11,1404,10
2025,5503003,0,1405,14
2025,5503003,11,1406,2
2025,5503004,0,1407,13
2025,5503004,11,1408,5
2025,5503005,0,1409,3
2025,5503005,11,1410,19
2025,5504001,0,1411,16
2025,5504001,11,1412,7
2025,5504002,0,1413,17
2025,5504002,11,1414,3
2025,5504003,11,1415,13
2025,5504004,11,1416,11
2025,5506001,0,1417,41
2025,5506001,3,1418,6
2025,5506001,4,1419,5
2025,5506003,0,1420,12
2025,5506004,0,1421,13
2025,5506004,11,1422,14
2025,5506005,0,1423,14
2025,5506005,11,1424,1
2025,5506006,0,1425,31
2025,5506006,11,1426,18
2025,5506007,0,1427,10
2025,5506007,11,1428,0
2025,5601001,0,1429,16
2025,5601001,1,1430,20
2025,5601001,2,1431,6
2025,5601001,3,1432,23
2025,5601001,4,1433,21
2025,5601003,0,1434,12
2025,5601003,3,1435,23
2025,5601003,4,1436,4
2025,5601003,11,1437,4
2025,5601004,0,1438,18
2025,5601004,11,1439,6
2025,5601005,3,1440,13
2025,5601005,4,1441,7
2025,5601006,1,1442,20
2025,5601006,2,1443,11
2025,5601007,3,1444,24
2025,5601007,4,1445,6
2025,5601008,0,1446,36
2025,5601009,0,1447,17
2025,5601009,11,1448,2
2025,5601010,0,1449,20
2025,5601010,11,1450,32
2025,5601011,0,1451,10
2025,5601011,11,1452,6
2025,5601012,0,1453,16
2025,5601012,11,1454,3
2025,5601013,0,1455,12
2025,5601013,11,1456,4
2025,5601014,0,1457,15
2025,5601014,11,1458,0
2025,5601015,1,1459,20
2025,5601015,2,1460,7
2025,5601015,3,1461,11
2025,5601015,4,1462,4
2025,5601016,1,1463,0
2025,5601016,2,1464,0
2025,5601016,3,1465,0
2025,5601016,4,1466,0
2025,5601103,8,1467,13
2025,5601122,8,1468,8
2025,5602001,0,1469,16
2025,5602001,2,1470,10
2025,5602001,4,1471,0
2025,5602002,0,1472,14
2025,5602002,11,1473,0
2025,5603001,1,1474,19
2025,5603001,2,1475,6
2025,5603001,3,1476,9
2025,5603001,4,1477,6
2025,5603002,0,1478,11
2025,5603002,11,1479,6
2025,5603003,0,1480,16
2025,5603003,11,1481,3
2025,5603004,1,1482,18
2025,5603004,2,1483,0
2025,5603004,11,1484,0
2025,5603005,1,1485,19
2025,5603005,2,1486,4
2025,5603005,11,1487,0
2025,5603006,0,1488,6
2025,5603006,11,1489,0
2025,5604001,1,1490,15
2025,5604001,2,1491,2
2025,5604001,3,1492,14
2025,5604001,4,1493,2
2025,5604002,0,1494,12
2025,5604002,11,1495,7
2025,5604003,0,1496,16
2025,5604003,11,1497,0
2025,5604121,8,1498,13
2025,5605001,0,1499,11
2025,5605001,11,1500,0
2025,5605002,0,1501,14
2025,5605002,11,1502,1
2025,5606001,1,1503,12
2025,5606001,2,1504,9
2025,5606001,3,1505,7
2025,5606001,4,1506,0
2025,5606002,0,1507,15
2025,5606002,11,1508,3
2025,5606003,0,1509,9
2025,5606003,11,1510,7
2025,5606005,8,1511,14
2025,5701001,1,1512,18
2025,5701001,2,1513,11
2025,5701001,3,1514,12
2025,5701001,4,1515,7
2025,5701003,0,1516,7
2025,5701003,3,1517,13
2025,5701003,4,1518,11
2025,5701004,1,1519,9
2025,5701004,2,1520,9
2025,5701004,3,1521,15
2025,5701004,4,1522,14
2025,5701005,1,1523,9
2025,5701005,2,1524,2
2025,5701005,11,1525,1
2025,5701006,0,1526,20
2025,5701006,2,1527,10
2025,5701006,3,1528,15
2025,5701006,4,1529,36
2025,5701007,0,1530,17
2025,5701007,11,1531,4
2025,5701008,1,1532,20
2025,5701008,2,1533,7
2025,5701008,3,1534,6
2025,5701008,4,1535,1
2025,5701009,1,1536,17
2025,5701009,2,1537,4
2025,5701009,3,1538,12
2025,5701009,4,1539,7
2025,5701010,0,1540,6
2025,5701010,3,1541,18
2025,5701010,4,1542,11
2025,5701011,1,1543,11
2025,5701011,2,1544,14
2025,5701011,3,1545,4
2025,5701011,4,1546,8
2025,5701013,0,1547,13
2025,5701013,11,1548,19
2025,5701049,7,1549,45
2025,5701049,8,1550,5
2025,5701104,8,1551,16
2025,5701105,8,1552,9
2025,5702001,0,1553,17
2025,5702001,2,1554,6
2025,5702001,3,1555,17
2025,5702001,4,1556,18
2025,5702002,0,1557,10
2025,5702002,11,1558,13
2025,5702003,0,1559,14
2025,5702003,11,1560,3
2025,5702004,0,1561,8
2025,5702004,11,1562,10
2025,5702005,0,1563,3
2025,5702006,0,1564,12
2025,5702006,11,1565,8
2025,5702007,0,1566,16
2025,5702007,11,1567,7
2025,5703001,0,1568,1
2025,5703001,1,1569,19
2025,5703001,2,1570,14
2025,5703001,3,1571,1
2025,5703001,4,1572,33
2025,5703002,0,1573,6
2025,5703002,3,1574,22
2025,5703002,4,1575,6
2025,5703003,1,1576,19
2025,5703003,2,1577,4
2025,5703003,3,1578,10
2025,5703003,4,1579,2
2025,5703004,0,1580,11
2025,5703004,11,1581,6
2025,5703005,0,1582,15
2025,5703005,11,1583,7
2025,5703006,0,1584,11
2025,5703006,11,1585,8
2025,5703007,0,1586,10
2025,5703007,11,1587,7
2025,5703008,0,1588,9
2025,5703008,11,1589,5
2025,5703009,0,1590,9
2025,5703009,11,1591,7
2025,5704001,0,1592,15
2025,5704001,3,1593,14
2025,5704001,4,1594,18
2025,5704003,0,1595,8
2025,5704003,11,1596,8
2025,5704004,0,1597,14
2025,5704004,11,1598,14
2025,5705001,0,1599,16
2025,5705001,3,1600,21
2025,5705001,4,1601,20
2025,5705002,0,1602,14
2025,5705002,11,1603,16
2025,5705003,0,1604,15
2025,5705003,11,1605,18
2025,5705004,11,1606,11
2025,5705005,1,1607,13
2025,5705005,2,1608,15
2025,5705006,0,1609,16
2025,5705006,11,1610,5
2025,5705007,0,1611,18
2025,5705007,11,1612,8
2025,5706001,0,1613,12
2025,5706001,2,1614,32
2025,5706001,3,1615,41
2025,5706001,4,1616,10
2025,5706002,0,1617,11
2025,5706002,11,1618,7
2025,5706003,0,1619,14
2025,5706003,11,1620,9
2025,5706004,0,1621,9
2025,5706004,11,1622,9
2025,5706005,0,1623,12
2025,5706005,11,1624,10
2025,5706006,0,1625,15
2025,5706006,11,1626,8
2025,5706104,8,1627,14
2025,5801002,3,1628,42
2025,5801002,4,1629,21
2025,5801003,0,1630,13
2025,5801003,11,1631,4
2025,5801005,0,1632,14
2025,5801005,11,1633,6
2025,5801007,0,1634,14
2025,5801007,11,1635,0
2025,5801008,0,1636,15
2025,5801008,11,1637,0
2025,5801009,0,1638,16
2025,5801009,11,1639,2
2025,5801011,0,1640,15
2025,5801011,1,1641,20
2025,5801011,2,1642,9
2025,5801011,3,1643,19
2025,5801011,4,1644,5
2025,5801011,11,1645,6
2025,5801012,0,1646,20
2025,5801012,2,1647,14
2025,5801012,3,1648,1
2025,5801012,4,1649,6
2025,5801013,0,1650,11
2025,5801013,11,1651,6
2025,5801014,0,1652,15
2025,5801014,11,1653,0
2025,5801015,0,1654,15
2025,5801015,11,1655,5
2025,5801016,0,1656,13
2025,5801016,11,1657,1
2025,5801017,0,1658,20
2025,5801017,2,1659,14
2025,5801017,3,1660,0
2025,5801017,11,1661,1
2025,5801018,0,1662,45
2025,5801018,3,1663,4
2025,5801018,11,1664,12
2025,5801019,0,1665,17
2025,5801019,11,1666,3
2025,5801020,0,1667,46
2025,5801020,3,1668,9
2025,5801020,11,1669,7
2025,5801023,0,1670,29
2025,5801023,11,1671,3
2025,5801113,8,1672,12
2025,5801116,8,1673,10
2025,5802001,1,1674,13
2025,5802001,2,1675,43
2025,5802001,11,1676,6
2025,5802002,0,1677,17
2025,5802002,2,1678,3
2025,5802002,11,1679,35
2025,5802003,0,1680,14
2025,5802003,3,1681,9
2025,5802003,4,1682,0
2025,5802004,0,1683,14
2025,5802004,11,1684,0
2025,5802005,0,1685,16
2025,5802005,11,1686,5
2025,5802006,0,1687,8
2025,5802006,11,1688,13
2025,5802007,0,1689,17
2025,5802007,11,1690,24
2025,5802008,0,1691,19
2025,5802008,2,1692,23
2025,5802008,11,1693,6
2025,5802009,0,1694,17
2025,5802009,2,1695,14
2025,5802009,11,1696,18
2025,5802101,8,1697,6
2025,5803001,1,1698,14
2025,5803001,2,1699,29
2025,5803001,3,1700,18
2025,5803001,4,1701,8
2025,5803002,0,1702,17
2025,5803002,11,1703,0
2025,5803003,0,1704,10
2025,5803003,11,1705,7
2025,5803004,0,1706,20
2025,5803004,2,1707,15
2025,5803004,4,1708,5
2025,5803004,9,1709,17
2025,5803124,8,1710,16
2025,5804001,1,1711,14
2025,5804001,2,1712,24
2025,5804001,3,1713,14
2025,5804001,4,1714,3
2025,5804003,0,1715,16
2025,5804003,2,1716,15
2025,5804004,0,1717,10
2025,5804004,11,1718,7
2025,5804005,0,1719,13
2025,5804005,11,1720,1
2025,5804006,0,1721,13
2025,5804006,11,1722,4
2025,5804007,0,1723,15
2025,5804007,2,1724,12
2025,5804007,3,1725,3
2025,5804007,4,1726,7
2025,5804008,0,1727,20
2025,5804008,2,1728,14
2025,5804008,11,1729,17
2025,5804122,8,1730,8
2025,6101001,0,1731,17
2025,6101001,2,1732,8
2025,6101001,3,1733,0
2025,6101001,4,1734,0
2025,6101001,9,1735,1
2025,6101003,1,1736,18
2025,6101003,2,1737,21
2025,6101003,3,1738,5
2025,6101003,4,1739,5
2025,6101003,9,1740,7
2025,6101005,1,1741,14
2025,6101005,2,1742,11
2025,6101005,3,1743,3
2025,6101005,4,1744,2
2025,6101005,9,1745,10
2025,6101007,1,1746,30
2025,6101007,2,1747,36
2025,6101007,3,1748,3
2025,6101007,4,1749,4
2025,6101008,0,1750,17
2025,6101008,9,1751,0
2025,6101009,0,1752,11
2025,6101009,11,1753,0
2025,6101011,0,1754,15
2025,6101011,1,1755,20
2025,6101011,2,1756,22
2025,6101011,3,1757,0
2025,6101011,4,1758,2
2025,6101014,0,1759,14
2025,6101014,9,1760,0
2025,6101015,1,1761,40
2025,6101015,2,1762,13
2025,6101015,3,1763,4
2025,6101015,4,1764,0
2025,6101016,0,1765,38
2025,6101017,0,1766,9
2025,6101017,11,1767,0
2025,6101207,8,1768,14
2025,6101208,8,1769,18
2025,6101401,3,1770,6
2025,6101401,4,1771,2
2025,6101401,5,1772,7
2025,6101402,1,1773,19
2025,6101402,2,1774,9
2025,6101402,3,1775,2
2025,6101402,4,1776,29
2025,6101402,5,1777,8
2025,6101403,3,1778,24
2025,6101403,4,1779,8
2025,6101404,3,1780,26
2025,6101404,4,1781,12
2025,6101405,3,1782,30
2025,6101405,4,1783,10
2025,6101406,0,1784,16
2025,6101407,0,1785,12
2025,6101407,9,1786,0
2025,6101408,0,1787,17
2025,6101408,9,1788,4
2025,6101409,1,1789,13
2025,6101409,2,1790,6
2025,6101409,9,1791,2
2025,6101410,0,1792,16
2025,6101410,3,1793,16
2025,6101410,4,1794,6
2025,6101411,0,1795,10
2025,6101411,9,1796,6
2025,6101412,0,1797,13
2025,6101413,0,1798,10
2025,6101413,9,1799,5
2025,6101601,7,1800,25
2025,6101601,8,1801,25
2025,6102401,0,1802,9
2025,6102401,9,1803,6
2025,6103001,0,1804,7
2025,6103001,9,1805,0
2025,6103401,0,1806,15
2025,6103402,0,1807,13
2025,6103402,9,1808,9
2025,6104001,0,1809,19
2025,6104001,2,1810,14
2025,6104001,3,1811,5
2025,6104001,4,1812,9
2025,6104103,8,1813,12
2025,6104104,8,1814,5
2025,6104202,8,1815,1
2025,6104401,0,1816,15
2025,6104401,3,1817,15
2025,6104401,4,1818,4
2025,6104402,0,1819,10
2025,6104402,9,1820,3
2025,6104403,0,1821,12
2025,6104403,9,1822,9
2025,6104404,0,1823,12
2025,6105401,0,1824,17
2025,6105401,3,1825,14
2025,6105401,4,1826,38
2025,6105401,9,1827,23
2025,6105402,0,1828,9
2025,6105402,9,1829,0
2025,6105403,0,1830,19
2025,6105403,3,1831,13
2025,6105403,4,1832,7
2025,6106001,0,1833,17
2025,6106001,1,1834,20
2025,6106001,2,1835,0
2025,6106001,3,1836,8
2025,6106001,4,1837,0
2025,6106001,9,1838,3
2025,6106201,8,1839,5
2025,6106401,1,1840,12
2025,6106401,2,1841,29
2025,6106401,3,1842,0
2025,6106401,4,1843,1
2025,6106401,5,1844,3
2025,6106402,2,1845,11
2025,6106402,3,1846,18
2025,6106402,4,1847,10
2025,6106403,0,1848,15
2025,6106404,0,1849,15
2025,6106404,9,1850,9
2025,6107001,0,1851,8
2025,6107001,9,1852,1
2025,6107105,8,1853,6
2025,6107107,8,1854,15
2025,6107202,8,1855,7
2025,6107203,8,1856,11
2025,6107204,8,1857,6
2025,6107205,8,1858,0
2025,6107301,8,1859,9
2025,6107302,8,1860,3
2025,6107303,8,1861,8
2025,6107401,0,1862,11
2025,6107401,9,1863,11
2025,6107402,0,1864,11
2025,6107402,9,1865,8
2025,6107403,0,1866,15
2025,6107404,0,1867,10
2025,6108001,0,1868,17
2025,6108001,9,1869,0
2025,6108003,1,1870,19
2025,6108003,2,1871,7
2025,6108003,3,1872,7
2025,6108003,4,1873,2
2025,6108201,8,1874,9
2025,6108401,3,1875,29
2025,6108401,4,1876,0
2025,6108401,9,1877,27
2025,6108402,0,1878,13
2025,6108402,9,1879,8
2025,6108403,0,1880,16
2025,6108403,9,1881,0
2025,6108404,0,1882,20
2025,6108404,9,1883,1
2025,6108405,0,1884,16
2025,6108405,9,1885,0
2025,6108406,9,1886,15
2025,6109001,0,1887,34
2025,6109001,3,1888,12
2025,6109001,4,1889,10
2025,6109106,8,1890,8
2025,6109402,0,1891,11
2025,6109402,9,1892,11
2025,6109404,0,1893,16
2025,6109404,9,1894,4
2025,6109405,0,1895,15
2025,6109405,9,1896,6
2025,6110202,8,1897,8
2025,6110401,0,1898,15
2025,6110401,9,1899,0
2025,6110402,0,1900,16
2025,6110402,9,1901,8
2025,6110403,0,1902,16
2025,6110403,3,1903,18
2025,6110403,4,1904,3
2025,6111103,8,1905,8
2025,6111202,8,1906,13
2025,6111301,8,1907,17
2025,6112301,8,1908,11
2025,6112401,0,1909,15
2025,6112401,9,1910,7
2025,6112402,0,1911,17
2025,6112402,9,1912,6
2025,6112403,0,1913,16
2025,6112403,9,1914,12
2025,6113104,8,1915,21
2025,6113105,8,1916,11
2025,6113106,8,1917,11
2025,6113402,0,1918,20
2025,6113402,1,1919,20
2025,6113402,2,1920,7
2025,6113402,3,1921,24
2025,6113402,4,1922,1
2025,6113402,9,1923,18
2025,6113404,0,1924,14
2025,6113404,9,1925,10
2025,6113405,0,1926,17
2025,6113405,3,1927,15
2025,6113405,4,1928,11
2025,6113407,0,1929,17
2025,6113407,9,1930,5
2025,6113408,0,1931,17
2025,6113408,9,1932,11
2025,6114001,0,1933,9
2025,6114001,11,1934,1
2025,6115001,0,1935,10
2025,6115001,9,1936,6
2025,6115002,0,1937,19
2025,6115002,2,1938,2
2025,6115002,3,1939,6
2025,6115002,4,1940,1
2025,6115003,1,1941,20
2025,6115003,2,1942,6
2025,6115003,3,1943,11
2025,6115003,4,1944,3
2025,6115004,1,1945,20
2025,6115004,2,1946,5
2025,6115004,3,1947,7
2025,6115004,4,1948,2
2025,6115101,8,1949,8
2025,6115201,8,1950,11
2025,6115203,8,1951,6
2025,6115401,3,1952,16
2025,6115401,4,1953,8
2025,6115401,9,1954,18
2025,6115402,1,1955,15
2025,6115402,2,1956,12
2025,6115402,3,1957,15
2025,6115402,4,1958,11
2025,6115402,9,1959,18
2025,6115403,0,1960,14
2025,6115403,9,1961,5
2025,6115404,0,1962,14
2025,6115405,0,1963,16
2025,6115405,9,1964,5
2025,6115406,0,1965,10
2025,6115406,9,1966,0
2025,6115407,1,1967,11
2025,6115407,2,1968,10
2025,6115407,9,1969,1
2025,6116101,8,1970,9
2025,6116103,8,1971,8
2025,6116401,0,1972,12
2025,6116401,9,1973,11
2025,6116402,0,1974,14
2025,6116402,9,1975,4
2025,6116403,0,1976,14
2025,6116403,9,1977,27
2025,6116404,0,1978,16
2025,6116404,9,1979,0
2025,6116405,0,1980,14
2025,6116405,9,1981,3
2025,6116406,0,1982,18
2025,6116901,8,1983,6
2025,6117001,0,1984,12
2025,6117001,9,1985,6
2025,6117106,8,1986,12
2025,6117112,8,1987,12
2025,6117113,8,1988,5
2025,6117115,8,1989,12
2025,6117201,8,1990,13
2025,6117202,8,1991,9
2025,6117203,8,1992,11
2025,6117402,0,1993,17
2025,6117402,9,1994,1
2025,6117403,0,1995,13
2025,6117403,9,1996,3
2025,6201202,8,1997,9
2025,6201203,8,1998,5
2025,6201401,0,1999,17
2025,6201401,9,2000,0
2025,6201402,0,2001,7
2025,6201402,9,2002,6
2025,6202301,8,2003,7
2025,6202401,0,2004,7
2025,6202401,4,2005,0
2025,6203101,8,2006,3
2025,6203201,8,2007,11
2025,6204001,0,2008,5
2025,6204001,11,2009,3
2025,6204401,0,2010,15
2025,6204401,9,2011,8
2025,6205201,8,2012,11
2025,6205301,8,2013,7
2025,6205401,0,2014,10
2025,6205401,9,2015,16
2025,6205802,8,2016,5
2025,6206301,8,2017,11
2025,6206603,8,2018,20
2025,6301001,1,2019,21
2025,6301001,2,2020,47
2025,6301001,3,2021,0
2025,6301001,4,2022,3
2025,6301001,9,2023,14
2025,6301003,1,2024,18
2025,6301003,2,2025,21
2025,6301003,3,2026,22
2025,6301003,4,2027,3
2025,6301003,9,2028,19
2025,6301004,1,2029,37
2025,6301004,2,2030,25
2025,6301004,3,2031,13
2025,6301004,4,2032,16
2025,6301103,8,2033,7
2025,6301104,8,2034,11
2025,6301108,8,2035,13
2025,6301110,8,2036,14
2025,6301202,8,2037,0
2025,6301301,8,2038,17
2025,6301401,9,2039,13
2025,6301402,0,2040,20
2025,6301402,1,2041,16
2025,6301402,2,2042,8
2025,6301402,3,2043,9
2025,6301402,4,2044,4
2025,6301403,0,2045,18
2025,6301406,0,2046,12
2025,6301406,9,2047,12
2025,6302105,8,2048,8
2025,6302108,8,2049,9
2025,6302110,8,2050,9
2025,6302111,8,2051,11
2025,6302401,0,2052,9
2025,6302401,9,2053,30
2025,6302401,11,2054,0
2025,6302402,0,2055,12
2025,6302402,9,2056,15
2025,6302403,0,2057,18
2025,6302403,9,2058,15
2025,6302902,8,2059,10
2025,6303001,0,2060,8
2025,6303001,9,2061,0
2025,6303102,8,2062,16
2025,6303401,3,2063,30
2025,6303401,4,2064,8
2025,6303401,5,2065,17
2025,6303402,0,2066,15
2025,6303402,9,2067,0
2025,6303403,0,2068,18
2025,6303403,9,2069,1
2025,6303404,0,2070,15
2025,6303404,9,2071,11
2025,6304401,0,2072,11
2025,6304401,9,2073,0
2025,6304402,0,2074,7
2025,6304901,8,2075,5
2025,6304902,8,2076,7
2025,6305001,0,2077,13
2025,6305001,1,2078,20
2025,6305001,2,2079,17
2025,6305001,3,2080,12
2025,6305001,4,2081,2
2025,6305001,9,2082,8
2025,6305002,0,2083,7
2025,6305002,9,2084,1
2025,6305101,8,2085,13
2025,6305201,8,2086,14
2025,6306202,8,2087,10
2025,6306203,8,2088,18
2025,6306401,0,2089,12
2025,6306401,9,2090,0
2025,6306402,9,2091,25
2025,6307102,8,2092,3
2025,6307402,0,2093,13
2025,6307402,3,2094,19
2025,6307402,4,2095,12
2025,6307403,0,2096,15
2025,6307403,9,2097,4
2025,6307404,9,2098,16
2025,6307405,0,2099,12
2025,6307405,9,2100,10
2025,6308104,8,2101,13
2025,6308105,8,2102,5
2025,6308201,8,2103,3
2025,6308403,0,2104,13
2025,6308403,3,2105,22
2025,6308403,4,2106,15
2025,6308404,0,2107,13
2025,6309102,8,2108,5
2025,6309201,8,2109,18
2025,6310105,8,2110,10
2025,6310201,8,2111,10
2025,6310302,8,2112,15
2025,6310402,0,2113,10
2025,6310402,2,2114,10
2025,6310402,3,2115,15
2025,6310402,4,2116,10
2025,6310403,0,2117,12
2025,6310404,0,2118,20
2025,6310404,1,2119,16
2025,6310404,2,2120,5
2025,6310404,9,2121,7
2025,6310405,1,2122,31
2025,6310405,2,2123,15
2025,6310405,3,2124,3
2025,6310405,4,2125,9
2025,6310406,0,2126,16
2025,6310406,9,2127,17
2025,6310407,0,2128,17
2025,6310407,9,2129,16
2025,6310408,0,2130,14
2025,6310408,9,2131,0
2025,6310901,8,2132,9
2025,6310902,8,2133,10
2025,7101001,1,2134,19
2025,7101001,2,2135,9
2025,7101001,3,2136,9
2025,7101001,4,2137,0
2025,7101002,0,2138,20
2025,7101002,1,2139,21
2025,7101002,2,2140,15
2025,7101002,3,2141,11
2025,7101002,4,2142,0
2025,7101002,11,2143,1
2025,7101004,0,2144,25
2025,7101004,3,2145,4
2025,7101004,4,2146,0
2025,7101007,1,2147,13
2025,7101007,2,2148,8
2025,7101007,3,2149,9
2025,7101007,4,2150,5
2025,7101008,0,2151,6
2025,7101008,1,2152,18
2025,7101008,2,2153,15
2025,7101008,3,2154,18
2025,7101008,4,2155,2
2025,7101009,1,2156,18
2025,7101009,2,2157,43
2025,7101009,3,2158,35
2025,7101009,4,2159,14
2025,7101010,0,2160,20
2025,7101010,1,2161,17
2025,7101010,2,2162,24
2025,7101010,3,2163,7
2025,7101010,4,2164,12
2025,7101010,11,2165,3
2025,7101011,1,2166,13
2025,7101011,2,2167,47
2025,7101011,3,2168,0
2025,7101011,4,2169,0
2025,7101019,0,2170,13
2025,7101019,2,2171,9
2025,7101019,3,2172,6
2025,7101019,4,2173,10
2025,7101019,9,2174,12
2025,7101026,0,2175,23
2025,7101026,3,2176,13
2025,7101026,4,2177,4
2025,7101026,9,2178,15
2025,7101028,0,2179,20
2025,7101028,2,2180,9
2025,7101028,3,2181,3
2025,7101028,4,2182,1
2025,7101028,9,2183,17
2025,7101029,0,2184,29
2025,7101029,3,2185,5
2025,7101029,9,2186,5
2025,7101030,9,2187,14
2025,7101031,0,2188,13
2025,7101031,9,2189,3
2025,7101032,0,2190,15
2025,7101033,1,2191,18
2025,7101033,2,2192,5
2025,7101033,9,2193,4
2025,7101034,0,2194,15
2025,7101034,9,2195,3
2025,7101035,0,2196,4
2025,7101035,9,2197,1
2025,7101036,1,2198,17
2025,7101036,2,2199,6
2025,7101036,9,2200,2
2025,7101037,0,2201,18
2025,7101037,2,2202,8
2025,7101037,3,2203,1
2025,7101037,4,2204,4
2025,7101038,0,2205,13
2025,7101038,3,2206,8
2025,7101038,4,2207,8
2025,7101039,0,2208,16
2025,7101039,9,2209,4
2025,7101040,0,2210,12
2025,7101040,1,2211,19
2025,7101040,2,2212,5
2025,7101040,3,2213,4
2025,7101040,4,2214,0
2025,7101040,11,2215,0
2025,7101041,0,2216,19
2025,7101041,2,2217,11
2025,7101041,4,2218,1
2025,7101041,11,2219,0
2025,7102009,0,2220,33
2025,7102009,2,2221,5
2025,7102009,3,2222,20
2025,7102009,4,2223,10
2025,7102009,9,2224,26
2025,7102010,0,2225,25
2025,7102010,3,2226,5
2025,7102010,4,2227,0
2025,7102014,0,2228,15
2025,7102014,2,2229,4
2025,7102014,9,2230,4
2025,7102015,0,2231,14
2025,7102015,9,2232,9
2025,7102029,8,2233,11
2025,7102031,0,2234,14
2025,7102031,11,2235,0
2025,7102032,11,2236,13
2025,7104005,8,2237,5
2025,7104009,0,2238,11
2025,7104009,9,2239,8
2025,7105015,0,2240,11
2025,7105015,9,2241,3
2025,7105016,0,2242,16
2025,7105016,9,2243,3
2025,7105017,0,2244,15
2025,7105017,9,2245,18
2025,7105018,0,2246,17
2025,7105018,9,2247,11
2025,7105019,0,2248,9
2025,7105019,9,2249,4
2025,7105020,0,2250,13
2025,7105021,0,2251,10
2025,7105021,9,2252,12
2025,7105022,0,2253,14
2025,7105022,9,2254,2
2025,7105024,8,2255,11
2025,7105025,8,2256,10
2025,7105026,0,2257,8
2025,7105026,9,2258,0
2025,7105027,1,2259,13
2025,7105027,2,2260,1
2025,7105027,9,2261,0
2025,7105029,1,2262,12
2025,7105029,2,2263,1
2025,7105029,11,2264,0
2025,7105030,0,2265,20
2025,7105030,2,2266,9
2025,7105030,3,2267,0
2025,7105030,4,2268,3
2025,7105031,1,2269,20
2025,7105031,2,2270,3
2025,7105031,3,2271,7
2025,7105031,4,2272,3
2025,7106005,1,2273,12
2025,7106005,2,2274,8
2025,7106005,3,2275,16
2025,7106005,4,2276,0
2025,7106009,8,2277,8
2025,7108008,0,2278,16
2025,7108008,9,2279,8
2025,7108010,0,2280,16
2025,7108010,2,2281,4
2025,7108010,9,2282,5
2025,7108012,0,2283,8
2025,7108012,9,2284,0
2025,7108023,0,2285,10
2025,7108023,11,2286,5
2025,7109001,0,2287,13
2025,7109001,1,2288,14
2025,7109001,2,2289,22
2025,7109001,3,2290,13
2025,7109001,4,2291,9
2025,7109018,0,2292,13
2025,7109018,9,2293,2
2025,7109019,0,2294,10
2025,7109019,9,2295,4
2025,7109020,0,2296,5
2025,7109020,2,2297,11
2025,7109020,3,2298,0
2025,7109020,4,2299,2
2025,7109024,8,2300,12
2025,7109033,8,2301,12
2025,7109044,8,2302,12
2025,7109045,0,2303,20
2025,7109045,2,2304,11
2025,7109045,4,2305,1
2025,7109045,11,2306,0
2025,7110001,8,2307,1
2025,7110006,8,2308,0
2025,7110007,0,2309,11
2025,7110007,2,2310,14
2025,7110007,9,2311,26
2025,7110011,8,2312,5
2025,7110012,0,2313,6
2025,7110012,9,2314,0
2025,7110014,8,2315,7
2025,7110015,8,2316,13
2025,7201001,0,2317,9
2025,7201001,1,2318,15
2025,7201001,2,2319,11
2025,7201001,3,2320,0
2025,7201001,4,2321,2
2025,7201005,0,2322,15
2025,7201005,9,2323,10
2025,7201009,0,2324,15
2025,7201009,3,2325,11
2025,7201009,4,2326,15
2025,7201010,0,2327,13
2025,7201010,9,2328,12
2025,7201011,0,2329,16
2025,7201011,9,2330,1
2025,7201013,0,2331,14
2025,7201013,9,2332,8
2025,7201015,8,2333,11
2025,7201017,0,2334,15
2025,7201018,0,2335,16
2025,7201018,11,2336,0
2025,7201019,0,2337,16
2025,7201019,2,2338,19
2025,7201019,4,2339,14
2025,7201019,11,2340,19
2025,7202003,0,2341,8
2025,7202013,7,2342,3
2025,7202013,8,2343,7
2025,7202021,7,2344,2
2025,7202021,8,2345,5
2025,7202028,7,2346,7
2025,7202028,8,2347,3
2025,7202029,7,2348,3
2025,7202029,8,2349,8
2025,7202030,7,2350,4
2025,7202030,8,2351,5
2025,7202031,7,2352,7
2025,7202031,8,2353,4
2025,7202032,7,2354,3
2025,7202032,8,2355,6
2025,7203001,0,2356,7
2025,7203001,9,2357,4
2025,7203003,0,2358,10
2025,7203003,9,2359,5
2025,7301001,1,2360,12
2025,7301001,2,2361,23
2025,7301001,3,2362,3
2025,7301001,4,2363,1
2025,7301001,11,2364,5
2025,7301002,0,2365,29
2025,7301002,2,2366,9
2025,7301002,3,2367,43
2025,7301002,4,2368,4
2025,7301004,1,2369,18
2025,7301004,2,2370,3
2025,7301004,3,2371,17
2025,7301004,4,2372,1
2025,7301004,11,2373,17
2025,7301014,0,2374,14
2025,7301014,2,2375,8
2025,7301014,11,2376,13
2025,7301018,0,2377,16
2025,7301018,11,2378,2
2025,7301020,0,2379,7
2025,7301020,11,2380,7
2025,7301021,1,2381,11
2025,7301021,2,2382,12
2025,7301021,3,2383,0
2025,7301021,4,2384,1
2025,7301022,1,2385,11
2025,7301022,2,2386,12
2025,7301022,3,2387,0
2025,7301022,4,2388,3
2025,7301023,0,2389,16
2025,7301023,2,2390,3
2025,7301023,11,2391,1
2025,7301024,0,2392,12
2025,7301024,11,2393,4
2025,7301025,1,2394,11
2025,7301025,2,2395,3
2025,7301025,11,2396,4
2025,7301033,1,2397,14
2025,7301033,2,2398,6
2025,7301033,11,2399,5
2025,7301034,0,2400,14
2025,7301034,11,2401,1
2025,7301036,1,2402,13
2025,7301036,2,2403,4
2025,7301036,11,2404,0
2025,7301039,0,2405,10
2025,7301039,11,2406,6
2025,7301040,0,2407,15
2025,7301040,11,2408,2
2025,7301041,0,2409,22
2025,7301041,1,2410,20
2025,7301041,3,2411,1
2025,7301041,11,2412,1
2025,7301043,0,2413,18
2025,7301043,2,2414,8
2025,7301043,3,2415,3
2025,7301043,4,2416,1
2025,7301044,0,2417,18
2025,7301044,2,2418,11
2025,7301044,3,2419,0
2025,7301044,4,2420,0
2025,7301045,0,2421,12
2025,7301045,11,2422,6
2025,7301046,0,2423,34
2025,7301046,2,2424,6
2025,7301046,11,2425,1
2025,7301047,0,2426,16
2025,7301047,2,2427,16
2025,7301047,4,2428,1
2025,7301047,11,2429,2
2025,7301048,0,2430,18
2025,7301048,1,2431,20
2025,7301048,2,2432,1
2025,7301048,3,2433,7
2025,7301048,4,2434,0
2025,7301048,11,2435,11
2025,7302006,1,2436,20
2025,7302006,2,2437,12
2025,7302006,3,2438,14
2025,7302006,4,2439,13
2025,7302013,8,2440,7
2025,7302014,8,2441,3
2025,7302016,0,2442,15
2025,7302016,11,2443,6
2025,7302017,0,2444,17
2025,7302017,11,2445,13
2025,7303002,0,2446,13
2025,7303002,9,2447,4
2025,7303006,1,2448,15
2025,7303006,2,2449,1
2025,7303006,3,2450,9
2025,7303006,4,2451,11
2025,7304001,1,2452,16
2025,7304001,2,2453,5
2025,7304001,3,2454,35
2025,7304001,4,2455,19
2025,7304013,0,2456,20
2025,7304013,3,2457,8
2025,7304013,4,2458,7
2025,7304014,8,2459,5
2025,7304016,8,2460,23
2025,7304019,0,2461,7
2025,7304019,3,2462,9
2025,7304019,4,2463,15
2025,7304020,0,2464,16
2025,7304020,11,2465,2
2025,7304026,0,2466,7
2025,7304026,11,2467,9
2025,7304027,0,2468,13
2025,7304027,11,2469,3
2025,7304028,0,2470,11
2025,7304028,2,2471,3
2025,7304028,11,2472,1
2025,7304029,0,2473,12
2025,7304029,11,2474,10
2025,7304030,0,2475,12
2025,7304030,2,2476,3
2025,7304030,11,2477,0
2025,7304031,0,2478,10
2025,7304031,11,2479,0
2025,7304032,0,2480,11
2025,7304032,2,2481,4
2025,7304032,11,2482,1
2025,7304033,0,2483,10
2025,7304033,3,2484,10
2025,7304033,4,2485,1
2025,7304036,8,2486,11
2025,7304037,8,2487,9
2025,7304041,8,2488,12
2025,7304042,8,2489,5
2025,7304051,0,2490,17
2025,7304051,11,2491,6
2025,7304052,0,2492,14
2025,7304052,11,2493,4
2025,7304053,0,2494,13
2025,7304053,11,2495,4
2025,7305004,0,2496,9
2025,7305004,9,2497,4
2025,7305006,0,2498,7
2025,7305006,9,2499,0
2025,7305007,0,2500,8
2025,7305007,3,2501,16
2025,7305007,4,2502,14
2025,7305008,0,2503,18
2025,7305008,11,2504,8
2025,7306003,0,2505,9
2025,7306004,0,2506,19
2025,7306009,0,2507,11
2025,7306009,9,2508,0
2025,7306012,0,2509,10
2025,7306012,9,2510,1
2025,7306013,0,2511,14
2025,7306013,2,2512,8
2025,7306013,3,2513,4
2025,7306013,4,2514,6
2025,7306014,0,2515,18
2025,7306014,2,2516,9
2025,7306014,3,2517,0
2025,7306014,4,2518,0
2025,7307010,0,2519,11
2025,7307011,0,2520,13
2025,7307012,0,2521,13
2025,7307012,9,2522,0
2025,7307013,0,2523,11
2025,7307013,9,2524,3
2025,7307014,0,2525,12
2025,7307014,9,2526,1
2025,7307015,3,2527,8
2025,7307015,4,2528,4
2025,7307026,0,2529,10
2025,7307026,3,2530,21
2025,7307026,4,2531,16
2025,7307029,0,2532,18
2025,7307029,2,2533,14
2025,7307029,3,2534,13
2025,7307029,4,2535,6
2025,7308001,0,2536,9
2025,7308001,1,2537,14
2025,7308001,2,2538,11
2025,7308001,3,2539,20
2025,7308001,4,2540,3
2025,7308001,11,2541,4
2025,7308003,8,2542,4
2025,7308007,0,2543,14
2025,7308007,3,2544,10
2025,7308007,4,2545,5
2025,7308012,0,2546,12
2025,7308012,3,2547,7
2025,7308012,4,2548,11
2025,7308013,0,2549,11
2025,7308014,0,2550,16
2025,7308014,9,2551,10
2025,7308015,0,2552,9
2025,7308015,9,2553,0
2025,7308017,0,2554,13
2025,7308017,9,2555,8
2025,7308018,8,2556,5
2025,7308020,0,2557,11
2025,7308020,9,2558,4
2025,7308022,8,2559,10
2025,7308023,0,2560,8
2025,7308023,9,2561,3
2025,7308024,0,2562,10
2025,7308024,11,2563,12
2025,7309007,0,2564,12
2025,7309007,11,2565,0
2025,7401001,0,2566,3
2025,7401001,1,2567,19
2025,7401001,2,2568,10
2025,7401001,3,2569,2
2025,7401001,4,2570,3
2025,7401003,0,2571,16
2025,7401003,3,2572,1
2025,7401003,4,2573,5
2025,7401004,1,2574,16
2025,7401004,2,2575,14
2025,7401004,3,2576,13
2025,7401004,4,2577,34
2025,7401004,11,2578,14
2025,7401006,3,2579,25
2025,7401006,4,2580,32
2025,7401006,9,2581,26
2025,7401007,0,2582,34
2025,7401007,2,2583,2
2025,7401018,0,2584,20
2025,7401018,2,2585,18
2025,7401018,3,2586,0
2025,7401018,4,2587,8
2025,7401020,3,2588,16
2025,7401020,4,2589,13
2025,7401020,11,2590,18
2025,7401022,0,2591,10
2025,7401022,3,2592,13
2025,7401022,4,2593,4
2025,7401024,0,2594,30
2025,7401024,11,2595,32
2025,7401025,0,2596,10
2025,7401025,11,2597,0
2025,7401026,1,2598,17
2025,7401026,2,2599,9
2025,7401027,0,2600,12
2025,7401027,11,2601,0
2025,7401028,0,2602,17
2025,7401028,11,2603,14
2025,7401029,1,2604,18
2025,7401029,2,2605,2
2025,7401029,9,2606,0
2025,7401030,0,2607,15
2025,7401030,11,2608,14
2025,7401031,0,2609,6
2025,7401031,11,2610,11
2025,7401032,0,2611,17
2025,7401032,2,2612,14
2025,7401032,11,2613,1
2025,7401037,0,2614,13
2025,7401037,11,2615,10
2025,7401038,0,2616,18
2025,7401038,2,2617,18
2025,7401038,3,2618,16
2025,7401038,4,2619,10
2025,7401039,1,2620,12
2025,7401039,2,2621,6
2025,7401039,11,2622,0
2025,7401040,0,2623,16
2025,7401040,9,2624,1
2025,7401041,0,2625,12
2025,7401041,11,2626,4
2025,7401044,8,2627,7
2025,7401045,8,2628,10
2025,7401046,0,2629,12
2025,7401046,11,2630,17
2025,7401050,1,2631,20
2025,7401050,2,2632,1
2025,7401050,3,2633,9
2025,7401050,4,2634,0
2025,7401051,1,2635,18
2025,7401051,2,2636,3
2025,7401051,3,2637,11
2025,7401051,4,2638,2
2025,7402002,0,2639,12
2025,7402002,3,2640,16
2025,7402002,4,2641,12
2025,7402003,1,2642,20
2025,7402003,2,2643,10
2025,7402003,3,2644,10
2025,7402003,4,2645,2
2025,7402004,0,2646,13
2025,7402005,0,2647,11
2025,7402005,9,2648,9
2025,7402008,8,2649,9
2025,7402009,8,2650,9
2025,7402012,1,2651,19
2025,7402012,2,2652,13
2025,7402012,3,2653,24
2025,7402012,4,2654,11
2025,7402016,0,2655,13
2025,7402016,9,2656,2
2025,7402019,8,2657,6
2025,7403025,0,2658,28
2025,7403025,9,2659,1
2025,7403026,0,2660,16
2025,7403026,9,2661,17
2025,7403027,0,2662,15
2025,7403027,9,2663,2
2025,7403037,0,2664,6
2025,7403037,9,2665,0
2025,7403041,0,2666,12
2025,7403041,9,2667,12
2025,7403042,0,2668,6
2025,7403042,9,2669,0
2025,7403043,0,2670,5
2025,7403043,9,2671,4
2025,7403047,8,2672,9
2025,7403050,8,2673,7
2025,7403051,8,2674,6
2025,7403054,8,2675,5
2025,7403056,0,2676,9
2025,7403056,9,2677,0
2025,7403057,0,2678,14
2025,7403057,9,2679,9
2025,7403059,8,2680,10
2025,7403060,1,2681,20
2025,7403060,2,2682,11
2025,7403060,3,2683,7
2025,7403060,4,2684,6
2025,7403062,0,2685,16
2025,7403062,11,2686,18
2025,7403063,0,2687,8
2025,7403063,11,2688,3
2025,7404001,0,2689,30
2025,7404001,2,2690,14
2025,7404001,3,2691,11
2025,7404001,11,2692,10
2025,7404003,8,2693,5
2025,7404008,0,2694,15
2025,7404008,2,2695,14
2025,7404008,11,2696,21
2025,7404009,0,2697,15
2025,7404009,2,2698,2
2025,7404009,11,2699,0
2025,7404010,0,2700,7
2025,7404010,11,2701,17
2025,7404012,0,2702,11
2025,7404012,2,2703,15
2025,7404012,11,2704,0
2025,7404017,0,2705,3
2025,7404017,1,2706,13
2025,7404017,3,2707,6
2025,7404017,11,2708,17
2025,7404018,0,2709,17
2025,7404018,2,2710,8
2025,7404018,3,2711,2
2025,7404018,11,2712,2
2025,7405004,0,2713,13
2025,7405007,0,2714,7
2025,7405007,9,2715,12
2025,7405008,0,2716,11
2025,7405008,9,2717,8
2025,7405011,8,2718,3
2025,7405038,7,2719,6
2025,7405038,8,2720,8
2025,7405039,8,2721,9
2025,7405041,0,2722,16
2025,7405041,11,2723,6
2025,7405042,8,2724,3
2025,7406001,0,2725,19
2025,7406001,1,2726,0
2025,7406001,2,2727,12
2025,7406001,3,2728,11
2025,7406001,4,2729,11
2025,7406001,11,2730,9
2025,7406014,0,2731,15
2025,7406014,11,2732,2
2025,7406015,0,2733,12
2025,7406015,11,2734,0
2025,7406016,0,2735,8
2025,7406016,11,2736,4
2025,7406017,0,2737,13
2025,7406018,0,2738,8
2025,7406018,11,2739,0
2025,7406019,0,2740,5
2025,7406019,11,2741,5
2025,7406020,0,2742,9
2025,7406020,11,2743,10
2025,7406021,0,2744,9
2025,7406021,11,2745,1
2025,7406022,0,2746,7
2025,7406022,11,2747,4
2025,7406024,8,2748,6
2025,7406027,0,2749,19
2025,7406027,2,2750,15
2025,7406027,3,2751,3
2025,7406027,4,2752,4
2025,7406028,0,2753,20
2025,7406028,11,2754,7
2025,7406029,0,2755,12
2025,7406029,11,2756,7
2025,7406030,0,2757,17
2025,7406030,11,2758,4
2025,7407001,0,2759,18
2025,7407001,2,2760,6
2025,7407001,3,2761,13
2025,7407001,4,2762,26
2025,7407009,0,2763,15
2025,7407009,9,2764,6
2025,7407010,0,2765,11
2025,7407010,9,2766,10
2025,7407011,0,2767,13
2025,7407011,9,2768,17
2025,7407012,0,2769,14
2025,7407012,11,2770,19
2025,7408004,0,2771,6
2025,7408004,9,2772,11
2025,7408005,0,2773,9
2025,7408005,9,2774,11
2025,7408008,1,2775,12
2025,7408008,2,2776,7
2025,7408008,9,2777,0
2025,7408011,0,2778,9
2025,7408011,9,2779,4
2025,8101001,1,2780,19
2025,8101001,2,2781,42
2025,8101001,3,2782,3
2025,8101001,4,2783,2
2025,8101002,0,2784,17
2025,8101002,2,2785,24
2025,8101002,3,2786,8
2025,8101002,4,2787,2
2025,8101002,11,2788,2
2025,8101003,0,2789,20
2025,8101003,2,2790,9
2025,8101003,3,2791,2
2025,8101003,4,2792,0
2025,8101003,11,2793,3
2025,8101005,3,2794,25
2025,8101005,4,2795,1
2025,8101006,0,2796,8
2025,8101006,11,2797,22
2025,8101010,8,2798,10
2025,8101016,8,2799,14
2025,8101022,1,2800,19
2025,8101022,2,2801,14
2025,8101022,3,2802,21
2025,8101022,4,2803,5
2025,8101023,0,2804,8
2025,8101023,3,2805,5
2025,8101023,4,2806,11
2025,8101025,0,2807,11
2025,8101025,9,2808,1
2025,8101028,0,2809,21
2025,8101028,9,2810,10
2025,8101029,0,2811,14
2025,8101029,9,2812,5
2025,8101031,0,2813,17
2025,8101031,2,2814,10
2025,8101031,3,2815,1
2025,8101031,4,2816,7
2025,8101033,1,2817,21
2025,8101033,2,2818,6
2025,8101033,3,2819,0
2025,8101033,4,2820,0
2025,8101036,0,2821,13
2025,8101036,9,2822,0
2025,8101037,0,2823,16
2025,8101037,11,2824,0
2025,8101038,0,2825,13
2025,8101040,0,2826,11
2025,8101040,11,2827,4
2025,8101041,0,2828,11
2025,8101041,11,2829,7
2025,8101042,0,2830,41
2025,8101042,11,2831,20
2025,8101044,0,2832,10
2025,8101044,11,2833,3
2025,8102001,0,2834,10
2025,8102001,2,2835,12
2025,8102001,11,2836,0
2025,8102006,0,2837,12
2025,8102006,1,2838,8
2025,8102006,3,2839,4
2025,8102006,9,2840,6
2025,8102008,0,2841,12
2025,8102008,9,2842,27
2025,8102013,0,2843,14
2025,8102013,9,2844,3
2025,8102020,0,2845,7
2025,8102020,2,2846,12
2025,8102020,3,2847,10
2025,8102020,4,2848,7
2025,8102021,0,2849,17
2025,8102021,9,2850,5
2025,8102023,0,2851,15
2025,8102023,9,2852,8
2025,8102024,0,2853,13
2025,8102025,9,2854,17
2025,8102026,0,2855,16
2025,8102026,2,2856,15
2025,8102026,3,2857,14
2025,8102026,4,2858,13
2025,8102027,0,2859,26
2025,8102027,9,2860,2
2025,8102028,0,2861,6
2025,8102028,1,2862,11
2025,8102028,2,2863,13
2025,8102028,3,2864,17
2025,8102028,4,2865,5
2025,8102028,5,2866,9
2025,8102028,9,2867,1
2025,8102029,0,2868,18
2025,8102029,2,2869,1
2025,8102029,9,2870,4
2025,8102030,0,2871,18
2025,8102030,2,2872,15
2025,8102030,9,2873,2
2025,8102031,1,2874,20
2025,8102031,2,2875,5
2025,8102031,3,2876,4
2025,8102031,4,2877,8
2025,8102031,9,2878,18
2025,8102033,0,2879,10
2025,8102033,2,2880,6
2025,8102033,9,2881,16
2025,8102035,0,2882,13
2025,8102035,9,2883,4
2025,8102036,1,2884,20
2025,8102036,2,2885,1
2025,8102036,9,2886,4
2025,8102037,0,2887,10
2025,8102037,2,2888,4
2025,8102037,9,2889,14
2025,8102038,0,2890,9
2025,8102038,9,2891,1
2025,8102039,0,2892,11
2025,8102039,2,2893,2
2025,8102039,9,2894,6
2025,8102042,0,2895,19
2025,8102042,3,2896,26
2025,8102042,4,2897,25
2025,8102044,0,2898,14
2025,8102044,9,2899,0
2025,8102046,0,2900,20
2025,8102046,2,2901,9
2025,8102046,3,2902,1
2025,8102046,4,2903,0
2025,8102047,8,2904,20
2025,8102049,8,2905,10
2025,8102050,0,2906,20
2025,8102050,11,2907,12
2025,8102051,0,2908,11
2025,8102051,11,2909,7
2025,8103001,1,2910,16
2025,8103001,2,2911,32
2025,8103001,3,2912,5
2025,8103001,4,2913,11
2025,8103002,0,2914,16
2025,8103002,2,2915,20
2025,8103002,3,2916,29
2025,8103002,4,2917,19
2025,8103003,0,2918,14
2025,8103003,11,2919,1
2025,8103005,0,2920,19
2025,8103005,11,2921,0
2025,8103006,0,2922,26
2025,8103006,11,2923,8
2025,8103007,11,2924,17
2025,8103009,1,2925,18
2025,8103009,2,2926,27
2025,8103009,3,2927,14
2025,8103009,4,2928,2
2025,8103009,11,2929,4
2025,8104001,11,2930,17
2025,8104002,0,2931,12
2025,8104002,9,2932,7
2025,8104003,11,2933,8
2025,8104012,8,2934,8
2025,8104016,8,2935,10
2025,8104017,8,2936,6
2025,8105005,0,2937,20
2025,8105005,11,2938,2
2025,8105006,0,2939,14
2025,8105006,11,2940,4
2025,8105014,8,2941,5
2025,8105019,11,2942,17
2025,8105022,8,2943,10
2025,8105023,8,2944,10
2025,8105024,8,2945,10
2025,8106001,0,2946,9
2025,8106001,11,2947,13
2025,8106002,0,2948,19
2025,8106002,2,2949,16
2025,8106002,3,2950,13
2025,8106002,4,2951,13
2025,8106003,0,2952,28
2025,8106003,3,2953,6
2025,8106003,4,2954,5
2025,8106004,9,2955,12
2025,8106011,8,2956,9
2025,8106017,0,2957,7
2025,8106018,0,2958,14
2025,8106019,0,2959,14
2025,8106019,2,2960,12
2025,8106019,9,2961,7
2025,8106021,0,2962,11
2025,8106021,9,2963,0
2025,8106023,0,2964,11
2025,8106023,9,2965,13
2025,8106052,8,2966,10
2025,8107001,0,2967,22
2025,8107001,3,2968,8
2025,8107001,4,2969,4
2025,8107002,0,2970,9
2025,8107002,3,2971,13
2025,8107002,4,2972,4
2025,8107003,8,2973,12
2025,8107004,8,2974,6
2025,8107005,8,2975,10
2025,8107006,8,2976,5
2025,8107010,0,2977,10
2025,8107011,0,2978,19
2025,8107011,9,2979,1
2025,8107012,0,2980,14
2025,8107012,3,2981,18
2025,8107012,4,2982,0
2025,8107013,0,2983,11
2025,8107013,9,2984,0
2025,8107021,1,2985,14
2025,8107021,2,2986,12
2025,8107021,3,2987,11
2025,8107021,4,2988,10
2025,8107022,0,2989,29
2025,8107022,3,2990,2
2025,8107022,4,2991,1
2025,8107023,0,2992,15
2025,8107023,9,2993,5
2025,8108001,0,2994,15
2025,8108001,2,2995,11
2025,8108001,3,2996,5
2025,8108001,4,2997,8
2025,8108001,11,2998,24
2025,8108005,8,2999,16
2025,8108009,0,3000,13
2025,8108009,9,3001,8
2025,8108010,0,3002,16
2025,8108010,9,3003,1
2025,8108011,0,3004,7
2025,8108011,9,3005,4
2025,8108013,0,3006,9
2025,8108013,9,3007,2
2025,8108014,0,3008,11
2025,8108014,9,3009,7
2025,8108015,0,3010,11
2025,8108015,11,3011,2
2025,8108016,0,3012,11
2025,8108016,2,3013,20
2025,8108016,3,3014,7
2025,8108016,4,3015,4
2025,8108017,0,3016,12
2025,8108017,2,3017,3
2025,8108017,9,3018,10
2025,8108018,8,3019,8
2025,8108019,0,3020,16
2025,8108019,9,3021,9
2025,8108020,0,3022,14
2025,8108020,2,3023,7
2025,8108020,3,3024,11
2025,8108020,9,3025,0
2025,8108023,0,3026,17
2025,8108023,9,3027,2
2025,8108024,9,3028,0
2025,8108025,0,3029,16
2025,8108025,11,3030,2
2025,8109002,0,3031,12
2025,8109021,0,3032,0
2025,8109021,9,3033,0
2025,8109027,8,3034,10
2025,8109028,8,3035,10
2025,8109029,8,3036,10
2025,8109031,8,3037,10
2025,8110005,0,3038,20
2025,8110005,2,3039,8
2025,8110005,3,3040,5
2025,8110005,4,3041,2
2025,8110005,11,3042,19
2025,8110006,0,3043,16
2025,8110006,2,3044,13
2025,8110006,3,3045,12
2025,8110006,4,3046,4
2025,8110006,9,3047,10
2025,8110014,8,3048,9
2025,8110017,8,3049,8
2025,8110023,3,3050,15
2025,8110023,4,3051,6
2025,8110024,3,3052,0
2025,8110024,4,3053,0
2025,8110025,0,3054,18
2025,8110025,11,3055,1
2025,8110026,0,3056,17
2025,8110026,11,3057,5
2025,8110027,9,3058,2
2025,8110028,0,3059,16
2025,8110028,3,3060,10
2025,8110028,4,3061,1
2025,8110029,0,3062,16
2025,8110029,9,3063,6
2025,8110030,1,3064,19
2025,8110030,2,3065,0
2025,8110030,3,3066,0
2025,8110030,4,3067,1
2025,8110032,0,3068,15
2025,8110032,11,3069,0
2025,8110033,0,3070,16
2025,8110033,9,3071,2
2025,8110034,0,3072,15
2025,8110034,9,3073,3
2025,8110035,0,3074,13
2025,8110035,9,3075,3
2025,8110040,8,3076,9
2025,8110043,8,3077,8
2025,8110045,11,3078,9
2025,8110046,0,3079,15
2025,8110047,1,3080,18
2025,8110047,2,3081,0
2025,8110047,3,3082,5
2025,8110047,4,3083,0
2025,8110049,8,3084,9
2025,8111007,8,3085,9
2025,8111008,9,3086,21
2025,8111010,8,3087,17
2025,8111012,1,3088,16
2025,8111012,2,3089,8
2025,8111012,3,3090,3
2025,8111012,4,3091,1
2025,8111012,9,3092,13
2025,8111013,8,3093,1
2025,8111014,0,3094,14
2025,8111014,11,3095,10
2025,8111015,0,3096,12
2025,8111015,11,3097,4
2025,8111016,0,3098,13
2025,8111017,0,3099,15
2025,8111019,0,3100,18
2025,8111020,0,3101,18
2025,8111021,1,3102,11
2025,8111021,2,3103,7
2025,8111021,9,3104,3
2025,8111023,0,3105,12
2025,8111023,9,3106,10
2025,8111025,8,3107,9
2025,8111028,0,3108,17
2025,8111028,9,3109,9
2025,8111031,7,3110,5
2025,8111031,8,3111,10
2025,8111032,7,3112,10
2025,8111032,8,3113,10
2025,8112001,0,3114,13
2025,8112001,2,3115,10
2025,8112001,3,3116,6
2025,8112001,4,3117,3
2025,8112002,0,3118,0
2025,8112002,11,3119,0
2025,8112003,1,3120,9
2025,8112003,2,3121,8
2025,8112003,9,3122,2
2025,8112004,0,3123,8
2025,8112004,3,3124,11
2025,8112004,4,3125,0
2025,8112005,0,3126,13
2025,8112005,3,3127,8
2025,8112005,4,3128,11
2025,8112005,9,3129,6
2025,8112006,0,3130,35
2025,8112006,3,3131,20
2025,8112006,4,3132,19
2025,8112007,3,3133,15
2025,8112007,4,3134,7
2025,8112008,0,3135,11
2025,8112008,11,3136,5
2025,8112010,3,3137,0
2025,8112010,4,3138,0
2025,8112011,1,3139,12
2025,8112011,2,3140,0
2025,8112011,9,3141,6
2025,8112012,0,3142,12
2025,8112012,2,3143,7
2025,8112012,9,3144,3
2025,8112013,0,3145,21
2025,8112013,2,3146,12
2025,8112013,3,3147,4
2025,8112013,4,3148,6
2025,8112014,0,3149,9
2025,8112014,2,3150,8
2025,8112014,9,3151,0
2025,8112015,0,3152,14
2025,8112015,9,3153,2
2025,8112016,0,3154,13
2025,8112016,11,3155,0
2025,8201001,1,3156,13
2025,8201001,2,3157,12
2025,8201001,3,3158,1
2025,8201001,4,3159,36
2025,8201002,1,3160,10
2025,8201002,2,3161,9
2025,8201002,3,3162,32
2025,8201002,4,3163,20
2025,8201005,0,3164,9
2025,8201006,0,3165,0
2025,8201007,11,3166,12
2025,8201008,11,3167,15
2025,8201009,9,3168,11
2025,8201010,1,3169,12
2025,8201010,2,3170,8
2025,8201011,1,3171,0
2025,8201011,2,3172,0
2025,8201011,9,3173,0
2025,8201012,1,3174,11
2025,8201012,2,3175,7
2025,8201012,9,3176,15
2025,8201018,0,3177,19
2025,8201018,11,3178,14
2025,8201019,0,3179,13
2025,8201019,11,3180,10
2025,8202002,1,3181,12
2025,8202002,2,3182,10
2025,8202002,3,3183,12
2025,8202002,4,3184,15
2025,8202010,1,3185,30
2025,8202010,2,3186,17
2025,8202010,3,3187,7
2025,8202010,4,3188,32
2025,8202012,0,3189,14
2025,8202012,9,3190,16
2025,8202014,0,3191,13
2025,8202015,0,3192,17
2025,8202016,0,3193,18
2025,8202017,0,3194,12
2025,8202017,9,3195,0
2025,8202018,0,3196,14
2025,8202018,9,3197,14
2025,8202019,0,3198,8
2025,8202019,9,3199,0
2025,8202020,0,3200,13
2025,8202020,9,3201,1
2025,8202021,0,3202,15
2025,8202021,11,3203,2
2025,8202022,0,3204,7
2025,8202022,9,3205,0
2025,8202031,8,3206,4
2025,8202032,8,3207,0
2025,8202033,0,3208,12
2025,8202033,11,3209,2
2025,8202036,0,3210,9
2025,8202036,9,3211,3
2025,8202037,0,3212,9
2025,8202037,9,3213,7
2025,8202043,8,3214,10
2025,8203001,0,3215,9
2025,8203001,9,3216,15
2025,8203003,0,3217,12
2025,8203003,9,3218,12
2025,8203004,0,3219,13
2025,8203005,0,3220,14
2025,8203005,9,3221,6
2025,8203006,1,3222,19
2025,8203006,2,3223,7
2025,8203006,3,3224,15
2025,8203006,4,3225,14
2025,8203007,8,3226,7
2025,8203012,8,3227,11
2025,8203013,11,3228,0
2025,8203017,8,3229,10
2025,8203018,8,3230,10
2025,8203020,8,3231,14
2025,8203022,8,3232,8
2025,8203029,0,3233,16
2025,8203029,11,3234,6
2025,8203030,0,3235,12
2025,8203030,11,3236,1
2025,8203032,8,3237,10
2025,8203034,8,3238,10
2025,8204001,8,3239,9
2025,8204002,0,3240,8
2025,8204002,9,3241,14
2025,8205001,1,3242,16
2025,8205001,2,3243,9
2025,8205001,3,3244,23
2025,8205001,4,3245,20
2025,8205002,0,3246,12
2025,8205002,11,3247,0
2025,8205007,8,3248,13
2025,8205009,0,3249,12
2025,8205009,9,3250,8
2025,8205011,0,3251,8
2025,8205011,9,3252,6
2025,8205012,9,3253,19
2025,8205019,8,3254,11
2025,8205022,0,3255,15
2025,8205022,9,3256,13
2025,8205025,8,3257,8
2025,8205026,0,3258,20
2025,8205026,2,3259,6
2025,8205026,3,3260,5
2025,8205026,4,3261,1
2025,8206009,0,3262,8
2025,8206010,11,3263,0
2025,8206011,0,3264,10
2025,8206011,9,3265,9
2025,8206012,0,3266,13
2025,8206013,0,3267,7
2025,8206013,11,3268,7
2025,8206014,0,3269,9
2025,8206015,0,3270,11
2025,8206015,9,3271,2
2025,8206016,0,3272,10
2025,8206016,9,3273,1
2025,8206017,0,3274,7
2025,8206017,9,3275,3
2025,8206018,0,3276,7
2025,8206018,9,3277,3
2025,8206030,8,3278,10
2025,8206032,8,3279,11
2025,8206033,8,3280,0
2025,8206035,8,3281,10
2025,8206038,0,3282,18
2025,8206038,11,3283,0
2025,8206040,0,3284,18
2025,8206040,11,3285,10
2025,8207001,8,3286,9
2025,8207005,0,3287,13
2025,8207005,9,3288,3
2025,8207006,9,3289,28
2025,8207007,9,3290,29
2025,8207008,9,3291,27
2025,8207024,8,3292,7
2025,8207028,8,3293,15
2025,8207029,8,3294,8
2025,8301001,3,3295,0
2025,8301001,4,3296,0
2025,8301002,1,3297,0
2025,8301002,2,3298,0
2025,8301002,3,3299,0
2025,8301003,1,3300,16
2025,8301003,2,3301,25
2025,8301003,3,3302,13
2025,8301003,4,3303,16
2025,8301003,11,3304,28
2025,8301004,1,3305,12
2025,8301004,2,3306,27
2025,8301004,3,3307,22
2025,8301004,4,3308,6
2025,8301010,8,3309,12
2025,8301012,8,3310,16
2025,8301015,1,3311,17
2025,8301015,2,3312,13
2025,8301015,3,3313,32
2025,8301015,4,3314,32
2025,8301017,1,3315,16
2025,8301017,2,3316,22
2025,8301017,3,3317,0
2025,8301017,4,3318,0
2025,8301023,2,3319,0
2025,8301023,9,3320,0
2025,8301024,2,3321,20
2025,8301024,3,3322,14
2025,8301024,4,3323,0
2025,8301025,0,3324,15
2025,8301025,11,3325,15
2025,8301026,0,3326,14
2025,8301026,9,3327,12
2025,8301027,0,3328,9
2025,8301027,9,3329,7
2025,8301028,0,3330,15
2025,8301028,9,3331,8
2025,8301029,0,3332,13
2025,8301029,11,3333,0
2025,8301030,1,3334,20
2025,8301030,2,3335,6
2025,8301030,11,3336,0
2025,8301032,0,3337,18
2025,8301032,11,3338,0
2025,8301033,1,3339,19
2025,8301033,2,3340,13
2025,8301033,3,3341,6
2025,8301033,4,3342,8
2025,8301034,1,3343,20
2025,8301034,2,3344,12
2025,8301034,3,3345,18
2025,8301034,4,3346,18
2025,8301045,8,3347,11
2025,8301046,8,3348,6
2025,8301047,8,3349,13
2025,8301048,0,3350,16
2025,8301048,11,3351,2
2025,8301050,8,3352,14
2025,8301052,1,3353,20
2025,8301052,2,3354,18
2025,8301052,3,3355,0
2025,8301052,4,3356,0
2025,8301053,0,3357,14
2025,8301053,2,3358,24
2025,8301053,3,3359,0
2025,8301053,4,3360,32
2025,8301057,8,3361,11
2025,8301059,0,3362,12
2025,8301059,11,3363,3
2025,8302007,8,3364,10
2025,8302008,8,3365,10
2025,8303001,8,3366,13
2025,8303002,0,3367,17
2025,8303002,9,3368,10
2025,8303003,0,3369,6
2025,8303004,0,3370,14
2025,8303004,9,3371,1
2025,8303005,0,3372,8
2025,8303005,9,3373,13
2025,8303006,0,3374,16
2025,8303006,9,3375,7
2025,8304005,3,3376,21
2025,8304005,4,3377,13
2025,8304006,0,3378,13
2025,8304006,11,3379,19
2025,8304007,0,3380,12
2025,8304007,3,3381,19
2025,8304007,4,3382,0
2025,8304008,0,3383,7
2025,8304008,9,3384,4
2025,8304009,0,3385,13
2025,8304009,11,3386,19
2025,8304010,0,3387,16
2025,8304010,11,3388,16
2025,8304011,0,3389,11
2025,8304011,11,3390,9
2025,8305004,1,3391,20
2025,8305004,2,3392,10
2025,8305004,9,3393,3
2025,8305005,1,3394,20
2025,8305005,2,3395,22
2025,8305005,3,3396,22
2025,8305005,4,3397,17
2025,8305005,5,3398,32
2025,8305005,9,3399,32
2025,8305006,1,3400,20
2025,8305006,2,3401,15
2025,8305006,3,3402,10
2025,8305006,4,3403,15
2025,8305006,9,3404,25
2025,8305007,0,3405,12
2025,8305007,9,3406,14
2025,8305008,0,3407,11
2025,8305008,9,3408,14
2025,8305021,8,3409,10
2025,8305022,0,3410,25
2025,8305022,11,3411,4
2025,8305025,8,3412,10
2025,8305026,8,3413,10
2025,8306003,0,3414,11
2025,8306004,0,3415,21
2025,8306004,9,3416,3
2025,8306005,0,3417,18
2025,8306005,9,3418,2
2025,8306006,0,3419,15
2025,8306011,1,3420,18
2025,8306011,2,3421,23
2025,8306011,3,3422,26
2025,8306011,4,3423,8
2025,8307001,0,3424,18
2025,8307001,11,3425,9
2025,8307003,0,3426,14
2025,8307003,9,3427,9
2025,8307007,8,3428,7
2025,8307011,8,3429,10
2025,8307013,8,3430,10
2025,8308001,0,3431,12
2025,8309001,0,3432,0
2025,8309002,0,3433,17
2025,8309003,0,3434,0
2025,8309003,9,3435,0
2025,8310001,0,3436,13
2025,8311001,0,3437,17
2025,8311001,3,3438,16
2025,8311001,4,3439,4
2025,8311008,8,3440,10
2025,8311012,0,3441,13
2025,8311012,4,3442,16
2025,8311013,0,3443,14
2025,8311013,9,3444,4
2025,8311014,0,3445,12
2025,8311014,9,3446,1
2025,8312002,0,3447,9
2025,8312002,9,3448,9
2025,8312003,0,3449,8
2025,8312004,0,3450,16
2025,8312005,0,3451,12
2025,8312006,0,3452,10
2025,8312006,9,3453,24
2025,8312007,0,3454,10
2025,8312008,0,3455,34
2025,8312008,11,3456,24
2025,8313002,0,3457,0
2025,8313002,9,3458,0
2025,8313003,0,3459,0
2025,8313003,9,3460,0
2025,8313004,0,3461,9
2025,8313004,9,3462,10
2025,8314003,8,3463,8
2025,8314004,9,3464,6
2025,8314005,0,3465,13
2025,8314005,9,3466,0
2025,8314029,8,3467,13
2025,8314036,8,3468,10
2025,8314037,8,3469,10
2025,8314040,8,3470,14
2025,8314041,8,3471,10
2025,8314049,8,3472,10
2025,8314050,8,3473,10
2025,8314055,8,3474,10
2025,8314057,8,3475,10
2025,8314059,8,3476,10
2025,8314061,8,3477,10
2025,8314062,8,3478,10
2025,8314065,8,3479,10
2025,8314066,8,3480,10
2025,8314068,8,3481,10
2025,8314069,8,3482,10
2025,9101001,0,3483,10
2025,9101001,2,3484,13
2025,9101001,3,3485,8
2025,9101001,4,3486,10
2025,9101002,1,3487,20
2025,9101002,2,3488,0
2025,9101002,3,3489,6
2025,9101002,4,3490,4
2025,9101004,0,3491,21
2025,9101004,1,3492,20
2025,9101004,2,3493,53
2025,9101004,3,3494,13
2025,9101004,4,3495,32
2025,9101005,1,3496,18
2025,9101005,2,3497,4
2025,9101005,3,3498,34
2025,9101005,4,3499,21
2025,9101006,5,3500,44
2025,9101006,6,3501,21
2025,9101008,0,3502,24
2025,9101008,2,3503,11
2025,9101008,3,3504,10
2025,9101008,4,3505,0
2025,9101008,11,3506,0
2025,9101019,8,3507,24
2025,9101032,1,3508,15
2025,9101032,2,3509,0
2025,9101032,3,3510,4
2025,9101032,4,3511,5
2025,9101039,0,3512,17
2025,9101039,2,3513,8
2025,9101039,3,3514,4
2025,9101039,9,3515,8
2025,9101041,0,3516,12
2025,9101041,2,3517,5
2025,9101041,3,3518,9
2025,9101041,4,3519,6
2025,9101047,0,3520,12
2025,9101047,9,3521,1
2025,9101048,1,3522,15
2025,9101048,2,3523,8
2025,9101048,9,3524,0
2025,9101049,1,3525,19
2025,9101049,2,3526,7
2025,9101049,3,3527,10
2025,9101049,4,3528,5
2025,9101050,1,3529,19
2025,9101050,2,3530,1
2025,9101050,3,3531,14
2025,9101050,4,3532,0
2025,9101053,0,3533,13
2025,9101053,9,3534,1
2025,9101054,0,3535,18
2025,9101054,9,3536,4
2025,9101055,1,3537,20
2025,9101055,2,3538,0
2025,9101055,3,3539,13
2025,9101055,4,3540,2
2025,9101056,1,3541,18
2025,9101056,2,3542,8
2025,9101056,3,3543,15
2025,9101056,4,3544,7
2025,9101057,0,3545,3
2025,9101057,2,3546,11
2025,9101057,9,3547,9
2025,9101058,0,3548,15
2025,9101058,9,3549,1
2025,9101059,1,3550,19
2025,9101059,2,3551,3
2025,9101059,3,3552,6
2025,9101059,4,3553,2
2025,9101060,1,3554,19
2025,9101060,2,3555,2
2025,9101060,3,3556,11
2025,9101060,4,3557,0
2025,9101061,0,3558,13
2025,9101061,9,3559,5
2025,9101062,0,3560,15
2025,9101062,9,3561,7
2025,9101063,1,3562,18
2025,9101063,2,3563,6
2025,9101063,3,3564,6
2025,9101063,4,3565,4
2025,9101069,9,3566,12
2025,9101070,0,3567,12
2025,9101070,9,3568,3
2025,9101071,0,3569,12
2025,9101071,9,3570,12
2025,9101072,0,3571,17
2025,9101074,0,3572,14
2025,9101074,9,3573,3
2025,9101076,0,3574,9
2025,9101076,9,3575,6
2025,9101077,0,3576,20
2025,9101077,9,3577,5
2025,9101078,0,3578,11
2025,9101078,9,3579,11
2025,9101087,0,3580,18
2025,9101087,1,3581,20
2025,9101087,2,3582,0
2025,9101087,3,3583,4
2025,9101087,4,3584,1
2025,9101087,11,3585,0
2025,9101088,3,3586,24
2025,9101088,4,3587,31
2025,9101089,0,3588,8
2025,9101089,9,3589,10
2025,9101091,0,3590,7
2025,9101091,9,3591,7
2025,9101092,8,3592,7
2025,9101093,1,3593,19
2025,9101093,2,3594,5
2025,9101093,3,3595,3
2025,9101093,4,3596,1
2025,9101094,0,3597,12
2025,9101094,2,3598,10
2025,9101094,3,3599,0
2025,9101094,4,3600,0
2025,9101095,0,3601,11
2025,9101095,11,3602,0
2025,9101096,1,3603,20
2025,9101096,2,3604,2
2025,9101096,3,3605,7
2025,9101096,4,3606,0
2025,9101097,0,3607,20
2025,9101097,2,3608,8
2025,9101097,3,3609,5
2025,9101097,4,3610,0
2025,9101099,0,3611,20
2025,9101099,2,3612,6
2025,9101099,3,3613,2
2025,9101099,4,3614,6
2025,9101100,0,3615,19
2025,9101100,11,3616,0
2025,9102002,8,3617,14
2025,9102009,0,3618,8
2025,9102010,9,3619,15
2025,9102012,0,3620,14
2025,9102012,9,3621,20
2025,9102013,0,3622,11
2025,9102013,9,3623,20
2025,9102014,0,3624,19
2025,9102014,9,3625,19
2025,9102018,8,3626,9
2025,9102024,8,3627,5
2025,9102028,8,3628,5
2025,9102030,8,3629,10
2025,9102031,0,3630,11
2025,9102031,9,3631,16
2025,9102034,1,3632,20
2025,9102034,2,3633,15
2025,9102034,11,3634,9
2025,9102035,0,3635,16
2025,9102035,11,3636,13
2025,9103001,0,3637,14
2025,9103001,9,3638,0
2025,9103002,0,3639,13
2025,9103002,9,3640,12
2025,9103003,0,3641,8
2025,9103003,9,3642,3
2025,9103004,0,3643,9
2025,9103004,9,3644,3
2025,9103006,9,3645,24
2025,9103014,8,3646,12
2025,9103015,0,3647,11
2025,9103015,9,3648,1
2025,9103016,0,3649,17
2025,9103017,8,3650,11
2025,9104001,0,3651,15
2025,9104001,5,3652,22
2025,9104001,6,3653,12
2025,9104001,9,3654,0
2025,9104002,0,3655,13
2025,9104002,9,3656,1
2025,9104003,0,3657,8
2025,9104003,9,3658,1
2025,9104004,0,3659,10
2025,9104004,9,3660,13
2025,9104005,0,3661,16
2025,9104005,9,3662,0
2025,9104007,0,3663,12
2025,9104007,9,3664,17
2025,9105004,8,3665,5
2025,9105007,8,3666,14
2025,9105009,8,3667,2
2025,9105013,0,3668,15
2025,9105013,3,3669,16
2025,9105013,4,3670,15
2025,9105013,9,3671,11
2025,9105017,8,3672,8
2025,9105021,8,3673,16
2025,9105023,8,3674,6
2025,9105024,0,3675,6
2025,9105024,9,3676,14
2025,9105027,0,3677,7
2025,9105027,9,3678,3
2025,9105030,8,3679,4
2025,9105031,9,3680,21
2025,9105032,8,3681,2
2025,9105033,8,3682,2
2025,9105034,1,3683,19
2025,9105034,2,3684,8
2025,9105034,3,3685,10
2025,9105034,4,3686,14
2025,9106004,8,3687,15
2025,9106005,0,3688,10
2025,9106005,9,3689,7
2025,9106006,0,3690,12
2025,9106006,9,3691,7
2025,9106007,0,3692,10
2025,9106007,9,3693,10
2025,9106012,8,3694,7
2025,9106015,8,3695,9
2025,9106016,8,3696,3
2025,9106020,8,3697,5
2025,9107005,0,3698,17
2025,9107005,9,3699,16
2025,9107008,0,3700,11
2025,9107008,9,3701,11
2025,9107009,0,3702,11
2025,9107009,9,3703,21
2025,9107011,0,3704,16
2025,9107012,1,3705,19
2025,9107012,2,3706,17
2025,9107012,11,3707,3
2025,9108003,8,3708,14
2025,9108004,8,3709,16
2025,9108005,8,3710,11
2025,9108007,0,3711,12
2025,9108007,2,3712,0
2025,9108007,9,3713,6
2025,9108008,0,3714,12
2025,9108009,0,3715,15
2025,9108010,0,3716,12
2025,9108011,0,3717,17
2025,9108011,9,3718,0
2025,9108012,9,3719,16
2025,9108014,0,3720,13
2025,9108014,9,3721,1
2025,9108019,8,3722,8
2025,9108020,8,3723,11
2025,9108021,0,3724,12
2025,9108021,11,3725,5
2025,9108022,0,3726,13
2025,9108022,1,3727,20
2025,9108022,2,3728,14
2025,9108022,3,3729,5
2025,9108022,4,3730,1
2025,9108023,8,3731,6
2025,9108024,8,3732,5
2025,9108025,0,3733,19
2025,9108025,2,3734,15
2025,9108025,3,3735,2
2025,9108025,4,3736,2
2025,9109001,0,3737,36
2025,9109001,2,3738,9
2025,9109001,3,3739,17
2025,9109001,4,3740,30
2025,9109003,0,3741,16
2025,9109015,0,3742,15
2025,9109015,9,3743,12
2025,9109016,0,3744,8
2025,9109016,2,3745,3
2025,9109016,3,3746,6
2025,9109016,4,3747,10
2025,9109019,0,3748,12
2025,9109019,3,3749,14
2025,9109019,4,3750,6
2025,9110001,8,3751,3
2025,9110009,8,3752,11
2025,9110011,0,3753,18
2025,9110011,4,3754,9
2025,9110011,11,3755,8
2025,9110013,8,3756,8
2025,9111002,0,3757,14
2025,9111002,9,3758,4
2025,9111017,3,3759,29
2025,9111017,4,3760,11
2025,9111017,9,3761,10
2025,9111019,1,3762,15
2025,9111019,2,3763,9
2025,9111019,9,3764,12
2025,9111020,1,3765,12
2025,9111020,2,3766,5
2025,9111021,1,3767,14
2025,9111021,2,3768,7
2025,9111021,9,3769,0
2025,9111022,9,3770,11
2025,9111036,8,3771,3
2025,9111037,9,3772,23
2025,9111039,8,3773,4
2025,9111041,0,3774,19
2025,9111041,2,3775,4
2025,9111041,11,3776,0
2025,9111042,1,3777,19
2025,9111042,2,3778,7
2025,9111042,3,3779,10
2025,9111042,4,3780,2
2025,9112015,8,3781,14
2025,9112016,8,3782,8
2025,9112018,8,3783,8
2025,9112019,8,3784,16
2025,9112022,8,3785,13
2025,9112024,0,3786,14
2025,9112025,0,3787,17
2025,9112025,9,3788,13
2025,9112026,0,3789,14
2025,9112027,0,3790,15
2025,9112027,3,3791,10
2025,9112027,4,3792,11
2025,9112027,11,3793,13
2025,9112028,0,3794,11
2025,9112028,9,3795,0
2025,9112029,0,3796,12
2025,9112029,9,3797,1
2025,9112030,0,3798,8
2025,9112030,9,3799,2
2025,9112031,0,3800,20
2025,9112031,2,3801,8
2025,9112031,3,3802,5
2025,9112031,4,3803,2
2025,9112032,0,3804,20
2025,9112032,9,3805,10
2025,9112033,0,3806,12
2025,9112033,9,3807,8
2025,9112034,0,3808,16
2025,9112034,9,3809,0
2025,9112035,0,3810,15
2025,9112035,9,3811,11
2025,9112036,0,3812,8
2025,9112036,9,3813,4
2025,9112037,0,3814,11
2025,9112038,0,3815,16
2025,9112038,9,3816,15
2025,9112039,0,3817,12
2025,9112039,9,3818,14
2025,9112040,0,3819,13
2025,9112040,9,3820,6
2025,9112041,0,3821,11
2025,9112041,3,3822,0
2025,9112041,11,3823,9
2025,9112042,0,3824,12
2025,9112042,9,3825,0
2025,9112043,1,3826,18
2025,9112043,2,3827,1
2025,9112043,3,3828,4
2025,9112043,4,3829,0
2025,9112044,1,3830,19
2025,9112044,2,3831,6
2025,9112044,11,3832,1
2025,9112045,0,3833,13
2025,9112046,0,3834,10
2025,9112046,9,3835,15
2025,9112047,0,3836,40
2025,9112047,1,3837,18
2025,9112047,2,3838,3
2025,9112047,3,3839,0
2025,9112047,4,3840,22
2025,9112047,11,3841,13
2025,9113003,9,3842,26
2025,9113004,0,3843,13
2025,9113004,9,3844,11
2025,9113007,9,3845,25
2025,9114002,8,3846,11
2025,9114005,8,3847,12
2025,9114010,0,3848,16
2025,9114010,3,3849,19
2025,9114010,4,3850,16
2025,9114011,0,3851,18
2025,9114011,9,3852,6
2025,9114013,0,3853,16
2025,9114013,9,3854,12
2025,9114014,0,3855,13
2025,9114015,0,3856,15
2025,9114015,9,3857,2
2025,9114016,0,3858,9
2025,9114016,9,3859,3
2025,9114017,8,3860,4
2025,9114018,8,3861,5
2025,9114019,1,3862,20
2025,9114019,2,3863,0
2025,9114019,3,3864,15
2025,9114019,4,3865,12
2025,9114020,1,3866,19
2025,9114020,2,3867,12
2025,9114020,3,3868,10
2025,9114020,4,3869,2
2025,9115001,1,3870,19
2025,9115001,2,3871,21
2025,9115001,3,3872,0
2025,9115001,4,3873,10
2025,9115007,8,3874,22
2025,9115010,0,3875,9
2025,9115010,9,3876,20
2025,9115011,0,3877,14
2025,9115011,9,3878,2
2025,9115012,0,3879,16
2025,9115012,9,3880,4
2025,9115016,8,3881,8
2025,9115019,1,3882,20
2025,9115019,2,3883,1
2025,9115019,3,3884,11
2025,9115019,4,3885,0
2025,9115023,0,3886,19
2025,9115023,2,3887,17
2025,9115023,3,3888,17
2025,9115023,4,3889,11
2025,9115024,0,3890,18
2025,9115024,3,3891,6
2025,9115024,4,3892,3
2025,9115025,1,3893,19
2025,9115025,2,3894,0
2025,9115025,3,3895,8
2025,9115025,4,3896,2
2025,9116002,8,3897,18
2025,9116003,8,3898,15
2025,9116004,8,3899,2
2025,9116009,0,3900,9
2025,9116009,9,3901,7
2025,9116010,0,3902,9
2025,9116010,9,3903,9
2025,9117003,0,3904,29
2025,9117003,3,3905,18
2025,9117003,9,3906,8
2025,9117007,8,3907,10
2025,9117008,8,3908,8
2025,9118001,0,3909,15
2025,9118001,9,3910,8
2025,9118003,9,3911,20
2025,9119005,0,3912,7
2025,9119005,9,3913,10
2025,9119006,8,3914,9
2025,9119009,8,3915,6
2025,9119012,8,3916,8
2025,9119013,0,3917,11
2025,9119013,9,3918,7
2025,9119014,0,3919,6
2025,9119014,9,3920,6
2025,9119015,0,3921,9
2025,9119015,9,3922,10
2025,9119016,0,3923,8
2025,9119016,9,3924,19
2025,9119020,0,3925,10
2025,9119020,9,3926,1
2025,9119022,0,3927,20
2025,9119022,9,3928,22
2025,9119023,0,3929,20
2025,9119023,2,3930,9
2025,9119023,3,3931,17
2025,9119023,4,3932,7
2025,9120001,1,3933,17
2025,9120001,2,3934,4
2025,9120001,3,3935,0
2025,9120001,4,3936,4
2025,9120001,11,3937,16
2025,9120010,8,3938,14
2025,9120014,0,3939,15
2025,9120014,9,3940,6
2025,9120015,0,3941,15
2025,9120015,9,3942,0
2025,9120016,0,3943,10
2025,9120016,9,3944,8
2025,9120017,0,3945,13
2025,9120018,1,3946,16
2025,9120018,2,3947,8
2025,9120018,3,3948,4
2025,9120018,4,3949,4
2025,9120019,0,3950,15
2025,9120019,9,3951,5
2025,9120020,0,3952,17
2025,9120020,9,3953,6
2025,9120021,0,3954,14
2025,9120021,9,3955,0
2025,9120022,0,3956,15
2025,9120022,9,3957,1
2025,9120027,0,3958,17
2025,9120027,9,3959,0
2025,9120028,0,3960,12
2025,9120028,9,3961,0
2025,9120029,0,3962,12
2025,9120029,9,3963,2
2025,9120039,0,3964,10
2025,9120039,9,3965,5
2025,9120042,0,3966,12
2025,9120045,0,3967,9
2025,9120045,9,3968,4
2025,9120049,1,3969,15
2025,9120049,2,3970,25
2025,9120049,3,3971,0
2025,9120049,4,3972,0
2025,9120051,0,3973,14
2025,9121002,0,3974,8
2025,9121003,0,3975,12
2025,9121003,9,3976,10
2025,9121004,0,3977,14
2025,9121004,9,3978,7
2025,9121005,9,3979,7
2025,9121028,1,3980,20
2025,9121028,2,3981,6
2025,9121028,11,3982,0
2025,9201001,0,3983,12
2025,9201001,1,3984,19
2025,9201001,2,3985,0
2025,9201001,3,3986,0
2025,9201001,4,3987,0
2025,9201011,8,3988,9
2025,9201014,0,3989,19
2025,9201014,11,3990,8
2025,9201015,0,3991,18
2025,9201015,11,3992,0
2025,9201023,0,3993,12
2025,9201023,1,3994,20
2025,9201023,2,3995,0
2025,9201023,3,3996,0
2025,9201023,4,3997,0
2025,9201025,0,3998,15
2025,9201025,9,3999,0
2025,9201026,3,4000,23
2025,9201026,4,4001,14
2025,9201032,0,4002,11
2025,9201033,0,4003,17
2025,9201033,2,4004,8
2025,9201033,9,4005,1
2025,9201034,0,4006,20
2025,9201034,9,4007,3
2025,9201035,0,4008,12
2025,9201035,9,4009,3
2025,9201036,0,4010,10
2025,9201036,9,4011,3
2025,9201037,0,4012,16
2025,9201037,9,4013,0
2025,9201038,0,4014,9
2025,9201038,9,4015,15
2025,9201039,0,4016,15
2025,9201039,9,4017,1
2025,9201040,0,4018,11
2025,9201040,9,4019,10
2025,9201041,0,4020,10
2025,9201041,9,4021,19
2025,9201043,8,4022,8
2025,9201046,0,4023,9
2025,9201046,11,4024,0
2025,9201047,0,4025,13
2025,9202001,0,4026,20
2025,9202001,2,4027,9
2025,9202001,3,4028,13
2025,9202001,4,4029,13
2025,9202003,0,4030,6
2025,9202003,9,4031,4
2025,9202005,1,4032,20
2025,9202005,2,4033,12
2025,9202005,3,4034,13
2025,9202005,4,4035,10
2025,9202007,8,4036,6
2025,9202010,8,4037,8
2025,9202011,1,4038,20
2025,9202011,2,4039,12
2025,9202011,3,4040,15
2025,9202011,4,4041,14
2025,9202012,0,4042,11
2025,9202012,11,4043,9
2025,9203003,0,4044,13
2025,9203003,9,4045,13
2025,9203004,0,4046,15
2025,9203004,9,4047,20
2025,9203005,0,4048,19
2025,9203005,9,4049,22
2025,9203006,0,4050,20
2025,9203006,9,4051,14
2025,9203007,0,4052,11
2025,9203007,9,4053,16
2025,9203008,1,4054,13
2025,9203008,2,4055,31
2025,9203008,3,4056,7
2025,9203008,4,4057,0
2025,9203010,0,4058,14
2025,9203010,11,4059,6
2025,9204003,0,4060,0
2025,9204003,2,4061,0
2025,9204003,9,4062,0
2025,9204004,0,4063,9
2025,9204004,9,4064,12
2025,9204006,0,4065,13
2025,9204006,9,4066,0
2025,9204009,0,4067,11
2025,9204009,9,4068,12
2025,9204010,0,4069,10
2025,9204010,11,4070,19
2025,9204019,0,4071,8
2025,9204019,11,4072,8
2025,9205001,0,4073,8
2025,9205001,9,4074,16
2025,9205004,8,4075,3
2025,9205006,8,4076,7
2025,9205007,8,4077,8
2025,9205016,1,4078,19
2025,9205016,2,4079,11
2025,9205016,3,4080,14
2025,9205016,4,4081,4
2025,9205017,8,4082,7
2025,9206004,0,4083,12
2025,9206005,1,4084,9
2025,9206005,2,4085,8
2025,9206005,3,4086,9
2025,9206005,4,4087,6
2025,9206006,0,4088,9
2025,9206006,9,4089,6
2025,9207002,8,4090,12
2025,9207006,8,4091,7
2025,9207007,0,4092,16
2025,9207007,9,4093,10
2025,9207008,9,4094,18
2025,9207009,9,4095,11
2025,9207012,8,4096,5
2025,9207013,8,4097,4
2025,9207014,0,4098,15
2025,9207014,11,4099,5
2025,9208001,8,4100,17
2025,9208003,8,4101,18
2025,9208007,8,4102,9
2025,9208011,0,4103,18
2025,9208011,2,4104,10
2025,9208011,9,4105,14
2025,9208012,0,4106,13
2025,9208012,9,4107,10
2025,9208013,0,4108,3
2025,9208013,9,4109,12
2025,9208014,0,4110,5
2025,9208014,3,4111,14
2025,9208016,0,4112,11
2025,9208017,0,4113,13
2025,9208017,9,4114,16
2025,9209004,0,4115,16
2025,9209004,9,4116,0
2025,9209005,0,4117,12
2025,9209005,9,4118,6
2025,9209006,9,4119,20
2025,9210002,9,4120,13
2025,9210007,0,4121,5
2025,9210007,9,4122,15
2025,9210008,1,4123,17
2025,9210008,2,4124,0
2025,9210009,0,4125,20
2025,9210009,9,4126,16
2025,9210010,0,4127,16
2025,9210010,9,4128,22
2025,9210011,0,4129,9
2025,9210011,9,4130,8
2025,9210018,0,4131,1
2025,9210018,11,4132,8
2025,9210019,0,4133,13
2025,9210019,11,4134,0
2025,9210021,0,4135,9
2025,9210021,2,4136,11
2025,9210021,11,4137,2
2025,9210022,8,4138,10
2025,9211001,0,4139,12
2025,9211001,1,4140,9
2025,9211001,2,4141,10
2025,9211001,3,4142,0
2025,9211001,4,4143,0
2025,9211007,0,4144,19
2025,9211008,0,4145,14
2025,9211009,9,4146,22
2025,9211010,9,4147,18
2025,9211011,0,4148,17
2025,9211011,9,4149,20
2025,9211012,0,4150,19
2025,9211012,9,4151,1
2025,9211013,0,4152,18
2025,9211013,9,4153,17
2025,9211014,0,4154,13
2025,9211015,0,4155,17
2025,9211017,0,4156,12
2025,9211017,9,4157,3
2025,9211018,0,4158,12
2025,9211019,0,4159,16
2025,9211020,9,4160,19
2025,9211022,0,4161,16
2025,9211024,0,4162,13
2025,9211024,11,4163,2
2025,10101001,0,4164,18
2025,10101001,2,4165,11
2025,10101001,3,4166,8
2025,10101001,4,4167,0
2025,10101001,9,4168,2
2025,10101002,1,4169,9
2025,10101002,2,4170,40
2025,10101002,3,4171,10
2025,10101002,9,4172,7
2025,10101003,0,4173,10
2025,10101003,1,4174,13
2025,10101003,2,4175,16
2025,10101003,3,4176,12
2025,10101003,4,4177,5
2025,10101003,9,4178,3
2025,10101004,1,4179,12
2025,10101004,2,4180,42
2025,10101004,3,4181,27
2025,10101004,4,4182,19
2025,10101005,1,4183,15
2025,10101005,2,4184,3
2025,10101005,3,4185,15
2025,10101005,4,4186,11
2025,10101005,9,4187,32
2025,10101006,3,4188,28
2025,10101006,4,4189,13
2025,10101007,1,4190,13
2025,10101007,2,4191,32
2025,10101007,3,4192,3
2025,10101007,4,4193,12
2025,10101009,1,4194,14
2025,10101009,2,4195,4
2025,10101009,3,4196,41
2025,10101009,4,4197,33
2025,10101013,9,4198,21
2025,10101032,1,4199,19
2025,10101032,2,4200,3
2025,10101032,9,4201,25
2025,10101035,0,4202,12
2025,10101035,9,4203,9
2025,10101037,0,4204,17
2025,10101037,2,4205,15
2025,10101037,3,4206,1
2025,10101037,4,4207,1
2025,10101038,1,4208,14
2025,10101038,2,4209,5
2025,10101038,9,4210,0
2025,10101039,1,4211,18
2025,10101039,2,4212,6
2025,10101039,3,4213,12
2025,10101039,9,4214,6
2025,10101041,0,4215,9
2025,10101041,3,4216,19
2025,10101041,4,4217,1
2025,10101042,0,4218,8
2025,10101042,9,4219,3
2025,10101043,0,4220,10
2025,10101043,9,4221,17
2025,10101044,0,4222,14
2025,10101044,9,4223,6
2025,10101045,0,4224,14
2025,10101045,9,4225,6
2025,10101046,0,4226,9
2025,10101046,9,4227,1
2025,10101047,0,4228,20
2025,10101047,2,4229,4
2025,10101047,4,4230,5
2025,10101047,11,4231,6
2025,10101048,0,4232,12
2025,10101048,9,4233,7
2025,10101049,0,4234,18
2025,10101049,9,4235,19
2025,10101051,1,4236,18
2025,10101051,2,4237,12
2025,10101051,3,4238,14
2025,10101051,4,4239,9
2025,10101052,0,4240,10
2025,10101052,2,4241,13
2025,10101052,3,4242,18
2025,10101052,4,4243,22
2025,10101053,1,4244,11
2025,10101053,2,4245,26
2025,10101053,4,4246,0
2025,10101053,11,4247,18
2025,10101055,0,4248,15
2025,10101055,9,4249,5
2025,10101056,3,4250,10
2025,10101056,4,4251,19
2025,10101057,0,4252,8
2025,10101057,9,4253,4
2025,10101058,0,4254,12
2025,10101058,9,4255,8
2025,10101059,0,4256,18
2025,10101059,2,4257,15
2025,10101059,3,4258,1
2025,10101059,9,4259,2
2025,10101062,0,4260,16
2025,10101062,9,4261,13
2025,10101063,0,4262,13
2025,10101063,9,4263,7
2025,10101064,0,4264,8
2025,10101064,9,4265,9
2025,10101065,3,4266,24
2025,10101065,4,4267,18
2025,10101066,1,4268,15
2025,10101066,2,4269,16
2025,10101066,9,4270,40
2025,10101067,0,4271,11
2025,10101067,9,4272,0
2025,10101068,1,4273,18
2025,10101068,2,4274,13
2025,10101068,3,4275,7
2025,10101068,9,4276,1
2025,10101069,0,4277,0
2025,10101069,1,4278,0
2025,10101069,2,4279,0
2025,10101069,3,4280,0
2025,10101069,4,4281,0
2025,10101069,9,4282,0
2025,10101071,0,4283,17
2025,10101071,1,4284,18
2025,10101071,2,4285,11
2025,10101071,3,4286,13
2025,10101071,4,4287,15
2025,10101071,9,4288,13
2025,10101072,0,4289,0
2025,10101072,9,4290,0
2025,10101073,1,4291,12
2025,10101073,2,4292,40
2025,10101073,3,4293,13
2025,10101073,4,4294,17
2025,10101073,9,4295,11
2025,10101074,1,4296,19
2025,10101074,2,4297,27
2025,10101074,3,4298,18
2025,10101074,9,4299,6
2025,10101075,8,4300,11
2025,10101076,0,4301,14
2025,10101076,9,4302,0
2025,10101077,0,4303,0
2025,10101077,9,4304,0
2025,10101078,0,4305,8
2025,10101078,9,4306,1
2025,10101095,8,4307,4
2025,10102001,0,4308,11
2025,10102001,11,4309,3
2025,10102002,0,4310,11
2025,10102002,11,4311,7
2025,10102003,0,4312,8
2025,10102003,11,4313,6
2025,10102004,0,4314,14
2025,10102004,11,4315,1
2025,10102005,9,4316,12
2025,10102016,8,4317,4
2025,10103001,0,4318,9
2025,10103001,9,4319,3
2025,10104001,9,4320,12
2025,10104002,0,4321,4
2025,10104002,11,4322,11
2025,10105001,0,4323,21
2025,10105001,11,4324,15
2025,10105002,0,4325,18
2025,10105002,9,4326,2
2025,10105003,0,4327,12
2025,10105003,11,4328,10
2025,10106002,0,4329,5
2025,10106002,9,4330,4
2025,10106003,0,4331,5
2025,10106003,11,4332,1
2025,10106004,0,4333,4
2025,10106004,11,4334,7
2025,10106005,0,4335,14
2025,10106005,11,4336,0
2025,10106080,8,4337,5
2025,10107001,1,4338,15
2025,10107001,2,4339,12
2025,10107001,3,4340,13
2025,10107001,4,4341,13
2025,10107001,9,4342,14
2025,10107002,0,4343,17
2025,10107002,9,4344,16
2025,10107003,0,4345,19
2025,10107003,1,4346,20
2025,10107003,3,4347,3
2025,10107003,4,4348,15
2025,10107003,9,4349,16
2025,10107005,0,4350,24
2025,10107005,11,4351,6
2025,10107092,8,4352,5
2025,10108002,0,4353,11
2025,10108003,0,4354,0
2025,10108003,9,4355,0
2025,10108004,3,4356,21
2025,10108004,4,4357,19
2025,10108017,8,4358,10
2025,10108082,8,4359,13
2025,10109001,1,4360,3
2025,10109001,2,4361,17
2025,10109001,3,4362,12
2025,10109001,11,4363,14
2025,10109002,0,4364,34
2025,10109002,11,4365,10
2025,10109005,0,4366,6
2025,10109005,11,4367,5
2025,10109007,0,4368,13
2025,10109008,0,4369,13
2025,10109008,9,4370,0
2025,10109016,8,4371,4
2025,10201003,9,4372,14
2025,10201004,0,4373,17
2025,10201004,11,4374,13
2025,10201005,0,4375,17
2025,10201005,11,4376,3
2025,10201006,0,4377,11
2025,10201006,11,4378,9
2025,10201007,0,4379,11
2025,10201007,9,4380,0
2025,10201008,0,4381,11
2025,10201008,11,4382,8
2025,10201009,0,4383,17
2025,10201009,9,4384,9
2025,10201010,3,4385,25
2025,10201010,4,4386,6
2025,10201010,9,4387,24
2025,10202001,0,4388,20
2025,10202001,2,4389,13
2025,10202001,3,4390,0
2025,10202001,4,4391,8
2025,10202001,9,4392,13
2025,10202003,3,4393,23
2025,10202003,9,4394,11
2025,10202004,0,4395,15
2025,10202004,9,4396,0
2025,10202005,0,4397,18
2025,10202005,9,4398,13
2025,10202007,0,4399,8
2025,10202007,9,4400,11
2025,10202008,0,4401,12
2025,10202008,11,4402,12
2025,10202009,0,4403,14
2025,10202009,9,4404,7
2025,10202010,1,4405,20
2025,10202010,2,4406,14
2025,10202010,3,4407,20
2025,10202010,4,4408,16
2025,10202011,0,4409,1
2025,10202011,9,4410,3
2025,10202012,0,4411,5
2025,10202012,11,4412,4
2025,10202013,0,4413,14
2025,10202013,9,4414,14
2025,10202021,8,4415,7
2025,10203002,0,4416,17
2025,10203002,2,4417,10
2025,10203002,3,4418,5
2025,10203002,9,4419,1
2025,10203015,8,4420,11
2025,10203080,8,4421,5
2025,10203090,8,4422,9
2025,10203091,8,4423,9
2025,10205001,1,4424,16
2025,10205001,2,4425,11
2025,10205002,0,4426,16
2025,10205002,11,4427,6
2025,10205015,8,4428,10
2025,10205090,8,4429,5
2025,10206001,0,4430,6
2025,10206001,9,4431,3
2025,10207001,0,4432,1
2025,10207001,11,4433,5
2025,10207090,8,4434,2
2025,10208003,0,4435,15
2025,10208003,11,4436,7
2025,10208004,9,4437,15
2025,10208005,0,4438,20
2025,10208005,2,4439,9
2025,10208005,3,4440,0
2025,10208005,9,4441,1
2025,10208006,0,4442,16
2025,10208006,11,4443,2
2025,10208007,0,4444,12
2025,10208007,11,4445,8
2025,10208015,8,4446,4
2025,10208016,8,4447,14
2025,10208020,8,4448,7
2025,10208021,8,4449,6
2025,10208022,8,4450,9
2025,10208024,8,4451,5
2025,10208074,8,4452,15
2025,10208090,8,4453,9
2025,10208091,8,4454,11
2025,10209001,0,4455,18
2025,10209001,11,4456,6
2025,10210001,0,4457,18
2025,10210001,9,4458,16
2025,10210002,0,4459,17
2025,10210002,9,4460,28
2025,10210003,0,4461,14
2025,10210003,9,4462,14
2025,10210004,0,4463,13
2025,10210004,9,4464,16
2025,10210015,8,4465,6
2025,10210016,8,4466,7
2025,10301001,0,4467,9
2025,10301001,11,4468,9
2025,10301002,0,4469,20
2025,10301002,2,4470,7
2025,10301002,3,4471,15
2025,10301002,4,4472,1
2025,10301002,9,4473,1
2025,10301002,11,4474,11
2025,10301003,0,4475,26
2025,10301003,3,4476,21
2025,10301003,4,4477,7
2025,10301004,0,4478,31
2025,10301004,3,4479,24
2025,10301004,4,4480,27
2025,10301005,0,4481,10
2025,10301005,2,4482,21
2025,10301005,9,4483,2
2025,10301005,11,4484,30
2025,10301007,0,4485,29
2025,10301007,9,4486,22
2025,10301007,11,4487,23
2025,10301009,0,4488,17
2025,10301009,11,4489,0
2025,10301010,0,4490,13
2025,10301011,0,4491,16
2025,10301011,9,4492,8
2025,10301012,0,4493,10
2025,10301012,2,4494,9
2025,10301012,4,4495,10
2025,10301012,9,4496,6
2025,10301013,0,4497,17
2025,10301013,9,4498,10
2025,10301014,0,4499,30
2025,10301014,9,4500,28
2025,10301024,0,4501,15
2025,10301024,9,4502,3
2025,10301025,0,4503,12
2025,10301025,2,4504,9
2025,10301025,9,4505,1
2025,10301026,0,4506,14
2025,10301026,9,4507,0
2025,10301027,0,4508,18
2025,10301027,11,4509,0
2025,10301029,9,4510,20
2025,10301029,11,4511,18
2025,10301030,0,4512,44
2025,10301030,3,4513,15
2025,10301030,4,4514,0
2025,10301030,9,4515,19
2025,10301031,0,4516,50
2025,10301031,9,4517,46
2025,10301033,0,4518,31
2025,10301033,3,4519,11
2025,10301033,9,4520,20
2025,10301034,0,4521,27
2025,10301034,9,4522,10
2025,10301035,0,4523,51
2025,10301035,9,4524,3
2025,10301086,8,4525,0
2025,10301090,8,4526,6
2025,10301091,8,4527,9
2025,10302002,9,4528,13
2025,10302003,0,4529,14
2025,10302003,9,4530,10
2025,10302004,0,4531,8
2025,10302004,9,4532,9
2025,10302090,8,4533,12
2025,10302091,8,4534,14
2025,10302092,8,4535,5
2025,10303001,0,4536,11
2025,10303001,9,4537,5
2025,10303002,0,4538,28
2025,10303002,9,4539,33
2025,10303003,0,4540,11
2025,10303003,9,4541,9
2025,10304001,0,4542,6
2025,10304001,11,4543,0
2025,10304002,0,4544,5
2025,10304002,9,4545,4
2025,10304003,0,4546,16
2025,10304003,9,4547,18
2025,10304015,8,4548,12
2025,10304016,8,4549,12
2025,10304090,8,4550,5
2025,10304091,8,4551,7
2025,10305001,0,4552,16
2025,10305001,9,4553,36
2025,10305093,8,4554,14
2025,10306001,0,4555,11
2025,10306001,11,4556,3
2025,10306002,9,4557,0
2025,10306002,11,4558,11
2025,10306017,8,4559,14
2025,10306043,8,4560,5
2025,10306075,8,4561,10
2025,10306076,8,4562,9
2025,10306080,8,4563,11
2025,10307001,0,4564,9
2025,10307001,11,4565,5
2025,10307073,8,4566,6
2025,10307077,8,4567,6
2025,10401002,0,4568,10
2025,10401002,11,4569,9
2025,10401017,8,4570,8
2025,10401021,8,4571,11
2025,10401090,8,4572,7
2025,10403001,0,4573,17
2025,10403001,11,4574,40
2025,10403015,8,4575,5
2025,10403017,8,4576,4
2025,10403018,8,4577,6
2025,10403074,8,4578,11
2025,10403078,8,4579,5
2025,10403096,8,4580,5
2025,10403097,8,4581,3
2025,11101001,0,4582,14
2025,11101001,1,4583,14
2025,11101001,2,4584,15
2025,11101001,3,4585,20
2025,11101001,4,4586,5
2025,11101002,0,4587,7
2025,11101002,1,4588,13
2025,11101002,2,4589,23
2025,11101002,3,4590,0
2025,11101002,4,4591,0
2025,11101002,11,4592,0
2025,11101003,1,4593,11
2025,11101003,2,4594,8
2025,11101003,3,4595,22
2025,11101003,4,4596,3
2025,11101006,1,4597,19
2025,11101006,2,4598,24
2025,11101006,3,4599,45
2025,11101006,4,4600,30
2025,11101007,1,4601,16
2025,11101007,2,4602,0
2025,11101007,3,4603,16
2025,11101007,4,4604,1
2025,11101007,9,4605,18
2025,11101008,0,4606,39
2025,11101008,1,4607,18
2025,11101008,3,4608,37
2025,11101008,4,4609,31
2025,11101009,1,4610,20
2025,11101009,2,4611,40
2025,11101009,3,4612,15
2025,11101009,4,4613,10
2025,11101010,1,4614,36
2025,11101010,2,4615,20
2025,11101010,3,4616,23
2025,11101010,4,4617,9
2025,11101011,0,4618,13
2025,11101011,11,4619,11
2025,11101018,8,4620,7
2025,11101050,7,4621,40
2025,11101050,8,4622,12
2025,11102003,0,4623,5
2025,11102003,9,4624,4
2025,11102050,7,4625,5
2025,11102050,8,4626,3
2025,11201001,0,4627,11
2025,11201001,3,4628,15
2025,11201001,4,4629,7
2025,11201003,0,4630,12
2025,11201003,3,4631,19
2025,11201003,4,4632,15
2025,11201003,11,4633,32
2025,11201004,1,4634,29
2025,11201004,2,4635,0
2025,11201004,11,4636,6
2025,11201005,0,4637,17
2025,11201005,2,4638,14
2025,11201005,3,4639,18
2025,11201005,4,4640,14
2025,11201005,11,4641,17
2025,11201006,1,4642,17
2025,11201006,2,4643,13
2025,11201006,3,4644,7
2025,11201006,4,4645,7
2025,11201018,0,4646,11
2025,11201018,9,4647,4
2025,11201019,0,4648,14
2025,11201019,9,4649,15
2025,11201050,7,4650,19
2025,11201050,8,4651,13
2025,11202001,1,4652,19
2025,11202001,2,4653,8
2025,11202001,3,4654,10
2025,11202001,4,4655,10
2025,11202004,0,4656,9
2025,11202004,9,4657,15
2025,11202005,1,4658,20
2025,11202005,2,4659,10
2025,11202005,3,4660,17
2025,11202005,4,4661,11
2025,11202050,7,4662,14
2025,11202050,8,4663,3
2025,11301001,1,4664,11
2025,11301001,2,4665,8
2025,11301001,3,4666,12
2025,11301001,4,4667,2
2025,11301001,9,4668,17
2025,11301050,7,4669,5
2025,11301050,8,4670,5
2025,11303011,0,4671,11
2025,11303011,4,4672,18
2025,11401001,1,4673,16
2025,11401001,2,4674,9
2025,11401001,3,4675,15
2025,11401001,4,4676,7
2025,11401001,11,4677,10
2025,11401003,0,4678,9
2025,11401003,11,4679,5
2025,11401004,0,4680,14
2025,11401004,9,4681,11
2025,11401050,7,4682,4
2025,11401050,8,4683,0
2025,11402031,0,4684,5
2025,11402031,9,4685,12
2025,11402050,7,4686,8
2025,11402050,8,4687,3
2025,12101001,1,4688,19
2025,12101001,2,4689,22
2025,12101001,3,4690,16
2025,12101001,4,4691,2
2025,12101001,11,4692,27
2025,12101002,0,4693,19
2025,12101002,2,4694,26
2025,12101002,3,4695,25
2025,12101002,4,4696,22
2025,12101003,1,4697,14
2025,12101003,2,4698,26
2025,12101003,3,4699,22
2025,12101003,4,4700,17
2025,12101003,11,4701,28
2025,12101004,1,4702,20
2025,12101004,2,4703,23
2025,12101004,3,4704,18
2025,12101004,4,4705,14
2025,12101005,1,4706,17
2025,12101005,2,4707,41
2025,12101005,3,4708,0
2025,12101005,4,4709,8
2025,12101006,0,4710,6
2025,12101006,1,4711,19
2025,12101006,2,4712,29
2025,12101006,3,4713,14
2025,12101006,4,4714,4
2025,12101006,11,4715,8
2025,12101007,1,4716,18
2025,12101007,2,4717,19
2025,12101007,3,4718,9
2025,12101007,4,4719,6
2025,12101019,7,4720,10
2025,12101019,8,4721,10
2025,12101021,1,4722,18
2025,12101021,2,4723,6
2025,12101021,3,4724,9
2025,12101021,4,4725,1
2025,12101021,11,4726,8
2025,12101022,8,4727,22
2025,12101025,0,4728,15
2025,12101025,9,4729,6
2025,12101029,8,4730,17
2025,12101030,0,4731,19
2025,12101030,2,4732,11
2025,12101030,3,4733,8
2025,12101030,4,4734,13
2025,12101032,0,4735,16
2025,12101032,2,4736,6
2025,12101032,3,4737,39
2025,12101032,4,4738,33
2025,12101033,0,4739,17
2025,12101033,2,4740,7
2025,12101033,3,4741,6
2025,12101033,4,4742,4
2025,12101034,0,4743,19
2025,12101034,2,4744,10
2025,12101034,3,4745,0
2025,12101034,4,4746,6
2025,12101036,1,4747,20
2025,12101036,2,4748,30
2025,12101036,3,4749,9
2025,12101036,4,4750,7
2025,12101036,11,4751,10
2025,12101037,1,4752,19
2025,12101037,2,4753,0
2025,12101037,3,4754,8
2025,12101037,4,4755,3
2025,12101038,0,4756,14
2025,12101038,11,4757,0
2025,12102002,7,4758,2
2025,12103001,7,4759,1
2025,12103001,8,4760,1
2025,12104001,7,4761,1
2025,12104001,8,4762,1
2025,12201001,0,4763,14
2025,12201001,4,4764,11
2025,12201001,11,4765,15
2025,12201004,0,4766,16
2025,12201004,11,4767,12
2025,12301001,1,4768,18
2025,12301001,2,4769,3
2025,12301001,3,4770,9
2025,12301001,4,4771,13
2025,12301001,5,4772,10
2025,12301003,7,4773,7
2025,12301003,8,4774,7
2025,12301004,0,4775,19
2025,12301004,2,4776,3
2025,12301004,3,4777,10
2025,12301004,4,4778,2
2025,12302002,0,4779,1
2025,12302002,9,4780,13
2025,12303002,0,4781,4
2025,12303002,9,4782,11
2025,12401001,0,4783,13
2025,12401001,2,4784,7
2025,12401001,3,4785,5
2025,12401001,4,4786,10
2025,12401001,11,4787,2
2025,12401002,0,4788,18
2025,12401002,2,4789,9
2025,12401002,3,4790,2
2025,12401002,4,4791,12
2025,12401002,11,4792,26
2025,12401004,8,4793,4
2025,12401008,7,4794,3
2025,12401008,8,4795,3
2025,12401009,1,4796,20
2025,12401009,2,4797,2
2025,12401009,3,4798,8
2025,12401009,4,4799,6
2025,12401010,1,4800,19
2025,12401010,2,4801,2
2025,12401010,3,4802,4
2025,12401010,4,4803,1
2025,12401011,1,4804,18
2025,12401011,2,4805,25
2025,12401011,3,4806,5
2025,12401011,4,4807,1
2025,12401011,11,4808,8
2025,12401012,0,4809,12
2025,12401012,9,4810,0
2025,12401013,1,4811,20
2025,12401013,2,4812,1
2025,12401013,3,4813,4
2025,12401013,4,4814,1
2025,12402004,0,4815,2
2025,12402004,9,4816,10
2025,12402005,0,4817,9
2025,12402005,11,4818,11
2025,13101023,2,4819,14
2025,13101023,3,4820,0
2025,13101023,4,4821,27
2025,13101024,2,4822,19
2025,13101025,2,4823,20
2025,13101026,11,4824,14
2025,13101028,11,4825,27
2025,13101030,3,4826,20
2025,13101030,4,4827,2
2025,13101031,11,4828,14
2025,13101034,1,4829,20
2025,13101034,2,4830,7
2025,13101035,2,4831,9
2025,13101035,3,4832,42
2025,13101035,4,4833,10
2025,13101036,2,4834,12
2025,13101036,3,4835,6
2025,13101036,4,4836,33
2025,13101037,1,4837,19
2025,13101037,2,4838,48
2025,13101037,3,4839,8
2025,13101037,4,4840,3
2025,13101038,2,4841,11
2025,13101038,3,4842,1
2025,13101038,4,4843,26
2025,13101039,2,4844,23
2025,13101039,3,4845,21
2025,13101039,4,4846,8
2025,13101040,2,4847,12
2025,13101040,3,4848,14
2025,13101040,4,4849,36
2025,13101041,2,4850,18
2025,13101041,3,4851,20
2025,13101041,4,4852,5
2025,13101042,1,4853,18
2025,13101042,2,4854,4
2025,13101042,3,4855,13
2025,13101042,4,4856,40
2025,13101043,3,4857,25
2025,13101043,4,4858,40
2025,13101044,2,4859,30
2025,13101044,3,4860,15
2025,13101044,4,4861,6
2025,13101045,2,4862,10
2025,13101045,3,4863,12
2025,13101045,4,4864,32
2025,13101046,2,4865,14
2025,13101046,3,4866,0
2025,13101046,4,4867,58
2025,13101047,0,4868,19
2025,13101047,2,4869,28
2025,13101049,8,4870,12
2025,13101050,8,4871,15
2025,13101051,8,4872,11
2025,13102001,1,4873,13
2025,13102001,2,4874,24
2025,13102001,3,4875,11
2025,13102001,4,4876,1
2025,13102003,1,4877,18
2025,13102003,2,4878,18
2025,13102003,3,4879,3
2025,13102003,4,4880,4
2025,13102003,11,4881,3
2025,13102004,1,4882,12
2025,13102004,2,4883,1
2025,13102004,3,4884,19
2025,13102004,4,4885,20
2025,13102007,1,4886,14
2025,13102007,2,4887,8
2025,13102007,3,4888,13
2025,13102007,4,4889,3
2025,13102008,1,4890,16
2025,13102008,2,4891,5
2025,13102008,3,4892,9
2025,13102008,4,4893,7
2025,13102009,1,4894,17
2025,13102009,2,4895,11
2025,13102009,3,4896,12
2025,13102009,4,4897,12
2025,13102010,0,4898,18
2025,13102010,2,4899,9
2025,13102010,3,4900,5
2025,13102010,4,4901,7
2025,13102011,1,4902,19
2025,13102011,2,4903,6
2025,13102011,3,4904,6
2025,13102011,4,4905,1
2025,13102013,1,4906,20
2025,13102013,2,4907,0
2025,13102013,3,4908,10
2025,13102013,4,4909,0
2025,13102014,3,4910,27
2025,13102014,4,4911,6
2025,13102015,0,4912,13
2025,13102015,11,4913,10
2025,13102016,0,4914,11
2025,13102016,1,4915,20
2025,13102016,2,4916,3
2025,13102016,3,4917,0
2025,13102016,4,4918,0
2025,13102016,11,4919,0
2025,13102017,0,4920,10
2025,13102017,11,4921,3
2025,13102018,0,4922,13
2025,13102018,11,4923,0
2025,13102019,0,4924,14
2025,13102019,11,4925,0
2025,13103001,1,4926,14
2025,13103001,2,4927,25
2025,13103001,3,4928,7
2025,13103001,4,4929,18
2025,13103002,0,4930,20
2025,13103002,3,4931,10
2025,13103002,4,4932,32
2025,13103005,1,4933,13
2025,13103005,2,4934,24
2025,13103005,3,4935,16
2025,13103005,4,4936,3
2025,13103005,9,4937,0
2025,13103006,1,4938,19
2025,13103006,2,4939,33
2025,13103006,3,4940,8
2025,13103006,4,4941,19
2025,13103007,1,4942,14
2025,13103007,2,4943,18
2025,13103007,3,4944,20
2025,13103007,4,4945,0
2025,13103007,9,4946,0
2025,13103009,1,4947,20
2025,13103009,2,4948,34
2025,13103009,3,4949,10
2025,13103009,4,4950,16
2025,13103016,1,4951,20
2025,13103016,2,4952,9
2025,13103016,3,4953,11
2025,13103016,4,4954,5
2025,13103017,3,4955,17
2025,13103017,5,4956,3
2025,13103017,9,4957,9
2025,13103018,0,4958,17
2025,13103021,0,4959,20
2025,13103021,2,4960,9
2025,13103021,3,4961,4
2025,13103021,4,4962,7
2025,13103023,0,4963,8
2025,13103023,11,4964,12
2025,13103024,0,4965,20
2025,13103024,3,4966,32
2025,13103024,4,4967,32
2025,13103026,8,4968,9
2025,13103027,0,4969,20
2025,13103027,2,4970,7
2025,13103027,3,4971,14
2025,13103027,4,4972,6
2025,13103028,0,4973,20
2025,13103028,2,4974,16
2025,13103028,3,4975,9
2025,13103028,4,4976,8
2025,13103038,0,4977,15
2025,13103038,11,4978,4
2025,13104003,1,4979,19
2025,13104003,2,4980,4
2025,13104003,3,4981,36
2025,13104003,4,4982,3
2025,13104004,0,4983,18
2025,13104004,2,4984,8
2025,13104004,3,4985,0
2025,13104004,4,4986,0
2025,13104005,1,4987,13
2025,13104005,2,4988,28
2025,13104005,3,4989,18
2025,13104005,4,4990,2
2025,13104006,0,4991,10
2025,13104006,1,4992,26
2025,13104006,2,4993,18
2025,13104006,3,4994,15
2025,13104006,4,4995,5
2025,13104006,9,4996,16
2025,13104007,1,4997,17
2025,13104007,2,4998,27
2025,13104007,3,4999,0
2025,13104007,4,5000,17
2025,13104008,0,5001,18
2025,13104008,2,5002,8
2025,13104008,3,5003,17
2025,13104008,4,5004,1
2025,13104008,9,5005,0
2025,13104009,1,5006,20
2025,13104009,2,5007,20
2025,13104009,3,5008,6
2025,13104009,4,5009,2
2025,13104010,2,5010,20
2025,13104010,11,5011,2
2025,13104011,3,5012,60
2025,13104011,4,5013,5
2025,13104012,3,5014,29
2025,13104012,4,5015,4
2025,13104013,3,5016,30
2025,13104013,4,5017,9
2025,13104013,9,5018,22
2025,13104014,8,5019,12
2025,13104017,0,5020,14
2025,13104017,11,5021,0
2025,13104018,0,5022,14
2025,13104018,11,5023,2
2025,13105001,4,5024,16
2025,13105001,11,5025,24
2025,13105002,1,5026,19
2025,13105002,2,5027,4
2025,13105005,1,5028,20
2025,13105005,2,5029,16
2025,13105005,3,5030,0
2025,13105005,4,5031,3
2025,13105007,1,5032,34
2025,13105007,2,5033,19
2025,13105007,3,5034,22
2025,13105007,4,5035,38
2025,13105007,9,5036,20
2025,13105008,1,5037,9
2025,13105008,2,5038,32
2025,13105008,3,5039,25
2025,13105008,4,5040,42
2025,13105008,11,5041,19
2025,13105009,0,5042,19
2025,13105009,3,5043,14
2025,13105009,4,5044,5
2025,13105009,9,5045,15
2025,13105010,0,5046,13
2025,13105010,2,5047,6
2025,13105010,3,5048,2
2025,13105010,4,5049,0
2025,13105010,9,5050,6
2025,13105011,2,5051,20
2025,13105011,3,5052,10
2025,13105011,4,5053,2
2025,13105012,0,5054,15
2025,13105012,2,5055,11
2025,13105012,3,5056,5
2025,13105012,4,5057,11
2025,13105013,0,5058,13
2025,13105013,3,5059,14
2025,13105014,0,5060,16
2025,13105014,2,5061,11
2025,13105014,3,5062,3
2025,13105014,4,5063,0
2025,13105015,1,5064,8
2025,13105015,2,5065,5
2025,13105015,3,5066,16
2025,13105015,4,5067,0
2025,13105016,0,5068,17
2025,13105016,2,5069,3
2025,13105016,3,5070,8
2025,13105016,4,5071,6
2025,13105017,1,5072,8
2025,13105017,2,5073,13
2025,13105017,3,5074,11
2025,13105018,0,5075,17
2025,13105018,3,5076,17
2025,13105019,0,5077,29
2025,13105019,3,5078,14
2025,13105020,1,5079,8
2025,13105020,2,5080,5
2025,13105020,3,5081,19
2025,13105021,1,5082,19
2025,13105021,2,5083,6
2025,13105021,3,5084,0
2025,13105021,4,5085,5
2025,13105022,0,5086,61
2025,13105022,11,5087,3
2025,13105023,0,5088,19
2025,13105023,2,5089,13
2025,13105023,3,5090,7
2025,13105023,4,5091,2
2025,13105024,0,5092,14
2025,13105024,3,5093,7
2025,13106002,0,5094,15
2025,13106002,1,5095,14
2025,13106002,2,5096,26
2025,13106004,2,5097,13
2025,13106004,3,5098,3
2025,13106004,4,5099,0
2025,13106005,3,5100,3
2025,13106005,4,5101,12
2025,13106005,11,5102,6
2025,13106006,1,5103,14
2025,13106006,2,5104,26
2025,13106006,3,5105,17
2025,13106006,4,5106,7
2025,13106007,0,5107,9
2025,13106007,11,5108,8
2025,13106008,1,5109,19
2025,13106008,2,5110,12
2025,13106008,3,5111,4
2025,13106008,4,5112,4
2025,13106009,1,5113,14
2025,13106009,2,5114,5
2025,13106009,3,5115,3
2025,13106009,4,5116,1
2025,13106017,1,5117,19
2025,13106017,2,5118,4
2025,13106017,3,5119,13
2025,13106017,4,5120,0
2025,13106018,1,5121,19
2025,13106018,2,5122,8
2025,13106018,3,5123,8
2025,13106018,4,5124,5
2025,13106019,1,5125,16
2025,13106019,2,5126,7
2025,13106021,1,5127,20
2025,13106021,2,5128,2
2025,13106021,3,5129,12
2025,13106021,4,5130,5
2025,13106022,2,5131,18
2025,13106022,3,5132,11
2025,13106022,4,5133,1
2025,13106023,2,5134,20
2025,13106023,3,5135,8
2025,13106023,4,5136,3
2025,13106024,1,5137,19
2025,13106024,2,5138,6
2025,13106024,3,5139,4
2025,13106024,4,5140,0
2025,13106025,1,5141,20
2025,13106025,2,5142,1
2025,13106025,3,5143,11
2025,13106025,4,5144,0
2025,13106026,1,5145,17
2025,13106026,2,5146,0
2025,13106026,3,5147,0
2025,13106026,4,5148,0
2025,13106028,1,5149,19
2025,13106028,2,5150,3
2025,13106028,3,5151,9
2025,13106028,4,5152,0
2025,13107001,1,5153,22
2025,13107001,2,5154,35
2025,13107001,3,5155,11
2025,13107001,4,5156,1
2025,13107001,11,5157,23
2025,13107002,3,5158,44
2025,13107002,4,5159,17
2025,13107003,1,5160,19
2025,13107003,2,5161,20
2025,13107003,3,5162,19
2025,13107003,4,5163,17
2025,13107003,11,5164,25
2025,13107004,1,5165,20
2025,13107004,2,5166,46
2025,13107004,3,5167,12
2025,13107004,4,5168,18
2025,13107004,11,5169,6
2025,13107005,1,5170,28
2025,13107005,2,5171,22
2025,13107005,3,5172,30
2025,13107005,4,5173,12
2025,13107005,11,5174,10
2025,13107008,8,5175,10
2025,13107012,1,5176,18
2025,13107012,2,5177,5
2025,13107013,1,5178,19
2025,13107013,2,5179,1
2025,13107013,3,5180,39
2025,13107013,4,5181,13
2025,13107016,1,5182,19
2025,13107016,2,5183,20
2025,13107016,3,5184,2
2025,13107016,4,5185,0
2025,13107016,9,5186,0
2025,13107017,1,5187,18
2025,13107017,2,5188,2
2025,13107017,3,5189,10
2025,13107017,4,5190,3
2025,13108005,1,5191,19
2025,13108005,2,5192,1
2025,13108006,1,5193,34
2025,13108006,2,5194,10
2025,13108006,3,5195,21
2025,13108006,4,5196,4
2025,13108007,1,5197,20
2025,13108007,2,5198,0
2025,13108007,3,5199,2
2025,13108007,4,5200,0
2025,13108008,0,5201,11
2025,13108008,11,5202,1
2025,13108009,0,5203,11
2025,13108009,11,5204,0
2025,13108011,3,5205,37
2025,13108011,4,5206,0
2025,13109001,8,5207,17
2025,13109003,8,5208,11
2025,13109004,1,5209,20
2025,13109004,2,5210,0
2025,13109004,3,5211,12
2025,13109004,4,5212,0
2025,13109005,1,5213,20
2025,13109005,2,5214,1
2025,13109005,3,5215,13
2025,13109005,4,5216,3
2025,13109006,1,5217,18
2025,13109006,2,5218,10
2025,13109007,1,5219,20
2025,13109007,2,5220,7
2025,13109007,3,5221,6
2025,13109007,4,5222,6
2025,13109008,0,5223,13
2025,13109008,1,5224,0
2025,13109008,2,5225,14
2025,13109008,3,5226,0
2025,13109008,4,5227,2
2025,13109009,0,5228,11
2025,13109009,1,5229,20
2025,13109009,2,5230,17
2025,13109009,3,5231,9
2025,13109009,4,5232,1
2025,13109009,11,5233,5
2025,13109010,1,5234,20
2025,13109010,2,5235,5
2025,13109010,3,5236,11
2025,13109010,4,5237,5
2025,13109011,1,5238,14
2025,13109011,2,5239,8
2025,13109011,9,5240,3
2025,13110001,1,5241,32
2025,13110001,2,5242,31
2025,13110001,3,5243,3
2025,13110001,4,5244,0
2025,13110002,2,5245,29
2025,13110002,3,5246,27
2025,13110002,4,5247,2
2025,13110003,2,5248,14
2025,13110003,3,5249,3
2025,13110003,4,5250,10
2025,13110004,2,5251,19
2025,13110004,11,5252,14
2025,13110005,1,5253,34
2025,13110005,2,5254,27
2025,13110005,3,5255,18
2025,13110005,4,5256,4
2025,13110005,9,5257,19
2025,13110006,1,5258,26
2025,13110006,2,5259,41
2025,13110006,3,5260,2
2025,13110006,4,5261,8
2025,13110006,11,5262,24
2025,13110008,1,5263,20
2025,13110008,2,5264,19
2025,13110008,3,5265,16
2025,13110008,4,5266,5
2025,13110008,9,5267,25
2025,13110009,3,5268,18
2025,13110009,4,5269,0
2025,13110009,5,5270,2
2025,13110009,9,5271,7
2025,13110011,3,5272,44
2025,13110011,4,5273,11
2025,13110011,9,5274,2
2025,13110013,3,5275,24
2025,13110013,4,5276,8
2025,13110013,9,5277,14
2025,13110014,1,5278,18
2025,13110014,2,5279,5
2025,13110014,3,5280,12
2025,13110014,4,5281,3
2025,13110014,9,5282,3
2025,13110017,3,5283,27
2025,13110017,4,5284,6
2025,13110017,9,5285,21
2025,13110026,2,5286,20
2025,13110026,3,5287,27
2025,13110026,4,5288,4
2025,13110026,9,5289,0
2025,13110028,2,5290,17
2025,13110028,3,5291,12
2025,13110028,4,5292,21
2025,13110028,9,5293,0
2025,13110029,2,5294,19
2025,13110029,3,5295,39
2025,13110029,4,5296,22
2025,13110029,9,5297,1
2025,13110030,3,5298,27
2025,13110030,4,5299,1
2025,13110030,9,5300,5
2025,13110031,2,5301,17
2025,13110031,11,5302,0
2025,13110032,2,5303,19
2025,13110032,3,5304,9
2025,13110032,4,5305,4
2025,13110033,2,5306,17
2025,13110033,9,5307,0
2025,13110034,2,5308,16
2025,13110034,9,5309,3
2025,13110037,2,5310,20
2025,13110037,9,5311,3
2025,13110038,1,5312,14
2025,13110038,2,5313,2
2025,13110038,3,5314,15
2025,13110038,4,5315,2
2025,13110039,1,5316,27
2025,13110039,2,5317,11
2025,13110039,3,5318,21
2025,13110039,4,5319,3
2025,13110040,1,5320,25
2025,13110040,2,5321,3
2025,13110040,3,5322,17
2025,13110040,4,5323,4
2025,13110044,0,5324,12
2025,13110044,11,5325,1
2025,13110045,1,5326,18
2025,13110045,2,5327,2
2025,13110045,3,5328,6
2025,13110045,4,5329,0
2025,13110046,0,5330,20
2025,13110046,1,5331,20
2025,13110046,2,5332,20
2025,13110046,3,5333,0
2025,13110046,4,5334,28
2025,13110046,11,5335,0
2025,13111001,1,5336,14
2025,13111001,2,5337,8
2025,13111001,3,5338,7
2025,13111001,4,5339,4
2025,13111003,1,5340,18
2025,13111003,2,5341,13
2025,13111003,3,5342,9
2025,13111003,4,5343,2
2025,13111004,1,5344,11
2025,13111004,2,5345,11
2025,13111004,3,5346,16
2025,13111004,11,5347,13
2025,13111005,1,5348,24
2025,13111005,2,5349,31
2025,13111005,3,5350,5
2025,13111005,4,5351,7
2025,13111005,11,5352,5
2025,13111006,2,5353,14
2025,13111006,3,5354,29
2025,13111006,4,5355,30
2025,13111010,0,5356,20
2025,13111010,2,5357,0
2025,13111010,11,5358,44
2025,13111021,0,5359,20
2025,13111021,2,5360,7
2025,13111021,3,5361,8
2025,13111021,4,5362,4
2025,13111022,1,5363,17
2025,13111022,2,5364,3
2025,13111022,11,5365,6
2025,13111023,0,5366,16
2025,13111023,11,5367,22
2025,13111024,2,5368,15
2025,13111024,3,5369,0
2025,13111024,9,5370,0
2025,13111025,2,5371,19
2025,13111025,11,5372,2
2025,13111026,2,5373,16
2025,13111026,11,5374,14
2025,13111027,8,5375,25
2025,13111028,1,5376,18
2025,13111028,2,5377,3
2025,13111028,3,5378,5
2025,13111028,4,5379,2
2025,13112001,2,5380,17
2025,13112001,3,5381,14
2025,13112001,4,5382,6
2025,13112002,1,5383,16
2025,13112002,2,5384,46
2025,13112002,3,5385,6
2025,13112002,9,5386,0
2025,13112003,1,5387,10
2025,13112003,2,5388,23
2025,13112003,3,5389,8
2025,13112003,9,5390,7
2025,13112004,0,5391,20
2025,13112004,1,5392,14
2025,13112004,2,5393,10
2025,13112004,3,5394,10
2025,13112004,4,5395,4
2025,13112004,9,5396,11
2025,13112005,1,5397,19
2025,13112005,2,5398,33
2025,13112005,3,5399,22
2025,13112005,4,5400,22
2025,13112005,9,5401,15
2025,13112006,1,5402,26
2025,13112006,2,5403,45
2025,13112006,3,5404,32
2025,13112006,4,5405,20
2025,13112007,1,5406,27
2025,13112007,2,5407,41
2025,13112007,3,5408,25
2025,13112007,4,5409,24
2025,13112007,11,5410,14
2025,13112010,1,5411,14
2025,13112010,2,5412,14
2025,13112010,3,5413,1
2025,13112010,4,5414,0
2025,13112011,8,5415,22
2025,13112018,8,5416,18
2025,13112022,3,5417,24
2025,13112022,4,5418,5
2025,13112022,9,5419,62
2025,13112023,0,5420,16
2025,13112023,2,5421,28
2025,13112024,3,5422,28
2025,13112024,4,5423,50
2025,13112025,1,5424,33
2025,13112025,2,5425,25
2025,13112025,3,5426,13
2025,13112025,4,5427,50
2025,13112025,5,5428,2
2025,13112025,9,5429,27
2025,13112026,1,5430,18
2025,13112026,2,5431,27
2025,13112026,3,5432,25
2025,13112026,4,5433,28
2025,13112027,0,5434,15
2025,13112027,2,5435,12
2025,13112030,0,5436,45
2025,13112030,11,5437,23
2025,13112032,1,5438,20
2025,13112032,2,5439,15
2025,13112032,3,5440,6
2025,13112032,4,5441,10
2025,13112033,8,5442,18
2025,13112035,0,5443,19
2025,13112035,2,5444,11
2025,13112035,3,5445,14
2025,13112035,4,5446,0
2025,13112036,3,5447,19
2025,13112036,9,5448,0
2025,13112036,11,5449,6
2025,13112042,3,5450,15
2025,13112042,4,5451,23
2025,13113001,1,5452,14
2025,13113001,2,5453,30
2025,13113001,3,5454,19
2025,13113001,4,5455,10
2025,13113001,9,5456,0
2025,13113002,0,5457,18
2025,13113002,2,5458,19
2025,13113003,0,5459,20
2025,13113003,2,5460,7
2025,13113003,3,5461,13
2025,13113003,4,5462,6
2025,13113005,3,5463,33
2025,13113005,4,5464,18
2025,13113006,0,5465,17
2025,13113006,2,5466,10
2025,13113006,3,5467,8
2025,13113006,4,5468,7
2025,13113007,0,5469,15
2025,13113007,2,5470,6
2025,13113007,3,5471,9
2025,13113007,4,5472,5
2025,13113008,0,5473,20
2025,13113008,2,5474,1
2025,13113008,3,5475,7
2025,13113008,4,5476,2
2025,13113009,0,5477,20
2025,13113009,2,5478,0
2025,13113009,3,5479,7
2025,13113009,4,5480,2
2025,13113010,0,5481,20
2025,13113010,2,5482,3
2025,13113010,3,5483,9
2025,13113010,4,5484,5
2025,13114001,3,5485,16
2025,13114001,4,5486,16
2025,13114001,11,5487,22
2025,13114002,1,5488,14
2025,13114002,2,5489,19
2025,13114007,3,5490,11
2025,13114007,4,5491,1
2025,13115001,1,5492,20
2025,13115001,2,5493,33
2025,13115001,3,5494,9
2025,13115001,4,5495,5
2025,13115001,11,5496,6
2025,13115007,1,5497,20
2025,13115007,2,5498,1
2025,13115007,3,5499,11
2025,13115007,4,5500,0
2025,13115009,3,5501,22
2025,13115009,4,5502,0
2025,13115010,1,5503,20
2025,13115010,2,5504,64
2025,13115010,3,5505,15
2025,13115010,4,5506,7
2025,13115011,1,5507,15
2025,13115011,2,5508,5
2025,13115011,3,5509,35
2025,13115011,4,5510,18
2025,13116001,1,5511,14
2025,13116001,2,5512,21
2025,13116001,3,5513,16
2025,13116001,4,5514,0
2025,13116002,3,5515,6
2025,13116002,11,5516,24
2025,13116003,1,5517,13
2025,13116003,2,5518,31
2025,13116003,3,5519,10
2025,13116003,4,5520,0
2025,13116007,3,5521,17
2025,13116007,4,5522,10
2025,13116008,0,5523,13
2025,13116008,11,5524,18
2025,13116009,0,5525,16
2025,13116009,3,5526,13
2025,13116009,4,5527,3
2025,13116010,0,5528,14
2025,13116010,3,5529,16
2025,13116010,4,5530,1
2025,13116011,0,5531,12
2025,13116011,3,5532,13
2025,13116011,4,5533,8
2025,13116014,1,5534,14
2025,13116014,2,5535,10
2025,13116014,3,5536,9
2025,13116014,4,5537,3
2025,13116015,0,5538,13
2025,13116015,3,5539,7
2025,13116015,4,5540,11
2025,13116016,0,5541,16
2025,13116016,9,5542,1
2025,13116017,8,5543,14
2025,13116018,8,5544,19
2025,13116019,0,5545,12
2025,13116019,11,5546,1
2025,13116020,1,5547,19
2025,13116020,2,5548,3
2025,13116020,3,5549,11
2025,13116020,4,5550,8
2025,13116021,0,5551,13
2025,13116021,1,5552,16
2025,13116021,2,5553,5
2025,13116021,3,5554,13
2025,13116021,4,5555,14
2025,13116021,11,5556,3
2025,13117001,1,5557,20
2025,13117001,2,5558,14
2025,13117001,3,5559,2
2025,13117001,4,5560,0
2025,13117001,9,5561,0
2025,13117002,1,5562,14
2025,13117002,2,5563,27
2025,13117002,3,5564,16
2025,13117002,4,5565,4
2025,13117003,1,5566,26
2025,13117003,2,5567,16
2025,13117003,3,5568,15
2025,13117003,4,5569,7
2025,13117003,11,5570,9
2025,13117004,1,5571,14
2025,13117004,2,5572,41
2025,13117004,3,5573,4
2025,13117004,4,5574,2
2025,13117018,0,5575,20
2025,13117018,2,5576,3
2025,13117018,3,5577,10
2025,13117018,4,5578,6
2025,13117019,0,5579,14
2025,13117020,0,5580,15
2025,13117020,2,5581,14
2025,13117020,3,5582,5
2025,13117020,4,5583,2
2025,13117021,0,5584,16
2025,13117021,3,5585,26
2025,13117021,4,5586,7
2025,13117021,11,5587,22
2025,13117022,0,5588,18
2025,13117023,1,5589,18
2025,13117023,2,5590,0
2025,13117024,0,5591,20
2025,13117024,2,5592,7
2025,13117024,3,5593,0
2025,13117024,4,5594,0
2025,13117025,0,5595,16
2025,13117025,3,5596,17
2025,13117025,4,5597,3
2025,13117026,0,5598,6
2025,13117026,1,5599,15
2025,13117026,2,5600,12
2025,13117026,3,5601,1
2025,13117026,4,5602,0
2025,13117026,11,5603,0
2025,13118002,2,5604,20
2025,13118002,3,5605,15
2025,13118002,4,5606,2
2025,13118002,9,5607,19
2025,13118003,0,5608,17
2025,13118003,1,5609,19
2025,13118003,2,5610,5
2025,13118003,3,5611,0
2025,13118003,4,5612,1
2025,13118006,1,5613,14
2025,13118006,2,5614,16
2025,13118006,3,5615,27
2025,13118006,4,5616,3
2025,13118014,0,5617,18
2025,13118014,2,5618,8
2025,13118014,11,5619,29
2025,13118015,0,5620,19
2025,13118015,1,5621,20
2025,13118015,2,5622,22
2025,13118015,11,5623,46
2025,13118016,0,5624,19
2025,13118017,1,5625,14
2025,13118017,2,5626,5
2025,13118017,11,5627,3
2025,13118018,0,5628,13
2025,13118018,2,5629,9
2025,13118018,11,5630,18
2025,13118019,1,5631,16
2025,13118019,2,5632,8
2025,13118019,11,5633,11
2025,13118021,1,5634,20
2025,13118021,2,5635,1
2025,13118021,11,5636,13
2025,13118022,2,5637,20
2025,13118022,11,5638,8
2025,13118023,1,5639,19
2025,13118023,2,5640,3
2025,13118023,11,5641,14
2025,13118026,1,5642,19
2025,13118026,2,5643,1
2025,13118026,3,5644,3
2025,13118026,4,5645,1
2025,13118027,1,5646,19
2025,13118027,2,5647,8
2025,13118027,3,5648,10
2025,13118027,4,5649,8
2025,13119003,3,5650,27
2025,13119003,4,5651,32
2025,13119003,5,5652,9
2025,13119004,2,5653,26
2025,13119004,3,5654,25
2025,13119004,4,5655,14
2025,13119004,9,5656,15
2025,13119004,11,5657,29
2025,13119005,1,5658,10
2025,13119005,2,5659,38
2025,13119005,3,5660,39
2025,13119005,4,5661,37
2025,13119005,9,5662,16
2025,13119006,1,5663,13
2025,13119006,2,5664,31
2025,13119006,3,5665,32
2025,13119006,4,5666,12
2025,13119006,9,5667,17
2025,13119006,11,5668,17
2025,13119010,0,5669,17
2025,13119010,2,5670,12
2025,13119010,3,5671,59
2025,13119010,4,5672,20
2025,13119010,5,5673,11
2025,13119010,11,5674,30
2025,13119014,3,5675,24
2025,13119014,4,5676,7
2025,13119014,5,5677,12
2025,13119014,11,5678,14
2025,13119016,2,5679,27
2025,13119016,3,5680,1
2025,13119016,4,5681,18
2025,13119017,0,5682,18
2025,13119017,2,5683,9
2025,13119017,3,5684,8
2025,13119017,4,5685,6
2025,13119017,9,5686,11
2025,13119018,0,5687,20
2025,13119018,2,5688,10
2025,13119019,1,5689,14
2025,13119019,2,5690,1
2025,13119019,3,5691,10
2025,13119019,4,5692,6
2025,13119020,2,5693,15
2025,13119020,9,5694,1
2025,13119021,1,5695,14
2025,13119021,2,5696,2
2025,13119021,3,5697,13
2025,13119021,4,5698,7
2025,13119022,1,5699,40
2025,13119022,2,5700,21
2025,13119022,3,5701,2
2025,13119022,4,5702,17
2025,13119023,1,5703,20
2025,13119023,2,5704,0
2025,13119023,3,5705,3
2025,13119023,4,5706,0
2025,13119024,1,5707,14
2025,13119024,2,5708,2
2025,13119025,1,5709,19
2025,13119025,2,5710,15
2025,13119025,3,5711,0
2025,13119025,4,5712,9
2025,13119026,2,5713,19
2025,13119026,3,5714,8
2025,13119026,4,5715,10
2025,13119027,2,5716,18
2025,13119027,3,5717,16
2025,13119028,2,5718,18
2025,13119028,3,5719,7
2025,13119028,4,5720,5
2025,13119029,2,5721,20
2025,13119029,3,5722,9
2025,13119029,4,5723,6
2025,13119030,0,5724,18
2025,13119030,2,5725,10
2025,13119030,3,5726,3
2025,13119030,4,5727,3
2025,13119031,2,5728,20
2025,13119031,3,5729,14
2025,13119032,1,5730,19
2025,13119032,2,5731,5
2025,13119032,3,5732,11
2025,13119032,4,5733,7
2025,13119033,1,5734,18
2025,13119033,2,5735,5
2025,13119033,3,5736,6
2025,13119033,4,5737,5
2025,13119034,2,5738,20
2025,13119034,3,5739,7
2025,13119034,4,5740,6
2025,13119035,0,5741,20
2025,13119035,2,5742,5
2025,13119035,3,5743,10
2025,13119035,4,5744,4
2025,13119036,0,5745,19
2025,13119036,2,5746,8
2025,13119036,3,5747,23
2025,13119036,4,5748,3
2025,13119040,2,5749,15
2025,13119040,3,5750,14
2025,13119042,2,5751,17
2025,13119042,3,5752,7
2025,13119042,4,5753,9
2025,13119043,2,5754,19
2025,13119043,3,5755,13
2025,13119043,4,5756,10
2025,13119044,0,5757,12
2025,13119044,11,5758,0
2025,13119045,0,5759,15
2025,13119045,11,5760,0
2025,13119046,0,5761,11
2025,13119046,11,5762,1
2025,13119047,0,5763,13
2025,13119047,11,5764,2
2025,13119049,0,5765,17
2025,13119049,1,5766,20
2025,13119049,2,5767,8
2025,13119049,3,5768,3
2025,13119049,4,5769,5
2025,13119049,11,5770,3
2025,13119050,0,5771,18
2025,13119050,1,5772,20
2025,13119050,2,5773,3
2025,13119050,3,5774,0
2025,13119050,4,5775,0
2025,13119050,11,5776,15
2025,13120001,0,5777,7
2025,13120001,1,5778,13
2025,13120001,2,5779,7
2025,13120001,3,5780,11
2025,13120001,4,5781,6
2025,13120001,11,5782,13
2025,13120002,1,5783,19
2025,13120002,2,5784,20
2025,13120002,3,5785,0
2025,13120002,4,5786,12
2025,13120002,9,5787,0
2025,13120003,0,5788,0
2025,13120003,1,5789,14
2025,13120003,2,5790,25
2025,13120003,3,5791,1
2025,13120003,4,5792,0
2025,13120004,0,5793,14
2025,13120004,2,5794,7
2025,13120004,3,5795,8
2025,13120004,4,5796,1
2025,13120004,11,5797,20
2025,13120005,3,5798,14
2025,13120005,4,5799,12
2025,13120006,1,5800,18
2025,13120006,2,5801,10
2025,13120006,3,5802,3
2025,13120006,4,5803,22
2025,13120006,5,5804,8
2025,13120007,0,5805,18
2025,13120007,2,5806,13
2025,13120007,3,5807,1
2025,13120007,4,5808,4
2025,13120009,2,5809,20
2025,13120009,3,5810,35
2025,13120009,4,5811,1
2025,13120009,11,5812,32
2025,13120014,1,5813,14
2025,13120014,2,5814,0
2025,13120014,3,5815,16
2025,13120014,4,5816,6
2025,13120015,2,5817,20
2025,13120015,3,5818,15
2025,13120016,1,5819,20
2025,13120016,2,5820,2
2025,13120016,3,5821,10
2025,13120016,4,5822,0
2025,13120017,1,5823,0
2025,13120017,2,5824,0
2025,13120017,9,5825,0
2025,13121001,1,5826,12
2025,13121001,2,5827,13
2025,13121001,3,5828,6
2025,13121001,4,5829,5
2025,13121002,1,5830,14
2025,13121002,2,5831,28
2025,13121002,3,5832,17
2025,13121002,4,5833,16
2025,13121006,0,5834,6
2025,13121006,1,5835,14
2025,13121006,2,5836,26
2025,13121006,3,5837,14
2025,13121006,4,5838,6
2025,13121007,1,5839,10
2025,13121007,2,5840,14
2025,13121007,3,5841,0
2025,13121007,4,5842,0
2025,13121007,9,5843,6
2025,13121009,2,5844,18
2025,13121009,3,5845,10
2025,13121009,4,5846,13
2025,13121013,2,5847,19
2025,13121013,3,5848,12
2025,13121013,4,5849,25
2025,13121015,2,5850,15
2025,13121015,3,5851,0
2025,13121015,5,5852,1
2025,13121016,1,5853,20
2025,13121016,2,5854,3
2025,13121016,3,5855,11
2025,13121016,4,5856,0
2025,13121017,1,5857,17
2025,13121017,2,5858,8
2025,13121017,3,5859,13
2025,13121017,4,5860,0
2025,13121018,1,5861,20
2025,13121018,2,5862,10
2025,13121018,3,5863,16
2025,13121018,4,5864,11
2025,13121019,1,5865,18
2025,13121019,2,5866,13
2025,13121019,3,5867,12
2025,13121019,4,5868,8
2025,13121020,1,5869,20
2025,13121020,2,5870,0
2025,13121020,3,5871,12
2025,13121020,4,5872,3
2025,13121021,1,5873,19
2025,13121021,2,5874,4
2025,13121021,3,5875,10
2025,13121021,4,5876,9
2025,13121022,1,5877,20
2025,13121022,2,5878,13
2025,13121022,3,5879,20
2025,13121022,4,5880,14
2025,13121023,1,5881,19
2025,13121023,2,5882,8
2025,13121023,3,5883,5
2025,13121023,4,5884,8
2025,13121024,1,5885,19
2025,13121024,2,5886,7
2025,13121024,3,5887,6
2025,13121024,4,5888,3
2025,13121025,1,5889,19
2025,13121025,2,5890,1
2025,13121025,3,5891,12
2025,13121025,4,5892,3
2025,13121026,0,5893,13
2025,13121026,11,5894,0
2025,13121027,1,5895,20
2025,13121027,2,5896,8
2025,13121027,3,5897,4
2025,13121027,4,5898,3
2025,13121028,1,5899,18
2025,13121028,2,5900,6
2025,13121028,3,5901,13
2025,13121028,4,5902,0
2025,13122003,0,5903,5
2025,13122003,1,5904,14
2025,13122003,2,5905,17
2025,13122003,3,5906,9
2025,13122003,4,5907,6
2025,13122003,11,5908,1
2025,13122004,1,5909,13
2025,13122004,2,5910,16
2025,13122004,3,5911,30
2025,13122004,4,5912,17
2025,13122007,1,5913,13
2025,13122007,2,5914,45
2025,13122007,3,5915,17
2025,13122007,4,5916,29
2025,13122008,1,5917,26
2025,13122008,2,5918,32
2025,13122008,3,5919,7
2025,13122008,4,5920,8
2025,13122009,2,5921,13
2025,13122009,3,5922,18
2025,13122009,4,5923,34
2025,13122012,3,5924,24
2025,13122012,4,5925,8
2025,13122012,9,5926,26
2025,13122013,1,5927,17
2025,13122013,2,5928,24
2025,13122013,3,5929,16
2025,13122013,4,5930,4
2025,13122013,11,5931,20
2025,13122014,1,5932,19
2025,13122014,2,5933,12
2025,13122014,3,5934,0
2025,13122014,4,5935,30
2025,13122017,3,5936,11
2025,13122017,4,5937,0
2025,13122017,5,5938,9
2025,13122017,9,5939,16
2025,13122019,1,5940,14
2025,13122019,2,5941,7
2025,13122019,3,5942,1
2025,13122019,4,5943,0
2025,13122019,9,5944,0
2025,13122020,0,5945,22
2025,13122020,9,5946,21
2025,13122023,1,5947,18
2025,13122023,2,5948,3
2025,13122023,3,5949,31
2025,13122023,4,5950,8
2025,13122023,9,5951,27
2025,13122031,8,5952,24
2025,13122038,1,5953,13
2025,13122038,2,5954,10
2025,13122039,1,5955,12
2025,13122039,2,5956,8
2025,13122040,1,5957,14
2025,13122040,2,5958,6
2025,13122043,2,5959,16
2025,13122046,1,5960,20
2025,13122046,2,5961,5
2025,13122046,3,5962,13
2025,13122046,4,5963,2
2025,13122047,0,5964,19
2025,13122047,2,5965,6
2025,13122047,3,5966,13
2025,13122047,4,5967,10
2025,13122048,1,5968,39
2025,13122048,2,5969,27
2025,13122048,3,5970,34
2025,13122048,4,5971,7
2025,13122048,9,5972,5
2025,13122052,1,5973,11
2025,13122052,2,5974,7
2025,13122052,3,5975,4
2025,13122052,4,5976,0
2025,13122055,8,5977,10
2025,13122057,1,5978,20
2025,13122057,2,5979,11
2025,13122057,3,5980,10
2025,13122057,4,5981,8
2025,13122058,0,5982,15
2025,13122058,11,5983,0
2025,13123005,0,5984,12
2025,13123005,11,5985,0
2025,13124001,2,5986,14
2025,13124001,11,5987,0
2025,13124002,0,5988,16
2025,13124002,2,5989,13
2025,13124003,3,5990,25
2025,13124003,4,5991,6
2025,13124004,3,5992,9
2025,13124004,4,5993,2
2025,13124005,2,5994,13
2025,13124005,3,5995,7
2025,13124005,4,5996,7
2025,13124005,11,5997,12
2025,13124006,1,5998,14
2025,13124006,2,5999,21
2025,13124006,3,6000,2
2025,13124006,4,6001,16
2025,13124007,1,6002,14
2025,13124007,2,6003,27
2025,13124007,3,6004,12
2025,13124007,4,6005,0
2025,13124007,11,6006,13
2025,13124008,1,6007,14
2025,13124008,2,6008,0
2025,13124008,3,6009,10
2025,13124008,4,6010,2
2025,13124009,0,6011,14
2025,13124009,2,6012,23
2025,13124009,3,6013,22
2025,13124009,4,6014,12
2025,13124009,11,6015,13
2025,13124011,0,6016,20
2025,13124011,2,6017,20
2025,13124011,3,6018,31
2025,13124011,4,6019,59
2025,13124021,0,6020,14
2025,13124021,2,6021,15
2025,13124021,3,6022,27
2025,13124021,4,6023,12
2025,13124023,0,6024,15
2025,13124023,3,6025,12
2025,13124023,4,6026,10
2025,13124024,0,6027,14
2025,13124024,2,6028,9
2025,13124024,3,6029,10
2025,13124024,4,6030,12
2025,13124025,0,6031,17
2025,13124025,1,6032,20
2025,13124025,2,6033,23
2025,13124025,3,6034,6
2025,13124025,4,6035,17
2025,13124026,0,6036,20
2025,13124026,2,6037,11
2025,13124026,3,6038,6
2025,13124026,4,6039,4
2025,13124028,0,6040,18
2025,13124028,2,6041,15
2025,13124028,3,6042,8
2025,13124028,4,6043,6
2025,13124029,0,6044,18
2025,13124029,1,6045,20
2025,13124029,2,6046,32
2025,13124029,3,6047,21
2025,13124029,4,6048,17
2025,13124030,0,6049,8
2025,13124030,1,6050,20
2025,13124030,2,6051,11
2025,13124030,3,6052,2
2025,13124030,4,6053,0
2025,13124030,11,6054,1
2025,13124031,0,6055,11
2025,13124031,11,6056,6
2025,13124032,0,6057,13
2025,13124032,11,6058,1
2025,13124033,0,6059,10
2025,13124033,11,6060,0
2025,13124034,0,6061,10
2025,13124034,11,6062,1
2025,13125001,1,6063,27
2025,13125001,2,6064,1
2025,13125001,3,6065,1
2025,13125001,4,6066,1
2025,13125003,1,6067,20
2025,13125003,2,6068,1
2025,13125003,3,6069,105
2025,13125003,4,6070,29
2025,13125007,1,6071,19
2025,13125007,2,6072,0
2025,13125007,3,6073,90
2025,13125007,4,6074,18
2025,13125009,0,6075,19
2025,13125009,2,6076,11
2025,13125009,3,6077,0
2025,13125009,4,6078,0
2025,13125010,1,6079,20
2025,13125010,2,6080,2
2025,13125010,3,6081,10
2025,13125010,4,6082,1
2025,13125011,0,6083,15
2025,13125011,2,6084,9
2025,13125012,1,6085,20
2025,13125012,2,6086,6
2025,13125012,3,6087,13
2025,13125012,4,6088,7
2025,13125013,0,6089,20
2025,13125013,2,6090,9
2025,13125013,3,6091,0
2025,13125013,4,6092,1
2025,13125014,2,6093,15
2025,13125014,9,6094,0
2025,13125015,0,6095,29
2025,13125015,3,6096,2
2025,13125015,4,6097,0
2025,13125016,0,6098,19
2025,13125016,1,6099,19
2025,13125016,2,6100,26
2025,13125016,3,6101,4
2025,13125016,4,6102,1
2025,13125018,1,6103,19
2025,13125018,2,6104,4
2025,13125018,3,6105,8
2025,13125018,4,6106,1
2025,13125019,1,6107,20
2025,13125019,2,6108,0
2025,13125019,3,6109,4
2025,13125019,4,6110,2
2025,13125020,0,6111,11
2025,13125020,11,6112,0
2025,13125021,0,6113,15
2025,13125021,11,6114,0
2025,13125022,0,6115,12
2025,13125022,11,6116,0
2025,13125023,0,6117,16
2025,13125023,11,6118,2
2025,13125024,0,6119,14
2025,13125024,11,6120,0
2025,13125025,1,6121,19
2025,13125025,2,6122,0
2025,13125025,3,6123,1
2025,13125025,4,6124,0
2025,13125026,0,6125,15
2025,13125026,11,6126,3
2025,13125028,0,6127,16
2025,13125028,11,6128,2
2025,13125029,3,6129,24
2025,13125029,4,6130,5
2025,13126003,0,6131,20
2025,13126003,1,6132,14
2025,13126003,2,6133,13
2025,13126003,3,6134,15
2025,13126003,4,6135,4
2025,13126007,1,6136,20
2025,13126007,2,6137,15
2025,13126007,3,6138,53
2025,13126007,4,6139,13
2025,13126008,1,6140,18
2025,13126008,2,6141,6
2025,13126008,3,6142,11
2025,13126008,4,6143,6
2025,13126014,1,6144,19
2025,13126014,2,6145,1
2025,13126015,1,6146,20
2025,13126015,2,6147,0
2025,13126015,3,6148,9
2025,13126015,4,6149,8
2025,13126016,1,6150,20
2025,13126016,2,6151,1
2025,13126016,3,6152,12
2025,13126016,4,6153,9
2025,13126017,1,6154,19
2025,13126017,2,6155,3
2025,13126017,3,6156,13
2025,13126017,4,6157,3
2025,13126019,1,6158,19
2025,13126019,2,6159,7
2025,13126019,3,6160,8
2025,13126019,4,6161,0
2025,13126020,0,6162,14
2025,13126020,11,6163,0
2025,13126021,0,6164,14
2025,13126021,11,6165,2
2025,13126022,3,6166,14
2025,13126022,4,6167,6
2025,13127001,1,6168,12
2025,13127001,2,6169,28
2025,13127001,3,6170,25
2025,13127001,4,6171,19
2025,13127002,1,6172,14
2025,13127002,2,6173,19
2025,13127002,3,6174,19
2025,13127002,4,6175,11
2025,13127003,0,6176,14
2025,13127003,2,6177,6
2025,13127003,3,6178,9
2025,13127003,4,6179,0
2025,13127004,1,6180,30
2025,13127004,2,6181,12
2025,13127004,3,6182,6
2025,13127004,4,6183,1
2025,13127004,11,6184,0
2025,13127005,1,6185,19
2025,13127005,2,6186,13
2025,13127005,3,6187,2
2025,13127005,4,6188,15
2025,13127005,9,6189,5
2025,13127007,1,6190,14
2025,13127007,2,6191,34
2025,13127007,3,6192,34
2025,13127007,4,6193,15
2025,13127008,3,6194,19
2025,13127008,4,6195,5
2025,13127008,9,6196,6
2025,13127010,0,6197,18
2025,13127010,2,6198,3
2025,13127010,3,6199,16
2025,13127010,4,6200,21
2025,13127010,11,6201,8
2025,13127011,4,6202,11
2025,13127011,9,6203,23
2025,13127012,1,6204,20
2025,13127012,2,6205,41
2025,13127013,1,6206,19
2025,13127013,2,6207,5
2025,13127014,2,6208,19
2025,13127014,3,6209,9
2025,13127014,4,6210,6
2025,13127016,2,6211,19
2025,13127017,1,6212,20
2025,13127017,2,6213,9
2025,13127017,3,6214,19
2025,13127017,4,6215,10
2025,13127019,8,6216,22
2025,13127021,2,6217,17
2025,13127021,3,6218,5
2025,13127023,0,6219,16
2025,13127023,1,6220,19
2025,13127023,2,6221,1
2025,13127023,3,6222,0
2025,13127023,4,6223,0
2025,13127023,11,6224,0
2025,13127024,0,6225,16
2025,13127024,11,6226,0
2025,13127025,1,6227,20
2025,13127025,2,6228,2
2025,13127025,3,6229,4
2025,13127025,4,6230,0
2025,13128001,3,6231,27
2025,13128001,4,6232,18
2025,13128002,1,6233,14
2025,13128002,2,6234,23
2025,13128002,3,6235,1
2025,13128002,4,6236,1
2025,13128002,9,6237,0
2025,13128003,1,6238,17
2025,13128003,2,6239,18
2025,13128003,3,6240,20
2025,13128003,4,6241,8
2025,13128003,11,6242,0
2025,13128004,0,6243,7
2025,13128004,1,6244,13
2025,13128004,2,6245,20
2025,13128004,3,6246,22
2025,13128004,4,6247,15
2025,13128005,0,6248,13
2025,13128005,1,6249,17
2025,13128005,2,6250,16
2025,13128005,3,6251,5
2025,13128005,4,6252,3
2025,13128006,0,6253,19
2025,13128006,2,6254,7
2025,13128006,3,6255,36
2025,13128006,4,6256,5
2025,13128007,1,6257,13
2025,13128007,2,6258,21
2025,13128007,3,6259,30
2025,13128007,4,6260,15
2025,13128007,9,6261,24
2025,13128008,0,6262,7
2025,13128008,3,6263,24
2025,13128008,4,6264,30
2025,13128008,11,6265,19
2025,13128014,3,6266,19
2025,13128014,4,6267,13
2025,13128014,9,6268,9
2025,13128016,1,6269,20
2025,13128016,2,6270,3
2025,13128016,3,6271,44
2025,13128016,4,6272,34
2025,13128032,0,6273,18
2025,13128032,2,6274,6
2025,13128033,1,6275,18
2025,13128033,2,6276,5
2025,13128033,3,6277,7
2025,13128033,4,6278,2
2025,13128034,1,6279,18
2025,13128034,2,6280,6
2025,13128034,3,6281,14
2025,13128034,4,6282,4
2025,13128035,1,6283,38
2025,13128035,2,6284,28
2025,13128035,3,6285,23
2025,13128035,4,6286,12
2025,13128036,1,6287,38
2025,13128036,2,6288,24
2025,13128036,3,6289,29
2025,13128036,4,6290,8
2025,13128037,1,6291,38
2025,13128037,2,6292,28
2025,13128037,3,6293,28
2025,13128037,4,6294,22
2025,13128038,1,6295,14
2025,13128038,2,6296,1
2025,13128038,11,6297,1
2025,13128039,2,6298,20
2025,13128039,3,6299,8
2025,13128039,4,6300,1
2025,13128040,1,6301,14
2025,13128040,2,6302,0
2025,13128040,11,6303,0
2025,13128041,1,6304,20
2025,13128041,2,6305,1
2025,13128041,3,6306,6
2025,13128041,4,6307,5
2025,13128042,1,6308,20
2025,13128042,2,6309,9
2025,13128042,3,6310,14
2025,13128042,4,6311,18
2025,13128043,0,6312,19
2025,13128043,1,6313,19
2025,13128043,2,6314,7
2025,13128043,3,6315,4
2025,13128043,4,6316,3
2025,13128043,11,6317,0
2025,13129001,1,6318,14
2025,13129001,2,6319,12
2025,13129001,3,6320,9
2025,13129001,11,6321,4
2025,13129002,1,6322,19
2025,13129002,2,6323,21
2025,13129002,3,6324,0
2025,13129002,4,6325,0
2025,13129002,11,6326,20
2025,13129003,0,6327,16
2025,13129003,1,6328,13
2025,13129003,2,6329,9
2025,13129003,3,6330,0
2025,13129003,4,6331,5
2025,13129004,1,6332,20
2025,13129004,2,6333,16
2025,13129004,3,6334,8
2025,13129004,4,6335,3
2025,13129004,11,6336,13
2025,13129007,8,6337,20
2025,13129008,1,6338,19
2025,13129008,2,6339,26
2025,13129008,11,6340,2
2025,13129009,0,6341,19
2025,13129009,2,6342,9
2025,13129009,3,6343,2
2025,13129009,4,6344,4
2025,13129010,2,6345,12
2025,13129010,3,6346,10
2025,13129010,9,6347,4
2025,13129012,0,6348,1
2025,13129012,1,6349,18
2025,13129012,2,6350,17
2025,13129012,3,6351,1
2025,13129012,4,6352,1
2025,13129012,11,6353,0
2025,13130001,2,6354,14
2025,13130001,3,6355,15
2025,13130001,4,6356,0
2025,13130003,1,6357,19
2025,13130003,2,6358,6
2025,13130003,3,6359,10
2025,13130003,4,6360,7
2025,13130004,1,6361,18
2025,13130004,2,6362,2
2025,13130004,3,6363,6
2025,13130004,4,6364,8
2025,13130005,1,6365,14
2025,13130005,2,6366,1
2025,13130005,3,6367,10
2025,13130005,4,6368,0
2025,13130006,1,6369,14
2025,13130006,2,6370,5
2025,13130006,3,6371,6
2025,13130006,4,6372,0
2025,13130007,1,6373,14
2025,13130007,2,6374,2
2025,13130007,3,6375,16
2025,13130008,1,6376,13
2025,13130008,2,6377,0
2025,13130008,3,6378,13
2025,13130008,4,6379,2
2025,13130013,0,6380,7
2025,13130013,11,6381,0
2025,13131001,1,6382,14
2025,13131001,2,6383,25
2025,13131001,3,6384,23
2025,13131001,4,6385,0
2025,13131001,9,6386,6
2025,13131003,1,6387,13
2025,13131003,2,6388,39
2025,13131003,3,6389,2
2025,13131003,4,6390,0
2025,13131003,9,6391,0
2025,13131005,0,6392,16
2025,13131005,3,6393,18
2025,13131005,4,6394,4
2025,13131005,5,6395,9
2025,13131009,0,6396,11
2025,13131009,9,6397,5
2025,13131010,1,6398,20
2025,13131010,2,6399,3
2025,13131010,3,6400,6
2025,13131010,4,6401,0
2025,13131013,3,6402,57
2025,13131013,4,6403,17
2025,13131013,5,6404,8
2025,13131014,1,6405,14
2025,13131014,2,6406,9
2025,13131014,3,6407,18
2025,13131014,4,6408,8
2025,13131015,1,6409,13
2025,13131015,2,6410,8
2025,13131015,3,6411,11
2025,13131015,4,6412,9
2025,13131016,2,6413,20
2025,13131016,3,6414,14
2025,13131019,1,6415,20
2025,13131019,2,6416,4
2025,13131019,3,6417,4
2025,13131019,4,6418,1
2025,13131021,0,6419,20
2025,13131021,2,6420,8
2025,13131021,3,6421,27
2025,13131021,4,6422,3
2025,13132001,1,6423,20
2025,13132001,2,6424,1
2025,13132001,3,6425,6
2025,13132001,4,6426,1
2025,13201001,9,6427,4
2025,13201001,11,6428,23
2025,13201004,2,6429,12
2025,13201004,3,6430,15
2025,13201004,4,6431,16
2025,13201005,0,6432,8
2025,13201005,1,6433,13
2025,13201005,2,6434,17
2025,13201005,3,6435,0
2025,13201005,4,6436,1
2025,13201005,11,6437,0
2025,13201006,1,6438,14
2025,13201006,2,6439,14
2025,13201006,3,6440,30
2025,13201006,4,6441,21
2025,13201006,9,6442,17
2025,13201007,2,6443,45
2025,13201007,3,6444,0
2025,13201007,4,6445,0
2025,13201007,11,6446,0
2025,13201008,1,6447,14
2025,13201008,2,6448,27
2025,13201008,3,6449,13
2025,13201008,4,6450,3
2025,13201009,1,6451,27
2025,13201009,2,6452,53
2025,13201009,3,6453,16
2025,13201009,4,6454,17
2025,13201010,1,6455,20
2025,13201010,2,6456,44
2025,13201010,3,6457,21
2025,13201010,4,6458,31
2025,13201010,11,6459,17
2025,13201025,1,6460,18
2025,13201025,2,6461,9
2025,13201025,3,6462,16
2025,13201025,4,6463,0
2025,13201025,5,6464,3
2025,13201025,9,6465,6
2025,13201026,1,6466,12
2025,13201026,2,6467,16
2025,13201026,3,6468,25
2025,13201026,4,6469,11
2025,13201026,5,6470,2
2025,13201026,11,6471,56
2025,13201036,1,6472,17
2025,13201036,2,6473,7
2025,13201036,3,6474,7
2025,13201036,4,6475,3
2025,13201036,5,6476,5
2025,13201043,3,6477,28
2025,13201043,4,6478,6
2025,13201043,5,6479,10
2025,13201044,1,6480,19
2025,13201044,2,6481,8
2025,13201044,3,6482,14
2025,13201044,4,6483,12
2025,13201044,9,6484,3
2025,13201050,1,6485,25
2025,13201050,2,6486,28
2025,13201050,3,6487,19
2025,13201050,4,6488,18
2025,13201057,0,6489,16
2025,13201057,3,6490,8
2025,13201057,4,6491,0
2025,13201061,1,6492,18
2025,13201061,2,6493,12
2025,13201061,3,6494,3
2025,13201061,4,6495,0
2025,13201062,1,6496,15
2025,13201062,2,6497,25
2025,13201062,3,6498,24
2025,13201062,4,6499,7
2025,13201068,5,6500,5
2025,13201068,11,6501,118
2025,13201069,1,6502,20
2025,13201069,2,6503,20
2025,13201069,3,6504,15
2025,13201069,4,6505,1
2025,13201069,5,6506,0
2025,13201069,9,6507,3
2025,13201070,0,6508,6
2025,13201070,2,6509,19
2025,13201070,3,6510,13
2025,13201070,4,6511,8
2025,13201071,1,6512,20
2025,13201071,2,6513,14
2025,13201071,3,6514,24
2025,13201071,4,6515,5
2025,13201073,1,6516,11
2025,13201073,2,6517,4
2025,13201073,11,6518,0
2025,13201074,1,6519,19
2025,13201074,2,6520,4
2025,13201074,3,6521,11
2025,13201074,4,6522,4
2025,13201075,0,6523,17
2025,13201075,9,6524,5
2025,13201076,0,6525,13
2025,13201076,3,6526,3
2025,13201077,1,6527,17
2025,13201077,2,6528,10
2025,13201077,3,6529,9
2025,13201077,4,6530,11
2025,13201079,1,6531,20
2025,13201079,2,6532,6
2025,13201079,3,6533,6
2025,13201079,4,6534,2
2025,13201081,0,6535,14
2025,13201081,3,6536,18
2025,13201081,4,6537,1
2025,13201082,0,6538,20
2025,13201082,3,6539,10
2025,13201082,4,6540,1
2025,13201083,0,6541,17
2025,13201083,3,6542,13
2025,13201083,4,6543,0
2025,13201085,1,6544,19
2025,13201085,2,6545,4
2025,13201085,3,6546,13
2025,13201085,4,6547,4
2025,13201086,1,6548,19
2025,13201086,2,6549,5
2025,13201086,3,6550,11
2025,13201086,4,6551,8
2025,13201086,9,6552,24
2025,13201087,1,6553,20
2025,13201087,2,6554,8
2025,13201087,3,6555,6
2025,13201087,4,6556,3
2025,13201088,1,6557,20
2025,13201088,2,6558,5
2025,13201088,3,6559,1
2025,13201088,4,6560,0
2025,13201089,1,6561,16
2025,13201089,2,6562,15
2025,13201089,3,6563,8
2025,13201089,4,6564,18
2025,13201090,1,6565,18
2025,13201090,2,6566,5
2025,13201090,3,6567,12
2025,13201090,4,6568,1
2025,13201091,1,6569,19
2025,13201091,2,6570,3
2025,13201091,3,6571,10
2025,13201091,4,6572,4
2025,13201092,1,6573,19
2025,13201092,2,6574,9
2025,13201092,3,6575,5
2025,13201092,4,6576,5
2025,13201097,1,6577,18
2025,13201097,2,6578,8
2025,13201097,3,6579,5
2025,13201097,4,6580,40
2025,13201097,5,6581,5
2025,13201098,1,6582,17
2025,13201098,2,6583,10
2025,13201098,3,6584,35
2025,13201098,4,6585,10
2025,13201099,1,6586,20
2025,13201099,2,6587,2
2025,13201099,3,6588,15
2025,13201099,4,6589,10
2025,13201099,9,6590,15
2025,13201100,1,6591,20
2025,13201100,2,6592,16
2025,13201100,3,6593,35
2025,13201100,4,6594,22
2025,13201101,0,6595,66
2025,13201101,11,6596,2
2025,13201102,0,6597,31
2025,13201102,11,6598,16
2025,13201106,1,6599,20
2025,13201106,2,6600,9
2025,13201106,3,6601,10
2025,13201106,4,6602,3
2025,13201107,1,6603,18
2025,13201107,2,6604,7
2025,13201107,3,6605,11
2025,13201107,4,6606,5
2025,13201111,0,6607,19
2025,13201111,3,6608,9
2025,13201111,4,6609,0
2025,13201112,1,6610,18
2025,13201112,2,6611,8
2025,13201112,3,6612,3
2025,13201112,4,6613,5
2025,13201112,9,6614,3
2025,13201113,1,6615,20
2025,13201113,2,6616,14
2025,13201113,3,6617,9
2025,13201113,4,6618,9
2025,13201114,0,6619,13
2025,13201114,11,6620,4
2025,13202009,0,6621,20
2025,13202009,2,6622,5
2025,13202009,3,6623,3
2025,13202009,11,6624,15
2025,13202011,1,6625,20
2025,13202011,2,6626,0
2025,13202011,3,6627,15
2025,13202011,4,6628,10
2025,13202012,0,6629,13
2025,13202012,2,6630,8
2025,13202012,3,6631,42
2025,13202012,4,6632,13
2025,13202012,11,6633,26
2025,13202015,0,6634,13
2025,13202015,2,6635,8
2025,13202015,3,6636,15
2025,13202015,4,6637,0
2025,13203004,8,6638,13
2025,13203005,0,6639,16
2025,13203005,3,6640,17
2025,13203005,4,6641,0
2025,13203006,0,6642,7
2025,13203006,9,6643,4
2025,13203007,0,6644,13
2025,13203007,11,6645,7
2025,13203008,0,6646,16
2025,13203008,9,6647,1
2025,13301004,8,6648,16
2025,13301007,8,6649,15
2025,13301008,8,6650,2
2025,13301023,0,6651,10
2025,13301023,9,6652,0
2025,13301026,0,6653,11
2025,13301026,9,6654,0
2025,13301028,0,6655,13
2025,13301028,9,6656,9
2025,13301029,1,6657,18
2025,13301029,2,6658,5
2025,13301029,3,6659,0
2025,13301029,4,6660,3
2025,13301030,0,6661,18
2025,13301030,2,6662,4
2025,13301030,3,6663,8
2025,13301030,4,6664,0
2025,13301032,0,6665,10
2025,13301032,9,6666,8
2025,13301033,1,6667,20
2025,13301033,2,6668,0
2025,13301033,3,6669,3
2025,13301033,4,6670,3
2025,13301034,1,6671,13
2025,13301034,2,6672,0
2025,13301034,9,6673,2
2025,13301036,0,6674,10
2025,13301036,11,6675,3
2025,13301037,1,6676,19
2025,13301037,2,6677,3
2025,13301038,1,6678,20
2025,13301038,2,6679,6
2025,13301038,3,6680,6
2025,13301038,4,6681,6
2025,13301039,1,6682,15
2025,13301039,2,6683,9
2025,13301040,1,6684,19
2025,13301040,2,6685,3
2025,13301040,3,6686,7
2025,13301040,4,6687,3
2025,13301041,1,6688,19
2025,13301041,2,6689,4
2025,13301041,3,6690,8
2025,13301041,4,6691,7
2025,13301042,0,6692,16
2025,13301043,0,6693,11
2025,13301043,9,6694,8
2025,13301045,0,6695,16
2025,13301045,2,6696,6
2025,13301045,3,6697,14
2025,13301045,4,6698,11
2025,13301046,1,6699,20
2025,13301046,2,6700,1
2025,13301046,3,6701,7
2025,13301046,4,6702,28
2025,13301046,9,6703,5
2025,13301049,0,6704,12
2025,13301049,11,6705,4
2025,13302011,1,6706,15
2025,13302011,2,6707,6
2025,13302011,3,6708,15
2025,13302011,4,6709,3
2025,13302012,0,6710,12
2025,13302013,0,6711,14
2025,13302013,9,6712,0
2025,13302015,0,6713,10
2025,13302015,9,6714,9
2025,13302016,1,6715,19
2025,13302016,2,6716,1
2025,13302016,3,6717,10
2025,13302016,4,6718,0
2025,13302018,0,6719,15
2025,13302018,9,6720,6
2025,13302019,0,6721,18
2025,13302019,2,6722,1
2025,13302019,3,6723,8
2025,13302019,4,6724,0
2025,13302019,9,6725,14
2025,13302021,2,6726,20
2025,13302021,3,6727,9
2025,13302021,4,6728,2
2025,13302024,2,6729,14
2025,13302024,3,6730,1
2025,13302024,11,6731,5
2025,13302025,0,6732,7
2025,13302025,1,6733,12
2025,13302025,3,6734,4
2025,13302025,4,6735,3
2025,13303004,8,6736,8
2025,13303007,2,6737,16
2025,13303007,9,6738,14
2025,13303015,1,6739,17
2025,13303015,3,6740,19
2025,13303016,1,6741,15
2025,13303016,3,6742,23
2025,13303019,1,6743,20
2025,13303019,2,6744,17
2025,13303019,3,6745,15
2025,13303019,4,6746,19
2025,13303031,1,6747,19
2025,13303031,2,6748,11
2025,13303031,3,6749,8
2025,13303031,4,6750,3
2025,13303032,0,6751,11
2025,13303032,11,6752,4
2025,13401001,1,6753,19
2025,13401001,2,6754,4
2025,13401001,3,6755,39
2025,13401001,4,6756,3
2025,13401001,9,6757,12
2025,13401002,2,6758,20
2025,13401002,3,6759,6
2025,13401002,4,6760,4
2025,13401003,1,6761,12
2025,13401003,2,6762,28
2025,13401003,3,6763,0
2025,13401003,4,6764,12
2025,13401004,1,6765,14
2025,13401004,2,6766,38
2025,13401004,3,6767,12
2025,13401004,4,6768,2
2025,13401004,9,6769,0
2025,13401006,1,6770,14
2025,13401006,2,6771,22
2025,13401006,3,6772,6
2025,13401006,4,6773,24
2025,13401010,8,6774,11
2025,13401011,8,6775,10
2025,13401020,0,6776,5
2025,13401020,9,6777,0
2025,13401021,1,6778,18
2025,13401021,2,6779,2
2025,13401021,3,6780,10
2025,13401021,4,6781,6
2025,13401021,9,6782,7
2025,13401026,1,6783,20
2025,13401026,2,6784,4
2025,13401026,3,6785,8
2025,13401026,4,6786,3
2025,13401026,9,6787,13
2025,13401027,1,6788,14
2025,13401027,2,6789,16
2025,13401027,9,6790,10
2025,13401029,1,6791,17
2025,13401029,2,6792,10
2025,13401029,3,6793,13
2025,13401029,4,6794,2
2025,13401033,1,6795,14
2025,13401033,2,6796,10
2025,13401033,3,6797,19
2025,13401033,4,6798,18
2025,13401034,1,6799,18
2025,13401034,2,6800,7
2025,13401034,3,6801,10
2025,13401034,4,6802,3
2025,13401035,1,6803,18
2025,13401035,2,6804,7
2025,13401035,3,6805,11
2025,13401035,4,6806,1
2025,13401036,1,6807,15
2025,13401036,2,6808,10
2025,13401036,3,6809,13
2025,13401036,4,6810,19
2025,13401037,2,6811,20
2025,13401037,3,6812,12
2025,13401037,4,6813,3
2025,13401038,1,6814,14
2025,13401038,2,6815,0
2025,13401038,3,6816,16
2025,13401038,4,6817,3
2025,13401039,1,6818,12
2025,13401039,2,6819,2
2025,13401039,3,6820,18
2025,13401039,4,6821,0
2025,13401041,1,6822,19
2025,13401041,2,6823,6
2025,13401041,3,6824,13
2025,13401041,4,6825,5
2025,13401042,1,6826,23
2025,13401042,2,6827,25
2025,13401042,3,6828,28
2025,13401042,4,6829,18
2025,13401043,0,6830,11
2025,13401043,3,6831,12
2025,13401043,4,6832,1
2025,13401045,1,6833,17
2025,13401045,2,6834,11
2025,13401045,3,6835,8
2025,13401045,4,6836,3
2025,13401047,1,6837,19
2025,13401047,2,6838,2
2025,13401047,3,6839,13
2025,13401047,4,6840,6
2025,13401050,0,6841,10
2025,13401050,1,6842,18
2025,13401050,2,6843,5
2025,13401050,3,6844,3
2025,13401050,4,6845,2
2025,13401050,11,6846,3
2025,13401051,0,6847,48
2025,13401051,3,6848,13
2025,13401051,4,6849,24
2025,13401052,1,6850,20
2025,13401052,2,6851,0
2025,13401052,3,6852,5
2025,13401052,4,6853,4
2025,13401053,1,6854,20
2025,13401053,2,6855,0
2025,13401053,3,6856,9
2025,13401053,4,6857,20
2025,13402001,0,6858,12
2025,13402001,2,6859,12
2025,13402001,3,6860,5
2025,13402001,4,6861,4
2025,13402004,8,6862,16
2025,13402005,8,6863,10
2025,13402024,1,6864,18
2025,13402024,2,6865,1
2025,13402024,9,6866,3
2025,13402025,2,6867,20
2025,13402025,9,6868,0
2025,13402032,0,6869,13
2025,13402032,11,6870,0
2025,13402033,0,6871,9
2025,13402033,11,6872,0
2025,13402034,1,6873,19
2025,13402034,2,6874,2
2025,13402034,3,6875,3
2025,13402034,4,6876,0
2025,13402035,0,6877,12
2025,13402035,11,6878,0
2025,13402036,0,6879,16
2025,13402036,11,6880,0
2025,13402037,0,6881,8
2025,13402037,1,6882,20
2025,13402037,2,6883,11
2025,13402037,3,6884,3
2025,13402037,4,6885,2
2025,13402037,11,6886,1
2025,13402038,0,6887,7
2025,13402038,11,6888,0
2025,13403005,0,6889,8
2025,13403005,9,6890,2
2025,13403006,2,6891,11
2025,13403007,2,6892,10
2025,13403007,9,6893,3
2025,13404001,8,6894,7
2025,13404003,8,6895,15
2025,13404013,3,6896,29
2025,13404013,4,6897,9
2025,13404014,2,6898,18
2025,13404014,3,6899,17
2025,13404014,4,6900,7
2025,13404017,1,6901,14
2025,13404017,2,6902,8
2025,13404017,3,6903,12
2025,13404017,4,6904,4
2025,13404018,2,6905,18
2025,13404018,9,6906,8
2025,13404019,1,6907,20
2025,13404019,2,6908,4
2025,13404019,3,6909,13
2025,13404019,4,6910,8
2025,13404020,2,6911,15
2025,13404024,1,6912,20
2025,13404024,2,6913,2
2025,13404024,3,6914,11
2025,13404024,4,6915,4
2025,13404026,1,6916,20
2025,13404026,2,6917,8
2025,13404026,3,6918,14
2025,13404026,4,6919,7
2025,13404027,1,6920,13
2025,13404027,2,6921,7
2025,13404027,3,6922,12
2025,13404027,4,6923,7
2025,13404028,1,6924,13
2025,13404028,2,6925,0
2025,13404028,9,6926,3
2025,13404029,8,6927,11
2025,13404039,1,6928,18
2025,13404039,2,6929,11
2025,13404039,3,6930,1
2025,13404039,4,6931,1
2025,13501006,0,6932,14
2025,13501006,3,6933,8
2025,13501006,4,6934,5
2025,13501006,9,6935,11
2025,13501008,8,6936,17
2025,13501026,3,6937,26
2025,13501026,9,6938,5
2025,13501029,0,6939,10
2025,13501029,9,6940,2
2025,13501033,1,6941,9
2025,13501033,2,6942,9
2025,13501033,9,6943,2
2025,13501034,0,6944,28
2025,13501034,3,6945,6
2025,13501034,4,6946,4
2025,13501034,9,6947,8
2025,13501035,0,6948,20
2025,13501035,3,6949,7
2025,13501035,4,6950,2
2025,13501039,1,6951,20
2025,13501039,2,6952,0
2025,13501039,3,6953,4
2025,13501039,4,6954,0
2025,13501040,0,6955,8
2025,13501040,3,6956,15
2025,13501040,4,6957,2
2025,13501041,0,6958,9
2025,13501041,9,6959,7
2025,13501048,0,6960,12
2025,13501048,11,6961,4
2025,13501049,0,6962,10
2025,13501049,11,6963,0
2025,13501056,0,6964,12
2025,13501056,9,6965,4
2025,13501057,0,6966,12
2025,13501057,3,6967,17
2025,13501057,4,6968,9
2025,13501058,0,6969,7
2025,13501058,9,6970,0
2025,13501059,0,6971,9
2025,13501059,9,6972,1
2025,13501061,0,6973,18
2025,13501061,3,6974,12
2025,13501061,4,6975,0
2025,13501061,9,6976,12
2025,13501065,0,6977,5
2025,13501065,11,6978,0
2025,13501066,1,6979,14
2025,13501066,2,6980,7
2025,13501066,11,6981,9
2025,13501069,8,6982,11
2025,13501073,3,6983,31
2025,13501073,4,6984,1
2025,13501084,8,6985,10
2025,13501086,0,6986,12
2025,13501086,11,6987,2
2025,13501087,0,6988,14
2025,13501087,11,6989,1
2025,13501088,1,6990,17
2025,13501088,2,6991,8
2025,13501088,3,6992,1
2025,13501088,4,6993,1
2025,13501089,0,6994,9
2025,13501089,11,6995,1
2025,13502005,0,6996,6
2025,13502005,9,6997,0
2025,13502006,0,6998,7
2025,13502006,9,6999,1
2025,13503001,8,7000,18
2025,13503005,1,7001,20
2025,13503005,2,7002,2
2025,13503005,3,7003,9
2025,13503005,4,7004,5
2025,13503008,0,7005,0
2025,13503008,1,7006,11
2025,13503008,2,7007,21
2025,13503008,3,7008,14
2025,13503008,4,7009,14
2025,13503008,9,7010,7
2025,13503009,1,7011,20
2025,13503009,2,7012,7
2025,13503009,3,7013,1
2025,13503009,4,7014,0
2025,13504003,2,7015,16
2025,13504003,9,7016,6
2025,13504004,0,7017,14
2025,13504004,9,7018,0
2025,13505008,0,7019,10
2025,13505008,9,7020,0
2025,13505009,0,7021,11
2025,13505009,5,7022,17
2025,13505009,11,7023,5
2025,13505012,8,7024,4
2025,13505013,8,7025,3
2025,13505014,8,7026,7
2025,13601001,0,7027,17
2025,13601001,3,7028,7
2025,13601001,11,7029,3
2025,13601003,8,7030,16
2025,13601008,0,7031,13
2025,13601008,3,7032,8
2025,13601008,4,7033,3
2025,13601009,0,7034,8
2025,13601009,9,7035,10
2025,13601010,1,7036,19
2025,13601010,2,7037,1
2025,13601010,3,7038,13
2025,13601010,4,7039,4
2025,13601011,1,7040,20
2025,13601011,2,7041,0
2025,13601011,3,7042,6
2025,13601011,4,7043,4
2025,13601012,1,7044,20
2025,13601012,2,7045,8
2025,13601012,3,7046,9
2025,13601012,4,7047,0
2025,13601013,1,7048,19
2025,13601013,2,7049,11
2025,13601013,3,7050,6
2025,13601013,4,7051,4
2025,13601013,9,7052,7
2025,13601014,3,7053,27
2025,13601014,4,7054,9
2025,13601015,0,7055,18
2025,13601015,11,7056,3
2025,13601016,1,7057,19
2025,13601016,2,7058,8
2025,13601016,3,7059,7
2025,13601016,4,7060,7
2025,13602014,0,7061,9
2025,13602014,9,7062,4
2025,13602015,0,7063,12
2025,13602016,1,7064,18
2025,13602016,2,7065,8
2025,13602016,3,7066,14
2025,13602016,4,7067,18
2025,13602017,0,7068,16
2025,13602017,9,7069,0
2025,13602018,2,7070,9
2025,13602018,9,7071,5
2025,13602019,0,7072,16
2025,13602019,2,7073,10
2025,13602019,3,7074,6
2025,13602019,4,7075,3
2025,13602021,0,7076,9
2025,13602021,11,7077,0
2025,13603006,0,7078,20
2025,13603006,2,7079,0
2025,13603006,3,7080,9
2025,13603006,4,7081,4
2025,13603006,11,7082,5
2025,13603007,1,7083,14
2025,13603007,2,7084,7
2025,13603007,3,7085,12
2025,13603007,4,7086,10
2025,13603008,0,7087,18
2025,13603008,3,7088,17
2025,13603008,4,7089,5
2025,13603010,1,7090,20
2025,13603010,2,7091,4
2025,13603010,3,7092,10
2025,13603010,4,7093,6
2025,13603010,9,7094,20
2025,13604008,1,7095,19
2025,13604008,2,7096,1
2025,13604008,3,7097,24
2025,13604008,4,7098,16
2025,13604008,9,7099,0
2025,13604009,2,7100,19
2025,13604009,3,7101,15
2025,13604009,4,7102,1
2025,13604013,1,7103,20
2025,13604013,2,7104,0
2025,13604013,3,7105,10
2025,13604013,4,7106,2
2025,13604037,1,7107,16
2025,13604037,2,7108,6
2025,13604037,3,7109,14
2025,13604037,4,7110,3
2025,13604037,9,7111,4
2025,13605011,1,7112,20
2025,13605011,2,7113,23
2025,13605011,3,7114,14
2025,13605011,4,7115,1
2025,13605011,11,7116,19
2025,13605016,2,7117,19
2025,13605016,3,7118,12
2025,13605016,4,7119,8
2025,13605018,2,7120,19
2025,13605018,3,7121,15
2025,13605018,9,7122,6
2025,13605021,1,7123,20
2025,13605021,2,7124,2
2025,13605021,3,7125,8
2025,13605021,4,7126,2
2025,13605022,1,7127,20
2025,13605022,2,7128,1
2025,13605022,3,7129,13
2025,13605022,4,7130,4
2025,13605023,0,7131,15
2025,13605023,9,7132,0
2025,13605025,1,7133,18
2025,13605025,2,7134,23
2025,13605025,3,7135,7
2025,13605025,4,7136,14
2025,14101001,1,7137,17
2025,14101001,2,7138,9
2025,14101001,3,7139,17
2025,14101001,4,7140,0
2025,14101001,11,7141,8
2025,14101002,0,7142,13
2025,14101002,1,7143,14
2025,14101002,2,7144,30
2025,14101002,3,7145,11
2025,14101002,4,7146,12
2025,14101007,8,7147,15
2025,14101011,8,7148,3
2025,14101013,0,7149,27
2025,14101013,3,7150,30
2025,14101013,4,7151,43
2025,14101015,0,7152,20
2025,14101015,2,7153,11
2025,14101015,11,7154,4
2025,14101016,1,7155,20
2025,14101016,2,7156,7
2025,14101016,11,7157,2
2025,14101017,1,7158,13
2025,14101017,2,7159,8
2025,14101017,3,7160,1
2025,14101017,4,7161,13
2025,14101018,0,7162,13
2025,14101018,11,7163,0
2025,14101019,1,7164,17
2025,14101019,2,7165,3
2025,14101019,11,7166,0
2025,14101021,1,7167,11
2025,14101021,2,7168,3
2025,14101021,11,7169,10
2025,14101022,0,7170,11
2025,14101022,11,7171,7
2025,14101023,1,7172,15
2025,14101023,2,7173,3
2025,14101023,11,7174,1
2025,14101025,11,7175,13
2025,14101026,0,7176,9
2025,14101026,11,7177,4
2025,14101027,1,7178,14
2025,14101027,2,7179,12
2025,14101027,11,7180,12
2025,14101028,3,7181,28
2025,14101028,4,7182,13
2025,14101029,0,7183,18
2025,14101030,0,7184,7
2025,14101031,0,7185,10
2025,14101031,3,7186,20
2025,14101031,4,7187,14
2025,14101032,0,7188,7
2025,14101032,11,7189,2
2025,14101033,1,7190,14
2025,14101033,2,7191,4
2025,14101033,3,7192,14
2025,14101033,11,7193,15
2025,14101034,8,7194,12
2025,14101035,0,7195,10
2025,14101035,11,7196,11
2025,14101036,0,7197,19
2025,14101036,9,7198,7
2025,14101037,0,7199,20
2025,14101037,1,7200,20
2025,14101037,2,7201,1
2025,14101037,3,7202,8
2025,14101037,4,7203,0
2025,14101037,11,7204,0
2025,14101038,0,7205,52
2025,14101038,11,7206,1
2025,14101039,0,7207,14
2025,14101039,9,7208,2
2025,14102003,0,7209,7
2025,14102003,11,7210,6
2025,14102004,0,7211,10
2025,14102004,11,7212,5
2025,14102005,8,7213,8
2025,14103002,0,7214,12
2025,14103002,3,7215,12
2025,14103002,4,7216,6
2025,14103002,9,7217,4
2025,14103003,0,7218,11
2025,14103003,11,7219,16
2025,14103005,9,7220,5
2025,14103007,8,7221,6
2025,14103053,11,7222,4
2025,14103056,8,7223,4
2025,14103057,0,7224,9
2025,14103057,11,7225,19
2025,14104003,0,7226,7
2025,14104003,11,7227,6
2025,14104004,0,7228,16
2025,14104004,11,7229,8
2025,14104005,0,7230,12
2025,14104005,11,7231,3
2025,14104006,0,7232,10
2025,14104006,9,7233,2
2025,14104007,9,7234,15
2025,14104009,8,7235,1
2025,14104010,1,7236,20
2025,14104010,2,7237,15
2025,14104010,3,7238,15
2025,14104010,4,7239,13
2025,14105001,0,7240,6
2025,14105001,3,7241,4
2025,14105001,4,7242,18
2025,14105010,11,7243,15
2025,14105011,8,7244,7
2025,14105016,0,7245,13
2025,14105016,11,7246,4
2025,14105017,0,7247,13
2025,14105017,11,7248,17
2025,14106001,0,7249,18
2025,14106001,11,7250,11
2025,14106003,0,7251,8
2025,14106003,9,7252,0
2025,14106005,0,7253,10
2025,14106005,11,7254,7
2025,14106006,1,7255,9
2025,14106006,2,7256,12
2025,14106006,11,7257,10
2025,14106007,0,7258,10
2025,14106007,11,7259,1
2025,14106008,8,7260,5
2025,14106010,0,7261,12
2025,14106010,11,7262,12
2025,14106011,0,7263,16
2025,14106011,11,7264,14
2025,14106012,0,7265,14
2025,14106012,11,7266,5
2025,14106013,0,7267,20
2025,14106013,11,7268,0
2025,14107002,0,7269,13
2025,14107002,11,7270,11
2025,14107003,0,7271,17
2025,14107003,11,7272,18
2025,14107008,0,7273,12
2025,14107008,11,7274,5
2025,14107011,1,7275,14
2025,14107011,2,7276,3
2025,14107011,3,7277,19
2025,14107011,4,7278,8
2025,14107012,0,7279,11
2025,14107012,11,7280,13
2025,14107013,0,7281,8
2025,14107013,3,7282,14
2025,14107013,4,7283,12
2025,14107017,8,7284,5
2025,14107020,8,7285,8
2025,14107026,0,7286,18
2025,14107026,3,7287,11
2025,14107026,4,7288,13
2025,14107027,8,7289,4
2025,14107029,0,7290,17
2025,14107029,11,7291,18
2025,14107030,0,7292,20
2025,14107030,11,7293,14
2025,14108002,8,7294,12
2025,14108011,1,7295,18
2025,14108011,2,7296,1
2025,14108011,11,7297,2
2025,14108012,0,7298,2
2025,14108012,1,7299,14
2025,14108012,2,7300,20
2025,14108012,3,7301,3
2025,14108012,11,7302,0
2025,14108013,1,7303,14
2025,14108013,2,7304,4
2025,14108013,11,7305,1
2025,14108014,11,7306,11
2025,14108015,0,7307,14
2025,14108015,11,7308,1
2025,14108016,11,7309,18
2025,14108017,0,7310,10
2025,14108017,9,7311,3
2025,14108018,0,7312,12
2025,14108018,4,7313,5
2025,14108019,8,7314,3
2025,14108021,0,7315,11
2025,14108021,11,7316,1
2025,14108022,8,7317,5
2025,14108023,8,7318,6
2025,14108024,8,7319,2
2025,14108025,8,7320,10
2025,14108027,8,7321,4
2025,14108028,0,7322,6
2025,14108028,11,7323,6
2025,14201003,0,7324,17
2025,14201003,11,7325,25
2025,14201004,0,7326,11
2025,14201004,11,7327,10
2025,14201007,0,7328,14
2025,14201007,11,7329,3
2025,14201008,1,7330,17
2025,14201008,2,7331,10
2025,14201008,3,7332,9
2025,14201008,4,7333,13
2025,14201009,0,7334,10
2025,14201009,11,7335,1
2025,14201010,0,7336,10
2025,14201010,11,7337,7
2025,14201011,8,7338,11
2025,14201013,0,7339,10
2025,14201013,9,7340,5
2025,14201014,0,7341,9
2025,14201014,11,7342,34
2025,14201015,0,7343,16
2025,14201015,11,7344,17
2025,14201016,0,7345,16
2025,14201016,11,7346,9
2025,14201017,0,7347,17
2025,14201017,9,7348,19
2025,14201018,0,7349,20
2025,14201018,11,7350,14
2025,14202003,0,7351,11
2025,14202003,11,7352,11
2025,14202004,0,7353,11
2025,14202004,11,7354,18
2025,14202006,0,7355,8
2025,14202006,11,7356,7
2025,14202007,8,7357,7
2025,14202008,0,7358,51
2025,14202008,11,7359,56
2025,14203001,8,7360,9
2025,14203002,8,7361,7
2025,14203003,8,7362,12
2025,14203004,0,7363,7
2025,14203004,11,7364,8
2025,14203005,0,7365,8
2025,14203005,11,7366,6
2025,14203007,0,7367,30
2025,14203007,3,7368,17
2025,14203007,4,7369,14
2025,14204003,1,7370,17
2025,14204003,2,7371,14
2025,14204003,11,7372,13
2025,14204004,0,7373,16
2025,14204004,11,7374,15
2025,14204011,1,7375,14
2025,14204011,2,7376,9
2025,14204011,11,7377,9
2025,14204012,0,7378,8
2025,14204012,11,7379,5
2025,14204020,8,7380,11
2025,14204021,11,7381,15
2025,14204025,8,7382,15
2025,14204027,8,7383,10
2025,14204028,0,7384,47
2025,14204028,11,7385,44
2025,14204030,8,7386,8
2025,14204031,0,7387,19
2025,14204031,11,7388,11
2025,15101001,1,7389,13
2025,15101001,2,7390,26
2025,15101001,3,7391,20
2025,15101001,9,7392,3
2025,15101001,11,7393,1
2025,15101002,0,7394,11
2025,15101002,1,7395,19
2025,15101002,2,7396,26
2025,15101002,3,7397,1
2025,15101002,9,7398,0
2025,15101003,3,7399,49
2025,15101003,4,7400,0
2025,15101003,9,7401,4
2025,15101004,0,7402,20
2025,15101004,2,7403,8
2025,15101004,11,7404,0
2025,15101005,0,7405,17
2025,15101005,2,7406,24
2025,15101005,3,7407,0
2025,15101005,9,7408,0
2025,15101005,11,7409,0
2025,15101006,1,7410,13
2025,15101006,2,7411,28
2025,15101006,3,7412,9
2025,15101006,9,7413,1
2025,15101006,11,7414,1
2025,15101007,0,7415,19
2025,15101007,2,7416,25
2025,15101007,3,7417,8
2025,15101007,4,7418,0
2025,15101008,1,7419,19
2025,15101008,2,7420,22
2025,15101008,3,7421,11
2025,15101008,9,7422,2
2025,15101009,7,7423,121
2025,15101009,8,7424,23
2025,15101010,0,7425,20
2025,15101010,2,7426,10
2025,15101010,3,7427,27
2025,15101010,4,7428,9
2025,15101011,1,7429,12
2025,15101011,2,7430,19
2025,15101011,9,7431,2
2025,15101012,1,7432,13
2025,15101012,2,7433,26
2025,15101012,3,7434,0
2025,15101012,4,7435,4
2025,15101012,9,7436,0
2025,15101014,0,7437,14
2025,15101014,2,7438,31
2025,15101014,3,7439,12
2025,15101014,4,7440,13
2025,15101015,1,7441,21
2025,15101015,2,7442,13
2025,15101015,3,7443,20
2025,15101015,4,7444,3
2025,15101017,0,7445,8
2025,15101017,9,7446,1
2025,15101019,1,7447,12
2025,15101019,2,7448,3
2025,15101025,1,7449,12
2025,15101025,2,7450,10
2025,15101025,11,7451,0
2025,15101026,1,7452,17
2025,15101026,2,7453,0
2025,15101026,9,7454,0
2025,15101027,1,7455,18
2025,15101027,2,7456,2
2025,15101027,9,7457,2
2025,15101028,1,7458,13
2025,15101028,2,7459,6
2025,15101028,3,7460,0
2025,15101029,0,7461,20
2025,15101029,2,7462,1
2025,15101029,9,7463,1
2025,15101030,0,7464,7
2025,15101030,1,7465,15
2025,15101030,2,7466,7
2025,15101030,3,7467,0
2025,15101030,9,7468,0
2025,15101031,1,7469,10
2025,15101031,2,7470,6
2025,15101031,9,7471,0
2025,15101034,0,7472,18
2025,15101034,2,7473,14
2025,15101034,9,7474,0
2025,15101035,1,7475,15
2025,15101035,2,7476,1
2025,15101035,9,7477,0
2025,15101036,1,7478,20
2025,15101036,2,7479,1
2025,15101036,3,7480,23
2025,15101036,9,7481,0
2025,15101038,7,7482,3
2025,15101038,8,7483,2
2025,15101039,8,7484,0
2025,15101040,8,7485,12
2025,15101041,8,7486,18
2025,15101044,8,7487,10
2025,15101046,7,7488,2
2025,15101046,8,7489,1
2025,15101050,9,7490,21
2025,15101051,0,7491,18
2025,15101051,3,7492,5
2025,15101051,9,7493,0
2025,15101052,0,7494,16
2025,15101052,9,7495,0
2025,15101053,7,7496,5
2025,15101053,8,7497,1
2025,15101054,0,7498,32
2025,15101054,1,7499,20
2025,15101054,2,7500,0
2025,15101054,3,7501,2
2025,15101054,9,7502,0
2025,15101055,0,7503,16
2025,15101055,3,7504,12
2025,15101055,9,7505,14
2025,15101059,0,7506,8
2025,15101059,9,7507,9
2025,15101060,7,7508,3
2025,15101060,8,7509,0
2025,15101061,0,7510,20
2025,15101061,1,7511,20
2025,15101061,2,7512,19
2025,15101061,3,7513,5
2025,15101061,9,7514,0
2025,15101062,0,7515,19
2025,15101062,2,7516,10
2025,15101062,3,7517,1
2025,15101062,9,7518,12
2025,15101063,1,7519,15
2025,15101063,2,7520,0
2025,15101063,9,7521,0
2025,15101064,0,7522,7
2025,15101064,9,7523,0
2025,15102001,8,7524,6
2025,15102002,8,7525,9
2025,15102003,8,7526,11
2025,15201001,8,7527,13
2025,15201002,8,7528,10
2025,15201003,8,7529,11
2025,16101001,0,7530,27
2025,16101001,11,7531,0
2025,16101002,0,7532,16
2025,16101002,1,7533,19
2025,16101002,3,7534,2
2025,16101002,4,7535,0
2025,16101003,1,7536,20
2025,16101003,2,7537,8
2025,16101003,3,7538,5
2025,16101003,4,7539,0
2025,16101004,1,7540,19
2025,16101004,2,7541,20
2025,16101004,3,7542,4
2025,16101004,4,7543,25
2025,16101005,8,7544,3
2025,16101006,8,7545,12
2025,16101007,7,7546,14
2025,16101007,8,7547,8
2025,16101008,8,7548,11
2025,16101010,0,7549,13
2025,16101011,0,7550,14
2025,16101012,0,7551,10
2025,16101012,11,7552,3
2025,16101013,0,7553,14
2025,16101014,0,7554,17
2025,16101014,3,7555,14
2025,16101014,4,7556,19
2025,16101015,0,7557,9
2025,16101015,11,7558,5
2025,16101016,0,7559,9
2025,16101016,11,7560,15
2025,16101017,0,7561,16
2025,16101017,11,7562,8
2025,16101018,1,7563,8
2025,16101018,2,7564,3
2025,16101018,11,7565,0
2025,16101020,1,7566,19
2025,16101020,2,7567,6
2025,16101020,3,7568,15
2025,16101020,4,7569,2
2025,16101021,0,7570,5
2025,16101021,11,7571,6
2025,16101022,0,7572,10
2025,16101022,11,7573,0
2025,16101023,0,7574,10
2025,16101023,11,7575,6
2025,16101024,1,7576,20
2025,16101024,2,7577,18
2025,16101024,3,7578,14
2025,16101024,4,7579,20
2025,16101025,1,7580,18
2025,16101025,2,7581,2
2025,16101025,3,7582,11
2025,16101025,4,7583,13
2025,16101026,0,7584,10
2025,16101026,11,7585,2
2025,16101027,1,7586,10
2025,16101027,2,7587,7
2025,16101027,11,7588,9
2025,16101028,1,7589,20
2025,16101028,2,7590,10
2025,16101028,3,7591,19
2025,16101028,4,7592,14
2025,16101029,0,7593,28
2025,16101029,11,7594,0
2025,16101030,0,7595,21
2025,16101030,11,7596,51
2025,16101031,1,7597,19
2025,16101031,2,7598,3
2025,16101031,3,7599,16
2025,16101031,4,7600,5
2025,16101032,0,7601,18
2025,16101032,2,7602,9
2025,16101032,3,7603,16
2025,16101032,11,7604,4
2025,16101033,1,7605,17
2025,16101033,2,7606,2
2025,16101033,3,7607,12
2025,16101033,4,7608,0
2025,16101034,0,7609,15
2025,16101034,11,7610,2
2025,16101036,0,7611,7
2025,16101036,11,7612,0
2025,16101037,0,7613,14
2025,16101037,11,7614,2
2025,16101039,1,7615,20
2025,16101039,2,7616,7
2025,16101039,3,7617,0
2025,16101039,4,7618,1
2025,16101040,0,7619,30
2025,16101040,11,7620,14
2025,16101041,0,7621,11
2025,16101041,11,7622,0
2025,16102002,0,7623,10
2025,16102003,0,7624,16
2025,16102003,11,7625,14
2025,16102004,0,7626,15
2025,16102005,0,7627,18
2025,16102005,11,7628,20
2025,16102006,1,7629,12
2025,16102006,2,7630,3
2025,16102006,11,7631,2
2025,16102007,7,7632,15
2025,16102007,8,7633,2
2025,16102008,0,7634,18
2025,16102008,11,7635,17
2025,16102010,0,7636,18
2025,16102010,11,7637,15
2025,16102011,0,7638,25
2025,16102011,11,7639,6
2025,16103001,1,7640,14
2025,16103001,2,7641,8
2025,16103001,3,7642,7
2025,16103001,4,7643,0
2025,16103002,1,7644,20
2025,16103002,2,7645,20
2025,16103002,3,7646,29
2025,16103002,4,7647,14
2025,16103003,0,7648,13
2025,16103003,11,7649,1
2025,16103004,0,7650,15
2025,16103005,0,7651,10
2025,16103005,11,7652,1
2025,16103006,0,7653,14
2025,16103006,11,7654,0
2025,16103007,1,7655,6
2025,16103007,2,7656,3
2025,16103007,3,7657,2
2025,16103007,4,7658,30
2025,16103008,1,7659,17
2025,16103008,2,7660,32
2025,16103008,3,7661,3
2025,16103008,4,7662,6
2025,16103008,11,7663,19
2025,16104001,0,7664,11
2025,16104002,0,7665,16
2025,16104002,11,7666,4
2025,16104003,0,7667,13
2025,16104004,11,7668,9
2025,16104005,8,7669,8
2025,16104006,11,7670,0
2025,16104007,8,7671,8
2025,16105001,11,7672,22
2025,16105002,0,7673,12
2025,16105012,8,7674,0
2025,16105013,8,7675,4
2025,16105014,8,7676,8
2025,16106001,0,7677,9
2025,16106001,11,7678,8
2025,16106002,0,7679,15
2025,16106003,8,7680,5
2025,16107001,8,7681,12
2025,16107002,0,7682,15
2025,16107002,11,7683,2
2025,16107003,1,7684,9
2025,16107003,2,7685,1
2025,16107003,11,7686,0
2025,16107004,0,7687,6
2025,16107004,11,7688,0
2025,16108001,8,7689,6
2025,16108002,8,7690,9
2025,16108003,0,7691,14
2025,16108003,11,7692,4
2025,16108005,0,7693,14
2025,16108005,11,7694,1
2025,16109001,0,7695,10
2025,16109001,11,7696,4
2025,16109002,11,7697,8
2025,16109003,0,7698,17
2025,16109003,11,7699,9
2025,16109004,0,7700,7
2025,16109004,11,7701,3
2025,16109005,0,7702,16
2025,16109005,3,7703,11
2025,16109005,4,7704,9
2025,16201001,1,7705,12
2025,16201001,2,7706,8
2025,16201001,11,7707,4
2025,16201002,1,7708,0
2025,16201002,2,7709,0
2025,16201002,11,7710,0
2025,16202001,0,7711,8
2025,16202001,11,7712,5
2025,16203001,8,7713,8
2025,16203002,8,7714,5
2025,16204001,0,7715,9
2025,16205001,0,7716,11
2025,16205001,11,7717,15
2025,16205002,0,7718,3
2025,16205002,11,7719,0
2025,16206001,8,7720,5
2025,16206002,0,7721,10
2025,16206003,8,7722,4
2025,16206004,8,7723,8
2025,16207001,0,7724,7
2025,16207001,11,7725,9
2025,16207002,0,7726,10
2025,16207002,11,7727,20
2025,16207003,8,7728,8
2025,16301001,0,7729,18
2025,16301001,11,7730,43
2025,16301002,0,7731,2
2025,16301003,0,7732,14
2025,16301004,0,7733,16
2025,16301004,11,7734,9
2025,16301005,0,7735,7
2025,16301006,0,7736,35
2025,16301006,11,7737,2
2025,16301007,0,7738,12
2025,16301007,11,7739,19
2025,16301008,0,7740,11
2025,16301008,11,7741,8
2025,16301009,0,7742,7
2025,16301009,11,7743,6
2025,16301010,8,7744,5
2025,16301011,8,7745,3
2025,16301012,0,7746,24
2025,16301012,11,7747,2
2025,16301013,0,7748,27
2025,16301013,11,7749,8
2025,16301015,8,7750,6
2025,16302001,0,7751,23
2025,16302001,11,7752,20
2025,16302002,0,7753,9
2025,16302002,11,7754,2
2025,16302003,0,7755,14
2025,16302004,0,7756,13
2025,16302005,0,7757,14
2025,16302005,11,7758,0
2025,16303001,0,7759,11
2025,16303002,0,7760,9
2025,16303002,11,7761,1
2025,16303003,0,7762,11
2025,16303004,0,7763,9
2025,16303004,11,7764,4
2025,16303005,0,7765,9
2025,16303005,11,7766,5
2025,16304001,0,7767,13
2025,16304001,11,7768,9
2025,16304002,8,7769,8
2025,16304005,8,7770,1
2025,16305001,0,7771,16
2025,16305001,11,7772,0
2025,16305002,0,7773,12
2025,16305002,11,7774,2
2025,16305007,8,7775,4
2025,16305008,8,7776,6
2025,16305009,8,7777,5
2025,16305010,8,7778,8
